aa_seq,family,med_norm.ppi,side.ppi,med_norm.avail,side.avail,stop,PBD,rel_PWM_score,sticky,sticky2022,sticky_IDP,Cornette,med_ddG,reference_seq
*GRFWFSDWL,363,"4,79340885361018e-01",weaker,"9,20557800464333e-01",stronger,TRUE,363,NA,"0,00000000000000000","0,00000000000000000","0,000000","0,00000000000000e+00",NA,FALSE
*KVRVFLGWF,366,"2,18381454170302e-01",no significant difference,"7,64723342601232e-01",stronger,TRUE,366,NA,"0,00000000000000000","0,00000000000000000","0,000000","0,00000000000000e+00",NA,FALSE
*RRLHESPWL,385,"4,19029509650608e-01",no significant difference,"9,37997386501699e-01",stronger,TRUE,385,NA,"0,00000000000000000","0,00000000000000000","0,000000","0,00000000000000e+00",NA,FALSE
AGRFWFSDWL,363,"8,42844139853619e-01",no significant difference,"4,21102108518604e-01",no significant difference,FALSE,363,"0,959454914397863","4,17479999999999940","8,29199038000000144","6,409459","1,45000000000000e+01","-0,00170",FALSE
AKVRVFLGWF,366,"5,24163103932188e-01",no significant difference,"-1,56556718985787e-01",no significant difference,FALSE,366,"0,978153668447482","4,33239999999999981","7,73165747000000003","5,605057","2,34000000000000e+01","-0,10870",FALSE
ARRLHESPWL,385,"7,91737258171871e-01",no significant difference,"6,44386397088923e-01",stronger,FALSE,385,"0,979302180961216","1,73989999999999978","3,13262240000000025","4,862827","1,14000000000000e+01","0,49122",FALSE
CGRFWFSDWL,363,"8,27364383072044e-01",no significant difference,"3,97953371719228e-01",no significant difference,FALSE,363,"0,954386786178125","5,20579999999999998","9,72934272000000000","6,720220","1,84000000000000e+01","-0,00330",FALSE
CKVRVFLGWF,366,"5,22730913527319e-01",no significant difference,"-1,91087388454983e-01",no significant difference,FALSE,366,"0,972692087701267","5,36339999999999950","9,16900981000000037","5,915818","2,73000000000000e+01","-0,02996",FALSE
CRRLHESPWL,385,"8,14870870479741e-01",no significant difference,"5,86234287471805e-01",no significant difference,FALSE,385,"0,975852545960096","2,77089999999999970","4,56997474000000015","5,173588","1,53000000000000e+01","0,47350",FALSE
DGRFWFSDWL,363,"8,89055016476195e-01",no significant difference,"4,50674133415078e-01",no significant difference,FALSE,363,"0,959454914397863","3,42009999999999970","7,32814438000000035","6,181481","1,12000000000000e+01","0,20672",FALSE
DK*LPP*P,152,"1,49348861185629e-01",weaker,"7,18125334245611e-01",no significant difference,TRUE,152,NA,"-1,92910000000000004","-1,95650130000000000","0,165162","-6,20000000000000e+00",NA,FALSE
DK*LPPAP,152,"2,59357838443367e-01",weaker,"7,44352221461663e-01",stronger,TRUE,152,NA,"-1,92910000000000004","-1,95650130000000000","0,165162","-6,20000000000000e+00",NA,FALSE
DK*LPPCP,152,"7,59894398953831e-02",weaker,"7,82677293801041e-01",stronger,TRUE,152,NA,"-1,92910000000000004","-1,95650130000000000","0,165162","-6,20000000000000e+00",NA,FALSE
DK*LPPDP,152,"-1,79823549574687e-03",weaker,"6,97269931850548e-01",no significant difference,TRUE,152,NA,"-1,92910000000000004","-1,95650130000000000","0,165162","-6,20000000000000e+00",NA,FALSE
DK*LPPEP,152,"2,68219187833838e-01",weaker,"8,55835236375205e-01",stronger,TRUE,152,NA,"-1,92910000000000004","-1,95650130000000000","0,165162","-6,20000000000000e+00",NA,FALSE
DK*LPPFP,152,"1,60978400878886e-01",weaker,"7,69488173261043e-01",stronger,TRUE,152,NA,"-1,92910000000000004","-1,95650130000000000","0,165162","-6,20000000000000e+00",NA,FALSE
DK*LPPGP,152,"1,60201925649306e-01",weaker,"8,17680821001467e-01",stronger,TRUE,152,NA,"-1,92910000000000004","-1,95650130000000000","0,165162","-6,20000000000000e+00",NA,FALSE
DK*LPPIP,152,"3,06896374969759e-01",weaker,"6,96873309048405e-01",no significant difference,TRUE,152,NA,"-1,92910000000000004","-1,95650130000000000","0,165162","-6,20000000000000e+00",NA,FALSE
DK*LPPKP,152,"1,63354680620848e-01",weaker,"8,72442348784251e-01",stronger,TRUE,152,NA,"-1,92910000000000004","-1,95650130000000000","0,165162","-6,20000000000000e+00",NA,FALSE
DK*LPPLP,152,"1,30370432865738e-01",weaker,"7,31311690673778e-01",no significant difference,TRUE,152,NA,"-1,92910000000000004","-1,95650130000000000","0,165162","-6,20000000000000e+00",NA,FALSE
DK*LPPMP,152,"1,92665286648137e-01",weaker,"7,77869311675366e-01",no significant difference,TRUE,152,NA,"-1,92910000000000004","-1,95650130000000000","0,165162","-6,20000000000000e+00",NA,FALSE
DK*LPPNP,152,"2,40256573691216e-01",weaker,"7,86331347783800e-01",stronger,TRUE,152,NA,"-1,92910000000000004","-1,95650130000000000","0,165162","-6,20000000000000e+00",NA,FALSE
DK*LPPQP,152,"4,40626013691154e-01",weaker,"7,92791177367874e-01",no significant difference,TRUE,152,NA,"-1,92910000000000004","-1,95650130000000000","0,165162","-6,20000000000000e+00",NA,FALSE
DK*LPPRP,152,"1,73138225225919e-01",weaker,"8,34335307935189e-01",stronger,TRUE,152,NA,"-1,92910000000000004","-1,95650130000000000","0,165162","-6,20000000000000e+00",NA,FALSE
DK*LPPSP,152,"1,38163137155661e-01",weaker,"7,91900278588569e-01",stronger,TRUE,152,NA,"-1,92910000000000004","-1,95650130000000000","0,165162","-6,20000000000000e+00",NA,FALSE
DK*LPPTP,152,"1,46509295400654e-01",weaker,"8,51132101808972e-01",stronger,TRUE,152,NA,"-1,92910000000000004","-1,95650130000000000","0,165162","-6,20000000000000e+00",NA,FALSE
DK*LPPVP,152,"2,01461523509477e-02",weaker,"8,20149298711572e-01",stronger,TRUE,152,NA,"-1,92910000000000004","-1,95650130000000000","0,165162","-6,20000000000000e+00",NA,FALSE
DK*LPPWP,152,"1,76956453397868e-01",weaker,"8,66313347148628e-01",stronger,TRUE,152,NA,"-1,92910000000000004","-1,95650130000000000","0,165162","-6,20000000000000e+00",NA,FALSE
DK*LPPYP,152,"2,98067415790356e-01",weaker,"7,20145081868638e-01",stronger,TRUE,152,NA,"-1,92910000000000004","-1,95650130000000000","0,165162","-6,20000000000000e+00",NA,FALSE
DKALPP*P,152,"1,99679499011097e-01",weaker,"7,91756419961804e-01",no significant difference,TRUE,152,NA,"-1,36890000000000023","-0,98153048999999992","1,562054","-4,70000000000000e+00",NA,FALSE
DKALPPAP,152,"3,71166695412292e-01",weaker,"7,99705234195788e-01",stronger,FALSE,152,"0,762208518053254","-1,54260000000000019","-0,89557878999999985","2,095893","-6,70000000000000e+00",NA,FALSE
DKALPPCP,152,"3,98205295991028e-01",weaker,"7,32005100289445e-01",no significant difference,FALSE,152,"0,762208518053254","-0,51160000000000039","0,54177355000000027","2,406654","-2,80000000000000e+00",NA,FALSE
DKALPPDP,152,"3,29352950617631e-01",weaker,"7,96912566327755e-01",stronger,FALSE,152,"0,762208518053254","-2,29730000000000034","-1,85942478999999983","1,867915","-1,00000000000000e+01",NA,FALSE
DKALPPEP,152,"4,05627839726088e-01",weaker,"8,66884153245180e-01",stronger,FALSE,152,"0,762208518053254","-2,33810000000000029","-2,08800598999999965","1,851803","-8,70000000000000e+00",NA,FALSE
DKALPPFP,152,"3,76824092071369e-01",weaker,"6,95922247060038e-01",no significant difference,FALSE,152,"0,762208518053254","-0,27610000000000035","0,52791691000000029","2,733872","-2,50000000000000e+00",NA,FALSE
DKALPPGP,152,"2,20314201118199e-01",weaker,"8,44476904549455e-01",stronger,FALSE,152,"0,762208518053254","-1,72590000000000021","-0,60252545999999985","2,643885","-6,90000000000000e+00",NA,FALSE
DKALPPHP,152,"2,68412406735359e-01",weaker,"7,94890577580856e-01",stronger,FALSE,152,"0,762208518053254","-1,42840000000000034","-0,94404077999999991","2,338715","-6,40000000000000e+00",NA,FALSE
DKALPPIP,152,"5,70022932379774e-01",weaker,"7,25365532281112e-01",no significant difference,FALSE,152,"0,775593557442583","-0,43790000000000029","0,02484714000000005","2,382403","-2,10000000000000e+00",NA,FALSE
DKALPPKP,152,"3,77529180620283e-01",weaker,"9,21496362933443e-01",stronger,FALSE,152,"0,762208518053254","-2,72940000000000049","-2,41571289000000000","1,999013","-1,00000000000000e+01",NA,FALSE
DKALPPLP,152,"6,28812938386224e-01",weaker,"7,30280106442439e-01",stronger,FALSE,152,"0,902751426923321","-0,63500000000000034","-0,09251137999999975","2,425107","-1,20000000000000e+00",NA,FALSE
DKALPPMP,152,"3,83566655703643e-01",weaker,"6,94747217097071e-01",no significant difference,FALSE,152,"0,762208518053254","-0,53640000000000032","-0,41442824999999989","2,356986","-2,70000000000000e+00",NA,FALSE
DKALPPPP,152,"4,97827767652298e-01",weaker,"7,88557769191647e-01",stronger,FALSE,152,"0,766670197849697","-1,72870000000000013","-1,33710588999999991","2,139712","-9,10000000000000e+00",NA,FALSE
DKALPPQP,152,"4,50553047360312e-01",weaker,"8,70691528474805e-01",stronger,FALSE,152,"0,762208518053254","-1,96020000000000016","-1,45437258999999974","2,226532","-9,70000000000000e+00",NA,FALSE
DKALPPRP,152,"4,28445101038499e-01",weaker,"8,67976243667154e-01",stronger,FALSE,152,"0,762208518053254","-1,63640000000000030","-1,24861308999999987","2,519682","-5,50000000000000e+00",NA,FALSE
DKALPPSP,152,"3,71664712197396e-01",weaker,"8,71355283435998e-01",stronger,FALSE,152,"0,762208518053254","-1,41120000000000023","-1,36878638999999991","2,213849","-7,40000000000000e+00",NA,FALSE
DKALPPTP,152,"5,40975926798594e-01",weaker,"8,79548650098335e-01",stronger,FALSE,152,"0,766670197849697","-1,44570000000000021","-1,10165139999999995","2,184718","-8,80000000000000e+00",NA,FALSE
DKALPPVP,152,"5,13790837212598e-01",weaker,"7,25457796518224e-01",stronger,FALSE,152,"0,775593557442583","-0,78890000000000027","-0,25881195999999990","2,060228","-2,20000000000000e+00",NA,FALSE
DKALPPWP,152,"3,39205859842965e-01",weaker,"7,18487631655347e-01",no significant difference,FALSE,152,"0,762208518053254","-0,75630000000000031","0,85520728000000035","2,842107","-5,90000000000000e+00",NA,FALSE
DKALPPYP,152,"2,30306205183761e-01",weaker,"6,96664408706016e-01",no significant difference,FALSE,152,"0,762208518053254","-0,66820000000000024","0,54218450000000029","2,790772","-3,70000000000000e+00",NA,FALSE
DKCLPP*P,152,"-4,04032924354009e-02",weaker,"8,05127274163911e-01",stronger,TRUE,152,NA,"-0,33790000000000031","0,45582185000000019","1,872815","-8,00000000000001e-01",NA,FALSE
DKCLPPAP,152,"2,61839571281783e-01",weaker,"8,17322729741287e-01",stronger,FALSE,152,"0,757980317172577","-0,51160000000000039","0,54177355000000027","2,406654","-2,80000000000000e+00",NA,FALSE
DKCLPPCP,152,"2,77749012753576e-01",weaker,"6,21503131425877e-01",no significant difference,FALSE,152,"0,757980317172577","0,51939999999999953","1,97912589000000017","2,717415","1,10000000000000e+00",NA,FALSE
DKCLPPDP,152,"3,25881225802888e-01",weaker,"7,92150276732650e-01",no significant difference,FALSE,152,"0,757980317172577","-1,26630000000000043","-0,42207244999999982","2,178676","-6,10000000000000e+00",NA,FALSE
DKCLPPEP,152,"3,61853202920841e-01",weaker,"8,13900232964508e-01",stronger,FALSE,152,"0,757980317172577","-1,30710000000000037","-0,65065364999999975","2,162564","-4,80000000000000e+00",NA,FALSE
DKCLPPFP,152,"2,09540940125829e-01",weaker,"7,06197040852495e-01",no significant difference,FALSE,152,"0,757980317172577","0,75489999999999957","1,96526925000000041","3,044633","1,40000000000000e+00",NA,FALSE
DKCLPPGP,152,"2,29524965790461e-01",weaker,"8,75667912066802e-01",stronger,FALSE,152,"0,757980317172577","-0,69490000000000041","0,83482688000000016","2,954646","-3,00000000000000e+00",NA,FALSE
DKCLPPHP,152,"8,65973434498037e-02",weaker,"7,58193476410912e-01",no significant difference,FALSE,152,"0,757980317172577","-0,39740000000000036","0,49331156000000020","2,649476","-2,50000000000000e+00",NA,FALSE
DKCLPPIP,152,"5,53748613714759e-01",weaker,"7,26473193465260e-01",no significant difference,FALSE,152,"0,771365356561906","0,59309999999999963","1,46219948000000022","2,693164","1,80000000000000e+00",NA,FALSE
DKCLPPKP,152,"2,46346751747340e-01",weaker,"8,72181941871985e-01",stronger,FALSE,152,"0,757980317172577","-1,69840000000000035","-0,97836054999999977","2,309774","-6,10000000000000e+00",NA,FALSE
DKCLPPLP,152,"4,59526420851384e-01",weaker,"7,30409711462217e-01",no significant difference,FALSE,152,"0,898523226042644","0,39599999999999957","1,34484096000000042","2,735868","2,70000000000000e+00",NA,FALSE
DKCLPPMP,152,"2,96180948398106e-01",weaker,"7,73770527843607e-01",no significant difference,FALSE,152,"0,757980317172577","0,49459999999999960","1,02292409000000006","2,667747","1,20000000000000e+00",NA,FALSE
DKCLPPQP,152,"2,74713124898040e-01",weaker,"8,79527048578813e-01",no significant difference,FALSE,152,"0,757980317172577","-0,92920000000000036","-0,01702024999999979","2,537293","-5,80000000000000e+00",NA,FALSE
DKCLPPRP,152,"3,67921378924866e-01",weaker,"8,10980511087549e-01",stronger,FALSE,152,"0,757980317172577","-0,60540000000000038","0,18873925000000019","2,830443","-1,60000000000000e+00",NA,FALSE
DKCLPPSP,152,"2,65386543499213e-01",weaker,"8,09828244068388e-01",stronger,FALSE,152,"0,757980317172577","-0,38020000000000037","0,06856595000000021","2,524610","-3,50000000000000e+00",NA,FALSE
DKCLPPTP,152,"4,44035233111517e-01",weaker,"8,02570393991569e-01",stronger,FALSE,152,"0,762441996969020","-0,41470000000000040","0,33570094000000023","2,495479","-4,90000000000000e+00",NA,FALSE
DKCLPPVP,152,"4,02724658136591e-01",weaker,"7,14894777533269e-01",no significant difference,FALSE,152,"0,771365356561906","0,24209999999999965","1,17854038000000028","2,370989","1,70000000000000e+00",NA,FALSE
DKCLPPWP,152,"1,80943121592241e-01",weaker,"6,64031904528687e-01",no significant difference,FALSE,152,"0,757980317172577","0,27469999999999961","2,29255962000000046","3,152868","-2,00000000000000e+00",NA,FALSE
DKCLPPYP,152,"1,76818600243717e-01",weaker,"7,59355454011319e-01",stronger,FALSE,152,"0,757980317172577","0,36279999999999968","1,97953684000000019","3,101533","1,99999999999999e-01",NA,FALSE
DKDLPP*P,152,"7,69053666589374e-02",weaker,"7,59299879586908e-01",stronger,TRUE,152,NA,"-2,12360000000000015","-1,94537648999999990","1,334076","-8,00000000000000e+00",NA,FALSE
DKDLPPAP,152,"3,78786332108506e-01",weaker,"7,82419121815752e-01",stronger,FALSE,152,"0,777007216417735","-2,29730000000000034","-1,85942478999999983","1,867915","-1,00000000000000e+01",NA,FALSE
DKDLPPCP,152,"4,00465448199339e-01",weaker,"9,39748202357131e-01",stronger,FALSE,152,"0,777007216417735","-1,26630000000000043","-0,42207244999999982","2,178676","-6,10000000000000e+00",NA,FALSE
DKDLPPDP,152,"2,83695086612251e-01",weaker,"7,96856480294290e-01",stronger,FALSE,152,"0,777007216417735","-3,05200000000000049","-2,82327079000000003","1,639937","-1,33000000000000e+01",NA,FALSE
DKDLPPEP,152,"3,99440977026469e-01",weaker,"7,66768534494482e-01",no significant difference,FALSE,152,"0,777007216417735","-3,09280000000000044","-3,05185198999999985","1,623825","-1,20000000000000e+01",NA,FALSE
DKDLPPFP,152,"3,58777933388029e-01",weaker,"7,11719501483002e-01",no significant difference,FALSE,152,"0,777007216417735","-1,03080000000000038","-0,43592908999999980","2,505894","-5,80000000000000e+00",NA,FALSE
DKDLPPGP,152,"2,22194915719145e-01",weaker,"8,86633152551584e-01",stronger,FALSE,152,"0,777007216417735","-2,48060000000000036","-1,56637146000000005","2,415907","-1,02000000000000e+01",NA,FALSE
DKDLPPIP,152,"6,13858487546338e-01",weaker,"7,84125635552816e-01",stronger,FALSE,152,"0,790392255807064","-1,19260000000000033","-0,93899885999999999","2,154425","-5,40000000000000e+00",NA,FALSE
DKDLPPKP,152,"2,22340496256535e-01",weaker,"9,11889867214975e-01",stronger,FALSE,152,"0,777007216417735","-3,48410000000000064","-3,37955888999999976","1,771035","-1,33000000000000e+01",NA,FALSE
DKDLPPLP,152,"5,93912013412571e-01",weaker,"7,48309490527158e-01",stronger,FALSE,152,"0,917550125287802","-1,38970000000000038","-1,05635737999999968","2,197129","-4,50000000000000e+00",NA,FALSE
DKDLPPMP,152,"4,13600285310398e-01",weaker,"7,46363324516592e-01",no significant difference,FALSE,152,"0,777007216417735","-1,29110000000000036","-1,37827425000000003","2,129008","-6,00000000000000e+00",NA,FALSE
DKDLPPNP,152,"2,83695086612251e-01",weaker,"7,33627200856977e-01",no significant difference,FALSE,152,"0,777007216417735","-2,57280000000000042","-2,48013569000000000","2,041890","-1,07000000000000e+01",NA,FALSE
DKDLPPQP,152,"2,21266521171578e-01",weaker,"7,35264465726499e-01",stronger,FALSE,152,"0,777007216417735","-2,71490000000000009","-2,41821858999999995","1,998554","-1,30000000000000e+01",NA,FALSE
DKDLPPRP,152,"4,08481121623191e-01",weaker,"7,86375680190976e-01",stronger,FALSE,152,"0,777007216417735","-2,39110000000000023","-2,21245908999999985","2,291704","-8,80000000000000e+00",NA,FALSE
DKDLPPSP,152,"2,79223375771761e-01",weaker,"8,74732814522614e-01",stronger,FALSE,152,"0,777007216417735","-2,16590000000000016","-2,33263238999999967","1,985871","-1,07000000000000e+01",NA,FALSE
DKDLPPTP,152,"4,52837701810052e-01",weaker,"7,42684746182478e-01",no significant difference,FALSE,152,"0,781468896214178","-2,20040000000000013","-2,06549739999999993","1,956740","-1,21000000000000e+01",NA,FALSE
DKDLPPVP,152,"4,67496938667954e-01",weaker,"8,39996927786244e-01",stronger,FALSE,152,"0,790392255807064","-1,54360000000000031","-1,22265795999999982","1,832250","-5,50000000000000e+00",NA,FALSE
DKDLPPWP,152,"2,98797045658429e-01",weaker,"7,26365482276302e-01",no significant difference,FALSE,152,"0,777007216417735","-1,51100000000000034","-0,10863871999999974","2,614129","-9,20000000000000e+00",NA,FALSE
DKDLPPYP,152,"2,94410005428019e-01",weaker,"7,21629279079784e-01",no significant difference,FALSE,152,"0,777007216417735","-1,42290000000000028","-0,42166149999999980","2,562794","-7,00000000000000e+00",NA,FALSE
DKELPP*P,152,"2,41543622398222e-01",weaker,"7,22251281502968e-01",no significant difference,TRUE,152,NA,"-2,16440000000000010","-2,17395768999999994","1,317964","-6,70000000000000e+00",NA,FALSE
DKELPPAP,152,"4,28943585274540e-01",weaker,"8,90948168988779e-01",stronger,FALSE,152,"0,774893111259507","-2,33810000000000029","-2,08800598999999965","1,851803","-8,70000000000000e+00",NA,FALSE
DKELPPCP,152,"4,17434179334848e-01",weaker,"7,48802113822839e-01",no significant difference,FALSE,152,"0,774893111259507","-1,30710000000000037","-0,65065364999999975","2,162564","-4,80000000000000e+00",NA,FALSE
DKELPPDP,152,"2,67306098828561e-01",weaker,"8,09405261656580e-01",no significant difference,FALSE,152,"0,774893111259507","-3,09280000000000044","-3,05185198999999985","1,623825","-1,20000000000000e+01",NA,FALSE
DKELPPEP,152,"3,20014129956545e-01",weaker,"8,25333702637683e-01",stronger,FALSE,152,"0,774893111259507","-3,13360000000000039","-3,28043318999999967","1,607713","-1,07000000000000e+01",NA,FALSE
DKELPPFP,152,"2,41543622398222e-01",weaker,"7,90254186397521e-01",stronger,FALSE,152,"0,774893111259507","-1,07160000000000033","-0,66451028999999973","2,489782","-4,50000000000000e+00",NA,FALSE
DKELPPGP,152,"2,33919047567056e-01",weaker,"8,47014494688440e-01",stronger,FALSE,152,"0,774893111259507","-2,52140000000000031","-1,79495265999999987","2,399795","-8,90000000000000e+00",NA,FALSE
DKELPPHP,152,"2,49610152036674e-01",weaker,"8,96018204452580e-01",no significant difference,FALSE,152,"0,774893111259507","-2,22390000000000043","-2,13646797999999993","2,094625","-8,40000000000000e+00",NA,FALSE
DKELPPIP,152,"6,06549617088496e-01",weaker,"7,05204136119452e-01",no significant difference,FALSE,152,"0,788278150648836","-1,23340000000000027","-1,16758005999999992","2,138313","-4,10000000000000e+00",NA,FALSE
DKELPPKP,152,"4,30394588311940e-01",weaker,"8,57253115393785e-01",stronger,FALSE,152,"0,774893111259507","-3,52490000000000059","-3,60814009000000002","1,754923","-1,20000000000000e+01",NA,FALSE
DKELPPLP,152,"6,58027612955641e-01",weaker,"7,41265644592972e-01",stronger,FALSE,152,"0,915436020129574","-1,43050000000000033","-1,28493857999999972","2,181017","-3,20000000000000e+00",NA,FALSE
DKELPPMP,152,"3,77676583294114e-01",weaker,"8,07875311153001e-01",stronger,FALSE,152,"0,774893111259507","-1,33190000000000031","-1,60685544999999985","2,112896","-4,70000000000000e+00",NA,FALSE
DKELPPNP,152,"3,51507206795723e-01",no significant difference,"7,96134787522553e-01",stronger,FALSE,152,"0,774893111259507","-2,61360000000000037","-2,70871688999999982","2,025778","-9,40000000000000e+00",NA,FALSE
DKELPPPP,152,"3,17097523583924e-01",no significant difference,"5,68763375133238e-01",no significant difference,FALSE,152,"0,779354791055950","-2,52420000000000044","-2,52953308999999971","1,895622","-1,11000000000000e+01",NA,FALSE
DKELPPQP,152,"3,85987668597661e-01",weaker,"6,97305687416455e-01",no significant difference,FALSE,152,"0,774893111259507","-2,75570000000000004","-2,64679978999999976","1,982442","-1,17000000000000e+01",NA,FALSE
DKELPPRP,152,"3,92858055963147e-01",weaker,"8,03421883928242e-01",stronger,FALSE,152,"0,774893111259507","-2,43190000000000017","-2,44104028999999967","2,275592","-7,50000000000000e+00",NA,FALSE
DKELPPSP,152,"3,44963763222058e-01",weaker,"7,99244083564512e-01",stronger,FALSE,152,"0,774893111259507","-2,20670000000000011","-2,56121358999999993","1,969759","-9,40000000000000e+00",NA,FALSE
DKELPPTP,152,"5,10506868614948e-01",weaker,"8,49065867323039e-01",stronger,FALSE,152,"0,779354791055950","-2,24120000000000008","-2,29407859999999975","1,940628","-1,08000000000000e+01",NA,FALSE
DKELPPVP,152,"5,29603982376540e-01",weaker,"7,85955227018535e-01",stronger,FALSE,152,"0,788278150648836","-1,58440000000000025","-1,45123915999999986","1,816138","-4,20000000000000e+00",NA,FALSE
DKELPPWP,152,"2,92983185693370e-01",weaker,"6,76225478021559e-01",no significant difference,FALSE,152,"0,774893111259507","-1,55180000000000029","-0,33721991999999967","2,598017","-7,90000000000000e+00",NA,FALSE
DKELPPYP,152,"2,52097434492381e-01",weaker,"7,69333611831557e-01",stronger,FALSE,152,"0,774893111259507","-1,46370000000000022","-0,65024269999999973","2,546682","-5,70000000000000e+00",NA,FALSE
DKFLPP*P,152,"1,30148095938865e-01",weaker,"6,71207494227844e-01",no significant difference,TRUE,152,NA,"-0,10240000000000027","0,44196521000000022","2,200033","-5,00000000000000e-01",NA,FALSE
DKFLPPAP,152,"1,91008945289919e-01",weaker,"7,47271160353698e-01",stronger,FALSE,152,"0,757980317172577","-0,27610000000000035","0,52791691000000029","2,733872","-2,50000000000000e+00",NA,FALSE
DKFLPPCP,152,"1,23654170462915e-01",weaker,"7,12262090647854e-01",no significant difference,FALSE,152,"0,757980317172577","0,75489999999999957","1,96526925000000041","3,044633","1,40000000000000e+00",NA,FALSE
DKFLPPDP,152,"2,79508476214378e-01",no significant difference,"7,77220368925241e-01",no significant difference,FALSE,152,"0,757980317172577","-1,03080000000000038","-0,43592908999999980","2,505894","-5,80000000000000e+00",NA,FALSE
DKFLPPEP,152,"1,34940329677070e-01",weaker,"7,73775737431427e-01",stronger,FALSE,152,"0,757980317172577","-1,07160000000000033","-0,66451028999999973","2,489782","-4,50000000000000e+00",NA,FALSE
DKFLPPFP,152,"1,69288488386472e-01",weaker,"6,13197010835241e-01",no significant difference,FALSE,152,"0,757980317172577","0,99039999999999961","1,95141261000000021","3,371851","1,70000000000000e+00",NA,FALSE
DKFLPPGP,152,"2,00596212554104e-01",weaker,"8,07784654382369e-01",stronger,FALSE,152,"0,757980317172577","-0,45940000000000036","0,82097024000000018","3,281864","-2,70000000000000e+00",NA,FALSE
DKFLPPHP,152,"3,06391356969887e-01",weaker,"7,00633938748437e-01",no significant difference,FALSE,152,"0,757980317172577","-0,16190000000000032","0,47945492000000023","2,976694","-2,20000000000000e+00",NA,FALSE
DKFLPPIP,152,"2,02292019316678e-01",weaker,"7,37774584951079e-01",stronger,FALSE,152,"0,771365356561906","0,82859999999999967","1,44834284000000002","3,020382","2,10000000000000e+00",NA,FALSE
DKFLPPKP,152,"2,85039155008704e-01",weaker,"8,78626936148983e-01",stronger,FALSE,152,"0,757980317172577","-1,46290000000000031","-0,99221718999999975","2,636992","-5,80000000000000e+00",NA,FALSE
DKFLPPLP,152,"3,10745232216271e-01",weaker,"6,55847606382520e-01",no significant difference,FALSE,152,"0,898523226042644","0,63149999999999962","1,33098432000000022","3,063086","3,00000000000000e+00",NA,FALSE
DKFLPPMP,152,"1,20487899976960e-01",weaker,"7,00854640603411e-01",no significant difference,FALSE,152,"0,757980317172577","0,73009999999999964","1,00906745000000031","2,994965","1,50000000000000e+00",NA,FALSE
DKFLPPNP,152,"2,62319889605677e-01",weaker,"8,13929646796384e-01",stronger,FALSE,152,"0,757980317172577","-0,55160000000000031","-0,09279398999999977","2,907847","-3,20000000000000e+00",NA,FALSE
DKFLPPRP,152,"2,33865674157362e-01",weaker,"7,94925460422050e-01",stronger,FALSE,152,"0,757980317172577","-0,36990000000000034","0,17488261000000022","3,157661","-1,30000000000000e+00",NA,FALSE
DKFLPPSP,152,"1,77643390410693e-01",weaker,"7,59320896037092e-01",stronger,FALSE,152,"0,757980317172577","-0,14470000000000033","0,05470931000000023","2,851828","-3,20000000000000e+00",NA,FALSE
DKFLPPTP,152,"2,77703535217594e-01",weaker,"7,45634510325546e-01",no significant difference,FALSE,152,"0,762441996969020","-0,17920000000000033","0,32184430000000025","2,822697","-4,60000000000000e+00",NA,FALSE
DKFLPPVP,152,"2,68108961391536e-01",weaker,"7,10561822040749e-01",no significant difference,FALSE,152,"0,771365356561906","0,47759999999999969","1,16468374000000008","2,698207","2,00000000000000e+00",NA,FALSE
DKFLPPWP,152,"4,66952665605481e-02",weaker,"6,24707184188134e-01",no significant difference,FALSE,152,"0,757980317172577","0,51019999999999965","2,27870298000000027","3,480086","-1,70000000000000e+00",NA,FALSE
DKFLPPYP,152,"1,87701295106547e-01",weaker,"6,12327959768054e-01",no significant difference,FALSE,152,"0,757980317172577","0,59829999999999972","1,96568020000000043","3,428751","5,00000000000000e-01",NA,FALSE
DKGLPP*P,152,"1,13166024540930e-01",weaker,"7,63044452102349e-01",stronger,TRUE,152,NA,"-1,55220000000000025","-0,68847715999999992","2,110046","-4,90000000000000e+00",NA,FALSE
DKGLPPAP,152,"2,48462627954568e-01",weaker,"7,57515909129617e-01",stronger,FALSE,152,"0,757980317172577","-1,72590000000000021","-0,60252545999999985","2,643885","-6,90000000000000e+00",NA,FALSE
DKGLPPCP,152,"2,75466055964500e-01",weaker,"7,70098732287574e-01",stronger,FALSE,152,"0,757980317172577","-0,69490000000000041","0,83482688000000016","2,954646","-3,00000000000000e+00",NA,FALSE
DKGLPPDP,152,"2,10499029727995e-01",weaker,"7,48578142094087e-01",stronger,FALSE,152,"0,757980317172577","-2,48060000000000036","-1,56637146000000005","2,415907","-1,02000000000000e+01",NA,FALSE
DKGLPPEP,152,"2,40391368314407e-01",weaker,"8,35674709862933e-01",stronger,FALSE,152,"0,757980317172577","-2,52140000000000031","-1,79495265999999987","2,399795","-8,90000000000000e+00",NA,FALSE
DKGLPPFP,152,"2,05506668633202e-01",weaker,"6,61787733637637e-01",no significant difference,FALSE,152,"0,757980317172577","-0,45940000000000036","0,82097024000000018","3,281864","-2,70000000000000e+00",NA,FALSE
DKGLPPGP,152,"1,86540533589754e-01",weaker,"8,53395885974922e-01",stronger,FALSE,152,"0,757980317172577","-1,90920000000000023","-0,30947212999999996","3,191877","-7,10000000000000e+00",NA,FALSE
DKGLPPHP,152,"2,29888613996793e-01",weaker,"7,80186977067819e-01",stronger,FALSE,152,"0,757980317172577","-1,61170000000000035","-0,65098744999999991","2,886707","-6,60000000000000e+00",NA,FALSE
DKGLPPIP,152,"3,91227417737543e-01",weaker,"7,32842466005206e-01",stronger,FALSE,152,"0,771365356561906","-0,62120000000000031","0,31790046999999999","2,930395","-2,30000000000000e+00",NA,FALSE
DKGLPPKP,152,"1,98246542624020e-01",weaker,"8,65850392012017e-01",stronger,FALSE,152,"0,757980317172577","-2,91270000000000051","-2,12265955999999978","2,547005","-1,02000000000000e+01",NA,FALSE
DKGLPPLP,152,"4,31675973016353e-01",weaker,"7,24074659012146e-01",stronger,FALSE,152,"0,898523226042644","-0,81830000000000036","0,20054195000000019","2,973099","-1,40000000000000e+00",NA,FALSE
DKGLPPMP,152,"2,13259955922223e-01",weaker,"7,84194686699976e-01",stronger,FALSE,152,"0,757980317172577","-0,71970000000000034","-0,12137491999999994","2,904978","-2,90000000000000e+00",NA,FALSE
DKGLPPNP,152,"1,89381341329124e-01",weaker,"7,94347433896741e-01",stronger,FALSE,152,"0,757980317172577","-2,00140000000000029","-1,22323636000000002","2,817860","-7,60000000000000e+00",NA,FALSE
DKGLPPPP,152,"3,41918116577866e-01",weaker,"7,18136735923857e-01",no significant difference,FALSE,152,"0,762441996969020","-1,91200000000000014","-1,04405255999999991","2,687704","-9,30000000000000e+00",NA,FALSE
DKGLPPQP,152,"2,54001461895844e-01",weaker,"8,93655412380827e-01",stronger,FALSE,152,"0,757980317172577","-2,14350000000000041","-1,16131925999999996","2,774524","-9,90000000000000e+00",NA,FALSE
DKGLPPRP,152,"2,91085633860178e-01",weaker,"8,16793954955281e-01",stronger,FALSE,152,"0,757980317172577","-1,81970000000000032","-0,95555975999999987","3,067674","-5,70000000000000e+00",NA,FALSE
DKGLPPSP,152,"2,27930372917326e-01",weaker,"7,98706349860927e-01",stronger,FALSE,152,"0,757980317172577","-1,59450000000000025","-1,07573305999999991","2,761841","-7,60000000000000e+00",NA,FALSE
DKGLPPTP,152,"3,70578208472782e-01",weaker,"7,55551857265401e-01",stronger,FALSE,152,"0,762441996969020","-1,62900000000000023","-0,80859806999999995","2,732710","-9,00000000000000e+00",NA,FALSE
DKGLPPVP,152,"2,67307421128685e-01",weaker,"7,29260346147890e-01",stronger,FALSE,152,"0,771365356561906","-0,97220000000000029","0,03424137000000005","2,608220","-2,40000000000000e+00",NA,FALSE
DKGLPPWP,152,"1,43349916286682e-01",weaker,"6,88743120689051e-01",no significant difference,FALSE,152,"0,757980317172577","-0,93960000000000032","1,14826061000000035","3,390099","-6,10000000000000e+00",NA,FALSE
DKGLPPYP,152,"1,75889591500225e-01",weaker,"6,82452822660723e-01",no significant difference,FALSE,152,"0,757980317172577","-0,85150000000000026","0,83523783000000018","3,338764","-3,90000000000000e+00",NA,FALSE
DKHLPP*P,152,"1,41695251989679e-01",weaker,"7,76964266006114e-01",stronger,TRUE,152,NA,"-1,25470000000000015","-1,02999247999999977","1,804876","-4,40000000000000e+00",NA,FALSE
DKHLPPAP,152,"1,96454924326937e-01",weaker,"7,28333013873055e-01",no significant difference,FALSE,152,"0,760094412895026","-1,42840000000000034","-0,94404077999999991","2,338715","-6,40000000000000e+00",NA,FALSE
DKHLPPCP,152,"2,34404513809040e-01",weaker,"7,55592002295873e-01",stronger,FALSE,152,"0,760094412895026","-0,39740000000000036","0,49331156000000020","2,649476","-2,50000000000000e+00",NA,FALSE
DKHLPPDP,152,"2,59929543626081e-01",weaker,"7,77181766493468e-01",stronger,FALSE,152,"0,760094412895026","-2,18310000000000048","-1,90788677999999989","2,110737","-9,70000000000000e+00",NA,FALSE
DKHLPPEP,152,"3,38663856693284e-01",weaker,"7,67930275991317e-01",stronger,FALSE,152,"0,760094412895026","-2,22390000000000043","-2,13646797999999993","2,094625","-8,40000000000000e+00",NA,FALSE
DKHLPPFP,152,"2,35466904858302e-01",weaker,"7,17000127052042e-01",no significant difference,FALSE,152,"0,760094412895026","-0,16190000000000032","0,47945492000000023","2,976694","-2,20000000000000e+00",NA,FALSE
DKHLPPGP,152,"2,75551018488621e-01",weaker,"8,37551648212014e-01",stronger,FALSE,152,"0,760094412895026","-1,61170000000000035","-0,65098744999999991","2,886707","-6,60000000000000e+00",NA,FALSE
DKHLPPIP,152,"4,26962067463801e-01",weaker,"7,89619147995910e-01",no significant difference,FALSE,152,"0,773479452284355","-0,32370000000000027","-0,02361484999999997","2,625225","-1,80000000000000e+00",NA,FALSE
DKHLPPKP,152,"2,06640926312936e-01",weaker,"1,12596789922314e+00",stronger,FALSE,152,"0,760094412895026","-2,61520000000000019","-2,46417487999999985","2,241835","-9,70000000000000e+00",NA,FALSE
DKHLPPLP,152,"4,61393743952746e-01",weaker,"7,24796885250146e-01",no significant difference,FALSE,152,"0,900637321765093","-0,52080000000000037","-0,14097336999999976","2,667929","-9,00000000000000e-01",NA,FALSE
DKHLPPMP,152,"2,03147270992050e-01",weaker,"7,31815490245565e-01",stronger,FALSE,152,"0,760094412895026","-0,42220000000000030","-0,46289023999999990","2,599808","-2,40000000000000e+00",NA,FALSE
DKHLPPQP,152,"3,00230636666621e-01",weaker,"8,47118188179951e-01",stronger,FALSE,152,"0,760094412895026","-1,84600000000000031","-1,50283457999999981","2,469354","-9,40000000000000e+00",NA,FALSE
DKHLPPRP,152,"2,10193159500582e-01",weaker,"7,01471444187397e-01",no significant difference,FALSE,152,"0,760094412895026","-1,52220000000000022","-1,29707507999999994","2,762504","-5,20000000000000e+00",NA,FALSE
DKHLPPSP,152,"2,51407653355628e-01",weaker,"8,15591851551733e-01",stronger,FALSE,152,"0,760094412895026","-1,29700000000000037","-1,41724837999999975","2,456671","-7,10000000000000e+00",NA,FALSE
DKHLPPTP,152,"3,23696566746851e-01",weaker,"8,04010879556077e-01",no significant difference,FALSE,152,"0,764556092691469","-1,33150000000000035","-1,15011338999999979","2,427540","-8,50000000000000e+00",NA,FALSE
DKHLPPVP,152,"2,95547292568153e-01",weaker,"7,77518609334886e-01",stronger,FALSE,152,"0,773479452284355","-0,67470000000000030","-0,30727394999999991","2,303050","-1,90000000000000e+00",NA,FALSE
DKHLPPWP,152,"2,50925900617049e-01",weaker,"6,82582271196512e-01",no significant difference,FALSE,152,"0,760094412895026","-0,64210000000000034","0,80674529000000028","3,084929","-5,60000000000000e+00",NA,FALSE
DKILPP*P,152,"2,15912957508129e-01",weaker,"6,12367402211738e-01",no significant difference,TRUE,152,NA,"-0,26420000000000021","-0,06110455999999997","1,848564","-1,00000000000001e-01",NA,FALSE
DKILPPAP,152,"2,34973072587366e-01",weaker,"7,42832206165509e-01",stronger,FALSE,152,"0,760094412895026","-0,43790000000000029","0,02484714000000005","2,382403","-2,10000000000000e+00",NA,FALSE
DKILPPCP,152,"2,62411537522111e-01",weaker,"6,66306946282864e-01",no significant difference,FALSE,152,"0,760094412895026","0,59309999999999963","1,46219948000000022","2,693164","1,80000000000000e+00",NA,FALSE
DKILPPDP,152,"2,68219187833838e-01",weaker,"8,14683902709503e-01",no significant difference,FALSE,152,"0,760094412895026","-1,19260000000000033","-0,93899885999999999","2,154425","-5,40000000000000e+00",NA,FALSE
DKILPPEP,152,"2,29024289834282e-01",weaker,"8,38510669334150e-01",stronger,FALSE,152,"0,760094412895026","-1,23340000000000027","-1,16758005999999992","2,138313","-4,10000000000000e+00",NA,FALSE
DKILPPFP,152,"2,55987361211324e-02",weaker,"6,79323448101377e-01",no significant difference,FALSE,152,"0,760094412895026","0,82859999999999967","1,44834284000000002","3,020382","2,10000000000000e+00",NA,FALSE
DKILPPGP,152,"1,91098098157341e-01",weaker,"8,35741122822842e-01",stronger,FALSE,152,"0,760094412895026","-0,62120000000000031","0,31790046999999999","2,930395","-2,30000000000000e+00",NA,FALSE
DKILPPHP,152,"3,36034087971698e-01",weaker,"7,73213101398909e-01",stronger,FALSE,152,"0,760094412895026","-0,32370000000000027","-0,02361484999999997","2,625225","-1,80000000000000e+00",NA,FALSE
DKILPPIP,152,"4,26282368201322e-01",weaker,"7,50088069128842e-01",stronger,FALSE,152,"0,773479452284355","0,66679999999999973","0,94527306999999994","2,668913","2,50000000000000e+00",NA,FALSE
DKILPPLP,152,"4,23603023524156e-01",weaker,"6,67731242934961e-01",no significant difference,FALSE,152,"0,900637321765093","0,46969999999999967","0,82791455000000014","2,711617","3,40000000000000e+00",NA,FALSE
DKILPPMP,152,"2,99505547740832e-01",weaker,"5,93185527391144e-01",no significant difference,FALSE,152,"0,760094412895026","0,56829999999999969","0,50599768000000001","2,643496","1,90000000000000e+00",NA,FALSE
DKILPPNP,152,"2,93273601983101e-01",weaker,"6,84135467996882e-01",no significant difference,FALSE,152,"0,760094412895026","-0,71340000000000026","-0,59586375999999996","2,556378","-2,80000000000000e+00",NA,FALSE
DKILPPRP,152,"3,13341968992774e-01",weaker,"8,00923133346282e-01",stronger,FALSE,152,"0,760094412895026","-0,53170000000000028","-0,32818715999999998","2,806192","-9,00000000000001e-01",NA,FALSE
DKILPPSP,152,"2,85462903474998e-01",weaker,"8,28395169126878e-01",stronger,FALSE,152,"0,760094412895026","-0,30650000000000027","-0,44836045999999996","2,500359","-2,80000000000000e+00",NA,FALSE
DKILPPTP,152,"3,32543844197501e-01",weaker,"7,60799214337897e-01",stronger,FALSE,152,"0,764556092691469","-0,34100000000000030","-0,18122546999999997","2,471228","-4,20000000000000e+00",NA,FALSE
DKILPPVP,152,"3,48337431336717e-01",weaker,"7,37953915957059e-01",no significant difference,FALSE,152,"0,773479452284355","0,31579999999999975","0,66161397000000000","2,346738","2,40000000000000e+00",NA,FALSE
DKILPPWP,152,"2,11987320454373e-01",weaker,"5,53837843031364e-01",no significant difference,FALSE,152,"0,760094412895026","0,34839999999999971","1,77563321000000007","3,128617","-1,30000000000000e+00",NA,FALSE
DKILPPYP,152,"2,62411537522111e-01",weaker,"6,94761373648702e-01",no significant difference,FALSE,152,"0,760094412895026","0,43649999999999978","1,46261043000000024","3,077282","8,99999999999999e-01",NA,FALSE
DKKLPP*P,152,"1,54752303998060e-01",weaker,"8,03952602319817e-01",no significant difference,TRUE,152,NA,"-2,55570000000000030","-2,50166458999999985","1,465174","-8,00000000000000e+00",NA,FALSE
DKKLPPAP,152,"3,08074886482619e-01",weaker,"7,98966247252952e-01",stronger,FALSE,152,"0,757980317172577","-2,72940000000000049","-2,41571289000000000","1,999013","-1,00000000000000e+01",NA,FALSE
DKKLPPCP,152,"3,40826922578670e-01",weaker,"7,63213504216023e-01",stronger,FALSE,152,"0,757980317172577","-1,69840000000000035","-0,97836054999999977","2,309774","-6,10000000000000e+00",NA,FALSE
DKKLPPDP,152,"2,17230216206525e-01",weaker,"6,99280310104686e-01",no significant difference,FALSE,152,"0,757980317172577","-3,48410000000000064","-3,37955888999999976","1,771035","-1,33000000000000e+01",NA,FALSE
DKKLPPEP,152,"3,41410929775621e-01",weaker,"8,90322821065104e-01",stronger,FALSE,152,"0,757980317172577","-3,52490000000000059","-3,60814009000000002","1,754923","-1,20000000000000e+01",NA,FALSE
DKKLPPFP,152,"2,04889402924914e-01",weaker,"6,60159928980104e-01",no significant difference,FALSE,152,"0,757980317172577","-1,46290000000000031","-0,99221718999999975","2,636992","-5,80000000000000e+00",NA,FALSE
DKKLPPGP,152,"2,52031830641431e-01",weaker,"8,85320353647832e-01",stronger,FALSE,152,"0,757980317172577","-2,91270000000000051","-2,12265955999999978","2,547005","-1,02000000000000e+01",NA,FALSE
DKKLPPIP,152,"5,41669132011561e-01",no significant difference,"6,73309765443712e-01",no significant difference,FALSE,152,"0,771365356561906","-1,62470000000000026","-1,49528696000000005","2,285523","-5,40000000000000e+00",NA,FALSE
DKKLPPLP,152,"5,91901291682988e-01",weaker,"7,15506310754087e-01",no significant difference,FALSE,152,"0,898523226042644","-1,82180000000000053","-1,61264547999999985","2,328227","-4,50000000000000e+00",NA,FALSE
DKKLPPMP,152,"3,62914443117946e-01",weaker,"8,33963942198618e-01",stronger,FALSE,152,"0,757980317172577","-1,72320000000000029","-1,93456234999999976","2,260106","-6,00000000000000e+00",NA,FALSE
DKKLPPRP,152,"3,08347273985658e-01",weaker,"8,48512184367146e-01",stronger,FALSE,152,"0,757980317172577","-2,82320000000000038","-2,76874719000000002","2,422802","-8,80000000000000e+00",NA,FALSE
DKKLPPSP,152,"3,81477786107411e-01",weaker,"8,39014745415995e-01",stronger,FALSE,152,"0,757980317172577","-2,59800000000000031","-2,88892048999999984","2,116969","-1,07000000000000e+01",NA,FALSE
DKKLPPTP,152,"5,47908630099736e-01",weaker,"8,27122378551552e-01",stronger,FALSE,152,"0,762441996969020","-2,63250000000000028","-2,62178549999999966","2,087838","-1,21000000000000e+01",NA,FALSE
DKKLPPVP,152,"4,50350313517635e-01",weaker,"7,83389892244576e-01",stronger,FALSE,152,"0,771365356561906","-1,97570000000000023","-1,77894606000000000","1,963348","-5,50000000000000e+00",NA,FALSE
DKKLPPWP,152,"2,62411537522111e-01",weaker,"6,93359483863853e-01",no significant difference,FALSE,152,"0,757980317172577","-1,94310000000000027","-0,66492681999999970","2,745227","-9,20000000000000e+00",NA,FALSE
DKKLPPYP,152,"3,94183969944786e-01",weaker,"6,72323485691584e-01",no significant difference,FALSE,152,"0,757980317172577","-1,85500000000000043","-0,97794959999999975","2,693892","-7,00000000000000e+00",NA,FALSE
DKLLPP*P,152,"1,19307442132499e-01",weaker,"6,63746401703875e-01",no significant difference,TRUE,152,NA,"-0,46130000000000027","-0,17846307999999977","1,891268","8,00000000000000e-01",NA,FALSE
DKLLPPAP,152,"3,15584435990669e-01",weaker,"7,96395964138877e-01",stronger,FALSE,152,"0,760094412895026","-0,63500000000000034","-0,09251137999999975","2,425107","-1,20000000000000e+00",NA,FALSE
DKLLPPCP,152,"2,91783070722657e-01",weaker,"6,73729957578276e-01",no significant difference,FALSE,152,"0,760094412895026","0,39599999999999957","1,34484096000000042","2,735868","2,70000000000000e+00",NA,FALSE
DKLLPPDP,152,"2,35740145656398e-01",weaker,"6,64578645611962e-01",no significant difference,FALSE,152,"0,760094412895026","-1,38970000000000038","-1,05635737999999968","2,197129","-4,50000000000000e+00",NA,FALSE
DKLLPPEP,152,"2,79436437204110e-01",weaker,"7,75609404828867e-01",stronger,FALSE,152,"0,760094412895026","-1,43050000000000033","-1,28493857999999972","2,181017","-3,20000000000000e+00",NA,FALSE
DKLLPPFP,152,"1,99329042820100e-01",weaker,"6,12652132634874e-01",no significant difference,FALSE,152,"0,760094412895026","0,63149999999999962","1,33098432000000022","3,063086","3,00000000000000e+00",NA,FALSE
DKLLPPGP,152,"2,06609268676039e-01",weaker,"8,05289512687877e-01",stronger,FALSE,152,"0,760094412895026","-0,81830000000000036","0,20054195000000019","2,973099","-1,40000000000000e+00",NA,FALSE
DKLLPPHP,152,"3,12311178814444e-01",weaker,"7,24796946757655e-01",stronger,FALSE,152,"0,760094412895026","-0,52080000000000037","-0,14097336999999976","2,667929","-9,00000000000000e-01",NA,FALSE
DKLLPPIP,152,"4,03388245072710e-01",weaker,"6,92627727107096e-01",no significant difference,FALSE,152,"0,773479452284355","0,46969999999999967","0,82791455000000014","2,711617","3,40000000000000e+00",NA,FALSE
DKLLPPKP,152,"2,88496679721090e-01",weaker,"8,37110390674093e-01",stronger,FALSE,152,"0,760094412895026","-1,82180000000000053","-1,61264547999999985","2,328227","-4,50000000000000e+00",NA,FALSE
DKLLPPLP,152,"4,56074484782522e-01",weaker,"6,81942939098420e-01",no significant difference,FALSE,152,"0,900637321765093","0,27259999999999940","0,71055603000000034","2,754321","4,30000000000000e+00",NA,FALSE
DKLLPPMP,152,"2,64863956278551e-01",weaker,"7,28694449536427e-01",no significant difference,FALSE,152,"0,760094412895026","0,37119999999999964","0,38863916000000021","2,686200","2,80000000000000e+00",NA,FALSE
DKLLPPNP,152,"2,00758226240157e-01",weaker,"7,24962442228140e-01",no significant difference,FALSE,152,"0,760094412895026","-0,91050000000000031","-0,71322227999999976","2,599082","-1,90000000000000e+00",NA,FALSE
DKLLPPPP,152,"3,98747616020107e-01",weaker,"7,52646483474082e-01",stronger,FALSE,152,"0,764556092691469","-0,82110000000000027","-0,53403847999999976","2,468926","-3,60000000000000e+00",NA,FALSE
DKLLPPQP,152,"2,30306205183761e-01",weaker,"7,51923309135901e-01",stronger,FALSE,152,"0,760094412895026","-1,05260000000000042","-0,65130517999999982","2,555746","-4,20000000000000e+00",NA,FALSE
DKLLPPRP,152,"2,94557411124039e-01",weaker,"7,78808285848730e-01",stronger,FALSE,152,"0,760094412895026","-0,72880000000000034","-0,44554567999999978","2,848896","-4,44089209850063e-16",NA,FALSE
DKLLPPSP,152,"2,13076843576658e-01",weaker,"7,67888288664493e-01",stronger,FALSE,152,"0,760094412895026","-0,50360000000000027","-0,56571897999999976","2,543063","-1,90000000000000e+00",NA,FALSE
DKLLPPTP,152,"4,27019357524068e-01",weaker,"7,84336742787438e-01",stronger,FALSE,152,"0,764556092691469","-0,53810000000000036","-0,29858398999999974","2,513932","-3,30000000000000e+00",NA,FALSE
DKLLPPVP,152,"3,52070089972505e-01",weaker,"7,67249830035832e-01",stronger,FALSE,152,"0,773479452284355","0,11869999999999969","0,54425545000000020","2,389442","3,30000000000000e+00",NA,FALSE
DKLLPPWP,152,"1,80605121897640e-01",weaker,"5,49711822049269e-01",no significant difference,FALSE,152,"0,760094412895026","0,15129999999999966","1,65827469000000027","3,171321","-4,00000000000000e-01",NA,FALSE
DKLLPPYP,152,"2,00342224429682e-01",weaker,"6,25132351644375e-01",no significant difference,FALSE,152,"0,760094412895026","0,23939999999999972","1,34525191000000044","3,119986","1,80000000000000e+00",NA,FALSE
DKMLPP*P,152,"8,15605620562772e-02",weaker,"7,68861454664571e-01",stronger,TRUE,152,NA,"-0,36270000000000024","-0,50037994999999991","1,823147","-7,00000000000000e-01",NA,FALSE
DKMLPPAP,152,"3,02382535999494e-01",weaker,"8,52586371961848e-01",stronger,FALSE,152,"0,757980317172577","-0,53640000000000032","-0,41442824999999989","2,356986","-2,70000000000000e+00",NA,FALSE
DKMLPPCP,152,"3,59696396892629e-01",weaker,"7,47303773839508e-01",stronger,FALSE,152,"0,757980317172577","0,49459999999999960","1,02292409000000006","2,667747","1,20000000000000e+00",NA,FALSE
DKMLPPDP,152,"3,88621891956031e-01",weaker,"7,17429190952138e-01",no significant difference,FALSE,152,"0,757980317172577","-1,29110000000000036","-1,37827425000000003","2,129008","-6,00000000000000e+00",NA,FALSE
DKMLPPEP,152,"2,95831804546575e-01",weaker,"8,28314875178690e-01",no significant difference,FALSE,152,"0,757980317172577","-1,33190000000000031","-1,60685544999999985","2,112896","-4,70000000000000e+00",NA,FALSE
DKMLPPFP,152,"2,68219187833838e-01",weaker,"6,64485715619728e-01",no significant difference,FALSE,152,"0,757980317172577","0,73009999999999964","1,00906745000000031","2,994965","1,50000000000000e+00",NA,FALSE
DKMLPPGP,152,"1,34032694666812e-01",weaker,"8,37405808392471e-01",stronger,FALSE,152,"0,757980317172577","-0,71970000000000034","-0,12137491999999994","2,904978","-2,90000000000000e+00",NA,FALSE
DKMLPPHP,152,"3,51100527897625e-01",weaker,"7,79880357349528e-01",no significant difference,FALSE,152,"0,757980317172577","-0,42220000000000030","-0,46289023999999990","2,599808","-2,40000000000000e+00",NA,FALSE
DKMLPPIP,152,"5,51186489703748e-01",no significant difference,"7,78093874056645e-01",no significant difference,FALSE,152,"0,771365356561906","0,56829999999999969","0,50599768000000001","2,643496","1,90000000000000e+00",NA,FALSE
DKMLPPKP,152,"3,33502887935516e-01",weaker,"8,96639559898642e-01",no significant difference,FALSE,152,"0,757980317172577","-1,72320000000000029","-1,93456234999999976","2,260106","-6,00000000000000e+00",NA,FALSE
DKMLPPLP,152,"5,01162144728162e-01",weaker,"6,48129335603938e-01",no significant difference,FALSE,152,"0,898523226042644","0,37119999999999964","0,38863916000000021","2,686200","2,80000000000000e+00",NA,FALSE
DKMLPPMP,152,"3,66454884419963e-01",weaker,"7,33012517211736e-01",stronger,FALSE,152,"0,757980317172577","0,46979999999999966","0,06672229000000007","2,618079","1,30000000000000e+00",NA,FALSE
DKMLPPNP,152,"2,98320681470893e-01",weaker,"7,89659870602689e-01",stronger,FALSE,152,"0,757980317172577","-0,81190000000000029","-1,03513915000000001","2,530961","-3,40000000000000e+00",NA,FALSE
DKMLPPRP,152,"3,50474369366278e-01",weaker,"7,59680199478379e-01",stronger,FALSE,152,"0,757980317172577","-0,63020000000000032","-0,76746254999999985","2,780775","-1,50000000000000e+00",NA,FALSE
DKMLPPSP,152,"3,04809953669571e-01",weaker,"8,02708385135775e-01",stronger,FALSE,152,"0,757980317172577","-0,40500000000000030","-0,88763584999999989","2,474942","-3,40000000000000e+00",NA,FALSE
DKMLPPTP,152,"4,65364802832613e-01",weaker,"7,77258392569227e-01",stronger,FALSE,152,"0,762441996969020","-0,43950000000000033","-0,62050085999999993","2,445811","-4,80000000000000e+00",NA,FALSE
DKMLPPVP,152,"4,17236263925252e-01",weaker,"7,80895764346583e-01",stronger,FALSE,152,"0,771365356561906","0,21729999999999972","0,22233858000000006","2,321321","1,80000000000000e+00",NA,FALSE
DKMLPPWP,152,"1,76405710603897e-01",weaker,"6,66327257350961e-01",no significant difference,FALSE,152,"0,757980317172577","0,24989999999999968","1,33635782000000036","3,103200","-1,90000000000000e+00",NA,FALSE
DKMLPPYP,152,"9,33808652252539e-02",weaker,"6,15257750328808e-01",no significant difference,FALSE,152,"0,757980317172577","0,33799999999999975","1,02333504000000008","3,051865","3,00000000000000e-01",NA,FALSE
DKNLPP*P,152,"2,30139037798715e-01",weaker,"6,99774712789790e-01",no significant difference,TRUE,152,NA,"-1,64440000000000008","-1,60224138999999988","1,736029","-5,40000000000000e+00",NA,FALSE
DKNLPPAP,152,"2,29158039830731e-01",weaker,"8,37119841129536e-01",no significant difference,FALSE,152,"0,757980317172577","-1,81810000000000027","-1,51628968999999980","2,269868","-7,40000000000000e+00",NA,FALSE
DKNLPPCP,152,"3,47982254935500e-01",weaker,"9,43435938511641e-01",stronger,FALSE,152,"0,757980317172577","-0,78710000000000035","-0,07893734999999980","2,580629","-3,50000000000000e+00",NA,FALSE
DKNLPPDP,152,"3,21997990111026e-01",weaker,"8,68554157638748e-01",stronger,FALSE,152,"0,757980317172577","-2,57280000000000042","-2,48013569000000000","2,041890","-1,07000000000000e+01",NA,FALSE
DKNLPPEP,152,"3,70021278106759e-01",weaker,"8,21669291906475e-01",stronger,FALSE,152,"0,757980317172577","-2,61360000000000037","-2,70871688999999982","2,025778","-9,40000000000000e+00",NA,FALSE
DKNLPPFP,152,"2,20406084433095e-01",weaker,"7,13044264041977e-01",no significant difference,FALSE,152,"0,757980317172577","-0,55160000000000031","-0,09279398999999977","2,907847","-3,20000000000000e+00",NA,FALSE
DKNLPPGP,152,"2,64144764442321e-01",weaker,"8,97506273671290e-01",stronger,FALSE,152,"0,757980317172577","-2,00140000000000029","-1,22323636000000002","2,817860","-7,60000000000000e+00",NA,FALSE
DKNLPPIP,152,"4,17645809841559e-01",weaker,"7,79569078617228e-01",no significant difference,FALSE,152,"0,771365356561906","-0,71340000000000026","-0,59586375999999996","2,556378","-2,80000000000000e+00",NA,FALSE
DKNLPPKP,152,"2,14036242613068e-01",weaker,"8,66334566794330e-01",stronger,FALSE,152,"0,757980317172577","-3,00490000000000013","-3,03642378999999973","2,172988","-1,07000000000000e+01",NA,FALSE
DKNLPPLP,152,"4,72778986997824e-01",weaker,"7,57351510103345e-01",no significant difference,FALSE,152,"0,898523226042644","-0,91050000000000031","-0,71322227999999976","2,599082","-1,90000000000000e+00",NA,FALSE
DKNLPPMP,152,"3,36963375605048e-01",weaker,"8,37416667378892e-01",stronger,FALSE,152,"0,757980317172577","-0,81190000000000029","-1,03513915000000001","2,530961","-3,40000000000000e+00",NA,FALSE
DKNLPPNP,152,"3,92330458884365e-01",weaker,"9,25650545122677e-01",stronger,FALSE,152,"0,757980317172577","-2,09360000000000035","-2,13700058999999998","2,443843","-8,10000000000000e+00",NA,FALSE
DKNLPPQP,152,"2,14112624092059e-01",weaker,"1,07120359527226e+00",stronger,FALSE,152,"0,757980317172577","-2,23570000000000046","-2,07508348999999992","2,400507","-1,04000000000000e+01",NA,FALSE
DKNLPPRP,152,"3,55010506234000e-01",weaker,"9,04181569872182e-01",stronger,FALSE,152,"0,757980317172577","-1,91190000000000015","-1,86932398999999982","2,693657","-6,20000000000000e+00",NA,FALSE
DKNLPPSP,152,"2,10056835756395e-01",weaker,"8,78221972986853e-01",stronger,FALSE,152,"0,757980317172577","-1,68670000000000031","-1,98949728999999986","2,387824","-8,10000000000000e+00",NA,FALSE
DKNLPPTP,152,"3,65837490552723e-01",weaker,"8,40820559064455e-01",stronger,FALSE,152,"0,762441996969020","-1,72120000000000029","-1,72236229999999990","2,358693","-9,50000000000000e+00",NA,FALSE
DKNLPPVP,152,"3,88414977459224e-01",weaker,"8,47557481757935e-01",stronger,FALSE,152,"0,771365356561906","-1,06440000000000023","-0,87952285999999991","2,234203","-2,90000000000000e+00",NA,FALSE
DKNLPPWP,152,"2,45821525881025e-01",weaker,"7,24684617262041e-01",no significant difference,FALSE,152,"0,757980317172577","-1,03180000000000027","0,23449638000000028","3,016082","-6,60000000000000e+00",NA,FALSE
DKNLPPYP,152,"3,77284796965935e-01",weaker,"7,75550683916451e-01",stronger,FALSE,152,"0,757980317172577","-0,94370000000000021","-0,07852639999999977","2,964747","-4,40000000000000e+00",NA,FALSE
DKPLPP*P,152,"1,25053587680387e-01",weaker,"7,79238933260041e-01",no significant difference,TRUE,152,NA,"-1,55500000000000016","-1,42305758999999998","1,605873","-7,10000000000000e+00",NA,FALSE
DKPLPPAP,152,"5,34494646756916e-01",weaker,"7,22516153007291e-01",no significant difference,FALSE,152,"0,859457091129933","-1,72870000000000013","-1,33710588999999991","2,139712","-9,10000000000000e+00",NA,FALSE
DKPLPPDP,152,"3,09212667257173e-01",weaker,"5,76452322551891e-01",no significant difference,FALSE,152,"0,859457091129933","-2,48340000000000050","-2,30095188999999989","1,911734","-1,24000000000000e+01",NA,FALSE
DKPLPPEP,152,"3,92661695143505e-01",weaker,"7,17233326574545e-01",no significant difference,FALSE,152,"0,859457091129933","-2,52420000000000044","-2,52953308999999971","1,895622","-1,11000000000000e+01",NA,FALSE
DKPLPPFP,152,"4,59179410539444e-01",weaker,"7,02191713581207e-01",no significant difference,FALSE,152,"0,859457091129933","-0,46220000000000028","0,08638981000000023","2,777691","-4,90000000000000e+00",NA,FALSE
DKPLPPGP,152,"3,32311971546114e-01",weaker,"7,76035706028311e-01",stronger,FALSE,152,"0,859457091129933","-1,91200000000000014","-1,04405255999999991","2,687704","-9,30000000000000e+00",NA,FALSE
DKPLPPIP,152,"7,22823674661812e-01",no significant difference,"6,16843450712699e-01",no significant difference,FALSE,152,"0,872842130519262","-0,62400000000000022","-0,41667995999999996","2,426222","-4,50000000000000e+00",NA,FALSE
DKPLPPKP,152,"5,43831898159594e-01",weaker,"9,06074330004378e-01",stronger,FALSE,152,"0,859457091129933","-2,91550000000000020","-2,85723999000000006","2,042832","-1,24000000000000e+01",NA,FALSE
DKPLPPLP,152,"7,61363906836971e-01",no significant difference,"6,04299585038240e-01",no significant difference,FALSE,152,"1,000000000000000","-0,82110000000000027","-0,53403847999999976","2,468926","-3,60000000000000e+00",NA,TRUE
DKPLPPMP,152,"4,95904098013633e-01",weaker,"7,06159658782662e-01",no significant difference,FALSE,152,"0,859457091129933","-0,72250000000000025","-0,85595534999999989","2,400805","-5,10000000000000e+00",NA,FALSE
DKPLPPNP,152,"3,55611808138922e-01",weaker,"7,62184341166050e-01",stronger,FALSE,152,"0,859457091129933","-2,00419999999999998","-1,95781678999999986","2,313687","-9,80000000000000e+00",NA,FALSE
DKPLPPRP,152,"5,83319621999138e-01",weaker,"8,20477443857042e-01",stronger,FALSE,152,"0,859457091129933","-1,82250000000000023","-1,69014018999999993","2,563501","-7,90000000000000e+00",NA,FALSE
DKPLPPSP,152,"4,27199861768778e-01",weaker,"6,81370020510951e-01",no significant difference,FALSE,152,"0,859457091129933","-1,59730000000000016","-1,81031348999999997","2,257668","-9,80000000000000e+00",NA,FALSE
DKPLPPTP,152,"6,14324787235649e-01",weaker,"6,35386367333787e-01",no significant difference,FALSE,152,"0,863918770926376","-1,63180000000000014","-1,54317849999999979","2,228537","-1,12000000000000e+01",NA,FALSE
DKPLPPVP,152,"6,32400280484760e-01",weaker,"6,75707042286323e-01",no significant difference,FALSE,152,"0,872842130519262","-0,97500000000000020","-0,70033905999999990","2,104047","-4,60000000000000e+00",NA,FALSE
DKPLPPWP,152,"3,16376545194225e-01",weaker,"6,20963205360258e-01",no significant difference,FALSE,152,"0,859457091129933","-0,94240000000000024","0,41368018000000029","2,885926","-8,30000000000000e+00",NA,FALSE
DKPLPPYP,152,"5,02228184927725e-01",weaker,"8,15773592317377e-01",stronger,FALSE,152,"0,859457091129933","-0,85430000000000017","0,10065740000000023","2,834591","-6,10000000000000e+00",NA,FALSE
DKQLPP*P,152,"6,53669809645750e-02",weaker,"6,59936906766879e-01",no significant difference,TRUE,152,NA,"-1,78650000000000020","-1,54032428999999982","1,692693","-7,70000000000000e+00",NA,FALSE
DKQLPPAP,152,"2,63871688185588e-01",weaker,"7,75893297190512e-01",stronger,FALSE,152,"0,760094412895026","-1,96020000000000016","-1,45437258999999974","2,226532","-9,70000000000000e+00",NA,FALSE
DKQLPPCP,152,"3,18657734898766e-01",weaker,"5,26789373219247e-01",no significant difference,FALSE,152,"0,760094412895026","-0,92920000000000036","-0,01702024999999979","2,537293","-5,80000000000000e+00",NA,FALSE
DKQLPPDP,152,"2,07118504082232e-01",weaker,"8,83919102248569e-01",no significant difference,FALSE,152,"0,760094412895026","-2,71490000000000009","-2,41821858999999995","1,998554","-1,30000000000000e+01",NA,FALSE
DKQLPPEP,152,"4,12625302993749e-01",weaker,"8,37345361775486e-01",stronger,FALSE,152,"0,760094412895026","-2,75570000000000004","-2,64679978999999976","1,982442","-1,17000000000000e+01",NA,FALSE
DKQLPPFP,152,"2,05089052163507e-01",weaker,"7,68677098352616e-01",stronger,FALSE,152,"0,760094412895026","-0,69370000000000032","-0,03087688999999977","2,864511","-5,50000000000000e+00",NA,FALSE
DKQLPPGP,152,"2,54656324547715e-01",weaker,"8,98728918130184e-01",stronger,FALSE,152,"0,760094412895026","-2,14350000000000041","-1,16131925999999996","2,774524","-9,90000000000000e+00",NA,FALSE
DKQLPPIP,152,"5,07797684791294e-01",weaker,"6,32867049498309e-01",no significant difference,FALSE,152,"0,773479452284355","-0,85550000000000026","-0,53394666000000002","2,513042","-5,10000000000000e+00",NA,FALSE
DKQLPPLP,152,"5,61219871784200e-01",weaker,"6,94253121146478e-01",no significant difference,FALSE,152,"0,900637321765093","-1,05260000000000042","-0,65130517999999982","2,555746","-4,20000000000000e+00",NA,FALSE
DKQLPPMP,152,"3,12111939181867e-01",weaker,"7,33394896118091e-01",no significant difference,FALSE,152,"0,760094412895026","-0,95400000000000029","-0,97322204999999995","2,487625","-5,70000000000000e+00",NA,FALSE
DKQLPPRP,152,"3,28091005844931e-01",weaker,"8,02099818088964e-01",stronger,FALSE,152,"0,760094412895026","-2,05400000000000027","-1,80740688999999977","2,650321","-8,50000000000000e+00",NA,FALSE
DKQLPPSP,152,"3,31538210686682e-01",weaker,"7,58860492897014e-01",stronger,FALSE,152,"0,760094412895026","-1,82880000000000020","-1,92758018999999980","2,344488","-1,04000000000000e+01",NA,FALSE
DKQLPPTP,152,"5,40428934779989e-01",weaker,"7,93388744681641e-01",no significant difference,FALSE,152,"0,764556092691469","-1,86330000000000018","-1,66044519999999984","2,315357","-1,18000000000000e+01",NA,FALSE
DKQLPPVP,152,"4,73305854457477e-01",weaker,"7,74978976097006e-01",stronger,FALSE,152,"0,773479452284355","-1,20650000000000013","-0,81760575999999996","2,190867","-5,20000000000000e+00",NA,FALSE
DKQLPPWP,152,"2,55185689794449e-01",weaker,"7,25601215998250e-01",no significant difference,FALSE,152,"0,760094412895026","-1,17390000000000017","0,29641348000000028","2,972746","-8,90000000000000e+00",NA,FALSE
DKQLPPYP,152,"8,02695328991011e-02",weaker,"7,37302843288892e-01",no significant difference,FALSE,152,"0,760094412895026","-1,08580000000000032","-0,01660929999999977","2,921411","-6,70000000000000e+00",NA,FALSE
DKRLPP*P,152,"7,80651526055658e-02",weaker,"7,37410691215957e-01",no significant difference,TRUE,152,NA,"-1,46270000000000011","-1,33456478999999995","1,985843","-3,50000000000000e+00",NA,FALSE
DKRLPPAP,152,"2,41916690267886e-01",weaker,"7,80776308470322e-01",stronger,FALSE,152,"0,757980317172577","-1,63640000000000030","-1,24861308999999987","2,519682","-5,50000000000000e+00",NA,FALSE
DKRLPPCP,152,"3,46394722420818e-01",weaker,"7,69861548229450e-01",stronger,FALSE,152,"0,757980317172577","-0,60540000000000038","0,18873925000000019","2,830443","-1,60000000000000e+00",NA,FALSE
DKRLPPDP,152,"1,55580594605251e-01",weaker,"7,67450444243118e-01",no significant difference,FALSE,152,"0,757980317172577","-2,39110000000000023","-2,21245908999999985","2,291704","-8,80000000000000e+00",NA,FALSE
DKRLPPEP,152,"2,62374247719770e-01",weaker,"7,93751653056675e-01",stronger,FALSE,152,"0,757980317172577","-2,43190000000000017","-2,44104028999999967","2,275592","-7,50000000000000e+00",NA,FALSE
DKRLPPFP,152,"2,32116809088096e-01",weaker,"6,64685883184001e-01",no significant difference,FALSE,152,"0,757980317172577","-0,36990000000000034","0,17488261000000022","3,157661","-1,30000000000000e+00",NA,FALSE
DKRLPPGP,152,"2,11652887851194e-01",weaker,"8,03807068324728e-01",stronger,FALSE,152,"0,757980317172577","-1,81970000000000032","-0,95555975999999987","3,067674","-5,70000000000000e+00",NA,FALSE
DKRLPPHP,152,"2,82966849539577e-01",weaker,"7,12876811635811e-01",no significant difference,FALSE,152,"0,757980317172577","-1,52220000000000022","-1,29707507999999994","2,762504","-5,20000000000000e+00",NA,FALSE
DKRLPPIP,152,"4,91943392992768e-01",weaker,"6,81981088365292e-01",no significant difference,FALSE,152,"0,771365356561906","-0,53170000000000028","-0,32818715999999998","2,806192","-9,00000000000001e-01",NA,FALSE
DKRLPPKP,152,"2,90214631700165e-01",weaker,"8,69942554990317e-01",stronger,FALSE,152,"0,757980317172577","-2,82320000000000038","-2,76874719000000002","2,422802","-8,80000000000000e+00",NA,FALSE
DKRLPPLP,152,"4,86800978446267e-01",weaker,"6,79476495115881e-01",no significant difference,FALSE,152,"0,898523226042644","-0,72880000000000034","-0,44554567999999978","2,848896","-4,44089209850063e-16",NA,FALSE
DKRLPPMP,152,"3,01909884973170e-01",weaker,"7,61859736498748e-01",stronger,FALSE,152,"0,757980317172577","-0,63020000000000032","-0,76746254999999985","2,780775","-1,50000000000000e+00",NA,FALSE
DKRLPPNP,152,"1,80580466164968e-01",weaker,"7,68402426431311e-01",stronger,FALSE,152,"0,757980317172577","-1,91190000000000015","-1,86932398999999982","2,693657","-6,20000000000000e+00",NA,FALSE
DKRLPPPP,152,"3,25086771790836e-01",weaker,"7,61053523166628e-01",no significant difference,FALSE,152,"0,762441996969020","-1,82250000000000023","-1,69014018999999993","2,563501","-7,90000000000000e+00",NA,FALSE
DKRLPPQP,152,"2,59929543626081e-01",weaker,"7,95797585511250e-01",stronger,FALSE,152,"0,757980317172577","-2,05400000000000027","-1,80740688999999977","2,650321","-8,50000000000000e+00",NA,FALSE
DKRLPPRP,152,"3,04254405194163e-01",weaker,"7,80420505405839e-01",stronger,FALSE,152,"0,757980317172577","-1,73020000000000018","-1,60164738999999989","2,943471","-4,30000000000000e+00",NA,FALSE
DKRLPPSP,152,"2,03153875407642e-01",weaker,"7,45831556948119e-01",stronger,FALSE,152,"0,757980317172577","-1,50500000000000034","-1,72182068999999993","2,637638","-6,20000000000000e+00",NA,FALSE
DKRLPPTP,152,"3,91634172383017e-01",weaker,"7,87530848603630e-01",stronger,FALSE,152,"0,762441996969020","-1,53950000000000031","-1,45468569999999997","2,608507","-7,60000000000000e+00",NA,FALSE
DKRLPPVP,152,"3,93028984006494e-01",weaker,"7,44489944316960e-01",stronger,FALSE,152,"0,771365356561906","-0,88270000000000026","-0,61184625999999986","2,484017","-1,00000000000000e+00",NA,FALSE
DKRLPPWP,152,"1,87938215123211e-01",weaker,"5,75360503749612e-01",no significant difference,FALSE,152,"0,757980317172577","-0,85010000000000030","0,50217298000000032","3,265896","-4,70000000000000e+00",NA,FALSE
DKRLPPYP,152,"2,28044235966965e-01",weaker,"6,32600754412071e-01",no significant difference,FALSE,152,"0,757980317172577","-0,76200000000000023","0,18915020000000021","3,214561","-2,50000000000000e+00",NA,FALSE
DKSLPP*P,152,"1,80386982104583e-01",weaker,"7,84783199941471e-01",stronger,TRUE,152,NA,"-1,23750000000000027","-1,45473808999999976","1,680010","-5,40000000000000e+00",NA,FALSE
DKSLPPAP,152,"2,88952196880937e-01",weaker,"7,82972881718514e-01",stronger,FALSE,152,"0,770664910378829","-1,41120000000000023","-1,36878638999999991","2,213849","-7,40000000000000e+00",NA,FALSE
DKSLPPCP,152,"3,30551815233003e-01",weaker,"6,99361128752641e-01",stronger,FALSE,152,"0,770664910378829","-0,38020000000000037","0,06856595000000021","2,524610","-3,50000000000000e+00",NA,FALSE
DKSLPPDP,152,"2,58777647667019e-01",weaker,"8,02678361187701e-01",stronger,FALSE,152,"0,770664910378829","-2,16590000000000016","-2,33263238999999967","1,985871","-1,07000000000000e+01",NA,FALSE
DKSLPPEP,152,"2,93760600974155e-01",weaker,"8,37604273234622e-01",stronger,FALSE,152,"0,770664910378829","-2,20670000000000011","-2,56121358999999993","1,969759","-9,40000000000000e+00",NA,FALSE
DKSLPPFP,152,"2,01091949838093e-01",weaker,"7,22969949804784e-01",no significant difference,FALSE,152,"0,770664910378829","-0,14470000000000033","0,05470931000000023","2,851828","-3,20000000000000e+00",NA,FALSE
DKSLPPGP,152,"1,95464009008451e-01",weaker,"8,51899722574895e-01",stronger,FALSE,152,"0,770664910378829","-1,59450000000000025","-1,07573305999999991","2,761841","-7,60000000000000e+00",NA,FALSE
DKSLPPIP,152,"5,48900180874729e-01",weaker,"6,98270463077264e-01",no significant difference,FALSE,152,"0,784049949768159","-0,30650000000000027","-0,44836045999999996","2,500359","-2,80000000000000e+00",NA,FALSE
DKSLPPKP,152,"3,67874247834264e-01",weaker,"8,93304747119235e-01",stronger,FALSE,152,"0,770664910378829","-2,59800000000000031","-2,88892048999999984","2,116969","-1,07000000000000e+01",NA,FALSE
DKSLPPLP,152,"5,16503294630096e-01",weaker,"7,19464329366998e-01",no significant difference,FALSE,152,"0,911207819248897","-0,50360000000000027","-0,56571897999999976","2,543063","-1,90000000000000e+00",NA,FALSE
DKSLPPMP,152,"3,22207803633934e-01",weaker,"7,24643156836161e-01",stronger,FALSE,152,"0,770664910378829","-0,40500000000000030","-0,88763584999999989","2,474942","-3,40000000000000e+00",NA,FALSE
DKSLPPNP,152,"2,79749774425884e-01",weaker,"7,98171092662254e-01",no significant difference,FALSE,152,"0,770664910378829","-1,68670000000000031","-1,98949728999999986","2,387824","-8,10000000000000e+00",NA,FALSE
DKSLPPQP,152,"3,66102810575014e-01",weaker,"8,79613073693834e-01",stronger,FALSE,152,"0,770664910378829","-1,82880000000000020","-1,92758018999999980","2,344488","-1,04000000000000e+01",NA,FALSE
DKSLPPRP,152,"3,62402479381961e-01",weaker,"8,46193004215057e-01",stronger,FALSE,152,"0,770664910378829","-1,50500000000000034","-1,72182068999999993","2,637638","-6,20000000000000e+00",NA,FALSE
DKSLPPSP,152,"2,11051207875996e-01",weaker,"8,08893080099853e-01",stronger,FALSE,152,"0,770664910378829","-1,27980000000000027","-1,84199398999999975","2,331805","-8,10000000000000e+00",NA,FALSE
DKSLPPTP,152,"4,17703540334565e-01",weaker,"8,18833728188715e-01",stronger,FALSE,152,"0,775126590175273","-1,31430000000000025","-1,57485899999999979","2,302674","-9,50000000000000e+00",NA,FALSE
DKSLPPVP,152,"4,03961369778589e-01",weaker,"7,68417692782480e-01",stronger,FALSE,152,"0,784049949768159","-0,65750000000000020","-0,73201955999999990","2,178184","-2,90000000000000e+00",NA,FALSE
DKSLPPWP,152,"1,70989884144536e-01",weaker,"7,05500311609185e-01",no significant difference,FALSE,152,"0,770664910378829","-0,62490000000000023","0,38199968000000029","2,960063","-6,60000000000000e+00",NA,FALSE
DKSLPPYP,152,"2,57441142403898e-01",weaker,"7,24425624031942e-01",no significant difference,FALSE,152,"0,770664910378829","-0,53680000000000017","0,06897690000000023","2,908728","-4,40000000000000e+00",NA,FALSE
DKTLPP*P,152,"1,90640690347656e-01",weaker,"7,60229556018923e-01",no significant difference,TRUE,152,NA,"-1,27200000000000024","-1,18760309999999980","1,650879","-6,80000000000000e+00",NA,FALSE
DKTLPPAP,152,"1,89399575151457e-01",weaker,"8,22290461977510e-01",stronger,FALSE,152,"0,760094412895026","-1,44570000000000021","-1,10165139999999995","2,184718","-8,80000000000000e+00",NA,FALSE
DKTLPPCP,152,"2,99683182484462e-01",weaker,"7,55033898100626e-01",no significant difference,FALSE,152,"0,760094412895026","-0,41470000000000040","0,33570094000000023","2,495479","-4,90000000000000e+00",NA,FALSE
DKTLPPDP,152,"2,76734405112930e-01",weaker,"7,85440416369651e-01",stronger,FALSE,152,"0,760094412895026","-2,20040000000000013","-2,06549739999999993","1,956740","-1,21000000000000e+01",NA,FALSE
DKTLPPEP,152,"2,45965669843186e-01",weaker,"8,48134253816585e-01",stronger,FALSE,152,"0,760094412895026","-2,24120000000000008","-2,29407859999999975","1,940628","-1,08000000000000e+01",NA,FALSE
DKTLPPFP,152,"2,05422956265641e-01",weaker,"7,31687192121212e-01",stronger,FALSE,152,"0,760094412895026","-0,17920000000000033","0,32184430000000025","2,822697","-4,60000000000000e+00",NA,FALSE
DKTLPPGP,152,"2,32498196746440e-01",weaker,"8,33050155462308e-01",stronger,FALSE,152,"0,760094412895026","-1,62900000000000023","-0,80859806999999995","2,732710","-9,00000000000000e+00",NA,FALSE
DKTLPPIP,152,"4,79686125199325e-01",weaker,"6,82627329161338e-01",no significant difference,FALSE,152,"0,773479452284355","-0,34100000000000030","-0,18122546999999997","2,471228","-4,20000000000000e+00",NA,FALSE
DKTLPPKP,152,"3,43030811763098e-01",weaker,"9,75119333675810e-01",stronger,FALSE,152,"0,760094412895026","-2,63250000000000028","-2,62178549999999966","2,087838","-1,21000000000000e+01",NA,FALSE
DKTLPPLP,152,"4,72778986997824e-01",weaker,"7,01161369297773e-01",no significant difference,FALSE,152,"0,900637321765093","-0,53810000000000036","-0,29858398999999974","2,513932","-3,30000000000000e+00",NA,FALSE
DKTLPPMP,152,"2,20940727605582e-01",weaker,"7,38626824498243e-01",no significant difference,FALSE,152,"0,760094412895026","-0,43950000000000033","-0,62050085999999993","2,445811","-4,80000000000000e+00",NA,FALSE
DKTLPPNP,152,"2,28732523497720e-01",weaker,"9,22472486239573e-01",stronger,FALSE,152,"0,760094412895026","-1,72120000000000029","-1,72236229999999990","2,358693","-9,50000000000000e+00",NA,FALSE
DKTLPPPP,152,"4,11243195502981e-01",weaker,"7,32081984128988e-01",no significant difference,FALSE,152,"0,764556092691469","-1,63180000000000014","-1,54317849999999979","2,228537","-1,12000000000000e+01",NA,FALSE
DKTLPPRP,152,"3,31096554844442e-01",weaker,"8,41939177100017e-01",stronger,FALSE,152,"0,760094412895026","-1,53950000000000031","-1,45468569999999997","2,608507","-7,60000000000000e+00",NA,FALSE
DKTLPPSP,152,"2,69637385249774e-01",weaker,"7,41820872132882e-01",stronger,FALSE,152,"0,760094412895026","-1,31430000000000025","-1,57485899999999979","2,302674","-9,50000000000000e+00",NA,FALSE
DKTLPPTP,152,"4,72778986997824e-01",weaker,"7,98043568301440e-01",no significant difference,FALSE,152,"0,764556092691469","-1,34880000000000022","-1,30772400999999983","2,273543","-1,09000000000000e+01",NA,FALSE
DKTLPPVP,152,"3,57977319485315e-01",weaker,"8,18741262807489e-01",stronger,FALSE,152,"0,773479452284355","-0,69200000000000028","-0,46488456999999989","2,149053","-4,30000000000000e+00",NA,FALSE
DKTLPPWP,152,"3,29622022880898e-02",weaker,"7,25764092063812e-01",no significant difference,FALSE,152,"0,760094412895026","-0,65940000000000032","0,64913467000000025","2,930932","-8,00000000000000e+00",NA,FALSE
DKTLPPYP,152,"3,13798998182614e-01",weaker,"6,87421787348166e-01",no significant difference,FALSE,152,"0,760094412895026","-0,57130000000000025","0,33611189000000025","2,879597","-5,80000000000000e+00",NA,FALSE
DKVLPP*P,152,"9,59095441179562e-02",weaker,"7,05853874896771e-01",no significant difference,TRUE,152,NA,"-0,61520000000000019","-0,34476365999999992","1,526389","-2,00000000000000e-01",NA,FALSE
DKVLPPAP,152,"2,21378852178351e-01",weaker,"6,47065769322529e-01",no significant difference,FALSE,152,"0,760094412895026","-0,78890000000000027","-0,25881195999999990","2,060228","-2,20000000000000e+00",NA,FALSE
DKVLPPCP,152,"2,69898354096611e-01",weaker,"5,74745363725137e-01",no significant difference,FALSE,152,"0,760094412895026","0,24209999999999965","1,17854038000000028","2,370989","1,70000000000000e+00",NA,FALSE
DKVLPPDP,152,"1,87850558452089e-01",weaker,"6,63962583524302e-01",no significant difference,FALSE,152,"0,760094412895026","-1,54360000000000031","-1,22265795999999982","1,832250","-5,50000000000000e+00",NA,FALSE
DKVLPPEP,152,"3,00751851054292e-01",weaker,"6,98611592580194e-01",no significant difference,FALSE,152,"0,760094412895026","-1,58440000000000025","-1,45123915999999986","1,816138","-4,20000000000000e+00",NA,FALSE
DKVLPPFP,152,"2,29631239236645e-01",weaker,"5,80298558231790e-01",no significant difference,FALSE,152,"0,760094412895026","0,47759999999999969","1,16468374000000008","2,698207","2,00000000000000e+00",NA,FALSE
DKVLPPGP,152,"1,76525901895525e-01",weaker,"7,72668097224647e-01",stronger,FALSE,152,"0,760094412895026","-0,97220000000000029","0,03424137000000005","2,608220","-2,40000000000000e+00",NA,FALSE
DKVLPPHP,152,"2,76080343828790e-01",weaker,"6,21716920983791e-01",no significant difference,FALSE,152,"0,760094412895026","-0,67470000000000030","-0,30727394999999991","2,303050","-1,90000000000000e+00",NA,FALSE
DKVLPPIP,152,"4,01111106668276e-01",weaker,"5,74431910197293e-01",no significant difference,FALSE,152,"0,773479452284355","0,31579999999999975","0,66161397000000000","2,346738","2,40000000000000e+00",NA,FALSE
DKVLPPKP,152,"2,92511690076417e-01",weaker,"8,64398884471708e-01",stronger,FALSE,152,"0,760094412895026","-1,97570000000000023","-1,77894606000000000","1,963348","-5,50000000000000e+00",NA,FALSE
DKVLPPLP,152,"4,37950580021448e-01",weaker,"5,29878819502466e-01",weaker,FALSE,152,"0,900637321765093","0,11869999999999969","0,54425545000000020","2,389442","3,30000000000000e+00",NA,FALSE
DKVLPPMP,152,"1,66215699562629e-01",weaker,"6,76016169913119e-01",no significant difference,FALSE,152,"0,760094412895026","0,21729999999999972","0,22233858000000006","2,321321","1,80000000000000e+00",NA,FALSE
DKVLPPNP,152,"3,02971749938015e-01",weaker,"6,89575599426615e-01",no significant difference,FALSE,152,"0,760094412895026","-1,06440000000000023","-0,87952285999999991","2,234203","-2,90000000000000e+00",NA,FALSE
DKVLPPQP,152,"2,30783273433982e-01",weaker,"7,59350339543602e-01",stronger,FALSE,152,"0,760094412895026","-1,20650000000000013","-0,81760575999999996","2,190867","-5,20000000000000e+00",NA,FALSE
DKVLPPRP,152,"3,06732527827493e-01",weaker,"7,91886687237339e-01",stronger,FALSE,152,"0,760094412895026","-0,88270000000000026","-0,61184625999999986","2,484017","-1,00000000000000e+00",NA,FALSE
DKVLPPSP,152,"2,65147252420041e-01",weaker,"6,68254770136343e-01",no significant difference,FALSE,152,"0,760094412895026","-0,65750000000000020","-0,73201955999999990","2,178184","-2,90000000000000e+00",NA,FALSE
DKVLPPTP,152,"3,37742234997426e-01",weaker,"6,01133187596322e-01",no significant difference,FALSE,152,"0,764556092691469","-0,69200000000000028","-0,46488456999999989","2,149053","-4,30000000000000e+00",NA,FALSE
DKVLPPVP,152,"3,49373242167888e-01",weaker,"5,98435146303969e-01",no significant difference,FALSE,152,"0,773479452284355","-0,03520000000000023","0,37795487000000005","2,024563","2,30000000000000e+00",NA,FALSE
DKVLPPWP,152,"1,60462765069646e-01",weaker,"5,97189927861391e-01",no significant difference,FALSE,152,"0,760094412895026","-0,00260000000000027","1,49197411000000013","2,806442","-1,40000000000000e+00",NA,FALSE
DKVLPPYP,152,"1,72969966975506e-01",weaker,"6,38996867095337e-01",no significant difference,FALSE,152,"0,760094412895026","0,08549999999999980","1,17895133000000030","2,755107","8,00000000000000e-01",NA,FALSE
DKVRVFLGWF,366,"5,08926290829515e-01",no significant difference,"-8,75796011726240e-02",no significant difference,FALSE,366,"0,972692087701267","3,57769999999999966","6,76781147000000072","5,377079","2,01000000000000e+01","0,78830",FALSE
DKWLPP*P,152,"1,98394135154101e-01",weaker,"5,39973940650697e-01",no significant difference,TRUE,152,NA,"-0,58260000000000023","0,76925558000000027","2,308268","-3,90000000000000e+00",NA,FALSE
DKWLPPAP,152,"1,92107387009661e-01",weaker,"6,32484079644165e-01",no significant difference,FALSE,152,"0,757980317172577","-0,75630000000000031","0,85520728000000035","2,842107","-5,90000000000000e+00",NA,FALSE
DKWLPPCP,152,"2,16339167559782e-01",weaker,"5,65528200937498e-01",no significant difference,FALSE,152,"0,757980317172577","0,27469999999999961","2,29255962000000046","3,152868","-2,00000000000000e+00",NA,FALSE
DKWLPPDP,152,"9,05752341996571e-02",weaker,"6,14619288067853e-01",no significant difference,FALSE,152,"0,757980317172577","-1,51100000000000034","-0,10863871999999974","2,614129","-9,20000000000000e+00",NA,FALSE
DKWLPPEP,152,"7,91505357876241e-02",weaker,"6,85721814589383e-01",no significant difference,FALSE,152,"0,757980317172577","-1,55180000000000029","-0,33721991999999967","2,598017","-7,90000000000000e+00",NA,FALSE
DKWLPPFP,152,"5,39196303691941e-02",weaker,"5,39440804007291e-01",no significant difference,FALSE,152,"0,757980317172577","0,51019999999999965","2,27870298000000027","3,480086","-1,70000000000000e+00",NA,FALSE
DKWLPPGP,152,"9,22320588842008e-02",weaker,"6,88931124613375e-01",no significant difference,FALSE,152,"0,757980317172577","-0,93960000000000032","1,14826061000000035","3,390099","-6,10000000000000e+00",NA,FALSE
DKWLPPHP,152,"2,02184639503822e-01",weaker,"6,72747016041871e-01",no significant difference,FALSE,152,"0,757980317172577","-0,64210000000000034","0,80674529000000028","3,084929","-5,60000000000000e+00",NA,FALSE
DKWLPPIP,152,"7,66837860983992e-02",weaker,"5,52420884295521e-01",no significant difference,FALSE,152,"0,771365356561906","0,34839999999999971","1,77563321000000007","3,128617","-1,30000000000000e+00",NA,FALSE
DKWLPPKP,152,"1,92121943250088e-01",weaker,"7,57173460608538e-01",no significant difference,FALSE,152,"0,757980317172577","-1,94310000000000027","-0,66492681999999970","2,745227","-9,20000000000000e+00",NA,FALSE
DKWLPPLP,152,"2,52025606742135e-01",weaker,"5,83046080997925e-01",no significant difference,FALSE,152,"0,898523226042644","0,15129999999999966","1,65827469000000027","3,171321","-4,00000000000000e-01",NA,FALSE
DKWLPPMP,152,"7,35134614504808e-02",weaker,"5,54646812923657e-01",no significant difference,FALSE,152,"0,757980317172577","0,24989999999999968","1,33635782000000036","3,103200","-1,90000000000000e+00",NA,FALSE
DKWLPPNP,152,"1,79216811338579e-01",weaker,"6,48087929660295e-01",no significant difference,FALSE,152,"0,757980317172577","-1,03180000000000027","0,23449638000000028","3,016082","-6,60000000000000e+00",NA,FALSE
DKWLPPQP,152,"2,44473074333344e-01",weaker,"6,51598617638464e-01",no significant difference,FALSE,152,"0,757980317172577","-1,17390000000000017","0,29641348000000028","2,972746","-8,90000000000000e+00",NA,FALSE
DKWLPPRP,152,"1,01999113208734e-01",weaker,"6,41777203543273e-01",no significant difference,FALSE,152,"0,757980317172577","-0,85010000000000030","0,50217298000000032","3,265896","-4,70000000000000e+00",NA,FALSE
DKWLPPSP,152,"8,01599544373157e-02",weaker,"6,07684108653363e-01",no significant difference,FALSE,152,"0,757980317172577","-0,62490000000000023","0,38199968000000029","2,960063","-6,60000000000000e+00",NA,FALSE
DKWLPPTP,152,"1,51878505411875e-01",weaker,"7,05898219896569e-01",no significant difference,FALSE,152,"0,762441996969020","-0,65940000000000032","0,64913467000000025","2,930932","-8,00000000000000e+00",NA,FALSE
DKWLPPVP,152,"2,21918701769914e-01",weaker,"6,50375839366659e-01",no significant difference,FALSE,152,"0,771365356561906","-0,00260000000000027","1,49197411000000013","2,806442","-1,40000000000000e+00",NA,FALSE
DKWLPPWP,152,"7,30119298319814e-02",weaker,"4,14201249280047e-01",weaker,FALSE,152,"0,757980317172577","0,02999999999999969","2,60599335000000032","3,588321","-5,10000000000000e+00",NA,FALSE
DKWLPPYP,152,"-3,04246567037469e-02",weaker,"5,31871232270483e-01",weaker,FALSE,152,"0,757980317172577","0,11809999999999976","2,29297057000000049","3,536986","-2,90000000000000e+00",NA,FALSE
DKYLPP*P,152,"1,45688055427942e-02",weaker,"6,87428114588364e-01",no significant difference,TRUE,152,NA,"-0,49450000000000016","0,45623280000000022","2,256933","-1,70000000000000e+00",NA,FALSE
DKYLPPAP,152,"1,93603655521268e-01",weaker,"7,15014865081526e-01",no significant difference,FALSE,152,"0,757980317172577","-0,66820000000000024","0,54218450000000029","2,790772","-3,70000000000000e+00",NA,FALSE
DKYLPPCP,152,"1,16266727305215e-01",weaker,"7,07215635000904e-01",no significant difference,FALSE,152,"0,757980317172577","0,36279999999999968","1,97953684000000019","3,101533","1,99999999999999e-01",NA,FALSE
DKYLPPDP,152,"2,88496679721090e-01",weaker,"7,10443293031735e-01",no significant difference,FALSE,152,"0,757980317172577","-1,42290000000000028","-0,42166149999999980","2,562794","-7,00000000000000e+00",NA,FALSE
DKYLPPEP,152,"1,65389285652533e-01",weaker,"7,66689734696327e-01",no significant difference,FALSE,152,"0,757980317172577","-1,46370000000000022","-0,65024269999999973","2,546682","-5,70000000000000e+00",NA,FALSE
DKYLPPFP,152,"1,79216811338579e-01",weaker,"5,77564964598616e-01",no significant difference,FALSE,152,"0,757980317172577","0,59829999999999972","1,96568020000000043","3,428751","5,00000000000000e-01",NA,FALSE
DKYLPPGP,152,"1,88733950134391e-01",weaker,"7,38434119888040e-01",no significant difference,FALSE,152,"0,757980317172577","-0,85150000000000026","0,83523783000000018","3,338764","-3,90000000000000e+00",NA,FALSE
DKYLPPHP,152,"1,50450707070015e-01",weaker,"6,53756679579014e-01",no significant difference,FALSE,152,"0,757980317172577","-0,55400000000000027","0,49372251000000023","3,033594","-3,40000000000000e+00",NA,FALSE
DKYLPPIP,152,"1,95594738583259e-01",weaker,"6,17070394227844e-01",no significant difference,FALSE,152,"0,771365356561906","0,43649999999999978","1,46261043000000024","3,077282","8,99999999999999e-01",NA,FALSE
DKYLPPKP,152,"3,21689803223028e-01",weaker,"8,32865256294405e-01",stronger,FALSE,152,"0,757980317172577","-1,85500000000000043","-0,97794959999999975","2,693892","-7,00000000000000e+00",NA,FALSE
DKYLPPLP,152,"3,19694041824322e-01",weaker,"5,12635403993524e-01",no significant difference,FALSE,152,"0,898523226042644","0,23939999999999972","1,34525191000000044","3,119986","1,80000000000000e+00",NA,FALSE
DKYLPPMP,152,"7,87521674851440e-02",weaker,"6,57512753653047e-01",no significant difference,FALSE,152,"0,757980317172577","0,33799999999999975","1,02333504000000008","3,051865","3,00000000000000e-01",NA,FALSE
DKYLPPQP,152,"1,44195865663836e-01",weaker,"7,01278922038511e-01",no significant difference,FALSE,152,"0,757980317172577","-1,08580000000000032","-0,01660929999999977","2,921411","-6,70000000000000e+00",NA,FALSE
DKYLPPRP,152,"1,77346294158079e-01",weaker,"7,51281920767216e-01",stronger,FALSE,152,"0,757980317172577","-0,76200000000000023","0,18915020000000021","3,214561","-2,50000000000000e+00",NA,FALSE
DKYLPPSP,152,"1,99729657679425e-01",weaker,"7,69534628501413e-01",stronger,FALSE,152,"0,757980317172577","-0,53680000000000017","0,06897690000000023","2,908728","-4,40000000000000e+00",NA,FALSE
DKYLPPTP,152,"3,43445805544941e-01",weaker,"7,58672937664290e-01",no significant difference,FALSE,152,"0,762441996969020","-0,57130000000000025","0,33611189000000025","2,879597","-5,80000000000000e+00",NA,FALSE
DKYLPPVP,152,"1,85974271936047e-01",weaker,"6,83431859769675e-01",no significant difference,FALSE,152,"0,771365356561906","0,08549999999999980","1,17895133000000030","2,755107","8,00000000000000e-01",NA,FALSE
DKYLPPWP,152,"1,46275090822256e-01",weaker,"6,14316417059210e-01",no significant difference,FALSE,152,"0,757980317172577","0,11809999999999976","2,29297057000000049","3,536986","-2,90000000000000e+00",NA,FALSE
DKYLPPYP,152,"1,65048556598557e-01",weaker,"6,50412855384102e-01",no significant difference,FALSE,152,"0,757980317172577","0,20619999999999983","1,97994779000000021","3,485651","-7,00000000000000e-01",NA,FALSE
DRRLHESPWL,385,"7,69281180964157e-01",no significant difference,"7,09470566378252e-01",stronger,FALSE,385,"0,975852545960096","0,98519999999999985","2,16877640000000049","4,634849","8,10000000000000e+00","0,41790",FALSE
EGRFWFSDWL,363,"8,76002200159395e-01",no significant difference,"4,86844985762831e-01",stronger,FALSE,363,"0,959454914397863","3,37929999999999975","7,09956318000000053","6,165369","1,25000000000000e+01","0,17494",FALSE
EKVRVFLGWF,366,"5,76352331151396e-01",no significant difference,"-1,07339049608661e-01",no significant difference,FALSE,366,"0,972692087701267","3,53689999999999971","6,53923027000000001","5,360967","2,14000000000000e+01","0,35112",FALSE
ERRLHESPWL,385,"8,72155806128874e-01",no significant difference,"7,34630548366068e-01",stronger,FALSE,385,"0,975852545960096","0,94439999999999991","1,94019520000000045","4,618737","9,40000000000000e+00","0,40042",FALSE
FGRFWFSDWL,363,"7,92324032815395e-01",no significant difference,"2,88905101009139e-01",no significant difference,FALSE,363,"0,959454914397863","5,44130000000000003","9,71548607999999980","7,047438","1,87000000000000e+01","0,02496",FALSE
FKVRVFLGWF,366,"3,81662333208969e-01",no significant difference,"-4,18023035188540e-01",no significant difference,FALSE,366,"0,972692087701267","5,59889999999999954","9,15515317000000017","6,243036","2,76000000000000e+01","-0,13764",FALSE
FRRLHESPWL,385,"8,45805259148789e-01",no significant difference,"5,73639201288849e-01",no significant difference,FALSE,385,"0,975852545960096","3,00639999999999974","4,55611810000000084","5,500806","1,56000000000000e+01","0,23792",FALSE
GGGR*PV*DYVVL,250,"-2,23337845766986e-01",weaker,"6,28239116875368e-01",stronger,TRUE,250,NA,"-0,61890000000000001","1,58108328999999981","3,047805","1,40000000000000e+00",NA,FALSE
GGGR*PVADYVVL,250,"-2,90743650769042e-03",weaker,"6,41458382103675e-01",stronger,TRUE,250,NA,"-0,61890000000000001","1,58108328999999981","3,047805","1,40000000000000e+00",NA,FALSE
GGGR*PVCDYVVL,250,"-2,44132263522456e-01",weaker,"6,63646851134988e-01",stronger,TRUE,250,NA,"-0,61890000000000001","1,58108328999999981","3,047805","1,40000000000000e+00",NA,FALSE
GGGR*PVDDYVVL,250,"-7,71368792278606e-03",weaker,"7,26817489847498e-01",stronger,TRUE,250,NA,"-0,61890000000000001","1,58108328999999981","3,047805","1,40000000000000e+00",NA,FALSE
GGGR*PVEDYVVL,250,"-4,46998648218419e-03",weaker,"6,21922189432613e-01",stronger,TRUE,250,NA,"-0,61890000000000001","1,58108328999999981","3,047805","1,40000000000000e+00",NA,FALSE
GGGR*PVFDYVVL,250,"-8,56163765824630e-02",weaker,"6,72560266534443e-01",stronger,TRUE,250,NA,"-0,61890000000000001","1,58108328999999981","3,047805","1,40000000000000e+00",NA,FALSE
GGGR*PVGDYVVL,250,"-5,35187414593113e-02",weaker,"6,73410063403845e-01",stronger,TRUE,250,NA,"-0,61890000000000001","1,58108328999999981","3,047805","1,40000000000000e+00",NA,FALSE
GGGR*PVHDYVVL,250,"6,53669809645750e-02",weaker,"6,79606729314060e-01",stronger,TRUE,250,NA,"-0,61890000000000001","1,58108328999999981","3,047805","1,40000000000000e+00",NA,FALSE
GGGR*PVIDYVVL,250,"-1,20080299418770e-01",weaker,"6,72565139977133e-01",stronger,TRUE,250,NA,"-0,61890000000000001","1,58108328999999981","3,047805","1,40000000000000e+00",NA,FALSE
GGGR*PVKDYVVL,250,"2,59163950316253e-02",weaker,"6,74171683930138e-01",stronger,TRUE,250,NA,"-0,61890000000000001","1,58108328999999981","3,047805","1,40000000000000e+00",NA,FALSE
GGGR*PVLDYVVL,250,"-2,42606912052183e-02",weaker,"6,45214989858128e-01",stronger,TRUE,250,NA,"-0,61890000000000001","1,58108328999999981","3,047805","1,40000000000000e+00",NA,FALSE
GGGR*PVMDYVVL,250,"4,66624761995038e-02",weaker,"6,14982659132595e-01",stronger,TRUE,250,NA,"-0,61890000000000001","1,58108328999999981","3,047805","1,40000000000000e+00",NA,FALSE
GGGR*PVNDYVVL,250,"-9,53866203949719e-02",no significant difference,"6,51811841126570e-01",stronger,TRUE,250,NA,"-0,61890000000000001","1,58108328999999981","3,047805","1,40000000000000e+00",NA,FALSE
GGGR*PVPDYVVL,250,"1,66101182324219e-01",weaker,"6,41862217212422e-01",stronger,TRUE,250,NA,"-0,61890000000000001","1,58108328999999981","3,047805","1,40000000000000e+00",NA,FALSE
GGGR*PVQDYVVL,250,"6,29430543111016e-03",weaker,"6,25291018641574e-01",stronger,TRUE,250,NA,"-0,61890000000000001","1,58108328999999981","3,047805","1,40000000000000e+00",NA,FALSE
GGGR*PVRDYVVL,250,"-8,57844416260154e-02",weaker,"6,94116782138600e-01",stronger,TRUE,250,NA,"-0,61890000000000001","1,58108328999999981","3,047805","1,40000000000000e+00",NA,FALSE
GGGR*PVSDYVVL,250,"6,25606054629037e-03",weaker,"6,31654218610841e-01",stronger,TRUE,250,NA,"-0,61890000000000001","1,58108328999999981","3,047805","1,40000000000000e+00",NA,FALSE
GGGR*PVTDYVVL,250,"7,55976568905187e-02",weaker,"5,78004392079500e-01",stronger,TRUE,250,NA,"-0,61890000000000001","1,58108328999999981","3,047805","1,40000000000000e+00",NA,FALSE
GGGR*PVVDYVVL,250,"-5,09475841992522e-02",weaker,"6,61898127816108e-01",stronger,TRUE,250,NA,"-0,61890000000000001","1,58108328999999981","3,047805","1,40000000000000e+00",NA,FALSE
GGGR*PVWDYVVL,250,"-1,75298107602270e-02",weaker,"6,55600384757420e-01",stronger,TRUE,250,NA,"-0,61890000000000001","1,58108328999999981","3,047805","1,40000000000000e+00",NA,FALSE
GGGR*PVYDYVVL,250,"6,02948430189279e-02",weaker,"6,98179622059983e-01",stronger,TRUE,250,NA,"-0,61890000000000001","1,58108328999999981","3,047805","1,40000000000000e+00",NA,FALSE
GGGRAPV*DYVVL,250,"9,67237940675520e-02",weaker,"6,25074176821184e-01",stronger,TRUE,250,NA,"-0,03269999999999998","2,56754121999999985","3,790989","4,10000000000000e+00",NA,FALSE
GGGRAPVADYVVL,250,"6,79609855978975e-02",weaker,"3,24594539102060e-01",stronger,FALSE,250,"0,889286175025586","2,53920000000000012","6,70049598000000035","5,985834","1,95000000000000e+01",NA,FALSE
GGGRAPVCDYVVL,250,"-1,50976849877430e-02",weaker,"2,49286853192338e-01",no significant difference,FALSE,250,"0,850928438138174","3,57019999999999982","8,13784831999999980","6,296595","2,34000000000000e+01",NA,FALSE
GGGRAPVDDYVVL,250,"1,78424708118426e-01",weaker,"3,81068253859057e-01",stronger,FALSE,250,"0,851131960809626","1,78449999999999998","5,73664998000000015","5,757856","1,62000000000000e+01",NA,FALSE
GGGRAPVEDYVVL,250,"8,79804707250474e-02",weaker,"4,87291617553955e-01",stronger,FALSE,250,"0,854876899127770","1,74370000000000003","5,50806878000000033","5,741744","1,75000000000000e+01",NA,FALSE
GGGRAPVFDYVVL,250,"-7,63014278201041e-02",weaker,"1,00555777251693e-01",no significant difference,FALSE,250,"0,850928438138174","3,80569999999999986","8,12399167999999960","6,623813","2,37000000000000e+01",NA,FALSE
GGGRAPVGDYVVL,250,"-1,26340930695667e-02",weaker,"4,48336552890817e-01",stronger,FALSE,250,"0,852178695902735","2,35590000000000011","6,99354930999999969","6,533826","1,93000000000000e+01",NA,FALSE
GGGRAPVIDYVVL,250,"1,13189406922393e-01",weaker,"1,66014556978409e-01",no significant difference,FALSE,250,"0,878321341944893","3,64389999999999992","7,62092190999999985","6,272344","2,41000000000000e+01",NA,FALSE
GGGRAPVKDYVVL,250,"-3,60768285589662e-02",weaker,"4,50373857053020e-01",stronger,FALSE,250,"0,851742050547298","1,35239999999999982","5,18036188000000042","5,888954","1,62000000000000e+01",NA,FALSE
GGGRAPVLDYVVL,250,"6,31611433031740e-02",weaker,"3,07312649351465e-01",no significant difference,FALSE,250,"0,852491233772949","3,44680000000000009","7,50356339000000006","6,315048","2,50000000000000e+01",NA,FALSE
GGGRAPVMDYVVL,250,"2,21267294502556e-02",weaker,"2,81425976794609e-01",stronger,FALSE,250,"0,854245371966299","3,54539999999999988","7,18164652000000014","6,246927","2,35000000000000e+01",NA,FALSE
GGGRAPVRDYVVL,250,"7,39484859263116e-02",weaker,"3,05955222021041e-01",stronger,FALSE,250,"0,865889506734975","2,44539999999999980","6,34746168000000033","6,409623","2,07000000000000e+01",NA,FALSE
GGGRAPVSDYVVL,250,"7,39484859263116e-02",weaker,"3,41216245709567e-01",stronger,FALSE,250,"0,855584206572674","2,67059999999999986","6,22728838000000007","6,103790","1,88000000000000e+01",NA,FALSE
GGGRAPVVDYVVL,250,"1,20912604842520e-02",weaker,"2,84382067190046e-01",no significant difference,FALSE,250,"0,936498779576072","3,29289999999999994","7,33726281000000036","5,950169","2,40000000000000e+01",NA,FALSE
GGGRAPVWDYVVL,250,"-7,04783773024380e-02",weaker,"2,69226846979577e-01",no significant difference,FALSE,250,"0,850928438138174","3,32549999999999990","8,45128204999999966","6,732048","2,03000000000000e+01",NA,FALSE
GGGRAPVYDYVVL,250,"1,36210131566987e-01",weaker,"3,18030658301218e-01",no significant difference,FALSE,250,"0,850928438138174","3,41360000000000019","8,13825927000000071","6,680713","2,25000000000000e+01",NA,FALSE
GGGRCPV*DYVVL,250,"1,15572380199017e-01",no significant difference,"5,77563214508963e-01",stronger,TRUE,250,NA,"0,99829999999999997","4,00489356000000019","4,101750","8,00000000000000e+00",NA,FALSE
GGGRCPVADYVVL,250,"-3,08867045887493e-03",weaker,"2,95510322271714e-01",stronger,FALSE,250,"0,888322298710828","3,57019999999999982","8,13784831999999980","6,296595","2,34000000000000e+01",NA,FALSE
GGGRCPVCDYVVL,250,"-1,99638790569846e-01",no significant difference,"3,14148799000494e-01",no significant difference,FALSE,250,"0,849964561823415","4,60119999999999951","9,57520066000000014","6,607356","2,73000000000000e+01",NA,FALSE
GGGRCPVDDYVVL,250,"-1,13387707929040e-01",no significant difference,"3,87383506600433e-01",no significant difference,FALSE,250,"0,850168084494867","2,81549999999999967","7,17400231999999960","6,068617","2,01000000000000e+01",NA,FALSE
GGGRCPVEDYVVL,250,"7,70891460204700e-02",no significant difference,"4,45270140824833e-01",no significant difference,FALSE,250,"0,853913022813011","2,77469999999999972","6,94542111999999978","6,052505","2,14000000000000e+01",NA,FALSE
GGGRCPVFDYVVL,250,"-2,09960374615633e-01",no significant difference,"8,97524063530851e-02",no significant difference,FALSE,250,"0,849964561823415","4,83669999999999956","9,56134401999999994","6,934574","2,76000000000000e+01",NA,FALSE
GGGRCPVGDYVVL,250,"-1,89756113985351e-02",weaker,"3,66600205128134e-01",stronger,FALSE,250,"0,851214819587977","3,38689999999999980","8,43090164999999914","6,844587","2,32000000000000e+01",NA,FALSE
GGGRCPVHDYVVL,250,"9,79954252526648e-03",weaker,"3,75652908068051e-01",no significant difference,FALSE,250,"0,850167638103296","3,68440000000000012","8,08938632999999996","6,539417","2,37000000000000e+01",NA,FALSE
GGGRCPVIDYVVL,250,"-2,76973108226886e-01",weaker,"1,73866097275062e-01",no significant difference,FALSE,250,"0,877357465630134","4,67490000000000006","9,05827425000000019","6,583105","2,80000000000000e+01",NA,FALSE
GGGRCPVKDYVVL,250,"8,41558055838035e-02",weaker,"2,93301313319898e-01",no significant difference,FALSE,250,"0,850778174232540","2,38339999999999996","6,61771421999999987","6,199715","2,01000000000000e+01",NA,FALSE
GGGRCPVLDYVVL,250,"-1,33269498167948e-01",weaker,"1,18444718630394e-01",no significant difference,FALSE,250,"0,851527357458190","4,47780000000000022","8,94091573000000039","6,625809","2,89000000000000e+01",NA,FALSE
GGGRCPVMDYVVL,250,"-1,12486358318184e-01",weaker,"1,96157051045746e-01",no significant difference,FALSE,250,"0,853281495651540","4,57639999999999958","8,61899885999999960","6,557688","2,74000000000000e+01",NA,FALSE
GGGRCPVNDYVVL,250,"-1,72724976126502e-01",weaker,"2,81456505278399e-01",no significant difference,FALSE,250,"0,849964561823415","3,29469999999999974","7,51713742000000007","6,470570","2,27000000000000e+01",NA,FALSE
GGGRCPVPDYVVL,250,"6,14978441946758e-02",weaker,"3,47439909021912e-01",stronger,FALSE,250,"0,863540626171313","3,38410000000000011","7,69632121999999974","6,340414","2,10000000000000e+01",NA,FALSE
GGGRCPVQDYVVL,250,"2,37908770217898e-02",weaker,"4,03303408458057e-01",stronger,FALSE,250,"0,852203056128490","3,15260000000000007","7,57905451999999968","6,427234","2,04000000000000e+01",NA,FALSE
GGGRCPVRDYVVL,250,"-2,32136420422621e-02",weaker,"3,18226608715294e-01",stronger,FALSE,250,"0,864925630420217","3,47639999999999993","7,78481401999999978","6,720384","2,46000000000000e+01",NA,FALSE
GGGRCPVSDYVVL,250,"1,55260137262614e-02",weaker,"2,98755369473098e-01",stronger,FALSE,250,"0,854620330257915","3,70160000000000000","7,66464072000000041","6,414551","2,27000000000000e+01",NA,FALSE
GGGRCPVTDYVVL,250,"-6,27762962662597e-02",weaker,"3,42093947823968e-01",stronger,FALSE,250,"0,864430316458251","3,66710000000000003","7,93177571000000015","6,385420","2,13000000000000e+01",NA,FALSE
GGGRCPVVDYVVL,250,"-1,00443032955918e-01",weaker,"2,40967100414789e-01",no significant difference,FALSE,250,"0,935534903261314","4,32390000000000008","8,77461515000000070","6,260930","2,79000000000000e+01",NA,FALSE
GGGRCPVWDYVVL,250,"-1,73194364465245e-01",weaker,"8,58863466597409e-02",no significant difference,FALSE,250,"0,849964561823415","4,35649999999999959","9,88863439000000000","7,042809","2,42000000000000e+01",NA,FALSE
GGGRCPVYDYVVL,250,"-1,60912219757785e-01",weaker,"1,65991501365168e-01",no significant difference,FALSE,250,"0,849964561823415","4,44460000000000033","9,57561160999999927","6,991474","2,64000000000000e+01",NA,FALSE
GGGRDPV*DYVVL,250,"5,29597181934426e-02",weaker,"6,73010030993575e-01",stronger,TRUE,250,NA,"-0,78739999999999999","1,60369521999999987","3,563011","8,00000000000000e-01",NA,FALSE
GGGRDPVADYVVL,250,"1,00703368151909e-02",weaker,"3,54695469036076e-01",stronger,FALSE,250,"0,888516425902538","1,78449999999999998","5,73664998000000015","5,757856","1,62000000000000e+01",NA,FALSE
GGGRDPVCDYVVL,250,"-1,78174534480900e-01",weaker,"3,01983539584730e-01",no significant difference,FALSE,250,"0,850158689015126","2,81549999999999967","7,17400231999999960","6,068617","2,01000000000000e+01",NA,FALSE
GGGRDPVDDYVVL,250,"-6,23987363017277e-02",weaker,"3,64559579827683e-01",no significant difference,FALSE,250,"0,850362211686578","1,02979999999999983","4,77280397999999995","5,529878","1,29000000000000e+01",NA,FALSE
GGGRDPVEDYVVL,250,"-2,71313494383458e-02",weaker,"5,93014040793528e-01",stronger,FALSE,250,"0,854107150004722","0,98899999999999999","4,54422278000000013","5,513766","1,42000000000000e+01",NA,FALSE
GGGRDPVFDYVVL,250,"-2,20325839583580e-01",weaker,"2,34233529446738e-01",no significant difference,FALSE,250,"0,850158689015126","3,05099999999999971","7,16014568000000029","6,395835","2,04000000000000e+01",NA,FALSE
GGGRDPVGDYVVL,250,"-1,03830099860412e-01",weaker,"4,39276696951985e-01",stronger,FALSE,250,"0,851408946779688","1,60119999999999996","6,02970330999999948","6,305848","1,60000000000000e+01",NA,FALSE
GGGRDPVHDYVVL,250,"-2,63376402098789e-02",weaker,"4,18714002687307e-01",stronger,FALSE,250,"0,850361765295007","1,89869999999999983","5,68818799000000030","6,000678","1,65000000000000e+01",NA,FALSE
GGGRDPVIDYVVL,250,"-8,45893574639986e-02",weaker,"3,63959163911678e-01",no significant difference,FALSE,250,"0,877551592821845","2,88919999999999977","6,65707590999999965","6,044366","2,08000000000000e+01",NA,FALSE
GGGRDPVKDYVVL,250,"5,29597181934428e-02",no significant difference,"5,02401253509008e-01",stronger,FALSE,250,"0,850972301424251","0,59769999999999990","4,21651588000000022","5,660976","1,29000000000000e+01",NA,FALSE
GGGRDPVLDYVVL,250,"-1,35204005516419e-02",weaker,"3,14969327041570e-01",stronger,FALSE,250,"0,851721484649901","2,69209999999999994","6,53971738999999985","6,087070","2,17000000000000e+01",NA,FALSE
GGGRDPVMDYVVL,250,"6,10052097007049e-02",no significant difference,"3,01756169405265e-01",no significant difference,FALSE,250,"0,853475622843251","2,79069999999999974","6,21780051999999994","6,018949","2,02000000000000e+01",NA,FALSE
GGGRDPVNDYVVL,250,"-7,74854470085470e-02",weaker,"3,39486891388056e-01",no significant difference,FALSE,250,"0,850158689015126","1,50899999999999990","5,11593907999999953","5,931831","1,55000000000000e+01",NA,FALSE
GGGRDPVPDYVVL,250,"1,42887149485994e-01",weaker,"2,85029886718844e-01",no significant difference,FALSE,250,"0,863734753363024","1,59840000000000004","5,29512288000000009","5,801675","1,38000000000000e+01",NA,FALSE
GGGRDPVQDYVVL,250,"3,69838232342366e-02",weaker,"4,33054036725859e-01",no significant difference,FALSE,250,"0,852397183320201","1,36690000000000000","5,17785618000000003","5,888495","1,32000000000000e+01",NA,FALSE
GGGRDPVRDYVVL,250,"-7,42780218418899e-02",weaker,"3,53731881112526e-01",stronger,FALSE,250,"0,865119757611928","1,69069999999999987","5,38361568000000013","6,181645","1,74000000000000e+01",NA,FALSE
GGGRDPVSDYVVL,250,"-8,40210221082892e-02",weaker,"3,60771311422502e-01",stronger,FALSE,250,"0,854814457449626","1,91589999999999994","5,26344237999999986","5,875812","1,55000000000000e+01",NA,FALSE
GGGRDPVTDYVVL,250,"1,41965884328295e-01",weaker,"3,51826948852756e-01",stronger,FALSE,250,"0,864624443649962","1,88139999999999996","5,53057736999999960","5,846681","1,41000000000000e+01",NA,FALSE
GGGRDPVVDYVVL,250,"-1,03963065925412e-01",weaker,"3,46334895907045e-01",stronger,FALSE,250,"0,935729030453024","2,53819999999999979","6,37341681000000015","5,722191","2,07000000000000e+01",NA,FALSE
GGGRDPVWDYVVL,250,"-9,44637312944823e-02",weaker,"2,90760424971006e-01",no significant difference,FALSE,250,"0,850158689015126","2,57079999999999975","7,48743605000000034","6,504070","1,70000000000000e+01",NA,FALSE
GGGRDPVYDYVVL,250,"5,64401833502026e-03",weaker,"2,26876148916907e-01",no significant difference,FALSE,250,"0,850158689015126","2,65890000000000004","7,17441326999999962","6,452735","1,92000000000000e+01",NA,FALSE
GGGREPV*DYVVL,250,"1,26545832731855e-02",weaker,"6,62949798721061e-01",stronger,TRUE,250,NA,"-0,82819999999999994","1,37511401999999983","3,546899","2,10000000000000e+00",NA,FALSE
GGGREPVADYVVL,250,"7,55460789899425e-02",weaker,"4,94404251669002e-01",stronger,FALSE,250,"0,888322904527960","1,74370000000000003","5,50806878000000033","5,741744","1,75000000000000e+01",NA,FALSE
GGGREPVCDYVVL,250,"-1,61590480152224e-01",no significant difference,"4,38373941185338e-01",no significant difference,FALSE,250,"0,849965167640548","2,77469999999999972","6,94542111999999978","6,052505","2,14000000000000e+01",NA,FALSE
GGGREPVDDYVVL,250,"-8,50862544576320e-02",weaker,"4,65958429973168e-01",stronger,FALSE,250,"0,850168690312000","0,98899999999999999","4,54422278000000013","5,513766","1,42000000000000e+01",NA,FALSE
GGGREPVEDYVVL,250,"4,22353911455827e-03",weaker,"4,53312459669400e-01",no significant difference,FALSE,250,"0,853913628630144","0,94820000000000004","4,31564158000000031","5,497654","1,55000000000000e+01",NA,FALSE
GGGREPVFDYVVL,250,"2,17763875185613e-03",no significant difference,"2,31378197118415e-01",no significant difference,FALSE,250,"0,849965167640548","3,01019999999999976","6,93156448000000047","6,379723","2,17000000000000e+01",NA,FALSE
GGGREPVGDYVVL,250,"-1,21365466698644e-01",weaker,"4,34912698876479e-01",stronger,FALSE,250,"0,851215425405109","1,56040000000000001","5,80112210999999967","6,289736","1,73000000000000e+01",NA,FALSE
GGGREPVHDYVVL,250,"9,33808652252537e-02",no significant difference,"4,60016707384464e-01",stronger,FALSE,250,"0,850168243920428","1,85789999999999988","5,45960678999999960","5,984566","1,78000000000000e+01",NA,FALSE
GGGREPVIDYVVL,250,"-3,63949574081807e-02",weaker,"3,37634810901012e-01",no significant difference,FALSE,250,"0,877358071447267","2,84839999999999982","6,42849470999999983","6,028254","2,21000000000000e+01",NA,FALSE
GGGREPVKDYVVL,250,"-2,14243374355876e-02",weaker,"4,30087538971079e-01",stronger,FALSE,250,"0,850778780049672","0,55689999999999995","3,98793467999999995","5,644864","1,42000000000000e+01",NA,FALSE
GGGREPVLDYVVL,250,"-5,37593335416087e-02",weaker,"2,59817066760414e-01",no significant difference,FALSE,250,"0,851527963275323","2,65129999999999999","6,31113619000000003","6,070958","2,30000000000000e+01",NA,FALSE
GGGREPVMDYVVL,250,"-3,16702824610128e-02",weaker,"4,09154030570249e-01",stronger,FALSE,250,"0,853282101468673","2,74989999999999979","5,98921932000000012","6,002837","2,15000000000000e+01",NA,FALSE
GGGREPVNDYVVL,250,"-6,54095026408020e-02",weaker,"4,21566560561859e-01",stronger,FALSE,250,"0,849965167640548","1,46819999999999995","4,88735787999999971","5,915719","1,68000000000000e+01",NA,FALSE
GGGREPVQDYVVL,250,"7,14289183303590e-02",weaker,"3,96644984472061e-01",no significant difference,FALSE,250,"0,852203661945622","1,32610000000000006","4,94927498000000021","5,872383","1,45000000000000e+01",NA,FALSE
GGGREPVRDYVVL,250,"-1,12984675115380e-02",weaker,"4,74324819423926e-01",stronger,FALSE,250,"0,864926236237349","1,64989999999999992","5,15503448000000031","6,165533","1,87000000000000e+01",NA,FALSE
GGGREPVSDYVVL,250,"3,39229402027071e-02",weaker,"2,74488528820160e-01",stronger,FALSE,250,"0,854620936075048","1,87509999999999999","5,03486118000000005","5,859700","1,68000000000000e+01",NA,FALSE
GGGREPVTDYVVL,250,"1,19699653541380e-01",weaker,"3,64974200303197e-01",stronger,FALSE,250,"0,864430922275384","1,84060000000000001","5,30199616999999979","5,830569","1,54000000000000e+01",NA,FALSE
GGGREPVVDYVVL,250,"-1,23485500421756e-01",weaker,"3,82871306792249e-01",stronger,FALSE,250,"0,935535509078446","2,49739999999999984","6,14483561000000034","5,706079","2,20000000000000e+01",NA,FALSE
GGGREPVWDYVVL,250,"-2,24278523981225e-03",weaker,"2,05812792763984e-01",no significant difference,FALSE,250,"0,849965167640548","2,52999999999999980","7,25885485000000052","6,487958","1,83000000000000e+01",NA,FALSE
GGGREPVYDYVVL,250,"-2,77051220278890e-02",weaker,"3,28466892752247e-01",stronger,FALSE,250,"0,849965167640548","2,61810000000000009","6,94583206999999980","6,436623","2,05000000000000e+01",NA,FALSE
GGGRFPV*DYVVL,250,"-2,21444745366552e-01",weaker,"5,26929778525483e-01",stronger,TRUE,250,NA,"1,23380000000000001","3,99103691999999999","4,428968","8,30000000000000e+00",NA,FALSE
GGGRFPVADYVVL,250,"2,19891279769462e-01",weaker,"2,74219887222305e-01",no significant difference,FALSE,250,"0,934959663951324","3,80569999999999986","8,12399167999999960","6,623813","2,37000000000000e+01",NA,FALSE
GGGRFPVCDYVVL,250,"2,43390616930767e-02",weaker,"1,82777959317599e-01",no significant difference,FALSE,250,"0,896601927063911","4,83669999999999956","9,56134401999999994","6,934574","2,76000000000000e+01",NA,FALSE
GGGRFPVDDYVVL,250,"-1,77929539716689e-01",weaker,"3,12164823047945e-01",no significant difference,FALSE,250,"0,896805449735363","3,05099999999999971","7,16014568000000029","6,395835","2,04000000000000e+01",NA,FALSE
GGGRFPVEDYVVL,250,"2,28527089417904e-01",weaker,"3,24348877283121e-01",no significant difference,FALSE,250,"0,900550388053507","3,01019999999999976","6,93156448000000047","6,379723","2,17000000000000e+01",NA,FALSE
GGGRFPVFDYVVL,250,"-3,20258901996198e-01",weaker,"-1,93853209137899e-02",no significant difference,FALSE,250,"0,896601927063911","5,07219999999999960","9,54748737999999975","7,261792","2,79000000000000e+01",NA,FALSE
GGGRFPVGDYVVL,250,"-1,90202750030721e-02",weaker,"2,54487176928415e-01",no significant difference,FALSE,250,"0,897852184828473","3,62239999999999984","8,41704501000000072","7,171805","2,35000000000000e+01",NA,FALSE
GGGRFPVHDYVVL,250,"-7,52498357647653e-02",weaker,"2,78307963278446e-01",no significant difference,FALSE,250,"0,896805003343792","3,91990000000000016","8,07552968999999976","6,866635","2,40000000000000e+01",NA,FALSE
GGGRFPVIDYVVL,250,"2,27244788967698e-01",no significant difference,"8,50501190952259e-02",no significant difference,FALSE,250,"0,923994830870630","4,91040000000000010","9,04441761000000000","6,910323","2,83000000000000e+01",NA,FALSE
GGGRFPVKDYVVL,250,"-8,36644553390772e-02",weaker,"2,71200756006283e-01",no significant difference,FALSE,250,"0,897415539473036","2,61890000000000001","6,60385757999999967","6,526933","2,04000000000000e+01",NA,FALSE
GGGRFPVLDYVVL,250,"-1,52827033591701e-01",weaker,"4,65906702306884e-02",no significant difference,FALSE,250,"0,898164722698686","4,71330000000000027","8,92705909000000020","6,953027","2,92000000000000e+01",NA,FALSE
GGGRFPVMDYVVL,250,"-4,95459031155268e-02",no significant difference,"1,48628762677706e-01",no significant difference,FALSE,250,"0,899918860892036","4,81189999999999962","8,60514221999999940","6,884906","2,77000000000000e+01",NA,FALSE
GGGRFPVNDYVVL,250,"-1,34097275886598e-01",weaker,"2,18594848530477e-01",no significant difference,FALSE,250,"0,896601927063911","3,53019999999999978","7,50328077999999987","6,797788","2,30000000000000e+01",NA,FALSE
GGGRFPVPDYVVL,250,"3,81087227030545e-01",no significant difference,"2,43607102254560e-01",no significant difference,FALSE,250,"0,910177991411809","3,61960000000000015","7,68246458000000043","6,667632","2,13000000000000e+01",NA,FALSE
GGGRFPVQDYVVL,250,"3,26822263061912e-02",weaker,"1,38605615028014e-01",no significant difference,FALSE,250,"0,898840421368986","3,38810000000000011","7,56519788000000037","6,754452","2,07000000000000e+01",NA,FALSE
GGGRFPVRDYVVL,250,"7,21955724666357e-02",weaker,"2,14811828729301e-01",no significant difference,FALSE,250,"0,911562995660712","3,71189999999999998","7,77095738000000047","7,047602","2,49000000000000e+01",NA,FALSE
GGGRFPVSDYVVL,250,"-8,25902431000268e-02",weaker,"2,72412704626076e-01",no significant difference,FALSE,250,"0,901257695498411","3,93710000000000004","7,65078408000000021","6,741769","2,30000000000000e+01",NA,FALSE
GGGRFPVTDYVVL,250,"1,06303616382877e-01",weaker,"2,32299465833797e-01",no significant difference,FALSE,250,"0,911067681698747","3,90260000000000007","7,91791906999999995","6,712638","2,16000000000000e+01",NA,FALSE
GGGRFPVVDYVVL,250,"2,57909838005842e-01",weaker,"1,59015765944661e-01",no significant difference,FALSE,250,"0,982172268501809","4,55940000000000012","8,76075851000000050","6,588148","2,82000000000000e+01",NA,FALSE
GGGRFPVWDYVVL,250,"-1,81677484815718e-01",weaker,"3,71259320727228e-02",weaker,FALSE,250,"0,896601927063911","4,59199999999999964","9,87477774999999980","7,370027","2,45000000000000e+01",NA,FALSE
GGGRFPVYDYVVL,250,"-1,78132414263974e-01",weaker,"8,39307384930442e-04",no significant difference,FALSE,250,"0,896601927063911","4,68010000000000037","9,56175497000000085","7,318692","2,67000000000000e+01",NA,FALSE
GGGRGPV*DYVVL,250,"-3,20745541667653e-02",weaker,"5,78193066481693e-01",stronger,TRUE,250,NA,"-0,21600000000000003","2,86059454999999963","4,338981","3,90000000000000e+00",NA,FALSE
GGGRGPVADYVVL,250,"-1,06572529813908e-01",weaker,"4,25232921081431e-01",stronger,FALSE,250,"0,888322553791725","2,35590000000000011","6,99354930999999969","6,533826","1,93000000000000e+01",NA,FALSE
GGGRGPVCDYVVL,250,"-1,25536943633068e-01",weaker,"3,45909630113377e-01",no significant difference,FALSE,250,"0,849964816904313","3,38689999999999980","8,43090164999999914","6,844587","2,32000000000000e+01",NA,FALSE
GGGRGPVDDYVVL,250,"-9,32548099060804e-02",weaker,"3,95038715494849e-01",stronger,FALSE,250,"0,850168339575765","1,60119999999999996","6,02970330999999948","6,305848","1,60000000000000e+01",NA,FALSE
GGGRGPVEDYVVL,250,"-1,28619580416003e-02",weaker,"4,67738780781236e-01",stronger,FALSE,250,"0,853913277893909","1,56040000000000001","5,80112210999999967","6,289736","1,73000000000000e+01",NA,FALSE
GGGRGPVFDYVVL,250,"-1,56504595250160e-01",weaker,"1,51206130462155e-01",no significant difference,FALSE,250,"0,849964816904313","3,62239999999999984","8,41704501000000072","7,171805","2,35000000000000e+01",NA,FALSE
GGGRGPVGDYVVL,250,"-1,14097822787463e-01",weaker,"4,04482832432091e-01",stronger,FALSE,250,"0,851215074668875","2,17260000000000009","7,28660263999999991","7,081818","1,91000000000000e+01",NA,FALSE
GGGRGPVHDYVVL,250,"4,93761855378059e-02",weaker,"3,47279428876100e-01",stronger,FALSE,250,"0,850167893184194","2,47009999999999996","6,94508731999999984","6,776648","1,96000000000000e+01",NA,FALSE
GGGRGPVIDYVVL,250,"-1,80580095305774e-01",weaker,"1,87592512218704e-01",no significant difference,FALSE,250,"0,877357720711032","3,46059999999999990","7,91397524000000008","6,820336","2,39000000000000e+01",NA,FALSE
GGGRGPVKDYVVL,250,"-1,58513610270955e-01",weaker,"3,74284884518768e-01",stronger,FALSE,250,"0,850778429313438","1,16909999999999981","5,47341520999999975","6,436946","1,60000000000000e+01",NA,FALSE
GGGRGPVLDYVVL,250,"-8,87620424582042e-02",weaker,"2,14349242173315e-01",no significant difference,FALSE,250,"0,851527612539088","3,26350000000000007","7,79661672000000028","6,863040","2,48000000000000e+01",NA,FALSE
GGGRGPVMDYVVL,250,"-5,93162237830319e-02",weaker,"2,44905179955407e-01",no significant difference,FALSE,250,"0,853281750732438","3,36209999999999987","7,47469984999999948","6,794919","2,33000000000000e+01",NA,FALSE
GGGRGPVNDYVVL,250,"-7,12145045764627e-02",weaker,"3,30448024220203e-01",stronger,FALSE,250,"0,849964816904313","2,08040000000000003","6,37283840999999995","6,707801","1,86000000000000e+01",NA,FALSE
GGGRGPVPDYVVL,250,"8,64454752831443e-02",weaker,"4,10059346596358e-01",stronger,FALSE,250,"0,863540881252211","2,16979999999999995","6,55202220999999962","6,577645","1,69000000000000e+01",NA,FALSE
GGGRGPVQDYVVL,250,"1,08340502122200e-02",weaker,"3,64396960872029e-01",stronger,FALSE,250,"0,852203311209388","1,93829999999999991","6,43475550999999957","6,664465","1,63000000000000e+01",NA,FALSE
GGGRGPVRDYVVL,250,"-5,47615636715773e-02",weaker,"3,79724370371566e-01",stronger,FALSE,250,"0,864925885501115","2,26209999999999978","6,64051500999999966","6,957615","2,05000000000000e+01",NA,FALSE
GGGRGPVSDYVVL,250,"-7,87633428920994e-02",weaker,"3,71769185061588e-01",stronger,FALSE,250,"0,854620585338813","2,48729999999999984","6,52034171000000029","6,651782","1,86000000000000e+01",NA,FALSE
GGGRGPVTDYVVL,250,"-3,46360117618566e-02",weaker,"3,61510189651044e-01",stronger,FALSE,250,"0,864430571539149","2,45279999999999987","6,78747670000000003","6,622651","1,72000000000000e+01",NA,FALSE
GGGRGPVVDYVVL,250,"-1,38731704874880e-01",weaker,"2,67884175374486e-01",no significant difference,FALSE,250,"0,935535158342212","3,10959999999999992","7,63031613999999969","6,498161","2,38000000000000e+01",NA,FALSE
GGGRGPVWDYVVL,250,"-2,43309205484875e-01",weaker,"1,13429744371445e-01",no significant difference,FALSE,250,"0,849964816904313","3,14219999999999988","8,74433538000000077","7,280040","2,01000000000000e+01",NA,FALSE
GGGRGPVYDYVVL,250,"-1,55313572217172e-01",weaker,"1,86858994901983e-01",no significant difference,FALSE,250,"0,849964816904313","3,23030000000000017","8,43131260000000005","7,228705","2,23000000000000e+01",NA,FALSE
GGGRHPV*DYVVL,250,"1,70253902529286e-02",weaker,"5,56953606329808e-01",stronger,TRUE,250,NA,"0,08150000000000002","2,51907923000000000","4,033811","4,40000000000000e+00",NA,FALSE
GGGRHPVCDYVVL,250,"-4,04032924354009e-02",weaker,"1,81286284440429e-01",no significant difference,FALSE,250,"0,853312349811821","3,68440000000000012","8,08938632999999996","6,539417","2,37000000000000e+01",NA,FALSE
GGGRHPVDDYVVL,250,"-4,02734377872611e-02",weaker,"2,85507302123901e-01",no significant difference,FALSE,250,"0,853515872483274","1,89869999999999983","5,68818799000000030","6,000678","1,65000000000000e+01",NA,FALSE
GGGRHPVEDYVVL,250,"4,13971623584644e-02",weaker,"4,16227494133719e-01",stronger,FALSE,250,"0,857260810801418","1,85789999999999988","5,45960678999999960","5,984566","1,78000000000000e+01",NA,FALSE
GGGRHPVFDYVVL,250,"-1,09753259118623e-01",weaker,"7,58213129406667e-02",no significant difference,FALSE,250,"0,853312349811821","3,91990000000000016","8,07552968999999976","6,866635","2,40000000000000e+01",NA,FALSE
GGGRHPVGDYVVL,250,"6,39354615929815e-02",weaker,"3,51971865131850e-01",stronger,FALSE,250,"0,854562607576383","2,47009999999999996","6,94508731999999984","6,776648","1,96000000000000e+01",NA,FALSE
GGGRHPVHDYVVL,250,"9,33808652252537e-02",weaker,"1,82048164630894e-01",no significant difference,FALSE,250,"0,853515426091702","2,76759999999999984","6,60357199999999978","6,471478","2,01000000000000e+01",NA,FALSE
GGGRHPVIDYVVL,250,"-4,72120353738453e-02",weaker,"1,24321648687730e-01",no significant difference,FALSE,250,"0,880705253618540","3,75809999999999977","7,57245992000000001","6,515166","2,44000000000000e+01",NA,FALSE
GGGRHPVKDYVVL,250,"1,12537724419938e-01",weaker,"4,46598800586048e-01",stronger,FALSE,250,"0,854125962220946","1,46659999999999990","5,13189988999999969","6,131776","1,65000000000000e+01",NA,FALSE
GGGRHPVLDYVVL,250,"5,78144485557838e-02",weaker,"2,35676969767316e-01",no significant difference,FALSE,250,"0,854875145446597","3,56099999999999994","7,45510140000000021","6,557870","2,53000000000000e+01",NA,FALSE
GGGRHPVMDYVVL,250,"6,53669809645750e-02",no significant difference,"2,44388464715240e-01",no significant difference,FALSE,250,"0,856629283639947","3,65960000000000019","7,13318453000000030","6,489749","2,38000000000000e+01",NA,FALSE
GGGRHPVNDYVVL,250,"1,12537724419938e-01",weaker,"1,64904218741777e-01",no significant difference,FALSE,250,"0,853312349811821","2,37789999999999990","6,03132308999999989","6,402631","1,91000000000000e+01",NA,FALSE
GGGRHPVRDYVVL,250,"9,82821298823483e-02",weaker,"3,02364901417382e-01",no significant difference,FALSE,250,"0,868273418408623","2,55960000000000010","6,29899968999999960","6,652445","2,10000000000000e+01",NA,FALSE
GGGRHPVSDYVVL,250,"1,31082180897451e-01",weaker,"1,74949514020726e-01",no significant difference,FALSE,250,"0,857968118246321","2,78480000000000016","6,17882639000000022","6,346612","1,91000000000000e+01",NA,FALSE
GGGRHPVTDYVVL,250,"1,86618325353272e-01",weaker,"3,27949013631508e-01",no significant difference,FALSE,250,"0,867778104446657","2,75030000000000019","6,44596137999999996","6,317481","1,77000000000000e+01",NA,FALSE
GGGRHPVVDYVVL,250,"7,89464480604306e-02",weaker,"2,53497713444780e-01",no significant difference,FALSE,250,"0,938882691249720","3,40709999999999980","7,28880081999999963","6,192991","2,43000000000000e+01",NA,FALSE
GGGRHPVWDYVVL,250,"7,05952089562679e-02",weaker,"-8,13245971615414e-02",no significant difference,FALSE,250,"0,853312349811821","3,43970000000000020","8,40282005999999981","6,974870","2,06000000000000e+01",NA,FALSE
GGGRHPVYDYVVL,250,"-1,67262315687256e-02",weaker,"1,15515101653175e-01",no significant difference,FALSE,250,"0,853312349811821","3,52780000000000005","8,08979728000000087","6,923535","2,28000000000000e+01",NA,FALSE
GGGRIPV*DYVVL,250,"-2,41880423150559e-01",weaker,"6,76774855674202e-01",stronger,TRUE,250,NA,"1,07200000000000006","3,48796714999999979","4,077499","8,70000000000000e+00",NA,FALSE
GGGRIPVADYVVL,250,"9,65965630646089e-02",weaker,"3,02140626041261e-01",no significant difference,FALSE,250,"0,898247337024510","3,64389999999999992","7,62092190999999985","6,272344","2,41000000000000e+01",NA,FALSE
GGGRIPVCDYVVL,250,"5,37793619730427e-02",weaker,"2,16661790147743e-01",no significant difference,FALSE,250,"0,859889600137098","4,67490000000000006","9,05827425000000019","6,583105","2,80000000000000e+01",NA,FALSE
GGGRIPVDDYVVL,250,"-1,34213546746412e-01",weaker,"3,60330133747290e-01",stronger,FALSE,250,"0,860093122808550","2,88919999999999977","6,65707590999999965","6,044366","2,08000000000000e+01",NA,FALSE
GGGRIPVEDYVVL,250,"3,56751169896679e-02",weaker,"3,89074723159648e-01",no significant difference,FALSE,250,"0,863838061126694","2,84839999999999982","6,42849470999999983","6,028254","2,21000000000000e+01",NA,FALSE
GGGRIPVFDYVVL,250,"-3,33650035810624e-01",weaker,"-2,48602288814266e-02",no significant difference,FALSE,250,"0,859889600137098","4,91040000000000010","9,04441761000000000","6,910323","2,83000000000000e+01",NA,FALSE
GGGRIPVGDYVVL,250,"-2,07133742659010e-01",weaker,"2,96937406460306e-01",stronger,FALSE,250,"0,861139857901659","3,46059999999999990","7,91397524000000008","6,820336","2,39000000000000e+01",NA,FALSE
GGGRIPVHDYVVL,250,"-7,29844154936392e-02",weaker,"3,00050182321199e-01",no significant difference,FALSE,250,"0,860092676416978","3,75809999999999977","7,57245992000000001","6,515166","2,44000000000000e+01",NA,FALSE
GGGRIPVIDYVVL,250,"-3,52613758517981e-02",weaker,"5,86613332862897e-02",no significant difference,FALSE,250,"0,887282503943816","4,74859999999999971","8,54134784000000025","6,558854","2,87000000000000e+01",NA,FALSE
GGGRIPVKDYVVL,250,"-7,03889737772748e-02",weaker,"3,16654902538577e-01",no significant difference,FALSE,250,"0,860703212546222","2,45710000000000006","6,10078780999999992","6,175464","2,08000000000000e+01",NA,FALSE
GGGRIPVLDYVVL,250,"-9,53866203949719e-02",weaker,"1,45586808592246e-01",no significant difference,FALSE,250,"0,861452395771872","4,55149999999999988","8,42398932000000045","6,601558","2,96000000000000e+01",NA,FALSE
GGGRIPVMDYVVL,250,"-4,08631141048860e-02",weaker,"2,32454900888132e-01",no significant difference,FALSE,250,"0,863206533965223","4,65010000000000012","8,10207244999999965","6,533437","2,81000000000000e+01",NA,FALSE
GGGRIPVNDYVVL,250,"-7,51564786765476e-02",weaker,"3,45731297858232e-01",no significant difference,FALSE,250,"0,859889600137098","3,36839999999999984","7,00021101000000012","6,446319","2,34000000000000e+01",NA,FALSE
GGGRIPVPDYVVL,250,"3,66586355189172e-01",no significant difference,"3,21960112350634e-01",no significant difference,FALSE,250,"0,873465664484995","3,45780000000000021","7,17939480999999979","6,316163","2,17000000000000e+01",NA,FALSE
GGGRIPVQDYVVL,250,"-2,06939604258575e-02",weaker,"3,94489427365955e-01",stronger,FALSE,250,"0,862128094442172","3,22630000000000017","7,06212810999999974","6,402983","2,11000000000000e+01",NA,FALSE
GGGRIPVRDYVVL,250,"-4,71732718075555e-02",weaker,"2,99326900722886e-01",stronger,FALSE,250,"0,874850668733899","3,55010000000000003","7,26788760999999983","6,696133","2,53000000000000e+01",NA,FALSE
GGGRIPVSDYVVL,250,"4,70989959987447e-02",weaker,"3,54098886913867e-01",no significant difference,FALSE,250,"0,864545368571597","3,77530000000000010","7,14771430999999957","6,390300","2,34000000000000e+01",NA,FALSE
GGGRIPVTDYVVL,250,"5,22600381776382e-02",weaker,"2,80886142926834e-01",no significant difference,FALSE,250,"0,874355354771933","3,74080000000000013","7,41484930000000020","6,361169","2,20000000000000e+01",NA,FALSE
GGGRIPVVDYVVL,250,"1,75469006811471e-01",weaker,"1,19305766716134e-01",no significant difference,FALSE,250,"0,945459941574996","4,39759999999999973","8,25768873999999897","6,236679","2,86000000000000e+01",NA,FALSE
GGGRIPVWDYVVL,250,"-4,80558919907159e-02",weaker,"2,01096075015507e-02",no significant difference,FALSE,250,"0,859889600137098","4,43020000000000014","9,37170798000000005","7,018558","2,49000000000000e+01",NA,FALSE
GGGRIPVYDYVVL,250,"-3,60957301847875e-02",no significant difference,"1,00981232217236e-01",no significant difference,FALSE,250,"0,859889600137098","4,51829999999999998","9,05868519999999933","6,967223","2,71000000000000e+01",NA,FALSE
GGGRKPV*DYVVL,250,"-6,95286217185181e-02",weaker,"6,01202037261399e-01",stronger,TRUE,250,NA,"-1,21950000000000003","1,04740711999999991","3,694109","8,00000000000000e-01",NA,FALSE
GGGRKPVADYVVL,250,"1,40479416955580e-01",weaker,"3,36999629960841e-01",stronger,FALSE,250,"0,888322298710828","1,35239999999999982","5,18036188000000042","5,888954","1,62000000000000e+01",NA,FALSE
GGGRKPVCDYVVL,250,"-2,19281398228170e-01",weaker,"3,24851561235654e-01",no significant difference,FALSE,250,"0,849964561823415","2,38339999999999996","6,61771421999999987","6,199715","2,01000000000000e+01",NA,FALSE
GGGRKPVDDYVVL,250,"-9,89021966128014e-02",weaker,"5,37717262670597e-01",no significant difference,FALSE,250,"0,850168084494867","0,59769999999999990","4,21651588000000022","5,660976","1,29000000000000e+01",NA,FALSE
GGGRKPVEDYVVL,250,"-3,16702824610128e-02",weaker,"3,90192174409828e-01",no significant difference,FALSE,250,"0,853913022813011","0,55689999999999995","3,98793467999999995","5,644864","1,42000000000000e+01",NA,FALSE
GGGRKPVFDYVVL,250,"-3,78586792194372e-02",weaker,"4,21114330177811e-02",no significant difference,FALSE,250,"0,849964561823415","2,61890000000000001","6,60385757999999967","6,526933","2,04000000000000e+01",NA,FALSE
GGGRKPVGDYVVL,250,"-1,27879143050801e-01",weaker,"4,06174409417656e-01",stronger,FALSE,250,"0,851214819587977","1,16909999999999981","5,47341520999999975","6,436946","1,60000000000000e+01",NA,FALSE
GGGRKPVHDYVVL,250,"1,90640690347656e-01",weaker,"1,92340026573529e-01",no significant difference,FALSE,250,"0,850167638103296","1,46659999999999990","5,13189988999999969","6,131776","1,65000000000000e+01",NA,FALSE
GGGRKPVIDYVVL,250,"2,15068622496457e-02",weaker,"1,76585327840654e-01",no significant difference,FALSE,250,"0,877357465630134","2,45710000000000006","6,10078780999999992","6,175464","2,08000000000000e+01",NA,FALSE
GGGRKPVKDYVVL,250,"-1,24538532806601e-01",weaker,"2,10747357282032e-01",no significant difference,FALSE,250,"0,850778174232540","0,16559999999999980","3,66022778000000004","5,792074","1,29000000000000e+01",NA,FALSE
GGGRKPVLDYVVL,250,"3,05715904289647e-02",weaker,"1,96032213545710e-01",no significant difference,FALSE,250,"0,851527357458190","2,25999999999999979","5,98342929000000012","6,218168","2,17000000000000e+01",NA,FALSE
GGGRKPVMDYVVL,250,"-2,13249103858782e-01",weaker,"1,45671670700562e-01",no significant difference,FALSE,250,"0,853281495651540","2,35860000000000003","5,66151242000000021","6,150047","2,02000000000000e+01",NA,FALSE
GGGRKPVNDYVVL,250,"-1,03199675221029e-01",weaker,"3,91725465995498e-01",no significant difference,FALSE,250,"0,849964561823415","1,07689999999999997","4,55965097999999980","6,062929","1,55000000000000e+01",NA,FALSE
GGGRKPVQDYVVL,250,"9,02754981085503e-02",weaker,"4,09526106013930e-01",stronger,FALSE,250,"0,852203056128490","0,93479999999999996","4,62156808000000030","6,019593","1,32000000000000e+01",NA,FALSE
GGGRKPVRDYVVL,250,"3,91761633703933e-02",weaker,"2,81559633677664e-01",no significant difference,FALSE,250,"0,864925630420217","1,25859999999999994","4,82732758000000040","6,312743","1,74000000000000e+01",NA,FALSE
GGGRKPVSDYVVL,250,"-5,74736377448955e-02",weaker,"3,22729843134023e-01",stronger,FALSE,250,"0,854620330257915","1,48380000000000001","4,70715428000000013","6,006910","1,55000000000000e+01",NA,FALSE
GGGRKPVTDYVVL,250,"1,11622624366214e-01",weaker,"1,80562009043184e-01",no significant difference,FALSE,250,"0,864430316458251","1,44929999999999981","4,97428926999999987","5,977779","1,41000000000000e+01",NA,FALSE
GGGRKPVVDYVVL,250,"-1,11266235646214e-01",weaker,"2,81723020134630e-01",stronger,FALSE,250,"0,935534903261314","2,10610000000000008","5,81712870999999954","5,853289","2,07000000000000e+01",NA,FALSE
GGGRKPVWDYVVL,250,"-2,14151608432834e-01",weaker,"8,20847641841505e-02",no significant difference,FALSE,250,"0,849964561823415","2,13870000000000005","6,93114794999999972","6,635168","1,70000000000000e+01",NA,FALSE
GGGRKPVYDYVVL,250,"-1,14303966371731e-01",weaker,"2,73406704640648e-01",no significant difference,FALSE,250,"0,849964561823415","2,22679999999999989","6,61812516999999989","6,583833","1,92000000000000e+01",NA,FALSE
GGGRLPV*DYVVL,250,"-1,51308770945518e-02",weaker,"5,64016175038388e-01",stronger,TRUE,250,NA,"0,87490000000000001","3,37060862999999999","4,120203","9,60000000000000e+00",NA,FALSE
GGGRLPVADYVVL,250,"1,99729657679425e-01",weaker,"2,83554682158260e-01",no significant difference,FALSE,250,"0,918482755861711","3,44680000000000009","7,50356339000000006","6,315048","2,50000000000000e+01",NA,FALSE
GGGRLPVCDYVVL,250,"4,56213370807957e-02",weaker,"2,03509284549443e-01",no significant difference,FALSE,250,"0,880125018974299","4,47780000000000022","8,94091573000000039","6,625809","2,89000000000000e+01",NA,FALSE
GGGRLPVDDYVVL,250,"-6,87436046908883e-02",weaker,"3,98582239800685e-01",stronger,FALSE,250,"0,880328541645751","2,69209999999999994","6,53971738999999985","6,087070","2,17000000000000e+01",NA,FALSE
GGGRLPVEDYVVL,250,"9,74103957141077e-02",weaker,"3,65436791539475e-01",stronger,FALSE,250,"0,884073479963895","2,65129999999999999","6,31113619000000003","6,070958","2,30000000000000e+01",NA,FALSE
GGGRLPVFDYVVL,250,"-1,00311718951805e-01",weaker,"3,47471851673024e-02",no significant difference,FALSE,250,"0,880125018974299","4,71330000000000027","8,92705909000000020","6,953027","2,92000000000000e+01",NA,FALSE
GGGRLPVGDYVVL,250,"-1,22241344572403e-01",weaker,"3,38113384862020e-01",stronger,FALSE,250,"0,881375276738860","3,26350000000000007","7,79661672000000028","6,863040","2,48000000000000e+01",NA,FALSE
GGGRLPVHDYVVL,250,"7,14289183303590e-02",weaker,"2,01223671306152e-01",no significant difference,FALSE,250,"0,880328095254180","3,56099999999999994","7,45510140000000021","6,557870","2,53000000000000e+01",NA,FALSE
GGGRLPVIDYVVL,250,"2,05238418527764e-01",weaker,"1,30183399156608e-01",no significant difference,FALSE,250,"0,907517922781018","4,55149999999999988","8,42398932000000045","6,601558","2,96000000000000e+01",NA,FALSE
GGGRLPVKDYVVL,250,"-6,77351701743277e-03",weaker,"3,36391698794359e-01",no significant difference,FALSE,250,"0,880938631383423","2,25999999999999979","5,98342929000000012","6,218168","2,17000000000000e+01",NA,FALSE
GGGRLPVLDYVVL,250,"-4,78007164977125e-02",weaker,"7,33621673461073e-02",no significant difference,FALSE,250,"0,881687814609074","4,35440000000000005","8,30663080000000065","6,644262","3,05000000000000e+01",NA,FALSE
GGGRLPVMDYVVL,250,"-4,64782411375290e-02",weaker,"2,15066663478270e-01",no significant difference,FALSE,250,"0,883441952802424","4,45300000000000029","7,98471392999999985","6,576141","2,90000000000000e+01",NA,FALSE
GGGRLPVNDYVVL,250,"-3,44256243202852e-02",weaker,"2,95781069084201e-01",no significant difference,FALSE,250,"0,880125018974299","3,17130000000000001","6,88285249000000032","6,489023","2,43000000000000e+01",NA,FALSE
GGGRLPVPDYVVL,250,"3,16243383248664e-01",weaker,"3,02696202403514e-01",stronger,FALSE,250,"0,893701083322197","3,26069999999999993","7,06203628999999999","6,358867","2,26000000000000e+01",NA,FALSE
GGGRLPVQDYVVL,250,"2,11051207875995e-01",weaker,"3,47923669897031e-01",stronger,FALSE,250,"0,882363513279373","3,02919999999999989","6,94476958999999994","6,445687","2,20000000000000e+01",NA,FALSE
GGGRLPVRDYVVL,250,"6,84020680252951e-02",weaker,"2,49151050614886e-01",no significant difference,FALSE,250,"0,895086087571100","3,35299999999999976","7,15052909000000003","6,738837","2,62000000000000e+01",NA,FALSE
GGGRLPVSDYVVL,250,"-5,56150588174499e-05",weaker,"3,03412355603972e-01",stronger,FALSE,250,"0,884780787408799","3,57819999999999983","7,03035578999999977","6,433004","2,43000000000000e+01",NA,FALSE
GGGRLPVTDYVVL,250,"9,62718085380012e-02",weaker,"2,65420215789646e-01",no significant difference,FALSE,250,"0,894590773609135","3,54369999999999985","7,29749078000000040","6,403873","2,29000000000000e+01",NA,FALSE
GGGRLPVVDYVVL,250,"2,86890208868947e-01",weaker,"1,53208477128483e-01",no significant difference,FALSE,250,"0,965695360412197","4,20049999999999990","8,14033021999999917","6,279383","2,95000000000000e+01",NA,FALSE
GGGRLPVWDYVVL,250,"-9,03144824493251e-02",weaker,"8,99610050855715e-02",no significant difference,FALSE,250,"0,880125018974299","4,23310000000000031","9,25434946000000025","7,061262","2,58000000000000e+01",NA,FALSE
GGGRLPVYDYVVL,250,"-1,15176187634561e-01",weaker,"1,45466209457522e-01",no significant difference,FALSE,250,"0,880125018974299","4,32120000000000015","8,94132667999999953","7,009927","2,80000000000000e+01",NA,FALSE
GGGRMPV*DYVVL,250,"-1,07656374737505e-02",weaker,"5,99983804398398e-01",stronger,TRUE,250,NA,"0,97350000000000003","3,04869175999999964","4,052082","8,10000000000000e+00",NA,FALSE
GGGRMPVADYVVL,250,"8,16455162271461e-02",weaker,"3,15404574143613e-01",stronger,FALSE,250,"0,893052476368934","3,54539999999999988","7,18164652000000014","6,246927","2,35000000000000e+01",NA,FALSE
GGGRMPVCDYVVL,250,"1,05873968247974e-01",no significant difference,"2,45592650980078e-01",no significant difference,FALSE,250,"0,854694739481521","4,57639999999999958","8,61899885999999960","6,557688","2,74000000000000e+01",NA,FALSE
GGGRMPVDDYVVL,250,"1,29497598982256e-01",no significant difference,"3,87264573750006e-01",no significant difference,FALSE,250,"0,854898262152973","2,79069999999999974","6,21780051999999994","6,018949","2,02000000000000e+01",NA,FALSE
GGGRMPVEDYVVL,250,"3,12722264864475e-02",weaker,"4,09845583347369e-01",stronger,FALSE,250,"0,858643200471117","2,74989999999999979","5,98921932000000012","6,002837","2,15000000000000e+01",NA,FALSE
GGGRMPVFDYVVL,250,"-1,92172319744152e-01",weaker,"1,23286698338015e-01",no significant difference,FALSE,250,"0,854694739481521","4,81189999999999962","8,60514221999999940","6,884906","2,77000000000000e+01",NA,FALSE
GGGRMPVGDYVVL,250,"-2,36135090529865e-01",weaker,"3,06279153084502e-01",stronger,FALSE,250,"0,855944997246083","3,36209999999999987","7,47469984999999948","6,794919","2,33000000000000e+01",NA,FALSE
GGGRMPVHDYVVL,250,"3,48417970838787e-03",no significant difference,"3,00578380451438e-01",stronger,FALSE,250,"0,854897815761402","3,65960000000000019","7,13318453000000030","6,489749","2,38000000000000e+01",NA,FALSE
GGGRMPVIDYVVL,250,"1,35347656907777e-01",no significant difference,"2,27407253984633e-01",no significant difference,FALSE,250,"0,882087643288240","4,65010000000000012","8,10207244999999965","6,533437","2,81000000000000e+01",NA,FALSE
GGGRMPVKDYVVL,250,"-5,62197279711977e-02",weaker,"3,63030716240369e-01",no significant difference,FALSE,250,"0,855508351890646","2,35860000000000003","5,66151242000000021","6,150047","2,02000000000000e+01",NA,FALSE
GGGRMPVLDYVVL,250,"-1,07866577359243e-01",weaker,"1,18733140186278e-01",no significant difference,FALSE,250,"0,856257535116296","4,45300000000000029","7,98471392999999985","6,576141","2,90000000000000e+01",NA,FALSE
GGGRMPVMDYVVL,250,"-8,18703098060221e-02",weaker,"1,98377342338358e-01",no significant difference,FALSE,250,"0,858011673309646","4,55159999999999965","7,66279705999999994","6,508020","2,75000000000000e+01",NA,FALSE
GGGRMPVNDYVVL,250,"-1,88533944918914e-01",weaker,"4,55826657646234e-01",no significant difference,FALSE,250,"0,854694739481521","3,26989999999999981","6,56093561999999952","6,420902","2,28000000000000e+01",NA,FALSE
GGGRMPVPDYVVL,250,"1,52928873960679e-01",weaker,"3,77472036981501e-01",no significant difference,FALSE,250,"0,868270803829419","3,35930000000000017","6,74011942000000008","6,290746","2,11000000000000e+01",NA,FALSE
GGGRMPVQDYVVL,250,"7,39484859263116e-02",weaker,"3,01989084100950e-01",no significant difference,FALSE,250,"0,856933233786596","3,12780000000000014","6,62285272000000003","6,377566","2,05000000000000e+01",NA,FALSE
GGGRMPVRDYVVL,250,"-4,84954886218996e-02",weaker,"3,13885832652922e-01",stronger,FALSE,250,"0,869655808078323","3,45160000000000000","6,82861222000000012","6,670716","2,47000000000000e+01",NA,FALSE
GGGRMPVSDYVVL,250,"-8,70179566449236e-02",weaker,"2,94958851572360e-01",stronger,FALSE,250,"0,859350507916021","3,67680000000000007","6,70843891999999986","6,364883","2,28000000000000e+01",NA,FALSE
GGGRMPVTDYVVL,250,"-1,42811640767213e-02",weaker,"4,06296676314389e-01",stronger,FALSE,250,"0,869160494116357","3,64230000000000009","6,97557390999999960","6,335752","2,14000000000000e+01",NA,FALSE
GGGRMPVVDYVVL,250,"7,62962346275919e-02",weaker,"2,13763995577378e-01",no significant difference,FALSE,250,"0,940265080919420","4,29910000000000014","7,81841335000000015","6,211262","2,80000000000000e+01",NA,FALSE
GGGRMPVWDYVVL,250,"-4,14763477665758e-02",no significant difference,"8,96215829635695e-02",no significant difference,FALSE,250,"0,854694739481521","4,33169999999999966","8,93243258999999945","6,993141","2,43000000000000e+01",NA,FALSE
GGGRMPVYDYVVL,250,"-1,62149613781030e-01",weaker,"1,76106224922998e-01",no significant difference,FALSE,250,"0,854694739481521","4,41980000000000040","8,61940981000000050","6,941806","2,65000000000000e+01",NA,FALSE
GGGRNPV*DYVVL,250,"-9,77490414667420e-02",weaker,"7,16740203883729e-01",stronger,TRUE,250,NA,"-0,30819999999999997","1,94683031999999989","3,964964","3,40000000000000e+00",NA,FALSE
GGGRNPVADYVVL,250,"3,79419739065082e-02",weaker,"2,10110000016858e-01",no significant difference,FALSE,250,"0,888322298710828","2,26370000000000005","6,07978507999999973","6,159809","1,88000000000000e+01",NA,FALSE
GGGRNPVCDYVVL,250,"-5,23582237018882e-02",weaker,"3,03414095580575e-01",no significant difference,FALSE,250,"0,849964561823415","3,29469999999999974","7,51713742000000007","6,470570","2,27000000000000e+01",NA,FALSE
GGGRNPVDDYVVL,250,"-1,26363782758633e-01",weaker,"4,56189785885768e-01",no significant difference,FALSE,250,"0,850168084494867","1,50899999999999990","5,11593907999999953","5,931831","1,55000000000000e+01",NA,FALSE
GGGRNPVEDYVVL,250,"-7,63713184053589e-02",weaker,"3,38609917713809e-01",stronger,FALSE,250,"0,853913022813011","1,46819999999999995","4,88735787999999971","5,915719","1,68000000000000e+01",NA,FALSE
GGGRNPVFDYVVL,250,"-1,23846640376416e-01",weaker,"1,50837699409817e-01",no significant difference,FALSE,250,"0,849964561823415","3,53019999999999978","7,50328077999999987","6,797788","2,30000000000000e+01",NA,FALSE
GGGRNPVGDYVVL,250,"1,28992194277223e-02",weaker,"3,92860482164585e-01",stronger,FALSE,250,"0,851214819587977","2,08040000000000003","6,37283840999999995","6,707801","1,86000000000000e+01",NA,FALSE
GGGRNPVHDYVVL,250,"3,53464595355078e-02",weaker,"4,24285652936483e-01",no significant difference,FALSE,250,"0,850167638103296","2,37789999999999990","6,03132308999999989","6,402631","1,91000000000000e+01",NA,FALSE
GGGRNPVIDYVVL,250,"-1,95808264326654e-01",weaker,"3,10470820929788e-01",no significant difference,FALSE,250,"0,877357465630134","3,36839999999999984","7,00021101000000012","6,446319","2,34000000000000e+01",NA,FALSE
GGGRNPVKDYVVL,250,"2,45540807557645e-01",no significant difference,"3,40640402958999e-01",stronger,FALSE,250,"0,850778174232540","1,07689999999999997","4,55965097999999980","6,062929","1,55000000000000e+01",NA,FALSE
GGGRNPVLDYVVL,250,"1,00829832405691e-02",weaker,"1,76280889279185e-01",no significant difference,FALSE,250,"0,851527357458190","3,17130000000000001","6,88285249000000032","6,489023","2,43000000000000e+01",NA,FALSE
GGGRNPVMDYVVL,250,"4,76430470238416e-02",weaker,"2,58712336560780e-01",no significant difference,FALSE,250,"0,853281495651540","3,26989999999999981","6,56093561999999952","6,420902","2,28000000000000e+01",NA,FALSE
GGGRNPVNDYVVL,250,"-9,83587778734056e-02",weaker,"2,86483677863796e-01",no significant difference,FALSE,250,"0,849964561823415","1,98819999999999997","5,45907418000000000","6,333784","1,81000000000000e+01",NA,FALSE
GGGRNPVQDYVVL,250,"5,03394094963859e-03",weaker,"2,95128017142691e-01",no significant difference,FALSE,250,"0,852203056128490","1,84610000000000007","5,52099127999999961","6,290448","1,58000000000000e+01",NA,FALSE
GGGRNPVRDYVVL,250,"-5,74736377448955e-02",weaker,"3,38903662358248e-01",stronger,FALSE,250,"0,864925630420217","2,16990000000000016","5,72675077999999971","6,583598","2,00000000000000e+01",NA,FALSE
GGGRNPVSDYVVL,250,"5,07165200894360e-02",weaker,"3,47063309649166e-01",stronger,FALSE,250,"0,854620330257915","2,39510000000000023","5,60657748000000034","6,277765","1,81000000000000e+01",NA,FALSE
GGGRNPVTDYVVL,250,"4,90246036353831e-02",weaker,"2,60459408237364e-01",no significant difference,FALSE,250,"0,864430316458251","2,36059999999999981","5,87371247000000007","6,248634","1,67000000000000e+01",NA,FALSE
GGGRNPVVDYVVL,250,"-1,63305298228851e-01",weaker,"2,38927240786834e-01",no significant difference,FALSE,250,"0,935534903261314","3,01739999999999986","6,71655190999999974","6,124144","2,33000000000000e+01",NA,FALSE
GGGRNPVWDYVVL,250,"-1,62149613781030e-01",weaker,"8,50288935055029e-02",no significant difference,FALSE,250,"0,849964561823415","3,04999999999999982","7,83057114999999992","6,906023","1,96000000000000e+01",NA,FALSE
GGGRNPVYDYVVL,250,"-8,37092866879960e-02",weaker,"1,82218556463435e-01",no significant difference,FALSE,250,"0,849964561823415","3,13810000000000011","7,51754837000000009","6,854688","2,18000000000000e+01",NA,FALSE
GGGRPPVCDYVVL,250,"2,37672459346396e-01",weaker,"3,38362898473787e-01",no significant difference,FALSE,250,"0,850327871420692","3,38410000000000011","7,69632121999999974","6,340414","2,10000000000000e+01",NA,FALSE
GGGRPPVDDYVVL,250,"2,37672459346396e-01",no significant difference,"2,95990031510193e-01",no significant difference,FALSE,250,"0,850531394092144","1,59840000000000004","5,29512288000000009","5,801675","1,38000000000000e+01",NA,FALSE
GGGRPPVEDYVVL,250,"4,86620250272997e-02",weaker,"4,71214316861262e-01",stronger,FALSE,250,"0,854276332410288","1,55760000000000010","5,06654168000000027","5,785563","1,51000000000000e+01",NA,FALSE
GGGRPPVFDYVVL,250,"8,38910726285988e-03",weaker,"-8,44144947108757e-03",no significant difference,FALSE,250,"0,850327871420692","3,61960000000000015","7,68246458000000043","6,667632","2,13000000000000e+01",NA,FALSE
GGGRPPVGDYVVL,250,"1,20578493716191e-01",weaker,"4,31313562329182e-01",stronger,FALSE,250,"0,851578129185253","2,16979999999999995","6,55202220999999962","6,577645","1,69000000000000e+01",NA,FALSE
GGGRPPVIDYVVL,250,"1,53257508806050e-01",weaker,"2,42424876810835e-01",no significant difference,FALSE,250,"0,877720775227411","3,45780000000000021","7,17939480999999979","6,316163","2,17000000000000e+01",NA,FALSE
GGGRPPVLDYVVL,250,"1,44199935884237e-01",weaker,"1,66091593544027e-01",no significant difference,FALSE,250,"0,851890667055467","3,26069999999999993","7,06203628999999999","6,358867","2,26000000000000e+01",NA,FALSE
GGGRPPVMDYVVL,250,"1,07117583003388e-02",weaker,"2,32448506791336e-01",no significant difference,FALSE,250,"0,853644805248817","3,35930000000000017","6,74011942000000008","6,290746","2,11000000000000e+01",NA,FALSE
GGGRPPVSDYVVL,250,"1,31920808765096e-01",weaker,"3,32306546859393e-01",no significant difference,FALSE,250,"0,854983639855191","2,48450000000000015","5,78576128000000001","6,147609","1,64000000000000e+01",NA,FALSE
GGGRPPVVDYVVL,250,"1,05004426298123e-01",weaker,"2,28633520682516e-01",no significant difference,FALSE,250,"0,935898212858590","3,10680000000000023","6,89573571000000030","5,993988","2,16000000000000e+01",NA,FALSE
GGGRPPVWDYVVL,250,"8,41124085193013e-02",weaker,"5,29059622267152e-02",no significant difference,FALSE,250,"0,850327871420692","3,13940000000000019","8,00975494999999960","6,775867","1,79000000000000e+01",NA,FALSE
GGGRQPV*DYVVL,250,"7,87521674851442e-02",weaker,"5,71640640750511e-01",stronger,TRUE,250,NA,"-0,45029999999999998","2,00874741999999973","3,921628","1,10000000000000e+00",NA,FALSE
GGGRQPVCDYVVL,250,"-2,14243374355876e-02",weaker,"3,22876241245811e-01",no significant difference,FALSE,250,"0,850000708912329","3,15260000000000007","7,57905451999999968","6,427234","2,04000000000000e+01",NA,FALSE
GGGRQPVDDYVVL,250,"1,01300300373537e-01",weaker,"5,59865088389586e-01",no significant difference,FALSE,250,"0,850204231583781","1,36690000000000000","5,17785618000000003","5,888495","1,32000000000000e+01",NA,FALSE
GGGRQPVEDYVVL,250,"4,36475794062004e-02",weaker,"4,61867386042720e-01",stronger,FALSE,250,"0,853949169901925","1,32610000000000006","4,94927498000000021","5,872383","1,45000000000000e+01",NA,FALSE
GGGRQPVFDYVVL,250,"-7,99727998616667e-02",weaker,"2,23969596322931e-01",no significant difference,FALSE,250,"0,850000708912329","3,38810000000000011","7,56519788000000037","6,754452","2,07000000000000e+01",NA,FALSE
GGGRQPVGDYVVL,250,"1,82371725956331e-02",weaker,"4,21688231737299e-01",stronger,FALSE,250,"0,851250966676890","1,93829999999999991","6,43475550999999957","6,664465","1,63000000000000e+01",NA,FALSE
GGGRQPVIDYVVL,250,"5,29597181934428e-02",weaker,"2,46199207609372e-01",no significant difference,FALSE,250,"0,877393612719048","3,22630000000000017","7,06212810999999974","6,402983","2,11000000000000e+01",NA,FALSE
GGGRQPVKDYVVL,250,"6,80047006021416e-02",weaker,"3,38212639307725e-01",no significant difference,FALSE,250,"0,850814321321453","0,93479999999999996","4,62156808000000030","6,019593","1,32000000000000e+01",NA,FALSE
GGGRQPVLDYVVL,250,"2,72975592968401e-02",weaker,"2,79231678562327e-01",no significant difference,FALSE,250,"0,851563504547104","3,02919999999999989","6,94476958999999994","6,445687","2,20000000000000e+01",NA,FALSE
GGGRQPVMDYVVL,250,"-3,62079187075461e-02",weaker,"3,87263243999081e-01",no significant difference,FALSE,250,"0,853317642740454","3,12780000000000014","6,62285272000000003","6,377566","2,05000000000000e+01",NA,FALSE
GGGRQPVRDYVVL,250,"4,16648580870721e-02",weaker,"3,32679125191580e-01",stronger,FALSE,250,"0,864961777509130","2,02780000000000005","5,78866788000000021","6,540262","1,77000000000000e+01",NA,FALSE
GGGRQPVSDYVVL,250,"8,65973434498035e-02",weaker,"3,37319773566961e-01",no significant difference,FALSE,250,"0,854656477346829","2,25300000000000011","5,66849457999999995","6,234429","1,58000000000000e+01",NA,FALSE
GGGRQPVVDYVVL,250,"2,99030083279122e-02",weaker,"2,58504463372735e-01",no significant difference,FALSE,250,"0,935571050350227","2,87530000000000019","6,77846901000000024","6,080808","2,10000000000000e+01",NA,FALSE
GGGRQPVWDYVVL,250,"1,12537724419938e-01",weaker,"1,63759005623913e-01",no significant difference,FALSE,250,"0,850000708912329","2,90790000000000015","7,89248825000000043","6,862687","1,73000000000000e+01",NA,FALSE
GGGRQPVYDYVVL,250,"3,08252604918617e-02",weaker,"2,17251996229916e-01",no significant difference,FALSE,250,"0,850000708912329","2,99600000000000000","7,57946546999999970","6,811352","1,95000000000000e+01",NA,FALSE
GGGRRPV*DYVVL,250,"-7,06883805094843e-02",weaker,"5,33271514027814e-01",stronger,TRUE,250,NA,"-0,12649999999999997","2,21450691999999982","4,214778","5,30000000000000e+00",NA,FALSE
GGGRRPVADYVVL,250,"8,87980347541171e-02",weaker,"2,90837439197318e-01",stronger,FALSE,250,"0,889728495931003","2,44539999999999980","6,34746168000000033","6,409623","2,07000000000000e+01",NA,FALSE
GGGRRPVCDYVVL,250,"-9,33758986653887e-02",weaker,"1,68304020886930e-01",no significant difference,FALSE,250,"0,851370759043590","3,47639999999999993","7,78481401999999978","6,720384","2,46000000000000e+01",NA,FALSE
GGGRRPVDDYVVL,250,"-5,32567546539845e-02",weaker,"3,35787584718419e-01",stronger,FALSE,250,"0,851574281715042","1,69069999999999987","5,38361568000000013","6,181645","1,74000000000000e+01",NA,FALSE
GGGRRPVEDYVVL,250,"-8,82424567309217e-02",weaker,"4,11932245574479e-01",stronger,FALSE,250,"0,855319220033187","1,64989999999999992","5,15503448000000031","6,165533","1,87000000000000e+01",NA,FALSE
GGGRRPVFDYVVL,250,"-1,23846640376416e-01",weaker,"3,94583387681341e-02",no significant difference,FALSE,250,"0,851370759043590","3,71189999999999998","7,77095738000000047","7,047602","2,49000000000000e+01",NA,FALSE
GGGRRPVGDYVVL,250,"-1,02688708461634e-01",weaker,"3,16443756933630e-01",stronger,FALSE,250,"0,852621016808152","2,26209999999999978","6,64051500999999966","6,957615","2,05000000000000e+01",NA,FALSE
GGGRRPVHDYVVL,250,"2,03089069467867e-01",weaker,"2,25393177719286e-01",no significant difference,FALSE,250,"0,851573835323471","2,55960000000000010","6,29899968999999960","6,652445","2,10000000000000e+01",NA,FALSE
GGGRRPVIDYVVL,250,"-1,43275469778030e-02",weaker,"3,73303318766930e-02",no significant difference,FALSE,250,"0,878763662850309","3,55010000000000003","7,26788760999999983","6,696133","2,53000000000000e+01",NA,FALSE
GGGRRPVKDYVVL,250,"-2,24729571981305e-02",weaker,"2,64437417411712e-01",no significant difference,FALSE,250,"0,852184371452715","1,25859999999999994","4,82732758000000040","6,312743","1,74000000000000e+01",NA,FALSE
GGGRRPVLDYVVL,250,"3,91761633703933e-02",weaker,"1,15658881528291e-01",no significant difference,FALSE,250,"0,852933554678365","3,35299999999999976","7,15052909000000003","6,738837","2,62000000000000e+01",NA,FALSE
GGGRRPVMDYVVL,250,"-1,07441604368595e-01",weaker,"1,38976253386358e-01",no significant difference,FALSE,250,"0,854687692871715","3,45160000000000000","6,82861222000000012","6,670716","2,47000000000000e+01",NA,FALSE
GGGRRPVNDYVVL,250,"8,57782937474402e-02",weaker,"2,72779296307410e-01",stronger,FALSE,250,"0,851370759043590","2,16990000000000016","5,72675077999999971","6,583598","2,00000000000000e+01",NA,FALSE
GGGRRPVPDYVVL,250,"3,06132170483915e-01",no significant difference,"2,59045248358320e-01",stronger,FALSE,250,"0,864946823391488","2,25930000000000009","5,90593458000000027","6,453442","1,83000000000000e+01",NA,FALSE
GGGRRPVQDYVVL,250,"1,27254970595099e-01",weaker,"2,66476464564057e-01",no significant difference,FALSE,250,"0,853609253348665","2,02780000000000005","5,78866788000000021","6,540262","1,77000000000000e+01",NA,FALSE
GGGRRPVRDYVVL,250,"1,45688055427942e-02",weaker,"2,28573803019310e-01",no significant difference,FALSE,250,"0,866331827640392","2,35159999999999991","5,99442738000000030","6,833412","2,19000000000000e+01",NA,FALSE
GGGRRPVSDYVVL,250,"4,12010297964247e-02",weaker,"2,74197827625141e-01",stronger,FALSE,250,"0,856026527478090","2,57679999999999998","5,87425408000000004","6,527579","2,00000000000000e+01",NA,FALSE
GGGRRPVTDYVVL,250,"8,55510630752857e-02",weaker,"2,32911390946084e-01",no significant difference,FALSE,250,"0,865836513678426","2,54230000000000000","6,14138906999999978","6,498448","1,86000000000000e+01",NA,FALSE
GGGRRPVVDYVVL,250,"-7,37061196258665e-02",weaker,"2,06516591896929e-01",no significant difference,FALSE,250,"0,936941100481489","3,19910000000000005","6,98422851000000033","6,373958","2,52000000000000e+01",NA,FALSE
GGGRRPVWDYVVL,250,"-1,04151520865535e-01",weaker,"5,88497149486033e-02",no significant difference,FALSE,250,"0,851370759043590","3,23170000000000002","8,09824775000000052","7,155837","2,15000000000000e+01",NA,FALSE
GGGRRPVYDYVVL,250,"-4,35836189505116e-02",weaker,"1,04756742139990e-01",no significant difference,FALSE,250,"0,851370759043590","3,31979999999999986","7,78522496999999980","7,104502","2,37000000000000e+01",NA,FALSE
GGGRSPV*DYVVL,250,"-1,14303966371731e-01",weaker,"6,83618397799570e-01",stronger,TRUE,250,NA,"0,09870000000000002","2,09433362000000001","3,908945","3,40000000000000e+00",NA,FALSE
GGGRSPVADYVVL,250,"7,39484859263116e-02",weaker,"3,51476209444390e-01",stronger,FALSE,250,"0,888746551385973","2,67059999999999986","6,22728838000000007","6,103790","1,88000000000000e+01",NA,FALSE
GGGRSPVCDYVVL,250,"-7,74854470085470e-02",weaker,"2,82132784483573e-01",no significant difference,FALSE,250,"0,850388814498560","3,70160000000000000","7,66464072000000041","6,414551","2,27000000000000e+01",NA,FALSE
GGGRSPVDDYVVL,250,"-3,04479093641396e-02",weaker,"3,47912644176775e-01",stronger,FALSE,250,"0,850592337170012","1,91589999999999994","5,26344237999999986","5,875812","1,55000000000000e+01",NA,FALSE
GGGRSPVEDYVVL,250,"-1,01772905584066e-02",weaker,"3,95496218453942e-01",stronger,FALSE,250,"0,854337275488156","1,87509999999999999","5,03486118000000005","5,859700","1,68000000000000e+01",NA,FALSE
GGGRSPVFDYVVL,250,"-1,24689838152538e-01",weaker,"1,39930664580064e-01",no significant difference,FALSE,250,"0,850388814498560","3,93710000000000004","7,65078408000000021","6,741769","2,30000000000000e+01",NA,FALSE
GGGRSPVGDYVVL,250,"-7,30591491552182e-02",weaker,"3,49995982742141e-01",stronger,FALSE,250,"0,851639072263122","2,48729999999999984","6,52034171000000029","6,651782","1,86000000000000e+01",NA,FALSE
GGGRSPVHDYVVL,250,"1,15018303725512e-01",weaker,"1,84773486480381e-01",no significant difference,FALSE,250,"0,850591890778441","2,78480000000000016","6,17882639000000022","6,346612","1,91000000000000e+01",NA,FALSE
GGGRSPVIDYVVL,250,"-9,93380543778771e-02",weaker,"2,69331501848691e-01",no significant difference,FALSE,250,"0,877781718305279","3,77530000000000010","7,14771430999999957","6,390300","2,34000000000000e+01",NA,FALSE
GGGRSPVKDYVVL,250,"-2,94153642104901e-02",weaker,"4,25174868836739e-01",stronger,FALSE,250,"0,851202426907685","1,48380000000000001","4,70715428000000013","6,006910","1,55000000000000e+01",NA,FALSE
GGGRSPVLDYVVL,250,"2,61302996449569e-03",weaker,"2,40148343549739e-01",no significant difference,FALSE,250,"0,851951610133335","3,57819999999999983","7,03035578999999977","6,433004","2,43000000000000e+01",NA,FALSE
GGGRSPVMDYVVL,250,"-8,70179566449236e-02",weaker,"2,75258749404087e-01",no significant difference,FALSE,250,"0,853705748326685","3,67680000000000007","6,70843891999999986","6,364883","2,28000000000000e+01",NA,FALSE
GGGRSPVNDYVVL,250,"-8,59530199480945e-03",weaker,"3,18021315252798e-01",stronger,FALSE,250,"0,850388814498560","2,39510000000000023","5,60657748000000034","6,277765","1,81000000000000e+01",NA,FALSE
GGGRSPVPDYVVL,250,"1,37054295718781e-01",weaker,"2,93407424379466e-01",no significant difference,FALSE,250,"0,863964878846458","2,48450000000000015","5,78576128000000001","6,147609","1,64000000000000e+01",NA,FALSE
GGGRSPVQDYVVL,250,"5,35969290256139e-02",weaker,"3,36524170277181e-01",stronger,FALSE,250,"0,852627308803635","2,25300000000000011","5,66849457999999995","6,234429","1,58000000000000e+01",NA,FALSE
GGGRSPVRDYVVL,250,"4,85926723451220e-02",weaker,"3,27804448987825e-01",stronger,FALSE,250,"0,865349883095362","2,57679999999999998","5,87425408000000004","6,527579","2,00000000000000e+01",NA,FALSE
GGGRSPVSDYVVL,250,"-1,78900742659152e-02",weaker,"2,95036307878096e-01",stronger,FALSE,250,"0,855044582933060","2,80200000000000005","5,75408077999999978","6,221746","1,81000000000000e+01",NA,FALSE
GGGRSPVTDYVVL,250,"5,89298605019981e-02",weaker,"3,58814427026626e-01",stronger,FALSE,250,"0,864854569133396","2,76750000000000007","6,02121576999999952","6,192615","1,67000000000000e+01",NA,FALSE
GGGRSPVVDYVVL,250,"-2,78252009529344e-02",weaker,"3,29972746701617e-01",stronger,FALSE,250,"0,935959155936458","3,42430000000000012","6,86405521000000007","6,068125","2,33000000000000e+01",NA,FALSE
GGGRSPVWDYVVL,250,"-2,12475013410323e-01",weaker,"1,62225218319304e-01",no significant difference,FALSE,250,"0,850388814498560","3,45690000000000008","7,97807445000000026","6,850004","1,96000000000000e+01",NA,FALSE
GGGRSPVYDYVVL,250,"-9,83587778734056e-02",weaker,"1,04699838567847e-01",no significant difference,FALSE,250,"0,850388814498560","3,54499999999999993","7,66505167000000043","6,798669","2,18000000000000e+01",NA,FALSE
GGGRTPV*DYVVL,250,"5,41972651201014e-02",weaker,"6,21083528569949e-01",stronger,TRUE,250,NA,"0,06420000000000002","2,36146860999999975","3,879814","2,00000000000000e+00",NA,FALSE
GGGRTPVCDYVVL,250,"-1,22199597457560e-02",weaker,"2,76386856556868e-01",no significant difference,FALSE,250,"0,851173624022958","3,66710000000000003","7,93177571000000015","6,385420","2,13000000000000e+01",NA,FALSE
GGGRTPVDDYVVL,250,"-8,31800621001475e-03",weaker,"4,27406998224965e-01",stronger,FALSE,250,"0,851377146694410","1,88139999999999996","5,53057736999999960","5,846681","1,41000000000000e+01",NA,FALSE
GGGRTPVEDYVVL,250,"2,81510813396927e-02",weaker,"4,73294624848299e-01",stronger,FALSE,250,"0,855122085012554","1,84060000000000001","5,30199616999999979","5,830569","1,54000000000000e+01",NA,FALSE
GGGRTPVFDYVVL,250,"-9,64834110676773e-02",weaker,"9,95597109523339e-02",no significant difference,FALSE,250,"0,851173624022958","3,90260000000000007","7,91791906999999995","6,712638","2,16000000000000e+01",NA,FALSE
GGGRTPVGDYVVL,250,"5,05833996926163e-02",weaker,"3,80232380154243e-01",stronger,FALSE,250,"0,852423881787519","2,45279999999999987","6,78747670000000003","6,622651","1,72000000000000e+01",NA,FALSE
GGGRTPVHDYVVL,250,"1,18203786539620e-01",weaker,"3,82247011536471e-01",stronger,FALSE,250,"0,851376700302839","2,75030000000000019","6,44596137999999996","6,317481","1,77000000000000e+01",NA,FALSE
GGGRTPVIDYVVL,250,"-3,68173275426296e-02",weaker,"2,08620766617573e-01",no significant difference,FALSE,250,"0,878566527829677","3,74080000000000013","7,41484930000000020","6,361169","2,20000000000000e+01",NA,FALSE
GGGRTPVKDYVVL,250,"5,14145219821074e-02",weaker,"2,39882095532673e-01",no significant difference,FALSE,250,"0,851987236432082","1,44929999999999981","4,97428926999999987","5,977779","1,41000000000000e+01",NA,FALSE
GGGRTPVLDYVVL,250,"-4,12864383377762e-03",weaker,"2,20380543539493e-01",no significant difference,FALSE,250,"0,852736419657733","3,54369999999999985","7,29749078000000040","6,403873","2,29000000000000e+01",NA,FALSE
GGGRTPVMDYVVL,250,"1,49906934558335e-01",weaker,"3,09325482495835e-01",no significant difference,FALSE,250,"0,854490557851083","3,64230000000000009","6,97557390999999960","6,335752","2,14000000000000e+01",NA,FALSE
GGGRTPVNDYVVL,250,"7,05952089562679e-02",weaker,"4,14628900633784e-01",no significant difference,FALSE,250,"0,851173624022958","2,36059999999999981","5,87371247000000007","6,248634","1,67000000000000e+01",NA,FALSE
GGGRTPVRDYVVL,250,"9,67148793423047e-02",weaker,"3,69641728514926e-01",stronger,FALSE,250,"0,866134692619759","2,54230000000000000","6,14138906999999978","6,498448","1,86000000000000e+01",NA,FALSE
GGGRTPVSDYVVL,250,"9,32827271121722e-02",weaker,"3,36228475716992e-01",stronger,FALSE,250,"0,855829392457458","2,76750000000000007","6,02121576999999952","6,192615","1,67000000000000e+01",NA,FALSE
GGGRTPVTDYVVL,250,"1,07445964164123e-01",no significant difference,"2,85146866144170e-01",stronger,FALSE,250,"0,865639378657794","2,73300000000000010","6,28835076000000015","6,163484","1,53000000000000e+01",NA,FALSE
GGGRTPVVDYVVL,250,"4,06373319153924e-02",weaker,"2,95440459926380e-01",no significant difference,FALSE,250,"0,936743965460856","3,38980000000000015","7,13119019999999981","6,038994","2,19000000000000e+01",NA,FALSE
GGGRTPVWDYVVL,250,"3,63492079544620e-03",weaker,"1,62939801060671e-01",no significant difference,FALSE,250,"0,851173624022958","3,42240000000000011","8,24520944000000000","6,820873","1,82000000000000e+01",NA,FALSE
GGGRTPVYDYVVL,250,"-5,81678185535590e-02",weaker,"2,51752234256702e-01",no significant difference,FALSE,250,"0,851173624022958","3,51049999999999995","7,93218666000000017","6,769538","2,04000000000000e+01",NA,FALSE
GGGRVPV*DYVVL,250,"-2,95752801635958e-02",weaker,"6,23789723511118e-01",stronger,TRUE,250,NA,"0,72100000000000009","3,20430804999999985","3,755324","8,60000000000000e+00",NA,FALSE
GGGRVPVADYVVL,250,"9,36522709772953e-03",weaker,"3,16779143675800e-01",stronger,FALSE,250,"0,902428293624217","3,29289999999999994","7,33726281000000036","5,950169","2,40000000000000e+01",NA,FALSE
GGGRVPVCDYVVL,250,"-7,96741012678343e-02",weaker,"2,43296859886411e-01",no significant difference,FALSE,250,"0,864070556736805","4,32390000000000008","8,77461515000000070","6,260930","2,79000000000000e+01",NA,FALSE
GGGRVPVDDYVVL,250,"-1,70643623977487e-01",weaker,"3,83284653951319e-01",stronger,FALSE,250,"0,864274079408257","2,53819999999999979","6,37341681000000015","5,722191","2,07000000000000e+01",NA,FALSE
GGGRVPVEDYVVL,250,"7,68982653494914e-02",weaker,"3,47176108609890e-01",stronger,FALSE,250,"0,868019017726401","2,49739999999999984","6,14483561000000034","5,706079","2,20000000000000e+01",NA,FALSE
GGGRVPVFDYVVL,250,"-1,79438143793218e-01",weaker,"7,21570844289795e-02",no significant difference,FALSE,250,"0,864070556736805","4,55940000000000012","8,76075851000000050","6,588148","2,82000000000000e+01",NA,FALSE
GGGRVPVGDYVVL,250,"-1,64377130566433e-01",weaker,"3,44544084985230e-01",stronger,FALSE,250,"0,865320814501366","3,10959999999999992","7,63031613999999969","6,498161","2,38000000000000e+01",NA,FALSE
GGGRVPVHDYVVL,250,"-2,92572285696352e-02",weaker,"2,83824664349572e-01",no significant difference,FALSE,250,"0,864273633016685","3,40709999999999980","7,28880081999999963","6,192991","2,43000000000000e+01",NA,FALSE
GGGRVPVIDYVVL,250,"7,62001056841196e-02",weaker,"1,62916993238330e-01",no significant difference,FALSE,250,"0,891463460543523","4,39759999999999973","8,25768873999999897","6,236679","2,86000000000000e+01",NA,FALSE
GGGRVPVKDYVVL,250,"-1,40338012632902e-01",weaker,"3,62262279014923e-01",stronger,FALSE,250,"0,864884169145929","2,10610000000000008","5,81712870999999954","5,853289","2,07000000000000e+01",NA,FALSE
GGGRVPVLDYVVL,250,"-1,38802554769796e-01",weaker,"1,47245068336628e-01",no significant difference,FALSE,250,"0,865633352371580","4,20049999999999990","8,14033021999999917","6,279383","2,95000000000000e+01",NA,FALSE
GGGRVPVMDYVVL,250,"4,57273631398342e-03",weaker,"2,18887318861714e-01",no significant difference,FALSE,250,"0,867387490564930","4,29910000000000014","7,81841335000000015","6,211262","2,80000000000000e+01",NA,FALSE
GGGRVPVNDYVVL,250,"-4,03508584427289e-02",weaker,"3,68680737717163e-01",stronger,FALSE,250,"0,864070556736805","3,01739999999999986","6,71655190999999974","6,124144","2,33000000000000e+01",NA,FALSE
GGGRVPVPDYVVL,250,"1,30887930464444e-01",weaker,"2,98883974715527e-01",stronger,FALSE,250,"0,877646621084702","3,10680000000000023","6,89573571000000030","5,993988","2,16000000000000e+01",NA,FALSE
GGGRVPVQDYVVL,250,"1,49874051170903e-02",weaker,"2,78851382835126e-01",no significant difference,FALSE,250,"0,866309051041879","2,87530000000000019","6,77846901000000024","6,080808","2,10000000000000e+01",NA,FALSE
GGGRVPVRDYVVL,250,"1,87822274311997e-02",weaker,"3,20660138555174e-01",stronger,FALSE,250,"0,879031625333606","3,19910000000000005","6,98422851000000033","6,373958","2,52000000000000e+01",NA,FALSE
GGGRVPVSDYVVL,250,"-7,57883664435346e-02",weaker,"3,52102120615571e-01",stronger,FALSE,250,"0,868726325171304","3,42430000000000012","6,86405521000000007","6,068125","2,33000000000000e+01",NA,FALSE
GGGRVPVTDYVVL,250,"-6,32928666950367e-02",weaker,"3,32729793585970e-01",no significant difference,FALSE,250,"0,878536311371640","3,38980000000000015","7,13119019999999981","6,038994","2,19000000000000e+01",NA,FALSE
GGGRVPVVDYVVL,250,"5,66454926505346e-04",weaker,"1,78565308068057e-01",no significant difference,FALSE,250,"0,949640898174703","4,04659999999999975","7,97402963999999947","5,914504","2,85000000000000e+01",NA,FALSE
GGGRVPVWDYVVL,250,"-8,37172624384531e-02",weaker,"9,56305957705923e-02",no significant difference,FALSE,250,"0,864070556736805","4,07920000000000016","9,08804888000000055","6,696383","2,48000000000000e+01",NA,FALSE
GGGRVPVYDYVVL,250,"-2,09564882709974e-01",weaker,"1,20603854022342e-01",no significant difference,FALSE,250,"0,864070556736805","4,16730000000000000","8,77502609999999983","6,645048","2,70000000000000e+01",NA,FALSE
GGGRWPV*DYVVL,250,"-1,25530180716064e-01",weaker,"4,53970839079727e-01",no significant difference,TRUE,250,NA,"0,75360000000000005","4,31832729000000004","4,537203","4,90000000000000e+00",NA,FALSE
GGGRWPVADYVVL,250,"2,37206009959633e-01",weaker,"1,69346537428203e-01",no significant difference,FALSE,250,"0,922663202299622","3,32549999999999990","8,45128204999999966","6,732048","2,03000000000000e+01",NA,FALSE
GGGRWPVCDYVVL,250,"-1,09114586460630e-02",weaker,"1,90124415084653e-01",no significant difference,FALSE,250,"0,884305465412210","4,35649999999999959","9,88863439000000000","7,042809","2,42000000000000e+01",NA,FALSE
GGGRWPVDDYVVL,250,"-1,86714240836378e-01",weaker,"3,15652287440753e-01",no significant difference,FALSE,250,"0,884508988083662","2,57079999999999975","7,48743605000000034","6,504070","1,70000000000000e+01",NA,FALSE
GGGRWPVEDYVVL,250,"2,81195262663430e-01",weaker,"3,53007545377617e-01",no significant difference,FALSE,250,"0,888253926401806","2,52999999999999980","7,25885485000000052","6,487958","1,83000000000000e+01",NA,FALSE
GGGRWPVFDYVVL,250,"-2,68305766642085e-01",weaker,"-3,36180891313667e-02",no significant difference,FALSE,250,"0,884305465412210","4,59199999999999964","9,87477774999999980","7,370027","2,45000000000000e+01",NA,FALSE
GGGRWPVGDYVVL,250,"-3,90825986764049e-02",weaker,"1,98462261485507e-01",no significant difference,FALSE,250,"0,885555723176772","3,14219999999999988","8,74433538000000077","7,280040","2,01000000000000e+01",NA,FALSE
GGGRWPVHDYVVL,250,"6,79609855978975e-02",weaker,"9,06324568638381e-02",no significant difference,FALSE,250,"0,884508541692091","3,43970000000000020","8,40282005999999981","6,974870","2,06000000000000e+01",NA,FALSE
GGGRWPVIDYVVL,250,"2,59749702566215e-01",weaker,"-6,06607706961240e-02",no significant difference,FALSE,250,"0,911698369218929","4,43020000000000014","9,37170798000000005","7,018558","2,49000000000000e+01",NA,FALSE
GGGRWPVKDYVVL,250,"-6,30044553146452e-02",weaker,"1,70067706553646e-01",no significant difference,FALSE,250,"0,885119077821334","2,13870000000000005","6,93114794999999972","6,635168","1,70000000000000e+01",NA,FALSE
GGGRWPVLDYVVL,250,"-9,53866203949719e-02",weaker,"1,05588089513036e-02",weaker,FALSE,250,"0,885868261046985","4,23310000000000031","9,25434946000000025","7,061262","2,58000000000000e+01",NA,FALSE
GGGRWPVMDYVVL,250,"-2,66971841011151e-01",weaker,"1,70794534145690e-01",no significant difference,FALSE,250,"0,887622399240335","4,33169999999999966","8,93243258999999945","6,993141","2,43000000000000e+01",NA,FALSE
GGGRWPVNDYVVL,250,"-5,76712869880794e-02",weaker,"1,97107230812478e-01",no significant difference,FALSE,250,"0,884305465412210","3,04999999999999982","7,83057114999999992","6,906023","1,96000000000000e+01",NA,FALSE
GGGRWPVPDYVVL,250,"4,13510088493806e-01",no significant difference,"1,37314781373323e-01",no significant difference,FALSE,250,"0,897881529760108","3,13940000000000019","8,00975494999999960","6,775867","1,79000000000000e+01",NA,FALSE
GGGRWPVQDYVVL,250,"1,20847614462582e-01",weaker,"1,15059753313947e-01",no significant difference,FALSE,250,"0,886543959717285","2,90790000000000015","7,89248825000000043","6,862687","1,73000000000000e+01",NA,FALSE
GGGRWPVRDYVVL,250,"1,08584287629845e-01",weaker,"1,84773486480381e-01",no significant difference,FALSE,250,"0,899266534009011","3,23170000000000002","8,09824775000000052","7,155837","2,15000000000000e+01",NA,FALSE
GGGRWPVSDYVVL,250,"-1,31288881315465e-01",weaker,"1,55479614831344e-01",no significant difference,FALSE,250,"0,888961233846710","3,45690000000000008","7,97807445000000026","6,850004","1,96000000000000e+01",NA,FALSE
GGGRWPVTDYVVL,250,"1,66023197347166e-02",weaker,"1,75230871718264e-01",no significant difference,FALSE,250,"0,898771220047046","3,42240000000000011","8,24520944000000000","6,820873","1,82000000000000e+01",NA,FALSE
GGGRWPVVDYVVL,250,"3,18033361439190e-01",no significant difference,"1,64571371845459e-01",no significant difference,FALSE,250,"0,969875806850108","4,07920000000000016","9,08804888000000055","6,696383","2,48000000000000e+01",NA,FALSE
GGGRWPVWDYVVL,250,"-2,56887091729985e-01",weaker,"7,25632113852716e-02",no significant difference,FALSE,250,"0,884305465412210","4,11179999999999968","10,20206811999999985","7,478262","2,11000000000000e+01",NA,FALSE
GGGRWPVYDYVVL,250,"4,08138244335669e-03",no significant difference,"-1,51486650221758e-02",weaker,FALSE,250,"0,884305465412210","4,19990000000000041","9,88904534000000091","7,426927","2,33000000000000e+01",NA,FALSE
GGGRYPV*DYVVL,250,"-1,06508063541027e-01",weaker,"5,16715110404542e-01",stronger,TRUE,250,NA,"0,84170000000000011","4,00530451000000021","4,485868","7,10000000000000e+00",NA,FALSE
GGGRYPVADYVVL,250,"3,77241603014199e-01",no significant difference,"3,03471573104341e-01",stronger,FALSE,250,"0,952787395449514","3,41360000000000019","8,13825927000000071","6,680713","2,25000000000000e+01",NA,FALSE
GGGRYPVCDYVVL,250,"2,39352661347404e-01",weaker,"1,26455836223700e-01",no significant difference,FALSE,250,"0,914429658562102","4,44460000000000033","9,57561160999999927","6,991474","2,64000000000000e+01",NA,FALSE
GGGRYPVDDYVVL,250,"-1,94697776692579e-01",weaker,"3,68270219640502e-01",no significant difference,FALSE,250,"0,914633181233554","2,65890000000000004","7,17441326999999962","6,452735","1,92000000000000e+01",NA,FALSE
GGGRYPVEDYVVL,250,"3,27610402373448e-01",no significant difference,"3,34467003510608e-01",no significant difference,FALSE,250,"0,918378119551698","2,61810000000000009","6,94583206999999980","6,436623","2,05000000000000e+01",NA,FALSE
GGGRYPVFDYVVL,250,"-8,37536672094232e-02",weaker,"-9,53277220922056e-03",no significant difference,FALSE,250,"0,914429658562102","4,68010000000000037","9,56175497000000085","7,318692","2,67000000000000e+01",NA,FALSE
GGGRYPVGDYVVL,250,"-3,99907458922255e-02",weaker,"2,42167858807585e-01",no significant difference,FALSE,250,"0,915679916326663","3,23030000000000017","8,43131260000000005","7,228705","2,23000000000000e+01",NA,FALSE
GGGRYPVHDYVVL,250,"-4,17790408684401e-02",weaker,"2,02915100021991e-01",no significant difference,FALSE,250,"0,914632734841982","3,52780000000000005","8,08979728000000087","6,923535","2,28000000000000e+01",NA,FALSE
GGGRYPVIDYVVL,250,"4,00047214150025e-01",no significant difference,"1,29063169760459e-01",no significant difference,FALSE,250,"0,941822562368821","4,51829999999999998","9,05868519999999933","6,967223","2,71000000000000e+01",NA,FALSE
GGGRYPVKDYVVL,250,"8,44254304476407e-02",weaker,"2,49838062090147e-01",no significant difference,FALSE,250,"0,915243270971226","2,22679999999999989","6,61812516999999989","6,583833","1,92000000000000e+01",NA,FALSE
GGGRYPVLDYVVL,250,"6,94288696154969e-02",weaker,"8,71471543059905e-03",no significant difference,FALSE,250,"0,915992454196877","4,32120000000000015","8,94132667999999953","7,009927","2,80000000000000e+01",NA,FALSE
GGGRYPVMDYVVL,250,"6,61863216947828e-02",weaker,"1,05651191328265e-01",no significant difference,FALSE,250,"0,917746592390227","4,41980000000000040","8,61940981000000050","6,941806","2,65000000000000e+01",NA,FALSE
GGGRYPVNDYVVL,250,"-3,27870602278601e-02",weaker,"1,64804686849359e-01",no significant difference,FALSE,250,"0,914429658562102","3,13810000000000011","7,51754837000000009","6,854688","2,18000000000000e+01",NA,FALSE
GGGRYPVPDYVVL,250,"4,36491892383540e-01",no significant difference,"1,25947692122066e-01",no significant difference,FALSE,250,"0,928005722910000","3,22750000000000004","7,69673216999999976","6,724532","2,01000000000000e+01",NA,FALSE
GGGRYPVQDYVVL,250,"1,14979385711805e-01",weaker,"2,89788534057634e-01",no significant difference,FALSE,250,"0,916668152867176","2,99600000000000000","7,57946546999999970","6,811352","1,95000000000000e+01",NA,FALSE
GGGRYPVRDYVVL,250,"2,81976155691311e-01",weaker,"2,37270635711808e-01",no significant difference,FALSE,250,"0,929390727158903","3,31979999999999986","7,78522496999999980","7,104502","2,37000000000000e+01",NA,FALSE
GGGRYPVSDYVVL,250,"1,70253902529287e-02",weaker,"1,50097658852183e-01",no significant difference,FALSE,250,"0,919085426996602","3,54499999999999993","7,66505167000000043","6,798669","2,18000000000000e+01",NA,FALSE
GGGRYPVTDYVVL,250,"2,22452132335807e-01",weaker,"2,31528779589108e-01",no significant difference,FALSE,250,"0,928895413196938","3,51049999999999995","7,93218666000000017","6,769538","2,04000000000000e+01",NA,FALSE
GGGRYPVVDYVVL,250,"4,08234755109546e-01",no significant difference,"1,67888731333938e-01",no significant difference,FALSE,250,"1,000000000000000","4,16730000000000000","8,77502609999999983","6,645048","2,70000000000000e+01",NA,TRUE
GGGRYPVWDYVVL,250,"-1,33698907584118e-01",weaker,"4,90121937123657e-02",no significant difference,FALSE,250,"0,914429658562102","4,19990000000000041","9,88904534000000091","7,426927","2,33000000000000e+01",NA,FALSE
GGGRYPVYDYVVL,250,"-9,37126757888772e-02",weaker,"-1,29202369870476e-02",no significant difference,FALSE,250,"0,914429658562102","4,28800000000000026","9,57602256000000018","7,375592","2,55000000000000e+01",NA,FALSE
GGP*K*PRLLLLV,246,"9,67148793423047e-02",weaker,"6,77993489830225e-01",stronger,TRUE,246,NA,"-0,53410000000000002","0,93579775999999992","1,874833","-2,20000000000000e+00",NA,FALSE
GGP*KAPRLLLLV,246,"7,49032324080798e-02",weaker,"5,87441483159781e-01",stronger,TRUE,246,NA,"-0,53410000000000002","0,93579775999999992","1,874833","-2,20000000000000e+00",NA,FALSE
GGP*KCPRLLLLV,246,"6,88549881161102e-02",weaker,"6,59526426708537e-01",stronger,TRUE,246,NA,"-0,53410000000000002","0,93579775999999992","1,874833","-2,20000000000000e+00",NA,FALSE
GGP*KDPRLLLLV,246,"1,71928938959548e-01",no significant difference,"5,90989744473703e-01",stronger,TRUE,246,NA,"-0,53410000000000002","0,93579775999999992","1,874833","-2,20000000000000e+00",NA,FALSE
GGP*KEPRLLLLV,246,"1,72384159968418e-01",weaker,"6,45494530450390e-01",stronger,TRUE,246,NA,"-0,53410000000000002","0,93579775999999992","1,874833","-2,20000000000000e+00",NA,FALSE
GGP*KFPRLLLLV,246,"1,08927217066556e-01",weaker,"6,05851292412215e-01",stronger,TRUE,246,NA,"-0,53410000000000002","0,93579775999999992","1,874833","-2,20000000000000e+00",NA,FALSE
GGP*KGPRLLLLV,246,"4,20242118573610e-04",weaker,"6,52519246099255e-01",stronger,TRUE,246,NA,"-0,53410000000000002","0,93579775999999992","1,874833","-2,20000000000000e+00",NA,FALSE
GGP*KHPRLLLLV,246,"1,48340071192788e-01",weaker,"6,17925190888015e-01",stronger,TRUE,246,NA,"-0,53410000000000002","0,93579775999999992","1,874833","-2,20000000000000e+00",NA,FALSE
GGP*KIPRLLLLV,246,"-1,76886473364681e-02",weaker,"6,36766354672837e-01",stronger,TRUE,246,NA,"-0,53410000000000002","0,93579775999999992","1,874833","-2,20000000000000e+00",NA,FALSE
GGP*KKPRLLLLV,246,"-4,87445877082796e-02",weaker,"6,51192887853145e-01",stronger,TRUE,246,NA,"-0,53410000000000002","0,93579775999999992","1,874833","-2,20000000000000e+00",NA,FALSE
GGP*KLPRLLLLV,246,"9,94617354427022e-02",weaker,"5,37709518562875e-01",stronger,TRUE,246,NA,"-0,53410000000000002","0,93579775999999992","1,874833","-2,20000000000000e+00",NA,FALSE
GGP*KMPRLLLLV,246,"-7,55940776358466e-02",weaker,"4,98895552587657e-01",stronger,TRUE,246,NA,"-0,53410000000000002","0,93579775999999992","1,874833","-2,20000000000000e+00",NA,FALSE
GGP*KNPRLLLLV,246,"9,17724593620056e-02",weaker,"6,35066751690116e-01",stronger,TRUE,246,NA,"-0,53410000000000002","0,93579775999999992","1,874833","-2,20000000000000e+00",NA,FALSE
GGP*KPPRLLLLV,246,"1,76618494987372e-01",weaker,"5,62587357121416e-01",stronger,TRUE,246,NA,"-0,53410000000000002","0,93579775999999992","1,874833","-2,20000000000000e+00",NA,FALSE
GGP*KQPRLLLLV,246,"1,12246819244126e-02",no significant difference,"5,36538980053318e-01",stronger,TRUE,246,NA,"-0,53410000000000002","0,93579775999999992","1,874833","-2,20000000000000e+00",NA,FALSE
GGP*KRPRLLLLV,246,"-5,24014997992483e-02",weaker,"6,52094770539235e-01",stronger,TRUE,246,NA,"-0,53410000000000002","0,93579775999999992","1,874833","-2,20000000000000e+00",NA,FALSE
GGP*KSPRLLLLV,246,"9,67148793423047e-02",weaker,"5,90685781938832e-01",stronger,TRUE,246,NA,"-0,53410000000000002","0,93579775999999992","1,874833","-2,20000000000000e+00",NA,FALSE
GGP*KTPRLLLLV,246,"1,51682789503262e-01",weaker,"5,71450252114986e-01",stronger,TRUE,246,NA,"-0,53410000000000002","0,93579775999999992","1,874833","-2,20000000000000e+00",NA,FALSE
GGP*KVPRLLLLV,246,"8,77192444171014e-02",weaker,"6,04360632727134e-01",stronger,TRUE,246,NA,"-0,53410000000000002","0,93579775999999992","1,874833","-2,20000000000000e+00",NA,FALSE
GGP*KWPRLLLLV,246,"1,88037574479670e-01",no significant difference,"6,40556536922548e-01",stronger,TRUE,246,NA,"-0,53410000000000002","0,93579775999999992","1,874833","-2,20000000000000e+00",NA,FALSE
GGP*KYPRLLLLV,246,"5,07165200894360e-02",weaker,"6,33645990913540e-01",stronger,TRUE,246,NA,"-0,53410000000000002","0,93579775999999992","1,874833","-2,20000000000000e+00",NA,FALSE
GGPAK*PRLLLLV,246,"1,10103889603122e-01",weaker,"7,07009757442908e-01",stronger,TRUE,246,NA,"-1,70850000000000013","-0,05685754000000004","2,267973","-5,10000000000000e+00",NA,FALSE
GGPAKAPRLLLLV,246,"3,22558090327890e-01",weaker,"-3,48485242773235e-01",no significant difference,FALSE,246,"0,855288296586196","2,44529999999999959","5,10753272999999997","5,976852","2,18000000000000e+01",NA,FALSE
GGPAKCPRLLLLV,246,"-6,03926878989774e-03",weaker,"-4,25540597676170e-01",no significant difference,FALSE,246,"0,833399636100754","3,47629999999999972","6,54488507000000030","6,287613","2,57000000000000e+01",NA,FALSE
GGPAKDPRLLLLV,246,"-4,17569380969909e-02",weaker,"-3,44941400819122e-02",stronger,FALSE,246,"0,833399646248360","1,69059999999999966","4,14368673000000065","5,748874","1,85000000000000e+01",NA,FALSE
GGPAKEPRLLLLV,246,"-1,50870151316823e-02",weaker,"2,82132286774062e-02",stronger,FALSE,246,"0,833647917580818","1,64979999999999971","3,91510553000000039","5,732762","1,98000000000000e+01",NA,FALSE
GGPAKFPRLLLLV,246,"-4,10257767245841e-02",weaker,"-5,06226422086124e-01",no significant difference,FALSE,246,"0,835882410310966","3,71179999999999977","6,53102843000000011","6,614831","2,60000000000000e+01",NA,FALSE
GGPAKGPRLLLLV,246,"-1,21777808447168e-01",weaker,"-2,38146250351140e-01",no significant difference,FALSE,246,"0,833649064260315","2,26199999999999957","5,40058606000000019","6,524844","2,16000000000000e+01",NA,FALSE
GGPAKHPRLLLLV,246,"1,58286280072885e-01",weaker,"-3,68964532299394e-01",no significant difference,FALSE,246,"0,834901816684327","2,55949999999999989","5,05907074000000012","6,219674","2,21000000000000e+01",NA,FALSE
GGPAKIPRLLLLV,246,"-9,13551790832222e-02",weaker,"-3,57732791629335e-01",no significant difference,FALSE,246,"0,834144470393339","3,54999999999999982","6,02795866000000036","6,263362","2,64000000000000e+01",NA,FALSE
GGPAKKPRLLLLV,246,"2,54492133956580e-01",weaker,"-2,72416372344657e-01",no significant difference,FALSE,246,"0,833902003491609","1,25849999999999951","3,58739863000000048","5,879972","1,85000000000000e+01",NA,FALSE
GGPAKLPRLLLLV,246,"-7,16028258774197e-02",weaker,"-4,81398417252656e-01",no significant difference,FALSE,246,"0,836135826479750","3,35289999999999999","5,91060014000000056","6,306066","2,73000000000000e+01",NA,FALSE
GGPAKMPRLLLLV,246,"-1,12973942935081e-01",weaker,"-2,81251993348862e-01",no significant difference,FALSE,246,"0,834963402506148","3,45149999999999979","5,58868327000000065","6,237945","2,58000000000000e+01",NA,FALSE
GGPAKNPRLLLLV,246,"-4,43636832242387e-02",weaker,"-2,19366172735075e-01",no significant difference,FALSE,246,"0,834143171499750","2,16979999999999951","4,48682183000000023","6,150827","2,11000000000000e+01",NA,FALSE
GGPAKPPRLLLLV,246,"5,84049698352286e-01",no significant difference,"-4,49411209883672e-01",no significant difference,FALSE,246,"0,985049440507168","2,25919999999999943","4,66600563000000079","6,020671","1,94000000000000e+01",NA,FALSE
GGPAKQPRLLLLV,246,"9,42399797217737e-02",weaker,"-2,18060380890534e-01",no significant difference,FALSE,246,"0,834642575789604","2,02769999999999984","4,54873893000000074","6,107491","1,88000000000000e+01",NA,FALSE
GGPAKRPRLLLLV,246,"-3,75613032786507e-02",weaker,"-3,50831077015019e-01",no significant difference,FALSE,246,"0,835634128830903","2,35149999999999970","4,75449842999999994","6,400641","2,30000000000000e+01",NA,FALSE
GGPAKSPRLLLLV,246,"1,64382036790501e-01",weaker,"-2,23977572916202e-01",no significant difference,FALSE,246,"0,837645597472735","2,57669999999999977","4,63432513000000057","6,094808","2,11000000000000e+01",NA,FALSE
GGPAKTPRLLLLV,246,"-1,18398434711938e-02",weaker,"-3,05578526145521e-01",no significant difference,FALSE,246,"0,838001808891980","2,54219999999999979","4,90146012000000031","6,065677","1,97000000000000e+01",NA,FALSE
GGPAKVPRLLLLV,246,"-5,10642163083043e-02",weaker,"-4,27337340188631e-01",no significant difference,FALSE,246,"0,837425566928237","3,19899999999999984","5,74429955999999997","5,941187","2,63000000000000e+01",NA,FALSE
GGPAKWPRLLLLV,246,"-1,81303747140765e-01",weaker,"-6,09552087780292e-01",no significant difference,FALSE,246,"0,834392711282978","3,23159999999999981","6,85831880000000016","6,723066","2,26000000000000e+01",NA,FALSE
GGPAKYPRLLLLV,246,"1,51584640938038e-02",weaker,"-3,20261223924083e-01",no significant difference,FALSE,246,"0,834658619154952","3,31969999999999965","6,54529602000000033","6,671731","2,48000000000000e+01",NA,FALSE
GGPCK*PRLLLLV,246,"-2,74929826552731e-02",weaker,"5,74195224428058e-01",stronger,TRUE,246,NA,"-0,67750000000000021","1,38049480000000013","2,578734","-1,20000000000000e+00",NA,FALSE
GGPCKAPRLLLLV,246,"9,74901066092118e-02",weaker,"-3,74996088668473e-01",no significant difference,FALSE,246,"0,823327741224353","3,47629999999999972","6,54488507000000030","6,287613","2,57000000000000e+01",NA,FALSE
GGPCKCPRLLLLV,246,"-1,61666371948770e-02",weaker,"-4,72089411696352e-01",no significant difference,FALSE,246,"0,801439080738911","4,50729999999999986","7,98223741000000064","6,598374","2,96000000000000e+01",NA,FALSE
GGPCKDPRLLLLV,246,"-1,25530180716064e-01",weaker,"-1,04298543381635e-01",stronger,FALSE,246,"0,801439090886517","2,72159999999999958","5,58103907000000010","6,059635","2,24000000000000e+01",NA,FALSE
GGPCKEPRLLLLV,246,"-2,32944668398384e-01",weaker,"-1,55432750530261e-01",no significant difference,FALSE,246,"0,801687362218975","2,68079999999999963","5,35245787000000028","6,043523","2,37000000000000e+01",NA,FALSE
GGPCKFPRLLLLV,246,"-1,11039369724138e-01",weaker,"-5,61255872703962e-01",no significant difference,FALSE,246,"0,803921854949123","4,74279999999999990","7,96838077000000045","6,925592","2,99000000000000e+01",NA,FALSE
GGPCKGPRLLLLV,246,"-1,54283761512015e-01",weaker,"-2,87504184991533e-01",no significant difference,FALSE,246,"0,801688508898471","3,29299999999999971","6,83793840000000053","6,835605","2,55000000000000e+01",NA,FALSE
GGPCKHPRLLLLV,246,"-1,59547521632263e-01",weaker,"-4,51963257066723e-01",no significant difference,FALSE,246,"0,802941261322483","3,59049999999999958","6,49642308000000046","6,530435","2,60000000000000e+01",NA,FALSE
GGPCKIPRLLLLV,246,"-2,24276544304851e-01",weaker,"-5,56623976601116e-01",no significant difference,FALSE,246,"0,802183915031496","4,58099999999999952","7,46531100000000070","6,574123","3,03000000000000e+01",NA,FALSE
GGPCKKPRLLLLV,246,"5,65237377039875e-02",weaker,"-4,17854044630896e-01",no significant difference,FALSE,246,"0,801941448129765","2,28949999999999942","5,02475097000000037","6,190733","2,24000000000000e+01",NA,FALSE
GGPCKLPRLLLLV,246,"-1,13666678054481e-01",weaker,"-4,66088803834702e-01",no significant difference,FALSE,246,"0,804175271117907","4,38389999999999969","7,34795248000000090","6,616827","3,12000000000000e+01",NA,FALSE
GGPCKMPRLLLLV,246,"-5,27676856321452e-02",weaker,"-4,56951514464604e-01",no significant difference,FALSE,246,"0,803002847144305","4,48249999999999993","7,02603561000000010","6,548706","2,97000000000000e+01",NA,FALSE
GGPCKNPRLLLLV,246,"-5,32567546539845e-02",weaker,"-3,29148479566963e-01",no significant difference,FALSE,246,"0,802182616137907","3,20079999999999965","5,92417417000000057","6,461588","2,50000000000000e+01",NA,FALSE
GGPCKPPRLLLLV,246,"4,80118673397820e-01",no significant difference,"-5,19415376486538e-01",no significant difference,FALSE,246,"0,953088885145324","3,29019999999999957","6,10335797000000024","6,331432","2,33000000000000e+01",NA,FALSE
GGPCKQPRLLLLV,246,"-6,62485280316598e-02",weaker,"-2,89192571222247e-01",no significant difference,FALSE,246,"0,802682020427760","3,05869999999999953","5,98609127000000019","6,418252","2,27000000000000e+01",NA,FALSE
GGPCKRPRLLLLV,246,"-8,29383666453234e-03",weaker,"-3,67912555125770e-01",no significant difference,FALSE,246,"0,803673573469059","3,38249999999999940","6,19185077000000028","6,711402","2,69000000000000e+01",NA,FALSE
GGPCKSPRLLLLV,246,"-4,17790408684401e-02",weaker,"-3,45545930077739e-01",no significant difference,FALSE,246,"0,805685042110891","3,60769999999999946","6,07167747000000002","6,405569","2,50000000000000e+01",NA,FALSE
GGPCKTPRLLLLV,246,"-3,03847527174231e-02",weaker,"-3,99030712605185e-01",no significant difference,FALSE,246,"0,806041253530137","3,57319999999999949","6,33881246000000065","6,376438","2,36000000000000e+01",NA,FALSE
GGPCKVPRLLLLV,246,"-2,43057976976702e-01",weaker,"-4,97823869290149e-01",no significant difference,FALSE,246,"0,805465011566394","4,22999999999999954","7,18165190000000031","6,251948","3,02000000000000e+01",NA,FALSE
GGPCKWPRLLLLV,246,"-1,72724976126502e-01",weaker,"-4,64465760385889e-01",no significant difference,FALSE,246,"0,802432155921135","4,26259999999999994","8,29567114000000139","7,033827","2,65000000000000e+01",NA,FALSE
GGPCKYPRLLLLV,246,"-2,03913330566045e-01",weaker,"-5,23253651002510e-01",no significant difference,FALSE,246,"0,802698063793109","4,35069999999999979","7,98264836000000066","6,982492","2,87000000000000e+01",NA,FALSE
GGPDK*PRLLLLV,246,"1,22675497380110e-01",weaker,"6,90196277139184e-01",stronger,TRUE,246,NA,"-2,46320000000000006","-1,02070353999999996","2,039995","-8,40000000000000e+00",NA,FALSE
GGPDKAPRLLLLV,246,"2,51845677205727e-01",weaker,"-3,45089304760050e-01",no significant difference,FALSE,246,"0,829280063163572","1,69059999999999966","4,14368673000000065","5,748874","1,85000000000000e+01",NA,FALSE
GGPDKCPRLLLLV,246,"-5,62524196895571e-03",weaker,"-3,51742381036052e-01",no significant difference,FALSE,246,"0,807391402678130","2,72159999999999958","5,58103907000000010","6,059635","2,24000000000000e+01",NA,FALSE
GGPDKDPRLLLLV,246,"-2,21607920233258e-02",weaker,"-4,00282804984710e-02",stronger,FALSE,246,"0,807391412825736","0,93589999999999962","3,17984073000000045","5,520896","1,52000000000000e+01",NA,FALSE
GGPDKEPRLLLLV,246,"-1,84545917200956e-03",weaker,"9,84200046037876e-02",stronger,FALSE,246,"0,807639684158194","0,89509999999999967","2,95125953000000019","5,504784","1,65000000000000e+01",NA,FALSE
GGPDKFPRLLLLV,246,"2,26451857153677e-02",weaker,"-5,07560877904979e-01",no significant difference,FALSE,246,"0,809874176888342","2,95709999999999962","5,56718243000000079","6,386853","2,27000000000000e+01",NA,FALSE
GGPDKGPRLLLLV,246,"-1,79804291443590e-01",weaker,"-5,27112621547885e-02",stronger,FALSE,246,"0,807640830837690","1,50729999999999964","4,43674005999999999","6,296866","1,83000000000000e+01",NA,FALSE
GGPDKHPRLLLLV,246,"5,02008102957846e-02",weaker,"-8,26601093957034e-02",stronger,FALSE,246,"0,808893583261702","1,80479999999999974","4,09522473999999992","5,991696","1,88000000000000e+01",NA,FALSE
GGPDKIPRLLLLV,246,"-1,57479698909647e-01",weaker,"-4,69358781246109e-01",no significant difference,FALSE,246,"0,808136236970715","2,79529999999999967","5,06411266000000015","6,035384","2,31000000000000e+01",NA,FALSE
GGPDKKPRLLLLV,246,"7,05952089562679e-02",weaker,"-2,02477062770590e-02",stronger,FALSE,246,"0,807893770068984","0,50379999999999958","2,62355263000000027","5,651994","1,52000000000000e+01",NA,FALSE
GGPDKLPRLLLLV,246,"-5,32567546539845e-02",weaker,"-5,08954849394903e-01",no significant difference,FALSE,246,"0,810127593057126","2,59819999999999984","4,94675414000000035","6,078088","2,40000000000000e+01",NA,FALSE
GGPDKMPRLLLLV,246,"1,01605466473116e-03",weaker,"-5,98980318992637e-01",weaker,FALSE,246,"0,808955169083524","2,69679999999999964","4,62483727000000044","6,009967","2,25000000000000e+01",NA,FALSE
GGPDKNPRLLLLV,246,"-1,67262315687256e-02",weaker,"-8,36675812423829e-02",no significant difference,FALSE,246,"0,808134938077125","1,41509999999999958","3,52297583000000047","5,922849","1,78000000000000e+01",NA,FALSE
GGPDKPPRLLLLV,246,"5,59746459417025e-01",no significant difference,"-3,53979755078463e-01",no significant difference,FALSE,246,"0,959041207084543","1,50449999999999950","3,70215963000000015","5,792693","1,61000000000000e+01",NA,FALSE
GGPDKQPRLLLLV,246,"-3,62079187075461e-02",weaker,"-1,09506384169063e-01",no significant difference,FALSE,246,"0,808634342366979","1,27299999999999969","3,58489293000000053","5,879513","1,55000000000000e+01",NA,FALSE
GGPDKRPRLLLLV,246,"2,95260240329016e-02",weaker,"-2,43075859594129e-01",no significant difference,FALSE,246,"0,809625895408278","1,59679999999999955","3,79065243000000018","6,172663","1,97000000000000e+01",NA,FALSE
GGPDKSPRLLLLV,246,"1,35544587554486e-01",weaker,"-2,17818288519349e-01",stronger,FALSE,246,"0,811637364050110","1,82199999999999962","3,67047913000000037","5,866830","1,78000000000000e+01",NA,FALSE
GGPDKTPRLLLLV,246,"2,15016685761727e-02",weaker,"-2,92472806525109e-01",no significant difference,FALSE,246,"0,811993575469356","1,78749999999999964","3,93761412000000011","5,837699","1,64000000000000e+01",NA,FALSE
GGPDKVPRLLLLV,246,"-9,54295870415709e-02",weaker,"-3,66766114207337e-01",no significant difference,FALSE,246,"0,811417333505613","2,44429999999999970","4,78045356000000066","5,713209","2,30000000000000e+01",NA,FALSE
GGPDKWPRLLLLV,246,"-1,67575975929749e-01",weaker,"-4,41662159759160e-01",no significant difference,FALSE,246,"0,808384477860354","2,47689999999999966","5,89447280000000084","6,495088","1,93000000000000e+01",NA,FALSE
GGPDKYPRLLLLV,246,"-1,15176187634561e-01",weaker,"-5,40982591057983e-01",no significant difference,FALSE,246,"0,808650385732328","2,56499999999999950","5,58145002000000012","6,443753","2,15000000000000e+01",NA,FALSE
GGPEK*PRLLLLV,246,"2,77463743363561e-01",no significant difference,"7,81778955775765e-01",stronger,TRUE,246,NA,"-2,50400000000000000","-1,24928474000000000","2,023883","-7,10000000000000e+00",NA,FALSE
GGPEKAPRLLLLV,246,"3,79216506899060e-01",weaker,"-2,65646117732473e-01",no significant difference,FALSE,246,"0,833743832754299","1,64979999999999971","3,91510553000000039","5,732762","1,98000000000000e+01",NA,FALSE
GGPEKCPRLLLLV,246,"1,07445964164124e-01",weaker,"-2,42141391194214e-01",no significant difference,FALSE,246,"0,811855172268857","2,68079999999999963","5,35245787000000028","6,043523","2,37000000000000e+01",NA,FALSE
GGPEKDPRLLLLV,246,"-1,41589976098539e-01",weaker,"1,63117546813765e-01",stronger,FALSE,246,"0,811855182416463","0,89509999999999967","2,95125953000000019","5,504784","1,65000000000000e+01",NA,FALSE
GGPEKEPRLLLLV,246,"2,55143198856602e-01",no significant difference,"1,48394666752457e-01",stronger,FALSE,246,"0,812103453748921","0,85429999999999973","2,72267833000000037","5,488672","1,78000000000000e+01",NA,FALSE
GGPEKFPRLLLLV,246,"-1,14284301055436e-01",weaker,"-4,30084425384000e-01",no significant difference,FALSE,246,"0,814337946479069","2,91629999999999967","5,33860123000000009","6,370741","2,40000000000000e+01",NA,FALSE
GGPEKGPRLLLLV,246,"-1,22173535385602e-01",weaker,"-1,97695207290295e-02",stronger,FALSE,246,"0,812104600428418","1,46649999999999969","4,20815886000000017","6,280754","1,96000000000000e+01",NA,FALSE
GGPEKHPRLLLLV,246,"1,63696685059100e-01",weaker,"-2,87314920451420e-01",no significant difference,FALSE,246,"0,813357352852430","1,76399999999999979","3,86664354000000055","5,975584","2,01000000000000e+01",NA,FALSE
GGPEKIPRLLLLV,246,"-1,40774416774457e-01",weaker,"-2,09917877875309e-01",no significant difference,FALSE,246,"0,812600006561442","2,75449999999999973","4,83553146000000034","6,019272","2,44000000000000e+01",NA,FALSE
GGPEKKPRLLLLV,246,"4,59282042952770e-02",weaker,"-2,36167359711223e-01",no significant difference,FALSE,246,"0,812357539659712","0,46299999999999958","2,39497143000000046","5,635882","1,65000000000000e+01",NA,FALSE
GGPEKLPRLLLLV,246,"-5,24014997992483e-02",weaker,"-5,08954849394903e-01",no significant difference,FALSE,246,"0,814591362647853","2,55739999999999990","4,71817294000000054","6,061976","2,53000000000000e+01",NA,FALSE
GGPEKMPRLLLLV,246,"-3,62079187075461e-02",weaker,"-4,30556167046186e-01",no significant difference,FALSE,246,"0,813418938674251","2,65599999999999969","4,39625607000000063","5,993855","2,38000000000000e+01",NA,FALSE
GGPEKNPRLLLLV,246,"1,19682696278344e-01",weaker,"-1,89663378161755e-01",no significant difference,FALSE,246,"0,812598707667853","1,37429999999999963","3,29439463000000021","5,906737","1,91000000000000e+01",NA,FALSE
GGPEKPPRLLLLV,246,"6,33873834200288e-01",no significant difference,"-3,30660587627199e-01",no significant difference,FALSE,246,"0,963504976675271","1,46369999999999956","3,47357843000000033","5,776581","1,74000000000000e+01",NA,FALSE
GGPEKQPRLLLLV,246,"-5,74736377448955e-02",weaker,"-9,33447491684588e-03",stronger,FALSE,246,"0,813098111957707","1,23219999999999974","3,35631173000000027","5,863401","1,68000000000000e+01",NA,FALSE
GGPEKRPRLLLLV,246,"-2,00374297952478e-02",weaker,"-1,34444092828487e-01",no significant difference,FALSE,246,"0,814089664999006","1,55599999999999961","3,56207123000000037","6,156551","2,10000000000000e+01",NA,FALSE
GGPEKSPRLLLLV,246,"1,41695251989679e-01",weaker,"-1,74189282176690e-01",no significant difference,FALSE,246,"0,816101133640838","1,78119999999999967","3,44189793000000055","5,850718","1,91000000000000e+01",NA,FALSE
GGPEKTPRLLLLV,246,"1,29330200386196e-02",weaker,"-2,37125643307323e-01",no significant difference,FALSE,246,"0,816457345060083","1,74669999999999970","3,70903292000000029","5,821587","1,77000000000000e+01",NA,FALSE
GGPEKVPRLLLLV,246,"1,45533422169182e-02",weaker,"-2,96390387703500e-01",no significant difference,FALSE,246,"0,815881103096340","2,40349999999999975","4,55187235999999995","5,697097","2,43000000000000e+01",NA,FALSE
GGPEKWPRLLLLV,246,"-1,01279835549334e-01",weaker,"-4,09221231831826e-01",no significant difference,FALSE,246,"0,812848247451081","2,43609999999999971","5,66589160000000014","6,478976","2,06000000000000e+01",NA,FALSE
GGPEKYPRLLLLV,246,"-2,44857536516511e-02",weaker,"-5,55640758061483e-01",no significant difference,FALSE,246,"0,813114155323055","2,52419999999999956","5,35286882000000031","6,427641","2,28000000000000e+01",NA,FALSE
GGPFK*PRLLLLV,246,"2,54069373690410e-02",weaker,"6,03949473707902e-01",stronger,TRUE,246,NA,"-0,44200000000000017","1,36663815999999994","2,905952","-9,00000000000000e-01",NA,FALSE
GGPFKAPRLLLLV,246,"-2,98196722826026e-02",weaker,"-4,52930746418439e-01",no significant difference,FALSE,246,"0,825815853075408","3,71179999999999977","6,53102843000000011","6,614831","2,60000000000000e+01",NA,FALSE
GGPFKCPRLLLLV,246,"-2,31642457121816e-01",weaker,"-4,96987167484335e-01",no significant difference,FALSE,246,"0,803927192589966","4,74279999999999990","7,96838077000000045","6,925592","2,99000000000000e+01",NA,FALSE
GGPFKDPRLLLLV,246,"-2,87919266466458e-01",weaker,"-3,11983577641542e-01",no significant difference,FALSE,246,"0,803927202737573","2,95709999999999962","5,56718243000000079","6,386853","2,27000000000000e+01",NA,FALSE
GGPFKEPRLLLLV,246,"-6,70888636550126e-02",weaker,"-4,32413998094236e-01",no significant difference,FALSE,246,"0,804175474070030","2,91629999999999967","5,33860123000000009","6,370741","2,40000000000000e+01",NA,FALSE
GGPFKFPRLLLLV,246,"-2,52135207797126e-01",weaker,"-5,67595321362068e-01",no significant difference,FALSE,246,"0,806409966800179","4,97829999999999995","7,95452413000000025","7,252810","3,02000000000000e+01",NA,FALSE
GGPFKGPRLLLLV,246,"-1,32722867473673e-01",weaker,"-4,87705642126119e-01",no significant difference,FALSE,246,"0,804176620749527","3,52849999999999975","6,82408176000000033","7,162823","2,58000000000000e+01",NA,FALSE
GGPFKHPRLLLLV,246,"-2,21562271676680e-01",weaker,"-5,36357581524003e-01",no significant difference,FALSE,246,"0,805429373173539","3,82599999999999962","6,48256644000000026","6,857653","2,63000000000000e+01",NA,FALSE
GGPFKIPRLLLLV,246,"-2,83487343949815e-01",weaker,"-4,34303777121329e-01",no significant difference,FALSE,246,"0,804672026882551","4,81649999999999956","7,45145436000000050","6,901341","3,06000000000000e+01",NA,FALSE
GGPFKKPRLLLLV,246,"-2,14787889127267e-01",weaker,"-5,59404445421802e-01",no significant difference,FALSE,246,"0,804429559980821","2,52499999999999947","5,01089433000000017","6,517951","2,27000000000000e+01",NA,FALSE
GGPFKLPRLLLLV,246,"-1,27170680770581e-01",weaker,"-4,93122886194787e-01",no significant difference,FALSE,246,"0,806663382968962","4,61939999999999973","7,33409584000000070","6,944045","3,15000000000000e+01",NA,FALSE
GGPFKMPRLLLLV,246,"-9,08285645455229e-02",weaker,"-5,75401344231141e-01",no significant difference,FALSE,246,"0,805490958995360","4,71799999999999997","7,01217897000000079","6,875924","3,00000000000000e+01",NA,FALSE
GGPFKNPRLLLLV,246,"-1,49886600100249e-02",weaker,"-3,98771140332814e-01",no significant difference,FALSE,246,"0,804670727988962","3,43629999999999969","5,91031753000000037","6,788806","2,53000000000000e+01",NA,FALSE
GGPFKPPRLLLLV,246,"2,81057031165399e-02",weaker,"-4,88363528844873e-01",no significant difference,FALSE,246,"0,955576996996380","3,52569999999999961","6,08950133000000005","6,658650","2,36000000000000e+01",NA,FALSE
GGPFKQPRLLLLV,246,"1,70253902529286e-02",weaker,"-4,68093321053438e-01",no significant difference,FALSE,246,"0,805170132278816","3,29419999999999957","5,97223463000000088","6,745470","2,30000000000000e+01",NA,FALSE
GGPFKRPRLLLLV,246,"-8,61448498022214e-02",weaker,"-4,64465760385889e-01",no significant difference,FALSE,246,"0,806161685320115","3,61799999999999944","6,17799413000000008","7,038620","2,72000000000000e+01",NA,FALSE
GGPFKSPRLLLLV,246,"-1,95808264326654e-01",weaker,"-5,34241397026411e-01",no significant difference,FALSE,246,"0,808173153961947","3,84319999999999951","6,05782083000000071","6,732787","2,53000000000000e+01",NA,FALSE
GGPFKTPRLLLLV,246,"-9,61397366777630e-02",weaker,"-4,27301652858109e-01",no significant difference,FALSE,246,"0,808529365381192","3,80869999999999953","6,32495582000000045","6,703656","2,39000000000000e+01",NA,FALSE
GGPFKVPRLLLLV,246,"-1,97238369457985e-01",weaker,"-5,01478361294739e-01",no significant difference,FALSE,246,"0,807953123417449","4,46549999999999958","7,16779526000000011","6,579166","3,05000000000000e+01",NA,FALSE
GGPFKWPRLLLLV,246,"-2,17594064897078e-01",weaker,"-4,93965302322103e-01",no significant difference,FALSE,246,"0,804920267772190","4,49809999999999999","8,28181450000000119","7,361045","2,68000000000000e+01",NA,FALSE
GGPFKYPRLLLLV,246,"-9,45839710595421e-02",weaker,"-5,33443334371700e-01",no significant difference,FALSE,246,"0,805186175644164","4,58619999999999983","7,96879172000000047","7,309710","2,90000000000000e+01",NA,FALSE
GGPGK*PRLLLLV,246,"1,91382093767285e-01",weaker,"7,24309753626471e-01",stronger,TRUE,246,NA,"-1,89180000000000015","0,23619578999999991","2,815965","-5,30000000000000e+00",NA,FALSE
GGPGKAPRLLLLV,246,"1,03561341952381e-01",weaker,"-2,42519001732736e-01",no significant difference,FALSE,246,"0,832016456494691","2,26199999999999957","5,40058606000000019","6,524844","2,16000000000000e+01",NA,FALSE
GGPGKCPRLLLLV,246,"-2,31052673562260e-01",weaker,"-3,51277572525463e-01",no significant difference,FALSE,246,"0,810127796009249","3,29299999999999971","6,83793840000000053","6,835605","2,55000000000000e+01",NA,FALSE
GGPGKDPRLLLLV,246,"-2,01962101378081e-01",weaker,"2,42033657668384e-02",stronger,FALSE,246,"0,810127806156855","1,50729999999999964","4,43674005999999999","6,296866","1,83000000000000e+01",NA,FALSE
GGPGKEPRLLLLV,246,"1,05904001470832e-02",weaker,"1,04279155496945e-02",stronger,FALSE,246,"0,810376077489313","1,46649999999999969","4,20815886000000017","6,280754","1,96000000000000e+01",NA,FALSE
GGPGKFPRLLLLV,246,"-1,65555067116662e-01",weaker,"-5,20860491006944e-01",no significant difference,FALSE,246,"0,812610570219461","3,52849999999999975","6,82408176000000033","7,162823","2,58000000000000e+01",NA,FALSE
GGPGKGPRLLLLV,246,"-1,26807197848216e-01",weaker,"-1,65750567325645e-01",stronger,FALSE,246,"0,810377224168809","2,07869999999999955","5,69363939000000041","7,072836","2,14000000000000e+01",NA,FALSE
GGPGKHPRLLLLV,246,"2,66713120894133e-02",weaker,"-3,35892753455877e-01",no significant difference,FALSE,246,"0,811629976592821","2,37619999999999987","5,35212407000000034","6,767666","2,19000000000000e+01",NA,FALSE
GGPGKIPRLLLLV,246,"-1,48464208852626e-01",weaker,"-4,33741889537468e-01",no significant difference,FALSE,246,"0,810872630301834","3,36669999999999980","6,32101199000000058","6,811354","2,62000000000000e+01",NA,FALSE
GGPGKKPRLLLLV,246,"-1,62619987582831e-01",weaker,"-2,04997650365543e-01",stronger,FALSE,246,"0,810630163400103","1,07519999999999971","3,88045196000000026","6,427964","1,83000000000000e+01",NA,FALSE
GGPGKLPRLLLLV,246,"-1,29714030830974e-01",weaker,"-4,68890854052410e-01",no significant difference,FALSE,246,"0,812863986388245","3,16959999999999997","6,20365347000000078","6,854058","2,71000000000000e+01",NA,FALSE
GGPGKMPRLLLLV,246,"-1,03735109116653e-01",weaker,"-4,02416715737662e-01",no significant difference,FALSE,246,"0,811691562414643","3,26819999999999977","5,88173659999999998","6,785937","2,56000000000000e+01",NA,FALSE
GGPGKNPRLLLLV,246,"-1,25831372000598e-01",weaker,"-1,42361310177834e-01",stronger,FALSE,246,"0,810871331408244","1,98649999999999971","4,77987516000000046","6,698819","2,09000000000000e+01",NA,FALSE
GGPGKPPRLLLLV,246,"3,93362778823953e-01",weaker,"-3,13075385426227e-01",no significant difference,FALSE,246,"0,961777600415662","2,07589999999999986","4,95905896000000013","6,568663","1,92000000000000e+01",NA,FALSE
GGPGKQPRLLLLV,246,"-8,01274037626799e-02",weaker,"-1,73689187828928e-01",stronger,FALSE,246,"0,811370735698098","1,84439999999999982","4,84179226000000007","6,655483","1,86000000000000e+01",NA,FALSE
GGPGKRPRLLLLV,246,"-1,09957207352015e-01",weaker,"-3,17357056812234e-01",no significant difference,FALSE,246,"0,812362288739397","2,16819999999999968","5,04755176000000017","6,948633","2,28000000000000e+01",NA,FALSE
GGPGKSPRLLLLV,246,"8,55898396083775e-04",weaker,"-2,09788868733869e-01",stronger,FALSE,246,"0,814373757381229","2,39339999999999975","4,92737845999999990","6,642800","2,09000000000000e+01",NA,FALSE
GGPGKTPRLLLLV,246,"-1,30465748683877e-01",weaker,"-2,89034270086595e-01",no significant difference,FALSE,246,"0,814729968800475","2,35889999999999977","5,19451345000000053","6,613669","1,95000000000000e+01",NA,FALSE
GGPGKVPRLLLLV,246,"-2,25827713570365e-01",weaker,"-3,96727282486724e-01",no significant difference,FALSE,246,"0,814153726836732","3,01569999999999983","6,03735289000000019","6,489179","2,61000000000000e+01",NA,FALSE
GGPGKWPRLLLLV,246,"-2,55904703005170e-01",weaker,"-4,20473912851352e-01",no significant difference,FALSE,246,"0,811120871191473","3,04829999999999979","7,15137213000000038","7,271058","2,24000000000000e+01",NA,FALSE
GGPGKYPRLLLLV,246,"-2,20839844351825e-01",weaker,"-6,14825801573014e-01",no significant difference,FALSE,246,"0,811386779063447","3,13639999999999963","6,83834935000000055","7,219723","2,46000000000000e+01",NA,FALSE
GGPHK*PRLLLLV,246,"2,10606472878352e-01",weaker,"7,16089851243103e-01",stronger,TRUE,246,NA,"-1,59430000000000005","-0,10531953000000005","2,510795","-4,80000000000000e+00",NA,FALSE
GGPHKAPRLLLLV,246,"1,22594865016484e-01",weaker,"-3,99679173309600e-01",no significant difference,FALSE,246,"0,825064899776305","2,55949999999999989","5,05907074000000012","6,219674","2,21000000000000e+01",NA,FALSE
GGPHKCPRLLLLV,246,"-1,78900742659152e-02",weaker,"-4,58600013563797e-01",no significant difference,FALSE,246,"0,803176239290863","3,59049999999999958","6,49642308000000046","6,530435","2,60000000000000e+01",NA,FALSE
GGPHKDPRLLLLV,246,"-4,21833929829892e-02",weaker,"-4,64668492926085e-02",no significant difference,FALSE,246,"0,803176249438470","1,80479999999999974","4,09522473999999992","5,991696","1,88000000000000e+01",NA,FALSE
GGPHKEPRLLLLV,246,"-3,63949574081809e-02",weaker,"-7,63551843965298e-02",stronger,FALSE,246,"0,803424520770927","1,76399999999999979","3,86664354000000055","5,975584","2,01000000000000e+01",NA,FALSE
GGPHKFPRLLLLV,246,"-1,47482462407168e-01",weaker,"-7,08367522655043e-01",no significant difference,FALSE,246,"0,805659013501075","3,82599999999999962","6,48256644000000026","6,857653","2,63000000000000e+01",NA,FALSE
GGPHKGPRLLLLV,246,"-3,46763738062855e-02",weaker,"-3,60977582363796e-01",no significant difference,FALSE,246,"0,803425667450424","2,37619999999999987","5,35212407000000034","6,767666","2,19000000000000e+01",NA,FALSE
GGPHKHPRLLLLV,246,"2,03946563918379e-02",weaker,"-3,82490713229611e-01",no significant difference,FALSE,246,"0,804678419874436","2,67369999999999974","5,01060875000000028","6,462496","2,24000000000000e+01",NA,FALSE
GGPHKIPRLLLLV,246,"-1,02009693018426e-01",weaker,"-5,84085862454241e-01",no significant difference,FALSE,246,"0,803921073583448","3,66419999999999968","5,97949667000000051","6,506184","2,67000000000000e+01",NA,FALSE
GGPHKKPRLLLLV,246,"3,91761633703933e-02",weaker,"-1,11461247463155e-01",stronger,FALSE,246,"0,803678606681718","1,37269999999999959","3,53893664000000019","6,122794","1,88000000000000e+01",NA,FALSE
GGPHKLPRLLLLV,246,"-6,33817399115956e-02",weaker,"-6,21179666216571e-01",no significant difference,FALSE,246,"0,805912429669859","3,46709999999999985","5,86213815000000071","6,548888","2,76000000000000e+01",NA,FALSE
GGPHKMPRLLLLV,246,"1,15970245268077e-01",weaker,"-5,91147120586822e-01",no significant difference,FALSE,246,"0,804740005696257","3,56569999999999965","5,54022127999999991","6,480767","2,61000000000000e+01",NA,FALSE
GGPHKNPRLLLLV,246,"9,94617354427022e-02",weaker,"-2,53806228998861e-01",no significant difference,FALSE,246,"0,803919774689859","2,28399999999999981","4,43835984000000039","6,393649","2,14000000000000e+01",NA,FALSE
GGPHKPPRLLLLV,246,"3,53583523099534e-01",weaker,"-2,85607674025997e-01",no significant difference,FALSE,246,"0,954826043697277","2,37339999999999973","4,61754364000000006","6,263493","1,97000000000000e+01",NA,FALSE
GGPHKQPRLLLLV,246,"1,45688055427942e-02",weaker,"-3,03520596695009e-01",no significant difference,FALSE,246,"0,804419178979713","2,14189999999999969","4,50027694000000000","6,350313","1,91000000000000e+01",NA,FALSE
GGPHKRPRLLLLV,246,"1,40995601863763e-02",weaker,"-4,32028755712332e-01",no significant difference,FALSE,246,"0,805410732021012","2,46569999999999956","4,70603644000000010","6,643463","2,33000000000000e+01",NA,FALSE
GGPHKSPRLLLLV,246,"-5,77914747716215e-03",weaker,"-2,65479596092074e-01",no significant difference,FALSE,246,"0,807422200662844","2,69089999999999963","4,58586314000000073","6,337630","2,14000000000000e+01",NA,FALSE
GGPHKTPRLLLLV,246,"6,61987155393423e-03",weaker,"-5,28796274158659e-01",no significant difference,FALSE,246,"0,807778412082089","2,65639999999999965","4,85299813000000047","6,308499","2,00000000000000e+01",NA,FALSE
GGPHKVPRLLLLV,246,"-1,03044566024814e-01",weaker,"-5,13115199926478e-01",no significant difference,FALSE,246,"0,807202170118346","3,31319999999999970","5,69583757000000013","6,184009","2,66000000000000e+01",NA,FALSE
GGPHKWPRLLLLV,246,"3,29798169650893e-02",weaker,"-5,98769622822145e-01",no significant difference,FALSE,246,"0,804169314473087","3,34579999999999966","6,80985681000000032","6,965888","2,29000000000000e+01",NA,FALSE
GGPHKYPRLLLLV,246,"-1,36194943559468e-01",weaker,"-4,23339889330649e-01",no significant difference,FALSE,246,"0,804435222345061","3,43389999999999951","6,49683403000000048","6,914553","2,51000000000000e+01",NA,FALSE
GGPIK*PRLLLLV,246,"1,93615696324758e-01",weaker,"6,15833889941510e-01",stronger,TRUE,246,NA,"-0,60380000000000011","0,86356838999999985","2,554483","-5,00000000000000e-01",NA,FALSE
GGPIKAPRLLLLV,246,"1,68729049935404e-01",weaker,"-4,56708921340480e-01",no significant difference,FALSE,246,"0,831254158171894","3,54999999999999982","6,02795866000000036","6,263362","2,64000000000000e+01",NA,FALSE
GGPIKCPRLLLLV,246,"-7,99727998616663e-02",weaker,"-5,22686112714565e-01",no significant difference,FALSE,246,"0,809365497686452","4,58099999999999952","7,46531100000000070","6,574123","3,03000000000000e+01",NA,FALSE
GGPIKDPRLLLLV,246,"-6,42634632937639e-03",weaker,"-1,09326522765953e-01",stronger,FALSE,246,"0,809365507834059","2,79529999999999967","5,06411266000000015","6,035384","2,31000000000000e+01",NA,FALSE
GGPIKEPRLLLLV,246,"-1,01314851504533e-01",weaker,"-9,83590159059913e-03",stronger,FALSE,246,"0,809613779166516","2,75449999999999973","4,83553146000000034","6,019272","2,44000000000000e+01",NA,FALSE
GGPIKFPRLLLLV,246,"-8,45422702905596e-02",weaker,"-5,39728255320909e-01",no significant difference,FALSE,246,"0,811848271896665","4,81649999999999956","7,45145436000000050","6,901341","3,06000000000000e+01",NA,FALSE
GGPIKGPRLLLLV,246,"-1,73391804981589e-01",weaker,"-3,44827317455135e-01",no significant difference,FALSE,246,"0,809614925846013","3,36669999999999980","6,32101199000000058","6,811354","2,62000000000000e+01",NA,FALSE
GGPIKHPRLLLLV,246,"2,61047490410124e-02",weaker,"-3,70018086190830e-01",no significant difference,FALSE,246,"0,810867678270025","3,66419999999999968","5,97949667000000051","6,506184","2,67000000000000e+01",NA,FALSE
GGPIKIPRLLLLV,246,"-1,95645181494842e-01",weaker,"-7,27047390840648e-01",weaker,FALSE,246,"0,810110331979037","4,65470000000000006","6,94838458999999986","6,549872","3,10000000000000e+01",NA,FALSE
GGPIKKPRLLLLV,246,"-5,47454569215269e-02",weaker,"-6,43411539292388e-01",no significant difference,FALSE,246,"0,809867865077307","2,36319999999999952","4,50782456000000042","6,166482","2,31000000000000e+01",NA,FALSE
GGPIKLPRLLLLV,246,"-7,06883805094843e-02",weaker,"-5,47292633790559e-01",no significant difference,FALSE,246,"0,812101688065448","4,45760000000000023","6,83102607000000006","6,592576","3,19000000000000e+01",NA,FALSE
GGPIKMPRLLLLV,246,"-1,07906458292417e-01",weaker,"-4,34564697724857e-01",no significant difference,FALSE,246,"0,810929264091846","4,55619999999999958","6,50910920000000015","6,524455","3,04000000000000e+01",NA,FALSE
GGPIKNPRLLLLV,246,"3,40436889536489e-02",weaker,"-3,75954337188328e-01",no significant difference,FALSE,246,"0,810109033085448","3,27449999999999974","5,40724776000000062","6,437337","2,57000000000000e+01",NA,FALSE
GGPIKPPRLLLLV,246,"4,68472164368784e-01",no significant difference,"-3,65618922855896e-01",no significant difference,FALSE,246,"0,961015302092866","3,36389999999999967","5,58643156000000030","6,307181","2,40000000000000e+01",NA,FALSE
GGPIKQPRLLLLV,246,"-6,19713046491892e-02",weaker,"-3,48172751645647e-01",no significant difference,FALSE,246,"0,810608437375302","3,13239999999999963","5,46916486000000024","6,394001","2,34000000000000e+01",NA,FALSE
GGPIKRPRLLLLV,246,"-6,75468424069636e-02",weaker,"-4,74206210099362e-01",no significant difference,FALSE,246,"0,811599990416601","3,45619999999999949","5,67492436000000033","6,687151","2,76000000000000e+01",NA,FALSE
GGPIKSPRLLLLV,246,"1,37372085984586e-02",weaker,"-3,98771140332814e-01",no significant difference,FALSE,246,"0,813611459058433","3,68139999999999956","5,55475106000000007","6,381318","2,57000000000000e+01",NA,FALSE
GGPIKTPRLLLLV,246,"1,57622518845379e-02",weaker,"-5,07331150923057e-01",no significant difference,FALSE,246,"0,813967670477678","3,64689999999999959","5,82188604999999981","6,352187","2,43000000000000e+01",NA,FALSE
GGPIKVPRLLLLV,246,"-1,76321475380447e-01",weaker,"-4,63892403934573e-01",no significant difference,FALSE,246,"0,813391428513935","4,30370000000000008","6,66472549000000036","6,227697","3,09000000000000e+01",NA,FALSE
GGPIKWPRLLLLV,246,"-1,33863148140946e-01",weaker,"-4,48892723197618e-01",no significant difference,FALSE,246,"0,810358572868676","4,33629999999999960","7,77874473000000055","7,009576","2,72000000000000e+01",NA,FALSE
GGPIKYPRLLLLV,246,"-2,34426960305218e-01",weaker,"-6,14331638706532e-01",no significant difference,FALSE,246,"0,810624480740650","4,42439999999999944","7,46572195000000072","6,958241","2,94000000000000e+01",NA,FALSE
GGPKK*PRLLLLV,246,"2,25289181300909e-01",weaker,"6,79105174641407e-01",stronger,TRUE,246,NA,"-2,89530000000000021","-1,57699164000000014","2,171093","-8,40000000000000e+00",NA,FALSE
GGPKKAPRLLLLV,246,"2,44087297642539e-01",weaker,"-3,52203319696579e-01",no significant difference,FALSE,246,"0,827543543910808","1,25849999999999951","3,58739863000000048","5,879972","1,85000000000000e+01",NA,FALSE
GGPKKCPRLLLLV,246,"5,28212244563905e-03",weaker,"-5,24497860944206e-01",no significant difference,FALSE,246,"0,805654883425366","2,28949999999999942","5,02475097000000037","6,190733","2,24000000000000e+01",NA,FALSE
GGPKKDPRLLLLV,246,"4,82398590453052e-02",weaker,"-2,10811743963188e-01",no significant difference,FALSE,246,"0,805654893572972","0,50379999999999958","2,62355263000000027","5,651994","1,52000000000000e+01",NA,FALSE
GGPKKEPRLLLLV,246,"5,48933682759889e-02",weaker,"4,33511024658830e-02",stronger,FALSE,246,"0,805903164905429","0,46299999999999958","2,39497143000000046","5,635882","1,65000000000000e+01",NA,FALSE
GGPKKFPRLLLLV,246,"8,82439477784443e-02",weaker,"-5,47454694160223e-01",no significant difference,FALSE,246,"0,808137657635578","2,52499999999999947","5,01089433000000017","6,517951","2,27000000000000e+01",NA,FALSE
GGPKKGPRLLLLV,246,"5,70470240542956e-03",weaker,"-2,87646158093465e-01",no significant difference,FALSE,246,"0,805904311584926","1,07519999999999971","3,88045196000000026","6,427964","1,83000000000000e+01",NA,FALSE
GGPKKHPRLLLLV,246,"2,28055788136025e-01",weaker,"-6,48947084169845e-01",no significant difference,FALSE,246,"0,807157064008938","1,37269999999999959","3,53893664000000019","6,122794","1,88000000000000e+01",NA,FALSE
GGPKKIPRLLLLV,246,"2,23818603688514e-02",weaker,"-4,52219175887205e-01",no significant difference,FALSE,246,"0,806399717717951","2,36319999999999952","4,50782456000000042","6,166482","2,31000000000000e+01",NA,FALSE
GGPKKKPRLLLLV,246,"-1,15204731118205e-02",weaker,"-3,33346508049960e-01",no significant difference,FALSE,246,"0,806157250816220","0,07169999999999950","2,06726453000000054","5,783092","1,52000000000000e+01",NA,FALSE
GGPKKLPRLLLLV,246,"-8,61036199964878e-02",weaker,"-4,02359980968215e-01",no significant difference,FALSE,246,"0,808391073804362","2,16609999999999969","4,39046604000000062","6,209186","2,40000000000000e+01",NA,FALSE
GGPKKMPRLLLLV,246,"-8,59530199480945e-03",weaker,"-2,80146967998884e-01",no significant difference,FALSE,246,"0,807218649830760","2,26469999999999949","4,06854917000000071","6,141065","2,25000000000000e+01",NA,FALSE
GGPKKNPRLLLLV,246,"9,92892875086698e-02",weaker,"-1,37176660738914e-01",no significant difference,FALSE,246,"0,806398418824362","0,98299999999999965","2,96668773000000030","6,053947","1,78000000000000e+01",NA,FALSE
GGPKKPPRLLLLV,246,"6,57571879299725e-01",no significant difference,"-6,97725368277564e-01",no significant difference,FALSE,246,"0,957304687831779","1,07239999999999958","3,14587153000000042","5,923791","1,61000000000000e+01",NA,FALSE
GGPKKQPRLLLLV,246,"5,53697444620957e-02",no significant difference,"-2,25196014950271e-01",no significant difference,FALSE,246,"0,806897823114216","0,84089999999999965","3,02860483000000036","6,010611","1,55000000000000e+01",NA,FALSE
GGPKKRPRLLLLV,246,"1,02596107666317e-01",weaker,"-3,28442123276219e-01",no significant difference,FALSE,246,"0,807889376155514","1,16469999999999962","3,23436433000000045","6,303761","1,97000000000000e+01",NA,FALSE
GGPKKSPRLLLLV,246,"1,60978400878886e-01",weaker,"-3,52706816379217e-01",no significant difference,FALSE,246,"0,809900844797346","1,38989999999999969","3,11419103000000019","5,997928","1,78000000000000e+01",NA,FALSE
GGPKKTPRLLLLV,246,"7,87521674851442e-02",weaker,"-3,13220336646185e-01",no significant difference,FALSE,246,"0,810257056216591","1,35539999999999949","3,38132602000000038","5,968797","1,64000000000000e+01",NA,FALSE
GGPKKVPRLLLLV,246,"-1,93020919262039e-02",weaker,"-3,83808824516952e-01",no significant difference,FALSE,246,"0,809680814252849","2,01219999999999954","4,22416546000000004","5,844307","2,30000000000000e+01",NA,FALSE
GGPKKWPRLLLLV,246,"-6,61693359306040e-02",weaker,"-2,20200890060826e-01",no significant difference,FALSE,246,"0,806647958607590","2,04479999999999951","5,33818470000000023","6,626186","1,93000000000000e+01",NA,FALSE
GGPKKYPRLLLLV,246,"-5,24014997992483e-02",weaker,"-3,83297044347748e-01",no significant difference,FALSE,246,"0,806913866479564","2,13289999999999980","5,02516192000000039","6,574851","2,15000000000000e+01",NA,FALSE
GGPLK*PRLLLLV,246,"1,48797822675604e-01",weaker,"6,28643493005141e-01",stronger,TRUE,246,NA,"-0,80090000000000017","0,74620987000000005","2,597187","4,00000000000000e-01",NA,FALSE
GGPLKAPRLLLLV,246,"1,30521290305650e-01",weaker,"-4,82297258468298e-01",no significant difference,FALSE,246,"0,845682521851424","3,35289999999999999","5,91060014000000056","6,306066","2,73000000000000e+01",NA,FALSE
GGPLKCPRLLLLV,246,"-1,74856177173891e-01",weaker,"-4,53297012830757e-01",no significant difference,FALSE,246,"0,823793861365982","4,38389999999999969","7,34795248000000090","6,616827","3,12000000000000e+01",NA,FALSE
GGPLKDPRLLLLV,246,"-1,21529814099394e-01",weaker,"-1,25399610761042e-01",stronger,FALSE,246,"0,823793871513588","2,59819999999999984","4,94675414000000035","6,078088","2,40000000000000e+01",NA,FALSE
GGPLKEPRLLLLV,246,"-2,71313494383458e-02",weaker,"-9,84716681797525e-02",stronger,FALSE,246,"0,824042142846046","2,55739999999999990","4,71817294000000054","6,061976","2,53000000000000e+01",NA,FALSE
GGPLKFPRLLLLV,246,"-1,98808822464203e-01",weaker,"-4,97118689399104e-01",no significant difference,FALSE,246,"0,826276635576194","4,61939999999999973","7,33409584000000070","6,944045","3,15000000000000e+01",NA,FALSE
GGPLKGPRLLLLV,246,"-1,15787477919021e-01",weaker,"-3,51617026660560e-01",no significant difference,FALSE,246,"0,824043289525543","3,16959999999999997","6,20365347000000078","6,854058","2,71000000000000e+01",NA,FALSE
GGPLKHPRLLLLV,246,"3,58981709578012e-02",weaker,"-5,18420281228407e-01",no significant difference,FALSE,246,"0,825296041949554","3,46709999999999985","5,86213815000000071","6,548888","2,76000000000000e+01",NA,FALSE
GGPLKIPRLLLLV,246,"-1,16946037004453e-01",weaker,"-4,60424565774061e-01",no significant difference,FALSE,246,"0,824538695658567","4,45760000000000023","6,83102607000000006","6,592576","3,19000000000000e+01",NA,FALSE
GGPLKKPRLLLLV,246,"-8,29490690056705e-02",weaker,"-4,05941750727221e-01",no significant difference,FALSE,246,"0,824296228756836","2,16609999999999969","4,39046604000000062","6,209186","2,40000000000000e+01",NA,FALSE
GGPLKLPRLLLLV,246,"-9,13410958638110e-02",weaker,"-5,03832989915822e-01",no significant difference,FALSE,246,"0,826530051744978","4,26049999999999951","6,71366755000000026","6,635280","3,28000000000000e+01",NA,FALSE
GGPLKMPRLLLLV,246,"-7,12063468323385e-02",weaker,"-4,24280305891699e-01",no significant difference,FALSE,246,"0,825357627771376","4,35909999999999975","6,39175068000000035","6,567159","3,13000000000000e+01",NA,FALSE
GGPLKNPRLLLLV,246,"3,48194117581529e-02",weaker,"-3,29734505049027e-01",no significant difference,FALSE,246,"0,824537396764978","3,07739999999999991","5,28988924000000083","6,480041","2,66000000000000e+01",NA,FALSE
GGPLKPPRLLLLV,246,"4,53281699744678e-01",weaker,"-5,48827751487546e-01",no significant difference,FALSE,246,"0,975443665772395","3,16679999999999984","5,46907304000000050","6,349885","2,49000000000000e+01",NA,FALSE
GGPLKQPRLLLLV,246,"-1,46228486509937e-02",weaker,"-3,30043105341017e-01",no significant difference,FALSE,246,"0,825036801054832","2,93529999999999980","5,35180634000000044","6,436705","2,43000000000000e+01",NA,FALSE
GGPLKRPRLLLLV,246,"-6,11578948378887e-02",weaker,"-4,38950374135520e-01",no significant difference,FALSE,246,"0,826028354096131","3,25909999999999966","5,55756584000000053","6,729855","2,85000000000000e+01",NA,FALSE
GGPLKSPRLLLLV,246,"-4,72120353738453e-02",weaker,"-4,68818946734595e-01",no significant difference,FALSE,246,"0,828039822737962","3,48429999999999973","5,43739254000000027","6,424022","2,66000000000000e+01",NA,FALSE
GGPLKTPRLLLLV,246,"-3,68447370377389e-03",weaker,"-4,54736258408037e-01",no significant difference,FALSE,246,"0,828396034157208","3,44979999999999976","5,70452753000000001","6,394891","2,52000000000000e+01",NA,FALSE
GGPLKVPRLLLLV,246,"-1,05605210142589e-01",weaker,"-4,69740442600964e-01",no significant difference,FALSE,246,"0,827819792193465","4,10660000000000025","6,54736697000000056","6,270401","3,18000000000000e+01",NA,FALSE
GGPLKWPRLLLLV,246,"-1,99640504064418e-01",weaker,"-4,73114092012285e-01",no significant difference,FALSE,246,"0,824786936548206","4,13919999999999977","7,66138621000000075","7,052280","2,81000000000000e+01",NA,FALSE
GGPLKYPRLLLLV,246,"-3,60957301847875e-02",weaker,"-4,97885791329534e-01",no significant difference,FALSE,246,"0,825052844420180","4,22729999999999961","7,34836343000000092","7,000945","3,03000000000000e+01",NA,FALSE
GGPMK*PRLLLLV,246,"1,42161062862258e-01",weaker,"5,99208476192279e-01",stronger,TRUE,246,NA,"-0,70230000000000015","0,42429299999999992","2,529066","-1,10000000000000e+00",NA,FALSE
GGPMKAPRLLLLV,246,"2,29222484034962e-01",weaker,"-4,38825957345164e-01",no significant difference,FALSE,246,"0,829828186110628","3,45149999999999979","5,58868327000000065","6,237945","2,58000000000000e+01",NA,FALSE
GGPMKCPRLLLLV,246,"1,84936490696621e-02",weaker,"-3,78487949898909e-01",no significant difference,FALSE,246,"0,807939525625187","4,48249999999999993","7,02603561000000010","6,548706","2,97000000000000e+01",NA,FALSE
GGPMKDPRLLLLV,246,"-2,00374297952478e-02",weaker,"-6,66635343360132e-02",stronger,FALSE,246,"0,807939535772793","2,69679999999999964","4,62483727000000044","6,009967","2,25000000000000e+01",NA,FALSE
GGPMKEPRLLLLV,246,"-6,33817399115956e-02",weaker,"-1,21501831732777e-01",no significant difference,FALSE,246,"0,808187807105250","2,65599999999999969","4,39625607000000063","5,993855","2,38000000000000e+01",NA,FALSE
GGPMKFPRLLLLV,246,"-5,76712869880794e-02",weaker,"-2,95449098380223e-01",no significant difference,FALSE,246,"0,810422299835399","4,71799999999999997","7,01217897000000079","6,875924","3,00000000000000e+01",NA,FALSE
GGPMKGPRLLLLV,246,"-1,75399994299020e-01",weaker,"-3,66887006087387e-01",no significant difference,FALSE,246,"0,808188953784747","3,26819999999999977","5,88173659999999998","6,785937","2,56000000000000e+01",NA,FALSE
GGPMKHPRLLLLV,246,"-4,96368558283302e-02",weaker,"-4,64465760385889e-01",no significant difference,FALSE,246,"0,809441706208759","3,56569999999999965","5,54022127999999991","6,480767","2,61000000000000e+01",NA,FALSE
GGPMKIPRLLLLV,246,"-1,73908350060273e-01",weaker,"-3,82467702407510e-01",no significant difference,FALSE,246,"0,808684359917772","4,55619999999999958","6,50910920000000015","6,524455","3,04000000000000e+01",NA,FALSE
GGPMKKPRLLLLV,246,"-1,57181769993059e-02",weaker,"-5,87589967607221e-01",no significant difference,FALSE,246,"0,808441893016041","2,26469999999999949","4,06854917000000071","6,141065","2,25000000000000e+01",NA,FALSE
GGPMKLPRLLLLV,246,"-1,25468896530993e-01",weaker,"-5,80771159117540e-01",no significant difference,FALSE,246,"0,810675716004182","4,35909999999999975","6,39175068000000035","6,567159","3,13000000000000e+01",NA,FALSE
GGPMKMPRLLLLV,246,"-6,05495404681649e-02",weaker,"-6,13250412241740e-01",no significant difference,FALSE,246,"0,809503292030581","4,45770000000000000","6,06983381000000044","6,499038","2,98000000000000e+01",NA,FALSE
GGPMKNPRLLLLV,246,"-1,19237553282304e-01",weaker,"-2,73003146394308e-01",no significant difference,FALSE,246,"0,808683061024182","3,17599999999999971","4,96797237000000003","6,411920","2,51000000000000e+01",NA,FALSE
GGPMKPPRLLLLV,246,"5,26360848585798e-01",no significant difference,"-5,52016356128527e-01",no significant difference,FALSE,246,"0,959589330031600","3,26539999999999964","5,14715617000000059","6,281764","2,34000000000000e+01",NA,FALSE
GGPMKQPRLLLLV,246,"3,96821367679438e-02",weaker,"-2,34202019004651e-01",no significant difference,FALSE,246,"0,809182465314036","3,03389999999999960","5,02988947000000053","6,368584","2,28000000000000e+01",NA,FALSE
GGPMKRPRLLLLV,246,"-9,13410958638110e-02",weaker,"-4,25805222692898e-01",no significant difference,FALSE,246,"0,810174018355335","3,35769999999999946","5,23564897000000062","6,661734","2,70000000000000e+01",NA,FALSE
GGPMKSPRLLLLV,246,"1,71407093845227e-01",weaker,"-3,40254677277053e-01",no significant difference,FALSE,246,"0,812185486997167","3,58289999999999953","5,11547567000000036","6,355901","2,51000000000000e+01",NA,FALSE
GGPMKTPRLLLLV,246,"9,19780628039793e-02",weaker,"-4,37091863258257e-01",no significant difference,FALSE,246,"0,812541698416412","3,54839999999999955","5,38261066000000010","6,326770","2,37000000000000e+01",NA,FALSE
GGPMKVPRLLLLV,246,"4,12313098205559e-02",weaker,"-5,06805186555777e-01",no significant difference,FALSE,246,"0,811965456452669","4,20519999999999960","6,22545010000000065","6,202280","3,03000000000000e+01",NA,FALSE
GGPMKWPRLLLLV,246,"-1,61666371948770e-02",weaker,"-4,57835961324525e-01",no significant difference,FALSE,246,"0,808932600807411","4,23780000000000001","7,33946934000000084","6,984159","2,66000000000000e+01",NA,FALSE
GGPMKYPRLLLLV,246,"-1,67262315687256e-02",weaker,"-9,06103958894409e-01",no significant difference,FALSE,246,"0,809198508679385","4,32589999999999986","7,02644656000000012","6,932824","2,88000000000000e+01",NA,FALSE
GGPNK*PRLLLLV,246,"7,14824381430001e-02",weaker,"6,55045556802054e-01",stronger,TRUE,246,NA,"-1,98399999999999999","-0,67756844000000005","2,441948","-5,80000000000000e+00",NA,FALSE
GGPNKAPRLLLLV,246,"1,67341892702314e-01",weaker,"-2,66540570534458e-01",no significant difference,FALSE,246,"0,826305627287010","2,16979999999999951","4,48682183000000023","6,150827","2,11000000000000e+01",NA,FALSE
GGPNKCPRLLLLV,246,"-6,87436046908883e-02",weaker,"-3,85931809842010e-01",no significant difference,FALSE,246,"0,804416966801569","3,20079999999999965","5,92417417000000057","6,461588","2,50000000000000e+01",NA,FALSE
GGPNKDPRLLLLV,246,"1,74567618120189e-02",weaker,"-1,16841054884813e-02",stronger,FALSE,246,"0,804416976949175","1,41509999999999958","3,52297583000000047","5,922849","1,78000000000000e+01",NA,FALSE
GGPNKEPRLLLLV,246,"6,50217866465119e-02",weaker,"7,11136760321205e-02",stronger,FALSE,246,"0,804665248281632","1,37429999999999963","3,29439463000000021","5,906737","1,91000000000000e+01",NA,FALSE
GGPNKFPRLLLLV,246,"6,94288696154969e-02",weaker,"-4,36688601647280e-01",no significant difference,FALSE,246,"0,806899741011781","3,43629999999999969","5,91031753000000037","6,788806","2,53000000000000e+01",NA,FALSE
GGPNKGPRLLLLV,246,"-9,51459245394653e-03",weaker,"-2,66959647772614e-01",no significant difference,FALSE,246,"0,804666394961129","1,98649999999999971","4,77987516000000046","6,698819","2,09000000000000e+01",NA,FALSE
GGPNKHPRLLLLV,246,"1,05387316867405e-01",weaker,"-2,52303758336603e-01",no significant difference,FALSE,246,"0,805919147385141","2,28399999999999981","4,43835984000000039","6,393649","2,14000000000000e+01",NA,FALSE
GGPNKIPRLLLLV,246,"-7,42780218418899e-02",weaker,"-4,25390208911070e-01",no significant difference,FALSE,246,"0,805161801094153","3,27449999999999974","5,40724776000000062","6,437337","2,57000000000000e+01",NA,FALSE
GGPNKKPRLLLLV,246,"2,22571498020124e-04",weaker,"-5,04092255755646e-01",no significant difference,FALSE,246,"0,804919334192423","0,98299999999999965","2,96668773000000030","6,053947","1,78000000000000e+01",NA,FALSE
GGPNKLPRLLLLV,246,"-6,61693359306040e-02",weaker,"-5,20734740638809e-01",no significant difference,FALSE,246,"0,807153157180564","3,07739999999999991","5,28988924000000083","6,480041","2,66000000000000e+01",NA,FALSE
GGPNKMPRLLLLV,246,"-1,51308770945518e-02",weaker,"-6,40040792141327e-01",no significant difference,FALSE,246,"0,805980733206962","3,17599999999999971","4,96797237000000003","6,411920","2,51000000000000e+01",NA,FALSE
GGPNKNPRLLLLV,246,"7,48609035719679e-03",weaker,"-2,93883028500782e-01",no significant difference,FALSE,246,"0,805160502200564","1,89429999999999965","3,86611093000000050","6,324802","2,04000000000000e+01",NA,FALSE
GGPNKPPRLLLLV,246,"4,14364323657703e-01",no significant difference,"-4,85055063533817e-01",no significant difference,FALSE,246,"0,956066771207982","1,98369999999999957","4,04529473000000017","6,194646","1,87000000000000e+01",NA,FALSE
GGPNKQPRLLLLV,246,"8,65973434498035e-02",weaker,"-1,86433186234083e-01",no significant difference,FALSE,246,"0,805659906490418","1,75219999999999976","3,92802803000000056","6,281466","1,81000000000000e+01",NA,FALSE
GGPNKRPRLLLLV,246,"-2,42606912052183e-02",weaker,"-5,54850632358275e-01",no significant difference,FALSE,246,"0,806651459531717","2,07599999999999962","4,13378753000000021","6,574616","2,23000000000000e+01",NA,FALSE
GGPNKSPRLLLLV,246,"-1,98726919192942e-02",weaker,"-2,89626778608498e-01",no significant difference,FALSE,246,"0,808662928173549","2,30119999999999969","4,01361422999999995","6,268783","2,04000000000000e+01",NA,FALSE
GGPNKTPRLLLLV,246,"7,74874377480401e-02",weaker,"-4,09438092548328e-01",no significant difference,FALSE,246,"0,809019139592794","2,26669999999999972","4,28074922000000058","6,239652","1,90000000000000e+01",NA,FALSE
GGPNKVPRLLLLV,246,"-1,06143252435505e-02",weaker,"-3,86242877233674e-01",no significant difference,FALSE,246,"0,808442897629051","2,92349999999999977","5,12358866000000024","6,115162","2,56000000000000e+01",NA,FALSE
GGPNKWPRLLLLV,246,"-1,75242118508719e-01",weaker,"-4,97611651208588e-01",no significant difference,FALSE,246,"0,805410041983792","2,95609999999999973","6,23760790000000043","6,897041","2,19000000000000e+01",NA,FALSE
GGPNKYPRLLLLV,246,"-2,74929826552731e-02",weaker,"-5,42323729301348e-01",no significant difference,FALSE,246,"0,805675949855767","3,04419999999999957","5,92458512000000059","6,845706","2,41000000000000e+01",NA,FALSE
GGPPK*PRLLLLV,246,"7,65082076982658e-02",weaker,"6,96756391276852e-01",stronger,TRUE,246,NA,"-1,89460000000000006","-0,49838464000000005","2,311792","-7,50000000000000e+00",NA,FALSE
GGPPKAPRLLLLV,246,"4,16964830961322e-01",weaker,"-2,91678452603411e-01",no significant difference,FALSE,246,"0,839291255059888","2,25919999999999943","4,66600563000000079","6,020671","1,94000000000000e+01",NA,FALSE
GGPPKCPRLLLLV,246,"-3,21664234823035e-03",weaker,"-3,35534556355096e-01",no significant difference,FALSE,246,"0,817402594574446","3,29019999999999957","6,10335797000000024","6,331432","2,33000000000000e+01",NA,FALSE
GGPPKDPRLLLLV,246,"3,20258817333710e-02",weaker,"4,41124954786197e-03",stronger,FALSE,246,"0,817402604722053","1,50449999999999950","3,70215963000000015","5,792693","1,61000000000000e+01",NA,FALSE
GGPPKEPRLLLLV,246,"1,70127552614127e-01",weaker,"8,68378588119580e-03",stronger,FALSE,246,"0,817650876054510","1,46369999999999956","3,47357843000000033","5,776581","1,74000000000000e+01",NA,FALSE
GGPPKFPRLLLLV,246,"-3,59039403698365e-02",weaker,"-3,99599976518030e-01",no significant difference,FALSE,246,"0,819885368784658","3,52569999999999961","6,08950133000000005","6,658650","2,36000000000000e+01",NA,FALSE
GGPPKGPRLLLLV,246,"7,62405061037963e-02",weaker,"-2,29734739900239e-01",no significant difference,FALSE,246,"0,817652022734007","2,07589999999999986","4,95905896000000013","6,568663","1,92000000000000e+01",NA,FALSE
GGPPKHPRLLLLV,246,"2,68271688337147e-01",weaker,"-4,03943917398108e-01",no significant difference,FALSE,246,"0,818904775158019","2,37339999999999973","4,61754364000000006","6,263493","1,97000000000000e+01",NA,FALSE
GGPPKIPRLLLLV,246,"1,12907924959249e-02",weaker,"-5,12639398149410e-01",no significant difference,FALSE,246,"0,818147428867031","3,36389999999999967","5,58643156000000030","6,307181","2,40000000000000e+01",NA,FALSE
GGPPKKPRLLLLV,246,"3,66000632039971e-02",weaker,"-3,29984871061140e-01",no significant difference,FALSE,246,"0,817904961965301","1,07239999999999958","3,14587153000000042","5,923791","1,61000000000000e+01",NA,FALSE
GGPPKLPRLLLLV,246,"3,04620803995826e-02",weaker,"-3,65989146677480e-01",no significant difference,FALSE,246,"0,820138784953442","3,16679999999999984","5,46907304000000050","6,349885","2,49000000000000e+01",NA,FALSE
GGPPKMPRLLLLV,246,"3,86309514808752e-02",weaker,"-3,94902809244261e-01",no significant difference,FALSE,246,"0,818966360979840","3,26539999999999964","5,14715617000000059","6,281764","2,34000000000000e+01",NA,FALSE
GGPPKNPRLLLLV,246,"1,74986484395818e-01",weaker,"-1,77673017682588e-01",no significant difference,FALSE,246,"0,818146129973442","1,98369999999999957","4,04529473000000017","6,194646","1,87000000000000e+01",NA,FALSE
GGPPKPPRLLLLV,246,"7,17474162418876e-01",stronger,"-4,22901890929227e-01",no significant difference,FALSE,246,"0,969052398980860","2,07309999999999972","4,22447853000000073","6,064490","1,70000000000000e+01",NA,FALSE
GGPPKQPRLLLLV,246,"2,61725761902536e-01",weaker,"-1,69928711382176e-01",stronger,FALSE,246,"0,818645534263296","1,84159999999999968","4,10721183000000067","6,151310","1,64000000000000e+01",NA,FALSE
GGPPKRPRLLLLV,246,"1,13852350624978e-01",weaker,"-4,06982177676137e-01",no significant difference,FALSE,246,"0,819637087304595","2,16539999999999955","4,31297133000000077","6,444460","2,06000000000000e+01",NA,FALSE
GGPPKSPRLLLLV,246,"2,80775791576046e-01",weaker,"-2,01968851657405e-01",no significant difference,FALSE,246,"0,821648555946427","2,39059999999999961","4,19279803000000051","6,138627","1,87000000000000e+01",NA,FALSE
GGPPKTPRLLLLV,246,"3,52043976651063e-01",weaker,"-3,41143354853445e-01",no significant difference,FALSE,246,"0,822004767365672","2,35609999999999964","4,45993302000000025","6,109496","1,73000000000000e+01",NA,FALSE
GGPPKVPRLLLLV,246,"5,20206642764187e-02",weaker,"-4,15461650712521e-01",no significant difference,FALSE,246,"0,821428525401929","3,01289999999999969","5,30277245999999991","5,985006","2,39000000000000e+01",NA,FALSE
GGPPKWPRLLLLV,246,"6,99165240322889e-02",weaker,"-3,93812551221776e-01",no significant difference,FALSE,246,"0,818395669756670","3,04549999999999965","6,41679170000000010","6,766885","2,02000000000000e+01",NA,FALSE
GGPPKYPRLLLLV,246,"8,28943869114915e-02",weaker,"-3,39748096539620e-01",no significant difference,FALSE,246,"0,818661577628644","3,13359999999999950","6,10376892000000026","6,715550","2,24000000000000e+01",NA,FALSE
GGPQK*PRLLLLV,246,"-3,82323046139108e-03",no significant difference,"6,93622711020350e-01",stronger,TRUE,246,NA,"-2,12610000000000010","-0,61565134000000010","2,398612","-8,10000000000000e+00",NA,FALSE
GGPQKAPRLLLLV,246,"1,25823821884991e-01",weaker,"-1,74944423325660e-01",no significant difference,FALSE,246,"0,828559836815939","2,02769999999999984","4,54873893000000074","6,107491","1,88000000000000e+01",NA,FALSE
GGPQKCPRLLLLV,246,"1,38163137155661e-01",weaker,"-3,56651860156447e-01",no significant difference,FALSE,246,"0,806671176330497","3,05869999999999953","5,98609127000000019","6,418252","2,27000000000000e+01",NA,FALSE
GGPQKDPRLLLLV,246,"6,13359833000088e-02",weaker,"7,54414247316054e-02",stronger,FALSE,246,"0,806671186478104","1,27299999999999969","3,58489293000000053","5,879513","1,55000000000000e+01",NA,FALSE
GGPQKEPRLLLLV,246,"-1,12794938258284e-01",weaker,"1,11786962319527e-02",no significant difference,FALSE,246,"0,806919457810561","1,23219999999999974","3,35631173000000027","5,863401","1,68000000000000e+01",NA,FALSE
GGPQKFPRLLLLV,246,"6,66590328426354e-02",weaker,"-4,53877829865871e-01",no significant difference,FALSE,246,"0,809153950540710","3,29419999999999957","5,97223463000000088","6,745470","2,30000000000000e+01",NA,FALSE
GGPQKGPRLLLLV,246,"2,10077868063146e-02",weaker,"-2,63175041320208e-01",no significant difference,FALSE,246,"0,806920604490058","1,84439999999999982","4,84179226000000007","6,655483","1,86000000000000e+01",NA,FALSE
GGPQKHPRLLLLV,246,"1,66008339809129e-01",weaker,"-4,73424582805232e-01",no significant difference,FALSE,246,"0,808173356914070","2,14189999999999969","4,50027694000000000","6,350313","1,91000000000000e+01",NA,FALSE
GGPQKIPRLLLLV,246,"5,29597181934428e-02",weaker,"-3,75251801396791e-01",no significant difference,FALSE,246,"0,807416010623083","3,13239999999999963","5,46916486000000024","6,394001","2,34000000000000e+01",NA,FALSE
GGPQKKPRLLLLV,246,"2,52025606742136e-01",no significant difference,"-3,00010559711268e-01",no significant difference,FALSE,246,"0,807173543721352","0,84089999999999965","3,02860483000000036","6,010611","1,55000000000000e+01",NA,FALSE
GGPQKLPRLLLLV,246,"-3,24356695686137e-02",weaker,"-4,78418414774167e-01",no significant difference,FALSE,246,"0,809407366709493","2,93529999999999980","5,35180634000000044","6,436705","2,43000000000000e+01",NA,FALSE
GGPQKMPRLLLLV,246,"-4,96368558283302e-02",weaker,"-3,98771140332814e-01",no significant difference,FALSE,246,"0,808234942735892","3,03389999999999960","5,02988947000000053","6,368584","2,28000000000000e+01",NA,FALSE
GGPQKNPRLLLLV,246,"2,03946563918379e-02",weaker,"-8,10465124025844e-02",no significant difference,FALSE,246,"0,807414711729493","1,75219999999999976","3,92802803000000056","6,281466","1,81000000000000e+01",NA,FALSE
GGPQKPPRLLLLV,246,"5,97651048349450e-01",no significant difference,"-4,24449445115160e-01",no significant difference,FALSE,246,"0,958320980736911","1,84159999999999968","4,10721183000000067","6,151310","1,64000000000000e+01",NA,FALSE
GGPQKQPRLLLLV,246,"6,79609855978975e-02",weaker,"-1,79989266093080e-01",no significant difference,FALSE,246,"0,807914116019347","1,61009999999999964","3,98994513000000017","6,238130","1,58000000000000e+01",NA,FALSE
GGPQKRPRLLLLV,246,"6,15487527926255e-02",weaker,"-4,15293600383782e-01",no significant difference,FALSE,246,"0,808905669060646","1,93389999999999973","4,19570463000000071","6,531280","2,00000000000000e+01",NA,FALSE
GGPQKSPRLLLLV,246,"4,59282042952770e-02",weaker,"-4,05941750727221e-01",no significant difference,FALSE,246,"0,810917137702478","2,15909999999999958","4,07553133000000045","6,225447","1,81000000000000e+01",NA,FALSE
GGPQKTPRLLLLV,246,"1,60304413199236e-01",weaker,"-3,87262402115900e-01",no significant difference,FALSE,246,"0,811273349121723","2,12459999999999960","4,34266632000000019","6,196316","1,67000000000000e+01",NA,FALSE
GGPQKVPRLLLLV,246,"-1,53366932607020e-01",weaker,"-5,66610858009524e-01",no significant difference,FALSE,246,"0,810697107157980","2,78139999999999965","5,18550576000000074","6,071826","2,33000000000000e+01",NA,FALSE
GGPQKWPRLLLLV,246,"-1,02009693018426e-01",weaker,"-3,68272592035931e-01",no significant difference,FALSE,246,"0,807664251512721","2,81399999999999961","6,29952500000000093","6,853705","1,96000000000000e+01",NA,FALSE
GGPQKYPRLLLLV,246,"5,78144485557838e-02",no significant difference,"-4,70368006525803e-01",no significant difference,FALSE,246,"0,807930159384696","2,90209999999999990","5,98650222000000021","6,802370","2,18000000000000e+01",NA,FALSE
GGPRK*PRLLLLV,246,"6,80047006021416e-02",weaker,"6,93341688811603e-01",stronger,TRUE,246,NA,"-1,80230000000000001","-0,40989184000000006","2,691762","-3,90000000000000e+00",NA,FALSE
GGPRKAPRLLLLV,246,"2,30475966882031e-01",weaker,"-3,80691926623374e-01",no significant difference,FALSE,246,"0,830494193798516","2,35149999999999970","4,75449842999999994","6,400641","2,30000000000000e+01",NA,FALSE
GGPRKCPRLLLLV,246,"-8,40210221082892e-02",weaker,"-3,91133296135865e-01",no significant difference,FALSE,246,"0,808605533313074","3,38249999999999940","6,19185077000000028","6,711402","2,69000000000000e+01",NA,FALSE
GGPRKDPRLLLLV,246,"-8,92816281854867e-02",weaker,"-1,64639767991252e-01",no significant difference,FALSE,246,"0,808605543460680","1,59679999999999955","3,79065243000000018","6,172663","1,97000000000000e+01",NA,FALSE
GGPRKEPRLLLLV,246,"3,69838232342366e-02",weaker,"-5,13182657465614e-02",stronger,FALSE,246,"0,808853814793138","1,55599999999999961","3,56207123000000037","6,156551","2,10000000000000e+01",NA,FALSE
GGPRKFPRLLLLV,246,"-1,32899357858375e-01",weaker,"-5,57367944256817e-01",no significant difference,FALSE,246,"0,811088307523286","3,61799999999999944","6,17799413000000008","7,038620","2,72000000000000e+01",NA,FALSE
GGPRKGPRLLLLV,246,"-1,51877662138328e-01",weaker,"-4,33009667081408e-01",no significant difference,FALSE,246,"0,808854961472634","2,16819999999999968","5,04755176000000017","6,948633","2,28000000000000e+01",NA,FALSE
GGPRKHPRLLLLV,246,"2,30139037798715e-01",weaker,"-4,98734540779556e-01",no significant difference,FALSE,246,"0,810107713896646","2,46569999999999956","4,70603644000000010","6,643463","2,33000000000000e+01",NA,FALSE
GGPRKIPRLLLLV,246,"-6,20158599174511e-02",weaker,"-4,66088803834702e-01",no significant difference,FALSE,246,"0,809350367605659","3,45619999999999949","5,67492436000000033","6,687151","2,76000000000000e+01",NA,FALSE
GGPRKKPRLLLLV,246,"1,70253902529286e-02",weaker,"-3,20405537146791e-01",no significant difference,FALSE,246,"0,809107900703928","1,16469999999999962","3,23436433000000045","6,303761","1,97000000000000e+01",NA,FALSE
GGPRKLPRLLLLV,246,"-9,63784975417757e-02",weaker,"-5,63982359238946e-01",no significant difference,FALSE,246,"0,811341723692070","3,25909999999999966","5,55756584000000053","6,729855","2,85000000000000e+01",NA,FALSE
GGPRKMPRLLLLV,246,"-7,96920235185166e-02",weaker,"-4,99493844696205e-01",no significant difference,FALSE,246,"0,810169299718468","3,35769999999999946","5,23564897000000062","6,661734","2,70000000000000e+01",NA,FALSE
GGPRKNPRLLLLV,246,"2,03946563918379e-02",weaker,"-2,96453406731666e-01",no significant difference,FALSE,246,"0,809349068712070","2,07599999999999962","4,13378753000000021","6,574616","2,23000000000000e+01",NA,FALSE
GGPRKPPRLLLLV,246,"5,45402932830626e-01",no significant difference,"-4,24554121184719e-01",no significant difference,FALSE,246,"0,960255337719487","2,16539999999999955","4,31297133000000077","6,444460","2,06000000000000e+01",NA,FALSE
GGPRKQPRLLLLV,246,"5,83772487644093e-02",weaker,"-1,98580640126513e-01",stronger,FALSE,246,"0,809848473001923","1,93389999999999973","4,19570463000000071","6,531280","2,00000000000000e+01",NA,FALSE
GGPRKRPRLLLLV,246,"-1,88969024639478e-02",weaker,"-4,76534574238603e-01",no significant difference,FALSE,246,"0,810840026043222","2,25769999999999982","4,40146413000000081","6,824430","2,42000000000000e+01",NA,FALSE
GGPRKSPRLLLLV,246,"7,25841738171307e-02",weaker,"-3,76578484088997e-01",no significant difference,FALSE,246,"0,812851494685054","2,48289999999999988","4,28129083000000055","6,518597","2,23000000000000e+01",NA,FALSE
GGPRKTPRLLLLV,246,"2,97275153336774e-02",weaker,"-4,55120244734769e-01",no significant difference,FALSE,246,"0,813207706104300","2,44839999999999947","4,54842582000000029","6,489466","2,09000000000000e+01",NA,FALSE
GGPRKVPRLLLLV,246,"-1,37052820320437e-01",weaker,"-4,38336620766370e-01",no significant difference,FALSE,246,"0,812631464140557","3,10519999999999952","5,39126525999999995","6,364976","2,75000000000000e+01",NA,FALSE
GGPRKWPRLLLLV,246,NA,no significant difference,"-4,69358781246109e-01",no significant difference,FALSE,366,NA,NA,NA,NA,NA,NA,FALSE
GGPRKWPRLLLLV,246,"-1,59547521632263e-01",weaker,"-4,69358781246109e-01",no significant difference,FALSE,246,"0,809598608495298","3,13779999999999948","6,50528450000000014","7,146855","2,38000000000000e+01",NA,FALSE
GGPRKYPRLLLLV,246,"-9,65883245935789e-02",weaker,"-3,88165074903392e-01",no significant difference,FALSE,246,"0,809864516367272","3,22589999999999977","6,19226172000000030","7,095520","2,60000000000000e+01",NA,FALSE
GGPSK*PRLLLLV,246,"4,32085385373495e-02",weaker,"7,47508852577748e-01",stronger,TRUE,246,NA,"-1,57710000000000017","-0,53006514000000005","2,385929","-5,80000000000000e+00",NA,FALSE
GGPSKAPRLLLLV,246,"1,93045960956809e-01",weaker,"-3,72515039126391e-01",no significant difference,FALSE,246,"0,833810076327351","2,57669999999999977","4,63432513000000057","6,094808","2,11000000000000e+01",NA,FALSE
GGPSKCPRLLLLV,246,"-1,48216390127963e-01",weaker,"-3,96065483349212e-01",no significant difference,FALSE,246,"0,811921415841909","3,60769999999999946","6,07167747000000002","6,405569","2,50000000000000e+01",NA,FALSE
GGPSKDPRLLLLV,246,"-5,76867674268718e-02",weaker,"2,39585210304663e-03",stronger,FALSE,246,"0,811921425989515","1,82199999999999962","3,67047913000000037","5,866830","1,78000000000000e+01",NA,FALSE
GGPSKEPRLLLLV,246,"2,85713551290678e-03",weaker,"-7,63946196423376e-02",stronger,FALSE,246,"0,812169697321973","1,78119999999999967","3,44189793000000055","5,850718","1,91000000000000e+01",NA,FALSE
GGPSKFPRLLLLV,246,"-1,13387707929040e-01",weaker,"-5,20944147143593e-01",no significant difference,FALSE,246,"0,814404190052121","3,84319999999999951","6,05782083000000071","6,732787","2,53000000000000e+01",NA,FALSE
GGPSKGPRLLLLV,246,"-8,41719623249483e-02",weaker,"-2,24597725294882e-01",no significant difference,FALSE,246,"0,812170844001469","2,39339999999999975","4,92737845999999990","6,642800","2,09000000000000e+01",NA,FALSE
GGPSKHPRLLLLV,246,"1,64886452144892e-02",weaker,"-3,96642413488946e-01",no significant difference,FALSE,246,"0,813423596425481","2,69089999999999963","4,58586314000000073","6,337630","2,14000000000000e+01",NA,FALSE
GGPSKIPRLLLLV,246,"-9,23615433947823e-02",weaker,"-3,48326486600107e-01",no significant difference,FALSE,246,"0,812666250134494","3,68139999999999956","5,55475106000000007","6,381318","2,57000000000000e+01",NA,FALSE
GGPSKKPRLLLLV,246,"-5,99540322080396e-02",weaker,"-2,56981041663644e-01",no significant difference,FALSE,246,"0,812423783232763","1,38989999999999969","3,11419103000000019","5,997928","1,78000000000000e+01",NA,FALSE
GGPSKLPRLLLLV,246,"-1,43387034060449e-01",weaker,"-4,23339889330649e-01",no significant difference,FALSE,246,"0,814657606220905","3,48429999999999973","5,43739254000000027","6,424022","2,66000000000000e+01",NA,FALSE
GGPSKMPRLLLLV,246,"3,11074969694716e-02",weaker,"-4,72879289831103e-01",no significant difference,FALSE,246,"0,813485182247303","3,58289999999999953","5,11547567000000036","6,355901","2,51000000000000e+01",NA,FALSE
GGPSKNPRLLLLV,246,"5,97047377276074e-02",weaker,"-1,51604160552624e-01",stronger,FALSE,246,"0,812664951240905","2,30119999999999969","4,01361422999999995","6,268783","2,04000000000000e+01",NA,FALSE
GGPSKPPRLLLLV,246,"4,70581201027773e-01",weaker,"-3,61555091439808e-01",no significant difference,FALSE,246,"0,963571220248322","2,39059999999999961","4,19279803000000051","6,138627","1,87000000000000e+01",NA,FALSE
GGPSKQPRLLLLV,246,"2,42461400742216e-02",weaker,"-1,68149804974993e-01",no significant difference,FALSE,246,"0,813164355530759","2,15909999999999958","4,07553133000000045","6,225447","1,81000000000000e+01",NA,FALSE
GGPSKRPRLLLLV,246,"-3,62079187075461e-02",weaker,"-3,65586209801178e-01",no significant difference,FALSE,246,"0,814155908572058","2,48289999999999988","4,28129083000000055","6,518597","2,23000000000000e+01",NA,FALSE
GGPSKSPRLLLLV,246,"1,20185898967157e-01",weaker,"-2,97683330341774e-01",no significant difference,FALSE,246,"0,816167377213889","2,70809999999999951","4,16111753000000029","6,212764","2,04000000000000e+01",NA,FALSE
GGPSKTPRLLLLV,246,"1,17137038223617e-02",weaker,"-3,93251519820690e-01",no significant difference,FALSE,246,"0,816523588633135","2,67359999999999953","4,42825252000000003","6,183633","1,90000000000000e+01",NA,FALSE
GGPSKVPRLLLLV,246,"-1,61919049136237e-01",weaker,"-4,50311278589453e-01",no significant difference,FALSE,246,"0,815947346669392","3,33039999999999958","5,27109196000000058","6,059143","2,56000000000000e+01",NA,FALSE
GGPSKWPRLLLLV,246,"-1,61136070352757e-01",weaker,"-4,40100367409868e-01",no significant difference,FALSE,246,"0,812914491024133","3,36299999999999955","6,38511120000000076","6,841022","2,19000000000000e+01",NA,FALSE
GGPSKYPRLLLLV,246,"-1,06975475123768e-01",weaker,"-4,34298481375273e-01",no significant difference,FALSE,246,"0,813180398896107","3,45109999999999983","6,07208842000000004","6,789687","2,41000000000000e+01",NA,FALSE
GGPTK*PRLLLLV,246,"1,40458094228103e-01",weaker,"6,74877076118771e-01",stronger,TRUE,246,NA,"-1,61160000000000014","-0,26293015000000003","2,356798","-7,20000000000000e+00",NA,FALSE
GGPTKAPRLLLLV,246,"3,49514694837136e-01",weaker,"-3,38737596131922e-01",no significant difference,FALSE,246,"0,831991777516495","2,54219999999999979","4,90146012000000031","6,065677","1,97000000000000e+01",NA,FALSE
GGPTKCPRLLLLV,246,"2,60485622138545e-02",weaker,"-3,29383569176559e-01",no significant difference,FALSE,246,"0,810103117031053","3,57319999999999949","6,33881246000000065","6,376438","2,36000000000000e+01",NA,FALSE
GGPTKDPRLLLLV,246,"7,59843131912363e-02",weaker,"-1,13246138018784e-01",no significant difference,FALSE,246,"0,810103127178660","1,78749999999999964","3,93761412000000011","5,837699","1,64000000000000e+01",NA,FALSE
GGPTKEPRLLLLV,246,"6,37106246345725e-02",weaker,"4,71042625261233e-02",stronger,FALSE,246,"0,810351398511117","1,74669999999999970","3,70903292000000029","5,821587","1,77000000000000e+01",NA,FALSE
GGPTKFPRLLLLV,246,"-9,84700970883184e-02",weaker,"-5,70287846327038e-01",no significant difference,FALSE,246,"0,812585891241265","3,80869999999999953","6,32495582000000045","6,703656","2,39000000000000e+01",NA,FALSE
GGPTKGPRLLLLV,246,"-1,55994337907352e-01",weaker,"-3,36920219223794e-01",no significant difference,FALSE,246,"0,810352545190614","2,35889999999999977","5,19451345000000053","6,613669","1,95000000000000e+01",NA,FALSE
GGPTKHPRLLLLV,246,"1,54419954052221e-02",weaker,"-3,50463660922107e-01",no significant difference,FALSE,246,"0,811605297614626","2,65639999999999965","4,85299813000000047","6,308499","2,00000000000000e+01",NA,FALSE
GGPTKIPRLLLLV,246,"2,28062086991040e-02",weaker,"-5,40070043072562e-01",no significant difference,FALSE,246,"0,810847951323638","3,64689999999999959","5,82188604999999981","6,352187","2,43000000000000e+01",NA,FALSE
GGPTKKPRLLLLV,246,"2,03935453277091e-01",weaker,"-3,83049489508392e-01",no significant difference,FALSE,246,"0,810605484421907","1,35539999999999949","3,38132602000000038","5,968797","1,64000000000000e+01",NA,FALSE
GGPTKLPRLLLLV,246,"3,67293735587246e-02",weaker,"-4,38445880223616e-01",no significant difference,FALSE,246,"0,812839307410049","3,44979999999999976","5,70452753000000001","6,394891","2,52000000000000e+01",NA,FALSE
GGPTKMPRLLLLV,246,"9,35268812046352e-02",weaker,"-5,01337438045228e-01",no significant difference,FALSE,246,"0,811666883436447","3,54839999999999955","5,38261066000000010","6,326770","2,37000000000000e+01",NA,FALSE
GGPTKNPRLLLLV,246,"-1,65685918681916e-02",weaker,"-2,47652574697187e-01",no significant difference,FALSE,246,"0,810846652430049","2,26669999999999972","4,28074922000000058","6,239652","1,90000000000000e+01",NA,FALSE
GGPTKPPRLLLLV,246,"5,64546941080964e-01",no significant difference,"-4,23780502819579e-01",no significant difference,FALSE,246,"0,961752921437467","2,35609999999999964","4,45993302000000025","6,109496","1,73000000000000e+01",NA,FALSE
GGPTKQPRLLLLV,246,"1,55057117527005e-01",weaker,"-1,56594310532481e-01",no significant difference,FALSE,246,"0,811346056719903","2,12459999999999960","4,34266632000000019","6,196316","1,67000000000000e+01",NA,FALSE
GGPTKRPRLLLLV,246,"7,49182035566112e-02",weaker,"-3,84089598913345e-01",no significant difference,FALSE,246,"0,812337609761202","2,44839999999999947","4,54842582000000029","6,489466","2,09000000000000e+01",NA,FALSE
GGPTKSPRLLLLV,246,"8,95358677679673e-02",weaker,"-3,08975967843736e-01",no significant difference,FALSE,246,"0,814349078403034","2,67359999999999953","4,42825252000000003","6,183633","1,90000000000000e+01",NA,FALSE
GGPTKTPRLLLLV,246,"1,35347656907776e-01",weaker,"-3,60096732047509e-01",no significant difference,FALSE,246,"0,814705289822279","2,63909999999999956","4,69538751000000065","6,154502","1,76000000000000e+01",NA,FALSE
GGPTKVPRLLLLV,246,"-1,46140859105288e-01",weaker,"-4,20748648849875e-01",no significant difference,FALSE,246,"0,814129047858536","3,29589999999999961","5,53822695000000031","6,030012","2,42000000000000e+01",NA,FALSE
GGPTKWPRLLLLV,246,"-8,87090435216533e-02",weaker,"-3,91290759693841e-01",no significant difference,FALSE,246,"0,811096192213277","3,32849999999999957","6,65224619000000050","6,811891","2,05000000000000e+01",NA,FALSE
GGPTKYPRLLLLV,246,"3,14356136691622e-02",weaker,"-5,49709416321792e-01",no significant difference,FALSE,246,"0,811362100085251","3,41659999999999986","6,33922341000000067","6,760556","2,27000000000000e+01",NA,FALSE
GGPVK*PRLLLLV,246,"-2,14643209775555e-02",weaker,"7,01783110273475e-01",stronger,TRUE,246,NA,"-0,95480000000000009","0,57990928999999991","2,232308","-6,00000000000000e-01",NA,FALSE
GGPVKAPRLLLLV,246,"2,47081012023137e-01",weaker,"-3,50626461376929e-01",no significant difference,FALSE,246,"0,870238856079029","3,19899999999999984","5,74429955999999997","5,941187","2,63000000000000e+01",NA,FALSE
GGPVKCPRLLLLV,246,"-1,56904592508250e-01",weaker,"-5,54987335476268e-01",no significant difference,FALSE,246,"0,848350195593587","4,22999999999999954","7,18165190000000031","6,251948","3,02000000000000e+01",NA,FALSE
GGPVKDPRLLLLV,246,"-6,75815721871888e-02",weaker,"-4,94168122676496e-03",stronger,FALSE,246,"0,848350205741193","2,44429999999999970","4,78045356000000066","5,713209","2,30000000000000e+01",NA,FALSE
GGPVKEPRLLLLV,246,"1,36368897722282e-02",weaker,"-4,98670428510099e-05",stronger,FALSE,246,"0,848598477073650","2,40349999999999975","4,55187235999999995","5,697097","2,43000000000000e+01",NA,FALSE
GGPVKFPRLLLLV,246,"-1,71692462838728e-01",weaker,"-5,15203543743645e-01",no significant difference,FALSE,246,"0,850832969803799","4,46549999999999958","7,16779526000000011","6,579166","3,05000000000000e+01",NA,FALSE
GGPVKGPRLLLLV,246,"-1,47515365533917e-01",weaker,"-3,62096386304000e-01",no significant difference,FALSE,246,"0,848599623753147","3,01569999999999983","6,03735289000000019","6,489179","2,61000000000000e+01",NA,FALSE
GGPVKHPRLLLLV,246,"4,41803928840104e-02",weaker,"-6,20932894040815e-02",no significant difference,FALSE,246,"0,849852376177159","3,31319999999999970","5,69583757000000013","6,184009","2,66000000000000e+01",NA,FALSE
GGPVKIPRLLLLV,246,"-1,15146400384771e-01",weaker,"-3,32601600662343e-01",no significant difference,FALSE,246,"0,849095029886172","4,30370000000000008","6,66472549000000036","6,227697","3,09000000000000e+01",NA,FALSE
GGPVKKPRLLLLV,246,"1,41471569576102e-01",weaker,"-2,57626529988084e-01",no significant difference,FALSE,246,"0,848852562984441","2,01219999999999954","4,22416546000000004","5,844307","2,30000000000000e+01",NA,FALSE
GGPVKLPRLLLLV,246,"-1,20712724645176e-01",weaker,"-5,12896469095067e-01",no significant difference,FALSE,246,"0,851086385972583","4,10660000000000025","6,54736697000000056","6,270401","3,18000000000000e+01",NA,FALSE
GGPVKMPRLLLLV,246,"-9,21900277588196e-02",weaker,"-5,05170686152046e-01",no significant difference,FALSE,246,"0,849913961998981","4,20519999999999960","6,22545010000000065","6,202280","3,03000000000000e+01",NA,FALSE
GGPVKNPRLLLLV,246,"-9,95826616265737e-02",weaker,"-2,64599585463415e-01",no significant difference,FALSE,246,"0,849093730992582","2,92349999999999977","5,12358866000000024","6,115162","2,56000000000000e+01",NA,FALSE
GGPVKPPRLLLLV,246,"5,58690529317691e-01",no significant difference,"-3,82863612292805e-01",no significant difference,FALSE,246,"1,000000000000000","3,01289999999999969","5,30277245999999991","5,985006","2,39000000000000e+01",NA,TRUE
GGPVKQPRLLLLV,246,"3,06081864760625e-02",weaker,"-2,12337274232846e-01",no significant difference,FALSE,246,"0,849593135282436","2,78139999999999965","5,18550576000000074","6,071826","2,33000000000000e+01",NA,FALSE
GGPVKRPRLLLLV,246,"-5,11150847861081e-02",weaker,"-3,77878248369057e-01",no significant difference,FALSE,246,"0,850584688323735","3,10519999999999952","5,39126525999999995","6,364976","2,75000000000000e+01",NA,FALSE
GGPVKSPRLLLLV,246,"7,94631675899844e-02",weaker,"-2,98045344587260e-01",no significant difference,FALSE,246,"0,852596156965567","3,33039999999999958","5,27109196000000058","6,059143","2,56000000000000e+01",NA,FALSE
GGPVKTPRLLLLV,246,"-1,65851337584034e-02",weaker,"-4,57351214309994e-01",no significant difference,FALSE,246,"0,852952368384812","3,29589999999999961","5,53822695000000031","6,030012","2,42000000000000e+01",NA,FALSE
GGPVKVPRLLLLV,246,"-1,61072011562657e-01",weaker,"-4,52185316751600e-01",no significant difference,FALSE,246,"0,852376126421070","3,95269999999999966","6,38106638999999998","5,905522","3,08000000000000e+01",NA,FALSE
GGPVKWPRLLLLV,246,"-1,80916959345231e-01",weaker,"-3,92526265422621e-01",no significant difference,FALSE,246,"0,849343270775811","3,98529999999999962","7,49508563000000017","6,687401","2,71000000000000e+01",NA,FALSE
GGPVKYPRLLLLV,246,"-1,18321703154556e-01",weaker,"-5,52704907612399e-01",no significant difference,FALSE,246,"0,849609178647785","4,07339999999999947","7,18206285000000033","6,636066","2,93000000000000e+01",NA,FALSE
GGPWK*PRLLLLV,246,"1,07445964164124e-01",weaker,"5,33288202115679e-01",stronger,TRUE,246,NA,"-0,92220000000000013","1,69392852999999999","3,014187","-4,30000000000000e+00",NA,FALSE
GGPWKAPRLLLLV,246,"-7,86368782656605e-02",weaker,"-4,35326519247515e-01",no significant difference,FALSE,246,"0,824569990875983","3,23159999999999981","6,85831880000000016","6,723066","2,26000000000000e+01",NA,FALSE
GGPWKCPRLLLLV,246,"-1,86714240836378e-01",weaker,"-4,10979609169114e-01",no significant difference,FALSE,246,"0,802681330390541","4,26259999999999994","8,29567114000000139","7,033827","2,65000000000000e+01",NA,FALSE
GGPWKDPRLLLLV,246,"1,70253902529286e-02",weaker,"-2,59711184563536e-01",no significant difference,FALSE,246,"0,802681340538147","2,47689999999999966","5,89447280000000084","6,495088","1,93000000000000e+01",NA,FALSE
GGPWKEPRLLLLV,246,"-7,55940776358466e-02",weaker,"-2,52931601917004e-01",no significant difference,FALSE,246,"0,802929611870605","2,43609999999999971","5,66589160000000014","6,478976","2,06000000000000e+01",NA,FALSE
GGPWKFPRLLLLV,246,"-1,10818778936356e-01",weaker,"-4,59331382503951e-01",no significant difference,FALSE,246,"0,805164104600753","4,49809999999999999","8,28181450000000119","7,361045","2,68000000000000e+01",NA,FALSE
GGPWKGPRLLLLV,246,"-1,41996180974338e-01",weaker,"-3,20394697761536e-01",no significant difference,FALSE,246,"0,802930758550102","3,04829999999999979","7,15137213000000038","7,271058","2,24000000000000e+01",NA,FALSE
GGPWKHPRLLLLV,246,"-1,81809337535862e-01",weaker,"-4,03175287623545e-01",no significant difference,FALSE,246,"0,804183510974114","3,34579999999999966","6,80985681000000032","6,965888","2,29000000000000e+01",NA,FALSE
GGPWKIPRLLLLV,246,"-7,76217726521719e-02",weaker,"-4,93314367465256e-01",no significant difference,FALSE,246,"0,803426164683126","4,33629999999999960","7,77874473000000055","7,009576","2,72000000000000e+01",NA,FALSE
GGPWKKPRLLLLV,246,"-1,19566716259570e-01",weaker,"-4,36634905133074e-01",no significant difference,FALSE,246,"0,803183697781395","2,04479999999999951","5,33818470000000023","6,626186","1,93000000000000e+01",NA,FALSE
GGPWKLPRLLLLV,246,"-1,42254234415475e-01",weaker,"-4,75433721841555e-01",no significant difference,FALSE,246,"0,805417520769537","4,13919999999999977","7,66138621000000075","7,052280","2,81000000000000e+01",NA,FALSE
GGPWKMPRLLLLV,246,"-1,98287151270438e-01",weaker,"-5,32013205208962e-01",no significant difference,FALSE,246,"0,804245096795935","4,23780000000000001","7,33946934000000084","6,984159","2,66000000000000e+01",NA,FALSE
GGPWKNPRLLLLV,246,"-4,17790408684401e-02",weaker,"-3,32444212471756e-01",no significant difference,FALSE,246,"0,803424865789537","2,95609999999999973","6,23760790000000043","6,897041","2,19000000000000e+01",NA,FALSE
GGPWKPPRLLLLV,246,"3,62523296639679e-02",weaker,"-4,72297231931451e-01",no significant difference,FALSE,246,"0,954331134796954","3,04549999999999965","6,41679170000000010","6,766885","2,02000000000000e+01",NA,FALSE
GGPWKQPRLLLLV,246,"-8,29490690056705e-02",weaker,"-4,64706888485862e-01",no significant difference,FALSE,246,"0,803924270079390","2,81399999999999961","6,29952500000000093","6,853705","1,96000000000000e+01",NA,FALSE
GGPWKRPRLLLLV,246,"-1,39192818199411e-01",weaker,"-3,82379622257561e-01",no significant difference,FALSE,246,"0,804915823120689","3,13779999999999948","6,50528450000000014","7,146855","2,38000000000000e+01",NA,FALSE
GGPWKSPRLLLLV,246,"-1,83067453211212e-02",weaker,"-4,34298481375273e-01",no significant difference,FALSE,246,"0,806927291762522","3,36299999999999955","6,38511120000000076","6,841022","2,19000000000000e+01",NA,FALSE
GGPWKTPRLLLLV,246,"-4,44226162835469e-02",weaker,"-4,61600491524210e-01",no significant difference,FALSE,246,"0,807283503181767","3,32849999999999957","6,65224619000000050","6,811891","2,05000000000000e+01",NA,FALSE
GGPWKVPRLLLLV,246,"-2,26324674956360e-01",weaker,"-4,40541202568001e-01",no significant difference,FALSE,246,"0,806707261218024","3,98529999999999962","7,49508563000000017","6,687401","2,71000000000000e+01",NA,FALSE
GGPWKWPRLLLLV,246,"-2,52853460710824e-01",weaker,"-3,57434578256375e-01",no significant difference,FALSE,246,"0,803674405572765","4,01790000000000003","8,60910487000000124","7,469280","2,34000000000000e+01",NA,FALSE
GGPWKYPRLLLLV,246,"-2,16314314541282e-01",weaker,"-4,49554324573382e-01",no significant difference,FALSE,246,"0,803940313444739","4,10599999999999987","8,29608209000000052","7,417945","2,56000000000000e+01",NA,FALSE
GGPYK*PRLLLLV,246,"1,26704593569521e-01",weaker,"5,43083054124996e-01",stronger,TRUE,246,NA,"-0,83410000000000006","1,38090575000000015","2,962852","-2,10000000000000e+00",NA,FALSE
GGPYKAPRLLLLV,246,"6,52696802400930e-03",weaker,"-4,63720013998232e-01",no significant difference,FALSE,246,"0,825310877749769","3,31969999999999965","6,54529602000000033","6,671731","2,48000000000000e+01",NA,FALSE
GGPYKCPRLLLLV,246,"-7,71368792278606e-03",weaker,"-4,65886696326526e-01",no significant difference,FALSE,246,"0,803422217264327","4,35069999999999979","7,98264836000000066","6,982492","2,87000000000000e+01",NA,FALSE
GGPYKDPRLLLLV,246,"-2,08477515260607e-01",weaker,"2,02483847316676e-02",no significant difference,FALSE,246,"0,803422227411933","2,56499999999999950","5,58145002000000012","6,443753","2,15000000000000e+01",NA,FALSE
GGPYKEPRLLLLV,246,"-7,71368792278631e-03",weaker,"-1,88095258217418e-01",stronger,FALSE,246,"0,803670498744391","2,52419999999999956","5,35286882000000031","6,427641","2,28000000000000e+01",NA,FALSE
GGPYKFPRLLLLV,246,"-2,30706111600080e-01",weaker,"-6,04887022793396e-01",no significant difference,FALSE,246,"0,805904991474539","4,58619999999999983","7,96879172000000047","7,309710","2,90000000000000e+01",NA,FALSE
GGPYKGPRLLLLV,246,"-1,26951688230137e-01",weaker,"-4,84465203061345e-01",no significant difference,FALSE,246,"0,803671645423888","3,13639999999999963","6,83834935000000055","7,219723","2,46000000000000e+01",NA,FALSE
GGPYKHPRLLLLV,246,"-6,83608920142163e-02",weaker,"-4,95543000869302e-01",no significant difference,FALSE,246,"0,804924397847900","3,43389999999999951","6,49683403000000048","6,914553","2,51000000000000e+01",NA,FALSE
GGPYKIPRLLLLV,246,"-2,19281398228170e-01",weaker,"-5,76155755798959e-01",no significant difference,FALSE,246,"0,804167051556912","4,42439999999999944","7,46572195000000072","6,958241","2,94000000000000e+01",NA,FALSE
GGPYKKPRLLLLV,246,"-1,18945125158492e-02",weaker,"-2,71782883759901e-01",no significant difference,FALSE,246,"0,803924584655182","2,13289999999999980","5,02516192000000039","6,574851","2,15000000000000e+01",NA,FALSE
GGPYKLPRLLLLV,246,"-1,51762386872531e-01",weaker,"-5,72669328649963e-01",no significant difference,FALSE,246,"0,806158407643323","4,22729999999999961","7,34836343000000092","7,000945","3,03000000000000e+01",NA,FALSE
GGPYKMPRLLLLV,246,"-1,49674802543324e-01",weaker,"-5,59655949172506e-01",no significant difference,FALSE,246,"0,804985983669721","4,32589999999999986","7,02644656000000012","6,932824","2,88000000000000e+01",NA,FALSE
GGPYKNPRLLLLV,246,"-1,18697640179663e-01",weaker,"-3,37508498111087e-01",no significant difference,FALSE,246,"0,804165752663323","3,04419999999999957","5,92458512000000059","6,845706","2,41000000000000e+01",NA,FALSE
GGPYKPPRLLLLV,246,"1,01373521385643e-01",weaker,"-6,16536735112752e-01",no significant difference,FALSE,246,"0,955072021670741","3,13359999999999950","6,10376892000000026","6,715550","2,24000000000000e+01",NA,FALSE
GGPYKQPRLLLLV,246,"-7,29844154936392e-02",weaker,"-3,94551788595484e-01",no significant difference,FALSE,246,"0,804665156953177","2,90209999999999990","5,98650222000000021","6,802370","2,18000000000000e+01",NA,FALSE
GGPYKRPRLLLLV,246,"-1,60420231855398e-01",weaker,"-6,15634566945043e-01",no significant difference,FALSE,246,"0,805656709994476","3,22589999999999977","6,19226172000000030","7,095520","2,60000000000000e+01",NA,FALSE
GGPYKSPRLLLLV,246,"-1,40730421482284e-01",weaker,"-3,44769333620505e-01",no significant difference,FALSE,246,"0,807668178636308","3,45109999999999983","6,07208842000000004","6,789687","2,41000000000000e+01",NA,FALSE
GGPYKTPRLLLLV,246,"-3,35452177845153e-02",weaker,"-5,07277079803172e-01",no significant difference,FALSE,246,"0,808024390055553","3,41659999999999986","6,33922341000000067","6,760556","2,27000000000000e+01",NA,FALSE
GGPYKVPRLLLLV,246,"-1,71353315948643e-01",weaker,"-5,02932826412351e-01",no significant difference,FALSE,246,"0,807448148091810","4,07339999999999947","7,18206285000000033","6,636066","2,93000000000000e+01",NA,FALSE
GGPYKWPRLLLLV,246,"-1,01279835549334e-01",weaker,"-3,27070657882067e-01",no significant difference,FALSE,246,"0,804415292446551","4,10599999999999987","8,29608209000000052","7,417945","2,56000000000000e+01",NA,FALSE
GGPYKYPRLLLLV,246,"-1,06039362545390e-01",weaker,"-4,73791045696030e-01",no significant difference,FALSE,246,"0,804681200318525","4,19409999999999972","7,98305931000000069","7,366610","2,78000000000000e+01",NA,FALSE
GGRFWFSDWL,363,"8,64962911911316e-01",stronger,"4,50921919409786e-01",no significant difference,FALSE,363,"0,964523052591640","3,99149999999999983","8,58504371000000077","6,957451","1,43000000000000e+01","-0,04530",FALSE
GKVRVFLGWF,366,"5,76561878635378e-01",no significant difference,"-1,84409398590540e-01",no significant difference,FALSE,366,"0,983615249193698","4,14909999999999979","8,02471080000000114","6,153049","2,32000000000000e+01","0,40794",FALSE
GLL*SRL*PSVPVL,299,"1,31947528575304e-01",weaker,"2,97381986941145e-01",no significant difference,TRUE,299,NA,"1,65049999999999986","2,69040634999999995","1,941450","1,14000000000000e+01",NA,FALSE
GLL*SRLAPSVPVL,299,"-1,32864389047873e-02",weaker,"2,99849927869087e-01",no significant difference,TRUE,299,NA,"1,65049999999999986","2,69040634999999995","1,941450","1,14000000000000e+01",NA,FALSE
GLL*SRLCPSVPVL,299,"-9,73738243719854e-02",weaker,"2,92382155445247e-01",no significant difference,TRUE,299,NA,"1,65049999999999986","2,69040634999999995","1,941450","1,14000000000000e+01",NA,FALSE
GLL*SRLDPSVPVL,299,"7,80651526055658e-02",weaker,"3,90268635775572e-01",no significant difference,TRUE,299,NA,"1,65049999999999986","2,69040634999999995","1,941450","1,14000000000000e+01",NA,FALSE
GLL*SRLEPSVPVL,299,"1,35786829706263e-01",weaker,"4,51079916149203e-01",no significant difference,TRUE,299,NA,"1,65049999999999986","2,69040634999999995","1,941450","1,14000000000000e+01",NA,FALSE
GLL*SRLFPSVPVL,299,"-7,42780218418897e-02",weaker,"2,94234690603479e-01",no significant difference,TRUE,299,NA,"1,65049999999999986","2,69040634999999995","1,941450","1,14000000000000e+01",NA,FALSE
GLL*SRLGPSVPVL,299,"-6,69197383508157e-02",weaker,"3,81873474367504e-01",no significant difference,TRUE,299,NA,"1,65049999999999986","2,69040634999999995","1,941450","1,14000000000000e+01",NA,FALSE
GLL*SRLHPSVPVL,299,"-4,98074951659258e-02",weaker,"2,30518203462233e-01",no significant difference,TRUE,299,NA,"1,65049999999999986","2,69040634999999995","1,941450","1,14000000000000e+01",NA,FALSE
GLL*SRLIPSVPVL,299,"-3,93436871625969e-02",weaker,"2,45525245122730e-01",no significant difference,TRUE,299,NA,"1,65049999999999986","2,69040634999999995","1,941450","1,14000000000000e+01",NA,FALSE
GLL*SRLKPSVPVL,299,"-1,50691742112036e-01",weaker,"3,11005375943765e-01",no significant difference,TRUE,299,NA,"1,65049999999999986","2,69040634999999995","1,941450","1,14000000000000e+01",NA,FALSE
GLL*SRLLPSVPVL,299,"-2,94153642104901e-02",weaker,"3,42185120711603e-01",no significant difference,TRUE,299,NA,"1,65049999999999986","2,69040634999999995","1,941450","1,14000000000000e+01",NA,FALSE
GLL*SRLMPSVPVL,299,"6,09206411598180e-02",weaker,"3,10402139871814e-01",no significant difference,TRUE,299,NA,"1,65049999999999986","2,69040634999999995","1,941450","1,14000000000000e+01",NA,FALSE
GLL*SRLNPSVPVL,299,"8,44161587399987e-02",no significant difference,"3,53407475969436e-01",no significant difference,TRUE,299,NA,"1,65049999999999986","2,69040634999999995","1,941450","1,14000000000000e+01",NA,FALSE
GLL*SRLPPSVPVL,299,"-1,94435117960257e-02",weaker,"2,97104904875812e-01",no significant difference,TRUE,299,NA,"1,65049999999999986","2,69040634999999995","1,941450","1,14000000000000e+01",NA,FALSE
GLL*SRLQPSVPVL,299,"3,44501384752527e-02",weaker,"3,85146191581242e-01",no significant difference,TRUE,299,NA,"1,65049999999999986","2,69040634999999995","1,941450","1,14000000000000e+01",NA,FALSE
GLL*SRLRPSVPVL,299,"5,93113337229959e-02",weaker,"4,50179494528777e-01",no significant difference,TRUE,299,NA,"1,65049999999999986","2,69040634999999995","1,941450","1,14000000000000e+01",NA,FALSE
GLL*SRLSPSVPVL,299,"-9,04945969717308e-03",weaker,"3,50683279289354e-01",no significant difference,TRUE,299,NA,"1,65049999999999986","2,69040634999999995","1,941450","1,14000000000000e+01",NA,FALSE
GLL*SRLTPSVPVL,299,"5,48513503279233e-03",weaker,"4,56006235644435e-01",no significant difference,TRUE,299,NA,"1,65049999999999986","2,69040634999999995","1,941450","1,14000000000000e+01",NA,FALSE
GLL*SRLVPSVPVL,299,"2,52654001106979e-02",weaker,"3,72168341996851e-01",no significant difference,TRUE,299,NA,"1,65049999999999986","2,69040634999999995","1,941450","1,14000000000000e+01",NA,FALSE
GLL*SRLWPSVPVL,299,"2,15841875273018e-02",weaker,"4,16278627489330e-01",no significant difference,TRUE,299,NA,"1,65049999999999986","2,69040634999999995","1,941450","1,14000000000000e+01",NA,FALSE
GLL*SRLYPSVPVL,299,"-1,59092621176429e-01",weaker,"3,44035141252101e-01",no significant difference,TRUE,299,NA,"1,65049999999999986","2,69040634999999995","1,941450","1,14000000000000e+01",NA,FALSE
GLLASRL*PSVPVL,299,"-1,01277092994683e-01",weaker,"2,82499021941281e-01",no significant difference,TRUE,299,NA,"2,62049999999999983","3,72218946000000050","3,792449","1,82000000000000e+01",NA,FALSE
GLLASRLAPSVPVL,299,"4,15246663772579e-02",weaker,"-1,39886483625989e-01",no significant difference,FALSE,299,"0,903811913867857","4,83809999999999985","6,28870453000000040","5,970997","2,86000000000000e+01",NA,FALSE
GLLASRLCPSVPVL,299,"-1,74972743194353e-01",weaker,"-1,81539136910070e-01",no significant difference,FALSE,299,"0,762425943214565","5,86909999999999954","7,72605687000000074","6,281758","3,25000000000000e+01",NA,FALSE
GLLASRLDPSVPVL,299,"-6,71472174250891e-02",weaker,"-5,39423436111846e-02",no significant difference,FALSE,299,"0,762891804986765","4,08340000000000014","5,32485853000000020","5,743019","2,53000000000000e+01",NA,FALSE
GLLASRLEPSVPVL,299,"-1,49778316776115e-01",weaker,"1,49425534901364e-01",no significant difference,FALSE,299,"0,762891804986765","4,04260000000000019","5,09627733000000038","5,726907","2,66000000000000e+01",NA,FALSE
GLLASRLFPSVPVL,299,"-1,78130740572427e-01",weaker,"-2,56111878429065e-01",no significant difference,FALSE,299,"0,762891804986765","6,10459999999999958","7,71220023000000054","6,608976","3,28000000000000e+01",NA,FALSE
GLLASRLGPSVPVL,299,"-1,73870192370508e-01",weaker,"-1,75414248356121e-02",no significant difference,FALSE,299,"0,764522282377814","4,65479999999999983","6,58175786000000063","6,518989","2,84000000000000e+01",NA,FALSE
GLLASRLHPSVPVL,299,"-4,20043176026293e-02",weaker,"-3,96259418817589e-02",no significant difference,FALSE,299,"0,762658879645186","4,95230000000000015","6,24024254000000056","6,213819","2,89000000000000e+01",NA,FALSE
GLLASRLIPSVPVL,299,"-2,56770379952378e-02",weaker,"-2,51979340766396e-01",no significant difference,FALSE,299,"0,762891804986765","5,94280000000000008","7,20913045999999991","6,257507","3,32000000000000e+01",NA,FALSE
GLLASRLKPSVPVL,299,"-1,28266536520233e-01",weaker,"4,55474459070939e-02",no significant difference,FALSE,299,"0,762425943214565","3,65129999999999955","4,76857043000000047","5,874117","2,53000000000000e+01",NA,FALSE
GLLASRLLPSVPVL,299,"-6,44556285313877e-02",weaker,"-1,61622759932483e-01",no significant difference,FALSE,299,"0,815067181301745","5,74570000000000025","7,09177194000000011","6,300211","3,41000000000000e+01",NA,FALSE
GLLASRLMPSVPVL,299,"-6,61255713653617e-02",weaker,"-1,64192651460835e-01",no significant difference,FALSE,299,"0,763590581011500","5,84429999999999961","6,76985507000000020","6,232090","3,26000000000000e+01",NA,FALSE
GLLASRLNPSVPVL,299,"-4,84009897532211e-02",weaker,"-1,05836842277552e-01",no significant difference,FALSE,299,"0,762658879645186","4,56259999999999977","5,66799363000000067","6,144972","2,79000000000000e+01",NA,FALSE
GLLASRLPPSVPVL,299,"9,60643212445089e-02",weaker,"-1,92781524778545e-01",no significant difference,FALSE,299,"0,773606392877463","4,65200000000000014","5,84717743000000034","6,014816","2,62000000000000e+01",NA,FALSE
GLLASRLQPSVPVL,299,"-2,66187805247985e-02",weaker,"-2,76785799922219e-01",no significant difference,FALSE,299,"0,762425943214565","4,42049999999999965","5,72991073000000029","6,101636","2,56000000000000e+01",NA,FALSE
GLLASRLRPSVPVL,299,"-3,29051608093354e-02",weaker,"-2,38111660071557e-01",no significant difference,FALSE,299,"0,763590581011500","4,74429999999999996","5,93567023000000038","6,394786","2,98000000000000e+01",NA,FALSE
GLLASRLSPSVPVL,299,"-6,19762922642893e-02",weaker,"-2,34975806526995e-02",no significant difference,FALSE,299,"0,763823506353079","4,96950000000000003","5,81549693000000012","6,088953","2,79000000000000e+01",NA,FALSE
GLLASRLTPSVPVL,299,"-4,76167096370637e-02",weaker,"-1,87206920850932e-01",no significant difference,FALSE,299,"0,764056431694657","4,93499999999999961","6,08263192000000075","6,059822","2,65000000000000e+01",NA,FALSE
GLLASRLVPSVPVL,299,"-1,58058958972829e-01",weaker,"-1,30381447961271e-01",no significant difference,FALSE,299,"0,768249098932114","5,59180000000000010","6,92547136000000041","5,935332","3,31000000000000e+01",NA,FALSE
GLLASRLWPSVPVL,299,"-7,44887643259666e-02",weaker,"-2,17482485795530e-01",no significant difference,FALSE,299,"0,762891804986765","5,62439999999999962","8,03949060000000060","6,717211","2,94000000000000e+01",NA,FALSE
GLLASRLYPSVPVL,299,"-9,37817546634446e-02",weaker,"-2,11411733971377e-01",no significant difference,FALSE,299,"0,762425943214565","5,71249999999999947","7,72646782000000076","6,665876","3,16000000000000e+01",NA,FALSE
GLLCSRL*PSVPVL,299,"-1,17327598086576e-01",weaker,"1,69564945952680e-01",no significant difference,TRUE,299,NA,"3,65149999999999952","5,15954180000000040","4,103210","2,21000000000000e+01",NA,FALSE
GLLCSRLAPSVPVL,299,"-2,08279408264579e-02",weaker,"-1,97458121297558e-01",no significant difference,FALSE,299,"0,900784206009574","5,86909999999999954","7,72605687000000074","6,281758","3,25000000000000e+01",NA,FALSE
GLLCSRLCPSVPVL,299,"-7,88009218891903e-02",weaker,"-1,89894588177282e-01",no significant difference,FALSE,299,"0,759398235356281","6,90009999999999923","9,16340921000000108","6,592519","3,64000000000000e+01",NA,FALSE
GLLCSRLDPSVPVL,299,"-2,15552634394031e-01",weaker,"-4,42756417283016e-02",no significant difference,FALSE,299,"0,759864097128481","5,11439999999999984","6,76221087000000054","6,053780","2,92000000000000e+01",NA,FALSE
GLLCSRLEPSVPVL,299,"-2,23035449149591e-01",weaker,"-1,06885365475748e-01",no significant difference,FALSE,299,"0,759864097128481","5,07359999999999989","6,53362967000000072","6,037668","3,05000000000000e+01",NA,FALSE
GLLCSRLFPSVPVL,299,"-9,94759692023445e-02",weaker,"-3,34658435461555e-01",no significant difference,FALSE,299,"0,759864097128481","7,13559999999999928","9,14955257000000088","6,919737","3,67000000000000e+01",NA,FALSE
GLLCSRLGPSVPVL,299,"-1,43835952559114e-01",weaker,"-3,48108882221061e-02",no significant difference,FALSE,299,"0,761494574519531","5,68579999999999952","8,01911020000000008","6,829750","3,23000000000000e+01",NA,FALSE
GLLCSRLHPSVPVL,299,"-1,41589976098539e-01",weaker,"-1,53985668645512e-01",no significant difference,FALSE,299,"0,759631171786903","5,98329999999999984","7,67759488000000001","6,524580","3,28000000000000e+01",NA,FALSE
GLLCSRLIPSVPVL,299,"-1,27299141262056e-01",weaker,"-2,84604916453024e-01",no significant difference,FALSE,299,"0,759864097128481","6,97379999999999978","8,64648280000000113","6,568268","3,71000000000000e+01",NA,FALSE
GLLCSRLKPSVPVL,299,"-1,49615031343199e-01",weaker,"-2,87744040899913e-02",no significant difference,FALSE,299,"0,759398235356281","4,68229999999999968","6,20592277000000081","6,184878","2,92000000000000e+01",NA,FALSE
GLLCSRLLPSVPVL,299,"-2,21444745366552e-01",weaker,"-2,75378754865767e-01",no significant difference,FALSE,299,"0,812039473443462","6,77669999999999995","8,52912428000000133","6,610972","3,80000000000000e+01",NA,FALSE
GLLCSRLMPSVPVL,299,"-2,18080199715628e-01",weaker,"-4,01788282321414e-01",no significant difference,FALSE,299,"0,760562873153217","6,87529999999999930","8,20720741000000054","6,542851","3,65000000000000e+01",NA,FALSE
GLLCSRLNPSVPVL,299,"-2,30706111600080e-01",weaker,"-1,75569313593270e-01",no significant difference,FALSE,299,"0,759631171786903","5,59359999999999946","7,10534597000000012","6,455733","3,18000000000000e+01",NA,FALSE
GLLCSRLPPSVPVL,299,"-1,03764645222630e-01",weaker,"-2,03287357197671e-01",no significant difference,FALSE,299,"0,770578685019180","5,68299999999999983","7,28452977000000068","6,325577","3,01000000000000e+01",NA,FALSE
GLLCSRLQPSVPVL,299,"4,46184907307012e-02",weaker,"-1,04196074608301e-01",no significant difference,FALSE,299,"0,759398235356281","5,45149999999999935","7,16726307000000062","6,412397","2,95000000000000e+01",NA,FALSE
GLLCSRLRPSVPVL,299,"-1,84981711731268e-01",weaker,"-2,95009952992673e-01",no significant difference,FALSE,299,"0,760562873153217","5,77529999999999966","7,37302257000000072","6,705547","3,37000000000000e+01",NA,FALSE
GLLCSRLSPSVPVL,299,"-9,18678131427294e-02",weaker,"-1,54394577183492e-01",no significant difference,FALSE,299,"0,760795798494795","6,00049999999999972","7,25284927000000046","6,399714","3,18000000000000e+01",NA,FALSE
GLLCSRLTPSVPVL,299,"-8,23034076390164e-02",weaker,"-1,74824955755590e-01",no significant difference,FALSE,299,"0,761028723836374","5,96599999999999930","7,51998426000000020","6,370583","3,04000000000000e+01",NA,FALSE
GLLCSRLVPSVPVL,299,"-2,30480551956545e-01",weaker,"-2,98938765082243e-01",no significant difference,FALSE,299,"0,765221391073831","6,62279999999999980","8,36282369999999986","6,246093","3,70000000000000e+01",NA,FALSE
GLLCSRLWPSVPVL,299,"-6,99934756423401e-02",weaker,"-3,24496586806716e-01",no significant difference,FALSE,299,"0,759864097128481","6,65539999999999932","9,47684294000000094","7,027972","3,33000000000000e+01",NA,FALSE
GLLCSRLYPSVPVL,299,"-1,87877971435028e-01",weaker,"-3,05258333531729e-01",no significant difference,FALSE,299,"0,759398235356281","6,74350000000000005","9,16382016000000021","6,976637","3,55000000000000e+01",NA,FALSE
GLLDSRL*PSVPVL,299,"2,45540807557645e-01",no significant difference,"4,57204703167909e-01",no significant difference,TRUE,299,NA,"1,86579999999999946","2,75834346000000030","3,564471","1,49000000000000e+01",NA,FALSE
GLLDSRLAPSVPVL,299,"-1,00338311292464e-01",weaker,"-5,98172308021005e-02",no significant difference,FALSE,299,"0,901482904411010","4,08340000000000014","5,32485853000000020","5,743019","2,53000000000000e+01",NA,FALSE
GLLDSRLCPSVPVL,299,"-5,85605112296530e-02",weaker,"-3,75626691873317e-02",no significant difference,FALSE,299,"0,760096933757718","5,11439999999999984","6,76221087000000054","6,053780","2,92000000000000e+01",NA,FALSE
GLLDSRLDPSVPVL,299,"-1,43275469778030e-02",weaker,"4,41887834837840e-02",no significant difference,FALSE,299,"0,760562795529918","3,32869999999999955","4,36101253000000000","5,515041","2,20000000000000e+01",NA,FALSE
GLLDSRLEPSVPVL,299,"-6,89137116615489e-02",weaker,"1,29186746181377e-01",no significant difference,FALSE,299,"0,760562795529918","3,28789999999999960","4,13243133000000018","5,498929","2,33000000000000e+01",NA,FALSE
GLLDSRLFPSVPVL,299,"-2,36490989929957e-02",weaker,"-1,64199795995226e-01",no significant difference,FALSE,299,"0,760562795529918","5,34989999999999988","6,74835423000000034","6,380998","2,95000000000000e+01",NA,FALSE
GLLDSRLGPSVPVL,299,"-1,37215428782647e-01",weaker,"3,44573023061954e-02",no significant difference,FALSE,299,"0,762193272920968","3,90009999999999968","5,61791186000000042","6,291011","2,51000000000000e+01",NA,FALSE
GLLDSRLHPSVPVL,299,"-1,03391800509194e-01",weaker,"3,26587036490665e-02",no significant difference,FALSE,299,"0,760329870188340","4,19759999999999955","5,27639654000000036","5,985841","2,56000000000000e+01",NA,FALSE
GLLDSRLIPSVPVL,299,"-1,16398768203481e-01",weaker,"-1,18960717764039e-01",no significant difference,FALSE,299,"0,760562795529918","5,18809999999999949","6,24528446000000059","6,029529","2,99000000000000e+01",NA,FALSE
GLLDSRLKPSVPVL,299,"-1,45246127614947e-01",weaker,"7,19451919889394e-02",no significant difference,FALSE,299,"0,760096933757718","2,89659999999999984","3,80472443000000027","5,646139","2,20000000000000e+01",NA,FALSE
GLLDSRLLPSVPVL,299,"-1,06403687306444e-01",weaker,"-4,70611545759468e-02",no significant difference,FALSE,299,"0,812738171844898","4,99099999999999966","6,12792594000000079","6,072233","3,08000000000000e+01",NA,FALSE
GLLDSRLMPSVPVL,299,"-1,43011046371360e-01",weaker,"-5,33768539244690e-02",no significant difference,FALSE,299,"0,761261571554654","5,08959999999999990","5,80600906999999999","6,004112","2,93000000000000e+01",NA,FALSE
GLLDSRLNPSVPVL,299,"-3,82323046139108e-03",weaker,"2,52459996092804e-01",no significant difference,FALSE,299,"0,760329870188340","3,80789999999999962","4,70414763000000047","5,916994","2,46000000000000e+01",NA,FALSE
GLLDSRLPPSVPVL,299,"-5,20102222344551e-02",weaker,"-1,86631405590367e-01",no significant difference,FALSE,299,"0,771277383420617","3,89729999999999954","4,88333143000000014","5,786838","2,29000000000000e+01",NA,FALSE
GLLDSRLQPSVPVL,299,"-1,06975475123768e-01",weaker,"6,21317924632116e-02",no significant difference,FALSE,299,"0,760096933757718","3,66579999999999995","4,76606473000000008","5,873658","2,23000000000000e+01",NA,FALSE
GLLDSRLRPSVPVL,299,"-1,41589976098539e-01",weaker,"-1,19081785299163e-01",no significant difference,FALSE,299,"0,761261571554654","3,98959999999999981","4,97182423000000018","6,166808","2,65000000000000e+01",NA,FALSE
GLLDSRLSPSVPVL,299,"-3,90163132786792e-02",weaker,"1,06050354619824e-01",no significant difference,FALSE,299,"0,761494496896232","4,21479999999999944","4,85165092999999992","5,860975","2,46000000000000e+01",NA,FALSE
GLLDSRLTPSVPVL,299,"-6,93148075715466e-03",weaker,"1,04109562220598e-01",no significant difference,FALSE,299,"0,761727422237811","4,18029999999999990","5,11878592000000054","5,831844","2,32000000000000e+01",NA,FALSE
GLLDSRLVPSVPVL,299,"-1,13353751134507e-01",weaker,"-1,32860244891597e-02",no significant difference,FALSE,299,"0,765920089475268","4,83709999999999951","5,96162536000000021","5,707354","2,98000000000000e+01",NA,FALSE
GLLDSRLWPSVPVL,299,"-1,04307652606299e-01",weaker,"-1,11085088538373e-01",no significant difference,FALSE,299,"0,760562795529918","4,86969999999999992","7,07564460000000039","6,489233","2,61000000000000e+01",NA,FALSE
GLLDSRLYPSVPVL,299,"-1,17966385048824e-01",weaker,"-1,34579033940602e-01",no significant difference,FALSE,299,"0,760096933757718","4,95779999999999976","6,76262182000000056","6,437898","2,83000000000000e+01",NA,FALSE
GLLESRL*PSVPVL,299,"1,08679479183032e-01",weaker,"2,74066262003527e-01",no significant difference,TRUE,299,NA,"1,82499999999999951","2,52976226000000048","3,548359","1,62000000000000e+01",NA,FALSE
GLLESRLAPSVPVL,299,"-1,00382812440589e-01",weaker,"-1,25246067486940e-01",no significant difference,FALSE,299,"0,901017109173067","4,04260000000000019","5,09627733000000038","5,726907","2,66000000000000e+01",NA,FALSE
GLLESRLCPSVPVL,299,"-1,79525673574996e-01",weaker,"-1,21389521366504e-01",no significant difference,FALSE,299,"0,759631138519775","5,07359999999999989","6,53362967000000072","6,037668","3,05000000000000e+01",NA,FALSE
GLLESRLDPSVPVL,299,"-9,33758986653887e-02",weaker,"1,48350792613041e-01",no significant difference,FALSE,299,"0,760097000291974","3,28789999999999960","4,13243133000000018","5,498929","2,33000000000000e+01",NA,FALSE
GLLESRLEPSVPVL,299,"-1,37350199046239e-01",weaker,"9,58282008492909e-02",no significant difference,FALSE,299,"0,760097000291974","3,24709999999999965","3,90385013000000036","5,482817","2,46000000000000e+01",NA,FALSE
GLLESRLFPSVPVL,299,"-1,75799300411509e-01",weaker,"-1,78538289451009e-01",no significant difference,FALSE,299,"0,760097000291974","5,30909999999999993","6,51977303000000052","6,364886","3,08000000000000e+01",NA,FALSE
GLLESRLGPSVPVL,299,"-1,84331386456307e-01",weaker,"7,23513054964942e-02",no significant difference,FALSE,299,"0,761727477683024","3,85929999999999973","5,38933066000000061","6,274899","2,64000000000000e+01",NA,FALSE
GLLESRLHPSVPVL,299,"-5,11094479211879e-02",weaker,"-2,42946942357755e-01",no significant difference,FALSE,299,"0,759864074950396","4,15679999999999961","5,04781534000000054","5,969729","2,69000000000000e+01",NA,FALSE
GLLESRLIPSVPVL,299,"-1,64160626645897e-01",weaker,"-1,03807769337788e-01",no significant difference,FALSE,299,"0,760097000291974","5,14729999999999954","6,01670325999999989","6,013417","3,12000000000000e+01",NA,FALSE
GLLESRLKPSVPVL,299,"-5,24014997992483e-02",weaker,"6,23207863050506e-02",no significant difference,FALSE,299,"0,759631138519775","2,85579999999999989","3,57614323000000045","5,630027","2,33000000000000e+01",NA,FALSE
GLLESRLLPSVPVL,299,"-8,94594945109238e-02",weaker,"-1,69171455526138e-01",no significant difference,FALSE,299,"0,812272376606955","4,95019999999999971","5,89934474000000009","6,056121","3,21000000000000e+01",NA,FALSE
GLLESRLMPSVPVL,299,"-1,81361812905614e-01",weaker,"-1,11749359047875e-01",no significant difference,FALSE,299,"0,760795776316710","5,04879999999999995","5,57742787000000018","5,988000","3,06000000000000e+01",NA,FALSE
GLLESRLNPSVPVL,299,"-2,63376402098789e-02",weaker,"9,07578507155089e-02",no significant difference,FALSE,299,"0,759864074950396","3,76709999999999967","4,47556643000000065","5,900882","2,59000000000000e+01",NA,FALSE
GLLESRLPPSVPVL,299,"-3,30050268996523e-02",weaker,"-6,27671508340446e-02",no significant difference,FALSE,299,"0,770811588182673","3,85649999999999959","4,65475023000000032","5,770726","2,42000000000000e+01",NA,FALSE
GLLESRLQPSVPVL,299,"-1,28021395937487e-01",weaker,"-2,04750458402279e-01",no significant difference,FALSE,299,"0,759631138519775","3,62500000000000000","4,53748353000000026","5,857546","2,36000000000000e+01",NA,FALSE
GLLESRLRPSVPVL,299,"-1,36075226084945e-01",weaker,"-3,93747250641547e-02",no significant difference,FALSE,299,"0,760795776316710","3,94879999999999987","4,74324303000000036","6,150696","2,78000000000000e+01",NA,FALSE
GLLESRLSPSVPVL,299,"-7,20202193496761e-02",weaker,"-2,38739424736058e-02",no significant difference,FALSE,299,"0,761028701658289","4,17399999999999949","4,62306973000000010","5,844863","2,59000000000000e+01",NA,FALSE
GLLESRLTPSVPVL,299,"-9,95062429134817e-02",weaker,"-6,87420839351068e-02",no significant difference,FALSE,299,"0,761261626999867","4,13949999999999996","4,89020472000000073","5,815732","2,45000000000000e+01",NA,FALSE
GLLESRLVPSVPVL,299,"-2,33932082954731e-01",weaker,"-1,45977934201681e-01",no significant difference,FALSE,299,"0,765454294237324","4,79629999999999956","5,73304416000000039","5,691242","3,11000000000000e+01",NA,FALSE
GLLESRLWPSVPVL,299,"-2,35116757586477e-01",weaker,"-8,90258350177292e-02",no significant difference,FALSE,299,"0,760097000291974","4,82889999999999997","6,84706340000000058","6,473121","2,74000000000000e+01",NA,FALSE
GLLESRLYPSVPVL,299,"-6,37202564751419e-02",weaker,"-1,09974466080651e-01",no significant difference,FALSE,299,"0,759631138519775","4,91699999999999982","6,53404062000000074","6,421786","2,96000000000000e+01",NA,FALSE
GLLFSRL*PSVPVL,299,"-2,87938461326895e-01",weaker,"-1,62880894894797e-01",no significant difference,TRUE,299,NA,"3,88699999999999957","5,14568516000000020","4,430428","2,24000000000000e+01",NA,FALSE
GLLFSRLAPSVPVL,299,"4,13404543284660e-01",no significant difference,"-4,54236163791132e-01",no significant difference,FALSE,299,"0,933623230479875","6,10459999999999958","7,71220023000000054","6,608976","3,28000000000000e+01",NA,FALSE
GLLFSRLCPSVPVL,299,"-1,11580201486674e-01",weaker,"-3,60718096017850e-01",no significant difference,FALSE,299,"0,792237259826583","7,13559999999999928","9,14955257000000088","6,919737","3,67000000000000e+01",NA,FALSE
GLLFSRLDPSVPVL,299,"-2,33388862123731e-01",weaker,"-5,84012457187279e-02",no significant difference,FALSE,299,"0,792703121598783","5,34989999999999988","6,74835423000000034","6,380998","2,95000000000000e+01",NA,FALSE
GLLFSRLEPSVPVL,299,"-1,98941527945037e-01",weaker,"-1,61865010188714e-01",no significant difference,FALSE,299,"0,792703121598783","5,30909999999999993","6,51977303000000052","6,364886","3,08000000000000e+01",NA,FALSE
GLLFSRLFPSVPVL,299,"-1,29712366608619e-01",weaker,"-4,76433088025894e-01",no significant difference,FALSE,299,"0,792703121598783","7,37109999999999932","9,13569593000000069","7,246955","3,70000000000000e+01",NA,FALSE
GLLFSRLGPSVPVL,299,"-2,59271728180647e-01",weaker,"-3,10198010027451e-01",no significant difference,FALSE,299,"0,794333598989833","5,92129999999999956","8,00525355999999988","7,156968","3,26000000000000e+01",NA,FALSE
GLLFSRLHPSVPVL,299,"-1,43023424588822e-01",weaker,"-5,92468838628505e-01",no significant difference,FALSE,299,"0,792470196257204","6,21879999999999988","7,66373824000000070","6,851798","3,31000000000000e+01",NA,FALSE
GLLFSRLIPSVPVL,299,"-1,83174446069173e-01",weaker,"-4,01586203354729e-01",no significant difference,FALSE,299,"0,792703121598783","7,20929999999999982","8,63262616000000094","6,895486","3,74000000000000e+01",NA,FALSE
GLLFSRLKPSVPVL,299,"-1,76737766231446e-01",weaker,"-3,66715670991293e-01",no significant difference,FALSE,299,"0,792237259826583","4,91779999999999973","6,19206613000000061","6,512096","2,95000000000000e+01",NA,FALSE
GLLFSRLLPSVPVL,299,"-1,24689838152538e-01",weaker,"-3,37492743200428e-01",no significant difference,FALSE,299,"0,844878497913763","7,01219999999999999","8,51526764000000114","6,938190","3,83000000000000e+01",NA,FALSE
GLLFSRLMPSVPVL,299,"-1,59204627463063e-01",weaker,"-3,55237846637960e-01",no significant difference,FALSE,299,"0,793401897623518","7,11079999999999934","8,19335077000000034","6,870069","3,68000000000000e+01",NA,FALSE
GLLFSRLNPSVPVL,299,"-1,79525673574996e-01",weaker,"-2,99596200391067e-01",no significant difference,FALSE,299,"0,792470196257204","5,82909999999999950","7,09148933000000081","6,782951","3,21000000000000e+01",NA,FALSE
GLLFSRLPPSVPVL,299,"-2,81816413929083e-03",weaker,"-3,04464826072862e-01",no significant difference,FALSE,299,"0,803417709489482","5,91849999999999987","7,27067313000000048","6,652795","3,04000000000000e+01",NA,FALSE
GLLFSRLQPSVPVL,299,"-2,02322953869742e-01",weaker,"-3,65220423711881e-01",no significant difference,FALSE,299,"0,792237259826583","5,68699999999999939","7,15340643000000043","6,739615","2,98000000000000e+01",NA,FALSE
GLLFSRLRPSVPVL,299,"-1,78336994665778e-01",weaker,"-4,13616083365142e-01",no significant difference,FALSE,299,"0,793401897623518","6,01079999999999970","7,35916593000000052","7,032765","3,40000000000000e+01",NA,FALSE
GLLFSRLSPSVPVL,299,"-2,10637958776578e-01",weaker,"-2,80219641627293e-01",no significant difference,FALSE,299,"0,793634822965097","6,23599999999999977","7,23899263000000026","6,726932","3,21000000000000e+01",NA,FALSE
GLLFSRLTPSVPVL,299,"-1,45227090223975e-01",weaker,"-3,38592212034046e-01",no significant difference,FALSE,299,"0,793867748306675","6,20149999999999935","7,50612762000000000","6,697801","3,07000000000000e+01",NA,FALSE
GLLFSRLVPSVPVL,299,"-2,47952721347022e-01",weaker,"-4,39218350960427e-01",no significant difference,FALSE,299,"0,798060415544132","6,85829999999999984","8,34896705999999966","6,573311","3,73000000000000e+01",NA,FALSE
GLLFSRLWPSVPVL,299,"-2,26369843923384e-01",weaker,"-4,44971701801022e-01",no significant difference,FALSE,299,"0,792703121598783","6,89089999999999936","9,46298630000000074","7,355190","3,36000000000000e+01",NA,FALSE
GLLFSRLYPSVPVL,299,"-2,44963091599387e-01",weaker,"-4,86532629573619e-01",no significant difference,FALSE,299,"0,792237259826583","6,97900000000000009","9,14996352000000002","7,303855","3,58000000000000e+01",NA,FALSE
GLLGSRL*PSVPVL,299,"3,64622348798095e-02",weaker,"3,43893309967898e-01",no significant difference,TRUE,299,NA,"2,43719999999999981","4,01524279000000028","4,340441","1,80000000000000e+01",NA,FALSE
GLLGSRLAPSVPVL,299,"-3,59878771112633e-02",weaker,"-8,45272810564686e-02",no significant difference,FALSE,299,"0,905908020161210","4,65479999999999983","6,58175786000000063","6,518989","2,84000000000000e+01",NA,FALSE
GLLGSRLCPSVPVL,299,"-3,72531873230672e-02",weaker,"-1,68698220921663e-01",no significant difference,FALSE,299,"0,764522049507918","5,68579999999999952","8,01911020000000008","6,829750","3,23000000000000e+01",NA,FALSE
GLLGSRLDPSVPVL,299,"-7,10467083445891e-02",weaker,"1,22119792925474e-01",no significant difference,FALSE,299,"0,764987911280118","3,90009999999999968","5,61791186000000042","6,291011","2,51000000000000e+01",NA,FALSE
GLLGSRLEPSVPVL,299,"-5,01030640113029e-02",weaker,"1,07720099568515e-01",no significant difference,FALSE,299,"0,764987911280118","3,85929999999999973","5,38933066000000061","6,274899","2,64000000000000e+01",NA,FALSE
GLLGSRLFPSVPVL,299,"-1,77258775544429e-01",weaker,"-1,82295151419543e-01",no significant difference,FALSE,299,"0,764987911280118","5,92129999999999956","8,00525355999999988","7,156968","3,26000000000000e+01",NA,FALSE
GLLGSRLGPSVPVL,299,"-2,14589983747893e-01",weaker,"5,47357892804857e-02",no significant difference,FALSE,299,"0,766618388671168","4,47149999999999981","6,87481118999999996","7,066981","2,82000000000000e+01",NA,FALSE
GLLGSRLHPSVPVL,299,"-9,37543046433316e-02",weaker,"-4,49308278926331e-02",no significant difference,FALSE,299,"0,764754985938539","4,76900000000000013","6,53329586999999989","6,761811","2,87000000000000e+01",NA,FALSE
GLLGSRLIPSVPVL,299,"-2,40608674720797e-01",weaker,"-1,78166997497841e-01",no significant difference,FALSE,299,"0,764987911280118","5,75950000000000006","7,50218379000000013","6,805499","3,30000000000000e+01",NA,FALSE
GLLGSRLKPSVPVL,299,"-5,15764272112052e-02",weaker,"-5,36802370154339e-02",no significant difference,FALSE,299,"0,764522049507918","3,46799999999999953","5,06162376000000069","6,422109","2,51000000000000e+01",NA,FALSE
GLLGSRLLPSVPVL,299,"-1,83745592841827e-01",weaker,"-1,15783275767047e-01",no significant difference,FALSE,299,"0,817163287595098","5,56240000000000023","7,38482527000000033","6,848203","3,39000000000000e+01",NA,FALSE
GLLGSRLMPSVPVL,299,"-2,43513269574750e-01",weaker,"-1,76354254880975e-01",no significant difference,FALSE,299,"0,765686687304854","5,66099999999999959","7,06290840000000042","6,780082","3,24000000000000e+01",NA,FALSE
GLLGSRLNPSVPVL,299,"-3,45127251159683e-02",weaker,"-9,17452359445541e-02",no significant difference,FALSE,299,"0,764754985938539","4,37929999999999975","5,96104696000000001","6,692964","2,77000000000000e+01",NA,FALSE
GLLGSRLPPSVPVL,299,"-4,95457014253540e-02",weaker,"-1,88784715621103e-01",no significant difference,FALSE,299,"0,775702499170817","4,46870000000000012","6,14023076000000056","6,562808","2,60000000000000e+01",NA,FALSE
GLLGSRLQPSVPVL,299,"-4,47310850369609e-02",weaker,"-3,61909935941752e-02",no significant difference,FALSE,299,"0,764522049507918","4,23719999999999963","6,02296406000000051","6,649628","2,54000000000000e+01",NA,FALSE
GLLGSRLRPSVPVL,299,"-1,67837993029185e-01",weaker,"-1,52646596337639e-01",no significant difference,FALSE,299,"0,765686687304854","4,56099999999999994","6,22872356000000060","6,942778","2,96000000000000e+01",NA,FALSE
GLLGSRLSPSVPVL,299,"-1,22689000725192e-01",weaker,"-7,45850642952725e-03",no significant difference,FALSE,299,"0,765919612646432","4,78620000000000001","6,10855026000000034","6,636945","2,77000000000000e+01",NA,FALSE
GLLGSRLTPSVPVL,299,"-1,03981664577842e-01",weaker,"-6,17736833675499e-02",no significant difference,FALSE,299,"0,766152537988011","4,75169999999999959","6,37568525000000008","6,607814","2,63000000000000e+01",NA,FALSE
GLLGSRLVPSVPVL,299,"-1,91600053177656e-01",weaker,"-7,50894885292252e-02",no significant difference,FALSE,299,"0,770345205225467","5,40850000000000009","7,21852469000000063","6,483324","3,29000000000000e+01",NA,FALSE
GLLGSRLWPSVPVL,299,"-1,89730697031635e-01",weaker,"-2,10879007743190e-01",no significant difference,FALSE,299,"0,764987911280118","5,44109999999999960","8,33254392999999993","7,265203","2,92000000000000e+01",NA,FALSE
GLLGSRLYPSVPVL,299,"-1,00577389406008e-01",weaker,"-1,57005474060238e-01",no significant difference,FALSE,299,"0,764522049507918","5,52919999999999945","8,01952115000000099","7,213868","3,14000000000000e+01",NA,FALSE
GLLHSRL*PSVPVL,299,"-3,47861195889911e-02",weaker,"1,28381632026134e-01",no significant difference,TRUE,299,NA,"2,73469999999999969","3,67372747000000022","4,035271","1,85000000000000e+01",NA,FALSE
GLLHSRLAPSVPVL,299,"1,17767880032081e-01",weaker,"-2,55954000265547e-01",no significant difference,FALSE,299,"0,901482904411010","4,95230000000000015","6,24024254000000056","6,213819","2,89000000000000e+01",NA,FALSE
GLLHSRLCPSVPVL,299,"-1,30310914953299e-01",weaker,"-1,49379797019952e-01",no significant difference,FALSE,299,"0,760096933757718","5,98329999999999984","7,67759488000000001","6,524580","3,28000000000000e+01",NA,FALSE
GLLHSRLDPSVPVL,299,"-1,37350199046239e-01",weaker,"-1,05436626874777e-01",no significant difference,FALSE,299,"0,760562795529918","4,19759999999999955","5,27639654000000036","5,985841","2,56000000000000e+01",NA,FALSE
GLLHSRLEPSVPVL,299,"3,44501384752527e-02",weaker,"-1,93118494474372e-02",no significant difference,FALSE,299,"0,760562795529918","4,15679999999999961","5,04781534000000054","5,969729","2,69000000000000e+01",NA,FALSE
GLLHSRLFPSVPVL,299,"-1,20500275152871e-01",weaker,"-2,75378754865767e-01",no significant difference,FALSE,299,"0,760562795529918","6,21879999999999988","7,66373824000000070","6,851798","3,31000000000000e+01",NA,FALSE
GLLHSRLGPSVPVL,299,"-1,82544736103248e-01",weaker,"-1,77999859442408e-04",no significant difference,FALSE,299,"0,762193272920968","4,76900000000000013","6,53329586999999989","6,761811","2,87000000000000e+01",NA,FALSE
GLLHSRLHPSVPVL,299,"1,54660288462031e-04",weaker,"-1,38656166582841e-01",no significant difference,FALSE,299,"0,760329870188340","5,06649999999999956","6,19178055000000072","6,456641","2,92000000000000e+01",NA,FALSE
GLLHSRLIPSVPVL,299,"-6,20158599174511e-02",weaker,"-4,09571998154400e-01",no significant difference,FALSE,299,"0,760562795529918","6,05699999999999950","7,16066847000000006","6,500329","3,35000000000000e+01",NA,FALSE
GLLHSRLKPSVPVL,299,"-1,59092621176429e-01",weaker,"-1,87939097628145e-02",no significant difference,FALSE,299,"0,760096933757718","3,76549999999999985","4,72010844000000063","6,116939","2,56000000000000e+01",NA,FALSE
GLLHSRLLPSVPVL,299,"-1,28021395937487e-01",weaker,"-1,84593028027973e-01",no significant difference,FALSE,299,"0,812738171844898","5,85989999999999966","7,04330995000000026","6,543033","3,44000000000000e+01",NA,FALSE
GLLHSRLMPSVPVL,299,"-8,15241467814989e-02",weaker,"-5,50994628594589e-02",no significant difference,FALSE,299,"0,761261571554654","5,95849999999999991","6,72139308000000035","6,474912","3,29000000000000e+01",NA,FALSE
GLLHSRLNPSVPVL,299,"-7,52498357647653e-02",weaker,"1,01607008335300e-02",no significant difference,FALSE,299,"0,760329870188340","4,67680000000000007","5,61953163999999994","6,387794","2,82000000000000e+01",NA,FALSE
GLLHSRLPPSVPVL,299,"1,60078073622585e-01",weaker,"-3,54975925904414e-01",no significant difference,FALSE,299,"0,771277383420617","4,76619999999999955","5,79871544000000050","6,257638","2,65000000000000e+01",NA,FALSE
GLLHSRLQPSVPVL,299,"7,09226226901661e-02",weaker,"-1,79365996270741e-01",no significant difference,FALSE,299,"0,760096933757718","4,53469999999999995","5,68144874000000044","6,344458","2,59000000000000e+01",NA,FALSE
GLLHSRLRPSVPVL,299,"-8,82424567309217e-02",weaker,"-1,76337535293476e-01",no significant difference,FALSE,299,"0,761261571554654","4,85849999999999937","5,88720824000000054","6,637608","3,01000000000000e+01",NA,FALSE
GLLHSRLSPSVPVL,299,"3,48417970838787e-03",weaker,"-2,16259240013216e-01",no significant difference,FALSE,299,"0,761494496896232","5,08369999999999944","5,76703494000000028","6,331775","2,82000000000000e+01",NA,FALSE
GLLHSRLTPSVPVL,299,"2,53159509493261e-02",weaker,"-8,79023055672573e-02",no significant difference,FALSE,299,"0,761727422237811","5,04919999999999991","6,03416993000000002","6,302644","2,68000000000000e+01",NA,FALSE
GLLHSRLVPSVPVL,299,"-1,38844574480470e-01",weaker,"-1,47097967230118e-01",no significant difference,FALSE,299,"0,765920089475268","5,70599999999999952","6,87700937000000057","6,178154","3,34000000000000e+01",NA,FALSE
GLLHSRLWPSVPVL,299,"-5,05483153325492e-02",weaker,"-3,08935104552129e-01",no significant difference,FALSE,299,"0,760562795529918","5,73859999999999992","7,99102861000000075","6,960033","2,97000000000000e+01",NA,FALSE
GLLHSRLYPSVPVL,299,"3,73217213183087e-02",weaker,"-1,51252472721400e-01",no significant difference,FALSE,299,"0,760096933757718","5,82669999999999977","7,67800583000000003","6,908698","3,19000000000000e+01",NA,FALSE
GLLISRL*PSVPVL,299,"-2,19330869026285e-01",weaker,"-2,25214116768395e-01",no significant difference,TRUE,299,NA,"3,72519999999999962","4,64261539000000045","4,078959","2,28000000000000e+01",NA,FALSE
GLLISRLAPSVPVL,299,"1,97927396224216e-01",weaker,"-3,22547684450986e-01",no significant difference,FALSE,299,"0,904510612269294","5,94280000000000008","7,20913045999999991","6,257507","3,32000000000000e+01",NA,FALSE
GLLISRLCPSVPVL,299,"3,40436889536489e-02",weaker,"-4,28257908816592e-01",no significant difference,FALSE,299,"0,763124641616002","6,97379999999999978","8,64648280000000113","6,568268","3,71000000000000e+01",NA,FALSE
GLLISRLDPSVPVL,299,"-3,37646186370407e-02",weaker,"-1,21683412019552e-01",no significant difference,FALSE,299,"0,763590503388202","5,18809999999999949","6,24528446000000059","6,029529","2,99000000000000e+01",NA,FALSE
GLLISRLEPSVPVL,299,"-1,32096027741626e-01",weaker,"-1,02875815470484e-01",no significant difference,FALSE,299,"0,763590503388202","5,14729999999999954","6,01670325999999989","6,013417","3,12000000000000e+01",NA,FALSE
GLLISRLFPSVPVL,299,"-2,35592576586464e-01",weaker,"-3,35723361403958e-01",no significant difference,FALSE,299,"0,763590503388202","7,20929999999999982","8,63262616000000094","6,895486","3,74000000000000e+01",NA,FALSE
GLLISRLGPSVPVL,299,"-2,16818707754851e-01",weaker,"-2,27240321624686e-01",no significant difference,FALSE,299,"0,765220980779251","5,75950000000000006","7,50218379000000013","6,805499","3,30000000000000e+01",NA,FALSE
GLLISRLHPSVPVL,299,"-1,15398252151344e-01",weaker,"-3,20815257490230e-01",no significant difference,FALSE,299,"0,763357578046623","6,05699999999999950","7,16066847000000006","6,500329","3,35000000000000e+01",NA,FALSE
GLLISRLIPSVPVL,299,"-1,49615031343199e-01",weaker,"-3,39687618938948e-01",no significant difference,FALSE,299,"0,763590503388202","7,04749999999999943","8,12955638999999941","6,544017","3,78000000000000e+01",NA,FALSE
GLLISRLKPSVPVL,299,"-1,79525673574996e-01",weaker,"-2,81277903533917e-01",no significant difference,FALSE,299,"0,763124641616002","4,75599999999999934","5,68899635999999997","6,160627","2,99000000000000e+01",NA,FALSE
GLLISRLLPSVPVL,299,"-1,22538413346129e-01",weaker,"-4,01161959963616e-01",no significant difference,FALSE,299,"0,815765879703182","6,85039999999999960","8,01219786999999961","6,586721","3,87000000000000e+01",NA,FALSE
GLLISRLMPSVPVL,299,"-2,04440165106522e-01",weaker,"-3,84594706236380e-01",no significant difference,FALSE,299,"0,764289279412937","6,94899999999999984","7,69028100000000059","6,518600","3,72000000000000e+01",NA,FALSE
GLLISRLNPSVPVL,299,"-1,07906458292417e-01",weaker,"-2,95736210304701e-01",no significant difference,FALSE,299,"0,763357578046623","5,66730000000000000","6,58841956000000017","6,431482","3,25000000000000e+01",NA,FALSE
GLLISRLPPSVPVL,299,"1,18596665413333e-02",weaker,"-4,48938454984300e-01",no significant difference,FALSE,299,"0,774305091278900","5,75669999999999948","6,76760335999999985","6,301326","3,08000000000000e+01",NA,FALSE
GLLISRLQPSVPVL,299,"-1,32096027741626e-01",weaker,"-3,30554284715152e-01",no significant difference,FALSE,299,"0,763124641616002","5,52519999999999989","6,65033666000000068","6,388146","3,02000000000000e+01",NA,FALSE
GLLISRLRPSVPVL,299,"-1,37015853647530e-01",weaker,"-3,57194811067852e-01",no significant difference,FALSE,299,"0,764289279412937","5,84900000000000020","6,85609615999999988","6,681296","3,44000000000000e+01",NA,FALSE
GLLISRLSPSVPVL,299,"-1,31288881315465e-01",weaker,"-3,43337326609561e-01",no significant difference,FALSE,299,"0,764522204754516","6,07419999999999938","6,73592286000000051","6,375463","3,25000000000000e+01",NA,FALSE
GLLISRLTPSVPVL,299,"-9,67935387239212e-02",weaker,"-1,09233079342293e-01",no significant difference,FALSE,299,"0,764755130096094","6,03969999999999985","7,00305785000000025","6,346332","3,11000000000000e+01",NA,FALSE
GLLISRLVPSVPVL,299,"-1,33475950395376e-01",weaker,"-2,91979316906024e-01",no significant difference,FALSE,299,"0,768947797333551","6,69649999999999945","7,84589728999999991","6,221842","3,77000000000000e+01",NA,FALSE
GLLISRLWPSVPVL,299,"-1,42633061781269e-01",weaker,"-3,12015682471413e-01",no significant difference,FALSE,299,"0,763590503388202","6,72909999999999986","8,95991653000000099","7,003721","3,40000000000000e+01",NA,FALSE
GLLISRLYPSVPVL,299,"-1,84953561835030e-01",weaker,"-4,01897372780456e-01",no significant difference,FALSE,299,"0,763124641616002","6,81719999999999970","8,64689375000000027","6,952386","3,62000000000000e+01",NA,FALSE
GLLKSRL*PSVPVL,299,"-6,70838653869191e-02",weaker,"-8,68130778713513e-02",no significant difference,TRUE,299,NA,"1,43369999999999953","2,20205536000000013","3,695569","1,49000000000000e+01",NA,FALSE
GLLKSRLAPSVPVL,299,"7,98175490290047e-03",weaker,"-8,06621630736553e-02",no significant difference,FALSE,299,"0,900784206009574","3,65129999999999955","4,76857043000000047","5,874117","2,53000000000000e+01",NA,FALSE
GLLKSRLCPSVPVL,299,"-1,45246127614947e-01",weaker,"-2,61796902254124e-01",no significant difference,FALSE,299,"0,759398235356281","4,68229999999999968","6,20592277000000081","6,184878","2,92000000000000e+01",NA,FALSE
GLLKSRLDPSVPVL,299,"-1,00311718951805e-01",weaker,"3,58823106272972e-02",no significant difference,FALSE,299,"0,759864097128481","2,89659999999999984","3,80472443000000027","5,646139","2,20000000000000e+01",NA,FALSE
GLLKSRLEPSVPVL,299,"-1,03441129635468e-01",weaker,"2,89649409274585e-01",no significant difference,FALSE,299,"0,759864097128481","2,85579999999999989","3,57614323000000045","5,630027","2,33000000000000e+01",NA,FALSE
GLLKSRLFPSVPVL,299,"-1,43764502165641e-01",weaker,"-2,92157182936319e-01",no significant difference,FALSE,299,"0,759864097128481","4,91779999999999973","6,19206613000000061","6,512096","2,95000000000000e+01",NA,FALSE
GLLKSRLGPSVPVL,299,"-9,18504837948585e-02",weaker,"2,42381068895300e-02",no significant difference,FALSE,299,"0,761494574519531","3,46799999999999953","5,06162376000000069","6,422109","2,51000000000000e+01",NA,FALSE
GLLKSRLHPSVPVL,299,"-1,18945125158492e-02",weaker,"1,50010106847726e-02",no significant difference,FALSE,299,"0,759631171786903","3,76549999999999985","4,72010844000000063","6,116939","2,56000000000000e+01",NA,FALSE
GLLKSRLIPSVPVL,299,"-4,87445877082796e-02",weaker,"-2,14265615718837e-01",no significant difference,FALSE,299,"0,759864097128481","4,75599999999999934","5,68899635999999997","6,160627","2,99000000000000e+01",NA,FALSE
GLLKSRLKPSVPVL,299,"-3,60957301847878e-02",weaker,"5,54867964158585e-02",no significant difference,FALSE,299,"0,759398235356281","2,46449999999999969","3,24843633000000054","5,777237","2,20000000000000e+01",NA,FALSE
GLLKSRLLPSVPVL,299,"-7,52412954847000e-02",weaker,"-1,38940044874958e-01",no significant difference,FALSE,299,"0,812039473443462","4,55889999999999951","5,57163784000000017","6,203331","3,08000000000000e+01",NA,FALSE
GLLKSRLMPSVPVL,299,"-9,63784975417757e-02",weaker,"-1,63413896325840e-01",no significant difference,FALSE,299,"0,760562873153217","4,65749999999999975","5,24972097000000026","6,135210","2,93000000000000e+01",NA,FALSE
GLLKSRLNPSVPVL,299,"-2,00374297952478e-02",weaker,"-2,81089159250207e-02",no significant difference,FALSE,299,"0,759631171786903","3,37579999999999991","4,14785953000000074","6,048092","2,46000000000000e+01",NA,FALSE
GLLKSRLPPSVPVL,299,"-1,18705497357500e-02",weaker,"-8,73823656662386e-02",no significant difference,FALSE,299,"0,770578685019180","3,46519999999999984","4,32704333000000041","5,917936","2,29000000000000e+01",NA,FALSE
GLLKSRLQPSVPVL,299,"-5,87183612839298e-02",weaker,"-1,05505852613392e-01",no significant difference,FALSE,299,"0,759398235356281","3,23369999999999980","4,20977663000000035","6,004756","2,23000000000000e+01",NA,FALSE
GLLKSRLRPSVPVL,299,"-9,20428203093398e-02",weaker,"-1,33772244394136e-01",no significant difference,FALSE,299,"0,760562873153217","3,55749999999999966","4,41553613000000045","6,297906","2,65000000000000e+01",NA,FALSE
GLLKSRLSPSVPVL,299,"-9,62731400802902e-03",weaker,"-6,99871809831232e-02",no significant difference,FALSE,299,"0,760795798494795","3,78269999999999973","4,29536283000000019","5,992073","2,46000000000000e+01",NA,FALSE
GLLKSRLTPSVPVL,299,"2,86061230052419e-02",weaker,"-1,75864915299656e-02",no significant difference,FALSE,299,"0,761028723836374","3,74819999999999975","4,56249781999999993","5,962942","2,32000000000000e+01",NA,FALSE
GLLKSRLVPSVPVL,299,"-4,10655885481539e-02",weaker,"-4,25047274855439e-02",no significant difference,FALSE,299,"0,765221391073831","4,40499999999999936","5,40533726000000048","5,838452","2,98000000000000e+01",NA,FALSE
GLLKSRLWPSVPVL,299,"-2,06531317696855e-01",weaker,"-2,36267764373668e-01",no significant difference,FALSE,299,"0,759864097128481","4,43759999999999977","6,51935650000000066","6,620331","2,61000000000000e+01",NA,FALSE
GLLKSRLYPSVPVL,299,"-9,20428203093398e-02",weaker,"-5,18690826969027e-02",no significant difference,FALSE,299,"0,759398235356281","4,52569999999999961","6,20633372000000083","6,568996","2,83000000000000e+01",NA,FALSE
GLLLSRL*PSVPVL,299,"-1,08832367958125e-01",weaker,"-1,51464661789694e-01",no significant difference,TRUE,299,NA,"3,52809999999999979","4,52525687000000065","4,121663","2,37000000000000e+01",NA,FALSE
GLLLSRLAPSVPVL,299,"1,23960657797955e-01",weaker,"-3,03961469546252e-01",no significant difference,FALSE,299,"0,906373826488196","5,74570000000000025","7,09177194000000011","6,300211","3,41000000000000e+01",NA,FALSE
GLLLSRLCPSVPVL,299,"-2,27061918212962e-01",weaker,"-3,34733562619552e-01",no significant difference,FALSE,299,"0,764987855834905","6,77669999999999995","8,52912428000000133","6,610972","3,80000000000000e+01",NA,FALSE
GLLLSRLDPSVPVL,299,"-7,42780218418897e-02",weaker,"-3,60925697017897e-02",no significant difference,FALSE,299,"0,765453717607104","4,99099999999999966","6,12792594000000079","6,072233","3,08000000000000e+01",NA,FALSE
GLLLSRLEPSVPVL,299,"-9,20220747440481e-02",weaker,"-2,13588849983044e-02",no significant difference,FALSE,299,"0,765453717607104","4,95019999999999971","5,89934474000000009","6,056121","3,21000000000000e+01",NA,FALSE
GLLLSRLFPSVPVL,299,"-2,02523056830308e-01",weaker,"-2,95173257696309e-01",no significant difference,FALSE,299,"0,765453717607104","7,01219999999999999","8,51526764000000114","6,938190","3,83000000000000e+01",NA,FALSE
GLLLSRLGPSVPVL,299,"-1,85513129174124e-01",weaker,"-1,22832876974001e-01",no significant difference,FALSE,299,"0,767084194998154","5,56240000000000023","7,38482527000000033","6,848203","3,39000000000000e+01",NA,FALSE
GLLLSRLHPSVPVL,299,"-7,42780218418899e-02",weaker,"-1,77569352656706e-01",no significant difference,FALSE,299,"0,765220792265526","5,85989999999999966","7,04330995000000026","6,543033","3,44000000000000e+01",NA,FALSE
GLLLSRLIPSVPVL,299,"-9,18678131427294e-02",weaker,"-4,17904156481610e-01",no significant difference,FALSE,299,"0,765453717607104","6,85039999999999960","8,01219786999999961","6,586721","3,87000000000000e+01",NA,FALSE
GLLLSRLKPSVPVL,299,"-9,49442345652299e-02",weaker,"-1,45766834896830e-01",no significant difference,FALSE,299,"0,764987855834905","4,55889999999999951","5,57163784000000017","6,203331","3,08000000000000e+01",NA,FALSE
GLLLSRLLPSVPVL,299,"-1,28021395937487e-01",weaker,"-3,09881278322051e-01",no significant difference,FALSE,299,"0,817629093922084","6,65329999999999888","7,89483935000000070","6,629425","3,96000000000000e+01",NA,FALSE
GLLLSRLMPSVPVL,299,"-1,44514631433443e-01",weaker,"-3,53660596510119e-01",no significant difference,FALSE,299,"0,766152493631840","6,75190000000000001","7,57292248000000079","6,561304","3,81000000000000e+01",NA,FALSE
GLLLSRLNPSVPVL,299,"-7,74854470085470e-02",weaker,"-1,90029665386044e-01",no significant difference,FALSE,299,"0,765220792265526","5,47020000000000017","6,47106104000000038","6,474186","3,34000000000000e+01",NA,FALSE
GLLLSRLPPSVPVL,299,"-3,61548071074509e-02",weaker,"-3,25928071471743e-01",no significant difference,FALSE,299,"0,776168305497803","5,55959999999999965","6,65024484000000005","6,344030","3,17000000000000e+01",NA,FALSE
GLLLSRLQPSVPVL,299,"-1,20431369541305e-01",weaker,"-3,11983577641543e-01",no significant difference,FALSE,299,"0,764987855834905","5,32810000000000006","6,53297814000000088","6,430850","3,11000000000000e+01",NA,FALSE
GLLLSRLRPSVPVL,299,"-9,34990645411685e-02",weaker,"-3,11983577641543e-01",no significant difference,FALSE,299,"0,766152493631840","5,65190000000000037","6,73873764000000008","6,724000","3,53000000000000e+01",NA,FALSE
GLLLSRLSPSVPVL,299,"-9,83587778734056e-02",weaker,"-2,63266242572362e-01",no significant difference,FALSE,299,"0,766385418973419","5,87709999999999955","6,61856434000000071","6,418167","3,34000000000000e+01",NA,FALSE
GLLLSRLTPSVPVL,299,"-7,73629152909709e-02",weaker,"-2,80319210718863e-01",no significant difference,FALSE,299,"0,766618344314997","5,84260000000000002","6,88569933000000045","6,389036","3,20000000000000e+01",NA,FALSE
GLLLSRLVPSVPVL,299,"-2,27001266101287e-01",weaker,"-3,13797239693761e-01",no significant difference,FALSE,299,"0,770811011552454","6,49939999999999962","7,72853877000000011","6,264546","3,86000000000000e+01",NA,FALSE
GLLLSRLWPSVPVL,299,"-1,81361812905614e-01",weaker,"-4,08970399898273e-01",no significant difference,FALSE,299,"0,765453717607104","6,53200000000000003","8,84255801000000119","7,046425","3,49000000000000e+01",NA,FALSE
GLLLSRLYPSVPVL,299,"-1,23000823629158e-01",weaker,"-4,23208670490102e-01",no significant difference,FALSE,299,"0,764987855834905","6,62009999999999987","8,52953523000000047","6,995090","3,71000000000000e+01",NA,FALSE
GLLMSRL*PSVPVL,299,"3,89837869465953e-02",weaker,"-6,84837423524475e-02",no significant difference,TRUE,299,NA,"3,62669999999999959","4,20333999999999985","4,053542","2,22000000000000e+01",NA,FALSE
GLLMSRLAPSVPVL,299,"-4,93027797991569e-02",weaker,"-2,74176298407373e-01",no significant difference,FALSE,299,"0,901482904411010","5,84429999999999961","6,76985507000000020","6,232090","3,26000000000000e+01",NA,FALSE
GLLMSRLCPSVPVL,299,"-1,80445960808508e-01",weaker,"-1,96889932570609e-01",no significant difference,FALSE,299,"0,760096933757718","6,87529999999999930","8,20720741000000054","6,542851","3,65000000000000e+01",NA,FALSE
GLLMSRLDPSVPVL,299,"5,29597181934426e-02",weaker,"-2,43634012580300e-03",no significant difference,FALSE,299,"0,760562795529918","5,08959999999999990","5,80600906999999999","6,004112","2,93000000000000e+01",NA,FALSE
GLLMSRLEPSVPVL,299,"-2,13155101158795e-01",weaker,"-6,64723815512561e-02",no significant difference,FALSE,299,"0,760562795529918","5,04879999999999995","5,57742787000000018","5,988000","3,06000000000000e+01",NA,FALSE
GLLMSRLFPSVPVL,299,"-2,14647678867489e-01",weaker,"-3,25036607037290e-01",no significant difference,FALSE,299,"0,760562795529918","7,11079999999999934","8,19335077000000034","6,870069","3,68000000000000e+01",NA,FALSE
GLLMSRLGPSVPVL,299,"-1,96999578268203e-01",weaker,"-1,13865342970211e-01",no significant difference,FALSE,299,"0,762193272920968","5,66099999999999959","7,06290840000000042","6,780082","3,24000000000000e+01",NA,FALSE
GLLMSRLHPSVPVL,299,"-8,18703098060221e-02",weaker,"-2,19191368886615e-01",no significant difference,FALSE,299,"0,760329870188340","5,95849999999999991","6,72139308000000035","6,474912","3,29000000000000e+01",NA,FALSE
GLLMSRLIPSVPVL,299,"-1,52471094704679e-02",weaker,"-3,17519122519000e-01",no significant difference,FALSE,299,"0,760562795529918","6,94899999999999984","7,69028100000000059","6,518600","3,72000000000000e+01",NA,FALSE
GLLMSRLKPSVPVL,299,"-6,54095026408020e-02",weaker,"-2,32294665560438e-01",no significant difference,FALSE,299,"0,760096933757718","4,65749999999999975","5,24972097000000026","6,135210","2,93000000000000e+01",NA,FALSE
GLLMSRLLPSVPVL,299,"-1,08832367958125e-01",weaker,"-2,05251724756592e-01",no significant difference,FALSE,299,"0,812738171844898","6,75190000000000001","7,57292248000000079","6,561304","3,81000000000000e+01",NA,FALSE
GLLMSRLMPSVPVL,299,"-4,87445877082796e-02",weaker,"-3,48326486600107e-01",no significant difference,FALSE,299,"0,761261571554654","6,85049999999999937","7,25100560999999999","6,493183","3,66000000000000e+01",NA,FALSE
GLLMSRLNPSVPVL,299,"-1,14284301055436e-01",weaker,"-9,54265794269090e-02",no significant difference,FALSE,299,"0,760329870188340","5,56879999999999953","6,14914417000000046","6,406065","3,19000000000000e+01",NA,FALSE
GLLMSRLPPSVPVL,299,"-5,33131980287688e-02",weaker,"-4,06703305336797e-01",no significant difference,FALSE,299,"0,771277383420617","5,65819999999999990","6,32832797000000014","6,275909","3,02000000000000e+01",NA,FALSE
GLLMSRLQPSVPVL,299,"-6,87436046908883e-02",weaker,"-2,50201459017112e-01",no significant difference,FALSE,299,"0,760096933757718","5,42669999999999941","6,21106127000000008","6,362729","2,96000000000000e+01",NA,FALSE
GLLMSRLRPSVPVL,299,"-1,68119914485464e-01",weaker,"-3,70555408503835e-01",no significant difference,FALSE,299,"0,761261571554654","5,75049999999999972","6,41682077000000017","6,655879","3,38000000000000e+01",NA,FALSE
GLLMSRLSPSVPVL,299,"-1,10669185882177e-01",weaker,"-2,09133277351138e-01",no significant difference,FALSE,299,"0,761494496896232","5,97569999999999979","6,29664746999999991","6,350046","3,19000000000000e+01",NA,FALSE
GLLMSRLTPSVPVL,299,"8,36009802474156e-03",weaker,"-9,01579101409666e-02",no significant difference,FALSE,299,"0,761727422237811","5,94119999999999937","6,56378246000000054","6,320915","3,05000000000000e+01",NA,FALSE
GLLMSRLVPSVPVL,299,"-1,47077104075854e-01",weaker,"-2,50197269174154e-01",no significant difference,FALSE,299,"0,765920089475268","6,59799999999999986","7,40662190000000020","6,196425","3,71000000000000e+01",NA,FALSE
GLLMSRLWPSVPVL,299,"-1,45755078593907e-01",weaker,"-2,77810544241083e-01",no significant difference,FALSE,299,"0,760562795529918","6,63059999999999938","8,52064114000000039","6,978304","3,34000000000000e+01",NA,FALSE
GLLMSRLYPSVPVL,299,"-1,51762386872531e-01",weaker,"-2,53264213562049e-01",no significant difference,FALSE,299,"0,760096933757718","6,71870000000000012","8,20761835999999967","6,926969","3,56000000000000e+01",NA,FALSE
GLLNSRL*PSVPVL,299,"1,25550209147498e-01",weaker,"3,67008744285528e-01",no significant difference,TRUE,299,NA,"2,34499999999999975","3,10147856000000033","3,966424","1,75000000000000e+01",NA,FALSE
GLLNSRLAPSVPVL,299,"-2,50224557359314e-03",weaker,"-1,39786606217099e-01",no significant difference,FALSE,299,"0,901017109173067","4,56259999999999977","5,66799363000000067","6,144972","2,79000000000000e+01",NA,FALSE
GLLNSRLCPSVPVL,299,"-9,49442345652299e-02",weaker,"-1,95852733915795e-01",no significant difference,FALSE,299,"0,759631138519775","5,59359999999999946","7,10534597000000012","6,455733","3,18000000000000e+01",NA,FALSE
GLLNSRLDPSVPVL,299,"-1,21291644812986e-01",weaker,"-2,64040411462966e-02",no significant difference,FALSE,299,"0,760097000291974","3,80789999999999962","4,70414763000000047","5,916994","2,46000000000000e+01",NA,FALSE
GLLNSRLEPSVPVL,299,"-9,65883245935789e-02",weaker,"6,05874179528794e-02",no significant difference,FALSE,299,"0,760097000291974","3,76709999999999967","4,47556643000000065","5,900882","2,59000000000000e+01",NA,FALSE
GLLNSRLFPSVPVL,299,"-1,65604147184923e-01",weaker,"-1,83030332462367e-01",no significant difference,FALSE,299,"0,760097000291974","5,82909999999999950","7,09148933000000081","6,782951","3,21000000000000e+01",NA,FALSE
GLLNSRLGPSVPVL,299,"-1,24784860833133e-01",weaker,"1,63631388705468e-02",no significant difference,FALSE,299,"0,761727477683024","4,37929999999999975","5,96104696000000001","6,692964","2,77000000000000e+01",NA,FALSE
GLLNSRLHPSVPVL,299,"-1,35204005516419e-02",weaker,"-3,34558526491045e-02",no significant difference,FALSE,299,"0,759864074950396","4,67680000000000007","5,61953163999999994","6,387794","2,82000000000000e+01",NA,FALSE
GLLNSRLIPSVPVL,299,"-3,27870602278604e-02",weaker,"-3,34733562619552e-01",no significant difference,FALSE,299,"0,760097000291974","5,66730000000000000","6,58841956000000017","6,431482","3,25000000000000e+01",NA,FALSE
GLLNSRLKPSVPVL,299,"-1,19566716259570e-01",weaker,"5,04735697082895e-02",no significant difference,FALSE,299,"0,759631138519775","3,37579999999999991","4,14785953000000074","6,048092","2,46000000000000e+01",NA,FALSE
GLLNSRLLPSVPVL,299,"-3,44256243202852e-02",weaker,"-2,21733078909368e-01",no significant difference,FALSE,299,"0,812272376606955","5,47020000000000017","6,47106104000000038","6,474186","3,34000000000000e+01",NA,FALSE
GLLNSRLMPSVPVL,299,"1,12213067062908e-02",weaker,"-1,62555634775424e-01",no significant difference,FALSE,299,"0,760795776316710","5,56879999999999953","6,14914417000000046","6,406065","3,19000000000000e+01",NA,FALSE
GLLNSRLNPSVPVL,299,"-1,06975475123768e-01",weaker,"-8,42942214714429e-02",no significant difference,FALSE,299,"0,759864074950396","4,28709999999999969","5,04728273000000005","6,318947","2,72000000000000e+01",NA,FALSE
GLLNSRLPPSVPVL,299,"-9,61337512778984e-03",weaker,"-2,16858086902925e-01",no significant difference,FALSE,299,"0,770811588182673","4,37650000000000006","5,22646653000000061","6,188791","2,55000000000000e+01",NA,FALSE
GLLNSRLQPSVPVL,299,"-6,05495404681649e-02",weaker,"-2,17497482498206e-01",no significant difference,FALSE,299,"0,759631138519775","4,14499999999999957","5,10919983000000055","6,275611","2,49000000000000e+01",NA,FALSE
GLLNSRLRPSVPVL,299,"-3,04246567037469e-02",weaker,"-1,33581489578109e-01",no significant difference,FALSE,299,"0,760795776316710","4,46879999999999988","5,31495933000000065","6,568761","2,91000000000000e+01",NA,FALSE
GLLNSRLSPSVPVL,299,"-1,78900742659152e-02",weaker,"-5,47219149467720e-02",no significant difference,FALSE,299,"0,761028701658289","4,69399999999999995","5,19478603000000039","6,262928","2,72000000000000e+01",NA,FALSE
GLLNSRLTPSVPVL,299,"5,83869719310644e-02",weaker,"5,92948104539257e-02",no significant difference,FALSE,299,"0,761261626999867","4,65949999999999953","5,46192102000000013","6,233797","2,58000000000000e+01",NA,FALSE
GLLNSRLVPSVPVL,299,"-1,55927525222574e-01",weaker,"-1,77504272737329e-01",no significant difference,FALSE,299,"0,765454294237324","5,31630000000000003","6,30476046000000068","6,109307","3,24000000000000e+01",NA,FALSE
GLLNSRLWPSVPVL,299,"-9,06677496384034e-02",weaker,"-9,39462167510643e-02",no significant difference,FALSE,299,"0,760097000291974","5,34889999999999954","7,41877970000000087","6,891186","2,87000000000000e+01",NA,FALSE
GLLNSRLYPSVPVL,299,"-1,10038490361406e-01",weaker,"-2,21226500686016e-01",no significant difference,FALSE,299,"0,759631138519775","5,43700000000000028","7,10575692000000014","6,839851","3,09000000000000e+01",NA,FALSE
GLLPSRL*PSVPVL,299,"7,27520607176096e-02",weaker,"8,39200405285982e-02",no significant difference,TRUE,299,NA,"2,43439999999999968","3,28066236000000044","3,836268","1,58000000000000e+01",NA,FALSE
GLLPSRLAPSVPVL,299,"4,30446775503488e-01",no significant difference,"-3,42886494814570e-02",no significant difference,FALSE,299,"0,905675116997717","4,65200000000000014","5,84717743000000034","6,014816","2,62000000000000e+01",NA,FALSE
GLLPSRLCPSVPVL,299,"-2,97335319407426e-02",weaker,"-3,68137243791173e-02",no significant difference,FALSE,299,"0,764289146344425","5,68299999999999983","7,28452977000000068","6,325577","3,01000000000000e+01",NA,FALSE
GLLPSRLDPSVPVL,299,"4,72975855339187e-02",weaker,"3,27350678486240e-02",no significant difference,FALSE,299,"0,764755008116625","3,89729999999999954","4,88333143000000014","5,786838","2,29000000000000e+01",NA,FALSE
GLLPSRLEPSVPVL,299,"-1,43597963806083e-02",weaker,"7,82573872188399e-02",no significant difference,FALSE,299,"0,764755008116625","3,85649999999999959","4,65475023000000032","5,770726","2,42000000000000e+01",NA,FALSE
GLLPSRLFPSVPVL,299,"-2,31541153827617e-02",weaker,"-2,45128123026658e-01",no significant difference,FALSE,299,"0,764755008116625","5,91849999999999987","7,27067313000000048","6,652795","3,04000000000000e+01",NA,FALSE
GLLPSRLGPSVPVL,299,"-7,51156009101192e-02",weaker,"2,20195858407806e-02",no significant difference,FALSE,299,"0,766385485507675","4,46870000000000012","6,14023076000000056","6,562808","2,60000000000000e+01",NA,FALSE
GLLPSRLHPSVPVL,299,"8,17219167699815e-02",weaker,"2,91757217662090e-02",no significant difference,FALSE,299,"0,764522082775046","4,76619999999999955","5,79871544000000050","6,257638","2,65000000000000e+01",NA,FALSE
GLLPSRLIPSVPVL,299,"1,67060501138462e-02",weaker,"-1,70161615423786e-01",no significant difference,FALSE,299,"0,764755008116625","5,75669999999999948","6,76760335999999985","6,301326","3,08000000000000e+01",NA,FALSE
GLLPSRLKPSVPVL,299,"-6,84743720307359e-03",weaker,"8,21892407204403e-02",no significant difference,FALSE,299,"0,764289146344425","3,46519999999999984","4,32704333000000041","5,917936","2,29000000000000e+01",NA,FALSE
GLLPSRLLPSVPVL,299,"-4,07635400727931e-02",weaker,"-2,20543475188831e-01",no significant difference,FALSE,299,"0,816930384431605","5,55959999999999965","6,65024484000000005","6,344030","3,17000000000000e+01",NA,FALSE
GLLPSRLMPSVPVL,299,"1,53322456650963e-02",weaker,"-2,87872100975859e-01",no significant difference,FALSE,299,"0,765453784141360","5,65819999999999990","6,32832797000000014","6,275909","3,02000000000000e+01",NA,FALSE
GLLPSRLNPSVPVL,299,"4,91599032671227e-02",weaker,"-7,16698857348475e-02",no significant difference,FALSE,299,"0,764522082775046","4,37650000000000006","5,22646653000000061","6,188791","2,55000000000000e+01",NA,FALSE
GLLPSRLPPSVPVL,299,"2,41562916807791e-01",weaker,"-3,01821356759637e-01",no significant difference,FALSE,299,"0,775469596007323","4,46589999999999954","5,40565033000000028","6,058635","2,38000000000000e+01",NA,FALSE
GLLPSRLQPSVPVL,299,"5,43839488422323e-02",weaker,"-7,51721944387036e-02",no significant difference,FALSE,299,"0,764289146344425","4,23439999999999994","5,28838363000000022","6,145455","2,32000000000000e+01",NA,FALSE
GLLPSRLRPSVPVL,299,"3,74879908955255e-02",weaker,"-2,58842598824751e-01",no significant difference,FALSE,299,"0,765453784141360","4,55819999999999936","5,49414313000000032","6,438605","2,74000000000000e+01",NA,FALSE
GLLPSRLSPSVPVL,299,"3,67268982354456e-02",weaker,"-9,28579030271053e-02",no significant difference,FALSE,299,"0,765686709482939","4,78339999999999943","5,37396983000000006","6,132772","2,55000000000000e+01",NA,FALSE
GLLPSRLTPSVPVL,299,"1,12074017148295e-01",weaker,"-2,17926296157751e-01",no significant difference,FALSE,299,"0,765919634824518","4,74889999999999990","5,64110482000000069","6,103641","2,41000000000000e+01",NA,FALSE
GLLPSRLVPSVPVL,299,"-4,84244456010877e-02",weaker,"-1,52184087886591e-01",no significant difference,FALSE,299,"0,770112302061974","5,40569999999999951","6,48394426000000035","5,979151","3,07000000000000e+01",NA,FALSE
GLLPSRLWPSVPVL,299,"-1,27547632424668e-01",weaker,"-2,55515955417480e-01",no significant difference,FALSE,299,"0,764755008116625","5,43829999999999991","7,59796350000000054","6,761030","2,70000000000000e+01",NA,FALSE
GLLPSRLYPSVPVL,299,"1,34978425826621e-02",weaker,"-2,26195427560719e-01",no significant difference,FALSE,299,"0,764289146344425","5,52639999999999976","7,28494072000000070","6,709695","2,92000000000000e+01",NA,FALSE
GLLQSRL*PSVPVL,299,"-2,63376402098789e-02",weaker,"3,54664887399665e-02",no significant difference,TRUE,299,NA,"2,20289999999999964","3,16339566000000039","3,923088","1,52000000000000e+01",NA,FALSE
GLLQSRLAPSVPVL,299,"2,65475663901210e-02",weaker,"-1,20775090564181e-01",no significant difference,FALSE,299,"0,901482904411010","4,42049999999999965","5,72991073000000029","6,101636","2,56000000000000e+01",NA,FALSE
GLLQSRLCPSVPVL,299,"-1,98726919192942e-02",weaker,"-2,50877979116002e-01",no significant difference,FALSE,299,"0,760096933757718","5,45149999999999935","7,16726307000000062","6,412397","2,95000000000000e+01",NA,FALSE
GLLQSRLDPSVPVL,299,"2,84492692620054e-02",weaker,"6,29705976055871e-02",no significant difference,FALSE,299,"0,760562795529918","3,66579999999999995","4,76606473000000008","5,873658","2,23000000000000e+01",NA,FALSE
GLLQSRLEPSVPVL,299,"3,48417970838787e-03",weaker,"2,72350470746227e-01",no significant difference,FALSE,299,"0,760562795529918","3,62500000000000000","4,53748353000000026","5,857546","2,36000000000000e+01",NA,FALSE
GLLQSRLFPSVPVL,299,"-6,79155469871340e-02",weaker,"-1,35600828400585e-01",no significant difference,FALSE,299,"0,760562795529918","5,68699999999999939","7,15340643000000043","6,739615","2,98000000000000e+01",NA,FALSE
GLLQSRLGPSVPVL,299,"-2,29784200531383e-02",weaker,"9,48891141640982e-03",no significant difference,FALSE,299,"0,762193272920968","4,23719999999999963","6,02296406000000051","6,649628","2,54000000000000e+01",NA,FALSE
GLLQSRLHPSVPVL,299,"5,78144485557838e-02",weaker,"-1,36929794311766e-03",no significant difference,FALSE,299,"0,760329870188340","4,53469999999999995","5,68144874000000044","6,344458","2,59000000000000e+01",NA,FALSE
GLLQSRLIPSVPVL,299,"-4,98074951659258e-02",weaker,"-3,34733562619552e-01",no significant difference,FALSE,299,"0,760562795529918","5,52519999999999989","6,65033666000000068","6,388146","3,02000000000000e+01",NA,FALSE
GLLQSRLKPSVPVL,299,"1,48797822675604e-01",weaker,"-3,02612131704567e-02",no significant difference,FALSE,299,"0,760096933757718","3,23369999999999980","4,20977663000000035","6,004756","2,23000000000000e+01",NA,FALSE
GLLQSRLLPSVPVL,299,"-3,62079187075461e-02",weaker,"-2,19039092445313e-01",no significant difference,FALSE,299,"0,812738171844898","5,32810000000000006","6,53297814000000088","6,430850","3,11000000000000e+01",NA,FALSE
GLLQSRLMPSVPVL,299,"-7,20202193496761e-02",weaker,"-1,37217456904391e-01",no significant difference,FALSE,299,"0,761261571554654","5,42669999999999941","6,21106127000000008","6,362729","2,96000000000000e+01",NA,FALSE
GLLQSRLNPSVPVL,299,"-5,56150588174499e-05",weaker,"3,79405335279496e-02",no significant difference,FALSE,299,"0,760329870188340","4,14499999999999957","5,10919983000000055","6,275611","2,49000000000000e+01",NA,FALSE
GLLQSRLPPSVPVL,299,"7,25675099777338e-02",weaker,"-1,89663378161755e-01",no significant difference,FALSE,299,"0,771277383420617","4,23439999999999994","5,28838363000000022","6,145455","2,32000000000000e+01",NA,FALSE
GLLQSRLQPSVPVL,299,"7,14289183303590e-02",weaker,"-1,20514553041231e-01",no significant difference,FALSE,299,"0,760096933757718","4,00289999999999946","5,17111693000000017","6,232275","2,26000000000000e+01",NA,FALSE
GLLQSRLRPSVPVL,299,"-1,10155466073275e-01",weaker,"-1,72805432357925e-01",no significant difference,FALSE,299,"0,761261571554654","4,32669999999999977","5,37687643000000026","6,525425","2,68000000000000e+01",NA,FALSE
GLLQSRLSPSVPVL,299,"8,38910726285988e-03",weaker,"4,16127295811960e-03",no significant difference,FALSE,299,"0,761494496896232","4,55189999999999984","5,25670313000000000","6,219592","2,49000000000000e+01",NA,FALSE
GLLQSRLTPSVPVL,299,"8,91716812866312e-02",weaker,"-1,19928765832620e-01",no significant difference,FALSE,299,"0,761727422237811","4,51739999999999942","5,52383812000000063","6,190461","2,35000000000000e+01",NA,FALSE
GLLQSRLVPSVPVL,299,"-1,78686416583130e-01",weaker,"-2,70669411116542e-02",no significant difference,FALSE,299,"0,765920089475268","5,17419999999999991","6,36667756000000029","6,065971","3,01000000000000e+01",NA,FALSE
GLLQSRLWPSVPVL,299,"-1,73908350060273e-01",weaker,"-2,26548618860646e-01",no significant difference,FALSE,299,"0,760562795529918","5,20679999999999943","7,48069680000000048","6,847850","2,64000000000000e+01",NA,FALSE
GLLQSRLYPSVPVL,299,"3,96821367679438e-02",weaker,"-2,63377296772583e-01",no significant difference,FALSE,299,"0,760096933757718","5,29490000000000016","7,16767402000000065","6,796515","2,86000000000000e+01",NA,FALSE
GLLRSRL*PSVPVL,299,"-1,31502385579263e-01",weaker,"-3,34270205146992e-01",no significant difference,TRUE,299,NA,"2,52669999999999950","3,36915516000000048","4,216238","1,94000000000000e+01",NA,FALSE
GLLRSRLAPSVPVL,299,"-4,95738173773276e-02",weaker,"-2,07384084586922e-01",no significant difference,FALSE,299,"0,903346107540870","4,74429999999999996","5,93567023000000038","6,394786","2,98000000000000e+01",NA,FALSE
GLLRSRLCPSVPVL,299,"-1,41589976098539e-01",weaker,"-1,80588739419432e-01",no significant difference,FALSE,299,"0,761960136887578","5,77529999999999966","7,37302257000000072","6,705547","3,37000000000000e+01",NA,FALSE
GLLRSRLDPSVPVL,299,"-1,25528871972059e-01",weaker,"-4,53732046152343e-04",no significant difference,FALSE,299,"0,762425998659778","3,98959999999999981","4,97182423000000018","6,166808","2,65000000000000e+01",NA,FALSE
GLLRSRLEPSVPVL,299,"-2,12889481755967e-02",weaker,"9,21978473946852e-02",no significant difference,FALSE,299,"0,762425998659778","3,94879999999999987","4,74324303000000036","6,150696","2,78000000000000e+01",NA,FALSE
GLLRSRLFPSVPVL,299,"-1,66150581397569e-01",weaker,"-1,92665181351500e-01",no significant difference,FALSE,299,"0,762425998659778","6,01079999999999970","7,35916593000000052","7,032765","3,40000000000000e+01",NA,FALSE
GLLRSRLGPSVPVL,299,"-1,47425596572042e-01",weaker,"-3,90048159194995e-02",no significant difference,FALSE,299,"0,764056476050828","4,56099999999999994","6,22872356000000060","6,942778","2,96000000000000e+01",NA,FALSE
GLLRSRLHPSVPVL,299,"-2,74929826552731e-02",weaker,"-6,01811185965709e-02",no significant difference,FALSE,299,"0,762193073318200","4,85849999999999937","5,88720824000000054","6,637608","3,01000000000000e+01",NA,FALSE
GLLRSRLIPSVPVL,299,"-1,70814128168148e-02",weaker,"-1,69127611921852e-01",no significant difference,FALSE,299,"0,762425998659778","5,84900000000000020","6,85609615999999988","6,681296","3,44000000000000e+01",NA,FALSE
GLLRSRLKPSVPVL,299,"-3,11786803968124e-02",weaker,"-1,15410265964145e-01",no significant difference,FALSE,299,"0,761960136887578","3,55749999999999966","4,41553613000000045","6,297906","2,65000000000000e+01",NA,FALSE
GLLRSRLLPSVPVL,299,"-6,05495404681649e-02",weaker,"-2,21770336007812e-01",no significant difference,FALSE,299,"0,814601374974758","5,65190000000000037","6,73873764000000008","6,724000","3,53000000000000e+01",NA,FALSE
GLLRSRLMPSVPVL,299,"-1,48532185437161e-01",weaker,"-3,35832945213038e-01",no significant difference,FALSE,299,"0,763124774684514","5,75049999999999972","6,41682077000000017","6,655879","3,38000000000000e+01",NA,FALSE
GLLRSRLNPSVPVL,299,"-8,18703098060221e-02",weaker,"-1,30868453570827e-01",no significant difference,FALSE,299,"0,762193073318200","4,46879999999999988","5,31495933000000065","6,568761","2,91000000000000e+01",NA,FALSE
GLLRSRLPPSVPVL,299,"-1,28352097406903e-02",weaker,"-2,84157074485705e-01",no significant difference,FALSE,299,"0,773140586550477","4,55819999999999936","5,49414313000000032","6,438605","2,74000000000000e+01",NA,FALSE
GLLRSRLQPSVPVL,299,"-9,63831276690105e-02",weaker,"-8,56160664400101e-02",no significant difference,FALSE,299,"0,761960136887578","4,32669999999999977","5,37687643000000026","6,525425","2,68000000000000e+01",NA,FALSE
GLLRSRLRPSVPVL,299,"-1,48671267926878e-01",weaker,"-2,41628459024167e-01",no significant difference,FALSE,299,"0,763124774684514","4,65050000000000008","5,58263593000000036","6,818575","3,10000000000000e+01",NA,FALSE
GLLRSRLSPSVPVL,299,"-8,45422702905597e-02",weaker,"-1,50666381520277e-01",no significant difference,FALSE,299,"0,763357700026092","4,87570000000000014","5,46246263000000010","6,512742","2,91000000000000e+01",NA,FALSE
GLLRSRLTPSVPVL,299,"-8,06973427834934e-02",weaker,"-1,86525866469556e-01",no significant difference,FALSE,299,"0,763590625367671","4,84119999999999973","5,72959762000000072","6,483611","2,77000000000000e+01",NA,FALSE
GLLRSRLVPSVPVL,299,"-1,28587632219824e-01",weaker,"-1,69382854475436e-01",no significant difference,FALSE,299,"0,767783292605128","5,49800000000000022","6,57243706000000039","6,359121","3,43000000000000e+01",NA,FALSE
GLLRSRLWPSVPVL,299,"-2,13155101158795e-01",weaker,"-2,73471399021466e-01",no significant difference,FALSE,299,"0,762425998659778","5,53059999999999974","7,68645630000000057","7,141000","3,06000000000000e+01",NA,FALSE
GLLRSRLYPSVPVL,299,"-1,43764502165641e-01",weaker,"-2,12356684459468e-01",no significant difference,FALSE,299,"0,761960136887578","5,61869999999999958","7,37343352000000074","7,089665","3,28000000000000e+01",NA,FALSE
GLLSSRL*PSVPVL,299,"-4,44975629153027e-02",weaker,"2,09691084193582e-01",no significant difference,TRUE,299,NA,"2,75189999999999957","3,24898186000000022","3,910405","1,75000000000000e+01",NA,FALSE
GLLSSRLAPSVPVL,299,"9,33081554087367e-02",weaker,"-1,28766940017510e-01",no significant difference,FALSE,299,"0,903579010704364","4,96950000000000003","5,81549693000000012","6,088953","2,79000000000000e+01",NA,FALSE
GLLSSRLCPSVPVL,299,"-1,96291713581619e-01",weaker,"-1,30673961641377e-01",no significant difference,FALSE,299,"0,762193040051072","6,00049999999999972","7,25284927000000046","6,399714","3,18000000000000e+01",NA,FALSE
GLLSSRLDPSVPVL,299,"-2,94153642104901e-02",weaker,"3,94304146017336e-02",no significant difference,FALSE,299,"0,762658901823271","4,21479999999999944","4,85165092999999992","5,860975","2,46000000000000e+01",NA,FALSE
GLLSSRLEPSVPVL,299,"-1,81977934059654e-01",weaker,"5,53022809171927e-02",no significant difference,FALSE,299,"0,762658901823271","4,17399999999999949","4,62306973000000010","5,844863","2,59000000000000e+01",NA,FALSE
GLLSSRLFPSVPVL,299,"-1,97973485108943e-01",weaker,"-1,82499476079541e-01",no significant difference,FALSE,299,"0,762658901823271","6,23599999999999977","7,23899263000000026","6,726932","3,21000000000000e+01",NA,FALSE
GLLSSRLGPSVPVL,299,"-1,41540813845120e-01",weaker,"-3,45724710301769e-03",no significant difference,FALSE,299,"0,764289379214321","4,78620000000000001","6,10855026000000034","6,636945","2,77000000000000e+01",NA,FALSE
GLLSSRLHPSVPVL,299,"-3,44256243202852e-02",weaker,"-1,67914580419082e-01",no significant difference,FALSE,299,"0,762425976481693","5,08369999999999944","5,76703494000000028","6,331775","2,82000000000000e+01",NA,FALSE
GLLSSRLIPSVPVL,299,"-1,26363782758633e-01",weaker,"-1,66593999211271e-01",no significant difference,FALSE,299,"0,762658901823271","6,07419999999999938","6,73592286000000051","6,375463","3,25000000000000e+01",NA,FALSE
GLLSSRLKPSVPVL,299,"-9,78020168745764e-02",weaker,"1,41976651294887e-02",no significant difference,FALSE,299,"0,762193040051072","3,78269999999999973","4,29536283000000019","5,992073","2,46000000000000e+01",NA,FALSE
GLLSSRLLPSVPVL,299,"-1,17824095822641e-01",weaker,"-2,20369052269381e-01",no significant difference,FALSE,299,"0,814834278138252","5,87709999999999955","6,61856434000000071","6,418167","3,34000000000000e+01",NA,FALSE
GLLSSRLMPSVPVL,299,"-1,49615031343199e-01",weaker,"-2,00026110214638e-01",no significant difference,FALSE,299,"0,763357677848007","5,97569999999999979","6,29664746999999991","6,350046","3,19000000000000e+01",NA,FALSE
GLLSSRLNPSVPVL,299,"-7,68315888012946e-02",weaker,"-7,78193070910123e-02",no significant difference,FALSE,299,"0,762425976481693","4,69399999999999995","5,19478603000000039","6,262928","2,72000000000000e+01",NA,FALSE
GLLSSRLPPSVPVL,299,"1,69971330223126e-02",weaker,"-1,42506276657502e-01",no significant difference,FALSE,299,"0,773373489713970","4,78339999999999943","5,37396983000000006","6,132772","2,55000000000000e+01",NA,FALSE
GLLSSRLQPSVPVL,299,"-9,42438043725859e-02",weaker,"-2,53610294512583e-01",no significant difference,FALSE,299,"0,762193040051072","4,55189999999999984","5,25670313000000000","6,219592","2,49000000000000e+01",NA,FALSE
GLLSSRLRPSVPVL,299,"-9,63784975417757e-02",weaker,"-1,79835840388058e-01",no significant difference,FALSE,299,"0,763357677848007","4,87570000000000014","5,46246263000000010","6,512742","2,91000000000000e+01",NA,FALSE
GLLSSRLSPSVPVL,299,"-8,92816281854867e-02",weaker,"-1,03510506134862e-01",no significant difference,FALSE,299,"0,763590603189586","5,10090000000000021","5,34228933000000072","6,206909","2,72000000000000e+01",NA,FALSE
GLLSSRLTPSVPVL,299,"-2,42255757452085e-02",weaker,"-1,26721198824226e-01",no significant difference,FALSE,299,"0,763823528531164","5,06639999999999979","5,60942432000000046","6,177778","2,58000000000000e+01",NA,FALSE
GLLSSRLVPSVPVL,299,"-1,41506998947820e-01",weaker,"-1,56672701242697e-01",no significant difference,FALSE,299,"0,768016195768621","5,72319999999999940","6,45226376000000013","6,053288","3,24000000000000e+01",NA,FALSE
GLLSSRLWPSVPVL,299,"-1,65226192831867e-01",weaker,"-1,95852733915795e-01",no significant difference,FALSE,299,"0,762658901823271","5,75579999999999981","7,56628300000000031","6,835167","2,87000000000000e+01",NA,FALSE
GLLSSRLYPSVPVL,299,"-1,10155466073275e-01",weaker,"-2,08115701095502e-01",no significant difference,FALSE,299,"0,762193040051072","5,84389999999999965","7,25326022000000048","6,783832","3,09000000000000e+01",NA,FALSE
GLLTSRL*PSVPVL,299,"7,30863908816611e-02",weaker,"2,83769802122823e-01",no significant difference,TRUE,299,NA,"2,71739999999999959","3,51611685000000040","3,881274","1,61000000000000e+01",NA,FALSE
GLLTSRLAPSVPVL,299,"1,31297046647372e-02",weaker,"-1,51831737623599e-01",no significant difference,FALSE,299,"0,902880312302927","4,93499999999999961","6,08263192000000075","6,059822","2,65000000000000e+01",NA,FALSE
GLLTSRLCPSVPVL,299,"-8,74114651225414e-02",weaker,"-1,59866119799281e-02",no significant difference,FALSE,299,"0,761494341649635","5,96599999999999930","7,51998426000000020","6,370583","3,04000000000000e+01",NA,FALSE
GLLTSRLDPSVPVL,299,"-4,81630150600988e-02",weaker,"1,67652244025890e-02",no significant difference,FALSE,299,"0,761960203421835","4,18029999999999990","5,11878592000000054","5,831844","2,32000000000000e+01",NA,FALSE
GLLTSRLEPSVPVL,299,"-3,78164386150740e-02",weaker,"2,10741392112734e-02",no significant difference,FALSE,299,"0,761960203421835","4,13949999999999996","4,89020472000000073","5,815732","2,45000000000000e+01",NA,FALSE
GLLTSRLFPSVPVL,299,"-1,11558334506780e-01",weaker,"-2,77265874523256e-01",no significant difference,FALSE,299,"0,761960203421835","6,20149999999999935","7,50612762000000000","6,697801","3,07000000000000e+01",NA,FALSE
GLLTSRLGPSVPVL,299,"-1,29227808993897e-01",weaker,"5,66072494964876e-03",no significant difference,FALSE,299,"0,763590680812885","4,75169999999999959","6,37568525000000008","6,607814","2,63000000000000e+01",NA,FALSE
GLLTSRLHPSVPVL,299,"6,49735144023497e-02",weaker,"-1,98126040719703e-01",no significant difference,FALSE,299,"0,761727278080256","5,04919999999999991","6,03416993000000002","6,302644","2,68000000000000e+01",NA,FALSE
GLLTSRLIPSVPVL,299,"-1,15604153049003e-02",weaker,"-1,68914885418745e-01",no significant difference,FALSE,299,"0,761960203421835","6,03969999999999985","7,00305785000000025","6,346332","3,11000000000000e+01",NA,FALSE
GLLTSRLKPSVPVL,299,"4,45374685643271e-02",weaker,"-6,62909412808404e-02",no significant difference,FALSE,299,"0,761494341649635","3,74819999999999975","4,56249781999999993","5,962942","2,32000000000000e+01",NA,FALSE
GLLTSRLLPSVPVL,299,"-5,36525494689663e-02",weaker,"-2,76699898126382e-01",no significant difference,FALSE,299,"0,814135579736815","5,84260000000000002","6,88569933000000045","6,389036","3,20000000000000e+01",NA,FALSE
GLLTSRLMPSVPVL,299,"-3,35166413688898e-02",weaker,"-3,63759403363199e-01",no significant difference,FALSE,299,"0,762658979446570","5,94119999999999937","6,56378246000000054","6,320915","3,05000000000000e+01",NA,FALSE
GLLTSRLNPSVPVL,299,"5,15370055159333e-02",weaker,"-3,17727222651782e-02",no significant difference,FALSE,299,"0,761727278080256","4,65949999999999953","5,46192102000000013","6,233797","2,58000000000000e+01",NA,FALSE
GLLTSRLPPSVPVL,299,"2,42891645128867e-02",weaker,"-3,00299103035433e-01",no significant difference,FALSE,299,"0,772674791312533","4,74889999999999990","5,64110482000000069","6,103641","2,41000000000000e+01",NA,FALSE
GLLTSRLQPSVPVL,299,"6,11212441455820e-04",weaker,"-3,41133589588759e-01",no significant difference,FALSE,299,"0,761494341649635","4,51739999999999942","5,52383812000000063","6,190461","2,35000000000000e+01",NA,FALSE
GLLTSRLRPSVPVL,299,"-1,03386810907955e-01",weaker,"-2,39822557707948e-01",no significant difference,FALSE,299,"0,762658979446570","4,84119999999999973","5,72959762000000072","6,483611","2,77000000000000e+01",NA,FALSE
GLLTSRLSPSVPVL,299,"-2,42147825336314e-02",weaker,"-1,40938118753072e-01",no significant difference,FALSE,299,"0,762891904788149","5,06639999999999979","5,60942432000000046","6,177778","2,58000000000000e+01",NA,FALSE
GLLTSRLTPSVPVL,299,"6,39763280171732e-02",weaker,"-1,51425084389638e-01",no significant difference,FALSE,299,"0,763124830129727","5,03189999999999937","5,87655931000000020","6,148647","2,44000000000000e+01",NA,FALSE
GLLTSRLVPSVPVL,299,"-1,37541963937096e-01",weaker,"-1,83816373333877e-01",no significant difference,FALSE,299,"0,767317497367184","5,68869999999999987","6,71939874999999986","6,024157","3,10000000000000e+01",NA,FALSE
GLLTSRLWPSVPVL,299,"-9,38788481328907e-02",weaker,"-3,25073479265267e-01",no significant difference,FALSE,299,"0,761960203421835","5,72129999999999939","7,83341799000000005","6,806036","2,73000000000000e+01",NA,FALSE
GLLTSRLYPSVPVL,299,"-2,66948759095361e-02",weaker,"-2,07655038521870e-01",no significant difference,FALSE,299,"0,761494341649635","5,80940000000000012","7,52039521000000022","6,754701","2,95000000000000e+01",NA,FALSE
GLLVSRL*PSVPVL,299,"-1,66647227371954e-01",weaker,"-6,40460435093572e-02",no significant difference,TRUE,299,NA,"3,37419999999999964","4,35895629000000007","3,756784","2,27000000000000e+01",NA,FALSE
GLLVSRLAPSVPVL,299,"1,88503866963036e-01",weaker,"-2,58654957510237e-01",no significant difference,FALSE,299,"0,908004126454564","5,59180000000000010","6,92547136000000041","5,935332","3,31000000000000e+01",NA,FALSE
GLLVSRLCPSVPVL,299,"-1,89394122905789e-01",weaker,"-2,79087975306112e-01",no significant difference,FALSE,299,"0,766618155801271","6,62279999999999980","8,36282369999999986","6,246093","3,70000000000000e+01",NA,FALSE
GLLVSRLDPSVPVL,299,"-8,68653408441936e-02",weaker,"-3,79190387013044e-02",no significant difference,FALSE,299,"0,767084017573471","4,83709999999999951","5,96162536000000021","5,707354","2,98000000000000e+01",NA,FALSE
GLLVSRLEPSVPVL,299,"-6,23775761874991e-02",weaker,"-2,12935677592408e-02",no significant difference,FALSE,299,"0,767084017573471","4,79629999999999956","5,73304416000000039","5,691242","3,11000000000000e+01",NA,FALSE
GLLVSRLFPSVPVL,299,"-2,70874319815397e-01",weaker,"-2,81517276187934e-01",no significant difference,FALSE,299,"0,767084017573471","6,85829999999999984","8,34896705999999966","6,573311","3,73000000000000e+01",NA,FALSE
GLLVSRLGPSVPVL,299,"-1,27819119679911e-01",weaker,"-1,29794204538934e-01",no significant difference,FALSE,299,"0,768714494964521","5,40850000000000009","7,21852469000000063","6,483324","3,29000000000000e+01",NA,FALSE
GLLVSRLHPSVPVL,299,"-1,12896690976175e-01",weaker,"-1,97886475826527e-01",no significant difference,FALSE,299,"0,766851092231893","5,70599999999999952","6,87700937000000057","6,178154","3,34000000000000e+01",NA,FALSE
GLLVSRLIPSVPVL,299,"-2,14473804506236e-01",weaker,"-3,20250059392197e-01",no significant difference,FALSE,299,"0,767084017573471","6,69649999999999945","7,84589728999999991","6,221842","3,77000000000000e+01",NA,FALSE
GLLVSRLKPSVPVL,299,"-2,13603297814637e-01",weaker,"-6,02583037045456e-02",no significant difference,FALSE,299,"0,766618155801271","4,40499999999999936","5,40533726000000048","5,838452","2,98000000000000e+01",NA,FALSE
GLLVSRLLPSVPVL,299,"-1,65220061029942e-01",weaker,"-2,53618582778660e-01",no significant difference,FALSE,299,"0,819259393888451","6,49939999999999962","7,72853877000000011","6,264546","3,86000000000000e+01",NA,FALSE
GLLVSRLMPSVPVL,299,"-2,06391132795032e-01",weaker,"-3,22341622382183e-01",no significant difference,FALSE,299,"0,767782793598207","6,59799999999999986","7,40662190000000020","6,196425","3,71000000000000e+01",NA,FALSE
GLLVSRLNPSVPVL,299,"-9,42892797691521e-02",weaker,"-9,49918944402842e-02",no significant difference,FALSE,299,"0,766851092231893","5,31630000000000003","6,30476046000000068","6,109307","3,24000000000000e+01",NA,FALSE
GLLVSRLPPSVPVL,299,"-1,62592534726511e-02",weaker,"-3,75844989804083e-01",no significant difference,FALSE,299,"0,777798605464170","5,40569999999999951","6,48394426000000035","5,979151","3,07000000000000e+01",NA,FALSE
GLLVSRLQPSVPVL,299,"-1,72984640487290e-01",weaker,"-1,98267360714422e-01",no significant difference,FALSE,299,"0,766618155801271","5,17419999999999991","6,36667756000000029","6,065971","3,01000000000000e+01",NA,FALSE
GLLVSRLRPSVPVL,299,"-1,91705030542934e-01",weaker,"-2,87699271806465e-01",no significant difference,FALSE,299,"0,767782793598207","5,49800000000000022","6,57243706000000039","6,359121","3,43000000000000e+01",NA,FALSE
GLLVSRLSPSVPVL,299,"-1,61133353065164e-01",weaker,"-2,10735897206180e-01",no significant difference,FALSE,299,"0,768015718939785","5,72319999999999940","6,45226376000000013","6,053288","3,24000000000000e+01",NA,FALSE
GLLVSRLTPSVPVL,299,"-1,58535307007338e-01",weaker,"-1,39703383960393e-01",no significant difference,FALSE,299,"0,768248644281364","5,68869999999999987","6,71939874999999986","6,024157","3,10000000000000e+01",NA,FALSE
GLLVSRLVPSVPVL,299,"-1,83173261731908e-01",weaker,"-2,83856198281535e-01",no significant difference,FALSE,299,"0,772441311518821","6,34549999999999947","7,56223819000000042","5,899667","3,76000000000000e+01",NA,FALSE
GLLVSRLWPSVPVL,299,"-1,92286750726745e-01",weaker,"-2,62706983383441e-01",no significant difference,FALSE,299,"0,767084017573471","6,37809999999999988","8,67625742999999972","6,681546","3,39000000000000e+01",NA,FALSE
GLLVSRLYPSVPVL,299,"-1,02874625661911e-01",weaker,"-2,02063768202554e-01",no significant difference,FALSE,299,"0,766618155801271","6,46619999999999973","8,36323465000000077","6,630211","3,61000000000000e+01",NA,FALSE
GLLWSRL*PSVPVL,299,"-2,24729571981305e-02",weaker,"-2,41056646911746e-01",no significant difference,TRUE,299,NA,"3,40679999999999961","5,47297553000000025","4,538663","1,90000000000000e+01",NA,FALSE
GLLWSRLAPSVPVL,299,"5,12796643522505e-01",no significant difference,"1,24524887093293e-01",no significant difference,FALSE,299,"1,000000000000000","5,62439999999999962","8,03949060000000060","6,717211","2,94000000000000e+01",NA,TRUE
GLLWSRLCPSVPVL,299,"-1,59092621176429e-01",weaker,"-3,88966832739045e-01",no significant difference,FALSE,299,"0,858614029346708","6,65539999999999932","9,47684294000000094","7,027972","3,33000000000000e+01",NA,FALSE
GLLWSRLDPSVPVL,299,"-2,80034524442949e-01",weaker,"-2,00144586776719e-01",no significant difference,FALSE,299,"0,859079891118908","4,86969999999999992","7,07564460000000039","6,489233","2,61000000000000e+01",NA,FALSE
GLLWSRLEPSVPVL,299,"-1,67575975929749e-01",weaker,"-2,71124822385573e-01",no significant difference,FALSE,299,"0,859079891118908","4,82889999999999997","6,84706340000000058","6,473121","2,74000000000000e+01",NA,FALSE
GLLWSRLFPSVPVL,299,"-2,47123209228628e-01",weaker,"-4,01603825290626e-01",no significant difference,FALSE,299,"0,859079891118908","6,89089999999999936","9,46298630000000074","7,355190","3,36000000000000e+01",NA,FALSE
GLLWSRLGPSVPVL,299,"-2,53674810094733e-01",weaker,"-2,06364878561346e-01",no significant difference,FALSE,299,"0,860710368509957","5,44109999999999960","8,33254392999999993","7,265203","2,92000000000000e+01",NA,FALSE
GLLWSRLHPSVPVL,299,"-1,53976399471370e-01",weaker,"2,69778736803316e-01",no significant difference,FALSE,299,"0,858846965777329","5,73859999999999992","7,99102861000000075","6,960033","2,97000000000000e+01",NA,FALSE
GLLWSRLIPSVPVL,299,"-2,23767777386623e-01",weaker,"-5,11090023962960e-01",no significant difference,FALSE,299,"0,859079891118908","6,72909999999999986","8,95991653000000099","7,003721","3,40000000000000e+01",NA,FALSE
GLLWSRLKPSVPVL,299,"-1,84981711731268e-01",weaker,"-2,60911764783253e-01",no significant difference,FALSE,299,"0,858614029346708","4,43759999999999977","6,51935650000000066","6,620331","2,61000000000000e+01",NA,FALSE
GLLWSRLLPSVPVL,299,"-1,85876014286770e-01",weaker,"-4,95855905087753e-01",no significant difference,FALSE,299,"0,911255267433888","6,53200000000000003","8,84255801000000119","7,046425","3,49000000000000e+01",NA,FALSE
GLLWSRLMPSVPVL,299,"-2,52853460710824e-01",weaker,"-3,45394908732769e-01",no significant difference,FALSE,299,"0,859778667143643","6,63059999999999938","8,52064114000000039","6,978304","3,34000000000000e+01",NA,FALSE
GLLWSRLNPSVPVL,299,"-9,54199461674514e-02",weaker,"-3,03520596695009e-01",no significant difference,FALSE,299,"0,858846965777329","5,34889999999999954","7,41877970000000087","6,891186","2,87000000000000e+01",NA,FALSE
GLLWSRLPPSVPVL,299,"1,72888978137606e-01",weaker,"-3,78075576687605e-01",no significant difference,FALSE,299,"0,869794479009606","5,43829999999999991","7,59796350000000054","6,761030","2,70000000000000e+01",NA,FALSE
GLLWSRLQPSVPVL,299,"-1,33863148140946e-01",weaker,"-3,36278779347541e-01",no significant difference,FALSE,299,"0,858614029346708","5,20679999999999943","7,48069680000000048","6,847850","2,64000000000000e+01",NA,FALSE
GLLWSRLRPSVPVL,299,"-2,35940268575623e-01",weaker,"-4,63586830055680e-01",no significant difference,FALSE,299,"0,859778667143643","5,53059999999999974","7,68645630000000057","7,141000","3,06000000000000e+01",NA,FALSE
GLLWSRLSPSVPVL,299,"2,99928958720591e-02",weaker,"-3,67544047479294e-01",no significant difference,FALSE,299,"0,860011592485222","5,75579999999999981","7,56628300000000031","6,835167","2,87000000000000e+01",NA,FALSE
GLLWSRLTPSVPVL,299,"-1,03981802009257e-01",weaker,"-4,11615653328694e-01",no significant difference,FALSE,299,"0,860244517826800","5,72129999999999939","7,83341799000000005","6,806036","2,73000000000000e+01",NA,FALSE
GLLWSRLVPSVPVL,299,"-1,89696463918733e-01",weaker,"-3,94387075115673e-01",no significant difference,FALSE,299,"0,864437185064257","6,37809999999999988","8,67625742999999972","6,681546","3,39000000000000e+01",NA,FALSE
GLLWSRLWPSVPVL,299,"-1,49248784552990e-01",weaker,"-3,70062975519310e-01",no significant difference,FALSE,299,"0,859079891118908","6,41069999999999940","9,79027667000000079","7,463425","3,02000000000000e+01",NA,FALSE
GLLWSRLYPSVPVL,299,"-1,78600908040477e-01",weaker,"-2,92262883270741e-01",no significant difference,FALSE,299,"0,858614029346708","6,49880000000000013","9,47725389000000007","7,412090","3,24000000000000e+01",NA,FALSE
GLLYSRL*PSVPVL,299,"-1,03199675221029e-01",weaker,"-2,96537468590927e-02",no significant difference,TRUE,299,NA,"3,49489999999999945","5,15995275000000042","4,487328","2,12000000000000e+01",NA,FALSE
GLLYSRLAPSVPVL,299,"5,35993008484023e-01",no significant difference,"-3,86465231921788e-01",no significant difference,FALSE,299,"0,935253541535284","5,71249999999999947","7,72646782000000076","6,665876","3,16000000000000e+01",NA,FALSE
GLLYSRLCPSVPVL,299,"-2,43863456194654e-01",weaker,"-3,33197747997893e-01",no significant difference,FALSE,299,"0,793867570881992","6,74350000000000005","9,16382016000000021","6,976637","3,55000000000000e+01",NA,FALSE
GLLYSRLDPSVPVL,299,"-1,87297102482341e-01",weaker,"-1,53570709925883e-01",no significant difference,FALSE,299,"0,794333432654192","4,95779999999999976","6,76262182000000056","6,437898","2,83000000000000e+01",NA,FALSE
GLLYSRLEPSVPVL,299,"-1,97973485108943e-01",weaker,"-1,67255134177483e-01",no significant difference,FALSE,299,"0,794333432654192","4,91699999999999982","6,53404062000000074","6,421786","2,96000000000000e+01",NA,FALSE
GLLYSRLFPSVPVL,299,"-9,93380543778774e-02",weaker,"-3,79630764640416e-01",no significant difference,FALSE,299,"0,794333432654192","6,97900000000000009","9,14996352000000002","7,303855","3,58000000000000e+01",NA,FALSE
GLLYSRLGPSVPVL,299,"-1,69851963603818e-01",weaker,"-2,29377885269247e-01",no significant difference,FALSE,299,"0,795963910045242","5,52919999999999945","8,01952115000000099","7,213868","3,14000000000000e+01",NA,FALSE
GLLYSRLHPSVPVL,299,"-1,19566716259570e-01",weaker,"-4,62718056683641e-01",no significant difference,FALSE,299,"0,794100507312614","5,82669999999999977","7,67800583000000003","6,908698","3,19000000000000e+01",NA,FALSE
GLLYSRLIPSVPVL,299,"-2,14020053972248e-01",weaker,"-5,56226849262607e-01",no significant difference,FALSE,299,"0,794333432654192","6,81719999999999970","8,64689375000000027","6,952386","3,62000000000000e+01",NA,FALSE
GLLYSRLKPSVPVL,299,"-1,09753259118623e-01",weaker,"-1,81742728955548e-01",no significant difference,FALSE,299,"0,793867570881992","4,52569999999999961","6,20633372000000083","6,568996","2,83000000000000e+01",NA,FALSE
GLLYSRLLPSVPVL,299,"-1,24689838152538e-01",weaker,"-3,40397857203854e-01",no significant difference,FALSE,299,"0,846508808969172","6,62009999999999987","8,52953523000000047","6,995090","3,71000000000000e+01",NA,FALSE
GLLYSRLMPSVPVL,299,"-1,98007699612549e-01",weaker,"-2,78519830156986e-01",no significant difference,FALSE,299,"0,795032208678928","6,71870000000000012","8,20761835999999967","6,926969","3,56000000000000e+01",NA,FALSE
GLLYSRLNPSVPVL,299,"1,17563500056625e-01",weaker,"-9,88586133746149e-02",no significant difference,FALSE,299,"0,794100507312614","5,43700000000000028","7,10575692000000014","6,839851","3,09000000000000e+01",NA,FALSE
GLLYSRLPPSVPVL,299,"3,61235271160768e-01",weaker,"-3,20358521079360e-01",no significant difference,FALSE,299,"0,805048020544891","5,52639999999999976","7,28494072000000070","6,709695","2,92000000000000e+01",NA,FALSE
GLLYSRLQPSVPVL,299,"-5,47454569215269e-02",weaker,"-3,70119904842938e-01",no significant difference,FALSE,299,"0,793867570881992","5,29490000000000016","7,16767402000000065","6,796515","2,86000000000000e+01",NA,FALSE
GLLYSRLRPSVPVL,299,"-8,70179566449236e-02",weaker,"-4,12899120340200e-01",no significant difference,FALSE,299,"0,795032208678928","5,61869999999999958","7,37343352000000074","7,089665","3,28000000000000e+01",NA,FALSE
GLLYSRLSPSVPVL,299,"2,29031030898287e-02",weaker,"-2,68247485665856e-01",no significant difference,FALSE,299,"0,795265134020506","5,84389999999999965","7,25326022000000048","6,783832","3,09000000000000e+01",NA,FALSE
GLLYSRLTPSVPVL,299,"-9,77990399958255e-02",weaker,"-2,37812878728165e-01",no significant difference,FALSE,299,"0,795498059362085","5,80940000000000012","7,52039521000000022","6,754701","2,95000000000000e+01",NA,FALSE
GLLYSRLVPSVPVL,299,"-2,33866290560970e-01",weaker,"-4,13789403255736e-01",no significant difference,FALSE,299,"0,799690726599542","6,46619999999999973","8,36323465000000077","6,630211","3,61000000000000e+01",NA,FALSE
GLLYSRLWPSVPVL,299,"-9,30597953500525e-02",weaker,"-4,68425337626733e-01",no significant difference,FALSE,299,"0,794333432654192","6,49880000000000013","9,47725389000000007","7,412090","3,24000000000000e+01",NA,FALSE
GLLYSRLYPSVPVL,299,"-1,81361812905614e-01",weaker,"-3,51783311475946e-01",no significant difference,FALSE,299,"0,793867570881992","6,58689999999999998","9,16423111000000112","7,360755","3,46000000000000e+01",NA,FALSE
GRRLHESPWL,385,"8,28732389234866e-01",no significant difference,"6,79419117135836e-01",stronger,FALSE,385,"0,982751815962336","1,55659999999999976","3,42567573000000047","5,410819","1,12000000000000e+01","0,34800",FALSE
HGRFWFSDWL,363,"8,63482354708519e-01",no significant difference,"4,36742280524375e-01",no significant difference,FALSE,363,"0,959454914397863","4,28899999999999970","8,24352838999999982","6,652281","1,48000000000000e+01","-0,04968",FALSE
HKVRVFLGWF,366,"5,44879220956655e-01",no significant difference,"-1,47582391127954e-01",no significant difference,FALSE,366,"0,972692087701267","4,44660000000000011","7,68319548000000019","5,847879","2,37000000000000e+01","-0,04354",FALSE
HRRLHESPWL,385,"8,63578444892721e-01",no significant difference,"6,11394859215814e-01",no significant difference,FALSE,385,"0,975852545960096","1,85409999999999986","3,08416041000000041","5,105649","1,17000000000000e+01","0,29940",FALSE
IGRFWFSDWL,363,"7,97657476159855e-01",no significant difference,"2,99061018741525e-01",weaker,FALSE,363,"0,954386786178125","5,27949999999999964","9,21241631000000005","6,695969","1,91000000000000e+01","0,05806",FALSE
IKVRVFLGWF,366,"4,34925843964251e-01",no significant difference,"-3,69513584794605e-01",no significant difference,FALSE,366,"0,983615249193698","5,43710000000000004","8,65208340000000042","5,891567","2,80000000000000e+01","-0,00158",FALSE
IRRLHESPWL,385,"8,51010361315510e-01",no significant difference,"5,58848655094939e-01",no significant difference,FALSE,385,"0,986201450963455","2,84459999999999980","4,05304833000000020","5,149337","1,60000000000000e+01","0,43588",FALSE
KGRFWFSDWL,363,"8,38604386565185e-01",no significant difference,"3,69206674859369e-01",no significant difference,FALSE,363,"0,954386786178125","2,98799999999999955","6,77185628000000062","6,312579","1,12000000000000e+01","-0,05724",FALSE
KKVRVFLGWF,366,"5,83046351651170e-01",no significant difference,"-1,65631938478901e-01",no significant difference,FALSE,366,"0,978153668447482","3,14559999999999951","6,21152337000000010","5,508177","2,01000000000000e+01","-0,21220",FALSE
KRRLHESPWL,385,"8,75926364572030e-01",no significant difference,"6,17673215398064e-01",no significant difference,FALSE,385,"0,982751815962336","0,55309999999999981","1,61248830000000054","4,765947","8,10000000000000e+00","0,06740",FALSE
LGRFWFSDWL,363,"8,05125898571422e-01",no significant difference,"5,19789088306080e-01",stronger,FALSE,363,"0,964523052591640","5,08239999999999981","9,09505779000000025","6,738673","2,00000000000000e+01","0,05712",FALSE
LKVRVFLGWF,366,"4,49479207113778e-01",no significant difference,"-4,08131449038229e-01",no significant difference,FALSE,366,"0,972692087701267","5,23999999999999932","8,53472488000000062","5,934271","2,89000000000000e+01","-0,00066",FALSE
LRRLHESPWL,385,"8,77144888897188e-01",no significant difference,"5,22073033374824e-01",no significant difference,FALSE,385,"0,986201450963455","2,64749999999999952","3,93568981000000040","5,192041","1,69000000000000e+01","0,41400",FALSE
MGRFWFSDWL,363,"8,15728454508583e-01",no significant difference,"3,37460204440319e-01",weaker,FALSE,363,"0,959454914397863","5,18100000000000005","8,77314092000000123","6,670552","1,85000000000000e+01","0,02212",FALSE
MKVRVFLGWF,366,"4,92232470135350e-01",no significant difference,"-2,49270522027208e-01",no significant difference,FALSE,366,"0,972692087701267","5,33859999999999957","8,21280800999999983","5,866150","2,74000000000000e+01","-0,07692",FALSE
MRRLHESPWL,385,"8,67675451621075e-01",no significant difference,"5,94586135373079e-01",stronger,FALSE,385,"0,979302180961216","2,74609999999999976","3,61377294000000049","5,123920","1,54000000000000e+01","0,26210",FALSE
NGRFWFSDWL,363,"8,69825619114619e-01",no significant difference,"3,74207459798204e-01",no significant difference,FALSE,363,"0,954386786178125","3,89929999999999977","7,67127948000000082","6,583434","1,38000000000000e+01","0,01906",FALSE
NKVRVFLGWF,366,"5,23091391028138e-01",no significant difference,"-2,38063321683922e-01",no significant difference,FALSE,366,"0,972692087701267","4,05689999999999973","7,11094657000000030","5,779032","2,27000000000000e+01","-0,03358",FALSE
NRRLHESPWL,385,"8,86918779621859e-01",no significant difference,"5,81023688266703e-01",stronger,FALSE,385,"0,979302180961216","1,46439999999999992","2,51191150000000052","5,036802","1,07000000000000e+01","0,29028",FALSE
PGRFWFSDWL,363,"8,51694228270902e-01",no significant difference,"4,19499852179546e-01",no significant difference,FALSE,363,"0,964523052591640","3,98869999999999969","7,85046328000000049","6,453278","1,21000000000000e+01","-0,00350",FALSE
PKVRVFLGWF,366,"5,69044712157579e-01",no significant difference,"-1,42963770767218e-01",no significant difference,FALSE,366,"0,972692087701267","4,14630000000000010","7,29013036999999997","5,648876","2,10000000000000e+01","0,21862",FALSE
PRRLHESPWL,385,"8,24904018203097e-01",no significant difference,"6,09566303888280e-01",stronger,FALSE,385,"0,989651085964575","1,55379999999999985","2,69109530000000063","4,906646","9,00000000000000e+00","0,49958",FALSE
QGRFWFSDWL,363,"8,48380968026824e-01",no significant difference,"4,17426039604444e-01",no significant difference,FALSE,363,"0,964523052591640","3,75719999999999965","7,73319658000000043","6,540098","1,15000000000000e+01","0,00392",FALSE
QKVRVFLGWF,366,"5,70407522691070e-01",no significant difference,"-3,89139054335488e-02",no significant difference,FALSE,366,"0,972692087701267","3,91479999999999961","7,17286367000000080","5,735696","2,04000000000000e+01","-0,05158",FALSE
QRRLHESPWL,385,"8,77283365917125e-01",no significant difference,"6,76256828748686e-01",stronger,FALSE,385,"0,975852545960096","1,32229999999999981","2,57382860000000058","4,993466","8,40000000000000e+00","0,18102",FALSE
R*RLHESPWL,385,"3,84807962974599e-01",weaker,"8,96849734302488e-01",stronger,TRUE,385,NA,"-0,08760000000000000","-0,08929490000000000","0,668799","1,40000000000000e+00",NA,FALSE
RARLHESPWL,385,"8,99335189956457e-01",no significant difference,"3,78457822155161e-01",weaker,FALSE,385,"0,979306886667561","1,73989999999999978","3,13262240000000025","4,862827","1,14000000000000e+01","0,66272",FALSE
RCRLHESPWL,385,"8,65485011492481e-01",no significant difference,"4,02055563243031e-01",weaker,FALSE,385,"0,979306886667561","2,77089999999999970","4,56997474000000015","5,173588","1,53000000000000e+01","0,50364",FALSE
RDRLHESPWL,385,"9,08272375994564e-01",no significant difference,"6,45957273817405e-01",stronger,FALSE,385,"0,982755735878945","0,98519999999999985","2,16877640000000049","4,634849","8,10000000000000e+00","0,52022",FALSE
RERLHESPWL,385,"8,86395308475956e-01",no significant difference,"6,96917923620904e-01",stronger,FALSE,385,"0,979306886667561","0,94439999999999991","1,94019520000000045","4,618737","9,40000000000000e+00","0,43148",FALSE
RFRLHESPWL,385,"8,36953061630161e-01",no significant difference,"4,07817637003428e-01",no significant difference,FALSE,385,"0,982755735878945","3,00639999999999974","4,55611810000000084","5,500806","1,56000000000000e+01","0,26780",FALSE
RGRFWFSDWL,363,"8,34386975283058e-01",no significant difference,"3,57196908648040e-01",weaker,FALSE,363,"0,964523052591640","4,08099999999999952","7,93895608000000053","6,833248","1,57000000000000e+01","-0,04096",FALSE
RGRLHESPWL,385,"8,52491142795640e-01",no significant difference,"6,22849255661872e-01",stronger,FALSE,385,"0,982755735878945","1,55659999999999976","3,42567573000000047","5,410819","1,12000000000000e+01","0,65834",FALSE
RHRLHESPWL,385,"8,81142243615671e-01",no significant difference,"6,13995070781943e-01",no significant difference,FALSE,385,"0,982755735878945","1,85409999999999986","3,08416041000000041","5,105649","1,17000000000000e+01","0,42844",FALSE
RIRLHESPWL,385,"8,68440226861874e-01",no significant difference,"5,31484871687452e-01",no significant difference,FALSE,385,"0,986204585090330","2,84459999999999980","4,05304833000000020","5,149337","1,60000000000000e+01","0,07530",FALSE
RKRLHESPWL,385,"8,75076224702286e-01",no significant difference,"5,46762312626645e-01",no significant difference,FALSE,385,"0,993102292545165","0,55309999999999981","1,61248830000000054","4,765947","8,10000000000000e+00","0,21984",FALSE
RKVRVFLGWF,366,"6,03863710488385e-01",no significant difference,"-9,10739843111388e-02",no significant difference,FALSE,366,"0,978153668447482","4,23859999999999992","7,37862317000000001","6,028846","2,46000000000000e+01","-0,34618",FALSE
RLRLHESPWL,385,"8,69128985131693e-01",no significant difference,"5,42943709852181e-01",stronger,FALSE,385,"0,986204585090330","2,64749999999999952","3,93568981000000040","5,192041","1,69000000000000e+01","-0,28652",FALSE
RMRLHESPWL,385,"8,50684121088043e-01",no significant difference,"5,85734401005034e-01",no significant difference,FALSE,385,"0,986204585090330","2,74609999999999976","3,61377294000000049","5,123920","1,54000000000000e+01","-0,32988",FALSE
RNRLHESPWL,385,"8,40004671316550e-01",no significant difference,"5,81389583693191e-01",no significant difference,FALSE,385,"0,986204585090330","1,46439999999999992","2,51191150000000052","5,036802","1,07000000000000e+01","0,47174",FALSE
RPRLHESPWL,385,"8,69520873144323e-01",no significant difference,"6,06912701868282e-01",stronger,FALSE,385,"0,989653443333780","1,55379999999999985","2,69109530000000063","4,906646","9,00000000000000e+00","0,58170",FALSE
RQRLHESPWL,385,"8,98147366271940e-01",no significant difference,"6,40923000815073e-01",stronger,FALSE,385,"0,979306886667561","1,32229999999999981","2,57382860000000058","4,993466","8,40000000000000e+00","0,09892",FALSE
RR**HESPWL,385,"4,00577421992381e-01",weaker,"6,92196952765954e-01",stronger,TRUE,385,NA,"-0,17519999999999999","-0,17858979999999999","1,337598","2,80000000000000e+00",NA,FALSE
RR*AHESPWL,385,"4,32524866360062e-01",weaker,"7,15585583547659e-01",stronger,TRUE,385,NA,"-0,17519999999999999","-0,17858979999999999","1,337598","2,80000000000000e+00",NA,FALSE
RR*CHESPWL,385,"4,70438514002149e-01",weaker,"6,57571706168164e-01",stronger,TRUE,385,NA,"-0,17519999999999999","-0,17858979999999999","1,337598","2,80000000000000e+00",NA,FALSE
RR*DHESPWL,385,"4,74856616360457e-01",weaker,"6,13606230363775e-01",stronger,TRUE,385,NA,"-0,17519999999999999","-0,17858979999999999","1,337598","2,80000000000000e+00",NA,FALSE
RR*EHESPWL,385,"4,81727034179668e-01",weaker,"6,74550335726954e-01",stronger,TRUE,385,NA,"-0,17519999999999999","-0,17858979999999999","1,337598","2,80000000000000e+00",NA,FALSE
RR*FHESPWL,385,"4,60353070549843e-01",weaker,"5,44464020141329e-01",stronger,TRUE,385,NA,"-0,17519999999999999","-0,17858979999999999","1,337598","2,80000000000000e+00",NA,FALSE
RR*GHESPWL,385,"4,76427648568503e-01",weaker,"7,20644600708173e-01",stronger,TRUE,385,NA,"-0,17519999999999999","-0,17858979999999999","1,337598","2,80000000000000e+00",NA,FALSE
RR*HHESPWL,385,"4,38233880059702e-01",weaker,"4,79818408650186e-01",stronger,TRUE,385,NA,"-0,17519999999999999","-0,17858979999999999","1,337598","2,80000000000000e+00",NA,FALSE
RR*IHESPWL,385,"4,64423730477007e-01",no significant difference,"6,44749745062157e-01",stronger,TRUE,385,NA,"-0,17519999999999999","-0,17858979999999999","1,337598","2,80000000000000e+00",NA,FALSE
RR*KHESPWL,385,"5,70629990757738e-01",no significant difference,"6,92755266978998e-01",stronger,TRUE,385,NA,"-0,17519999999999999","-0,17858979999999999","1,337598","2,80000000000000e+00",NA,FALSE
RR*LHESPWL,385,"5,02020009098137e-01",weaker,"5,84985551898047e-01",stronger,TRUE,385,NA,"-0,17519999999999999","-0,17858979999999999","1,337598","2,80000000000000e+00",NA,FALSE
RR*MHESPWL,385,"4,12556860491654e-01",weaker,"6,41091201514536e-01",stronger,TRUE,385,NA,"-0,17519999999999999","-0,17858979999999999","1,337598","2,80000000000000e+00",NA,FALSE
RR*NHESPWL,385,"4,53213036554926e-01",no significant difference,"7,26616095571666e-01",stronger,TRUE,385,NA,"-0,17519999999999999","-0,17858979999999999","1,337598","2,80000000000000e+00",NA,FALSE
RR*PHESPWL,385,"4,25871681198400e-01",weaker,"6,57663825556546e-01",stronger,TRUE,385,NA,"-0,17519999999999999","-0,17858979999999999","1,337598","2,80000000000000e+00",NA,FALSE
RR*QHESPWL,385,"4,39273293146455e-01",no significant difference,"6,46830675150879e-01",stronger,TRUE,385,NA,"-0,17519999999999999","-0,17858979999999999","1,337598","2,80000000000000e+00",NA,FALSE
RR*RHESPWL,385,"4,67226929658405e-01",weaker,"6,69057151391877e-01",stronger,TRUE,385,NA,"-0,17519999999999999","-0,17858979999999999","1,337598","2,80000000000000e+00",NA,FALSE
RR*SHESPWL,385,"4,71139545963735e-01",weaker,"6,23105775710633e-01",stronger,TRUE,385,NA,"-0,17519999999999999","-0,17858979999999999","1,337598","2,80000000000000e+00",NA,FALSE
RR*THESPWL,385,"4,61108537386523e-01",weaker,"6,33514836916191e-01",stronger,TRUE,385,NA,"-0,17519999999999999","-0,17858979999999999","1,337598","2,80000000000000e+00",NA,FALSE
RR*VHESPWL,385,"4,53761018567161e-01",weaker,"6,77197626431192e-01",stronger,TRUE,385,NA,"-0,17519999999999999","-0,17858979999999999","1,337598","2,80000000000000e+00",NA,FALSE
RR*WHESPWL,385,"4,86982132866829e-01",weaker,"6,38458263211767e-01",stronger,TRUE,385,NA,"-0,17519999999999999","-0,17858979999999999","1,337598","2,80000000000000e+00",NA,FALSE
RR*YHESPWL,385,"4,41991348966490e-01",weaker,"5,86695808460381e-01",stronger,TRUE,385,NA,"-0,17519999999999999","-0,17858979999999999","1,337598","2,80000000000000e+00",NA,FALSE
RRA*HESPWL,385,"4,66997456183983e-01",weaker,"7,26860434756762e-01",stronger,TRUE,385,NA,"-0,16899999999999998","0,08514960000000002","1,582608","3,00000000000000e+00",NA,FALSE
RRAAHESPWL,385,"9,18035915096030e-01",no significant difference,"4,00966975256652e-01",stronger,FALSE,385,"0,927538011201044","0,83229999999999993","2,32955499000000055","4,533613","5,90000000000000e+00",NA,FALSE
RRACHESPWL,385,"9,48282456488958e-01",no significant difference,"3,92580156724451e-01",stronger,FALSE,385,"0,934439665668687","1,86329999999999973","3,76690733000000044","4,844374","9,80000000000000e+00",NA,FALSE
RRADHESPWL,385,"8,97196411300665e-01",no significant difference,"4,30445382807398e-01",stronger,FALSE,385,"0,930988838434866","0,07759999999999986","1,36570899000000034","4,305635","2,60000000000000e+00",NA,FALSE
RRAEHESPWL,385,"9,19102257326766e-01",no significant difference,"4,86570251242112e-01",stronger,FALSE,385,"0,927538011201044","0,03679999999999992","1,13712779000000030","4,289523","3,90000000000000e+00",NA,FALSE
RRAFHESPWL,385,"9,39406065244342e-01",no significant difference,"2,25197741890815e-01",stronger,FALSE,385,"0,944792147370150","2,09879999999999978","3,75305069000000024","5,171592","1,01000000000000e+01",NA,FALSE
RRAGHESPWL,385,"9,27524789921940e-01",no significant difference,"4,36752026442964e-01",stronger,FALSE,385,"0,930988838434866","0,64899999999999991","2,62260832000000033","5,081605","5,70000000000000e+00",NA,FALSE
RRAHHESPWL,385,"8,91139086290282e-01",no significant difference,"3,01873811075398e-01",stronger,FALSE,385,"0,930988838434866","0,94649999999999990","2,28109300000000026","4,776435","6,20000000000000e+00",NA,FALSE
RRAIHESPWL,385,"8,89920981660471e-01",no significant difference,"3,15940442015994e-01",stronger,FALSE,385,"0,930988838434866","1,93699999999999983","3,24998092000000005","4,820123","1,05000000000000e+01",NA,FALSE
RRAKHESPWL,385,"9,06769411037420e-01",no significant difference,"3,35004762988456e-01",stronger,FALSE,385,"0,927538011201044","-0,35450000000000015","0,80942089000000039","4,436733","2,60000000000000e+00",NA,FALSE
RRALHESPWL,385,"9,61302578371702e-01",stronger,"2,75888593735063e-01",stronger,FALSE,385,"0,972398765240719","1,73989999999999978","3,13262240000000025","4,862827","1,14000000000000e+01",NA,FALSE
RRAMHESPWL,385,"9,62847559072925e-01",no significant difference,"3,15618793201102e-01",stronger,FALSE,385,"0,934439665668687","1,83849999999999980","2,81070553000000034","4,794706","9,90000000000000e+00",NA,FALSE
RRANHESPWL,385,"9,44036660707901e-01",no significant difference,"4,07269324178939e-01",stronger,FALSE,385,"0,927538011201044","0,55679999999999996","1,70884409000000037","4,707588","5,20000000000000e+00",NA,FALSE
RRAPHESPWL,385,"9,34936756606963e-01",no significant difference,"3,38584966093910e-01",stronger,FALSE,385,"0,934439665668687","0,64619999999999989","1,88802789000000026","4,577432","3,50000000000000e+00",NA,FALSE
RRAQHESPWL,385,"9,43320617574641e-01",no significant difference,"4,79265207818217e-01",stronger,FALSE,385,"0,927538011201044","0,41469999999999996","1,77076119000000043","4,664252","2,90000000000000e+00",NA,FALSE
RRARHESPWL,385,"8,72439932896426e-01",no significant difference,"2,81132838900104e-01",stronger,FALSE,385,"0,941341320136329","0,73849999999999993","1,97652069000000030","4,957402","7,10000000000000e+00",NA,FALSE
RRASHESPWL,385,"9,00988169287629e-01",no significant difference,"3,77875427652369e-01",stronger,FALSE,385,"0,941341320136329","0,96369999999999989","1,85634739000000026","4,651569","5,20000000000000e+00",NA,FALSE
RRATHESPWL,385,"9,22450617392837e-01",no significant difference,"3,84251175848671e-01",stronger,FALSE,385,"0,930988838434866","0,92919999999999991","2,12348238000000045","4,622438","3,80000000000000e+00",NA,FALSE
RRAVHESPWL,385,"9,41438060402626e-01",no significant difference,"3,44535407486960e-01",stronger,FALSE,385,"0,930988838434866","1,58599999999999985","2,96632182000000011","4,497948","1,04000000000000e+01",NA,FALSE
RRAWHESPWL,385,"9,34193874320105e-01",no significant difference,"2,04198557141647e-01",stronger,FALSE,385,"0,934439665668687","1,61859999999999982","4,08034106000000030","5,279827","6,70000000000000e+00",NA,FALSE
RRAYHESPWL,385,"9,43893898055196e-01",no significant difference,"2,84269994317556e-01",stronger,FALSE,385,"0,927538011201044","1,70669999999999988","3,76731828000000046","5,228492","8,90000000000000e+00",NA,FALSE
RRC*HESPWL,385,"4,72979163840674e-01",weaker,"5,70201110082226e-01",stronger,TRUE,385,NA,"0,86199999999999988","1,52250194000000016","1,893369","6,90000000000000e+00",NA,FALSE
RRCAHESPWL,385,"9,25392568938819e-01",no significant difference,"3,78991348186064e-01",stronger,FALSE,385,"0,924087852340101","1,86329999999999973","3,76690733000000044","4,844374","9,80000000000000e+00",NA,FALSE
RRCCHESPWL,385,"9,39383651340548e-01",no significant difference,"2,93533293081776e-01",no significant difference,FALSE,385,"0,930989506807744","2,89429999999999987","5,20425967000000078","5,155135","1,37000000000000e+01",NA,FALSE
RRCDHESPWL,385,"9,35998374811537e-01",no significant difference,"5,12116671524017e-01",stronger,FALSE,385,"0,927538679573922","1,10859999999999981","2,80306133000000024","4,616396","6,50000000000000e+00",NA,FALSE
RRCEHESPWL,385,"9,11621193623975e-01",no significant difference,"4,02972842509351e-01",stronger,FALSE,385,"0,924087852340101","1,06779999999999986","2,57448013000000042","4,600284","7,80000000000000e+00",NA,FALSE
RRCFHESPWL,385,"8,97989409179374e-01",no significant difference,"1,02288743648696e-01",no significant difference,FALSE,385,"0,941341988509207","3,12979999999999992","5,19040303000000058","5,482353","1,40000000000000e+01",NA,FALSE
RRCGHESPWL,385,"9,10790282885919e-01",no significant difference,"3,55145393408137e-01",stronger,FALSE,385,"0,927538679573922","1,67999999999999972","4,05996066000000067","5,392366","9,60000000000000e+00",NA,FALSE
RRCHHESPWL,385,"8,89220729425338e-01",no significant difference,"2,87793372813116e-01",stronger,FALSE,385,"0,927538679573922","1,97749999999999981","3,71844534000000060","5,087196","1,01000000000000e+01",NA,FALSE
RRCIHESPWL,385,"9,01214286526657e-01",no significant difference,"3,10980540864796e-01",stronger,FALSE,385,"0,927538679573922","2,96799999999999997","4,68733325999999995","5,130884","1,44000000000000e+01",NA,FALSE
RRCKHESPWL,385,"9,24279810776660e-01",no significant difference,"3,24851503552653e-01",stronger,FALSE,385,"0,924087852340101","0,67649999999999977","2,24677323000000051","4,747494","6,50000000000000e+00",NA,FALSE
RRCLHESPWL,385,"9,44630726540188e-01",stronger,"2,41962297525473e-01",no significant difference,FALSE,385,"0,968948606379776","2,77089999999999970","4,56997474000000015","5,173588","1,53000000000000e+01",NA,FALSE
RRCMHESPWL,385,"9,43571174750712e-01",no significant difference,"1,73416384268481e-01",no significant difference,FALSE,385,"0,930989506807744","2,86949999999999994","4,24805787000000024","5,105467","1,38000000000000e+01",NA,FALSE
RRCNHESPWL,385,"8,82093971580460e-01",no significant difference,"3,09221608738272e-01",no significant difference,FALSE,385,"0,924087852340101","1,58779999999999988","3,14619643000000027","5,018349","9,10000000000000e+00",NA,FALSE
RRCPHESPWL,385,"8,83145749232789e-01",no significant difference,"3,15556381719150e-01",stronger,FALSE,385,"0,930989506807744","1,67719999999999980","3,32538023000000038","4,888193","7,40000000000000e+00",NA,FALSE
RRCQHESPWL,385,"9,06766362256777e-01",no significant difference,"3,47729563085292e-01",no significant difference,FALSE,385,"0,924087852340101","1,44569999999999976","3,20811353000000032","4,975013","6,80000000000000e+00",NA,FALSE
RRCRHESPWL,385,"8,65551070100343e-01",no significant difference,"1,89491395535919e-01",stronger,FALSE,385,"0,937891161275386","1,76949999999999985","3,41387303000000042","5,268163","1,10000000000000e+01",NA,FALSE
RRCSHESPWL,385,"9,06786266603435e-01",no significant difference,"2,85512005421300e-01",stronger,FALSE,385,"0,937891161275386","1,99469999999999992","3,29369973000000060","4,962330","9,10000000000000e+00",NA,FALSE
RRCTHESPWL,385,"9,07336385312964e-01",no significant difference,"3,25850598976119e-01",stronger,FALSE,385,"0,927538679573922","1,96019999999999972","3,56083472000000034","4,933199","7,70000000000000e+00",NA,FALSE
RRCVHESPWL,385,"9,18671914643036e-01",no significant difference,"3,37798312509095e-01",stronger,FALSE,385,"0,927538679573922","2,61699999999999999","4,40367416000000045","4,808709","1,43000000000000e+01",NA,FALSE
RRCWHESPWL,385,"8,89236381826707e-01",no significant difference,"1,96142156615193e-01",no significant difference,FALSE,385,"0,930989506807744","2,64959999999999996","5,51769340000000064","5,590588","1,06000000000000e+01",NA,FALSE
RRCYHESPWL,385,"8,87355647949254e-01",no significant difference,"2,53429662567142e-01",stronger,FALSE,385,"0,924087852340101","2,73769999999999980","5,20467062000000080","5,539253","1,28000000000000e+01",NA,FALSE
RRD*HESPWL,385,"4,59069502461114e-01",weaker,"7,23371280945212e-01",stronger,TRUE,385,NA,"-0,92370000000000008","-0,87869640000000004","1,354630","-3,00000000000000e-01",NA,FALSE
RRDAHESPWL,385,"9,32226251593740e-01",no significant difference,"5,38830130080070e-01",stronger,FALSE,385,"0,930988161029921","0,07759999999999986","1,36570899000000034","4,305635","2,60000000000000e+00",NA,FALSE
RRDCHESPWL,385,"9,36229695026833e-01",no significant difference,"4,36088871379669e-01",stronger,FALSE,385,"0,937889815497564","1,10859999999999981","2,80306133000000024","4,616396","6,50000000000000e+00",NA,FALSE
RRDDHESPWL,385,"9,25479292275910e-01",no significant difference,"4,50908099806809e-01",stronger,FALSE,385,"0,934438988263742","-0,67710000000000015","0,40186299000000025","4,077657","-7,00000000000000e-01",NA,FALSE
RRDEHESPWL,385,"8,78995557986131e-01",no significant difference,"5,50696952878606e-01",stronger,FALSE,385,"0,930988161029921","-0,71790000000000009","0,17328179000000035","4,061545","6,00000000000000e-01",NA,FALSE
RRDFHESPWL,385,"9,06683935554759e-01",no significant difference,"2,28094174432661e-01",no significant difference,FALSE,385,"0,948242297199027","1,34409999999999985","2,78920469000000049","4,943614","6,80000000000000e+00",NA,FALSE
RRDGHESPWL,385,"9,01633610427559e-01",no significant difference,"4,88559395278342e-01",stronger,FALSE,385,"0,934438988263742","-0,10570000000000014","1,65876232000000035","4,853627","2,40000000000000e+00",NA,FALSE
RRDHHESPWL,385,"8,97513822276869e-01",no significant difference,"4,08738765388547e-01",stronger,FALSE,385,"0,934438988263742","0,19179999999999986","1,31724700000000028","4,548457","2,90000000000000e+00",NA,FALSE
RRDIHESPWL,385,"9,37190693891688e-01",no significant difference,"3,23436468886979e-01",stronger,FALSE,385,"0,934438988263742","1,18229999999999991","2,28613492000000029","4,592145","7,20000000000000e+00",NA,FALSE
RRDKHESPWL,385,"8,97075380161805e-01",no significant difference,"5,03693451724004e-01",stronger,FALSE,385,"0,930988161029921","-1,10920000000000019","-0,15442510999999967","4,208755","-7,00000000000000e-01",NA,FALSE
RRDLHESPWL,385,"9,61705396258273e-01",stronger,"3,70492612468816e-01",stronger,FALSE,385,"0,975848915069596","0,98519999999999985","2,16877640000000049","4,634849","8,10000000000000e+00",NA,FALSE
RRDMHESPWL,385,"9,38621304510708e-01",no significant difference,"3,42145578804798e-01",stronger,FALSE,385,"0,937889815497564","1,08379999999999987","1,84685953000000036","4,566728","6,60000000000000e+00",NA,FALSE
RRDNHESPWL,385,"9,33648171070583e-01",no significant difference,"3,58383407450737e-01",no significant difference,FALSE,385,"0,930988161029921","-0,19790000000000013","0,74499809000000028","4,479610","1,90000000000000e+00",NA,FALSE
RRDPHESPWL,385,"9,35226265984700e-01",no significant difference,"3,85581575183646e-01",stronger,FALSE,385,"0,937889815497564","-0,10850000000000014","0,92418189000000028","4,349454","2,00000000000000e-01",NA,FALSE
RRDQHESPWL,385,"9,53024022661060e-01",no significant difference,"5,07203993261156e-01",stronger,FALSE,385,"0,930988161029921","-0,34000000000000014","0,80691519000000034","4,436274","-4,00000000000000e-01",NA,FALSE
RRDRHESPWL,385,"8,97533866076184e-01",no significant difference,"3,81410764271171e-01",stronger,FALSE,385,"0,944791469965206","-0,01620000000000012","1,01267469000000032","4,729424","3,80000000000000e+00",NA,FALSE
RRDSHESPWL,385,"8,93865440767454e-01",no significant difference,"4,88977261306958e-01",stronger,FALSE,385,"0,944791469965206","0,20899999999999985","0,89250139000000028","4,423591","1,90000000000000e+00",NA,FALSE
RRDTHESPWL,385,"9,29176592948779e-01",no significant difference,"4,46463736633751e-01",stronger,FALSE,385,"0,934438988263742","0,17449999999999988","1,15963638000000024","4,394460","5,00000000000000e-01",NA,FALSE
RRDVHESPWL,385,"9,33064996336195e-01",no significant difference,"4,48956153720391e-01",stronger,FALSE,385,"0,934438988263742","0,83129999999999993","2,00247582000000035","4,269970","7,10000000000000e+00",NA,FALSE
RRDWHESPWL,385,"9,26701672404932e-01",no significant difference,"2,49075937829529e-01",no significant difference,FALSE,385,"0,937889815497564","0,86389999999999989","3,11649506000000054","5,051849","3,40000000000000e+00",NA,FALSE
RRDYHESPWL,385,"9,33315802551655e-01",no significant difference,"2,70429472161527e-01",stronger,FALSE,385,"0,930988161029921","0,95199999999999996","2,80347228000000026","5,000514","5,60000000000000e+00",NA,FALSE
RRE*HESPWL,385,"4,88354343107819e-01",weaker,"7,96293398365033e-01",stronger,TRUE,385,NA,"-0,96450000000000002","-1,10727759999999997","1,338518","1,00000000000000e+00",NA,FALSE
RREAHESPWL,385,"8,76666782785053e-01",no significant difference,"4,76584006345763e-01",stronger,FALSE,385,"0,924087852340101","0,03679999999999992","1,13712779000000030","4,289523","3,90000000000000e+00",NA,FALSE
RRECHESPWL,385,"9,83253116130800e-01",no significant difference,"4,34081521934635e-01",stronger,FALSE,385,"0,930989506807744","1,06779999999999986","2,57448013000000042","4,600284","7,80000000000000e+00",NA,FALSE
RREDHESPWL,385,"8,75025651535149e-01",no significant difference,"5,10267454516014e-01",stronger,FALSE,385,"0,927538679573922","-0,71790000000000009","0,17328179000000035","4,061545","6,00000000000000e-01",NA,FALSE
RREEHESPWL,385,"9,25586463082968e-01",no significant difference,"5,00981809669432e-01",stronger,FALSE,385,"0,924087852340101","-0,75870000000000015","-0,05529940999999947","4,045433","1,90000000000000e+00",NA,FALSE
RREFHESPWL,385,"8,83679801895512e-01",no significant difference,"3,36660294331441e-01",stronger,FALSE,385,"0,941341988509207","1,30329999999999990","2,56062349000000067","4,927502","8,10000000000000e+00",NA,FALSE
RREGHESPWL,385,"9,16834165847889e-01",no significant difference,"5,42301187402949e-01",stronger,FALSE,385,"0,927538679573922","-0,14650000000000007","1,43018112000000031","4,837515","3,70000000000000e+00",NA,FALSE
RREHHESPWL,385,"8,67895601871205e-01",no significant difference,"4,65740237748756e-01",no significant difference,FALSE,385,"0,927538679573922","0,15099999999999991","1,08866580000000046","4,532345","4,20000000000000e+00",NA,FALSE
RREIHESPWL,385,"9,24860781395339e-01",no significant difference,"3,92108236562315e-01",stronger,FALSE,385,"0,927538679573922","1,14149999999999996","2,05755372000000047","4,576033","8,50000000000000e+00",NA,FALSE
RREKHESPWL,385,"9,20327604935999e-01",no significant difference,"4,87483864750774e-01",stronger,FALSE,385,"0,924087852340101","-1,15000000000000013","-0,38300630999999963","4,192643","6,00000000000000e-01",NA,FALSE
RRELHESPWL,385,"9,22778229217916e-01",no significant difference,"3,13365992583722e-01",stronger,FALSE,385,"0,968948606379776","0,94439999999999991","1,94019520000000045","4,618737","9,40000000000000e+00",NA,FALSE
RREMHESPWL,385,"9,41835925143086e-01",no significant difference,"4,27682099566464e-01",stronger,FALSE,385,"0,930989506807744","1,04299999999999993","1,61827833000000032","4,550616","7,90000000000000e+00",NA,FALSE
RRENHESPWL,385,"9,10478419577355e-01",no significant difference,"5,04161120119533e-01",stronger,FALSE,385,"0,924087852340101","-0,23870000000000008","0,51641689000000035","4,463498","3,20000000000000e+00",NA,FALSE
RREPHESPWL,385,"9,30636702196452e-01",no significant difference,"4,58705282578639e-01",stronger,FALSE,385,"0,930989506807744","-0,14930000000000010","0,69560069000000035","4,333342","1,50000000000000e+00",NA,FALSE
RREQHESPWL,385,"9,45209039999428e-01",no significant difference,"4,76305795781859e-01",stronger,FALSE,385,"0,924087852340101","-0,38080000000000008","0,57833399000000041","4,420162","9,00000000000000e-01",NA,FALSE
RRERHESPWL,385,"9,00178023518376e-01",no significant difference,"4,52477876293343e-01",stronger,FALSE,385,"0,937891161275386","-0,05700000000000006","0,78409349000000039","4,713312","5,10000000000000e+00",NA,FALSE
RRESHESPWL,385,"8,87478453999674e-01",no significant difference,"4,66414237000232e-01",stronger,FALSE,385,"0,937891161275386","0,16819999999999991","0,66392019000000035","4,407479","3,20000000000000e+00",NA,FALSE
RRETHESPWL,385,"9,01377291515175e-01",no significant difference,"4,37034429974429e-01",stronger,FALSE,385,"0,927538679573922","0,13369999999999993","0,93105518000000043","4,378348","1,80000000000000e+00",NA,FALSE
RREVHESPWL,385,"9,22188300074233e-01",no significant difference,"4,09204647079998e-01",stronger,FALSE,385,"0,927538679573922","0,79049999999999998","1,77389462000000031","4,253858","8,40000000000000e+00",NA,FALSE
RREWHESPWL,385,"9,49861068041023e-01",no significant difference,"2,98575466665851e-01",stronger,FALSE,385,"0,930989506807744","0,82309999999999994","2,88791386000000072","5,035737","4,70000000000000e+00",NA,FALSE
RREYHESPWL,385,"9,24112475547959e-01",no significant difference,"3,07701864674683e-01",stronger,FALSE,385,"0,924087852340101","0,91120000000000001","2,57489108000000044","4,984402","6,90000000000000e+00",NA,FALSE
RRF*HESPWL,385,"4,23101860509519e-01",weaker,"5,85379047137557e-01",stronger,TRUE,385,NA,"1,09749999999999992","1,50864530000000019","2,220587","7,20000000000000e+00",NA,FALSE
RRFAHESPWL,385,"9,33396820142274e-01",no significant difference,"2,57804886686849e-01",stronger,FALSE,385,"0,927538011201044","2,09879999999999978","3,75305069000000024","5,171592","1,01000000000000e+01",NA,FALSE
RRFCHESPWL,385,"9,49403895862523e-01",no significant difference,"1,06601351728673e-01",no significant difference,FALSE,385,"0,934439665668687","3,12979999999999992","5,19040303000000058","5,482353","1,40000000000000e+01",NA,FALSE
RRFDHESPWL,385,"9,13003687598732e-01",no significant difference,"3,14830350328314e-01",stronger,FALSE,385,"0,930988838434866","1,34409999999999985","2,78920469000000049","4,943614","6,80000000000000e+00",NA,FALSE
RRFEHESPWL,385,"9,14617611442115e-01",no significant difference,"3,43285055084012e-01",stronger,FALSE,385,"0,927538011201044","1,30329999999999990","2,56062349000000067","4,927502","8,10000000000000e+00",NA,FALSE
RRFFHESPWL,385,"9,16449732988688e-01",no significant difference,"8,62119023485137e-02",no significant difference,FALSE,385,"0,944792147370150","3,36529999999999996","5,17654639000000039","5,809571","1,43000000000000e+01",NA,FALSE
RRFGHESPWL,385,"8,94381625242708e-01",no significant difference,"2,47500858591660e-01",no significant difference,FALSE,385,"0,930988838434866","1,91549999999999976","4,04610402000000047","5,719584","9,90000000000000e+00",NA,FALSE
RRFHHESPWL,385,"9,42773490676188e-01",no significant difference,"2,02302664344447e-01",no significant difference,FALSE,385,"0,930988838434866","2,21300000000000008","3,70458870000000040","5,414414","1,04000000000000e+01",NA,FALSE
RRFIHESPWL,385,"9,24133765620942e-01",no significant difference,"1,32921852382151e-01",no significant difference,FALSE,385,"0,930988838434866","3,20350000000000001","4,67347662000000064","5,458102","1,47000000000000e+01",NA,FALSE
RRFKHESPWL,385,"9,09960756596777e-01",no significant difference,"2,28399252572777e-01",stronger,FALSE,385,"0,927538011201044","0,91199999999999981","2,23291659000000031","5,074712","6,80000000000000e+00",NA,FALSE
RRFLHESPWL,385,"9,25676658360508e-01",no significant difference,"1,23204776413076e-01",no significant difference,FALSE,385,"0,972398765240719","3,00639999999999974","4,55611810000000084","5,500806","1,56000000000000e+01",NA,FALSE
RRFMHESPWL,385,"9,20002238719400e-01",no significant difference,"3,35241060425356e-02",no significant difference,FALSE,385,"0,934439665668687","3,10499999999999998","4,23420123000000004","5,432685","1,41000000000000e+01",NA,FALSE
RRFNHESPWL,385,"8,66818256835325e-01",no significant difference,"2,27502453348009e-01",no significant difference,FALSE,385,"0,927538011201044","1,82329999999999992","3,13233979000000051","5,345567","9,40000000000000e+00",NA,FALSE
RRFPHESPWL,385,"9,27495171262921e-01",no significant difference,"2,82802930548702e-01",stronger,FALSE,385,"0,934439665668687","1,91269999999999984","3,31152359000000063","5,215411","7,70000000000000e+00",NA,FALSE
RRFQHESPWL,385,"9,03864865694190e-01",no significant difference,"2,56721715771851e-01",no significant difference,FALSE,385,"0,927538011201044","1,68119999999999981","3,19425689000000057","5,302231","7,10000000000000e+00",NA,FALSE
RRFRHESPWL,385,"8,94567854285346e-01",no significant difference,"1,23674881501934e-01",no significant difference,FALSE,385,"0,941341320136329","2,00499999999999989","3,40001639000000022","5,595381","1,13000000000000e+01",NA,FALSE
RRFSHESPWL,385,"9,19119214715240e-01",no significant difference,"1,93170098508650e-01",no significant difference,FALSE,385,"0,941341320136329","2,23019999999999996","3,27984309000000041","5,289548","9,40000000000000e+00",NA,FALSE
RRFTHESPWL,385,"9,20417756611146e-01",no significant difference,"2,09130110720850e-01",no significant difference,FALSE,385,"0,930988838434866","2,19569999999999999","3,54697808000000059","5,260417","8,00000000000000e+00",NA,FALSE
RRFVHESPWL,385,"9,53253139560494e-01",no significant difference,"1,63884488803274e-01",no significant difference,FALSE,385,"0,930988838434866","2,85250000000000004","4,38981752000000025","5,135927","1,46000000000000e+01",NA,FALSE
RRFWHESPWL,385,"9,66998605757177e-01",no significant difference,"1,75294983633289e-01",no significant difference,FALSE,385,"0,934439665668687","2,88510000000000000","5,50383676000000044","5,917806","1,09000000000000e+01",NA,FALSE
RRFYHESPWL,385,"9,30323307347138e-01",no significant difference,"4,95515220738693e-02",weaker,FALSE,385,"0,927538011201044","2,97319999999999984","5,19081398000000060","5,866471","1,31000000000000e+01",NA,FALSE
RRG*HESPWL,385,"4,54521811850657e-01",weaker,"7,50004342131818e-01",stronger,TRUE,385,NA,"-0,35230000000000000","0,37820292999999994","2,130600","2,80000000000000e+00",NA,FALSE
RRGAHESPWL,385,"8,69317876216944e-01",no significant difference,"3,80138399300306e-01",stronger,FALSE,385,"0,934438319890864","0,64899999999999991","2,62260832000000033","5,081605","5,70000000000000e+00",NA,FALSE
RRGCHESPWL,385,"9,27172690115182e-01",no significant difference,"3,47070284134420e-01",stronger,FALSE,385,"0,941339974358507","1,67999999999999972","4,05996066000000067","5,392366","9,60000000000000e+00",NA,FALSE
RRGDHESPWL,385,"9,19386091806547e-01",no significant difference,"5,22521320272231e-01",stronger,FALSE,385,"0,937889147124686","-0,10570000000000014","1,65876232000000035","4,853627","2,40000000000000e+00",NA,FALSE
RRGEHESPWL,385,"9,00948779135380e-01",no significant difference,"4,81830940687112e-01",stronger,FALSE,385,"0,934438319890864","-0,14650000000000007","1,43018112000000031","4,837515","3,70000000000000e+00",NA,FALSE
RRGFHESPWL,385,"9,29532504003521e-01",no significant difference,"2,31123489630480e-01",stronger,FALSE,385,"0,951692456059970","1,91549999999999976","4,04610402000000047","5,719584","9,90000000000000e+00",NA,FALSE
RRGGHESPWL,385,"8,83534679796395e-01",no significant difference,"4,39442353955350e-01",stronger,FALSE,385,"0,937889147124686","0,46569999999999989","2,91566165000000010","5,629597","5,50000000000000e+00",NA,FALSE
RRGHHESPWL,385,"9,18351626804289e-01",no significant difference,"3,61037073917023e-01",stronger,FALSE,385,"0,937889147124686","0,76319999999999988","2,57414633000000048","5,324427","6,00000000000000e+00",NA,FALSE
RRGIHESPWL,385,"9,29778930516339e-01",no significant difference,"3,20691322732995e-01",stronger,FALSE,385,"0,937889147124686","1,75369999999999981","3,54303425000000027","5,368115","1,03000000000000e+01",NA,FALSE
RRGKHESPWL,385,"8,74447355274601e-01",no significant difference,"3,55793171539521e-01",stronger,FALSE,385,"0,934438319890864","-0,53780000000000017","1,10247422000000039","4,984725","2,40000000000000e+00",NA,FALSE
RRGLHESPWL,385,"9,68961388077038e-01",stronger,"3,31079443725976e-01",stronger,FALSE,385,"0,979299073930540","1,55659999999999976","3,42567573000000047","5,410819","1,12000000000000e+01",NA,FALSE
RRGMHESPWL,385,"9,42900896761405e-01",no significant difference,"3,14463084308192e-01",stronger,FALSE,385,"0,941339974358507","1,65519999999999978","3,10375886000000012","5,342698","9,70000000000000e+00",NA,FALSE
RRGNHESPWL,385,"9,10553396113937e-01",no significant difference,"4,36035665280345e-01",stronger,FALSE,385,"0,934438319890864","0,37349999999999994","2,00189742000000015","5,255580","5,00000000000000e+00",NA,FALSE
RRGPHESPWL,385,"8,89017360010656e-01",no significant difference,"3,88273452913986e-01",stronger,FALSE,385,"0,941339974358507","0,46289999999999992","2,18108122000000026","5,125424","3,30000000000000e+00",NA,FALSE
RRGQHESPWL,385,"9,35212033566888e-01",no significant difference,"4,86147496423486e-01",stronger,FALSE,385,"0,934438319890864","0,23139999999999994","2,06381452000000021","5,212244","2,70000000000000e+00",NA,FALSE
RRGRHESPWL,385,"8,60318957087542e-01",weaker,"2,90404049558171e-01",stronger,FALSE,385,"0,948241628826149","0,55519999999999992","2,26957402000000030","5,505394","6,90000000000000e+00",NA,FALSE
RRGSHESPWL,385,"8,86141735789976e-01",no significant difference,"4,01648132223311e-01",stronger,FALSE,385,"0,948241628826149","0,78039999999999987","2,14940072000000049","5,199561","5,00000000000000e+00",NA,FALSE
RRGTHESPWL,385,"8,88701310874197e-01",no significant difference,"3,88375148775003e-01",stronger,FALSE,385,"0,937889147124686","0,74589999999999990","2,41653571000000023","5,170430","3,60000000000000e+00",NA,FALSE
RRGVHESPWL,385,"9,28931963014779e-01",no significant difference,"3,33746083612153e-01",stronger,FALSE,385,"0,937889147124686","1,40269999999999984","3,25937515000000033","5,045940","1,02000000000000e+01",NA,FALSE
RRGWHESPWL,385,"9,46400989005936e-01",no significant difference,"2,65975086786930e-01",stronger,FALSE,385,"0,941339974358507","1,43529999999999980","4,37339439000000052","5,827819","6,50000000000000e+00",NA,FALSE
RRGYHESPWL,385,"9,50776636190824e-01",no significant difference,"2,70184028529028e-01",stronger,FALSE,385,"0,934438319890864","1,52339999999999987","4,06037161000000069","5,776484","8,70000000000000e+00",NA,FALSE
RRH*HESPWL,385,"4,49171914398319e-01",no significant difference,"6,79995645747273e-01",stronger,TRUE,385,NA,"-0,05480000000000000","0,03668761000000001","1,825430","3,30000000000000e+00",NA,FALSE
RRHAHESPWL,385,"9,31279700350809e-01",no significant difference,"3,30359224645946e-01",stronger,FALSE,385,"0,924087852340101","0,94649999999999990","2,28109300000000026","4,776435","6,20000000000000e+00",NA,FALSE
RRHCHESPWL,385,"8,84053400614223e-01",no significant difference,"3,02854669356952e-01",stronger,FALSE,385,"0,930989506807744","1,97749999999999981","3,71844534000000060","5,087196","1,01000000000000e+01",NA,FALSE
RRHDHESPWL,385,"8,53027311716582e-01",no significant difference,"3,85630509700564e-01",stronger,FALSE,385,"0,927538679573922","0,19179999999999986","1,31724700000000028","4,548457","2,90000000000000e+00",NA,FALSE
RRHEHESPWL,385,"9,06162872341137e-01",no significant difference,"3,78274227597615e-01",stronger,FALSE,385,"0,924087852340101","0,15099999999999991","1,08866580000000046","4,532345","4,20000000000000e+00",NA,FALSE
RRHFHESPWL,385,"9,06177335634718e-01",no significant difference,"1,79099124806600e-01",no significant difference,FALSE,385,"0,941341988509207","2,21300000000000008","3,70458870000000040","5,414414","1,04000000000000e+01",NA,FALSE
RRHGHESPWL,385,"9,09924496772259e-01",no significant difference,"4,31206413642085e-01",stronger,FALSE,385,"0,927538679573922","0,76319999999999988","2,57414633000000048","5,324427","6,00000000000000e+00",NA,FALSE
RRHHHESPWL,385,"8,75890144397791e-01",no significant difference,"1,77476098151678e-01",no significant difference,FALSE,385,"0,927538679573922","1,06069999999999998","2,23263101000000042","5,019257","6,50000000000000e+00",NA,FALSE
RRHIHESPWL,385,"9,09953022440477e-01",no significant difference,"2,74195571013645e-01",stronger,FALSE,385,"0,927538679573922","2,05119999999999969","3,20151893000000021","5,062945","1,08000000000000e+01",NA,FALSE
RRHKHESPWL,385,"8,84571801798927e-01",no significant difference,"2,83554682158260e-01",stronger,FALSE,385,"0,924087852340101","-0,24030000000000018","0,76095890000000033","4,679555","2,90000000000000e+00",NA,FALSE
RRHLHESPWL,385,"9,83364492746787e-01",stronger,"2,32606527552164e-01",no significant difference,FALSE,385,"0,968948606379776","1,85409999999999986","3,08416041000000041","5,105649","1,17000000000000e+01",NA,FALSE
RRHMHESPWL,385,"9,50746920134978e-01",no significant difference,"2,28698861330540e-01",no significant difference,FALSE,385,"0,930989506807744","1,95269999999999988","2,76224354000000050","5,037528","1,02000000000000e+01",NA,FALSE
RRHPHESPWL,385,"9,52521339963896e-01",no significant difference,"2,10309444259224e-01",no significant difference,FALSE,385,"0,930989506807744","0,76039999999999996","1,83956590000000042","4,820254","3,80000000000000e+00",NA,FALSE
RRHRHESPWL,385,"8,64551102816161e-01",no significant difference,"1,60838417182654e-01",no significant difference,FALSE,385,"0,937891161275386","0,85269999999999990","1,92805870000000024","5,200224","7,40000000000000e+00",NA,FALSE
RRHSHESPWL,385,"8,97132527905411e-01",no significant difference,"2,50195756390716e-01",stronger,FALSE,385,"0,937891161275386","1,07789999999999986","1,80788540000000042","4,894391","5,50000000000000e+00",NA,FALSE
RRHTHESPWL,385,"9,48546958700781e-01",no significant difference,"3,14033833698779e-01",stronger,FALSE,385,"0,927538679573922","1,04339999999999988","2,07502039000000016","4,865260","4,10000000000000e+00",NA,FALSE
RRHVHESPWL,385,"9,11040072026179e-01",no significant difference,"2,31988986947828e-01",no significant difference,FALSE,385,"0,927538679573922","1,70019999999999993","2,91785983000000027","4,740770","1,07000000000000e+01",NA,FALSE
RRHWHESPWL,385,"8,87930237325728e-01",no significant difference,"2,35379249499975e-01",stronger,FALSE,385,"0,930989506807744","1,73279999999999990","4,03187907000000045","5,522649","7,00000000000000e+00",NA,FALSE
RRHYHESPWL,385,"9,13651260315511e-01",no significant difference,"2,24211370117989e-01",no significant difference,FALSE,385,"0,924087852340101","1,82089999999999996","3,71885629000000062","5,471314","9,20000000000000e+00",NA,FALSE
RRI*HESPWL,385,"4,08397846915453e-01",weaker,"6,22836356702994e-01",stronger,TRUE,385,NA,"0,93569999999999998","1,00557553000000000","1,869118","7,60000000000000e+00",NA,FALSE
RRIAHESPWL,385,"9,16850345661019e-01",no significant difference,"3,32384455370406e-01",stronger,FALSE,385,"0,930988161029921","1,93699999999999983","3,24998092000000005","4,820123","1,05000000000000e+01",NA,FALSE
RRICHESPWL,385,"9,20067172237372e-01",no significant difference,"2,56568049725894e-01",no significant difference,FALSE,385,"0,937889815497564","2,96799999999999997","4,68733325999999995","5,130884","1,44000000000000e+01",NA,FALSE
RRIDHESPWL,385,"9,44677220349442e-01",no significant difference,"3,28909483857928e-01",stronger,FALSE,385,"0,934438988263742","1,18229999999999991","2,28613492000000029","4,592145","7,20000000000000e+00",NA,FALSE
RRIEHESPWL,385,"9,40383964812100e-01",no significant difference,"3,43856149608245e-01",no significant difference,FALSE,385,"0,930988161029921","1,14149999999999996","2,05755372000000047","4,576033","8,50000000000000e+00",NA,FALSE
RRIFHESPWL,385,"9,17810969270581e-01",no significant difference,"1,56581170772482e-01",no significant difference,FALSE,385,"0,948242297199027","3,20350000000000001","4,67347662000000064","5,458102","1,47000000000000e+01",NA,FALSE
RRIGHESPWL,385,"9,25402146226387e-01",no significant difference,"4,22306244120911e-01",stronger,FALSE,385,"0,934438988263742","1,75369999999999981","3,54303425000000027","5,368115","1,03000000000000e+01",NA,FALSE
RRIHHESPWL,385,"8,79441960081548e-01",no significant difference,"3,18007073568068e-01",stronger,FALSE,385,"0,934438988263742","2,05119999999999969","3,20151893000000021","5,062945","1,08000000000000e+01",NA,FALSE
RRIIHESPWL,385,"9,12793365720546e-01",no significant difference,"1,41360721306153e-01",no significant difference,FALSE,385,"0,934438988263742","3,04170000000000007","4,17040685000000000","5,106633","1,51000000000000e+01",NA,FALSE
RRIKHESPWL,385,"8,86695776812765e-01",no significant difference,"1,75371210850272e-01",no significant difference,FALSE,385,"0,930988161029921","0,75019999999999987","1,72984682000000034","4,723243","7,20000000000000e+00",NA,FALSE
RRILHESPWL,385,"9,56875256445754e-01",no significant difference,"1,84510182626458e-01",no significant difference,FALSE,385,"0,975848915069596","2,84459999999999980","4,05304833000000020","5,149337","1,60000000000000e+01",NA,FALSE
RRIMHESPWL,385,"9,45086358057249e-01",stronger,"1,88488270904237e-01",stronger,FALSE,385,"0,937889815497564","2,94320000000000004","3,73113146000000029","5,081216","1,45000000000000e+01",NA,FALSE
RRINHESPWL,385,"9,35797051400101e-01",no significant difference,"2,97253926827704e-01",stronger,FALSE,385,"0,930988161029921","1,66149999999999998","2,62927002000000032","4,994098","9,80000000000000e+00",NA,FALSE
RRIPHESPWL,385,"9,33745881644921e-01",no significant difference,"2,80232208671237e-01",stronger,FALSE,385,"0,937889815497564","1,75089999999999990","2,80845382000000043","4,863942","8,10000000000000e+00",NA,FALSE
RRIQHESPWL,385,"8,94260843228479e-01",no significant difference,"2,98135804240591e-01",no significant difference,FALSE,385,"0,930988161029921","1,51939999999999986","2,69118712000000038","4,950762","7,50000000000000e+00",NA,FALSE
RRIRHESPWL,385,"9,17881089364189e-01",no significant difference,"1,97583571200764e-01",no significant difference,FALSE,385,"0,944791469965206","1,84319999999999995","2,89694662000000047","5,243912","1,17000000000000e+01",NA,FALSE
RRISHESPWL,385,"9,12188048185229e-01",no significant difference,"2,54164502686548e-01",no significant difference,FALSE,385,"0,944791469965206","2,06840000000000002","2,77677332000000021","4,938079","9,80000000000000e+00",NA,FALSE
RRITHESPWL,385,"9,22800724326868e-01",no significant difference,"3,45829877178899e-01",stronger,FALSE,385,"0,934438988263742","2,03390000000000004","3,04390831000000039","4,908948","8,40000000000000e+00",NA,FALSE
RRIVHESPWL,385,"9,20991706683391e-01",no significant difference,"2,90975396616966e-01",stronger,FALSE,385,"0,934438988263742","2,69070000000000009","3,88674775000000006","4,784458","1,50000000000000e+01",NA,FALSE
RRIWHESPWL,385,"9,21640623181235e-01",no significant difference,"2,44133473217316e-01",no significant difference,FALSE,385,"0,937889815497564","2,72330000000000005","5,00076699000000069","5,566337","1,13000000000000e+01",NA,FALSE
RRIYHESPWL,385,"9,14727862099695e-01",no significant difference,"2,65422606587005e-01",stronger,FALSE,385,"0,930988161029921","2,81139999999999990","4,68774420999999997","5,515002","1,35000000000000e+01",NA,FALSE
RRK*HESPWL,385,"4,95778033389268e-01",weaker,"6,04322981758478e-01",stronger,TRUE,385,NA,"-1,35580000000000012","-1,43498449999999989","1,485728","-3,00000000000000e-01",NA,FALSE
RRKAHESPWL,385,"8,91212479238544e-01",no significant difference,"3,67512767078010e-01",no significant difference,FALSE,385,"0,924087852340101","-0,35450000000000015","0,80942089000000039","4,436733","2,60000000000000e+00",NA,FALSE
RRKCHESPWL,385,"9,46849665250881e-01",no significant difference,"2,32434786588144e-01",no significant difference,FALSE,385,"0,930989506807744","0,67649999999999977","2,24677323000000051","4,747494","6,50000000000000e+00",NA,FALSE
RRKDHESPWL,385,"9,07129033490706e-01",no significant difference,"3,84251175848671e-01",stronger,FALSE,385,"0,927538679573922","-1,10920000000000019","-0,15442510999999967","4,208755","-7,00000000000000e-01",NA,FALSE
RRKEHESPWL,385,"9,46085042761099e-01",no significant difference,"4,84231730874542e-01",stronger,FALSE,385,"0,924087852340101","-1,15000000000000013","-0,38300630999999963","4,192643","6,00000000000000e-01",NA,FALSE
RRKFHESPWL,385,"8,86142634076256e-01",no significant difference,"1,46076886169640e-01",no significant difference,FALSE,385,"0,941341988509207","0,91199999999999981","2,23291659000000031","5,074712","6,80000000000000e+00",NA,FALSE
RRKGHESPWL,385,"8,89225299147646e-01",no significant difference,"3,50930611570301e-01",stronger,FALSE,385,"0,927538679573922","-0,53780000000000017","1,10247422000000039","4,984725","2,40000000000000e+00",NA,FALSE
RRKHHESPWL,385,"8,99143123989968e-01",no significant difference,"3,89502888520806e-01",stronger,FALSE,385,"0,927538679573922","-0,24030000000000018","0,76095890000000033","4,679555","2,90000000000000e+00",NA,FALSE
RRKIHESPWL,385,"8,68914156354863e-01",no significant difference,"1,10015064584222e-01",no significant difference,FALSE,385,"0,927538679573922","0,75019999999999987","1,72984682000000034","4,723243","7,20000000000000e+00",NA,FALSE
RRKKHESPWL,385,"8,80501185286040e-01",no significant difference,"3,76026745182384e-01",stronger,FALSE,385,"0,924087852340101","-1,54130000000000034","-0,71071320999999965","4,339853","-7,00000000000000e-01",NA,FALSE
RRKLHESPWL,385,"9,59388514652106e-01",no significant difference,"1,03789190588945e-01",no significant difference,FALSE,385,"0,968948606379776","0,55309999999999981","1,61248830000000054","4,765947","8,10000000000000e+00",NA,FALSE
RRKMHESPWL,385,"9,55683560792154e-01",no significant difference,"1,25692756734674e-01",no significant difference,FALSE,385,"0,930989506807744","0,65169999999999983","1,29057143000000041","4,697826","6,60000000000000e+00",NA,FALSE
RRKNHESPWL,385,"8,96864427141846e-01",no significant difference,"3,20943809307048e-01",no significant difference,FALSE,385,"0,924087852340101","-0,63000000000000012","0,18870999000000035","4,610708","1,90000000000000e+00",NA,FALSE
RRKPHESPWL,385,"8,80263708884404e-01",no significant difference,"3,54672600502171e-01",stronger,FALSE,385,"0,930989506807744","-0,54060000000000019","0,36789379000000033","4,480552","2,00000000000000e-01",NA,FALSE
RRKQHESPWL,385,"8,83179002182845e-01",no significant difference,"3,18146042889873e-01",stronger,FALSE,385,"0,924087852340101","-0,77210000000000012","0,25062709000000039","4,567372","-4,00000000000000e-01",NA,FALSE
RRKRHESPWL,385,"8,75028206432939e-01",no significant difference,"1,51105228433575e-01",no significant difference,FALSE,385,"0,937891161275386","-0,44830000000000014","0,45638659000000037","4,860522","3,80000000000000e+00",NA,FALSE
RRKSHESPWL,385,"8,87914536166560e-01",no significant difference,"2,61867584604318e-01",stronger,FALSE,385,"0,937891161275386","-0,22310000000000019","0,33621329000000033","4,554689","1,90000000000000e+00",NA,FALSE
RRKTHESPWL,385,"8,66741720054910e-01",no significant difference,"3,24353173481220e-01",stronger,FALSE,385,"0,927538679573922","-0,25760000000000016","0,60334828000000040","4,525558","5,00000000000000e-01",NA,FALSE
RRKVHESPWL,385,"9,22866494226963e-01",no significant difference,"2,18537772067119e-01",no significant difference,FALSE,385,"0,927538679573922","0,39919999999999983","1,44618772000000040","4,401068","7,10000000000000e+00",NA,FALSE
RRKWHESPWL,385,"9,16298941212519e-01",no significant difference,"2,48446796984486e-01",no significant difference,FALSE,385,"0,930989506807744","0,43179999999999980","2,56020696000000036","5,182947","3,40000000000000e+00",NA,FALSE
RRKYHESPWL,385,"9,37829294249122e-01",no significant difference,"4,59990545319479e-02",no significant difference,FALSE,385,"0,924087852340101","0,51989999999999992","2,24718418000000053","5,131612","5,60000000000000e+00",NA,FALSE
RRL*HESPWL,385,"4,34333143699193e-01",weaker,"4,21075011458478e-01",stronger,TRUE,385,NA,"0,73859999999999992","0,88821701000000008","1,911822","8,50000000000000e+00",NA,FALSE
RRLAHESPWL,385,"8,99054165395184e-01",no significant difference,"2,95908179128240e-01",stronger,FALSE,385,"0,934438319890864","1,73989999999999978","3,13262240000000025","4,862827","1,14000000000000e+01",NA,FALSE
RRLCHESPWL,385,"9,11967268803533e-01",no significant difference,"2,61736577931500e-01",stronger,FALSE,385,"0,941339974358507","2,77089999999999970","4,56997474000000015","5,173588","1,53000000000000e+01",NA,FALSE
RRLDHESPWL,385,"9,26249812339012e-01",no significant difference,"3,50872345660148e-01",stronger,FALSE,385,"0,937889147124686","0,98519999999999985","2,16877640000000049","4,634849","8,10000000000000e+00",NA,FALSE
RRLEHESPWL,385,"9,35996163797310e-01",no significant difference,"3,76782819641087e-01",stronger,FALSE,385,"0,934438319890864","0,94439999999999991","1,94019520000000045","4,618737","9,40000000000000e+00",NA,FALSE
RRLFHESPWL,385,"8,97277295926699e-01",no significant difference,"2,19316642423362e-01",no significant difference,FALSE,385,"0,951692456059970","3,00639999999999974","4,55611810000000084","5,500806","1,56000000000000e+01",NA,FALSE
RRLGHESPWL,385,"9,01639580755134e-01",no significant difference,"3,51040002542176e-01",stronger,FALSE,385,"0,937889147124686","1,55659999999999976","3,42567573000000047","5,410819","1,12000000000000e+01",NA,FALSE
RRLHHESPWL,385,"8,91634253825576e-01",no significant difference,"3,08095895623116e-01",stronger,FALSE,385,"0,937889147124686","1,85409999999999986","3,08416041000000041","5,105649","1,17000000000000e+01",NA,FALSE
RRLIHESPWL,385,"8,89490904448359e-01",no significant difference,"1,90776577094630e-01",no significant difference,FALSE,385,"0,937889147124686","2,84459999999999980","4,05304833000000020","5,149337","1,60000000000000e+01",NA,FALSE
RRLKHESPWL,385,"9,04448768923641e-01",no significant difference,"3,52111274430154e-01",stronger,FALSE,385,"0,934438319890864","0,55309999999999981","1,61248830000000054","4,765947","8,10000000000000e+00",NA,FALSE
RRLLHESPWL,385,"9,40169984743095e-01",stronger,"1,95312625852366e-01",stronger,FALSE,385,"0,979299073930540","2,64749999999999952","3,93568981000000040","5,192041","1,69000000000000e+01",NA,FALSE
RRLMHESPWL,385,"9,57584798322852e-01",no significant difference,"1,78747102592974e-01",no significant difference,FALSE,385,"0,941339974358507","2,74609999999999976","3,61377294000000049","5,123920","1,54000000000000e+01",NA,FALSE
RRLNHESPWL,385,"9,28867145290459e-01",no significant difference,"3,37034205264362e-01",stronger,FALSE,385,"0,934438319890864","1,46439999999999992","2,51191150000000052","5,036802","1,07000000000000e+01",NA,FALSE
RRLPHESPWL,385,"9,09702165339124e-01",no significant difference,"3,07078145224359e-01",stronger,FALSE,385,"0,941339974358507","1,55379999999999985","2,69109530000000063","4,906646","9,00000000000000e+00",NA,FALSE
RRLQHESPWL,385,"9,13450874906501e-01",no significant difference,"2,21502107487121e-01",stronger,FALSE,385,"0,934438319890864","1,32229999999999981","2,57382860000000058","4,993466","8,40000000000000e+00",NA,FALSE
RRLRHESPWL,385,"8,62931676176576e-01",weaker,"1,32379627133596e-01",no significant difference,FALSE,385,"0,948241628826149","1,64609999999999990","2,77958810000000067","5,286616","1,26000000000000e+01",NA,FALSE
RRLSHESPWL,385,"8,86626258789086e-01",no significant difference,"2,72685573093338e-01",stronger,FALSE,385,"0,948241628826149","1,87129999999999996","2,65941480000000041","4,980783","1,07000000000000e+01",NA,FALSE
RRLTHESPWL,385,"8,90445716406814e-01",no significant difference,"2,48658980167724e-01",stronger,FALSE,385,"0,937889147124686","1,83679999999999977","2,92654979000000059","4,951652","9,30000000000000e+00",NA,FALSE
RRLVHESPWL,385,"9,12379739551127e-01",no significant difference,"2,69677750569631e-01",stronger,FALSE,385,"0,937889147124686","2,49359999999999982","3,76938923000000026","4,827162","1,59000000000000e+01",NA,FALSE
RRLWHESPWL,385,"9,16759347890061e-01",no significant difference,"2,15516983984210e-01",stronger,FALSE,385,"0,941339974358507","2,52619999999999978","4,88340847000000089","5,609041","1,22000000000000e+01",NA,FALSE
RRLYHESPWL,385,"9,15053407773579e-01",no significant difference,"1,69171639259386e-01",no significant difference,FALSE,385,"0,934438319890864","2,61430000000000007","4,57038569000000017","5,557706","1,44000000000000e+01",NA,FALSE
RRM*HESPWL,385,"4,90136838691909e-01",weaker,"6,76531895782456e-01",stronger,TRUE,385,NA,"0,83719999999999994","0,56630013999999995","1,843701","7,00000000000000e+00",NA,FALSE
RRMAHESPWL,385,"9,25182020511393e-01",no significant difference,"2,86080526174257e-01",stronger,FALSE,385,"0,927538011201044","1,83849999999999980","2,81070553000000034","4,794706","9,90000000000000e+00",NA,FALSE
RRMCHESPWL,385,"8,86979590646264e-01",no significant difference,"3,20602697923446e-01",stronger,FALSE,385,"0,934439665668687","2,86949999999999994","4,24805787000000024","5,105467","1,38000000000000e+01",NA,FALSE
RRMDHESPWL,385,"9,15322779766000e-01",no significant difference,"3,05103408616609e-01",stronger,FALSE,385,"0,930988838434866","1,08379999999999987","1,84685953000000036","4,566728","6,60000000000000e+00",NA,FALSE
RRMEHESPWL,385,"9,13498989547593e-01",no significant difference,"4,14814136554122e-01",stronger,FALSE,385,"0,927538011201044","1,04299999999999993","1,61827833000000032","4,550616","7,90000000000000e+00",NA,FALSE
RRMFHESPWL,385,"9,16466210539743e-01",no significant difference,"2,24994621511630e-01",no significant difference,FALSE,385,"0,944792147370150","3,10499999999999998","4,23420123000000004","5,432685","1,41000000000000e+01",NA,FALSE
RRMGHESPWL,385,"9,15926097713204e-01",no significant difference,"2,87083937924173e-01",stronger,FALSE,385,"0,930988838434866","1,65519999999999978","3,10375886000000012","5,342698","9,70000000000000e+00",NA,FALSE
RRMHHESPWL,385,"9,45957136640702e-01",no significant difference,"2,69660362181407e-01",stronger,FALSE,385,"0,930988838434866","1,95269999999999988","2,76224354000000050","5,037528","1,02000000000000e+01",NA,FALSE
RRMIHESPWL,385,"8,77628216717794e-01",no significant difference,"1,29998461997410e-01",no significant difference,FALSE,385,"0,930988838434866","2,94320000000000004","3,73113146000000029","5,081216","1,45000000000000e+01",NA,FALSE
RRMKHESPWL,385,"9,17387071821116e-01",no significant difference,"2,62375550456127e-01",stronger,FALSE,385,"0,927538011201044","0,65169999999999983","1,29057143000000041","4,697826","6,60000000000000e+00",NA,FALSE
RRMLHESPWL,385,"9,61430142989981e-01",stronger,"1,50432645917399e-01",no significant difference,FALSE,385,"0,972398765240719","2,74609999999999976","3,61377294000000049","5,123920","1,54000000000000e+01",NA,FALSE
RRMMHESPWL,385,"9,29949196368267e-01",no significant difference,"1,82166555430213e-01",stronger,FALSE,385,"0,934439665668687","2,84470000000000001","3,29185607000000013","5,055799","1,39000000000000e+01",NA,FALSE
RRMNHESPWL,385,"8,92241883031137e-01",no significant difference,"3,11702162743903e-01",stronger,FALSE,385,"0,927538011201044","1,56299999999999994","2,18999463000000016","4,968681","9,20000000000000e+00",NA,FALSE
RRMPHESPWL,385,"9,23036177665204e-01",no significant difference,"3,82982251038205e-01",stronger,FALSE,385,"0,934439665668687","1,65239999999999987","2,36917843000000028","4,838525","7,50000000000000e+00",NA,FALSE
RRMQHESPWL,385,"9,47030908175165e-01",no significant difference,"3,61843690421101e-01",stronger,FALSE,385,"0,927538011201044","1,42089999999999983","2,25191173000000022","4,925345","6,90000000000000e+00",NA,FALSE
RRMRHESPWL,385,"8,49813450170550e-01",no significant difference,"1,47622606998533e-01",no significant difference,FALSE,385,"0,941341320136329","1,74469999999999992","2,45767123000000032","5,218495","1,11000000000000e+01",NA,FALSE
RRMSHESPWL,385,"8,91612328166467e-01",no significant difference,"2,76548478195814e-01",stronger,FALSE,385,"0,941341320136329","1,96989999999999998","2,33749793000000050","4,912662","9,20000000000000e+00",NA,FALSE
RRMTHESPWL,385,"9,03399627703013e-01",no significant difference,"1,88300414941349e-01",no significant difference,FALSE,385,"0,930988838434866","1,93539999999999979","2,60463292000000024","4,883531","7,80000000000000e+00",NA,FALSE
RRMVHESPWL,385,"9,10667335806807e-01",no significant difference,"1,95761701926032e-01",stronger,FALSE,385,"0,930988838434866","2,59220000000000006","3,44747236000000035","4,759041","1,44000000000000e+01",NA,FALSE
RRMWHESPWL,385,"9,22947680101182e-01",no significant difference,"2,59755988427885e-01",stronger,FALSE,385,"0,934439665668687","2,62480000000000002","4,56149160000000009","5,540920","1,07000000000000e+01",NA,FALSE
RRMYHESPWL,385,"8,95997579131317e-01",no significant difference,"1,06647652754040e-01",no significant difference,FALSE,385,"0,927538011201044","2,71289999999999987","4,24846882000000026","5,489585","1,29000000000000e+01",NA,FALSE
RRN*HESPWL,385,"5,44073197238542e-01",weaker,"5,87900944255094e-01",stronger,TRUE,385,NA,"-0,44450000000000001","-0,53556130000000002","1,756583","2,30000000000000e+00",NA,FALSE
RRNAHESPWL,385,"9,08724798214421e-01",no significant difference,"3,58192589303276e-01",stronger,FALSE,385,"0,941338628580685","0,55679999999999996","1,70884409000000037","4,707588","5,20000000000000e+00",NA,FALSE
RRNCHESPWL,385,"9,08651203323001e-01",no significant difference,"3,20922323056186e-01",stronger,FALSE,385,"0,948240283048327","1,58779999999999988","3,14619643000000027","5,018349","9,10000000000000e+00",NA,FALSE
RRNDHESPWL,385,"9,00595260406104e-01",no significant difference,"5,50117517628318e-01",stronger,FALSE,385,"0,944789455814506","-0,19790000000000013","0,74499809000000028","4,479610","1,90000000000000e+00",NA,FALSE
RRNEHESPWL,385,"9,37436623773109e-01",no significant difference,"4,58215383942417e-01",stronger,FALSE,385,"0,941338628580685","-0,23870000000000008","0,51641689000000035","4,463498","3,20000000000000e+00",NA,FALSE
RRNFHESPWL,385,"9,26328683817651e-01",no significant difference,"2,30316387723822e-01",no significant difference,FALSE,385,"0,958592764749790","1,82329999999999992","3,13233979000000051","5,345567","9,40000000000000e+00",NA,FALSE
RRNGHESPWL,385,"9,04310771129885e-01",no significant difference,"4,29834381974797e-01",stronger,FALSE,385,"0,944789455814506","0,37349999999999994","2,00189742000000015","5,255580","5,00000000000000e+00",NA,FALSE
RRNHHESPWL,385,"9,13342874441501e-01",no significant difference,"2,77993626416003e-01",no significant difference,FALSE,385,"0,944789455814506","0,67099999999999993","1,66038210000000030","4,950410","5,50000000000000e+00",NA,FALSE
RRNIHESPWL,385,"9,40478083902410e-01",stronger,"2,87125155679098e-01",no significant difference,FALSE,385,"0,944789455814506","1,66149999999999998","2,62927002000000032","4,994098","9,80000000000000e+00",NA,FALSE
RRNKHESPWL,385,"8,81671601500772e-01",no significant difference,"3,51800562986557e-01",no significant difference,FALSE,385,"0,941338628580685","-0,63000000000000012","0,18870999000000035","4,610708","1,90000000000000e+00",NA,FALSE
RRNLHESPWL,385,"9,40363489483142e-01",no significant difference,"2,93706297969580e-01",stronger,FALSE,385,"0,986199382620360","1,46439999999999992","2,51191150000000052","5,036802","1,07000000000000e+01",NA,FALSE
RRNMHESPWL,385,"9,28827033911577e-01",no significant difference,"1,30629294576918e-01",no significant difference,FALSE,385,"0,948240283048327","1,56299999999999994","2,18999463000000016","4,968681","9,20000000000000e+00",NA,FALSE
RRNNHESPWL,385,"8,77649077823176e-01",no significant difference,"2,70904968938117e-01",no significant difference,FALSE,385,"0,941338628580685","0,28129999999999994","1,08813319000000042","4,881563","4,50000000000000e+00",NA,FALSE
RRNPHESPWL,385,"9,00504751539988e-01",no significant difference,"3,74264556718834e-01",stronger,FALSE,385,"0,948240283048327","0,37069999999999992","1,26731699000000031","4,751407","2,80000000000000e+00",NA,FALSE
RRNQHESPWL,385,"9,14040446187894e-01",no significant difference,"5,04977571853308e-01",no significant difference,FALSE,385,"0,941338628580685","0,13919999999999993","1,15005029000000025","4,838227","2,20000000000000e+00",NA,FALSE
RRNRHESPWL,385,"8,75997521405195e-01",no significant difference,"2,90321464901859e-01",stronger,FALSE,385,"0,955141937515969","0,46299999999999997","1,35580979000000035","5,131377","6,40000000000000e+00",NA,FALSE
RRNSHESPWL,385,"8,84468558164091e-01",no significant difference,"3,38104460946474e-01",stronger,FALSE,385,"0,955141937515969","0,68819999999999992","1,23563649000000031","4,825544","4,50000000000000e+00",NA,FALSE
RRNTHESPWL,385,"8,81833622969721e-01",no significant difference,"4,67954108790123e-01",stronger,FALSE,385,"0,944789455814506","0,65369999999999995","1,50277148000000027","4,796413","3,10000000000000e+00",NA,FALSE
RRNVHESPWL,385,"9,31740716946169e-01",no significant difference,"3,42800875714978e-01",stronger,FALSE,385,"0,944789455814506","1,31050000000000000","2,34561092000000038","4,671923","9,70000000000000e+00",NA,FALSE
RRNWHESPWL,385,"9,25946949490759e-01",no significant difference,"1,91309862521664e-01",no significant difference,FALSE,385,"0,948240283048327","1,34309999999999996","3,45963016000000056","5,453802","6,00000000000000e+00",NA,FALSE
RRNYHESPWL,385,"9,04008037471753e-01",no significant difference,"1,99031135582530e-01",no significant difference,FALSE,385,"0,941338628580685","1,43120000000000003","3,14660738000000029","5,402467","8,20000000000000e+00",NA,FALSE
RRP*HESPWL,385,"4,47999350840276e-01",weaker,"6,64202345130028e-01",stronger,TRUE,385,NA,"-0,35509999999999997","-0,35637750000000001","1,626427","6,00000000000000e-01",NA,FALSE
RRPAHESPWL,385,"9,04076314651067e-01",no significant difference,"3,27570999613412e-01",stronger,FALSE,385,"0,930988161029921","0,64619999999999989","1,88802789000000026","4,577432","3,50000000000000e+00",NA,FALSE
RRPCHESPWL,385,"9,23367612634022e-01",no significant difference,"3,04975887939202e-01",stronger,FALSE,385,"0,937889815497564","1,67719999999999980","3,32538023000000038","4,888193","7,40000000000000e+00",NA,FALSE
RRPDHESPWL,385,"9,06726066377134e-01",no significant difference,"3,80345522106816e-01",stronger,FALSE,385,"0,934438988263742","-0,10850000000000014","0,92418189000000028","4,349454","2,00000000000000e-01",NA,FALSE
RRPEHESPWL,385,"9,21892150673241e-01",no significant difference,"4,71770954250101e-01",stronger,FALSE,385,"0,930988161029921","-0,14930000000000010","0,69560069000000035","4,333342","1,50000000000000e+00",NA,FALSE
RRPFHESPWL,385,"9,12185271672839e-01",no significant difference,"2,72915811133905e-01",stronger,FALSE,385,"0,948242297199027","1,91269999999999984","3,31152359000000063","5,215411","7,70000000000000e+00",NA,FALSE
RRPGHESPWL,385,"9,12054260644572e-01",no significant difference,"3,90108098800610e-01",stronger,FALSE,385,"0,934438988263742","0,46289999999999992","2,18108122000000026","5,125424","3,30000000000000e+00",NA,FALSE
RRPHHESPWL,385,"8,74906055792401e-01",no significant difference,"2,48250962862931e-01",stronger,FALSE,385,"0,934438988263742","0,76039999999999996","1,83956590000000042","4,820254","3,80000000000000e+00",NA,FALSE
RRPIHESPWL,385,"9,48354316411529e-01",no significant difference,"2,71316170470092e-01",stronger,FALSE,385,"0,934438988263742","1,75089999999999990","2,80845382000000043","4,863942","8,10000000000000e+00",NA,FALSE
RRPKHESPWL,385,"8,41862365473626e-01",no significant difference,"3,14389574928020e-01",stronger,FALSE,385,"0,930988161029921","-0,54060000000000019","0,36789379000000033","4,480552","2,00000000000000e-01",NA,FALSE
RRPLHESPWL,385,"9,31703231477660e-01",stronger,"2,62362292658495e-01",stronger,FALSE,385,"0,975848915069596","1,55379999999999985","2,69109530000000063","4,906646","9,00000000000000e+00",NA,FALSE
RRPMHESPWL,385,"9,38727138264694e-01",no significant difference,"2,13737821483131e-01",no significant difference,FALSE,385,"0,937889815497564","1,65239999999999987","2,36917843000000028","4,838525","7,50000000000000e+00",NA,FALSE
RRPNHESPWL,385,"8,82615583258482e-01",no significant difference,"3,26374131641825e-01",no significant difference,FALSE,385,"0,930988161029921","0,37069999999999992","1,26731699000000031","4,751407","2,80000000000000e+00",NA,FALSE
RRPPHESPWL,385,"9,36508218983547e-01",no significant difference,"2,94809426405995e-01",stronger,FALSE,385,"0,937889815497564","0,46009999999999984","1,44650079000000042","4,621251","1,10000000000000e+00",NA,FALSE
RRPRHESPWL,385,"8,57777810964173e-01",no significant difference,"2,08574074057505e-01",stronger,FALSE,385,"0,944791469965206","0,55239999999999989","1,53499359000000046","5,001221","4,70000000000000e+00",NA,FALSE
RRPSHESPWL,385,"8,99036916644478e-01",no significant difference,"2,70450219584307e-01",stronger,FALSE,385,"0,944791469965206","0,77759999999999996","1,41482029000000042","4,695388","2,80000000000000e+00",NA,FALSE
RRPTHESPWL,385,"9,05808126044104e-01",no significant difference,"3,68462670684239e-01",stronger,FALSE,385,"0,934438988263742","0,74309999999999987","1,68195528000000039","4,666257","1,40000000000000e+00",NA,FALSE
RRPVHESPWL,385,"9,52003356939820e-01",no significant difference,"3,10701455159075e-01",stronger,FALSE,385,"0,934438988263742","1,39989999999999992","2,52479472000000049","4,541767","8,00000000000000e+00",NA,FALSE
RRPWHESPWL,385,"9,09873986670098e-01",no significant difference,"1,71483285208000e-01",no significant difference,FALSE,385,"0,937889815497564","1,43249999999999988","3,63881396000000068","5,323646","4,30000000000000e+00",NA,FALSE
RRPYHESPWL,385,"9,35677007496423e-01",no significant difference,"4,20702831139321e-02",no significant difference,FALSE,385,"0,930988161029921","1,52059999999999995","3,32579118000000040","5,272311","6,50000000000000e+00",NA,FALSE
RRQ*HESPWL,385,"4,39082315867313e-01",weaker,"6,52078448971341e-01",stronger,TRUE,385,NA,"-0,58660000000000001","-0,47364419999999996","1,713247","0,00000000000000e+00",NA,FALSE
RRQAHESPWL,385,"8,97158702573425e-01",no significant difference,"3,72778094558470e-01",stronger,FALSE,385,"0,924087852340101","0,41469999999999996","1,77076119000000043","4,664252","2,90000000000000e+00",NA,FALSE
RRQCHESPWL,385,"8,99527794163408e-01",no significant difference,"2,94669450302381e-01",no significant difference,FALSE,385,"0,930989506807744","1,44569999999999976","3,20811353000000032","4,975013","6,80000000000000e+00",NA,FALSE
RRQDHESPWL,385,"8,72109690748247e-01",no significant difference,"4,14880885692427e-01",stronger,FALSE,385,"0,927538679573922","-0,34000000000000014","0,80691519000000034","4,436274","-4,00000000000000e-01",NA,FALSE
RRQEHESPWL,385,"9,12638672939718e-01",no significant difference,"4,85522959919055e-01",stronger,FALSE,385,"0,924087852340101","-0,38080000000000008","0,57833399000000041","4,420162","9,00000000000000e-01",NA,FALSE
RRQFHESPWL,385,"9,13419419864233e-01",no significant difference,"1,59881934233003e-01",no significant difference,FALSE,385,"0,941341988509207","1,68119999999999981","3,19425689000000057","5,302231","7,10000000000000e+00",NA,FALSE
RRQGHESPWL,385,"9,01347866528341e-01",no significant difference,"4,60297631052989e-01",stronger,FALSE,385,"0,927538679573922","0,23139999999999994","2,06381452000000021","5,212244","2,70000000000000e+00",NA,FALSE
RRQHHESPWL,385,"8,66813193841480e-01",no significant difference,"1,78985410085956e-01",no significant difference,FALSE,385,"0,927538679573922","0,52889999999999993","1,72229920000000036","4,907074","3,20000000000000e+00",NA,FALSE
RRQIHESPWL,385,"8,90435629383573e-01",no significant difference,"2,45518473063675e-01",no significant difference,FALSE,385,"0,927538679573922","1,51939999999999986","2,69118712000000038","4,950762","7,50000000000000e+00",NA,FALSE
RRQKHESPWL,385,"8,90203006458288e-01",no significant difference,"4,28408748622297e-01",no significant difference,FALSE,385,"0,924087852340101","-0,77210000000000012","0,25062709000000039","4,567372","-4,00000000000000e-01",NA,FALSE
RRQLHESPWL,385,"9,30964860218085e-01",no significant difference,"2,40655953462369e-01",stronger,FALSE,385,"0,968948606379776","1,32229999999999981","2,57382860000000058","4,993466","8,40000000000000e+00",NA,FALSE
RRQMHESPWL,385,"9,47005734034318e-01",no significant difference,"1,42193051162742e-01",no significant difference,FALSE,385,"0,930989506807744","1,42089999999999983","2,25191173000000022","4,925345","6,90000000000000e+00",NA,FALSE
RRQNHESPWL,385,"9,04033937676904e-01",no significant difference,"3,96269248053461e-01",stronger,FALSE,385,"0,924087852340101","0,13919999999999993","1,15005029000000025","4,838227","2,20000000000000e+00",NA,FALSE
RRQPHESPWL,385,"9,11232833115647e-01",no significant difference,"3,73490803169860e-01",stronger,FALSE,385,"0,930989506807744","0,22859999999999991","1,32923409000000037","4,708071","5,00000000000000e-01",NA,FALSE
RRQQHESPWL,385,"8,96441223004445e-01",no significant difference,"3,86420387835313e-01",stronger,FALSE,385,"0,924087852340101","-0,00290000000000006","1,21196739000000031","4,794891","-9,99999999999999e-02",NA,FALSE
RRQRHESPWL,385,"8,32850377329429e-01",no significant difference,"1,54417742337619e-01",no significant difference,FALSE,385,"0,937891161275386","0,32089999999999996","1,41772689000000041","5,088041","4,10000000000000e+00",NA,FALSE
RRQSHESPWL,385,"8,63677738677832e-01",no significant difference,"3,27975689797868e-01",stronger,FALSE,385,"0,937891161275386","0,54609999999999992","1,29755359000000037","4,782208","2,20000000000000e+00",NA,FALSE
RRQTHESPWL,385,"8,86532722945537e-01",no significant difference,"2,74433247896249e-01",stronger,FALSE,385,"0,927538679573922","0,51159999999999994","1,56468858000000033","4,753077","8,00000000000000e-01",NA,FALSE
RRQVHESPWL,385,"9,08641037456316e-01",no significant difference,"3,07565859175458e-01",stronger,FALSE,385,"0,927538679573922","1,16839999999999988","2,40752802000000043","4,628587","7,40000000000000e+00",NA,FALSE
RRQWHESPWL,385,"9,46869498370611e-01",no significant difference,"1,93704364922052e-01",no significant difference,FALSE,385,"0,930989506807744","1,20099999999999985","3,52154726000000062","5,410466","3,70000000000000e+00",NA,FALSE
RRQYHESPWL,385,"9,58457920217521e-01",no significant difference,"1,64205509077911e-01",no significant difference,FALSE,385,"0,924087852340101","1,28909999999999991","3,20852448000000035","5,359131","5,90000000000000e+00",NA,FALSE
RRR*HESPWL,385,"4,53317104394045e-01",weaker,"5,37422950948071e-01",stronger,TRUE,385,NA,"-0,26279999999999998","-0,26788469999999998","2,006397","4,20000000000000e+00",NA,FALSE
RRRAHESPWL,385,"8,77213442283001e-01",no significant difference,"1,95856555920959e-01",no significant difference,FALSE,385,"0,955139245960325","0,73849999999999993","1,97652069000000030","4,957402","7,10000000000000e+00",NA,FALSE
RRRCHESPWL,385,"8,94450328074428e-01",no significant difference,"1,73384123763478e-01",no significant difference,FALSE,385,"0,962040900427967","1,76949999999999985","3,41387303000000042","5,268163","1,10000000000000e+01",NA,FALSE
RRRDHESPWL,385,"8,91452543097243e-01",no significant difference,"3,57766316410480e-01",stronger,FALSE,385,"0,958590073194146","-0,01620000000000012","1,01267469000000032","4,729424","3,80000000000000e+00",NA,FALSE
RRREHESPWL,385,"9,32035605356015e-01",no significant difference,"3,46420708096440e-01",stronger,FALSE,385,"0,955139245960325","-0,05700000000000006","0,78409349000000039","4,713312","5,10000000000000e+00",NA,FALSE
RRRFHESPWL,385,"8,92757434737728e-01",no significant difference,"1,07294564561520e-01",no significant difference,FALSE,385,"0,972393382129431","2,00499999999999989","3,40001639000000022","5,595381","1,13000000000000e+01",NA,FALSE
RRRGHESPWL,385,"8,85663344856514e-01",no significant difference,"2,34445890069861e-01",stronger,FALSE,385,"0,958590073194146","0,55519999999999992","2,26957402000000030","5,505394","6,90000000000000e+00",NA,FALSE
RRRHHESPWL,385,"8,77844723185911e-01",no significant difference,"7,51256125827802e-02",no significant difference,FALSE,385,"0,958590073194146","0,85269999999999990","1,92805870000000024","5,200224","7,40000000000000e+00",NA,FALSE
RRRIHESPWL,385,"9,15425082222809e-01",no significant difference,"2,15949899585641e-01",no significant difference,FALSE,385,"0,958590073194146","1,84319999999999995","2,89694662000000047","5,243912","1,17000000000000e+01",NA,FALSE
RRRKHESPWL,385,"8,55342286148059e-01",no significant difference,"1,10760026838314e-01",no significant difference,FALSE,385,"0,955139245960325","-0,44830000000000014","0,45638659000000037","4,860522","3,80000000000000e+00",NA,FALSE
RRRL*ESPWL,385,"3,20215590909875e-01",weaker,"8,11303033200107e-01",stronger,TRUE,385,NA,"0,65100000000000002","0,79892211000000013","2,580621","9,90000000000000e+00",NA,FALSE
RRRLAESPWL,385,"8,15519165429404e-01",no significant difference,"5,98885933605721e-01",stronger,FALSE,385,"0,986199996800842","1,53189999999999982","2,82805009000000052","5,043794","1,23000000000000e+01","0,82798",FALSE
RRRLCESPWL,385,"8,01562139410778e-01",no significant difference,"5,99518551464035e-01",no significant difference,FALSE,385,"0,975849998917507","2,56289999999999996","4,26540243000000086","5,354555","1,62000000000000e+01","0,74428",FALSE
RRRLDESPWL,385,"7,98387229811053e-01",no significant difference,"6,32398079156898e-01",no significant difference,FALSE,385,"0,979299995201263","0,77719999999999989","1,86420409000000031","4,815816","9,00000000000000e+00","0,73788",FALSE
RRRLEESPWL,385,"8,22130792982142e-01",no significant difference,"6,42075728658431e-01",stronger,FALSE,385,"0,979299995201263","0,73639999999999994","1,63562289000000050","4,799704","1,03000000000000e+01","0,44740",FALSE
RRRLFESPWL,385,"8,15250212752201e-01",no significant difference,"3,87853895587978e-01",weaker,FALSE,385,"0,993099998400421","2,79840000000000000","4,25154579000000066","5,681773","1,65000000000000e+01","0,42530",FALSE
RRRLGESPWL,385,"7,34730418227976e-01",weaker,"6,13116580055497e-01",stronger,FALSE,385,"0,986199996800842","1,34859999999999980","3,12110342000000029","5,591786","1,21000000000000e+01","0,93744",FALSE
RRRLH*SPWL,385,"3,81682018304285e-01",weaker,"7,25386360983130e-01",stronger,TRUE,385,NA,"0,77139999999999997","1,01419952000000002","3,068453","1,04000000000000e+01",NA,FALSE
RRRLHASPWL,385,"5,14600813174502e-01",weaker,"3,50083033943750e-01",weaker,FALSE,385,"0,819477317777370","2,44159999999999977","3,97201530000000025","5,530706","1,46000000000000e+01","1,79212",FALSE
RRRLHCSPWL,385,"5,01484243028849e-01",weaker,"3,44394684698773e-01",weaker,FALSE,385,"0,819477317777370","3,47259999999999991","5,40936764000000014","5,841467","1,85000000000000e+01","1,33126",FALSE
RRRLHDSPWL,385,"5,99538652475696e-01",weaker,"5,54291175077811e-01",no significant difference,FALSE,385,"0,819477317777370","1,68689999999999984","3,00816930000000049","5,302728","1,13000000000000e+01","1,59974",FALSE
RRRLHE*PWL,385,"3,17631560624892e-01",weaker,"7,72499655693997e-01",stronger,TRUE,385,NA,"-0,01790000000000004","0,08551172000000018","3,069373","8,60000000000000e+00",NA,FALSE
RRRLHEAPWL,385,"4,14790201938498e-01",weaker,"5,09745615692230e-01",no significant difference,FALSE,385,"0,826496325877516","1,51469999999999994","3,25279570000000051","5,168660","1,33000000000000e+01","0,77076",FALSE
RRRLHECPWL,385,"6,46703392287411e-01",weaker,"5,28897927067746e-01",no significant difference,FALSE,385,"0,826496325877516","2,54569999999999963","4,69014804000000041","5,479421","1,72000000000000e+01","1,35816",FALSE
RRRLHEDPWL,385,"4,62864205590735e-01",weaker,"5,44177462930771e-01",no significant difference,FALSE,385,"0,826496325877516","0,75999999999999979","2,28894970000000031","4,940682","1,00000000000000e+01","3,14580",FALSE
RRRLHEEPWL,385,"4,57293475068506e-01",weaker,"6,01430139673943e-01",no significant difference,FALSE,385,"0,826496325877516","0,71919999999999984","2,06036850000000049","4,924570","1,13000000000000e+01","5,41281",FALSE
RRRLHEFPWL,385,"3,57089994714441e-01",weaker,"4,45037158799326e-01",no significant difference,FALSE,385,"0,826496325877516","2,78119999999999967","4,67629140000000021","5,806639","1,75000000000000e+01","5,06088",FALSE
RRRLHEGPWL,385,"7,90698440414290e-01",weaker,"4,53211541808865e-01",no significant difference,FALSE,385,"0,826496325877516","1,33139999999999992","3,54584903000000029","5,716652","1,31000000000000e+01","1,90470",FALSE
RRRLHEHPWL,385,"3,85864034901362e-01",weaker,"4,85611949099895e-01",no significant difference,FALSE,385,"0,826496325877516","1,62889999999999979","3,20433371000000022","5,411482","1,36000000000000e+01","7,41628",FALSE
RRRLHEIPWL,385,"4,17990160639597e-01",weaker,"3,46864227229197e-01",weaker,FALSE,385,"0,826496325877516","2,61939999999999973","4,17322163000000046","5,455170","1,79000000000000e+01","4,84766",FALSE
RRRLHEKPWL,385,"3,80475980475260e-01",weaker,"4,70752095884804e-01",no significant difference,FALSE,385,"0,826496325877516","0,32789999999999980","1,73266160000000058","5,071780","1,00000000000000e+01","4,08524",FALSE
RRRLHELPWL,385,"3,58742812106039e-01",weaker,"4,09969881969489e-01",weaker,FALSE,385,"0,826496325877516","2,42229999999999945","4,05586311000000066","5,497874","1,88000000000000e+01","3,12689",FALSE
RRRLHEMPWL,385,"3,75161372497644e-01",weaker,"4,30129325667779e-01",no significant difference,FALSE,385,"0,826496325877516","2,52089999999999970","3,73394624000000031","5,429753","1,73000000000000e+01","2,81728",FALSE
RRRLHENPWL,385,"3,93472202607877e-01",weaker,"5,09264076426114e-01",no significant difference,FALSE,385,"0,826496325877516","1,23919999999999986","2,63208480000000034","5,342635","1,26000000000000e+01","4,74445",FALSE
RRRLHEPPWL,385,"3,97869174935023e-01",weaker,"3,81745673715765e-01",weaker,FALSE,385,"0,829966400443814","1,32859999999999978","2,81126860000000045","5,212479","1,09000000000000e+01","8,17075",FALSE
RRRLHEQPWL,385,"4,39801420992276e-01",weaker,"5,12939061729985e-01",no significant difference,FALSE,385,"0,826496325877516","1,09709999999999996","2,69400190000000039","5,299299","1,03000000000000e+01","5,09318",FALSE
RRRLHERPWL,385,"3,37923999584247e-01",weaker,"3,81167155677667e-01",weaker,FALSE,385,"0,826496325877516","1,42089999999999983","2,89976140000000049","5,592449","1,45000000000000e+01","3,49190",FALSE
RRRLHES*WL,385,"3,85997171245316e-01",weaker,"7,60647323490882e-01",stronger,TRUE,385,NA,"0,11969999999999996","-0,12395647999999981","3,432339","8,10000000000000e+00",NA,FALSE
RRRLHESAWL,385,"8,44124914456865e-01",no significant difference,"5,05456098998565e-01",no significant difference,FALSE,385,"0,864843081718854","1,83219999999999983","3,22111520000000029","5,242797","1,50000000000000e+01","0,75374",FALSE
RRRLHESCWL,385,"8,35849223589765e-01",no significant difference,"4,85639538842375e-01",no significant difference,FALSE,385,"0,861377523185516","2,86319999999999997","4,65846754000000018","5,553558","1,89000000000000e+01","-0,47406",FALSE
RRRLHESDWL,385,"8,92186534654543e-01",no significant difference,"6,77175478758948e-01",stronger,FALSE,385,"0,892567577081750","1,07749999999999990","2,25726920000000053","5,014819","1,17000000000000e+01","-0,29238",FALSE
RRRLHESEWL,385,"8,89512629914548e-01",no significant difference,"6,46524288096435e-01",stronger,FALSE,385,"0,864843081718854","1,03669999999999995","2,02868800000000071","4,998707","1,30000000000000e+01","-0,98706",FALSE
RRRLHESFWL,385,"6,43064505591196e-01",no significant difference,"4,08286101051661e-01",weaker,FALSE,385,"0,861377523185516","3,09870000000000001","4,64461090000000087","5,880776","1,92000000000000e+01","-0,19208",FALSE
RRRLHESGWL,385,"8,30048392912413e-01",weaker,"5,86696687845022e-01",stronger,FALSE,385,"0,864843081718854","1,64889999999999981","3,51416853000000051","5,790789","1,48000000000000e+01","0,80608",FALSE
RRRLHESHWL,385,"7,45239003784324e-01",weaker,"5,41338525367247e-01",no significant difference,FALSE,385,"0,861377523185516","1,94639999999999991","3,17265321000000045","5,485619","1,53000000000000e+01","-0,41754",FALSE
RRRLHESIWL,385,"8,11075057218436e-01",no significant difference,"4,27515900635338e-01",weaker,FALSE,385,"0,861377523185516","2,93690000000000007","4,14154113000000024","5,529307","1,96000000000000e+01","0,69122",FALSE
RRRLHESKWL,385,"7,81925474195952e-01",no significant difference,"5,83292114081644e-01",stronger,FALSE,385,"0,861377523185516","0,64539999999999975","1,70098110000000036","5,145917","1,17000000000000e+01","0,12432",FALSE
RRRLHESLWL,385,"7,32617091540396e-01",weaker,"4,75351202604751e-01",no significant difference,FALSE,385,"0,861377523185516","2,73979999999999979","4,02418261000000044","5,572011","2,05000000000000e+01","0,37684",FALSE
RRRLHESMWL,385,"7,93909920962035e-01",no significant difference,"4,71748585208587e-01",no significant difference,FALSE,385,"0,861377523185516","2,83840000000000003","3,70226574000000053","5,503890","1,90000000000000e+01","0,39182",FALSE
RRRLHESNWL,385,"8,31165296113723e-01",no significant difference,"5,79449472887386e-01",no significant difference,FALSE,385,"0,861377523185516","1,55669999999999997","2,60040430000000056","5,416772","1,43000000000000e+01","-0,41654",FALSE
RRRLHESP*L,385,"2,96384172301205e-01",no significant difference,"7,61653246272175e-01",stronger,TRUE,385,NA,"-0,06020000000000005","-0,30174417999999981","3,721168","5,90000000000000e+00",NA,FALSE
RRRLHESPAL,385,"6,18280503512393e-01",weaker,"7,02677315270180e-01",stronger,FALSE,385,"0,822987675357673","0,85979999999999990","1,02880203000000026","4,540402","1,18000000000000e+01","3,66550",FALSE
RRRLHESPCL,385,"6,41551144707508e-01",no significant difference,"6,58438487643224e-01",stronger,FALSE,385,"0,822987675357673","1,89079999999999981","2,46615437000000037","4,851163","1,57000000000000e+01","2,86450",FALSE
RRRLHESPDL,385,"7,58319897343419e-01",no significant difference,"6,12378973578559e-01",stronger,FALSE,385,"0,822987675357673","0,10509999999999985","0,06495603000000028","4,312424","8,50000000000000e+00","4,66732",FALSE
RRRLHESPEL,385,"7,25689293562731e-01",no significant difference,"7,12472389335946e-01",stronger,FALSE,385,"0,822987675357673","0,06429999999999990","-0,16362516999999965","4,296312","9,80000000000000e+00","2,47054",FALSE
RRRLHESPFL,385,"6,16197906531887e-01",no significant difference,"4,98390331379284e-01",no significant difference,FALSE,385,"0,822987675357673","2,12629999999999963","2,45229773000000062","5,178381","1,60000000000000e+01","0,79276",FALSE
RRRLHESPGL,385,"5,62083616673747e-01",weaker,"6,85235049884513e-01",stronger,FALSE,385,"0,826458499585442","0,67649999999999988","1,32185536000000026","5,088394","1,16000000000000e+01","4,72336",FALSE
RRRLHESPHL,385,"4,78136458485048e-01",no significant difference,"5,33946070410412e-01",stronger,FALSE,385,"0,822987675357673","0,97399999999999987","0,98034004000000030","4,783224","1,21000000000000e+01","2,85460",FALSE
RRRLHESPIL,385,"6,44119493004812e-01",no significant difference,"5,28304850782091e-01",no significant difference,FALSE,385,"0,822987675357673","1,96449999999999991","1,94922796000000020","4,826912","1,64000000000000e+01","1,03216",FALSE
RRRLHESPKL,385,"5,52484339884156e-01",no significant difference,"4,82345672388767e-01",no significant difference,FALSE,385,"0,822987675357673","-0,32700000000000018","-0,49133206999999968","4,443522","8,50000000000000e+00","2,91114",FALSE
RRRLHESPLL,385,"7,37134169588768e-01",weaker,"5,95050932508501e-01",stronger,FALSE,385,"0,822987675357673","1,76739999999999964","1,83186944000000040","4,869616","1,73000000000000e+01","0,80108",FALSE
RRRLHESPML,385,"7,31085220963560e-01",no significant difference,"6,36499050419254e-01",stronger,FALSE,385,"0,822987675357673","1,86599999999999988","1,50995257000000027","4,801495","1,58000000000000e+01","0,88236",FALSE
RRRLHESPNL,385,"6,89500246966532e-01",no significant difference,"6,52101206185748e-01",stronger,FALSE,385,"0,822987675357673","0,58429999999999993","0,40809113000000030","4,714377","1,11000000000000e+01","3,14574",FALSE
RRRLHESPPL,385,"6,88556217207661e-01",weaker,"6,29967222828640e-01",stronger,FALSE,385,"0,822987675357673","0,67369999999999985","0,58727493000000031","4,584221","9,40000000000000e+00","2,25098",FALSE
RRRLHESPQL,385,"5,40134185449722e-01",no significant difference,"6,88942145695100e-01",stronger,FALSE,385,"0,822987675357673","0,44219999999999993","0,47000823000000030","4,671041","8,80000000000000e+00","2,69800",FALSE
RRRLHESPRL,385,"5,07811406751379e-01",weaker,"4,78226473560638e-01",no significant difference,FALSE,385,"0,822987675357673","0,76599999999999990","0,67576773000000023","4,964191","1,30000000000000e+01","2,99988",FALSE
RRRLHESPSL,385,"6,55657448666357e-01",weaker,"7,35242555613509e-01",stronger,FALSE,385,"0,822987675357673","0,99119999999999986","0,55559443000000031","4,658358","1,11000000000000e+01","3,69778",FALSE
RRRLHESPTL,385,"7,11548608876370e-01",weaker,"6,66180479137606e-01",stronger,FALSE,385,"0,822987675357673","0,95669999999999988","0,82272942000000027","4,629227","9,70000000000000e+00","3,47346",FALSE
RRRLHESPVL,385,"6,57530066644235e-01",weaker,"6,14751167520363e-01",stronger,FALSE,385,"0,822987675357673","1,61349999999999993","1,66556886000000026","4,504737","1,63000000000000e+01","1,86566",FALSE
RRRLHESPW*,385,"4,16141617408957e-01",weaker,"5,87085753836689e-01",stronger,TRUE,385,NA,"0,73229999999999995","1,71278129000000034","4,712392","6,90000000000000e+00",NA,FALSE
RRRLHESPWA,385,"3,97410171959966e-01",weaker,"6,22026214450028e-01",stronger,FALSE,385,"0,826487104138212","0,73849999999999993","1,97652069000000030","4,957402","7,10000000000000e+00","3,49754",FALSE
RRRLHESPWC,385,"5,85344899359014e-01",weaker,"5,34148565776579e-01",no significant difference,FALSE,385,"0,826487104138212","1,76949999999999985","3,41387303000000042","5,268163","1,10000000000000e+01","2,89728",FALSE
RRRLHESPWD,385,"4,12657494428180e-01",no significant difference,"6,69454479284537e-01",stronger,FALSE,385,"0,826487104138212","-0,01620000000000012","1,01267469000000032","4,729424","3,80000000000000e+00","4,27663",FALSE
RRRLHESPWE,385,"4,67639076215558e-01",weaker,"7,12115849282895e-01",stronger,FALSE,385,"0,826487104138212","-0,05700000000000006","0,78409349000000039","4,713312","5,10000000000000e+00","4,25226",FALSE
RRRLHESPWF,385,"6,41653875544224e-01",weaker,"4,77459148923218e-01",no significant difference,FALSE,385,"0,826487104138212","2,00499999999999989","3,40001639000000022","5,595381","1,13000000000000e+01","2,18890",FALSE
RRRLHESPWG,385,"4,34789479437019e-01",weaker,"5,55060196682181e-01",stronger,FALSE,385,"0,826487104138212","0,55519999999999992","2,26957402000000030","5,505394","6,90000000000000e+00","4,50478",FALSE
RRRLHESPWH,385,"4,28136144643640e-01",weaker,"5,96701488665164e-01",no significant difference,FALSE,385,"0,826487104138212","0,85269999999999990","1,92805870000000024","5,200224","7,40000000000000e+00","2,28830",FALSE
RRRLHESPWI,385,"6,91901688866703e-01",weaker,"5,38551799700082e-01",no significant difference,FALSE,385,"0,826487104138212","1,84319999999999995","2,89694662000000047","5,243912","1,17000000000000e+01","1,19566",FALSE
RRRLHESPWK,385,"3,60163437867630e-01",no significant difference,"5,43633311833765e-01",no significant difference,FALSE,385,"0,826487104138212","-0,44830000000000014","0,45638659000000037","4,860522","3,80000000000000e+00","3,43524",FALSE
RRRLHESPWL,385,"8,95842616658132e-01",no significant difference,"4,89776019164146e-01",no significant difference,FALSE,385,"1,000000000000000","1,64609999999999990","2,77958810000000067","5,286616","1,26000000000000e+01","0,00110",TRUE
RRRLHESPWL,385,"8,95842616658132e-01",no significant difference,"4,89776019164146e-01",no significant difference,FALSE,385,"1,000000000000000","1,64609999999999990","2,77958810000000067","5,286616","1,26000000000000e+01","-0,01032",TRUE
RRRLHESPWL,385,"8,95842616658132e-01",no significant difference,"4,89776019164146e-01",no significant difference,FALSE,385,"1,000000000000000","1,64609999999999990","2,77958810000000067","5,286616","1,26000000000000e+01","-0,00690",TRUE
RRRLHESPWL,385,"8,95842616658132e-01",no significant difference,"4,89776019164146e-01",no significant difference,FALSE,385,"1,000000000000000","1,64609999999999990","2,77958810000000067","5,286616","1,26000000000000e+01","0,00018",TRUE
RRRLHESPWL,385,"8,95842616658132e-01",no significant difference,"4,89776019164146e-01",no significant difference,FALSE,385,"1,000000000000000","1,64609999999999990","2,77958810000000067","5,286616","1,26000000000000e+01","-0,00292",TRUE
RRRLHESPWL,385,"8,95842616658132e-01",no significant difference,"4,89776019164146e-01",no significant difference,FALSE,385,"1,000000000000000","1,64609999999999990","2,77958810000000067","5,286616","1,26000000000000e+01","-0,00244",TRUE
RRRLHESPWL,385,"8,95842616658132e-01",no significant difference,"4,89776019164146e-01",no significant difference,FALSE,385,"1,000000000000000","1,64609999999999990","2,77958810000000067","5,286616","1,26000000000000e+01","0,00252",TRUE
RRRLHESPWL,385,"8,95842616658132e-01",no significant difference,"4,89776019164146e-01",no significant difference,FALSE,385,"1,000000000000000","1,64609999999999990","2,77958810000000067","5,286616","1,26000000000000e+01","0,00048",TRUE
RRRLHESPWL,385,"8,95842616658132e-01",no significant difference,"4,89776019164146e-01",no significant difference,FALSE,385,"1,000000000000000","1,64609999999999990","2,77958810000000067","5,286616","1,26000000000000e+01","0,00134",TRUE
RRRLHESPWL,385,"8,95842616658132e-01",no significant difference,"4,89776019164146e-01",no significant difference,FALSE,385,"1,000000000000000","1,64609999999999990","2,77958810000000067","5,286616","1,26000000000000e+01","-0,03304",TRUE
RRRLHESPWL,385,"8,95842616658132e-01",no significant difference,"1,41073765221792e-01",no significant difference,FALSE,385,"1,000000000000000","1,64609999999999990","2,77958810000000067","5,286616","1,26000000000000e+01","0,00110",TRUE
RRRLHESPWL,385,"8,95842616658132e-01",no significant difference,"1,41073765221792e-01",no significant difference,FALSE,385,"1,000000000000000","1,64609999999999990","2,77958810000000067","5,286616","1,26000000000000e+01","-0,01032",TRUE
RRRLHESPWL,385,"8,95842616658132e-01",no significant difference,"1,41073765221792e-01",no significant difference,FALSE,385,"1,000000000000000","1,64609999999999990","2,77958810000000067","5,286616","1,26000000000000e+01","-0,00690",TRUE
RRRLHESPWL,385,"8,95842616658132e-01",no significant difference,"1,41073765221792e-01",no significant difference,FALSE,385,"1,000000000000000","1,64609999999999990","2,77958810000000067","5,286616","1,26000000000000e+01","0,00018",TRUE
RRRLHESPWL,385,"8,95842616658132e-01",no significant difference,"1,41073765221792e-01",no significant difference,FALSE,385,"1,000000000000000","1,64609999999999990","2,77958810000000067","5,286616","1,26000000000000e+01","-0,00292",TRUE
RRRLHESPWL,385,"8,95842616658132e-01",no significant difference,"1,41073765221792e-01",no significant difference,FALSE,385,"1,000000000000000","1,64609999999999990","2,77958810000000067","5,286616","1,26000000000000e+01","-0,00244",TRUE
RRRLHESPWL,385,"8,95842616658132e-01",no significant difference,"1,41073765221792e-01",no significant difference,FALSE,385,"1,000000000000000","1,64609999999999990","2,77958810000000067","5,286616","1,26000000000000e+01","0,00252",TRUE
RRRLHESPWL,385,"8,95842616658132e-01",no significant difference,"1,41073765221792e-01",no significant difference,FALSE,385,"1,000000000000000","1,64609999999999990","2,77958810000000067","5,286616","1,26000000000000e+01","0,00048",TRUE
RRRLHESPWL,385,"8,95842616658132e-01",no significant difference,"1,41073765221792e-01",no significant difference,FALSE,385,"1,000000000000000","1,64609999999999990","2,77958810000000067","5,286616","1,26000000000000e+01","0,00134",TRUE
RRRLHESPWL,385,"8,95842616658132e-01",no significant difference,"1,41073765221792e-01",no significant difference,FALSE,385,"1,000000000000000","1,64609999999999990","2,77958810000000067","5,286616","1,26000000000000e+01","-0,03304",TRUE
RRRLHESPWM,385,"8,28532802079258e-01",weaker,"5,46926009289421e-01",no significant difference,FALSE,385,"0,833427623585510","1,74469999999999992","2,45767123000000032","5,218495","1,11000000000000e+01","0,29254",FALSE
RRRLHESPWN,385,"4,28380256095514e-01",weaker,"5,60749305824078e-01",no significant difference,FALSE,385,"0,826487104138212","0,46299999999999997","1,35580979000000035","5,131377","6,40000000000000e+00","2,19868",FALSE
RRRLHESPWP,385,"3,93497354410001e-01",weaker,"5,95093162909522e-01",stronger,FALSE,385,"0,826487104138212","0,55239999999999989","1,53499359000000046","5,001221","4,70000000000000e+00","5,70556",FALSE
RRRLHESPWQ,385,"4,24484660118763e-01",weaker,"5,44677210975838e-01",no significant difference,FALSE,385,"0,826487104138212","0,32089999999999996","1,41772689000000041","5,088041","4,10000000000000e+00","3,32544",FALSE
RRRLHESPWR,385,"4,20425797713495e-01",weaker,"4,78807027804879e-01",no significant difference,FALSE,385,"0,826487104138212","0,64469999999999994","1,62348639000000028","5,381191","8,30000000000000e+00","3,06112",FALSE
RRRLHESPWS,385,"3,94073711525959e-01",weaker,"5,39711191632081e-01",stronger,FALSE,385,"0,826487104138212","0,86989999999999990","1,50331309000000024","5,075358","6,40000000000000e+00","3,74390",FALSE
RRRLHESPWT,385,"4,09696983086267e-01",weaker,"5,86048278473613e-01",stronger,FALSE,385,"0,826487104138212","0,83539999999999992","1,77044808000000042","5,046227","5,00000000000000e+00","2,87808",FALSE
RRRLHESPWV,385,"6,78299666680105e-01",weaker,"5,58336889000640e-01",stronger,FALSE,385,"0,826487104138212","1,49219999999999997","2,61328752000000009","4,921737","1,16000000000000e+01","1,80164",FALSE
RRRLHESPWW,385,"4,46171810765228e-01",weaker,"4,94084532887091e-01",no significant difference,FALSE,385,"0,826487104138212","1,52479999999999993","3,72730676000000027","5,703616","7,90000000000000e+00","4,87367",FALSE
RRRLHESPWY,385,"5,36516625214363e-01",weaker,"4,43274845247394e-01",no significant difference,FALSE,385,"0,826487104138212","1,61290000000000000","3,41428398000000044","5,652281","1,01000000000000e+01","5,30667",FALSE
RRRLHESPYL,385,"6,57081873448575e-01",no significant difference,"5,06756996193888e-01",no significant difference,FALSE,385,"0,822987675357673","1,73419999999999996","2,46656532000000039","5,235281","1,48000000000000e+01","1,28464",FALSE
RRRLHESQWL,385,"8,38312066423779e-01",no significant difference,"5,49235258483410e-01",no significant difference,FALSE,385,"0,861377523185516","1,41459999999999986","2,66232140000000062","5,373436","1,20000000000000e+01","-0,34802",FALSE
RRRLHESRWL,385,"7,16494493805082e-01",weaker,"4,89943010838056e-01",no significant difference,FALSE,385,"0,861377523185516","1,73839999999999995","2,86808090000000027","5,666586","1,62000000000000e+01","-0,36674",FALSE
RRRLHESSWL,385,"7,87735088178174e-01",weaker,"5,53431461797779e-01",stronger,FALSE,385,"0,861377523185516","1,96359999999999979","2,74790760000000045","5,360753","1,43000000000000e+01","-0,34640",FALSE
RRRLHESTWL,385,"7,96419519517973e-01",weaker,"5,10381641917812e-01",no significant difference,FALSE,385,"0,861377523185516","1,92909999999999981","3,01504259000000063","5,331622","1,29000000000000e+01","-0,51994",FALSE
RRRLHESVWL,385,"8,20748779201999e-01",weaker,"4,86780166557942e-01",no significant difference,FALSE,385,"0,861377523185516","2,58590000000000009","3,85788203000000030","5,207132","1,95000000000000e+01","0,74442",FALSE
RRRLHESWWL,385,"6,83067434556194e-01",weaker,"4,33994078179272e-01",no significant difference,FALSE,385,"0,861377523185516","2,61850000000000005","4,97190127000000093","5,989011","1,58000000000000e+01","0,84738",FALSE
RRRLHESYWL,385,"6,91852487997201e-01",no significant difference,"3,79051069302399e-01",no significant difference,FALSE,385,"0,861377523185516","2,70659999999999989","4,65887849000000021","5,937676","1,80000000000000e+01","0,47254",FALSE
RRRLHETPWL,385,"8,08717988535739e-01",weaker,"5,04420573264922e-01",no significant difference,FALSE,385,"0,829966400443814","1,61159999999999992","3,04672309000000041","5,257485","1,12000000000000e+01","2,38718",FALSE
RRRLHEVPWL,385,"3,96188766098081e-01",weaker,"4,15633536057247e-01",weaker,FALSE,385,"0,826496325877516","2,26839999999999975","3,88956253000000052","5,132995","1,78000000000000e+01","2,67748",FALSE
RRRLHEWPWL,385,"4,21383179674740e-01",weaker,"4,35299138884594e-01",no significant difference,FALSE,385,"0,826496325877516","2,30099999999999971","5,00358177000000026","5,914874","1,41000000000000e+01","6,42421",FALSE
RRRLHEYPWL,385,"4,53479725842989e-01",weaker,"4,18217078048071e-01",no significant difference,FALSE,385,"0,826496325877516","2,38910000000000000","4,69055899000000043","5,863539","1,63000000000000e+01","7,63841",FALSE
RRRLHFSPWL,385,"4,57305362611696e-01",weaker,"3,56729115049368e-01",weaker,FALSE,385,"0,819477317777370","3,70809999999999995","5,39551100000000083","6,168685","1,88000000000000e+01","4,62506",FALSE
RRRLHGSPWL,385,"4,16081648307969e-01",weaker,"3,55667897198609e-01",weaker,FALSE,385,"0,819477317777370","2,25829999999999975","4,26506863000000003","6,078698","1,44000000000000e+01","2,21634",FALSE
RRRLHHSPWL,385,"6,31614224996975e-01",weaker,"3,06225928562222e-01",no significant difference,FALSE,385,"0,819477317777370","2,55580000000000007","3,92355331000000040","5,773528","1,49000000000000e+01","3,39848",FALSE
RRRLHISPWL,385,"5,24759174604721e-01",weaker,"2,54017199776156e-01",weaker,FALSE,385,"0,819477317777370","3,54630000000000001","4,89244123000000020","5,817216","1,92000000000000e+01","1,19960",FALSE
RRRLHKSPWL,385,"4,48923466330828e-01",weaker,"3,28372446697732e-01",no significant difference,FALSE,385,"0,819477317777370","1,25479999999999969","2,45188120000000032","5,433826","1,13000000000000e+01","2,61480",FALSE
RRRLHLSPWL,385,"5,50875453374330e-01",weaker,"1,82960161058079e-01",weaker,FALSE,385,"0,819477317777370","3,34919999999999973","4,77508271000000040","5,859920","2,01000000000000e+01","1,59870",FALSE
RRRLHMSPWL,385,"6,55508129989116e-01",weaker,"3,80129706612891e-01",no significant difference,FALSE,385,"0,819477317777370","3,44779999999999998","4,45316584000000049","5,791799","1,86000000000000e+01","1,28024",FALSE
RRRLHNSPWL,385,"5,22476157808178e-01",weaker,"4,10865139059862e-01",weaker,FALSE,385,"0,819477317777370","2,16609999999999969","3,35130440000000052","5,704681","1,39000000000000e+01","2,81334",FALSE
RRRLHPSPWL,385,"5,30004160297956e-01",weaker,"3,82630089107866e-01",weaker,FALSE,385,"0,819477317777370","2,25550000000000006","3,53048820000000063","5,574525","1,22000000000000e+01","1,55182",FALSE
RRRLHQSPWL,385,"7,39789531544305e-01",no significant difference,"4,33744698502761e-01",no significant difference,FALSE,385,"0,819477317777370","2,02400000000000002","3,41322150000000057","5,661345","1,16000000000000e+01","2,60102",FALSE
RRRLHRSPWL,385,"4,06118988125690e-01",weaker,"2,73109328391773e-01",weaker,FALSE,385,"0,819477317777370","2,34779999999999989","3,61898100000000023","5,954495","1,58000000000000e+01","2,96570",FALSE
RRRLHSSPWL,385,"5,40529990263610e-01",weaker,"3,59742968107652e-01",weaker,FALSE,385,"0,819477317777370","2,57299999999999995","3,49880770000000041","5,648662","1,39000000000000e+01","2,21368",FALSE
RRRLHTSPWL,385,"5,00873701616921e-01",weaker,"3,87736077194476e-01",weaker,FALSE,385,"0,819477317777370","2,53849999999999998","3,76594269000000059","5,619531","1,25000000000000e+01","2,52536",FALSE
RRRLHVSPWL,385,"5,51848188392445e-01",weaker,"3,18415232081723e-01",weaker,FALSE,385,"0,819477317777370","3,19530000000000003","4,60878213000000070","5,495041","1,91000000000000e+01","1,10122",FALSE
RRRLHWSPWL,385,"4,03588337633633e-01",weaker,"3,24384057255017e-01",no significant difference,FALSE,385,"0,819477317777370","3,22789999999999999","5,72280137000000089","6,276920","1,54000000000000e+01","4,47747",FALSE
RRRLHYSPWL,385,"4,49537140816105e-01",weaker,"3,13422420240278e-01",weaker,FALSE,385,"0,819477317777370","3,31599999999999984","5,40977859000000016","6,225585","1,76000000000000e+01","4,00395",FALSE
RRRLIESPWL,385,"8,55761629425866e-01",no significant difference,"5,20796187035067e-01",no significant difference,FALSE,385,"0,982750000517086","2,63660000000000005","3,74847602000000046","5,330304","1,69000000000000e+01","0,65698",FALSE
RRRLKESPWL,385,"8,15178809239163e-01",no significant difference,"5,72593963669768e-01",no significant difference,FALSE,385,"0,982750000517086","0,34509999999999980","1,30791599000000058","4,946914","9,00000000000000e+00","0,30472",FALSE
RRRLLESPWL,385,"8,03898143366146e-01",no significant difference,"5,47865653630483e-01",no significant difference,FALSE,385,"0,993099998400421","2,43949999999999978","3,63111750000000066","5,373008","1,78000000000000e+01","0,61236",FALSE
RRRLMESPWL,385,"8,43120869658419e-01",no significant difference,"5,08440766145653e-01",no significant difference,FALSE,385,"0,975849998917507","2,53810000000000002","3,30920063000000031","5,304887","1,63000000000000e+01","-0,20700",FALSE
RRRLNESPWL,385,"7,60053559356621e-01",no significant difference,"6,17979102806992e-01",stronger,FALSE,385,"0,979299995201263","1,25639999999999996","2,20733919000000034","5,217769","1,16000000000000e+01","0,59142",FALSE
RRRLPESPWL,385,"8,63774479203509e-01",no significant difference,"5,88813687559573e-01",stronger,FALSE,385,"0,986199996800842","1,34579999999999989","2,38652299000000045","5,087613","9,90000000000000e+00","0,64536",FALSE
RRRLQESPWL,385,"8,47456690269465e-01",no significant difference,"5,58012160978972e-01",no significant difference,FALSE,385,"0,975849998917507","1,11429999999999985","2,26925629000000040","5,174433","9,30000000000000e+00","0,09400",FALSE
RRRLRESPWL,385,"8,35640860798726e-01",no significant difference,"5,18641440142235e-01",no significant difference,FALSE,385,"0,996550003716244","1,43809999999999993","2,47501579000000049","5,467583","1,35000000000000e+01","0,19100",FALSE
RRRLSESPWL,385,"8,06160098902204e-01",no significant difference,"5,79048084532578e-01",stronger,FALSE,385,"0,986199996800842","1,66330000000000000","2,35484249000000023","5,161750","1,16000000000000e+01","0,81634",FALSE
RRRLTESPWL,385,"8,52962525115835e-01",no significant difference,"6,30329114136171e-01",stronger,FALSE,385,"0,982750000517086","1,62879999999999980","2,62197748000000042","5,132619","1,02000000000000e+01","0,99248",FALSE
RRRLVESPWL,385,"9,09534365963203e-01",no significant difference,"5,52449331849411e-01",stronger,FALSE,385,"0,982750000517086","2,28560000000000008","3,46481692000000052","5,008129","1,68000000000000e+01","0,85888",FALSE
RRRLWESPWL,385,"7,77748580528790e-01",no significant difference,"3,94004275800738e-01",weaker,FALSE,385,"0,975849998917507","2,31820000000000004","4,57883616000000071","5,790008","1,31000000000000e+01","-0,68876",FALSE
RRRLYESPWL,385,"8,14664511857975e-01",no significant difference,"4,61740410839330e-01",no significant difference,FALSE,385,"0,989650002116665","2,40629999999999988","4,26581338000000088","5,738673","1,53000000000000e+01","-0,03974",FALSE
RRRMHESPWL,385,"9,20000024627394e-01",no significant difference,"1,57646078228163e-01",no significant difference,FALSE,385,"0,962040900427967","1,74469999999999992","2,45767123000000032","5,218495","1,11000000000000e+01",NA,FALSE
RRRNHESPWL,385,"8,76881233325817e-01",no significant difference,"2,41391476671165e-01",stronger,FALSE,385,"0,955139245960325","0,46299999999999997","1,35580979000000035","5,131377","6,40000000000000e+00",NA,FALSE
RRRPHESPWL,385,"8,98266602697663e-01",no significant difference,"3,16654902538577e-01",stronger,FALSE,385,"0,962040900427967","0,55239999999999989","1,53499359000000046","5,001221","4,70000000000000e+00",NA,FALSE
RRRQHESPWL,385,"8,59012470964140e-01",no significant difference,"1,60538197247539e-01",no significant difference,FALSE,385,"0,955139245960325","0,32089999999999996","1,41772689000000041","5,088041","4,10000000000000e+00",NA,FALSE
RRRRHESPWL,385,"8,09553455342417e-01",weaker,"1,54983425609494e-03",weaker,FALSE,385,"0,968942554895610","0,64469999999999994","1,62348639000000028","5,381191","8,30000000000000e+00",NA,FALSE
RRRSHESPWL,385,"8,88664020375075e-01",no significant difference,"2,56043088210175e-01",stronger,FALSE,385,"0,968942554895610","0,86989999999999990","1,50331309000000024","5,075358","6,40000000000000e+00",NA,FALSE
RRRTHESPWL,385,"8,63678848456943e-01",no significant difference,"2,41970715899458e-01",stronger,FALSE,385,"0,958590073194146","0,83539999999999992","1,77044808000000042","5,046227","5,00000000000000e+00",NA,FALSE
RRRVHESPWL,385,"9,12682978193498e-01",no significant difference,"1,66206387895423e-01",no significant difference,FALSE,385,"0,958590073194146","1,49219999999999997","2,61328752000000009","4,921737","1,16000000000000e+01",NA,FALSE
RRRWHESPWL,385,"9,08343853332035e-01",no significant difference,"2,36336565859437e-02",no significant difference,FALSE,385,"0,962040900427967","1,52479999999999993","3,72730676000000027","5,703616","7,90000000000000e+00",NA,FALSE
RRRYHESPWL,385,"9,10530839894837e-01",no significant difference,"1,93415094652469e-01",no significant difference,FALSE,385,"0,955139245960325","1,61290000000000000","3,41428398000000044","5,652281","1,01000000000000e+01",NA,FALSE
RRS*HESPWL,385,"4,67267859458304e-01",weaker,"6,57302893330255e-01",stronger,TRUE,385,NA,"-0,03759999999999999","-0,38805800000000001","1,700564","2,30000000000000e+00",NA,FALSE
RRSAHESPWL,385,"8,92309660417915e-01",no significant difference,"3,62406275060631e-01",stronger,FALSE,385,"0,944788778409562","0,96369999999999989","1,85634739000000026","4,651569","5,20000000000000e+00",NA,FALSE
RRSCHESPWL,385,"9,05135966911584e-01",no significant difference,"3,39827964043376e-01",stronger,FALSE,385,"0,951690432877204","1,99469999999999992","3,29369973000000060","4,962330","9,10000000000000e+00",NA,FALSE
RRSDHESPWL,385,"8,86673826908727e-01",no significant difference,"4,60168419095730e-01",stronger,FALSE,385,"0,948239605643383","0,20899999999999985","0,89250139000000028","4,423591","1,90000000000000e+00",NA,FALSE
RRSEHESPWL,385,"9,00940100674945e-01",no significant difference,"4,58953936166930e-01",stronger,FALSE,385,"0,944788778409562","0,16819999999999991","0,66392019000000035","4,407479","3,20000000000000e+00",NA,FALSE
RRSFHESPWL,385,"9,30789162209506e-01",no significant difference,"2,34763288857428e-01",stronger,FALSE,385,"0,962042914578668","2,23019999999999996","3,27984309000000041","5,289548","9,40000000000000e+00",NA,FALSE
RRSGHESPWL,385,"8,91222740736365e-01",no significant difference,"4,52613001495263e-01",stronger,FALSE,385,"0,948239605643383","0,78039999999999987","2,14940072000000049","5,199561","5,00000000000000e+00",NA,FALSE
RRSHHESPWL,385,"8,64385923659880e-01",no significant difference,"2,75442698869096e-01",stronger,FALSE,385,"0,948239605643383","1,07789999999999986","1,80788540000000042","4,894391","5,50000000000000e+00",NA,FALSE
RRSIHESPWL,385,"8,86286939419009e-01",no significant difference,"1,68962032149375e-01",no significant difference,FALSE,385,"0,948239605643383","2,06840000000000002","2,77677332000000021","4,938079","9,80000000000000e+00",NA,FALSE
RRSKHESPWL,385,"8,41447127543507e-01",no significant difference,"3,50377515151358e-01",stronger,FALSE,385,"0,944788778409562","-0,22310000000000019","0,33621329000000033","4,554689","1,90000000000000e+00",NA,FALSE
RRSLHESPWL,385,"9,54547079756011e-01",stronger,"2,30240226229401e-01",stronger,FALSE,385,"0,989649532449237","1,87129999999999996","2,65941480000000041","4,980783","1,07000000000000e+01",NA,FALSE
RRSMHESPWL,385,"9,45592862151975e-01",no significant difference,"2,35524249820113e-01",stronger,FALSE,385,"0,951690432877204","1,96989999999999998","2,33749793000000050","4,912662","9,20000000000000e+00",NA,FALSE
RRSNHESPWL,385,"8,57332906401836e-01",no significant difference,"3,60705814933659e-01",stronger,FALSE,385,"0,944788778409562","0,68819999999999992","1,23563649000000031","4,825544","4,50000000000000e+00",NA,FALSE
RRSPHESPWL,385,"9,14051304367581e-01",no significant difference,"3,38667569829400e-01",stronger,FALSE,385,"0,951690432877204","0,77759999999999996","1,41482029000000042","4,695388","2,80000000000000e+00",NA,FALSE
RRSQHESPWL,385,"8,91723919453344e-01",no significant difference,"3,30502258575349e-01",stronger,FALSE,385,"0,944788778409562","0,54609999999999992","1,29755359000000037","4,782208","2,20000000000000e+00",NA,FALSE
RRSRHESPWL,385,"8,52387166593073e-01",weaker,"1,65895287380009e-01",no significant difference,FALSE,385,"0,958592087344846","0,86989999999999990","1,50331309000000024","5,075358","6,40000000000000e+00",NA,FALSE
RRSSHESPWL,385,"8,77649077823176e-01",no significant difference,"3,28951181841257e-01",stronger,FALSE,385,"0,958592087344846","1,09509999999999996","1,38313979000000042","4,769525","4,50000000000000e+00",NA,FALSE
RRSTHESPWL,385,"9,00121854738605e-01",no significant difference,"3,12232794371776e-01",stronger,FALSE,385,"0,948239605643383","1,06059999999999999","1,65027478000000039","4,740394","3,10000000000000e+00",NA,FALSE
RRSVHESPWL,385,"9,01347279727046e-01",no significant difference,"3,34581859189548e-01",stronger,FALSE,385,"0,948239605643383","1,71740000000000004","2,49311422000000027","4,615904","9,70000000000000e+00",NA,FALSE
RRSWHESPWL,385,"9,16120395787578e-01",no significant difference,"1,60879167409748e-01",no significant difference,FALSE,385,"0,951690432877204","1,75000000000000000","3,60713346000000046","5,397783","6,00000000000000e+00",NA,FALSE
RRSYHESPWL,385,"8,86262402409167e-01",no significant difference,"2,02302664344447e-01",no significant difference,FALSE,385,"0,944788778409562","1,83810000000000007","3,29411068000000062","5,346448","8,20000000000000e+00",NA,FALSE
RRT*HESPWL,385,"5,03659296996774e-01",weaker,"6,43695647154345e-01",stronger,TRUE,385,NA,"-0,07210000000000000","-0,12092301000000000","1,671433","9,00000000000000e-01",NA,FALSE
RRTAHESPWL,385,"9,27150376308194e-01",no significant difference,"3,38842922900676e-01",stronger,FALSE,385,"0,924087852340101","0,92919999999999991","2,12348238000000045","4,622438","3,80000000000000e+00",NA,FALSE
RRTCHESPWL,385,"8,96413696075442e-01",no significant difference,"3,53053311888608e-01",stronger,FALSE,385,"0,930989506807744","1,96019999999999972","3,56083472000000034","4,933199","7,70000000000000e+00",NA,FALSE
RRTDHESPWL,385,"9,03788821454490e-01",no significant difference,"3,13053734957820e-01",stronger,FALSE,385,"0,927538679573922","0,17449999999999988","1,15963638000000024","4,394460","5,00000000000000e-01",NA,FALSE
RRTEHESPWL,385,"9,35687818722191e-01",no significant difference,"4,29697750884935e-01",stronger,FALSE,385,"0,924087852340101","0,13369999999999993","0,93105518000000043","4,378348","1,80000000000000e+00",NA,FALSE
RRTFHESPWL,385,"9,56842378248548e-01",no significant difference,"2,26109567637909e-01",no significant difference,FALSE,385,"0,941341988509207","2,19569999999999999","3,54697808000000059","5,260417","8,00000000000000e+00",NA,FALSE
RRTGHESPWL,385,"9,11787423834512e-01",no significant difference,"4,13808479242227e-01",stronger,FALSE,385,"0,927538679573922","0,74589999999999990","2,41653571000000023","5,170430","3,60000000000000e+00",NA,FALSE
RRTHHESPWL,385,"8,49907853445996e-01",no significant difference,"2,66097323664827e-01",no significant difference,FALSE,385,"0,927538679573922","1,04339999999999988","2,07502039000000016","4,865260","4,10000000000000e+00",NA,FALSE
RRTIHESPWL,385,"9,07127146881301e-01",no significant difference,"2,55682193131146e-01",stronger,FALSE,385,"0,927538679573922","2,03390000000000004","3,04390831000000039","4,908948","8,40000000000000e+00",NA,FALSE
RRTKHESPWL,385,"8,97787446696461e-01",no significant difference,"3,54647042352904e-01",stronger,FALSE,385,"0,924087852340101","-0,25760000000000016","0,60334828000000040","4,525558","5,00000000000000e-01",NA,FALSE
RRTLHESPWL,385,"9,77868466085476e-01",stronger,"2,69684942694802e-01",stronger,FALSE,385,"0,968948606379776","1,83679999999999977","2,92654979000000059","4,951652","9,30000000000000e+00",NA,FALSE
RRTMHESPWL,385,"9,59458945658051e-01",no significant difference,"1,95251364810927e-01",no significant difference,FALSE,385,"0,930989506807744","1,93539999999999979","2,60463292000000024","4,883531","7,80000000000000e+00",NA,FALSE
RRTNHESPWL,385,"8,67871940142635e-01",no significant difference,"3,75141923265160e-01",no significant difference,FALSE,385,"0,924087852340101","0,65369999999999995","1,50277148000000027","4,796413","3,10000000000000e+00",NA,FALSE
RRTPHESPWL,385,"9,06617209359800e-01",no significant difference,"3,77352722127431e-01",stronger,FALSE,385,"0,930989506807744","0,74309999999999987","1,68195528000000039","4,666257","1,40000000000000e+00",NA,FALSE
RRTQHESPWL,385,"9,36081115416637e-01",no significant difference,"3,50013891058544e-01",stronger,FALSE,385,"0,924087852340101","0,51159999999999994","1,56468858000000033","4,753077","8,00000000000000e-01",NA,FALSE
RRTRHESPWL,385,"8,75428483291464e-01",no significant difference,"2,15238310043051e-01",no significant difference,FALSE,385,"0,937891161275386","0,83539999999999992","1,77044808000000042","5,046227","5,00000000000000e+00",NA,FALSE
RRTSHESPWL,385,"8,83584263036310e-01",no significant difference,"3,31627097078512e-01",stronger,FALSE,385,"0,937891161275386","1,06059999999999999","1,65027478000000039","4,740394","3,10000000000000e+00",NA,FALSE
RRTTHESPWL,385,"8,94718205234992e-01",no significant difference,"3,71121666626269e-01",stronger,FALSE,385,"0,927538679573922","1,02610000000000001","1,91740977000000035","4,711263","1,70000000000000e+00",NA,FALSE
RRTVHESPWL,385,"9,41159030395764e-01",no significant difference,"3,07034698795459e-01",stronger,FALSE,385,"0,927538679573922","1,68289999999999984","2,76024921000000045","4,586773","8,30000000000000e+00",NA,FALSE
RRTWHESPWL,385,"9,29465321811781e-01",no significant difference,"1,84441563122132e-01",stronger,FALSE,385,"0,930989506807744","1,71549999999999980","3,87426845000000064","5,368652","4,60000000000000e+00",NA,FALSE
RRTYHESPWL,385,"8,88078868563267e-01",no significant difference,"2,38867553542225e-01",stronger,FALSE,385,"0,924087852340101","1,80359999999999987","3,56124567000000036","5,317317","6,80000000000000e+00",NA,FALSE
RRV*HESPWL,385,"4,46154517242425e-01",weaker,"6,21884968019432e-01",stronger,TRUE,385,NA,"0,58470000000000000","0,72191642999999994","1,546943","7,50000000000000e+00",NA,FALSE
RRVAHESPWL,385,"9,11768462443545e-01",no significant difference,"3,62843673542596e-01",stronger,FALSE,385,"0,924087852340101","1,58599999999999985","2,96632182000000011","4,497948","1,04000000000000e+01",NA,FALSE
RRVCHESPWL,385,"9,38162149384334e-01",no significant difference,"3,29125298163643e-01",stronger,FALSE,385,"0,930989506807744","2,61699999999999999","4,40367416000000045","4,808709","1,43000000000000e+01",NA,FALSE
RRVDHESPWL,385,"8,91372267697122e-01",no significant difference,"4,46878494282172e-01",stronger,FALSE,385,"0,927538679573922","0,83129999999999993","2,00247582000000035","4,269970","7,10000000000000e+00",NA,FALSE
RRVEHESPWL,385,"9,10049282401410e-01",no significant difference,"4,90577092614948e-01",stronger,FALSE,385,"0,924087852340101","0,79049999999999998","1,77389462000000031","4,253858","8,40000000000000e+00",NA,FALSE
RRVFHESPWL,385,"9,16880428701500e-01",no significant difference,"2,40701740793289e-01",no significant difference,FALSE,385,"0,941341988509207","2,85250000000000004","4,38981752000000025","5,135927","1,46000000000000e+01",NA,FALSE
RRVGHESPWL,385,"9,07516000993010e-01",no significant difference,"4,07411371237466e-01",stronger,FALSE,385,"0,927538679573922","1,40269999999999984","3,25937515000000033","5,045940","1,02000000000000e+01",NA,FALSE
RRVHHESPWL,385,"9,14467847334884e-01",no significant difference,"3,46150569393635e-01",stronger,FALSE,385,"0,927538679573922","1,70019999999999993","2,91785983000000027","4,740770","1,07000000000000e+01",NA,FALSE
RRVIHESPWL,385,"9,20144179277196e-01",no significant difference,"2,23267014023565e-01",stronger,FALSE,385,"0,927538679573922","2,69070000000000009","3,88674775000000006","4,784458","1,50000000000000e+01",NA,FALSE
RRVKHESPWL,385,"8,96556425349561e-01",no significant difference,"3,62665390587188e-01",stronger,FALSE,385,"0,924087852340101","0,39919999999999983","1,44618772000000040","4,401068","7,10000000000000e+00",NA,FALSE
RRVLHESPWL,385,"9,60722682297369e-01",stronger,"2,51449230417456e-01",stronger,FALSE,385,"0,968948606379776","2,49359999999999982","3,76938923000000026","4,827162","1,59000000000000e+01",NA,FALSE
RRVMHESPWL,385,"9,32408359557002e-01",no significant difference,"3,00465460700689e-01",stronger,FALSE,385,"0,930989506807744","2,59220000000000006","3,44747236000000035","4,759041","1,44000000000000e+01",NA,FALSE
RRVNHESPWL,385,"8,89830203301824e-01",no significant difference,"4,38096317578042e-01",stronger,FALSE,385,"0,924087852340101","1,31050000000000000","2,34561092000000038","4,671923","9,70000000000000e+00",NA,FALSE
RRVPHESPWL,385,"9,12074826753390e-01",no significant difference,"2,86720070123356e-01",stronger,FALSE,385,"0,930989506807744","1,39989999999999992","2,52479472000000049","4,541767","8,00000000000000e+00",NA,FALSE
RRVQHESPWL,385,"9,35636570276134e-01",no significant difference,"4,25478827587683e-01",stronger,FALSE,385,"0,924087852340101","1,16839999999999988","2,40752802000000043","4,628587","7,40000000000000e+00",NA,FALSE
RRVRHESPWL,385,"8,81993268622837e-01",no significant difference,"2,52602544588917e-01",no significant difference,FALSE,385,"0,937891161275386","1,49219999999999997","2,61328752000000009","4,921737","1,16000000000000e+01",NA,FALSE
RRVSHESPWL,385,"9,10587473515967e-01",no significant difference,"3,53902015931265e-01",stronger,FALSE,385,"0,937891161275386","1,71740000000000004","2,49311422000000027","4,615904","9,70000000000000e+00",NA,FALSE
RRVTHESPWL,385,"9,13863314447452e-01",no significant difference,"3,89786724973283e-01",stronger,FALSE,385,"0,927538679573922","1,68289999999999984","2,76024921000000045","4,586773","8,30000000000000e+00",NA,FALSE
RRVVHESPWL,385,"9,24693374921577e-01",no significant difference,"2,87738718032603e-01",stronger,FALSE,385,"0,927538679573922","2,33970000000000011","3,60308865000000011","4,462283","1,49000000000000e+01",NA,FALSE
RRVWHESPWL,385,"9,39427219407849e-01",no significant difference,"2,26157594728340e-01",stronger,FALSE,385,"0,930989506807744","2,37230000000000008","4,71710789000000030","5,244162","1,12000000000000e+01",NA,FALSE
RRVYHESPWL,385,"9,35247435316172e-01",no significant difference,"2,47061154343865e-01",stronger,FALSE,385,"0,924087852340101","2,46039999999999992","4,40408511000000047","5,192827","1,34000000000000e+01",NA,FALSE
RRW*HESPWL,385,"4,51697431162974e-01",weaker,"4,65958429973168e-01",stronger,TRUE,385,NA,"0,61729999999999996","1,83593567000000024","2,328822","3,80000000000000e+00",NA,FALSE
RRWAHESPWL,385,"8,79194175007280e-01",no significant difference,"1,54890081095272e-01",no significant difference,FALSE,385,"0,924087852340101","1,61859999999999982","4,08034106000000030","5,279827","6,70000000000000e+00",NA,FALSE
RRWCHESPWL,385,"8,97522389351272e-01",no significant difference,"1,42668577966959e-01",no significant difference,FALSE,385,"0,930989506807744","2,64959999999999996","5,51769340000000064","5,590588","1,06000000000000e+01",NA,FALSE
RRWDHESPWL,385,"9,03798214104446e-01",no significant difference,"3,28144895242383e-01",no significant difference,FALSE,385,"0,927538679573922","0,86389999999999989","3,11649506000000054","5,051849","3,40000000000000e+00",NA,FALSE
RRWEHESPWL,385,"9,42448220667185e-01",no significant difference,"2,91741199555548e-01",stronger,FALSE,385,"0,924087852340101","0,82309999999999994","2,88791386000000072","5,035737","4,70000000000000e+00",NA,FALSE
RRWFHESPWL,385,"8,95993198876450e-01",no significant difference,"2,51987777724629e-02",weaker,FALSE,385,"0,941341988509207","2,88510000000000000","5,50383676000000044","5,917806","1,09000000000000e+01",NA,FALSE
RRWGHESPWL,385,"9,15578489642430e-01",no significant difference,"2,17444904020451e-01",stronger,FALSE,385,"0,927538679573922","1,43529999999999980","4,37339439000000052","5,827819","6,50000000000000e+00",NA,FALSE
RRWHHESPWL,385,"8,88618566466729e-01",no significant difference,"1,35065795445160e-01",no significant difference,FALSE,385,"0,927538679573922","1,73279999999999990","4,03187907000000045","5,522649","7,00000000000000e+00",NA,FALSE
RRWIHESPWL,385,"9,21109108340862e-01",no significant difference,"3,65594752940823e-02",no significant difference,FALSE,385,"0,927538679573922","2,72330000000000005","5,00076699000000069","5,566337","1,13000000000000e+01",NA,FALSE
RRWKHESPWL,385,"9,44037925943558e-01",no significant difference,"1,30177462024617e-01",no significant difference,FALSE,385,"0,924087852340101","0,43179999999999980","2,56020696000000036","5,182947","3,40000000000000e+00",NA,FALSE
RRWLHESPWL,385,"9,62538006373013e-01",no significant difference,"8,14903231415794e-02",no significant difference,FALSE,385,"0,968948606379776","2,52619999999999978","4,88340847000000089","5,609041","1,22000000000000e+01",NA,FALSE
RRWMHESPWL,385,"9,52902393071428e-01",no significant difference,"2,25758044369114e-01",stronger,FALSE,385,"0,930989506807744","2,62480000000000002","4,56149160000000009","5,540920","1,07000000000000e+01",NA,FALSE
RRWNHESPWL,385,"9,01849045375505e-01",no significant difference,"1,89989281313853e-01",no significant difference,FALSE,385,"0,924087852340101","1,34309999999999996","3,45963016000000056","5,453802","6,00000000000000e+00",NA,FALSE
RRWPHESPWL,385,"8,97671674940082e-01",no significant difference,"2,09452667339050e-01",stronger,FALSE,385,"0,930989506807744","1,43249999999999988","3,63881396000000068","5,323646","4,30000000000000e+00",NA,FALSE
RRWQHESPWL,385,"9,22672236074928e-01",no significant difference,"3,40044580529753e-01",no significant difference,FALSE,385,"0,924087852340101","1,20099999999999985","3,52154726000000062","5,410466","3,70000000000000e+00",NA,FALSE
RRWRHESPWL,385,"8,74753477570235e-01",no significant difference,"1,15857662563967e-01",no significant difference,FALSE,385,"0,937891161275386","1,52479999999999993","3,72730676000000027","5,703616","7,90000000000000e+00",NA,FALSE
RRWSHESPWL,385,"8,88945803239934e-01",no significant difference,"1,63534255202989e-01",no significant difference,FALSE,385,"0,937891161275386","1,75000000000000000","3,60713346000000046","5,397783","6,00000000000000e+00",NA,FALSE
RRWTHESPWL,385,"9,02962279305129e-01",no significant difference,"1,51532840530975e-01",no significant difference,FALSE,385,"0,927538679573922","1,71549999999999980","3,87426845000000064","5,368652","4,60000000000000e+00",NA,FALSE
RRWVHESPWL,385,"9,18638545737331e-01",no significant difference,"1,29418178267048e-01",no significant difference,FALSE,385,"0,927538679573922","2,37230000000000008","4,71710789000000030","5,244162","1,12000000000000e+01",NA,FALSE
RRWWHESPWL,385,"8,98223500597984e-01",no significant difference,"1,65186993209497e-01",no significant difference,FALSE,385,"0,930989506807744","2,40490000000000004","5,83112713000000049","6,026041","7,50000000000000e+00",NA,FALSE
RRWYHESPWL,385,"9,04352825148055e-01",no significant difference,"7,98888485003719e-02",no significant difference,FALSE,385,"0,924087852340101","2,49299999999999988","5,51810435000000066","5,974706","9,70000000000000e+00",NA,FALSE
RRY*HESPWL,385,"4,61967555573347e-01",weaker,"5,41890405844051e-01",stronger,TRUE,385,NA,"0,70540000000000003","1,52291289000000019","2,277487","6,00000000000000e+00",NA,FALSE
RRYAHESPWL,385,"9,37572578876454e-01",no significant difference,"2,33779913061289e-01",no significant difference,FALSE,385,"0,924087852340101","1,70669999999999988","3,76731828000000046","5,228492","8,90000000000000e+00",NA,FALSE
RRYCHESPWL,385,"9,14335702557336e-01",no significant difference,"1,90096831018895e-01",no significant difference,FALSE,385,"0,930989506807744","2,73769999999999980","5,20467062000000080","5,539253","1,28000000000000e+01",NA,FALSE
RRYDHESPWL,385,"9,12261109837518e-01",no significant difference,"3,58230728297979e-01",stronger,FALSE,385,"0,927538679573922","0,95199999999999996","2,80347228000000026","5,000514","5,60000000000000e+00",NA,FALSE
RRYEHESPWL,385,"9,30095584107829e-01",no significant difference,"3,83482759294677e-01",stronger,FALSE,385,"0,924087852340101","0,91120000000000001","2,57489108000000044","4,984402","6,90000000000000e+00",NA,FALSE
RRYFHESPWL,385,"9,02947472332678e-01",no significant difference,"3,90567478719217e-02",no significant difference,FALSE,385,"0,941341988509207","2,97319999999999984","5,19081398000000060","5,866471","1,31000000000000e+01",NA,FALSE
RRYGHESPWL,385,"9,08481112802420e-01",no significant difference,"3,10814053696233e-01",stronger,FALSE,385,"0,927538679573922","1,52339999999999987","4,06037161000000069","5,776484","8,70000000000000e+00",NA,FALSE
RRYHHESPWL,385,"8,80843461848748e-01",no significant difference,"1,31441753533336e-01",no significant difference,FALSE,385,"0,927538679573922","1,82089999999999996","3,71885629000000062","5,471314","9,20000000000000e+00",NA,FALSE
RRYIHESPWL,385,"8,66300015827415e-01",no significant difference,"7,85333546598271e-02",no significant difference,FALSE,385,"0,927538679573922","2,81139999999999990","4,68774420999999997","5,515002","1,35000000000000e+01",NA,FALSE
RRYKHESPWL,385,"8,71527138686583e-01",no significant difference,"2,47793272811074e-01",no significant difference,FALSE,385,"0,924087852340101","0,51989999999999992","2,24718418000000053","5,131612","5,60000000000000e+00",NA,FALSE
RRYLHESPWL,385,"9,55265468403172e-01",no significant difference,"9,96652187570948e-02",no significant difference,FALSE,385,"0,968948606379776","2,61430000000000007","4,57038569000000017","5,557706","1,44000000000000e+01",NA,FALSE
RRYMHESPWL,385,"9,37425060518768e-01",no significant difference,"1,86035948962876e-01",no significant difference,FALSE,385,"0,930989506807744","2,71289999999999987","4,24846882000000026","5,489585","1,29000000000000e+01",NA,FALSE
RRYNHESPWL,385,"8,58893203647708e-01",no significant difference,"2,48503210804393e-01",no significant difference,FALSE,385,"0,924087852340101","1,43120000000000003","3,14660738000000029","5,402467","8,20000000000000e+00",NA,FALSE
RRYPHESPWL,385,"8,97589421485857e-01",no significant difference,"2,38578495739207e-01",no significant difference,FALSE,385,"0,930989506807744","1,52059999999999995","3,32579118000000040","5,272311","6,50000000000000e+00",NA,FALSE
RRYQHESPWL,385,"9,34214090660903e-01",no significant difference,"1,62869601757243e-01",no significant difference,FALSE,385,"0,924087852340101","1,28909999999999991","3,20852448000000035","5,359131","5,90000000000000e+00",NA,FALSE
RRYRHESPWL,385,"9,10363721101736e-01",no significant difference,"1,82884529096196e-01",no significant difference,FALSE,385,"0,937891161275386","1,61290000000000000","3,41428398000000044","5,652281","1,01000000000000e+01",NA,FALSE
RRYSHESPWL,385,"9,02304791293507e-01",no significant difference,"2,06782270934577e-01",stronger,FALSE,385,"0,937891161275386","1,83810000000000007","3,29411068000000062","5,346448","8,20000000000000e+00",NA,FALSE
RRYTHESPWL,385,"9,16304548138304e-01",no significant difference,"2,75839865949264e-01",stronger,FALSE,385,"0,927538679573922","1,80359999999999987","3,56124567000000036","5,317317","6,80000000000000e+00",NA,FALSE
RRYVHESPWL,385,"9,25659471549985e-01",no significant difference,"1,56196011375423e-01",no significant difference,FALSE,385,"0,927538679573922","2,46039999999999992","4,40408511000000047","5,192827","1,34000000000000e+01",NA,FALSE
RRYWHESPWL,385,"9,40184651976269e-01",no significant difference,"2,80875688243286e-01",no significant difference,FALSE,385,"0,930989506807744","2,49299999999999988","5,51810435000000066","5,974706","9,70000000000000e+00",NA,FALSE
RRYYHESPWL,385,"9,05990969143199e-01",no significant difference,"1,54063299016063e-01",no significant difference,FALSE,385,"0,924087852340101","2,58110000000000017","5,20508157000000082","5,923371","1,19000000000000e+01",NA,FALSE
RSRLHESPWL,385,"8,55493906049691e-01",no significant difference,"5,78917738383314e-01",stronger,FALSE,385,"0,996551141756550","1,87129999999999996","2,65941480000000041","4,980783","1,07000000000000e+01","0,64762",FALSE
RTRLHESPWL,385,"8,87886062067639e-01",no significant difference,"5,94358313004154e-01",stronger,FALSE,385,"0,979306886667561","1,83679999999999977","2,92654979000000059","4,951652","9,30000000000000e+00","0,49942",FALSE
RVRLHESPWL,385,"8,56964789156536e-01",no significant difference,"5,90142709561836e-01",stronger,FALSE,385,"0,982755735878945","2,49359999999999982","3,76938923000000026","4,827162","1,59000000000000e+01","0,49646",FALSE
RWRLHESPWL,385,"8,34647702299295e-01",no significant difference,"4,69717887100785e-01",no significant difference,FALSE,385,"0,986204585090330","2,52619999999999978","4,88340847000000089","5,609041","1,22000000000000e+01","-0,17928",FALSE
RYRLHESPWL,385,"8,55346983325090e-01",no significant difference,"4,33630724538085e-01",no significant difference,FALSE,385,"0,986204585090330","2,61430000000000007","4,57038569000000017","5,557706","1,44000000000000e+01","0,43226",FALSE
S*RFWFSDWL,363,"4,78268818813831e-01",weaker,"9,49601773335079e-01",stronger,TRUE,363,NA,"0,13760000000000000","-0,20946819999999999","0,362966","-5,00000000000000e-01",NA,FALSE
S*VRVFLGWF,366,"2,38447345619737e-01",no significant difference,"7,96969582294060e-01",stronger,TRUE,366,NA,"0,13760000000000000","-0,20946819999999999","0,362966","-5,00000000000000e-01",NA,FALSE
SARFWFSDWL,363,"8,36292057373162e-01",no significant difference,"3,73689361273212e-01",no significant difference,FALSE,363,"0,979723208258456","4,48949999999999960","7,52572945000000093","5,979423","1,40000000000000e+01","0,00440",FALSE
SAVRVFLGWF,366,"5,60481914510679e-01",no significant difference,"-1,62113061027935e-01",no significant difference,FALSE,366,"0,983603914184988","5,65059999999999985","8,77858396999999968","5,819893","2,60000000000000e+01","0,92640",FALSE
SCRFWFSDWL,363,"7,90068248792348e-01",no significant difference,"3,79400157675716e-01",no significant difference,FALSE,363,"0,969584807400665","5,52049999999999930","8,96308179000000038","6,290184","1,79000000000000e+01","0,01070",FALSE
SCVRVFLGWF,366,"5,43893583026360e-01",no significant difference,"-2,69464914258765e-01",no significant difference,FALSE,366,"0,972673196020084","6,68159999999999954","10,21593631000000002","6,130654","2,99000000000000e+01","0,64224",FALSE
SDRFWFSDWL,363,"8,52674693072558e-01",no significant difference,"4,49855374425993e-01",no significant difference,FALSE,363,"0,984792403700332","3,73479999999999990","6,56188345000000073","5,751445","1,07000000000000e+01","0,29722",FALSE
SDVRVFLGWF,366,"5,17779453110938e-01",no significant difference,"2,17062027339825e-02",no significant difference,FALSE,366,"0,972673196020084","4,89590000000000014","7,81473797000000037","5,591915","2,27000000000000e+01","1,44848",FALSE
SERFWFSDWL,363,"8,71375365703893e-01",no significant difference,"4,65035196079237e-01",stronger,FALSE,363,"0,969584807400665","3,69399999999999995","6,33330225000000091","5,735333","1,20000000000000e+01","0,12624",FALSE
SEVRVFLGWF,366,"5,23674932067610e-01",no significant difference,"-5,92590508325517e-02",no significant difference,FALSE,366,"0,972673196020084","4,85510000000000019","7,58615677000000055","5,575803","2,40000000000000e+01","1,67522",FALSE
SFRFWFSDWL,363,"6,92639826716141e-01",weaker,"2,43185835236943e-01",no significant difference,FALSE,363,"0,969584807400665","5,75599999999999934","8,94922515000000018","6,617402","1,82000000000000e+01","-0,03464",FALSE
SFVRVFLGWF,366,"3,58002185821329e-01",no significant difference,"-3,15014576723378e-01",no significant difference,FALSE,366,"0,978138555102536","6,91709999999999958","10,20207966999999982","6,457872","3,02000000000000e+01","0,97312",FALSE
SG*FWFSDWL,363,"5,03958064900791e-01",weaker,"9,76870899551803e-01",stronger,TRUE,363,NA,"-0,03950000000000001","0,34732452999999996","1,155968","-5,00000000000000e-01",NA,FALSE
SGAFWFSDWL,363,"8,52208949474894e-01",stronger,"4,46060111911095e-01",no significant difference,FALSE,363,"0,954350181456189","4,39999999999999947","8,17181708000000029","6,103626","1,26000000000000e+01","0,80380",FALSE
SGCFWFSDWL,363,"8,27879219071165e-01",no significant difference,"4,25486007573716e-01",no significant difference,FALSE,363,"0,954350181456189","5,43100000000000005","9,60916942000000063","6,414387","1,65000000000000e+01","0,51638",FALSE
SGDFWFSDWL,363,"8,62748410515566e-01",no significant difference,"5,34953127565856e-01",no significant difference,FALSE,363,"0,959422389057746","3,64529999999999976","7,20797108000000009","5,875648","9,30000000000000e+00","0,77980",FALSE
SGEFWFSDWL,363,"8,77840787235501e-01",no significant difference,"6,02254339795141e-01",stronger,FALSE,363,"0,954350181456189","3,60449999999999982","6,97938988000000027","5,859536","1,06000000000000e+01","0,62328",FALSE
SGFFWFSDWL,363,"8,32304181665675e-01",no significant difference,"3,42955301791109e-01",no significant difference,FALSE,363,"0,959422389057746","5,66650000000000009","9,59531278000000043","6,741605","1,68000000000000e+01","0,21858",FALSE
SGGFWFSDWL,363,"8,51143506954454e-01",no significant difference,"5,03219894886861e-01",stronger,FALSE,363,"0,974638991914336","4,21669999999999945","8,46487040999999962","6,651618","1,24000000000000e+01","0,86490",FALSE
SGHFWFSDWL,363,"8,92840825590912e-01",no significant difference,"4,45729964614851e-01",no significant difference,FALSE,363,"0,974638991914336","4,51419999999999977","8,12335509000000044","6,346448","1,29000000000000e+01","0,32818",FALSE
SGIFWFSDWL,363,"8,59848005922800e-01",no significant difference,"3,14864540274554e-01",no significant difference,FALSE,363,"0,954350181456189","5,50469999999999970","9,09224301000000068","6,390136","1,72000000000000e+01","0,28842",FALSE
SGKFWFSDWL,363,"8,31715116722295e-01",no significant difference,"5,44750541981759e-01",stronger,FALSE,363,"0,954350181456189","3,21319999999999961","6,65168298000000036","6,006746","9,30000000000000e+00","0,01668",FALSE
SGLFWFSDWL,363,"8,69147312949930e-01",stronger,"3,55823203978020e-01",weaker,FALSE,363,"0,959422389057746","5,30759999999999987","8,97488449000000088","6,432840","1,81000000000000e+01","0,03732",FALSE
SGMFWFSDWL,363,"8,63063581705502e-01",no significant difference,"4,32134360680120e-01",no significant difference,FALSE,363,"0,954350181456189","5,40620000000000012","8,65296762000000008","6,364719","1,66000000000000e+01","0,05958",FALSE
SGNFWFSDWL,363,"8,34921831481973e-01",no significant difference,"4,82404674454641e-01",stronger,FALSE,363,"0,964494586685263","4,12449999999999939","7,55110618000000056","6,277601","1,19000000000000e+01","0,29332",FALSE
SGPFWFSDWL,363,"8,56652530582429e-01",no significant difference,"4,58379838785514e-01",stronger,FALSE,363,"0,959422389057746","4,21389999999999976","7,73028998000000023","6,147445","1,02000000000000e+01","0,49418",FALSE
SGQFWFSDWL,363,"8,59982294224165e-01",no significant difference,"4,27032927418217e-01",no significant difference,FALSE,363,"0,954350181456189","3,98239999999999972","7,61302328000000017","6,234265","9,60000000000000e+00","0,35800",FALSE
SGR*WF*DWL,363,"2,90893232499517e-01",weaker,"7,53706612525856e-01",stronger,TRUE,363,NA,"-0,12709999999999999","0,25802962999999995","1,824767","9,00000000000000e-01",NA,FALSE
SGR*WFADWL,363,"3,13339624291168e-01",weaker,"7,56839700177327e-01",stronger,TRUE,363,NA,"-0,12709999999999999","0,25802962999999995","1,824767","9,00000000000000e-01",NA,FALSE
SGR*WFCDWL,363,"3,00425200982642e-01",weaker,"6,81879262258006e-01",stronger,TRUE,363,NA,"-0,12709999999999999","0,25802962999999995","1,824767","9,00000000000000e-01",NA,FALSE
SGR*WFDDWL,363,"2,66094192537197e-01",weaker,"7,34786165220870e-01",stronger,TRUE,363,NA,"-0,12709999999999999","0,25802962999999995","1,824767","9,00000000000000e-01",NA,FALSE
SGR*WFEDWL,363,"3,80456381161751e-01",weaker,"6,43163078469377e-01",stronger,TRUE,363,NA,"-0,12709999999999999","0,25802962999999995","1,824767","9,00000000000000e-01",NA,FALSE
SGR*WFFDWL,363,"3,19748354300528e-01",weaker,"6,65748481786828e-01",stronger,TRUE,363,NA,"-0,12709999999999999","0,25802962999999995","1,824767","9,00000000000000e-01",NA,FALSE
SGR*WFGDWL,363,"3,15301467322408e-01",weaker,"7,01610258776856e-01",stronger,TRUE,363,NA,"-0,12709999999999999","0,25802962999999995","1,824767","9,00000000000000e-01",NA,FALSE
SGR*WFHDWL,363,"2,89433213477387e-01",weaker,"7,08499005712166e-01",stronger,TRUE,363,NA,"-0,12709999999999999","0,25802962999999995","1,824767","9,00000000000000e-01",NA,FALSE
SGR*WFIDWL,363,"4,10434824341513e-01",weaker,"7,00836314244148e-01",stronger,TRUE,363,NA,"-0,12709999999999999","0,25802962999999995","1,824767","9,00000000000000e-01",NA,FALSE
SGR*WFKDWL,363,"2,20236578220397e-01",weaker,"7,65996386325436e-01",stronger,TRUE,363,NA,"-0,12709999999999999","0,25802962999999995","1,824767","9,00000000000000e-01",NA,FALSE
SGR*WFLDWL,363,"2,82310138515345e-01",weaker,"6,85776142735620e-01",stronger,TRUE,363,NA,"-0,12709999999999999","0,25802962999999995","1,824767","9,00000000000000e-01",NA,FALSE
SGR*WFMDWL,363,"2,48739093670153e-01",weaker,"6,47739261479823e-01",stronger,TRUE,363,NA,"-0,12709999999999999","0,25802962999999995","1,824767","9,00000000000000e-01",NA,FALSE
SGR*WFNDWL,363,"3,96393758142013e-01",weaker,"7,02346102542303e-01",stronger,TRUE,363,NA,"-0,12709999999999999","0,25802962999999995","1,824767","9,00000000000000e-01",NA,FALSE
SGR*WFPDWL,363,"3,20201035863144e-01",weaker,"6,47579338708812e-01",stronger,TRUE,363,NA,"-0,12709999999999999","0,25802962999999995","1,824767","9,00000000000000e-01",NA,FALSE
SGR*WFQDWL,363,"3,55254339852227e-01",weaker,"6,56158110857760e-01",stronger,TRUE,363,NA,"-0,12709999999999999","0,25802962999999995","1,824767","9,00000000000000e-01",NA,FALSE
SGR*WFRDWL,363,"3,24380817230786e-01",weaker,"6,62535428720650e-01",stronger,TRUE,363,NA,"-0,12709999999999999","0,25802962999999995","1,824767","9,00000000000000e-01",NA,FALSE
SGR*WFSDWL,363,"3,43741364996239e-01",weaker,"6,76002694667803e-01",stronger,TRUE,363,NA,"-0,12709999999999999","0,25802962999999995","1,824767","9,00000000000000e-01",NA,FALSE
SGR*WFTDWL,363,"2,86930867398925e-01",weaker,"7,06222422697604e-01",stronger,TRUE,363,NA,"-0,12709999999999999","0,25802962999999995","1,824767","9,00000000000000e-01",NA,FALSE
SGR*WFVDWL,363,"3,47752365308180e-01",weaker,"6,77301714858329e-01",stronger,TRUE,363,NA,"-0,12709999999999999","0,25802962999999995","1,824767","9,00000000000000e-01",NA,FALSE
SGR*WFWDWL,363,"2,91395685624667e-01",weaker,"6,93197901924794e-01",stronger,TRUE,363,NA,"-0,12709999999999999","0,25802962999999995","1,824767","9,00000000000000e-01",NA,FALSE
SGR*WFYDWL,363,"3,49169071358154e-01",weaker,"6,33313237199182e-01",stronger,TRUE,363,NA,"-0,12709999999999999","0,25802962999999995","1,824767","9,00000000000000e-01",NA,FALSE
SGRAWF*DWL,363,"3,00688985627661e-01",weaker,"3,32757834696905e-01",stronger,TRUE,363,NA,"1,94429999999999992","4,22352959999999999","3,943990","6,50000000000000e+00",NA,FALSE
SGRAWFADWL,363,"3,73621087687863e-01",weaker,"2,00941093650704e-01",stronger,FALSE,363,"0,791240458123954","2,90829999999999966","6,86849468000000041","5,771480","1,03000000000000e+01",NA,FALSE
SGRAWFCDWL,363,"4,39411814965776e-01",weaker,"1,16819145756182e-01",stronger,FALSE,363,"0,791240458123954","3,93929999999999980","8,30584701999999986","6,082241","1,42000000000000e+01",NA,FALSE
SGRAWFDDWL,363,"5,27683963816537e-01",weaker,"1,90567972024888e-01",stronger,FALSE,363,"0,791240458123954","2,15359999999999996","5,90464868000000020","5,543502","7,00000000000000e+00",NA,FALSE
SGRAWFEDWL,363,"4,55420570531191e-01",weaker,"2,56545936716287e-01",stronger,FALSE,363,"0,791240458123954","2,11280000000000001","5,67606748000000039","5,527390","8,30000000000000e+00",NA,FALSE
SGRAWFFDWL,363,"4,35880418040662e-01",weaker,"5,45485445773635e-02",stronger,FALSE,363,"0,791240458123954","4,17479999999999940","8,29199038000000144","6,409459","1,45000000000000e+01",NA,FALSE
SGRAWFGDWL,363,"4,32149490428425e-01",weaker,"1,74612979834255e-01",stronger,FALSE,363,"0,791240458123954","2,72499999999999964","7,16154801000000063","6,319472","1,01000000000000e+01",NA,FALSE
SGRAWFHDWL,363,"3,57227695688306e-01",weaker,"9,49087535492576e-02",stronger,FALSE,363,"0,791240458123954","3,02249999999999996","6,82003269000000056","6,014302","1,06000000000000e+01",NA,FALSE
SGRAWFIDWL,363,"3,80864880153581e-01",weaker,"1,39254492216427e-01",stronger,FALSE,363,"0,791240458123954","4,01299999999999990","7,78892061000000080","6,057990","1,49000000000000e+01",NA,FALSE
SGRAWFKDWL,363,"2,37549163055746e-01",weaker,"9,98862119498128e-02",stronger,FALSE,363,"0,791240458123954","1,72149999999999981","5,34836058000000047","5,674600","7,00000000000000e+00",NA,FALSE
SGRAWFLDWL,363,"3,51345721899991e-01",weaker,"2,50296432971480e-01",stronger,FALSE,363,"0,791240458123954","3,81589999999999963","7,67156209000000100","6,100694","1,58000000000000e+01",NA,FALSE
SGRAWFMDWL,363,"3,42063355993144e-01",weaker,"3,05520104546386e-01",stronger,FALSE,363,"0,791240458123954","3,91449999999999987","7,34964522000000020","6,032573","1,43000000000000e+01",NA,FALSE
SGRAWFNDWL,363,"3,96504107533502e-01",weaker,"9,38929501678791e-02",stronger,FALSE,363,"0,791240458123954","2,63280000000000003","6,24778378000000068","5,945455","9,60000000000000e+00",NA,FALSE
SGRAWFPDWL,363,"3,19274243703816e-01",weaker,"7,89049990427653e-02",stronger,FALSE,363,"0,791240458123954","2,72219999999999995","6,42696758000000035","5,815299","7,90000000000000e+00",NA,FALSE
SGRAWFQDWL,363,"2,62904707327374e-01",weaker,"1,84950453891061e-01",stronger,FALSE,363,"0,791240458123954","2,49069999999999991","6,30970088000000029","5,902119","7,30000000000000e+00",NA,FALSE
SGRAWFRDWL,363,"2,84831602785946e-01",weaker,"9,43319496900305e-02",stronger,FALSE,363,"0,791240458123954","2,81449999999999978","6,51546038000000038","6,195269","1,15000000000000e+01",NA,FALSE
SGRAWFSDWL,363,"8,20271465433575e-01",no significant difference,"1,31418090329547e-01",stronger,FALSE,363,"0,928883568249040","3,03969999999999985","6,39528708000000012","5,889436","9,60000000000000e+00",NA,FALSE
SGRAWFTDWL,363,"7,78596424388526e-01",weaker,"1,52399155088068e-01",stronger,FALSE,363,"0,847317286308640","3,00519999999999987","6,66242207000000075","5,860305","8,20000000000000e+00",NA,FALSE
SGRAWFVDWL,363,"3,49050473010966e-01",weaker,"8,14778341896062e-02",stronger,FALSE,363,"0,791240458123954","3,66199999999999992","7,50526151000000041","5,735815","1,48000000000000e+01",NA,FALSE
SGRAWFWDWL,363,"4,29952285961922e-01",weaker,"1,17294329196011e-01",stronger,FALSE,363,"0,791240458123954","3,69459999999999988","8,61928074999999971","6,517694","1,11000000000000e+01",NA,FALSE
SGRAWFYDWL,363,"3,69470503344650e-01",weaker,"8,73862843333754e-02",stronger,FALSE,363,"0,796338358849135","3,78269999999999973","8,30625797000000077","6,466359","1,33000000000000e+01",NA,FALSE
SGRCWF*DWL,363,"2,42388753987928e-01",weaker,"1,84377741701055e-01",stronger,TRUE,363,NA,"2,97529999999999983","5,66088194000000033","4,254751","1,04000000000000e+01",NA,FALSE
SGRCWFADWL,363,"3,45876010207664e-01",weaker,"1,81839092980957e-01",stronger,FALSE,363,"0,791240458123954","3,93929999999999980","8,30584701999999986","6,082241","1,42000000000000e+01",NA,FALSE
SGRCWFCDWL,363,"3,65177152649523e-01",weaker,"1,16094536903463e-01",stronger,FALSE,363,"0,791240458123954","4,97029999999999994","9,74319936000000020","6,393002","1,81000000000000e+01",NA,FALSE
SGRCWFDDWL,363,"4,52997992645921e-01",weaker,"1,32009703213138e-01",stronger,FALSE,363,"0,791240458123954","3,18459999999999965","7,34200102000000054","5,854263","1,09000000000000e+01",NA,FALSE
SGRCWFEDWL,363,"4,11765890354110e-01",weaker,"1,23380542037076e-01",no significant difference,FALSE,363,"0,791240458123954","3,14379999999999971","7,11341982000000073","5,838151","1,22000000000000e+01",NA,FALSE
SGRCWFFDWL,363,"4,26746254280954e-01",weaker,"-6,19138302227426e-02",no significant difference,FALSE,363,"0,791240458123954","5,20579999999999998","9,72934272000000000","6,720220","1,84000000000000e+01",NA,FALSE
SGRCWFGDWL,363,"4,19434332087737e-01",weaker,"7,02182198988009e-02",stronger,FALSE,363,"0,791240458123954","3,75599999999999978","8,59890035000000097","6,630233","1,40000000000000e+01",NA,FALSE
SGRCWFHDWL,363,"3,15552686323503e-01",weaker,"1,16390439519307e-01",stronger,FALSE,363,"0,791240458123954","4,05349999999999966","8,25738503000000001","6,325063","1,45000000000000e+01",NA,FALSE
SGRCWFIDWL,363,"3,52021207993714e-01",weaker,"-1,11881819524864e-01",no significant difference,FALSE,363,"0,791240458123954","5,04399999999999959","9,22627295000000025","6,368751","1,88000000000000e+01",NA,FALSE
SGRCWFKDWL,363,"2,36873163173316e-01",weaker,"2,17931297835695e-02",stronger,FALSE,363,"0,791240458123954","2,75249999999999950","6,78571292000000081","5,985361","1,09000000000000e+01",NA,FALSE
SGRCWFLDWL,363,"2,52211925293877e-01",weaker,"1,29564192989590e-02",no significant difference,FALSE,363,"0,791240458123954","4,84689999999999976","9,10891443000000045","6,411455","1,97000000000000e+01",NA,FALSE
SGRCWFMDWL,363,"3,20370665808254e-01",weaker,"1,58741798384167e-02",no significant difference,FALSE,363,"0,791240458123954","4,94550000000000001","8,78699755999999965","6,343334","1,82000000000000e+01",NA,FALSE
SGRCWFNDWL,363,"3,53349597716661e-01",weaker,"4,66410525934774e-02",no significant difference,FALSE,363,"0,791240458123954","3,66379999999999972","7,68513612000000013","6,256216","1,35000000000000e+01",NA,FALSE
SGRCWFPDWL,363,"2,57665330832120e-01",weaker,"1,17461500629008e-01",stronger,FALSE,363,"0,791240458123954","3,75319999999999965","7,86431992000000069","6,126060","1,18000000000000e+01",NA,FALSE
SGRCWFQDWL,363,"2,72399681193607e-01",weaker,"1,30573479407915e-01",no significant difference,FALSE,363,"0,791240458123954","3,52169999999999961","7,74705322000000063","6,212880","1,12000000000000e+01",NA,FALSE
SGRCWFRDWL,363,"2,96475201408230e-01",weaker,"-7,31481595610583e-02",no significant difference,FALSE,363,"0,791240458123954","3,84549999999999947","7,95281272000000072","6,506030","1,54000000000000e+01",NA,FALSE
SGRCWFSDWL,363,"8,07376030924551e-01",no significant difference,"2,85327231929488e-02",stronger,FALSE,363,"0,928883568249040","4,07069999999999954","7,83263942000000046","6,200197","1,35000000000000e+01",NA,FALSE
SGRCWFTDWL,363,"7,77116675370693e-01",weaker,"3,55043920334142e-02",stronger,FALSE,363,"0,847317286308640","4,03620000000000001","8,09977441000000020","6,171066","1,21000000000000e+01",NA,FALSE
SGRCWFVDWL,363,"3,27081449723436e-01",weaker,"8,41126408836792e-02",no significant difference,FALSE,363,"0,791240458123954","4,69299999999999962","8,94261385000000075","6,046576","1,87000000000000e+01",NA,FALSE
SGRCWFWDWL,363,"3,76944716036069e-01",weaker,"4,83323987964132e-02",stronger,FALSE,363,"0,791240458123954","4,72560000000000002","10,05663309000000005","6,828455","1,50000000000000e+01",NA,FALSE
SGRCWFYDWL,363,"3,67163434732947e-01",weaker,"7,85510278887006e-03",no significant difference,FALSE,363,"0,796338358849135","4,81369999999999987","9,74361031000000111","6,777120","1,72000000000000e+01",NA,FALSE
SGRDWF*DWL,363,"3,44104524969767e-01",weaker,"3,39790348049121e-01",stronger,TRUE,363,NA,"1,18959999999999977","3,25968360000000024","3,716012","3,20000000000000e+00",NA,FALSE
SGRDWFADWL,363,"3,80277541959715e-01",weaker,"1,71972984646390e-01",stronger,FALSE,363,"0,791240458123954","2,15359999999999996","5,90464868000000020","5,543502","7,00000000000000e+00",NA,FALSE
SGRDWFCDWL,363,"4,21000339850770e-01",weaker,"1,51342490523268e-01",stronger,FALSE,363,"0,791240458123954","3,18459999999999965","7,34200102000000054","5,854263","1,09000000000000e+01",NA,FALSE
SGRDWFDDWL,363,"5,17844072919336e-01",weaker,"2,47458686230315e-01",stronger,FALSE,363,"0,791240458123954","1,39889999999999959","4,94080268000000000","5,315524","3,70000000000000e+00",NA,FALSE
SGRDWFEDWL,363,"3,66958037174716e-01",weaker,"2,18461615859718e-01",stronger,FALSE,363,"0,791240458123954","1,35809999999999964","4,71222148000000018","5,299412","5,00000000000000e+00",NA,FALSE
SGRDWFFDWL,363,"4,56806493686944e-01",weaker,"2,17041603546050e-02",no significant difference,FALSE,363,"0,791240458123954","3,42009999999999970","7,32814438000000035","6,181481","1,12000000000000e+01",NA,FALSE
SGRDWFGDWL,363,"4,12235182868623e-01",weaker,"1,48539602172436e-01",stronger,FALSE,363,"0,791240458123954","1,97029999999999972","6,19770201000000043","6,091494","6,80000000000000e+00",NA,FALSE
SGRDWFHDWL,363,"3,53017328557684e-01",weaker,"1,13946170715504e-01",stronger,FALSE,363,"0,791240458123954","2,26779999999999982","5,85618669000000036","5,786324","7,30000000000000e+00",NA,FALSE
SGRDWFIDWL,363,"3,33368282108891e-01",weaker,"8,09603546398541e-02",no significant difference,FALSE,363,"0,791240458123954","3,25829999999999975","6,82507461000000060","5,830012","1,16000000000000e+01",NA,FALSE
SGRDWFKDWL,363,"3,57379393275281e-01",weaker,"1,93525953924354e-01",stronger,FALSE,363,"0,791240458123954","0,96679999999999966","4,38451458000000027","5,446622","3,70000000000000e+00",NA,FALSE
SGRDWFLDWL,363,"3,77887021474040e-01",weaker,"1,10331929750403e-01",stronger,FALSE,363,"0,791240458123954","3,06119999999999948","6,70771609000000080","5,872716","1,25000000000000e+01",NA,FALSE
SGRDWFMDWL,363,"3,68618642741342e-01",weaker,"8,50644716646508e-02",no significant difference,FALSE,363,"0,791240458123954","3,15979999999999972","6,38579922000000000","5,804595","1,10000000000000e+01",NA,FALSE
SGRDWFNDWL,363,"4,06953610019891e-01",weaker,"2,10798544439524e-01",stronger,FALSE,363,"0,791240458123954","1,87809999999999966","5,28393778000000047","5,717477","6,30000000000000e+00",NA,FALSE
SGRDWFPDWL,363,"3,11949488306450e-01",weaker,"7,15976571716589e-02",stronger,FALSE,363,"0,791240458123954","1,96749999999999980","5,46312158000000014","5,587321","4,60000000000000e+00",NA,FALSE
SGRDWFQDWL,363,"3,36382976939165e-01",weaker,"1,32946623280165e-01",stronger,FALSE,363,"0,791240458123954","1,73599999999999977","5,34585488000000009","5,674141","4,00000000000000e+00",NA,FALSE
SGRDWFRDWL,363,"3,05872896845135e-01",weaker,"1,07038226027414e-01",stronger,FALSE,363,"0,791240458123954","2,05979999999999963","5,55161438000000018","5,967291","8,20000000000000e+00",NA,FALSE
SGRDWFSDWL,363,"7,93864317126133e-01",weaker,"2,13423023053351e-01",stronger,FALSE,363,"0,928883568249040","2,28499999999999970","5,43144108000000081","5,661458","6,30000000000000e+00",NA,FALSE
SGRDWFTDWL,363,"7,44221175246781e-01",weaker,"1,12607372191928e-01",stronger,FALSE,363,"0,847317286308640","2,25049999999999972","5,69857607000000055","5,632327","4,90000000000000e+00",NA,FALSE
SGRDWFVDWL,363,"3,45050129705280e-01",weaker,"1,28483152468795e-01",stronger,FALSE,363,"0,791240458123954","2,90729999999999977","6,54141551000000021","5,507837","1,15000000000000e+01",NA,FALSE
SGRDWFWDWL,363,"4,44115591198645e-01",weaker,"1,53566770778762e-01",stronger,FALSE,363,"0,791240458123954","2,93989999999999974","7,65543475000000040","6,289716","7,80000000000000e+00",NA,FALSE
SGRDWFYDWL,363,"3,49735014354845e-01",weaker,"2,46911028891173e-02",no significant difference,FALSE,363,"0,796338358849135","3,02799999999999958","7,34241197000000057","6,238381","1,00000000000000e+01",NA,FALSE
SGREWF*DWL,363,"2,31318070909937e-01",weaker,"3,46045382979258e-01",stronger,TRUE,363,NA,"1,14879999999999982","3,03110240000000042","3,699900","4,50000000000000e+00",NA,FALSE
SGREWFADWL,363,"4,31689117724141e-01",weaker,"1,79127601744439e-01",stronger,FALSE,363,"0,791240458123954","2,11280000000000001","5,67606748000000039","5,527390","8,30000000000000e+00",NA,FALSE
SGREWFCDWL,363,"5,01859409964593e-01",weaker,"1,06601351728673e-01",stronger,FALSE,363,"0,791240458123954","3,14379999999999971","7,11341982000000073","5,838151","1,22000000000000e+01",NA,FALSE
SGREWFDDWL,363,"5,41047343310551e-01",weaker,"4,17087710297275e-01",stronger,FALSE,363,"0,791240458123954","1,35809999999999964","4,71222148000000018","5,299412","5,00000000000000e+00",NA,FALSE
SGREWFEDWL,363,"4,94456768909589e-01",weaker,"2,86246495427988e-01",stronger,FALSE,363,"0,791240458123954","1,31729999999999969","4,48364028000000037","5,283300","6,30000000000000e+00",NA,FALSE
SGREWFFDWL,363,"5,09324481390358e-01",weaker,"1,24750467500385e-01",stronger,FALSE,363,"0,791240458123954","3,37929999999999975","7,09956318000000053","6,165369","1,25000000000000e+01",NA,FALSE
SGREWFGDWL,363,"4,46873623904690e-01",weaker,"2,92212622372841e-01",stronger,FALSE,363,"0,791240458123954","1,92949999999999977","5,96912081000000061","6,075382","8,10000000000000e+00",NA,FALSE
SGREWFHDWL,363,"4,25188294188143e-01",weaker,"2,31141679088663e-01",stronger,FALSE,363,"0,791240458123954","2,22699999999999987","5,62760549000000054","5,770212","8,60000000000000e+00",NA,FALSE
SGREWFIDWL,363,"3,80522308747596e-01",weaker,"3,12764390017366e-02",no significant difference,FALSE,363,"0,791240458123954","3,21749999999999980","6,59649341000000078","5,813900","1,29000000000000e+01",NA,FALSE
SGREWFKDWL,363,"3,42474084289703e-01",weaker,"1,93019509391846e-01",stronger,FALSE,363,"0,791240458123954","0,92599999999999971","4,15593338000000045","5,430510","5,00000000000000e+00",NA,FALSE
SGREWFLDWL,363,"3,61981357268800e-01",weaker,"1,55987763798659e-01",stronger,FALSE,363,"0,791240458123954","3,02039999999999953","6,47913489000000098","5,856604","1,38000000000000e+01",NA,FALSE
SGREWFMDWL,363,"3,69522679197152e-01",weaker,"1,07139251840094e-01",no significant difference,FALSE,363,"0,791240458123954","3,11899999999999977","6,15721802000000018","5,788483","1,23000000000000e+01",NA,FALSE
SGREWFNDWL,363,"4,48550911513494e-01",weaker,"1,79788388285591e-01",stronger,FALSE,363,"0,791240458123954","1,83729999999999971","5,05535658000000065","5,701365","7,60000000000000e+00",NA,FALSE
SGREWFPDWL,363,"3,18271023790964e-01",weaker,"1,41655324149112e-01",stronger,FALSE,363,"0,791240458123954","1,92669999999999986","5,23454038000000033","5,571209","5,90000000000000e+00",NA,FALSE
SGREWFQDWL,363,"3,46115847307676e-01",weaker,"3,02097764239268e-01",stronger,FALSE,363,"0,791240458123954","1,69519999999999982","5,11727368000000027","5,658029","5,30000000000000e+00",NA,FALSE
SGREWFRDWL,363,"2,96494843454278e-01",weaker,"1,72763271542946e-01",stronger,FALSE,363,"0,791240458123954","2,01899999999999968","5,32303318000000036","5,951179","9,50000000000000e+00",NA,FALSE
SGREWFSDWL,363,"8,38211209967085e-01",no significant difference,"2,60141213983631e-01",stronger,FALSE,363,"0,928883568249040","2,24419999999999975","5,20285988000000010","5,645346","7,60000000000000e+00",NA,FALSE
SGREWFTDWL,363,"8,07934797578997e-01",no significant difference,"1,52900499764966e-01",stronger,FALSE,363,"0,847317286308640","2,20969999999999978","5,46999487000000073","5,616215","6,20000000000000e+00",NA,FALSE
SGREWFVDWL,363,"3,78230031095661e-01",weaker,"1,51863105906081e-01",stronger,FALSE,363,"0,791240458123954","2,86649999999999983","6,31283431000000039","5,491725","1,28000000000000e+01",NA,FALSE
SGREWFWDWL,363,"4,73198276977109e-01",weaker,"2,47001134982602e-01",stronger,FALSE,363,"0,791240458123954","2,89909999999999979","7,42685355000000058","6,273604","9,10000000000000e+00",NA,FALSE
SGREWFYDWL,363,"3,80070573845139e-01",weaker,"1,28797881777693e-01",stronger,FALSE,363,"0,796338358849135","2,98719999999999963","7,11383077000000075","6,222269","1,13000000000000e+01",NA,FALSE
SGRF*FSDWL,363,"4,93780367451263e-01",weaker,"8,75676482650933e-01",stronger,TRUE,363,NA,"1,14559999999999995","1,94526473000000011","2,707756","5,30000000000000e+00",NA,FALSE
SGRFAFSDWL,363,"6,48573197456338e-01",weaker,"5,22797682963478e-01",stronger,FALSE,363,"0,811094400495893","3,51989999999999981","6,06799671000000007","5,781201","1,30000000000000e+01","3,59254",FALSE
SGRFCFSDWL,363,"6,01306991777543e-01",weaker,"4,45051849926483e-01",no significant difference,FALSE,363,"0,811094400495893","4,55089999999999950","7,50534905000000041","6,091962","1,69000000000000e+01","3,41832",FALSE
SGRFDFSDWL,363,"6,60937049272595e-01",weaker,"5,52018108254963e-01",stronger,FALSE,363,"0,811094400495893","2,76519999999999966","5,10415071000000076","5,553223","9,70000000000000e+00","3,56572",FALSE
SGRFEFSDWL,363,"6,51009343052335e-01",weaker,"5,90679388247118e-01",stronger,FALSE,363,"0,811094400495893","2,72439999999999971","4,87556951000000005","5,537111","1,10000000000000e+01","3,40186",FALSE
SGRFFFSDWL,363,"5,61301841446776e-01",weaker,"3,95589031797747e-01",no significant difference,FALSE,363,"0,816199961282777","4,78639999999999954","7,49149241000000021","6,419180","1,72000000000000e+01","1,74242",FALSE
SGRFGFSDWL,363,"6,24632625818022e-01",weaker,"5,94956118516959e-01",stronger,FALSE,363,"0,811094400495893","3,33659999999999979","6,36105004000000029","6,329193","1,28000000000000e+01","3,65610",FALSE
SGRFHFSDWL,363,"5,97984345526580e-01",weaker,"4,26192321778809e-01",no significant difference,FALSE,363,"0,811094400495893","3,63409999999999966","6,01953472000000023","6,024023","1,33000000000000e+01","3,53696",FALSE
SGRFIFSDWL,363,"6,44727928314324e-01",weaker,"3,62687565594795e-01",no significant difference,FALSE,363,"0,816199961282777","4,62460000000000004","6,98842264000000046","6,067711","1,76000000000000e+01","2,68846",FALSE
SGRFKFSDWL,363,"5,95156368481562e-01",weaker,"4,31421889114616e-01",stronger,FALSE,363,"0,811094400495893","2,33309999999999951","4,54786261000000014","5,684321","9,70000000000000e+00","3,57418",FALSE
SGRFLFSDWL,363,"5,63624519789270e-01",weaker,"4,37871821672832e-01",no significant difference,FALSE,363,"0,811094400495893","4,42749999999999932","6,87106412000000066","6,110415","1,85000000000000e+01","2,69148",FALSE
SGRFMFSDWL,363,"6,13737220639344e-01",weaker,"4,76084173436207e-01",no significant difference,FALSE,363,"0,811094400495893","4,52609999999999957","6,54914725000000075","6,042294","1,70000000000000e+01","1,50346",FALSE
SGRFNFSDWL,363,"5,59658939984725e-01",weaker,"4,24512570993844e-01",no significant difference,FALSE,363,"0,811094400495893","3,24439999999999973","5,44728581000000034","5,955176","1,23000000000000e+01","3,98980",FALSE
SGRFPFSDWL,363,"5,95082199395988e-01",weaker,"5,93860906621519e-01",stronger,FALSE,363,"0,811094400495893","3,33379999999999965","5,62646961000000001","5,825020","1,06000000000000e+01","4,94902",FALSE
SGRFQFSDWL,363,"5,54075921060966e-01",weaker,"4,87300221315831e-01",no significant difference,FALSE,363,"0,811094400495893","3,10229999999999961","5,50920291000000084","5,911840","1,00000000000000e+01","3,92476",FALSE
SGRFRFSDWL,363,"5,68769271377736e-01",weaker,"4,54870115742620e-01",no significant difference,FALSE,363,"0,811094400495893","3,42609999999999992","5,71496241000000005","6,204990","1,42000000000000e+01","4,09160",FALSE
SGRFSFSDWL,363,"6,19512088925844e-01",weaker,"5,01819769416817e-01",stronger,FALSE,363,"0,811094400495893","3,65129999999999955","5,59478911000000068","5,899157","1,23000000000000e+01","3,80740",FALSE
SGRFTFSDWL,363,"6,29170553643113e-01",weaker,"4,91851669398696e-01",stronger,FALSE,363,"0,811094400495893","3,61679999999999957","5,86192410000000041","5,870026","1,09000000000000e+01","2,86202",FALSE
SGRFVFSDWL,363,"6,45146812862794e-01",weaker,"4,00788978544187e-01",no significant difference,FALSE,363,"0,811094400495893","4,27360000000000007","6,70476354000000008","5,745536","1,75000000000000e+01","3,01478",FALSE
SGRFW*SDWL,363,"4,79852043685544e-01",weaker,"6,74248804934916e-01",stronger,TRUE,363,NA,"1,93809999999999993","3,95979020000000004","3,698980","6,30000000000000e+00",NA,FALSE
SGRFWASDWL,363,"8,18843739799085e-01",no significant difference,"5,43154960827393e-01",stronger,FALSE,363,"0,939066912125099","3,03969999999999985","6,39528708000000012","5,889436","9,60000000000000e+00","0,73310",FALSE
SGRFWCSDWL,363,"8,82071738684873e-01",no significant difference,"5,27823936617324e-01",no significant difference,FALSE,363,"0,939066912125099","4,07069999999999954","7,83263942000000046","6,200197","1,35000000000000e+01","0,63394",FALSE
SGRFWDSDWL,363,"6,34592586176298e-01",weaker,"5,84970022092933e-01",stronger,FALSE,363,"0,939066912125099","2,28499999999999970","5,43144108000000081","5,661458","6,30000000000000e+00","0,69114",FALSE
SGRFWESDWL,363,"8,75785468495609e-01",no significant difference,"5,58036762621967e-01",stronger,FALSE,363,"0,939066912125099","2,24419999999999975","5,20285988000000010","5,645346","7,60000000000000e+00","0,18076",FALSE
SGRFWF*DWL,363,"3,30549520656979e-01",weaker,"5,73401291310117e-02",no significant difference,TRUE,363,NA,"3,21079999999999988","5,64702530000000014","4,581969","1,07000000000000e+01",NA,FALSE
SGRFWFADWL,363,"3,37470593084687e-01",weaker,"-1,46630797855904e-01",no significant difference,FALSE,363,"0,862356889874914","4,17479999999999940","8,29199038000000144","6,409459","1,45000000000000e+01",NA,FALSE
SGRFWFCDWL,363,"3,66406384200909e-01",weaker,"-1,78034064259947e-01",no significant difference,FALSE,363,"0,862356889874914","5,20579999999999998","9,72934272000000000","6,720220","1,84000000000000e+01",NA,FALSE
SGRFWFDDWL,363,"4,95517685684531e-01",weaker,"6,54943718967244e-02",stronger,FALSE,363,"0,862356889874914","3,42009999999999970","7,32814438000000035","6,181481","1,12000000000000e+01",NA,FALSE
SGRFWFEDWL,363,"3,56636311403691e-01",weaker,"1,76495051181582e-01",stronger,FALSE,363,"0,862356889874914","3,37929999999999975","7,09956318000000053","6,165369","1,25000000000000e+01",NA,FALSE
SGRFWFFDWL,363,"4,30235460248533e-01",weaker,"-1,81251005345536e-01",no significant difference,FALSE,363,"0,862356889874914","5,44130000000000003","9,71548607999999980","7,047438","1,87000000000000e+01",NA,FALSE
SGRFWFGDWL,363,"3,92721174611540e-01",weaker,"-1,27803155085676e-01",no significant difference,FALSE,363,"0,862356889874914","3,99149999999999983","8,58504371000000077","6,957451","1,43000000000000e+01",NA,FALSE
SGRFWFHDWL,363,"2,93077647676644e-01",weaker,"-8,41319785605617e-02",no significant difference,FALSE,363,"0,862356889874914","4,28899999999999970","8,24352838999999982","6,652281","1,48000000000000e+01",NA,FALSE
SGRFWFIDWL,363,"3,50653831390629e-01",weaker,"-2,61417573553354e-01",no significant difference,FALSE,363,"0,862356889874914","5,27949999999999964","9,21241631000000005","6,695969","1,91000000000000e+01",NA,FALSE
SGRFWFKDWL,363,"2,07039712149528e-01",weaker,"-3,95328574519693e-03",no significant difference,FALSE,363,"0,862356889874914","2,98799999999999955","6,77185628000000062","6,312579","1,12000000000000e+01",NA,FALSE
SGRFWFLDWL,363,"2,47193933213281e-01",weaker,"-2,48393205768725e-01",no significant difference,FALSE,363,"0,862356889874914","5,08239999999999981","9,09505779000000025","6,738673","2,00000000000000e+01",NA,FALSE
SGRFWFMDWL,363,"2,53837626088307e-01",weaker,"-3,23991835075201e-02",no significant difference,FALSE,363,"0,862356889874914","5,18100000000000005","8,77314092000000123","6,670552","1,85000000000000e+01",NA,FALSE
SGRFWFNDWL,363,"3,67965040413691e-01",weaker,"-5,21849826771231e-02",no significant difference,FALSE,363,"0,862356889874914","3,89929999999999977","7,67127948000000082","6,583434","1,38000000000000e+01",NA,FALSE
SGRFWFPDWL,363,"2,44996736065524e-01",weaker,"-7,08780115354803e-02",no significant difference,FALSE,363,"0,862356889874914","3,98869999999999969","7,85046328000000049","6,453278","1,21000000000000e+01",NA,FALSE
SGRFWFQDWL,363,"3,53779377238108e-01",weaker,"-1,11657105375558e-01",no significant difference,FALSE,363,"0,862356889874914","3,75719999999999965","7,73319658000000043","6,540098","1,15000000000000e+01",NA,FALSE
SGRFWFRDWL,363,"2,51644686963293e-01",weaker,"-2,12955694880092e-01",no significant difference,FALSE,363,"0,862356889874914","4,08099999999999952","7,93895608000000053","6,833248","1,57000000000000e+01",NA,FALSE
SGRFWFS*WL,363,"3,71563153153672e-01",weaker,"5,96537838270229e-01",stronger,TRUE,363,NA,"3,34839999999999982","5,43755710000000025","4,944935","1,02000000000000e+01",NA,FALSE
SGRFWFSAWL,363,"7,50281510939467e-01",weaker,"2,24848018380896e-01",weaker,FALSE,363,"0,959396506427385","5,06090000000000018","8,78262878000000136","6,755393","1,71000000000000e+01","1,67684",FALSE
SGRFWFSCWL,363,"7,18934762516307e-01",no significant difference,"9,88613532672421e-02",no significant difference,FALSE,363,"0,959396506427385","6,09189999999999987","10,21998111999999992","7,066154","2,10000000000000e+01","0,19392",FALSE
SGRFWFSD*L,363,"4,55938461784790e-01",weaker,"5,17172822342925e-01",no significant difference,TRUE,363,NA,"2,59989999999999988","4,73745050000000045","4,961967","7,10000000000000e+00",NA,FALSE
SGRFWFSDAL,363,"4,61115580012528e-01",weaker,"5,06245918691456e-01",stronger,FALSE,363,"0,800740291103689","3,51989999999999981","6,06799671000000007","5,781201","1,30000000000000e+01","3,34166",FALSE
SGRFWFSDCL,363,"4,40009762132952e-01",weaker,"4,59859185887448e-01",no significant difference,FALSE,363,"0,800740291103689","4,55089999999999950","7,50534905000000041","6,091962","1,69000000000000e+01","3,37454",FALSE
SGRFWFSDDL,363,"4,40230991110678e-01",weaker,"5,67226270095007e-01",stronger,FALSE,363,"0,800740291103689","2,76519999999999966","5,10415071000000076","5,553223","9,70000000000000e+00","3,61738",FALSE
SGRFWFSDEL,363,"4,62940103698364e-01",weaker,"5,42952286951829e-01",stronger,FALSE,363,"0,800740291103689","2,72439999999999971","4,87556951000000005","5,537111","1,10000000000000e+01","2,75828",FALSE
SGRFWFSDFL,363,"5,06565123470937e-01",weaker,"3,43557801472883e-01",weaker,FALSE,363,"0,800740291103689","4,78639999999999954","7,49149241000000021","6,419180","1,72000000000000e+01","1,39248",FALSE
SGRFWFSDGL,363,"4,68028634065322e-01",weaker,"5,53423853011415e-01",stronger,FALSE,363,"0,800740291103689","3,33659999999999979","6,36105004000000029","6,329193","1,28000000000000e+01","3,67670",FALSE
SGRFWFSDHL,363,"4,57307900186571e-01",weaker,"5,00775482496442e-01",stronger,FALSE,363,"0,800740291103689","3,63409999999999966","6,01953472000000023","6,024023","1,33000000000000e+01","3,02704",FALSE
SGRFWFSDIL,363,"4,23713945626062e-01",weaker,"2,46884597354423e-01",weaker,FALSE,363,"0,800740291103689","4,62460000000000004","6,98842264000000046","6,067711","1,76000000000000e+01","1,77228",FALSE
SGRFWFSDKL,363,"3,67577402657085e-01",weaker,"5,83455221021292e-01",stronger,FALSE,363,"0,800740291103689","2,33309999999999951","4,54786261000000014","5,684321","9,70000000000000e+00","2,45044",FALSE
SGRFWFSDLL,363,"4,52413701366076e-01",weaker,"2,73384414951307e-01",weaker,FALSE,363,"0,800740291103689","4,42749999999999932","6,87106412000000066","6,110415","1,85000000000000e+01","1,49028",FALSE
SGRFWFSDML,363,"4,88694579602077e-01",weaker,"3,89310722110438e-01",no significant difference,FALSE,363,"0,800740291103689","4,52609999999999957","6,54914725000000075","6,042294","1,70000000000000e+01","1,13104",FALSE
SGRFWFSDNL,363,"4,61220348776162e-01",weaker,"5,57680283252193e-01",stronger,FALSE,363,"0,800740291103689","3,24439999999999973","5,44728581000000034","5,955176","1,23000000000000e+01","3,66252",FALSE
SGRFWFSDPL,363,"4,73259659881952e-01",weaker,"4,43039059385643e-01",stronger,FALSE,363,"0,800740291103689","3,33379999999999965","5,62646961000000001","5,825020","1,06000000000000e+01","3,36394",FALSE
SGRFWFSDQL,363,"4,72268248535065e-01",weaker,"5,62768104309386e-01",stronger,FALSE,363,"0,800740291103689","3,10229999999999961","5,50920291000000084","5,911840","1,00000000000000e+01","3,07714",FALSE
SGRFWFSDRL,363,"4,34291907127320e-01",weaker,"5,23135214118122e-01",stronger,FALSE,363,"0,800740291103689","3,42609999999999992","5,71496241000000005","6,204990","1,42000000000000e+01","2,45064",FALSE
SGRFWFSDSL,363,"4,44315832530677e-01",weaker,"5,01041105913299e-01",stronger,FALSE,363,"0,800740291103689","3,65129999999999955","5,59478911000000068","5,899157","1,23000000000000e+01","3,75678",FALSE
SGRFWFSDTL,363,"4,06147874712142e-01",weaker,"4,99562792345280e-01",stronger,FALSE,363,"0,800740291103689","3,61679999999999957","5,86192410000000041","5,870026","1,09000000000000e+01","3,53568",FALSE
SGRFWFSDVL,363,"4,44357614765918e-01",weaker,"4,18520827935690e-01",no significant difference,FALSE,363,"0,800740291103689","4,27360000000000007","6,70476354000000008","5,745536","1,75000000000000e+01","2,89092",FALSE
SGRFWFSDW*,363,"4,78696863560370e-01",weaker,"4,62394035319601e-01",no significant difference,TRUE,363,NA,"3,39239999999999986","6,75197597000000016","5,953191","8,10000000000000e+00",NA,FALSE
SGRFWFSDWA,363,"4,89377141108783e-01",weaker,"4,47321786531526e-01",stronger,FALSE,363,"0,826539189409278","3,39859999999999962","7,01571537000000056","6,198201","8,30000000000000e+00","3,56562",FALSE
SGRFWFSDWC,363,"6,94126362114288e-01",weaker,"4,20745393327753e-01",no significant difference,FALSE,363,"0,826539189409278","4,42959999999999976","8,45306771000000090","6,508962","1,22000000000000e+01","3,05154",FALSE
SGRFWFSDWD,363,"4,83118946638509e-01",weaker,"5,48808014667819e-01",no significant difference,FALSE,363,"0,826539189409278","2,64389999999999992","6,05186937000000036","5,970223","5,00000000000000e+00","5,27056",FALSE
SGRFWFSDWE,363,"4,49631224201363e-01",weaker,"5,82860757813612e-01",stronger,FALSE,363,"0,826539189409278","2,60309999999999997","5,82328817000000054","5,954111","6,30000000000000e+00","4,40110",FALSE
SGRFWFSDWF,363,"6,03809154676267e-01",weaker,"3,65252528682058e-01",weaker,FALSE,363,"0,826539189409278","4,66509999999999980","8,43921107000000070","6,836180","1,25000000000000e+01","1,30616",FALSE
SGRFWFSDWG,363,"4,61909624371288e-01",weaker,"-8,21351658662174e-03",weaker,FALSE,363,"0,826539189409278","3,21529999999999960","7,30876870000000078","6,746193","8,10000000000000e+00","4,50612",FALSE
SGRFWFSDWH,363,"5,10003663437467e-01",weaker,"4,99868853192121e-01",stronger,FALSE,363,"0,826539189409278","3,51279999999999992","6,96725338000000072","6,441023","8,60000000000000e+00","2,26062",FALSE
SGRFWFSDWI,363,"8,01886005982048e-01",no significant difference,"4,12236860161189e-01",no significant difference,FALSE,363,"0,841844551236033","4,50329999999999941","7,93614130000000007","6,484711","1,29000000000000e+01","0,03280",FALSE
SGRFWFSDWK,363,"4,45494996406082e-01",weaker,"5,05022550998356e-01",stronger,FALSE,363,"0,826539189409278","2,21179999999999977","5,49558127000000063","6,101321","5,00000000000000e+00","2,02130",FALSE
SGRFWFSDWL,363,"8,23840386786413e-01",no significant difference,"4,08236808693423e-01",no significant difference,FALSE,363,"1,000000000000000","4,30619999999999958","7,81878278000000027","6,527415","1,38000000000000e+01","0,00000",TRUE
SGRFWFSDWL,363,"8,23840386786413e-01",no significant difference,"4,08236808693423e-01",no significant difference,FALSE,363,"1,000000000000000","4,30619999999999958","7,81878278000000027","6,527415","1,38000000000000e+01","-0,00530",TRUE
SGRFWFSDWL,363,"8,23840386786413e-01",no significant difference,"4,08236808693423e-01",no significant difference,FALSE,363,"1,000000000000000","4,30619999999999958","7,81878278000000027","6,527415","1,38000000000000e+01","-0,01322",TRUE
SGRFWFSDWL,363,"8,23840386786413e-01",no significant difference,"4,08236808693423e-01",no significant difference,FALSE,363,"1,000000000000000","4,30619999999999958","7,81878278000000027","6,527415","1,38000000000000e+01","-0,01062",TRUE
SGRFWFSDWL,363,"8,23840386786413e-01",no significant difference,"4,08236808693423e-01",no significant difference,FALSE,363,"1,000000000000000","4,30619999999999958","7,81878278000000027","6,527415","1,38000000000000e+01","-0,00042",TRUE
SGRFWFSDWL,363,"8,23840386786413e-01",no significant difference,"4,08236808693423e-01",no significant difference,FALSE,363,"1,000000000000000","4,30619999999999958","7,81878278000000027","6,527415","1,38000000000000e+01","-0,00406",TRUE
SGRFWFSDWL,363,"8,23840386786413e-01",no significant difference,"4,08236808693423e-01",no significant difference,FALSE,363,"1,000000000000000","4,30619999999999958","7,81878278000000027","6,527415","1,38000000000000e+01","-0,00242",TRUE
SGRFWFSDWL,363,"8,23840386786413e-01",no significant difference,"4,08236808693423e-01",no significant difference,FALSE,363,"1,000000000000000","4,30619999999999958","7,81878278000000027","6,527415","1,38000000000000e+01","-0,00690",TRUE
SGRFWFSDWL,363,"8,23840386786413e-01",no significant difference,"-1,21331683790129e-01",no significant difference,FALSE,363,"1,000000000000000","4,30619999999999958","7,81878278000000027","6,527415","1,38000000000000e+01","0,00000",TRUE
SGRFWFSDWL,363,"8,23840386786413e-01",no significant difference,"-1,21331683790129e-01",no significant difference,FALSE,363,"1,000000000000000","4,30619999999999958","7,81878278000000027","6,527415","1,38000000000000e+01","-0,00530",TRUE
SGRFWFSDWL,363,"8,23840386786413e-01",no significant difference,"-1,21331683790129e-01",no significant difference,FALSE,363,"1,000000000000000","4,30619999999999958","7,81878278000000027","6,527415","1,38000000000000e+01","-0,01322",TRUE
SGRFWFSDWL,363,"8,23840386786413e-01",no significant difference,"-1,21331683790129e-01",no significant difference,FALSE,363,"1,000000000000000","4,30619999999999958","7,81878278000000027","6,527415","1,38000000000000e+01","-0,01062",TRUE
SGRFWFSDWL,363,"8,23840386786413e-01",no significant difference,"-1,21331683790129e-01",no significant difference,FALSE,363,"1,000000000000000","4,30619999999999958","7,81878278000000027","6,527415","1,38000000000000e+01","-0,00042",TRUE
SGRFWFSDWL,363,"8,23840386786413e-01",no significant difference,"-1,21331683790129e-01",no significant difference,FALSE,363,"1,000000000000000","4,30619999999999958","7,81878278000000027","6,527415","1,38000000000000e+01","-0,00406",TRUE
SGRFWFSDWL,363,"8,23840386786413e-01",no significant difference,"-1,21331683790129e-01",no significant difference,FALSE,363,"1,000000000000000","4,30619999999999958","7,81878278000000027","6,527415","1,38000000000000e+01","-0,00242",TRUE
SGRFWFSDWL,363,"8,23840386786413e-01",no significant difference,"-1,21331683790129e-01",no significant difference,FALSE,363,"1,000000000000000","4,30619999999999958","7,81878278000000027","6,527415","1,38000000000000e+01","-0,00690",TRUE
SGRFWFSDWM,363,"6,47429530473947e-01",weaker,"4,55083832953542e-01",no significant difference,FALSE,363,"0,826539189409278","4,40479999999999983","7,49686591000000035","6,459294","1,23000000000000e+01","-0,00560",FALSE
SGRFWFSDWN,363,"3,96323289070079e-01",weaker,"4,72319351548084e-01",no significant difference,FALSE,363,"0,826539189409278","3,12309999999999999","6,39500447000000083","6,372176","7,60000000000000e+00","3,17096",FALSE
SGRFWFSDWP,363,"4,46432512595855e-01",weaker,"4,12834473693213e-01",no significant difference,FALSE,363,"0,826539189409278","3,21249999999999991","6,57418827000000050","6,242020","5,90000000000000e+00","6,48586",FALSE
SGRFWFSDWQ,363,"4,23271293564394e-01",weaker,"5,23364668734083e-01",no significant difference,FALSE,363,"0,826539189409278","2,98099999999999987","6,45692157000000044","6,328840","5,30000000000000e+00","2,91258",FALSE
SGRFWFSDWR,363,"4,48635367108092e-01",weaker,"3,92805272313735e-01",no significant difference,FALSE,363,"0,826539189409278","3,30479999999999974","6,66268107000000054","6,621990","9,50000000000000e+00","3,11946",FALSE
SGRFWFSDWS,363,"4,75694768165715e-01",weaker,"5,01346441356788e-01",stronger,FALSE,363,"0,826539189409278","3,52999999999999980","6,54250777000000028","6,316157","7,60000000000000e+00","3,89672",FALSE
SGRFWFSDWT,363,"5,60478667535584e-01",weaker,"4,37051794308852e-01",no significant difference,FALSE,363,"0,826539189409278","3,49549999999999983","6,80964276000000002","6,287026","6,20000000000000e+00","2,73266",FALSE
SGRFWFSDWV,363,"7,87534768634734e-01",weaker,"4,39409304921348e-01",stronger,FALSE,363,"0,836742760635769","4,15229999999999944","7,65248220000000057","6,162536","1,28000000000000e+01","1,49208",FALSE
SGRFWFSDWW,363,"4,81047302689480e-01",weaker,"3,56629846384991e-01",no significant difference,FALSE,363,"0,826539189409278","4,18489999999999984","8,76650144000000076","6,944415","9,10000000000000e+00","2,68308",FALSE
SGRFWFSDWY,363,"4,58529426736099e-01",weaker,"3,52226510222121e-01",weaker,FALSE,363,"0,826539189409278","4,27299999999999969","8,45347866000000003","6,893080","1,13000000000000e+01","3,24980",FALSE
SGRFWFSDYL,363,"5,20096904575142e-01",weaker,"3,85095722329537e-01",no significant difference,FALSE,363,"0,800740291103689","4,39429999999999943","7,50576000000000043","6,476080","1,60000000000000e+01","1,70668",FALSE
SGRFWFSEWL,363,"8,05554284919652e-01",no significant difference,"3,77614113720145e-01",no significant difference,FALSE,363,"0,964471935643433","4,26539999999999964","7,59020158000000045","6,511303","1,51000000000000e+01","0,20908",FALSE
SGRFWFSFWL,363,"4,73758007476275e-01",weaker,"6,36108966569811e-02",weaker,FALSE,363,"0,964471935643433","6,32739999999999991","10,20612447999999972","7,393372","2,13000000000000e+01","0,24130",FALSE
SGRFWFSGWL,363,"7,81141293843703e-01",no significant difference,"3,25342832898441e-01",weaker,FALSE,363,"0,994924560809914","4,87760000000000016","9,07568211000000069","7,303385","1,69000000000000e+01","1,68540",FALSE
SGRFWFSHWL,363,"7,14507759075831e-01",weaker,"3,00052799817695e-01",weaker,FALSE,363,"0,969547374833520","5,17509999999999959","8,73416678999999974","6,998215","1,74000000000000e+01","-0,25578",FALSE
SGRFWFSIWL,363,"5,63201142617931e-01",weaker,"-4,86146006157004e-02",weaker,FALSE,363,"0,969547374833520","6,16559999999999953","9,70305470999999997","7,041903","2,17000000000000e+01","1,10092",FALSE
SGRFWFSKWL,363,"6,40816755928929e-01",weaker,"3,07341825871206e-01",weaker,FALSE,363,"0,959396506427385","3,87409999999999988","7,26249468000000054","6,658513","1,38000000000000e+01","0,05962",FALSE
SGRFWFSLWL,363,"5,26011528423034e-01",weaker,"-6,06721254811692e-02",weaker,FALSE,363,"0,959396506427385","5,96849999999999969","9,58569619000000017","7,084607","2,26000000000000e+01","0,96992",FALSE
SGRFWFSMWL,363,"6,22827828166789e-01",weaker,"1,62661883011670e-01",weaker,FALSE,363,"0,964471935643433","6,06709999999999994","9,26377932000000115","7,016486","2,11000000000000e+01","0,11548",FALSE
SGRFWFSNWL,363,"7,32026984062925e-01",no significant difference,"3,88721640591247e-01",no significant difference,FALSE,363,"0,964471935643433","4,78540000000000010","8,16191788000000074","6,929368","1,64000000000000e+01","0,20458",FALSE
SGRFWFSPWL,363,"7,99447444637845e-01",no significant difference,"4,22139409245172e-01",no significant difference,FALSE,363,"0,994924560809914","4,87479999999999958","8,34110168000000129","6,799212","1,47000000000000e+01","0,75526",FALSE
SGRFWFSQWL,363,"7,93598745467603e-01",no significant difference,"3,63336065878288e-01",no significant difference,FALSE,363,"0,959396506427385","4,64329999999999998","8,22383498000000124","6,886032","1,41000000000000e+01","0,15494",FALSE
SGRFWFSRWL,363,"6,90889167881971e-01",weaker,"3,15603158325302e-01",weaker,FALSE,363,"0,989849121619827","4,96709999999999940","8,42959448000000044","7,179182","1,83000000000000e+01","-0,06748",FALSE
SGRFWFSSWL,363,"6,78893228635265e-01",weaker,"2,89666174074316e-01",weaker,FALSE,363,"0,969547374833520","5,19229999999999947","8,30942118000000107","6,873349","1,64000000000000e+01","0,39462",FALSE
SGRFWFSTWL,363,"6,67414305098835e-01",weaker,"2,61203201040529e-01",weaker,FALSE,363,"0,959396506427385","5,15779999999999994","8,57655616999999992","6,844218","1,50000000000000e+01","0,18724",FALSE
SGRFWFSVWL,363,"6,10630872700621e-01",weaker,"2,63604680325736e-02",weaker,FALSE,363,"0,964471935643433","5,81459999999999955","9,41939561000000047","6,719728","2,16000000000000e+01","1,49936",FALSE
SGRFWFSWWL,363,"5,12523884008125e-01",weaker,"1,80745285506011e-01",weaker,FALSE,363,"0,959396506427385","5,84719999999999995","10,53341484999999977","7,501607","1,79000000000000e+01","0,60474",FALSE
SGRFWFSYWL,363,"5,47139876769183e-01",weaker,"2,00733177986230e-01",weaker,FALSE,363,"0,959396506427385","5,93529999999999980","10,22039207000000083","7,450272","2,01000000000000e+01","0,45800",FALSE
SGRFWFTDWL,363,"7,51035093729192e-01",weaker,"-1,32685376903468e-01",no significant difference,FALSE,363,"0,918433718059600","4,27170000000000005","8,08591777000000000","6,498284","1,24000000000000e+01",NA,FALSE
SGRFWFTDWL,363,"7,51035093729192e-01",weaker,"6,54518391151581e-01",no significant difference,FALSE,363,"0,918433718059600","4,27170000000000005","8,08591777000000000","6,498284","1,24000000000000e+01",NA,FALSE
SGRFWFVDWL,363,"3,45444615704596e-01",weaker,"-2,11140405461670e-01",no significant difference,FALSE,363,"0,862356889874914","4,92849999999999966","8,92875721000000055","6,373794","1,90000000000000e+01",NA,FALSE
SGRFWFWDWL,363,"4,47993090376782e-01",weaker,"-1,62593395521279e-01",no significant difference,FALSE,363,"0,862356889874914","4,96110000000000007","10,04277644999999985","7,155673","1,53000000000000e+01",NA,FALSE
SGRFWFYDWL,363,"4,04995007376371e-01",weaker,"-8,71495851360193e-02",no significant difference,FALSE,363,"0,867454790600095","5,04919999999999991","9,72975367000000091","7,104338","1,75000000000000e+01",NA,FALSE
SGRFWGSDWL,363,"5,77220500877240e-01",weaker,"5,03160404356100e-01",stronger,FALSE,363,"0,939066912125099","2,85639999999999983","6,68834041000000035","6,437428","9,40000000000000e+00","1,34554",FALSE
SGRFWHSDWL,363,"7,96741363356861e-01",no significant difference,"5,53527072918009e-01",stronger,FALSE,363,"0,939066912125099","3,15389999999999970","6,34682509000000028","6,132258","9,90000000000000e+00","0,80176",FALSE
SGRFWISDWL,363,"9,51993900846257e-01",no significant difference,"3,47610667945463e-01",no significant difference,FALSE,363,"0,949222428433255","4,14440000000000008","7,31571301000000052","6,175946","1,42000000000000e+01","-0,46804",FALSE
SGRFWKSDWL,363,"8,47730012392731e-01",no significant difference,"4,68636736049984e-01",no significant difference,FALSE,363,"0,944144665292158","1,85289999999999977","4,87515298000000019","5,792556","6,30000000000000e+00","0,22578",FALSE
SGRFWLSDWL,363,"9,25614635311532e-01",stronger,"3,87508299203766e-01",no significant difference,FALSE,363,"0,969533451075530","3,94729999999999981","7,19835449000000072","6,218650","1,51000000000000e+01","-0,29566",FALSE
SGRFWMSDWL,363,"9,51425345234675e-01",stronger,"4,26022721940431e-01",no significant difference,FALSE,363,"0,949222428433255","4,04589999999999961","6,87643762000000081","6,150529","1,36000000000000e+01","-0,16252",FALSE
SGRFWNSDWL,363,"7,35592788704031e-01",no significant difference,"4,97352998392584e-01",no significant difference,FALSE,363,"0,939066912125099","2,76419999999999977","5,77457618000000039","6,063411","8,90000000000000e+00","0,76692",FALSE
SGRFWPSDWL,363,"5,76340226836676e-01",weaker,"6,26021782111613e-01",stronger,FALSE,363,"0,939066912125099","2,85359999999999969","5,95375998000000006","5,933255","7,20000000000000e+00","0,41780",FALSE
SGRFWQSDWL,363,"8,80940412122906e-01",no significant difference,"5,43283752245780e-01",no significant difference,FALSE,363,"0,939066912125099","2,62209999999999965","5,83649328000000089","6,020075","6,60000000000000e+00","0,73198",FALSE
SGRFWRSDWL,363,"8,61052908754416e-01",no significant difference,"4,47742126528934e-01",no significant difference,FALSE,363,"0,944144665292158","2,94589999999999996","6,04225278000000010","6,313225","1,08000000000000e+01","0,64710",FALSE
SGRFWSSDWL,363,"7,91384857588500e-01",no significant difference,"4,96561281446618e-01",stronger,FALSE,363,"0,939066912125099","3,17109999999999959","5,92207948000000073","6,007392","8,90000000000000e+00","0,91536",FALSE
SGRFWTSDWL,363,"9,13751388579564e-01",no significant difference,"5,11913685344343e-01",stronger,FALSE,363,"0,949222428433255","3,13659999999999961","6,18921447000000047","5,978261","7,50000000000000e+00","0,84430",FALSE
SGRFWVSDWL,363,"9,29562294847099e-01",no significant difference,"4,58971918518297e-01",stronger,FALSE,363,"0,949222428433255","3,79339999999999966","7,03205391000000013","5,853771","1,41000000000000e+01","0,58290",FALSE
SGRFWWSDWL,363,"7,61743964106641e-01",no significant difference,"3,80980392276726e-01",no significant difference,FALSE,363,"0,969533451075530","3,82599999999999962","8,14607314999999943","6,635650","1,04000000000000e+01","0,12084",FALSE
SGRFWYSDWL,363,"8,64467124826955e-01",no significant difference,"4,40320196822579e-01",no significant difference,FALSE,363,"0,964455697908471","3,91409999999999991","7,83305037000000048","6,584315","1,26000000000000e+01","0,09554",FALSE
SGRFYFSDWL,363,"5,46719104457699e-01",weaker,"4,19982490032105e-01",no significant difference,FALSE,363,"0,811094400495893","4,39429999999999943","7,50576000000000043","6,476080","1,60000000000000e+01","2,29082",FALSE
SGRGWF*DWL,363,"2,81967492002862e-01",weaker,"3,05257161390929e-01",stronger,TRUE,363,NA,"1,76099999999999990","4,51658293000000022","4,491982","6,30000000000000e+00",NA,FALSE
SGRGWFADWL,363,"3,71160311570023e-01",weaker,"1,46163827710389e-01",stronger,FALSE,363,"0,796320206098748","2,72499999999999964","7,16154801000000063","6,319472","1,01000000000000e+01",NA,FALSE
SGRGWFCDWL,363,"4,00542935652210e-01",weaker,"2,57939240252928e-02",stronger,FALSE,363,"0,796320206098748","3,75599999999999978","8,59890035000000097","6,630233","1,40000000000000e+01",NA,FALSE
SGRGWFDDWL,363,"4,19874059802329e-01",weaker,"1,88519133477742e-01",stronger,FALSE,363,"0,796320206098748","1,97029999999999972","6,19770201000000043","6,091494","6,80000000000000e+00",NA,FALSE
SGRGWFEDWL,363,"4,08888602689535e-01",weaker,"2,20826025748815e-01",stronger,FALSE,363,"0,796320206098748","1,92949999999999977","5,96912081000000061","6,075382","8,10000000000000e+00",NA,FALSE
SGRGWFFDWL,363,"4,31196215484008e-01",weaker,"6,74933297406882e-02",stronger,FALSE,363,"0,796320206098748","3,99149999999999983","8,58504371000000077","6,957451","1,43000000000000e+01",NA,FALSE
SGRGWFGDWL,363,"4,03040691477302e-01",weaker,"9,68529499590664e-02",stronger,FALSE,363,"0,796320206098748","2,54169999999999963","7,45460133999999996","6,867464","9,90000000000000e+00",NA,FALSE
SGRGWFHDWL,363,"3,10544951682876e-01",weaker,"8,54921929278970e-02",no significant difference,FALSE,363,"0,796320206098748","2,83919999999999995","7,11308602000000079","6,562294","1,04000000000000e+01",NA,FALSE
SGRGWFIDWL,363,"3,66698167830326e-01",weaker,"7,81211579626866e-02",no significant difference,FALSE,363,"0,796320206098748","3,82969999999999988","8,08197394000000102","6,605982","1,47000000000000e+01",NA,FALSE
SGRGWFKDWL,363,"2,97824639776427e-01",weaker,"1,04179122478854e-01",stronger,FALSE,363,"0,796320206098748","1,53819999999999979","5,64141391000000070","6,222592","6,80000000000000e+00",NA,FALSE
SGRGWFLDWL,363,"3,22059670954419e-01",weaker,"1,89239992640775e-02",stronger,FALSE,363,"0,796320206098748","3,63259999999999961","7,96461542000000033","6,648686","1,56000000000000e+01",NA,FALSE
SGRGWFMDWL,363,"3,42478720596194e-01",weaker,"8,54341573704408e-02",no significant difference,FALSE,363,"0,796320206098748","3,73119999999999985","7,64269855000000042","6,580565","1,41000000000000e+01",NA,FALSE
SGRGWFNDWL,363,"3,99295412958916e-01",weaker,"1,14905214897257e-01",stronger,FALSE,363,"0,796320206098748","2,44950000000000001","6,54083711000000001","6,493447","9,40000000000000e+00",NA,FALSE
SGRGWFPDWL,363,"3,40756326724917e-01",weaker,"5,81059690510762e-02",stronger,FALSE,363,"0,796320206098748","2,53889999999999993","6,72002091000000057","6,363291","7,70000000000000e+00",NA,FALSE
SGRGWFQDWL,363,"3,54545268877196e-01",weaker,"1,23915072582345e-01",stronger,FALSE,363,"0,796320206098748","2,30739999999999990","6,60275421000000051","6,450111","7,10000000000000e+00",NA,FALSE
SGRGWFRDWL,363,"3,12552982457897e-01",weaker,"3,77805164636092e-02",stronger,FALSE,363,"0,796320206098748","2,63119999999999976","6,80851371000000061","6,743261","1,13000000000000e+01",NA,FALSE
SGRGWFSDWL,363,"7,93551665697844e-01",weaker,"9,78598589246774e-02",stronger,FALSE,363,"0,933963316223834","2,85639999999999983","6,68834041000000035","6,437428","9,40000000000000e+00",NA,FALSE
SGRGWFTDWL,363,"7,49237206687819e-01",weaker,"5,68708355569128e-02",stronger,FALSE,363,"0,852397034283434","2,82189999999999985","6,95547540000000009","6,408297","8,00000000000000e+00",NA,FALSE
SGRGWFVDWL,363,"3,78732442685250e-01",weaker,"4,89976873001524e-02",stronger,FALSE,363,"0,796320206098748","3,47869999999999990","7,79831484000000064","6,283807","1,46000000000000e+01",NA,FALSE
SGRGWFWDWL,363,"4,09726169786891e-01",weaker,"7,98941292648093e-02",stronger,FALSE,363,"0,796320206098748","3,51129999999999987","8,91233408000000082","7,065686","1,09000000000000e+01",NA,FALSE
SGRGWFYDWL,363,"3,80195408933088e-01",weaker,"2,89496505595210e-02",stronger,FALSE,363,"0,801418106823929","3,59939999999999971","8,59931130000000010","7,014351","1,31000000000000e+01",NA,FALSE
SGRHWF*DWL,363,"2,85685997860376e-01",weaker,"2,02585587452412e-01",stronger,TRUE,363,NA,"2,05850000000000000","4,17506761000000015","4,186812","6,80000000000000e+00",NA,FALSE
SGRHWFADWL,363,"2,84892391168660e-01",weaker,"6,51885433762705e-02",stronger,FALSE,363,"0,791240458123954","3,02249999999999996","6,82003269000000056","6,014302","1,06000000000000e+01",NA,FALSE
SGRHWFCDWL,363,"3,95032966546891e-01",weaker,"-2,09897018601189e-02",no significant difference,FALSE,363,"0,791240458123954","4,05349999999999966","8,25738503000000001","6,325063","1,45000000000000e+01",NA,FALSE
SGRHWFDDWL,363,"4,89183037010606e-01",weaker,"3,59994901710098e-02",stronger,FALSE,363,"0,791240458123954","2,26779999999999982","5,85618669000000036","5,786324","7,30000000000000e+00",NA,FALSE
SGRHWFEDWL,363,"3,81590018572662e-01",weaker,"2,21453495570194e-01",no significant difference,FALSE,363,"0,791240458123954","2,22699999999999987","5,62760549000000054","5,770212","8,60000000000000e+00",NA,FALSE
SGRHWFFDWL,363,"3,78617808070893e-01",weaker,"-5,48754663141509e-02",no significant difference,FALSE,363,"0,791240458123954","4,28899999999999970","8,24352838999999982","6,652281","1,48000000000000e+01",NA,FALSE
SGRHWFGDWL,363,"3,88842713186191e-01",weaker,"1,41419161983833e-01",stronger,FALSE,363,"0,791240458123954","2,83919999999999995","7,11308602000000079","6,562294","1,04000000000000e+01",NA,FALSE
SGRHWFHDWL,363,"1,69793895947731e-01",no significant difference,"-9,30867013268124e-03",no significant difference,FALSE,363,"0,791240458123954","3,13669999999999982","6,77157070000000072","6,257124","1,09000000000000e+01",NA,FALSE
SGRHWFIDWL,363,"2,96796931551921e-01",weaker,"-1,70193478972373e-01",no significant difference,FALSE,363,"0,791240458123954","4,12720000000000020","7,74045862000000007","6,300812","1,52000000000000e+01",NA,FALSE
SGRHWFKDWL,363,"2,62304012326997e-01",weaker,"5,31237888878260e-02",no significant difference,FALSE,363,"0,791240458123954","1,83569999999999967","5,29989859000000063","5,917422","7,30000000000000e+00",NA,FALSE
SGRHWFLDWL,363,"3,24998237382088e-01",weaker,"-1,52206600426341e-01",no significant difference,FALSE,363,"0,791240458123954","3,93009999999999993","7,62310010000000027","6,343516","1,61000000000000e+01",NA,FALSE
SGRHWFMDWL,363,"3,31821654206682e-01",weaker,"-1,90788109377057e-01",no significant difference,FALSE,363,"0,791240458123954","4,02869999999999973","7,30118323000000036","6,275395","1,46000000000000e+01",NA,FALSE
SGRHWFNDWL,363,"2,40717352230283e-01",weaker,"1,15019536308925e-01",no significant difference,FALSE,363,"0,791240458123954","2,74699999999999989","6,19932179000000083","6,188277","9,90000000000000e+00",NA,FALSE
SGRHWFPDWL,363,"2,69395940212079e-01",weaker,"1,29468669311109e-02",stronger,FALSE,363,"0,791240458123954","2,83639999999999981","6,37850559000000050","6,058121","8,20000000000000e+00",NA,FALSE
SGRHWFQDWL,363,"1,39718114060688e-01",no significant difference,"1,64121382522134e-01",stronger,FALSE,363,"0,791240458123954","2,60489999999999977","6,26123889000000045","6,144941","7,60000000000000e+00",NA,FALSE
SGRHWFRDWL,363,"1,85247311339318e-01",weaker,"-1,16487691150424e-01",no significant difference,FALSE,363,"0,791240458123954","2,92869999999999964","6,46699839000000054","6,438091","1,18000000000000e+01",NA,FALSE
SGRHWFSDWL,363,"7,70425840409029e-01",weaker,"5,02050337401319e-02",no significant difference,FALSE,363,"0,928883568249040","3,15389999999999970","6,34682509000000028","6,132258","9,90000000000000e+00",NA,FALSE
SGRHWFTDWL,363,"7,41271381522444e-01",weaker,"6,98076536802029e-02",stronger,FALSE,363,"0,847317286308640","3,11939999999999973","6,61396008000000002","6,103127","8,50000000000000e+00",NA,FALSE
SGRHWFVDWL,363,"3,73200106579934e-01",weaker,"-1,11494366181950e-02",no significant difference,FALSE,363,"0,791240458123954","3,77619999999999978","7,45679952000000057","5,978637","1,51000000000000e+01",NA,FALSE
SGRHWFWDWL,363,"4,08397483930666e-01",weaker,"-1,16669245651925e-01",no significant difference,FALSE,363,"0,791240458123954","3,80879999999999974","8,57081875999999987","6,760516","1,14000000000000e+01",NA,FALSE
SGRHWFYDWL,363,"2,78268131217881e-01",weaker,"-7,10907887571111e-02",no significant difference,FALSE,363,"0,796338358849135","3,89690000000000003","8,25779598000000092","6,709181","1,36000000000000e+01",NA,FALSE
SGRIWF*DWL,363,"1,31545790090368e-01",no significant difference,"2,34696528260423e-01",stronger,TRUE,363,NA,"3,04899999999999993","5,14395553000000039","4,230500","1,11000000000000e+01",NA,FALSE
SGRIWFADWL,363,"3,26024416618776e-01",weaker,"-6,29477219742789e-02",no significant difference,FALSE,363,"0,801399954073541","4,01299999999999990","7,78892061000000080","6,057990","1,49000000000000e+01",NA,FALSE
SGRIWFCDWL,363,"4,10273526230769e-01",weaker,"-2,73069293140859e-01",no significant difference,FALSE,363,"0,801399954073541","5,04399999999999959","9,22627295000000025","6,368751","1,88000000000000e+01",NA,FALSE
SGRIWFDDWL,363,"4,42515681456360e-01",weaker,"1,52501103952738e-03",no significant difference,FALSE,363,"0,801399954073541","3,25829999999999975","6,82507461000000060","5,830012","1,16000000000000e+01",NA,FALSE
SGRIWFEDWL,363,"3,89851786358342e-01",weaker,"4,18958999268787e-02",no significant difference,FALSE,363,"0,801399954073541","3,21749999999999980","6,59649341000000078","5,813900","1,29000000000000e+01",NA,FALSE
SGRIWFFDWL,363,"5,06388916740855e-01",weaker,"-3,31116593790339e-01",no significant difference,FALSE,363,"0,801399954073541","5,27949999999999964","9,21241631000000005","6,695969","1,91000000000000e+01",NA,FALSE
SGRIWFGDWL,363,"4,30712065431969e-01",weaker,"-1,79862629645525e-02",no significant difference,FALSE,363,"0,801399954073541","3,82969999999999988","8,08197394000000102","6,605982","1,47000000000000e+01",NA,FALSE
SGRIWFHDWL,363,"3,07573891300159e-01",weaker,"-1,05505852613392e-01",no significant difference,FALSE,363,"0,801399954073541","4,12720000000000020","7,74045862000000007","6,300812","1,52000000000000e+01",NA,FALSE
SGRIWFIDWL,363,"3,32822542918995e-01",weaker,"-2,11135747562526e-01",no significant difference,FALSE,363,"0,801399954073541","5,11770000000000014","8,70934654000000030","6,344500","1,95000000000000e+01",NA,FALSE
SGRIWFKDWL,363,"2,36426759333031e-01",weaker,"-1,52442551564889e-01",no significant difference,FALSE,363,"0,801399954073541","2,82619999999999960","6,26878650999999998","5,961110","1,16000000000000e+01",NA,FALSE
SGRIWFLDWL,363,"3,30690790546657e-01",weaker,"-1,78487710056829e-01",no significant difference,FALSE,363,"0,801399954073541","4,92059999999999942","8,59198802000000050","6,387204","2,04000000000000e+01",NA,FALSE
SGRIWFMDWL,363,"3,29925878643893e-01",no significant difference,"-2,09704072268864e-01",no significant difference,FALSE,363,"0,801399954073541","5,01919999999999966","8,27007114999999970","6,319083","1,89000000000000e+01",NA,FALSE
SGRIWFNDWL,363,"3,66970711241061e-01",weaker,"-8,28399905837262e-02",no significant difference,FALSE,363,"0,801399954073541","3,73749999999999982","7,16820971000000018","6,231965","1,42000000000000e+01",NA,FALSE
SGRIWFPDWL,363,"2,42520045283281e-01",weaker,"-5,05172490640815e-02",no significant difference,FALSE,363,"0,801399954073541","3,82689999999999975","7,34739351000000074","6,101809","1,25000000000000e+01",NA,FALSE
SGRIWFQDWL,363,"2,54925306188131e-01",weaker,"2,28970710271823e-02",no significant difference,FALSE,363,"0,801399954073541","3,59539999999999971","7,23012681000000068","6,188629","1,19000000000000e+01",NA,FALSE
SGRIWFRDWL,363,"2,96728600929729e-01",weaker,"-1,39862328477711e-01",no significant difference,FALSE,363,"0,801399954073541","3,91920000000000002","7,43588631000000078","6,481779","1,61000000000000e+01",NA,FALSE
SGRIWFSDWL,363,"8,56373737392298e-01",stronger,"-1,03040682110973e-01",no significant difference,FALSE,363,"0,939043064198628","4,14440000000000008","7,31571301000000052","6,175946","1,42000000000000e+01",NA,FALSE
SGRIWFTDWL,363,"8,22038105511425e-01",no significant difference,"-1,49794406556570e-01",no significant difference,FALSE,363,"0,857476782258228","4,10989999999999966","7,58284800000000025","6,146815","1,28000000000000e+01",NA,FALSE
SGRIWFVDWL,363,"3,48513925784713e-01",weaker,"-1,36175200052086e-01",no significant difference,FALSE,363,"0,801399954073541","4,76670000000000016","8,42568744000000081","6,022325","1,94000000000000e+01",NA,FALSE
SGRIWFWDWL,363,"4,75464681552986e-01",weaker,"-1,81472502221489e-01",no significant difference,FALSE,363,"0,801399954073541","4,79929999999999968","9,53970668000000011","6,804204","1,57000000000000e+01",NA,FALSE
SGRIWFYDWL,363,"3,76131179120366e-01",weaker,"-1,69618304858206e-01",no significant difference,FALSE,363,"0,806497854798723","4,88739999999999952","9,22668390000000116","6,752869","1,79000000000000e+01",NA,FALSE
SGRKWF*DWL,363,"2,36284855117795e-01",weaker,"4,07212705256175e-01",stronger,TRUE,363,NA,"0,75749999999999984","2,70339550000000006","3,847110","3,20000000000000e+00",NA,FALSE
SGRKWFADWL,363,"3,95767001397045e-01",weaker,"9,52487639965420e-02",stronger,FALSE,363,"0,791240458123954","1,72149999999999981","5,34836058000000047","5,674600","7,00000000000000e+00",NA,FALSE
SGRKWFCDWL,363,"3,94244799369496e-01",weaker,"-7,76159859102621e-02",no significant difference,FALSE,363,"0,791240458123954","2,75249999999999950","6,78571292000000081","5,985361","1,09000000000000e+01",NA,FALSE
SGRKWFDDWL,363,"4,88389852182705e-01",weaker,"8,65943954406764e-02",stronger,FALSE,363,"0,791240458123954","0,96679999999999966","4,38451458000000027","5,446622","3,70000000000000e+00",NA,FALSE
SGRKWFEDWL,363,"4,31026189699940e-01",weaker,"1,28291378798259e-01",stronger,FALSE,363,"0,791240458123954","0,92599999999999971","4,15593338000000045","5,430510","5,00000000000000e+00",NA,FALSE
SGRKWFFDWL,363,"4,05423489767709e-01",weaker,"-4,52448167427799e-03",no significant difference,FALSE,363,"0,791240458123954","2,98799999999999955","6,77185628000000062","6,312579","1,12000000000000e+01",NA,FALSE
SGRKWFGDWL,363,"3,91573763293589e-01",weaker,"6,36591371127997e-02",stronger,FALSE,363,"0,791240458123954","1,53819999999999979","5,64141391000000070","6,222592","6,80000000000000e+00",NA,FALSE
SGRKWFHDWL,363,"3,66291301795144e-01",weaker,"3,29134976663641e-02",no significant difference,FALSE,363,"0,791240458123954","1,83569999999999967","5,29989859000000063","5,917422","7,30000000000000e+00",NA,FALSE
SGRKWFIDWL,363,"3,65361618742909e-01",weaker,"4,33785917682078e-02",no significant difference,FALSE,363,"0,791240458123954","2,82619999999999960","6,26878650999999998","5,961110","1,16000000000000e+01",NA,FALSE
SGRKWFKDWL,363,"3,33837885982021e-01",weaker,"-8,97584133668267e-02",no significant difference,FALSE,363,"0,791240458123954","0,53469999999999962","3,82822648000000054","5,577720","3,70000000000000e+00",NA,FALSE
SGRKWFLDWL,363,"3,38319775635281e-01",weaker,"-9,60962328239525e-02",no significant difference,FALSE,363,"0,791240458123954","2,62909999999999977","6,15142799000000018","6,003814","1,25000000000000e+01",NA,FALSE
SGRKWFMDWL,363,"2,90557338583846e-01",weaker,"-6,02445280718010e-02",no significant difference,FALSE,363,"0,791240458123954","2,72769999999999957","5,82951112000000027","5,935693","1,10000000000000e+01",NA,FALSE
SGRKWFNDWL,363,"3,47677845758015e-01",weaker,"-3,94761126408090e-02",no significant difference,FALSE,363,"0,791240458123954","1,44599999999999973","4,72764968000000074","5,848575","6,30000000000000e+00",NA,FALSE
SGRKWFPDWL,363,"3,25084251796394e-01",weaker,"-3,79112217257502e-02",no significant difference,FALSE,363,"0,791240458123954","1,53539999999999965","4,90683348000000041","5,718419","4,60000000000000e+00",NA,FALSE
SGRKWFQDWL,363,"1,04374514670915e-01",no significant difference,"1,13635477307883e-01",stronger,FALSE,363,"0,791240458123954","1,30389999999999961","4,78956678000000036","5,805239","4,00000000000000e+00",NA,FALSE
SGRKWFRDWL,363,"2,70800231689112e-01",weaker,"-1,11881819524864e-01",no significant difference,FALSE,363,"0,791240458123954","1,62769999999999970","4,99532628000000045","6,098389","8,20000000000000e+00",NA,FALSE
SGRKWFSDWL,363,"7,98743589180561e-01",no significant difference,"2,67287614625951e-02",stronger,FALSE,363,"0,928883568249040","1,85289999999999977","4,87515298000000019","5,792556","6,30000000000000e+00",NA,FALSE
SGRKWFTDWL,363,"7,85884042649255e-01",no significant difference,"2,46276689581078e-02",no significant difference,FALSE,363,"0,847317286308640","1,81839999999999979","5,14228797000000082","5,763425","4,90000000000000e+00",NA,FALSE
SGRKWFVDWL,363,"3,78068018142692e-01",weaker,"-8,74631096459918e-02",no significant difference,FALSE,363,"0,791240458123954","2,47519999999999962","5,98512741000000048","5,638935","1,15000000000000e+01",NA,FALSE
SGRKWFWDWL,363,"3,94990255162042e-01",weaker,"5,72985446455001e-02",stronger,FALSE,363,"0,791240458123954","2,50779999999999959","7,09914664999999978","6,420814","7,80000000000000e+00",NA,FALSE
SGRKWFYDWL,363,"4,18112073280332e-01",weaker,"-9,73402705930259e-02",no significant difference,FALSE,363,"0,796338358849135","2,59589999999999987","6,78612387000000084","6,369479","1,00000000000000e+01",NA,FALSE
SGRLWF*DWL,363,"2,91771150142827e-01",weaker,"1,91951286611151e-01",stronger,TRUE,363,NA,"2,85189999999999966","5,02659701000000059","4,273204","1,20000000000000e+01",NA,FALSE
SGRLWFADWL,363,"3,79470407784348e-01",weaker,"6,77013128060117e-02",stronger,FALSE,363,"0,836958159974983","3,81589999999999963","7,67156209000000100","6,100694","1,58000000000000e+01",NA,FALSE
SGRLWFCDWL,363,"4,22254311250127e-01",weaker,"-1,60808388309562e-01",no significant difference,FALSE,363,"0,836958159974983","4,84689999999999976","9,10891443000000045","6,411455","1,97000000000000e+01",NA,FALSE
SGRLWFDDWL,363,"5,06805932514310e-01",weaker,"1,10511149391675e-01",stronger,FALSE,363,"0,836958159974983","3,06119999999999948","6,70771609000000080","5,872716","1,25000000000000e+01",NA,FALSE
SGRLWFEDWL,363,"4,17357069599879e-01",weaker,"2,21551437275418e-01",stronger,FALSE,363,"0,836958159974983","3,02039999999999953","6,47913489000000098","5,856604","1,38000000000000e+01",NA,FALSE
SGRLWFFDWL,363,"4,95352812162508e-01",weaker,"-2,73972738020585e-02",no significant difference,FALSE,363,"0,836958159974983","5,08239999999999981","9,09505779000000025","6,738673","2,00000000000000e+01",NA,FALSE
SGRLWFGDWL,363,"3,89797417825526e-01",weaker,"1,47494436482155e-02",stronger,FALSE,363,"0,836958159974983","3,63259999999999961","7,96461542000000033","6,648686","1,56000000000000e+01",NA,FALSE
SGRLWFHDWL,363,"3,56988710499341e-01",weaker,"5,95764623857727e-02",no significant difference,FALSE,363,"0,836958159974983","3,93009999999999993","7,62310010000000027","6,343516","1,61000000000000e+01",NA,FALSE
SGRLWFIDWL,363,"3,39807836733019e-01",weaker,"-1,50542336922930e-01",no significant difference,FALSE,363,"0,836958159974983","4,92059999999999942","8,59198802000000050","6,387204","2,04000000000000e+01",NA,FALSE
SGRLWFKDWL,363,"3,15920653177839e-01",weaker,"-7,43321877385043e-02",no significant difference,FALSE,363,"0,836958159974983","2,62909999999999977","6,15142799000000018","6,003814","1,25000000000000e+01",NA,FALSE
SGRLWFLDWL,363,"3,14918395464670e-01",weaker,"-9,16716040584518e-02",no significant difference,FALSE,363,"0,836958159974983","4,72349999999999959","8,47462950000000070","6,429908","2,13000000000000e+01",NA,FALSE
SGRLWFMDWL,363,"3,29643754153959e-01",weaker,"-5,72526483613251e-02",no significant difference,FALSE,363,"0,836958159974983","4,82209999999999983","8,15271262999999990","6,361787","1,98000000000000e+01",NA,FALSE
SGRLWFNDWL,363,"3,56247842498283e-01",weaker,"1,02036275601836e-01",stronger,FALSE,363,"0,836958159974983","3,54039999999999955","7,05085119000000038","6,274669","1,51000000000000e+01",NA,FALSE
SGRLWFPDWL,363,"3,24886389939054e-01",weaker,"-4,45097679695293e-03",stronger,FALSE,363,"0,836958159974983","3,62979999999999992","7,23003499000000094","6,144513","1,34000000000000e+01",NA,FALSE
SGRLWFQDWL,363,"3,12351326822102e-01",weaker,"5,22156738913813e-02",stronger,FALSE,363,"0,836958159974983","3,39829999999999988","7,11276829000000088","6,231333","1,28000000000000e+01",NA,FALSE
SGRLWFRDWL,363,"2,71424273513016e-01",weaker,"-1,56626079935678e-01",no significant difference,FALSE,363,"0,836958159974983","3,72209999999999974","7,31852779000000098","6,524483","1,70000000000000e+01",NA,FALSE
SGRLWFSDWL,363,"8,42562004835776e-01",stronger,"-5,61389672699361e-02",no significant difference,FALSE,363,"0,974601270100069","3,94729999999999981","7,19835449000000072","6,218650","1,51000000000000e+01",NA,FALSE
SGRLWFTDWL,363,"8,26471237592981e-01",no significant difference,"-5,36601241877048e-02",no significant difference,FALSE,363,"0,893034988159669","3,91279999999999983","7,46548948000000046","6,189519","1,37000000000000e+01",NA,FALSE
SGRLWFVDWL,363,"3,78224919120119e-01",weaker,"-1,03561530467366e-01",no significant difference,FALSE,363,"0,836958159974983","4,56959999999999944","8,30832892000000101","6,065029","2,03000000000000e+01",NA,FALSE
SGRLWFWDWL,363,"4,93044365471753e-01",weaker,"-3,55581519685957e-02",no significant difference,FALSE,363,"0,836958159974983","4,60219999999999985","9,42234816000000031","6,846908","1,66000000000000e+01",NA,FALSE
SGRLWFYDWL,363,"3,78626977391631e-01",weaker,"-1,21817138697907e-02",no significant difference,FALSE,363,"0,842056060700164","4,69029999999999969","9,10932538000000136","6,795573","1,88000000000000e+01",NA,FALSE
SGRMWF*DWL,363,"2,43857551742829e-01",weaker,"2,56829241141584e-01",stronger,TRUE,363,NA,"2,95049999999999990","4,70468013999999979","4,205083","1,05000000000000e+01",NA,FALSE
SGRMWFADWL,363,"3,82393270467713e-01",weaker,"7,48866516536857e-02",stronger,FALSE,363,"0,791240458123954","3,91449999999999987","7,34964522000000020","6,032573","1,43000000000000e+01",NA,FALSE
SGRMWFCDWL,363,"4,38324557289038e-01",weaker,"-4,58066958167974e-02",no significant difference,FALSE,363,"0,791240458123954","4,94550000000000001","8,78699755999999965","6,343334","1,82000000000000e+01",NA,FALSE
SGRMWFDDWL,363,"4,94750252578241e-01",weaker,"1,89184130935523e-01",stronger,FALSE,363,"0,791240458123954","3,15979999999999972","6,38579922000000000","5,804595","1,10000000000000e+01",NA,FALSE
SGRMWFEDWL,363,"4,50395203826350e-01",weaker,"2,47736229401898e-01",stronger,FALSE,363,"0,791240458123954","3,11899999999999977","6,15721802000000018","5,788483","1,23000000000000e+01",NA,FALSE
SGRMWFFDWL,363,"5,28485654419205e-01",weaker,"-2,57118232916349e-02",no significant difference,FALSE,363,"0,791240458123954","5,18100000000000005","8,77314092000000123","6,670552","1,85000000000000e+01",NA,FALSE
SGRMWFGDWL,363,"4,64491831964408e-01",weaker,"1,24107135085663e-01",stronger,FALSE,363,"0,791240458123954","3,73119999999999985","7,64269855000000042","6,580565","1,41000000000000e+01",NA,FALSE
SGRMWFHDWL,363,"4,21200857584252e-01",weaker,"1,13557062784698e-01",no significant difference,FALSE,363,"0,791240458123954","4,02869999999999973","7,30118323000000036","6,275395","1,46000000000000e+01",NA,FALSE
SGRMWFIDWL,363,"3,97896376211823e-01",weaker,"-8,60841954227013e-02",no significant difference,FALSE,363,"0,791240458123954","5,01919999999999966","8,27007114999999970","6,319083","1,89000000000000e+01",NA,FALSE
SGRMWFKDWL,363,"2,32586869436361e-01",weaker,"8,20847641841505e-02",no significant difference,FALSE,363,"0,791240458123954","2,72769999999999957","5,82951112000000027","5,935693","1,10000000000000e+01",NA,FALSE
SGRMWFLDWL,363,"3,11173016328150e-01",weaker,"8,37710666827146e-02",stronger,FALSE,363,"0,791240458123954","4,82209999999999983","8,15271262999999990","6,361787","1,98000000000000e+01",NA,FALSE
SGRMWFMDWL,363,"2,47149369613314e-01",weaker,"1,39696595966489e-01",stronger,FALSE,363,"0,791240458123954","4,92070000000000007","7,83079575999999999","6,293666","1,83000000000000e+01",NA,FALSE
SGRMWFNDWL,363,"3,75499829575804e-01",weaker,"1,61234482678473e-01",stronger,FALSE,363,"0,791240458123954","3,63899999999999979","6,72893432000000047","6,206548","1,36000000000000e+01",NA,FALSE
SGRMWFPDWL,363,"2,89542870984349e-01",weaker,"2,09179962222786e-02",no significant difference,FALSE,363,"0,791240458123954","3,72839999999999971","6,90811812000000014","6,076392","1,19000000000000e+01",NA,FALSE
SGRMWFQDWL,363,"3,82804901032145e-01",weaker,"1,80998846246038e-01",stronger,FALSE,363,"0,791240458123954","3,49689999999999968","6,79085142000000008","6,163212","1,13000000000000e+01",NA,FALSE
SGRMWFRDWL,363,"2,84104850274683e-01",weaker,"-5,53411817411988e-04",no significant difference,FALSE,363,"0,791240458123954","3,82069999999999954","6,99661092000000018","6,456362","1,55000000000000e+01",NA,FALSE
SGRMWFSDWL,363,"8,48442078378555e-01",stronger,"-6,04819421957794e-02",no significant difference,FALSE,363,"0,928883568249040","4,04589999999999961","6,87643762000000081","6,150529","1,36000000000000e+01",NA,FALSE
SGRMWFTDWL,363,"8,43915835297661e-01",no significant difference,"6,10807432256152e-02",stronger,FALSE,363,"0,847317286308640","4,01140000000000008","7,14357261000000054","6,121398","1,22000000000000e+01",NA,FALSE
SGRMWFVDWL,363,"3,60258358649084e-01",weaker,"4,94205273670075e-02",no significant difference,FALSE,363,"0,791240458123954","4,66819999999999968","7,98641205000000021","5,996908","1,88000000000000e+01",NA,FALSE
SGRMWFWDWL,363,"5,11010265694884e-01",weaker,"9,36363182437810e-02",stronger,FALSE,363,"0,791240458123954","4,70080000000000009","9,10043128999999951","6,778787","1,51000000000000e+01",NA,FALSE
SGRMWFYDWL,363,"4,14707676526444e-01",weaker,"1,58167279611716e-01",no significant difference,FALSE,363,"0,796338358849135","4,78889999999999993","8,78740851000000056","6,727452","1,73000000000000e+01",NA,FALSE
SGRNWF*DWL,363,"1,45627401011817e-01",weaker,"2,83554682158260e-01",stronger,TRUE,363,NA,"1,66879999999999984","3,60281870000000026","4,117965","5,80000000000000e+00",NA,FALSE
SGRNWFADWL,363,"3,60544291415785e-01",weaker,"1,41082801944115e-02",stronger,FALSE,363,"0,791240458123954","2,63280000000000003","6,24778378000000068","5,945455","9,60000000000000e+00",NA,FALSE
SGRNWFCDWL,363,"3,01524272424803e-01",weaker,"-2,95841204856044e-02",no significant difference,FALSE,363,"0,791240458123954","3,66379999999999972","7,68513612000000013","6,256216","1,35000000000000e+01",NA,FALSE
SGRNWFDDWL,363,"5,01094780785187e-01",weaker,"1,64780117936295e-01",stronger,FALSE,363,"0,791240458123954","1,87809999999999966","5,28393778000000047","5,717477","6,30000000000000e+00",NA,FALSE
SGRNWFEDWL,363,"3,98310789436467e-01",weaker,"1,09881419763198e-01",stronger,FALSE,363,"0,791240458123954","1,83729999999999971","5,05535658000000065","5,701365","7,60000000000000e+00",NA,FALSE
SGRNWFFDWL,363,"4,37062254837358e-01",weaker,"-3,89852108312226e-02",no significant difference,FALSE,363,"0,791240458123954","3,89929999999999977","7,67127948000000082","6,583434","1,38000000000000e+01",NA,FALSE
SGRNWFGDWL,363,"3,63871576177555e-01",weaker,"2,97483930702055e-02",stronger,FALSE,363,"0,791240458123954","2,44950000000000001","6,54083711000000001","6,493447","9,40000000000000e+00",NA,FALSE
SGRNWFHDWL,363,"3,12508573827595e-01",weaker,"4,47496436925678e-02",no significant difference,FALSE,363,"0,791240458123954","2,74699999999999989","6,19932179000000083","6,188277","9,90000000000000e+00",NA,FALSE
SGRNWFIDWL,363,"3,67895945674838e-01",weaker,"-8,60884322386942e-02",no significant difference,FALSE,363,"0,791240458123954","3,73749999999999982","7,16820971000000018","6,231965","1,42000000000000e+01",NA,FALSE
SGRNWFKDWL,363,"3,79052380418240e-01",weaker,"-1,82509982330213e-02",no significant difference,FALSE,363,"0,791240458123954","1,44599999999999973","4,72764968000000074","5,848575","6,30000000000000e+00",NA,FALSE
SGRNWFLDWL,363,"2,85275081273316e-01",weaker,"-3,53136848523686e-02",no significant difference,FALSE,363,"0,791240458123954","3,54039999999999955","7,05085119000000038","6,274669","1,51000000000000e+01",NA,FALSE
SGRNWFMDWL,363,"2,42107503471359e-01",weaker,"-7,50103103567225e-02",no significant difference,FALSE,363,"0,791240458123954","3,63899999999999979","6,72893432000000047","6,206548","1,36000000000000e+01",NA,FALSE
SGRNWFNDWL,363,"2,93957661545088e-01",weaker,"-1,36929794311766e-03",no significant difference,FALSE,363,"0,791240458123954","2,35729999999999995","5,62707288000000005","6,119430","8,90000000000000e+00",NA,FALSE
SGRNWFPDWL,363,"2,66682486510307e-01",weaker,"1,28179188812025e-01",stronger,FALSE,363,"0,791240458123954","2,44669999999999987","5,80625668000000061","5,989274","7,20000000000000e+00",NA,FALSE
SGRNWFQDWL,363,"2,95380614454981e-01",weaker,"-5,69394328306849e-02",no significant difference,FALSE,363,"0,791240458123954","2,21519999999999984","5,68898998000000056","6,076094","6,60000000000000e+00",NA,FALSE
SGRNWFRDWL,363,"2,90300951614553e-01",weaker,"-4,24123599946876e-02",no significant difference,FALSE,363,"0,791240458123954","2,53899999999999970","5,89474948000000065","6,369244","1,08000000000000e+01",NA,FALSE
SGRNWFSDWL,363,"7,99767141186364e-01",no significant difference,"7,33212517725854e-02",stronger,FALSE,363,"0,928883568249040","2,76419999999999977","5,77457618000000039","6,063411","8,90000000000000e+00",NA,FALSE
SGRNWFTDWL,363,"7,55405264227958e-01",weaker,"-3,82789413496946e-02",no significant difference,FALSE,363,"0,847317286308640","2,72969999999999979","6,04171117000000013","6,034280","7,50000000000000e+00",NA,FALSE
SGRNWFVDWL,363,"3,35730662440408e-01",weaker,"-8,73795794649165e-02",no significant difference,FALSE,363,"0,791240458123954","3,38649999999999984","6,88455061000000068","5,909790","1,41000000000000e+01",NA,FALSE
SGRNWFWDWL,363,"4,09263173573249e-01",weaker,"-8,46557142025013e-02",no significant difference,FALSE,363,"0,791240458123954","3,41909999999999981","7,99856984999999998","6,691669","1,04000000000000e+01",NA,FALSE
SGRNWFYDWL,363,"3,11042499493498e-01",weaker,"-9,73869356699113e-02",no significant difference,FALSE,363,"0,796338358849135","3,50719999999999965","7,68554707000000015","6,640334","1,26000000000000e+01",NA,FALSE
SGRPWF*DWL,363,"2,53784992499937e-01",weaker,"3,10628014146331e-01",stronger,TRUE,363,NA,"1,75819999999999999","3,78200250000000038","3,987809","4,10000000000000e+00",NA,FALSE
SGRPWFADWL,363,"3,42110562401551e-01",weaker,"1,77676942130102e-01",stronger,FALSE,363,"0,791240458123954","2,72219999999999995","6,42696758000000035","5,815299","7,90000000000000e+00",NA,FALSE
SGRPWFCDWL,363,"3,31790231932623e-01",weaker,"3,59286147422788e-03",stronger,FALSE,363,"0,791240458123954","3,75319999999999965","7,86431992000000069","6,126060","1,18000000000000e+01",NA,FALSE
SGRPWFDDWL,363,"4,95896278931431e-01",weaker,"1,79794652181810e-01",stronger,FALSE,363,"0,791240458123954","1,96749999999999980","5,46312158000000014","5,587321","4,60000000000000e+00",NA,FALSE
SGRPWFEDWL,363,"4,18414649296227e-01",weaker,"2,03693881679740e-01",stronger,FALSE,363,"0,791240458123954","1,92669999999999986","5,23454038000000033","5,571209","5,90000000000000e+00",NA,FALSE
SGRPWFFDWL,363,"4,07221009699651e-01",weaker,"1,78648085340972e-01",stronger,FALSE,363,"0,791240458123954","3,98869999999999969","7,85046328000000049","6,453278","1,21000000000000e+01",NA,FALSE
SGRPWFGDWL,363,"3,94035961203439e-01",weaker,"1,59414457557698e-01",stronger,FALSE,363,"0,791240458123954","2,53889999999999993","6,72002091000000057","6,363291","7,70000000000000e+00",NA,FALSE
SGRPWFHDWL,363,"3,62435705168786e-01",weaker,"7,61445005477065e-02",no significant difference,FALSE,363,"0,791240458123954","2,83639999999999981","6,37850559000000050","6,058121","8,20000000000000e+00",NA,FALSE
SGRPWFIDWL,363,"3,66383305916082e-01",weaker,"8,83591006359164e-02",stronger,FALSE,363,"0,791240458123954","3,82689999999999975","7,34739351000000074","6,101809","1,25000000000000e+01",NA,FALSE
SGRPWFKDWL,363,"2,44545988485216e-01",weaker,"1,85124426401520e-01",stronger,FALSE,363,"0,791240458123954","1,53539999999999965","4,90683348000000041","5,718419","4,60000000000000e+00",NA,FALSE
SGRPWFLDWL,363,"3,36878636193222e-01",weaker,"7,98124284041317e-02",stronger,FALSE,363,"0,791240458123954","3,62979999999999992","7,23003499000000094","6,144513","1,34000000000000e+01",NA,FALSE
SGRPWFMDWL,363,"3,96304736790407e-01",weaker,"2,21461811270846e-01",stronger,FALSE,363,"0,791240458123954","3,72839999999999971","6,90811812000000014","6,076392","1,19000000000000e+01",NA,FALSE
SGRPWFNDWL,363,"3,52889308615320e-01",weaker,"1,37651340583582e-01",stronger,FALSE,363,"0,791240458123954","2,44669999999999987","5,80625668000000061","5,989274","7,20000000000000e+00",NA,FALSE
SGRPWFPDWL,363,"3,43893153738068e-01",weaker,"1,19906823297859e-01",stronger,FALSE,363,"0,791240458123954","2,53609999999999980","5,98544048000000029","5,859118","5,50000000000000e+00",NA,FALSE
SGRPWFQDWL,363,"3,23556329172845e-01",weaker,"1,94159618607441e-01",stronger,FALSE,363,"0,791240458123954","2,30459999999999976","5,86817378000000023","5,945938","4,90000000000000e+00",NA,FALSE
SGRPWFRDWL,363,"3,34791842556658e-01",weaker,"3,19707577318120e-02",stronger,FALSE,363,"0,791240458123954","2,62839999999999963","6,07393328000000032","6,239088","9,10000000000000e+00",NA,FALSE
SGRPWFSDWL,363,"7,67812488818377e-01",weaker,"7,98577766681070e-02",stronger,FALSE,363,"0,928883568249040","2,85359999999999969","5,95375998000000006","5,933255","7,20000000000000e+00",NA,FALSE
SGRPWFTDWL,363,"7,37607992727189e-01",weaker,"9,45055766515040e-02",stronger,FALSE,363,"0,847317286308640","2,81909999999999972","6,22089497000000069","5,904124","5,80000000000000e+00",NA,FALSE
SGRPWFVDWL,363,"3,16941884990741e-01",weaker,"7,03392289736004e-02",stronger,FALSE,363,"0,791240458123954","3,47589999999999977","7,06373441000000035","5,779634","1,24000000000000e+01",NA,FALSE
SGRPWFWDWL,363,"3,54107617733365e-01",weaker,"2,34544192295189e-01",stronger,FALSE,363,"0,791240458123954","3,50849999999999973","8,17775364999999965","6,561513","8,70000000000000e+00",NA,FALSE
SGRPWFYDWL,363,"3,41920211588562e-01",weaker,"1,19788588443302e-01",stronger,FALSE,363,"0,796338358849135","3,59660000000000002","7,86473087000000071","6,510178","1,09000000000000e+01",NA,FALSE
SGRQWF*DWL,363,"1,68267019259712e-01",no significant difference,"3,03786534168525e-01",stronger,TRUE,363,NA,"1,52669999999999995","3,66473580000000032","4,074629","3,50000000000000e+00",NA,FALSE
SGRQWFADWL,363,"3,38265045426017e-01",weaker,"1,38837463687357e-01",stronger,FALSE,363,"0,791240458123954","2,49069999999999991","6,30970088000000029","5,902119","7,30000000000000e+00",NA,FALSE
SGRQWFCDWL,363,"4,03958642541801e-01",weaker,"1,03005405446855e-01",stronger,FALSE,363,"0,791240458123954","3,52169999999999961","7,74705322000000063","6,212880","1,12000000000000e+01",NA,FALSE
SGRQWFDDWL,363,"5,32343980047251e-01",weaker,"2,64652381878546e-01",stronger,FALSE,363,"0,791240458123954","1,73599999999999977","5,34585488000000009","5,674141","4,00000000000000e+00",NA,FALSE
SGRQWFEDWL,363,"4,16610271359564e-01",weaker,"1,99401884961251e-01",stronger,FALSE,363,"0,791240458123954","1,69519999999999982","5,11727368000000027","5,658029","5,30000000000000e+00",NA,FALSE
SGRQWFFDWL,363,"4,79869607226704e-01",weaker,"-4,30463168116953e-02",no significant difference,FALSE,363,"0,791240458123954","3,75719999999999965","7,73319658000000043","6,540098","1,15000000000000e+01",NA,FALSE
SGRQWFGDWL,363,"4,46952340196981e-01",weaker,"1,24377484341769e-01",stronger,FALSE,363,"0,791240458123954","2,30739999999999990","6,60275421000000051","6,450111","7,10000000000000e+00",NA,FALSE
SGRQWFHDWL,363,"4,25528794780773e-01",weaker,"2,14356699948844e-02",stronger,FALSE,363,"0,791240458123954","2,60489999999999977","6,26123889000000045","6,144941","7,60000000000000e+00",NA,FALSE
SGRQWFIDWL,363,"3,83379050108125e-01",weaker,"9,54169841316097e-02",no significant difference,FALSE,363,"0,791240458123954","3,59539999999999971","7,23012681000000068","6,188629","1,19000000000000e+01",NA,FALSE
SGRQWFKDWL,363,"3,56971567188551e-01",weaker,"1,21728409156326e-01",stronger,FALSE,363,"0,791240458123954","1,30389999999999961","4,78956678000000036","5,805239","4,00000000000000e+00",NA,FALSE
SGRQWFLDWL,363,"3,74825743799321e-01",weaker,"9,96678578120133e-03",stronger,FALSE,363,"0,791240458123954","3,39829999999999988","7,11276829000000088","6,231333","1,28000000000000e+01",NA,FALSE
SGRQWFMDWL,363,"3,80558812576550e-01",weaker,"5,92649125176074e-02",no significant difference,FALSE,363,"0,791240458123954","3,49689999999999968","6,79085142000000008","6,163212","1,13000000000000e+01",NA,FALSE
SGRQWFNDWL,363,"3,31937922505293e-01",weaker,"1,07651613939297e-01",no significant difference,FALSE,363,"0,791240458123954","2,21519999999999984","5,68898998000000056","6,076094","6,60000000000000e+00",NA,FALSE
SGRQWFPDWL,363,"3,55267506752277e-01",weaker,"4,55249066362668e-02",stronger,FALSE,363,"0,791240458123954","2,30459999999999976","5,86817378000000023","5,945938","4,90000000000000e+00",NA,FALSE
SGRQWFQDWL,363,"3,24773513358511e-01",weaker,"1,01359290219531e-01",stronger,FALSE,363,"0,791240458123954","2,07309999999999972","5,75090708000000017","6,032758","4,30000000000000e+00",NA,FALSE
SGRQWFRDWL,363,"2,95604382242524e-01",weaker,"-9,30867013268083e-03",stronger,FALSE,363,"0,791240458123954","2,39689999999999959","5,95666658000000027","6,325908","8,50000000000000e+00",NA,FALSE
SGRQWFSDWL,363,"8,39802585902306e-01",no significant difference,"1,29751285636597e-01",stronger,FALSE,363,"0,928883568249040","2,62209999999999965","5,83649328000000089","6,020075","6,60000000000000e+00",NA,FALSE
SGRQWFTDWL,363,"8,05316535812544e-01",no significant difference,"4,06137770539377e-02",stronger,FALSE,363,"0,847317286308640","2,58759999999999968","6,10362827000000063","5,990944","5,20000000000000e+00",NA,FALSE
SGRQWFVDWL,363,"3,16376677173559e-01",weaker,"9,98157211759478e-02",stronger,FALSE,363,"0,791240458123954","3,24439999999999973","6,94646771000000030","5,866454","1,18000000000000e+01",NA,FALSE
SGRQWFWDWL,363,"4,52715349082522e-01",weaker,"1,10373504473853e-02",no significant difference,FALSE,363,"0,791240458123954","3,27699999999999969","8,06048694999999960","6,648333","8,10000000000000e+00",NA,FALSE
SGRQWFYDWL,363,"4,49764018522022e-01",weaker,"-4,68128962163312e-02",no significant difference,FALSE,363,"0,796338358849135","3,36509999999999998","7,74746417000000065","6,596998","1,03000000000000e+01",NA,FALSE
SGRRWF*DWL,363,"2,86259997336127e-01",weaker,"1,77979066376418e-01",stronger,TRUE,363,NA,"1,85049999999999981","3,87049530000000042","4,367779","7,70000000000000e+00",NA,FALSE
SGRRWFADWL,363,"2,87905909069424e-01",weaker,"9,17738578194866e-03",no significant difference,FALSE,363,"0,796320206098748","2,81449999999999978","6,51546038000000038","6,195269","1,15000000000000e+01",NA,FALSE
SGRRWFCDWL,363,"3,28249718421771e-01",weaker,"-3,23684726337314e-02",no significant difference,FALSE,363,"0,796320206098748","3,84549999999999947","7,95281272000000072","6,506030","1,54000000000000e+01",NA,FALSE
SGRRWFDDWL,363,"4,43295224245546e-01",weaker,"8,75166073711688e-02",stronger,FALSE,363,"0,796320206098748","2,05979999999999963","5,55161438000000018","5,967291","8,20000000000000e+00",NA,FALSE
SGRRWFEDWL,363,"3,52634780846746e-01",weaker,"9,00752090405334e-02",stronger,FALSE,363,"0,796320206098748","2,01899999999999968","5,32303318000000036","5,951179","9,50000000000000e+00",NA,FALSE
SGRRWFFDWL,363,"4,04878594483845e-01",weaker,"-9,03931643740099e-02",no significant difference,FALSE,363,"0,796320206098748","4,08099999999999952","7,93895608000000053","6,833248","1,57000000000000e+01",NA,FALSE
SGRRWFGDWL,363,"3,78009949577637e-01",weaker,"2,94052355071004e-02",stronger,FALSE,363,"0,796320206098748","2,63119999999999976","6,80851371000000061","6,743261","1,13000000000000e+01",NA,FALSE
SGRRWFHDWL,363,"3,60398085616018e-01",weaker,"-3,37381516185360e-03",no significant difference,FALSE,363,"0,796320206098748","2,92869999999999964","6,46699839000000054","6,438091","1,18000000000000e+01",NA,FALSE
SGRRWFIDWL,363,"3,02430818783714e-01",weaker,"-1,28333696926994e-01",no significant difference,FALSE,363,"0,796320206098748","3,91920000000000002","7,43588631000000078","6,481779","1,61000000000000e+01",NA,FALSE
SGRRWFKDWL,363,"1,69957713099650e-01",weaker,"-2,32885642939629e-02",no significant difference,FALSE,363,"0,796320206098748","1,62769999999999970","4,99532628000000045","6,098389","8,20000000000000e+00",NA,FALSE
SGRRWFLDWL,363,"3,24178254066295e-01",weaker,"-1,52006914331793e-01",no significant difference,FALSE,363,"0,796320206098748","3,72209999999999974","7,31852779000000098","6,524483","1,70000000000000e+01",NA,FALSE
SGRRWFMDWL,363,"2,48837102549774e-01",weaker,"-2,29269475512393e-02",no significant difference,FALSE,363,"0,796320206098748","3,82069999999999954","6,99661092000000018","6,456362","1,55000000000000e+01",NA,FALSE
SGRRWFNDWL,363,"3,65393654059911e-01",weaker,"-3,73613277374742e-02",no significant difference,FALSE,363,"0,796320206098748","2,53899999999999970","5,89474948000000065","6,369244","1,08000000000000e+01",NA,FALSE
SGRRWFPDWL,363,"2,93036014399436e-01",weaker,"-4,23796188117176e-03",no significant difference,FALSE,363,"0,796320206098748","2,62839999999999963","6,07393328000000032","6,239088","9,10000000000000e+00",NA,FALSE
SGRRWFQDWL,363,"2,59022684086671e-01",weaker,"-2,44940017162668e-02",no significant difference,FALSE,363,"0,796320206098748","2,39689999999999959","5,95666658000000027","6,325908","8,50000000000000e+00",NA,FALSE
SGRRWFRDWL,363,"3,09678732189455e-01",weaker,"-1,43534385761248e-01",no significant difference,FALSE,363,"0,796320206098748","2,72069999999999990","6,16242608000000036","6,619058","1,27000000000000e+01",NA,FALSE
SGRRWFSDWL,363,"7,84336609324146e-01",weaker,"-9,77460775014672e-03",no significant difference,FALSE,363,"0,933963316223834","2,94589999999999996","6,04225278000000010","6,313225","1,08000000000000e+01",NA,FALSE
SGRRWFTDWL,363,"7,71217020796574e-01",weaker,"-2,97650947208466e-02",no significant difference,FALSE,363,"0,852397034283434","2,91139999999999999","6,30938777000000073","6,284094","9,40000000000000e+00",NA,FALSE
SGRRWFVDWL,363,"3,32723178057564e-01",weaker,"-5,90311909461330e-02",no significant difference,FALSE,363,"0,796320206098748","3,56820000000000004","7,15222721000000039","6,159604","1,60000000000000e+01",NA,FALSE
SGRRWFWDWL,363,"4,04520989155476e-01",weaker,"-5,36543449634515e-02",no significant difference,FALSE,363,"0,796320206098748","3,60079999999999956","8,26624645000000058","6,941483","1,23000000000000e+01",NA,FALSE
SGRRWFYDWL,363,"3,52157984615752e-01",weaker,"-4,47144214711516e-02",no significant difference,FALSE,363,"0,801418106823929","3,68889999999999985","7,95322367000000074","6,890148","1,45000000000000e+01",NA,FALSE
SGRSWF*DWL,363,"2,09384834841564e-01",weaker,"3,19158477982722e-01",stronger,TRUE,363,NA,"2,07569999999999988","3,75032200000000016","4,061946","5,80000000000000e+00",NA,FALSE
SGRSWFADWL,363,"3,33752999404172e-01",weaker,"9,27376142138033e-02",stronger,FALSE,363,"0,801399954073541","3,03969999999999985","6,39528708000000012","5,889436","9,60000000000000e+00",NA,FALSE
SGRSWFCDWL,363,"4,30844159069569e-01",weaker,"-2,82025606751312e-02",no significant difference,FALSE,363,"0,801399954073541","4,07069999999999954","7,83263942000000046","6,200197","1,35000000000000e+01",NA,FALSE
SGRSWFDDWL,363,"4,67617821588072e-01",weaker,"1,51084315768954e-01",stronger,FALSE,363,"0,801399954073541","2,28499999999999970","5,43144108000000081","5,661458","6,30000000000000e+00",NA,FALSE
SGRSWFEDWL,363,"3,95902929407230e-01",weaker,"1,65077575815497e-01",stronger,FALSE,363,"0,801399954073541","2,24419999999999975","5,20285988000000010","5,645346","7,60000000000000e+00",NA,FALSE
SGRSWFFDWL,363,"4,47612456838736e-01",weaker,"-2,74222515991264e-02",no significant difference,FALSE,363,"0,801399954073541","4,30619999999999958","7,81878278000000027","6,527415","1,38000000000000e+01",NA,FALSE
SGRSWFGDWL,363,"4,05302178738188e-01",weaker,"8,39750994030504e-02",stronger,FALSE,363,"0,801399954073541","2,85639999999999983","6,68834041000000035","6,437428","9,40000000000000e+00",NA,FALSE
SGRSWFHDWL,363,"3,31951488325100e-01",weaker,"1,30772196023739e-01",stronger,FALSE,363,"0,801399954073541","3,15389999999999970","6,34682509000000028","6,132258","9,90000000000000e+00",NA,FALSE
SGRSWFIDWL,363,"3,61633901743980e-01",weaker,"-1,81135136838139e-02",no significant difference,FALSE,363,"0,801399954073541","4,14440000000000008","7,31571301000000052","6,175946","1,42000000000000e+01",NA,FALSE
SGRSWFKDWL,363,"2,84457412760876e-01",weaker,"1,22462103990409e-01",stronger,FALSE,363,"0,801399954073541","1,85289999999999977","4,87515298000000019","5,792556","6,30000000000000e+00",NA,FALSE
SGRSWFLDWL,363,"2,99554171620559e-01",weaker,"-1,41849106201977e-02",no significant difference,FALSE,363,"0,801399954073541","3,94729999999999981","7,19835449000000072","6,218650","1,51000000000000e+01",NA,FALSE
SGRSWFMDWL,363,"3,08752670431421e-01",weaker,"1,90641025485183e-02",stronger,FALSE,363,"0,801399954073541","4,04589999999999961","6,87643762000000081","6,150529","1,36000000000000e+01",NA,FALSE
SGRSWFNDWL,363,"3,64016664449805e-01",weaker,"2,10884138627339e-02",stronger,FALSE,363,"0,801399954073541","2,76419999999999977","5,77457618000000039","6,063411","8,90000000000000e+00",NA,FALSE
SGRSWFPDWL,363,"3,30190217701787e-01",weaker,"1,00999152972585e-02",stronger,FALSE,363,"0,801399954073541","2,85359999999999969","5,95375998000000006","5,933255","7,20000000000000e+00",NA,FALSE
SGRSWFQDWL,363,"3,04321221109091e-01",weaker,"3,60547477463077e-02",stronger,FALSE,363,"0,801399954073541","2,62209999999999965","5,83649328000000089","6,020075","6,60000000000000e+00",NA,FALSE
SGRSWFRDWL,363,"2,89655160958518e-01",weaker,"-5,46269495801162e-03",stronger,FALSE,363,"0,801399954073541","2,94589999999999996","6,04225278000000010","6,313225","1,08000000000000e+01",NA,FALSE
SGRSWFSDWL,363,"8,02388163245695e-01",no significant difference,"8,12265026337336e-02",stronger,FALSE,363,"0,939043064198628","3,17109999999999959","5,92207948000000073","6,007392","8,90000000000000e+00",NA,FALSE
SGRSWFTDWL,363,"7,86107224474600e-01",weaker,"1,62017047355424e-02",stronger,FALSE,363,"0,857476782258228","3,13659999999999961","6,18921447000000047","5,978261","7,50000000000000e+00",NA,FALSE
SGRSWFVDWL,363,"3,52370600084219e-01",weaker,"2,35347655167671e-02",stronger,FALSE,363,"0,801399954073541","3,79339999999999966","7,03205391000000013","5,853771","1,41000000000000e+01",NA,FALSE
SGRSWFWDWL,363,"4,29481759330938e-01",weaker,"-1,01697878234609e-03",stronger,FALSE,363,"0,801399954073541","3,82599999999999962","8,14607314999999943","6,635650","1,04000000000000e+01",NA,FALSE
SGRSWFYDWL,363,"3,74785104674816e-01",weaker,"2,42688716583740e-02",no significant difference,FALSE,363,"0,806497854798723","3,91409999999999991","7,83305037000000048","6,584315","1,26000000000000e+01",NA,FALSE
SGRTWF*DWL,363,"2,24955250567905e-01",weaker,"3,15111200459660e-01",stronger,TRUE,363,NA,"2,04119999999999990","4,01745699000000034","4,032815","4,40000000000000e+00",NA,FALSE
SGRTWFADWL,363,"3,72141753508282e-01",weaker,"7,02597956871938e-02",stronger,FALSE,363,"0,801399954073541","3,00519999999999987","6,66242207000000075","5,860305","8,20000000000000e+00",NA,FALSE
SGRTWFCDWL,363,"5,07683254982166e-01",weaker,"5,20680412913311e-02",stronger,FALSE,363,"0,801399954073541","4,03620000000000001","8,09977441000000020","6,171066","1,21000000000000e+01",NA,FALSE
SGRTWFDDWL,363,"4,48370277147381e-01",weaker,"1,66206841337178e-01",stronger,FALSE,363,"0,801399954073541","2,25049999999999972","5,69857607000000055","5,632327","4,90000000000000e+00",NA,FALSE
SGRTWFEDWL,363,"4,06215880358683e-01",weaker,"1,33515716790321e-01",stronger,FALSE,363,"0,801399954073541","2,20969999999999978","5,46999487000000073","5,616215","6,20000000000000e+00",NA,FALSE
SGRTWFFDWL,363,"5,47881786316306e-01",weaker,"-6,80076061115502e-02",no significant difference,FALSE,363,"0,801399954073541","4,27170000000000005","8,08591777000000000","6,498284","1,24000000000000e+01",NA,FALSE
SGRTWFGDWL,363,"4,18001675612370e-01",weaker,"1,78235470545622e-01",stronger,FALSE,363,"0,801399954073541","2,82189999999999985","6,95547540000000009","6,408297","8,00000000000000e+00",NA,FALSE
SGRTWFHDWL,363,"3,94199963533769e-01",weaker,"1,31641858455293e-01",stronger,FALSE,363,"0,801399954073541","3,11939999999999973","6,61396008000000002","6,103127","8,50000000000000e+00",NA,FALSE
SGRTWFIDWL,363,"4,46493535692472e-01",weaker,"-1,40879969591628e-02",no significant difference,FALSE,363,"0,801399954073541","4,10989999999999966","7,58284800000000025","6,146815","1,28000000000000e+01",NA,FALSE
SGRTWFKDWL,363,"2,86211704225838e-01",weaker,"1,89986249663361e-01",stronger,FALSE,363,"0,801399954073541","1,81839999999999979","5,14228797000000082","5,763425","4,90000000000000e+00",NA,FALSE
SGRTWFLDWL,363,"3,64969551493692e-01",weaker,"2,73939442660339e-02",stronger,FALSE,363,"0,801399954073541","3,91279999999999983","7,46548948000000046","6,189519","1,37000000000000e+01",NA,FALSE
SGRTWFMDWL,363,"3,75947025767002e-01",weaker,"5,84761845407432e-02",stronger,FALSE,363,"0,801399954073541","4,01140000000000008","7,14357261000000054","6,121398","1,22000000000000e+01",NA,FALSE
SGRTWFNDWL,363,"3,70157060908674e-01",weaker,"1,16256290740809e-01",stronger,FALSE,363,"0,801399954073541","2,72969999999999979","6,04171117000000013","6,034280","7,50000000000000e+00",NA,FALSE
SGRTWFPDWL,363,"2,68902987309247e-01",weaker,"1,99643346680454e-01",stronger,FALSE,363,"0,801399954073541","2,81909999999999972","6,22089497000000069","5,904124","5,80000000000000e+00",NA,FALSE
SGRTWFQDWL,363,"3,07803236989700e-01",weaker,"9,62554608401046e-02",no significant difference,FALSE,363,"0,801399954073541","2,58759999999999968","6,10362827000000063","5,990944","5,20000000000000e+00",NA,FALSE
SGRTWFRDWL,363,"3,31594282041825e-01",weaker,"4,67841773078060e-02",stronger,FALSE,363,"0,801399954073541","2,91139999999999999","6,30938777000000073","6,284094","9,40000000000000e+00",NA,FALSE
SGRTWFSDWL,363,"8,73014638536959e-01",stronger,"7,67699876177019e-02",stronger,FALSE,363,"0,939043064198628","3,13659999999999961","6,18921447000000047","5,978261","7,50000000000000e+00",NA,FALSE
SGRTWFTDWL,363,"8,80507755040013e-01",stronger,"1,10570811822063e-01",stronger,FALSE,363,"0,857476782258228","3,10209999999999964","6,45634946000000021","5,949130","6,10000000000000e+00",NA,FALSE
SGRTWFVDWL,363,"4,09990405047991e-01",weaker,"2,34478928661523e-02",no significant difference,FALSE,363,"0,801399954073541","3,75889999999999969","7,29918890000000076","5,824640","1,27000000000000e+01",NA,FALSE
SGRTWFWDWL,363,"5,28964053063174e-01",weaker,"2,03464129471627e-02",no significant difference,FALSE,363,"0,801399954073541","3,79149999999999965","8,41320814000000006","6,606519","9,00000000000000e+00",NA,FALSE
SGRTWFYDWL,363,"4,12397626253484e-01",weaker,"1,33404915837788e-02",no significant difference,FALSE,363,"0,806497854798723","3,87959999999999994","8,10018536000000111","6,555184","1,12000000000000e+01",NA,FALSE
SGRVWF*DWL,363,"2,49326270750233e-01",weaker,"3,02131971585456e-01",stronger,TRUE,363,NA,"2,69799999999999995","4,86029643000000000","3,908325","1,10000000000000e+01",NA,FALSE
SGRVWFADWL,363,"3,41646621488923e-01",weaker,"5,13941242455161e-02",stronger,FALSE,363,"0,806479692074297","3,66199999999999992","7,50526151000000041","5,735815","1,48000000000000e+01",NA,FALSE
SGRVWFCDWL,363,"4,08532280781031e-01",weaker,"4,57203380461943e-02",stronger,FALSE,363,"0,806479692074297","4,69299999999999962","8,94261385000000075","6,046576","1,87000000000000e+01",NA,FALSE
SGRVWFDDWL,363,"5,10967998429815e-01",weaker,"1,44317308267912e-01",stronger,FALSE,363,"0,806479692074297","2,90729999999999977","6,54141551000000021","5,507837","1,15000000000000e+01",NA,FALSE
SGRVWFEDWL,363,"4,26161021922241e-01",weaker,"1,02283527291191e-01",stronger,FALSE,363,"0,806479692074297","2,86649999999999983","6,31283431000000039","5,491725","1,28000000000000e+01",NA,FALSE
SGRVWFFDWL,363,"4,87457384353655e-01",weaker,"-8,86866097274492e-02",no significant difference,FALSE,363,"0,806479692074297","4,92849999999999966","8,92875721000000055","6,373794","1,90000000000000e+01",NA,FALSE
SGRVWFGDWL,363,"4,60091131118929e-01",weaker,"1,30662633881229e-01",stronger,FALSE,363,"0,806479692074297","3,47869999999999990","7,79831484000000064","6,283807","1,46000000000000e+01",NA,FALSE
SGRVWFHDWL,363,"3,83690483098264e-01",weaker,"2,88804692588982e-02",no significant difference,FALSE,363,"0,806479692074297","3,77619999999999978","7,45679952000000057","5,978637","1,51000000000000e+01",NA,FALSE
SGRVWFIDWL,363,"3,46476110434637e-01",weaker,"-2,38496076706752e-01",no significant difference,FALSE,363,"0,806479692074297","4,76670000000000016","8,42568744000000081","6,022325","1,94000000000000e+01",NA,FALSE
SGRVWFKDWL,363,"3,46102078255568e-01",weaker,"-3,53946366311268e-02",no significant difference,FALSE,363,"0,806479692074297","2,47519999999999962","5,98512741000000048","5,638935","1,15000000000000e+01",NA,FALSE
SGRVWFLDWL,363,"3,11784499395480e-01",weaker,"-9,89808143921923e-02",no significant difference,FALSE,363,"0,806479692074297","4,56959999999999944","8,30832892000000101","6,065029","2,03000000000000e+01",NA,FALSE
SGRVWFMDWL,363,"3,34159216619774e-01",weaker,"6,31575695366732e-02",stronger,FALSE,363,"0,806479692074297","4,66819999999999968","7,98641205000000021","5,996908","1,88000000000000e+01",NA,FALSE
SGRVWFNDWL,363,"3,48690391065441e-01",weaker,"7,07740346788167e-02",stronger,FALSE,363,"0,806479692074297","3,38649999999999984","6,88455061000000068","5,909790","1,41000000000000e+01",NA,FALSE
SGRVWFPDWL,363,"3,28437319972926e-01",weaker,"4,04947111575690e-02",stronger,FALSE,363,"0,806479692074297","3,47589999999999977","7,06373441000000035","5,779634","1,24000000000000e+01",NA,FALSE
SGRVWFQDWL,363,"3,47971889369088e-01",weaker,"2,84708861611242e-02",stronger,FALSE,363,"0,806479692074297","3,24439999999999973","6,94646771000000030","5,866454","1,18000000000000e+01",NA,FALSE
SGRVWFRDWL,363,"2,71224720910940e-01",weaker,"-6,37951451807901e-02",no significant difference,FALSE,363,"0,806479692074297","3,56820000000000004","7,15222721000000039","6,159604","1,60000000000000e+01",NA,FALSE
SGRVWFSDWL,363,"8,51478780247483e-01",stronger,"2,35282632968076e-02",stronger,FALSE,363,"0,944122802199383","3,79339999999999966","7,03205391000000013","5,853771","1,41000000000000e+01",NA,FALSE
SGRVWFTDWL,363,"8,25809653061368e-01",no significant difference,"-3,43292074919487e-02",no significant difference,FALSE,363,"0,862556520258983","3,75889999999999969","7,29918890000000076","5,824640","1,27000000000000e+01",NA,FALSE
SGRVWFVDWL,363,"3,60892777281355e-01",weaker,"-9,83211014572072e-02",no significant difference,FALSE,363,"0,806479692074297","4,41570000000000018","8,14202833999999953","5,700150","1,93000000000000e+01",NA,FALSE
SGRVWFWDWL,363,"4,82779905322384e-01",weaker,"-3,28663024527475e-02",no significant difference,FALSE,363,"0,806479692074297","4,44829999999999970","9,25604758000000061","6,482029","1,56000000000000e+01",NA,FALSE
SGRVWFYDWL,363,"3,86755827077869e-01",weaker,"-2,48549130812808e-02",no significant difference,FALSE,363,"0,811577592799478","4,53639999999999954","8,94302479999999989","6,430694","1,78000000000000e+01",NA,FALSE
SGRWWF*DWL,363,"2,56504316151383e-01",weaker,"8,99210159722669e-02",no significant difference,TRUE,363,NA,"2,73059999999999992","5,97431567000000019","4,690204","7,30000000000000e+00",NA,FALSE
SGRWWFADWL,363,"3,26241000692647e-01",weaker,"1,71414481965229e-02",stronger,FALSE,363,"0,791240458123954","3,69459999999999988","8,61928074999999971","6,517694","1,11000000000000e+01",NA,FALSE
SGRWWFCDWL,363,"4,24534648629256e-01",weaker,"-1,47041190491042e-01",no significant difference,FALSE,363,"0,791240458123954","4,72560000000000002","10,05663309000000005","6,828455","1,50000000000000e+01",NA,FALSE
SGRWWFDDWL,363,"4,34304775954294e-01",weaker,"1,16330922556177e-01",no significant difference,FALSE,363,"0,791240458123954","2,93989999999999974","7,65543475000000040","6,289716","7,80000000000000e+00",NA,FALSE
SGRWWFEDWL,363,"3,65389691975010e-01",weaker,"5,25822324134155e-02",no significant difference,FALSE,363,"0,791240458123954","2,89909999999999979","7,42685355000000058","6,273604","9,10000000000000e+00",NA,FALSE
SGRWWFFDWL,363,"4,29319234788126e-01",weaker,"-3,40372620923657e-02",no significant difference,FALSE,363,"0,791240458123954","4,96110000000000007","10,04277644999999985","7,155673","1,53000000000000e+01",NA,FALSE
SGRWWFGDWL,363,"4,01389193921911e-01",weaker,"2,36639421089019e-02",stronger,FALSE,363,"0,791240458123954","3,51129999999999987","8,91233408000000082","7,065686","1,09000000000000e+01",NA,FALSE
SGRWWFHDWL,363,"3,60518997488802e-01",weaker,"5,94284464634679e-02",no significant difference,FALSE,363,"0,791240458123954","3,80879999999999974","8,57081875999999987","6,760516","1,14000000000000e+01",NA,FALSE
SGRWWFIDWL,363,"4,14008253206822e-01",weaker,"-1,42732995507384e-01",no significant difference,FALSE,363,"0,791240458123954","4,79929999999999968","9,53970668000000011","6,804204","1,57000000000000e+01",NA,FALSE
SGRWWFKDWL,363,"3,32623509831596e-01",weaker,"3,59994901710098e-02",no significant difference,FALSE,363,"0,791240458123954","2,50779999999999959","7,09914664999999978","6,420814","7,80000000000000e+00",NA,FALSE
SGRWWFLDWL,363,"2,24936020381833e-01",weaker,"-3,54032816130180e-02",no significant difference,FALSE,363,"0,791240458123954","4,60219999999999985","9,42234816000000031","6,846908","1,66000000000000e+01",NA,FALSE
SGRWWFMDWL,363,"3,86946835481993e-01",weaker,"-2,59381139754080e-02",no significant difference,FALSE,363,"0,791240458123954","4,70080000000000009","9,10043128999999951","6,778787","1,51000000000000e+01",NA,FALSE
SGRWWFNDWL,363,"3,78869623445697e-01",weaker,"1,32874615043441e-02",no significant difference,FALSE,363,"0,791240458123954","3,41909999999999981","7,99856984999999998","6,691669","1,04000000000000e+01",NA,FALSE
SGRWWFPDWL,363,"2,62542841334182e-01",weaker,"-1,01878972495483e-01",no significant difference,FALSE,363,"0,791240458123954","3,50849999999999973","8,17775364999999965","6,561513","8,70000000000000e+00",NA,FALSE
SGRWWFQDWL,363,"3,89549669409580e-01",weaker,"-1,18719389433755e-01",no significant difference,FALSE,363,"0,791240458123954","3,27699999999999969","8,06048694999999960","6,648333","8,10000000000000e+00",NA,FALSE
SGRWWFRDWL,363,"3,22645498973600e-01",weaker,"-1,55635376569571e-01",no significant difference,FALSE,363,"0,791240458123954","3,60079999999999956","8,26624645000000058","6,941483","1,23000000000000e+01",NA,FALSE
SGRWWFSDWL,363,"8,14280542907191e-01",no significant difference,"-4,13853147822417e-02",no significant difference,FALSE,363,"0,928883568249040","3,82599999999999962","8,14607314999999943","6,635650","1,04000000000000e+01",NA,FALSE
SGRWWFTDWL,363,"8,04305782126377e-01",no significant difference,"-2,96854255680537e-02",no significant difference,FALSE,363,"0,847317286308640","3,79149999999999965","8,41320814000000006","6,606519","9,00000000000000e+00",NA,FALSE
SGRWWFVDWL,363,"3,58299683603785e-01",weaker,"-9,57191417870030e-02",no significant difference,FALSE,363,"0,791240458123954","4,44829999999999970","9,25604758000000061","6,482029","1,56000000000000e+01",NA,FALSE
SGRWWFWDWL,363,"4,28636702019246e-01",weaker,"2,52338485975279e-03",no significant difference,FALSE,363,"0,791240458123954","4,48090000000000011","10,37006681999999991","7,263908","1,19000000000000e+01",NA,FALSE
SGRWWFYDWL,363,"4,00925231417799e-01",weaker,"-1,24980480154129e-01",no significant difference,FALSE,363,"0,796338358849135","4,56899999999999995","10,05704404000000096","7,212573","1,41000000000000e+01",NA,FALSE
SGRYWF*DWL,363,"3,17394748691348e-01",weaker,"1,18029493748732e-01",stronger,TRUE,363,NA,"2,81869999999999976","5,66129289000000036","4,638869","9,50000000000000e+00",NA,FALSE
SGRYWFADWL,363,"2,80890123664106e-01",weaker,"-5,43648837616770e-02",no significant difference,FALSE,363,"0,811559440049091","3,78269999999999973","8,30625797000000077","6,466359","1,33000000000000e+01",NA,FALSE
SGRYWFCDWL,363,"3,75057870619065e-01",weaker,"-3,22940824391796e-02",no significant difference,FALSE,363,"0,811559440049091","4,81369999999999987","9,74361031000000111","6,777120","1,72000000000000e+01",NA,FALSE
SGRYWFDDWL,363,"4,69088230302056e-01",weaker,"7,21128369203486e-02",stronger,FALSE,363,"0,811559440049091","3,02799999999999958","7,34241197000000057","6,238381","1,00000000000000e+01",NA,FALSE
SGRYWFEDWL,363,"3,93523870507421e-01",weaker,"1,34435994810249e-01",stronger,FALSE,363,"0,811559440049091","2,98719999999999963","7,11383077000000075","6,222269","1,13000000000000e+01",NA,FALSE
SGRYWFFDWL,363,"4,55746313454548e-01",weaker,"-2,34167326022040e-01",no significant difference,FALSE,363,"0,811559440049091","5,04919999999999991","9,72975367000000091","7,104338","1,75000000000000e+01",NA,FALSE
SGRYWFGDWL,363,"4,13368933556815e-01",weaker,"5,38916284601781e-02",no significant difference,FALSE,363,"0,811559440049091","3,59939999999999971","8,59931130000000010","7,014351","1,31000000000000e+01",NA,FALSE
SGRYWFHDWL,363,"3,09556353340216e-01",weaker,"-1,56957957146260e-01",no significant difference,FALSE,363,"0,811559440049091","3,89690000000000003","8,25779598000000092","6,709181","1,36000000000000e+01",NA,FALSE
SGRYWFIDWL,363,"2,98877521509814e-01",weaker,"-8,17892445519250e-02",no significant difference,FALSE,363,"0,811559440049091","4,88739999999999952","9,22668390000000116","6,752869","1,79000000000000e+01",NA,FALSE
SGRYWFKDWL,363,"2,98977489850324e-01",weaker,"-5,16770153957166e-02",no significant difference,FALSE,363,"0,811559440049091","2,59589999999999987","6,78612387000000084","6,369479","1,00000000000000e+01",NA,FALSE
SGRYWFLDWL,363,"2,46608940227427e-01",weaker,"-1,44413779839482e-01",no significant difference,FALSE,363,"0,811559440049091","4,69029999999999969","9,10932538000000136","6,795573","1,88000000000000e+01",NA,FALSE
SGRYWFMDWL,363,"3,15342235334065e-01",weaker,"-1,41987478135277e-01",no significant difference,FALSE,363,"0,811559440049091","4,78889999999999993","8,78740851000000056","6,727452","1,73000000000000e+01",NA,FALSE
SGRYWFNDWL,363,"3,06290194104696e-01",weaker,"-2,34893933692785e-02",no significant difference,FALSE,363,"0,811559440049091","3,50719999999999965","7,68554707000000015","6,640334","1,26000000000000e+01",NA,FALSE
SGRYWFPDWL,363,"3,06346997475779e-01",weaker,"-2,67855561865757e-02",no significant difference,FALSE,363,"0,811559440049091","3,59660000000000002","7,86473087000000071","6,510178","1,09000000000000e+01",NA,FALSE
SGRYWFQDWL,363,"3,31937922505293e-01",weaker,"-3,23991835075201e-02",no significant difference,FALSE,363,"0,811559440049091","3,36509999999999998","7,74746417000000065","6,596998","1,03000000000000e+01",NA,FALSE
SGRYWFRDWL,363,"2,01427262486594e-01",weaker,"-1,68607481237274e-01",no significant difference,FALSE,363,"0,811559440049091","3,68889999999999985","7,95322367000000074","6,890148","1,45000000000000e+01",NA,FALSE
SGRYWFSDWL,363,"7,76980910051720e-01",weaker,"-1,50522778404629e-02",no significant difference,FALSE,363,"0,949202550174177","3,91409999999999991","7,83305037000000048","6,584315","1,26000000000000e+01",NA,FALSE
SGRYWFTDWL,363,"7,69194203684865e-01",weaker,"-1,46913475346571e-01",no significant difference,FALSE,363,"0,867636268233777","3,87959999999999994","8,10018536000000111","6,555184","1,12000000000000e+01",NA,FALSE
SGRYWFVDWL,363,"3,20117404993870e-01",weaker,"-1,06782912195655e-01",no significant difference,FALSE,363,"0,811559440049091","4,53639999999999954","8,94302479999999989","6,430694","1,78000000000000e+01",NA,FALSE
SGRYWFWDWL,363,"4,55246967115594e-01",weaker,"-1,27925777906991e-01",no significant difference,FALSE,363,"0,811559440049091","4,56899999999999995","10,05704404000000096","7,212573","1,41000000000000e+01",NA,FALSE
SGRYWFYDWL,363,"3,42255624760429e-01",weaker,"-6,78593100850160e-02",no significant difference,FALSE,363,"0,816657340774272","4,65709999999999980","9,74402126000000024","7,161238","1,63000000000000e+01",NA,FALSE
SGSFWFSDWL,363,"8,49296625243891e-01",stronger,"4,70075434037310e-01",stronger,FALSE,363,"0,984783397143409","4,53139999999999965","7,69860948000000089","6,221582","1,19000000000000e+01","0,44976",FALSE
SGTFWFSDWL,363,"8,76921223001397e-01",stronger,"4,26271839694069e-01",no significant difference,FALSE,363,"0,969566794286819","4,49690000000000012","7,96574447000000063","6,192451","1,05000000000000e+01","0,43650",FALSE
SGVFWFSDWL,363,"8,43095831472159e-01",no significant difference,"3,94440804849218e-01",no significant difference,FALSE,363,"0,954350181456189","5,15369999999999973","8,80858391000000118","6,067961","1,71000000000000e+01","0,30254",FALSE
SGVRVFLGWF,366,"5,47499497653047e-01",no significant difference,"-1,18165802444566e-01",no significant difference,FALSE,366,"0,978138555102536","5,46729999999999983","9,07163730000000079","6,367885","2,58000000000000e+01","1,30226",FALSE
SGWFWFSDWL,363,"9,46836606431112e-01",stronger,"3,21442318887184e-01",no significant difference,FALSE,363,"0,964494586685263","5,18630000000000013","9,92260315000000048","6,849840","1,34000000000000e+01","0,05420",FALSE
SGYFWFSDWL,363,"9,05107610132304e-01",no significant difference,"4,51380555749652e-01",stronger,FALSE,363,"0,959422389057746","5,27439999999999998","9,60958036999999976","6,798505","1,56000000000000e+01","0,20178",FALSE
SHRFWFSDWL,363,"8,08795526063027e-01",no significant difference,"3,72458396499234e-01",no significant difference,FALSE,363,"0,974654002842541","4,60369999999999990","7,47726746000000020","6,222245","1,43000000000000e+01","0,00798",FALSE
SHVRVFLGWF,366,"5,23396142778036e-01",no significant difference,"-1,77679475156783e-01",no significant difference,FALSE,366,"0,972673196020084","5,76480000000000015","8,73012197999999984","6,062715","2,63000000000000e+01","0,64534",FALSE
SIRFWFSDWL,363,"7,36870525005333e-01",no significant difference,"2,41345763995754e-01",weaker,FALSE,363,"0,969584807400665","5,59419999999999984","8,44615538000000043","6,265933","1,86000000000000e+01","-0,78832",FALSE
SIVRVFLGWF,366,"5,19677307674349e-01",no significant difference,"-2,18838275482089e-01",no significant difference,FALSE,366,"0,978138555102536","6,75530000000000008","9,69900990000000007","6,106403","3,06000000000000e+01","0,13906",FALSE
SK*RVFLGWF,366,"2,74875624877051e-01",no significant difference,"8,03611731030827e-01",stronger,TRUE,366,NA,"-1,04300000000000015","-1,46586289999999986","0,511096","-3,60000000000000e+00",NA,FALSE
SKARVFLGWF,366,"6,40735538766349e-01",no significant difference,"-7,42506838308497e-02",no significant difference,FALSE,366,"0,967180548953701","3,71009999999999973","6,62168304000000063","5,758678","1,82000000000000e+01","0,50760",FALSE
SKCRVFLGWF,366,"5,86173490784773e-01",no significant difference,"-1,48689575737914e-01",no significant difference,FALSE,366,"0,967180548953701","4,74109999999999943","8,05903538000000097","6,069439","2,21000000000000e+01","0,15878",FALSE
SKDRVFLGWF,366,"6,37939394412555e-01",no significant difference,"1,62355885112575e-01",no significant difference,FALSE,366,"0,967180548953701","2,95539999999999958","5,65783704000000043","5,530700","1,49000000000000e+01","0,76200",FALSE
SKERVFLGWF,366,"6,69779350982826e-01",no significant difference,"2,13534088992627e-01",no significant difference,FALSE,366,"0,967180548953701","2,91459999999999964","5,42925584000000061","5,514588","1,62000000000000e+01","0,41074",FALSE
SKFRVFLGWF,366,"5,07596840289978e-01",no significant difference,"-3,01345825272326e-01",no significant difference,FALSE,366,"0,967180548953701","4,97659999999999947","8,04517874000000077","6,396657","2,24000000000000e+01","0,04770",FALSE
SKGRVFLGWF,366,"5,85013746249004e-01",no significant difference,"1,60332725107587e-01",stronger,FALSE,366,"0,967180548953701","3,52679999999999971","6,91473636999999997","6,306670","1,80000000000000e+01","0,77554",FALSE
SKHRVFLGWF,366,"6,39941732966212e-01",no significant difference,"5,52421614444349e-02",no significant difference,FALSE,366,"0,972650457461417","3,82429999999999959","6,57322105000000079","6,001500","1,85000000000000e+01","0,27060",FALSE
SKIRVFLGWF,366,"5,79585328124026e-01",no significant difference,"-1,66826396823829e-01",no significant difference,FALSE,366,"0,978120365969134","4,81479999999999997","7,54210897000000013","6,045188","2,28000000000000e+01","-0,30678",FALSE
SKKRVFLGWF,366,"7,68712209888273e-01",no significant difference,"2,72114967985359e-02",no significant difference,FALSE,366,"0,972650457461417","2,52329999999999943","5,10154894000000070","5,661798","1,49000000000000e+01","-0,17618",FALSE
SKLRVFLGWF,366,"5,97807419885918e-01",no significant difference,"-2,48005518504624e-01",no significant difference,FALSE,366,"0,989060182984567","4,61769999999999925","7,42475045000000033","6,087892","2,37000000000000e+01","-0,19132",FALSE
SKMRVFLGWF,366,"6,14298647556939e-01",no significant difference,"-1,25147175187074e-01",no significant difference,FALSE,366,"0,967180548953701","4,71629999999999949","7,10283358000000042","6,019771","2,22000000000000e+01","-0,26688",FALSE
SKNRVFLGWF,366,"7,04629449586451e-01",no significant difference,"1,11157457192361e-01",no significant difference,FALSE,366,"0,978120365969134","3,43459999999999965","6,00097214000000001","5,932653","1,75000000000000e+01","0,24162",FALSE
SKPRVFLGWF,366,"5,49887057661345e-01",no significant difference,"8,21658393641556e-02",stronger,FALSE,366,"0,967180548953701","3,52399999999999958","6,18015594000000057","5,802497","1,58000000000000e+01","1,15114",FALSE
SKQRVFLGWF,366,"7,39506924244030e-01",no significant difference,"8,02079266404697e-02",no significant difference,FALSE,366,"0,972650457461417","3,29249999999999954","6,06288924000000051","5,889317","1,52000000000000e+01","0,08638",FALSE
SKRFWFSDWL,363,"8,06302382799818e-01",no significant difference,"4,60050824369366e-01",no significant difference,FALSE,363,"0,974654002842541","3,30269999999999975","6,00559535000000100","5,882543","1,07000000000000e+01","-0,41706",FALSE
SKRRVFLGWF,366,"6,93999990682630e-01",no significant difference,"-1,78965883459277e-03",stronger,FALSE,366,"0,989060182984567","3,61629999999999985","6,26864874000000061","6,182467","1,94000000000000e+01","-0,10744",FALSE
SKSRVFLGWF,366,"6,19488751609825e-01",no significant difference,"5,50985844057945e-02",stronger,FALSE,366,"0,967180548953701","3,84149999999999991","6,14847544000000035","5,876634","1,75000000000000e+01","0,59314",FALSE
SKTRVFLGWF,366,"6,78893552820208e-01",no significant difference,"-2,55683887312020e-02",no significant difference,FALSE,366,"0,994530091492283","3,80699999999999994","6,41561043000000009","5,847503","1,61000000000000e+01","0,39150",FALSE
SKV**FLGWF,366,"4,01457059452970e-01",no significant difference,"6,83278550940249e-01",stronger,TRUE,366,NA,"-0,28310000000000007","-0,56535667000000001","0,720441","1,10000000000000e+00",NA,FALSE
SKV*AFLGWF,366,"3,28470183739606e-01",weaker,"7,46831613398419e-01",stronger,TRUE,366,NA,"-0,28310000000000007","-0,56535667000000001","0,720441","1,10000000000000e+00",NA,FALSE
SKV*CFLGWF,366,"3,64391371453510e-01",no significant difference,"7,14525419779282e-01",stronger,TRUE,366,NA,"-0,28310000000000007","-0,56535667000000001","0,720441","1,10000000000000e+00",NA,FALSE
SKV*DFLGWF,366,"4,13822499664768e-01",no significant difference,"7,29682978671594e-01",stronger,TRUE,366,NA,"-0,28310000000000007","-0,56535667000000001","0,720441","1,10000000000000e+00",NA,FALSE
SKV*EFLGWF,366,"4,21992893186909e-01",no significant difference,"7,64915710560759e-01",stronger,TRUE,366,NA,"-0,28310000000000007","-0,56535667000000001","0,720441","1,10000000000000e+00",NA,FALSE
SKV*FFLGWF,366,"4,07227092547447e-01",no significant difference,"7,04586441239044e-01",stronger,TRUE,366,NA,"-0,28310000000000007","-0,56535667000000001","0,720441","1,10000000000000e+00",NA,FALSE
SKV*GFLGWF,366,"3,93729887704718e-01",weaker,"7,31475241141031e-01",stronger,TRUE,366,NA,"-0,28310000000000007","-0,56535667000000001","0,720441","1,10000000000000e+00",NA,FALSE
SKV*HFLGWF,366,"4,53437627870249e-01",no significant difference,"7,41389865249441e-01",stronger,TRUE,366,NA,"-0,28310000000000007","-0,56535667000000001","0,720441","1,10000000000000e+00",NA,FALSE
SKV*IFLGWF,366,"4,18450011459319e-01",no significant difference,"7,66687960060473e-01",stronger,TRUE,366,NA,"-0,28310000000000007","-0,56535667000000001","0,720441","1,10000000000000e+00",NA,FALSE
SKV*KFLGWF,366,"4,07264551749585e-01",no significant difference,"7,59322720696648e-01",stronger,TRUE,366,NA,"-0,28310000000000007","-0,56535667000000001","0,720441","1,10000000000000e+00",NA,FALSE
SKV*LFLGWF,366,"3,78758935980799e-01",weaker,"7,32994195460349e-01",stronger,TRUE,366,NA,"-0,28310000000000007","-0,56535667000000001","0,720441","1,10000000000000e+00",NA,FALSE
SKV*MFLGWF,366,"3,77397398240719e-01",no significant difference,"7,51540372511945e-01",stronger,TRUE,366,NA,"-0,28310000000000007","-0,56535667000000001","0,720441","1,10000000000000e+00",NA,FALSE
SKV*NFLGWF,366,"3,82617833930577e-01",no significant difference,"7,20127077700417e-01",stronger,TRUE,366,NA,"-0,28310000000000007","-0,56535667000000001","0,720441","1,10000000000000e+00",NA,FALSE
SKV*QFLGWF,366,"4,78316774387346e-01",no significant difference,"7,97556760276680e-01",stronger,TRUE,366,NA,"-0,28310000000000007","-0,56535667000000001","0,720441","1,10000000000000e+00",NA,FALSE
SKV*RFLGWF,366,"3,69457397509217e-01",weaker,"7,73391491223591e-01",stronger,TRUE,366,NA,"-0,28310000000000007","-0,56535667000000001","0,720441","1,10000000000000e+00",NA,FALSE
SKV*SFLGWF,366,"3,38828559793477e-01",weaker,"7,51571256184421e-01",stronger,TRUE,366,NA,"-0,28310000000000007","-0,56535667000000001","0,720441","1,10000000000000e+00",NA,FALSE
SKV*TFLGWF,366,"3,42301830805403e-01",weaker,"7,03439328814718e-01",stronger,TRUE,366,NA,"-0,28310000000000007","-0,56535667000000001","0,720441","1,10000000000000e+00",NA,FALSE
SKV*VFLGWF,366,"3,86841553871019e-01",weaker,"7,78225953895988e-01",stronger,TRUE,366,NA,"-0,28310000000000007","-0,56535667000000001","0,720441","1,10000000000000e+00",NA,FALSE
SKV*WFLGWF,366,"4,17253719723198e-01",no significant difference,"7,57062757911217e-01",stronger,TRUE,366,NA,"-0,28310000000000007","-0,56535667000000001","0,720441","1,10000000000000e+00",NA,FALSE
SKV*YFLGWF,366,"3,93016054767071e-01",no significant difference,"7,46731070969221e-01",stronger,TRUE,366,NA,"-0,28310000000000007","-0,56535667000000001","0,720441","1,10000000000000e+00",NA,FALSE
SKVA*FLGWF,366,"3,44794486415112e-01",no significant difference,"7,29589662860337e-01",stronger,TRUE,366,NA,"-0,27690000000000009","-0,30161726999999999","0,965451","1,30000000000000e+00",NA,FALSE
SKVAAFLGWF,366,"6,79095575189018e-01",no significant difference,"1,02784152241855e-01",stronger,FALSE,366,"0,895953564676034","3,80389999999999961","6,97471734000000065","5,334889","1,70000000000000e+01",NA,FALSE
SKVACFLGWF,366,"7,05625468864000e-01",no significant difference,"-1,71081472904494e-01",no significant difference,FALSE,366,"0,901426634648766","4,83489999999999931","8,41206968000000010","5,645650","2,09000000000000e+01",NA,FALSE
SKVADFLGWF,366,"6,93310542576072e-01",no significant difference,"1,67122650455987e-01",stronger,FALSE,366,"0,895953564676034","3,04919999999999947","6,01087134000000045","5,106911","1,37000000000000e+01",NA,FALSE
SKVAEFLGWF,366,"8,13338084731243e-01",no significant difference,"1,80342476830478e-01",stronger,FALSE,366,"0,895953564676034","3,00839999999999952","5,78229014000000063","5,090799","1,50000000000000e+01",NA,FALSE
SKVAFFLGWF,366,"5,87846609919221e-01",no significant difference,"-2,17030696278099e-01",no significant difference,FALSE,366,"0,901426634648766","5,07039999999999935","8,39821303999999991","5,972868","2,12000000000000e+01",NA,FALSE
SKVAGFLGWF,366,"6,05147608519596e-01",weaker,"2,36160706766495e-01",stronger,FALSE,366,"0,895953564676034","3,62059999999999960","7,26777066999999999","5,882881","1,68000000000000e+01",NA,FALSE
SKVAHFLGWF,366,"7,67935064809964e-01",no significant difference,"-5,24791511181462e-02",stronger,FALSE,366,"0,901426634648766","3,91809999999999992","6,92625535000000081","5,577711","1,73000000000000e+01",NA,FALSE
SKVAIFLGWF,366,"7,52260885798024e-01",no significant difference,"-2,64905148110463e-01",no significant difference,FALSE,366,"0,917845861702270","4,90859999999999985","7,89514327000000016","5,621399","2,16000000000000e+01",NA,FALSE
SKVAKFLGWF,366,"7,63759397320185e-01",no significant difference,"6,71519786527926e-02",stronger,FALSE,366,"0,901426634648766","2,61709999999999976","5,45458324000000072","5,238009","1,37000000000000e+01",NA,FALSE
SKVALFLGWF,366,"7,11456175205710e-01",no significant difference,"-1,78243054991534e-01",no significant difference,FALSE,366,"0,906899713189152","4,71150000000000002","7,77778475000000036","5,664103","2,25000000000000e+01",NA,FALSE
SKVAMFLGWF,366,"7,46365974905113e-01",no significant difference,"-2,38599820267260e-02",stronger,FALSE,366,"0,895953564676034","4,81009999999999938","7,45586788000000045","5,595982","2,10000000000000e+01",NA,FALSE
SKVANFLGWF,366,"6,97451632775663e-01",no significant difference,"1,37347052642540e-01",stronger,FALSE,366,"0,895953564676034","3,52839999999999954","6,35400644000000003","5,508864","1,63000000000000e+01",NA,FALSE
SKVAQFLGWF,366,"8,06696527585110e-01",no significant difference,"9,52838269597593e-02",no significant difference,FALSE,366,"0,901426634648766","3,38629999999999987","6,41592354000000054","5,465528","1,40000000000000e+01",NA,FALSE
SKVARFLGWF,366,"7,72277334770292e-01",stronger,"5,32337596855746e-02",stronger,FALSE,366,"0,906899713189152","3,71009999999999973","6,62168304000000063","5,758678","1,82000000000000e+01",NA,FALSE
SKVASFLGWF,366,"7,02990274186832e-01",no significant difference,"8,38751476675298e-02",stronger,FALSE,366,"0,912372791729539","3,93529999999999980","6,50150974000000037","5,452845","1,63000000000000e+01",NA,FALSE
SKVATFLGWF,366,"8,46003001979081e-01",no significant difference,"-1,81164823733325e-01",no significant difference,FALSE,366,"0,928792018783043","3,90079999999999982","6,76864473000000011","5,423714","1,49000000000000e+01",NA,FALSE
SKVAVFLGWF,366,"7,52803852979858e-01",no significant difference,"-3,43224248186528e-01",no significant difference,FALSE,366,"0,939738167296161","4,55759999999999987","7,61148417000000066","5,299224","2,15000000000000e+01",NA,FALSE
SKVAWFLGWF,366,"6,78604385864368e-01",no significant difference,"-1,37080334975082e-01",no significant difference,FALSE,366,"0,901426634648766","4,59019999999999939","8,72550340999999996","6,081103","1,78000000000000e+01",NA,FALSE
SKVAYFLGWF,366,"6,78294588759348e-01",no significant difference,"-1,34093922127476e-01",no significant difference,FALSE,366,"0,895953564676034","4,67830000000000013","8,41248063000000101","6,029768","2,00000000000000e+01",NA,FALSE
SKVC*FLGWF,366,"3,73323702754458e-01",no significant difference,"6,62712729348016e-01",stronger,TRUE,366,NA,"0,75409999999999977","1,13573506999999996","1,276212","5,20000000000000e+00",NA,FALSE
SKVCAFLGWF,366,"7,42163287351905e-01",no significant difference,"-9,37026271236522e-02",stronger,FALSE,366,"0,895953564676034","4,83489999999999931","8,41206968000000010","5,645650","2,09000000000000e+01",NA,FALSE
SKVCCFLGWF,366,"8,08271881988812e-01",no significant difference,"-1,97065444550282e-01",no significant difference,FALSE,366,"0,901426634648766","5,86589999999999989","9,84942202000000044","5,956411","2,48000000000000e+01",NA,FALSE
SKVCDFLGWF,366,"7,26190071468514e-01",no significant difference,"9,99176894711538e-02",stronger,FALSE,366,"0,895953564676034","4,08019999999999960","7,44822368000000079","5,417672","1,76000000000000e+01",NA,FALSE
SKVCEFLGWF,366,"9,04722653617903e-01",no significant difference,"1,00955946616312e-01",stronger,FALSE,366,"0,895953564676034","4,03939999999999966","7,21964248000000097","5,401560","1,89000000000000e+01",NA,FALSE
SKVCFFLGWF,366,"7,28956141119573e-01",no significant difference,"-3,38688918405880e-01",weaker,FALSE,366,"0,901426634648766","6,10139999999999993","9,83556538000000025","6,283629","2,51000000000000e+01",NA,FALSE
SKVCGFLGWF,366,"6,38969928981801e-01",no significant difference,"6,72471388013847e-02",stronger,FALSE,366,"0,895953564676034","4,65159999999999929","8,70512301000000122","6,193642","2,07000000000000e+01",NA,FALSE
SKVCHFLGWF,366,"8,07098949955460e-01",no significant difference,"-1,14154838719601e-01",no significant difference,FALSE,366,"0,901426634648766","4,94909999999999961","8,36360769000000026","5,888472","2,12000000000000e+01",NA,FALSE
SKVCIFLGWF,366,"7,88379460095064e-01",no significant difference,"-4,07460401977967e-01",no significant difference,FALSE,366,"0,917845861702270","5,93959999999999955","9,33249561000000050","5,932160","2,55000000000000e+01",NA,FALSE
SKVCKFLGWF,366,"9,20643299219330e-01",no significant difference,"1,07559887451801e-01",stronger,FALSE,366,"0,901426634648766","3,64809999999999945","6,89193558000000017","5,548770","1,76000000000000e+01",NA,FALSE
SKVCLFLGWF,366,"7,79033769486679e-01",no significant difference,"-3,09325598055353e-01",no significant difference,FALSE,366,"0,906899713189152","5,74249999999999972","9,21513709000000070","5,974864","2,64000000000000e+01",NA,FALSE
SKVCMFLGWF,366,"8,31780629388072e-01",no significant difference,"-1,84806392187299e-01",no significant difference,FALSE,366,"0,895953564676034","5,84109999999999996","8,89322021999999990","5,906743","2,49000000000000e+01",NA,FALSE
SKVCNFLGWF,366,"7,70041011662861e-01",no significant difference,"1,20783722740978e-02",stronger,FALSE,366,"0,895953564676034","4,55939999999999923","7,79135878000000037","5,819625","2,02000000000000e+01",NA,FALSE
SKVCQFLGWF,366,"8,26508472566233e-01",no significant difference,NA,no significant difference,FALSE,366,"0,901426634648766","4,41730000000000000","7,85327588000000087","5,776289","1,79000000000000e+01",NA,FALSE
SKVCQFLGWF,366,"8,26508472566233e-01",no significant difference,"5,96621930282978e-02",stronger,FALSE,366,"0,901426634648766","4,41730000000000000","7,85327588000000087","5,776289","1,79000000000000e+01",NA,FALSE
SKVCRFLGWF,366,"7,89800812229618e-01",no significant difference,"-3,13812716006395e-02",stronger,FALSE,366,"0,906899713189152","4,74109999999999943","8,05903538000000097","6,069439","2,21000000000000e+01",NA,FALSE
SKVCSFLGWF,366,"7,58939838993568e-01",no significant difference,"5,19549620857941e-02",stronger,FALSE,366,"0,912372791729539","4,96629999999999949","7,93886208000000071","5,763606","2,02000000000000e+01",NA,FALSE
SKVCTFLGWF,366,"8,51188763216457e-01",no significant difference,"5,89546975095779e-02",stronger,FALSE,366,"0,928792018783043","4,93179999999999996","8,20599707000000045","5,734475","1,88000000000000e+01",NA,FALSE
SKVCVFLGWF,366,"8,22369274664618e-01",no significant difference,"-3,75575998062453e-01",no significant difference,FALSE,366,"0,939738167296161","5,58859999999999957","9,04883651000000100","5,609985","2,54000000000000e+01",NA,FALSE
SKVCWFLGWF,366,"6,75517377862132e-01",no significant difference,"-2,56090759681690e-01",no significant difference,FALSE,366,"0,901426634648766","5,62119999999999997","10,16285575000000030","6,391864","2,17000000000000e+01",NA,FALSE
SKVCYFLGWF,366,"7,78092621233966e-01",no significant difference,"-2,44665914139654e-01",no significant difference,FALSE,366,"0,895953564676034","5,70929999999999982","9,84983297000000135","6,340529","2,39000000000000e+01",NA,FALSE
SKVD*FLGWF,366,"4,64377573924456e-01",no significant difference,"7,47332129237533e-01",stronger,TRUE,366,NA,"-1,03160000000000007","-1,26546327000000014","0,737473","-2,00000000000000e+00",NA,FALSE
SKVDAFLGWF,366,"5,56066523442538e-01",no significant difference,"2,14078495842413e-01",stronger,FALSE,366,"0,895953564676034","3,04919999999999947","6,01087134000000045","5,106911","1,37000000000000e+01",NA,FALSE
SKVDCFLGWF,366,"6,23001602551634e-01",no significant difference,"6,51815423508486e-02",stronger,FALSE,366,"0,901426634648766","4,08019999999999960","7,44822368000000079","5,417672","1,76000000000000e+01",NA,FALSE
SKVDDFLGWF,366,"5,79237170748860e-01",no significant difference,"2,12530041449698e-01",stronger,FALSE,366,"0,895953564676034","2,29449999999999976","5,04702534000000025","4,878933","1,04000000000000e+01",NA,FALSE
SKVDEFLGWF,366,"6,85771939985945e-01",no significant difference,"1,73939460653470e-01",stronger,FALSE,366,"0,895953564676034","2,25369999999999981","4,81844414000000043","4,862821","1,17000000000000e+01",NA,FALSE
SKVDFFLGWF,366,"6,00723567632031e-01",no significant difference,"-5,64102461726643e-02",no significant difference,FALSE,366,"0,901426634648766","4,31569999999999965","7,43436703999999970","5,744890","1,79000000000000e+01",NA,FALSE
SKVDGFLGWF,366,"5,79741077117888e-01",no significant difference,"1,88384202127994e-01",stronger,FALSE,366,"0,895953564676034","2,86589999999999989","6,30392467000000067","5,654903","1,35000000000000e+01",NA,FALSE
SKVDHFLGWF,366,"6,46714966638599e-01",no significant difference,"3,30228026835809e-02",no significant difference,FALSE,366,"0,901426634648766","3,16339999999999977","5,96240935000000061","5,349733","1,40000000000000e+01",NA,FALSE
SKVDIFLGWF,366,"7,29251970961190e-01",no significant difference,"4,86744470043965e-02",stronger,FALSE,366,"0,917845861702270","4,15389999999999926","6,93129726999999995","5,393421","1,83000000000000e+01",NA,FALSE
SKVDKFLGWF,366,"6,75894889401764e-01",no significant difference,"1,88268565038558e-01",stronger,FALSE,366,"0,901426634648766","1,86239999999999961","4,49073724000000052","5,010031","1,04000000000000e+01",NA,FALSE
SKVDLFLGWF,366,"6,69316548818714e-01",no significant difference,"-2,92689762712365e-02",stronger,FALSE,366,"0,906899713189152","3,95679999999999943","6,81393875000000016","5,436125","1,92000000000000e+01",NA,FALSE
SKVDMFLGWF,366,"7,19435905594302e-01",no significant difference,"1,98646398200714e-02",stronger,FALSE,366,"0,895953564676034","4,05539999999999967","6,49202188000000024","5,368004","1,77000000000000e+01",NA,FALSE
SKVDNFLGWF,366,"6,38633001722224e-01",no significant difference,"1,72621923024102e-01",stronger,FALSE,366,"0,895953564676034","2,77369999999999983","5,39016044000000072","5,280886","1,30000000000000e+01",NA,FALSE
SKVDPFLGWF,366,"4,43160972369746e-01",no significant difference,"1,54603913979893e-01",no significant difference,FALSE,366,"0,895953564676034","2,86309999999999976","5,56934424000000039","5,150730","1,13000000000000e+01",NA,FALSE
SKVDQFLGWF,366,"6,55403459666090e-01",no significant difference,"1,70243290675941e-01",stronger,FALSE,366,"0,901426634648766","2,63159999999999972","5,45207754000000033","5,237550","1,07000000000000e+01",NA,FALSE
SKVDRFLGWF,366,"6,62347440062588e-01",no significant difference,"1,27443089291352e-01",stronger,FALSE,366,"0,906899713189152","2,95539999999999958","5,65783704000000043","5,530700","1,49000000000000e+01",NA,FALSE
SKVDSFLGWF,366,"5,90933696766886e-01",no significant difference,"1,60740046801117e-01",stronger,FALSE,366,"0,912372791729539","3,18059999999999965","5,53766374000000017","5,224867","1,30000000000000e+01",NA,FALSE
SKVDTFLGWF,366,"7,40551494880125e-01",no significant difference,"1,85238753668027e-01",stronger,FALSE,366,"0,928792018783043","3,14609999999999967","5,80479873000000079","5,195736","1,16000000000000e+01",NA,FALSE
SKVDVFLGWF,366,"7,23945928473555e-01",no significant difference,"5,37468191694893e-02",stronger,FALSE,366,"0,939738167296161","3,80289999999999973","6,64763817000000046","5,071246","1,82000000000000e+01",NA,FALSE
SKVDWFLGWF,366,"5,29547654429880e-01",no significant difference,"-8,69117446280869e-03",stronger,FALSE,366,"0,901426634648766","3,83549999999999969","7,76165741000000065","5,853125","1,45000000000000e+01",NA,FALSE
SKVDYFLGWF,366,"5,95954919619698e-01",no significant difference,"-5,50177503003954e-02",no significant difference,FALSE,366,"0,895953564676034","3,92359999999999953","7,44863463000000081","5,801790","1,67000000000000e+01",NA,FALSE
SKVE*FLGWF,366,"4,17112083631431e-01",no significant difference,"8,12594611640297e-01",stronger,TRUE,366,NA,"-1,07240000000000002","-1,49404446999999996","0,721361","-7,00000000000000e-01",NA,FALSE
SKVEAFLGWF,366,"7,25501401632511e-01",no significant difference,"5,32435311636765e-02",stronger,FALSE,366,"0,895953564676034","3,00839999999999952","5,78229014000000063","5,090799","1,50000000000000e+01",NA,FALSE
SKVECFLGWF,366,"7,91251906562045e-01",no significant difference,"7,30787601297709e-02",stronger,FALSE,366,"0,901426634648766","4,03939999999999966","7,21964248000000097","5,401560","1,89000000000000e+01",NA,FALSE
SKVEDFLGWF,366,"8,05653026683542e-01",no significant difference,"1,44470046643967e-01",stronger,FALSE,366,"0,895953564676034","2,25369999999999981","4,81844414000000043","4,862821","1,17000000000000e+01",NA,FALSE
SKVEEFLGWF,366,"8,73576222626386e-01",no significant difference,"2,33138104565748e-01",stronger,FALSE,366,"0,895953564676034","2,21289999999999987","4,58986294000000061","4,846709","1,30000000000000e+01",NA,FALSE
SKVEFFLGWF,366,"8,02905839767896e-01",no significant difference,"-1,63485064996494e-01",no significant difference,FALSE,366,"0,901426634648766","4,27489999999999970","7,20578583999999989","5,728778","1,92000000000000e+01",NA,FALSE
SKVEGFLGWF,366,"6,78487411271915e-01",no significant difference,"2,31863165393936e-01",stronger,FALSE,366,"0,895953564676034","2,82509999999999994","6,07534346999999997","5,638791","1,48000000000000e+01",NA,FALSE
SKVEHFLGWF,366,"8,31805612099162e-01",no significant difference,"2,93626834803438e-01",stronger,FALSE,366,"0,901426634648766","3,12259999999999982","5,73382815000000079","5,333621","1,53000000000000e+01",NA,FALSE
SKVEIFLGWF,366,"8,01749732087376e-01",no significant difference,"-9,31778662040654e-02",no significant difference,FALSE,366,"0,917845861702270","4,11309999999999931","6,70271607000000014","5,377309","1,96000000000000e+01",NA,FALSE
SKVEKFLGWF,366,"8,25013356025502e-01",no significant difference,"2,06025685697685e-01",stronger,FALSE,366,"0,901426634648766","1,82159999999999966","4,26215604000000070","4,993919","1,17000000000000e+01",NA,FALSE
SKVELFLGWF,366,"7,86337653913659e-01",no significant difference,"5,37015742407676e-02",stronger,FALSE,366,"0,906899713189152","3,91599999999999948","6,58535755000000034","5,420013","2,05000000000000e+01",NA,FALSE
SKVEMFLGWF,366,"8,61174638707679e-01",no significant difference,"3,27363458400743e-02",stronger,FALSE,366,"0,895953564676034","4,01459999999999972","6,26344068000000043","5,351892","1,90000000000000e+01",NA,FALSE
SKVENFLGWF,366,"8,17589629966277e-01",no significant difference,"1,26496792884303e-01",stronger,FALSE,366,"0,895953564676034","2,73289999999999988","5,16157924000000001","5,264774","1,43000000000000e+01",NA,FALSE
SKVEQFLGWF,366,"8,30137302496798e-01",no significant difference,"2,58745197001522e-01",stronger,FALSE,366,"0,901426634648766","2,59079999999999977","5,22349634000000052","5,221438","1,20000000000000e+01",NA,FALSE
SKVERFLGWF,366,"8,51768278060493e-01",stronger,"1,84773486480381e-01",stronger,FALSE,366,"0,906899713189152","2,91459999999999964","5,42925584000000061","5,514588","1,62000000000000e+01",NA,FALSE
SKVESFLGWF,366,"8,27404550895187e-01",no significant difference,"1,49619384711928e-01",stronger,FALSE,366,"0,912372791729539","3,13979999999999970","5,30908254000000035","5,208755","1,43000000000000e+01",NA,FALSE
SKVETFLGWF,366,"8,67871756166078e-01",no significant difference,"2,01907528829185e-01",stronger,FALSE,366,"0,928792018783043","3,10529999999999973","5,57621753000000009","5,179624","1,29000000000000e+01",NA,FALSE
SKVEVFLGWF,366,"8,82746887743161e-01",stronger,"-1,02497300828513e-01",stronger,FALSE,366,"0,939738167296161","3,76209999999999978","6,41905697000000064","5,055134","1,95000000000000e+01",NA,FALSE
SKVEWFLGWF,366,"7,65175329680503e-01",no significant difference,"8,27897459552025e-02",no significant difference,FALSE,366,"0,901426634648766","3,79469999999999974","7,53307621000000083","5,837013","1,58000000000000e+01",NA,FALSE
SKVEYFLGWF,366,"8,37727972189239e-01",no significant difference,"-8,90688883553128e-02",no significant difference,FALSE,366,"0,895953564676034","3,88279999999999959","7,22005343000000011","5,785678","1,80000000000000e+01",NA,FALSE
SKVF*FLGWF,366,"3,31196962373539e-01",no significant difference,"3,70049020723259e-01",stronger,TRUE,366,NA,"0,98959999999999981","1,12187843000000020","1,603430","5,50000000000000e+00",NA,FALSE
SKVFAFLGWF,366,"7,01318272831208e-01",no significant difference,"-2,17967954290645e-01",no significant difference,FALSE,366,"0,901431912324778","5,07039999999999935","8,39821303999999991","5,972868","2,12000000000000e+01",NA,FALSE
SKVFCFLGWF,366,"6,63319258999251e-01",no significant difference,"-2,79680805982205e-01",no significant difference,FALSE,366,"0,906904982297509","6,10139999999999993","9,83556538000000025","6,283629","2,51000000000000e+01",NA,FALSE
SKVFDFLGWF,366,"7,16993472070846e-01",no significant difference,"-3,45173462303866e-03",stronger,FALSE,366,"0,901431912324778","4,31569999999999965","7,43436703999999970","5,744890","1,79000000000000e+01",NA,FALSE
SKVFEFLGWF,366,"8,46069090339638e-01",no significant difference,"-5,46635641581364e-02",no significant difference,FALSE,366,"0,901431912324778","4,27489999999999970","7,20578583999999989","5,728778","1,92000000000000e+01",NA,FALSE
SKVFFFLGWF,366,"3,43402148149861e-01",no significant difference,"-4,77259619610212e-01",weaker,FALSE,366,"0,906904982297509","6,33689999999999998","9,82170874000000005","6,610847","2,54000000000000e+01",NA,FALSE
SKVFGFLGWF,366,"5,90716328482838e-01",no significant difference,"-4,19822074992474e-02",stronger,FALSE,366,"0,901431912324778","4,88709999999999933","8,69126636999999924","6,520860","2,10000000000000e+01",NA,FALSE
SKVFHFLGWF,366,"7,53799499148426e-01",no significant difference,"-1,28496911200913e-02",no significant difference,FALSE,366,"0,906904982297509","5,18459999999999965","8,34975105000000006","6,215690","2,15000000000000e+01",NA,FALSE
SKVFIFLGWF,366,"6,22913697981016e-01",no significant difference,"-4,27504061271310e-01",weaker,FALSE,366,"0,923324209351014","6,17509999999999959","9,31863897000000030","6,259378","2,58000000000000e+01",NA,FALSE
SKVFKFLGWF,366,"7,89088674533291e-01",no significant difference,"-3,56240512250130e-02",no significant difference,FALSE,366,"0,906904982297509","3,88359999999999950","6,87807893999999997","5,875988","1,79000000000000e+01",NA,FALSE
SKVFLFLGWF,366,"5,76903112287582e-01",weaker,"-4,21232342416932e-01",weaker,FALSE,366,"0,912378060837896","5,97799999999999976","9,20128045000000050","6,302082","2,67000000000000e+01",NA,FALSE
SKVFLFLGWF,366,"5,76903112287582e-01",weaker,"-7,92886189615199e-02",no significant difference,FALSE,366,"0,912378060837896","5,97799999999999976","9,20128045000000050","6,302082","2,67000000000000e+01",NA,FALSE
SKVFMFLGWF,366,"7,36140226628570e-01",no significant difference,"-3,74331065938693e-01",weaker,FALSE,366,"0,901431912324778","6,07660000000000000","8,87936357999999970","6,233961","2,52000000000000e+01",NA,FALSE
SKVFNFLGWF,366,"7,17033473141178e-01",no significant difference,"-1,31380429596736e-01",stronger,FALSE,366,"0,901431912324778","4,79489999999999927","7,77750214000000017","6,146843","2,05000000000000e+01",NA,FALSE
SKVFPFLGWF,366,"3,20298439222461e-01",no significant difference,"1,35878442258047e-01",stronger,FALSE,366,"0,901431912324778","4,88429999999999964","7,95668593999999985","6,016687","1,88000000000000e+01",NA,FALSE
SKVFQFLGWF,366,"7,97507596036720e-01",no significant difference,"-5,52076593294210e-02",no significant difference,FALSE,366,"0,906904982297509","4,65280000000000005","7,83941923999999979","6,103507","1,82000000000000e+01",NA,FALSE
SKVFRFLGWF,366,"7,45094453887952e-01",no significant difference,"-1,12049491695846e-01",stronger,FALSE,366,"0,912378060837896","4,97659999999999947","8,04517874000000077","6,396657","2,24000000000000e+01",NA,FALSE
SKVFSFLGWF,366,"6,35312049574970e-01",no significant difference,"-1,37064669495962e-01",stronger,FALSE,366,"0,917851139378283","5,20179999999999954","7,92500543999999962","6,090824","2,05000000000000e+01",NA,FALSE
SKVFTFLGWF,366,"7,86898271814416e-01",no significant difference,"-1,04654081494923e-01",no significant difference,FALSE,366,"0,934270366431787","5,16730000000000000","8,19214043000000025","6,061693","1,91000000000000e+01",NA,FALSE
SKVFVFLGWF,366,"6,98356256926547e-01",no significant difference,"-4,41999279868914e-01",weaker,FALSE,366,"0,945216514944905","5,82409999999999961","9,03497987000000080","5,937203","2,57000000000000e+01",NA,FALSE
SKVFWFLGWF,366,"4,95659579104352e-01",no significant difference,"-3,91940386669028e-01",weaker,FALSE,366,"0,906904982297509","5,85670000000000002","10,14899911000000010","6,719082","2,20000000000000e+01",NA,FALSE
SKVFYFLGWF,366,"5,64961049050465e-01",no significant difference,"-3,28216744438696e-01",no significant difference,FALSE,366,"0,901431912324778","5,94479999999999986","9,83597632999999938","6,667747","2,42000000000000e+01",NA,FALSE
SKVG*FLGWF,366,"3,81723085931045e-01",weaker,"7,66038807520461e-01",stronger,TRUE,366,NA,"-0,46020000000000005","-0,00856394000000005","1,513443","1,10000000000000e+00",NA,FALSE
SKVGAFLGWF,366,"7,04386747086933e-01",no significant difference,"6,45031721109473e-02",stronger,FALSE,366,"0,895953564676034","3,62059999999999960","7,26777066999999999","5,882881","1,68000000000000e+01",NA,FALSE
SKVGCFLGWF,366,"6,95877850477953e-01",no significant difference,"-6,24904804281323e-02",stronger,FALSE,366,"0,901426634648766","4,65159999999999929","8,70512301000000122","6,193642","2,07000000000000e+01",NA,FALSE
SKVGDFLGWF,366,"6,63380513542461e-01",no significant difference,"2,06624217943223e-01",stronger,FALSE,366,"0,895953564676034","2,86589999999999989","6,30392467000000067","5,654903","1,35000000000000e+01",NA,FALSE
SKVGEFLGWF,366,"7,87717732330434e-01",no significant difference,"1,37897436460706e-01",stronger,FALSE,366,"0,895953564676034","2,82509999999999994","6,07534346999999997","5,638791","1,48000000000000e+01",NA,FALSE
SKVGFFLGWF,366,"5,92055378731917e-01",no significant difference,"-1,76510074951088e-01",no significant difference,FALSE,366,"0,901426634648766","4,88709999999999933","8,69126636999999924","6,520860","2,10000000000000e+01",NA,FALSE
SKVGGFLGWF,366,"5,87930612168537e-01",weaker,"1,68897499386522e-01",stronger,FALSE,366,"0,895953564676034","3,43729999999999958","7,56082400000000021","6,430873","1,66000000000000e+01",NA,FALSE
SKVGGFLGWF,366,"5,87930612168537e-01",weaker,"-2,45023605622675e-01",no significant difference,FALSE,366,"0,895953564676034","3,43729999999999958","7,56082400000000021","6,430873","1,66000000000000e+01",NA,FALSE
SKVGHFLGWF,366,"7,04435352027385e-01",no significant difference,"1,30914547400353e-01",stronger,FALSE,366,"0,901426634648766","3,73479999999999990","7,21930868000000014","6,125703","1,71000000000000e+01",NA,FALSE
SKVGIFLGWF,366,"7,44743262149342e-01",no significant difference,"-2,12052133864669e-01",no significant difference,FALSE,366,"0,917845861702270","4,72529999999999983","8,18819659999999949","6,169391","2,14000000000000e+01",NA,FALSE
SKVGKFLGWF,366,"7,63907974411381e-01",no significant difference,"1,75884603594801e-01",stronger,FALSE,366,"0,901426634648766","2,43379999999999974","5,74763657000000006","5,786001","1,35000000000000e+01",NA,FALSE
SKVGLFLGWF,366,"6,65146325585847e-01",no significant difference,"-9,65116346662295e-02",stronger,FALSE,366,"0,906899713189152","4,52820000000000000","8,07083807999999969","6,212095","2,23000000000000e+01",NA,FALSE
SKVGMFLGWF,366,"7,43795610712590e-01",no significant difference,"-1,55910609140216e-02",stronger,FALSE,366,"0,895953564676034","4,62679999999999936","7,74892121000000067","6,143974","2,08000000000000e+01",NA,FALSE
SKVGNFLGWF,366,"7,30279302310295e-01",no significant difference,"1,58839496588225e-01",stronger,FALSE,366,"0,895953564676034","3,34509999999999952","6,64705977000000026","6,056856","1,61000000000000e+01",NA,FALSE
SKVGPFLGWF,366,"3,63921681577268e-01",weaker,"5,98974847363731e-02",stronger,FALSE,366,"0,895953564676034","3,43449999999999989","6,82624357000000082","5,926700","1,44000000000000e+01",NA,FALSE
SKVGQFLGWF,366,"7,80707834991292e-01",no significant difference,"1,42126965579589e-01",stronger,FALSE,366,"0,901426634648766","3,20299999999999985","6,70897687000000076","6,013520","1,38000000000000e+01",NA,FALSE
SKVGRFLGWF,366,"7,35658806114616e-01",no significant difference,"7,81808659954630e-02",stronger,FALSE,366,"0,906899713189152","3,52679999999999971","6,91473636999999997","6,306670","1,80000000000000e+01",NA,FALSE
SKVGSFLGWF,366,"6,88916938200145e-01",no significant difference,"1,35686063136189e-01",stronger,FALSE,366,"0,912372791729539","3,75199999999999978","6,79456307000000059","6,000837","1,61000000000000e+01",NA,FALSE
SKVGTFLGWF,366,"7,61889197779899e-01",no significant difference,"1,38956059259557e-01",stronger,FALSE,366,"0,928792018783043","3,71749999999999980","7,06169806000000033","5,971706","1,47000000000000e+01",NA,FALSE
SKVGVFLGWF,366,"7,43943592498723e-01",no significant difference,"-4,44174431623822e-01",no significant difference,FALSE,366,"0,939738167296161","4,37429999999999986","7,90453749999999999","5,847216","2,13000000000000e+01",NA,FALSE
SKVGVFLGWF,366,"7,43943592498723e-01",no significant difference,"-1,39679181703105e-01",stronger,FALSE,366,"0,939738167296161","4,37429999999999986","7,90453749999999999","5,847216","2,13000000000000e+01",NA,FALSE
SKVGWFLGWF,366,"5,56392692077215e-01",weaker,"-2,64729584855463e-01",no significant difference,FALSE,366,"0,901426634648766","4,40689999999999937","9,01855674000000107","6,629095","1,76000000000000e+01",NA,FALSE
SKVGYFLGWF,366,"6,58416606139756e-01",no significant difference,"-2,03450378328279e-01",no significant difference,FALSE,366,"0,895953564676034","4,49500000000000011","8,70553396000000035","6,577760","1,98000000000000e+01",NA,FALSE
SKVH*FLGWF,366,"3,79910669988845e-01",no significant difference,"7,15666316553570e-01",stronger,TRUE,366,NA,"-0,16270000000000007","-0,35007926000000000","1,208273","1,60000000000000e+00",NA,FALSE
SKVHCFLGWF,366,"7,05003880142973e-01",no significant difference,"-4,12489591943581e-02",no significant difference,FALSE,366,"0,901426634648766","4,94909999999999961","8,36360769000000026","5,888472","2,12000000000000e+01",NA,FALSE
SKVHDFLGWF,366,"7,17399107605339e-01",no significant difference,"1,52107017115508e-02",stronger,FALSE,366,"0,895953564676034","3,16339999999999977","5,96240935000000061","5,349733","1,40000000000000e+01",NA,FALSE
SKVHEFLGWF,366,"8,07225635988108e-01",no significant difference,"1,31328004240784e-01",stronger,FALSE,366,"0,895953564676034","3,12259999999999982","5,73382815000000079","5,333621","1,53000000000000e+01",NA,FALSE
SKVHFFLGWF,366,"7,01663142215537e-01",no significant difference,"-3,39342442579292e-01",no significant difference,FALSE,366,"0,901426634648766","5,18459999999999965","8,34975105000000006","6,215690","2,15000000000000e+01",NA,FALSE
SKVHGFLGWF,366,"5,35082642448562e-01",no significant difference,"2,26641957263602e-02",stronger,FALSE,366,"0,895953564676034","3,73479999999999990","7,21930868000000014","6,125703","1,71000000000000e+01",NA,FALSE
SKVHIFLGWF,366,"7,43027019246990e-01",no significant difference,"-4,87906409280964e-01",weaker,FALSE,366,"0,917845861702270","5,02280000000000015","7,84668128000000031","5,864221","2,19000000000000e+01",NA,FALSE
SKVHKFLGWF,366,"8,11834626335536e-01",no significant difference,"2,50023454673664e-02",no significant difference,FALSE,366,"0,901426634648766","2,73129999999999962","5,40612124999999999","5,480831","1,40000000000000e+01",NA,FALSE
SKVHLFLGWF,366,"6,80421414945839e-01",no significant difference,"-2,02166100195176e-01",no significant difference,FALSE,366,"0,906899713189152","4,82569999999999943","7,72932276000000051","5,906925","2,28000000000000e+01",NA,FALSE
SKVHMFLGWF,366,"7,36911378600380e-01",no significant difference,"-4,78732794925854e-02",stronger,FALSE,366,"0,895953564676034","4,92429999999999968","7,40740589000000060","5,838804","2,13000000000000e+01",NA,FALSE
SKVHNFLGWF,366,"7,45286930022168e-01",no significant difference,"2,99243380488212e-01",no significant difference,FALSE,366,"0,895953564676034","3,64259999999999984","6,30554445000000019","5,751686","1,66000000000000e+01",NA,FALSE
SKVHRFLGWF,366,"7,22040859278791e-01",no significant difference,"-2,03066404166537e-02",stronger,FALSE,366,"0,906899713189152","3,82429999999999959","6,57322105000000079","6,001500","1,85000000000000e+01",NA,FALSE
SKVHSFLGWF,366,"6,88790136675195e-01",no significant difference,"-2,92689762712361e-02",no significant difference,FALSE,366,"0,912372791729539","4,04950000000000010","6,45304775000000053","5,695667","1,66000000000000e+01",NA,FALSE
SKVHVFLGWF,366,"7,46057163802528e-01",no significant difference,"-2,02730861390562e-01",no significant difference,FALSE,366,"0,939738167296161","4,67180000000000017","7,56302218000000082","5,542046","2,18000000000000e+01",NA,FALSE
SKVHWFLGWF,366,"5,96035089180252e-01",no significant difference,"-3,13780094106899e-01",no significant difference,FALSE,366,"0,901426634648766","4,70439999999999969","8,67704142000000012","6,323925","1,81000000000000e+01",NA,FALSE
SKVHYFLGWF,366,"6,92622523702412e-01",no significant difference,"-2,14968637845020e-01",no significant difference,FALSE,366,"0,895953564676034","4,79249999999999954","8,36401864000000117","6,272590","2,03000000000000e+01",NA,FALSE
SKVI*FLGWF,366,"4,16225312184060e-01",no significant difference,"6,10679128800031e-01",stronger,TRUE,366,NA,"0,82779999999999987","0,61880865999999990","1,251961","5,90000000000000e+00",NA,FALSE
SKVIAFLGWF,366,"7,80985107675962e-01",no significant difference,"-2,45923243701478e-01",no significant difference,FALSE,366,"0,928823650568498","4,90859999999999985","7,89514327000000016","5,621399","2,16000000000000e+01",NA,FALSE
SKVICFLGWF,366,"8,66570880068892e-01",no significant difference,"-2,86417635730712e-01",no significant difference,FALSE,366,"0,934296720541229","5,93959999999999955","9,33249561000000050","5,932160","2,55000000000000e+01",NA,FALSE
SKVIDFLGWF,366,"8,44197529357608e-01",no significant difference,"5,91076066016235e-02",stronger,FALSE,366,"0,928823650568498","4,15389999999999926","6,93129726999999995","5,393421","1,83000000000000e+01",NA,FALSE
SKVIEFLGWF,366,"9,60541433612464e-01",no significant difference,"3,73303318766930e-02",stronger,FALSE,366,"0,928823650568498","4,11309999999999931","6,70271607000000014","5,377309","1,96000000000000e+01",NA,FALSE
SKVIFFLGWF,366,"7,12118814099952e-01",no significant difference,"-5,36836123020085e-01",weaker,FALSE,366,"0,934296720541229","6,17509999999999959","9,31863897000000030","6,259378","2,58000000000000e+01",NA,FALSE
SKVIGFLGWF,366,"7,11330988588654e-01",no significant difference,"-2,38239568015449e-03",stronger,FALSE,366,"0,928823650568498","4,72529999999999983","8,18819659999999949","6,169391","2,14000000000000e+01",NA,FALSE
SKVIHFLGWF,366,"8,41689891118752e-01",no significant difference,"-2,45263890017294e-01",no significant difference,FALSE,366,"0,934296720541229","5,02280000000000015","7,84668128000000031","5,864221","2,19000000000000e+01",NA,FALSE
SKVIIFLGWF,366,"7,89641115370155e-01",no significant difference,"-4,84549813378341e-01",no significant difference,FALSE,366,"0,950715947594733","6,01330000000000009","8,81556920000000055","5,907909","2,62000000000000e+01",NA,FALSE
SKVIKFLGWF,366,"9,20216944599118e-01",no significant difference,"-1,13203235266586e-01",no significant difference,FALSE,366,"0,934296720541229","3,72179999999999955","6,37500917000000022","5,524519","1,83000000000000e+01",NA,FALSE
SKVILFLGWF,366,"7,66113954241675e-01",no significant difference,"-3,98771140332814e-01",weaker,FALSE,366,"0,939769799081616","5,81619999999999937","8,69821068000000075","5,950613","2,71000000000000e+01",NA,FALSE
SKVIMFLGWF,366,"8,58423580722255e-01",no significant difference,"-4,24148970491889e-01",weaker,FALSE,366,"0,928823650568498","5,91479999999999961","8,37629380999999995","5,882492","2,56000000000000e+01",NA,FALSE
SKVINFLGWF,366,"9,08415492726243e-01",no significant difference,"1,50010106847726e-02",no significant difference,FALSE,366,"0,928823650568498","4,63309999999999977","7,27443237000000043","5,795374","2,09000000000000e+01",NA,FALSE
SKVIPFLGWF,366,"4,20510332384052e-01",no significant difference,"2,01114592109723e-02",no significant difference,FALSE,366,"0,928823650568498","4,72250000000000014","7,45361617000000010","5,665218","1,92000000000000e+01",NA,FALSE
SKVIQFLGWF,366,"8,86106777374223e-01",no significant difference,"-4,78732794925854e-02",no significant difference,FALSE,366,"0,934296720541229","4,49099999999999966","7,33634947000000004","5,752038","1,86000000000000e+01",NA,FALSE
SKVIRFLGWF,366,"8,37951131145896e-01",stronger,"-1,26093324735010e-01",stronger,FALSE,366,"0,939769799081616","4,81479999999999997","7,54210897000000013","6,045188","2,28000000000000e+01",NA,FALSE
SKVISFLGWF,366,"8,26220888047158e-01",stronger,"-1,20653056228453e-01",stronger,FALSE,366,"0,945242877622002","5,04000000000000004","7,42193566999999987","5,739355","2,09000000000000e+01",NA,FALSE
SKVITFLGWF,366,"8,97732925745205e-01",no significant difference,"-1,04282967827143e-01",no significant difference,FALSE,366,"0,961662104675507","5,00549999999999962","7,68907066000000050","5,710224","1,95000000000000e+01",NA,FALSE
SKVIVFLGWF,366,"8,29024136680467e-01",stronger,"-3,97632063322430e-01",weaker,FALSE,366,"0,972608253188624","5,66230000000000011","8,53191010000000105","5,585734","2,61000000000000e+01",NA,FALSE
SKVIWFLGWF,366,"7,37082912464765e-01",no significant difference,"-3,92711392488543e-01",no significant difference,FALSE,366,"0,934296720541229","5,69489999999999963","9,64592934000000035","6,367613","2,24000000000000e+01",NA,FALSE
SKVIYFLGWF,366,"7,92475754719363e-01",no significant difference,"-4,52423329887933e-01",no significant difference,FALSE,366,"0,928823650568498","5,78299999999999947","9,33290655999999963","6,316278","2,46000000000000e+01",NA,FALSE
SKVK*FLGWF,366,"3,62839643761385e-01",no significant difference,"7,22661831543657e-01",stronger,TRUE,366,NA,"-1,46370000000000022","-1,82175136999999987","0,868571","-2,00000000000000e+00",NA,FALSE
SKVKAFLGWF,366,"6,51684847673950e-01",no significant difference,"1,60327750391005e-01",stronger,FALSE,366,"0,895953564676034","2,61709999999999976","5,45458324000000072","5,238009","1,37000000000000e+01",NA,FALSE
SKVKCFLGWF,366,"7,50538124374111e-01",no significant difference,"-7,33392814600807e-02",stronger,FALSE,366,"0,901426634648766","3,64809999999999945","6,89193558000000017","5,548770","1,76000000000000e+01",NA,FALSE
SKVKDFLGWF,366,"6,42573460478722e-01",no significant difference,"1,36690508015102e-01",stronger,FALSE,366,"0,895953564676034","1,86239999999999961","4,49073724000000052","5,010031","1,04000000000000e+01",NA,FALSE
SKVKEFLGWF,366,"8,21058224932228e-01",no significant difference,"1,74240356876746e-01",stronger,FALSE,366,"0,895953564676034","1,82159999999999966","4,26215604000000070","4,993919","1,17000000000000e+01",NA,FALSE
SKVKFFLGWF,366,"6,84539674771437e-01",no significant difference,"-2,82806625639248e-01",no significant difference,FALSE,366,"0,901426634648766","3,88359999999999950","6,87807893999999997","5,875988","1,79000000000000e+01",NA,FALSE
SKVKGFLGWF,366,"5,85247103783185e-01",no significant difference,"1,96967650085971e-01",stronger,FALSE,366,"0,895953564676034","2,43379999999999974","5,74763657000000006","5,786001","1,35000000000000e+01",NA,FALSE
SKVKHFLGWF,366,"7,54551162172669e-01",no significant difference,"2,23017089548983e-01",no significant difference,FALSE,366,"0,901426634648766","2,73129999999999962","5,40612124999999999","5,480831","1,40000000000000e+01",NA,FALSE
SKVKIFLGWF,366,"7,80719454528661e-01",no significant difference,"-3,85275272626422e-01",no significant difference,FALSE,366,"0,917845861702270","3,72179999999999955","6,37500917000000022","5,524519","1,83000000000000e+01",NA,FALSE
SKVKKFLGWF,366,"7,99762859790553e-01",no significant difference,"4,90283507746483e-03",stronger,FALSE,366,"0,901426634648766","1,43029999999999946","3,93444914000000034","5,141129","1,04000000000000e+01",NA,FALSE
SKVKLFLGWF,366,"7,49960300325911e-01",no significant difference,"-1,15520721072298e-01",no significant difference,FALSE,366,"0,906899713189152","3,52469999999999972","6,25765065000000043","5,567223","1,92000000000000e+01",NA,FALSE
SKVKMFLGWF,366,"7,48257830702197e-01",no significant difference,"-1,40660107277023e-01",stronger,FALSE,366,"0,895953564676034","3,62329999999999952","5,93573378000000051","5,499102","1,77000000000000e+01",NA,FALSE
SKVKNFLGWF,366,"7,01358181113079e-01",no significant difference,"-5,65469209446272e-03",stronger,FALSE,366,"0,895953564676034","2,34159999999999968","4,83387234000000010","5,411984","1,30000000000000e+01",NA,FALSE
SKVKQFLGWF,366,"7,36486330989128e-01",no significant difference,"-1,95360472379322e-02",no significant difference,FALSE,366,"0,901426634648766","2,19949999999999957","4,89578944000000060","5,368648","1,07000000000000e+01",NA,FALSE
SKVKRFLGWF,366,"7,95299336660792e-01",no significant difference,"1,84739924328146e-02",stronger,FALSE,366,"0,906899713189152","2,52329999999999943","5,10154894000000070","5,661798","1,49000000000000e+01",NA,FALSE
SKVKSFLGWF,366,"7,24013272515277e-01",no significant difference,"8,40804411300259e-02",stronger,FALSE,366,"0,912372791729539","2,74849999999999950","4,98137564000000044","5,355965","1,30000000000000e+01",NA,FALSE
SKVKTFLGWF,366,"8,02983255669284e-01",no significant difference,"1,90535547012758e-01",stronger,FALSE,366,"0,928792018783043","2,71399999999999952","5,24851063000000018","5,326834","1,16000000000000e+01",NA,FALSE
SKVKVFLGWF,366,"7,69895074292891e-01",no significant difference,"-2,32380968737495e-01",no significant difference,FALSE,366,"0,939738167296161","3,37079999999999957","6,09135007000000073","5,202344","1,82000000000000e+01",NA,FALSE
SKVKWFLGWF,366,"6,45772138951120e-01",no significant difference,"-1,15616542027905e-01",no significant difference,FALSE,366,"0,901426634648766","3,40339999999999954","7,20536931000000092","5,984223","1,45000000000000e+01",NA,FALSE
SKVKYFLGWF,366,"7,64533905306852e-01",no significant difference,"-7,01195103900062e-02",stronger,FALSE,366,"0,895953564676034","3,49149999999999983","6,89234653000000019","5,932888","1,67000000000000e+01",NA,FALSE
SKVL*FLGWF,366,"3,36391562507395e-01",weaker,"5,46840985885626e-01",stronger,TRUE,366,NA,"0,63069999999999982","0,50145014000000010","1,294665","6,80000000000000e+00",NA,FALSE
SKVLAFLGWF,366,"6,52422831154261e-01",no significant difference,"-1,40333829926236e-01",no significant difference,FALSE,366,"0,906910259973522","4,71150000000000002","7,77778475000000036","5,664103","2,25000000000000e+01",NA,FALSE
SKVLCFLGWF,366,"6,47086953500092e-01",no significant difference,"-2,32113293645237e-01",no significant difference,FALSE,366,"0,912383329946253","5,74249999999999972","9,21513709000000070","5,974864","2,64000000000000e+01",NA,FALSE
SKVLDFLGWF,366,"6,69024929770107e-01",no significant difference,"9,48464924284822e-02",stronger,FALSE,366,"0,906910259973522","3,95679999999999943","6,81393875000000016","5,436125","1,92000000000000e+01",NA,FALSE
SKVLEFLGWF,366,"8,14773172566837e-01",no significant difference,"1,13879980979667e-01",stronger,FALSE,366,"0,906910259973522","3,91599999999999948","6,58535755000000034","5,420013","2,05000000000000e+01",NA,FALSE
SKVLFFLGWF,366,"4,75046867969082e-01",weaker,"-3,58487559191010e-01",weaker,FALSE,366,"0,912383329946253","5,97799999999999976","9,20128045000000050","6,302082","2,67000000000000e+01",NA,FALSE
SKVLGFLGWF,366,"5,86703186569581e-01",weaker,"2,69158576518311e-02",stronger,FALSE,366,"0,906910259973522","4,52820000000000000","8,07083807999999969","6,212095","2,23000000000000e+01",NA,FALSE
SKVLHFLGWF,366,"6,93408794395577e-01",no significant difference,"-1,01060620770805e-02",no significant difference,FALSE,366,"0,912383329946253","4,82569999999999943","7,72932276000000051","5,906925","2,28000000000000e+01",NA,FALSE
SKVLIFLGWF,366,"6,41126980658430e-01",no significant difference,"-3,73584057674887e-01",weaker,FALSE,366,"0,928802556999758","5,81619999999999937","8,69821068000000075","5,950613","2,71000000000000e+01",NA,FALSE
SKVLKFLGWF,366,"7,90740327709557e-01",no significant difference,"6,98410483616415e-02",stronger,FALSE,366,"0,912383329946253","3,52469999999999972","6,25765065000000043","5,567223","1,92000000000000e+01",NA,FALSE
SKVLLFLGWF,366,"5,99279116897887e-01",weaker,"-2,81477409066574e-01",no significant difference,FALSE,366,"0,917856408486640","5,61909999999999954","8,58085216000000095","5,993317","2,80000000000000e+01",NA,FALSE
SKVLMFLGWF,366,"6,72327646181858e-01",no significant difference,"-2,30920640831409e-01",no significant difference,FALSE,366,"0,906910259973522","5,71769999999999978","8,25893529000000015","5,925196","2,65000000000000e+01",NA,FALSE
SKVLNFLGWF,366,"6,72635662436596e-01",no significant difference,"1,72586891546185e-02",stronger,FALSE,366,"0,906910259973522","4,43599999999999994","7,15707385000000063","5,838078","2,18000000000000e+01",NA,FALSE
SKVLPFLGWF,366,"3,38412071174357e-01",weaker,"1,17602944154444e-01",stronger,FALSE,366,"0,906910259973522","4,52539999999999942","7,33625765000000030","5,707922","2,01000000000000e+01",NA,FALSE
SKVLQFLGWF,366,"7,55158505204890e-01",no significant difference,"-2,55619060933667e-02",stronger,FALSE,366,"0,912383329946253","4,29389999999999983","7,21899095000000024","5,794742","1,95000000000000e+01",NA,FALSE
SKVLRFLGWF,366,"7,26001181394315e-01",no significant difference,"-1,02652840844743e-01",stronger,FALSE,366,"0,917856408486640","4,61769999999999925","7,42475045000000033","6,087892","2,37000000000000e+01",NA,FALSE
SKVLSFLGWF,366,"6,52831966458426e-01",no significant difference,"3,70831031801789e-02",stronger,FALSE,366,"0,923329487027027","4,84289999999999932","7,30457715000000007","5,782059","2,18000000000000e+01",NA,FALSE
SKVLTFLGWF,366,"7,82574224933766e-01",stronger,"-4,28199635994522e-02",stronger,FALSE,366,"0,939748714080531","4,80839999999999979","7,57171214000000070","5,752928","2,04000000000000e+01",NA,FALSE
SKVLVFLGWF,366,"6,81203803574529e-01",no significant difference,"-3,22453696292002e-01",no significant difference,FALSE,366,"0,950694862593648","5,46519999999999939","8,41455158000000125","5,628438","2,70000000000000e+01",NA,FALSE
SKVLWFLGWF,366,"5,29769871130907e-01",weaker,"-2,53806228998861e-01",no significant difference,FALSE,366,"0,912383329946253","5,49779999999999980","9,52857082000000055","6,410317","2,33000000000000e+01",NA,FALSE
SKVLYFLGWF,366,"5,71897977532993e-01",no significant difference,"-2,79555003028021e-01",no significant difference,FALSE,366,"0,906910259973522","5,58589999999999964","9,21554803999999983","6,358982","2,55000000000000e+01",NA,FALSE
SKVM*FLGWF,366,"4,14367527633083e-01",no significant difference,"6,66426656909493e-01",stronger,TRUE,366,NA,"0,72929999999999984","0,17953326999999997","1,226544","5,30000000000000e+00",NA,FALSE
SKVMAFLGWF,366,"6,90009401064549e-01",no significant difference,"1,65903950187955e-02",no significant difference,FALSE,366,"0,895953564676034","4,81009999999999938","7,45586788000000045","5,595982","2,10000000000000e+01",NA,FALSE
SKVMCFLGWF,366,"7,64589241495537e-01",no significant difference,"-1,56957957146260e-01",no significant difference,FALSE,366,"0,901426634648766","5,84109999999999996","8,89322021999999990","5,906743","2,49000000000000e+01",NA,FALSE
SKVMDFLGWF,366,"7,86375986256394e-01",no significant difference,"1,60373137187382e-01",no significant difference,FALSE,366,"0,895953564676034","4,05539999999999967","6,49202188000000024","5,368004","1,77000000000000e+01",NA,FALSE
SKVMEFLGWF,366,"8,32163767927108e-01",no significant difference,"1,06432863484353e-01",stronger,FALSE,366,"0,895953564676034","4,01459999999999972","6,26344068000000043","5,351892","1,90000000000000e+01",NA,FALSE
SKVMFFLGWF,366,"6,55462703388387e-01",no significant difference,"-3,50788202841926e-01",no significant difference,FALSE,366,"0,901426634648766","6,07660000000000000","8,87936357999999970","6,233961","2,52000000000000e+01",NA,FALSE
SKVMGFLGWF,366,"6,35109652835578e-01",no significant difference,"8,66017098398945e-02",stronger,FALSE,366,"0,895953564676034","4,62679999999999936","7,74892121000000067","6,143974","2,08000000000000e+01",NA,FALSE
SKVMHFLGWF,366,"7,78156787552247e-01",no significant difference,"-1,01711383430969e-01",stronger,FALSE,366,"0,901426634648766","4,92429999999999968","7,40740589000000060","5,838804","2,13000000000000e+01",NA,FALSE
SKVMIFLGWF,366,"7,38581202314664e-01",no significant difference,"-4,99031907714916e-01",no significant difference,FALSE,366,"0,917845861702270","5,91479999999999961","8,37629380999999995","5,882492","2,56000000000000e+01",NA,FALSE
SKVMKFLGWF,366,"8,08889916150326e-01",no significant difference,"3,00306888564726e-02",stronger,FALSE,366,"0,901426634648766","3,62329999999999952","5,93573378000000051","5,499102","1,77000000000000e+01",NA,FALSE
SKVMLFLGWF,366,"6,96747000171847e-01",no significant difference,"-2,18101563712559e-01",no significant difference,FALSE,366,"0,906899713189152","5,71769999999999978","8,25893529000000015","5,925196","2,65000000000000e+01",NA,FALSE
SKVMMFLGWF,366,"7,99674691262221e-01",no significant difference,"-1,28842694258571e-01",no significant difference,FALSE,366,"0,895953564676034","5,81630000000000003","7,93701842000000024","5,857075","2,50000000000000e+01",NA,FALSE
SKVMNFLGWF,366,"7,77445126964209e-01",no significant difference,"1,76183546079397e-02",no significant difference,FALSE,366,"0,895953564676034","4,53459999999999930","6,83515698000000071","5,769957","2,03000000000000e+01",NA,FALSE
SKVMPFLGWF,366,"2,46173429560080e-01",no significant difference,"-7,73317279787286e-02",no significant difference,FALSE,366,"0,895953564676034","4,62399999999999967","7,01434078000000039","5,639801","1,86000000000000e+01",NA,FALSE
SKVMQFLGWF,366,"7,96044804618082e-01",no significant difference,"8,94593305656161e-02",stronger,FALSE,366,"0,901426634648766","4,39250000000000007","6,89707408000000033","5,726621","1,80000000000000e+01",NA,FALSE
SKVMRFLGWF,366,"7,96314829906477e-01",no significant difference,"6,59256549307982e-02",stronger,FALSE,366,"0,906899713189152","4,71629999999999949","7,10283358000000042","6,019771","2,22000000000000e+01",NA,FALSE
SKVMSFLGWF,366,"7,48566437325281e-01",no significant difference,"2,82855493461907e-02",stronger,FALSE,366,"0,912372791729539","4,94149999999999956","6,98266028000000016","5,713938","2,03000000000000e+01",NA,FALSE
SKVMTFLGWF,366,"8,23507262129850e-01",no significant difference,"3,39621790899135e-02",stronger,FALSE,366,"0,928792018783043","4,90700000000000003","7,24979527000000079","5,684807","1,89000000000000e+01",NA,FALSE
SKVMVFLGWF,366,"7,59247816898892e-01",no significant difference,"-3,38407668397788e-01",no significant difference,FALSE,366,"0,939738167296161","5,56379999999999963","8,09263471000000045","5,560317","2,55000000000000e+01",NA,FALSE
SKVMWFLGWF,366,"6,33408495144573e-01",no significant difference,"-2,74752988636487e-01",no significant difference,FALSE,366,"0,901426634648766","5,59640000000000004","9,20665394999999975","6,342196","2,18000000000000e+01",NA,FALSE
SKVMYFLGWF,366,"7,58256621024457e-01",no significant difference,"-2,52560761389058e-01",no significant difference,FALSE,366,"0,895953564676034","5,68449999999999989","8,89363117000000081","6,290861","2,40000000000000e+01",NA,FALSE
SKVN*FLGWF,366,"4,43043963966502e-01",no significant difference,"6,99671210574726e-01",stronger,TRUE,366,NA,"-0,55240000000000000","-0,92232817000000000","1,139426","6,00000000000000e-01",NA,FALSE
SKVNAFLGWF,366,"6,25750890015971e-01",no significant difference,"1,05284017255376e-01",stronger,FALSE,366,"0,895953564676034","3,52839999999999954","6,35400644000000003","5,508864","1,63000000000000e+01",NA,FALSE
SKVNCFLGWF,366,"7,24469622266903e-01",no significant difference,"1,45740230578861e-02",stronger,FALSE,366,"0,901426634648766","4,55939999999999923","7,79135878000000037","5,819625","2,02000000000000e+01",NA,FALSE
SKVNDFLGWF,366,"5,77858148613533e-01",no significant difference,"4,12619894555654e-02",stronger,FALSE,366,"0,895953564676034","2,77369999999999983","5,39016044000000072","5,280886","1,30000000000000e+01",NA,FALSE
SKVNEFLGWF,366,"7,97647373884885e-01",no significant difference,"1,01408498846997e-01",no significant difference,FALSE,366,"0,895953564676034","2,73289999999999988","5,16157924000000001","5,264774","1,43000000000000e+01",NA,FALSE
SKVNFFLGWF,366,"6,27423380346500e-01",no significant difference,"-2,47139112123687e-01",no significant difference,FALSE,366,"0,901426634648766","4,79489999999999927","7,77750214000000017","6,146843","2,05000000000000e+01",NA,FALSE
SKVNGFLGWF,366,"5,92524468894944e-01",no significant difference,"1,49238870234478e-01",stronger,FALSE,366,"0,895953564676034","3,34509999999999952","6,64705977000000026","6,056856","1,61000000000000e+01",NA,FALSE
SKVNHFLGWF,366,"6,97191142539548e-01",no significant difference,"1,82070078917761e-01",stronger,FALSE,366,"0,901426634648766","3,64259999999999984","6,30554445000000019","5,751686","1,66000000000000e+01",NA,FALSE
SKVNIFLGWF,366,"7,74444983290076e-01",no significant difference,"-2,78519830156986e-01",no significant difference,FALSE,366,"0,917845861702270","4,63309999999999977","7,27443237000000043","5,795374","2,09000000000000e+01",NA,FALSE
SKVNKFLGWF,366,"7,25319353933602e-01",no significant difference,"4,06166755284489e-02",stronger,FALSE,366,"0,901426634648766","2,34159999999999968","4,83387234000000010","5,411984","1,30000000000000e+01",NA,FALSE
SKVNLFLGWF,366,"7,02946627447800e-01",no significant difference,"-4,89683033137070e-02",stronger,FALSE,366,"0,906899713189152","4,43599999999999994","7,15707385000000063","5,838078","2,18000000000000e+01",NA,FALSE
SKVNMFLGWF,366,"7,45402252773130e-01",no significant difference,"-3,56966363142551e-02",no significant difference,FALSE,366,"0,895953564676034","4,53459999999999930","6,83515698000000071","5,769957","2,03000000000000e+01",NA,FALSE
SKVNNFLGWF,366,"6,72932678503052e-01",no significant difference,"5,42287355803389e-02",stronger,FALSE,366,"0,895953564676034","3,25289999999999990","5,73329554000000030","5,682839","1,56000000000000e+01",NA,FALSE
SKVNQFLGWF,366,"6,80979323359526e-01",no significant difference,"1,41764583489090e-01",stronger,FALSE,366,"0,901426634648766","3,11079999999999979","5,79521264000000080","5,639503","1,33000000000000e+01",NA,FALSE
SKVNRFLGWF,366,"7,34593086123625e-01",no significant difference,"7,09200304860438e-02",stronger,FALSE,366,"0,906899713189152","3,43459999999999965","6,00097214000000001","5,932653","1,75000000000000e+01",NA,FALSE
SKVNSFLGWF,366,"6,54180010093394e-01",no significant difference,"1,04343983152143e-01",stronger,FALSE,366,"0,912372791729539","3,65979999999999972","5,88079884000000064","5,626820","1,56000000000000e+01",NA,FALSE
SKVNTFLGWF,366,"7,85146763394680e-01",no significant difference,"1,15971522269449e-01",stronger,FALSE,366,"0,928792018783043","3,62529999999999974","6,14793383000000038","5,597689","1,42000000000000e+01",NA,FALSE
SKVNVFLGWF,366,"7,80198151281002e-01",no significant difference,"-7,73954752958707e-02",no significant difference,FALSE,366,"0,939738167296161","4,28209999999999980","6,99077327000000004","5,473199","2,08000000000000e+01",NA,FALSE
SKVNVFLGWF,366,"7,80198151281002e-01",no significant difference,NA,no significant difference,FALSE,366,"0,939738167296161","4,28209999999999980","6,99077327000000004","5,473199","2,08000000000000e+01",NA,FALSE
SKVNWFLGWF,366,"5,78222580337249e-01",no significant difference,"-1,17358259528544e-01",no significant difference,FALSE,366,"0,901426634648766","4,31469999999999931","8,10479251000000112","6,255078","1,71000000000000e+01",NA,FALSE
SKVNYFLGWF,366,"6,73277356513072e-01",no significant difference,"-1,12272277684600e-01",no significant difference,FALSE,366,"0,895953564676034","4,40280000000000005","7,79176973000000039","6,203743","1,93000000000000e+01",NA,FALSE
SKVP*FLGWF,366,"2,65426097297614e-01",no significant difference,"6,56444774848380e-01",stronger,TRUE,366,NA,"-0,46300000000000008","-0,74314437000000000","1,009270","-1,10000000000000e+00",NA,FALSE
SKVPFFLGWF,366,"4,73399552611473e-01",no significant difference,"-5,97053344850194e-02",no significant difference,FALSE,366,"0,901426634648766","4,88429999999999964","7,95668593999999985","6,016687","1,88000000000000e+01",NA,FALSE
SKVPGFLGWF,366,"4,57528265849177e-01",weaker,"1,68111378782699e-01",no significant difference,FALSE,366,"0,895953564676034","3,43449999999999989","6,82624357000000082","5,926700","1,44000000000000e+01",NA,FALSE
SKVPLFLGWF,366,"5,71037877942976e-01",no significant difference,"-1,57354073934995e-01",no significant difference,FALSE,366,"0,906899713189152","4,52539999999999942","7,33625765000000030","5,707922","2,01000000000000e+01",NA,FALSE
SKVPMFLGWF,366,"6,71592971953009e-01",no significant difference,"-6,04331635857834e-02",stronger,FALSE,366,"0,895953564676034","4,62399999999999967","7,01434078000000039","5,639801","1,86000000000000e+01",NA,FALSE
SKVPVFLGWF,366,"6,91957126283978e-01",no significant difference,"2,61439557299184e-03",stronger,FALSE,366,"0,939738167296161","4,37150000000000016","7,16995707000000060","5,343043","1,91000000000000e+01",NA,FALSE
SKVPWFLGWF,366,"4,55491331782625e-01",no significant difference,"-1,41661435699781e-01",no significant difference,FALSE,366,"0,901426634648766","4,40409999999999968","8,28397630999999990","6,124922","1,54000000000000e+01",NA,FALSE
SKVPYFLGWF,366,"6,37235210960569e-01",no significant difference,"-1,09855950121465e-02",no significant difference,FALSE,366,"0,895953564676034","4,49219999999999953","7,97095353000000095","6,073587","1,76000000000000e+01",NA,FALSE
SKVQ*FLGWF,366,"2,84093024537446e-01",no significant difference,"7,12962460084540e-01",stronger,TRUE,366,NA,"-0,69450000000000012","-0,86041107000000006","1,096090","-1,70000000000000e+00",NA,FALSE
SKVQAFLGWF,366,"6,52029995606499e-01",no significant difference,"4,07657171503697e-02",stronger,FALSE,366,"0,895953564676034","3,38629999999999987","6,41592354000000054","5,465528","1,40000000000000e+01",NA,FALSE
SKVQCFLGWF,366,"7,19634383045940e-01",no significant difference,"-1,80657374107376e-01",no significant difference,FALSE,366,"0,901426634648766","4,41730000000000000","7,85327588000000087","5,776289","1,79000000000000e+01",NA,FALSE
SKVQDFLGWF,366,"6,43835022693303e-01",no significant difference,"1,73549610202463e-01",stronger,FALSE,366,"0,895953564676034","2,63159999999999972","5,45207754000000033","5,237550","1,07000000000000e+01",NA,FALSE
SKVQEFLGWF,366,"7,86747966243017e-01",no significant difference,"2,19123918500033e-01",stronger,FALSE,366,"0,895953564676034","2,59079999999999977","5,22349634000000052","5,221438","1,20000000000000e+01",NA,FALSE
SKVQFFLGWF,366,"6,23054376564495e-01",no significant difference,"-2,88644570067993e-01",no significant difference,FALSE,366,"0,901426634648766","4,65280000000000005","7,83941923999999979","6,103507","1,82000000000000e+01",NA,FALSE
SKVQGFLGWF,366,"5,56982864858022e-01",no significant difference,"2,30264558202623e-01",stronger,FALSE,366,"0,895953564676034","3,20299999999999985","6,70897687000000076","6,013520","1,38000000000000e+01",NA,FALSE
SKVQIFLGWF,366,"7,04221948479610e-01",no significant difference,"-2,61271621768931e-01",no significant difference,FALSE,366,"0,917845861702270","4,49099999999999966","7,33634947000000004","5,752038","1,86000000000000e+01",NA,FALSE
SKVQKFLGWF,366,"7,43438612444426e-01",no significant difference,"2,52225363585160e-01",stronger,FALSE,366,"0,901426634648766","2,19949999999999957","4,89578944000000060","5,368648","1,07000000000000e+01",NA,FALSE
SKVQLFLGWF,366,"6,64355789841009e-01",no significant difference,"-6,39419831567306e-02",no significant difference,FALSE,366,"0,906899713189152","4,29389999999999983","7,21899095000000024","5,794742","1,95000000000000e+01",NA,FALSE
SKVQMFLGWF,366,"7,07184063565258e-01",no significant difference,"8,22268059282938e-02",stronger,FALSE,366,"0,895953564676034","4,39250000000000007","6,89707408000000033","5,726621","1,80000000000000e+01",NA,FALSE
SKVQNFLGWF,366,"7,29965608711904e-01",no significant difference,"5,16583573494547e-02",stronger,FALSE,366,"0,895953564676034","3,11079999999999979","5,79521264000000080","5,639503","1,33000000000000e+01",NA,FALSE
SKVQRFLGWF,366,"7,07187183844601e-01",no significant difference,"2,55391111256285e-02",stronger,FALSE,366,"0,906899713189152","3,29249999999999954","6,06288924000000051","5,889317","1,52000000000000e+01",NA,FALSE
SKVQSFLGWF,366,"7,31567696572022e-01",no significant difference,"9,61920441347861e-02",stronger,FALSE,366,"0,912372791729539","3,51769999999999960","5,94271594000000025","5,583484","1,33000000000000e+01",NA,FALSE
SKVQVFLGWF,366,"7,94488039191480e-01",no significant difference,"-3,80585368888253e-03",stronger,FALSE,366,"0,939738167296161","4,13999999999999968","7,05269037000000054","5,429863","1,85000000000000e+01",NA,FALSE
SKVQWFLGWF,366,"5,71825976183009e-01",no significant difference,"-7,06046021385932e-02",no significant difference,FALSE,366,"0,901426634648766","4,17260000000000009","8,16670960999999984","6,211742","1,48000000000000e+01",NA,FALSE
SKVQYFLGWF,366,"6,96437350804777e-01",no significant difference,"4,32072233811438e-03",stronger,FALSE,366,"0,895953564676034","4,26069999999999993","7,85368683000000090","6,160407","1,70000000000000e+01",NA,FALSE
SKVR*FLGWF,366,"3,54579222582999e-01",weaker,"6,68672698556989e-01",stronger,TRUE,366,NA,"-0,37070000000000008","-0,65465156999999996","1,389240","2,50000000000000e+00",NA,FALSE
SKVRAFLGWF,366,"6,79015971319672e-01",no significant difference,"2,74224055578468e-02",stronger,FALSE,366,"0,956215397379874","3,71009999999999973","6,62168304000000063","5,758678","1,82000000000000e+01",NA,FALSE
SKVRCFLGWF,366,"7,48266509822823e-01",no significant difference,"-8,24474967993328e-02",stronger,FALSE,366,"0,961688467352604","4,74109999999999943","8,05903538000000097","6,069439","2,21000000000000e+01",NA,FALSE
SKVRDFLGWF,366,"7,32020722125800e-01",no significant difference,"4,86744470043965e-02",stronger,FALSE,366,"0,956215397379874","2,95539999999999958","5,65783704000000043","5,530700","1,49000000000000e+01",NA,FALSE
SKVREFLGWF,366,"8,38767620388258e-01",stronger,"7,34594273493591e-02",stronger,FALSE,366,"0,956215397379874","2,91459999999999964","5,42925584000000061","5,514588","1,62000000000000e+01",NA,FALSE
SKVRFFLGWF,366,"6,21141049091710e-01",no significant difference,"-1,56468267554872e-01",no significant difference,FALSE,366,"0,961688467352604","4,97659999999999947","8,04517874000000077","6,396657","2,24000000000000e+01",NA,FALSE
SKVRGFLGWF,366,"5,88866842429538e-01",weaker,"2,00004622067494e-01",stronger,FALSE,366,"0,956215397379874","3,52679999999999971","6,91473636999999997","6,306670","1,80000000000000e+01",NA,FALSE
SKVRHFLGWF,366,"7,27736040814761e-01",no significant difference,"-6,85847058730522e-02",no significant difference,FALSE,366,"0,961688467352604","3,82429999999999959","6,57322105000000079","6,001500","1,85000000000000e+01",NA,FALSE
SKVRIFLGWF,366,"7,88306514983601e-01",no significant difference,"-2,57682974266607e-01",no significant difference,FALSE,366,"0,978107694406109","4,81479999999999997","7,54210897000000013","6,045188","2,28000000000000e+01",NA,FALSE
SKVRKFLGWF,366,"8,43662908770768e-01",stronger,"2,15763980524324e-02",stronger,FALSE,366,"0,961688467352604","2,52329999999999943","5,10154894000000070","5,661798","1,49000000000000e+01",NA,FALSE
SKVRLFLGWF,366,"6,99595947649947e-01",no significant difference,"-2,12907396020964e-01",no significant difference,FALSE,366,"0,967161545892991","4,61769999999999925","7,42475045000000033","6,087892","2,37000000000000e+01",NA,FALSE
SKVRMFLGWF,366,"7,74463350389191e-01",no significant difference,"-8,48597924998123e-02",stronger,FALSE,366,"0,956215397379874","4,71629999999999949","7,10283358000000042","6,019771","2,22000000000000e+01",NA,FALSE
SKVRNFLGWF,366,"7,75600348723430e-01",no significant difference,"-1,71030503069473e-02",stronger,FALSE,366,"0,956215397379874","3,43459999999999965","6,00097214000000001","5,932653","1,75000000000000e+01",NA,FALSE
SKVRQFLGWF,366,"7,43292342618850e-01",no significant difference,"-4,78037994188290e-02",stronger,FALSE,366,"0,961688467352604","3,29249999999999954","6,06288924000000051","5,889317","1,52000000000000e+01",NA,FALSE
SKVRRFLGWF,366,"7,49035605495829e-01",stronger,"-1,11461247463155e-01",stronger,FALSE,366,"0,967161545892991","3,61629999999999985","6,26864874000000061","6,182467","1,94000000000000e+01",NA,FALSE
SKVRSFLGWF,366,"6,91717359690172e-01",no significant difference,"4,21659765090542e-02",stronger,FALSE,366,"0,972634624433378","3,84149999999999991","6,14847544000000035","5,876634","1,75000000000000e+01",NA,FALSE
SKVRTFLGWF,366,"7,94794959701397e-01",stronger,"-1,75421289979240e-02",stronger,FALSE,366,"0,989053851486882","3,80699999999999994","6,41561043000000009","5,847503","1,61000000000000e+01",NA,FALSE
SKVRV*LGWF,366,"2,32272321160397e-01",no significant difference,"6,73561237241469e-01",stronger,TRUE,366,NA,"0,38919999999999993","0,24585465999999995","1,598585","7,20000000000000e+00",NA,FALSE
SKVRVALGWF,366,"3,70164291555518e-01",weaker,"2,96200713436269e-01",stronger,FALSE,366,"0,834540418944664","3,19729999999999981","5,83495417000000050","5,085034","1,85000000000000e+01","0,89156",FALSE
SKVRVCLGWF,366,"4,47952342748857e-01",no significant difference,"7,14559461469792e-02",no significant difference,FALSE,366,"0,834540418944664","4,22829999999999995","7,27230650999999995","5,395795","2,24000000000000e+01","0,85118",FALSE
SKVRVDLGWF,366,"5,98297486396922e-01",no significant difference,"2,20349604646745e-01",no significant difference,FALSE,366,"0,834540418944664","2,44259999999999966","4,87110817000000029","4,857056","1,52000000000000e+01","2,24370",FALSE
SKVRVELGWF,366,"5,08698215401666e-01",no significant difference,"2,81342268574235e-01",no significant difference,FALSE,366,"0,834540418944664","2,40179999999999971","4,64252697000000047","4,840944","1,65000000000000e+01","1,30402",FALSE
SKVRVF*GWF,366,"5,25637192675479e-01",no significant difference,"3,79504377683473e-01",stronger,TRUE,366,NA,"1,66189999999999993","1,93308976000000010","2,481574","1,16000000000000e+01",NA,FALSE
SKVRVFAGWF,366,"5,69745543257232e-01",no significant difference,"5,26560093576572e-02",stronger,FALSE,366,"0,867974907734914","3,55620000000000003","6,45538246000000004","5,393799","1,72000000000000e+01","2,58262",FALSE
SKVRVFCGWF,366,"5,55817030372940e-01",no significant difference,"9,36918028034151e-02",no significant difference,FALSE,366,"0,867974907734914","4,58719999999999928","7,89273480000000038","5,704560","2,11000000000000e+01","2,09898",FALSE
SKVRVFDGWF,366,"5,64006927076576e-01",no significant difference,"1,47005790295629e-01",no significant difference,FALSE,366,"0,867974907734914","2,80149999999999988","5,49153645999999984","5,165821","1,39000000000000e+01","2,68104",FALSE
SKVRVFEGWF,366,"7,02631890711998e-01",no significant difference,"1,83867162198735e-01",no significant difference,FALSE,366,"0,867974907734914","2,76069999999999993","5,26295526000000002","5,149709","1,52000000000000e+01","2,20014",FALSE
SKVRVFFGWF,366,"5,50469015566798e-01",no significant difference,"-3,66903138747562e-02",no significant difference,FALSE,366,"0,867974907734914","4,82269999999999932","7,87887816000000019","6,031778","2,14000000000000e+01","0,56960",FALSE
SKVRVFGGWF,366,"5,60283281165447e-01",no significant difference,"1,85329649437763e-01",stronger,FALSE,366,"0,867974907734914","3,37290000000000001","6,74843579000000027","5,941791","1,70000000000000e+01","3,33456",FALSE
SKVRVFHGWF,366,"6,69420132354316e-01",no significant difference,"1,26539847616671e-01",no significant difference,FALSE,366,"0,867974907734914","3,67039999999999988","6,40692047000000020","5,636621","1,75000000000000e+01","2,17632",FALSE
SKVRVFIGWF,366,"6,94175334146738e-01",no significant difference,"-2,86988981273633e-01",no significant difference,FALSE,366,"0,873475951104045","4,66089999999999982","7,37580839000000044","5,680309","2,18000000000000e+01","0,27810",FALSE
SKVRVFKGWF,366,"5,46035507032404e-01",no significant difference,"1,36368116500164e-01",no significant difference,FALSE,366,"0,867974907734914","2,36939999999999973","4,93524836000000011","5,296919","1,39000000000000e+01","2,13228",FALSE
SKVRVFL*WF,366,"1,19506261027177e-01",no significant difference,"3,27926612979830e-01",no significant difference,TRUE,366,NA,"2,57569999999999988","2,99989657000000021","3,055798","1,73000000000000e+01",NA,FALSE
SKVRVFLAWF,366,"1,51112854466793e-01",weaker,"-1,87097799890334e-01",no significant difference,FALSE,366,"0,828934070517291","4,64710000000000001","6,96539654000000041","5,175021","2,29000000000000e+01","-0,29232",FALSE
SKVRVFLCWF,366,"1,25242259918393e-01",weaker,"-2,46118449023516e-01",no significant difference,FALSE,366,"0,828934070517291","5,67809999999999970","8,40274888000000075","5,485782","2,68000000000000e+01","-0,28454",FALSE
SKVRVFLDWF,366,"1,68515360873287e-01",no significant difference,"6,96372964346811e-02",no significant difference,FALSE,366,"0,828934070517291","3,89239999999999986","6,00155054000000021","4,947043","1,96000000000000e+01","0,04900",FALSE
SKVRVFLEWF,366,"1,41258150622417e-01",no significant difference,"7,77592047885136e-02",no significant difference,FALSE,366,"0,828934070517291","3,85159999999999991","5,77296934000000039","4,930931","2,09000000000000e+01","0,18720",FALSE
SKVRVFLFWF,366,"5,28144615201717e-02",weaker,"-4,72988394604959e-01",no significant difference,FALSE,366,"0,828934070517291","5,91359999999999975","8,38889224000000056","5,813000","2,71000000000000e+01","0,22690",FALSE
SKVRVFLG*F,366,"2,55924636029139e-01",weaker,"3,45604701963939e-01",no significant difference,TRUE,366,NA,"2,39859999999999962","3,55668929999999994","3,848800","1,73000000000000e+01",NA,FALSE
SKVRVFLGAF,366,"3,05833500642864e-01",weaker,"1,17248584565816e-01",stronger,FALSE,366,"0,834540418944664","3,67749999999999977","5,50766380000000044","4,976799","2,19000000000000e+01","2,15328",FALSE
SKVRVFLGCF,366,"2,77766430786610e-01",no significant difference,"-8,59581984512180e-02",no significant difference,FALSE,366,"0,834540418944664","4,70849999999999991","6,94501613999999989","5,287560","2,58000000000000e+01","1,77718",FALSE
SKVRVFLGDF,366,"3,68287879365504e-01",no significant difference,"3,09899058393181e-01",stronger,FALSE,366,"0,834540418944664","2,92279999999999962","4,54381780000000024","4,748821","1,86000000000000e+01","2,15672",FALSE
SKVRVFLGEF,366,"3,65900094973337e-01",no significant difference,"3,23130386590298e-01",stronger,FALSE,366,"0,834540418944664","2,88199999999999967","4,31523660000000042","4,732709","1,99000000000000e+01","2,12774",FALSE
SKVRVFLGFF,366,"2,89963105527780e-01",no significant difference,"-1,27889173470050e-01",no significant difference,FALSE,366,"0,834540418944664","4,94399999999999995","6,93115949999999970","5,614778","2,61000000000000e+01","0,77632",FALSE
SKVRVFLGGF,366,"2,73525573188861e-01",weaker,"1,93824234106883e-01",stronger,FALSE,366,"0,840055744596122","3,49419999999999975","5,80071712999999978","5,524791","2,17000000000000e+01","1,92856",FALSE
SKVRVFLGHF,366,"3,63092320145205e-01",no significant difference,"1,41185338058220e-01",no significant difference,FALSE,366,"0,834540418944664","3,79169999999999963","5,45920181000000060","5,219621","2,22000000000000e+01","2,14584",FALSE
SKVRVFLGIF,366,"2,40201788029275e-01",weaker,"-2,12679664757385e-01",no significant difference,FALSE,366,"0,834540418944664","4,78219999999999956","6,42808972999999995","5,263309","2,65000000000000e+01","1,07392",FALSE
SKVRVFLGKF,366,"2,76525319826602e-01",weaker,"7,35295311787633e-02",no significant difference,FALSE,366,"0,834540418944664","2,49069999999999947","3,98752970000000007","4,879919","1,86000000000000e+01","1,76732",FALSE
SKVRVFLGLF,366,"2,46596503102354e-01",weaker,"-5,97103083793622e-02",no significant difference,FALSE,366,"0,834540418944664","4,58509999999999973","6,31073121000000015","5,306013","2,74000000000000e+01","0,61428",FALSE
SKVRVFLGMF,366,"3,05581971910408e-01",weaker,"8,72118819805713e-04",no significant difference,FALSE,366,"0,834540418944664","4,68369999999999997","5,98881434000000024","5,237892","2,59000000000000e+01","0,53086",FALSE
SKVRVFLGNF,366,"3,42225833127199e-01",no significant difference,"1,32611813334432e-01",no significant difference,FALSE,366,"0,834540418944664","3,40199999999999969","4,88695289999999982","5,150774","2,12000000000000e+01","2,16876",FALSE
SKVRVFLGPF,366,"2,60022933694789e-01",weaker,"1,49595659368715e-01",stronger,FALSE,366,"0,834540418944664","3,49139999999999961","5,06613670000000038","5,020618","1,95000000000000e+01","1,82310",FALSE
SKVRVFLGQF,366,"2,89528220106769e-01",no significant difference,"1,70488953721969e-01",no significant difference,FALSE,366,"0,834540418944664","3,25989999999999958","4,94887000000000032","5,107438","1,89000000000000e+01","1,67090",FALSE
SKVRVFLGRF,366,"2,56971544062945e-01",weaker,"8,09285818391166e-02",stronger,FALSE,366,"0,834540418944664","3,58369999999999989","5,15462950000000042","5,400588","2,31000000000000e+01","1,27902",FALSE
SKVRVFLGSF,366,"2,85434057215981e-01",weaker,"1,72257501556572e-01",stronger,FALSE,366,"0,834540418944664","3,80889999999999995","5,03445620000000016","5,094755","2,12000000000000e+01","2,16824",FALSE
SKVRVFLGTF,366,"2,99865987580876e-01",weaker,"1,11701651056357e-01",stronger,FALSE,366,"0,834540418944664","3,77439999999999998","5,30159118999999990","5,065624","1,98000000000000e+01","1,81438",FALSE
SKVRVFLGVF,366,"2,84121729552691e-01",weaker,"-6,99095208024293e-02",no significant difference,FALSE,366,"0,834540418944664","4,43119999999999958","6,14443063000000045","4,941134","2,64000000000000e+01","1,65050",FALSE
SKVRVFLGW*,366,"3,01229780643662e-01",no significant difference,"1,27796211784831e-01",no significant difference,TRUE,366,NA,"3,19109999999999960","5,57121477000000009","4,840024","1,83000000000000e+01",NA,FALSE
SKVRVFLGWA,366,"3,07755503807634e-01",weaker,"7,43694991117704e-02",stronger,FALSE,366,"0,834540418944664","3,19729999999999981","5,83495417000000050","5,085034","1,85000000000000e+01","2,84976",FALSE
SKVRVFLGWC,366,"3,27818006434148e-01",no significant difference,"-7,15184152455248e-02",no significant difference,FALSE,366,"0,834540418944664","4,22829999999999995","7,27230650999999995","5,395795","2,24000000000000e+01","2,77378",FALSE
SKVRVFLGWD,366,"2,81913093861932e-01",no significant difference,"1,66175265197960e-01",no significant difference,FALSE,366,"0,834540418944664","2,44259999999999966","4,87110817000000029","4,857056","1,52000000000000e+01","4,18454",FALSE
SKVRVFLGWE,366,"3,02285671152829e-01",no significant difference,"2,07230583733809e-01",no significant difference,FALSE,366,"0,834540418944664","2,40179999999999971","4,64252697000000047","4,840944","1,65000000000000e+01","3,75326",FALSE
SKVRVFLGWF,366,"6,98463681895427e-01",no significant difference,"-1,50673349609989e-01",no significant difference,FALSE,366,"1,000000000000000","4,46379999999999999","7,25844987000000064","5,723013","2,27000000000000e+01","0,00000",TRUE
SKVRVFLGWF,366,"6,98463681895427e-01",no significant difference,"-1,50673349609989e-01",no significant difference,FALSE,366,"1,000000000000000","4,46379999999999999","7,25844987000000064","5,723013","2,27000000000000e+01","-0,00574",TRUE
SKVRVFLGWF,366,"6,98463681895427e-01",no significant difference,"-1,50673349609989e-01",no significant difference,FALSE,366,"1,000000000000000","4,46379999999999999","7,25844987000000064","5,723013","2,27000000000000e+01","0,00020",TRUE
SKVRVFLGWF,366,"6,98463681895427e-01",no significant difference,"-1,50673349609989e-01",no significant difference,FALSE,366,"1,000000000000000","4,46379999999999999","7,25844987000000064","5,723013","2,27000000000000e+01","-0,04086",TRUE
SKVRVFLGWF,366,"6,98463681895427e-01",no significant difference,"-1,50673349609989e-01",no significant difference,FALSE,366,"1,000000000000000","4,46379999999999999","7,25844987000000064","5,723013","2,27000000000000e+01","-0,00008",TRUE
SKVRVFLGWF,366,"6,98463681895427e-01",no significant difference,"-1,50673349609989e-01",no significant difference,FALSE,366,"1,000000000000000","4,46379999999999999","7,25844987000000064","5,723013","2,27000000000000e+01","-0,01594",TRUE
SKVRVFLGWF,366,"6,98463681895427e-01",no significant difference,"-1,50673349609989e-01",no significant difference,FALSE,366,"1,000000000000000","4,46379999999999999","7,25844987000000064","5,723013","2,27000000000000e+01","0,00154",TRUE
SKVRVFLGWF,366,"6,98463681895427e-01",no significant difference,"-1,50673349609989e-01",no significant difference,FALSE,366,"1,000000000000000","4,46379999999999999","7,25844987000000064","5,723013","2,27000000000000e+01","-0,00548",TRUE
SKVRVFLGWF,366,"6,98463681895427e-01",no significant difference,"-2,43772145728607e-01",no significant difference,FALSE,366,"1,000000000000000","4,46379999999999999","7,25844987000000064","5,723013","2,27000000000000e+01","0,00000",TRUE
SKVRVFLGWF,366,"6,98463681895427e-01",no significant difference,"-2,43772145728607e-01",no significant difference,FALSE,366,"1,000000000000000","4,46379999999999999","7,25844987000000064","5,723013","2,27000000000000e+01","-0,00574",TRUE
SKVRVFLGWF,366,"6,98463681895427e-01",no significant difference,"-2,43772145728607e-01",no significant difference,FALSE,366,"1,000000000000000","4,46379999999999999","7,25844987000000064","5,723013","2,27000000000000e+01","0,00020",TRUE
SKVRVFLGWF,366,"6,98463681895427e-01",no significant difference,"-2,43772145728607e-01",no significant difference,FALSE,366,"1,000000000000000","4,46379999999999999","7,25844987000000064","5,723013","2,27000000000000e+01","-0,04086",TRUE
SKVRVFLGWF,366,"6,98463681895427e-01",no significant difference,"-2,43772145728607e-01",no significant difference,FALSE,366,"1,000000000000000","4,46379999999999999","7,25844987000000064","5,723013","2,27000000000000e+01","-0,00008",TRUE
SKVRVFLGWF,366,"6,98463681895427e-01",no significant difference,"-2,43772145728607e-01",no significant difference,FALSE,366,"1,000000000000000","4,46379999999999999","7,25844987000000064","5,723013","2,27000000000000e+01","-0,01594",TRUE
SKVRVFLGWF,366,"6,98463681895427e-01",no significant difference,"-2,43772145728607e-01",no significant difference,FALSE,366,"1,000000000000000","4,46379999999999999","7,25844987000000064","5,723013","2,27000000000000e+01","0,00154",TRUE
SKVRVFLGWF,366,"6,98463681895427e-01",no significant difference,"-2,43772145728607e-01",no significant difference,FALSE,366,"1,000000000000000","4,46379999999999999","7,25844987000000064","5,723013","2,27000000000000e+01","-0,00548",TRUE
SKVRVFLGWG,366,"2,96532207941668e-01",weaker,"5,51554225574617e-03",no significant difference,FALSE,366,"0,834540418944664","3,01399999999999979","6,12800749999999983","5,633026","1,83000000000000e+01","3,47308",FALSE
SKVRVFLGWH,366,"3,17290493515947e-01",no significant difference,"1,40840168099009e-01",no significant difference,FALSE,366,"0,834540418944664","3,31149999999999967","5,78649218000000065","5,327856","1,88000000000000e+01","2,39044",FALSE
SKVRVFLGWI,366,"3,07182902807932e-01",weaker,"-5,92311754057387e-02",no significant difference,FALSE,366,"0,834540418944664","4,30199999999999960","6,75538010000000000","5,371544","2,31000000000000e+01","1,56362",FALSE
SKVRVFLGWK,366,"2,52752558491070e-01",weaker,"3,33753717290000e-02",no significant difference,FALSE,366,"0,834540418944664","2,01049999999999951","4,31482007000000056","4,988154","1,52000000000000e+01","2,95592",FALSE
SKVRVFLGWL,366,"2,87831482112155e-01",weaker,"-1,02618712407231e-01",no significant difference,FALSE,366,"0,834540418944664","4,10489999999999977","6,63802158000000020","5,414248","2,40000000000000e+01","2,14222",FALSE
SKVRVFLGWM,366,"2,98628645414668e-01",no significant difference,"-7,47318929696593e-02",no significant difference,FALSE,366,"0,834540418944664","4,20350000000000001","6,31610471000000029","5,346127","2,25000000000000e+01","1,12134",FALSE
SKVRVFLGWN,366,"3,03163634217034e-01",no significant difference,"6,88964082519924e-02",no significant difference,FALSE,366,"0,834540418944664","2,92179999999999973","5,21424326999999987","5,259009","1,78000000000000e+01","3,44298",FALSE
SKVRVFLGWP,366,"2,82146532037673e-01",weaker,"7,17912669979038e-02",stronger,FALSE,366,"0,834540418944664","3,01119999999999965","5,39342707000000043","5,128853","1,61000000000000e+01","4,67257",FALSE
SKVRVFLGWQ,366,"2,74054454190863e-01",weaker,"1,05200215076879e-01",no significant difference,FALSE,366,"0,834540418944664","2,77969999999999962","5,27616037000000038","5,215673","1,55000000000000e+01","3,36030",FALSE
SKVRVFLGWR,366,"2,99928729530835e-01",weaker,"-4,48488237318185e-01",weaker,FALSE,366,"0,834540418944664","3,10349999999999993","5,48191987000000047","5,508823","1,97000000000000e+01","2,90244",FALSE
SKVRVFLGWS,366,"2,66554841298807e-01",weaker,"4,02560235489980e-02",stronger,FALSE,366,"0,834540418944664","3,32869999999999999","5,36174657000000021","5,202990","1,78000000000000e+01","2,90984",FALSE
SKVRVFLGWT,366,"2,88581658404165e-01",weaker,"1,01729978991774e-02",no significant difference,FALSE,366,"0,834540418944664","3,29420000000000002","5,62888155999999995","5,173859","1,64000000000000e+01","2,46272",FALSE
SKVRVFLGWV,366,"3,64167929220305e-01",weaker,"-5,76799998349076e-02",no significant difference,FALSE,366,"0,834540418944664","3,95099999999999962","6,47172100000000050","5,049369","2,30000000000000e+01","2,11738",FALSE
SKVRVFLGWW,366,"4,86910828599396e-01",weaker,"-2,49519184445091e-01",no significant difference,FALSE,366,"0,840055744596122","3,98359999999999959","7,58574024000000069","5,831248","1,93000000000000e+01","0,68438",FALSE
SKVRVFLGWY,366,"4,50196714604297e-01",no significant difference,"-4,77654325339519e-03",no significant difference,FALSE,366,"0,834540418944664","4,07169999999999987","7,27271745999999997","5,779913","2,15000000000000e+01","0,06986",FALSE
SKVRVFLGYF,366,"3,19675827326672e-01",no significant difference,"-7,61285934812952e-02",no significant difference,FALSE,366,"0,834540418944664","4,55189999999999984","6,94542708999999991","5,671678","2,49000000000000e+01","0,55275",FALSE
SKVRVFLHWF,366,"1,21633042822366e-01",no significant difference,"-2,60565250265162e-01",no significant difference,FALSE,366,"0,828934070517291","4,76129999999999942","6,91693455000000057","5,417843","2,32000000000000e+01","0,12886",FALSE
SKVRVFLIWF,366,"7,67934111342999e-02",weaker,"-5,75683814140328e-01",no significant difference,FALSE,366,"0,828934070517291","5,75179999999999936","7,88582246999999992","5,461531","2,75000000000000e+01","0,46016",FALSE
SKVRVFLKWF,366,"1,27596566616459e-01",weaker,"-2,18525207394682e-01",no significant difference,FALSE,366,"0,828934070517291","3,46029999999999971","5,44526244000000048","5,078141","1,96000000000000e+01","0,00292",FALSE
SKVRVFLLWF,366,"1,30481909747358e-01",weaker,"-3,50095844946743e-01",no significant difference,FALSE,366,"0,828934070517291","5,55469999999999953","7,76846395000000012","5,504235","2,84000000000000e+01","0,15478",FALSE
SKVRVFLMWF,366,"1,43739455788004e-01",weaker,"-2,11509804881048e-01",no significant difference,FALSE,366,"0,828934070517291","5,65329999999999977","7,44654708000000021","5,436114","2,69000000000000e+01","-0,12462",FALSE
SKVRVFLNWF,366,"1,34664483738722e-01",weaker,"-1,92856867505315e-01",no significant difference,FALSE,366,"0,828934070517291","4,37159999999999993","6,34468564000000068","5,348996","2,22000000000000e+01","0,12722",FALSE
SKVRVFLPWF,366,"1,57008607902369e-01",weaker,"-6,52357777705628e-02",no significant difference,FALSE,366,"0,828934070517291","4,46099999999999941","6,52386944000000035","5,218840","2,05000000000000e+01","0,08210",FALSE
SKVRVFLQWF,366,"1,76228168305082e-01",no significant difference,"-2,17991011597181e-01",no significant difference,FALSE,366,"0,828934070517291","4,22949999999999982","6,40660274000000030","5,305660","1,99000000000000e+01","-0,28028",FALSE
SKVRVFLRWF,366,"1,56091172668808e-01",weaker,"-3,35531560408297e-01",no significant difference,FALSE,366,"0,828934070517291","4,55330000000000013","6,61236224000000039","5,598810","2,41000000000000e+01","0,23508",FALSE
SKVRVFLSWF,366,"1,19754257674979e-01",weaker,"-2,38120795271033e-01",no significant difference,FALSE,366,"0,828934070517291","4,77850000000000019","6,49218894000000013","5,292977","2,22000000000000e+01","-0,15378",FALSE
SKVRVFLTWF,366,"1,58642886786876e-01",weaker,"-2,94878261718348e-01",no significant difference,FALSE,366,"0,828934070517291","4,74399999999999977","6,75932393000000076","5,263846","2,08000000000000e+01","-0,07614",FALSE
SKVRVFLVWF,366,"1,57269529386912e-01",weaker,"-4,41892572038954e-01",no significant difference,FALSE,366,"0,828934070517291","5,40079999999999938","7,60216337000000042","5,139356","2,74000000000000e+01","0,06498",FALSE
SKVRVFLWWF,366,"9,47485425857929e-02",no significant difference,"-2,94994349088776e-01",no significant difference,FALSE,366,"0,828934070517291","5,43339999999999979","8,71618261000000061","5,921235","2,37000000000000e+01","-0,04244",FALSE
SKVRVFLYWF,366,"9,79702891717816e-02",weaker,"-2,69032057675401e-01",no significant difference,FALSE,366,"0,828934070517291","5,52149999999999963","8,40315982999999989","5,869900","2,59000000000000e+01","0,34148",FALSE
SKVRVFMGWF,366,"6,73206384296236e-01",no significant difference,"-3,29842646333717e-02",no significant difference,FALSE,366,"0,884478037842308","4,56239999999999934","6,93653299999999984","5,654892","2,12000000000000e+01","-0,64032",FALSE
SKVRVFNGWF,366,"5,89286424031799e-01",no significant difference,"2,20415747740133e-01",no significant difference,FALSE,366,"0,867974907734914","3,28069999999999995","5,83467156000000031","5,567774","1,65000000000000e+01","2,72300",FALSE
SKVRVFPGWF,366,"5,76004211893379e-01",no significant difference,"2,12411210582709e-01",stronger,FALSE,366,"0,867974907734914","3,37009999999999987","6,01385535999999998","5,437618","1,48000000000000e+01","6,13464",FALSE
SKVRVFQGWF,366,"5,49855915694032e-01",no significant difference,"6,87338934193027e-02",no significant difference,FALSE,366,"0,867974907734914","3,13859999999999983","5,89658865999999993","5,524438","1,42000000000000e+01","2,08118",FALSE
SKVRVFRGWF,366,"5,52998900823315e-01",no significant difference,"7,54510383766023e-02",stronger,FALSE,366,"0,878976994473177","3,46239999999999970","6,10234816000000002","5,817588","1,84000000000000e+01","2,38844",FALSE
SKVRVFSGWF,366,"5,70015420101545e-01",weaker,"1,89631420277379e-01",stronger,FALSE,366,"0,867974907734914","3,68759999999999977","5,98217486000000065","5,511755","1,65000000000000e+01","2,71443",FALSE
SKVRVFTGWF,366,"5,89916517584895e-01",no significant difference,"6,28354335210354e-02",stronger,FALSE,366,"0,867974907734914","3,65309999999999979","6,24930985000000039","5,482624","1,51000000000000e+01","1,78043",FALSE
SKVRVFVGWF,366,"6,57399068170545e-01",no significant difference,"-1,68783521217826e-01",no significant difference,FALSE,366,"0,867974907734914","4,30989999999999984","7,09214929000000005","5,358134","2,17000000000000e+01","1,36812",FALSE
SKVRVFWGWF,366,"5,96032962194313e-01",no significant difference,"-1,56922243335871e-01",no significant difference,FALSE,366,"0,873475951104045","4,34249999999999936","8,20616853000000113","6,140013","1,80000000000000e+01","1,48472",FALSE
SKVRVFYGWF,366,"6,17138071247463e-01",no significant difference,"-1,51825948568146e-02",no significant difference,FALSE,366,"0,867974907734914","4,43060000000000009","7,89314575000000040","6,088678","2,02000000000000e+01","1,00614",FALSE
SKVRVGLGWF,366,"3,06907564367615e-01",weaker,"2,74476919760291e-01",stronger,FALSE,366,"0,834540418944664","3,01399999999999979","6,12800749999999983","5,633026","1,83000000000000e+01","1,78926",FALSE
SKVRVHLGWF,366,"4,21388816716136e-01",no significant difference,"1,28020429353305e-01",no significant difference,FALSE,366,"0,834540418944664","3,31149999999999967","5,78649218000000065","5,327856","1,88000000000000e+01","0,94316",FALSE
SKVRVILGWF,366,"2,87121195896940e-01",no significant difference,"-1,41159859883511e-01",no significant difference,FALSE,366,"0,834540418944664","4,30199999999999960","6,75538010000000000","5,371544","2,31000000000000e+01","0,53840",FALSE
SKVRVKLGWF,366,"3,20442082571072e-01",no significant difference,"2,04474932994395e-01",no significant difference,FALSE,366,"0,834540418944664","2,01049999999999951","4,31482007000000056","4,988154","1,52000000000000e+01","0,23182",FALSE
SKVRVLLGWF,366,"3,75045876839616e-01",weaker,"-7,07760002512853e-02",no significant difference,FALSE,366,"0,834540418944664","4,10489999999999977","6,63802158000000020","5,414248","2,40000000000000e+01","0,13352",FALSE
SKVRVMLGWF,366,"4,60206913026257e-01",no significant difference,"-7,14305298287657e-04",no significant difference,FALSE,366,"0,834540418944664","4,20350000000000001","6,31610471000000029","5,346127","2,25000000000000e+01","-0,30662",FALSE
SKVRVNLGWF,366,"4,90874485618709e-01",no significant difference,"2,43768645143612e-01",no significant difference,FALSE,366,"0,834540418944664","2,92179999999999973","5,21424326999999987","5,259009","1,78000000000000e+01","0,86778",FALSE
SKVRVPLGWF,366,"3,44764784951522e-01",weaker,"2,60892854883402e-01",stronger,FALSE,366,"0,834540418944664","3,01119999999999965","5,39342707000000043","5,128853","1,61000000000000e+01","1,71280",FALSE
SKVRVQLGWF,366,"4,31491099863138e-01",no significant difference,"2,48589930637730e-01",no significant difference,FALSE,366,"0,834540418944664","2,77969999999999962","5,27616037000000038","5,215673","1,55000000000000e+01","0,79314",FALSE
SKVRVRLGWF,366,"2,97004796867738e-01",weaker,"1,01449850223233e-01",stronger,FALSE,366,"0,834540418944664","3,10349999999999993","5,48191987000000047","5,508823","1,97000000000000e+01","0,32754",FALSE
SKVRVSLGWF,366,"3,76617868587854e-01",weaker,"1,71762227988222e-01",stronger,FALSE,366,"0,834540418944664","3,32869999999999999","5,36174657000000021","5,202990","1,78000000000000e+01","1,26342",FALSE
SKVRVTLGWF,366,"3,21829115390596e-01",weaker,"1,41046856816000e-01",stronger,FALSE,366,"0,834540418944664","3,29420000000000002","5,62888155999999995","5,173859","1,64000000000000e+01","1,47068",FALSE
SKVRVVLGWF,366,"4,32689794504921e-01",weaker,"-8,30432197321522e-02",no significant difference,FALSE,366,"0,834540418944664","3,95099999999999962","6,47172100000000050","5,049369","2,30000000000000e+01","0,95466",FALSE
SKVRVWLGWF,366,"4,61871537182002e-01",no significant difference,"-2,55847787817281e-01",no significant difference,FALSE,366,"0,840055744596122","3,98359999999999959","7,58574024000000069","5,831248","1,93000000000000e+01","0,70190",FALSE
SKVRVYLGWF,366,"4,86768123300341e-01",no significant difference,"-5,72710528013328e-02",no significant difference,FALSE,366,"0,834540418944664","4,07169999999999987","7,27271745999999997","5,779913","2,15000000000000e+01","-0,04410",FALSE
SKVRWFLGWF,366,"6,04216536279137e-01",weaker,"-1,84830188166124e-01",no significant difference,FALSE,366,"0,961688467352604","4,49639999999999951","8,37246911000000082","6,504892","1,90000000000000e+01",NA,FALSE
SKVRYFLGWF,366,"7,05277485124399e-01",no significant difference,"-2,12955694880092e-01",no significant difference,FALSE,366,"0,956215397379874","4,58449999999999935","8,05944633000000010","6,453557","2,12000000000000e+01",NA,FALSE
SKVS*FLGWF,366,"3,10838497607739e-01",weaker,"6,29241021822028e-01",stronger,TRUE,366,NA,"-0,14550000000000007","-0,77482487000000000","1,083407","6,00000000000000e-01",NA,FALSE
SKVSAFLGWF,366,"6,86969550743803e-01",no significant difference,"1,00361871712172e-01",stronger,FALSE,366,"0,906910259973522","3,93529999999999980","6,50150974000000037","5,452845","1,63000000000000e+01",NA,FALSE
SKVSCFLGWF,366,"7,04331675335303e-01",no significant difference,"-1,24308340635954e-01",no significant difference,FALSE,366,"0,912383329946253","4,96629999999999949","7,93886208000000071","5,763606","2,02000000000000e+01",NA,FALSE
SKVSDFLGWF,366,"6,39026995693531e-01",no significant difference,"1,84773486480381e-01",stronger,FALSE,366,"0,906910259973522","3,18059999999999965","5,53766374000000017","5,224867","1,30000000000000e+01",NA,FALSE
SKVSEFLGWF,366,"8,12408857876360e-01",stronger,"1,62051448685424e-01",stronger,FALSE,366,"0,906910259973522","3,13979999999999970","5,30908254000000035","5,208755","1,43000000000000e+01",NA,FALSE
SKVSFFLGWF,366,"6,10471523025919e-01",no significant difference,"-2,16135088501702e-01",no significant difference,FALSE,366,"0,912383329946253","5,20179999999999954","7,92500543999999962","6,090824","2,05000000000000e+01",NA,FALSE
SKVSGFLGWF,366,"5,55509752344726e-01",weaker,"1,83752566015066e-01",stronger,FALSE,366,"0,906910259973522","3,75199999999999978","6,79456307000000059","6,000837","1,61000000000000e+01",NA,FALSE
SKVSHFLGWF,366,"7,29320374058885e-01",no significant difference,"3,17381046941572e-02",stronger,FALSE,366,"0,912383329946253","4,04950000000000010","6,45304775000000053","5,695667","1,66000000000000e+01",NA,FALSE
SKVSIFLGWF,366,"7,40671929946930e-01",no significant difference,"-3,28460987698395e-01",no significant difference,FALSE,366,"0,928802556999758","5,04000000000000004","7,42193566999999987","5,739355","2,09000000000000e+01",NA,FALSE
SKVSKFLGWF,366,"7,26935143374730e-01",no significant difference,"7,28203558918072e-02",stronger,FALSE,366,"0,912383329946253","2,74849999999999950","4,98137564000000044","5,355965","1,30000000000000e+01",NA,FALSE
SKVSLFLGWF,366,"6,74702640989721e-01",no significant difference,"-1,64495019656005e-01",stronger,FALSE,366,"0,917856408486640","4,84289999999999932","7,30457715000000007","5,782059","2,18000000000000e+01",NA,FALSE
SKVSMFLGWF,366,"7,42384308531223e-01",no significant difference,"5,53967725589993e-03",stronger,FALSE,366,"0,906910259973522","4,94149999999999956","6,98266028000000016","5,713938","2,03000000000000e+01",NA,FALSE
SKVSNFLGWF,366,"6,81650198429000e-01",no significant difference,"7,23860865493488e-02",stronger,FALSE,366,"0,906910259973522","3,65979999999999972","5,88079884000000064","5,626820","1,56000000000000e+01",NA,FALSE
SKVSPFLGWF,366,"3,99834415340676e-01",weaker,"2,84925940418377e-01",stronger,FALSE,366,"0,906910259973522","3,74919999999999964","6,05998264000000031","5,496664","1,39000000000000e+01",NA,FALSE
SKVSQFLGWF,366,"7,42994485322932e-01",no significant difference,"7,81808659954630e-02",stronger,FALSE,366,"0,912383329946253","3,51769999999999960","5,94271594000000025","5,583484","1,33000000000000e+01",NA,FALSE
SKVSRFLGWF,366,"6,98364203909546e-01",no significant difference,"2,41387819320754e-02",stronger,FALSE,366,"0,917856408486640","3,84149999999999991","6,14847544000000035","5,876634","1,75000000000000e+01",NA,FALSE
SKVSSFLGWF,366,"6,44027395017199e-01",no significant difference,"4,56041703504466e-02",stronger,FALSE,366,"0,923329487027027","4,06669999999999998","6,02830214000000009","5,570801","1,56000000000000e+01",NA,FALSE
SKVSTFLGWF,366,"7,90089000526268e-01",stronger,"4,81974381512867e-02",stronger,FALSE,366,"0,939748714080531","4,03219999999999956","6,29543713000000071","5,541670","1,42000000000000e+01",NA,FALSE
SKVSVFLGWF,366,"7,84810065855276e-01",stronger,"-1,96373909961191e-01",no significant difference,FALSE,366,"0,950694862593648","4,68900000000000006","7,13827657000000038","5,417180","2,08000000000000e+01",NA,FALSE
SKVSWFLGWF,366,"5,86795022290536e-01",no significant difference,"-2,27087423851181e-01",no significant difference,FALSE,366,"0,912383329946253","4,72159999999999958","8,25229580999999968","6,199059","1,71000000000000e+01",NA,FALSE
SKVSYFLGWF,366,"6,86178831703518e-01",no significant difference,"-2,16331586622794e-01",no significant difference,FALSE,366,"0,906910259973522","4,80969999999999942","7,93927303000000073","6,147724","1,93000000000000e+01",NA,FALSE
SKVT*FLGWF,366,"3,27840252097746e-01",weaker,"7,05990993300762e-01",stronger,TRUE,366,NA,"-0,18000000000000008","-0,50768988000000004","1,054276","-8,00000000000000e-01",NA,FALSE
SKVTAFLGWF,366,"7,09730418098662e-01",no significant difference,"-1,23465134450609e-01",no significant difference,FALSE,366,"0,906910259973522","3,90079999999999982","6,76864473000000011","5,423714","1,49000000000000e+01",NA,FALSE
SKVTCFLGWF,366,"7,58986142649125e-01",no significant difference,"-6,96433861169351e-02",stronger,FALSE,366,"0,912383329946253","4,93179999999999996","8,20599707000000045","5,734475","1,88000000000000e+01",NA,FALSE
SKVTDFLGWF,366,"7,23791675974084e-01",no significant difference,"1,67618535666301e-01",stronger,FALSE,366,"0,906910259973522","3,14609999999999967","5,80479873000000079","5,195736","1,16000000000000e+01",NA,FALSE
SKVTEFLGWF,366,"8,74548526690716e-01",no significant difference,"1,70740523262541e-01",stronger,FALSE,366,"0,906910259973522","3,10529999999999973","5,57621753000000009","5,179624","1,29000000000000e+01",NA,FALSE
SKVTFFLGWF,366,"6,84002975232536e-01",no significant difference,"-3,46499661778251e-01",no significant difference,FALSE,366,"0,912383329946253","5,16730000000000000","8,19214043000000025","6,061693","1,91000000000000e+01",NA,FALSE
SKVTGFLGWF,366,"6,22992148240992e-01",no significant difference,"1,36961766696797e-01",stronger,FALSE,366,"0,906910259973522","3,71749999999999980","7,06169806000000033","5,971706","1,47000000000000e+01",NA,FALSE
SKVTIFLGWF,366,"8,01548402079058e-01",no significant difference,"-3,94637275845990e-01",no significant difference,FALSE,366,"0,928802556999758","5,00549999999999962","7,68907066000000050","5,710224","1,95000000000000e+01",NA,FALSE
SKVTKFLGWF,366,"8,35223108699045e-01",no significant difference,"2,34236406407177e-01",stronger,FALSE,366,"0,912383329946253","2,71399999999999952","5,24851063000000018","5,326834","1,16000000000000e+01",NA,FALSE
SKVTLFLGWF,366,"7,99345407009800e-01",stronger,"-1,74280223587558e-01",no significant difference,FALSE,366,"0,917856408486640","4,80839999999999979","7,57171214000000070","5,752928","2,04000000000000e+01",NA,FALSE
SKVTMFLGWF,366,"8,15779148526826e-01",no significant difference,"-2,79768195812429e-01",no significant difference,FALSE,366,"0,906910259973522","4,90700000000000003","7,24979527000000079","5,684807","1,89000000000000e+01",NA,FALSE
SKVTNFLGWF,366,"8,02959300187333e-01",no significant difference,"7,00406566812853e-02",stronger,FALSE,366,"0,906910259973522","3,62529999999999974","6,14793383000000038","5,597689","1,42000000000000e+01",NA,FALSE
SKVTQFLGWF,366,"8,46589917647525e-01",no significant difference,"2,11237198305077e-01",stronger,FALSE,366,"0,912383329946253","3,48319999999999963","6,20985092999999999","5,554353","1,19000000000000e+01",NA,FALSE
SKVTRFLGWF,366,"8,29150444657344e-01",stronger,"6,56669356717398e-02",stronger,FALSE,366,"0,917856408486640","3,80699999999999994","6,41561043000000009","5,847503","1,61000000000000e+01",NA,FALSE
SKVTSFLGWF,366,"7,69150750155076e-01",stronger,"8,45785818810551e-02",stronger,FALSE,366,"0,923329487027027","4,03219999999999956","6,29543713000000071","5,541670","1,42000000000000e+01",NA,FALSE
SKVTTFLGWF,366,"8,94317629643348e-01",stronger,"-8,10465124025844e-02",no significant difference,FALSE,366,"0,939748714080531","3,99769999999999959","6,56257212000000045","5,512539","1,28000000000000e+01",NA,FALSE
SKVTVFLGWF,366,"7,87165054056014e-01",stronger,"-2,25874514647754e-01",no significant difference,FALSE,366,"0,950694862593648","4,65449999999999964","7,40541156000000012","5,388049","1,94000000000000e+01",NA,FALSE
SKVTWFLGWF,366,"6,91032850735336e-01",no significant difference,"-1,68396069312143e-01",no significant difference,FALSE,366,"0,912383329946253","4,68710000000000004","8,51943080000000030","6,169928","1,57000000000000e+01",NA,FALSE
SKVTYFLGWF,366,"7,44547225677639e-01",no significant difference,"-1,86446398604144e-01",no significant difference,FALSE,366,"0,906910259973522","4,77519999999999989","8,20640802000000136","6,118593","1,79000000000000e+01",NA,FALSE
SKVV*FLGWF,366,"3,77223877344949e-01",weaker,"6,48705706457243e-01",stronger,TRUE,366,NA,"0,47679999999999995","0,33514955999999996","0,929786","5,80000000000000e+00",NA,FALSE
SKVVAFLGWF,366,"8,18863631719232e-01",stronger,"-1,39006111735372e-02",stronger,FALSE,366,"0,906910259973522","4,55759999999999987","7,61148417000000066","5,299224","2,15000000000000e+01",NA,FALSE
SKVVCFLGWF,366,"8,59192818067347e-01",stronger,"-2,16762977647387e-01",no significant difference,FALSE,366,"0,912383329946253","5,58859999999999957","9,04883651000000100","5,609985","2,54000000000000e+01",NA,FALSE
SKVVDFLGWF,366,"8,58751039204406e-01",stronger,"1,14955189811239e-01",stronger,FALSE,366,"0,906910259973522","3,80289999999999973","6,64763817000000046","5,071246","1,82000000000000e+01",NA,FALSE
SKVVEFLGWF,366,"9,42736784066306e-01",stronger,"1,20014242989174e-01",stronger,FALSE,366,"0,906910259973522","3,76209999999999978","6,41905697000000064","5,055134","1,95000000000000e+01",NA,FALSE
SKVVFFLGWF,366,"7,24771544315487e-01",no significant difference,"-3,22159196150210e-01",no significant difference,FALSE,366,"0,912383329946253","5,82409999999999961","9,03497987000000080","5,937203","2,57000000000000e+01",NA,FALSE
SKVVGFLGWF,366,"7,19593194743930e-01",no significant difference,"1,06310288816563e-01",stronger,FALSE,366,"0,906910259973522","4,37429999999999986","7,90453749999999999","5,847216","2,13000000000000e+01",NA,FALSE
SKVVHFLGWF,366,"9,09435734531269e-01",stronger,"1,04181175181320e-01",stronger,FALSE,366,"0,912383329946253","4,67180000000000017","7,56302218000000082","5,542046","2,18000000000000e+01",NA,FALSE
SKVVIFLGWF,366,"8,24752130397852e-01",stronger,"-4,58974230658784e-01",weaker,FALSE,366,"0,928802556999758","5,66230000000000011","8,53191010000000105","5,585734","2,61000000000000e+01",NA,FALSE
SKVVKFLGWF,366,"9,13057039188139e-01",stronger,"9,04245867127228e-02",stronger,FALSE,366,"0,912383329946253","3,37079999999999957","6,09135007000000073","5,202344","1,82000000000000e+01",NA,FALSE
SKVVLFLGWF,366,"8,05671995281835e-01",stronger,"-3,50429325470677e-01",weaker,FALSE,366,"0,917856408486640","5,46519999999999939","8,41455158000000125","5,628438","2,70000000000000e+01",NA,FALSE
SKVVMFLGWF,366,"8,75585679198171e-01",stronger,"-3,67122504154875e-01",no significant difference,FALSE,366,"0,906910259973522","5,56379999999999963","8,09263471000000045","5,560317","2,55000000000000e+01",NA,FALSE
SKVVNFLGWF,366,"8,89024530860174e-01",stronger,"6,47008677478545e-02",stronger,FALSE,366,"0,906910259973522","4,28209999999999980","6,99077327000000004","5,473199","2,08000000000000e+01",NA,FALSE
SKVVPFLGWF,366,"3,04173045122062e-01",weaker,"3,30228026835809e-02",stronger,FALSE,366,"0,906910259973522","4,37150000000000016","7,16995707000000060","5,343043","1,91000000000000e+01",NA,FALSE
SKVVQFLGWF,366,"8,77145785544675e-01",stronger,"7,98792475544872e-02",stronger,FALSE,366,"0,912383329946253","4,13999999999999968","7,05269037000000054","5,429863","1,85000000000000e+01",NA,FALSE
SKVVRFLGWF,366,"9,10203299609495e-01",stronger,"4,03963933263791e-02",stronger,FALSE,366,"0,917856408486640","4,46379999999999999","7,25844987000000064","5,723013","2,27000000000000e+01",NA,FALSE
SKVVSFLGWF,366,"8,57115360235880e-01",stronger,"2,01577169314723e-02",stronger,FALSE,366,"0,923329487027027","4,68900000000000006","7,13827657000000038","5,417180","2,08000000000000e+01",NA,FALSE
SKVVTFLGWF,366,"9,04400397205695e-01",stronger,"1,79764456134487e-02",stronger,FALSE,366,"0,939748714080531","4,65449999999999964","7,40541156000000012","5,388049","1,94000000000000e+01",NA,FALSE
SKVVVFLGWF,366,"8,52346709804267e-01",stronger,"-3,41876044104827e-01",weaker,FALSE,366,"0,950694862593648","5,31130000000000013","8,24825099999999978","5,263559","2,60000000000000e+01",NA,FALSE
SKVVWFLGWF,366,"7,55160460222544e-01",no significant difference,"-2,61807952948377e-01",no significant difference,FALSE,366,"0,912383329946253","5,34389999999999965","9,36227024000000085","6,045438","2,23000000000000e+01",NA,FALSE
SKVVYFLGWF,366,"7,67658348334714e-01",no significant difference,"-3,19198751231037e-01",weaker,FALSE,366,"0,906910259973522","5,43199999999999950","9,04924746000000013","5,994103","2,45000000000000e+01",NA,FALSE
SKVW*FLGWF,366,"4,17297291839366e-01",no significant difference,"5,52062745136355e-01",stronger,TRUE,366,NA,"0,50939999999999985","1,44916880000000026","1,711665","2,10000000000000e+00",NA,FALSE
SKVWAFLGWF,366,"7,20938267164620e-01",no significant difference,"-6,67366538380326e-02",stronger,FALSE,366,"0,906910259973522","4,59019999999999939","8,72550340999999996","6,081103","1,78000000000000e+01",NA,FALSE
SKVWCFLGWF,366,"7,55643868417704e-01",no significant difference,"-1,84167301385423e-01",no significant difference,FALSE,366,"0,912383329946253","5,62119999999999997","10,16285575000000030","6,391864","2,17000000000000e+01",NA,FALSE
SKVWDFLGWF,366,"7,94109040748920e-01",no significant difference,"1,44444165703682e-01",stronger,FALSE,366,"0,906910259973522","3,83549999999999969","7,76165741000000065","5,853125","1,45000000000000e+01",NA,FALSE
SKVWEFLGWF,366,"8,55911168668205e-01",no significant difference,"2,10385971224076e-01",stronger,FALSE,366,"0,906910259973522","3,79469999999999974","7,53307621000000083","5,837013","1,58000000000000e+01",NA,FALSE
SKVWFFLGWF,366,"6,52427504606600e-01",no significant difference,"-2,66325820297696e-01",no significant difference,FALSE,366,"0,912383329946253","5,85670000000000002","10,14899911000000010","6,719082","2,20000000000000e+01",NA,FALSE
SKVWGFLGWF,366,"6,63717943524133e-01",no significant difference,"-1,80694491534980e-02",no significant difference,FALSE,366,"0,906910259973522","4,40689999999999937","9,01855674000000107","6,629095","1,76000000000000e+01",NA,FALSE
SKVWHFLGWF,366,"7,85442717622146e-01",no significant difference,"-2,02477062770590e-02",no significant difference,FALSE,366,"0,912383329946253","4,70439999999999969","8,67704142000000012","6,323925","1,81000000000000e+01",NA,FALSE
SKVWIFLGWF,366,"7,81972486094583e-01",no significant difference,"-3,62990310415124e-01",weaker,FALSE,366,"0,928802556999758","5,69489999999999963","9,64592934000000035","6,367613","2,24000000000000e+01",NA,FALSE
SKVWKFLGWF,366,"8,67023656083149e-01",no significant difference,"1,46657848427288e-01",stronger,FALSE,366,"0,912383329946253","3,40339999999999954","7,20536931000000092","5,984223","1,45000000000000e+01",NA,FALSE
SKVWLFLGWF,366,"7,16576013894102e-01",no significant difference,"-3,55561457381015e-01",no significant difference,FALSE,366,"0,917856408486640","5,49779999999999980","9,52857082000000055","6,410317","2,33000000000000e+01",NA,FALSE
SKVWMFLGWF,366,"7,95875658650558e-01",no significant difference,"-1,35328158355997e-01",no significant difference,FALSE,366,"0,906910259973522","5,59640000000000004","9,20665394999999975","6,342196","2,18000000000000e+01",NA,FALSE
SKVWNFLGWF,366,"7,97527474243106e-01",no significant difference,"3,84461394957502e-02",stronger,FALSE,366,"0,906910259973522","4,31469999999999931","8,10479251000000112","6,255078","1,71000000000000e+01",NA,FALSE
SKVWPFLGWF,366,"2,83198757020337e-01",no significant difference,"5,29232949206830e-02",stronger,FALSE,366,"0,906910259973522","4,40409999999999968","8,28397630999999990","6,124922","1,54000000000000e+01",NA,FALSE
SKVWQFLGWF,366,"7,81823155939360e-01",no significant difference,"8,40960808225545e-02",no significant difference,FALSE,366,"0,912383329946253","4,17260000000000009","8,16670960999999984","6,211742","1,48000000000000e+01",NA,FALSE
SKVWRFLGWF,366,"8,04750711010003e-01",no significant difference,"3,61712936949989e-02",stronger,FALSE,366,"0,917856408486640","4,49639999999999951","8,37246911000000082","6,504892","1,90000000000000e+01",NA,FALSE
SKVWSFLGWF,366,"7,52495277564505e-01",no significant difference,"7,91385700948353e-03",stronger,FALSE,366,"0,923329487027027","4,72159999999999958","8,25229580999999968","6,199059","1,71000000000000e+01",NA,FALSE
SKVWTFLGWF,366,"8,43087874938050e-01",no significant difference,"8,17697895177400e-02",stronger,FALSE,366,"0,939748714080531","4,68710000000000004","8,51943080000000030","6,169928","1,57000000000000e+01",NA,FALSE
SKVWVFLGWF,366,"8,06031862995451e-01",no significant difference,"-2,82927468140883e-01",no significant difference,FALSE,366,"0,950694862593648","5,34389999999999965","9,36227024000000085","6,045438","2,23000000000000e+01",NA,FALSE
SKVWWFLGWF,366,"6,08786492425172e-01",no significant difference,"-3,02408801581429e-01",no significant difference,FALSE,366,"0,912383329946253","5,37650000000000006","10,47628948000000015","6,827317","1,86000000000000e+01",NA,FALSE
SKVWYFLGWF,366,"7,47304899929535e-01",no significant difference,"-3,26730513232681e-01",no significant difference,FALSE,366,"0,906910259973522","5,46459999999999990","10,16326670000000121","6,775982","2,08000000000000e+01",NA,FALSE
SKVY*FLGWF,366,"4,29829022698550e-01",no significant difference,"5,23843881515936e-01",stronger,TRUE,366,NA,"0,59749999999999992","1,13614601999999998","1,660330","4,30000000000000e+00",NA,FALSE
SKVYAFLGWF,366,"6,85545796850247e-01",no significant difference,"-1,12269088280193e-01",no significant difference,FALSE,366,"0,912388607622266","4,67830000000000013","8,41248063000000101","6,029768","2,00000000000000e+01",NA,FALSE
SKVYCFLGWF,366,"8,17871760979112e-01",no significant difference,"-3,00857218316473e-01",no significant difference,FALSE,366,"0,917861677594997","5,70929999999999982","9,84983297000000135","6,340529","2,39000000000000e+01",NA,FALSE
SKVYDFLGWF,366,"7,63702104236541e-01",no significant difference,"2,21023635954926e-02",no significant difference,FALSE,366,"0,912388607622266","3,92359999999999953","7,44863463000000081","5,801790","1,67000000000000e+01",NA,FALSE
SKVYEFLGWF,366,"9,14668880573019e-01",no significant difference,"1,16798940771858e-01",no significant difference,FALSE,366,"0,912388607622266","3,88279999999999959","7,22005343000000011","5,785678","1,80000000000000e+01",NA,FALSE
SKVYFFLGWF,366,"6,64681212336769e-01",no significant difference,"-3,90622820591631e-01",no significant difference,FALSE,366,"0,917861677594997","5,94479999999999986","9,83597632999999938","6,667747","2,42000000000000e+01",NA,FALSE
SKVYGFLGWF,366,"6,38183617919492e-01",no significant difference,"-1,27053555702597e-02",stronger,FALSE,366,"0,912388607622266","4,49500000000000011","8,70553396000000035","6,577760","1,98000000000000e+01",NA,FALSE
SKVYHFLGWF,366,"7,96738764399533e-01",no significant difference,"-2,78798647109906e-01",no significant difference,FALSE,366,"0,917861677594997","4,79249999999999954","8,36401864000000117","6,272590","2,03000000000000e+01",NA,FALSE
SKVYIFLGWF,366,"7,22150644404476e-01",no significant difference,"-2,64179474940876e-01",no significant difference,FALSE,366,"0,934280904648502","5,78299999999999947","9,33290655999999963","6,316278","2,46000000000000e+01",NA,FALSE
SKVYKFLGWF,366,"8,55719842298303e-01",no significant difference,"-1,50109371091362e-01",stronger,FALSE,366,"0,917861677594997","3,49149999999999983","6,89234653000000019","5,932888","1,67000000000000e+01",NA,FALSE
SKVYLFLGWF,366,"7,43000371878610e-01",no significant difference,"-3,61256071265561e-01",no significant difference,FALSE,366,"0,923334756135384","5,58589999999999964","9,21554803999999983","6,358982","2,55000000000000e+01",NA,FALSE
SKVYMFLGWF,366,"8,24419193237675e-01",no significant difference,"-3,18659720342121e-01",no significant difference,FALSE,366,"0,912388607622266","5,68449999999999989","8,89363117000000081","6,290861","2,40000000000000e+01",NA,FALSE
SKVYNFLGWF,366,"8,15262763910151e-01",no significant difference,"-7,80959309932065e-02",stronger,FALSE,366,"0,912388607622266","4,40280000000000005","7,79176973000000039","6,203743","1,93000000000000e+01",NA,FALSE
SKVYPFLGWF,366,"3,35931616017167e-01",no significant difference,"-8,36675812423826e-02",no significant difference,FALSE,366,"0,912388607622266","4,49219999999999953","7,97095353000000095","6,073587","1,76000000000000e+01",NA,FALSE
SKVYQFLGWF,366,"7,99031393620737e-01",no significant difference,"-1,69414742546221e-01",no significant difference,FALSE,366,"0,917861677594997","4,26069999999999993","7,85368683000000090","6,160407","1,70000000000000e+01",NA,FALSE
SKVYRFLGWF,366,"8,07272445739033e-01",stronger,"-9,42273880432390e-02",no significant difference,FALSE,366,"0,923334756135384","4,58449999999999935","8,05944633000000010","6,453557","2,12000000000000e+01",NA,FALSE
SKVYSFLGWF,366,"7,24091575355086e-01",no significant difference,"-1,47270289968908e-01",no significant difference,FALSE,366,"0,928807834675771","4,80969999999999942","7,93927303000000073","6,147724","1,93000000000000e+01",NA,FALSE
SKVYTFLGWF,366,"8,22250722097362e-01",no significant difference,"-9,81098492875628e-02",no significant difference,FALSE,366,"0,945227061729275","4,77519999999999989","8,20640802000000136","6,118593","1,79000000000000e+01",NA,FALSE
SKVYVFLGWF,366,"7,88395949870306e-01",no significant difference,"-3,23802702537605e-01",no significant difference,FALSE,366,"0,956173210242393","5,43199999999999950","9,04924746000000013","5,994103","2,45000000000000e+01",NA,FALSE
SKVYWFLGWF,366,"6,71213465028277e-01",no significant difference,"-4,03987617246636e-01",no significant difference,FALSE,366,"0,917861677594997","5,46459999999999990","10,16326670000000121","6,775982","2,08000000000000e+01",NA,FALSE
SKVYYFLGWF,366,"7,41266618690117e-01",no significant difference,"-3,32978393632125e-01",weaker,FALSE,366,"0,912388607622266","5,55269999999999975","9,85024392000000049","6,724647","2,30000000000000e+01",NA,FALSE
SKWRVFLGWF,366,"3,84866123482075e-01",no significant difference,"-3,41804901100601e-01",no significant difference,FALSE,366,"0,967180548953701","4,49639999999999951","8,37246911000000082","6,504892","1,90000000000000e+01","0,22090",FALSE
SKYRVFLGWF,366,"5,12736587311824e-01",no significant difference,"-3,76680578885664e-01",no significant difference,FALSE,366,"0,967180548953701","4,58449999999999935","8,05944633000000010","6,453557","2,12000000000000e+01","0,06848",FALSE
SLRFWFSDWL,363,"7,31072069370339e-01",weaker,"2,07537027717647e-01",weaker,FALSE,363,"0,979723208258456","5,39710000000000001","8,32879686000000063","6,308637","1,95000000000000e+01","-1,13132",FALSE
SLVRVFLGWF,366,"4,28087497196913e-01",weaker,"-2,32753727102362e-01",no significant difference,FALSE,366,"0,972673196020084","6,55819999999999936","9,58165138000000027","6,149107","3,15000000000000e+01","-0,07772",FALSE
SMRFWFSDWL,363,"7,78971377454563e-01",no significant difference,"3,04504627736457e-01",weaker,FALSE,363,"0,974654002842541","5,49569999999999936","8,00687998999999984","6,240516","1,80000000000000e+01","-1,19534",FALSE
SMVRVFLGWF,366,"4,79267129134795e-01",no significant difference,"-2,62229057318417e-01",no significant difference,FALSE,366,"0,978138555102536","6,65679999999999961","9,25973450999999947","6,080986","3,00000000000000e+01","-0,40520",FALSE
SNRFWFSDWL,363,"8,43033293129470e-01",no significant difference,"3,96327633771382e-01",no significant difference,FALSE,363,"0,974654002842541","4,21399999999999952","6,90501855000000031","6,153398","1,33000000000000e+01","0,11924",FALSE
SNVRVFLGWF,366,"5,53552947837290e-01",no significant difference,"-5,32215985878446e-02",no significant difference,FALSE,366,"0,972673196020084","5,37509999999999977","8,15787307000000084","5,993868","2,53000000000000e+01","0,89338",FALSE
SPRFWFSDWL,363,"8,07464327672830e-01",no significant difference,"3,82605539974632e-01",no significant difference,FALSE,363,"0,974654002842541","4,30339999999999989","7,08420235000000087","6,023242","1,16000000000000e+01","-0,33266",FALSE
SPVRVFLGWF,366,"5,70077578839574e-01",no significant difference,"-2,07464304838472e-01",no significant difference,FALSE,366,"0,983603914184988","5,46450000000000014","8,33705686999999962","5,863712","2,36000000000000e+01","1,51078",FALSE
SQRFWFSDWL,363,"8,48558268532017e-01",no significant difference,"3,45573960729797e-01",no significant difference,FALSE,363,"0,969584807400665","4,07189999999999941","6,96693565000000081","6,110062","1,10000000000000e+01","0,11848",FALSE
SQVRVFLGWF,366,"5,68953539309061e-01",no significant difference,"-3,75021436298715e-02",no significant difference,FALSE,366,"0,972673196020084","5,23299999999999965","8,21979016999999956","5,950532","2,30000000000000e+01","0,35208",FALSE
SRRFWFSDWL,363,"7,91752912841601e-01",no significant difference,"3,59412847674832e-01",weaker,FALSE,363,"0,989861609116247","4,39569999999999972","7,17269515000000091","6,403212","1,52000000000000e+01","-0,35658",FALSE
SRRLHESPWL,385,"8,67513098751141e-01",no significant difference,"6,39300904792151e-01",stronger,FALSE,385,"1,000000000000000","1,87129999999999996","2,65941480000000041","4,980783","1,07000000000000e+01","0,50034",FALSE
SRVRVFLGWF,366,"5,57152797196872e-01",no significant difference,"-1,87177506583724e-01",no significant difference,FALSE,366,"1,000000000000000","5,55679999999999996","8,42554967000000055","6,243682","2,72000000000000e+01","-0,14974",FALSE
SSRFWFSDWL,363,"8,42219725489091e-01",no significant difference,"3,81651032467073e-01",weaker,FALSE,363,"0,989861609116247","4,62089999999999979","7,05252185000000065","6,097379","1,33000000000000e+01","0,06088",FALSE
SSVRVFLGWF,366,"5,10117739115271e-01",no significant difference,"-1,93618875504911e-01",no significant difference,FALSE,366,"0,978138555102536","5,78200000000000003","8,30537637000000117","5,937849","2,53000000000000e+01","1,20458",FALSE
STRFWFSDWL,363,"8,31146895468383e-01",no significant difference,"3,71256935653081e-01",weaker,FALSE,363,"0,994930804558124","4,58639999999999937","7,31965684000000039","6,068248","1,19000000000000e+01","0,01320",FALSE
STVRVFLGWF,366,"5,57555320957910e-01",no significant difference,"-1,74050424063985e-01",no significant difference,FALSE,366,"0,989069281835096","5,74749999999999961","8,57251136000000002","5,908718","2,39000000000000e+01","0,55530",FALSE
SVRFWFSDWL,363,"7,93017411090308e-01",no significant difference,"2,87431722140975e-01",weaker,FALSE,363,"0,969584807400665","5,24319999999999986","8,16249628000000094","5,943758","1,85000000000000e+01","-0,25070",FALSE
SVVRVFLGWF,366,"5,42598834964951e-01",no significant difference,"-1,92916056450088e-01",no significant difference,FALSE,366,"0,972673196020084","6,40430000000000010","9,41535080000000058","5,784228","3,05000000000000e+01","0,30742",FALSE
SWRFWFSDWL,363,"6,64410712250395e-01",weaker,"2,12980897961541e-01",no significant difference,FALSE,363,"0,969584807400665","5,27579999999999938","9,27651552000000024","6,725637","1,48000000000000e+01","-0,42086",FALSE
SWVRVFLGWF,366,"3,13944306537512e-01",no significant difference,"-3,84699282963815e-01",no significant difference,FALSE,366,"0,972673196020084","6,43689999999999962","10,52937003999999988","6,566107","2,68000000000000e+01","1,01138",FALSE
SYRFWFSDWL,363,"7,16620240694276e-01",weaker,"2,08142517901207e-01",weaker,FALSE,363,"0,969584807400665","5,36390000000000011","8,96349274000000129","6,674302","1,70000000000000e+01","-0,06290",FALSE
SYVRVFLGWF,366,"4,78638825751846e-01",no significant difference,"-3,13436686773902e-01",no significant difference,FALSE,366,"0,978138555102536","6,52499999999999947","10,21634726000000093","6,514772","2,90000000000000e+01","0,79536",FALSE
TGRFWFSDWL,363,"8,45268207814809e-01",no significant difference,"4,01320651407411e-01",no significant difference,FALSE,363,"0,964523052591640","4,27170000000000005","8,08591777000000000","6,498284","1,24000000000000e+01","0,00020",FALSE
TKVRVFLGWF,366,"5,71801965567640e-01",no significant difference,"-1,73201150547036e-01",no significant difference,FALSE,366,"0,972692087701267","4,42929999999999957","7,52558486000000038","5,693882","2,13000000000000e+01","0,03506",FALSE
TRRLHESPWL,385,"8,97848944542316e-01",no significant difference,"6,59160314927930e-01",stronger,FALSE,385,"0,975852545960096","1,83679999999999977","2,92654979000000059","4,951652","9,30000000000000e+00","0,47300",FALSE
VGRFWFSDWL,363,"8,28530469791683e-01",no significant difference,"3,88272387106415e-01",no significant difference,FALSE,363,"0,964523052591640","4,92849999999999966","8,92875721000000055","6,373794","1,90000000000000e+01","0,02024",FALSE
VKVRVFLGWF,366,"4,89732468185560e-01",no significant difference,"-3,00645488615456e-01",no significant difference,FALSE,366,"0,972692087701267","5,08610000000000007","8,36842430000000093","5,569392","2,79000000000000e+01","0,07110",FALSE
VRRLHESPWL,385,"8,27745002066054e-01",no significant difference,"6,41901417783050e-01",stronger,FALSE,385,"0,979302180961216","2,49359999999999982","3,76938923000000026","4,827162","1,59000000000000e+01","0,45690",FALSE
WGRFWFSDWL,363,"7,78041063933102e-01",no significant difference,"2,64088193912781e-01",no significant difference,FALSE,363,"0,954386786178125","4,96110000000000007","10,04277644999999985","7,155673","1,53000000000000e+01","-0,07254",FALSE
WKVRVFLGWF,366,"3,38987622808091e-01",no significant difference,"-4,17898411309971e-01",no significant difference,FALSE,366,"0,972692087701267","5,11869999999999958","9,48244354000000023","6,351271","2,42000000000000e+01","-0,09934",FALSE
WRRLHESPWL,385,"8,54700348241533e-01",no significant difference,"4,91899096076219e-01",no significant difference,FALSE,385,"0,975852545960096","2,52619999999999978","4,88340847000000089","5,609041","1,22000000000000e+01","0,26884",FALSE
YGRFWFSDWL,363,"8,26822055283920e-01",no significant difference,"3,04877921573544e-01",no significant difference,FALSE,363,"0,954386786178125","5,04919999999999991","9,72975367000000091","7,104338","1,75000000000000e+01","0,10238",FALSE
YKVRVFLGWF,366,"4,64994460659659e-01",no significant difference,"-4,25786670511723e-01",no significant difference,FALSE,366,"0,978153668447482","5,20679999999999943","9,16942076000000128","6,299936","2,64000000000000e+01","-0,14814",FALSE
YRRLHESPWL,385,"8,62763631274509e-01",no significant difference,"5,18364177636360e-01",no significant difference,FALSE,385,"0,979302180961216","2,61430000000000007","4,57038569000000017","5,557706","1,44000000000000e+01","0,24064",FALSE
