aa_seq,deg1,deg2,pos1,pos2,max1,max2,family,max_pep,signif,med_norm_sel_coef,availability
DKRLPPTP,R,T,3,7,P,L,152,FALSE,TRUE,0.7875308486036301,stronger
DKRLPPMP,R,M,3,7,P,L,152,FALSE,TRUE,0.7618597364987485,stronger
DKRLPPRP,R,R,3,7,P,L,152,FALSE,TRUE,0.7804205054058392,stronger
DKRLPPLP,R,L,3,7,P,L,152,FALSE,FALSE,0.6794764951158809,no significant difference
DKRLPPHP,R,H,3,7,P,L,152,FALSE,FALSE,0.7128768116358112,no significant difference
DKRLPPIP,R,I,3,7,P,L,152,FALSE,FALSE,0.6819810883652916,no significant difference
DKRLPPEP,R,E,3,7,P,L,152,FALSE,TRUE,0.7937516530566746,stronger
DKRLPPVP,R,V,3,7,P,L,152,FALSE,TRUE,0.7444899443169599,stronger
DKRLPPSP,R,S,3,7,P,L,152,FALSE,TRUE,0.7458315569481193,stronger
DKRLPPQP,R,Q,3,7,P,L,152,FALSE,TRUE,0.7957975855112501,stronger
RRKKHESPWL,K,K,3,4,R,L,385,FALSE,TRUE,0.3760267451823841,stronger
DKRLPPDP,R,D,3,7,P,L,152,FALSE,FALSE,0.767450444243118,no significant difference
RRAKHESPWL,A,K,3,4,R,L,385,FALSE,TRUE,0.3350047629884557,stronger
DKRLPP*P,R,*,3,7,P,L,152,FALSE,FALSE,0.7374106912159575,no significant difference
GGGRLPVCDYVVL,L,C,5,8,Y,V,250,FALSE,FALSE,0.20350928454944348,no significant difference
GGGRLPVMDYVVL,L,M,5,8,Y,V,250,FALSE,FALSE,0.21506666347826991,no significant difference
RRKNHESPWL,K,N,3,4,R,L,385,FALSE,FALSE,0.32094380930704847,no significant difference
DKRLPPAP,R,A,3,7,P,L,152,FALSE,TRUE,0.7807763084703219,stronger
RRANHESPWL,A,N,3,4,R,L,385,FALSE,TRUE,0.4072693241789387,stronger
DKRLPPYP,R,Y,3,7,P,L,152,FALSE,FALSE,0.6326007544120712,no significant difference
GGGRLPVLDYVVL,L,L,5,8,Y,V,250,FALSE,FALSE,0.07336216734610734,no significant difference
GGGRLPVIDYVVL,L,I,5,8,Y,V,250,FALSE,FALSE,0.1301833991566083,no significant difference
RRKTHESPWL,K,T,3,4,R,L,385,FALSE,TRUE,0.3243531734812195,stronger
RRATHESPWL,A,T,3,4,R,L,385,FALSE,TRUE,0.38425117584867086,stronger
GGGRLPVFDYVVL,L,F,5,8,Y,V,250,FALSE,FALSE,0.03474718516730243,no significant difference
GGGRLPVHDYVVL,L,H,5,8,Y,V,250,FALSE,FALSE,0.2012236713061519,no significant difference
DKRLPPGP,R,G,3,7,P,L,152,FALSE,TRUE,0.803807068324728,stronger
GGGREPVKDYVVL,E,K,5,8,Y,V,250,FALSE,TRUE,0.43008753897107854,stronger
GGGRLPVRDYVVL,L,R,5,8,Y,V,250,FALSE,FALSE,0.24915105061488552,no significant difference
RRKRHESPWL,K,R,3,4,R,L,385,FALSE,FALSE,0.15110522843357463,no significant difference
RRARHESPWL,A,R,3,4,R,L,385,FALSE,TRUE,0.28113283890010443,stronger
DKRLPPWP,R,W,3,7,P,L,152,FALSE,FALSE,0.5753605037496119,no significant difference
GGGREPVNDYVVL,E,N,5,8,Y,V,250,FALSE,TRUE,0.4215665605618594,stronger
RRKSHESPWL,K,S,3,4,R,L,385,FALSE,TRUE,0.2618675846043181,stronger
RRASHESPWL,A,S,3,4,R,L,385,FALSE,TRUE,0.3778754276523687,stronger
DKRLPPCP,R,C,3,7,P,L,152,FALSE,TRUE,0.7698615482294499,stronger
GGGREPVTDYVVL,E,T,5,8,Y,V,250,FALSE,TRUE,0.36497420030319694,stronger
RRKMHESPWL,K,M,3,4,R,L,385,FALSE,FALSE,0.1256927567346739,no significant difference
RRAMHESPWL,A,M,3,4,R,L,385,FALSE,TRUE,0.3156187932011022,stronger
RRKIHESPWL,K,I,3,4,R,L,385,FALSE,FALSE,0.1100150645842222,no significant difference
RRAWHESPWL,A,W,3,4,R,L,385,FALSE,TRUE,0.20419855714164664,stronger
RRAIHESPWL,A,I,3,4,R,L,385,FALSE,TRUE,0.31594044201599425,stronger
DKRLPPFP,R,F,3,7,P,L,152,FALSE,FALSE,0.664685883184001,no significant difference
GGGREPVRDYVVL,E,R,5,8,Y,V,250,FALSE,TRUE,0.4743248194239262,stronger
GGGRLPVEDYVVL,L,E,5,8,Y,V,250,FALSE,TRUE,0.365436791539475,stronger
RRKQHESPWL,K,Q,3,4,R,L,385,FALSE,TRUE,0.318146042889873,stronger
RRACHESPWL,A,C,3,4,R,L,385,FALSE,TRUE,0.3925801567244508,stronger
RRAQHESPWL,A,Q,3,4,R,L,385,FALSE,TRUE,0.47926520781821746,stronger
DKSLPPKP,S,K,3,7,P,L,152,FALSE,TRUE,0.8933047471192349,stronger
GGGREPVSDYVVL,E,S,5,8,Y,V,250,FALSE,TRUE,0.27448852882016034,stronger
GGGRLPVDDYVVL,L,D,5,8,Y,V,250,FALSE,TRUE,0.398582239800685,stronger
RRKHHESPWL,K,H,3,4,R,L,385,FALSE,TRUE,0.3895028885208061,stronger
RRALHESPWL,A,L,3,4,R,L,385,FALSE,TRUE,0.2758885937350625,stronger
RRAHHESPWL,A,H,3,4,R,L,385,FALSE,TRUE,0.3018738110753977,stronger
DKSLPPNP,S,N,3,7,P,L,152,FALSE,FALSE,0.7981710926622538,no significant difference
GGGREPVMDYVVL,E,M,5,8,Y,V,250,FALSE,TRUE,0.4091540305702485,stronger
GGGRLPVADYVVL,L,A,5,8,Y,V,250,FALSE,FALSE,0.2835546821582599,no significant difference
RRKPHESPWL,K,P,3,4,R,L,385,FALSE,TRUE,0.35467260050217136,stronger
RRAFHESPWL,A,F,3,4,R,L,385,FALSE,TRUE,0.22519774189081532,stronger
RRAPHESPWL,A,P,3,4,R,L,385,FALSE,TRUE,0.33858496609390953,stronger
DKSLPPTP,S,T,3,7,P,L,152,FALSE,TRUE,0.8188337281887152,stronger
GGGREPVIDYVVL,E,I,5,8,Y,V,250,FALSE,FALSE,0.33763481090101155,no significant difference
GGGREPVQDYVVL,E,Q,5,8,Y,V,250,FALSE,FALSE,0.39664498447206065,no significant difference
GGGRLPVGDYVVL,L,G,5,8,Y,V,250,FALSE,TRUE,0.3381133848620204,stronger
DKSLPPRP,S,R,3,7,P,L,152,FALSE,TRUE,0.8461930042150572,stronger
GGGREPVHDYVVL,E,H,5,8,Y,V,250,FALSE,TRUE,0.4600167073844636,stronger
RRKLHESPWL,K,L,3,4,R,L,385,FALSE,FALSE,0.10378919058894467,no significant difference
DKSLPPSP,S,S,3,7,P,L,152,FALSE,TRUE,0.8088930800998533,stronger
GGGREPVPDYVVL,E,P,5,8,Y,V,250,FALSE,FALSE,0.3952680778947904,no significant difference
GGGRLPVVDYVVL,L,V,5,8,Y,V,250,FALSE,FALSE,0.15320847712848343,no significant difference
DKSLPPMP,S,M,3,7,P,L,152,FALSE,TRUE,0.7246431568361614,stronger
RRKEHESPWL,K,E,3,4,R,L,385,FALSE,TRUE,0.48423173087454174,stronger
DKSLPPIP,S,I,3,7,P,L,152,FALSE,FALSE,0.6982704630772638,no significant difference
GGGRLPV*DYVVL,L,*,5,8,Y,V,250,FALSE,TRUE,0.564016175038388,stronger
RRKDHESPWL,K,D,3,4,R,L,385,FALSE,TRUE,0.38425117584867086,stronger
RRAEHESPWL,A,E,3,4,R,L,385,FALSE,TRUE,0.4865702512421117,stronger
DKSLPPQP,S,Q,3,7,P,L,152,FALSE,TRUE,0.8796130736938337,stronger
GGGREPVLDYVVL,E,L,5,8,Y,V,250,FALSE,FALSE,0.25981706676041355,no significant difference
GGGRLPVYDYVVL,L,Y,5,8,Y,V,250,FALSE,FALSE,0.14546620945752184,no significant difference
RRKAHESPWL,K,A,3,4,R,L,385,FALSE,FALSE,0.36751276707800973,no significant difference
RRADHESPWL,A,D,3,4,R,L,385,FALSE,TRUE,0.4304453828073977,stronger
GGGRLPVSDYVVL,L,S,5,8,Y,V,250,FALSE,TRUE,0.30341235560397184,stronger
RRAAHESPWL,A,A,3,4,R,L,385,FALSE,TRUE,0.4009669752566524,stronger
DKSLPPLP,S,L,3,7,P,L,152,FALSE,FALSE,0.7194643293669978,no significant difference
GGGREPVEDYVVL,E,E,5,8,Y,V,250,FALSE,FALSE,0.4533124596693997,no significant difference
RRKGHESPWL,K,G,3,4,R,L,385,FALSE,TRUE,0.3509306115703012,stronger
GGGREPVDDYVVL,E,D,5,8,Y,V,250,FALSE,TRUE,0.46595842997316805,stronger
GGGRLPVWDYVVL,L,W,5,8,Y,V,250,FALSE,FALSE,0.08996100508557146,no significant difference
RRAGHESPWL,A,G,3,4,R,L,385,FALSE,TRUE,0.4367520264429637,stronger
DKSLPPEP,S,E,3,7,P,L,152,FALSE,TRUE,0.8376042732346216,stronger
GGGREPVADYVVL,E,A,5,8,Y,V,250,FALSE,TRUE,0.49440425166900226,stronger
RRNRHESPWL,N,R,3,4,R,L,385,FALSE,TRUE,0.29032146490185945,stronger
RRKVHESPWL,K,V,3,4,R,L,385,FALSE,FALSE,0.2185377720671186,no significant difference
DKSLPPDP,S,D,3,7,P,L,152,FALSE,TRUE,0.8026783611877013,stronger
RRAVHESPWL,A,V,3,4,R,L,385,FALSE,TRUE,0.3445354074869599,stronger
DKSLPPAP,S,A,3,7,P,L,152,FALSE,TRUE,0.7829728817185143,stronger
GGGREPVGDYVVL,E,G,5,8,Y,V,250,FALSE,TRUE,0.4349126988764789,stronger
RRNLHESPWL,N,L,3,4,R,L,385,FALSE,TRUE,0.29370629796958,stronger
RRK*HESPWL,K,*,3,4,R,L,385,FALSE,TRUE,0.6043229817584784,stronger
RRKYHESPWL,K,Y,3,4,R,L,385,FALSE,FALSE,0.0459990545319479,no significant difference
RRA*HESPWL,A,*,3,4,R,L,385,FALSE,TRUE,0.7268604347567622,stronger
DKSLPPGP,S,G,3,7,P,L,152,FALSE,TRUE,0.8518997225748948,stronger
GGGREPVVDYVVL,E,V,5,8,Y,V,250,FALSE,TRUE,0.382871306792249,stronger
RRNEHESPWL,N,E,3,4,R,L,385,FALSE,TRUE,0.4582153839424166,stronger
RRAYHESPWL,A,Y,3,4,R,L,385,FALSE,TRUE,0.2842699943175562,stronger
RRNDHESPWL,N,D,3,4,R,L,385,FALSE,TRUE,0.5501175176283177,stronger
SGRLWFRDWL,L,R,4,7,F,S,363,FALSE,FALSE,-0.15662607993567793,no significant difference
DKSLPPVP,S,V,3,7,P,L,152,FALSE,TRUE,0.76841769278248,stronger
GGGREPV*DYVVL,E,*,5,8,Y,V,250,FALSE,TRUE,0.6629497987210607,stronger
RRNAHESPWL,N,A,3,4,R,L,385,FALSE,TRUE,0.358192589303276,stronger
RRKWHESPWL,K,W,3,4,R,L,385,FALSE,FALSE,0.24844679698448552,no significant difference
SGRLWFSDWL,L,S,4,7,F,S,363,FALSE,FALSE,-0.05613896726993605,no significant difference
GGGREPVYDYVVL,E,Y,5,8,Y,V,250,FALSE,TRUE,0.3284668927522472,stronger
RRKCHESPWL,K,C,3,4,R,L,385,FALSE,FALSE,0.2324347865881442,no significant difference
SGRLWFMDWL,L,M,4,7,F,S,363,FALSE,FALSE,-0.05725264836132508,no significant difference
DKSLPP*P,S,*,3,7,P,L,152,FALSE,TRUE,0.7847831999414707,stronger
RRNGHESPWL,N,G,3,4,R,L,385,FALSE,TRUE,0.42983438197479656,stronger
SGRLWFIDWL,L,I,4,7,F,S,363,FALSE,FALSE,-0.15054233692293004,no significant difference
DKSLPPYP,S,Y,3,7,P,L,152,FALSE,FALSE,0.7244256240319423,no significant difference
RRKFHESPWL,K,F,3,4,R,L,385,FALSE,FALSE,0.14607688616963993,no significant difference
SGRLWFQDWL,L,Q,4,7,F,S,363,FALSE,TRUE,0.05221567389138135,stronger
GGGREPVWDYVVL,E,W,5,8,Y,V,250,FALSE,FALSE,0.20581279276398373,no significant difference
RRNVHESPWL,N,V,3,4,R,L,385,FALSE,TRUE,0.3428008757149782,stronger
RRNKHESPWL,N,K,3,4,R,L,385,FALSE,FALSE,0.35180056298655654,no significant difference
SGRLWFHDWL,L,H,4,7,F,S,363,FALSE,FALSE,0.05957646238577267,no significant difference
GGGREPVCDYVVL,E,C,5,8,Y,V,250,FALSE,FALSE,0.43837394118533785,no significant difference
RRNNHESPWL,N,N,3,4,R,L,385,FALSE,FALSE,0.27090496893811733,no significant difference
SGRLWFPDWL,L,P,4,7,F,S,363,FALSE,TRUE,-0.00445097679695293,stronger
DKSLPPWP,S,W,3,7,P,L,152,FALSE,FALSE,0.7055003116091852,no significant difference
RRN*HESPWL,N,*,3,4,R,L,385,FALSE,TRUE,0.5879009442550936,stronger
RRNTHESPWL,N,T,3,4,R,L,385,FALSE,TRUE,0.4679541087901229,stronger
DKSLPPCP,S,C,3,7,P,L,152,FALSE,TRUE,0.6993611287526411,stronger
GGGREPVFDYVVL,E,F,5,8,Y,V,250,FALSE,FALSE,0.23137819711841487,no significant difference
RRNYHESPWL,N,Y,3,4,R,L,385,FALSE,FALSE,0.19903113558253008,no significant difference
GGGRDPVKDYVVL,D,K,5,8,Y,V,250,FALSE,TRUE,0.5024012535090084,stronger
RRNSHESPWL,N,S,3,4,R,L,385,FALSE,TRUE,0.33810446094647395,stronger
DKSLPPFP,S,F,3,7,P,L,152,FALSE,FALSE,0.7229699498047841,no significant difference
GGGRDPVNDYVVL,D,N,5,8,Y,V,250,FALSE,FALSE,0.3394868913880562,no significant difference
RRNMHESPWL,N,M,3,4,R,L,385,FALSE,FALSE,0.13062929457691766,no significant difference
SGRLWFLDWL,L,L,4,7,F,S,363,FALSE,FALSE,-0.0916716040584518,no significant difference
DKMLPPKP,M,K,3,7,P,L,152,FALSE,FALSE,0.8966395598986421,no significant difference
GGGRDPVTDYVVL,D,T,5,8,Y,V,250,FALSE,TRUE,0.3518269488527555,stronger
RRNWHESPWL,N,W,3,4,R,L,385,FALSE,FALSE,0.19130986252166432,no significant difference
RRNIHESPWL,N,I,3,4,R,L,385,FALSE,FALSE,0.2871251556790984,no significant difference
DKMLPPNP,M,N,3,7,P,L,152,FALSE,TRUE,0.7896598706026889,stronger
RRNCHESPWL,N,C,3,4,R,L,385,FALSE,TRUE,0.3209223230561856,stronger
RRNQHESPWL,N,Q,3,4,R,L,385,FALSE,FALSE,0.5049775718533079,no significant difference
SGRLWFEDWL,L,E,4,7,F,S,363,FALSE,TRUE,0.22155143727541815,stronger
DKMLPPTP,M,T,3,7,P,L,152,FALSE,TRUE,0.7772583925692274,stronger
GGGRDPVRDYVVL,D,R,5,8,Y,V,250,FALSE,TRUE,0.3537318811125262,stronger
RRNHHESPWL,N,H,3,4,R,L,385,FALSE,FALSE,0.2779936264160033,no significant difference
SGRLWFDDWL,L,D,4,7,F,S,363,FALSE,TRUE,0.1105111493916751,stronger
GGGRDPVSDYVVL,D,S,5,8,Y,V,250,FALSE,TRUE,0.3607713114225023,stronger
RRNFHESPWL,N,F,3,4,R,L,385,FALSE,FALSE,0.23031638772382249,no significant difference
RRNPHESPWL,N,P,3,4,R,L,385,FALSE,TRUE,0.374264556718834,stronger
SGRLWFADWL,L,A,4,7,F,S,363,FALSE,TRUE,0.06770131280601166,stronger
DKMLPPRP,M,R,3,7,P,L,152,FALSE,TRUE,0.7596801994783791,stronger
GGGRDPVMDYVVL,D,M,5,8,Y,V,250,FALSE,FALSE,0.30175616940526534,no significant difference
RRTTHESPWL,T,T,3,4,R,L,385,FALSE,TRUE,0.3711216666262692,stronger
SGRWWFVDWL,W,V,4,7,F,S,363,FALSE,FALSE,-0.095719141787003,no significant difference
RRGKHESPWL,G,K,3,4,R,L,385,FALSE,TRUE,0.35579317153952067,stronger
DKMLPPSP,M,S,3,7,P,L,152,FALSE,TRUE,0.8027083851357748,stronger
GGGRDPVIDYVVL,D,I,5,8,Y,V,250,FALSE,FALSE,0.3639591639116783,no significant difference
RRGNHESPWL,G,N,3,4,R,L,385,FALSE,TRUE,0.4360356652803449,stronger
SGRLWFGDWL,L,G,4,7,F,S,363,FALSE,TRUE,0.01474944364821555,stronger
DKMLPPMP,M,M,3,7,P,L,152,FALSE,TRUE,0.733012517211736,stronger
GGGRDPVQDYVVL,D,Q,5,8,Y,V,250,FALSE,FALSE,0.433054036725859,no significant difference
RRTRHESPWL,T,R,3,4,R,L,385,FALSE,FALSE,0.21523831004305077,no significant difference
SGRWWF*DWL,W,*,4,7,F,S,363,FALSE,FALSE,0.08992101597226689,no significant difference
RRGTHESPWL,G,T,3,4,R,L,385,FALSE,TRUE,0.3883751487750028,stronger
DKMLPPIP,M,I,3,7,P,L,152,FALSE,FALSE,0.778093874056645,no significant difference
GGGRDPVHDYVVL,D,H,5,8,Y,V,250,FALSE,TRUE,0.41871400268730746,stronger
RRTSHESPWL,T,S,3,4,R,L,385,FALSE,TRUE,0.3316270970785119,stronger
SGRWWFYDWL,W,Y,4,7,F,S,363,FALSE,FALSE,-0.12498048015412903,no significant difference
SGRLWFVDWL,L,V,4,7,F,S,363,FALSE,FALSE,-0.10356153046736606,no significant difference
DKMLPPHP,M,H,3,7,P,L,152,FALSE,FALSE,0.779880357349528,no significant difference
GGGRDPVPDYVVL,D,P,5,8,Y,V,250,FALSE,FALSE,0.2850298867188437,no significant difference
RRTMHESPWL,T,M,3,4,R,L,385,FALSE,FALSE,0.19525136481092709,no significant difference
SGRWWFSDWL,W,S,4,7,F,S,363,FALSE,FALSE,-0.04138531478224174,no significant difference
RRGRHESPWL,G,R,3,4,R,L,385,FALSE,TRUE,0.29040404955817134,stronger
RRTIHESPWL,T,I,3,4,R,L,385,FALSE,TRUE,0.25568219313114626,stronger
RRGSHESPWL,G,S,3,4,R,L,385,FALSE,TRUE,0.40164813222331053,stronger
SGRLWF*DWL,L,*,4,7,F,S,363,FALSE,TRUE,0.19195128661115143,stronger
RRTHHESPWL,T,H,3,4,R,L,385,FALSE,FALSE,0.2660973236648272,no significant difference
SGRWWFWDWL,W,W,4,7,F,S,363,FALSE,FALSE,0.00252338485975279,no significant difference
RRGMHESPWL,G,M,3,4,R,L,385,FALSE,TRUE,0.31446308430819203,stronger
SGRLWFYDWL,L,Y,4,7,F,S,363,FALSE,FALSE,-0.01218171386979066,no significant difference
DKMLPPLP,M,L,3,7,P,L,152,FALSE,FALSE,0.6481293356039383,no significant difference
GGGRDPVLDYVVL,D,L,5,8,Y,V,250,FALSE,TRUE,0.31496932704156977,stronger
RRTPHESPWL,T,P,3,4,R,L,385,FALSE,TRUE,0.3773527221274311,stronger
SGRWWFCDWL,W,C,4,7,F,S,363,FALSE,FALSE,-0.1470411904910424,no significant difference
RRGIHESPWL,G,I,3,4,R,L,385,FALSE,TRUE,0.32069132273299505,stronger
SGRWWFLDWL,W,L,4,7,F,S,363,FALSE,FALSE,-0.03540328161301796,no significant difference
RRGQHESPWL,G,Q,3,4,R,L,385,FALSE,TRUE,0.48614749642348587,stronger
DKMLPPEP,M,E,3,7,P,L,152,FALSE,FALSE,0.8283148751786895,no significant difference
GGGRDPVEDYVVL,D,E,5,8,Y,V,250,FALSE,TRUE,0.593014040793528,stronger
SGRWWFFDWL,W,F,4,7,F,S,363,FALSE,FALSE,-0.03403726209236572,no significant difference
RRGHHESPWL,G,H,3,4,R,L,385,FALSE,TRUE,0.36103707391702256,stronger
SGRLWFWDWL,L,W,4,7,F,S,363,FALSE,FALSE,-0.03555815196859571,no significant difference
DKMLPPDP,M,D,3,7,P,L,152,FALSE,FALSE,0.7174291909521383,no significant difference
GGGRDPVDDYVVL,D,D,5,8,Y,V,250,FALSE,FALSE,0.3645595798276829,no significant difference
RRTLHESPWL,T,L,3,4,R,L,385,FALSE,TRUE,0.26968494269480225,stronger
SGRCWFKDWL,C,K,4,7,F,S,363,FALSE,TRUE,0.02179312978356947,stronger
RRGPHESPWL,G,P,3,4,R,L,385,FALSE,TRUE,0.3882734529139862,stronger
SGRLWFCDWL,L,C,4,7,F,S,363,FALSE,FALSE,-0.16080838830956198,no significant difference
DKMLPPAP,M,A,3,7,P,L,152,FALSE,TRUE,0.8525863719618477,stronger
GGGRDPVADYVVL,D,A,5,8,Y,V,250,FALSE,TRUE,0.35469546903607585,stronger
SGRCWFNDWL,C,N,4,7,F,S,363,FALSE,FALSE,0.04664105259347742,no significant difference
RRTEHESPWL,T,E,3,4,R,L,385,FALSE,TRUE,0.42969775088493545,stronger
SGRCWFTDWL,C,T,4,7,F,S,363,FALSE,TRUE,0.035504392033414225,stronger
SGRLWFFDWL,L,F,4,7,F,S,363,FALSE,FALSE,-0.02739727380205849,no significant difference
DKMLPPGP,M,G,3,7,P,L,152,FALSE,TRUE,0.8374058083924708,stronger
GGGRDPVGDYVVL,D,G,5,8,Y,V,250,FALSE,TRUE,0.43927669695198523,stronger
RRTDHESPWL,T,D,3,4,R,L,385,FALSE,TRUE,0.3130537349578201,stronger
SGRFWFKDWL,F,K,4,7,F,S,363,FALSE,FALSE,-0.00395328574519693,no significant difference
RRTAHESPWL,T,A,3,4,R,L,385,FALSE,TRUE,0.33884292290067625,stronger
SGRCWFRDWL,C,R,4,7,F,S,363,FALSE,FALSE,-0.07314815956105833,no significant difference
RRGLHESPWL,G,L,3,4,R,L,385,FALSE,TRUE,0.3310794437259761,stronger
SGRFWFNDWL,F,N,4,7,F,S,363,FALSE,FALSE,-0.05218498267712306,no significant difference
DKMLPPVP,M,V,3,7,P,L,152,FALSE,TRUE,0.7808957643465833,stronger
GGGRDPVVDYVVL,D,V,5,8,Y,V,250,FALSE,TRUE,0.3463348959070448,stronger
SGRCWFSDWL,C,S,4,7,F,S,363,FALSE,TRUE,0.02853272319294876,stronger
SGRFWFTDWL,F,T,4,7,F,S,363,FALSE,FALSE,-0.1326853769034682,no significant difference
RRTGHESPWL,T,G,3,4,R,L,385,FALSE,TRUE,0.41380847924222686,stronger
SGRCWFMDWL,C,M,4,7,F,S,363,FALSE,FALSE,0.01587417983841672,no significant difference
RRGEHESPWL,G,E,3,4,R,L,385,FALSE,TRUE,0.4818309406871122,stronger
DKMLPP*P,M,*,3,7,P,L,152,FALSE,TRUE,0.7688614546645713,stronger
GGGRDPV*DYVVL,D,*,5,8,Y,V,250,FALSE,TRUE,0.6730100309935748,stronger
SGRCWFIDWL,C,I,4,7,F,S,363,FALSE,FALSE,-0.11188181952486376,no significant difference
RRGDHESPWL,G,D,3,4,R,L,385,FALSE,TRUE,0.5225213202722313,stronger
SGRFWFRDWL,F,R,4,7,F,S,363,FALSE,FALSE,-0.21295569488009153,no significant difference
DKMLPPYP,M,Y,3,7,P,L,152,FALSE,FALSE,0.6152577503288076,no significant difference
GGGRDPVYDYVVL,D,Y,5,8,Y,V,250,FALSE,FALSE,0.22687614891690677,no significant difference
RRTVHESPWL,T,V,3,4,R,L,385,FALSE,TRUE,0.3070346987954585,stronger
SGRCWFQDWL,C,Q,4,7,F,S,363,FALSE,FALSE,0.13057347940791458,no significant difference
RRGAHESPWL,G,A,3,4,R,L,385,FALSE,TRUE,0.3801383993003059,stronger
SGRFWFSDWL,F,S,4,7,F,S,363,TRUE,FALSE,-0.1213316837901292,no significant difference
SGRCWFHDWL,C,H,4,7,F,S,363,FALSE,TRUE,0.11639043951930712,stronger
SGRFWFMDWL,F,M,4,7,F,S,363,FALSE,FALSE,-0.03239918350752014,no significant difference
GGGRDPVWDYVVL,D,W,5,8,Y,V,250,FALSE,FALSE,0.2907604249710058,no significant difference
RRT*HESPWL,T,*,3,4,R,L,385,FALSE,TRUE,0.6436956471543449,stronger
SGRCWFPDWL,C,P,4,7,F,S,363,FALSE,TRUE,0.11746150062900818,stronger
RRGGHESPWL,G,G,3,4,R,L,385,FALSE,TRUE,0.4394423539553505,stronger
SGRFWFIDWL,F,I,4,7,F,S,363,FALSE,FALSE,-0.26141757355335427,no significant difference
DKMLPPWP,M,W,3,7,P,L,152,FALSE,FALSE,0.6663272573509611,no significant difference
GGGRDPVCDYVVL,D,C,5,8,Y,V,250,FALSE,FALSE,0.3019835395847298,no significant difference
RRTYHESPWL,T,Y,3,4,R,L,385,FALSE,TRUE,0.2388675535422251,stronger
SGRFWFQDWL,F,Q,4,7,F,S,363,FALSE,FALSE,-0.11165710537555752,no significant difference
DKMLPPCP,M,C,3,7,P,L,152,FALSE,TRUE,0.7473037738395075,stronger
RRGVHESPWL,G,V,3,4,R,L,385,FALSE,TRUE,0.33374608361215286,stronger
SGRFWFHDWL,F,H,4,7,F,S,363,FALSE,FALSE,-0.08413197856056169,no significant difference
GGGRDPVFDYVVL,D,F,5,8,Y,V,250,FALSE,FALSE,0.23423352944673767,no significant difference
SGRFWFPDWL,F,P,4,7,F,S,363,FALSE,FALSE,-0.07087801153548026,no significant difference
DKMLPPFP,M,F,3,7,P,L,152,FALSE,FALSE,0.6644857156197284,no significant difference
GGGRAPVRDYVVL,A,R,5,8,Y,V,250,FALSE,TRUE,0.3059552220210406,stronger
RRTWHESPWL,T,W,3,4,R,L,385,FALSE,TRUE,0.18444156312213233,stronger
SGRCWFLDWL,C,L,4,7,F,S,363,FALSE,FALSE,0.01295641929895899,no significant difference
RRG*HESPWL,G,*,3,4,R,L,385,FALSE,TRUE,0.7500043421318184,stronger
DKILPPNP,I,N,3,7,P,L,152,FALSE,FALSE,0.6841354679968819,no significant difference
GGGRAPVSDYVVL,A,S,5,8,Y,V,250,FALSE,TRUE,0.341216245709567,stronger
RRTCHESPWL,T,C,3,4,R,L,385,FALSE,TRUE,0.3530533118886081,stronger
RRGYHESPWL,G,Y,3,4,R,L,385,FALSE,TRUE,0.2701840285290278,stronger
DKILPPTP,I,T,3,7,P,L,152,FALSE,TRUE,0.7607992143378968,stronger
GGGRAPVMDYVVL,A,M,5,8,Y,V,250,FALSE,TRUE,0.28142597679460907,stronger
SGRCWFEDWL,C,E,4,7,F,S,363,FALSE,FALSE,0.123380542037076,no significant difference
GGGRAPVIDYVVL,A,I,5,8,Y,V,250,FALSE,FALSE,0.16601455697840942,no significant difference
RRTFHESPWL,T,F,3,4,R,L,385,FALSE,FALSE,0.22610956763790935,no significant difference
SGRCWFDDWL,C,D,4,7,F,S,363,FALSE,TRUE,0.13200970321313846,stronger
SGRFWFLDWL,F,L,4,7,F,S,363,FALSE,FALSE,-0.24839320576872537,no significant difference
DKILPPRP,I,R,3,7,P,L,152,FALSE,TRUE,0.8009231333462815,stronger
RRTKHESPWL,T,K,3,4,R,L,385,FALSE,TRUE,0.3546470423529038,stronger
SGRCWFADWL,C,A,4,7,F,S,363,FALSE,TRUE,0.18183909298095674,stronger
RRGWHESPWL,G,W,3,4,R,L,385,FALSE,TRUE,0.2659750867869301,stronger
DKILPPSP,I,S,3,7,P,L,152,FALSE,TRUE,0.8283951691268782,stronger
GGGRAPVLDYVVL,A,L,5,8,Y,V,250,FALSE,FALSE,0.3073126493514649,no significant difference
RRTNHESPWL,T,N,3,4,R,L,385,FALSE,FALSE,0.3751419232651605,no significant difference
RRGCHESPWL,G,C,3,4,R,L,385,FALSE,TRUE,0.34707028413441987,stronger
SGRFWFEDWL,F,E,4,7,F,S,363,FALSE,TRUE,0.176495051181582,stronger
DKILPPMP,I,M,3,7,P,L,152,FALSE,FALSE,0.5931855273911438,no significant difference
GGGRAPVEDYVVL,A,E,5,8,Y,V,250,FALSE,TRUE,0.4872916175539549,stronger
SGRCWFGDWL,C,G,4,7,F,S,363,FALSE,TRUE,0.07021821989880095,stronger
SGRFWFDDWL,F,D,4,7,F,S,363,FALSE,TRUE,0.06549437189672437,stronger
DKILPPIP,I,I,3,7,P,L,152,FALSE,TRUE,0.7500880691288416,stronger
GGGRAPVDDYVVL,A,D,5,8,Y,V,250,FALSE,TRUE,0.3810682538590565,stronger
RRGFHESPWL,G,F,3,4,R,L,385,FALSE,TRUE,0.23112348963047963,stronger
SGRFWFADWL,F,A,4,7,F,S,363,FALSE,FALSE,-0.14663079785590372,no significant difference
DKILPPHP,I,H,3,7,P,L,152,FALSE,TRUE,0.773213101398909,stronger
GGGRAPVADYVVL,A,A,5,8,Y,V,250,FALSE,TRUE,0.3245945391020604,stronger
SGRCWFVDWL,C,V,4,7,F,S,363,FALSE,FALSE,0.08411264088367923,no significant difference
GGGRAPVGDYVVL,A,G,5,8,Y,V,250,FALSE,TRUE,0.4483365528908171,stronger
SGRFWFGDWL,F,G,4,7,F,S,363,FALSE,FALSE,-0.1278031550856763,no significant difference
SGRCWF*DWL,C,*,4,7,F,S,363,FALSE,TRUE,0.1843777417010548,stronger
DKILPPLP,I,L,3,7,P,L,152,FALSE,FALSE,0.6677312429349607,no significant difference
GGGRAPVVDYVVL,A,V,5,8,Y,V,250,FALSE,FALSE,0.28438206719004555,no significant difference
SGRCWFYDWL,C,Y,4,7,F,S,363,FALSE,FALSE,0.00785510278887006,no significant difference
SGRFWFVDWL,F,V,4,7,F,S,363,FALSE,FALSE,-0.2111404054616695,no significant difference
RRTQHESPWL,T,Q,3,4,R,L,385,FALSE,TRUE,0.3500138910585442,stronger
DKILPPEP,I,E,3,7,P,L,152,FALSE,TRUE,0.8385106693341502,stronger
GGGRAPV*DYVVL,A,*,5,8,Y,V,250,FALSE,TRUE,0.6250741768211844,stronger
SGRFWF*DWL,F,*,4,7,F,S,363,FALSE,FALSE,0.05734012913101167,no significant difference
DKILPPDP,I,D,3,7,P,L,152,FALSE,FALSE,0.814683902709503,no significant difference
GGGRAPVYDYVVL,A,Y,5,8,Y,V,250,FALSE,FALSE,0.318030658301218,no significant difference
SGRCWFWDWL,C,W,4,7,F,S,363,FALSE,TRUE,0.04833239879641324,stronger
SGRFWFYDWL,F,Y,4,7,F,S,363,FALSE,FALSE,-0.08714958513601934,no significant difference
DKILPPAP,I,A,3,7,P,L,152,FALSE,TRUE,0.7428322061655086,stronger
SGRCWFCDWL,C,C,4,7,F,S,363,FALSE,TRUE,0.11609453690346308,stronger
GGGRAPVWDYVVL,A,W,5,8,Y,V,250,FALSE,FALSE,0.2692268469795769,no significant difference
DKILPPGP,I,G,3,7,P,L,152,FALSE,TRUE,0.8357411228228424,stronger
GGGRAPVCDYVVL,A,C,5,8,Y,V,250,FALSE,FALSE,0.24928685319233818,no significant difference
SGRCWFFDWL,C,F,4,7,F,S,363,FALSE,FALSE,-0.06191383022274261,no significant difference
SGRFWFWDWL,F,W,4,7,F,S,363,FALSE,FALSE,-0.1625933955212795,no significant difference
SGRLWFKDWL,L,K,4,7,F,S,363,FALSE,FALSE,-0.07433218773850434,no significant difference
SGRFWFCDWL,F,C,4,7,F,S,363,FALSE,FALSE,-0.1780340642599466,no significant difference
DKILPPVP,I,V,3,7,P,L,152,FALSE,FALSE,0.7379539159570594,no significant difference
GGGRAPVFDYVVL,A,F,5,8,Y,V,250,FALSE,FALSE,0.10055577725169296,no significant difference
SGRLWFNDWL,L,N,4,7,F,S,363,FALSE,TRUE,0.10203627560183616,stronger
GGGRAPVKDYVVL,A,K,5,8,Y,V,250,FALSE,TRUE,0.45037385705302013,stronger
SGRLWFTDWL,L,T,4,7,F,S,363,FALSE,FALSE,-0.05366012418770485,no significant difference
SGRFWFFDWL,F,F,4,7,F,S,363,FALSE,FALSE,-0.18125100534553631,no significant difference
DKILPP*P,I,*,3,7,P,L,152,FALSE,FALSE,0.6123674022117382,no significant difference
WFPLVDYLVHIS,250_4,250_4,250_4,250_4,250_4,250_4,reference,TRUE,FALSE,0,no significant difference
DKILPPYP,I,Y,3,7,P,L,152,FALSE,FALSE,0.6947613736487018,no significant difference
GLLRSRLSPSVPVL,R,S,4,8,W,A,299,FALSE,FALSE,-0.1506663815202769,no significant difference
GLLVSRLMPSVPVL,V,M,4,8,W,A,299,FALSE,FALSE,-0.32234162238218267,no significant difference
GLLVSRLIPSVPVL,V,I,4,8,W,A,299,FALSE,FALSE,-0.32025005939219725,no significant difference
DKILPPWP,I,W,3,7,P,L,152,FALSE,FALSE,0.5538378430313635,no significant difference
GLLRSRLWPSVPVL,R,W,4,8,W,A,299,FALSE,FALSE,-0.273471399021466,no significant difference
GLLVSRLQPSVPVL,V,Q,4,8,W,A,299,FALSE,FALSE,-0.19826736071442183,no significant difference
DKILPPCP,I,C,3,7,P,L,152,FALSE,FALSE,0.6663069462828636,no significant difference
GLLRSRLCPSVPVL,R,C,4,8,W,A,299,FALSE,FALSE,-0.18058873941943163,no significant difference
GLLVSRLHPSVPVL,V,H,4,8,W,A,299,FALSE,FALSE,-0.19788647582652685,no significant difference
GLLRSRLLPSVPVL,R,L,4,8,W,A,299,FALSE,FALSE,-0.22177033600781207,no significant difference
GLLVSRLPPSVPVL,V,P,4,8,W,A,299,FALSE,FALSE,-0.37584498980408254,no significant difference
DKILPPFP,I,F,3,7,P,L,152,FALSE,FALSE,0.6793234481013771,no significant difference
GLLRSRLFPSVPVL,R,F,4,8,W,A,299,FALSE,FALSE,-0.1926651813515005,no significant difference
DKQLPPKP,Q,K,3,7,P,L,152,FALSE,FALSE,0.8622716878024757,no significant difference
GLLSSRLKPSVPVL,S,K,4,8,W,A,299,FALSE,FALSE,0.01419766512948865,no significant difference
GLLVSRLRPSVPVL,V,R,4,8,W,A,299,FALSE,FALSE,-0.2876992718064646,no significant difference
DKQLPPTP,Q,T,3,7,P,L,152,FALSE,FALSE,0.7933887446816413,no significant difference
GLLSSRLNPSVPVL,S,N,4,8,W,A,299,FALSE,FALSE,-0.07781930709101227,no significant difference
DKQLPPRP,Q,R,3,7,P,L,152,FALSE,TRUE,0.8020998180889642,stronger
GLLSSRLTPSVPVL,S,T,4,8,W,A,299,FALSE,FALSE,-0.12672119882422553,no significant difference
GLLVSRLLPSVPVL,V,L,4,8,W,A,299,FALSE,FALSE,-0.25361858277866006,no significant difference
DKQLPPSP,Q,S,3,7,P,L,152,FALSE,TRUE,0.7588604928970136,stronger
DKQLPPMP,Q,M,3,7,P,L,152,FALSE,FALSE,0.73339489611809106,no significant difference
GLLSSRLRPSVPVL,S,R,4,8,W,A,299,FALSE,FALSE,-0.17983584038805753,no significant difference
GLLVSRLEPSVPVL,V,E,4,8,W,A,299,FALSE,FALSE,-0.02129356775924084,no significant difference
DKQLPPIP,Q,I,3,7,P,L,152,FALSE,FALSE,0.6328670494983094,no significant difference
RRRKHESPWL,R,K,3,4,R,L,385,FALSE,FALSE,0.11076002683831412,no significant difference
GLLSSRLSPSVPVL,S,S,4,8,W,A,299,FALSE,FALSE,-0.10351050613486223,no significant difference
GLLVSRLDPSVPVL,V,D,4,8,W,A,299,FALSE,FALSE,-0.03791903870130444,no significant difference
RRRNHESPWL,R,N,3,4,R,L,385,FALSE,TRUE,0.2413914766711645,stronger
GLLSSRLMPSVPVL,S,M,4,8,W,A,299,FALSE,FALSE,-0.20002611021463793,no significant difference
GLLVSRLAPSVPVL,V,A,4,8,W,A,299,FALSE,FALSE,-0.25865495751023704,no significant difference
DKQLPPLP,Q,L,3,7,P,L,152,FALSE,FALSE,0.6942531211464782,no significant difference
RRRTHESPWL,R,T,3,4,R,L,385,FALSE,TRUE,0.241970715899458,stronger
GLLSSRLIPSVPVL,S,I,4,8,W,A,299,FALSE,FALSE,-0.16659399921127094,no significant difference
DKQLPPEP,Q,E,3,7,P,L,152,FALSE,TRUE,0.837345361775486,stronger
GLLSSRLQPSVPVL,S,Q,4,8,W,A,299,FALSE,FALSE,-0.2536102945125829,no significant difference
GLLVSRLGPSVPVL,V,G,4,8,W,A,299,FALSE,FALSE,-0.12979420453893406,no significant difference
DKQLPPDP,Q,D,3,7,P,L,152,FALSE,FALSE,0.883919102248569,no significant difference
RRRRHESPWL,R,R,3,4,R,L,385,FALSE,TRUE,0.00154983425609494,weaker
GLLSSRLHPSVPVL,S,H,4,8,W,A,299,FALSE,FALSE,-0.1679145804190823,no significant difference
DKQLPPAP,Q,A,3,7,P,L,152,FALSE,TRUE,0.7758932971905125,stronger
RRRSHESPWL,R,S,3,4,R,L,385,FALSE,TRUE,0.25604308821017485,stronger
GLLSSRLPPSVPVL,S,P,4,8,W,A,299,FALSE,FALSE,-0.14250627665750193,no significant difference
GLLVSRLVPSVPVL,V,V,4,8,W,A,299,FALSE,FALSE,-0.2838561982815354,no significant difference
RRRMHESPWL,R,M,3,4,R,L,385,FALSE,FALSE,0.1576460782281634,no significant difference
DKQLPPGP,Q,G,3,7,P,L,152,FALSE,TRUE,0.898728918130184,stronger
RRRIHESPWL,R,I,3,4,R,L,385,FALSE,FALSE,0.21594989958564065,no significant difference
RRVKHESPWL,V,K,3,4,R,L,385,FALSE,TRUE,0.3626653905871877,stronger
GLLVSRL*PSVPVL,V,*,4,8,W,A,299,FALSE,FALSE,-0.0640460435093572,no significant difference
GGGRGPVKDYVVL,G,K,5,8,Y,V,250,FALSE,TRUE,0.3742848845187676,stronger
RRRQHESPWL,R,Q,3,4,R,L,385,FALSE,FALSE,0.16053819724753876,no significant difference
RRVNHESPWL,V,N,3,4,R,L,385,FALSE,TRUE,0.4380963175780424,stronger
GLLVSRLYPSVPVL,V,Y,4,8,W,A,299,FALSE,FALSE,-0.20206376820255448,no significant difference
DKQLPPVP,Q,V,3,7,P,L,152,FALSE,TRUE,0.7749789760970056,stronger
GGGRGPVNDYVVL,G,N,5,8,Y,V,250,FALSE,TRUE,0.3304480242202035,stronger
RRRHHESPWL,R,H,3,4,R,L,385,FALSE,FALSE,0.07512561258278017,no significant difference
GLLSSRLLPSVPVL,S,L,4,8,W,A,299,FALSE,FALSE,-0.22036905226938056,no significant difference
RRVTHESPWL,V,T,3,4,R,L,385,FALSE,TRUE,0.38978672497328304,stronger
GLLVSRLSPSVPVL,V,S,4,8,W,A,299,FALSE,FALSE,-0.2107358972061797,no significant difference
GGGRGPVTDYVVL,G,T,5,8,Y,V,250,FALSE,TRUE,0.36151018965104353,stronger
RRRPHESPWL,R,P,3,4,R,L,385,FALSE,TRUE,0.3166549025385771,stronger
DKQLPP*P,Q,*,3,7,P,L,152,FALSE,FALSE,0.6599369067668791,no significant difference
GLLSSRLEPSVPVL,S,E,4,8,W,A,299,FALSE,FALSE,0.05530228091719275,no significant difference
RRVRHESPWL,V,R,3,4,R,L,385,FALSE,FALSE,0.2526025445889172,no significant difference
GLLVSRLWPSVPVL,V,W,4,8,W,A,299,FALSE,FALSE,-0.26270698338344123,no significant difference
DKQLPPYP,Q,Y,3,7,P,L,152,FALSE,FALSE,0.7373028432888923,no significant difference
GGGRGPVRDYVVL,G,R,5,8,Y,V,250,FALSE,TRUE,0.3797243703715657,stronger
GLLSSRLDPSVPVL,S,D,4,8,W,A,299,FALSE,FALSE,0.03943041460173363,no significant difference
RRVSHESPWL,V,S,3,4,R,L,385,FALSE,TRUE,0.3539020159312647,stronger
GLLVSRLCPSVPVL,V,C,4,8,W,A,299,FALSE,FALSE,-0.2790879753061116,no significant difference
GGGRGPVSDYVVL,G,S,5,8,Y,V,250,FALSE,TRUE,0.37176918506158774,stronger
GLLSSRLAPSVPVL,S,A,4,8,W,A,299,FALSE,FALSE,-0.1287669400175101,no significant difference
RRVMHESPWL,V,M,3,4,R,L,385,FALSE,TRUE,0.3004654607006887,stronger
GGGRGPVMDYVVL,G,M,5,8,Y,V,250,FALSE,FALSE,0.24490517995540728,no significant difference
RRRLHESPWL,R,L,3,4,R,L,385,TRUE,FALSE,0.14107376522179194,no significant difference
RRVIHESPWL,V,I,3,4,R,L,385,FALSE,TRUE,0.22326701402356533,stronger
GLLVSRLFPSVPVL,V,F,4,8,W,A,299,FALSE,FALSE,-0.28151727618793354,no significant difference
DKQLPPWP,Q,W,3,7,P,L,152,FALSE,FALSE,0.7256012159982503,no significant difference
GGGRGPVIDYVVL,G,I,5,8,Y,V,250,FALSE,FALSE,0.18759251221870396,no significant difference
GLLSSRLGPSVPVL,S,G,4,8,W,A,299,FALSE,FALSE,-0.003457247103017695,no significant difference
RRVQHESPWL,V,Q,3,4,R,L,385,FALSE,TRUE,0.425478827587683,stronger
GLLVSRLKPSVPVL,V,K,4,8,W,A,299,FALSE,FALSE,-0.060258303704545615,no significant difference
DKQLPPCP,Q,C,3,7,P,L,152,FALSE,FALSE,0.5267893732192473,no significant difference
GGGRGPVQDYVVL,G,Q,5,8,Y,V,250,FALSE,TRUE,0.3643969608720289,stronger
RRREHESPWL,R,E,3,4,R,L,385,FALSE,TRUE,0.34642070809643977,stronger
RRVHHESPWL,V,H,3,4,R,L,385,FALSE,TRUE,0.34615056939363487,stronger
GLLVSRLNPSVPVL,V,N,4,8,W,A,299,FALSE,FALSE,-0.09499189444028419,no significant difference
GGGRGPVHDYVVL,G,H,5,8,Y,V,250,FALSE,TRUE,0.34727942887609986,stronger
RRRDHESPWL,R,D,3,4,R,L,385,FALSE,TRUE,0.3577663164104796,stronger
GLLSSRLVPSVPVL,S,V,4,8,W,A,299,FALSE,FALSE,-0.15667270124269694,no significant difference
RRVPHESPWL,V,P,3,4,R,L,385,FALSE,TRUE,0.28672007012335576,stronger
GLLVSRLTPSVPVL,V,T,4,8,W,A,299,FALSE,FALSE,-0.13970338396039253,no significant difference
DKQLPPFP,Q,F,3,7,P,L,152,FALSE,TRUE,0.7686770983526163,stronger
GGGRGPVPDYVVL,G,P,5,8,Y,V,250,FALSE,TRUE,0.41005934659635834,stronger
RRRAHESPWL,R,A,3,4,R,L,385,FALSE,FALSE,0.19585655592095927,no significant difference
DKHLPPKP,H,K,3,7,P,L,152,FALSE,TRUE,1.125967899223135,stronger
GLLSSRL*PSVPVL,S,*,4,8,W,A,299,FALSE,FALSE,0.2096910841935817,no significant difference
DKHLPPTP,H,T,3,7,P,L,152,FALSE,FALSE,0.8040108795560774,no significant difference
RRRGHESPWL,R,G,3,4,R,L,385,FALSE,TRUE,0.2344458900698606,stronger
GLLSSRLYPSVPVL,S,Y,4,8,W,A,299,FALSE,FALSE,-0.2081157010955023,no significant difference
DKHLPPRP,H,R,3,7,P,L,152,FALSE,FALSE,0.7014714441873975,no significant difference
GGGRGPVLDYVVL,G,L,5,8,Y,V,250,FALSE,FALSE,0.2143492421733148,no significant difference
RRVLHESPWL,V,L,3,4,R,L,385,FALSE,TRUE,0.2514492304174557,stronger
DKHLPPSP,H,S,3,7,P,L,152,FALSE,TRUE,0.8155918515517325,stronger
RRRVHESPWL,R,V,3,4,R,L,385,FALSE,FALSE,0.16620638789542297,no significant difference
DKHLPPMP,H,M,3,7,P,L,152,FALSE,TRUE,0.7318154902455654,stronger
GGGRGPVEDYVVL,G,E,5,8,Y,V,250,FALSE,TRUE,0.4677387807812361,stronger
GLLSSRLWPSVPVL,S,W,4,8,W,A,299,FALSE,FALSE,-0.19585273391579527,no significant difference
RRVEHESPWL,V,E,3,4,R,L,385,FALSE,TRUE,0.49057709261494775,stronger
DKHLPPIP,H,I,3,7,P,L,152,FALSE,FALSE,0.7896191479959097,no significant difference
GGGRGPVDDYVVL,G,D,5,8,Y,V,250,FALSE,TRUE,0.3950387154948487,stronger
RRR*HESPWL,R,*,3,4,R,L,385,FALSE,TRUE,0.537422950948071,stronger
GLLSSRLCPSVPVL,S,C,4,8,W,A,299,FALSE,FALSE,-0.13067396164137668,no significant difference
RRVDHESPWL,V,D,3,4,R,L,385,FALSE,TRUE,0.4468784942821724,stronger
DKHLPPQP,H,Q,3,7,P,L,152,FALSE,TRUE,0.8471181881799509,stronger
GGGRGPVADYVVL,G,A,5,8,Y,V,250,FALSE,TRUE,0.42523292108143085,stronger
RRRYHESPWL,R,Y,3,4,R,L,385,FALSE,FALSE,0.19341509465246948,no significant difference
RRVAHESPWL,V,A,3,4,R,L,385,FALSE,TRUE,0.3628436735425956,stronger
GLLSSRLFPSVPVL,S,F,4,8,W,A,299,FALSE,FALSE,-0.1824994760795407,no significant difference
DKHLPPLP,H,L,3,7,P,L,152,FALSE,FALSE,0.7247968852501455,no significant difference
GGGRGPVGDYVVL,G,G,5,8,Y,V,250,FALSE,TRUE,0.4044828324320907,stronger
GLLMSRLKPSVPVL,M,K,4,8,W,A,299,FALSE,FALSE,-0.23229466556043807,no significant difference
RRVGHESPWL,V,G,3,4,R,L,385,FALSE,TRUE,0.4074113712374662,stronger
DKHLPPEP,H,E,3,7,P,L,152,FALSE,TRUE,0.7679302759913169,stronger
RRRWHESPWL,R,W,3,4,R,L,385,FALSE,FALSE,0.02363365658594365,no significant difference
GLLMSRLNPSVPVL,M,N,4,8,W,A,299,FALSE,FALSE,-0.095426579426909,no significant difference
DKHLPPDP,H,D,3,7,P,L,152,FALSE,TRUE,0.7771817664934676,stronger
GGGRGPVVDYVVL,G,V,5,8,Y,V,250,FALSE,FALSE,0.26788417537448594,no significant difference
RRRCHESPWL,R,C,3,4,R,L,385,FALSE,FALSE,0.17338412376347845,no significant difference
GLLMSRLTPSVPVL,M,T,4,8,W,A,299,FALSE,FALSE,-0.09015791014096658,no significant difference
RRVVHESPWL,V,V,3,4,R,L,385,FALSE,TRUE,0.28773871803260315,stronger
DKHLPPAP,H,A,3,7,P,L,152,FALSE,FALSE,0.7283330138730555,no significant difference
GGGRGPV*DYVVL,G,*,5,8,Y,V,250,FALSE,TRUE,0.5781930664816929,stronger
RRRFHESPWL,R,F,3,4,R,L,385,FALSE,FALSE,0.1072945645615202,no significant difference
GLLMSRLRPSVPVL,M,R,4,8,W,A,299,FALSE,FALSE,-0.3705554085038351,no significant difference
RRV*HESPWL,V,*,3,4,R,L,385,FALSE,TRUE,0.6218849680194316,stronger
DKHLPPGP,H,G,3,7,P,L,152,FALSE,TRUE,0.837551648212014,stronger
GGGRGPVYDYVVL,G,Y,5,8,Y,V,250,FALSE,FALSE,0.18685899490198282,no significant difference
RRSKHESPWL,S,K,3,4,R,L,385,FALSE,TRUE,0.3503775151513577,stronger
GLLMSRLSPSVPVL,M,S,4,8,W,A,299,FALSE,FALSE,-0.2091332773511383,no significant difference
RRVYHESPWL,V,Y,3,4,R,L,385,FALSE,TRUE,0.24706115434386494,stronger
RRSNHESPWL,S,N,3,4,R,L,385,FALSE,TRUE,0.3607058149336592,stronger
GLLMSRLMPSVPVL,M,M,4,8,W,A,299,FALSE,FALSE,-0.348326486600107,no significant difference
DKHLPPVP,H,V,3,7,P,L,152,FALSE,TRUE,0.7775186093348858,stronger
RRSTHESPWL,S,T,3,4,R,L,385,FALSE,TRUE,0.312232794371776,stronger
GLLMSRLIPSVPVL,M,I,4,8,W,A,299,FALSE,FALSE,-0.3175191225190001,no significant difference
GGGRGPVWDYVVL,G,W,5,8,Y,V,250,FALSE,FALSE,0.11342974437144482,no significant difference
GLLMSRLQPSVPVL,M,Q,4,8,W,A,299,FALSE,FALSE,-0.25020145901711177,no significant difference
RRVWHESPWL,V,W,3,4,R,L,385,FALSE,TRUE,0.22615759472834027,stronger
DKHLPP*P,H,*,3,7,P,L,152,FALSE,TRUE,0.7769642660061145,stronger
GGGRGPVCDYVVL,G,C,5,8,Y,V,250,FALSE,FALSE,0.34590963011337655,no significant difference
RRSRHESPWL,S,R,3,4,R,L,385,FALSE,FALSE,0.16589528738000922,no significant difference
GLLMSRLHPSVPVL,M,H,4,8,W,A,299,FALSE,FALSE,-0.2191913688866151,no significant difference
RRVCHESPWL,V,C,3,4,R,L,385,FALSE,TRUE,0.3291252981636431,stronger
RRSSHESPWL,S,S,3,4,R,L,385,FALSE,TRUE,0.3289511818412566,stronger
GLLMSRLPPSVPVL,M,P,4,8,W,A,299,FALSE,FALSE,-0.4067033053367969,no significant difference
GGGRGPVFDYVVL,G,F,5,8,Y,V,250,FALSE,FALSE,0.15120613046215456,no significant difference
RRSMHESPWL,S,M,3,4,R,L,385,FALSE,TRUE,0.23552424982011289,stronger
RRVFHESPWL,V,F,3,4,R,L,385,FALSE,FALSE,0.24070174079328918,no significant difference
DKHLPPWP,H,W,3,7,P,L,152,FALSE,FALSE,0.6825822711965122,no significant difference
RRSIHESPWL,S,I,3,4,R,L,385,FALSE,FALSE,0.1689620321493752,no significant difference
DKHLPPCP,H,C,3,7,P,L,152,FALSE,TRUE,0.7555920022958733,stronger
RRSQHESPWL,S,Q,3,4,R,L,385,FALSE,TRUE,0.3305022585753487,stronger
RRSHHESPWL,S,H,3,4,R,L,385,FALSE,TRUE,0.2754426988690962,stronger
GLLMSRLLPSVPVL,M,L,4,8,W,A,299,FALSE,FALSE,-0.20525172475659167,no significant difference
DKHLPPFP,H,F,3,7,P,L,152,FALSE,FALSE,0.7170001270520423,no significant difference
RRSPHESPWL,S,P,3,4,R,L,385,FALSE,TRUE,0.3386675698293996,stronger
DKPLPPKP,P,K,3,7,P,L,152,FALSE,TRUE,0.9060743300043779,stronger
GLLMSRLEPSVPVL,M,E,4,8,W,A,299,FALSE,FALSE,-0.0664723815512561,no significant difference
DKPLPPNP,P,N,3,7,P,L,152,FALSE,TRUE,0.7621843411660498,stronger
GLLMSRLDPSVPVL,M,D,4,8,W,A,299,FALSE,FALSE,-0.002436340125803,no significant difference
DKPLPPTP,P,T,3,7,P,L,152,FALSE,FALSE,0.6353863673337868,no significant difference
GLLMSRLAPSVPVL,M,A,4,8,W,A,299,FALSE,FALSE,-0.27417629840737257,no significant difference
DKPLPPRP,P,R,3,7,P,L,152,FALSE,TRUE,0.8204774438570416,stronger
RRSLHESPWL,S,L,3,4,R,L,385,FALSE,TRUE,0.23024022622940143,stronger
DKPLPPSP,P,S,3,7,P,L,152,FALSE,FALSE,0.6813700205109512,no significant difference
GLLMSRLGPSVPVL,M,G,4,8,W,A,299,FALSE,FALSE,-0.11386534297021095,no significant difference
GLL*SRLKPSVPVL,*,K,4,8,W,A,299,FALSE,FALSE,0.31100537594376465,no significant difference
DKPLPPIP,P,I,3,7,P,L,152,FALSE,FALSE,0.6168434507126994,no significant difference
RRSEHESPWL,S,E,3,4,R,L,385,FALSE,TRUE,0.45895393616693,stronger
GLL*SRLNPSVPVL,*,N,4,8,W,A,299,FALSE,FALSE,0.35340747596943595,no significant difference
DKPLPPQP,P,Q,3,7,P,L,152,FALSE,FALSE,0.6958560588488181,no significant difference
RRSDHESPWL,S,D,3,4,R,L,385,FALSE,TRUE,0.4601684190957303,stronger
GLLMSRLVPSVPVL,M,V,4,8,W,A,299,FALSE,FALSE,-0.25019726917415386,no significant difference
GLL*SRLTPSVPVL,*,T,4,8,W,A,299,FALSE,FALSE,0.45600623564443493,no significant difference
RRSAHESPWL,S,A,3,4,R,L,385,FALSE,TRUE,0.36240627506063117,stronger
DKPLPPEP,P,E,3,7,P,L,152,FALSE,FALSE,0.7172333265745452,no significant difference
GLLMSRL*PSVPVL,M,*,4,8,W,A,299,FALSE,FALSE,-0.0684837423524475,no significant difference
GLL*SRLRPSVPVL,*,R,4,8,W,A,299,FALSE,FALSE,0.45017949452877654,no significant difference
DKPLPPDP,P,D,3,7,P,L,152,FALSE,FALSE,0.5764523225518907,no significant difference
RRSGHESPWL,S,G,3,4,R,L,385,FALSE,TRUE,0.4526130014952625,stronger
GLLMSRLYPSVPVL,M,Y,4,8,W,A,299,FALSE,FALSE,-0.25326421356204887,no significant difference
GLL*SRLSPSVPVL,*,S,4,8,W,A,299,FALSE,FALSE,0.35068327928935383,no significant difference
DKPLPPAP,P,A,3,7,P,L,152,FALSE,FALSE,0.7225161530072909,no significant difference
GLL*SRLMPSVPVL,*,M,4,8,W,A,299,FALSE,FALSE,0.3104021398718144,no significant difference
DKPLPPGP,P,G,3,7,P,L,152,FALSE,TRUE,0.776035706028311,stronger
RRSVHESPWL,S,V,3,4,R,L,385,FALSE,TRUE,0.334581859189548,stronger
GLL*SRLIPSVPVL,*,I,4,8,W,A,299,FALSE,FALSE,0.2455252451227297,no significant difference
GLLMSRLWPSVPVL,M,W,4,8,W,A,299,FALSE,FALSE,-0.2778105442410828,no significant difference
GLL*SRLQPSVPVL,*,Q,4,8,W,A,299,FALSE,FALSE,0.3851461915812424,no significant difference
DKPLPPVP,P,V,3,7,P,L,152,FALSE,FALSE,0.6757070422863226,no significant difference
RRS*HESPWL,S,*,3,4,R,L,385,FALSE,TRUE,0.6573028933302547,stronger
GLLMSRLCPSVPVL,M,C,4,8,W,A,299,FALSE,FALSE,-0.19688993257060924,no significant difference
GLL*SRLHPSVPVL,*,H,4,8,W,A,299,FALSE,FALSE,0.2305182034622331,no significant difference
RRSYHESPWL,S,Y,3,4,R,L,385,FALSE,FALSE,0.20230266434444671,no significant difference
GLL*SRLPPSVPVL,*,P,4,8,W,A,299,FALSE,FALSE,0.29710490487581204,no significant difference
DKPLPPYP,P,Y,3,7,P,L,152,FALSE,TRUE,0.8157735923173768,stronger
GLLMSRLFPSVPVL,M,F,4,8,W,A,299,FALSE,FALSE,-0.3250366070372905,no significant difference
GLLISRLKPSVPVL,I,K,4,8,W,A,299,FALSE,FALSE,-0.28127790353391713,no significant difference
DKPLPPWP,P,W,3,7,P,L,152,FALSE,FALSE,0.6209632053602576,no significant difference
RRSWHESPWL,S,W,3,4,R,L,385,FALSE,FALSE,0.16087916740974775,no significant difference
GLLISRLNPSVPVL,I,N,4,8,W,A,299,FALSE,FALSE,-0.29573621030470143,no significant difference
DKPLPPLP,P,L,3,7,P,L,152,TRUE,FALSE,0.6042995850382404,no significant difference
RRSCHESPWL,S,C,3,4,R,L,385,FALSE,TRUE,0.3398279640433755,stronger
GLLISRLTPSVPVL,I,T,4,8,W,A,299,FALSE,FALSE,-0.10923307934229332,no significant difference
GLL*SRLLPSVPVL,*,L,4,8,W,A,299,FALSE,FALSE,0.3421851207116031,no significant difference
DKPLPPFP,P,F,3,7,P,L,152,FALSE,FALSE,0.702191713581207,no significant difference
RRSFHESPWL,S,F,3,4,R,L,385,FALSE,TRUE,0.234763288857428,stronger
GLLISRLRPSVPVL,I,R,4,8,W,A,299,FALSE,FALSE,-0.35719481106785245,no significant difference
GLL*SRLEPSVPVL,*,E,4,8,W,A,299,FALSE,FALSE,0.45107991614920306,no significant difference
RRMKHESPWL,M,K,3,4,R,L,385,FALSE,TRUE,0.26237555045612737,stronger
GLLISRLSPSVPVL,I,S,4,8,W,A,299,FALSE,FALSE,-0.3433373266095612,no significant difference
GLL*SRLDPSVPVL,*,D,4,8,W,A,299,FALSE,FALSE,0.3902686357755721,no significant difference
RRMNHESPWL,M,N,3,4,R,L,385,FALSE,TRUE,0.3117021627439033,stronger
GLLISRLMPSVPVL,I,M,4,8,W,A,299,FALSE,FALSE,-0.38459470623638,no significant difference
GLL*SRLAPSVPVL,*,A,4,8,W,A,299,FALSE,FALSE,0.2998499278690869,no significant difference
RRMTHESPWL,M,T,3,4,R,L,385,FALSE,FALSE,0.1883004149413495,no significant difference
GLLISRLIPSVPVL,I,I,4,8,W,A,299,FALSE,FALSE,-0.33968761893894833,no significant difference
GLLISRLQPSVPVL,I,Q,4,8,W,A,299,FALSE,FALSE,-0.3305542847151518,no significant difference
GLL*SRLGPSVPVL,*,G,4,8,W,A,299,FALSE,FALSE,0.3818734743675043,no significant difference
DKPLPPMP,P,M,3,7,P,L,152,FALSE,FALSE,0.7061596587826618,no significant difference
RRMRHESPWL,M,R,3,4,R,L,385,FALSE,FALSE,0.14762260699853272,no significant difference
GLLISRLHPSVPVL,I,H,4,8,W,A,299,FALSE,FALSE,-0.3208152574902305,no significant difference
RRMSHESPWL,M,S,3,4,R,L,385,FALSE,TRUE,0.27654847819581424,stronger
GLLISRLPPSVPVL,I,P,4,8,W,A,299,FALSE,FALSE,-0.44893845498429974,no significant difference
GLL*SRLVPSVPVL,*,V,4,8,W,A,299,FALSE,FALSE,0.37216834199685056,no significant difference
RRMMHESPWL,M,M,3,4,R,L,385,FALSE,TRUE,0.1821665554302132,stronger
GGGRVPVKDYVVL,V,K,5,8,Y,V,250,FALSE,TRUE,0.36226227901492253,stronger
RRMIHESPWL,M,I,3,4,R,L,385,FALSE,FALSE,0.12999846199740964,no significant difference
RR*KHESPWL,*,K,3,4,R,L,385,FALSE,TRUE,0.6927552669789979,stronger
GLL*SRL*PSVPVL,*,*,4,8,W,A,299,FALSE,FALSE,0.2973819869411449,no significant difference
GGGRVPVNDYVVL,V,N,5,8,Y,V,250,FALSE,TRUE,0.36868073771716303,stronger
RRMQHESPWL,M,Q,3,4,R,L,385,FALSE,TRUE,0.3618436904211006,stronger
RR*NHESPWL,*,N,3,4,R,L,385,FALSE,TRUE,0.7266160955716664,stronger
GLL*SRLYPSVPVL,*,Y,4,8,W,A,299,FALSE,FALSE,0.3440351412521015,no significant difference
GGGRVPVTDYVVL,V,T,5,8,Y,V,250,FALSE,FALSE,0.3327297935859704,no significant difference
RRMHHESPWL,M,H,3,4,R,L,385,FALSE,TRUE,0.2696603621814071,stronger
GLLISRLLPSVPVL,I,L,4,8,W,A,299,FALSE,FALSE,-0.4011619599636157,no significant difference
RR*THESPWL,*,T,3,4,R,L,385,FALSE,TRUE,0.6335148369161909,stronger
RRMPHESPWL,M,P,3,4,R,L,385,FALSE,TRUE,0.3829822510382047,stronger
GGGRVPVRDYVVL,V,R,5,8,Y,V,250,FALSE,TRUE,0.3206601385551735,stronger
GLLISRLEPSVPVL,I,E,4,8,W,A,299,FALSE,FALSE,-0.1028758154704841,no significant difference
RR*RHESPWL,*,R,3,4,R,L,385,FALSE,TRUE,0.6690571513918773,stronger
GLL*SRLWPSVPVL,*,W,4,8,W,A,299,FALSE,FALSE,0.4162786274893303,no significant difference
GGGRVPVSDYVVL,V,S,5,8,Y,V,250,FALSE,TRUE,0.3521021206155711,stronger
GLLISRLDPSVPVL,I,D,4,8,W,A,299,FALSE,FALSE,-0.1216834120195524,no significant difference
RR*SHESPWL,*,S,3,4,R,L,385,FALSE,TRUE,0.6231057757106334,stronger
GLL*SRLCPSVPVL,*,C,4,8,W,A,299,FALSE,FALSE,0.29238215544524726,no significant difference
GGGRVPVMDYVVL,V,M,5,8,Y,V,250,FALSE,FALSE,0.21888731886171442,no significant difference
RRMLHESPWL,M,L,3,4,R,L,385,FALSE,FALSE,0.15043264591739913,no significant difference
GLLISRLAPSVPVL,I,A,4,8,W,A,299,FALSE,FALSE,-0.32254768445098625,no significant difference
RR*MHESPWL,*,M,3,4,R,L,385,FALSE,TRUE,0.6410912015145359,stronger
GGGRVPVIDYVVL,V,I,5,8,Y,V,250,FALSE,FALSE,0.16291699323832998,no significant difference
RR*IHESPWL,*,I,3,4,R,L,385,FALSE,TRUE,0.6447497450621567,stronger
GLL*SRLFPSVPVL,*,F,4,8,W,A,299,FALSE,FALSE,0.294234690603479,no significant difference
GGGRVPVQDYVVL,V,Q,5,8,Y,V,250,FALSE,FALSE,0.2788513828351262,no significant difference
RRMEHESPWL,M,E,3,4,R,L,385,FALSE,TRUE,0.4148141365541221,stronger
GLLISRLGPSVPVL,I,G,4,8,W,A,299,FALSE,FALSE,-0.2272403216246856,no significant difference
RR*QHESPWL,*,Q,3,4,R,L,385,FALSE,TRUE,0.6468306751508793,stronger
GLLYSRLKPSVPVL,Y,K,4,8,W,A,299,FALSE,FALSE,-0.1817427289555479,no significant difference
GGGRVPVHDYVVL,V,H,5,8,Y,V,250,FALSE,FALSE,0.28382466434957243,no significant difference
RRMDHESPWL,M,D,3,4,R,L,385,FALSE,TRUE,0.30510340861660895,stronger
RR*HHESPWL,*,H,3,4,R,L,385,FALSE,TRUE,0.47981840865018566,stronger
GLLYSRLNPSVPVL,Y,N,4,8,W,A,299,FALSE,FALSE,-0.09885861337461486,no significant difference
GGGRVPVPDYVVL,V,P,5,8,Y,V,250,FALSE,TRUE,0.2988839747155267,stronger
RRMAHESPWL,M,A,3,4,R,L,385,FALSE,TRUE,0.2860805261742573,stronger
GLLISRLVPSVPVL,I,V,4,8,W,A,299,FALSE,FALSE,-0.2919793169060244,no significant difference
RR*PHESPWL,*,P,3,4,R,L,385,FALSE,TRUE,0.6576638255565461,stronger
GLLYSRLTPSVPVL,Y,T,4,8,W,A,299,FALSE,FALSE,-0.23781287872816514,no significant difference
DKPLPP*P,P,*,3,7,P,L,152,FALSE,FALSE,0.7792389332600409,no significant difference
RRMGHESPWL,M,G,3,4,R,L,385,FALSE,TRUE,0.2870839379241732,stronger
GLLISRL*PSVPVL,I,*,4,8,W,A,299,FALSE,FALSE,-0.22521411676839473,no significant difference
GLLYSRLRPSVPVL,Y,R,4,8,W,A,299,FALSE,FALSE,-0.41289912034020027,no significant difference
GLLISRLYPSVPVL,I,Y,4,8,W,A,299,FALSE,FALSE,-0.4018973727804556,no significant difference
GLLYSRLSPSVPVL,Y,S,4,8,W,A,299,FALSE,FALSE,-0.2682474856658565,no significant difference
GGGRVPVLDYVVL,V,L,5,8,Y,V,250,FALSE,FALSE,0.14724506833662815,no significant difference
RRMVHESPWL,M,V,3,4,R,L,385,FALSE,TRUE,0.19576170192603218,stronger
RR*LHESPWL,*,L,3,4,R,L,385,FALSE,TRUE,0.5849855518980472,stronger
GLLYSRLMPSVPVL,Y,M,4,8,W,A,299,FALSE,FALSE,-0.27851983015698595,no significant difference
GLLYSRLIPSVPVL,Y,I,4,8,W,A,299,FALSE,FALSE,-0.5562268492626066,no significant difference
DKRLPPKP,R,K,3,7,P,L,152,FALSE,TRUE,0.8699425549903171,stronger
GGGRVPVEDYVVL,V,E,5,8,Y,V,250,FALSE,TRUE,0.3471761086098897,stronger
RRM*HESPWL,M,*,3,4,R,L,385,FALSE,TRUE,0.6765318957824555,stronger
GLLISRLWPSVPVL,I,W,4,8,W,A,299,FALSE,FALSE,-0.31201568247141315,no significant difference
RR*EHESPWL,*,E,3,4,R,L,385,FALSE,TRUE,0.6745503357269539,stronger
GLLYSRLQPSVPVL,Y,Q,4,8,W,A,299,FALSE,FALSE,-0.3701199048429383,no significant difference
DKRLPPNP,R,N,3,7,P,L,152,FALSE,TRUE,0.7684024264313114,stronger
GGGRVPVDDYVVL,V,D,5,8,Y,V,250,FALSE,TRUE,0.38328465395131894,stronger
RRMYHESPWL,M,Y,3,4,R,L,385,FALSE,FALSE,0.1066476527540402,no significant difference
GLLISRLCPSVPVL,I,C,4,8,W,A,299,FALSE,FALSE,-0.4282579088165923,no significant difference
RR*DHESPWL,*,D,3,4,R,L,385,FALSE,TRUE,0.6136062303637755,stronger
GLLYSRLHPSVPVL,Y,H,4,8,W,A,299,FALSE,FALSE,-0.4627180566836412,no significant difference
GGGRVPVADYVVL,V,A,5,8,Y,V,250,FALSE,TRUE,0.3167791436757996,stronger
RR*AHESPWL,*,A,3,4,R,L,385,FALSE,TRUE,0.715585583547659,stronger
GLLYSRLPPSVPVL,Y,P,4,8,W,A,299,FALSE,FALSE,-0.32035852107935975,no significant difference
GLLISRLFPSVPVL,I,F,4,8,W,A,299,FALSE,FALSE,-0.33572336140395825,no significant difference
GGGRVPVGDYVVL,V,G,5,8,Y,V,250,FALSE,TRUE,0.34454408498523015,stronger
RRMWHESPWL,M,W,3,4,R,L,385,FALSE,TRUE,0.2597559884278848,stronger
GLLQSRLKPSVPVL,Q,K,4,8,W,A,299,FALSE,FALSE,-0.03026121317045671,no significant difference
RR*GHESPWL,*,G,3,4,R,L,385,FALSE,TRUE,0.7206446007081735,stronger
RRMCHESPWL,M,C,3,4,R,L,385,FALSE,TRUE,0.32060269792344637,stronger
GLLQSRLNPSVPVL,Q,N,4,8,W,A,299,FALSE,FALSE,0.03794053352794956,no significant difference
GGGRVPVVDYVVL,V,V,5,8,Y,V,250,FALSE,FALSE,0.17856530806805718,no significant difference
GLLQSRLTPSVPVL,Q,T,4,8,W,A,299,FALSE,FALSE,-0.11992876583261958,no significant difference
RR*VHESPWL,*,V,3,4,R,L,385,FALSE,TRUE,0.6771976264311923,stronger
GLLYSRLLPSVPVL,Y,L,4,8,W,A,299,FALSE,FALSE,-0.3403978572038542,no significant difference
RRMFHESPWL,M,F,3,4,R,L,385,FALSE,FALSE,0.22499462151163024,no significant difference
GGGRVPV*DYVVL,V,*,5,8,Y,V,250,FALSE,TRUE,0.623789723511118,stronger
RRIKHESPWL,I,K,3,4,R,L,385,FALSE,FALSE,0.17537121085027232,no significant difference
GLLQSRLRPSVPVL,Q,R,4,8,W,A,299,FALSE,FALSE,-0.1728054323579247,no significant difference
RR**HESPWL,*,*,3,4,R,L,385,FALSE,TRUE,0.6921969527659536,stronger
GLLYSRLEPSVPVL,Y,E,4,8,W,A,299,FALSE,FALSE,-0.16725513417748308,no significant difference
GGGRVPVYDYVVL,V,Y,5,8,Y,V,250,FALSE,FALSE,0.12060385402234221,no significant difference
RRINHESPWL,I,N,3,4,R,L,385,FALSE,TRUE,0.29725392682770396,stronger
GLLQSRLSPSVPVL,Q,S,4,8,W,A,299,FALSE,FALSE,0.0041612729581196,no significant difference
RR*YHESPWL,*,Y,3,4,R,L,385,FALSE,TRUE,0.5866958084603806,stronger
GLLYSRLDPSVPVL,Y,D,4,8,W,A,299,FALSE,FALSE,-0.15357070992588262,no significant difference
DKRLPPPP,R,P,3,7,P,L,152,FALSE,FALSE,0.7610535231666277,no significant difference
RRITHESPWL,I,T,3,4,R,L,385,FALSE,TRUE,0.34582987717889924,stronger
GLLQSRLMPSVPVL,Q,M,4,8,W,A,299,FALSE,FALSE,-0.1372174569043915,no significant difference
GLLYSRLAPSVPVL,Y,A,4,8,W,A,299,FALSE,FALSE,-0.3864652319217883,no significant difference
GLLQSRLIPSVPVL,Q,I,4,8,W,A,299,FALSE,FALSE,-0.33473356261955245,no significant difference
GGGRVPVWDYVVL,V,W,5,8,Y,V,250,FALSE,FALSE,0.0956305957705923,no significant difference
RRIRHESPWL,I,R,3,4,R,L,385,FALSE,FALSE,0.1975835712007639,no significant difference
GLLQSRLQPSVPVL,Q,Q,4,8,W,A,299,FALSE,FALSE,-0.1205145530412313,no significant difference
RR*WHESPWL,*,W,3,4,R,L,385,FALSE,TRUE,0.6384582632117675,stronger
GLLYSRLGPSVPVL,Y,G,4,8,W,A,299,FALSE,FALSE,-0.22937788526924652,no significant difference
GGGRVPVCDYVVL,V,C,5,8,Y,V,250,FALSE,FALSE,0.24329685988641125,no significant difference
RRISHESPWL,I,S,3,4,R,L,385,FALSE,FALSE,0.25416450268654805,no significant difference
GLLQSRLHPSVPVL,Q,H,4,8,W,A,299,FALSE,FALSE,-0.00136929794311766,no significant difference
RR*CHESPWL,*,C,3,4,R,L,385,FALSE,TRUE,0.6575717061681635,stronger
RRIMHESPWL,I,M,3,4,R,L,385,FALSE,TRUE,0.18848827090423695,stronger
GLLQSRLPPSVPVL,Q,P,4,8,W,A,299,FALSE,FALSE,-0.18966337816175496,no significant difference
GLLYSRLVPSVPVL,Y,V,4,8,W,A,299,FALSE,FALSE,-0.41378940325573643,no significant difference
GGGRVPVFDYVVL,V,F,5,8,Y,V,250,FALSE,FALSE,0.07215708442897953,no significant difference
RRIIHESPWL,I,I,3,4,R,L,385,FALSE,FALSE,0.14136072130615343,no significant difference
RR*FHESPWL,*,F,3,4,R,L,385,FALSE,TRUE,0.5444640201413288,stronger
RRIQHESPWL,I,Q,3,4,R,L,385,FALSE,FALSE,0.29813580424059133,no significant difference
RRYKHESPWL,Y,K,3,4,R,L,385,FALSE,FALSE,0.2477932728110743,no significant difference
GLLYSRL*PSVPVL,Y,*,4,8,W,A,299,FALSE,FALSE,-0.02965374685909273,no significant difference
RRIHHESPWL,I,H,3,4,R,L,385,FALSE,TRUE,0.31800707356806823,stronger
GLLQSRLLPSVPVL,Q,L,4,8,W,A,299,FALSE,FALSE,-0.2190390924453126,no significant difference
RRYNHESPWL,Y,N,3,4,R,L,385,FALSE,FALSE,0.24850321080439275,no significant difference
GLLYSRLYPSVPVL,Y,Y,4,8,W,A,299,FALSE,FALSE,-0.3517833114759465,no significant difference
RRIPHESPWL,I,P,3,4,R,L,385,FALSE,TRUE,0.28023220867123705,stronger
RRYTHESPWL,Y,T,3,4,R,L,385,FALSE,TRUE,0.2758398659492644,stronger
GLLQSRLEPSVPVL,Q,E,4,8,W,A,299,FALSE,FALSE,0.2723504707462273,no significant difference
GLLQSRLDPSVPVL,Q,D,4,8,W,A,299,FALSE,FALSE,0.0629705976055871,no significant difference
RRYRHESPWL,Y,R,3,4,R,L,385,FALSE,FALSE,0.1828845290961961,no significant difference
GLLYSRLWPSVPVL,Y,W,4,8,W,A,299,FALSE,FALSE,-0.4684253376267332,no significant difference
RRILHESPWL,I,L,3,4,R,L,385,FALSE,FALSE,0.1845101826264584,no significant difference
GLLQSRLAPSVPVL,Q,A,4,8,W,A,299,FALSE,FALSE,-0.12077509056418125,no significant difference
RRYSHESPWL,Y,S,3,4,R,L,385,FALSE,TRUE,0.2067822709345771,stronger
GLLYSRLCPSVPVL,Y,C,4,8,W,A,299,FALSE,FALSE,-0.33319774799789315,no significant difference
RRYMHESPWL,Y,M,3,4,R,L,385,FALSE,FALSE,0.186035948962876,no significant difference
RRIEHESPWL,I,E,3,4,R,L,385,FALSE,FALSE,0.343856149608245,no significant difference
GLLQSRLGPSVPVL,Q,G,4,8,W,A,299,FALSE,FALSE,0.00948891141640982,no significant difference
RRYIHESPWL,Y,I,3,4,R,L,385,FALSE,FALSE,0.07853335465982708,no significant difference
GLLYSRLFPSVPVL,Y,F,4,8,W,A,299,FALSE,FALSE,-0.3796307646404164,no significant difference
RRIDHESPWL,I,D,3,4,R,L,385,FALSE,TRUE,0.3289094838579276,stronger
RRYQHESPWL,Y,Q,3,4,R,L,385,FALSE,FALSE,0.1628696017572435,no significant difference
RRIAHESPWL,I,A,3,4,R,L,385,FALSE,TRUE,0.33238445537040573,stronger
GLLQSRLVPSVPVL,Q,V,4,8,W,A,299,FALSE,FALSE,-0.027066941111654183,no significant difference
RRYHHESPWL,Y,H,3,4,R,L,385,FALSE,FALSE,0.13144175353333626,no significant difference
RRYPHESPWL,Y,P,3,4,R,L,385,FALSE,FALSE,0.23857849573920695,no significant difference
RRIGHESPWL,I,G,3,4,R,L,385,FALSE,TRUE,0.42230624412091144,stronger
GLLQSRL*PSVPVL,Q,*,4,8,W,A,299,FALSE,FALSE,0.0354664887399665,no significant difference
GLLQSRLYPSVPVL,Q,Y,4,8,W,A,299,FALSE,FALSE,-0.26337729677258304,no significant difference
RRIVHESPWL,I,V,3,4,R,L,385,FALSE,TRUE,0.2909753966169659,stronger
RRYLHESPWL,Y,L,3,4,R,L,385,FALSE,FALSE,0.0996652187570948,no significant difference
RRI*HESPWL,I,*,3,4,R,L,385,FALSE,TRUE,0.6228363567029939,stronger
GLLQSRLWPSVPVL,Q,W,4,8,W,A,299,FALSE,FALSE,-0.22654861886064587,no significant difference
RRYEHESPWL,Y,E,3,4,R,L,385,FALSE,TRUE,0.38348275929467657,stronger
RRIYHESPWL,I,Y,3,4,R,L,385,FALSE,TRUE,0.2654226065870047,stronger
GLLQSRLCPSVPVL,Q,C,4,8,W,A,299,FALSE,FALSE,-0.2508779791160017,no significant difference
RRYDHESPWL,Y,D,3,4,R,L,385,FALSE,TRUE,0.35823072829797864,stronger
RRYAHESPWL,Y,A,3,4,R,L,385,FALSE,FALSE,0.2337799130612891,no significant difference
GLLQSRLFPSVPVL,Q,F,4,8,W,A,299,FALSE,FALSE,-0.1356008284005846,no significant difference
RRIWHESPWL,I,W,3,4,R,L,385,FALSE,FALSE,0.2441334732173162,no significant difference
GLLHSRLKPSVPVL,H,K,4,8,W,A,299,FALSE,FALSE,-0.01879390976281446,no significant difference
RRYGHESPWL,Y,G,3,4,R,L,385,FALSE,TRUE,0.31081405369623294,stronger
RRICHESPWL,I,C,3,4,R,L,385,FALSE,FALSE,0.25656804972589414,no significant difference
GLLHSRLNPSVPVL,H,N,4,8,W,A,299,FALSE,FALSE,0.01016070083352998,no significant difference
GLLHSRLTPSVPVL,H,T,4,8,W,A,299,FALSE,FALSE,-0.0879023055672573,no significant difference
RRYVHESPWL,Y,V,3,4,R,L,385,FALSE,FALSE,0.15619601137542316,no significant difference
RRIFHESPWL,I,F,3,4,R,L,385,FALSE,FALSE,0.15658117077248154,no significant difference
RRQKHESPWL,Q,K,3,4,R,L,385,FALSE,FALSE,0.4284087486222972,no significant difference
GLLHSRLRPSVPVL,H,R,4,8,W,A,299,FALSE,FALSE,-0.17633753529347554,no significant difference
RRY*HESPWL,Y,*,3,4,R,L,385,FALSE,TRUE,0.5418904058440507,stronger
RRQNHESPWL,Q,N,3,4,R,L,385,FALSE,TRUE,0.39626924805346103,stronger
GLLHSRLSPSVPVL,H,S,4,8,W,A,299,FALSE,FALSE,-0.21625924001321628,no significant difference
RRYYHESPWL,Y,Y,3,4,R,L,385,FALSE,FALSE,0.15406329901606325,no significant difference
RRQTHESPWL,Q,T,3,4,R,L,385,FALSE,TRUE,0.27443324789624884,stronger
GLLHSRLMPSVPVL,H,M,4,8,W,A,299,FALSE,FALSE,-0.05509946285945889,no significant difference
GLLHSRLIPSVPVL,H,I,4,8,W,A,299,FALSE,FALSE,-0.4095719981543999,no significant difference
RRQRHESPWL,Q,R,3,4,R,L,385,FALSE,FALSE,0.1544177423376189,no significant difference
GLLHSRLQPSVPVL,H,Q,4,8,W,A,299,FALSE,FALSE,-0.17936599627074076,no significant difference
RRYWHESPWL,Y,W,3,4,R,L,385,FALSE,FALSE,0.2808756882432856,no significant difference
RRQSHESPWL,Q,S,3,4,R,L,385,FALSE,TRUE,0.32797568979786834,stronger
GLLHSRLHPSVPVL,H,H,4,8,W,A,299,FALSE,FALSE,-0.1386561665828415,no significant difference
RRYCHESPWL,Y,C,3,4,R,L,385,FALSE,FALSE,0.19009683101889452,no significant difference
RRQMHESPWL,Q,M,3,4,R,L,385,FALSE,FALSE,0.14219305116274175,no significant difference
GLLHSRLPPSVPVL,H,P,4,8,W,A,299,FALSE,FALSE,-0.3549759259044136,no significant difference
RRQIHESPWL,Q,I,3,4,R,L,385,FALSE,FALSE,0.24551847306367497,no significant difference
RRYFHESPWL,Y,F,3,4,R,L,385,FALSE,FALSE,0.0390567478719217,no significant difference
RRQQHESPWL,Q,Q,3,4,R,L,385,FALSE,TRUE,0.3864203878353133,stronger
GGGR*PVKDYVVL,*,K,5,8,Y,V,250,FALSE,TRUE,0.674171683930138,stronger
RRQHHESPWL,Q,H,3,4,R,L,385,FALSE,FALSE,0.17898541008595645,no significant difference
GGGR*PVNDYVVL,*,N,5,8,Y,V,250,FALSE,TRUE,0.65181184112657,stronger
RRQPHESPWL,Q,P,3,4,R,L,385,FALSE,TRUE,0.3734908031698599,stronger
GLLHSRLLPSVPVL,H,L,4,8,W,A,299,FALSE,FALSE,-0.18459302802797303,no significant difference
GGGR*PVTDYVVL,*,T,5,8,Y,V,250,FALSE,TRUE,0.5780043920794998,stronger
GLLHSRLEPSVPVL,H,E,4,8,W,A,299,FALSE,FALSE,-0.01931184944743716,no significant difference
GGGR*PVRDYVVL,*,R,5,8,Y,V,250,FALSE,TRUE,0.6941167821385996,stronger
RRQLHESPWL,Q,L,3,4,R,L,385,FALSE,TRUE,0.24065595346236865,stronger
GLLHSRLDPSVPVL,H,D,4,8,W,A,299,FALSE,FALSE,-0.10543662687477744,no significant difference
GGGR*PVSDYVVL,*,S,5,8,Y,V,250,FALSE,TRUE,0.6316542186108415,stronger
GLLHSRLAPSVPVL,H,A,4,8,W,A,299,FALSE,FALSE,-0.2559540002655467,no significant difference
GGGR*PVMDYVVL,*,M,5,8,Y,V,250,FALSE,TRUE,0.6149826591325954,stronger
RRQEHESPWL,Q,E,3,4,R,L,385,FALSE,TRUE,0.4855229599190554,stronger
GGGR*PVIDYVVL,*,I,5,8,Y,V,250,FALSE,TRUE,0.6725651399771329,stronger
RRQDHESPWL,Q,D,3,4,R,L,385,FALSE,TRUE,0.41488088569242665,stronger
GLLHSRLGPSVPVL,H,G,4,8,W,A,299,FALSE,FALSE,-1.7799985944240773e-4,no significant difference
GGGR*PVQDYVVL,*,Q,5,8,Y,V,250,FALSE,TRUE,0.6252910186415742,stronger
RRQAHESPWL,Q,A,3,4,R,L,385,FALSE,TRUE,0.37277809455846966,stronger
GGGR*PVHDYVVL,*,H,5,8,Y,V,250,FALSE,TRUE,0.6796067293140603,stronger
GLLHSRLVPSVPVL,H,V,4,8,W,A,299,FALSE,FALSE,-0.14709796723011767,no significant difference
GGGR*PVPDYVVL,*,P,5,8,Y,V,250,FALSE,TRUE,0.6418622172124221,stronger
RRQGHESPWL,Q,G,3,4,R,L,385,FALSE,TRUE,0.4602976310529887,stronger
GLLHSRL*PSVPVL,H,*,4,8,W,A,299,FALSE,FALSE,0.12838163202613417,no significant difference
RRQVHESPWL,Q,V,3,4,R,L,385,FALSE,TRUE,0.3075658591754579,stronger
GLLHSRLYPSVPVL,H,Y,4,8,W,A,299,FALSE,FALSE,-0.15125247272140013,no significant difference
DKLLPPKP,L,K,3,7,P,L,152,FALSE,TRUE,0.8371103906740931,stronger
GGGR*PVLDYVVL,*,L,5,8,Y,V,250,FALSE,TRUE,0.645214989858128,stronger
DKLLPPNP,L,N,3,7,P,L,152,FALSE,FALSE,0.7249624422281402,no significant difference
RRQ*HESPWL,Q,*,3,4,R,L,385,FALSE,TRUE,0.652078448971341,stronger
DKLLPPRP,L,R,3,7,P,L,152,FALSE,TRUE,0.7788082858487304,stronger
GGGR*PVEDYVVL,*,E,5,8,Y,V,250,FALSE,TRUE,0.6219221894326135,stronger
RRQYHESPWL,Q,Y,3,4,R,L,385,FALSE,FALSE,0.16420550907791082,no significant difference
GLLHSRLWPSVPVL,H,W,4,8,W,A,299,FALSE,FALSE,-0.3089351045521294,no significant difference
DKLLPPSP,L,S,3,7,P,L,152,FALSE,TRUE,0.7678882886644932,stronger
GGGR*PVDDYVVL,*,D,5,8,Y,V,250,FALSE,TRUE,0.7268174898474978,stronger
GLLHSRLCPSVPVL,H,C,4,8,W,A,299,FALSE,FALSE,-0.14937979701995174,no significant difference
DKLLPPMP,L,M,3,7,P,L,152,FALSE,FALSE,0.728694449536427,no significant difference
GGGR*PVADYVVL,*,A,5,8,Y,V,250,FALSE,TRUE,0.641458382103675,stronger
DKLLPPIP,L,I,3,7,P,L,152,FALSE,FALSE,0.6926277271070956,no significant difference
RRQWHESPWL,Q,W,3,4,R,L,385,FALSE,FALSE,0.1937043649220515,no significant difference
GLLHSRLFPSVPVL,H,F,4,8,W,A,299,FALSE,FALSE,-0.2753787548657667,no significant difference
DKLLPPHP,L,H,3,7,P,L,152,FALSE,TRUE,0.724796946757655,stronger
GGGR*PVGDYVVL,*,G,5,8,Y,V,250,FALSE,TRUE,0.6734100634038447,stronger
RRQCHESPWL,Q,C,3,4,R,L,385,FALSE,FALSE,0.29466945030238134,no significant difference
GLLPSRLKPSVPVL,P,K,4,8,W,A,299,FALSE,FALSE,0.08218924072044034,no significant difference
DKLLPPPP,L,P,3,7,P,L,152,FALSE,TRUE,0.7526464834740823,stronger
GLLPSRLNPSVPVL,P,N,4,8,W,A,299,FALSE,FALSE,-0.07166988573484753,no significant difference
GGGR*PVVDYVVL,*,V,5,8,Y,V,250,FALSE,TRUE,0.6618981278161082,stronger
RRQFHESPWL,Q,F,3,4,R,L,385,FALSE,FALSE,0.159881934233003,no significant difference
GLLPSRLTPSVPVL,P,T,4,8,W,A,299,FALSE,FALSE,-0.2179262961577507,no significant difference
RRHKHESPWL,H,K,3,4,R,L,385,FALSE,TRUE,0.2835546821582599,stronger
GLLPSRLRPSVPVL,P,R,4,8,W,A,299,FALSE,FALSE,-0.258842598824751,no significant difference
DKLLPPLP,L,L,3,7,P,L,152,FALSE,FALSE,0.6819429390984202,no significant difference
GGGR*PV*DYVVL,*,*,5,8,Y,V,250,FALSE,TRUE,0.6282391168753682,stronger
RRHTHESPWL,H,T,3,4,R,L,385,FALSE,TRUE,0.3140338336987791,stronger
GLLPSRLSPSVPVL,P,S,4,8,W,A,299,FALSE,FALSE,-0.09285790302710531,no significant difference
GGGR*PVYDYVVL,*,Y,5,8,Y,V,250,FALSE,TRUE,0.6981796220599834,stronger
RRHRHESPWL,H,R,3,4,R,L,385,FALSE,FALSE,0.16083841718265368,no significant difference
GLLPSRLMPSVPVL,P,M,4,8,W,A,299,FALSE,FALSE,-0.2878721009758592,no significant difference
DKLLPPEP,L,E,3,7,P,L,152,FALSE,TRUE,0.7756094048288666,stronger
RRHSHESPWL,H,S,3,4,R,L,385,FALSE,TRUE,0.2501957563907156,stronger
GLLPSRLIPSVPVL,P,I,4,8,W,A,299,FALSE,FALSE,-0.17016161542378633,no significant difference
DKLLPPDP,L,D,3,7,P,L,152,FALSE,FALSE,0.6645786456119622,no significant difference
RRHMHESPWL,H,M,3,4,R,L,385,FALSE,FALSE,0.22869886133053985,no significant difference
GLLPSRLQPSVPVL,P,Q,4,8,W,A,299,FALSE,FALSE,-0.07517219443870361,no significant difference
DKLLPPAP,L,A,3,7,P,L,152,FALSE,TRUE,0.796395964138877,stronger
GGGR*PVWDYVVL,*,W,5,8,Y,V,250,FALSE,TRUE,0.6556003847574203,stronger
RRHIHESPWL,H,I,3,4,R,L,385,FALSE,TRUE,0.27419557101364467,stronger
GGGR*PVCDYVVL,*,C,5,8,Y,V,250,FALSE,TRUE,0.6636468511349881,stronger
RRHHHESPWL,H,H,3,4,R,L,385,FALSE,FALSE,0.17747609815167786,no significant difference
DKLLPPGP,L,G,3,7,P,L,152,FALSE,TRUE,0.8052895126878773,stronger
RRHPHESPWL,H,P,3,4,R,L,385,FALSE,FALSE,0.21030944425922424,no significant difference
GLLPSRLLPSVPVL,P,L,4,8,W,A,299,FALSE,FALSE,-0.22054347518883072,no significant difference
GGGR*PVFDYVVL,*,F,5,8,Y,V,250,FALSE,TRUE,0.6725602665344428,stronger
DKLLPPVP,L,V,3,7,P,L,152,FALSE,TRUE,0.7672498300358322,stronger
GGGRYPVKDYVVL,Y,K,5,8,Y,V,250,FALSE,FALSE,0.24983806209014703,no significant difference
GLLPSRLEPSVPVL,P,E,4,8,W,A,299,FALSE,FALSE,0.07825738721883986,no significant difference
GGGRYPVNDYVVL,Y,N,5,8,Y,V,250,FALSE,FALSE,0.16480468684935876,no significant difference
GLLPSRLDPSVPVL,P,D,4,8,W,A,299,FALSE,FALSE,0.03273506784862404,no significant difference
DKLLPP*P,L,*,3,7,P,L,152,FALSE,FALSE,0.6637464017038747,no significant difference
GGGRYPVTDYVVL,Y,T,5,8,Y,V,250,FALSE,FALSE,0.2315287795891079,no significant difference
RRHLHESPWL,H,L,3,4,R,L,385,FALSE,FALSE,0.23260652755216388,no significant difference
GLLPSRLAPSVPVL,P,A,4,8,W,A,299,FALSE,FALSE,-0.034288649481457004,no significant difference
DKLLPPYP,L,Y,3,7,P,L,152,FALSE,FALSE,0.625132351644375,no significant difference
RRHEHESPWL,H,E,3,4,R,L,385,FALSE,TRUE,0.37827422759761536,stronger
GGGRYPVRDYVVL,Y,R,5,8,Y,V,250,FALSE,FALSE,0.23727063571180765,no significant difference
RRHDHESPWL,H,D,3,4,R,L,385,FALSE,TRUE,0.3856305097005637,stronger
GLLPSRLGPSVPVL,P,G,4,8,W,A,299,FALSE,FALSE,0.022019585840780564,no significant difference
GGGRYPVSDYVVL,Y,S,5,8,Y,V,250,FALSE,FALSE,0.15009765885218335,no significant difference
RRHAHESPWL,H,A,3,4,R,L,385,FALSE,TRUE,0.33035922464594575,stronger
DKLLPPWP,L,W,3,7,P,L,152,FALSE,FALSE,0.5497118220492695,no significant difference
GGGRYPVMDYVVL,Y,M,5,8,Y,V,250,FALSE,FALSE,0.10565119132826475,no significant difference
GLLPSRLVPSVPVL,P,V,4,8,W,A,299,FALSE,FALSE,-0.1521840878865914,no significant difference
DKLLPPCP,L,C,3,7,P,L,152,FALSE,FALSE,0.6737299575782756,no significant difference
GGGRYPVIDYVVL,Y,I,5,8,Y,V,250,FALSE,FALSE,0.12906316976045876,no significant difference
RRHGHESPWL,H,G,3,4,R,L,385,FALSE,TRUE,0.4312064136420846,stronger
GGGRYPVQDYVVL,Y,Q,5,8,Y,V,250,FALSE,FALSE,0.2897885340576344,no significant difference
GLLPSRL*PSVPVL,P,*,4,8,W,A,299,FALSE,FALSE,0.08392004052859822,no significant difference
DKLLPPFP,L,F,3,7,P,L,152,FALSE,FALSE,0.6126521326348738,no significant difference
GGGRYPVHDYVVL,Y,H,5,8,Y,V,250,FALSE,FALSE,0.20291510002199104,no significant difference
RRHVHESPWL,H,V,3,4,R,L,385,FALSE,FALSE,0.2319889869478285,no significant difference
GLLPSRLYPSVPVL,P,Y,4,8,W,A,299,FALSE,FALSE,-0.2261954275607194,no significant difference
GLLWSRLKPSVPVL,W,K,4,8,W,A,299,FALSE,FALSE,-0.26091176478325284,no significant difference
GGGRYPVPDYVVL,Y,P,5,8,Y,V,250,FALSE,FALSE,0.12594769212206555,no significant difference
GLLWSRLNPSVPVL,W,N,4,8,W,A,299,FALSE,FALSE,-0.30352059669500886,no significant difference
DKLLPPTP,L,T,3,7,P,L,152,FALSE,TRUE,0.7843367427874383,stronger
RRH*HESPWL,H,*,3,4,R,L,385,FALSE,TRUE,0.6799956457472732,stronger
GLLPSRLWPSVPVL,P,W,4,8,W,A,299,FALSE,FALSE,-0.2555159554174804,no significant difference
GLLWSRLTPSVPVL,W,T,4,8,W,A,299,FALSE,FALSE,-0.41161565332869376,no significant difference
RRHYHESPWL,H,Y,3,4,R,L,385,FALSE,FALSE,0.22421137011798903,no significant difference
GLLPSRLCPSVPVL,P,C,4,8,W,A,299,FALSE,FALSE,-0.03681372437911727,no significant difference
GLLWSRLRPSVPVL,W,R,4,8,W,A,299,FALSE,FALSE,-0.4635868300556798,no significant difference
GGGRYPVLDYVVL,Y,L,5,8,Y,V,250,FALSE,FALSE,0.00871471543059905,no significant difference
GLLPSRLFPSVPVL,P,F,4,8,W,A,299,FALSE,FALSE,-0.24512812302665773,no significant difference
GLLWSRLSPSVPVL,W,S,4,8,W,A,299,FALSE,FALSE,-0.36754404747929414,no significant difference
RRHWHESPWL,H,W,3,4,R,L,385,FALSE,TRUE,0.2353792494999754,stronger
GLLWSRLMPSVPVL,W,M,4,8,W,A,299,FALSE,FALSE,-0.34539490873276923,no significant difference
DKLLPPQP,L,Q,3,7,P,L,152,FALSE,TRUE,0.7519233091359012,stronger
GGGRYPVEDYVVL,Y,E,5,8,Y,V,250,FALSE,FALSE,0.3344670035106077,no significant difference
RRHCHESPWL,H,C,3,4,R,L,385,FALSE,TRUE,0.30285466935695243,stronger
GLLWSRLIPSVPVL,W,I,4,8,W,A,299,FALSE,FALSE,-0.5110900239629601,no significant difference
GGGRYPVDDYVVL,Y,D,5,8,Y,V,250,FALSE,FALSE,0.36827021964050183,no significant difference
GLLWSRLQPSVPVL,W,Q,4,8,W,A,299,FALSE,FALSE,-0.33627877934754075,no significant difference
GGGRYPVADYVVL,Y,A,5,8,Y,V,250,FALSE,TRUE,0.3034715731043411,stronger
RRHFHESPWL,H,F,3,4,R,L,385,FALSE,FALSE,0.17909912480659967,no significant difference
GLLWSRLHPSVPVL,W,H,4,8,W,A,299,FALSE,FALSE,0.2697787368033161,no significant difference
RRPKHESPWL,P,K,3,4,R,L,385,FALSE,TRUE,0.31438957492802,stronger
GLLWSRLPPSVPVL,W,P,4,8,W,A,299,FALSE,FALSE,-0.37807557668760505,no significant difference
GGGRYPVGDYVVL,Y,G,5,8,Y,V,250,FALSE,FALSE,0.2421678588075845,no significant difference
RRPNHESPWL,P,N,3,4,R,L,385,FALSE,FALSE,0.3263741316418255,no significant difference
RRPTHESPWL,P,T,3,4,R,L,385,FALSE,TRUE,0.368462670684239,stronger
GGGRYPVVDYVVL,Y,V,5,8,Y,V,250,TRUE,FALSE,0.16788873133393786,no significant difference
RRPRHESPWL,P,R,3,4,R,L,385,FALSE,TRUE,0.20857407405750517,stronger
RRPSHESPWL,P,S,3,4,R,L,385,FALSE,TRUE,0.27045021958430715,stronger
GLLWSRLLPSVPVL,W,L,4,8,W,A,299,FALSE,FALSE,-0.4958559050877534,no significant difference
GGGRYPV*DYVVL,Y,*,5,8,Y,V,250,FALSE,TRUE,0.5167151104045418,stronger
RRPMHESPWL,P,M,3,4,R,L,385,FALSE,FALSE,0.21373782148313117,no significant difference
GLLPSRLHPSVPVL,P,H,4,8,W,A,299,FALSE,FALSE,0.02917572176620901,no significant difference
GGGRYPVYDYVVL,Y,Y,5,8,Y,V,250,FALSE,FALSE,-0.01292023698704759,no significant difference
RRPIHESPWL,P,I,3,4,R,L,385,FALSE,TRUE,0.27131617047009204,stronger
GLLPSRLPPSVPVL,P,P,4,8,W,A,299,FALSE,FALSE,-0.3018213567596374,no significant difference
GLLWSRLEPSVPVL,W,E,4,8,W,A,299,FALSE,FALSE,-0.27112482238557273,no significant difference
RRPHHESPWL,P,H,3,4,R,L,385,FALSE,TRUE,0.2482509628629311,stronger
GLLWSRLDPSVPVL,W,D,4,8,W,A,299,FALSE,FALSE,-0.20014458677671884,no significant difference
RRPPHESPWL,P,P,3,4,R,L,385,FALSE,TRUE,0.2948094264059954,stronger
GLLWSRLAPSVPVL,W,A,4,8,W,A,299,TRUE,FALSE,0.12452488709329348,no significant difference
GGGRYPVWDYVVL,Y,W,5,8,Y,V,250,FALSE,FALSE,0.04901219371236567,no significant difference
GGGRYPVCDYVVL,Y,C,5,8,Y,V,250,FALSE,FALSE,0.12645583622370005,no significant difference
GLLWSRLGPSVPVL,W,G,4,8,W,A,299,FALSE,FALSE,-0.20636487856134558,no significant difference
RRPLHESPWL,P,L,3,4,R,L,385,FALSE,TRUE,0.262362292658495,stronger
RRWKHESPWL,W,K,3,4,R,L,385,FALSE,FALSE,0.13017746202461725,no significant difference
GGGRYPVFDYVVL,Y,F,5,8,Y,V,250,FALSE,FALSE,-0.00953277220922056,no significant difference
RRWNHESPWL,W,N,3,4,R,L,385,FALSE,FALSE,0.18998928131385304,no significant difference
GLLWSRLVPSVPVL,W,V,4,8,W,A,299,FALSE,FALSE,-0.39438707511567284,no significant difference
GGGRSPVKDYVVL,S,K,5,8,Y,V,250,FALSE,TRUE,0.4251748688367395,stronger
RRPEHESPWL,P,E,3,4,R,L,385,FALSE,TRUE,0.4717709542501006,stronger
RRWTHESPWL,W,T,3,4,R,L,385,FALSE,FALSE,0.15153284053097463,no significant difference
GGGRSPVNDYVVL,S,N,5,8,Y,V,250,FALSE,TRUE,0.31802131525279825,stronger
RRPDHESPWL,P,D,3,4,R,L,385,FALSE,TRUE,0.38034552210681566,stronger
GLLWSRL*PSVPVL,W,*,4,8,W,A,299,FALSE,FALSE,-0.24105664691174616,no significant difference
GGGRSPVTDYVVL,S,T,5,8,Y,V,250,FALSE,TRUE,0.35881442702662575,stronger
RRPAHESPWL,P,A,3,4,R,L,385,FALSE,TRUE,0.3275709996134118,stronger
RRWRHESPWL,W,R,3,4,R,L,385,FALSE,FALSE,0.1158576625639671,no significant difference
GLLWSRLYPSVPVL,W,Y,4,8,W,A,299,FALSE,FALSE,-0.29226288327074107,no significant difference
DKELPPKP,E,K,3,7,P,L,152,FALSE,TRUE,0.8572531153937847,stronger
GGGRSPVRDYVVL,S,R,5,8,Y,V,250,FALSE,TRUE,0.3278044489878252,stronger
RRWSHESPWL,W,S,3,4,R,L,385,FALSE,FALSE,0.16353425520298878,no significant difference
DKELPPNP,E,N,3,7,P,L,152,FALSE,TRUE,0.7961347875225531,stronger
GGGRSPVSDYVVL,S,S,5,8,Y,V,250,FALSE,TRUE,0.29503630787809637,stronger
RRPGHESPWL,P,G,3,4,R,L,385,FALSE,TRUE,0.39010809880061026,stronger
RRWMHESPWL,W,M,3,4,R,L,385,FALSE,TRUE,0.2257580443691143,stronger
DKELPPTP,E,T,3,7,P,L,152,FALSE,TRUE,0.8490658673230386,stronger
GGGRSPVMDYVVL,S,M,5,8,Y,V,250,FALSE,FALSE,0.27525874940408684,no significant difference
RRWIHESPWL,W,I,3,4,R,L,385,FALSE,FALSE,0.03655947529408227,no significant difference
GLLWSRLWPSVPVL,W,W,4,8,W,A,299,FALSE,FALSE,-0.37006297551931033,no significant difference
DKELPPRP,E,R,3,7,P,L,152,FALSE,TRUE,0.803421883928242,stronger
GGGRSPVIDYVVL,S,I,5,8,Y,V,250,FALSE,FALSE,0.2693315018486913,no significant difference
RRPVHESPWL,P,V,3,4,R,L,385,FALSE,TRUE,0.3107014551590747,stronger
RRWQHESPWL,W,Q,3,4,R,L,385,FALSE,FALSE,0.34004458052975256,no significant difference
GLLWSRLCPSVPVL,W,C,4,8,W,A,299,FALSE,FALSE,-0.38896683273904503,no significant difference
DKELPPSP,E,S,3,7,P,L,152,FALSE,TRUE,0.7992440835645123,stronger
GGGRSPVQDYVVL,S,Q,5,8,Y,V,250,FALSE,TRUE,0.3365241702771808,stronger
RRWHHESPWL,W,H,3,4,R,L,385,FALSE,FALSE,0.1350657954451599,no significant difference
DKELPPMP,E,M,3,7,P,L,152,FALSE,TRUE,0.8078753111530015,stronger
GGGRSPVHDYVVL,S,H,5,8,Y,V,250,FALSE,FALSE,0.18477348648038083,no significant difference
RRP*HESPWL,P,*,3,4,R,L,385,FALSE,TRUE,0.664202345130028,stronger
RRWPHESPWL,W,P,3,4,R,L,385,FALSE,TRUE,0.20945266733905038,stronger
GLLWSRLFPSVPVL,W,F,4,8,W,A,299,FALSE,FALSE,-0.4016038252906259,no significant difference
DKELPPIP,E,I,3,7,P,L,152,FALSE,FALSE,0.7052041361194522,no significant difference
GGGRSPVPDYVVL,S,P,5,8,Y,V,250,FALSE,FALSE,0.29340742437946604,no significant difference
RRPYHESPWL,P,Y,3,4,R,L,385,FALSE,FALSE,0.04207028311393205,no significant difference
GLLCSRLKPSVPVL,C,K,4,8,W,A,299,FALSE,FALSE,-0.02877440408999129,no significant difference
DKELPPQP,E,Q,3,7,P,L,152,FALSE,FALSE,0.6973056874164549,no significant difference
GLLCSRLNPSVPVL,C,N,4,8,W,A,299,FALSE,FALSE,-0.17556931359327024,no significant difference
DKELPPHP,E,H,3,7,P,L,152,FALSE,FALSE,0.8960182044525802,no significant difference
GLLCSRLTPSVPVL,C,T,4,8,W,A,299,FALSE,FALSE,-0.17482495575558965,no significant difference
DKELPPPP,E,P,3,7,P,L,152,FALSE,FALSE,0.5687633751332382,no significant difference
GGGRSPVLDYVVL,S,L,5,8,Y,V,250,FALSE,FALSE,0.24014834354973863,no significant difference
RRPWHESPWL,P,W,3,4,R,L,385,FALSE,FALSE,0.17148328520800002,no significant difference
RRWLHESPWL,W,L,3,4,R,L,385,FALSE,FALSE,0.0814903231415794,no significant difference
RRPCHESPWL,P,C,3,4,R,L,385,FALSE,TRUE,0.3049758879392017,stronger
GLLCSRLRPSVPVL,C,R,4,8,W,A,299,FALSE,FALSE,-0.2950099529926734,no significant difference
GGGRSPVEDYVVL,S,E,5,8,Y,V,250,FALSE,TRUE,0.3954962184539416,stronger
GLLRSRLKPSVPVL,R,K,4,8,W,A,299,FALSE,FALSE,-0.11541026596414532,no significant difference
RRWEHESPWL,W,E,3,4,R,L,385,FALSE,TRUE,0.2917411995555479,stronger
GLLCSRLSPSVPVL,C,S,4,8,W,A,299,FALSE,FALSE,-0.15439457718349184,no significant difference
DKELPPLP,E,L,3,7,P,L,152,FALSE,TRUE,0.7412656445929721,stronger
GGGRSPVDDYVVL,S,D,5,8,Y,V,250,FALSE,TRUE,0.34791264417677475,stronger
RRPFHESPWL,P,F,3,4,R,L,385,FALSE,TRUE,0.2729158111339048,stronger
GLLRSRLNPSVPVL,R,N,4,8,W,A,299,FALSE,FALSE,-0.1308684535708275,no significant difference
RRWDHESPWL,W,D,3,4,R,L,385,FALSE,FALSE,0.32814489524238294,no significant difference
GLLCSRLMPSVPVL,C,M,4,8,W,A,299,FALSE,FALSE,-0.4017882823214137,no significant difference
GGGRSPVADYVVL,S,A,5,8,Y,V,250,FALSE,TRUE,0.35147620944438995,stronger
GLLRSRLTPSVPVL,R,T,4,8,W,A,299,FALSE,FALSE,-0.1865258664695563,no significant difference
RRWAHESPWL,W,A,3,4,R,L,385,FALSE,FALSE,0.15489008109527205,no significant difference
GLLCSRLIPSVPVL,C,I,4,8,W,A,299,FALSE,FALSE,-0.2846049164530236,no significant difference
DKELPPEP,E,E,3,7,P,L,152,FALSE,TRUE,0.8253337026376831,stronger
GLLCSRLQPSVPVL,C,Q,4,8,W,A,299,FALSE,FALSE,-0.10419607460830084,no significant difference
DKELPPDP,E,D,3,7,P,L,152,FALSE,FALSE,0.8094052616565803,no significant difference
GGGRSPVGDYVVL,S,G,5,8,Y,V,250,FALSE,TRUE,0.34999598274214144,stronger
GLLRSRLRPSVPVL,R,R,4,8,W,A,299,FALSE,FALSE,-0.2416284590241667,no significant difference
RRWGHESPWL,W,G,3,4,R,L,385,FALSE,TRUE,0.2174449040204508,stronger
GLLCSRLHPSVPVL,C,H,4,8,W,A,299,FALSE,FALSE,-0.15398566864551225,no significant difference
DKELPPAP,E,A,3,7,P,L,152,FALSE,TRUE,0.8909481689887788,stronger
GLLCSRLPPSVPVL,C,P,4,8,W,A,299,FALSE,FALSE,-0.20328735719767077,no significant difference
GGGRSPVVDYVVL,S,V,5,8,Y,V,250,FALSE,TRUE,0.3299727467016171,stronger
GLLRSRLMPSVPVL,R,M,4,8,W,A,299,FALSE,FALSE,-0.33583294521303836,no significant difference
RRWVHESPWL,W,V,3,4,R,L,385,FALSE,FALSE,0.12941817826704757,no significant difference
DKELPPGP,E,G,3,7,P,L,152,FALSE,TRUE,0.8470144946884397,stronger
GLLRSRLIPSVPVL,R,I,4,8,W,A,299,FALSE,FALSE,-0.16912761192185213,no significant difference
GGGRSPV*DYVVL,S,*,5,8,Y,V,250,FALSE,TRUE,0.6836183977995701,stronger
GLLRSRLQPSVPVL,R,Q,4,8,W,A,299,FALSE,FALSE,-0.08561606644001007,no significant difference
RRW*HESPWL,W,*,3,4,R,L,385,FALSE,TRUE,0.46595842997316805,stronger
DKELPPVP,E,V,3,7,P,L,152,FALSE,TRUE,0.7859552270185353,stronger
GGGRSPVYDYVVL,S,Y,5,8,Y,V,250,FALSE,FALSE,0.1046998385678468,no significant difference
GLLRSRLHPSVPVL,R,H,4,8,W,A,299,FALSE,FALSE,-0.06018111859657093,no significant difference
RRWYHESPWL,W,Y,3,4,R,L,385,FALSE,FALSE,0.07988884850037187,no significant difference
GLLCSRLLPSVPVL,C,L,4,8,W,A,299,FALSE,FALSE,-0.2753787548657667,no significant difference
GLLRSRLPPSVPVL,R,P,4,8,W,A,299,FALSE,FALSE,-0.28415707448570465,no significant difference
DKELPP*P,E,*,3,7,P,L,152,FALSE,FALSE,0.7222512815029676,no significant difference
GLLCSRLEPSVPVL,C,E,4,8,W,A,299,FALSE,FALSE,-0.10688536547574844,no significant difference
DKELPPYP,E,Y,3,7,P,L,152,FALSE,TRUE,0.7693336118315567,stronger
GGGRSPVWDYVVL,S,W,5,8,Y,V,250,FALSE,FALSE,0.162225218319304,no significant difference
RRWWHESPWL,W,W,3,4,R,L,385,FALSE,FALSE,0.1651869932094974,no significant difference
GLLCSRLDPSVPVL,C,D,4,8,W,A,299,FALSE,FALSE,-0.04427564172830162,no significant difference
GGGRSPVCDYVVL,S,C,5,8,Y,V,250,FALSE,FALSE,0.282132784483573,no significant difference
RRWCHESPWL,W,C,3,4,R,L,385,FALSE,FALSE,0.1426685779669589,no significant difference
GLLCSRLAPSVPVL,C,A,4,8,W,A,299,FALSE,FALSE,-0.1974581212975585,no significant difference
DKELPPWP,E,W,3,7,P,L,152,FALSE,FALSE,0.6762254780215591,no significant difference
GGGRSPVFDYVVL,S,F,5,8,Y,V,250,FALSE,FALSE,0.1399306645800638,no significant difference
RRWFHESPWL,W,F,3,4,R,L,385,FALSE,TRUE,0.02519877777246289,weaker
GLLCSRLGPSVPVL,C,G,4,8,W,A,299,FALSE,FALSE,-0.0348108882221061,no significant difference
DKELPPCP,E,C,3,7,P,L,152,FALSE,FALSE,0.7488021138228386,no significant difference
GLLRSRLEPSVPVL,R,E,4,8,W,A,299,FALSE,FALSE,0.09219784739468516,no significant difference
RRCKHESPWL,C,K,3,4,R,L,385,FALSE,TRUE,0.32485150355265274,stronger
GLLRSRLDPSVPVL,R,D,4,8,W,A,299,FALSE,FALSE,-4.537320461523432e-4,no significant difference
RRCNHESPWL,C,N,3,4,R,L,385,FALSE,FALSE,0.30922160873827176,no significant difference
GLLCSRLVPSVPVL,C,V,4,8,W,A,299,FALSE,FALSE,-0.2989387650822433,no significant difference
DKELPPFP,E,F,3,7,P,L,152,FALSE,TRUE,0.7902541863975207,stronger
GLLRSRLAPSVPVL,R,A,4,8,W,A,299,FALSE,FALSE,-0.2073840845869222,no significant difference
RRCTHESPWL,C,T,3,4,R,L,385,FALSE,TRUE,0.32585059897611923,stronger
DKDLPPKP,D,K,3,7,P,L,152,FALSE,TRUE,0.9118898672149752,stronger
GLLCSRL*PSVPVL,C,*,4,8,W,A,299,FALSE,FALSE,0.16956494595267985,no significant difference
DKDLPPNP,D,N,3,7,P,L,152,FALSE,FALSE,0.7336272008569765,no significant difference
GLLRSRLGPSVPVL,R,G,4,8,W,A,299,FALSE,FALSE,-0.039004815919499496,no significant difference
RRCRHESPWL,C,R,3,4,R,L,385,FALSE,TRUE,0.18949139553591884,stronger
GLLCSRLYPSVPVL,C,Y,4,8,W,A,299,FALSE,FALSE,-0.30525833353172943,no significant difference
DKDLPPTP,D,T,3,7,P,L,152,FALSE,FALSE,0.7426847461824785,no significant difference
RRCSHESPWL,C,S,3,4,R,L,385,FALSE,TRUE,0.28551200542129973,stronger
DKDLPPRP,D,R,3,7,P,L,152,FALSE,TRUE,0.786375680190976,stronger
GLLRSRLVPSVPVL,R,V,4,8,W,A,299,FALSE,FALSE,-0.1693828544754364,no significant difference
RRCMHESPWL,C,M,3,4,R,L,385,FALSE,FALSE,0.17341638426848074,no significant difference
DKDLPPSP,D,S,3,7,P,L,152,FALSE,TRUE,0.874732814522614,stronger
RRCIHESPWL,C,I,3,4,R,L,385,FALSE,TRUE,0.3109805408647961,stronger
GLLCSRLWPSVPVL,C,W,4,8,W,A,299,FALSE,FALSE,-0.32449658680671606,no significant difference
DKDLPPMP,D,M,3,7,P,L,152,FALSE,FALSE,0.7463633245165917,no significant difference
GLLRSRL*PSVPVL,R,*,4,8,W,A,299,FALSE,FALSE,-0.33427020514699174,no significant difference
RRCQHESPWL,C,Q,3,4,R,L,385,FALSE,FALSE,0.34772956308529246,no significant difference
GLLCSRLCPSVPVL,C,C,4,8,W,A,299,FALSE,FALSE,-0.18989458817728175,no significant difference
DKDLPPIP,D,I,3,7,P,L,152,FALSE,TRUE,0.7841256355528164,stronger
GLLRSRLYPSVPVL,R,Y,4,8,W,A,299,FALSE,FALSE,-0.21235668445946815,no significant difference
RRCHHESPWL,C,H,3,4,R,L,385,FALSE,TRUE,0.2877933728131156,stronger
DKDLPPQP,D,Q,3,7,P,L,152,FALSE,TRUE,0.735264465726499,stronger
RRCPHESPWL,C,P,3,4,R,L,385,FALSE,TRUE,0.3155563817191503,stronger
GLLCSRLFPSVPVL,C,F,4,8,W,A,299,FALSE,FALSE,-0.33465843546155516,no significant difference
GLLLSRLKPSVPVL,L,K,4,8,W,A,299,FALSE,FALSE,-0.14576683489683015,no significant difference
GLLLSRLNPSVPVL,L,N,4,8,W,A,299,FALSE,FALSE,-0.1900296653860445,no significant difference
DKDLPPLP,D,L,3,7,P,L,152,FALSE,TRUE,0.7483094905271579,stronger
GLLLSRLTPSVPVL,L,T,4,8,W,A,299,FALSE,FALSE,-0.280319210718863,no significant difference
RRCLHESPWL,C,L,3,4,R,L,385,FALSE,FALSE,0.24196229752547296,no significant difference
DKDLPPEP,D,E,3,7,P,L,152,FALSE,FALSE,0.7667685344944819,no significant difference
GLLLSRLRPSVPVL,L,R,4,8,W,A,299,FALSE,FALSE,-0.31198357764154266,no significant difference
DKDLPPDP,D,D,3,7,P,L,152,FALSE,TRUE,0.7968564802942898,stronger
RRCEHESPWL,C,E,3,4,R,L,385,FALSE,TRUE,0.4029728425093505,stronger
GLLLSRLSPSVPVL,L,S,4,8,W,A,299,FALSE,FALSE,-0.2632662425723617,no significant difference
DKDLPPAP,D,A,3,7,P,L,152,FALSE,TRUE,0.7824191218157523,stronger
RRCDHESPWL,C,D,3,4,R,L,385,FALSE,TRUE,0.5121166715240172,stronger
GLLLSRLMPSVPVL,L,M,4,8,W,A,299,FALSE,FALSE,-0.3536605965101192,no significant difference
RRCAHESPWL,C,A,3,4,R,L,385,FALSE,TRUE,0.37899134818606384,stronger
GLLLSRLIPSVPVL,L,I,4,8,W,A,299,FALSE,FALSE,-0.4179041564816101,no significant difference
DKDLPPGP,D,G,3,7,P,L,152,FALSE,TRUE,0.886633152551584,stronger
GLLLSRLQPSVPVL,L,Q,4,8,W,A,299,FALSE,FALSE,-0.31198357764154266,no significant difference
RRCGHESPWL,C,G,3,4,R,L,385,FALSE,TRUE,0.35514539340813744,stronger
GLLLSRLHPSVPVL,L,H,4,8,W,A,299,FALSE,FALSE,-0.17756935265670573,no significant difference
DKDLPPVP,D,V,3,7,P,L,152,FALSE,TRUE,0.8399969277862441,stronger
GLLLSRLPPSVPVL,L,P,4,8,W,A,299,FALSE,FALSE,-0.3259280714717434,no significant difference
RRCVHESPWL,C,V,3,4,R,L,385,FALSE,TRUE,0.33779831250909503,stronger
DKDLPP*P,D,*,3,7,P,L,152,FALSE,TRUE,0.759299879586908,stronger
DKDLPPYP,D,Y,3,7,P,L,152,FALSE,FALSE,0.7216292790797837,no significant difference
RRC*HESPWL,C,*,3,4,R,L,385,FALSE,TRUE,0.5702011100822257,stronger
RRCYHESPWL,C,Y,3,4,R,L,385,FALSE,TRUE,0.2534296625671423,stronger
GLLLSRLLPSVPVL,L,L,4,8,W,A,299,FALSE,FALSE,-0.3098812783220508,no significant difference
DKDLPPWP,D,W,3,7,P,L,152,FALSE,FALSE,0.7263654822763017,no significant difference
GGGRWPVKDYVVL,W,K,5,8,Y,V,250,FALSE,FALSE,0.17006770655364573,no significant difference
GLLLSRLEPSVPVL,L,E,4,8,W,A,299,FALSE,FALSE,-0.02135888499830443,no significant difference
DKDLPPCP,D,C,3,7,P,L,152,FALSE,TRUE,0.9397482023571314,stronger
GGGRWPVNDYVVL,W,N,5,8,Y,V,250,FALSE,FALSE,0.197107230812478,no significant difference
RRCWHESPWL,C,W,3,4,R,L,385,FALSE,FALSE,0.1961421566151928,no significant difference
GLLLSRLDPSVPVL,L,D,4,8,W,A,299,FALSE,FALSE,-0.03609256970178969,no significant difference
GGGRWPVTDYVVL,W,T,5,8,Y,V,250,FALSE,FALSE,0.17523087171826418,no significant difference
RRCCHESPWL,C,C,3,4,R,L,385,FALSE,FALSE,0.2935332930817761,no significant difference
GLLLSRLAPSVPVL,L,A,4,8,W,A,299,FALSE,FALSE,-0.30396146954625214,no significant difference
DKDLPPFP,D,F,3,7,P,L,152,FALSE,FALSE,0.7117195014830019,no significant difference
DKALPPKP,A,K,3,7,P,L,152,FALSE,TRUE,0.9214963629334426,stronger
GGGRWPVRDYVVL,W,R,5,8,Y,V,250,FALSE,FALSE,0.18477348648038083,no significant difference
RRCFHESPWL,C,F,3,4,R,L,385,FALSE,FALSE,0.10228874364869588,no significant difference
GLLLSRLGPSVPVL,L,G,4,8,W,A,299,FALSE,FALSE,-0.12283287697400072,no significant difference
DKALPPTP,A,T,3,7,P,L,152,FALSE,TRUE,0.879548650098335,stronger
GGGRWPVSDYVVL,W,S,5,8,Y,V,250,FALSE,FALSE,0.15547961483134368,no significant difference
RRLKHESPWL,L,K,3,4,R,L,385,FALSE,TRUE,0.35211127443015394,stronger
GGGRWPVMDYVVL,W,M,5,8,Y,V,250,FALSE,FALSE,0.17079453414569035,no significant difference
RRLNHESPWL,L,N,3,4,R,L,385,FALSE,TRUE,0.3370342052643623,stronger
GLLLSRLVPSVPVL,L,V,4,8,W,A,299,FALSE,FALSE,-0.31379723969376105,no significant difference
DKALPPRP,A,R,3,7,P,L,152,FALSE,TRUE,0.8679762436671538,stronger
GGGRWPVIDYVVL,W,I,5,8,Y,V,250,FALSE,FALSE,-0.06066077069612398,no significant difference
RRLTHESPWL,L,T,3,4,R,L,385,FALSE,TRUE,0.24865898016772384,stronger
DKALPPSP,A,S,3,7,P,L,152,FALSE,TRUE,0.8713552834359982,stronger
GGGRWPVQDYVVL,W,Q,5,8,Y,V,250,FALSE,FALSE,0.11505975331394748,no significant difference
GLLLSRL*PSVPVL,L,*,4,8,W,A,299,FALSE,FALSE,-0.15146466178969414,no significant difference
DKALPPMP,A,M,3,7,P,L,152,FALSE,FALSE,0.694747217097071,no significant difference
GGGRWPVHDYVVL,W,H,5,8,Y,V,250,FALSE,FALSE,0.0906324568638381,no significant difference
RRLRHESPWL,L,R,3,4,R,L,385,FALSE,FALSE,0.1323796271335959,no significant difference
GLLLSRLYPSVPVL,L,Y,4,8,W,A,299,FALSE,FALSE,-0.4232086704901024,no significant difference
DKALPPIP,A,I,3,7,P,L,152,FALSE,FALSE,0.7253655322811123,no significant difference
GGGRWPVPDYVVL,W,P,5,8,Y,V,250,FALSE,FALSE,0.13731478137332262,no significant difference
RRLSHESPWL,L,S,3,4,R,L,385,FALSE,TRUE,0.2726855730933381,stronger
DKALPPQP,A,Q,3,7,P,L,152,FALSE,TRUE,0.8706915284748051,stronger
RRLMHESPWL,L,M,3,4,R,L,385,FALSE,FALSE,0.1787471025929744,no significant difference
DKALPPHP,A,H,3,7,P,L,152,FALSE,TRUE,0.7948905775808561,stronger
RRLIHESPWL,L,I,3,4,R,L,385,FALSE,FALSE,0.19077657709462967,no significant difference
GLLLSRLWPSVPVL,L,W,4,8,W,A,299,FALSE,FALSE,-0.4089703998982729,no significant difference
DKALPPPP,A,P,3,7,P,L,152,FALSE,TRUE,0.7885577691916474,stronger
GGGRWPVLDYVVL,W,L,5,8,Y,V,250,FALSE,TRUE,0.01055880895130361,weaker
RRLQHESPWL,L,Q,3,4,R,L,385,FALSE,TRUE,0.22150210748712074,stronger
GLLLSRLCPSVPVL,L,C,4,8,W,A,299,FALSE,FALSE,-0.33473356261955245,no significant difference
RRLHHESPWL,L,H,3,4,R,L,385,FALSE,TRUE,0.30809589562311634,stronger
GGGRWPVEDYVVL,W,E,5,8,Y,V,250,FALSE,FALSE,0.3530075453776165,no significant difference
RRLPHESPWL,L,P,3,4,R,L,385,FALSE,TRUE,0.30707814522435894,stronger
GLLLSRLFPSVPVL,L,F,4,8,W,A,299,FALSE,FALSE,-0.29517325769630903,no significant difference
DKALPPLP,A,L,3,7,P,L,152,FALSE,TRUE,0.730280106442439,stronger
GGGRWPVDDYVVL,W,D,5,8,Y,V,250,FALSE,FALSE,0.31565228744075297,no significant difference
GLLFSRLKPSVPVL,F,K,4,8,W,A,299,FALSE,FALSE,-0.3667156709912932,no significant difference
GGGRWPVADYVVL,W,A,5,8,Y,V,250,FALSE,FALSE,0.16934653742820327,no significant difference
GLLFSRLNPSVPVL,F,N,4,8,W,A,299,FALSE,FALSE,-0.2995962003910675,no significant difference
DKALPPEP,A,E,3,7,P,L,152,FALSE,TRUE,0.8668841532451798,stronger
GLLFSRLTPSVPVL,F,T,4,8,W,A,299,FALSE,FALSE,-0.3385922120340462,no significant difference
DKALPPDP,A,D,3,7,P,L,152,FALSE,TRUE,0.796912566327755,stronger
GGGRWPVGDYVVL,W,G,5,8,Y,V,250,FALSE,FALSE,0.19846226148550666,no significant difference
RRLLHESPWL,L,L,3,4,R,L,385,FALSE,TRUE,0.1953126258523664,stronger
DKALPPAP,A,A,3,7,P,L,152,FALSE,TRUE,0.799705234195788,stronger
GLLFSRLRPSVPVL,F,R,4,8,W,A,299,FALSE,FALSE,-0.41361608336514183,no significant difference
GGGRWPVVDYVVL,W,V,5,8,Y,V,250,FALSE,FALSE,0.16457137184545892,no significant difference
RRLEHESPWL,L,E,3,4,R,L,385,FALSE,TRUE,0.3767828196410868,stronger
GLLFSRLSPSVPVL,F,S,4,8,W,A,299,FALSE,FALSE,-0.28021964162729324,no significant difference
DKALPPGP,A,G,3,7,P,L,152,FALSE,TRUE,0.8444769045494549,stronger
RRLDHESPWL,L,D,3,4,R,L,385,FALSE,TRUE,0.3508723456601483,stronger
GLLFSRLMPSVPVL,F,M,4,8,W,A,299,FALSE,FALSE,-0.3552378466379601,no significant difference
GGGRWPV*DYVVL,W,*,5,8,Y,V,250,FALSE,FALSE,0.4539708390797269,no significant difference
RRLAHESPWL,L,A,3,4,R,L,385,FALSE,TRUE,0.29590817912823986,stronger
GLLFSRLIPSVPVL,F,I,4,8,W,A,299,FALSE,FALSE,-0.4015862033547293,no significant difference
DKALPPVP,A,V,3,7,P,L,152,FALSE,TRUE,0.7254577965182243,stronger
GGGRWPVYDYVVL,W,Y,5,8,Y,V,250,FALSE,TRUE,-0.01514866502217579,weaker
GLLFSRLQPSVPVL,F,Q,4,8,W,A,299,FALSE,FALSE,-0.3652204237118809,no significant difference
RRLGHESPWL,L,G,3,4,R,L,385,FALSE,TRUE,0.3510400025421758,stronger
GLLFSRLHPSVPVL,F,H,4,8,W,A,299,FALSE,FALSE,-0.5924688386285051,no significant difference
DKALPP*P,A,*,3,7,P,L,152,FALSE,FALSE,0.7917564199618041,no significant difference
GLLFSRLPPSVPVL,F,P,4,8,W,A,299,FALSE,FALSE,-0.3044648260728615,no significant difference
DKALPPYP,A,Y,3,7,P,L,152,FALSE,FALSE,0.6966644087060163,no significant difference
GGGRWPVWDYVVL,W,W,5,8,Y,V,250,FALSE,FALSE,0.0725632113852716,no significant difference
RRLVHESPWL,L,V,3,4,R,L,385,FALSE,TRUE,0.2696777505696312,stronger
GGGRWPVCDYVVL,W,C,5,8,Y,V,250,FALSE,FALSE,0.19012441508465264,no significant difference
RRL*HESPWL,L,*,3,4,R,L,385,FALSE,TRUE,0.4210750114584777,stronger
DKALPPWP,A,W,3,7,P,L,152,FALSE,FALSE,0.7184876316553468,no significant difference
GGGRWPVFDYVVL,W,F,5,8,Y,V,250,FALSE,FALSE,-0.03361808913136668,no significant difference
RRLYHESPWL,L,Y,3,4,R,L,385,FALSE,FALSE,0.16917163925938572,no significant difference
GLLFSRLLPSVPVL,F,L,4,8,W,A,299,FALSE,FALSE,-0.3374927432004279,no significant difference
DKALPPCP,A,C,3,7,P,L,152,FALSE,FALSE,0.7320051002894445,no significant difference
GGGRCPVKDYVVL,C,K,5,8,Y,V,250,FALSE,FALSE,0.2933013133198976,no significant difference
GGGRCPVNDYVVL,C,N,5,8,Y,V,250,FALSE,FALSE,0.28145650527839944,no significant difference
GLLFSRLEPSVPVL,F,E,4,8,W,A,299,FALSE,FALSE,-0.16186501018871402,no significant difference
DKALPPFP,A,F,3,7,P,L,152,FALSE,FALSE,0.6959222470600384,no significant difference
GGGRCPVTDYVVL,C,T,5,8,Y,V,250,FALSE,TRUE,0.34209394782396785,stronger
RRLWHESPWL,L,W,3,4,R,L,385,FALSE,TRUE,0.2155169839842099,stronger
GLLFSRLDPSVPVL,F,D,4,8,W,A,299,FALSE,FALSE,-0.05840124571872789,no significant difference
RRLCHESPWL,L,C,3,4,R,L,385,FALSE,TRUE,0.2617365779315004,stronger
GLLFSRLAPSVPVL,F,A,4,8,W,A,299,FALSE,FALSE,-0.45423616379113174,no significant difference
GGGRCPVRDYVVL,C,R,5,8,Y,V,250,FALSE,TRUE,0.31822660871529396,stronger
GGGRCPVSDYVVL,C,S,5,8,Y,V,250,FALSE,TRUE,0.2987553694730984,stronger
RRLFHESPWL,L,F,3,4,R,L,385,FALSE,FALSE,0.21931664242336207,no significant difference
GLLFSRLGPSVPVL,F,G,4,8,W,A,299,FALSE,FALSE,-0.3101980100274513,no significant difference
GGGRCPVMDYVVL,C,M,5,8,Y,V,250,FALSE,FALSE,0.19615705104574588,no significant difference
RRFKHESPWL,F,K,3,4,R,L,385,FALSE,TRUE,0.22839925257277652,stronger
GGGRCPVIDYVVL,C,I,5,8,Y,V,250,FALSE,FALSE,0.17386609727506233,no significant difference
RRFNHESPWL,F,N,3,4,R,L,385,FALSE,FALSE,0.2275024533480088,no significant difference
GLLFSRLVPSVPVL,F,V,4,8,W,A,299,FALSE,FALSE,-0.43921835096042716,no significant difference
GGGRCPVQDYVVL,C,Q,5,8,Y,V,250,FALSE,TRUE,0.4033034084580568,stronger
RRFTHESPWL,F,T,3,4,R,L,385,FALSE,FALSE,0.20913011072084953,no significant difference
GGGRCPVHDYVVL,C,H,5,8,Y,V,250,FALSE,FALSE,0.3756529080680512,no significant difference
GLLFSRL*PSVPVL,F,*,4,8,W,A,299,FALSE,FALSE,-0.1628808948947971,no significant difference
GGGRCPVPDYVVL,C,P,5,8,Y,V,250,FALSE,TRUE,0.3474399090219118,stronger
RRFRHESPWL,F,R,3,4,R,L,385,FALSE,FALSE,0.12367488150193406,no significant difference
GLLFSRLYPSVPVL,F,Y,4,8,W,A,299,FALSE,FALSE,-0.4865326295736188,no significant difference
RRFSHESPWL,F,S,3,4,R,L,385,FALSE,FALSE,0.1931700985086499,no significant difference
RRFMHESPWL,F,M,3,4,R,L,385,FALSE,FALSE,0.03352410604253564,no significant difference
RRFIHESPWL,F,I,3,4,R,L,385,FALSE,FALSE,0.13292185238215087,no significant difference
GLLFSRLWPSVPVL,F,W,4,8,W,A,299,FALSE,FALSE,-0.444971701801022,no significant difference
GGGRCPVLDYVVL,C,L,5,8,Y,V,250,FALSE,FALSE,0.11844471863039437,no significant difference
RRFQHESPWL,F,Q,3,4,R,L,385,FALSE,FALSE,0.2567217157718506,no significant difference
GLLFSRLCPSVPVL,F,C,4,8,W,A,299,FALSE,FALSE,-0.3607180960178501,no significant difference
RRFHHESPWL,F,H,3,4,R,L,385,FALSE,FALSE,0.20230266434444671,no significant difference
GGGRCPVEDYVVL,C,E,5,8,Y,V,250,FALSE,FALSE,0.445270140824833,no significant difference
RRFPHESPWL,F,P,3,4,R,L,385,FALSE,TRUE,0.28280293054870215,stronger
GLLFSRLFPSVPVL,F,F,4,8,W,A,299,FALSE,FALSE,-0.4764330880258944,no significant difference
GGGRCPVDDYVVL,C,D,5,8,Y,V,250,FALSE,FALSE,0.38738350660043286,no significant difference
SKVKKFLGWF,K,K,4,5,R,V,366,FALSE,TRUE,0.00490283507746483,stronger
GGGRCPVADYVVL,C,A,5,8,Y,V,250,FALSE,TRUE,0.2955103222717144,stronger
SKVKNFLGWF,K,N,4,5,R,V,366,FALSE,TRUE,-0.00565469209446272,stronger
SKVKTFLGWF,K,T,4,5,R,V,366,FALSE,TRUE,0.19053554701275785,stronger
GGGRCPVGDYVVL,C,G,5,8,Y,V,250,FALSE,TRUE,0.3666002051281336,stronger
RRFLHESPWL,F,L,3,4,R,L,385,FALSE,FALSE,0.1232047764130756,no significant difference
SKVKRFLGWF,K,R,4,5,R,V,366,FALSE,TRUE,0.01847399243281457,stronger
GGGRCPVVDYVVL,C,V,5,8,Y,V,250,FALSE,FALSE,0.24096710041478925,no significant difference
RRFEHESPWL,F,E,3,4,R,L,385,FALSE,TRUE,0.3432850550840119,stronger
SKVKSFLGWF,K,S,4,5,R,V,366,FALSE,TRUE,0.08408044113002591,stronger
RRFDHESPWL,F,D,3,4,R,L,385,FALSE,TRUE,0.3148303503283135,stronger
SKVKMFLGWF,K,M,4,5,R,V,366,FALSE,TRUE,-0.1406601072770234,stronger
GGGRCPV*DYVVL,C,*,5,8,Y,V,250,FALSE,TRUE,0.5775632145089634,stronger
RRFAHESPWL,F,A,3,4,R,L,385,FALSE,TRUE,0.25780488668684864,stronger
SKVKIFLGWF,K,I,4,5,R,V,366,FALSE,FALSE,-0.385275272626422,no significant difference
GGGRCPVYDYVVL,C,Y,5,8,Y,V,250,FALSE,FALSE,0.1659915013651678,no significant difference
SKVKQFLGWF,K,Q,4,5,R,V,366,FALSE,FALSE,-0.01953604723793224,no significant difference
RRFGHESPWL,F,G,3,4,R,L,385,FALSE,FALSE,0.2475008585916601,no significant difference
SKVKHFLGWF,K,H,4,5,R,V,366,FALSE,FALSE,0.22301708954898317,no significant difference
DKGLPPKP,G,K,3,7,P,L,152,FALSE,TRUE,0.8658503920120171,stronger
DKGLPPNP,G,N,3,7,P,L,152,FALSE,TRUE,0.7943474338967413,stronger
GGGRCPVWDYVVL,C,W,5,8,Y,V,250,FALSE,FALSE,0.08588634665974089,no significant difference
RRFVHESPWL,F,V,3,4,R,L,385,FALSE,FALSE,0.1638844888032744,no significant difference
DKGLPPTP,G,T,3,7,P,L,152,FALSE,TRUE,0.7555518572654005,stronger
GGGRCPVCDYVVL,C,C,5,8,Y,V,250,FALSE,FALSE,0.31414879900049403,no significant difference
SKVKLFLGWF,K,L,4,5,R,V,366,FALSE,FALSE,-0.11552072107229772,no significant difference
RRF*HESPWL,F,*,3,4,R,L,385,FALSE,TRUE,0.5853790471375573,stronger
DKGLPPRP,G,R,3,7,P,L,152,FALSE,TRUE,0.8167939549552812,stronger
GGGRCPVFDYVVL,C,F,5,8,Y,V,250,FALSE,FALSE,0.08975240635308505,no significant difference
RRFYHESPWL,F,Y,3,4,R,L,385,FALSE,TRUE,0.0495515220738693,weaker
SKVKEFLGWF,K,E,4,5,R,V,366,FALSE,TRUE,0.174240356876746,stronger
DKGLPPSP,G,S,3,7,P,L,152,FALSE,TRUE,0.798706349860927,stronger
GGGRLPVKDYVVL,L,K,5,8,Y,V,250,FALSE,FALSE,0.33639169879435893,no significant difference
SKVKDFLGWF,K,D,4,5,R,V,366,FALSE,TRUE,0.13669050801510158,stronger
DKGLPPMP,G,M,3,7,P,L,152,FALSE,TRUE,0.7841946866999763,stronger
GGGRLPVNDYVVL,L,N,5,8,Y,V,250,FALSE,FALSE,0.29578106908420115,no significant difference
SKVKAFLGWF,K,A,4,5,R,V,366,FALSE,TRUE,0.16032775039100525,stronger
DKGLPPIP,G,I,3,7,P,L,152,FALSE,TRUE,0.7328424660052055,stronger
GGGRLPVTDYVVL,L,T,5,8,Y,V,250,FALSE,FALSE,0.2654202157896456,no significant difference
RRFWHESPWL,F,W,3,4,R,L,385,FALSE,FALSE,0.17529498363328905,no significant difference
DKGLPPQP,G,Q,3,7,P,L,152,FALSE,TRUE,0.8936554123808267,stronger
RRFCHESPWL,F,C,3,4,R,L,385,FALSE,FALSE,0.10660135172867302,no significant difference
SKVKGFLGWF,K,G,4,5,R,V,366,FALSE,TRUE,0.1969676500859709,stronger
DKGLPPHP,G,H,3,7,P,L,152,FALSE,TRUE,0.7801869770678189,stronger
DKGLPPPP,G,P,3,7,P,L,152,FALSE,FALSE,0.7181367359238566,no significant difference
RRFFHESPWL,F,F,3,4,R,L,385,FALSE,FALSE,0.08621190234851367,no significant difference
SKVKVFLGWF,K,V,4,5,R,V,366,FALSE,FALSE,-0.2323809687374954,no significant difference
QSRFLGWF,366_3,366_3,366_3,366_3,366_3,366_3,reference,TRUE,FALSE,0.34939376478766804,no significant difference
PPPALPPKRRR,sh3.1,sh3.1,sh3.1,sh3.1,sh3.1,sh3.1,reference,TRUE,FALSE,0.8927030260297629,no significant difference
SKVK*FLGWF,K,*,4,5,R,V,366,FALSE,TRUE,0.7226618315436575,stronger
GGGRLPVQDYVVL,L,Q,5,8,Y,V,250,FALSE,TRUE,0.34792366989703105,stronger
DKKLPPNP,K,N,3,7,P,L,152,FALSE,FALSE,0.8051520994067387,no significant difference
SKVKYFLGWF,K,Y,4,5,R,V,366,FALSE,TRUE,-0.07011951039000618,stronger
DKGLPPLP,G,L,3,7,P,L,152,FALSE,TRUE,0.724074659012146,stronger
DKKLPPTP,K,T,3,7,P,L,152,FALSE,TRUE,0.827122378551552,stronger
GGGRLPVPDYVVL,L,P,5,8,Y,V,250,FALSE,TRUE,0.3026962024035143,stronger
DKKLPPRP,K,R,3,7,P,L,152,FALSE,TRUE,0.8485121843671457,stronger
DKGLPPEP,G,E,3,7,P,L,152,FALSE,TRUE,0.8356747098629331,stronger
DKKLPPSP,K,S,3,7,P,L,152,FALSE,TRUE,0.8390147454159947,stronger
SKVKWFLGWF,K,W,4,5,R,V,366,FALSE,FALSE,-0.11561654202790522,no significant difference
DKGLPPDP,G,D,3,7,P,L,152,FALSE,TRUE,0.7485781420940871,stronger
DKKLPPMP,K,M,3,7,P,L,152,FALSE,TRUE,0.8339639421986179,stronger
SKVKCFLGWF,K,C,4,5,R,V,366,FALSE,TRUE,-0.07333928146008073,stronger
DKGLPPAP,G,A,3,7,P,L,152,FALSE,TRUE,0.757515909129617,stronger
DKKLPPIP,K,I,3,7,P,L,152,FALSE,FALSE,0.6733097654437125,no significant difference
DKKLPPQP,K,Q,3,7,P,L,152,FALSE,TRUE,0.9237726904784024,stronger
SKVKFFLGWF,K,F,4,5,R,V,366,FALSE,FALSE,-0.28280662563924786,no significant difference
DKGLPPGP,G,G,3,7,P,L,152,FALSE,TRUE,0.8533958859749217,stronger
DKKLPPPP,K,P,3,7,P,L,152,FALSE,TRUE,0.8964956105984428,stronger
SKVNKFLGWF,N,K,4,5,R,V,366,FALSE,TRUE,0.04061667552844893,stronger
SKVNNFLGWF,N,N,4,5,R,V,366,FALSE,TRUE,0.05422873558033889,stronger
DKGLPPVP,G,V,3,7,P,L,152,FALSE,TRUE,0.7292603461478905,stronger
DKKLPPLP,K,L,3,7,P,L,152,FALSE,FALSE,0.7155063107540872,no significant difference
SKVNTFLGWF,N,T,4,5,R,V,366,FALSE,TRUE,0.1159715222694492,stronger
DKGLPP*P,G,*,3,7,P,L,152,FALSE,TRUE,0.7630444521023492,stronger
DKKLPPEP,K,E,3,7,P,L,152,FALSE,TRUE,0.8903228210651039,stronger
SKVNRFLGWF,N,R,4,5,R,V,366,FALSE,TRUE,0.07092003048604384,stronger
DKGLPPYP,G,Y,3,7,P,L,152,FALSE,FALSE,0.6824528226607227,no significant difference
DKKLPPDP,K,D,3,7,P,L,152,FALSE,FALSE,0.6992803101046859,no significant difference
SKVNSFLGWF,N,S,4,5,R,V,366,FALSE,TRUE,0.1043439831521426,stronger
DKKLPPAP,K,A,3,7,P,L,152,FALSE,TRUE,0.7989662472529517,stronger
SKVNMFLGWF,N,M,4,5,R,V,366,FALSE,FALSE,-0.0356966363142551,no significant difference
GLLESRLKPSVPVL,E,K,4,8,W,A,299,FALSE,FALSE,0.06232078630505064,no significant difference
SKVNIFLGWF,N,I,4,5,R,V,366,FALSE,FALSE,-0.27851983015698595,no significant difference
DKGLPPWP,G,W,3,7,P,L,152,FALSE,FALSE,0.6887431206890513,no significant difference
GLLESRLNPSVPVL,E,N,4,8,W,A,299,FALSE,FALSE,0.09075785071550894,no significant difference
DKKLPPGP,K,G,3,7,P,L,152,FALSE,TRUE,0.885320353647832,stronger
SKVNQFLGWF,N,Q,4,5,R,V,366,FALSE,TRUE,0.14176458348909002,stronger
DKGLPPCP,G,C,3,7,P,L,152,FALSE,TRUE,0.7700987322875739,stronger
GLLESRLTPSVPVL,E,T,4,8,W,A,299,FALSE,FALSE,-0.06874208393510675,no significant difference
SKVNHFLGWF,N,H,4,5,R,V,366,FALSE,TRUE,0.18207007891776128,stronger
DKKLPPVP,K,V,3,7,P,L,152,FALSE,TRUE,0.7833898922445761,stronger
DKGLPPFP,G,F,3,7,P,L,152,FALSE,FALSE,0.6617877336376374,no significant difference
GLLESRLRPSVPVL,E,R,4,8,W,A,299,FALSE,FALSE,-0.03937472506415473,no significant difference
GLLESRLSPSVPVL,E,S,4,8,W,A,299,FALSE,FALSE,-0.02387394247360575,no significant difference
DKKLPP*P,K,*,3,7,P,L,152,FALSE,FALSE,0.8039526023198175,no significant difference
SKVNLFLGWF,N,L,4,5,R,V,366,FALSE,TRUE,-0.04896830331370698,stronger
GLLESRLMPSVPVL,E,M,4,8,W,A,299,FALSE,FALSE,-0.11174935904787545,no significant difference
DKKLPPYP,K,Y,3,7,P,L,152,FALSE,FALSE,0.6723234856915842,no significant difference
GLLESRLIPSVPVL,E,I,4,8,W,A,299,FALSE,FALSE,-0.10380776933778812,no significant difference
SKVNEFLGWF,N,E,4,5,R,V,366,FALSE,FALSE,0.101408498846997,no significant difference
GLLESRLQPSVPVL,E,Q,4,8,W,A,299,FALSE,FALSE,-0.2047504584022793,no significant difference
SKVNDFLGWF,N,D,4,5,R,V,366,FALSE,TRUE,0.04126198945556544,stronger
GLLESRLHPSVPVL,E,H,4,8,W,A,299,FALSE,FALSE,-0.24294694235775527,no significant difference
DKKLPPWP,K,W,3,7,P,L,152,FALSE,FALSE,0.6933594838638535,no significant difference
SKVNAFLGWF,N,A,4,5,R,V,366,FALSE,TRUE,0.10528401725537606,stronger
GGGRFPVKDYVVL,F,K,5,8,Y,V,250,FALSE,FALSE,0.2712007560062832,no significant difference
GLLESRLPPSVPVL,E,P,4,8,W,A,299,FALSE,FALSE,-0.06276715083404456,no significant difference
DKKLPPCP,K,C,3,7,P,L,152,FALSE,TRUE,0.7632135042160227,stronger
GGGRFPVNDYVVL,F,N,5,8,Y,V,250,FALSE,FALSE,0.2185948485304769,no significant difference
SKVNGFLGWF,N,G,4,5,R,V,366,FALSE,TRUE,0.14923887023447824,stronger
GGGRFPVTDYVVL,F,T,5,8,Y,V,250,FALSE,FALSE,0.23229946583379657,no significant difference
DKKLPPFP,K,F,3,7,P,L,152,FALSE,FALSE,0.6601599289801041,no significant difference
DKNLPPKP,N,K,3,7,P,L,152,FALSE,TRUE,0.8663345667943299,stronger
SKVNVFLGWF,N,V,4,5,R,V,366,FALSE,FALSE,-0.07739547529587072,no significant difference
GGGRFPVRDYVVL,F,R,5,8,Y,V,250,FALSE,FALSE,0.21481182872930144,no significant difference
GLLESRLLPSVPVL,E,L,4,8,W,A,299,FALSE,FALSE,-0.16917145552613846,no significant difference
DKNLPPNP,N,N,3,7,P,L,152,FALSE,TRUE,0.9256505451226766,stronger
GGGRFPVSDYVVL,F,S,5,8,Y,V,250,FALSE,FALSE,0.27241270462607603,no significant difference
DKNLPPTP,N,T,3,7,P,L,152,FALSE,TRUE,0.840820559064455,stronger
SKVN*FLGWF,N,*,4,5,R,V,366,FALSE,TRUE,0.6996712105747258,stronger
GGGRFPVMDYVVL,F,M,5,8,Y,V,250,FALSE,FALSE,0.14862876267770617,no significant difference
GLLESRLEPSVPVL,E,E,4,8,W,A,299,FALSE,FALSE,0.09582820084929088,no significant difference
DKNLPPRP,N,R,3,7,P,L,152,FALSE,TRUE,0.9041815698721822,stronger
SKVNYFLGWF,N,Y,4,5,R,V,366,FALSE,FALSE,-0.11227227768459956,no significant difference
GGGRFPVIDYVVL,F,I,5,8,Y,V,250,FALSE,FALSE,0.08505011909522593,no significant difference
GLLESRLDPSVPVL,E,D,4,8,W,A,299,FALSE,FALSE,0.14835079261304096,no significant difference
DKNLPPSP,N,S,3,7,P,L,152,FALSE,TRUE,0.8782219729868533,stronger
GGGRFPVQDYVVL,F,Q,5,8,Y,V,250,FALSE,FALSE,0.13860561502801436,no significant difference
GLLESRLAPSVPVL,E,A,4,8,W,A,299,FALSE,FALSE,-0.1252460674869397,no significant difference
DKNLPPMP,N,M,3,7,P,L,152,FALSE,TRUE,0.8374166673788915,stronger
GGGRFPVHDYVVL,F,H,5,8,Y,V,250,FALSE,FALSE,0.27830796327844565,no significant difference
DKNLPPIP,N,I,3,7,P,L,152,FALSE,FALSE,0.7795690786172285,no significant difference
SKVNWFLGWF,N,W,4,5,R,V,366,FALSE,FALSE,-0.11735825952854424,no significant difference
GGGRFPVPDYVVL,F,P,5,8,Y,V,250,FALSE,FALSE,0.24360710225456,no significant difference
GLLESRLGPSVPVL,E,G,4,8,W,A,299,FALSE,FALSE,0.07235130549649417,no significant difference
DKNLPPQP,N,Q,3,7,P,L,152,FALSE,TRUE,1.0712035952722585,stronger
SKVNCFLGWF,N,C,4,5,R,V,366,FALSE,TRUE,0.01457402305788613,stronger
DKNLPPHP,N,H,3,7,P,L,152,FALSE,TRUE,0.8450786200355116,stronger
GLLESRLVPSVPVL,E,V,4,8,W,A,299,FALSE,FALSE,-0.14597793420168148,no significant difference
SKVNFFLGWF,N,F,4,5,R,V,366,FALSE,FALSE,-0.2471391121236872,no significant difference
DKNLPPLP,N,L,3,7,P,L,152,FALSE,FALSE,0.7573515101033454,no significant difference
SKVTKFLGWF,T,K,4,5,R,V,366,FALSE,TRUE,0.23423640640717697,stronger
GGGRFPVLDYVVL,F,L,5,8,Y,V,250,FALSE,FALSE,0.04659067023068836,no significant difference
GLLESRL*PSVPVL,E,*,4,8,W,A,299,FALSE,FALSE,0.2740662620035267,no significant difference
DKNLPPEP,N,E,3,7,P,L,152,FALSE,TRUE,0.8216692919064746,stronger
SKVTNFLGWF,T,N,4,5,R,V,366,FALSE,TRUE,0.07004065668128531,stronger
GLLESRLYPSVPVL,E,Y,4,8,W,A,299,FALSE,FALSE,-0.10997446608065106,no significant difference
DKNLPPDP,N,D,3,7,P,L,152,FALSE,TRUE,0.8685541576387475,stronger
SKVTTFLGWF,T,T,4,5,R,V,366,FALSE,FALSE,-0.08104651240258443,no significant difference
GGGRFPVEDYVVL,F,E,5,8,Y,V,250,FALSE,FALSE,0.324348877283121,no significant difference
RREKHESPWL,E,K,3,4,R,L,385,FALSE,TRUE,0.4874838647507741,stronger
DKNLPPAP,N,A,3,7,P,L,152,FALSE,FALSE,0.8371198411295356,no significant difference
SKVTRFLGWF,T,R,4,5,R,V,366,FALSE,TRUE,0.06566693567173983,stronger
GGGRFPVDDYVVL,F,D,5,8,Y,V,250,FALSE,FALSE,0.3121648230479448,no significant difference
RRENHESPWL,E,N,3,4,R,L,385,FALSE,TRUE,0.5041611201195326,stronger
SKVTSFLGWF,T,S,4,5,R,V,366,FALSE,TRUE,0.0845785818810551,stronger
GGGRFPVADYVVL,F,A,5,8,Y,V,250,FALSE,FALSE,0.27421988722230456,no significant difference
RRETHESPWL,E,T,3,4,R,L,385,FALSE,TRUE,0.43703442997442865,stronger
GLLESRLWPSVPVL,E,W,4,8,W,A,299,FALSE,FALSE,-0.08902583501772916,no significant difference
DKNLPPGP,N,G,3,7,P,L,152,FALSE,TRUE,0.8975062736712898,stronger
SKVTMFLGWF,T,M,4,5,R,V,366,FALSE,FALSE,-0.27976819581242873,no significant difference
GLLESRLCPSVPVL,E,C,4,8,W,A,299,FALSE,FALSE,-0.12138952136650386,no significant difference
SKVTIFLGWF,T,I,4,5,R,V,366,FALSE,FALSE,-0.3946372758459896,no significant difference
GGGRFPVGDYVVL,F,G,5,8,Y,V,250,FALSE,FALSE,0.25448717692841466,no significant difference
RRERHESPWL,E,R,3,4,R,L,385,FALSE,TRUE,0.4524778762933429,stronger
DKNLPPVP,N,V,3,7,P,L,152,FALSE,TRUE,0.8475574817579348,stronger
SKVTQFLGWF,T,Q,4,5,R,V,366,FALSE,TRUE,0.21123719830507692,stronger
RRESHESPWL,E,S,3,4,R,L,385,FALSE,TRUE,0.4664142370002321,stronger
GLLESRLFPSVPVL,E,F,4,8,W,A,299,FALSE,FALSE,-0.1785382894510088,no significant difference
SKVTLFLGWF,T,L,4,5,R,V,366,FALSE,FALSE,-0.17428022358755776,no significant difference
GGGRFPVVDYVVL,F,V,5,8,Y,V,250,FALSE,FALSE,0.1590157659446606,no significant difference
RREMHESPWL,E,M,3,4,R,L,385,FALSE,TRUE,0.4276820995664639,stronger
GLLDSRLKPSVPVL,D,K,4,8,W,A,299,FALSE,FALSE,0.0719451919889394,no significant difference
DKNLPP*P,N,*,3,7,P,L,152,FALSE,FALSE,0.69977471278979,no significant difference
RREIHESPWL,E,I,3,4,R,L,385,FALSE,TRUE,0.3921082365623147,stronger
GLLDSRLNPSVPVL,D,N,4,8,W,A,299,FALSE,FALSE,0.252459996092804,no significant difference
DKNLPPYP,N,Y,3,7,P,L,152,FALSE,TRUE,0.7755506839164508,stronger
SKVTEFLGWF,T,E,4,5,R,V,366,FALSE,TRUE,0.1707405232625407,stronger
GGGRFPV*DYVVL,F,*,5,8,Y,V,250,FALSE,TRUE,0.5269297785254833,stronger
RREQHESPWL,E,Q,3,4,R,L,385,FALSE,TRUE,0.4763057957818593,stronger
GLLDSRLTPSVPVL,D,T,4,8,W,A,299,FALSE,FALSE,0.10410956222059847,no significant difference
SKVTDFLGWF,T,D,4,5,R,V,366,FALSE,TRUE,0.16761853566630092,stronger
GGGRFPVYDYVVL,F,Y,5,8,Y,V,250,FALSE,FALSE,8.393073849304422e-4,no significant difference
RREHHESPWL,E,H,3,4,R,L,385,FALSE,FALSE,0.4657402377487556,no significant difference
SKVTGFLGWF,T,G,4,5,R,V,366,FALSE,TRUE,0.13696176669679722,stronger
RREPHESPWL,E,P,3,4,R,L,385,FALSE,TRUE,0.4587052825786388,stronger
GLLDSRLRPSVPVL,D,R,4,8,W,A,299,FALSE,FALSE,-0.11908178529916293,no significant difference
DKNLPPWP,N,W,3,7,P,L,152,FALSE,FALSE,0.724684617262041,no significant difference
DKVLPPKP,V,K,3,7,P,L,152,FALSE,TRUE,0.864398884471708,stronger
GLLDSRLSPSVPVL,D,S,4,8,W,A,299,FALSE,FALSE,0.10605035461982372,no significant difference
DKNLPPCP,N,C,3,7,P,L,152,FALSE,TRUE,0.9434359385116414,stronger
SKVTVFLGWF,T,V,4,5,R,V,366,FALSE,FALSE,-0.22587451464775402,no significant difference
DKVLPPNP,V,N,3,7,P,L,152,FALSE,FALSE,0.6895755994266148,no significant difference
GGGRFPVWDYVVL,F,W,5,8,Y,V,250,FALSE,TRUE,0.03712593207272283,weaker
GLLDSRLMPSVPVL,D,M,4,8,W,A,299,FALSE,FALSE,-0.05337685392446899,no significant difference
DKVLPPTP,V,T,3,7,P,L,152,FALSE,FALSE,0.6011331875963217,no significant difference
GGGRFPVCDYVVL,F,C,5,8,Y,V,250,FALSE,FALSE,0.182777959317599,no significant difference
GLLDSRLIPSVPVL,D,I,4,8,W,A,299,FALSE,FALSE,-0.11896071776403884,no significant difference
DKNLPPFP,N,F,3,7,P,L,152,FALSE,FALSE,0.713044264041977,no significant difference
SKVT*FLGWF,T,*,4,5,R,V,366,FALSE,TRUE,0.7059909933007624,stronger
RRELHESPWL,E,L,3,4,R,L,385,FALSE,TRUE,0.3133659925837223,stronger
GLLDSRLQPSVPVL,D,Q,4,8,W,A,299,FALSE,FALSE,0.06213179246321163,no significant difference
DKTLPPKP,T,K,3,7,P,L,152,FALSE,TRUE,0.9751193336758099,stronger
SKVTYFLGWF,T,Y,4,5,R,V,366,FALSE,FALSE,-0.1864463986041442,no significant difference
DKVLPPRP,V,R,3,7,P,L,152,FALSE,TRUE,0.7918866872373393,stronger
GGGRFPVFDYVVL,F,F,5,8,Y,V,250,FALSE,FALSE,-0.01938532091378985,no significant difference
RREEHESPWL,E,E,3,4,R,L,385,FALSE,TRUE,0.5009818096694324,stronger
GLLDSRLHPSVPVL,D,H,4,8,W,A,299,FALSE,FALSE,0.03265870364906651,no significant difference
DKTLPPTP,T,T,3,7,P,L,152,FALSE,FALSE,0.79804356830144,no significant difference
DKVLPPSP,V,S,3,7,P,L,152,FALSE,FALSE,0.6682547701363435,no significant difference
GVKQSLL,pdz.2,pdz.2,pdz.2,pdz.2,pdz.2,pdz.2,reference,TRUE,FALSE,1,no significant difference
RREDHESPWL,E,D,3,4,R,L,385,FALSE,TRUE,0.5102674545160136,stronger
GLLDSRLPPSVPVL,D,P,4,8,W,A,299,FALSE,FALSE,-0.18663140559036695,no significant difference
DKTLPPRP,T,R,3,7,P,L,152,FALSE,TRUE,0.8419391771000166,stronger
SKVTWFLGWF,T,W,4,5,R,V,366,FALSE,FALSE,-0.1683960693121428,no significant difference
DKVLPPMP,V,M,3,7,P,L,152,FALSE,FALSE,0.6760161699131193,no significant difference
GVKESLV,pdz.1,pdz.1,pdz.1,pdz.1,pdz.1,pdz.1,reference,TRUE,FALSE,1.6512924430874156,no significant difference
RREAHESPWL,E,A,3,4,R,L,385,FALSE,TRUE,0.4765840063457635,stronger
DKTLPPSP,T,S,3,7,P,L,152,FALSE,TRUE,0.7418208721328816,stronger
SKVTCFLGWF,T,C,4,5,R,V,366,FALSE,TRUE,-0.06964338611693507,stronger
DKVLPPIP,V,I,3,7,P,L,152,FALSE,FALSE,0.5744319101972932,no significant difference
GLLKSRLKPSVPVL,K,K,4,8,W,A,299,FALSE,FALSE,0.05548679641585846,no significant difference
DKTLPPMP,T,M,3,7,P,L,152,FALSE,FALSE,0.7386268244982435,no significant difference
DKVLPPQP,V,Q,3,7,P,L,152,FALSE,TRUE,0.7593503395436023,stronger
GLLKSRLNPSVPVL,K,N,4,8,W,A,299,FALSE,FALSE,-0.02810891592502068,no significant difference
RREGHESPWL,E,G,3,4,R,L,385,FALSE,TRUE,0.542301187402949,stronger
GLLDSRLLPSVPVL,D,L,4,8,W,A,299,FALSE,FALSE,-0.04706115457594681,no significant difference
DKTLPPIP,T,I,3,7,P,L,152,FALSE,FALSE,0.6826273291613382,no significant difference
SKVTFFLGWF,T,F,4,5,R,V,366,FALSE,FALSE,-0.34649966177825087,no significant difference
DKVLPPHP,V,H,3,7,P,L,152,FALSE,FALSE,0.6217169209837909,no significant difference
GLLKSRLTPSVPVL,K,T,4,8,W,A,299,FALSE,FALSE,-0.017586491529965623,no significant difference
DKTLPPHP,T,H,3,7,P,L,152,FALSE,TRUE,0.8100314939195999,stronger
DKVLPPPP,V,P,3,7,P,L,152,FALSE,FALSE,0.6506236949737849,no significant difference
RREVHESPWL,E,V,3,4,R,L,385,FALSE,TRUE,0.40920464707999804,stronger
GLLDSRLEPSVPVL,D,E,4,8,W,A,299,FALSE,FALSE,0.1291867461813773,no significant difference
DKTLPPPP,T,P,3,7,P,L,152,FALSE,FALSE,0.732081984128988,no significant difference
GLLKSRLRPSVPVL,K,R,4,8,W,A,299,FALSE,FALSE,-0.13377224439413649,no significant difference
GLLDSRLDPSVPVL,D,D,4,8,W,A,299,FALSE,FALSE,0.04418878348378395,no significant difference
GLLKSRLSPSVPVL,K,S,4,8,W,A,299,FALSE,FALSE,-0.06998718098312319,no significant difference
RRE*HESPWL,E,*,3,4,R,L,385,FALSE,TRUE,0.7962933983650325,stronger
GLLDSRLAPSVPVL,D,A,4,8,W,A,299,FALSE,FALSE,-0.059817230802100524,no significant difference
GLLKSRLMPSVPVL,K,M,4,8,W,A,299,FALSE,FALSE,-0.16341389632584047,no significant difference
RREYHESPWL,E,Y,3,4,R,L,385,FALSE,TRUE,0.3077018646746833,stronger
DKTLPPLP,T,L,3,7,P,L,152,FALSE,FALSE,0.7011613692977732,no significant difference
DKVLPPLP,V,L,3,7,P,L,152,FALSE,TRUE,0.529878819502466,weaker
GLLKSRLIPSVPVL,K,I,4,8,W,A,299,FALSE,FALSE,-0.21426561571883687,no significant difference
GLLDSRLGPSVPVL,D,G,4,8,W,A,299,FALSE,FALSE,0.03445730230619536,no significant difference
GLLKSRLQPSVPVL,K,Q,4,8,W,A,299,FALSE,FALSE,-0.10550585261339196,no significant difference
DKTLPPEP,T,E,3,7,P,L,152,FALSE,TRUE,0.8481342538165855,stronger
DKVLPPEP,V,E,3,7,P,L,152,FALSE,FALSE,0.6986115925801941,no significant difference
GLLKSRLHPSVPVL,K,H,4,8,W,A,299,FALSE,FALSE,0.01500101068477261,no significant difference
RREWHESPWL,E,W,3,4,R,L,385,FALSE,TRUE,0.2985754666658513,stronger
GLLDSRLVPSVPVL,D,V,4,8,W,A,299,FALSE,FALSE,-0.013286024489159678,no significant difference
DKTLPPDP,T,D,3,7,P,L,152,FALSE,TRUE,0.7854404163696509,stronger
DKVLPPDP,V,D,3,7,P,L,152,FALSE,FALSE,0.6639625835243017,no significant difference
GLLKSRLPPSVPVL,K,P,4,8,W,A,299,FALSE,FALSE,-0.08738236566623864,no significant difference
RRECHESPWL,E,C,3,4,R,L,385,FALSE,TRUE,0.4340815219346346,stronger
DKTLPPAP,T,A,3,7,P,L,152,FALSE,TRUE,0.8222904619775104,stronger
SKVTAFLGWF,T,A,4,5,R,V,366,FALSE,FALSE,-0.12346513445060892,no significant difference
DKVLPPAP,V,A,3,7,P,L,152,FALSE,FALSE,0.6470657693225292,no significant difference
GLLDSRL*PSVPVL,D,*,4,8,W,A,299,FALSE,FALSE,0.4572047031679092,no significant difference
RREFHESPWL,E,F,3,4,R,L,385,FALSE,TRUE,0.3366602943314409,stronger
GLLDSRLYPSVPVL,D,Y,4,8,W,A,299,FALSE,FALSE,-0.1345790339406016,no significant difference
DKTLPPGP,T,G,3,7,P,L,152,FALSE,TRUE,0.8330501554623079,stronger
DKVLPPGP,V,G,3,7,P,L,152,FALSE,TRUE,0.7726680972246469,stronger
GLLKSRLLPSVPVL,K,L,4,8,W,A,299,FALSE,FALSE,-0.13894004487495792,no significant difference
RRDKHESPWL,D,K,3,4,R,L,385,FALSE,TRUE,0.5036934517240044,stronger
RRDNHESPWL,D,N,3,4,R,L,385,FALSE,FALSE,0.35838340745073677,no significant difference
DKTLPPVP,T,V,3,7,P,L,152,FALSE,TRUE,0.8187412628074886,stronger
DKVLPPVP,V,V,3,7,P,L,152,FALSE,FALSE,0.5984351463039691,no significant difference
GLLKSRLEPSVPVL,K,E,4,8,W,A,299,FALSE,FALSE,0.2896494092745855,no significant difference
RRDTHESPWL,D,T,3,4,R,L,385,FALSE,TRUE,0.44646373663375116,stronger
GLLDSRLWPSVPVL,D,W,4,8,W,A,299,FALSE,FALSE,-0.11108508853837291,no significant difference
GLLKSRLDPSVPVL,K,D,4,8,W,A,299,FALSE,FALSE,0.03588231062729716,no significant difference
GLLDSRLCPSVPVL,D,C,4,8,W,A,299,FALSE,FALSE,-0.03756266918733166,no significant difference
DKTLPP*P,T,*,3,7,P,L,152,FALSE,FALSE,0.7602295560189234,no significant difference
DKVLPP*P,V,*,3,7,P,L,152,FALSE,FALSE,0.7058538748967709,no significant difference
GLLKSRLAPSVPVL,K,A,4,8,W,A,299,FALSE,FALSE,-0.08066216307365529,no significant difference
RRDRHESPWL,D,R,3,4,R,L,385,FALSE,TRUE,0.3814107642711708,stronger
DKTLPPYP,T,Y,3,7,P,L,152,FALSE,FALSE,0.6874217873481658,no significant difference
DKVLPPYP,V,Y,3,7,P,L,152,FALSE,FALSE,0.6389968670953365,no significant difference
RRDSHESPWL,D,S,3,4,R,L,385,FALSE,TRUE,0.48897726130695773,stronger
GLLDSRLFPSVPVL,D,F,4,8,W,A,299,FALSE,FALSE,-0.16419979599522613,no significant difference
GLLKSRLGPSVPVL,K,G,4,8,W,A,299,FALSE,FALSE,0.02423810688953003,no significant difference
RRDMHESPWL,D,M,3,4,R,L,385,FALSE,TRUE,0.3421455788047977,stronger
GLLASRLKPSVPVL,A,K,4,8,W,A,299,FALSE,FALSE,0.04554744590709388,no significant difference
RRDIHESPWL,D,I,3,4,R,L,385,FALSE,TRUE,0.3234364688869789,stronger
GLLASRLNPSVPVL,A,N,4,8,W,A,299,FALSE,FALSE,-0.10583684227755172,no significant difference
DKTLPPWP,T,W,3,7,P,L,152,FALSE,FALSE,0.7257640920638115,no significant difference
DKVLPPWP,V,W,3,7,P,L,152,FALSE,FALSE,0.5971899278613907,no significant difference
GLLKSRLVPSVPVL,K,V,4,8,W,A,299,FALSE,FALSE,-0.0425047274855439,no significant difference
RRDQHESPWL,D,Q,3,4,R,L,385,FALSE,TRUE,0.5072039932611561,stronger
GLLASRLTPSVPVL,A,T,4,8,W,A,299,FALSE,FALSE,-0.1872069208509321,no significant difference
DKTLPPCP,T,C,3,7,P,L,152,FALSE,FALSE,0.7550338981006262,no significant difference
DKVLPPCP,V,C,3,7,P,L,152,FALSE,FALSE,0.5747453637251371,no significant difference
RRDHHESPWL,D,H,3,4,R,L,385,FALSE,TRUE,0.408738765388547,stronger
GLLASRLRPSVPVL,A,R,4,8,W,A,299,FALSE,FALSE,-0.23811166007155676,no significant difference
SKVRKFLGWF,R,K,4,5,R,V,366,FALSE,TRUE,0.02157639805243239,stronger
GLLKSRL*PSVPVL,K,*,4,8,W,A,299,FALSE,FALSE,-0.0868130778713513,no significant difference
RRDPHESPWL,D,P,3,4,R,L,385,FALSE,TRUE,0.38558157518364633,stronger
GLLASRLSPSVPVL,A,S,4,8,W,A,299,FALSE,FALSE,-0.0234975806526995,no significant difference
DKTLPPFP,T,F,3,7,P,L,152,FALSE,TRUE,0.7316871921212118,stronger
SKVRNFLGWF,R,N,4,5,R,V,366,FALSE,TRUE,-0.01710305030694726,stronger
DKVLPPFP,V,F,3,7,P,L,152,FALSE,FALSE,0.5802985582317899,no significant difference
GLLKSRLYPSVPVL,K,Y,4,8,W,A,299,FALSE,FALSE,-0.05186908269690273,no significant difference
GLLASRLMPSVPVL,A,M,4,8,W,A,299,FALSE,FALSE,-0.164192651460835,no significant difference
SKVRTFLGWF,R,T,4,5,R,V,366,FALSE,TRUE,-0.017542128997924,stronger
GLLASRLIPSVPVL,A,I,4,8,W,A,299,FALSE,FALSE,-0.2519793407663965,no significant difference
DKTLPPNP,T,N,3,7,P,L,152,FALSE,TRUE,0.9224724862395728,stronger
GLLASRLQPSVPVL,A,Q,4,8,W,A,299,FALSE,FALSE,-0.2767857999222194,no significant difference
SKVRRFLGWF,R,R,4,5,R,V,366,FALSE,TRUE,-0.11146124746315504,stronger
GLLKSRLWPSVPVL,K,W,4,8,W,A,299,FALSE,FALSE,-0.23626776437366812,no significant difference
RRDLHESPWL,D,L,3,4,R,L,385,FALSE,TRUE,0.3704926124688157,stronger
GLLASRLHPSVPVL,A,H,4,8,W,A,299,FALSE,FALSE,-0.03962594188175893,no significant difference
SKVRSFLGWF,R,S,4,5,R,V,366,FALSE,TRUE,0.04216597650905424,stronger
GLLKSRLCPSVPVL,K,C,4,8,W,A,299,FALSE,FALSE,-0.2617969022541243,no significant difference
GLLASRLPPSVPVL,A,P,4,8,W,A,299,FALSE,FALSE,-0.19278152477854504,no significant difference
SKVRMFLGWF,R,M,4,5,R,V,366,FALSE,TRUE,-0.08485979249981233,stronger
RRDEHESPWL,D,E,3,4,R,L,385,FALSE,TRUE,0.5506969528786058,stronger
SKVRIFLGWF,R,I,4,5,R,V,366,FALSE,FALSE,-0.25768297426660675,no significant difference
GLLKSRLFPSVPVL,K,F,4,8,W,A,299,FALSE,FALSE,-0.29215718293631937,no significant difference
RRDDHESPWL,D,D,3,4,R,L,385,FALSE,TRUE,0.450908099806809,stronger
SKVRQFLGWF,R,Q,4,5,R,V,366,FALSE,TRUE,-0.04780379941882898,stronger
GLLNSRLKPSVPVL,N,K,4,8,W,A,299,FALSE,FALSE,0.05047356970828946,no significant difference
RRDAHESPWL,D,A,3,4,R,L,385,FALSE,TRUE,0.5388301300800702,stronger
SKVRHFLGWF,R,H,4,5,R,V,366,FALSE,FALSE,-0.06858470587305221,no significant difference
GLLNSRLNPSVPVL,N,N,4,8,W,A,299,FALSE,FALSE,-0.084294221471442915,no significant difference
GLLASRLLPSVPVL,A,L,4,8,W,A,299,FALSE,FALSE,-0.16162275993248293,no significant difference
GLLNSRLTPSVPVL,N,T,4,8,W,A,299,FALSE,FALSE,0.05929481045392575,no significant difference
RRDGHESPWL,D,G,3,4,R,L,385,FALSE,TRUE,0.488559395278342,stronger
GLLASRLEPSVPVL,A,E,4,8,W,A,299,FALSE,FALSE,0.1494255349013637,no significant difference
SKVRLFLGWF,R,L,4,5,R,V,366,FALSE,FALSE,-0.21290739602096398,no significant difference
GLLNSRLRPSVPVL,N,R,4,8,W,A,299,FALSE,FALSE,-0.13358148957810898,no significant difference
RRDVHESPWL,D,V,3,4,R,L,385,FALSE,TRUE,0.4489561537203908,stronger
GLLASRLDPSVPVL,A,D,4,8,W,A,299,FALSE,FALSE,-0.053942343611184634,no significant difference
GLLNSRLSPSVPVL,N,S,4,8,W,A,299,FALSE,FALSE,-0.05472191494677203,no significant difference
GLLASRLAPSVPVL,A,A,4,8,W,A,299,FALSE,FALSE,-0.13988648362598882,no significant difference
SKVREFLGWF,R,E,4,5,R,V,366,FALSE,TRUE,0.07345942734935906,stronger
GLLNSRLMPSVPVL,N,M,4,8,W,A,299,FALSE,FALSE,-0.16255563477542354,no significant difference
RRD*HESPWL,D,*,3,4,R,L,385,FALSE,TRUE,0.7233712809452115,stronger
SKVRDFLGWF,R,D,4,5,R,V,366,FALSE,TRUE,0.04867444700439645,stronger
GLLNSRLIPSVPVL,N,I,4,8,W,A,299,FALSE,FALSE,-0.33473356261955245,no significant difference
RRDYHESPWL,D,Y,3,4,R,L,385,FALSE,TRUE,0.27042947216152724,stronger
GLLASRLGPSVPVL,A,G,4,8,W,A,299,FALSE,FALSE,-0.01754142483561211,no significant difference
SKVRAFLGWF,R,A,4,5,R,V,366,FALSE,TRUE,0.027422405557846842,stronger
GLLNSRLQPSVPVL,N,Q,4,8,W,A,299,FALSE,FALSE,-0.2174974824982059,no significant difference
GLLNSRLHPSVPVL,N,H,4,8,W,A,299,FALSE,FALSE,-0.03345585264910452,no significant difference
GLLASRLVPSVPVL,A,V,4,8,W,A,299,FALSE,FALSE,-0.13038144796127088,no significant difference
SKVRGFLGWF,R,G,4,5,R,V,366,FALSE,TRUE,0.20000462206749434,stronger
GLLNSRLPPSVPVL,N,P,4,8,W,A,299,FALSE,FALSE,-0.21685808690292493,no significant difference
RRDWHESPWL,D,W,3,4,R,L,385,FALSE,FALSE,0.24907593782952875,no significant difference
RRDCHESPWL,D,C,3,4,R,L,385,FALSE,TRUE,0.4360888713796688,stronger
GLLASRL*PSVPVL,A,*,4,8,W,A,299,FALSE,FALSE,0.28249902194128124,no significant difference
SKVRVFLGWF,R,V,4,5,R,V,366,TRUE,FALSE,-0.24377214572860678,no significant difference
GLLASRLYPSVPVL,A,Y,4,8,W,A,299,FALSE,FALSE,-0.2114117339713775,no significant difference
RRDFHESPWL,D,F,3,4,R,L,385,FALSE,FALSE,0.22809417443266067,no significant difference
SKVR*FLGWF,R,*,4,5,R,V,366,FALSE,TRUE,0.6686726985569894,stronger
GLLNSRLLPSVPVL,N,L,4,8,W,A,299,FALSE,FALSE,-0.22173307890936844,no significant difference
GGPHKVPRLLLLV,H,V,4,6,V,P,246,FALSE,FALSE,-0.5131151999264777,no significant difference
SKVRYFLGWF,R,Y,4,5,R,V,366,FALSE,FALSE,-0.21295569488009153,no significant difference
GLLASRLWPSVPVL,A,W,4,8,W,A,299,FALSE,FALSE,-0.21748248579553,no significant difference
GLLNSRLEPSVPVL,N,E,4,8,W,A,299,FALSE,FALSE,0.06058741795287942,no significant difference
GGPHK*PRLLLLV,H,*,4,6,V,P,246,FALSE,TRUE,0.7160898512431025,stronger
GLLASRLCPSVPVL,A,C,4,8,W,A,299,FALSE,FALSE,-0.18153913691007015,no significant difference
GLLNSRLDPSVPVL,N,D,4,8,W,A,299,FALSE,FALSE,-0.02640404114629657,no significant difference
GGPHKYPRLLLLV,H,Y,4,6,V,P,246,FALSE,FALSE,-0.4233398893306489,no significant difference
SKVRWFLGWF,R,W,4,5,R,V,366,FALSE,FALSE,-0.1848301881661244,no significant difference
GLLNSRLAPSVPVL,N,A,4,8,W,A,299,FALSE,FALSE,-0.1397866062170993,no significant difference
GGPHKSPRLLLLV,H,S,4,6,V,P,246,FALSE,FALSE,-0.2654795960920744,no significant difference
GLLASRLFPSVPVL,A,F,4,8,W,A,299,FALSE,FALSE,-0.2561118784290652,no significant difference
SKVRCFLGWF,R,C,4,5,R,V,366,FALSE,TRUE,-0.08244749679933278,stronger
GLLNSRLGPSVPVL,N,G,4,8,W,A,299,FALSE,FALSE,0.0163631388705468,no significant difference
GGPHKWPRLLLLV,H,W,4,6,V,P,246,FALSE,FALSE,-0.5987696228221453,no significant difference
SKVRFFLGWF,R,F,4,5,R,V,366,FALSE,FALSE,-0.15646826755487198,no significant difference
GGPHKCPRLLLLV,H,C,4,6,V,P,246,FALSE,FALSE,-0.45860001356379704,no significant difference
SKVSKFLGWF,S,K,4,5,R,V,366,FALSE,TRUE,0.07282035589180721,stronger
GLLNSRLVPSVPVL,N,V,4,8,W,A,299,FALSE,FALSE,-0.17750427273732888,no significant difference
GGPHKLPRLLLLV,H,L,4,6,V,P,246,FALSE,FALSE,-0.6211796662165713,no significant difference
SKVSNFLGWF,S,N,4,5,R,V,366,FALSE,TRUE,0.0723860865493488,stronger
GGPHKFPRLLLLV,H,F,4,6,V,P,246,FALSE,FALSE,-0.7083675226550425,no significant difference
SKVSTFLGWF,S,T,4,5,R,V,366,FALSE,TRUE,0.04819743815128674,stronger
GLLNSRL*PSVPVL,N,*,4,8,W,A,299,FALSE,FALSE,0.3670087442855282,no significant difference
GGPPKKPRLLLLV,P,K,4,6,V,P,246,FALSE,FALSE,-0.3299848710611399,no significant difference
DK*LPPKP,*,K,3,7,P,L,152,FALSE,TRUE,0.8724423487842505,stronger
GLLNSRLYPSVPVL,N,Y,4,8,W,A,299,FALSE,FALSE,-0.2212265006860161,no significant difference
GGPPKNPRLLLLV,P,N,4,6,V,P,246,FALSE,FALSE,-0.17767301768258803,no significant difference
SKVSRFLGWF,S,R,4,5,R,V,366,FALSE,TRUE,0.024138781932075457,stronger
DK*LPPNP,*,N,3,7,P,L,152,FALSE,TRUE,0.7863313477837997,stronger
GGPPKTPRLLLLV,P,T,4,6,V,P,246,FALSE,FALSE,-0.3411433548534447,no significant difference
SKVSSFLGWF,S,S,4,5,R,V,366,FALSE,TRUE,0.045604170350446595,stronger
DK*LPPTP,*,T,3,7,P,L,152,FALSE,TRUE,0.8511321018089721,stronger
SKVSMFLGWF,S,M,4,5,R,V,366,FALSE,TRUE,0.00553967725589993,stronger
GLLNSRLWPSVPVL,N,W,4,8,W,A,299,FALSE,FALSE,-0.09394621675106428,no significant difference
GGPPKRPRLLLLV,P,R,4,6,V,P,246,FALSE,FALSE,-0.40698217767613687,no significant difference
SKVSIFLGWF,S,I,4,5,R,V,366,FALSE,FALSE,-0.32846098769839477,no significant difference
DK*LPPRP,*,R,3,7,P,L,152,FALSE,TRUE,0.8343353079351885,stronger
GLLNSRLCPSVPVL,N,C,4,8,W,A,299,FALSE,FALSE,-0.1958527339157949,no significant difference
GGPPKSPRLLLLV,P,S,4,6,V,P,246,FALSE,FALSE,-0.20196885165740483,no significant difference
SKVSQFLGWF,S,Q,4,5,R,V,366,FALSE,TRUE,0.07818086599546299,stronger
DK*LPPSP,*,S,3,7,P,L,152,FALSE,TRUE,0.7919002785885687,stronger
GGPPKMPRLLLLV,P,M,4,6,V,P,246,FALSE,FALSE,-0.3949028092442609,no significant difference
SKVSHFLGWF,S,H,4,5,R,V,366,FALSE,TRUE,0.03173810469415721,stronger
DK*LPPMP,*,M,3,7,P,L,152,FALSE,FALSE,0.7778693116753664,no significant difference
GLLNSRLFPSVPVL,N,F,4,8,W,A,299,FALSE,FALSE,-0.18303033246236664,no significant difference
GGPPKIPRLLLLV,P,I,4,6,V,P,246,FALSE,FALSE,-0.5126393981494102,no significant difference
SKVSPFLGWF,S,P,4,5,R,V,366,FALSE,TRUE,0.2849259404183774,stronger
DK*LPPIP,*,I,3,7,P,L,152,FALSE,FALSE,0.6968733090484046,no significant difference
GLLTSRLKPSVPVL,T,K,4,8,W,A,299,FALSE,FALSE,-0.06629094128084037,no significant difference
GGPPKQPRLLLLV,P,Q,4,6,V,P,246,FALSE,TRUE,-0.16992871138217633,stronger
DK*LPPQP,*,Q,3,7,P,L,152,FALSE,FALSE,0.7927911773678742,no significant difference
GLLTSRLNPSVPVL,T,N,4,8,W,A,299,FALSE,FALSE,-0.031772722265178174,no significant difference
GGPPKHPRLLLLV,P,H,4,6,V,P,246,FALSE,FALSE,-0.4039439173981082,no significant difference
GLLTSRLTPSVPVL,T,T,4,8,W,A,299,FALSE,FALSE,-0.15142508438963792,no significant difference
GGPPKPPRLLLLV,P,P,4,6,V,P,246,FALSE,FALSE,-0.42290189092922736,no significant difference
SKVSLFLGWF,S,L,4,5,R,V,366,FALSE,TRUE,-0.16449501965600527,stronger
GLLTSRLRPSVPVL,T,R,4,8,W,A,299,FALSE,FALSE,-0.23982255770794791,no significant difference
DK*LPPLP,*,L,3,7,P,L,152,FALSE,FALSE,0.7313116906737782,no significant difference
GLLTSRLSPSVPVL,T,S,4,8,W,A,299,FALSE,FALSE,-0.1409381187530717,no significant difference
SKVSEFLGWF,S,E,4,5,R,V,366,FALSE,TRUE,0.16205144868542357,stronger
DK*LPPEP,*,E,3,7,P,L,152,FALSE,TRUE,0.8558352363752045,stronger
GLLTSRLMPSVPVL,T,M,4,8,W,A,299,FALSE,FALSE,-0.36375940336319923,no significant difference
GGPPKLPRLLLLV,P,L,4,6,V,P,246,FALSE,FALSE,-0.3659891466774798,no significant difference
SKVSDFLGWF,S,D,4,5,R,V,366,FALSE,TRUE,0.18477348648038083,stronger
DK*LPPDP,*,D,3,7,P,L,152,FALSE,FALSE,0.6972699318505481,no significant difference
GLLTSRLIPSVPVL,T,I,4,8,W,A,299,FALSE,FALSE,-0.16891488541874494,no significant difference
SKVSAFLGWF,S,A,4,5,R,V,366,FALSE,TRUE,0.10036187171217213,stronger
DK*LPPAP,*,A,3,7,P,L,152,FALSE,TRUE,0.7443522214616627,stronger
GLLTSRLQPSVPVL,T,Q,4,8,W,A,299,FALSE,FALSE,-0.3411335895887591,no significant difference
GGPPKEPRLLLLV,P,E,4,6,V,P,246,FALSE,TRUE,0.008683785881195805,stronger
DKFLPPKP,F,K,3,7,P,L,152,FALSE,TRUE,0.8786269361489827,stronger
GLLTSRLHPSVPVL,T,H,4,8,W,A,299,FALSE,FALSE,-0.19812604071970313,no significant difference
GGPPKDPRLLLLV,P,D,4,6,V,P,246,FALSE,TRUE,0.004411249547861972,stronger
SKVSGFLGWF,S,G,4,5,R,V,366,FALSE,TRUE,0.18375256601506645,stronger
DKFLPPNP,F,N,3,7,P,L,152,FALSE,TRUE,0.813929646796384,stronger
DK*LPPGP,*,G,3,7,P,L,152,FALSE,TRUE,0.8176808210014666,stronger
GLLTSRLPPSVPVL,T,P,4,8,W,A,299,FALSE,FALSE,-0.3002991030354326,no significant difference
GGPPKAPRLLLLV,P,A,4,6,V,P,246,FALSE,FALSE,-0.2916784526034111,no significant difference
DKFLPPTP,F,T,3,7,P,L,152,FALSE,FALSE,0.7456345103255464,no significant difference
SKVSVFLGWF,S,V,4,5,R,V,366,FALSE,FALSE,-0.1963739099611913,no significant difference
DK*LPPVP,*,V,3,7,P,L,152,FALSE,TRUE,0.820149298711572,stronger
GGPPKGPRLLLLV,P,G,4,6,V,P,246,FALSE,FALSE,-0.22973473990023868,no significant difference
DKFLPPRP,F,R,3,7,P,L,152,FALSE,TRUE,0.7949254604220505,stronger
SKVS*FLGWF,S,*,4,5,R,V,366,FALSE,TRUE,0.6292410218220281,stronger
DKFLPPSP,F,S,3,7,P,L,152,FALSE,TRUE,0.7593208960370916,stronger
DK*LPP*P,*,*,3,7,P,L,152,FALSE,FALSE,0.7181253342456111,no significant difference
GLLTSRLLPSVPVL,T,L,4,8,W,A,299,FALSE,FALSE,-0.2766998981263821,no significant difference
GGPPKVPRLLLLV,P,V,4,6,V,P,246,FALSE,FALSE,-0.41546165071252106,no significant difference
SKVSYFLGWF,S,Y,4,5,R,V,366,FALSE,FALSE,-0.2163315866227936,no significant difference
DKFLPPMP,F,M,3,7,P,L,152,FALSE,FALSE,0.7008546406034111,no significant difference
DK*LPPYP,*,Y,3,7,P,L,152,FALSE,TRUE,0.7201450818686376,stronger
DKFLPPIP,F,I,3,7,P,L,152,FALSE,TRUE,0.737774584951079,stronger
GLLTSRLEPSVPVL,T,E,4,8,W,A,299,FALSE,FALSE,0.021074139211273445,no significant difference
GGPPK*PRLLLLV,P,*,4,6,V,P,246,FALSE,TRUE,0.696756391276852,stronger
DKFLPPHP,F,H,3,7,P,L,152,FALSE,FALSE,0.7006339387484372,no significant difference
GLLTSRLDPSVPVL,T,D,4,8,W,A,299,FALSE,FALSE,0.01676522440258904,no significant difference
GGPPKYPRLLLLV,P,Y,4,6,V,P,246,FALSE,FALSE,-0.3397480965396197,no significant difference
SKVSWFLGWF,S,W,4,5,R,V,366,FALSE,FALSE,-0.2270874238511807,no significant difference
DKFLPPPP,F,P,3,7,P,L,152,FALSE,FALSE,0.7339428107506224,no significant difference
DK*LPPWP,*,W,3,7,P,L,152,FALSE,TRUE,0.8663133471486277,stronger
GLLTSRLAPSVPVL,T,A,4,8,W,A,299,FALSE,FALSE,-0.15183173762359886,no significant difference
SKVSCFLGWF,S,C,4,5,R,V,366,FALSE,FALSE,-0.12430834063595382,no significant difference
DK*LPPCP,*,C,3,7,P,L,152,FALSE,TRUE,0.7826772938010415,stronger
GLLTSRLGPSVPVL,T,G,4,8,W,A,299,FALSE,FALSE,0.005660724949648766,no significant difference
GGPPKWPRLLLLV,P,W,4,6,V,P,246,FALSE,FALSE,-0.3938125512217764,no significant difference
GLLGSRLKPSVPVL,G,K,4,8,W,A,299,FALSE,FALSE,-0.05368023701543391,no significant difference
SKVSFFLGWF,S,F,4,5,R,V,366,FALSE,FALSE,-0.21613508850170216,no significant difference
DKFLPPLP,F,L,3,7,P,L,152,FALSE,FALSE,0.6558476063825205,no significant difference
DK*LPPFP,*,F,3,7,P,L,152,FALSE,TRUE,0.769488173261043,stronger
GGPPKCPRLLLLV,P,C,4,6,V,P,246,FALSE,FALSE,-0.3355345563550962,no significant difference
GLLGSRLNPSVPVL,G,N,4,8,W,A,299,FALSE,FALSE,-0.09174523594455414,no significant difference
SKVMKFLGWF,M,K,4,5,R,V,366,FALSE,TRUE,0.03003068885647265,stronger
DKYLPPKP,Y,K,3,7,P,L,152,FALSE,TRUE,0.8328652562944048,stronger
GLLTSRLVPSVPVL,T,V,4,8,W,A,299,FALSE,FALSE,-0.18381637333387685,no significant difference
GLLGSRLTPSVPVL,G,T,4,8,W,A,299,FALSE,FALSE,-0.06177368336754988,no significant difference
SKVMNFLGWF,M,N,4,5,R,V,366,FALSE,FALSE,0.01761835460793975,no significant difference
DKFLPPEP,F,E,3,7,P,L,152,FALSE,TRUE,0.7737757374314271,stronger
DKYLPPTP,Y,T,3,7,P,L,152,FALSE,FALSE,0.7586729376642902,no significant difference
GGPPKFPRLLLLV,P,F,4,6,V,P,246,FALSE,FALSE,-0.39959997651802975,no significant difference
SKVMTFLGWF,M,T,4,5,R,V,366,FALSE,TRUE,0.033962179089913495,stronger
DKFLPPDP,F,D,3,7,P,L,152,FALSE,FALSE,0.7772203689252408,no significant difference
GLLTSRL*PSVPVL,T,*,4,8,W,A,299,FALSE,FALSE,0.28376980212282255,no significant difference
GLLGSRLRPSVPVL,G,R,4,8,W,A,299,FALSE,FALSE,-0.1526465963376395,no significant difference
DKFLPPAP,F,A,3,7,P,L,152,FALSE,TRUE,0.7472711603536983,stronger
DKYLPPRP,Y,R,3,7,P,L,152,FALSE,TRUE,0.7512819207672163,stronger
GLLTSRLYPSVPVL,T,Y,4,8,W,A,299,FALSE,FALSE,-0.20765503852186978,no significant difference
GLLGSRLSPSVPVL,G,S,4,8,W,A,299,FALSE,FALSE,-0.007458506429527259,no significant difference
SKVMRFLGWF,M,R,4,5,R,V,366,FALSE,TRUE,0.0659256549307982,stronger
DKYLPPSP,Y,S,3,7,P,L,152,FALSE,TRUE,0.7695346285014134,stronger
GLLGSRLMPSVPVL,G,M,4,8,W,A,299,FALSE,FALSE,-0.17635425488097478,no significant difference
SKVMSFLGWF,M,S,4,5,R,V,366,FALSE,TRUE,0.0282855493461907,stronger
DKFLPPGP,F,G,3,7,P,L,152,FALSE,TRUE,0.807784654382369,stronger
DKYLPPMP,Y,M,3,7,P,L,152,FALSE,FALSE,0.6575127536530472,no significant difference
GLLGSRLIPSVPVL,G,I,4,8,W,A,299,FALSE,FALSE,-0.17816699749784096,no significant difference
SKVMMFLGWF,M,M,4,5,R,V,366,FALSE,FALSE,-0.12884269425857056,no significant difference
DKYLPPIP,Y,I,3,7,P,L,152,FALSE,FALSE,0.617070394227844,no significant difference
GLLTSRLWPSVPVL,T,W,4,8,W,A,299,FALSE,FALSE,-0.32507347926526653,no significant difference
GLLGSRLQPSVPVL,G,Q,4,8,W,A,299,FALSE,FALSE,-0.03619099359417516,no significant difference
SKVMIFLGWF,M,I,4,5,R,V,366,FALSE,FALSE,-0.4990319077149161,no significant difference
DKFLPPVP,F,V,3,7,P,L,152,FALSE,FALSE,0.710561822040749,no significant difference
DKYLPPQP,Y,Q,3,7,P,L,152,FALSE,FALSE,0.7012789220385115,no significant difference
GLLTSRLCPSVPVL,T,C,4,8,W,A,299,FALSE,FALSE,-0.01598661197992812,no significant difference
GLLGSRLHPSVPVL,G,H,4,8,W,A,299,FALSE,FALSE,-0.04493082789263309,no significant difference
SKVMQFLGWF,M,Q,4,5,R,V,366,FALSE,TRUE,0.08945933056561609,stronger
DKYLPPHP,Y,H,3,7,P,L,152,FALSE,FALSE,0.6537566795790138,no significant difference
GLLGSRLPPSVPVL,G,P,4,8,W,A,299,FALSE,FALSE,-0.18878471562110297,no significant difference
SKVMHFLGWF,M,H,4,5,R,V,366,FALSE,TRUE,-0.10171138343096896,stronger
DKFLPP*P,F,*,3,7,P,L,152,FALSE,FALSE,0.6712074942278436,no significant difference
GLLTSRLFPSVPVL,T,F,4,8,W,A,299,FALSE,FALSE,-0.27726587452325635,no significant difference
SKVMPFLGWF,M,P,4,5,R,V,366,FALSE,FALSE,-0.07733172797872859,no significant difference
DKFLPPYP,F,Y,3,7,P,L,152,FALSE,FALSE,0.6123279597680538,no significant difference
DKYLPPLP,Y,L,3,7,P,L,152,FALSE,FALSE,0.512635403993524,no significant difference
GLLGSRLLPSVPVL,G,L,4,8,W,A,299,FALSE,FALSE,-0.11578327576704725,no significant difference
SKVMLFLGWF,M,L,4,5,R,V,366,FALSE,FALSE,-0.2181015637125587,no significant difference
DKFLPPWP,F,W,3,7,P,L,152,FALSE,FALSE,0.6247071841881335,no significant difference
DKYLPPEP,Y,E,3,7,P,L,152,FALSE,FALSE,0.7666897346963267,no significant difference
DKFLPPCP,F,C,3,7,P,L,152,FALSE,FALSE,0.7122620906478538,no significant difference
DKYLPPDP,Y,D,3,7,P,L,152,FALSE,FALSE,0.7104432930317347,no significant difference
GLLGSRLEPSVPVL,G,E,4,8,W,A,299,FALSE,FALSE,0.10772009956851503,no significant difference
SKVMEFLGWF,M,E,4,5,R,V,366,FALSE,TRUE,0.10643286348435312,stronger
DKYLPPAP,Y,A,3,7,P,L,152,FALSE,FALSE,0.7150148650815256,no significant difference
GLLGSRLDPSVPVL,G,D,4,8,W,A,299,FALSE,FALSE,0.12211979292547431,no significant difference
SKVMDFLGWF,M,D,4,5,R,V,366,FALSE,FALSE,0.16037313718738191,no significant difference
DKFLPPFP,F,F,3,7,P,L,152,FALSE,FALSE,0.6131970108352408,no significant difference
GLLGSRLAPSVPVL,G,A,4,8,W,A,299,FALSE,FALSE,-0.08452728105646859,no significant difference
SKVMAFLGWF,M,A,4,5,R,V,366,FALSE,FALSE,0.016590395018795504,no significant difference
GTGLPRHSWVLL,304_4,304_4,304_4,304_4,304_4,304_4,reference,TRUE,FALSE,0.20009876942569096,no significant difference
DKYLPPGP,Y,G,3,7,P,L,152,FALSE,FALSE,0.7384341198880404,no significant difference
GRHPRHSTANQI,304_1,304_1,304_1,304_1,304_1,304_1,reference,TRUE,FALSE,0.7270894600491932,no significant difference
GLLGSRLGPSVPVL,G,G,4,8,W,A,299,FALSE,FALSE,0.05473578928048572,no significant difference
SKVMGFLGWF,M,G,4,5,R,V,366,FALSE,TRUE,0.08660170983989446,stronger
GGPKKKPRLLLLV,K,K,4,6,V,P,246,FALSE,FALSE,-0.3333465080499598,no significant difference
DKYLPPVP,Y,V,3,7,P,L,152,FALSE,FALSE,0.6834318597696751,no significant difference
GGPKKNPRLLLLV,K,N,4,6,V,P,246,FALSE,FALSE,-0.13717666073891377,no significant difference
GLLGSRLVPSVPVL,G,V,4,8,W,A,299,FALSE,FALSE,-0.07508948852922522,no significant difference
SKVMVFLGWF,M,V,4,5,R,V,366,FALSE,FALSE,-0.3384076683977877,no significant difference
GGPKKTPRLLLLV,K,T,4,6,V,P,246,FALSE,FALSE,-0.3132203366461853,no significant difference
DKYLPP*P,Y,*,3,7,P,L,152,FALSE,FALSE,0.6874281145883635,no significant difference
DKYLPPYP,Y,Y,3,7,P,L,152,FALSE,FALSE,0.6504128553841019,no significant difference
GLLGSRL*PSVPVL,G,*,4,8,W,A,299,FALSE,FALSE,0.34389330996789824,no significant difference
SKVM*FLGWF,M,*,4,5,R,V,366,FALSE,TRUE,0.6664266569094932,stronger
GGPKKRPRLLLLV,K,R,4,6,V,P,246,FALSE,FALSE,-0.32844212327621936,no significant difference
GLLGSRLYPSVPVL,G,Y,4,8,W,A,299,FALSE,FALSE,-0.15700547406023752,no significant difference
SKVMYFLGWF,M,Y,4,5,R,V,366,FALSE,FALSE,-0.2525607613890584,no significant difference
GGPKKSPRLLLLV,K,S,4,6,V,P,246,FALSE,FALSE,-0.3527068163792172,no significant difference
GGPKKMPRLLLLV,K,M,4,6,V,P,246,FALSE,FALSE,-0.28014696799888433,no significant difference
DKYLPPWP,Y,W,3,7,P,L,152,FALSE,FALSE,0.6143164170592105,no significant difference
GGPKKIPRLLLLV,K,I,4,6,V,P,246,FALSE,FALSE,-0.452219175887205,no significant difference
DKYLPPCP,Y,C,3,7,P,L,152,FALSE,FALSE,0.7072156350009043,no significant difference
GLLGSRLWPSVPVL,G,W,4,8,W,A,299,FALSE,FALSE,-0.2108790077431903,no significant difference
SKVMWFLGWF,M,W,4,5,R,V,366,FALSE,FALSE,-0.2747529886364872,no significant difference
GGPKKQPRLLLLV,K,Q,4,6,V,P,246,FALSE,FALSE,-0.22519601495027108,no significant difference
GLLGSRLCPSVPVL,G,C,4,8,W,A,299,FALSE,FALSE,-0.168698220921663,no significant difference
SKVMCFLGWF,M,C,4,5,R,V,366,FALSE,FALSE,-0.15695795714625985,no significant difference
GGPKKHPRLLLLV,K,H,4,6,V,P,246,FALSE,FALSE,-0.6489470841698454,no significant difference
DKYLPPFP,Y,F,3,7,P,L,152,FALSE,FALSE,0.5775649645986156,no significant difference
GGPKKPPRLLLLV,K,P,4,6,V,P,246,FALSE,FALSE,-0.697725368277564,no significant difference
GLLGSRLFPSVPVL,G,F,4,8,W,A,299,FALSE,FALSE,-0.18229515141954322,no significant difference
SKVMFFLGWF,M,F,4,5,R,V,366,FALSE,FALSE,-0.3507882028419263,no significant difference
SKVIKFLGWF,I,K,4,5,R,V,366,FALSE,FALSE,-0.11320323526658624,no significant difference
SKVINFLGWF,I,N,4,5,R,V,366,FALSE,FALSE,0.01500101068477261,no significant difference
SKVITFLGWF,I,T,4,5,R,V,366,FALSE,FALSE,-0.10428296782714272,no significant difference
GGPKKLPRLLLLV,K,L,4,6,V,P,246,FALSE,FALSE,-0.4023599809682151,no significant difference
GGPRKKPRLLLLV,R,K,4,6,V,P,246,FALSE,FALSE,-0.32040553714679076,no significant difference
SKVIRFLGWF,I,R,4,5,R,V,366,FALSE,TRUE,-0.1260933247350102,stronger
GGPKKEPRLLLLV,K,E,4,6,V,P,246,FALSE,TRUE,0.04335110246588305,stronger
GGPRKNPRLLLLV,R,N,4,6,V,P,246,FALSE,FALSE,-0.29645340673166626,no significant difference
SKVISFLGWF,I,S,4,5,R,V,366,FALSE,TRUE,-0.12065305622845342,stronger
GGPKKDPRLLLLV,K,D,4,6,V,P,246,FALSE,FALSE,-0.2108117439631884,no significant difference
GGPRKTPRLLLLV,R,T,4,6,V,P,246,FALSE,FALSE,-0.4551202447347688,no significant difference
SKVIMFLGWF,I,M,4,5,R,V,366,FALSE,TRUE,-0.4241489704918894,weaker
GGPKKAPRLLLLV,K,A,4,6,V,P,246,FALSE,FALSE,-0.35220331969657925,no significant difference
SKVIIFLGWF,I,I,4,5,R,V,366,FALSE,FALSE,-0.4845498133783414,no significant difference
GGPRKRPRLLLLV,R,R,4,6,V,P,246,FALSE,FALSE,-0.47653457423860274,no significant difference
SKVIQFLGWF,I,Q,4,5,R,V,366,FALSE,FALSE,-0.04787327949258536,no significant difference
GGPKKGPRLLLLV,K,G,4,6,V,P,246,FALSE,FALSE,-0.2876461580934654,no significant difference
GGPRKSPRLLLLV,R,S,4,6,V,P,246,FALSE,FALSE,-0.3765784840889968,no significant difference
SKVIHFLGWF,I,H,4,5,R,V,366,FALSE,FALSE,-0.24526389001729407,no significant difference
GGPRKMPRLLLLV,R,M,4,6,V,P,246,FALSE,FALSE,-0.49949384469620534,no significant difference
SKVIPFLGWF,I,P,4,5,R,V,366,FALSE,FALSE,0.02011145921097226,no significant difference
GGPKKVPRLLLLV,K,V,4,6,V,P,246,FALSE,FALSE,-0.38380882451695153,no significant difference
GGPRKIPRLLLLV,R,I,4,6,V,P,246,FALSE,FALSE,-0.4660888038347023,no significant difference
GGPRKQPRLLLLV,R,Q,4,6,V,P,246,FALSE,TRUE,-0.1985806401265133,stronger
GGPKK*PRLLLLV,K,*,4,6,V,P,246,FALSE,TRUE,0.6791051746414069,stronger
GGPRKHPRLLLLV,R,H,4,6,V,P,246,FALSE,FALSE,-0.4987345407795563,no significant difference
SKVILFLGWF,I,L,4,5,R,V,366,FALSE,TRUE,-0.398771140332814,weaker
GGPKKYPRLLLLV,K,Y,4,6,V,P,246,FALSE,FALSE,-0.383297044347748,no significant difference
GGPRKPPRLLLLV,R,P,4,6,V,P,246,FALSE,FALSE,-0.4245541211847193,no significant difference
SKVIEFLGWF,I,E,4,5,R,V,366,FALSE,TRUE,0.03733033187669302,stronger
SKVIDFLGWF,I,D,4,5,R,V,366,FALSE,TRUE,0.05910760660162353,stronger
GGPKKWPRLLLLV,K,W,4,6,V,P,246,FALSE,FALSE,-0.2202008900608257,no significant difference
SKVIAFLGWF,I,A,4,5,R,V,366,FALSE,FALSE,-0.2459232437014775,no significant difference
GGPKKCPRLLLLV,K,C,4,6,V,P,246,FALSE,FALSE,-0.524497860944206,no significant difference
GGPRKLPRLLLLV,R,L,4,6,V,P,246,FALSE,FALSE,-0.5639823592389465,no significant difference
SKVIGFLGWF,I,G,4,5,R,V,366,FALSE,TRUE,-0.002382395680154494,stronger
GGPKKFPRLLLLV,K,F,4,6,V,P,246,FALSE,FALSE,-0.5474546941602225,no significant difference
GGPRKEPRLLLLV,R,E,4,6,V,P,246,FALSE,TRUE,-0.05131826574656144,stronger
GGPNKKPRLLLLV,N,K,4,6,V,P,246,FALSE,FALSE,-0.5040922557556458,no significant difference
GGPRKDPRLLLLV,R,D,4,6,V,P,246,FALSE,FALSE,-0.1646397679912516,no significant difference
SKVIVFLGWF,I,V,4,5,R,V,366,FALSE,TRUE,-0.3976320633224304,weaker
GGPNKNPRLLLLV,N,N,4,6,V,P,246,FALSE,FALSE,-0.29388302850078235,no significant difference
GGPRKAPRLLLLV,R,A,4,6,V,P,246,FALSE,FALSE,-0.38069192662337414,no significant difference
GGPNKTPRLLLLV,N,T,4,6,V,P,246,FALSE,FALSE,-0.4094380925483283,no significant difference
SKVI*FLGWF,I,*,4,5,R,V,366,FALSE,TRUE,0.6106791288000312,stronger
GGPRKGPRLLLLV,R,G,4,6,V,P,246,FALSE,FALSE,-0.43300966708140753,no significant difference
SKVIYFLGWF,I,Y,4,5,R,V,366,FALSE,FALSE,-0.4524233298879334,no significant difference
GGPNKRPRLLLLV,N,R,4,6,V,P,246,FALSE,FALSE,-0.5548506323582753,no significant difference
GGPNKSPRLLLLV,N,S,4,6,V,P,246,FALSE,FALSE,-0.289626778608498,no significant difference
GGPRKVPRLLLLV,R,V,4,6,V,P,246,FALSE,FALSE,-0.43833662076637014,no significant difference
GGPNKMPRLLLLV,N,M,4,6,V,P,246,FALSE,FALSE,-0.6400407921413268,no significant difference
SKVIWFLGWF,I,W,4,5,R,V,366,FALSE,FALSE,-0.3927113924885427,no significant difference
GGPNKIPRLLLLV,N,I,4,6,V,P,246,FALSE,FALSE,-0.42539020891107016,no significant difference
GGPRK*PRLLLLV,R,*,4,6,V,P,246,FALSE,TRUE,0.6933416888116029,stronger
SKVICFLGWF,I,C,4,5,R,V,366,FALSE,FALSE,-0.2864176357307125,no significant difference
GGPNKQPRLLLLV,N,Q,4,6,V,P,246,FALSE,FALSE,-0.18643318623408325,no significant difference
GGPRKYPRLLLLV,R,Y,4,6,V,P,246,FALSE,FALSE,-0.3881650749033921,no significant difference
GGPNKHPRLLLLV,N,H,4,6,V,P,246,FALSE,FALSE,-0.25230375833660323,no significant difference
SKVIFFLGWF,I,F,4,5,R,V,366,FALSE,TRUE,-0.5368361230200849,weaker
GGPNKPPRLLLLV,N,P,4,6,V,P,246,FALSE,FALSE,-0.48505506353381717,no significant difference
SKVQKFLGWF,Q,K,4,5,R,V,366,FALSE,TRUE,0.2522253635851602,stronger
GGPRKWPRLLLLV,R,W,4,6,V,P,246,FALSE,FALSE,-0.469358781246109,no significant difference
SKVQNFLGWF,Q,N,4,5,R,V,366,FALSE,TRUE,0.0516583573494547,stronger
GGPRKCPRLLLLV,R,C,4,6,V,P,246,FALSE,FALSE,-0.3911332961358647,no significant difference
SKVQRFLGWF,Q,R,4,5,R,V,366,FALSE,TRUE,0.02553911112562846,stronger
SKVQSFLGWF,Q,S,4,5,R,V,366,FALSE,TRUE,0.09619204413478608,stronger
GGPNKLPRLLLLV,N,L,4,6,V,P,246,FALSE,FALSE,-0.5207347406388094,no significant difference
GGPRKFPRLLLLV,R,F,4,6,V,P,246,FALSE,FALSE,-0.5573679442568171,no significant difference
SKVQMFLGWF,Q,M,4,5,R,V,366,FALSE,TRUE,0.08222680592829382,stronger
SKVQIFLGWF,Q,I,4,5,R,V,366,FALSE,FALSE,-0.26127162176893076,no significant difference
GGPNKEPRLLLLV,N,E,4,6,V,P,246,FALSE,TRUE,0.07111367603212046,stronger
GGPNKDPRLLLLV,N,D,4,6,V,P,246,FALSE,TRUE,-0.01168410548848125,stronger
GGPAK*PRLLLLV,A,*,4,6,V,P,246,FALSE,TRUE,0.707009757442908,stronger
SKVDMFLGWF,D,M,4,5,R,V,366,FALSE,TRUE,0.01986463982007141,stronger
GGPNKAPRLLLLV,N,A,4,6,V,P,246,FALSE,FALSE,-0.26654057053445757,no significant difference
GGPAKYPRLLLLV,A,Y,4,6,V,P,246,FALSE,FALSE,-0.32026122392408257,no significant difference
SKVDIFLGWF,D,I,4,5,R,V,366,FALSE,TRUE,0.04867444700439645,stronger
SKVQEFLGWF,Q,E,4,5,R,V,366,FALSE,TRUE,0.21912391850003268,stronger
GGPAKSPRLLLLV,A,S,4,6,V,P,246,FALSE,FALSE,-0.22397757291620185,no significant difference
SKVDQFLGWF,D,Q,4,5,R,V,366,FALSE,TRUE,0.17024329067594093,stronger
SKVQDFLGWF,Q,D,4,5,R,V,366,FALSE,TRUE,0.17354961020246293,stronger
GGPNKGPRLLLLV,N,G,4,6,V,P,246,FALSE,FALSE,-0.26695964777261416,no significant difference
SKVDHFLGWF,D,H,4,5,R,V,366,FALSE,FALSE,0.03302280268358092,no significant difference
SKVQAFLGWF,Q,A,4,5,R,V,366,FALSE,TRUE,0.04076571715036969,stronger
GGPAKWPRLLLLV,A,W,4,6,V,P,246,FALSE,FALSE,-0.6095520877802924,no significant difference
SKVDPFLGWF,D,P,4,5,R,V,366,FALSE,FALSE,0.15460391397989323,no significant difference
GGPNKVPRLLLLV,N,V,4,6,V,P,246,FALSE,FALSE,-0.3862428772336739,no significant difference
GGPAKCPRLLLLV,A,C,4,6,V,P,246,FALSE,FALSE,-0.4255405976761699,no significant difference
SKVDRFLGWF,D,R,4,5,R,V,366,FALSE,TRUE,0.12744308929135245,stronger
SKVQGFLGWF,Q,G,4,5,R,V,366,FALSE,TRUE,0.23026455820262307,stronger
GGPAKLPRLLLLV,A,L,4,6,V,P,246,FALSE,FALSE,-0.48139841725265553,no significant difference
GGPNK*PRLLLLV,N,*,4,6,V,P,246,FALSE,TRUE,0.6550455568020536,stronger
GGPAKFPRLLLLV,A,F,4,6,V,P,246,FALSE,FALSE,-0.5062264220861243,no significant difference
SKVDLFLGWF,D,L,4,5,R,V,366,FALSE,TRUE,-0.02926897627123655,stronger
SKVQVFLGWF,Q,V,4,5,R,V,366,FALSE,TRUE,-0.0038058536888825392,stronger
GGPNKYPRLLLLV,N,Y,4,6,V,P,246,FALSE,FALSE,-0.5423237293013483,no significant difference
GGPAKKPRLLLLV,A,K,4,6,V,P,246,FALSE,FALSE,-0.2724163723446569,no significant difference
DKWLPPKP,W,K,3,7,P,L,152,FALSE,FALSE,0.7571734606085383,no significant difference
GGPAKNPRLLLLV,A,N,4,6,V,P,246,FALSE,FALSE,-0.21936617273507475,no significant difference
SKVDEFLGWF,D,E,4,5,R,V,366,FALSE,TRUE,0.17393946065347035,stronger
SKVQ*FLGWF,Q,*,4,5,R,V,366,FALSE,TRUE,0.7129624600845397,stronger
DKWLPPNP,W,N,3,7,P,L,152,FALSE,FALSE,0.6480879296602946,no significant difference
GGPAKTPRLLLLV,A,T,4,6,V,P,246,FALSE,FALSE,-0.30557852614552117,no significant difference
SKVDDFLGWF,D,D,4,5,R,V,366,FALSE,TRUE,0.21253004144969767,stronger
SKVQYFLGWF,Q,Y,4,5,R,V,366,FALSE,TRUE,0.00432072233811438,stronger
GGPNKWPRLLLLV,N,W,4,6,V,P,246,FALSE,FALSE,-0.4976116512085883,no significant difference
DKWLPPTP,W,T,3,7,P,L,152,FALSE,FALSE,0.7058982198965686,no significant difference
SKVDAFLGWF,D,A,4,5,R,V,366,FALSE,TRUE,0.21407849584241306,stronger
GGPNKCPRLLLLV,N,C,4,6,V,P,246,FALSE,FALSE,-0.3859318098420105,no significant difference
GGPAKRPRLLLLV,A,R,4,6,V,P,246,FALSE,FALSE,-0.3508310770150191,no significant difference
SKVQWFLGWF,Q,W,4,5,R,V,366,FALSE,FALSE,-0.07060460213859324,no significant difference
DKWLPPRP,W,R,3,7,P,L,152,FALSE,FALSE,0.6417772035432726,no significant difference
SKVDGFLGWF,D,G,4,5,R,V,366,FALSE,TRUE,0.18838420212799362,stronger
SKVQCFLGWF,Q,C,4,5,R,V,366,FALSE,FALSE,-0.1806573741073755,no significant difference
GGPNKFPRLLLLV,N,F,4,6,V,P,246,FALSE,FALSE,-0.43668860164727985,no significant difference
DKWLPPSP,W,S,3,7,P,L,152,FALSE,FALSE,0.6076841086533633,no significant difference
GGPAKMPRLLLLV,A,M,4,6,V,P,246,FALSE,FALSE,-0.28125199334886186,no significant difference
SKVQLFLGWF,Q,L,4,5,R,V,366,FALSE,FALSE,-0.06394198315673058,no significant difference
GGPTKKPRLLLLV,T,K,4,6,V,P,246,FALSE,FALSE,-0.3830494895083916,no significant difference
DKWLPPMP,W,M,3,7,P,L,152,FALSE,FALSE,0.5546468129236575,no significant difference
GGPAKIPRLLLLV,A,I,4,6,V,P,246,FALSE,FALSE,-0.3577327916293348,no significant difference
SKVDVFLGWF,D,V,4,5,R,V,366,FALSE,TRUE,0.05374681916948931,stronger
SKVQFFLGWF,Q,F,4,5,R,V,366,FALSE,FALSE,-0.288644570067993,no significant difference
GGPTKNPRLLLLV,T,N,4,6,V,P,246,FALSE,FALSE,-0.24765257469718738,no significant difference
DKWLPPIP,W,I,3,7,P,L,152,FALSE,FALSE,0.5524208842955206,no significant difference
GGPAKQPRLLLLV,A,Q,4,6,V,P,246,FALSE,FALSE,-0.2180603808905343,no significant difference
SKVHKFLGWF,H,K,4,5,R,V,366,FALSE,FALSE,0.02500234546736641,no significant difference
GGPTKTPRLLLLV,T,T,4,6,V,P,246,FALSE,FALSE,-0.36009673204750914,no significant difference
DKWLPPQP,W,Q,3,7,P,L,152,FALSE,FALSE,0.6515986176384638,no significant difference
GGPAKHPRLLLLV,A,H,4,6,V,P,246,FALSE,FALSE,-0.3689645322993942,no significant difference
SKVD*FLGWF,D,*,4,5,R,V,366,FALSE,TRUE,0.7473321292375327,stronger
SKVHNFLGWF,H,N,4,5,R,V,366,FALSE,FALSE,0.2992433804882116,no significant difference
DKWLPPHP,W,H,3,7,P,L,152,FALSE,FALSE,0.6727470160418709,no significant difference
GGPAKPPRLLLLV,A,P,4,6,V,P,246,FALSE,FALSE,-0.44941120988367156,no significant difference
SKVDYFLGWF,D,Y,4,5,R,V,366,FALSE,FALSE,-0.05501775030039539,no significant difference
SKVHRFLGWF,H,R,4,5,R,V,366,FALSE,TRUE,-0.020306640416653664,stronger
GGPTKRPRLLLLV,T,R,4,6,V,P,246,FALSE,FALSE,-0.3840895989133447,no significant difference
DKWLPPPP,W,P,3,7,P,L,152,FALSE,TRUE,0.38257038426483847,weaker
SKVDSFLGWF,D,S,4,5,R,V,366,FALSE,TRUE,0.16074004680111725,stronger
SKVHSFLGWF,H,S,4,5,R,V,366,FALSE,FALSE,-0.02926897627123614,no significant difference
GGPTKSPRLLLLV,T,S,4,6,V,P,246,FALSE,FALSE,-0.3089759678437357,no significant difference
SKVHMFLGWF,H,M,4,5,R,V,366,FALSE,TRUE,-0.04787327949258536,stronger
GGPTKMPRLLLLV,T,M,4,6,V,P,246,FALSE,FALSE,-0.5013374380452282,no significant difference
SKVDWFLGWF,D,W,4,5,R,V,366,FALSE,TRUE,-0.00869117446280869,stronger
SKVHIFLGWF,H,I,4,5,R,V,366,FALSE,TRUE,-0.48790640928096446,weaker
GGPTKIPRLLLLV,T,I,4,6,V,P,246,FALSE,FALSE,-0.5400700430725622,no significant difference
DKWLPPLP,W,L,3,7,P,L,152,FALSE,FALSE,0.5830460809979245,no significant difference
SKVDCFLGWF,D,C,4,5,R,V,366,FALSE,TRUE,0.06518154235084857,stronger
GGPTKQPRLLLLV,T,Q,4,6,V,P,246,FALSE,FALSE,-0.15659431053248074,no significant difference
SKVHLFLGWF,H,L,4,5,R,V,366,FALSE,FALSE,-0.20216610019517567,no significant difference
GGPTKPPRLLLLV,T,P,4,6,V,P,246,FALSE,FALSE,-0.4237805028195785,no significant difference
DKWLPPEP,W,E,3,7,P,L,152,FALSE,FALSE,0.6857218145893831,no significant difference
GGPAKEPRLLLLV,A,E,4,6,V,P,246,FALSE,TRUE,0.028213228677406173,stronger
SKVDFFLGWF,D,F,4,5,R,V,366,FALSE,FALSE,-0.05641024617266434,no significant difference
SKVHEFLGWF,H,E,4,5,R,V,366,FALSE,TRUE,0.13132800424078445,stronger
DKWLPPDP,W,D,3,7,P,L,152,FALSE,FALSE,0.6146192880678535,no significant difference
GGPAKDPRLLLLV,A,D,4,6,V,P,246,FALSE,TRUE,-0.034494140081912233,stronger
SKVAKFLGWF,A,K,4,5,R,V,366,FALSE,TRUE,0.06715197865279263,stronger
SKVHDFLGWF,H,D,4,5,R,V,366,FALSE,TRUE,0.01521070171155077,stronger
DKWLPPAP,W,A,3,7,P,L,152,FALSE,FALSE,0.6324840796441653,no significant difference
GGPAKAPRLLLLV,A,A,4,6,V,P,246,FALSE,FALSE,-0.34848524277323534,no significant difference
SKVANFLGWF,A,N,4,5,R,V,366,FALSE,TRUE,0.13734705264254043,stronger
SKVHGFLGWF,H,G,4,5,R,V,366,FALSE,TRUE,0.022664195726360213,stronger
SKVATFLGWF,A,T,4,5,R,V,366,FALSE,FALSE,-0.1811648237333248,no significant difference
GGPTKLPRLLLLV,T,L,4,6,V,P,246,FALSE,FALSE,-0.43844588022361575,no significant difference
DKWLPPGP,W,G,3,7,P,L,152,FALSE,FALSE,0.6889311246133747,no significant difference
GGPAKGPRLLLLV,A,G,4,6,V,P,246,FALSE,FALSE,-0.23814625035114,no significant difference
SKVARFLGWF,A,R,4,5,R,V,366,FALSE,TRUE,0.05323375968557461,stronger
SKVHVFLGWF,H,V,4,5,R,V,366,FALSE,FALSE,-0.2027308613905624,no significant difference
SKVASFLGWF,A,S,4,5,R,V,366,FALSE,TRUE,0.08387514766752982,stronger
GGPTKEPRLLLLV,T,E,4,6,V,P,246,FALSE,TRUE,0.04710426252612329,stronger
DKWLPPVP,W,V,3,7,P,L,152,FALSE,FALSE,0.6503758393666589,no significant difference
GGPAKVPRLLLLV,A,V,4,6,V,P,246,FALSE,FALSE,-0.42733734018863134,no significant difference
GGPLKKPRLLLLV,L,K,4,6,V,P,246,FALSE,FALSE,-0.4059417507272213,no significant difference
SKVAMFLGWF,A,M,4,5,R,V,366,FALSE,TRUE,-0.023859982026725984,stronger
SKVH*FLGWF,H,*,4,5,R,V,366,FALSE,TRUE,0.7156663165535699,stronger
GGPTKDPRLLLLV,T,D,4,6,V,P,246,FALSE,FALSE,-0.11324613801878398,no significant difference
GGPLKNPRLLLLV,L,N,4,6,V,P,246,FALSE,FALSE,-0.32973450504902657,no significant difference
SKVAIFLGWF,A,I,4,5,R,V,366,FALSE,FALSE,-0.26490514811046273,no significant difference
SKVHYFLGWF,H,Y,4,5,R,V,366,FALSE,FALSE,-0.21496863784502016,no significant difference
GGPTKAPRLLLLV,T,A,4,6,V,P,246,FALSE,FALSE,-0.3387375961319224,no significant difference
DKWLPP*P,W,*,3,7,P,L,152,FALSE,FALSE,0.5399739406506966,no significant difference
GGPLKTPRLLLLV,L,T,4,6,V,P,246,FALSE,FALSE,-0.4547362584080371,no significant difference
SKVAQFLGWF,A,Q,4,5,R,V,366,FALSE,FALSE,0.0952838269597593,no significant difference
SKVHWFLGWF,H,W,4,5,R,V,366,FALSE,FALSE,-0.3137800941068986,no significant difference
DKWLPPYP,W,Y,3,7,P,L,152,FALSE,TRUE,0.5318712322704826,weaker
SKVHCFLGWF,H,C,4,5,R,V,366,FALSE,FALSE,-0.04124895919435809,no significant difference
GGPTKGPRLLLLV,T,G,4,6,V,P,246,FALSE,FALSE,-0.336920219223794,no significant difference
GGPLKRPRLLLLV,L,R,4,6,V,P,246,FALSE,FALSE,-0.4389503741355197,no significant difference
SKVALFLGWF,A,L,4,5,R,V,366,FALSE,FALSE,-0.17824305499153353,no significant difference
GGPLKSPRLLLLV,L,S,4,6,V,P,246,FALSE,FALSE,-0.4688189467345946,no significant difference
SKVAEFLGWF,A,E,4,5,R,V,366,FALSE,TRUE,0.18034247683047833,stronger
SKVHFFLGWF,H,F,4,5,R,V,366,FALSE,FALSE,-0.33934244257929186,no significant difference
GGPTKVPRLLLLV,T,V,4,6,V,P,246,FALSE,FALSE,-0.4207486488498753,no significant difference
DKWLPPWP,W,W,3,7,P,L,152,FALSE,TRUE,0.4142012492800475,weaker
GGPLKMPRLLLLV,L,M,4,6,V,P,246,FALSE,FALSE,-0.4242803058916988,no significant difference
SKVADFLGWF,A,D,4,5,R,V,366,FALSE,TRUE,0.16712265045598743,stronger
SKVPMFLGWF,P,M,4,5,R,V,366,FALSE,TRUE,-0.06043316358578338,stronger
DKWLPPCP,W,C,3,7,P,L,152,FALSE,FALSE,0.5655282009374981,no significant difference
GGPLKIPRLLLLV,L,I,4,6,V,P,246,FALSE,FALSE,-0.4604245657740608,no significant difference
SKVAAFLGWF,A,A,4,5,R,V,366,FALSE,TRUE,0.10278415224185523,stronger
SKVPGFLGWF,P,G,4,5,R,V,366,FALSE,FALSE,0.16811137878269866,no significant difference
GGPTK*PRLLLLV,T,*,4,6,V,P,246,FALSE,TRUE,0.6748770761187715,stronger
GGPLKQPRLLLLV,L,Q,4,6,V,P,246,FALSE,FALSE,-0.3300431053410174,no significant difference
SKVAGFLGWF,A,G,4,5,R,V,366,FALSE,TRUE,0.23616070676649534,stronger
SKVPVFLGWF,P,V,4,5,R,V,366,FALSE,TRUE,0.00261439557299184,stronger
GGPTKYPRLLLLV,T,Y,4,6,V,P,246,FALSE,FALSE,-0.5497094163217922,no significant difference
DKWLPPFP,W,F,3,7,P,L,152,FALSE,FALSE,0.5394408040072908,no significant difference
GGPLKHPRLLLLV,L,H,4,6,V,P,246,FALSE,FALSE,-0.5184202812284071,no significant difference
DKCLPPKP,C,K,3,7,P,L,152,FALSE,TRUE,0.8721819418719851,stronger
GGPGKKPRLLLLV,G,K,4,6,V,P,246,FALSE,TRUE,-0.20499765036554327,stronger
GGPLKPPRLLLLV,L,P,4,6,V,P,246,FALSE,FALSE,-0.5488277514875461,no significant difference
SKVAVFLGWF,A,V,4,5,R,V,366,FALSE,FALSE,-0.34322424818652814,no significant difference
SKVP*FLGWF,P,*,4,5,R,V,366,FALSE,TRUE,0.6564447748483797,stronger
DKCLPPTP,C,T,3,7,P,L,152,FALSE,TRUE,0.8025703939915689,stronger
GGPGKNPRLLLLV,G,N,4,6,V,P,246,FALSE,TRUE,-0.14236131017783438,stronger
SKVPWFLGWF,P,W,4,5,R,V,366,FALSE,FALSE,-0.14166143569978107,no significant difference
GGPTKWPRLLLLV,T,W,4,6,V,P,246,FALSE,FALSE,-0.3912907596938407,no significant difference
GGPGKTPRLLLLV,G,T,4,6,V,P,246,FALSE,FALSE,-0.28903427008659516,no significant difference
SKVA*FLGWF,A,*,4,5,R,V,366,FALSE,TRUE,0.7295896628603366,stronger
SKVPLFLGWF,P,L,4,5,R,V,366,FALSE,FALSE,-0.15735407393499476,no significant difference
GGPTKCPRLLLLV,T,C,4,6,V,P,246,FALSE,FALSE,-0.3293835691765594,no significant difference
DKCLPPRP,C,R,3,7,P,L,152,FALSE,TRUE,0.8109805110875489,stronger
SKVAYFLGWF,A,Y,4,5,R,V,366,FALSE,FALSE,-0.13409392212747623,no significant difference
SKVPFFLGWF,P,F,4,5,R,V,366,FALSE,FALSE,-0.0597053344850194,no significant difference
DKCLPPSP,C,S,3,7,P,L,152,FALSE,TRUE,0.8098282440683879,stronger
GGPGKRPRLLLLV,G,R,4,6,V,P,246,FALSE,FALSE,-0.3173570568122344,no significant difference
GGPLKLPRLLLLV,L,L,4,6,V,P,246,FALSE,FALSE,-0.503832989915822,no significant difference
GGPTKFPRLLLLV,T,F,4,6,V,P,246,FALSE,FALSE,-0.570287846327038,no significant difference
DKCLPPMP,C,M,3,7,P,L,152,FALSE,FALSE,0.7737705278436068,no significant difference
GGPGKSPRLLLLV,G,S,4,6,V,P,246,FALSE,TRUE,-0.20978886873386854,stronger
DKCLPPIP,C,I,3,7,P,L,152,FALSE,FALSE,0.7264731934652598,no significant difference
GGPGKMPRLLLLV,G,M,4,6,V,P,246,FALSE,FALSE,-0.40241671573766236,no significant difference
GGPLKEPRLLLLV,L,E,4,6,V,P,246,FALSE,TRUE,-0.0984716681797525,stronger
SKVAWFLGWF,A,W,4,5,R,V,366,FALSE,FALSE,-0.1370803349750816,no significant difference
SKVPYFLGWF,P,Y,4,5,R,V,366,FALSE,FALSE,-0.01098559501214653,no significant difference
DKCLPPQP,C,Q,3,7,P,L,152,FALSE,FALSE,0.8795270485788126,no significant difference
GGPGKIPRLLLLV,G,I,4,6,V,P,246,FALSE,FALSE,-0.4337418895374682,no significant difference
GGPLKDPRLLLLV,L,D,4,6,V,P,246,FALSE,TRUE,-0.12539961076104214,stronger
SKVACFLGWF,A,C,4,5,R,V,366,FALSE,FALSE,-0.17108147290449405,no significant difference
DKCLPPHP,C,H,3,7,P,L,152,FALSE,FALSE,0.7581934764109122,no significant difference
GGPGKQPRLLLLV,G,Q,4,6,V,P,246,FALSE,TRUE,-0.17368918782892812,stronger
GGPLKAPRLLLLV,L,A,4,6,V,P,246,FALSE,FALSE,-0.48229725846829796,no significant difference
DKCLPPPP,C,P,3,7,P,L,152,FALSE,FALSE,0.7274311651143789,no significant difference
GGPGKHPRLLLLV,G,H,4,6,V,P,246,FALSE,FALSE,-0.3358927534558766,no significant difference
SKVAFFLGWF,A,F,4,5,R,V,366,FALSE,FALSE,-0.21703069627809912,no significant difference
GGPGKPPRLLLLV,G,P,4,6,V,P,246,FALSE,FALSE,-0.31307538542622737,no significant difference
GGPLKGPRLLLLV,L,G,4,6,V,P,246,FALSE,FALSE,-0.35161702666056005,no significant difference
DKCLPPLP,C,L,3,7,P,L,152,FALSE,FALSE,0.7304097114622169,no significant difference
GGPLKVPRLLLLV,L,V,4,6,V,P,246,FALSE,FALSE,-0.4697404426009636,no significant difference
GGPTKHPRLLLLV,T,H,4,6,V,P,246,FALSE,FALSE,-0.35046366092210735,no significant difference
DKCLPPEP,C,E,3,7,P,L,152,FALSE,TRUE,0.8139002329645081,stronger
GGPGKLPRLLLLV,G,L,4,6,V,P,246,FALSE,FALSE,-0.46889085405240993,no significant difference
GGPLK*PRLLLLV,L,*,4,6,V,P,246,FALSE,TRUE,0.6286434930051411,stronger
DKCLPPDP,C,D,3,7,P,L,152,FALSE,FALSE,0.7921502767326496,no significant difference
GGPLKYPRLLLLV,L,Y,4,6,V,P,246,FALSE,FALSE,-0.49788579132953376,no significant difference
DKCLPPAP,C,A,3,7,P,L,152,FALSE,TRUE,0.8173227297412873,stronger
GGPGKEPRLLLLV,G,E,4,6,V,P,246,FALSE,TRUE,0.010427915549694454,stronger
SKVAHFLGWF,A,H,4,5,R,V,366,FALSE,TRUE,-0.05247915111814622,stronger
GGPGKDPRLLLLV,G,D,4,6,V,P,246,FALSE,TRUE,0.024203365766838354,stronger
DKCLPPGP,C,G,3,7,P,L,152,FALSE,TRUE,0.875667912066802,stronger
GGPGKAPRLLLLV,G,A,4,6,V,P,246,FALSE,FALSE,-0.24251900173273602,no significant difference
GGPLKWPRLLLLV,L,W,4,6,V,P,246,FALSE,FALSE,-0.4731140920122851,no significant difference
GGPLKCPRLLLLV,L,C,4,6,V,P,246,FALSE,FALSE,-0.45329701283075663,no significant difference
DKCLPPVP,C,V,3,7,P,L,152,FALSE,FALSE,0.7148947775332686,no significant difference
GGPGKGPRLLLLV,G,G,4,6,V,P,246,FALSE,TRUE,-0.16575056732564475,stronger
GGPLKFPRLLLLV,L,F,4,6,V,P,246,FALSE,FALSE,-0.497118689399104,no significant difference
DKCLPP*P,C,*,3,7,P,L,152,FALSE,TRUE,0.8051272741639105,stronger
GGPGKVPRLLLLV,G,V,4,6,V,P,246,FALSE,FALSE,-0.39672728248672406,no significant difference
DKCLPPYP,C,Y,3,7,P,L,152,FALSE,TRUE,0.7593554540113185,stronger
GGPGK*PRLLLLV,G,*,4,6,V,P,246,FALSE,TRUE,0.7243097536264708,stronger
GGPGKYPRLLLLV,G,Y,4,6,V,P,246,FALSE,FALSE,-0.6148258015730141,no significant difference
DKCLPPWP,C,W,3,7,P,L,152,FALSE,FALSE,0.6640319045286869,no significant difference
DKCLPPCP,C,C,3,7,P,L,152,FALSE,FALSE,0.621503131425877,no significant difference
GGPGKWPRLLLLV,G,W,4,6,V,P,246,FALSE,FALSE,-0.420473912851352,no significant difference
DKCLPPFP,C,F,3,7,P,L,152,FALSE,FALSE,0.7061970408524949,no significant difference
GGPGKCPRLLLLV,G,C,4,6,V,P,246,FALSE,FALSE,-0.3512775725254632,no significant difference
GGPGKFPRLLLLV,G,F,4,6,V,P,246,FALSE,FALSE,-0.5208604910069438,no significant difference
SKVGKFLGWF,G,K,4,5,R,V,366,FALSE,TRUE,0.1758846035948006,stronger
SKVGNFLGWF,G,N,4,5,R,V,366,FALSE,TRUE,0.15883949658822544,stronger
SKVGTFLGWF,G,T,4,5,R,V,366,FALSE,TRUE,0.13895605925955676,stronger
GGPSKSPRLLLLV,S,S,4,6,V,P,246,FALSE,FALSE,-0.2976833303417742,no significant difference
SKVGRFLGWF,G,R,4,5,R,V,366,FALSE,TRUE,0.07818086599546299,stronger
SKVGSFLGWF,G,S,4,5,R,V,366,FALSE,TRUE,0.13568606313618867,stronger
GGPSKWPRLLLLV,S,W,4,6,V,P,246,FALSE,FALSE,-0.4401003674098676,no significant difference
SKVGMFLGWF,G,M,4,5,R,V,366,FALSE,TRUE,-0.01559106091402156,stronger
GGPSKCPRLLLLV,S,C,4,6,V,P,246,FALSE,FALSE,-0.39606548334921166,no significant difference
SKVGIFLGWF,G,I,4,5,R,V,366,FALSE,FALSE,-0.2120521338646691,no significant difference
GGPSKLPRLLLLV,S,L,4,6,V,P,246,FALSE,FALSE,-0.4233398893306489,no significant difference
SKVGQFLGWF,G,Q,4,5,R,V,366,FALSE,TRUE,0.14212696557958934,stronger
GGPSKFPRLLLLV,S,F,4,6,V,P,246,FALSE,FALSE,-0.5209441471435927,no significant difference
SKVGHFLGWF,G,H,4,5,R,V,366,FALSE,TRUE,0.13091454740035324,stronger
GGPSKKPRLLLLV,S,K,4,6,V,P,246,FALSE,FALSE,-0.2569810416636437,no significant difference
SKVGPFLGWF,G,P,4,5,R,V,366,FALSE,TRUE,0.05989748473637309,stronger
GGPSKNPRLLLLV,S,N,4,6,V,P,246,FALSE,TRUE,-0.15160416055262407,stronger
GGPSKTPRLLLLV,S,T,4,6,V,P,246,FALSE,FALSE,-0.3932515198206901,no significant difference
SKVGLFLGWF,G,L,4,5,R,V,366,FALSE,TRUE,-0.09651163466622946,stronger
GGPSKRPRLLLLV,S,R,4,6,V,P,246,FALSE,FALSE,-0.3655862098011775,no significant difference
SKVGEFLGWF,G,E,4,5,R,V,366,FALSE,TRUE,0.13789743646070596,stronger
GGPSKMPRLLLLV,S,M,4,6,V,P,246,FALSE,FALSE,-0.47287928983110256,no significant difference
SKVGDFLGWF,G,D,4,5,R,V,366,FALSE,TRUE,0.2066242179432232,stronger
GGPSKIPRLLLLV,S,I,4,6,V,P,246,FALSE,FALSE,-0.348326486600107,no significant difference
SKVGAFLGWF,G,A,4,5,R,V,366,FALSE,TRUE,0.0645031721109473,stronger
GGPSKQPRLLLLV,S,Q,4,6,V,P,246,FALSE,FALSE,-0.16814980497499304,no significant difference
GGPSKHPRLLLLV,S,H,4,6,V,P,246,FALSE,FALSE,-0.3966424134889463,no significant difference
SKVGGFLGWF,G,G,4,5,R,V,366,FALSE,TRUE,0.1688974993865216,stronger
GGPSKPPRLLLLV,S,P,4,6,V,P,246,FALSE,FALSE,-0.36155509143980796,no significant difference
SKVGVFLGWF,G,V,4,5,R,V,366,FALSE,TRUE,-0.13967918170310456,stronger
GGPEKKPRLLLLV,E,K,4,6,V,P,246,FALSE,FALSE,-0.23616735971122305,no significant difference
GGPEKNPRLLLLV,E,N,4,6,V,P,246,FALSE,FALSE,-0.18966337816175535,no significant difference
SKVG*FLGWF,G,*,4,5,R,V,366,FALSE,TRUE,0.7660388075204606,stronger
GGPEKTPRLLLLV,E,T,4,6,V,P,246,FALSE,FALSE,-0.23712564330732283,no significant difference
SKVGYFLGWF,G,Y,4,5,R,V,366,FALSE,FALSE,-0.20345037832827917,no significant difference
GGPSKEPRLLLLV,S,E,4,6,V,P,246,FALSE,TRUE,-0.07639461964233761,stronger
GGPEKRPRLLLLV,E,R,4,6,V,P,246,FALSE,FALSE,-0.134444092828487,no significant difference
SKVLKFLGWF,L,K,4,5,R,V,366,FALSE,TRUE,0.06984104836164153,stronger
GGPSKDPRLLLLV,S,D,4,6,V,P,246,FALSE,TRUE,0.00239585210304663,stronger
GGPEKSPRLLLLV,E,S,4,6,V,P,246,FALSE,FALSE,-0.17418928217669014,no significant difference
SKVGWFLGWF,G,W,4,5,R,V,366,FALSE,FALSE,-0.2647295848554627,no significant difference
SKVLNFLGWF,L,N,4,5,R,V,366,FALSE,TRUE,0.0172586891546185,stronger
GGPSKAPRLLLLV,S,A,4,6,V,P,246,FALSE,FALSE,-0.37251503912639145,no significant difference
GGPEKMPRLLLLV,E,M,4,6,V,P,246,FALSE,FALSE,-0.43055616704618627,no significant difference
SKVGCFLGWF,G,C,4,5,R,V,366,FALSE,TRUE,-0.062490480428132274,stronger
SKVLTFLGWF,L,T,4,5,R,V,366,FALSE,TRUE,-0.04281996359945218,stronger
GGPEKIPRLLLLV,E,I,4,6,V,P,246,FALSE,FALSE,-0.20991787787530852,no significant difference
SKVLRFLGWF,L,R,4,5,R,V,366,FALSE,TRUE,-0.10265284084474326,stronger
GGPSKGPRLLLLV,S,G,4,6,V,P,246,FALSE,FALSE,-0.22459772529488198,no significant difference
GGPEKQPRLLLLV,E,Q,4,6,V,P,246,FALSE,TRUE,-0.00933447491684588,stronger
SKVGFFLGWF,G,F,4,5,R,V,366,FALSE,FALSE,-0.17651007495108784,no significant difference
SKVLSFLGWF,L,S,4,5,R,V,366,FALSE,TRUE,0.03708310318017885,stronger
GGPEKHPRLLLLV,E,H,4,6,V,P,246,FALSE,FALSE,-0.28731492045142004,no significant difference
SKVLMFLGWF,L,M,4,5,R,V,366,FALSE,FALSE,-0.23092064083140876,no significant difference
GGPSKVPRLLLLV,S,V,4,6,V,P,246,FALSE,FALSE,-0.4503112785894531,no significant difference
GGPVKKPRLLLLV,V,K,4,6,V,P,246,FALSE,FALSE,-0.25762652998808355,no significant difference
GGPEKPPRLLLLV,E,P,4,6,V,P,246,FALSE,FALSE,-0.3306605876271992,no significant difference
SKVLIFLGWF,L,I,4,5,R,V,366,FALSE,TRUE,-0.373584057674887,weaker
GGPVKNPRLLLLV,V,N,4,6,V,P,246,FALSE,FALSE,-0.2645995854634152,no significant difference
SKVLQFLGWF,L,Q,4,5,R,V,366,FALSE,TRUE,-0.025561906093366747,stronger
GGPSK*PRLLLLV,S,*,4,6,V,P,246,FALSE,TRUE,0.7475088525777476,stronger
GGPVKTPRLLLLV,V,T,4,6,V,P,246,FALSE,FALSE,-0.45735121430999415,no significant difference
GGPSKYPRLLLLV,S,Y,4,6,V,P,246,FALSE,FALSE,-0.4342984813752727,no significant difference
GGPVKRPRLLLLV,V,R,4,6,V,P,246,FALSE,FALSE,-0.3778782483690575,no significant difference
GGPEKLPRLLLLV,E,L,4,6,V,P,246,FALSE,FALSE,-0.508954849394903,no significant difference
SKVLLFLGWF,L,L,4,5,R,V,366,FALSE,FALSE,-0.28147740906657437,no significant difference
GGPVKSPRLLLLV,V,S,4,6,V,P,246,FALSE,FALSE,-0.2980453445872595,no significant difference
SKVLEFLGWF,L,E,4,5,R,V,366,FALSE,TRUE,0.11387998097966656,stronger
GGPVKMPRLLLLV,V,M,4,6,V,P,246,FALSE,FALSE,-0.5051706861520462,no significant difference
GGPEKEPRLLLLV,E,E,4,6,V,P,246,FALSE,TRUE,0.14839466675245688,stronger
SKVLDFLGWF,L,D,4,5,R,V,366,FALSE,TRUE,0.09484649242848216,stronger
GGPVKIPRLLLLV,V,I,4,6,V,P,246,FALSE,FALSE,-0.33260160066234334,no significant difference
GGPEKDPRLLLLV,E,D,4,6,V,P,246,FALSE,TRUE,0.16311754681376467,stronger
SKVLAFLGWF,L,A,4,5,R,V,366,FALSE,FALSE,-0.14033382992623633,no significant difference
GGPVKQPRLLLLV,V,Q,4,6,V,P,246,FALSE,FALSE,-0.21233727423284582,no significant difference
GGPEKAPRLLLLV,E,A,4,6,V,P,246,FALSE,FALSE,-0.26564611773247293,no significant difference
SKVLGFLGWF,L,G,4,5,R,V,366,FALSE,TRUE,0.026915857651831136,stronger
GGPVKHPRLLLLV,V,H,4,6,V,P,246,FALSE,FALSE,-0.062093289404081514,no significant difference
GGPWKKPRLLLLV,W,K,4,6,V,P,246,FALSE,FALSE,-0.43663490513307435,no significant difference
GGPVKPPRLLLLV,V,P,4,6,V,P,246,TRUE,FALSE,-0.3828636122928051,no significant difference
GGPEKGPRLLLLV,E,G,4,6,V,P,246,FALSE,TRUE,-0.019769520729029464,stronger
SKVLVFLGWF,L,V,4,5,R,V,366,FALSE,FALSE,-0.3224536962920025,no significant difference
GGPWKNPRLLLLV,W,N,4,6,V,P,246,FALSE,FALSE,-0.33244421247175643,no significant difference
GGPWKTPRLLLLV,W,T,4,6,V,P,246,FALSE,FALSE,-0.46160049152420957,no significant difference
GGPEKVPRLLLLV,E,V,4,6,V,P,246,FALSE,FALSE,-0.29639038770349985,no significant difference
SKVL*FLGWF,L,*,4,5,R,V,366,FALSE,TRUE,0.5468409858856261,stronger
SKVLYFLGWF,L,Y,4,5,R,V,366,FALSE,FALSE,-0.27955500302802067,no significant difference
GGPWKRPRLLLLV,W,R,4,6,V,P,246,FALSE,FALSE,-0.3823796222575612,no significant difference
GGPVKLPRLLLLV,V,L,4,6,V,P,246,FALSE,FALSE,-0.5128964690950667,no significant difference
GGPEK*PRLLLLV,E,*,4,6,V,P,246,FALSE,TRUE,0.7817789557757648,stronger
GGPWKSPRLLLLV,W,S,4,6,V,P,246,FALSE,FALSE,-0.43429848137527305,no significant difference
GGPEKYPRLLLLV,E,Y,4,6,V,P,246,FALSE,FALSE,-0.5556407580614835,no significant difference
GGPWKMPRLLLLV,W,M,4,6,V,P,246,FALSE,FALSE,-0.532013205208962,no significant difference
GGPVKEPRLLLLV,V,E,4,6,V,P,246,FALSE,TRUE,-4.986704285100995e-5,stronger
SKVLWFLGWF,L,W,4,5,R,V,366,FALSE,FALSE,-0.25380622899886124,no significant difference
GGPWKIPRLLLLV,W,I,4,6,V,P,246,FALSE,FALSE,-0.49331436746525575,no significant difference
GGPVKDPRLLLLV,V,D,4,6,V,P,246,FALSE,TRUE,-0.00494168122676496,stronger
SKVLCFLGWF,L,C,4,5,R,V,366,FALSE,FALSE,-0.2321132936452373,no significant difference
GGPWKQPRLLLLV,W,Q,4,6,V,P,246,FALSE,FALSE,-0.46470688848586206,no significant difference
GGPVKAPRLLLLV,V,A,4,6,V,P,246,FALSE,FALSE,-0.3506264613769286,no significant difference
GGPEKWPRLLLLV,E,W,4,6,V,P,246,FALSE,FALSE,-0.40922123183182646,no significant difference
GGPWKHPRLLLLV,W,H,4,6,V,P,246,FALSE,FALSE,-0.40317528762354526,no significant difference
GGPEKCPRLLLLV,E,C,4,6,V,P,246,FALSE,FALSE,-0.2421413911942144,no significant difference
SKVLFFLGWF,L,F,4,5,R,V,366,FALSE,TRUE,-0.35848755919101005,weaker
GGPWKPPRLLLLV,W,P,4,6,V,P,246,FALSE,FALSE,-0.472297231931451,no significant difference
GGPVKGPRLLLLV,V,G,4,6,V,P,246,FALSE,FALSE,-0.3620963863040003,no significant difference
GGPEKFPRLLLLV,E,F,4,6,V,P,246,FALSE,FALSE,-0.4300844253839996,no significant difference
GGPVKVPRLLLLV,V,V,4,6,V,P,246,FALSE,FALSE,-0.4521853167516001,no significant difference
GGPDKKPRLLLLV,D,K,4,6,V,P,246,FALSE,TRUE,-0.02024770627705903,stronger
GGPDKNPRLLLLV,D,N,4,6,V,P,246,FALSE,FALSE,-0.08366758124238285,no significant difference
GGPWKLPRLLLLV,W,L,4,6,V,P,246,FALSE,FALSE,-0.4754337218415552,no significant difference
GGPVK*PRLLLLV,V,*,4,6,V,P,246,FALSE,TRUE,0.7017831102734751,stronger
GGPDKTPRLLLLV,D,T,4,6,V,P,246,FALSE,FALSE,-0.29247280652510876,no significant difference
GGPVKYPRLLLLV,V,Y,4,6,V,P,246,FALSE,FALSE,-0.5527049076123987,no significant difference
GGPWKEPRLLLLV,W,E,4,6,V,P,246,FALSE,FALSE,-0.252931601917004,no significant difference
GGPDKRPRLLLLV,D,R,4,6,V,P,246,FALSE,FALSE,-0.2430758595941288,no significant difference
GGPWKDPRLLLLV,W,D,4,6,V,P,246,FALSE,FALSE,-0.2597111845635363,no significant difference
GGPDKSPRLLLLV,D,S,4,6,V,P,246,FALSE,TRUE,-0.2178182885193486,stronger
GGPWKAPRLLLLV,W,A,4,6,V,P,246,FALSE,FALSE,-0.4353265192475148,no significant difference
GGPVKWPRLLLLV,V,W,4,6,V,P,246,FALSE,FALSE,-0.39252626542262115,no significant difference
GGPDKMPRLLLLV,D,M,4,6,V,P,246,FALSE,TRUE,-0.5989803189926366,weaker
GGPVKCPRLLLLV,V,C,4,6,V,P,246,FALSE,FALSE,-0.5549873354762682,no significant difference
GGPDKIPRLLLLV,D,I,4,6,V,P,246,FALSE,FALSE,-0.4693587812461088,no significant difference
GGPWKGPRLLLLV,W,G,4,6,V,P,246,FALSE,FALSE,-0.3203946977615355,no significant difference
GGPDKQPRLLLLV,D,Q,4,6,V,P,246,FALSE,FALSE,-0.1095063841690634,no significant difference
GGPVKFPRLLLLV,V,F,4,6,V,P,246,FALSE,FALSE,-0.5152035437436451,no significant difference
GGPDKHPRLLLLV,D,H,4,6,V,P,246,FALSE,TRUE,-0.08266010939570338,stronger
SKVVKFLGWF,V,K,4,5,R,V,366,FALSE,TRUE,0.09042458671272283,stronger
GGPWKVPRLLLLV,W,V,4,6,V,P,246,FALSE,FALSE,-0.4405412025680014,no significant difference
GGPDKPPRLLLLV,D,P,4,6,V,P,246,FALSE,FALSE,-0.3539797550784632,no significant difference
SKVVNFLGWF,V,N,4,5,R,V,366,FALSE,TRUE,0.0647008677478545,stronger
SKVVTFLGWF,V,T,4,5,R,V,366,FALSE,TRUE,0.01797644561344866,stronger
GGPWK*PRLLLLV,W,*,4,6,V,P,246,FALSE,TRUE,0.5332882021156788,stronger
GGPWKYPRLLLLV,W,Y,4,6,V,P,246,FALSE,FALSE,-0.4495543245733822,no significant difference
SKVVRFLGWF,V,R,4,5,R,V,366,FALSE,TRUE,0.04039639332637909,stronger
GGPDKLPRLLLLV,D,L,4,6,V,P,246,FALSE,FALSE,-0.508954849394903,no significant difference
SKVVSFLGWF,V,S,4,5,R,V,366,FALSE,TRUE,0.02015771693147229,stronger
GGPMKKPRLLLLV,M,K,4,6,V,P,246,FALSE,FALSE,-0.5875899676072208,no significant difference
SKVVMFLGWF,V,M,4,5,R,V,366,FALSE,FALSE,-0.36712250415487524,no significant difference
GGPMKNPRLLLLV,M,N,4,6,V,P,246,FALSE,FALSE,-0.2730031463943076,no significant difference
GGPWKWPRLLLLV,W,W,4,6,V,P,246,FALSE,FALSE,-0.3574345782563748,no significant difference
GGPDKEPRLLLLV,D,E,4,6,V,P,246,FALSE,TRUE,0.09842000460378764,stronger
SKVVIFLGWF,V,I,4,5,R,V,366,FALSE,TRUE,-0.4589742306587836,weaker
GGPMKTPRLLLLV,M,T,4,6,V,P,246,FALSE,FALSE,-0.4370918632582575,no significant difference
GGPWKCPRLLLLV,W,C,4,6,V,P,246,FALSE,FALSE,-0.4109796091691138,no significant difference
GGPDKDPRLLLLV,D,D,4,6,V,P,246,FALSE,TRUE,-0.04002828049847098,stronger
SKVVQFLGWF,V,Q,4,5,R,V,366,FALSE,TRUE,0.07987924755448719,stronger
GGPDKAPRLLLLV,D,A,4,6,V,P,246,FALSE,FALSE,-0.34508930476004995,no significant difference
SKVVHFLGWF,V,H,4,5,R,V,366,FALSE,TRUE,0.10418117518131972,stronger
GGPMKRPRLLLLV,M,R,4,6,V,P,246,FALSE,FALSE,-0.4258052226928984,no significant difference
GGPWKFPRLLLLV,W,F,4,6,V,P,246,FALSE,FALSE,-0.4593313825039507,no significant difference
SKVVPFLGWF,V,P,4,5,R,V,366,FALSE,TRUE,0.03302280268358092,stronger
GGPMKSPRLLLLV,M,S,4,6,V,P,246,FALSE,FALSE,-0.3402546772770527,no significant difference
GGPCKKPRLLLLV,C,K,4,6,V,P,246,FALSE,FALSE,-0.41785404463089576,no significant difference
GGPDKGPRLLLLV,D,G,4,6,V,P,246,FALSE,TRUE,-0.052711262154788475,stronger
SKVEKFLGWF,E,K,4,5,R,V,366,FALSE,TRUE,0.2060256856976851,stronger
GGPMKMPRLLLLV,M,M,4,6,V,P,246,FALSE,FALSE,-0.6132504122417403,no significant difference
GGPCKNPRLLLLV,C,N,4,6,V,P,246,FALSE,FALSE,-0.3291484795669625,no significant difference
SKVENFLGWF,E,N,4,5,R,V,366,FALSE,TRUE,0.12649679288430254,stronger
GGPMKIPRLLLLV,M,I,4,6,V,P,246,FALSE,FALSE,-0.3824677024075098,no significant difference
GGPCKTPRLLLLV,C,T,4,6,V,P,246,FALSE,FALSE,-0.3990307126051845,no significant difference
GGPDKVPRLLLLV,D,V,4,6,V,P,246,FALSE,FALSE,-0.3667661142073371,no significant difference
SKVVLFLGWF,V,L,4,5,R,V,366,FALSE,TRUE,-0.3504293254706769,weaker
SKVETFLGWF,E,T,4,5,R,V,366,FALSE,TRUE,0.20190752882918483,stronger
GGPMKQPRLLLLV,M,Q,4,6,V,P,246,FALSE,FALSE,-0.2342020190046512,no significant difference
GGPMKHPRLLLLV,M,H,4,6,V,P,246,FALSE,FALSE,-0.46446576038588905,no significant difference
GGPCKRPRLLLLV,C,R,4,6,V,P,246,FALSE,FALSE,-0.36791255512577015,no significant difference
GGPDK*PRLLLLV,D,*,4,6,V,P,246,FALSE,TRUE,0.6901962771391836,stronger
SKVVEFLGWF,V,E,4,5,R,V,366,FALSE,TRUE,0.12001424298917399,stronger
SKVERFLGWF,E,R,4,5,R,V,366,FALSE,TRUE,0.18477348648038083,stronger
GGPMKPPRLLLLV,M,P,4,6,V,P,246,FALSE,FALSE,-0.5520163561285272,no significant difference
GGPCKSPRLLLLV,C,S,4,6,V,P,246,FALSE,FALSE,-0.34554593007773865,no significant difference
GGPDKYPRLLLLV,D,Y,4,6,V,P,246,FALSE,FALSE,-0.5409825910579833,no significant difference
SKVVDFLGWF,V,D,4,5,R,V,366,FALSE,TRUE,0.11495518981123912,stronger
SKVESFLGWF,E,S,4,5,R,V,366,FALSE,TRUE,0.14961938471192762,stronger
GGPCKMPRLLLLV,C,M,4,6,V,P,246,FALSE,FALSE,-0.4569515144646044,no significant difference
SKVVAFLGWF,V,A,4,5,R,V,366,FALSE,TRUE,-0.013900611173537155,stronger
SKVEMFLGWF,E,M,4,5,R,V,366,FALSE,TRUE,0.03273634584007426,stronger
GGPCKIPRLLLLV,C,I,4,6,V,P,246,FALSE,FALSE,-0.5566239766011161,no significant difference
SKVEIFLGWF,E,I,4,5,R,V,366,FALSE,FALSE,-0.09317786620406542,no significant difference
GGPCKQPRLLLLV,C,Q,4,6,V,P,246,FALSE,FALSE,-0.28919257122224706,no significant difference
GGPDKWPRLLLLV,D,W,4,6,V,P,246,FALSE,FALSE,-0.4416621597591597,no significant difference
SKVVGFLGWF,V,G,4,5,R,V,366,FALSE,TRUE,0.10631028881656313,stronger
SKVEQFLGWF,E,Q,4,5,R,V,366,FALSE,TRUE,0.2587451970015216,stronger
GGPMKLPRLLLLV,M,L,4,6,V,P,246,FALSE,FALSE,-0.5807711591175402,no significant difference
GGPCKHPRLLLLV,C,H,4,6,V,P,246,FALSE,FALSE,-0.4519632570667227,no significant difference
GGPDKCPRLLLLV,D,C,4,6,V,P,246,FALSE,FALSE,-0.3517423810360522,no significant difference
SKVEHFLGWF,E,H,4,5,R,V,366,FALSE,TRUE,0.2936268348034384,stronger
GGPCKPPRLLLLV,C,P,4,6,V,P,246,FALSE,FALSE,-0.5194153764865379,no significant difference
SKVVVFLGWF,V,V,4,5,R,V,366,FALSE,TRUE,-0.3418760441048273,weaker
GGPMKEPRLLLLV,M,E,4,6,V,P,246,FALSE,FALSE,-0.1215018317327773,no significant difference
GGPDKFPRLLLLV,D,F,4,6,V,P,246,FALSE,FALSE,-0.5075608779049792,no significant difference
GGPMKDPRLLLLV,M,D,4,6,V,P,246,FALSE,TRUE,-0.06666353433601323,stronger
SKVV*FLGWF,V,*,4,5,R,V,366,FALSE,TRUE,0.6487057064572429,stronger
SKVELFLGWF,E,L,4,5,R,V,366,FALSE,TRUE,0.05370157424076758,stronger
GGPMKAPRLLLLV,M,A,4,6,V,P,246,FALSE,FALSE,-0.4388259573451639,no significant difference
SKVVYFLGWF,V,Y,4,5,R,V,366,FALSE,TRUE,-0.31919875123103664,weaker
GGPCKLPRLLLLV,C,L,4,6,V,P,246,FALSE,FALSE,-0.4660888038347023,no significant difference
SKVEEFLGWF,E,E,4,5,R,V,366,FALSE,TRUE,0.2331381045657479,stronger
GGPMKGPRLLLLV,M,G,4,6,V,P,246,FALSE,FALSE,-0.3668870060873866,no significant difference
SKVEDFLGWF,E,D,4,5,R,V,366,FALSE,TRUE,0.14447004664396734,stronger
GGPCKEPRLLLLV,C,E,4,6,V,P,246,FALSE,FALSE,-0.15543275053026118,no significant difference
SKVVWFLGWF,V,W,4,5,R,V,366,FALSE,FALSE,-0.26180795294837667,no significant difference
SKVEAFLGWF,E,A,4,5,R,V,366,FALSE,TRUE,0.05324353116367649,stronger
GGPMKVPRLLLLV,M,V,4,6,V,P,246,FALSE,FALSE,-0.5068051865557768,no significant difference
GGPCKDPRLLLLV,C,D,4,6,V,P,246,FALSE,TRUE,-0.10429854338163524,stronger
SKVVCFLGWF,V,C,4,5,R,V,366,FALSE,FALSE,-0.2167629776473866,no significant difference
GGPCKAPRLLLLV,C,A,4,6,V,P,246,FALSE,FALSE,-0.37499608866847345,no significant difference
SKVEGFLGWF,E,G,4,5,R,V,366,FALSE,TRUE,0.23186316539393603,stronger
GGPMK*PRLLLLV,M,*,4,6,V,P,246,FALSE,TRUE,0.5992084761922787,stronger
SKVVFFLGWF,V,F,4,5,R,V,366,FALSE,FALSE,-0.32215919615021016,no significant difference
GGPMKYPRLLLLV,M,Y,4,6,V,P,246,FALSE,FALSE,-0.9061039588944092,no significant difference
GGPCKGPRLLLLV,C,G,4,6,V,P,246,FALSE,FALSE,-0.2875041849915331,no significant difference
SKVEVFLGWF,E,V,4,5,R,V,366,FALSE,TRUE,-0.1024973008285126,stronger
GGPCKVPRLLLLV,C,V,4,6,V,P,246,FALSE,FALSE,-0.4978238692901491,no significant difference
GGP*KKPRLLLLV,*,K,4,6,V,P,246,FALSE,TRUE,0.6511928878531454,stronger
SKVE*FLGWF,E,*,4,5,R,V,366,FALSE,TRUE,0.812594611640297,stronger
GGPMKWPRLLLLV,M,W,4,6,V,P,246,FALSE,FALSE,-0.4578359613245246,no significant difference
GGP*KNPRLLLLV,*,N,4,6,V,P,246,FALSE,TRUE,0.6350667516901162,stronger
SKVEYFLGWF,E,Y,4,5,R,V,366,FALSE,FALSE,-0.08906888835531283,no significant difference
GGPMKCPRLLLLV,M,C,4,6,V,P,246,FALSE,FALSE,-0.37848794989890944,no significant difference
GGPCK*PRLLLLV,C,*,4,6,V,P,246,FALSE,TRUE,0.5741952244280585,stronger
GGP*KTPRLLLLV,*,T,4,6,V,P,246,FALSE,TRUE,0.5714502521149858,stronger
GGPCKYPRLLLLV,C,Y,4,6,V,P,246,FALSE,FALSE,-0.5232536510025098,no significant difference
GGPMKFPRLLLLV,M,F,4,6,V,P,246,FALSE,FALSE,-0.29544909838022293,no significant difference
GGP*KRPRLLLLV,*,R,4,6,V,P,246,FALSE,TRUE,0.6520947705392349,stronger
SKVEWFLGWF,E,W,4,5,R,V,366,FALSE,FALSE,0.08278974595520248,no significant difference
GGPIKKPRLLLLV,I,K,4,6,V,P,246,FALSE,FALSE,-0.6434115392923877,no significant difference
GGP*KSPRLLLLV,*,S,4,6,V,P,246,FALSE,TRUE,0.5906857819388318,stronger
SKVECFLGWF,E,C,4,5,R,V,366,FALSE,TRUE,0.07307876012977085,stronger
GGPIKNPRLLLLV,I,N,4,6,V,P,246,FALSE,FALSE,-0.37595433718832766,no significant difference
GGPCKWPRLLLLV,C,W,4,6,V,P,246,FALSE,FALSE,-0.4644657603858887,no significant difference
GGP*KMPRLLLLV,*,M,4,6,V,P,246,FALSE,TRUE,0.4988955525876571,stronger
GGPIKTPRLLLLV,I,T,4,6,V,P,246,FALSE,FALSE,-0.5073311509230571,no significant difference
GGPCKCPRLLLLV,C,C,4,6,V,P,246,FALSE,FALSE,-0.4720894116963522,no significant difference
GGP*KIPRLLLLV,*,I,4,6,V,P,246,FALSE,TRUE,0.6367663546728374,stronger
SKVEFFLGWF,E,F,4,5,R,V,366,FALSE,FALSE,-0.16348506499649443,no significant difference
GGP*KQPRLLLLV,*,Q,4,6,V,P,246,FALSE,TRUE,0.5365389800533177,stronger
SKVDKFLGWF,D,K,4,5,R,V,366,FALSE,TRUE,0.18826856503855768,stronger
GGPIKRPRLLLLV,I,R,4,6,V,P,246,FALSE,FALSE,-0.4742062100993619,no significant difference
GGPCKFPRLLLLV,C,F,4,6,V,P,246,FALSE,FALSE,-0.5612558727039622,no significant difference
GGP*KHPRLLLLV,*,H,4,6,V,P,246,FALSE,TRUE,0.6179251908880147,stronger
SKVDNFLGWF,D,N,4,5,R,V,366,FALSE,TRUE,0.17262192302410226,stronger
GGPIKSPRLLLLV,I,S,4,6,V,P,246,FALSE,FALSE,-0.3987711403328136,no significant difference
GGP*KPPRLLLLV,*,P,4,6,V,P,246,FALSE,TRUE,0.5625873571214162,stronger
SKVDTFLGWF,D,T,4,5,R,V,366,FALSE,TRUE,0.1852387536680265,stronger
GGPIKMPRLLLLV,I,M,4,6,V,P,246,FALSE,FALSE,-0.43456469772485673,no significant difference
GGPIKIPRLLLLV,I,I,4,6,V,P,246,FALSE,TRUE,-0.7270473908406481,weaker
GGPIKQPRLLLLV,I,Q,4,6,V,P,246,FALSE,FALSE,-0.34817275164564687,no significant difference
GGPIKHPRLLLLV,I,H,4,6,V,P,246,FALSE,FALSE,-0.3700180861908299,no significant difference
GGP*KLPRLLLLV,*,L,4,6,V,P,246,FALSE,TRUE,0.537709518562875,stronger
SKVCSFLGWF,C,S,4,5,R,V,366,FALSE,TRUE,0.05195496208579405,stronger
GGPIKPPRLLLLV,I,P,4,6,V,P,246,FALSE,FALSE,-0.3656189228558956,no significant difference
GGP*KEPRLLLLV,*,E,4,6,V,P,246,FALSE,TRUE,0.6454945304503901,stronger
SKVCWFLGWF,C,W,4,5,R,V,366,FALSE,FALSE,-0.25609075968169004,no significant difference
GGP*KDPRLLLLV,*,D,4,6,V,P,246,FALSE,TRUE,0.5909897444737028,stronger
SKVCCFLGWF,C,C,4,5,R,V,366,FALSE,FALSE,-0.1970654445502816,no significant difference
GGP*KAPRLLLLV,*,A,4,6,V,P,246,FALSE,TRUE,0.5874414831597806,stronger
SKVCLFLGWF,C,L,4,5,R,V,366,FALSE,FALSE,-0.30932559805535276,no significant difference
GGPIKLPRLLLLV,I,L,4,6,V,P,246,FALSE,FALSE,-0.547292633790559,no significant difference
SKVCFFLGWF,C,F,4,5,R,V,366,FALSE,TRUE,-0.33868891840587995,weaker
GGP*KGPRLLLLV,*,G,4,6,V,P,246,FALSE,TRUE,0.6525192460992555,stronger
GGPIKEPRLLLLV,I,E,4,6,V,P,246,FALSE,TRUE,-0.00983590159059913,stronger
GGPIKDPRLLLLV,I,D,4,6,V,P,246,FALSE,TRUE,-0.10932652276595324,stronger
GGP*KVPRLLLLV,*,V,4,6,V,P,246,FALSE,TRUE,0.6043606327271336,stronger
GGPIKAPRLLLLV,I,A,4,6,V,P,246,FALSE,FALSE,-0.4567089213404798,no significant difference
GGP*K*PRLLLLV,*,*,4,6,V,P,246,FALSE,TRUE,0.6779934898302249,stronger
GGPIKGPRLLLLV,I,G,4,6,V,P,246,FALSE,FALSE,-0.3448273174551348,no significant difference
GGP*KYPRLLLLV,*,Y,4,6,V,P,246,FALSE,TRUE,0.6336459909135402,stronger
GGPIKVPRLLLLV,I,V,4,6,V,P,246,FALSE,FALSE,-0.46389240393457304,no significant difference
GGP*KWPRLLLLV,*,W,4,6,V,P,246,FALSE,TRUE,0.6405565369225475,stronger
GGPIK*PRLLLLV,I,*,4,6,V,P,246,FALSE,TRUE,0.6158338899415099,stronger
GGP*KCPRLLLLV,*,C,4,6,V,P,246,FALSE,TRUE,0.6595264267085366,stronger
SKVLHFLGWF,L,H,4,5,R,V,366,FALSE,FALSE,-0.01010606207708052,no significant difference
GGPIKYPRLLLLV,I,Y,4,6,V,P,246,FALSE,FALSE,-0.6143316387065316,no significant difference
SKVLPFLGWF,L,P,4,5,R,V,366,FALSE,TRUE,0.1176029441544435,stronger
SKV*KFLGWF,*,K,4,5,R,V,366,FALSE,TRUE,0.759322720696648,stronger
GGP*KFPRLLLLV,*,F,4,6,V,P,246,FALSE,TRUE,0.6058512924122151,stronger
SKV*NFLGWF,*,N,4,5,R,V,366,FALSE,TRUE,0.7201270777004174,stronger
GGPYKKPRLLLLV,Y,K,4,6,V,P,246,FALSE,FALSE,-0.2717828837599013,no significant difference
SKV*TFLGWF,*,T,4,5,R,V,366,FALSE,TRUE,0.7034393288147182,stronger
GGPIKWPRLLLLV,I,W,4,6,V,P,246,FALSE,FALSE,-0.4488927231976184,no significant difference
GGPYKNPRLLLLV,Y,N,4,6,V,P,246,FALSE,FALSE,-0.3375084981110867,no significant difference
GGPIKCPRLLLLV,I,C,4,6,V,P,246,FALSE,FALSE,-0.522686112714565,no significant difference
GGPYKTPRLLLLV,Y,T,4,6,V,P,246,FALSE,FALSE,-0.5072770798031718,no significant difference
SKV*RFLGWF,*,R,4,5,R,V,366,FALSE,TRUE,0.7733914912235906,stronger
SKV*SFLGWF,*,S,4,5,R,V,366,FALSE,TRUE,0.7515712561844209,stronger
GGPIKFPRLLLLV,I,F,4,6,V,P,246,FALSE,FALSE,-0.5397282553209092,no significant difference
GGPYKRPRLLLLV,Y,R,4,6,V,P,246,FALSE,FALSE,-0.6156345669450426,no significant difference
SKV*MFLGWF,*,M,4,5,R,V,366,FALSE,TRUE,0.7515403725119453,stronger
GGPQKKPRLLLLV,Q,K,4,6,V,P,246,FALSE,FALSE,-0.3000105597112678,no significant difference
GGPYKSPRLLLLV,Y,S,4,6,V,P,246,FALSE,FALSE,-0.3447693336205055,no significant difference
SKV*IFLGWF,*,I,4,5,R,V,366,FALSE,TRUE,0.7666879600604732,stronger
GGPQKNPRLLLLV,Q,N,4,6,V,P,246,FALSE,FALSE,-0.08104651240258443,no significant difference
GGPYKMPRLLLLV,Y,M,4,6,V,P,246,FALSE,FALSE,-0.5596559491725057,no significant difference
SKV*QFLGWF,*,Q,4,5,R,V,366,FALSE,TRUE,0.7975567602766797,stronger
GGPQKTPRLLLLV,Q,T,4,6,V,P,246,FALSE,FALSE,-0.38726240211589963,no significant difference
GGPYKIPRLLLLV,Y,I,4,6,V,P,246,FALSE,FALSE,-0.5761557557989587,no significant difference
SKV*HFLGWF,*,H,4,5,R,V,366,FALSE,TRUE,0.7413898652494414,stronger
GGPYKQPRLLLLV,Y,Q,4,6,V,P,246,FALSE,FALSE,-0.3945517885954839,no significant difference
GGPQKRPRLLLLV,Q,R,4,6,V,P,246,FALSE,FALSE,-0.41529360038378155,no significant difference
GGPYKHPRLLLLV,Y,H,4,6,V,P,246,FALSE,FALSE,-0.49554300086930225,no significant difference
GGPQKSPRLLLLV,Q,S,4,6,V,P,246,FALSE,FALSE,-0.4059417507272213,no significant difference
GGPFKKPRLLLLV,F,K,4,6,V,P,246,FALSE,FALSE,-0.5594044454218025,no significant difference
GGPYKPPRLLLLV,Y,P,4,6,V,P,246,FALSE,FALSE,-0.6165367351127518,no significant difference
SKV*LFLGWF,*,L,4,5,R,V,366,FALSE,TRUE,0.7329941954603494,stronger
GGPQKMPRLLLLV,Q,M,4,6,V,P,246,FALSE,FALSE,-0.3987711403328136,no significant difference
GGPFKNPRLLLLV,F,N,4,6,V,P,246,FALSE,FALSE,-0.3987711403328136,no significant difference
GGPQKIPRLLLLV,Q,I,4,6,V,P,246,FALSE,FALSE,-0.3752518013967914,no significant difference
GGPFKTPRLLLLV,F,T,4,6,V,P,246,FALSE,FALSE,-0.4273016528581093,no significant difference
SKV*EFLGWF,*,E,4,5,R,V,366,FALSE,TRUE,0.7649157105607586,stronger
GGPQKQPRLLLLV,Q,Q,4,6,V,P,246,FALSE,FALSE,-0.17998926609307958,no significant difference
SKV*DFLGWF,*,D,4,5,R,V,366,FALSE,TRUE,0.729682978671594,stronger
GGPQKHPRLLLLV,Q,H,4,6,V,P,246,FALSE,FALSE,-0.4734245828052323,no significant difference
GGPFKRPRLLLLV,F,R,4,6,V,P,246,FALSE,FALSE,-0.46446576038588905,no significant difference
GGPYKLPRLLLLV,Y,L,4,6,V,P,246,FALSE,FALSE,-0.5726693286499627,no significant difference
SKV*AFLGWF,*,A,4,5,R,V,366,FALSE,TRUE,0.7468316133984192,stronger
GGPQKPPRLLLLV,Q,P,4,6,V,P,246,FALSE,FALSE,-0.4244494451151604,no significant difference
GGPFKSPRLLLLV,F,S,4,6,V,P,246,FALSE,FALSE,-0.5342413970264112,no significant difference
GGPFKMPRLLLLV,F,M,4,6,V,P,246,FALSE,FALSE,-0.5754013442311414,no significant difference
GGPYKEPRLLLLV,Y,E,4,6,V,P,246,FALSE,TRUE,-0.1880952582174182,stronger
SKV*GFLGWF,*,G,4,5,R,V,366,FALSE,TRUE,0.7314752411410306,stronger
SGREWFKDWL,E,K,4,7,F,S,363,FALSE,TRUE,0.1930195093918455,stronger
GGPFKIPRLLLLV,F,I,4,6,V,P,246,FALSE,FALSE,-0.434303777121329,no significant difference
GGPYKDPRLLLLV,Y,D,4,6,V,P,246,FALSE,FALSE,0.02024838473166762,no significant difference
SGREWFNDWL,E,N,4,7,F,S,363,FALSE,TRUE,0.1797883882855915,stronger
GGPFKQPRLLLLV,F,Q,4,6,V,P,246,FALSE,FALSE,-0.4680933210534378,no significant difference
GGPYKAPRLLLLV,Y,A,4,6,V,P,246,FALSE,FALSE,-0.4637200139982322,no significant difference
SKV*VFLGWF,*,V,4,5,R,V,366,FALSE,TRUE,0.7782259538959885,stronger
SGREWFTDWL,E,T,4,7,F,S,363,FALSE,TRUE,0.15290049976496617,stronger
GGPQKLPRLLLLV,Q,L,4,6,V,P,246,FALSE,FALSE,-0.47841841477416663,no significant difference
GGPFKHPRLLLLV,F,H,4,6,V,P,246,FALSE,FALSE,-0.5363575815240033,no significant difference
GGPFKPPRLLLLV,F,P,4,6,V,P,246,FALSE,FALSE,-0.48836352884487283,no significant difference
GGPYKGPRLLLLV,Y,G,4,6,V,P,246,FALSE,FALSE,-0.4844652030613449,no significant difference
SKVFKFLGWF,F,K,4,5,R,V,366,FALSE,FALSE,-0.03562405122501297,no significant difference
SKV**FLGWF,*,*,4,5,R,V,366,FALSE,TRUE,0.6832785509402494,stronger
SGREWFRDWL,E,R,4,7,F,S,363,FALSE,TRUE,0.17276327154294574,stronger
GGPQKEPRLLLLV,Q,E,4,6,V,P,246,FALSE,FALSE,0.01117869623195267,no significant difference
SKVFNFLGWF,F,N,4,5,R,V,366,FALSE,TRUE,-0.1313804295967362,stronger
SKV*YFLGWF,*,Y,4,5,R,V,366,FALSE,TRUE,0.7467310709692208,stronger
SGREWFSDWL,E,S,4,7,F,S,363,FALSE,TRUE,0.2601412139836312,stronger
GGPQKDPRLLLLV,Q,D,4,6,V,P,246,FALSE,TRUE,0.07544142473160541,stronger
GGPYKVPRLLLLV,Y,V,4,6,V,P,246,FALSE,FALSE,-0.5029328264123514,no significant difference
SKVFTFLGWF,F,T,4,5,R,V,366,FALSE,FALSE,-0.1046540814949227,no significant difference
SGREWFMDWL,E,M,4,7,F,S,363,FALSE,FALSE,0.10713925184009417,no significant difference
GGPQKAPRLLLLV,Q,A,4,6,V,P,246,FALSE,FALSE,-0.17494442332566024,no significant difference
SGREWFIDWL,E,I,4,7,F,S,363,FALSE,FALSE,0.03127643900173665,no significant difference
GGPQKGPRLLLLV,Q,G,4,6,V,P,246,FALSE,FALSE,-0.26317504132020775,no significant difference
GGPFKLPRLLLLV,F,L,4,6,V,P,246,FALSE,FALSE,-0.4931228861947871,no significant difference
GGPYK*PRLLLLV,Y,*,4,6,V,P,246,FALSE,TRUE,0.5430830541249964,stronger
SKVFRFLGWF,F,R,4,5,R,V,366,FALSE,TRUE,-0.11204949169584635,stronger
SKV*WFLGWF,*,W,4,5,R,V,366,FALSE,TRUE,0.7570627579112167,stronger
SGREWFQDWL,E,Q,4,7,F,S,363,FALSE,TRUE,0.30209776423926776,stronger
GGPYKYPRLLLLV,Y,Y,4,6,V,P,246,FALSE,FALSE,-0.47379104569602987,no significant difference
SKVFSFLGWF,F,S,4,5,R,V,366,FALSE,TRUE,-0.13706466949596174,stronger
SKV*CFLGWF,*,C,4,5,R,V,366,FALSE,TRUE,0.7145254197792823,stronger
SGREWFHDWL,E,H,4,7,F,S,363,FALSE,TRUE,0.2311416790886633,stronger
GGPQKVPRLLLLV,Q,V,4,6,V,P,246,FALSE,FALSE,-0.5666108580095239,no significant difference
GGPFKEPRLLLLV,F,E,4,6,V,P,246,FALSE,FALSE,-0.43241399809423625,no significant difference
SKVFMFLGWF,F,M,4,5,R,V,366,FALSE,TRUE,-0.3743310659386927,weaker
SGREWFPDWL,E,P,4,7,F,S,363,FALSE,TRUE,0.14165532414911175,stronger
GGPFKDPRLLLLV,F,D,4,6,V,P,246,FALSE,FALSE,-0.3119835776415424,no significant difference
SKVFIFLGWF,F,I,4,5,R,V,366,FALSE,TRUE,-0.4275040612713097,weaker
SKV*FFLGWF,*,F,4,5,R,V,366,FALSE,TRUE,0.7045864412390437,stronger
GGPQK*PRLLLLV,Q,*,4,6,V,P,246,FALSE,TRUE,0.6936227110203498,stronger
GGPFKAPRLLLLV,F,A,4,6,V,P,246,FALSE,FALSE,-0.4529307464184391,no significant difference
GGPYKWPRLLLLV,Y,W,4,6,V,P,246,FALSE,FALSE,-0.3270706578820667,no significant difference
SKVFQFLGWF,F,Q,4,5,R,V,366,FALSE,FALSE,-0.055207659329421,no significant difference
SKVYKFLGWF,Y,K,4,5,R,V,366,FALSE,TRUE,-0.15010937109136183,stronger
GGPQKYPRLLLLV,Q,Y,4,6,V,P,246,FALSE,FALSE,-0.4703680065258029,no significant difference
GGPYKCPRLLLLV,Y,C,4,6,V,P,246,FALSE,FALSE,-0.4658866963265255,no significant difference
SKVFHFLGWF,F,H,4,5,R,V,366,FALSE,FALSE,-0.012849691120091329,no significant difference
SKVYNFLGWF,Y,N,4,5,R,V,366,FALSE,TRUE,-0.07809593099320648,stronger
GGPFKGPRLLLLV,F,G,4,6,V,P,246,FALSE,FALSE,-0.48770564212611867,no significant difference
SKVFPFLGWF,F,P,4,5,R,V,366,FALSE,TRUE,0.13587844225804674,stronger
SKVYTFLGWF,Y,T,4,5,R,V,366,FALSE,FALSE,-0.09810984928756275,no significant difference
SGREWFLDWL,E,L,4,7,F,S,363,FALSE,TRUE,0.1559877637986586,stronger
GGPYKFPRLLLLV,Y,F,4,6,V,P,246,FALSE,FALSE,-0.6048870227933961,no significant difference
GGPQKWPRLLLLV,Q,W,4,6,V,P,246,FALSE,FALSE,-0.3682725920359312,no significant difference
GGPFKVPRLLLLV,F,V,4,6,V,P,246,FALSE,FALSE,-0.5014783612947388,no significant difference
SKVYRFLGWF,Y,R,4,5,R,V,366,FALSE,FALSE,-0.09422738804323905,no significant difference
SGREWFEDWL,E,E,4,7,F,S,363,FALSE,TRUE,0.28624649542798786,stronger
GGPQKCPRLLLLV,Q,C,4,6,V,P,246,FALSE,FALSE,-0.35665186015644723,no significant difference
SKVFLFLGWF,F,L,4,5,R,V,366,FALSE,TRUE,-0.42123234241693214,weaker
SKVYSFLGWF,Y,S,4,5,R,V,366,FALSE,FALSE,-0.14727028996890806,no significant difference
SGREWFDDWL,E,D,4,7,F,S,363,FALSE,TRUE,0.4170877102972751,stronger
GGPFK*PRLLLLV,F,*,4,6,V,P,246,FALSE,TRUE,0.6039494737079023,stronger
SKVYMFLGWF,Y,M,4,5,R,V,366,FALSE,FALSE,-0.318659720342121,no significant difference
SGREWFADWL,E,A,4,7,F,S,363,FALSE,TRUE,0.17912760174443942,stronger
GGPQKFPRLLLLV,Q,F,4,6,V,P,246,FALSE,FALSE,-0.4538778298658708,no significant difference
GGPFKYPRLLLLV,F,Y,4,6,V,P,246,FALSE,FALSE,-0.5334433343716999,no significant difference
SKVFEFLGWF,F,E,4,5,R,V,366,FALSE,FALSE,-0.05466356415813637,no significant difference
SKVYIFLGWF,Y,I,4,5,R,V,366,FALSE,FALSE,-0.26417947494087596,no significant difference
GGPHKKPRLLLLV,H,K,4,6,V,P,246,FALSE,TRUE,-0.11146124746315504,stronger
SKVFDFLGWF,F,D,4,5,R,V,366,FALSE,TRUE,-0.00345173462303866,stronger
SKVYQFLGWF,Y,Q,4,5,R,V,366,FALSE,FALSE,-0.16941474254622135,no significant difference
SGREWFGDWL,E,G,4,7,F,S,363,FALSE,TRUE,0.29221262237284107,stronger
GGPHKNPRLLLLV,H,N,4,6,V,P,246,FALSE,FALSE,-0.25380622899886146,no significant difference
SKVFAFLGWF,F,A,4,5,R,V,366,FALSE,FALSE,-0.21796795429064472,no significant difference
SKVYHFLGWF,Y,H,4,5,R,V,366,FALSE,FALSE,-0.27879864710990615,no significant difference
GGPHKTPRLLLLV,H,T,4,6,V,P,246,FALSE,FALSE,-0.5287962741586593,no significant difference
GGPFKWPRLLLLV,F,W,4,6,V,P,246,FALSE,FALSE,-0.4939653023221031,no significant difference
SKVYPFLGWF,Y,P,4,5,R,V,366,FALSE,FALSE,-0.08366758124238262,no significant difference
SGREWFVDWL,E,V,4,7,F,S,363,FALSE,TRUE,0.1518631059060806,stronger
GGPFKCPRLLLLV,F,C,4,6,V,P,246,FALSE,FALSE,-0.49698716748433497,no significant difference
SKVFGFLGWF,F,G,4,5,R,V,366,FALSE,TRUE,-0.04198220749924739,stronger
GGPHKRPRLLLLV,H,R,4,6,V,P,246,FALSE,FALSE,-0.43202875571233246,no significant difference
SGREWF*DWL,E,*,4,7,F,S,363,FALSE,TRUE,0.3460453829792578,stronger
GGPFKFPRLLLLV,F,F,4,6,V,P,246,FALSE,FALSE,-0.5675953213620679,no significant difference
SKVFVFLGWF,F,V,4,5,R,V,366,FALSE,TRUE,-0.4419992798689142,weaker
SKVYLFLGWF,Y,L,4,5,R,V,366,FALSE,FALSE,-0.3612560712655607,no significant difference
SGREWFYDWL,E,Y,4,7,F,S,363,FALSE,TRUE,0.1287978817776927,stronger
GGPHKMPRLLLLV,H,M,4,6,V,P,246,FALSE,FALSE,-0.591147120586822,no significant difference
GGGRKPVKDYVVL,K,K,5,8,Y,V,250,FALSE,FALSE,0.21074735728203223,no significant difference
GGPHKIPRLLLLV,H,I,4,6,V,P,246,FALSE,FALSE,-0.584085862454241,no significant difference
GGGRKPVNDYVVL,K,N,5,8,Y,V,250,FALSE,FALSE,0.3917254659954976,no significant difference
SKVF*FLGWF,F,*,4,5,R,V,366,FALSE,TRUE,0.3700490207232592,stronger
SKVYEFLGWF,Y,E,4,5,R,V,366,FALSE,FALSE,0.11679894077185776,no significant difference
GGPHKQPRLLLLV,H,Q,4,6,V,P,246,FALSE,FALSE,-0.30352059669500886,no significant difference
GGGRKPVTDYVVL,K,T,5,8,Y,V,250,FALSE,FALSE,0.18056200904318437,no significant difference
SKVFYFLGWF,F,Y,4,5,R,V,366,FALSE,FALSE,-0.32821674443869586,no significant difference
SKVYDFLGWF,Y,D,4,5,R,V,366,FALSE,FALSE,0.02210236359549258,no significant difference
SGREWFWDWL,E,W,4,7,F,S,363,FALSE,TRUE,0.24700113498260168,stronger
GGPHKHPRLLLLV,H,H,4,6,V,P,246,FALSE,FALSE,-0.38249071322961087,no significant difference
SKVYAFLGWF,Y,A,4,5,R,V,366,FALSE,FALSE,-0.11226908828019339,no significant difference
SGREWFCDWL,E,C,4,7,F,S,363,FALSE,TRUE,0.10660135172867302,stronger
GGPHKPPRLLLLV,H,P,4,6,V,P,246,FALSE,FALSE,-0.2856076740259972,no significant difference
GGGRKPVRDYVVL,K,R,5,8,Y,V,250,FALSE,FALSE,0.28155963367766434,no significant difference
GGGRKPVSDYVVL,K,S,5,8,Y,V,250,FALSE,TRUE,0.32272984313402314,stronger
SKVFWFLGWF,F,W,4,5,R,V,366,FALSE,TRUE,-0.39194038666902814,weaker
SKVYGFLGWF,Y,G,4,5,R,V,366,FALSE,TRUE,-0.012705355570259674,stronger
SGREWFFDWL,E,F,4,7,F,S,363,FALSE,TRUE,0.1247504675003851,stronger
GGGRKPVMDYVVL,K,M,5,8,Y,V,250,FALSE,FALSE,0.14567167070056236,no significant difference
SKVFCFLGWF,F,C,4,5,R,V,366,FALSE,FALSE,-0.27968080598220535,no significant difference
SGRDWFKDWL,D,K,4,7,F,S,363,FALSE,TRUE,0.1935259539243538,stronger
GGGRKPVIDYVVL,K,I,5,8,Y,V,250,FALSE,FALSE,0.17658532784065356,no significant difference
SKVYVFLGWF,Y,V,4,5,R,V,366,FALSE,FALSE,-0.32380270253760524,no significant difference
SGRDWFNDWL,D,N,4,7,F,S,363,FALSE,TRUE,0.21079854443952395,stronger
GGGRKPVQDYVVL,K,Q,5,8,Y,V,250,FALSE,TRUE,0.40952610601393025,stronger
SKVFFFLGWF,F,F,4,5,R,V,366,FALSE,TRUE,-0.477259619610212,weaker
SGRDWFTDWL,D,T,4,7,F,S,363,FALSE,TRUE,0.11260737219192757,stronger
GGGRKPVHDYVVL,K,H,5,8,Y,V,250,FALSE,FALSE,0.19234002657352903,no significant difference
SGRKWFKDWL,K,K,4,7,F,S,363,FALSE,FALSE,-0.08975841336682669,no significant difference
SKVY*FLGWF,Y,*,4,5,R,V,366,FALSE,TRUE,0.5238438815159359,stronger
GGPHKEPRLLLLV,H,E,4,6,V,P,246,FALSE,TRUE,-0.07635518439652977,stronger
SGRKWFNDWL,K,N,4,7,F,S,363,FALSE,FALSE,-0.03947611264080902,no significant difference
SKVYYFLGWF,Y,Y,4,5,R,V,366,FALSE,TRUE,-0.33297839363212495,weaker
SGRDWFRDWL,D,R,4,7,F,S,363,FALSE,TRUE,0.10703822602741413,stronger
GGPHKDPRLLLLV,H,D,4,6,V,P,246,FALSE,FALSE,-0.04646684929260851,no significant difference
SGRKWFTDWL,K,T,4,7,F,S,363,FALSE,FALSE,0.02462766895810777,no significant difference
SGRDWFSDWL,D,S,4,7,F,S,363,FALSE,TRUE,0.2134230230533509,stronger
GGPHKAPRLLLLV,H,A,4,6,V,P,246,FALSE,FALSE,-0.3996791733095998,no significant difference
GGGRKPVLDYVVL,K,L,5,8,Y,V,250,FALSE,FALSE,0.19603221354571,no significant difference
SGRDWFMDWL,D,M,4,7,F,S,363,FALSE,FALSE,0.0850644716646508,no significant difference
SGRKWFRDWL,K,R,4,7,F,S,363,FALSE,FALSE,-0.11188181952486376,no significant difference
SKVYWFLGWF,Y,W,4,5,R,V,366,FALSE,FALSE,-0.40398761724663634,no significant difference
SGRDWFIDWL,D,I,4,7,F,S,363,FALSE,FALSE,0.08096035463985411,no significant difference
GGPHKGPRLLLLV,H,G,4,6,V,P,246,FALSE,FALSE,-0.3609775823637957,no significant difference
GGGRKPVEDYVVL,K,E,5,8,Y,V,250,FALSE,FALSE,0.39019217440982806,no significant difference
SGRKWFSDWL,K,S,4,7,F,S,363,FALSE,TRUE,0.0267287614625951,stronger
SKVYCFLGWF,Y,C,4,5,R,V,366,FALSE,FALSE,-0.3008572183164728,no significant difference
SGRDWFQDWL,D,Q,4,7,F,S,363,FALSE,TRUE,0.1329466232801649,stronger
GGGRKPVDDYVVL,K,D,5,8,Y,V,250,FALSE,FALSE,0.5377172626705968,no significant difference
SGRKWFMDWL,K,M,4,7,F,S,363,FALSE,FALSE,-0.06024452807180099,no significant difference
SGRDWFHDWL,D,H,4,7,F,S,363,FALSE,TRUE,0.113946170715504,stronger
SGRPWFADWL,P,A,4,7,F,S,363,FALSE,TRUE,0.17767694213010188,stronger
GGGRKPVADYVVL,K,A,5,8,Y,V,250,FALSE,TRUE,0.3369996299608413,stronger
SGRSWFCDWL,S,C,4,7,F,S,363,FALSE,FALSE,-0.02820256067513121,no significant difference
SGRKWFIDWL,K,I,4,7,F,S,363,FALSE,FALSE,0.04337859176820777,no significant difference
SKVYFFLGWF,Y,F,4,5,R,V,366,FALSE,FALSE,-0.3906228205916305,no significant difference
SGRDWFPDWL,D,P,4,7,F,S,363,FALSE,TRUE,0.07159765717165889,stronger
SGRPWFGDWL,P,G,4,7,F,S,363,FALSE,TRUE,0.15941445755769754,stronger
SGRSWFLDWL,S,L,4,7,F,S,363,FALSE,FALSE,-0.01418491062019766,no significant difference
SGRKWFQDWL,K,Q,4,7,F,S,363,FALSE,TRUE,0.11363547730788322,stronger
GGGRKPVGDYVVL,K,G,5,8,Y,V,250,FALSE,TRUE,0.4061744094176558,stronger
SGRSWFFDWL,S,F,4,7,F,S,363,FALSE,FALSE,-0.02742225159912635,no significant difference
SGRKWFHDWL,K,H,4,7,F,S,363,FALSE,FALSE,0.03291349766636409,no significant difference
SGRPWFVDWL,P,V,4,7,F,S,363,FALSE,TRUE,0.07033922897360037,stronger
SGRMWFKDWL,M,K,4,7,F,S,363,FALSE,FALSE,0.08208476418415052,no significant difference
SGRKWFPDWL,K,P,4,7,F,S,363,FALSE,FALSE,-0.037911221725750226,no significant difference
GGGRKPVVDYVVL,K,V,5,8,Y,V,250,FALSE,TRUE,0.2817230201346296,stronger
SGRMWFNDWL,M,N,4,7,F,S,363,FALSE,TRUE,0.16123448267847296,stronger
SGRDWFLDWL,D,L,4,7,F,S,363,FALSE,TRUE,0.11033192975040312,stronger
SGRPWF*DWL,P,*,4,7,F,S,363,FALSE,TRUE,0.310628014146331,stronger
SGRMWFTDWL,M,T,4,7,F,S,363,FALSE,TRUE,0.061080743225615165,stronger
SGRPWFYDWL,P,Y,4,7,F,S,363,FALSE,TRUE,0.11978858844330212,stronger
GGGRKPV*DYVVL,K,*,5,8,Y,V,250,FALSE,TRUE,0.6012020372613994,stronger
SGRDWFEDWL,D,E,4,7,F,S,363,FALSE,TRUE,0.218461615859718,stronger
SGRPWFSDWL,P,S,4,7,F,S,363,FALSE,TRUE,0.07985777666810702,stronger
GGGRKPVYDYVVL,K,Y,5,8,Y,V,250,FALSE,FALSE,0.2734067046406483,no significant difference
SGRMWFRDWL,M,R,4,7,F,S,363,FALSE,FALSE,-5.53411817411988e-4,no significant difference
SGRKWFLDWL,K,L,4,7,F,S,363,FALSE,FALSE,-0.0960962328239525,no significant difference
SGRDWFDDWL,D,D,4,7,F,S,363,FALSE,TRUE,0.24745868623031492,stronger
SGRMWFSDWL,M,S,4,7,F,S,363,FALSE,FALSE,-0.06048194219577939,no significant difference
SGRDWFADWL,D,A,4,7,F,S,363,FALSE,TRUE,0.17197298464638977,stronger
SGRPWFWDWL,P,W,4,7,F,S,363,FALSE,TRUE,0.23454419229518858,stronger
SGRMWFMDWL,M,M,4,7,F,S,363,FALSE,TRUE,0.13969659596648926,stronger
SGRKWFEDWL,K,E,4,7,F,S,363,FALSE,TRUE,0.12829137879825925,stronger
SGRPWFCDWL,P,C,4,7,F,S,363,FALSE,TRUE,0.0035928614742278854,stronger
GGGRKPVWDYVVL,K,W,5,8,Y,V,250,FALSE,FALSE,0.08208476418415052,no significant difference
SGRMWFIDWL,M,I,4,7,F,S,363,FALSE,FALSE,-0.08608419542270128,no significant difference
SGRKWFDDWL,K,D,4,7,F,S,363,FALSE,TRUE,0.08659439544067642,stronger
SGRDWFGDWL,D,G,4,7,F,S,363,FALSE,TRUE,0.1485396021724357,stronger
SGRPWFLDWL,P,L,4,7,F,S,363,FALSE,TRUE,0.07981242840413172,stronger
GGGRKPVCDYVVL,K,C,5,8,Y,V,250,FALSE,FALSE,0.324851561235654,no significant difference
SGRMWFQDWL,M,Q,4,7,F,S,363,FALSE,TRUE,0.18099884624603765,stronger
SGRKWFADWL,K,A,4,7,F,S,363,FALSE,TRUE,0.09524876399654203,stronger
SGRPWFFDWL,P,F,4,7,F,S,363,FALSE,TRUE,0.17864808534097154,stronger
SGRMWFHDWL,M,H,4,7,F,S,363,FALSE,FALSE,0.11355706278469845,no significant difference
SGRDWFVDWL,D,V,4,7,F,S,363,FALSE,TRUE,0.12848315246879533,stronger
SGRRWFKDWL,R,K,4,7,F,S,363,FALSE,FALSE,-0.0232885642939629,no significant difference
GGGRKPVFDYVVL,K,F,5,8,Y,V,250,FALSE,FALSE,0.04211143301778114,no significant difference
SGRMWFPDWL,M,P,4,7,F,S,363,FALSE,FALSE,0.020917996222278645,no significant difference
SGRKWFGDWL,K,G,4,7,F,S,363,FALSE,TRUE,0.06365913711279966,stronger
SGRRWFNDWL,R,N,4,7,F,S,363,FALSE,FALSE,-0.03736132773747423,no significant difference
GGGRNPVKDYVVL,N,K,5,8,Y,V,250,FALSE,TRUE,0.3406404029589985,stronger
SGRDWF*DWL,D,*,4,7,F,S,363,FALSE,TRUE,0.33979034804912106,stronger
SGRRWFTDWL,R,T,4,7,F,S,363,FALSE,FALSE,-0.0297650947208466,no significant difference
GGGRNPVNDYVVL,N,N,5,8,Y,V,250,FALSE,FALSE,0.2864836778637957,no significant difference
SGRKWFVDWL,K,V,4,7,F,S,363,FALSE,FALSE,-0.08746310964599176,no significant difference
SGRDWFYDWL,D,Y,4,7,F,S,363,FALSE,FALSE,0.02469110288911725,no significant difference
GGGRNPVTDYVVL,N,T,5,8,Y,V,250,FALSE,FALSE,0.2604594082373636,no significant difference
SGRRWFRDWL,R,R,4,7,F,S,363,FALSE,FALSE,-0.14353438576124788,no significant difference
SGRMWFLDWL,M,L,4,7,F,S,363,FALSE,TRUE,0.08377106668271463,stronger
SGRKWF*DWL,K,*,4,7,F,S,363,FALSE,TRUE,0.40721270525617465,stronger
SGRRWFSDWL,R,S,4,7,F,S,363,FALSE,FALSE,-0.00977460775014672,no significant difference
GGGRNPVRDYVVL,N,R,5,8,Y,V,250,FALSE,TRUE,0.3389036623582481,stronger
SGRKWFYDWL,K,Y,4,7,F,S,363,FALSE,FALSE,-0.09734027059302593,no significant difference
SGRDWFWDWL,D,W,4,7,F,S,363,FALSE,TRUE,0.15356677077876227,stronger
SGRRWFMDWL,R,M,4,7,F,S,363,FALSE,FALSE,-0.02292694755123932,no significant difference
GGGRNPVSDYVVL,N,S,5,8,Y,V,250,FALSE,TRUE,0.3470633096491663,stronger
SGRMWFEDWL,M,E,4,7,F,S,363,FALSE,TRUE,0.24773622940189824,stronger
SGRDWFCDWL,D,C,4,7,F,S,363,FALSE,TRUE,0.1513424905232683,stronger
SGRRWFIDWL,R,I,4,7,F,S,363,FALSE,FALSE,-0.12833369692699437,no significant difference
GGGRNPVMDYVVL,N,M,5,8,Y,V,250,FALSE,FALSE,0.2587123365607801,no significant difference
SGRMWFDDWL,M,D,4,7,F,S,363,FALSE,TRUE,0.18918413093552305,stronger
SGRRWFQDWL,R,Q,4,7,F,S,363,FALSE,FALSE,-0.0244940017162668,no significant difference
GGGRNPVIDYVVL,N,I,5,8,Y,V,250,FALSE,FALSE,0.3104708209297877,no significant difference
SGRMWFADWL,M,A,4,7,F,S,363,FALSE,TRUE,0.07488665165368574,stronger
SGRKWFWDWL,K,W,4,7,F,S,363,FALSE,TRUE,0.05729854464550008,stronger
SGRDWFFDWL,D,F,4,7,F,S,363,FALSE,FALSE,0.02170416035460503,no significant difference
SGRRWFHDWL,R,H,4,7,F,S,363,FALSE,FALSE,-0.0033738151618536,no significant difference
GGGRNPVQDYVVL,N,Q,5,8,Y,V,250,FALSE,FALSE,0.29512801714269066,no significant difference
SGRKWFCDWL,K,C,4,7,F,S,363,FALSE,FALSE,-0.07761598591026209,no significant difference
SGRAWFKDWL,A,K,4,7,F,S,363,FALSE,TRUE,0.09988621194981276,stronger
SGRRWFPDWL,R,P,4,7,F,S,363,FALSE,FALSE,-0.00423796188117176,no significant difference
GGGRNPVHDYVVL,N,H,5,8,Y,V,250,FALSE,FALSE,0.42428565293648346,no significant difference
SGRMWFGDWL,M,G,4,7,F,S,363,FALSE,TRUE,0.12410713508566287,stronger
SGRAWFNDWL,A,N,4,7,F,S,363,FALSE,TRUE,0.09389295016787912,stronger
SGRKWFFDWL,K,F,4,7,F,S,363,FALSE,FALSE,-0.00452448167427799,no significant difference
SGRAWFTDWL,A,T,4,7,F,S,363,FALSE,TRUE,0.15239915508806773,stronger
SGRMWFVDWL,M,V,4,7,F,S,363,FALSE,FALSE,0.049420527367007465,no significant difference
SGRNWFKDWL,N,K,4,7,F,S,363,FALSE,FALSE,-0.01825099823302131,no significant difference
GGGRNPVLDYVVL,N,L,5,8,Y,V,250,FALSE,FALSE,0.17628088927918523,no significant difference
SGRNWFNDWL,N,N,4,7,F,S,363,FALSE,FALSE,-0.00136929794311766,no significant difference
SGRAWFRDWL,A,R,4,7,F,S,363,FALSE,TRUE,0.09433194969003053,stronger
SGRRWFLDWL,R,L,4,7,F,S,363,FALSE,FALSE,-0.15200691433179314,no significant difference
SGRMWF*DWL,M,*,4,7,F,S,363,FALSE,TRUE,0.2568292411415837,stronger
SGRNWFTDWL,N,T,4,7,F,S,363,FALSE,FALSE,-0.03827894134969462,no significant difference
SGRAWFSDWL,A,S,4,7,F,S,363,FALSE,TRUE,0.13141809032954677,stronger
GGGRNPVEDYVVL,N,E,5,8,Y,V,250,FALSE,TRUE,0.33860991771380944,stronger
SGRMWFYDWL,M,Y,4,7,F,S,363,FALSE,FALSE,0.15816727961171564,no significant difference
SGRAWFMDWL,A,M,4,7,F,S,363,FALSE,TRUE,0.30552010454638634,stronger
SGRRWFEDWL,R,E,4,7,F,S,363,FALSE,TRUE,0.0900752090405334,stronger
GGGRNPVDDYVVL,N,D,5,8,Y,V,250,FALSE,FALSE,0.4561897858857682,no significant difference
SGRNWFRDWL,N,R,4,7,F,S,363,FALSE,FALSE,-0.04241235999468758,no significant difference
SGRAWFIDWL,A,I,4,7,F,S,363,FALSE,TRUE,0.1392544922164275,stronger
SGRRWFDDWL,R,D,4,7,F,S,363,FALSE,TRUE,0.08751660737116881,stronger
GGGRNPVADYVVL,N,A,5,8,Y,V,250,FALSE,FALSE,0.2101100000168576,no significant difference
SGRNWFSDWL,N,S,4,7,F,S,363,FALSE,TRUE,0.07332125177258537,stronger
SGRAWFQDWL,A,Q,4,7,F,S,363,FALSE,TRUE,0.18495045389106052,stronger
SGRRWFADWL,R,A,4,7,F,S,363,FALSE,FALSE,0.00917738578194866,no significant difference
GGGRNPVGDYVVL,N,G,5,8,Y,V,250,FALSE,TRUE,0.39286048216458463,stronger
SGRMWFWDWL,M,W,4,7,F,S,363,FALSE,TRUE,0.09363631824378102,stronger
SGRNWFMDWL,N,M,4,7,F,S,363,FALSE,FALSE,-0.07501031035672254,no significant difference
SGRAWFHDWL,A,H,4,7,F,S,363,FALSE,TRUE,0.09490875354925757,stronger
SGRMWFCDWL,M,C,4,7,F,S,363,FALSE,FALSE,-0.04580669581679737,no significant difference
SGRNWFIDWL,N,I,4,7,F,S,363,FALSE,FALSE,-0.0860884322386942,no significant difference
SGRAWFPDWL,A,P,4,7,F,S,363,FALSE,TRUE,0.07890499904276528,stronger
SGRRWFGDWL,R,G,4,7,F,S,363,FALSE,TRUE,0.02940523550710041,stronger
GGGRNPVVDYVVL,N,V,5,8,Y,V,250,FALSE,FALSE,0.23892724078683364,no significant difference
SGRNWFQDWL,N,Q,4,7,F,S,363,FALSE,FALSE,-0.05693943283068495,no significant difference
SGRMWFFDWL,M,F,4,7,F,S,363,FALSE,FALSE,-0.02571182329163492,no significant difference
SGRNWFHDWL,N,H,4,7,F,S,363,FALSE,FALSE,0.04474964369256776,no significant difference
SGRRWFVDWL,R,V,4,7,F,S,363,FALSE,FALSE,-0.059031190946133044,no significant difference
GGGRNPV*DYVVL,N,*,5,8,Y,V,250,FALSE,TRUE,0.7167402038837293,stronger
SGRIWFKDWL,I,K,4,7,F,S,363,FALSE,FALSE,-0.15244255156488892,no significant difference
SGRNWFPDWL,N,P,4,7,F,S,363,FALSE,TRUE,0.128179188812025,stronger
GGGRNPVYDYVVL,N,Y,5,8,Y,V,250,FALSE,FALSE,0.18221855646343535,no significant difference
SGRIWFNDWL,I,N,4,7,F,S,363,FALSE,FALSE,-0.08283999058372618,no significant difference
SGRAWFLDWL,A,L,4,7,F,S,363,FALSE,TRUE,0.2502964329714798,stronger
SGRRWF*DWL,R,*,4,7,F,S,363,FALSE,TRUE,0.1779790663764176,stronger
SGRIWFTDWL,I,T,4,7,F,S,363,FALSE,FALSE,-0.14979440655656953,no significant difference
SGRRWFYDWL,R,Y,4,7,F,S,363,FALSE,FALSE,-0.04471442147115164,no significant difference
SGRAWFEDWL,A,E,4,7,F,S,363,FALSE,TRUE,0.25654593671628695,stronger
GGGRNPVWDYVVL,N,W,5,8,Y,V,250,FALSE,FALSE,0.08502889350550293,no significant difference
SGRIWFRDWL,I,R,4,7,F,S,363,FALSE,FALSE,-0.13986232847771066,no significant difference
SGRNWFLDWL,N,L,4,7,F,S,363,FALSE,FALSE,-0.03531368485236858,no significant difference
SGRAWFDDWL,A,D,4,7,F,S,363,FALSE,TRUE,0.1905679720248875,stronger
GGGRNPVCDYVVL,N,C,5,8,Y,V,250,FALSE,FALSE,0.3034140955805747,no significant difference
SGRIWFSDWL,I,S,4,7,F,S,363,FALSE,FALSE,-0.10304068211097268,no significant difference
SGRAWFADWL,A,A,4,7,F,S,363,FALSE,TRUE,0.20094109365070378,stronger
SGRRWFWDWL,R,W,4,7,F,S,363,FALSE,FALSE,-0.0536543449634515,no significant difference
SGRIWFMDWL,I,M,4,7,F,S,363,FALSE,FALSE,-0.20970407226886376,no significant difference
SGRNWFEDWL,N,E,4,7,F,S,363,FALSE,TRUE,0.10988141976319785,stronger
SGRRWFCDWL,R,C,4,7,F,S,363,FALSE,FALSE,-0.03236847263373141,no significant difference
GGGRNPVFDYVVL,N,F,5,8,Y,V,250,FALSE,FALSE,0.15083769940981726,no significant difference
SGRIWFIDWL,I,I,4,7,F,S,363,FALSE,FALSE,-0.21113574756252557,no significant difference
SGRNWFDDWL,N,D,4,7,F,S,363,FALSE,TRUE,0.16478011793629505,stronger
SGRAWFGDWL,A,G,4,7,F,S,363,FALSE,TRUE,0.1746129798342555,stronger
GGGRTPVKDYVVL,T,K,5,8,Y,V,250,FALSE,FALSE,0.23988209553267337,no significant difference
SGRIWFQDWL,I,Q,4,7,F,S,363,FALSE,FALSE,0.02289707102718225,no significant difference
SGRNWFADWL,N,A,4,7,F,S,363,FALSE,TRUE,0.014108280194411491,stronger
SGRRWFFDWL,R,F,4,7,F,S,363,FALSE,FALSE,-0.09039316437400988,no significant difference
GGGRTPVRDYVVL,T,R,5,8,Y,V,250,FALSE,TRUE,0.3696417285149257,stronger
SGRIWFHDWL,I,H,4,7,F,S,363,FALSE,FALSE,-0.10550585261339196,no significant difference
SGRAWFVDWL,A,V,4,7,F,S,363,FALSE,TRUE,0.08147783418960625,stronger
GGGRTPVSDYVVL,T,S,5,8,Y,V,250,FALSE,TRUE,0.33622847571699216,stronger
SGRIWFPDWL,I,P,4,7,F,S,363,FALSE,FALSE,-0.050517249064081546,no significant difference
SGRNWFGDWL,N,G,4,7,F,S,363,FALSE,TRUE,0.029748393070205475,stronger
GGGRTPVMDYVVL,T,M,5,8,Y,V,250,FALSE,FALSE,0.3093254824958351,no significant difference
SGRAWF*DWL,A,*,4,7,F,S,363,FALSE,TRUE,0.33275783469690456,stronger
GGGRTPVIDYVVL,T,I,5,8,Y,V,250,FALSE,FALSE,0.20862076661757312,no significant difference
SGRNWFVDWL,N,V,4,7,F,S,363,FALSE,FALSE,-0.08737957946491653,no significant difference
SGRAWFYDWL,A,Y,4,7,F,S,363,FALSE,TRUE,0.08738628433337536,stronger
GGGRTPVHDYVVL,T,H,5,8,Y,V,250,FALSE,TRUE,0.3822470115364709,stronger
SGRIWFLDWL,I,L,4,7,F,S,363,FALSE,FALSE,-0.17848771005682942,no significant difference
SGRNWF*DWL,N,*,4,7,F,S,363,FALSE,TRUE,0.2835546821582599,stronger
SGRNWFYDWL,N,Y,4,7,F,S,363,FALSE,FALSE,-0.09738693566991127,no significant difference
SGRAWFWDWL,A,W,4,7,F,S,363,FALSE,TRUE,0.11729432919601124,stronger
GGGRTPVLDYVVL,T,L,5,8,Y,V,250,FALSE,FALSE,0.22038054353949293,no significant difference
SGRIWFEDWL,I,E,4,7,F,S,363,FALSE,FALSE,0.04189589992687865,no significant difference
SKVWKFLGWF,W,K,4,5,R,V,366,FALSE,TRUE,0.1466578484272881,stronger
SGRAWFCDWL,A,C,4,7,F,S,363,FALSE,TRUE,0.11681914575618227,stronger
GGGRTPVEDYVVL,T,E,5,8,Y,V,250,FALSE,TRUE,0.47329462484829915,stronger
SGRIWFDDWL,I,D,4,7,F,S,363,FALSE,FALSE,0.00152501103952738,no significant difference
SKVWNFLGWF,W,N,4,5,R,V,366,FALSE,TRUE,0.03844613949575016,stronger
GGGRTPVDDYVVL,T,D,5,8,Y,V,250,FALSE,TRUE,0.427406998224965,stronger
SGRIWFADWL,I,A,4,7,F,S,363,FALSE,FALSE,-0.06294772197427888,no significant difference
SGRNWFWDWL,N,W,4,7,F,S,363,FALSE,FALSE,-0.08465571420250127,no significant difference
SKVWTFLGWF,W,T,4,5,R,V,366,FALSE,TRUE,0.08176978951774003,stronger
SGRAWFFDWL,A,F,4,7,F,S,363,FALSE,TRUE,0.05454854457736348,stronger
GGGRTPVADYVVL,T,A,5,8,Y,V,250,FALSE,FALSE,0.37017042020249924,no significant difference
SGRNWFCDWL,N,C,4,7,F,S,363,FALSE,FALSE,-0.02958412048560443,no significant difference
GGGRTPVGDYVVL,T,G,5,8,Y,V,250,FALSE,TRUE,0.38023238015424343,stronger
SGRIWFGDWL,I,G,4,7,F,S,363,FALSE,FALSE,-0.01798626296455254,no significant difference
SKVWRFLGWF,W,R,4,5,R,V,366,FALSE,TRUE,0.03617129369499893,stronger
SGRNWFFDWL,N,F,4,7,F,S,363,FALSE,FALSE,-0.03898521083122257,no significant difference
SKVWSFLGWF,W,S,4,5,R,V,366,FALSE,TRUE,0.00791385700948353,stronger
GGGRTPVVDYVVL,T,V,5,8,Y,V,250,FALSE,FALSE,0.29544045992637985,no significant difference
SGRIWFVDWL,I,V,4,7,F,S,363,FALSE,FALSE,-0.13617520005208555,no significant difference
SGRTWFKDWL,T,K,4,7,F,S,363,FALSE,TRUE,0.18998624966336086,stronger
SKVWMFLGWF,W,M,4,5,R,V,366,FALSE,FALSE,-0.13532815835599696,no significant difference
SGRTWFNDWL,T,N,4,7,F,S,363,FALSE,TRUE,0.1162562907408088,stronger
SKVWIFLGWF,W,I,4,5,R,V,366,FALSE,TRUE,-0.3629903104151238,weaker
GGGRTPV*DYVVL,T,*,5,8,Y,V,250,FALSE,TRUE,0.6210835285699489,stronger
SGRIWF*DWL,I,*,4,7,F,S,363,FALSE,TRUE,0.2346965282604227,stronger
SGRTWFTDWL,T,T,4,7,F,S,363,FALSE,TRUE,0.11057081182206338,stronger
SKVWQFLGWF,W,Q,4,5,R,V,366,FALSE,FALSE,0.08409608082255453,no significant difference
GGGRTPVYDYVVL,T,Y,5,8,Y,V,250,FALSE,FALSE,0.2517522342567023,no significant difference
SGRIWFYDWL,I,Y,4,7,F,S,363,FALSE,FALSE,-0.16961830485820628,no significant difference
SKVWHFLGWF,W,H,4,5,R,V,366,FALSE,FALSE,-0.02024770627705903,no significant difference
SGRTWFRDWL,T,R,4,7,F,S,363,FALSE,TRUE,0.046784177307806,stronger
SKVWPFLGWF,W,P,4,5,R,V,366,FALSE,TRUE,0.05292329492068303,stronger
SGRTWFSDWL,T,S,4,7,F,S,363,FALSE,TRUE,0.07676998761770186,stronger
GGGRTPVWDYVVL,T,W,5,8,Y,V,250,FALSE,FALSE,0.16293980106067138,no significant difference
SGRIWFWDWL,I,W,4,7,F,S,363,FALSE,FALSE,-0.18147250222148928,no significant difference
SGRTWFMDWL,T,M,4,7,F,S,363,FALSE,TRUE,0.05847618454074317,stronger
GGGRTPVCDYVVL,T,C,5,8,Y,V,250,FALSE,FALSE,0.2763868565568679,no significant difference
SGRIWFCDWL,I,C,4,7,F,S,363,FALSE,FALSE,-0.2730692931408594,no significant difference
SGRTWFIDWL,T,I,4,7,F,S,363,FALSE,FALSE,-0.014087996959162827,no significant difference
SKVWLFLGWF,W,L,4,5,R,V,366,FALSE,FALSE,-0.35556145738101513,no significant difference
SGRTWFQDWL,T,Q,4,7,F,S,363,FALSE,FALSE,0.09625546084010461,no significant difference
GGGRTPVFDYVVL,T,F,5,8,Y,V,250,FALSE,FALSE,0.09955971095233387,no significant difference
SGRIWFFDWL,I,F,4,7,F,S,363,FALSE,FALSE,-0.3311165937903388,no significant difference
SGRTWFHDWL,T,H,4,7,F,S,363,FALSE,TRUE,0.1316418584552929,stronger
SKVWEFLGWF,W,E,4,5,R,V,366,FALSE,TRUE,0.2103859712240761,stronger
SGRQWFKDWL,Q,K,4,7,F,S,363,FALSE,TRUE,0.12172840915632596,stronger
SGRTWFPDWL,T,P,4,7,F,S,363,FALSE,TRUE,0.19964334668045408,stronger
SKVWDFLGWF,W,D,4,5,R,V,366,FALSE,TRUE,0.14444416570368196,stronger
GGGRTPVNDYVVL,T,N,5,8,Y,V,250,FALSE,FALSE,0.4146289006337837,no significant difference
SGRQWFNDWL,Q,N,4,7,F,S,363,FALSE,FALSE,0.10765161393929716,no significant difference
SKVWAFLGWF,W,A,4,5,R,V,366,FALSE,TRUE,-0.06673665383803264,stronger
GGGRTPVTDYVVL,T,T,5,8,Y,V,250,FALSE,TRUE,0.28514686614416956,stronger
SGRQWFTDWL,Q,T,4,7,F,S,363,FALSE,TRUE,0.04061377705393775,stronger
SKVWGFLGWF,W,G,4,5,R,V,366,FALSE,FALSE,-0.018069449153498028,no significant difference
SGRQWFRDWL,Q,R,4,7,F,S,363,FALSE,TRUE,-0.00930867013268083,stronger
SGRTWFLDWL,T,L,4,7,F,S,363,FALSE,TRUE,0.027393944266033955,stronger
SGRQWFSDWL,Q,S,4,7,F,S,363,FALSE,TRUE,0.12975128563659655,stronger
SKVWVFLGWF,W,V,4,5,R,V,366,FALSE,FALSE,-0.2829274681408831,no significant difference
SGRQWFMDWL,Q,M,4,7,F,S,363,FALSE,FALSE,0.05926491251760741,no significant difference
SGRTWFEDWL,T,E,4,7,F,S,363,FALSE,TRUE,0.13351571679032082,stronger
SGRQWFIDWL,Q,I,4,7,F,S,363,FALSE,FALSE,0.09541698413160972,no significant difference
SGRTWFDDWL,T,D,4,7,F,S,363,FALSE,TRUE,0.16620684133717795,stronger
SKVW*FLGWF,W,*,4,5,R,V,366,FALSE,TRUE,0.5520627451363551,stronger
SGRQWFQDWL,Q,Q,4,7,F,S,363,FALSE,TRUE,0.101359290219531,stronger
SGRTWFADWL,T,A,4,7,F,S,363,FALSE,TRUE,0.07025979568719377,stronger
SKVWYFLGWF,W,Y,4,5,R,V,366,FALSE,FALSE,-0.3267305132326811,no significant difference
SGRQWFHDWL,Q,H,4,7,F,S,363,FALSE,TRUE,0.02143566999488437,stronger
SGRQWFPDWL,Q,P,4,7,F,S,363,FALSE,TRUE,0.04552490663626682,stronger
SGRTWFGDWL,T,G,4,7,F,S,363,FALSE,TRUE,0.17823547054562194,stronger
SKVWWFLGWF,W,W,4,5,R,V,366,FALSE,FALSE,-0.3024088015814293,no significant difference
SGRTWFVDWL,T,V,4,7,F,S,363,FALSE,FALSE,0.02344789286615229,no significant difference
SKVWCFLGWF,W,C,4,5,R,V,366,FALSE,FALSE,-0.184167301385423,no significant difference
SGRQWFLDWL,Q,L,4,7,F,S,363,FALSE,TRUE,0.00996678578120133,stronger
SGRTWF*DWL,T,*,4,7,F,S,363,FALSE,TRUE,0.31511120045966,stronger
SKVWFFLGWF,W,F,4,5,R,V,366,FALSE,FALSE,-0.26632582029769586,no significant difference
SGRTWFYDWL,T,Y,4,7,F,S,363,FALSE,FALSE,0.01334049158377878,no significant difference
SKVCKFLGWF,C,K,4,5,R,V,366,FALSE,TRUE,0.10755988745180112,stronger
SGRQWFEDWL,Q,E,4,7,F,S,363,FALSE,TRUE,0.19940188496125105,stronger
SKVCNFLGWF,C,N,4,5,R,V,366,FALSE,TRUE,0.01207837227409782,stronger
SGRQWFDDWL,Q,D,4,7,F,S,363,FALSE,TRUE,0.26465238187854556,stronger
SKVCTFLGWF,C,T,4,5,R,V,366,FALSE,TRUE,0.058954697509577894,stronger
SGRQWFADWL,Q,A,4,7,F,S,363,FALSE,TRUE,0.13883746368735717,stronger
SGRTWFWDWL,T,W,4,7,F,S,363,FALSE,FALSE,0.020346412947162697,no significant difference
SGRTWFCDWL,T,C,4,7,F,S,363,FALSE,TRUE,0.05206804129133112,stronger
SKVCRFLGWF,C,R,4,5,R,V,366,FALSE,TRUE,-0.03138127160063948,stronger
SGRGWFKDWL,G,K,4,7,F,S,363,FALSE,TRUE,0.10417912247885433,stronger
SGRQWFGDWL,Q,G,4,7,F,S,363,FALSE,TRUE,0.12437748434176929,stronger
SGRGWFNDWL,G,N,4,7,F,S,363,FALSE,TRUE,0.11490521489725683,stronger
SGRTWFFDWL,T,F,4,7,F,S,363,FALSE,FALSE,-0.06800760611155016,no significant difference
SKVCMFLGWF,C,M,4,5,R,V,366,FALSE,FALSE,-0.18480639218729877,no significant difference
SGRGWFTDWL,G,T,4,7,F,S,363,FALSE,TRUE,0.05687083555691279,stronger
SGRQWFVDWL,Q,V,4,7,F,S,363,FALSE,TRUE,0.09981572117594785,stronger
SKVCIFLGWF,C,I,4,5,R,V,366,FALSE,FALSE,-0.4074604019779667,no significant difference
SKVCQFLGWF,C,Q,4,5,R,V,366,FALSE,TRUE,0.05966219302829776,stronger
SGRGWFRDWL,G,R,4,7,F,S,363,FALSE,TRUE,0.0377805164636092,stronger
SGRQWF*DWL,Q,*,4,7,F,S,363,FALSE,TRUE,0.30378653416852536,stronger
SKVCHFLGWF,C,H,4,5,R,V,366,FALSE,FALSE,-0.11415483871960054,no significant difference
SGRGWFSDWL,G,S,4,7,F,S,363,FALSE,TRUE,0.09785985892467738,stronger
SGRQWFYDWL,Q,Y,4,7,F,S,363,FALSE,FALSE,-0.0468128962163312,no significant difference
SGRGWFMDWL,G,M,4,7,F,S,363,FALSE,FALSE,0.08543415737044077,no significant difference
GGGRRPVKDYVVL,R,K,5,8,Y,V,250,FALSE,FALSE,0.26443741741171173,no significant difference
SGRGWFIDWL,G,I,4,7,F,S,363,FALSE,FALSE,0.07812115796268665,no significant difference
GGGRRPVNDYVVL,R,N,5,8,Y,V,250,FALSE,TRUE,0.2727792963074103,stronger
SGRGWFQDWL,G,Q,4,7,F,S,363,FALSE,TRUE,0.12391507258234538,stronger
GGGRRPVTDYVVL,R,T,5,8,Y,V,250,FALSE,FALSE,0.23291139094608448,no significant difference
SGRQWFWDWL,Q,W,4,7,F,S,363,FALSE,FALSE,0.01103735044738534,no significant difference
SGRGWFHDWL,G,H,4,7,F,S,363,FALSE,FALSE,0.08549219292789703,no significant difference
SGRQWFCDWL,Q,C,4,7,F,S,363,FALSE,TRUE,0.10300540544685514,stronger
SKVCEFLGWF,C,E,4,5,R,V,366,FALSE,TRUE,0.10095594661631188,stronger
SGRGWFPDWL,G,P,4,7,F,S,363,FALSE,TRUE,0.05810596905107624,stronger
GGGRRPVRDYVVL,R,R,5,8,Y,V,250,FALSE,FALSE,0.22857380301930952,no significant difference
SKVCDFLGWF,C,D,4,5,R,V,366,FALSE,TRUE,0.0999176894711538,stronger
GGGRRPVSDYVVL,R,S,5,8,Y,V,250,FALSE,TRUE,0.27419782762514067,stronger
SGRQWFFDWL,Q,F,4,7,F,S,363,FALSE,FALSE,-0.04304631681169531,no significant difference
SKVCAFLGWF,C,A,4,5,R,V,366,FALSE,TRUE,-0.09370262712365224,stronger
GGGRRPVMDYVVL,R,M,5,8,Y,V,250,FALSE,FALSE,0.13897625338635794,no significant difference
SGRHWFKDWL,H,K,4,7,F,S,363,FALSE,FALSE,0.05312378888782598,no significant difference
GGGRRPVIDYVVL,R,I,5,8,Y,V,250,FALSE,FALSE,0.03733033187669302,no significant difference
SGRHWFNDWL,H,N,4,7,F,S,363,FALSE,FALSE,0.11501953630892522,no significant difference
SKVCGFLGWF,C,G,4,5,R,V,366,FALSE,TRUE,0.06724713880138468,stronger
SGRGWFLDWL,G,L,4,7,F,S,363,FALSE,TRUE,0.018923999264077493,stronger
GGGRRPVQDYVVL,R,Q,5,8,Y,V,250,FALSE,FALSE,0.2664764645640575,no significant difference
SGRHWFTDWL,H,T,4,7,F,S,363,FALSE,TRUE,0.06980765368020295,stronger
SKVCVFLGWF,C,V,4,5,R,V,366,FALSE,FALSE,-0.37557599806245323,no significant difference
SGRGWFEDWL,G,E,4,7,F,S,363,FALSE,TRUE,0.22082602574881516,stronger
SGRHWFRDWL,H,R,4,7,F,S,363,FALSE,FALSE,-0.11648769115042427,no significant difference
SGRGWFDDWL,G,D,4,7,F,S,363,FALSE,TRUE,0.18851913347774196,stronger
GGGRRPVLDYVVL,R,L,5,8,Y,V,250,FALSE,FALSE,0.11565888152829089,no significant difference
SGRHWFSDWL,H,S,4,7,F,S,363,FALSE,FALSE,0.05020503374013191,no significant difference
SKVC*FLGWF,C,*,4,5,R,V,366,FALSE,TRUE,0.6627127293480161,stronger
SGRGWFADWL,G,A,4,7,F,S,363,FALSE,TRUE,0.14616382771038855,stronger
SGRHWFMDWL,H,M,4,7,F,S,363,FALSE,FALSE,-0.19078810937705656,no significant difference
SKVCYFLGWF,C,Y,4,5,R,V,366,FALSE,FALSE,-0.2446659141396541,no significant difference
GGGRRPVEDYVVL,R,E,5,8,Y,V,250,FALSE,TRUE,0.4119322455744792,stronger
SGRHWFIDWL,H,I,4,7,F,S,363,FALSE,FALSE,-0.17019347897237283,no significant difference
SGRSWFPDWL,S,P,4,7,F,S,363,FALSE,TRUE,0.010099915297258524,stronger
SGRGWFGDWL,G,G,4,7,F,S,363,FALSE,TRUE,0.09685294995906638,stronger
GGGRRPVDDYVVL,R,D,5,8,Y,V,250,FALSE,TRUE,0.335787584718419,stronger
SGRHWFQDWL,H,Q,4,7,F,S,363,FALSE,TRUE,0.164121382522134,stronger
GGGRRPVADYVVL,R,A,5,8,Y,V,250,FALSE,TRUE,0.2908374391973175,stronger
SGRHWFHDWL,H,H,4,7,F,S,363,FALSE,FALSE,-0.00930867013268124,no significant difference
SGRSWFRDWL,S,R,4,7,F,S,363,FALSE,TRUE,-0.00546269495801162,stronger
SGRGWFVDWL,G,V,4,7,F,S,363,FALSE,TRUE,0.048997687300152436,stronger
SGRHWFPDWL,H,P,4,7,F,S,363,FALSE,TRUE,0.01294686693111088,stronger
GGGRRPVGDYVVL,R,G,5,8,Y,V,250,FALSE,TRUE,0.31644375693362975,stronger
SGRGWF*DWL,G,*,4,7,F,S,363,FALSE,TRUE,0.30525716139092907,stronger
SGRGWFYDWL,G,Y,4,7,F,S,363,FALSE,TRUE,0.02894965055952103,stronger
GGGRRPVVDYVVL,R,V,5,8,Y,V,250,FALSE,FALSE,0.2065165918969289,no significant difference
SGRSWFEDWL,S,E,4,7,F,S,363,FALSE,TRUE,0.16507757581549712,stronger
SGRHWFLDWL,H,L,4,7,F,S,363,FALSE,FALSE,-0.15220660042634138,no significant difference
SGRSWFDDWL,S,D,4,7,F,S,363,FALSE,TRUE,0.15108431576895415,stronger
GGGRRPV*DYVVL,R,*,5,8,Y,V,250,FALSE,TRUE,0.5332715140278144,stronger
SGRSWFADWL,S,A,4,7,F,S,363,FALSE,TRUE,0.09273761421380333,stronger
SGRGWFWDWL,G,W,4,7,F,S,363,FALSE,TRUE,0.07989412926480934,stronger
GGGRRPVYDYVVL,R,Y,5,8,Y,V,250,FALSE,FALSE,0.10475674213999046,no significant difference
SGRHWFEDWL,H,E,4,7,F,S,363,FALSE,FALSE,0.2214534955701939,no significant difference
SGRGWFCDWL,G,C,4,7,F,S,363,FALSE,TRUE,0.025793924025292847,stronger
SGRHWFDDWL,H,D,4,7,F,S,363,FALSE,TRUE,0.0359994901710098,stronger
SGRSWFGDWL,S,G,4,7,F,S,363,FALSE,TRUE,0.08397509940305037,stronger
SGRHWFADWL,H,A,4,7,F,S,363,FALSE,TRUE,0.06518854337627049,stronger
SGRGWFFDWL,G,F,4,7,F,S,363,FALSE,TRUE,0.06749332974068817,stronger
GGGRRPVWDYVVL,R,W,5,8,Y,V,250,FALSE,FALSE,0.05884971494860328,no significant difference
SGRSWFVDWL,S,V,4,7,F,S,363,FALSE,TRUE,0.023534765516767153,stronger
GGGRRPVCDYVVL,R,C,5,8,Y,V,250,FALSE,FALSE,0.16830402088692978,no significant difference
SGRHWFGDWL,H,G,4,7,F,S,363,FALSE,TRUE,0.14141916198383286,stronger
SGRSWF*DWL,S,*,4,7,F,S,363,FALSE,TRUE,0.3191584779827217,stronger
GGGRRPVFDYVVL,R,F,5,8,Y,V,250,FALSE,FALSE,0.03945833876813415,no significant difference
SGRHWFVDWL,H,V,4,7,F,S,363,FALSE,FALSE,-0.011149436618194983,no significant difference
SGRSWFYDWL,S,Y,4,7,F,S,363,FALSE,FALSE,0.02426887165837404,no significant difference
SGRSWFSDWL,S,S,4,7,F,S,363,FALSE,TRUE,0.08122650263373357,stronger
SGRHWF*DWL,H,*,4,7,F,S,363,FALSE,TRUE,0.2025855874524116,stronger
SGRHWFYDWL,H,Y,4,7,F,S,363,FALSE,FALSE,-0.07109078875711111,no significant difference
SGRSWFWDWL,S,W,4,7,F,S,363,FALSE,TRUE,-0.00101697878234609,stronger
SGRHWFWDWL,H,W,4,7,F,S,363,FALSE,FALSE,-0.11666924565192507,no significant difference
SGRHWFCDWL,H,C,4,7,F,S,363,FALSE,FALSE,-0.02098970186011889,no significant difference
SGRSWFKDWL,S,K,4,7,F,S,363,FALSE,TRUE,0.12246210399040906,stronger
SGRSWFNDWL,S,N,4,7,F,S,363,FALSE,TRUE,0.02108841386273391,stronger
SGRHWFFDWL,H,F,4,7,F,S,363,FALSE,FALSE,-0.05487546631415088,no significant difference
SGRSWFTDWL,S,T,4,7,F,S,363,FALSE,TRUE,0.016201704735542433,stronger
SGRPWFKDWL,P,K,4,7,F,S,363,FALSE,TRUE,0.18512442640151977,stronger
GGGRRPVPDYVVL,R,P,5,8,Y,V,250,FALSE,TRUE,0.25904524835832043,stronger
SGRPWFNDWL,P,N,4,7,F,S,363,FALSE,TRUE,0.13765134058358175,stronger
SGRPWFTDWL,P,T,4,7,F,S,363,FALSE,TRUE,0.094505576651504,stronger
SGRSWFMDWL,S,M,4,7,F,S,363,FALSE,TRUE,0.01906410254851829,stronger
SGRPWFRDWL,P,R,4,7,F,S,363,FALSE,TRUE,0.03197075773181199,stronger
SGRSWFIDWL,S,I,4,7,F,S,363,FALSE,FALSE,-0.0181135136838139,no significant difference
SGRSWFQDWL,S,Q,4,7,F,S,363,FALSE,TRUE,0.03605474774630766,stronger
SGRPWFMDWL,P,M,4,7,F,S,363,FALSE,TRUE,0.22146181127084594,stronger
SGRSWFHDWL,S,H,4,7,F,S,363,FALSE,TRUE,0.13077219602373907,stronger
SGRPWFIDWL,P,I,4,7,F,S,363,FALSE,TRUE,0.08835910063591638,stronger
SGRPWFQDWL,P,Q,4,7,F,S,363,FALSE,TRUE,0.19415961860744083,stronger
SGRPWFHDWL,P,H,4,7,F,S,363,FALSE,FALSE,0.07614450054770648,no significant difference
SGRPWFPDWL,P,P,4,7,F,S,363,FALSE,TRUE,0.11990682329785851,stronger
SGRPWFEDWL,P,E,4,7,F,S,363,FALSE,TRUE,0.20369388167973979,stronger
SGRPWFDDWL,P,D,4,7,F,S,363,FALSE,TRUE,0.1797946521818098,stronger
SGRVWFKDWL,V,K,4,7,F,S,363,FALSE,FALSE,-0.03539463663112679,no significant difference
SGRVWFNDWL,V,N,4,7,F,S,363,FALSE,TRUE,0.07077403467881668,stronger
GGGRMPVKDYVVL,M,K,5,8,Y,V,250,FALSE,FALSE,0.3630307162403691,no significant difference
SGRVWFTDWL,V,T,4,7,F,S,363,FALSE,FALSE,-0.03432920749194866,no significant difference
GGGRMPVNDYVVL,M,N,5,8,Y,V,250,FALSE,FALSE,0.455826657646234,no significant difference
GGGRMPVTDYVVL,M,T,5,8,Y,V,250,FALSE,TRUE,0.4062966763143894,stronger
SGRVWFRDWL,V,R,4,7,F,S,363,FALSE,FALSE,-0.06379514518079013,no significant difference
SGRVWFSDWL,V,S,4,7,F,S,363,FALSE,TRUE,0.0235282632968076,stronger
GGGRMPVRDYVVL,M,R,5,8,Y,V,250,FALSE,TRUE,0.3138858326529217,stronger
SGRVWFMDWL,V,M,4,7,F,S,363,FALSE,TRUE,0.06315756953667323,stronger
GGGRMPVSDYVVL,M,S,5,8,Y,V,250,FALSE,TRUE,0.2949588515723595,stronger
SGRVWFIDWL,V,I,4,7,F,S,363,FALSE,FALSE,-0.2384960767067521,no significant difference
GGGRMPVMDYVVL,M,M,5,8,Y,V,250,FALSE,FALSE,0.19837734233835833,no significant difference
SGRVWFQDWL,V,Q,4,7,F,S,363,FALSE,TRUE,0.02847088616112422,stronger
GGGRMPVIDYVVL,M,I,5,8,Y,V,250,FALSE,FALSE,0.2274072539846327,no significant difference
SGRVWFHDWL,V,H,4,7,F,S,363,FALSE,FALSE,0.02888046925889825,no significant difference
GGGRMPVQDYVVL,M,Q,5,8,Y,V,250,FALSE,FALSE,0.30198908410094955,no significant difference
SGRWWFKDWL,W,K,4,7,F,S,363,FALSE,FALSE,0.0359994901710098,no significant difference
SGRVWFPDWL,V,P,4,7,F,S,363,FALSE,TRUE,0.040494711157568974,stronger
GGGRMPVHDYVVL,M,H,5,8,Y,V,250,FALSE,TRUE,0.3005783804514385,stronger
SGRWWFNDWL,W,N,4,7,F,S,363,FALSE,FALSE,0.01328746150434406,no significant difference
GGGRMPVPDYVVL,M,P,5,8,Y,V,250,FALSE,FALSE,0.3774720369815012,no significant difference
SGRWWFTDWL,W,T,4,7,F,S,363,FALSE,FALSE,-0.02968542556805373,no significant difference
SGRWWFRDWL,W,R,4,7,F,S,363,FALSE,FALSE,-0.15563537656957116,no significant difference
SGRVWFLDWL,V,L,4,7,F,S,363,FALSE,FALSE,-0.09898081439219232,no significant difference
GGGRMPVLDYVVL,M,L,5,8,Y,V,250,FALSE,FALSE,0.11873314018627772,no significant difference
SGRWWFMDWL,W,M,4,7,F,S,363,FALSE,FALSE,-0.02593811397540796,no significant difference
SGRVWFEDWL,V,E,4,7,F,S,363,FALSE,TRUE,0.10228352729119124,stronger
GGGRMPVEDYVVL,M,E,5,8,Y,V,250,FALSE,TRUE,0.4098455833473693,stronger
SGRWWFIDWL,W,I,4,7,F,S,363,FALSE,FALSE,-0.142732995507384,no significant difference
SGRVWFDDWL,V,D,4,7,F,S,363,FALSE,TRUE,0.14431730826791234,stronger
GGGRMPVDDYVVL,M,D,5,8,Y,V,250,FALSE,FALSE,0.38726457375000595,no significant difference
SGRWWFQDWL,W,Q,4,7,F,S,363,FALSE,FALSE,-0.11871938943375523,no significant difference
SGRVWFADWL,V,A,4,7,F,S,363,FALSE,TRUE,0.051394124245516114,stronger
GGGRMPVADYVVL,M,A,5,8,Y,V,250,FALSE,TRUE,0.31540457414361295,stronger
SGRWWFHDWL,W,H,4,7,F,S,363,FALSE,FALSE,0.05942844646346792,no significant difference
SGRWWFPDWL,W,P,4,7,F,S,363,FALSE,FALSE,-0.10187897249548282,no significant difference
SGRVWFGDWL,V,G,4,7,F,S,363,FALSE,TRUE,0.13066263388122856,stronger
GGGRMPVGDYVVL,M,G,5,8,Y,V,250,FALSE,TRUE,0.3062791530845022,stronger
SGRVWFVDWL,V,V,4,7,F,S,363,FALSE,FALSE,-0.09832110145720724,no significant difference
GGGRMPVVDYVVL,M,V,5,8,Y,V,250,FALSE,FALSE,0.21376399557737763,no significant difference
SGRVWF*DWL,V,*,4,7,F,S,363,FALSE,TRUE,0.30213197158545557,stronger
GGGRMPV*DYVVL,M,*,5,8,Y,V,250,FALSE,TRUE,0.5999838043983983,stronger
SGRVWFYDWL,V,Y,4,7,F,S,363,FALSE,FALSE,-0.024854913081280773,no significant difference
GGGRMPVYDYVVL,M,Y,5,8,Y,V,250,FALSE,FALSE,0.17610622492299752,no significant difference
SGRWWFEDWL,W,E,4,7,F,S,363,FALSE,FALSE,0.0525822324134155,no significant difference
SGRWWFDDWL,W,D,4,7,F,S,363,FALSE,FALSE,0.11633092255617664,no significant difference
SGRWWFADWL,W,A,4,7,F,S,363,FALSE,TRUE,0.017141448196522906,stronger
SGRVWFWDWL,V,W,4,7,F,S,363,FALSE,FALSE,-0.03286630245274752,no significant difference
GGGRMPVWDYVVL,M,W,5,8,Y,V,250,FALSE,FALSE,0.08962158296356953,no significant difference
SGRVWFCDWL,V,C,4,7,F,S,363,FALSE,TRUE,0.04572033804619427,stronger
GGGRMPVCDYVVL,M,C,5,8,Y,V,250,FALSE,FALSE,0.24559265098007824,no significant difference
SGRWWFGDWL,W,G,4,7,F,S,363,FALSE,TRUE,0.023663942108901905,stronger
SGRVWFFDWL,V,F,4,7,F,S,363,FALSE,FALSE,-0.08868660972744916,no significant difference
GGGRMPVFDYVVL,M,F,5,8,Y,V,250,FALSE,FALSE,0.12328669833801492,no significant difference
GGGRPPVGDYVVL,P,G,5,8,Y,V,250,FALSE,TRUE,0.43131356232918205,stronger
GGGRHPVRDYVVL,H,R,5,8,Y,V,250,FALSE,FALSE,0.30236490141738226,no significant difference
GGGRIPVGDYVVL,I,G,5,8,Y,V,250,FALSE,TRUE,0.2969374064603063,stronger
GGGRIPVKDYVVL,I,K,5,8,Y,V,250,FALSE,FALSE,0.31665490253857725,no significant difference
GGGRPPVVDYVVL,P,V,5,8,Y,V,250,FALSE,FALSE,0.22863352068251558,no significant difference
GGGRHPVLDYVVL,H,L,5,8,Y,V,250,FALSE,FALSE,0.23567696976731603,no significant difference
GGGRIPVNDYVVL,I,N,5,8,Y,V,250,FALSE,FALSE,0.34573129785823153,no significant difference
GGGRIPVVDYVVL,I,V,5,8,Y,V,250,FALSE,FALSE,0.11930576671613397,no significant difference
GGGRIPVTDYVVL,I,T,5,8,Y,V,250,FALSE,FALSE,0.2808861429268341,no significant difference
GGGRPPVWDYVVL,P,W,5,8,Y,V,250,FALSE,FALSE,0.05290596222671519,no significant difference
GGGRHPVEDYVVL,H,E,5,8,Y,V,250,FALSE,TRUE,0.4162274941337185,stronger
GGGRPPVLDYVVL,P,L,5,8,Y,V,250,FALSE,FALSE,0.166091593544027,no significant difference
GGGRHPVDDYVVL,H,D,5,8,Y,V,250,FALSE,FALSE,0.285507302123901,no significant difference
GGGRIPV*DYVVL,I,*,5,8,Y,V,250,FALSE,TRUE,0.676774855674202,stronger
GGGRIPVRDYVVL,I,R,5,8,Y,V,250,FALSE,TRUE,0.2993269007228864,stronger
GGGRPPVFDYVVL,P,F,5,8,Y,V,250,FALSE,FALSE,-0.00844144947108757,no significant difference
GGGRHPVGDYVVL,H,G,5,8,Y,V,250,FALSE,TRUE,0.3519718651318502,stronger
GGGRIPVYDYVVL,I,Y,5,8,Y,V,250,FALSE,FALSE,0.10098123221723636,no significant difference
GGGRIPVSDYVVL,I,S,5,8,Y,V,250,FALSE,FALSE,0.354098886913867,no significant difference
GGGRPPVMDYVVL,P,M,5,8,Y,V,250,FALSE,FALSE,0.23244850679133622,no significant difference
GGGRIPVMDYVVL,I,M,5,8,Y,V,250,FALSE,FALSE,0.2324549008881322,no significant difference
GGGRPPVIDYVVL,P,I,5,8,Y,V,250,FALSE,FALSE,0.24242487681083488,no significant difference
GGGRHPVVDYVVL,H,V,5,8,Y,V,250,FALSE,FALSE,0.25349771344478017,no significant difference
GGGRIPVIDYVVL,I,I,5,8,Y,V,250,FALSE,FALSE,0.05866133328628966,no significant difference
GGGRPPVEDYVVL,P,E,5,8,Y,V,250,FALSE,TRUE,0.4712143168612616,stronger
GGGRIPVWDYVVL,I,W,5,8,Y,V,250,FALSE,FALSE,0.02010960750155074,no significant difference
GGGRIPVQDYVVL,I,Q,5,8,Y,V,250,FALSE,TRUE,0.39448942736595455,stronger
GGGRHPV*DYVVL,H,*,5,8,Y,V,250,FALSE,TRUE,0.5569536063298084,stronger
GGGRIPVCDYVVL,I,C,5,8,Y,V,250,FALSE,FALSE,0.2166617901477431,no significant difference
GGGRIPVHDYVVL,I,H,5,8,Y,V,250,FALSE,FALSE,0.3000501823211991,no significant difference
GGGRPPVYDYVVL,P,Y,5,8,Y,V,250,FALSE,FALSE,0.04296372294532526,no significant difference
GGGRHPVYDYVVL,H,Y,5,8,Y,V,250,FALSE,FALSE,0.11551510165317506,no significant difference
GGGRIPVLDYVVL,I,L,5,8,Y,V,250,FALSE,FALSE,0.14558680859224596,no significant difference
GGGRIPVPDYVVL,I,P,5,8,Y,V,250,FALSE,FALSE,0.3219601123506338,no significant difference
GGGRHPVSDYVVL,H,S,5,8,Y,V,250,FALSE,FALSE,0.17494951402072623,no significant difference
GGGRIPVFDYVVL,I,F,5,8,Y,V,250,FALSE,FALSE,-0.0248602288814266,no significant difference
GGGRPPVCDYVVL,P,C,5,8,Y,V,250,FALSE,FALSE,0.3383628984737875,no significant difference
SGR*WFKDWL,*,K,4,7,F,S,363,FALSE,TRUE,0.7659963863254359,stronger
GGGRQPVKDYVVL,Q,K,5,8,Y,V,250,FALSE,FALSE,0.3382126393077246,no significant difference
GGGRHPVWDYVVL,H,W,5,8,Y,V,250,FALSE,FALSE,-0.08132459716154143,no significant difference
SGR*WFNDWL,*,N,4,7,F,S,363,FALSE,TRUE,0.7023461025423031,stronger
GGGRQPVRDYVVL,Q,R,5,8,Y,V,250,FALSE,TRUE,0.33267912519158,stronger
GGGRHPVCDYVVL,H,C,5,8,Y,V,250,FALSE,FALSE,0.1812862844404291,no significant difference
SGR*WFTDWL,*,T,4,7,F,S,363,FALSE,TRUE,0.7062224226976045,stronger
GGGRQPVSDYVVL,Q,S,5,8,Y,V,250,FALSE,FALSE,0.33731977356696147,no significant difference
GGGRQPVMDYVVL,Q,M,5,8,Y,V,250,FALSE,FALSE,0.38726324399908135,no significant difference
GGGRHPVFDYVVL,H,F,5,8,Y,V,250,FALSE,FALSE,0.07582131294066669,no significant difference
SGR*WFRDWL,*,R,4,7,F,S,363,FALSE,TRUE,0.6625354287206495,stronger
GGGRQPVIDYVVL,Q,I,5,8,Y,V,250,FALSE,FALSE,0.2461992076093716,no significant difference
GGGRIPVEDYVVL,I,E,5,8,Y,V,250,FALSE,FALSE,0.3890747231596477,no significant difference
GGGRPPVSDYVVL,P,S,5,8,Y,V,250,FALSE,FALSE,0.33230654685939276,no significant difference
SGR*WFSDWL,*,S,4,7,F,S,363,FALSE,TRUE,0.6760026946678032,stronger
GGGRIPVDDYVVL,I,D,5,8,Y,V,250,FALSE,TRUE,0.36033013374729017,stronger
SGR*WFMDWL,*,M,4,7,F,S,363,FALSE,TRUE,0.6477392614798225,stronger
GGGRIPVADYVVL,I,A,5,8,Y,V,250,FALSE,FALSE,0.3021406260412606,no significant difference
GGGRPPVDDYVVL,P,D,5,8,Y,V,250,FALSE,FALSE,0.2959900315101927,no significant difference
SGR*WFIDWL,*,I,4,7,F,S,363,FALSE,TRUE,0.7008363142441485,stronger
GGGRQPVEDYVVL,Q,E,5,8,Y,V,250,FALSE,TRUE,0.46186738604271954,stronger
SGR*WFWDWL,*,W,4,7,F,S,363,FALSE,TRUE,0.6931979019247942,stronger
SGR*WFQDWL,*,Q,4,7,F,S,363,FALSE,TRUE,0.6561581108577602,stronger
SGRYWFTDWL,Y,T,4,7,F,S,363,FALSE,FALSE,-0.14691347534657093,no significant difference
GGGRQPVDDYVVL,Q,D,5,8,Y,V,250,FALSE,FALSE,0.5598650883895862,no significant difference
SGR*WFCDWL,*,C,4,7,F,S,363,FALSE,TRUE,0.6818792622580061,stronger
SGR*WFHDWL,*,H,4,7,F,S,363,FALSE,TRUE,0.7084990057121664,stronger
SGRYWFRDWL,Y,R,4,7,F,S,363,FALSE,FALSE,-0.16860748123727395,no significant difference
GGGRQPVGDYVVL,Q,G,5,8,Y,V,250,FALSE,TRUE,0.4216882317372985,stronger
SGR*WFLDWL,*,L,4,7,F,S,363,FALSE,TRUE,0.6857761427356205,stronger
SGR*WFPDWL,*,P,4,7,F,S,363,FALSE,TRUE,0.647579338708812,stronger
SGRYWFSDWL,Y,S,4,7,F,S,363,FALSE,FALSE,-0.01505227784046293,no significant difference
SGR*WFFDWL,*,F,4,7,F,S,363,FALSE,TRUE,0.6657484817868281,stronger
SGRYWFMDWL,Y,M,4,7,F,S,363,FALSE,FALSE,-0.14198747813527704,no significant difference
GGGRQPVVDYVVL,Q,V,5,8,Y,V,250,FALSE,FALSE,0.25850446337273536,no significant difference
GGGRRPVHDYVVL,R,H,5,8,Y,V,250,FALSE,FALSE,0.22539317771928563,no significant difference
SGRYWFKDWL,Y,K,4,7,F,S,363,FALSE,FALSE,-0.05167701539571657,no significant difference
SGRYWFIDWL,Y,I,4,7,F,S,363,FALSE,FALSE,-0.08178924455192504,no significant difference
SGRYWFNDWL,Y,N,4,7,F,S,363,FALSE,FALSE,-0.02348939336927851,no significant difference
SGRYWFQDWL,Y,Q,4,7,F,S,363,FALSE,FALSE,-0.03239918350752014,no significant difference
GGGRQPV*DYVVL,Q,*,5,8,Y,V,250,FALSE,TRUE,0.571640640750511,stronger
SGRYWFLDWL,Y,L,4,7,F,S,363,FALSE,FALSE,-0.1444137798394818,no significant difference
SGRYWFVDWL,Y,V,4,7,F,S,363,FALSE,FALSE,-0.10678291219565547,no significant difference
SGRYWFHDWL,Y,H,4,7,F,S,363,FALSE,FALSE,-0.15695795714625985,no significant difference
GGGRQPVYDYVVL,Q,Y,5,8,Y,V,250,FALSE,FALSE,0.21725199622991637,no significant difference
SGRYWFEDWL,Y,E,4,7,F,S,363,FALSE,TRUE,0.13443599481024876,stronger
SGR*WFDDWL,*,D,4,7,F,S,363,FALSE,TRUE,0.7347861652208703,stronger
SGRYWFPDWL,Y,P,4,7,F,S,363,FALSE,FALSE,-0.026785556186575726,no significant difference
GGGRQPVWDYVVL,Q,W,5,8,Y,V,250,FALSE,FALSE,0.16375900562391263,no significant difference
SGRYWFDDWL,Y,D,4,7,F,S,363,FALSE,TRUE,0.07211283692034862,stronger
SGRYWF*DWL,Y,*,4,7,F,S,363,FALSE,TRUE,0.11802949374873233,stronger
SGR*WFADWL,*,A,4,7,F,S,363,FALSE,TRUE,0.7568397001773275,stronger
SGR*WFEDWL,*,E,4,7,F,S,363,FALSE,TRUE,0.6431630784693775,stronger
GGGRQPVCDYVVL,Q,C,5,8,Y,V,250,FALSE,FALSE,0.3228762412458107,no significant difference
SGRYWFADWL,Y,A,4,7,F,S,363,FALSE,FALSE,-0.054364883761677016,no significant difference
SGRYWFYDWL,Y,Y,4,7,F,S,363,FALSE,FALSE,-0.06785931008501604,no significant difference
GGGRQPVLDYVVL,Q,L,5,8,Y,V,250,FALSE,FALSE,0.2792316785623272,no significant difference
SGR*WFGDWL,*,G,4,7,F,S,363,FALSE,TRUE,0.7016102587768559,stronger
GGGRQPVFDYVVL,Q,F,5,8,Y,V,250,FALSE,FALSE,0.22396959632293068,no significant difference
SGRYWFGDWL,Y,G,4,7,F,S,363,FALSE,FALSE,0.05389162846017809,no significant difference
GGGRHPVTDYVVL,H,T,5,8,Y,V,250,FALSE,FALSE,0.3279490136315079,no significant difference
GGGRHPVKDYVVL,H,K,5,8,Y,V,250,FALSE,TRUE,0.44659880058604784,stronger
SGRYWFWDWL,Y,W,4,7,F,S,363,FALSE,FALSE,-0.12792577790699083,no significant difference
SGR*WFVDWL,*,V,4,7,F,S,363,FALSE,TRUE,0.6773017148583287,stronger
GGGRHPVMDYVVL,H,M,5,8,Y,V,250,FALSE,FALSE,0.24438846471523967,no significant difference
GGGRHPVNDYVVL,H,N,5,8,Y,V,250,FALSE,FALSE,0.16490421874177702,no significant difference
SGRYWFFDWL,Y,F,4,7,F,S,363,FALSE,FALSE,-0.2341673260220404,no significant difference
SGRYWFCDWL,Y,C,4,7,F,S,363,FALSE,FALSE,-0.03229408243917956,no significant difference
GGGRHPVIDYVVL,H,I,5,8,Y,V,250,FALSE,FALSE,0.12432164868773016,no significant difference
SGR*WF*DWL,*,*,4,7,F,S,363,FALSE,TRUE,0.7537066125258556,stronger
GGGRHPVQDYVVL,H,Q,5,8,Y,V,250,FALSE,FALSE,0.1544177423376186,no significant difference
SGR*WFYDWL,*,Y,4,7,F,S,363,FALSE,TRUE,0.6333132371991818,stronger
GGGRHPVHDYVVL,H,H,5,8,Y,V,250,FALSE,FALSE,0.18204816463089357,no significant difference
