aa_seq,deg1,deg2,pos1,pos2,max1,max2,family,med_norm,deg1_order,deg2_order,name
DKRLPPTP,R,T,3,7,P,L,PRM_0152,0.7875308486036301,R,T,152
DKRLPPMP,R,M,3,7,P,L,PRM_0152,0.7618597364987485,R,M,152
DKRLPPRP,R,R,3,7,P,L,PRM_0152,0.7804205054058392,R,R,152
DKRLPPLP,R,L,3,7,P,L,PRM_0152,0.6794764951158809,R,L,152
DKRLPPHP,R,H,3,7,P,L,PRM_0152,0.7128768116358112,R,H,152
DKRLPPIP,R,I,3,7,P,L,PRM_0152,0.6819810883652916,R,I,152
DKRLPPEP,R,E,3,7,P,L,PRM_0152,0.7937516530566746,R,E,152
DKRLPPVP,R,V,3,7,P,L,PRM_0152,0.7444899443169599,R,V,152
DKRLPPSP,R,S,3,7,P,L,PRM_0152,0.7458315569481193,R,S,152
DKRLPPQP,R,Q,3,7,P,L,PRM_0152,0.7957975855112501,R,Q,152
RRKKHESPWL,K,K,3,4,R,L,PRM_0385,0.3760267451823841,K,K,385
DKRLPPDP,R,D,3,7,P,L,PRM_0152,0.767450444243118,R,D,152
RRAKHESPWL,A,K,3,4,R,L,PRM_0385,0.3350047629884557,A,K,385
DKRLPP*P,R,*,3,7,P,L,PRM_0152,0.7374106912159575,R,*,152
GGGRLPVCDYVVL,L,C,5,8,Y,V,PRM_0250,0.20350928454944348,L,C,250
GGGRLPVMDYVVL,L,M,5,8,Y,V,PRM_0250,0.21506666347826994,L,M,250
RRKNHESPWL,K,N,3,4,R,L,PRM_0385,0.32094380930704847,K,N,385
DKRLPPAP,R,A,3,7,P,L,PRM_0152,0.7807763084703219,R,A,152
RRANHESPWL,A,N,3,4,R,L,PRM_0385,0.4072693241789387,A,N,385
DKRLPPYP,R,Y,3,7,P,L,PRM_0152,0.6326007544120712,R,Y,152
GGGRLPVLDYVVL,L,L,5,8,Y,V,PRM_0250,0.07336216734610734,L,L,250
GGGRLPVIDYVVL,L,I,5,8,Y,V,PRM_0250,0.1301833991566083,L,I,250
RRKTHESPWL,K,T,3,4,R,L,PRM_0385,0.3243531734812195,K,T,385
RRATHESPWL,A,T,3,4,R,L,PRM_0385,0.38425117584867086,A,T,385
GGGRLPVFDYVVL,L,F,5,8,Y,V,PRM_0250,0.034747185167302436,L,F,250
GGGRLPVHDYVVL,L,H,5,8,Y,V,PRM_0250,0.2012236713061519,L,H,250
DKRLPPGP,R,G,3,7,P,L,PRM_0152,0.803807068324728,R,G,152
GGGREPVKDYVVL,E,K,5,8,Y,V,PRM_0250,0.43008753897107854,E,K,250
GGGRLPVRDYVVL,L,R,5,8,Y,V,PRM_0250,0.24915105061488552,L,R,250
RRKRHESPWL,K,R,3,4,R,L,PRM_0385,0.15110522843357463,K,R,385
RRARHESPWL,A,R,3,4,R,L,PRM_0385,0.28113283890010443,A,R,385
DKRLPPWP,R,W,3,7,P,L,PRM_0152,0.5753605037496119,R,W,152
GGGREPVNDYVVL,E,N,5,8,Y,V,PRM_0250,0.4215665605618594,E,N,250
RRKSHESPWL,K,S,3,4,R,L,PRM_0385,0.2618675846043181,K,S,385
RRASHESPWL,A,S,3,4,R,L,PRM_0385,0.3778754276523687,A,S,385
DKRLPPCP,R,C,3,7,P,L,PRM_0152,0.7698615482294499,R,C,152
GGGREPVTDYVVL,E,T,5,8,Y,V,PRM_0250,0.36497420030319694,E,T,250
RRKMHESPWL,K,M,3,4,R,L,PRM_0385,0.12569275673467387,K,M,385
RRAMHESPWL,A,M,3,4,R,L,PRM_0385,0.3156187932011022,A,M,385
RRKIHESPWL,K,I,3,4,R,L,PRM_0385,0.11001506458422221,K,I,385
RRAWHESPWL,A,W,3,4,R,L,PRM_0385,0.20419855714164664,A,W,385
RRAIHESPWL,A,I,3,4,R,L,PRM_0385,0.31594044201599425,A,I,385
DKRLPPFP,R,F,3,7,P,L,PRM_0152,0.664685883184001,R,F,152
GGGREPVRDYVVL,E,R,5,8,Y,V,PRM_0250,0.4743248194239262,E,R,250
GGGRLPVEDYVVL,L,E,5,8,Y,V,PRM_0250,0.365436791539475,L,E,250
RRKQHESPWL,K,Q,3,4,R,L,PRM_0385,0.318146042889873,K,Q,385
RRACHESPWL,A,C,3,4,R,L,PRM_0385,0.3925801567244508,A,C,385
RRAQHESPWL,A,Q,3,4,R,L,PRM_0385,0.47926520781821746,A,Q,385
DKSLPPKP,S,K,3,7,P,L,PRM_0152,0.8933047471192349,S,K,152
GGGREPVSDYVVL,E,S,5,8,Y,V,PRM_0250,0.27448852882016034,E,S,250
GGGRLPVDDYVVL,L,D,5,8,Y,V,PRM_0250,0.398582239800685,L,D,250
RRKHHESPWL,K,H,3,4,R,L,PRM_0385,0.3895028885208061,K,H,385
RRALHESPWL,A,L,3,4,R,L,PRM_0385,0.2758885937350625,A,L,385
RRAHHESPWL,A,H,3,4,R,L,PRM_0385,0.3018738110753977,A,H,385
DKSLPPNP,S,N,3,7,P,L,PRM_0152,0.7981710926622538,S,N,152
GGGREPVMDYVVL,E,M,5,8,Y,V,PRM_0250,0.4091540305702485,E,M,250
GGGRLPVADYVVL,L,A,5,8,Y,V,PRM_0250,0.2835546821582599,L,A,250
RRKPHESPWL,K,P,3,4,R,L,PRM_0385,0.35467260050217136,K,P,385
RRAFHESPWL,A,F,3,4,R,L,PRM_0385,0.22519774189081532,A,F,385
RRAPHESPWL,A,P,3,4,R,L,PRM_0385,0.33858496609390953,A,P,385
DKSLPPTP,S,T,3,7,P,L,PRM_0152,0.8188337281887152,S,T,152
GGGREPVIDYVVL,E,I,5,8,Y,V,PRM_0250,0.33763481090101155,E,I,250
GGGREPVQDYVVL,E,Q,5,8,Y,V,PRM_0250,0.39664498447206065,E,Q,250
GGGRLPVGDYVVL,L,G,5,8,Y,V,PRM_0250,0.3381133848620204,L,G,250
DKSLPPRP,S,R,3,7,P,L,PRM_0152,0.8461930042150572,S,R,152
GGGREPVHDYVVL,E,H,5,8,Y,V,PRM_0250,0.4600167073844636,E,H,250
RRKLHESPWL,K,L,3,4,R,L,PRM_0385,0.10378919058894467,K,L,385
DKSLPPSP,S,S,3,7,P,L,PRM_0152,0.8088930800998533,S,S,152
GGGREPVPDYVVL,E,P,5,8,Y,V,PRM_0250,0.3952680778947904,E,P,250
GGGRLPVVDYVVL,L,V,5,8,Y,V,PRM_0250,0.15320847712848343,L,V,250
DKSLPPMP,S,M,3,7,P,L,PRM_0152,0.7246431568361614,S,M,152
RRKEHESPWL,K,E,3,4,R,L,PRM_0385,0.48423173087454174,K,E,385
DKSLPPIP,S,I,3,7,P,L,PRM_0152,0.6982704630772638,S,I,152
GGGRLPV*DYVVL,L,*,5,8,Y,V,PRM_0250,0.564016175038388,L,*,250
RRKDHESPWL,K,D,3,4,R,L,PRM_0385,0.38425117584867086,K,D,385
RRAEHESPWL,A,E,3,4,R,L,PRM_0385,0.4865702512421117,A,E,385
DKSLPPQP,S,Q,3,7,P,L,PRM_0152,0.8796130736938337,S,Q,152
GGGREPVLDYVVL,E,L,5,8,Y,V,PRM_0250,0.25981706676041355,E,L,250
GGGRLPVYDYVVL,L,Y,5,8,Y,V,PRM_0250,0.14546620945752184,L,Y,250
RRKAHESPWL,K,A,3,4,R,L,PRM_0385,0.36751276707800973,K,A,385
RRADHESPWL,A,D,3,4,R,L,PRM_0385,0.4304453828073977,A,D,385
GGGRLPVSDYVVL,L,S,5,8,Y,V,PRM_0250,0.30341235560397184,L,S,250
RRAAHESPWL,A,A,3,4,R,L,PRM_0385,0.4009669752566524,A,A,385
DKSLPPLP,S,L,3,7,P,L,PRM_0152,0.7194643293669978,S,L,152
GGGREPVEDYVVL,E,E,5,8,Y,V,PRM_0250,0.4533124596693997,E,E,250
RRKGHESPWL,K,G,3,4,R,L,PRM_0385,0.3509306115703012,K,G,385
GGGREPVDDYVVL,E,D,5,8,Y,V,PRM_0250,0.46595842997316805,E,D,250
GGGRLPVWDYVVL,L,W,5,8,Y,V,PRM_0250,0.08996100508557146,L,W,250
RRAGHESPWL,A,G,3,4,R,L,PRM_0385,0.4367520264429637,A,G,385
DKSLPPEP,S,E,3,7,P,L,PRM_0152,0.8376042732346216,S,E,152
GGGREPVADYVVL,E,A,5,8,Y,V,PRM_0250,0.49440425166900226,E,A,250
RRNRHESPWL,N,R,3,4,R,L,PRM_0385,0.29032146490185945,N,R,385
RRKVHESPWL,K,V,3,4,R,L,PRM_0385,0.2185377720671186,K,V,385
DKSLPPDP,S,D,3,7,P,L,PRM_0152,0.8026783611877013,S,D,152
RRAVHESPWL,A,V,3,4,R,L,PRM_0385,0.3445354074869599,A,V,385
DKSLPPAP,S,A,3,7,P,L,PRM_0152,0.7829728817185143,S,A,152
GGGREPVGDYVVL,E,G,5,8,Y,V,PRM_0250,0.4349126988764789,E,G,250
RRNLHESPWL,N,L,3,4,R,L,PRM_0385,0.29370629796958,N,L,385
RRK*HESPWL,K,*,3,4,R,L,PRM_0385,0.6043229817584784,K,*,385
RRKYHESPWL,K,Y,3,4,R,L,PRM_0385,0.0459990545319479,K,Y,385
RRA*HESPWL,A,*,3,4,R,L,PRM_0385,0.7268604347567622,A,*,385
DKSLPPGP,S,G,3,7,P,L,PRM_0152,0.8518997225748948,S,G,152
GGGREPVVDYVVL,E,V,5,8,Y,V,PRM_0250,0.382871306792249,E,V,250
RRNEHESPWL,N,E,3,4,R,L,PRM_0385,0.4582153839424166,N,E,385
RRAYHESPWL,A,Y,3,4,R,L,PRM_0385,0.2842699943175562,A,Y,385
RRNDHESPWL,N,D,3,4,R,L,PRM_0385,0.5501175176283177,N,D,385
SGRLWFRDWL,L,R,4,7,F,S,PRM_0363,-0.15662607993567793,L,R,363
DKSLPPVP,S,V,3,7,P,L,PRM_0152,0.76841769278248,S,V,152
GGGREPV*DYVVL,E,*,5,8,Y,V,PRM_0250,0.6629497987210607,E,*,250
RRNAHESPWL,N,A,3,4,R,L,PRM_0385,0.358192589303276,N,A,385
RRKWHESPWL,K,W,3,4,R,L,PRM_0385,0.24844679698448552,K,W,385
SGRLWFSDWL,L,S,4,7,F,S,PRM_0363,-0.05613896726993605,L,S,363
GGGREPVYDYVVL,E,Y,5,8,Y,V,PRM_0250,0.3284668927522472,E,Y,250
RRKCHESPWL,K,C,3,4,R,L,PRM_0385,0.2324347865881442,K,C,385
SGRLWFMDWL,L,M,4,7,F,S,PRM_0363,-0.057252648361325084,L,M,363
DKSLPP*P,S,*,3,7,P,L,PRM_0152,0.7847831999414707,S,*,152
RRNGHESPWL,N,G,3,4,R,L,PRM_0385,0.42983438197479656,N,G,385
SGRLWFIDWL,L,I,4,7,F,S,PRM_0363,-0.15054233692293004,L,I,363
DKSLPPYP,S,Y,3,7,P,L,PRM_0152,0.7244256240319423,S,Y,152
RRKFHESPWL,K,F,3,4,R,L,PRM_0385,0.14607688616963993,K,F,385
SGRLWFQDWL,L,Q,4,7,F,S,PRM_0363,0.05221567389138135,L,Q,363
GGGREPVWDYVVL,E,W,5,8,Y,V,PRM_0250,0.20581279276398373,E,W,250
RRNVHESPWL,N,V,3,4,R,L,PRM_0385,0.3428008757149782,N,V,385
RRNKHESPWL,N,K,3,4,R,L,PRM_0385,0.35180056298655654,N,K,385
SGRLWFHDWL,L,H,4,7,F,S,PRM_0363,0.059576462385772674,L,H,363
GGGREPVCDYVVL,E,C,5,8,Y,V,PRM_0250,0.43837394118533785,E,C,250
RRNNHESPWL,N,N,3,4,R,L,PRM_0385,0.27090496893811733,N,N,385
SGRLWFPDWL,L,P,4,7,F,S,PRM_0363,-0.004450976796952932,L,P,363
DKSLPPWP,S,W,3,7,P,L,PRM_0152,0.7055003116091852,S,W,152
RRN*HESPWL,N,*,3,4,R,L,PRM_0385,0.5879009442550936,N,*,385
RRNTHESPWL,N,T,3,4,R,L,PRM_0385,0.46795410879012284,N,T,385
DKSLPPCP,S,C,3,7,P,L,PRM_0152,0.6993611287526411,S,C,152
GGGREPVFDYVVL,E,F,5,8,Y,V,PRM_0250,0.23137819711841487,E,F,250
RRNYHESPWL,N,Y,3,4,R,L,PRM_0385,0.19903113558253008,N,Y,385
GGGRDPVKDYVVL,D,K,5,8,Y,V,PRM_0250,0.5024012535090084,D,K,250
RRNSHESPWL,N,S,3,4,R,L,PRM_0385,0.33810446094647395,N,S,385
DKSLPPFP,S,F,3,7,P,L,PRM_0152,0.7229699498047841,S,F,152
GGGRDPVNDYVVL,D,N,5,8,Y,V,PRM_0250,0.3394868913880562,D,N,250
RRNMHESPWL,N,M,3,4,R,L,PRM_0385,0.13062929457691766,N,M,385
SGRLWFLDWL,L,L,4,7,F,S,PRM_0363,-0.09167160405845179,L,L,363
DKMLPPKP,M,K,3,7,P,L,PRM_0152,0.8966395598986421,M,K,152
GGGRDPVTDYVVL,D,T,5,8,Y,V,PRM_0250,0.3518269488527555,D,T,250
RRNWHESPWL,N,W,3,4,R,L,PRM_0385,0.19130986252166432,N,W,385
RRNIHESPWL,N,I,3,4,R,L,PRM_0385,0.2871251556790984,N,I,385
DKMLPPNP,M,N,3,7,P,L,PRM_0152,0.7896598706026889,M,N,152
RRNCHESPWL,N,C,3,4,R,L,PRM_0385,0.3209223230561856,N,C,385
RRNQHESPWL,N,Q,3,4,R,L,PRM_0385,0.5049775718533079,N,Q,385
SGRLWFEDWL,L,E,4,7,F,S,PRM_0363,0.22155143727541818,L,E,363
DKMLPPTP,M,T,3,7,P,L,PRM_0152,0.7772583925692274,M,T,152
GGGRDPVRDYVVL,D,R,5,8,Y,V,PRM_0250,0.3537318811125262,D,R,250
RRNHHESPWL,N,H,3,4,R,L,PRM_0385,0.2779936264160033,N,H,385
SGRLWFDDWL,L,D,4,7,F,S,PRM_0363,0.1105111493916751,L,D,363
GGGRDPVSDYVVL,D,S,5,8,Y,V,PRM_0250,0.3607713114225023,D,S,250
RRNFHESPWL,N,F,3,4,R,L,PRM_0385,0.23031638772382249,N,F,385
RRNPHESPWL,N,P,3,4,R,L,PRM_0385,0.374264556718834,N,P,385
SGRLWFADWL,L,A,4,7,F,S,PRM_0363,0.06770131280601166,L,A,363
DKMLPPRP,M,R,3,7,P,L,PRM_0152,0.7596801994783791,M,R,152
GGGRDPVMDYVVL,D,M,5,8,Y,V,PRM_0250,0.30175616940526534,D,M,250
RRTTHESPWL,T,T,3,4,R,L,PRM_0385,0.3711216666262692,T,T,385
SGRWWFVDWL,W,V,4,7,F,S,PRM_0363,-0.09571914178700301,W,V,363
RRGKHESPWL,G,K,3,4,R,L,PRM_0385,0.35579317153952067,G,K,385
DKMLPPSP,M,S,3,7,P,L,PRM_0152,0.8027083851357748,M,S,152
GGGRDPVIDYVVL,D,I,5,8,Y,V,PRM_0250,0.3639591639116783,D,I,250
RRGNHESPWL,G,N,3,4,R,L,PRM_0385,0.4360356652803449,G,N,385
SGRLWFGDWL,L,G,4,7,F,S,PRM_0363,0.014749443648215555,L,G,363
DKMLPPMP,M,M,3,7,P,L,PRM_0152,0.733012517211736,M,M,152
GGGRDPVQDYVVL,D,Q,5,8,Y,V,PRM_0250,0.43305403672585907,D,Q,250
RRTRHESPWL,T,R,3,4,R,L,PRM_0385,0.21523831004305077,T,R,385
SGRWWF*DWL,W,*,4,7,F,S,PRM_0363,0.08992101597226689,W,*,363
RRGTHESPWL,G,T,3,4,R,L,PRM_0385,0.3883751487750028,G,T,385
DKMLPPIP,M,I,3,7,P,L,PRM_0152,0.778093874056645,M,I,152
GGGRDPVHDYVVL,D,H,5,8,Y,V,PRM_0250,0.41871400268730746,D,H,250
RRTSHESPWL,T,S,3,4,R,L,PRM_0385,0.3316270970785119,T,S,385
SGRWWFYDWL,W,Y,4,7,F,S,PRM_0363,-0.12498048015412905,W,Y,363
SGRLWFVDWL,L,V,4,7,F,S,PRM_0363,-0.10356153046736606,L,V,363
DKMLPPHP,M,H,3,7,P,L,PRM_0152,0.779880357349528,M,H,152
GGGRDPVPDYVVL,D,P,5,8,Y,V,PRM_0250,0.2850298867188437,D,P,250
RRTMHESPWL,T,M,3,4,R,L,PRM_0385,0.19525136481092709,T,M,385
SGRWWFSDWL,W,S,4,7,F,S,PRM_0363,-0.04138531478224174,W,S,363
RRGRHESPWL,G,R,3,4,R,L,PRM_0385,0.29040404955817134,G,R,385
RRTIHESPWL,T,I,3,4,R,L,PRM_0385,0.25568219313114626,T,I,385
RRGSHESPWL,G,S,3,4,R,L,PRM_0385,0.4016481322233106,G,S,385
SGRLWF*DWL,L,*,4,7,F,S,PRM_0363,0.19195128661115143,L,*,363
RRTHHESPWL,T,H,3,4,R,L,PRM_0385,0.2660973236648272,T,H,385
SGRWWFWDWL,W,W,4,7,F,S,PRM_0363,0.002523384859752796,W,W,363
RRGMHESPWL,G,M,3,4,R,L,PRM_0385,0.31446308430819203,G,M,385
SGRLWFYDWL,L,Y,4,7,F,S,PRM_0363,-0.012181713869790665,L,Y,363
DKMLPPLP,M,L,3,7,P,L,PRM_0152,0.6481293356039383,M,L,152
GGGRDPVLDYVVL,D,L,5,8,Y,V,PRM_0250,0.31496932704156977,D,L,250
RRTPHESPWL,T,P,3,4,R,L,PRM_0385,0.3773527221274311,T,P,385
SGRWWFCDWL,W,C,4,7,F,S,PRM_0363,-0.1470411904910424,W,C,363
RRGIHESPWL,G,I,3,4,R,L,PRM_0385,0.32069132273299505,G,I,385
SGRWWFLDWL,W,L,4,7,F,S,PRM_0363,-0.035403281613017965,W,L,363
RRGQHESPWL,G,Q,3,4,R,L,PRM_0385,0.48614749642348587,G,Q,385
DKMLPPEP,M,E,3,7,P,L,PRM_0152,0.8283148751786895,M,E,152
GGGRDPVEDYVVL,D,E,5,8,Y,V,PRM_0250,0.593014040793528,D,E,250
SGRWWFFDWL,W,F,4,7,F,S,PRM_0363,-0.03403726209236572,W,F,363
RRGHHESPWL,G,H,3,4,R,L,PRM_0385,0.36103707391702256,G,H,385
SGRLWFWDWL,L,W,4,7,F,S,PRM_0363,-0.035558151968595714,L,W,363
DKMLPPDP,M,D,3,7,P,L,PRM_0152,0.7174291909521383,M,D,152
GGGRDPVDDYVVL,D,D,5,8,Y,V,PRM_0250,0.3645595798276829,D,D,250
RRTLHESPWL,T,L,3,4,R,L,PRM_0385,0.26968494269480225,T,L,385
SGRCWFKDWL,C,K,4,7,F,S,PRM_0363,0.021793129783569475,C,K,363
RRGPHESPWL,G,P,3,4,R,L,PRM_0385,0.3882734529139862,G,P,385
SGRLWFCDWL,L,C,4,7,F,S,PRM_0363,-0.16080838830956198,L,C,363
DKMLPPAP,M,A,3,7,P,L,PRM_0152,0.8525863719618477,M,A,152
GGGRDPVADYVVL,D,A,5,8,Y,V,PRM_0250,0.35469546903607585,D,A,250
SGRCWFNDWL,C,N,4,7,F,S,PRM_0363,0.04664105259347742,C,N,363
RRTEHESPWL,T,E,3,4,R,L,PRM_0385,0.42969775088493545,T,E,385
SGRCWFTDWL,C,T,4,7,F,S,PRM_0363,0.035504392033414225,C,T,363
SGRLWFFDWL,L,F,4,7,F,S,PRM_0363,-0.027397273802058492,L,F,363
DKMLPPGP,M,G,3,7,P,L,PRM_0152,0.8374058083924708,M,G,152
GGGRDPVGDYVVL,D,G,5,8,Y,V,PRM_0250,0.43927669695198523,D,G,250
RRTDHESPWL,T,D,3,4,R,L,PRM_0385,0.3130537349578201,T,D,385
SGRFWFKDWL,F,K,4,7,F,S,PRM_0363,-0.003953285745196934,F,K,363
RRTAHESPWL,T,A,3,4,R,L,PRM_0385,0.33884292290067625,T,A,385
SGRCWFRDWL,C,R,4,7,F,S,PRM_0363,-0.07314815956105833,C,R,363
RRGLHESPWL,G,L,3,4,R,L,PRM_0385,0.3310794437259761,G,L,385
SGRFWFNDWL,F,N,4,7,F,S,PRM_0363,-0.05218498267712306,F,N,363
DKMLPPVP,M,V,3,7,P,L,PRM_0152,0.7808957643465833,M,V,152
GGGRDPVVDYVVL,D,V,5,8,Y,V,PRM_0250,0.3463348959070448,D,V,250
SGRCWFSDWL,C,S,4,7,F,S,PRM_0363,0.02853272319294876,C,S,363
SGRFWFTDWL,F,T,4,7,F,S,PRM_0363,-0.1326853769034682,F,T,363
RRTGHESPWL,T,G,3,4,R,L,PRM_0385,0.41380847924222686,T,G,385
SGRCWFMDWL,C,M,4,7,F,S,PRM_0363,0.015874179838416727,C,M,363
RRGEHESPWL,G,E,3,4,R,L,PRM_0385,0.4818309406871122,G,E,385
DKMLPP*P,M,*,3,7,P,L,PRM_0152,0.7688614546645713,M,*,152
GGGRDPV*DYVVL,D,*,5,8,Y,V,PRM_0250,0.6730100309935748,D,*,250
SGRCWFIDWL,C,I,4,7,F,S,PRM_0363,-0.11188181952486377,C,I,363
RRGDHESPWL,G,D,3,4,R,L,PRM_0385,0.5225213202722313,G,D,385
SGRFWFRDWL,F,R,4,7,F,S,PRM_0363,-0.21295569488009153,F,R,363
DKMLPPYP,M,Y,3,7,P,L,PRM_0152,0.6152577503288076,M,Y,152
GGGRDPVYDYVVL,D,Y,5,8,Y,V,PRM_0250,0.22687614891690677,D,Y,250
RRTVHESPWL,T,V,3,4,R,L,PRM_0385,0.3070346987954585,T,V,385
SGRCWFQDWL,C,Q,4,7,F,S,PRM_0363,0.13057347940791458,C,Q,363
RRGAHESPWL,G,A,3,4,R,L,PRM_0385,0.3801383993003059,G,A,385
SGRFWFSDWL,F,S,4,7,F,S,PRM_0363,-0.1213316837901292,F,S,363
SGRCWFHDWL,C,H,4,7,F,S,PRM_0363,0.11639043951930712,C,H,363
SGRFWFMDWL,F,M,4,7,F,S,PRM_0363,-0.03239918350752014,F,M,363
GGGRDPVWDYVVL,D,W,5,8,Y,V,PRM_0250,0.2907604249710058,D,W,250
RRT*HESPWL,T,*,3,4,R,L,PRM_0385,0.6436956471543449,T,*,385
SGRCWFPDWL,C,P,4,7,F,S,PRM_0363,0.11746150062900818,C,P,363
RRGGHESPWL,G,G,3,4,R,L,PRM_0385,0.4394423539553505,G,G,385
SGRFWFIDWL,F,I,4,7,F,S,PRM_0363,-0.26141757355335427,F,I,363
DKMLPPWP,M,W,3,7,P,L,PRM_0152,0.6663272573509611,M,W,152
GGGRDPVCDYVVL,D,C,5,8,Y,V,PRM_0250,0.3019835395847298,D,C,250
RRTYHESPWL,T,Y,3,4,R,L,PRM_0385,0.2388675535422251,T,Y,385
SGRFWFQDWL,F,Q,4,7,F,S,PRM_0363,-0.11165710537555751,F,Q,363
DKMLPPCP,M,C,3,7,P,L,PRM_0152,0.7473037738395075,M,C,152
RRGVHESPWL,G,V,3,4,R,L,PRM_0385,0.33374608361215286,G,V,385
SGRFWFHDWL,F,H,4,7,F,S,PRM_0363,-0.08413197856056169,F,H,363
GGGRDPVFDYVVL,D,F,5,8,Y,V,PRM_0250,0.23423352944673767,D,F,250
SGRFWFPDWL,F,P,4,7,F,S,PRM_0363,-0.07087801153548028,F,P,363
DKMLPPFP,M,F,3,7,P,L,PRM_0152,0.6644857156197284,M,F,152
GGGRAPVRDYVVL,A,R,5,8,Y,V,PRM_0250,0.3059552220210406,A,R,250
RRTWHESPWL,T,W,3,4,R,L,PRM_0385,0.18444156312213233,T,W,385
SGRCWFLDWL,C,L,4,7,F,S,PRM_0363,0.012956419298958992,C,L,363
RRG*HESPWL,G,*,3,4,R,L,PRM_0385,0.7500043421318184,G,*,385
DKILPPNP,I,N,3,7,P,L,PRM_0152,0.6841354679968819,I,N,152
GGGRAPVSDYVVL,A,S,5,8,Y,V,PRM_0250,0.341216245709567,A,S,250
RRTCHESPWL,T,C,3,4,R,L,PRM_0385,0.3530533118886081,T,C,385
RRGYHESPWL,G,Y,3,4,R,L,PRM_0385,0.2701840285290278,G,Y,385
DKILPPTP,I,T,3,7,P,L,PRM_0152,0.7607992143378968,I,T,152
GGGRAPVMDYVVL,A,M,5,8,Y,V,PRM_0250,0.28142597679460907,A,M,250
SGRCWFEDWL,C,E,4,7,F,S,PRM_0363,0.123380542037076,C,E,363
GGGRAPVIDYVVL,A,I,5,8,Y,V,PRM_0250,0.16601455697840942,A,I,250
RRTFHESPWL,T,F,3,4,R,L,PRM_0385,0.22610956763790938,T,F,385
SGRCWFDDWL,C,D,4,7,F,S,PRM_0363,0.13200970321313846,C,D,363
SGRFWFLDWL,F,L,4,7,F,S,PRM_0363,-0.24839320576872537,F,L,363
DKILPPRP,I,R,3,7,P,L,PRM_0152,0.8009231333462815,I,R,152
RRTKHESPWL,T,K,3,4,R,L,PRM_0385,0.3546470423529038,T,K,385
SGRCWFADWL,C,A,4,7,F,S,PRM_0363,0.18183909298095674,C,A,363
RRGWHESPWL,G,W,3,4,R,L,PRM_0385,0.2659750867869301,G,W,385
DKILPPSP,I,S,3,7,P,L,PRM_0152,0.8283951691268782,I,S,152
GGGRAPVLDYVVL,A,L,5,8,Y,V,PRM_0250,0.3073126493514649,A,L,250
RRTNHESPWL,T,N,3,4,R,L,PRM_0385,0.37514192326516044,T,N,385
RRGCHESPWL,G,C,3,4,R,L,PRM_0385,0.34707028413441987,G,C,385
SGRFWFEDWL,F,E,4,7,F,S,PRM_0363,0.176495051181582,F,E,363
DKILPPMP,I,M,3,7,P,L,PRM_0152,0.5931855273911438,I,M,152
GGGRAPVEDYVVL,A,E,5,8,Y,V,PRM_0250,0.4872916175539549,A,E,250
SGRCWFGDWL,C,G,4,7,F,S,PRM_0363,0.07021821989880093,C,G,363
SGRFWFDDWL,F,D,4,7,F,S,PRM_0363,0.06549437189672437,F,D,363
DKILPPIP,I,I,3,7,P,L,PRM_0152,0.7500880691288416,I,I,152
GGGRAPVDDYVVL,A,D,5,8,Y,V,PRM_0250,0.38106825385905657,A,D,250
RRGFHESPWL,G,F,3,4,R,L,PRM_0385,0.23112348963047963,G,F,385
SGRFWFADWL,F,A,4,7,F,S,PRM_0363,-0.14663079785590372,F,A,363
DKILPPHP,I,H,3,7,P,L,PRM_0152,0.773213101398909,I,H,152
GGGRAPVADYVVL,A,A,5,8,Y,V,PRM_0250,0.3245945391020604,A,A,250
SGRCWFVDWL,C,V,4,7,F,S,PRM_0363,0.08411264088367923,C,V,363
GGGRAPVGDYVVL,A,G,5,8,Y,V,PRM_0250,0.4483365528908171,A,G,250
SGRFWFGDWL,F,G,4,7,F,S,PRM_0363,-0.1278031550856763,F,G,363
SGRCWF*DWL,C,*,4,7,F,S,PRM_0363,0.1843777417010548,C,*,363
DKILPPLP,I,L,3,7,P,L,PRM_0152,0.6677312429349607,I,L,152
GGGRAPVVDYVVL,A,V,5,8,Y,V,PRM_0250,0.28438206719004555,A,V,250
SGRCWFYDWL,C,Y,4,7,F,S,PRM_0363,0.007855102788870066,C,Y,363
SGRFWFVDWL,F,V,4,7,F,S,PRM_0363,-0.2111404054616695,F,V,363
RRTQHESPWL,T,Q,3,4,R,L,PRM_0385,0.3500138910585442,T,Q,385
DKILPPEP,I,E,3,7,P,L,PRM_0152,0.8385106693341502,I,E,152
GGGRAPV*DYVVL,A,*,5,8,Y,V,PRM_0250,0.6250741768211844,A,*,250
SGRFWF*DWL,F,*,4,7,F,S,PRM_0363,0.05734012913101167,F,*,363
DKILPPDP,I,D,3,7,P,L,PRM_0152,0.814683902709503,I,D,152
GGGRAPVYDYVVL,A,Y,5,8,Y,V,PRM_0250,0.318030658301218,A,Y,250
SGRCWFWDWL,C,W,4,7,F,S,PRM_0363,0.048332398796413246,C,W,363
SGRFWFYDWL,F,Y,4,7,F,S,PRM_0363,-0.08714958513601934,F,Y,363
DKILPPAP,I,A,3,7,P,L,PRM_0152,0.7428322061655086,I,A,152
SGRCWFCDWL,C,C,4,7,F,S,PRM_0363,0.11609453690346308,C,C,363
GGGRAPVWDYVVL,A,W,5,8,Y,V,PRM_0250,0.2692268469795769,A,W,250
DKILPPGP,I,G,3,7,P,L,PRM_0152,0.8357411228228424,I,G,152
GGGRAPVCDYVVL,A,C,5,8,Y,V,PRM_0250,0.24928685319233818,A,C,250
SGRCWFFDWL,C,F,4,7,F,S,PRM_0363,-0.06191383022274261,C,F,363
SGRFWFWDWL,F,W,4,7,F,S,PRM_0363,-0.16259339552127947,F,W,363
SGRLWFKDWL,L,K,4,7,F,S,PRM_0363,-0.07433218773850434,L,K,363
SGRFWFCDWL,F,C,4,7,F,S,PRM_0363,-0.1780340642599466,F,C,363
DKILPPVP,I,V,3,7,P,L,PRM_0152,0.7379539159570594,I,V,152
GGGRAPVFDYVVL,A,F,5,8,Y,V,PRM_0250,0.10055577725169296,A,F,250
SGRLWFNDWL,L,N,4,7,F,S,PRM_0363,0.10203627560183615,L,N,363
GGGRAPVKDYVVL,A,K,5,8,Y,V,PRM_0250,0.45037385705302013,A,K,250
SGRLWFTDWL,L,T,4,7,F,S,PRM_0363,-0.053660124187704855,L,T,363
SGRFWFFDWL,F,F,4,7,F,S,PRM_0363,-0.18125100534553631,F,F,363
DKILPP*P,I,*,3,7,P,L,PRM_0152,0.6123674022117382,I,*,152
WFPLVDYLVHIS,250_4,250_4,250_4,250_4,250_4,250_4,reference,0,NA,NA,reference
DKILPPYP,I,Y,3,7,P,L,PRM_0152,0.6947613736487018,I,Y,152
GLLRSRLSPSVPVL,R,S,4,8,W,A,PRM_0299,-0.1506663815202769,R,S,299
GLLVSRLMPSVPVL,V,M,4,8,W,A,PRM_0299,-0.32234162238218267,V,M,299
GLLVSRLIPSVPVL,V,I,4,8,W,A,PRM_0299,-0.32025005939219725,V,I,299
DKILPPWP,I,W,3,7,P,L,PRM_0152,0.5538378430313635,I,W,152
GLLRSRLWPSVPVL,R,W,4,8,W,A,PRM_0299,-0.273471399021466,R,W,299
GLLVSRLQPSVPVL,V,Q,4,8,W,A,PRM_0299,-0.19826736071442183,V,Q,299
DKILPPCP,I,C,3,7,P,L,PRM_0152,0.6663069462828636,I,C,152
GLLRSRLCPSVPVL,R,C,4,8,W,A,PRM_0299,-0.18058873941943163,R,C,299
GLLVSRLHPSVPVL,V,H,4,8,W,A,PRM_0299,-0.19788647582652685,V,H,299
GLLRSRLLPSVPVL,R,L,4,8,W,A,PRM_0299,-0.22177033600781207,R,L,299
GLLVSRLPPSVPVL,V,P,4,8,W,A,PRM_0299,-0.37584498980408254,V,P,299
DKILPPFP,I,F,3,7,P,L,PRM_0152,0.6793234481013771,I,F,152
GLLRSRLFPSVPVL,R,F,4,8,W,A,PRM_0299,-0.19266518135150046,R,F,299
DKQLPPKP,Q,K,3,7,P,L,PRM_0152,0.8622716878024757,Q,K,152
GLLSSRLKPSVPVL,S,K,4,8,W,A,PRM_0299,0.014197665129488656,S,K,299
GLLVSRLRPSVPVL,V,R,4,8,W,A,PRM_0299,-0.2876992718064646,V,R,299
DKQLPPTP,Q,T,3,7,P,L,PRM_0152,0.7933887446816413,Q,T,152
GLLSSRLNPSVPVL,S,N,4,8,W,A,PRM_0299,-0.07781930709101227,S,N,299
DKQLPPRP,Q,R,3,7,P,L,PRM_0152,0.8020998180889642,Q,R,152
GLLSSRLTPSVPVL,S,T,4,8,W,A,PRM_0299,-0.12672119882422553,S,T,299
GLLVSRLLPSVPVL,V,L,4,8,W,A,PRM_0299,-0.25361858277866006,V,L,299
DKQLPPSP,Q,S,3,7,P,L,PRM_0152,0.7588604928970136,Q,S,152
DKQLPPMP,Q,M,3,7,P,L,PRM_0152,0.73339489611809106,Q,M,152
GLLSSRLRPSVPVL,S,R,4,8,W,A,PRM_0299,-0.17983584038805753,S,R,299
GLLVSRLEPSVPVL,V,E,4,8,W,A,PRM_0299,-0.021293567759240843,V,E,299
DKQLPPIP,Q,I,3,7,P,L,PRM_0152,0.6328670494983094,Q,I,152
RRRKHESPWL,R,K,3,4,R,L,PRM_0385,0.11076002683831411,R,K,385
GLLSSRLSPSVPVL,S,S,4,8,W,A,PRM_0299,-0.10351050613486225,S,S,299
GLLVSRLDPSVPVL,V,D,4,8,W,A,PRM_0299,-0.03791903870130445,V,D,299
RRRNHESPWL,R,N,3,4,R,L,PRM_0385,0.2413914766711645,R,N,385
GLLSSRLMPSVPVL,S,M,4,8,W,A,PRM_0299,-0.20002611021463793,S,M,299
GLLVSRLAPSVPVL,V,A,4,8,W,A,PRM_0299,-0.25865495751023704,V,A,299
DKQLPPLP,Q,L,3,7,P,L,PRM_0152,0.6942531211464782,Q,L,152
RRRTHESPWL,R,T,3,4,R,L,PRM_0385,0.241970715899458,R,T,385
GLLSSRLIPSVPVL,S,I,4,8,W,A,PRM_0299,-0.16659399921127094,S,I,299
DKQLPPEP,Q,E,3,7,P,L,PRM_0152,0.837345361775486,Q,E,152
GLLSSRLQPSVPVL,S,Q,4,8,W,A,PRM_0299,-0.2536102945125829,S,Q,299
GLLVSRLGPSVPVL,V,G,4,8,W,A,PRM_0299,-0.12979420453893406,V,G,299
DKQLPPDP,Q,D,3,7,P,L,PRM_0152,0.883919102248569,Q,D,152
RRRRHESPWL,R,R,3,4,R,L,PRM_0385,0.0015498342560949438,R,R,385
GLLSSRLHPSVPVL,S,H,4,8,W,A,PRM_0299,-0.1679145804190823,S,H,299
DKQLPPAP,Q,A,3,7,P,L,PRM_0152,0.7758932971905125,Q,A,152
RRRSHESPWL,R,S,3,4,R,L,PRM_0385,0.25604308821017485,R,S,385
GLLSSRLPPSVPVL,S,P,4,8,W,A,PRM_0299,-0.14250627665750193,S,P,299
GLLVSRLVPSVPVL,V,V,4,8,W,A,PRM_0299,-0.2838561982815354,V,V,299
RRRMHESPWL,R,M,3,4,R,L,PRM_0385,0.1576460782281634,R,M,385
DKQLPPGP,Q,G,3,7,P,L,PRM_0152,0.898728918130184,Q,G,152
RRRIHESPWL,R,I,3,4,R,L,PRM_0385,0.21594989958564065,R,I,385
RRVKHESPWL,V,K,3,4,R,L,PRM_0385,0.3626653905871877,V,K,385
GLLVSRL*PSVPVL,V,*,4,8,W,A,PRM_0299,-0.0640460435093572,V,*,299
GGGRGPVKDYVVL,G,K,5,8,Y,V,PRM_0250,0.3742848845187676,G,K,250
RRRQHESPWL,R,Q,3,4,R,L,PRM_0385,0.16053819724753876,R,Q,385
RRVNHESPWL,V,N,3,4,R,L,PRM_0385,0.4380963175780424,V,N,385
GLLVSRLYPSVPVL,V,Y,4,8,W,A,PRM_0299,-0.20206376820255448,V,Y,299
DKQLPPVP,Q,V,3,7,P,L,PRM_0152,0.7749789760970056,Q,V,152
GGGRGPVNDYVVL,G,N,5,8,Y,V,PRM_0250,0.3304480242202035,G,N,250
RRRHHESPWL,R,H,3,4,R,L,PRM_0385,0.07512561258278017,R,H,385
GLLSSRLLPSVPVL,S,L,4,8,W,A,PRM_0299,-0.22036905226938056,S,L,299
RRVTHESPWL,V,T,3,4,R,L,PRM_0385,0.38978672497328304,V,T,385
GLLVSRLSPSVPVL,V,S,4,8,W,A,PRM_0299,-0.2107358972061797,V,S,299
GGGRGPVTDYVVL,G,T,5,8,Y,V,PRM_0250,0.36151018965104353,G,T,250
RRRPHESPWL,R,P,3,4,R,L,PRM_0385,0.3166549025385771,R,P,385
DKQLPP*P,Q,*,3,7,P,L,PRM_0152,0.6599369067668791,Q,*,152
GLLSSRLEPSVPVL,S,E,4,8,W,A,PRM_0299,0.05530228091719275,S,E,299
RRVRHESPWL,V,R,3,4,R,L,PRM_0385,0.2526025445889172,V,R,385
GLLVSRLWPSVPVL,V,W,4,8,W,A,PRM_0299,-0.26270698338344123,V,W,299
DKQLPPYP,Q,Y,3,7,P,L,PRM_0152,0.7373028432888923,Q,Y,152
GGGRGPVRDYVVL,G,R,5,8,Y,V,PRM_0250,0.3797243703715657,G,R,250
GLLSSRLDPSVPVL,S,D,4,8,W,A,PRM_0299,0.03943041460173363,S,D,299
RRVSHESPWL,V,S,3,4,R,L,PRM_0385,0.3539020159312647,V,S,385
GLLVSRLCPSVPVL,V,C,4,8,W,A,PRM_0299,-0.2790879753061116,V,C,299
GGGRGPVSDYVVL,G,S,5,8,Y,V,PRM_0250,0.37176918506158774,G,S,250
GLLSSRLAPSVPVL,S,A,4,8,W,A,PRM_0299,-0.1287669400175101,S,A,299
RRVMHESPWL,V,M,3,4,R,L,PRM_0385,0.3004654607006887,V,M,385
GGGRGPVMDYVVL,G,M,5,8,Y,V,PRM_0250,0.24490517995540728,G,M,250
RRRLHESPWL,R,L,3,4,R,L,PRM_0385,0.14107376522179194,R,L,385
RRVIHESPWL,V,I,3,4,R,L,PRM_0385,0.22326701402356536,V,I,385
GLLVSRLFPSVPVL,V,F,4,8,W,A,PRM_0299,-0.28151727618793354,V,F,299
DKQLPPWP,Q,W,3,7,P,L,PRM_0152,0.7256012159982503,Q,W,152
GGGRGPVIDYVVL,G,I,5,8,Y,V,PRM_0250,0.18759251221870396,G,I,250
GLLSSRLGPSVPVL,S,G,4,8,W,A,PRM_0299,-0.003457247103017697,S,G,299
RRVQHESPWL,V,Q,3,4,R,L,PRM_0385,0.425478827587683,V,Q,385
GLLVSRLKPSVPVL,V,K,4,8,W,A,PRM_0299,-0.060258303704545615,V,K,299
DKQLPPCP,Q,C,3,7,P,L,PRM_0152,0.5267893732192473,Q,C,152
GGGRGPVQDYVVL,G,Q,5,8,Y,V,PRM_0250,0.3643969608720289,G,Q,250
RRREHESPWL,R,E,3,4,R,L,PRM_0385,0.34642070809643977,R,E,385
RRVHHESPWL,V,H,3,4,R,L,PRM_0385,0.34615056939363487,V,H,385
GLLVSRLNPSVPVL,V,N,4,8,W,A,PRM_0299,-0.09499189444028419,V,N,299
GGGRGPVHDYVVL,G,H,5,8,Y,V,PRM_0250,0.34727942887609986,G,H,250
RRRDHESPWL,R,D,3,4,R,L,PRM_0385,0.3577663164104796,R,D,385
GLLSSRLVPSVPVL,S,V,4,8,W,A,PRM_0299,-0.15667270124269694,S,V,299
RRVPHESPWL,V,P,3,4,R,L,PRM_0385,0.28672007012335576,V,P,385
GLLVSRLTPSVPVL,V,T,4,8,W,A,PRM_0299,-0.13970338396039253,V,T,299
DKQLPPFP,Q,F,3,7,P,L,PRM_0152,0.7686770983526163,Q,F,152
GGGRGPVPDYVVL,G,P,5,8,Y,V,PRM_0250,0.41005934659635834,G,P,250
RRRAHESPWL,R,A,3,4,R,L,PRM_0385,0.19585655592095927,R,A,385
DKHLPPKP,H,K,3,7,P,L,PRM_0152,1.125967899223135,H,K,152
GLLSSRL*PSVPVL,S,*,4,8,W,A,PRM_0299,0.2096910841935817,S,*,299
DKHLPPTP,H,T,3,7,P,L,PRM_0152,0.8040108795560774,H,T,152
RRRGHESPWL,R,G,3,4,R,L,PRM_0385,0.2344458900698606,R,G,385
GLLSSRLYPSVPVL,S,Y,4,8,W,A,PRM_0299,-0.2081157010955023,S,Y,299
DKHLPPRP,H,R,3,7,P,L,PRM_0152,0.7014714441873975,H,R,152
GGGRGPVLDYVVL,G,L,5,8,Y,V,PRM_0250,0.2143492421733148,G,L,250
RRVLHESPWL,V,L,3,4,R,L,PRM_0385,0.2514492304174557,V,L,385
DKHLPPSP,H,S,3,7,P,L,PRM_0152,0.8155918515517325,H,S,152
RRRVHESPWL,R,V,3,4,R,L,PRM_0385,0.16620638789542297,R,V,385
DKHLPPMP,H,M,3,7,P,L,PRM_0152,0.7318154902455654,H,M,152
GGGRGPVEDYVVL,G,E,5,8,Y,V,PRM_0250,0.4677387807812361,G,E,250
GLLSSRLWPSVPVL,S,W,4,8,W,A,PRM_0299,-0.19585273391579527,S,W,299
RRVEHESPWL,V,E,3,4,R,L,PRM_0385,0.49057709261494775,V,E,385
DKHLPPIP,H,I,3,7,P,L,PRM_0152,0.7896191479959097,H,I,152
GGGRGPVDDYVVL,G,D,5,8,Y,V,PRM_0250,0.3950387154948487,G,D,250
RRR*HESPWL,R,*,3,4,R,L,PRM_0385,0.537422950948071,R,*,385
GLLSSRLCPSVPVL,S,C,4,8,W,A,PRM_0299,-0.13067396164137668,S,C,299
RRVDHESPWL,V,D,3,4,R,L,PRM_0385,0.4468784942821724,V,D,385
DKHLPPQP,H,Q,3,7,P,L,PRM_0152,0.8471181881799509,H,Q,152
GGGRGPVADYVVL,G,A,5,8,Y,V,PRM_0250,0.42523292108143085,G,A,250
RRRYHESPWL,R,Y,3,4,R,L,PRM_0385,0.19341509465246948,R,Y,385
RRVAHESPWL,V,A,3,4,R,L,PRM_0385,0.3628436735425956,V,A,385
GLLSSRLFPSVPVL,S,F,4,8,W,A,PRM_0299,-0.1824994760795407,S,F,299
DKHLPPLP,H,L,3,7,P,L,PRM_0152,0.7247968852501455,H,L,152
GGGRGPVGDYVVL,G,G,5,8,Y,V,PRM_0250,0.4044828324320907,G,G,250
GLLMSRLKPSVPVL,M,K,4,8,W,A,PRM_0299,-0.23229466556043807,M,K,299
RRVGHESPWL,V,G,3,4,R,L,PRM_0385,0.4074113712374662,V,G,385
DKHLPPEP,H,E,3,7,P,L,PRM_0152,0.7679302759913169,H,E,152
RRRWHESPWL,R,W,3,4,R,L,PRM_0385,0.02363365658594365,R,W,385
GLLMSRLNPSVPVL,M,N,4,8,W,A,PRM_0299,-0.095426579426909,M,N,299
DKHLPPDP,H,D,3,7,P,L,PRM_0152,0.7771817664934676,H,D,152
GGGRGPVVDYVVL,G,V,5,8,Y,V,PRM_0250,0.26788417537448594,G,V,250
RRRCHESPWL,R,C,3,4,R,L,PRM_0385,0.17338412376347845,R,C,385
GLLMSRLTPSVPVL,M,T,4,8,W,A,PRM_0299,-0.09015791014096658,M,T,299
RRVVHESPWL,V,V,3,4,R,L,PRM_0385,0.28773871803260315,V,V,385
DKHLPPAP,H,A,3,7,P,L,PRM_0152,0.7283330138730555,H,A,152
GGGRGPV*DYVVL,G,*,5,8,Y,V,PRM_0250,0.5781930664816929,G,*,250
RRRFHESPWL,R,F,3,4,R,L,PRM_0385,0.10729456456152021,R,F,385
GLLMSRLRPSVPVL,M,R,4,8,W,A,PRM_0299,-0.3705554085038351,M,R,299
RRV*HESPWL,V,*,3,4,R,L,PRM_0385,0.6218849680194316,V,*,385
DKHLPPGP,H,G,3,7,P,L,PRM_0152,0.837551648212014,H,G,152
GGGRGPVYDYVVL,G,Y,5,8,Y,V,PRM_0250,0.18685899490198282,G,Y,250
RRSKHESPWL,S,K,3,4,R,L,PRM_0385,0.3503775151513577,S,K,385
GLLMSRLSPSVPVL,M,S,4,8,W,A,PRM_0299,-0.2091332773511383,M,S,299
RRVYHESPWL,V,Y,3,4,R,L,PRM_0385,0.24706115434386494,V,Y,385
RRSNHESPWL,S,N,3,4,R,L,PRM_0385,0.36070581493365916,S,N,385
GLLMSRLMPSVPVL,M,M,4,8,W,A,PRM_0299,-0.348326486600107,M,M,299
DKHLPPVP,H,V,3,7,P,L,PRM_0152,0.7775186093348858,H,V,152
RRSTHESPWL,S,T,3,4,R,L,PRM_0385,0.312232794371776,S,T,385
GLLMSRLIPSVPVL,M,I,4,8,W,A,PRM_0299,-0.3175191225190001,M,I,299
GGGRGPVWDYVVL,G,W,5,8,Y,V,PRM_0250,0.11342974437144482,G,W,250
GLLMSRLQPSVPVL,M,Q,4,8,W,A,PRM_0299,-0.25020145901711177,M,Q,299
RRVWHESPWL,V,W,3,4,R,L,PRM_0385,0.22615759472834027,V,W,385
DKHLPP*P,H,*,3,7,P,L,PRM_0152,0.7769642660061145,H,*,152
GGGRGPVCDYVVL,G,C,5,8,Y,V,PRM_0250,0.3459096301133766,G,C,250
RRSRHESPWL,S,R,3,4,R,L,PRM_0385,0.16589528738000922,S,R,385
GLLMSRLHPSVPVL,M,H,4,8,W,A,PRM_0299,-0.2191913688866151,M,H,299
RRVCHESPWL,V,C,3,4,R,L,PRM_0385,0.3291252981636431,V,C,385
RRSSHESPWL,S,S,3,4,R,L,PRM_0385,0.3289511818412566,S,S,385
GLLMSRLPPSVPVL,M,P,4,8,W,A,PRM_0299,-0.4067033053367969,M,P,299
GGGRGPVFDYVVL,G,F,5,8,Y,V,PRM_0250,0.15120613046215456,G,F,250
RRSMHESPWL,S,M,3,4,R,L,PRM_0385,0.23552424982011286,S,M,385
RRVFHESPWL,V,F,3,4,R,L,PRM_0385,0.24070174079328918,V,F,385
DKHLPPWP,H,W,3,7,P,L,PRM_0152,0.6825822711965122,H,W,152
RRSIHESPWL,S,I,3,4,R,L,PRM_0385,0.1689620321493752,S,I,385
DKHLPPCP,H,C,3,7,P,L,PRM_0152,0.7555920022958733,H,C,152
RRSQHESPWL,S,Q,3,4,R,L,PRM_0385,0.33050225857534865,S,Q,385
RRSHHESPWL,S,H,3,4,R,L,PRM_0385,0.2754426988690962,S,H,385
GLLMSRLLPSVPVL,M,L,4,8,W,A,PRM_0299,-0.20525172475659167,M,L,299
DKHLPPFP,H,F,3,7,P,L,PRM_0152,0.7170001270520423,H,F,152
RRSPHESPWL,S,P,3,4,R,L,PRM_0385,0.3386675698293996,S,P,385
DKPLPPKP,P,K,3,7,P,L,PRM_0152,0.9060743300043779,P,K,152
GLLMSRLEPSVPVL,M,E,4,8,W,A,PRM_0299,-0.0664723815512561,M,E,299
DKPLPPNP,P,N,3,7,P,L,PRM_0152,0.7621843411660498,P,N,152
GLLMSRLDPSVPVL,M,D,4,8,W,A,PRM_0299,-0.0024363401258030073,M,D,299
DKPLPPTP,P,T,3,7,P,L,PRM_0152,0.6353863673337868,P,T,152
GLLMSRLAPSVPVL,M,A,4,8,W,A,PRM_0299,-0.27417629840737257,M,A,299
DKPLPPRP,P,R,3,7,P,L,PRM_0152,0.8204774438570416,P,R,152
RRSLHESPWL,S,L,3,4,R,L,PRM_0385,0.23024022622940146,S,L,385
DKPLPPSP,P,S,3,7,P,L,PRM_0152,0.6813700205109512,P,S,152
GLLMSRLGPSVPVL,M,G,4,8,W,A,PRM_0299,-0.11386534297021095,M,G,299
GLL*SRLKPSVPVL,*,K,4,8,W,A,PRM_0299,0.31100537594376465,*,K,299
DKPLPPIP,P,I,3,7,P,L,PRM_0152,0.6168434507126994,P,I,152
RRSEHESPWL,S,E,3,4,R,L,PRM_0385,0.45895393616693003,S,E,385
GLL*SRLNPSVPVL,*,N,4,8,W,A,PRM_0299,0.35340747596943595,*,N,299
DKPLPPQP,P,Q,3,7,P,L,PRM_0152,0.6958560588488181,P,Q,152
RRSDHESPWL,S,D,3,4,R,L,PRM_0385,0.4601684190957303,S,D,385
GLLMSRLVPSVPVL,M,V,4,8,W,A,PRM_0299,-0.25019726917415386,M,V,299
GLL*SRLTPSVPVL,*,T,4,8,W,A,PRM_0299,0.45600623564443493,*,T,299
RRSAHESPWL,S,A,3,4,R,L,PRM_0385,0.36240627506063117,S,A,385
DKPLPPEP,P,E,3,7,P,L,PRM_0152,0.7172333265745452,P,E,152
GLLMSRL*PSVPVL,M,*,4,8,W,A,PRM_0299,-0.0684837423524475,M,*,299
GLL*SRLRPSVPVL,*,R,4,8,W,A,PRM_0299,0.45017949452877654,*,R,299
DKPLPPDP,P,D,3,7,P,L,PRM_0152,0.5764523225518907,P,D,152
RRSGHESPWL,S,G,3,4,R,L,PRM_0385,0.4526130014952625,S,G,385
GLLMSRLYPSVPVL,M,Y,4,8,W,A,PRM_0299,-0.25326421356204887,M,Y,299
GLL*SRLSPSVPVL,*,S,4,8,W,A,PRM_0299,0.35068327928935383,*,S,299
DKPLPPAP,P,A,3,7,P,L,PRM_0152,0.7225161530072909,P,A,152
GLL*SRLMPSVPVL,*,M,4,8,W,A,PRM_0299,0.3104021398718144,*,M,299
DKPLPPGP,P,G,3,7,P,L,PRM_0152,0.776035706028311,P,G,152
RRSVHESPWL,S,V,3,4,R,L,PRM_0385,0.334581859189548,S,V,385
GLL*SRLIPSVPVL,*,I,4,8,W,A,PRM_0299,0.24552524512272966,*,I,299
GLLMSRLWPSVPVL,M,W,4,8,W,A,PRM_0299,-0.2778105442410828,M,W,299
GLL*SRLQPSVPVL,*,Q,4,8,W,A,PRM_0299,0.38514619158124236,*,Q,299
DKPLPPVP,P,V,3,7,P,L,PRM_0152,0.6757070422863226,P,V,152
RRS*HESPWL,S,*,3,4,R,L,PRM_0385,0.6573028933302547,S,*,385
GLLMSRLCPSVPVL,M,C,4,8,W,A,PRM_0299,-0.19688993257060924,M,C,299
GLL*SRLHPSVPVL,*,H,4,8,W,A,PRM_0299,0.2305182034622331,*,H,299
RRSYHESPWL,S,Y,3,4,R,L,PRM_0385,0.20230266434444674,S,Y,385
GLL*SRLPPSVPVL,*,P,4,8,W,A,PRM_0299,0.29710490487581204,*,P,299
DKPLPPYP,P,Y,3,7,P,L,PRM_0152,0.8157735923173768,P,Y,152
GLLMSRLFPSVPVL,M,F,4,8,W,A,PRM_0299,-0.3250366070372905,M,F,299
GLLISRLKPSVPVL,I,K,4,8,W,A,PRM_0299,-0.28127790353391713,I,K,299
DKPLPPWP,P,W,3,7,P,L,PRM_0152,0.6209632053602576,P,W,152
RRSWHESPWL,S,W,3,4,R,L,PRM_0385,0.16087916740974775,S,W,385
GLLISRLNPSVPVL,I,N,4,8,W,A,PRM_0299,-0.29573621030470143,I,N,299
DKPLPPLP,P,L,3,7,P,L,PRM_0152,0.6042995850382404,P,L,152
RRSCHESPWL,S,C,3,4,R,L,PRM_0385,0.3398279640433755,S,C,385
GLLISRLTPSVPVL,I,T,4,8,W,A,PRM_0299,-0.10923307934229333,I,T,299
GLL*SRLLPSVPVL,*,L,4,8,W,A,PRM_0299,0.3421851207116031,*,L,299
DKPLPPFP,P,F,3,7,P,L,PRM_0152,0.702191713581207,P,F,152
RRSFHESPWL,S,F,3,4,R,L,PRM_0385,0.23476328885742798,S,F,385
GLLISRLRPSVPVL,I,R,4,8,W,A,PRM_0299,-0.35719481106785245,I,R,299
GLL*SRLEPSVPVL,*,E,4,8,W,A,PRM_0299,0.45107991614920306,*,E,299
RRMKHESPWL,M,K,3,4,R,L,PRM_0385,0.26237555045612737,M,K,385
GLLISRLSPSVPVL,I,S,4,8,W,A,PRM_0299,-0.3433373266095612,I,S,299
GLL*SRLDPSVPVL,*,D,4,8,W,A,PRM_0299,0.3902686357755721,*,D,299
RRMNHESPWL,M,N,3,4,R,L,PRM_0385,0.3117021627439033,M,N,385
GLLISRLMPSVPVL,I,M,4,8,W,A,PRM_0299,-0.38459470623638,I,M,299
GLL*SRLAPSVPVL,*,A,4,8,W,A,PRM_0299,0.2998499278690869,*,A,299
RRMTHESPWL,M,T,3,4,R,L,PRM_0385,0.1883004149413495,M,T,385
GLLISRLIPSVPVL,I,I,4,8,W,A,PRM_0299,-0.33968761893894833,I,I,299
GLLISRLQPSVPVL,I,Q,4,8,W,A,PRM_0299,-0.3305542847151518,I,Q,299
GLL*SRLGPSVPVL,*,G,4,8,W,A,PRM_0299,0.3818734743675043,*,G,299
DKPLPPMP,P,M,3,7,P,L,PRM_0152,0.7061596587826618,P,M,152
RRMRHESPWL,M,R,3,4,R,L,PRM_0385,0.14762260699853272,M,R,385
GLLISRLHPSVPVL,I,H,4,8,W,A,PRM_0299,-0.3208152574902305,I,H,299
RRMSHESPWL,M,S,3,4,R,L,PRM_0385,0.27654847819581424,M,S,385
GLLISRLPPSVPVL,I,P,4,8,W,A,PRM_0299,-0.44893845498429974,I,P,299
GLL*SRLVPSVPVL,*,V,4,8,W,A,PRM_0299,0.37216834199685056,*,V,299
RRMMHESPWL,M,M,3,4,R,L,PRM_0385,0.18216655543021318,M,M,385
GGGRVPVKDYVVL,V,K,5,8,Y,V,PRM_0250,0.36226227901492253,V,K,250
RRMIHESPWL,M,I,3,4,R,L,PRM_0385,0.12999846199740964,M,I,385
RR*KHESPWL,*,K,3,4,R,L,PRM_0385,0.6927552669789979,*,K,385
GLL*SRL*PSVPVL,*,*,4,8,W,A,PRM_0299,0.2973819869411449,*,*,299
GGGRVPVNDYVVL,V,N,5,8,Y,V,PRM_0250,0.36868073771716303,V,N,250
RRMQHESPWL,M,Q,3,4,R,L,PRM_0385,0.3618436904211006,M,Q,385
RR*NHESPWL,*,N,3,4,R,L,PRM_0385,0.7266160955716664,*,N,385
GLL*SRLYPSVPVL,*,Y,4,8,W,A,PRM_0299,0.3440351412521015,*,Y,299
GGGRVPVTDYVVL,V,T,5,8,Y,V,PRM_0250,0.3327297935859704,V,T,250
RRMHHESPWL,M,H,3,4,R,L,PRM_0385,0.2696603621814071,M,H,385
GLLISRLLPSVPVL,I,L,4,8,W,A,PRM_0299,-0.40116195996361564,I,L,299
RR*THESPWL,*,T,3,4,R,L,PRM_0385,0.6335148369161909,*,T,385
RRMPHESPWL,M,P,3,4,R,L,PRM_0385,0.3829822510382047,M,P,385
GGGRVPVRDYVVL,V,R,5,8,Y,V,PRM_0250,0.3206601385551735,V,R,250
GLLISRLEPSVPVL,I,E,4,8,W,A,PRM_0299,-0.1028758154704841,I,E,299
RR*RHESPWL,*,R,3,4,R,L,PRM_0385,0.6690571513918773,*,R,385
GLL*SRLWPSVPVL,*,W,4,8,W,A,PRM_0299,0.4162786274893303,*,W,299
GGGRVPVSDYVVL,V,S,5,8,Y,V,PRM_0250,0.3521021206155711,V,S,250
GLLISRLDPSVPVL,I,D,4,8,W,A,PRM_0299,-0.12168341201955239,I,D,299
RR*SHESPWL,*,S,3,4,R,L,PRM_0385,0.6231057757106334,*,S,385
GLL*SRLCPSVPVL,*,C,4,8,W,A,PRM_0299,0.29238215544524726,*,C,299
GGGRVPVMDYVVL,V,M,5,8,Y,V,PRM_0250,0.21888731886171442,V,M,250
RRMLHESPWL,M,L,3,4,R,L,PRM_0385,0.15043264591739913,M,L,385
GLLISRLAPSVPVL,I,A,4,8,W,A,PRM_0299,-0.32254768445098625,I,A,299
RR*MHESPWL,*,M,3,4,R,L,PRM_0385,0.6410912015145359,*,M,385
GGGRVPVIDYVVL,V,I,5,8,Y,V,PRM_0250,0.16291699323832998,V,I,250
RR*IHESPWL,*,I,3,4,R,L,PRM_0385,0.6447497450621567,*,I,385
GLL*SRLFPSVPVL,*,F,4,8,W,A,PRM_0299,0.294234690603479,*,F,299
GGGRVPVQDYVVL,V,Q,5,8,Y,V,PRM_0250,0.2788513828351262,V,Q,250
RRMEHESPWL,M,E,3,4,R,L,PRM_0385,0.4148141365541221,M,E,385
GLLISRLGPSVPVL,I,G,4,8,W,A,PRM_0299,-0.22724032162468558,I,G,299
RR*QHESPWL,*,Q,3,4,R,L,PRM_0385,0.6468306751508793,*,Q,385
GLLYSRLKPSVPVL,Y,K,4,8,W,A,PRM_0299,-0.1817427289555479,Y,K,299
GGGRVPVHDYVVL,V,H,5,8,Y,V,PRM_0250,0.28382466434957243,V,H,250
RRMDHESPWL,M,D,3,4,R,L,PRM_0385,0.30510340861660895,M,D,385
RR*HHESPWL,*,H,3,4,R,L,PRM_0385,0.47981840865018566,*,H,385
GLLYSRLNPSVPVL,Y,N,4,8,W,A,PRM_0299,-0.09885861337461486,Y,N,299
GGGRVPVPDYVVL,V,P,5,8,Y,V,PRM_0250,0.2988839747155267,V,P,250
RRMAHESPWL,M,A,3,4,R,L,PRM_0385,0.2860805261742573,M,A,385
GLLISRLVPSVPVL,I,V,4,8,W,A,PRM_0299,-0.2919793169060244,I,V,299
RR*PHESPWL,*,P,3,4,R,L,PRM_0385,0.6576638255565461,*,P,385
GLLYSRLTPSVPVL,Y,T,4,8,W,A,PRM_0299,-0.23781287872816514,Y,T,299
DKPLPP*P,P,*,3,7,P,L,PRM_0152,0.7792389332600409,P,*,152
RRMGHESPWL,M,G,3,4,R,L,PRM_0385,0.2870839379241732,M,G,385
GLLISRL*PSVPVL,I,*,4,8,W,A,PRM_0299,-0.22521411676839473,I,*,299
GLLYSRLRPSVPVL,Y,R,4,8,W,A,PRM_0299,-0.41289912034020027,Y,R,299
GLLISRLYPSVPVL,I,Y,4,8,W,A,PRM_0299,-0.4018973727804556,I,Y,299
GLLYSRLSPSVPVL,Y,S,4,8,W,A,PRM_0299,-0.2682474856658565,Y,S,299
GGGRVPVLDYVVL,V,L,5,8,Y,V,PRM_0250,0.14724506833662815,V,L,250
RRMVHESPWL,M,V,3,4,R,L,PRM_0385,0.19576170192603218,M,V,385
RR*LHESPWL,*,L,3,4,R,L,PRM_0385,0.5849855518980472,*,L,385
GLLYSRLMPSVPVL,Y,M,4,8,W,A,PRM_0299,-0.27851983015698595,Y,M,299
GLLYSRLIPSVPVL,Y,I,4,8,W,A,PRM_0299,-0.5562268492626066,Y,I,299
DKRLPPKP,R,K,3,7,P,L,PRM_0152,0.8699425549903171,R,K,152
GGGRVPVEDYVVL,V,E,5,8,Y,V,PRM_0250,0.3471761086098897,V,E,250
RRM*HESPWL,M,*,3,4,R,L,PRM_0385,0.6765318957824555,M,*,385
GLLISRLWPSVPVL,I,W,4,8,W,A,PRM_0299,-0.31201568247141315,I,W,299
RR*EHESPWL,*,E,3,4,R,L,PRM_0385,0.6745503357269539,*,E,385
GLLYSRLQPSVPVL,Y,Q,4,8,W,A,PRM_0299,-0.3701199048429383,Y,Q,299
DKRLPPNP,R,N,3,7,P,L,PRM_0152,0.7684024264313114,R,N,152
GGGRVPVDDYVVL,V,D,5,8,Y,V,PRM_0250,0.38328465395131894,V,D,250
RRMYHESPWL,M,Y,3,4,R,L,PRM_0385,0.10664765275404019,M,Y,385
GLLISRLCPSVPVL,I,C,4,8,W,A,PRM_0299,-0.4282579088165923,I,C,299
RR*DHESPWL,*,D,3,4,R,L,PRM_0385,0.6136062303637755,*,D,385
GLLYSRLHPSVPVL,Y,H,4,8,W,A,PRM_0299,-0.4627180566836412,Y,H,299
GGGRVPVADYVVL,V,A,5,8,Y,V,PRM_0250,0.3167791436757996,V,A,250
RR*AHESPWL,*,A,3,4,R,L,PRM_0385,0.715585583547659,*,A,385
GLLYSRLPPSVPVL,Y,P,4,8,W,A,PRM_0299,-0.32035852107935975,Y,P,299
GLLISRLFPSVPVL,I,F,4,8,W,A,PRM_0299,-0.33572336140395825,I,F,299
GGGRVPVGDYVVL,V,G,5,8,Y,V,PRM_0250,0.34454408498523015,V,G,250
RRMWHESPWL,M,W,3,4,R,L,PRM_0385,0.2597559884278848,M,W,385
GLLQSRLKPSVPVL,Q,K,4,8,W,A,PRM_0299,-0.030261213170456717,Q,K,299
RR*GHESPWL,*,G,3,4,R,L,PRM_0385,0.7206446007081735,*,G,385
RRMCHESPWL,M,C,3,4,R,L,PRM_0385,0.32060269792344637,M,C,385
GLLQSRLNPSVPVL,Q,N,4,8,W,A,PRM_0299,0.03794053352794956,Q,N,299
GGGRVPVVDYVVL,V,V,5,8,Y,V,PRM_0250,0.17856530806805718,V,V,250
GLLQSRLTPSVPVL,Q,T,4,8,W,A,PRM_0299,-0.11992876583261956,Q,T,299
RR*VHESPWL,*,V,3,4,R,L,PRM_0385,0.6771976264311923,*,V,385
GLLYSRLLPSVPVL,Y,L,4,8,W,A,PRM_0299,-0.3403978572038542,Y,L,299
RRMFHESPWL,M,F,3,4,R,L,PRM_0385,0.22499462151163022,M,F,385
GGGRVPV*DYVVL,V,*,5,8,Y,V,PRM_0250,0.623789723511118,V,*,250
RRIKHESPWL,I,K,3,4,R,L,PRM_0385,0.17537121085027232,I,K,385
GLLQSRLRPSVPVL,Q,R,4,8,W,A,PRM_0299,-0.1728054323579247,Q,R,299
RR**HESPWL,*,*,3,4,R,L,PRM_0385,0.6921969527659536,*,*,385
GLLYSRLEPSVPVL,Y,E,4,8,W,A,PRM_0299,-0.16725513417748308,Y,E,299
GGGRVPVYDYVVL,V,Y,5,8,Y,V,PRM_0250,0.12060385402234221,V,Y,250
RRINHESPWL,I,N,3,4,R,L,PRM_0385,0.29725392682770396,I,N,385
GLLQSRLSPSVPVL,Q,S,4,8,W,A,PRM_0299,0.004161272958119603,Q,S,299
RR*YHESPWL,*,Y,3,4,R,L,PRM_0385,0.5866958084603806,*,Y,385
GLLYSRLDPSVPVL,Y,D,4,8,W,A,PRM_0299,-0.15357070992588262,Y,D,299
DKRLPPPP,R,P,3,7,P,L,PRM_0152,0.7610535231666277,R,P,152
RRITHESPWL,I,T,3,4,R,L,PRM_0385,0.34582987717889924,I,T,385
GLLQSRLMPSVPVL,Q,M,4,8,W,A,PRM_0299,-0.1372174569043915,Q,M,299
GLLYSRLAPSVPVL,Y,A,4,8,W,A,PRM_0299,-0.3864652319217883,Y,A,299
GLLQSRLIPSVPVL,Q,I,4,8,W,A,PRM_0299,-0.33473356261955245,Q,I,299
GGGRVPVWDYVVL,V,W,5,8,Y,V,PRM_0250,0.0956305957705923,V,W,250
RRIRHESPWL,I,R,3,4,R,L,PRM_0385,0.1975835712007639,I,R,385
GLLQSRLQPSVPVL,Q,Q,4,8,W,A,PRM_0299,-0.1205145530412313,Q,Q,299
RR*WHESPWL,*,W,3,4,R,L,PRM_0385,0.6384582632117675,*,W,385
GLLYSRLGPSVPVL,Y,G,4,8,W,A,PRM_0299,-0.22937788526924652,Y,G,299
GGGRVPVCDYVVL,V,C,5,8,Y,V,PRM_0250,0.24329685988641128,V,C,250
RRISHESPWL,I,S,3,4,R,L,PRM_0385,0.25416450268654805,I,S,385
GLLQSRLHPSVPVL,Q,H,4,8,W,A,PRM_0299,-0.001369297943117668,Q,H,299
RR*CHESPWL,*,C,3,4,R,L,PRM_0385,0.6575717061681635,*,C,385
RRIMHESPWL,I,M,3,4,R,L,PRM_0385,0.18848827090423695,I,M,385
GLLQSRLPPSVPVL,Q,P,4,8,W,A,PRM_0299,-0.18966337816175494,Q,P,299
GLLYSRLVPSVPVL,Y,V,4,8,W,A,PRM_0299,-0.41378940325573643,Y,V,299
GGGRVPVFDYVVL,V,F,5,8,Y,V,PRM_0250,0.07215708442897953,V,F,250
RRIIHESPWL,I,I,3,4,R,L,PRM_0385,0.14136072130615343,I,I,385
RR*FHESPWL,*,F,3,4,R,L,PRM_0385,0.5444640201413288,*,F,385
RRIQHESPWL,I,Q,3,4,R,L,PRM_0385,0.29813580424059133,I,Q,385
RRYKHESPWL,Y,K,3,4,R,L,PRM_0385,0.2477932728110743,Y,K,385
GLLYSRL*PSVPVL,Y,*,4,8,W,A,PRM_0299,-0.029653746859092736,Y,*,299
RRIHHESPWL,I,H,3,4,R,L,PRM_0385,0.31800707356806823,I,H,385
GLLQSRLLPSVPVL,Q,L,4,8,W,A,PRM_0299,-0.2190390924453126,Q,L,299
RRYNHESPWL,Y,N,3,4,R,L,PRM_0385,0.24850321080439275,Y,N,385
GLLYSRLYPSVPVL,Y,Y,4,8,W,A,PRM_0299,-0.3517833114759465,Y,Y,299
RRIPHESPWL,I,P,3,4,R,L,PRM_0385,0.28023220867123705,I,P,385
RRYTHESPWL,Y,T,3,4,R,L,PRM_0385,0.2758398659492644,Y,T,385
GLLQSRLEPSVPVL,Q,E,4,8,W,A,PRM_0299,0.2723504707462273,Q,E,299
GLLQSRLDPSVPVL,Q,D,4,8,W,A,PRM_0299,0.0629705976055871,Q,D,299
RRYRHESPWL,Y,R,3,4,R,L,PRM_0385,0.1828845290961961,Y,R,385
GLLYSRLWPSVPVL,Y,W,4,8,W,A,PRM_0299,-0.4684253376267332,Y,W,299
RRILHESPWL,I,L,3,4,R,L,PRM_0385,0.18451018262645838,I,L,385
GLLQSRLAPSVPVL,Q,A,4,8,W,A,PRM_0299,-0.12077509056418125,Q,A,299
RRYSHESPWL,Y,S,3,4,R,L,PRM_0385,0.2067822709345771,Y,S,385
GLLYSRLCPSVPVL,Y,C,4,8,W,A,PRM_0299,-0.33319774799789315,Y,C,299
RRYMHESPWL,Y,M,3,4,R,L,PRM_0385,0.186035948962876,Y,M,385
RRIEHESPWL,I,E,3,4,R,L,PRM_0385,0.343856149608245,I,E,385
GLLQSRLGPSVPVL,Q,G,4,8,W,A,PRM_0299,0.009488911416409828,Q,G,299
RRYIHESPWL,Y,I,3,4,R,L,PRM_0385,0.07853335465982708,Y,I,385
GLLYSRLFPSVPVL,Y,F,4,8,W,A,PRM_0299,-0.3796307646404164,Y,F,299
RRIDHESPWL,I,D,3,4,R,L,PRM_0385,0.3289094838579276,I,D,385
RRYQHESPWL,Y,Q,3,4,R,L,PRM_0385,0.1628696017572435,Y,Q,385
RRIAHESPWL,I,A,3,4,R,L,PRM_0385,0.33238445537040573,I,A,385
GLLQSRLVPSVPVL,Q,V,4,8,W,A,PRM_0299,-0.027066941111654183,Q,V,299
RRYHHESPWL,Y,H,3,4,R,L,PRM_0385,0.13144175353333626,Y,H,385
RRYPHESPWL,Y,P,3,4,R,L,PRM_0385,0.23857849573920695,Y,P,385
RRIGHESPWL,I,G,3,4,R,L,PRM_0385,0.4223062441209114,I,G,385
GLLQSRL*PSVPVL,Q,*,4,8,W,A,PRM_0299,0.0354664887399665,Q,*,299
GLLQSRLYPSVPVL,Q,Y,4,8,W,A,PRM_0299,-0.26337729677258304,Q,Y,299
RRIVHESPWL,I,V,3,4,R,L,PRM_0385,0.2909753966169659,I,V,385
RRYLHESPWL,Y,L,3,4,R,L,PRM_0385,0.0996652187570948,Y,L,385
RRI*HESPWL,I,*,3,4,R,L,PRM_0385,0.6228363567029939,I,*,385
GLLQSRLWPSVPVL,Q,W,4,8,W,A,PRM_0299,-0.22654861886064587,Q,W,299
RRYEHESPWL,Y,E,3,4,R,L,PRM_0385,0.38348275929467657,Y,E,385
RRIYHESPWL,I,Y,3,4,R,L,PRM_0385,0.2654226065870047,I,Y,385
GLLQSRLCPSVPVL,Q,C,4,8,W,A,PRM_0299,-0.2508779791160017,Q,C,299
RRYDHESPWL,Y,D,3,4,R,L,PRM_0385,0.35823072829797864,Y,D,385
RRYAHESPWL,Y,A,3,4,R,L,PRM_0385,0.2337799130612891,Y,A,385
GLLQSRLFPSVPVL,Q,F,4,8,W,A,PRM_0299,-0.1356008284005846,Q,F,299
RRIWHESPWL,I,W,3,4,R,L,PRM_0385,0.2441334732173162,I,W,385
GLLHSRLKPSVPVL,H,K,4,8,W,A,PRM_0299,-0.018793909762814465,H,K,299
RRYGHESPWL,Y,G,3,4,R,L,PRM_0385,0.31081405369623294,Y,G,385
RRICHESPWL,I,C,3,4,R,L,PRM_0385,0.25656804972589414,I,C,385
GLLHSRLNPSVPVL,H,N,4,8,W,A,PRM_0299,0.010160700833529985,H,N,299
GLLHSRLTPSVPVL,H,T,4,8,W,A,PRM_0299,-0.0879023055672573,H,T,299
RRYVHESPWL,Y,V,3,4,R,L,PRM_0385,0.15619601137542316,Y,V,385
RRIFHESPWL,I,F,3,4,R,L,PRM_0385,0.15658117077248154,I,F,385
RRQKHESPWL,Q,K,3,4,R,L,PRM_0385,0.4284087486222972,Q,K,385
GLLHSRLRPSVPVL,H,R,4,8,W,A,PRM_0299,-0.17633753529347554,H,R,299
RRY*HESPWL,Y,*,3,4,R,L,PRM_0385,0.5418904058440507,Y,*,385
RRQNHESPWL,Q,N,3,4,R,L,PRM_0385,0.39626924805346103,Q,N,385
GLLHSRLSPSVPVL,H,S,4,8,W,A,PRM_0299,-0.21625924001321628,H,S,299
RRYYHESPWL,Y,Y,3,4,R,L,PRM_0385,0.15406329901606325,Y,Y,385
RRQTHESPWL,Q,T,3,4,R,L,PRM_0385,0.27443324789624884,Q,T,385
GLLHSRLMPSVPVL,H,M,4,8,W,A,PRM_0299,-0.055099462859458895,H,M,299
GLLHSRLIPSVPVL,H,I,4,8,W,A,PRM_0299,-0.4095719981543999,H,I,299
RRQRHESPWL,Q,R,3,4,R,L,PRM_0385,0.1544177423376189,Q,R,385
GLLHSRLQPSVPVL,H,Q,4,8,W,A,PRM_0299,-0.17936599627074076,H,Q,299
RRYWHESPWL,Y,W,3,4,R,L,PRM_0385,0.2808756882432856,Y,W,385
RRQSHESPWL,Q,S,3,4,R,L,PRM_0385,0.32797568979786834,Q,S,385
GLLHSRLHPSVPVL,H,H,4,8,W,A,PRM_0299,-0.1386561665828415,H,H,299
RRYCHESPWL,Y,C,3,4,R,L,PRM_0385,0.19009683101889452,Y,C,385
RRQMHESPWL,Q,M,3,4,R,L,PRM_0385,0.14219305116274175,Q,M,385
GLLHSRLPPSVPVL,H,P,4,8,W,A,PRM_0299,-0.3549759259044136,H,P,299
RRQIHESPWL,Q,I,3,4,R,L,PRM_0385,0.24551847306367494,Q,I,385
RRYFHESPWL,Y,F,3,4,R,L,PRM_0385,0.039056747871921704,Y,F,385
RRQQHESPWL,Q,Q,3,4,R,L,PRM_0385,0.38642038783531324,Q,Q,385
GGGR*PVKDYVVL,*,K,5,8,Y,V,PRM_0250,0.674171683930138,*,K,250
RRQHHESPWL,Q,H,3,4,R,L,PRM_0385,0.17898541008595645,Q,H,385
GGGR*PVNDYVVL,*,N,5,8,Y,V,PRM_0250,0.65181184112657,*,N,250
RRQPHESPWL,Q,P,3,4,R,L,PRM_0385,0.3734908031698599,Q,P,385
GLLHSRLLPSVPVL,H,L,4,8,W,A,PRM_0299,-0.18459302802797306,H,L,299
GGGR*PVTDYVVL,*,T,5,8,Y,V,PRM_0250,0.5780043920794998,*,T,250
GLLHSRLEPSVPVL,H,E,4,8,W,A,PRM_0299,-0.019311849447437163,H,E,299
GGGR*PVRDYVVL,*,R,5,8,Y,V,PRM_0250,0.6941167821385996,*,R,250
RRQLHESPWL,Q,L,3,4,R,L,PRM_0385,0.24065595346236862,Q,L,385
GLLHSRLDPSVPVL,H,D,4,8,W,A,PRM_0299,-0.10543662687477745,H,D,299
GGGR*PVSDYVVL,*,S,5,8,Y,V,PRM_0250,0.6316542186108415,*,S,250
GLLHSRLAPSVPVL,H,A,4,8,W,A,PRM_0299,-0.2559540002655467,H,A,299
GGGR*PVMDYVVL,*,M,5,8,Y,V,PRM_0250,0.6149826591325954,*,M,250
RRQEHESPWL,Q,E,3,4,R,L,PRM_0385,0.4855229599190554,Q,E,385
GGGR*PVIDYVVL,*,I,5,8,Y,V,PRM_0250,0.6725651399771329,*,I,250
RRQDHESPWL,Q,D,3,4,R,L,PRM_0385,0.41488088569242665,Q,D,385
GLLHSRLGPSVPVL,H,G,4,8,W,A,PRM_0299,-1.7799985944240773e-4,H,G,299
GGGR*PVQDYVVL,*,Q,5,8,Y,V,PRM_0250,0.6252910186415742,*,Q,250
RRQAHESPWL,Q,A,3,4,R,L,PRM_0385,0.37277809455846966,Q,A,385
GGGR*PVHDYVVL,*,H,5,8,Y,V,PRM_0250,0.6796067293140603,*,H,250
GLLHSRLVPSVPVL,H,V,4,8,W,A,PRM_0299,-0.14709796723011767,H,V,299
GGGR*PVPDYVVL,*,P,5,8,Y,V,PRM_0250,0.6418622172124221,*,P,250
RRQGHESPWL,Q,G,3,4,R,L,PRM_0385,0.46029763105298876,Q,G,385
GLLHSRL*PSVPVL,H,*,4,8,W,A,PRM_0299,0.12838163202613415,H,*,299
RRQVHESPWL,Q,V,3,4,R,L,PRM_0385,0.3075658591754579,Q,V,385
GLLHSRLYPSVPVL,H,Y,4,8,W,A,PRM_0299,-0.15125247272140013,H,Y,299
DKLLPPKP,L,K,3,7,P,L,PRM_0152,0.8371103906740931,L,K,152
GGGR*PVLDYVVL,*,L,5,8,Y,V,PRM_0250,0.645214989858128,*,L,250
DKLLPPNP,L,N,3,7,P,L,PRM_0152,0.7249624422281402,L,N,152
RRQ*HESPWL,Q,*,3,4,R,L,PRM_0385,0.652078448971341,Q,*,385
DKLLPPRP,L,R,3,7,P,L,PRM_0152,0.7788082858487304,L,R,152
GGGR*PVEDYVVL,*,E,5,8,Y,V,PRM_0250,0.6219221894326135,*,E,250
RRQYHESPWL,Q,Y,3,4,R,L,PRM_0385,0.16420550907791082,Q,Y,385
GLLHSRLWPSVPVL,H,W,4,8,W,A,PRM_0299,-0.3089351045521294,H,W,299
DKLLPPSP,L,S,3,7,P,L,PRM_0152,0.7678882886644932,L,S,152
GGGR*PVDDYVVL,*,D,5,8,Y,V,PRM_0250,0.7268174898474978,*,D,250
GLLHSRLCPSVPVL,H,C,4,8,W,A,PRM_0299,-0.14937979701995174,H,C,299
DKLLPPMP,L,M,3,7,P,L,PRM_0152,0.728694449536427,L,M,152
GGGR*PVADYVVL,*,A,5,8,Y,V,PRM_0250,0.641458382103675,*,A,250
DKLLPPIP,L,I,3,7,P,L,PRM_0152,0.6926277271070956,L,I,152
RRQWHESPWL,Q,W,3,4,R,L,PRM_0385,0.19370436492205154,Q,W,385
GLLHSRLFPSVPVL,H,F,4,8,W,A,PRM_0299,-0.2753787548657667,H,F,299
DKLLPPHP,L,H,3,7,P,L,PRM_0152,0.724796946757655,L,H,152
GGGR*PVGDYVVL,*,G,5,8,Y,V,PRM_0250,0.6734100634038447,*,G,250
RRQCHESPWL,Q,C,3,4,R,L,PRM_0385,0.29466945030238134,Q,C,385
GLLPSRLKPSVPVL,P,K,4,8,W,A,PRM_0299,0.08218924072044034,P,K,299
DKLLPPPP,L,P,3,7,P,L,PRM_0152,0.7526464834740823,L,P,152
GLLPSRLNPSVPVL,P,N,4,8,W,A,PRM_0299,-0.07166988573484753,P,N,299
GGGR*PVVDYVVL,*,V,5,8,Y,V,PRM_0250,0.6618981278161082,*,V,250
RRQFHESPWL,Q,F,3,4,R,L,PRM_0385,0.159881934233003,Q,F,385
GLLPSRLTPSVPVL,P,T,4,8,W,A,PRM_0299,-0.21792629615775067,P,T,299
RRHKHESPWL,H,K,3,4,R,L,PRM_0385,0.2835546821582599,H,K,385
GLLPSRLRPSVPVL,P,R,4,8,W,A,PRM_0299,-0.258842598824751,P,R,299
DKLLPPLP,L,L,3,7,P,L,PRM_0152,0.6819429390984202,L,L,152
GGGR*PV*DYVVL,*,*,5,8,Y,V,PRM_0250,0.6282391168753682,*,*,250
RRHTHESPWL,H,T,3,4,R,L,PRM_0385,0.3140338336987791,H,T,385
GLLPSRLSPSVPVL,P,S,4,8,W,A,PRM_0299,-0.09285790302710531,P,S,299
GGGR*PVYDYVVL,*,Y,5,8,Y,V,PRM_0250,0.6981796220599834,*,Y,250
RRHRHESPWL,H,R,3,4,R,L,PRM_0385,0.16083841718265368,H,R,385
GLLPSRLMPSVPVL,P,M,4,8,W,A,PRM_0299,-0.2878721009758592,P,M,299
DKLLPPEP,L,E,3,7,P,L,PRM_0152,0.7756094048288666,L,E,152
RRHSHESPWL,H,S,3,4,R,L,PRM_0385,0.2501957563907156,H,S,385
GLLPSRLIPSVPVL,P,I,4,8,W,A,PRM_0299,-0.17016161542378633,P,I,299
DKLLPPDP,L,D,3,7,P,L,PRM_0152,0.6645786456119622,L,D,152
RRHMHESPWL,H,M,3,4,R,L,PRM_0385,0.22869886133053982,H,M,385
GLLPSRLQPSVPVL,P,Q,4,8,W,A,PRM_0299,-0.07517219443870361,P,Q,299
DKLLPPAP,L,A,3,7,P,L,PRM_0152,0.796395964138877,L,A,152
GGGR*PVWDYVVL,*,W,5,8,Y,V,PRM_0250,0.6556003847574203,*,W,250
RRHIHESPWL,H,I,3,4,R,L,PRM_0385,0.27419557101364467,H,I,385
GGGR*PVCDYVVL,*,C,5,8,Y,V,PRM_0250,0.6636468511349881,*,C,250
RRHHHESPWL,H,H,3,4,R,L,PRM_0385,0.17747609815167786,H,H,385
DKLLPPGP,L,G,3,7,P,L,PRM_0152,0.8052895126878773,L,G,152
RRHPHESPWL,H,P,3,4,R,L,PRM_0385,0.21030944425922424,H,P,385
GLLPSRLLPSVPVL,P,L,4,8,W,A,PRM_0299,-0.22054347518883072,P,L,299
GGGR*PVFDYVVL,*,F,5,8,Y,V,PRM_0250,0.6725602665344428,*,F,250
DKLLPPVP,L,V,3,7,P,L,PRM_0152,0.7672498300358322,L,V,152
GGGRYPVKDYVVL,Y,K,5,8,Y,V,PRM_0250,0.24983806209014706,Y,K,250
GLLPSRLEPSVPVL,P,E,4,8,W,A,PRM_0299,0.07825738721883985,P,E,299
GGGRYPVNDYVVL,Y,N,5,8,Y,V,PRM_0250,0.16480468684935876,Y,N,250
GLLPSRLDPSVPVL,P,D,4,8,W,A,PRM_0299,0.03273506784862404,P,D,299
DKLLPP*P,L,*,3,7,P,L,PRM_0152,0.6637464017038747,L,*,152
GGGRYPVTDYVVL,Y,T,5,8,Y,V,PRM_0250,0.2315287795891079,Y,T,250
RRHLHESPWL,H,L,3,4,R,L,PRM_0385,0.23260652755216388,H,L,385
GLLPSRLAPSVPVL,P,A,4,8,W,A,PRM_0299,-0.034288649481457004,P,A,299
DKLLPPYP,L,Y,3,7,P,L,PRM_0152,0.625132351644375,L,Y,152
RRHEHESPWL,H,E,3,4,R,L,PRM_0385,0.37827422759761536,H,E,385
GGGRYPVRDYVVL,Y,R,5,8,Y,V,PRM_0250,0.23727063571180765,Y,R,250
RRHDHESPWL,H,D,3,4,R,L,PRM_0385,0.3856305097005637,H,D,385
GLLPSRLGPSVPVL,P,G,4,8,W,A,PRM_0299,0.022019585840780568,P,G,299
GGGRYPVSDYVVL,Y,S,5,8,Y,V,PRM_0250,0.15009765885218337,Y,S,250
RRHAHESPWL,H,A,3,4,R,L,PRM_0385,0.33035922464594575,H,A,385
DKLLPPWP,L,W,3,7,P,L,PRM_0152,0.5497118220492695,L,W,152
GGGRYPVMDYVVL,Y,M,5,8,Y,V,PRM_0250,0.10565119132826477,Y,M,250
GLLPSRLVPSVPVL,P,V,4,8,W,A,PRM_0299,-0.1521840878865914,P,V,299
DKLLPPCP,L,C,3,7,P,L,PRM_0152,0.6737299575782756,L,C,152
GGGRYPVIDYVVL,Y,I,5,8,Y,V,PRM_0250,0.12906316976045876,Y,I,250
RRHGHESPWL,H,G,3,4,R,L,PRM_0385,0.4312064136420846,H,G,385
GGGRYPVQDYVVL,Y,Q,5,8,Y,V,PRM_0250,0.2897885340576344,Y,Q,250
GLLPSRL*PSVPVL,P,*,4,8,W,A,PRM_0299,0.08392004052859822,P,*,299
DKLLPPFP,L,F,3,7,P,L,PRM_0152,0.6126521326348738,L,F,152
GGGRYPVHDYVVL,Y,H,5,8,Y,V,PRM_0250,0.20291510002199106,Y,H,250
RRHVHESPWL,H,V,3,4,R,L,PRM_0385,0.2319889869478285,H,V,385
GLLPSRLYPSVPVL,P,Y,4,8,W,A,PRM_0299,-0.2261954275607194,P,Y,299
GLLWSRLKPSVPVL,W,K,4,8,W,A,PRM_0299,-0.26091176478325284,W,K,299
GGGRYPVPDYVVL,Y,P,5,8,Y,V,PRM_0250,0.12594769212206552,Y,P,250
GLLWSRLNPSVPVL,W,N,4,8,W,A,PRM_0299,-0.30352059669500886,W,N,299
DKLLPPTP,L,T,3,7,P,L,PRM_0152,0.7843367427874383,L,T,152
RRH*HESPWL,H,*,3,4,R,L,PRM_0385,0.6799956457472732,H,*,385
GLLPSRLWPSVPVL,P,W,4,8,W,A,PRM_0299,-0.2555159554174804,P,W,299
GLLWSRLTPSVPVL,W,T,4,8,W,A,PRM_0299,-0.41161565332869376,W,T,299
RRHYHESPWL,H,Y,3,4,R,L,PRM_0385,0.22421137011798903,H,Y,385
GLLPSRLCPSVPVL,P,C,4,8,W,A,PRM_0299,-0.03681372437911727,P,C,299
GLLWSRLRPSVPVL,W,R,4,8,W,A,PRM_0299,-0.4635868300556798,W,R,299
GGGRYPVLDYVVL,Y,L,5,8,Y,V,PRM_0250,0.008714715430599058,Y,L,250
GLLPSRLFPSVPVL,P,F,4,8,W,A,PRM_0299,-0.24512812302665773,P,F,299
GLLWSRLSPSVPVL,W,S,4,8,W,A,PRM_0299,-0.36754404747929414,W,S,299
RRHWHESPWL,H,W,3,4,R,L,PRM_0385,0.2353792494999754,H,W,385
GLLWSRLMPSVPVL,W,M,4,8,W,A,PRM_0299,-0.34539490873276923,W,M,299
DKLLPPQP,L,Q,3,7,P,L,PRM_0152,0.7519233091359012,L,Q,152
GGGRYPVEDYVVL,Y,E,5,8,Y,V,PRM_0250,0.3344670035106077,Y,E,250
RRHCHESPWL,H,C,3,4,R,L,PRM_0385,0.30285466935695243,H,C,385
GLLWSRLIPSVPVL,W,I,4,8,W,A,PRM_0299,-0.5110900239629601,W,I,299
GGGRYPVDDYVVL,Y,D,5,8,Y,V,PRM_0250,0.36827021964050183,Y,D,250
GLLWSRLQPSVPVL,W,Q,4,8,W,A,PRM_0299,-0.33627877934754075,W,Q,299
GGGRYPVADYVVL,Y,A,5,8,Y,V,PRM_0250,0.3034715731043411,Y,A,250
RRHFHESPWL,H,F,3,4,R,L,PRM_0385,0.17909912480659967,H,F,385
GLLWSRLHPSVPVL,W,H,4,8,W,A,PRM_0299,0.2697787368033161,W,H,299
RRPKHESPWL,P,K,3,4,R,L,PRM_0385,0.31438957492802,P,K,385
GLLWSRLPPSVPVL,W,P,4,8,W,A,PRM_0299,-0.3780755766876051,W,P,299
GGGRYPVGDYVVL,Y,G,5,8,Y,V,PRM_0250,0.2421678588075845,Y,G,250
RRPNHESPWL,P,N,3,4,R,L,PRM_0385,0.3263741316418255,P,N,385
RRPTHESPWL,P,T,3,4,R,L,PRM_0385,0.368462670684239,P,T,385
GGGRYPVVDYVVL,Y,V,5,8,Y,V,PRM_0250,0.16788873133393786,Y,V,250
RRPRHESPWL,P,R,3,4,R,L,PRM_0385,0.2085740740575052,P,R,385
RRPSHESPWL,P,S,3,4,R,L,PRM_0385,0.27045021958430715,P,S,385
GLLWSRLLPSVPVL,W,L,4,8,W,A,PRM_0299,-0.4958559050877534,W,L,299
GGGRYPV*DYVVL,Y,*,5,8,Y,V,PRM_0250,0.5167151104045418,Y,*,250
RRPMHESPWL,P,M,3,4,R,L,PRM_0385,0.21373782148313114,P,M,385
GLLPSRLHPSVPVL,P,H,4,8,W,A,PRM_0299,0.02917572176620901,P,H,299
GGGRYPVYDYVVL,Y,Y,5,8,Y,V,PRM_0250,-0.012920236987047591,Y,Y,250
RRPIHESPWL,P,I,3,4,R,L,PRM_0385,0.27131617047009204,P,I,385
GLLPSRLPPSVPVL,P,P,4,8,W,A,PRM_0299,-0.3018213567596374,P,P,299
GLLWSRLEPSVPVL,W,E,4,8,W,A,PRM_0299,-0.27112482238557273,W,E,299
RRPHHESPWL,P,H,3,4,R,L,PRM_0385,0.2482509628629311,P,H,385
GLLWSRLDPSVPVL,W,D,4,8,W,A,PRM_0299,-0.20014458677671884,W,D,299
RRPPHESPWL,P,P,3,4,R,L,PRM_0385,0.2948094264059954,P,P,385
GLLWSRLAPSVPVL,W,A,4,8,W,A,PRM_0299,0.12452488709329348,W,A,299
GGGRYPVWDYVVL,Y,W,5,8,Y,V,PRM_0250,0.049012193712365676,Y,W,250
GGGRYPVCDYVVL,Y,C,5,8,Y,V,PRM_0250,0.12645583622370005,Y,C,250
GLLWSRLGPSVPVL,W,G,4,8,W,A,PRM_0299,-0.20636487856134558,W,G,299
RRPLHESPWL,P,L,3,4,R,L,PRM_0385,0.262362292658495,P,L,385
RRWKHESPWL,W,K,3,4,R,L,PRM_0385,0.13017746202461725,W,K,385
GGGRYPVFDYVVL,Y,F,5,8,Y,V,PRM_0250,-0.009532772209220568,Y,F,250
RRWNHESPWL,W,N,3,4,R,L,PRM_0385,0.18998928131385304,W,N,385
GLLWSRLVPSVPVL,W,V,4,8,W,A,PRM_0299,-0.39438707511567284,W,V,299
GGGRSPVKDYVVL,S,K,5,8,Y,V,PRM_0250,0.4251748688367395,S,K,250
RRPEHESPWL,P,E,3,4,R,L,PRM_0385,0.4717709542501006,P,E,385
RRWTHESPWL,W,T,3,4,R,L,PRM_0385,0.15153284053097466,W,T,385
GGGRSPVNDYVVL,S,N,5,8,Y,V,PRM_0250,0.31802131525279825,S,N,250
RRPDHESPWL,P,D,3,4,R,L,PRM_0385,0.38034552210681566,P,D,385
GLLWSRL*PSVPVL,W,*,4,8,W,A,PRM_0299,-0.24105664691174616,W,*,299
GGGRSPVTDYVVL,S,T,5,8,Y,V,PRM_0250,0.35881442702662575,S,T,250
RRPAHESPWL,P,A,3,4,R,L,PRM_0385,0.3275709996134118,P,A,385
RRWRHESPWL,W,R,3,4,R,L,PRM_0385,0.1158576625639671,W,R,385
GLLWSRLYPSVPVL,W,Y,4,8,W,A,PRM_0299,-0.29226288327074107,W,Y,299
DKELPPKP,E,K,3,7,P,L,PRM_0152,0.8572531153937847,E,K,152
GGGRSPVRDYVVL,S,R,5,8,Y,V,PRM_0250,0.3278044489878252,S,R,250
RRWSHESPWL,W,S,3,4,R,L,PRM_0385,0.16353425520298878,W,S,385
DKELPPNP,E,N,3,7,P,L,PRM_0152,0.7961347875225531,E,N,152
GGGRSPVSDYVVL,S,S,5,8,Y,V,PRM_0250,0.29503630787809637,S,S,250
RRPGHESPWL,P,G,3,4,R,L,PRM_0385,0.39010809880061026,P,G,385
RRWMHESPWL,W,M,3,4,R,L,PRM_0385,0.22575804436911434,W,M,385
DKELPPTP,E,T,3,7,P,L,PRM_0152,0.8490658673230386,E,T,152
GGGRSPVMDYVVL,S,M,5,8,Y,V,PRM_0250,0.27525874940408684,S,M,250
RRWIHESPWL,W,I,3,4,R,L,PRM_0385,0.03655947529408227,W,I,385
GLLWSRLWPSVPVL,W,W,4,8,W,A,PRM_0299,-0.37006297551931033,W,W,299
DKELPPRP,E,R,3,7,P,L,PRM_0152,0.803421883928242,E,R,152
GGGRSPVIDYVVL,S,I,5,8,Y,V,PRM_0250,0.2693315018486913,S,I,250
RRPVHESPWL,P,V,3,4,R,L,PRM_0385,0.3107014551590747,P,V,385
RRWQHESPWL,W,Q,3,4,R,L,PRM_0385,0.34004458052975256,W,Q,385
GLLWSRLCPSVPVL,W,C,4,8,W,A,PRM_0299,-0.38896683273904503,W,C,299
DKELPPSP,E,S,3,7,P,L,PRM_0152,0.7992440835645123,E,S,152
GGGRSPVQDYVVL,S,Q,5,8,Y,V,PRM_0250,0.3365241702771808,S,Q,250
RRWHHESPWL,W,H,3,4,R,L,PRM_0385,0.1350657954451599,W,H,385
DKELPPMP,E,M,3,7,P,L,PRM_0152,0.8078753111530015,E,M,152
GGGRSPVHDYVVL,S,H,5,8,Y,V,PRM_0250,0.18477348648038083,S,H,250
RRP*HESPWL,P,*,3,4,R,L,PRM_0385,0.664202345130028,P,*,385
RRWPHESPWL,W,P,3,4,R,L,PRM_0385,0.20945266733905038,W,P,385
GLLWSRLFPSVPVL,W,F,4,8,W,A,PRM_0299,-0.4016038252906259,W,F,299
DKELPPIP,E,I,3,7,P,L,PRM_0152,0.7052041361194522,E,I,152
GGGRSPVPDYVVL,S,P,5,8,Y,V,PRM_0250,0.29340742437946604,S,P,250
RRPYHESPWL,P,Y,3,4,R,L,PRM_0385,0.04207028311393205,P,Y,385
GLLCSRLKPSVPVL,C,K,4,8,W,A,PRM_0299,-0.028774404089991296,C,K,299
DKELPPQP,E,Q,3,7,P,L,PRM_0152,0.6973056874164549,E,Q,152
GLLCSRLNPSVPVL,C,N,4,8,W,A,PRM_0299,-0.17556931359327024,C,N,299
DKELPPHP,E,H,3,7,P,L,PRM_0152,0.8960182044525802,E,H,152
GLLCSRLTPSVPVL,C,T,4,8,W,A,PRM_0299,-0.17482495575558965,C,T,299
DKELPPPP,E,P,3,7,P,L,PRM_0152,0.5687633751332382,E,P,152
GGGRSPVLDYVVL,S,L,5,8,Y,V,PRM_0250,0.24014834354973866,S,L,250
RRPWHESPWL,P,W,3,4,R,L,PRM_0385,0.17148328520800005,P,W,385
RRWLHESPWL,W,L,3,4,R,L,PRM_0385,0.0814903231415794,W,L,385
RRPCHESPWL,P,C,3,4,R,L,PRM_0385,0.3049758879392017,P,C,385
GLLCSRLRPSVPVL,C,R,4,8,W,A,PRM_0299,-0.2950099529926734,C,R,299
GGGRSPVEDYVVL,S,E,5,8,Y,V,PRM_0250,0.3954962184539416,S,E,250
GLLRSRLKPSVPVL,R,K,4,8,W,A,PRM_0299,-0.11541026596414533,R,K,299
RRWEHESPWL,W,E,3,4,R,L,PRM_0385,0.2917411995555479,W,E,385
GLLCSRLSPSVPVL,C,S,4,8,W,A,PRM_0299,-0.15439457718349184,C,S,299
DKELPPLP,E,L,3,7,P,L,PRM_0152,0.7412656445929721,E,L,152
GGGRSPVDDYVVL,S,D,5,8,Y,V,PRM_0250,0.34791264417677475,S,D,250
RRPFHESPWL,P,F,3,4,R,L,PRM_0385,0.2729158111339048,P,F,385
GLLRSRLNPSVPVL,R,N,4,8,W,A,PRM_0299,-0.1308684535708275,R,N,299
RRWDHESPWL,W,D,3,4,R,L,PRM_0385,0.32814489524238294,W,D,385
GLLCSRLMPSVPVL,C,M,4,8,W,A,PRM_0299,-0.4017882823214137,C,M,299
GGGRSPVADYVVL,S,A,5,8,Y,V,PRM_0250,0.35147620944438995,S,A,250
GLLRSRLTPSVPVL,R,T,4,8,W,A,PRM_0299,-0.1865258664695563,R,T,299
RRWAHESPWL,W,A,3,4,R,L,PRM_0385,0.15489008109527205,W,A,385
GLLCSRLIPSVPVL,C,I,4,8,W,A,PRM_0299,-0.2846049164530236,C,I,299
DKELPPEP,E,E,3,7,P,L,PRM_0152,0.8253337026376831,E,E,152
GLLCSRLQPSVPVL,C,Q,4,8,W,A,PRM_0299,-0.10419607460830084,C,Q,299
DKELPPDP,E,D,3,7,P,L,PRM_0152,0.8094052616565803,E,D,152
GGGRSPVGDYVVL,S,G,5,8,Y,V,PRM_0250,0.34999598274214144,S,G,250
GLLRSRLRPSVPVL,R,R,4,8,W,A,PRM_0299,-0.2416284590241667,R,R,299
RRWGHESPWL,W,G,3,4,R,L,PRM_0385,0.2174449040204508,W,G,385
GLLCSRLHPSVPVL,C,H,4,8,W,A,PRM_0299,-0.15398566864551225,C,H,299
DKELPPAP,E,A,3,7,P,L,PRM_0152,0.8909481689887788,E,A,152
GLLCSRLPPSVPVL,C,P,4,8,W,A,PRM_0299,-0.20328735719767077,C,P,299
GGGRSPVVDYVVL,S,V,5,8,Y,V,PRM_0250,0.3299727467016171,S,V,250
GLLRSRLMPSVPVL,R,M,4,8,W,A,PRM_0299,-0.33583294521303836,R,M,299
RRWVHESPWL,W,V,3,4,R,L,PRM_0385,0.12941817826704757,W,V,385
DKELPPGP,E,G,3,7,P,L,PRM_0152,0.8470144946884397,E,G,152
GLLRSRLIPSVPVL,R,I,4,8,W,A,PRM_0299,-0.16912761192185213,R,I,299
GGGRSPV*DYVVL,S,*,5,8,Y,V,PRM_0250,0.6836183977995701,S,*,250
GLLRSRLQPSVPVL,R,Q,4,8,W,A,PRM_0299,-0.08561606644001007,R,Q,299
RRW*HESPWL,W,*,3,4,R,L,PRM_0385,0.46595842997316805,W,*,385
DKELPPVP,E,V,3,7,P,L,PRM_0152,0.7859552270185353,E,V,152
GGGRSPVYDYVVL,S,Y,5,8,Y,V,PRM_0250,0.10469983856784679,S,Y,250
GLLRSRLHPSVPVL,R,H,4,8,W,A,PRM_0299,-0.06018111859657093,R,H,299
RRWYHESPWL,W,Y,3,4,R,L,PRM_0385,0.07988884850037187,W,Y,385
GLLCSRLLPSVPVL,C,L,4,8,W,A,PRM_0299,-0.2753787548657667,C,L,299
GLLRSRLPPSVPVL,R,P,4,8,W,A,PRM_0299,-0.28415707448570465,R,P,299
DKELPP*P,E,*,3,7,P,L,PRM_0152,0.7222512815029676,E,*,152
GLLCSRLEPSVPVL,C,E,4,8,W,A,PRM_0299,-0.10688536547574844,C,E,299
DKELPPYP,E,Y,3,7,P,L,PRM_0152,0.7693336118315567,E,Y,152
GGGRSPVWDYVVL,S,W,5,8,Y,V,PRM_0250,0.162225218319304,S,W,250
RRWWHESPWL,W,W,3,4,R,L,PRM_0385,0.1651869932094974,W,W,385
GLLCSRLDPSVPVL,C,D,4,8,W,A,PRM_0299,-0.04427564172830162,C,D,299
GGGRSPVCDYVVL,S,C,5,8,Y,V,PRM_0250,0.282132784483573,S,C,250
RRWCHESPWL,W,C,3,4,R,L,PRM_0385,0.1426685779669589,W,C,385
GLLCSRLAPSVPVL,C,A,4,8,W,A,PRM_0299,-0.1974581212975585,C,A,299
DKELPPWP,E,W,3,7,P,L,PRM_0152,0.6762254780215591,E,W,152
GGGRSPVFDYVVL,S,F,5,8,Y,V,PRM_0250,0.1399306645800638,S,F,250
RRWFHESPWL,W,F,3,4,R,L,PRM_0385,0.025198777772462894,W,F,385
GLLCSRLGPSVPVL,C,G,4,8,W,A,PRM_0299,-0.034810888222106096,C,G,299
DKELPPCP,E,C,3,7,P,L,PRM_0152,0.7488021138228386,E,C,152
GLLRSRLEPSVPVL,R,E,4,8,W,A,PRM_0299,0.09219784739468516,R,E,299
RRCKHESPWL,C,K,3,4,R,L,PRM_0385,0.32485150355265274,C,K,385
GLLRSRLDPSVPVL,R,D,4,8,W,A,PRM_0299,-4.537320461523432e-4,R,D,299
RRCNHESPWL,C,N,3,4,R,L,PRM_0385,0.30922160873827176,C,N,385
GLLCSRLVPSVPVL,C,V,4,8,W,A,PRM_0299,-0.2989387650822433,C,V,299
DKELPPFP,E,F,3,7,P,L,PRM_0152,0.7902541863975207,E,F,152
GLLRSRLAPSVPVL,R,A,4,8,W,A,PRM_0299,-0.2073840845869222,R,A,299
RRCTHESPWL,C,T,3,4,R,L,PRM_0385,0.32585059897611923,C,T,385
DKDLPPKP,D,K,3,7,P,L,PRM_0152,0.9118898672149753,D,K,152
GLLCSRL*PSVPVL,C,*,4,8,W,A,PRM_0299,0.16956494595267985,C,*,299
DKDLPPNP,D,N,3,7,P,L,PRM_0152,0.7336272008569765,D,N,152
GLLRSRLGPSVPVL,R,G,4,8,W,A,PRM_0299,-0.039004815919499496,R,G,299
RRCRHESPWL,C,R,3,4,R,L,PRM_0385,0.18949139553591884,C,R,385
GLLCSRLYPSVPVL,C,Y,4,8,W,A,PRM_0299,-0.30525833353172943,C,Y,299
DKDLPPTP,D,T,3,7,P,L,PRM_0152,0.7426847461824785,D,T,152
RRCSHESPWL,C,S,3,4,R,L,PRM_0385,0.28551200542129973,C,S,385
DKDLPPRP,D,R,3,7,P,L,PRM_0152,0.786375680190976,D,R,152
GLLRSRLVPSVPVL,R,V,4,8,W,A,PRM_0299,-0.1693828544754364,R,V,299
RRCMHESPWL,C,M,3,4,R,L,PRM_0385,0.17341638426848074,C,M,385
DKDLPPSP,D,S,3,7,P,L,PRM_0152,0.874732814522614,D,S,152
RRCIHESPWL,C,I,3,4,R,L,PRM_0385,0.3109805408647961,C,I,385
GLLCSRLWPSVPVL,C,W,4,8,W,A,PRM_0299,-0.32449658680671606,C,W,299
DKDLPPMP,D,M,3,7,P,L,PRM_0152,0.7463633245165917,D,M,152
GLLRSRL*PSVPVL,R,*,4,8,W,A,PRM_0299,-0.33427020514699174,R,*,299
RRCQHESPWL,C,Q,3,4,R,L,PRM_0385,0.34772956308529246,C,Q,385
GLLCSRLCPSVPVL,C,C,4,8,W,A,PRM_0299,-0.18989458817728175,C,C,299
DKDLPPIP,D,I,3,7,P,L,PRM_0152,0.7841256355528164,D,I,152
GLLRSRLYPSVPVL,R,Y,4,8,W,A,PRM_0299,-0.21235668445946815,R,Y,299
RRCHHESPWL,C,H,3,4,R,L,PRM_0385,0.2877933728131156,C,H,385
DKDLPPQP,D,Q,3,7,P,L,PRM_0152,0.735264465726499,D,Q,152
RRCPHESPWL,C,P,3,4,R,L,PRM_0385,0.3155563817191503,C,P,385
GLLCSRLFPSVPVL,C,F,4,8,W,A,PRM_0299,-0.33465843546155516,C,F,299
GLLLSRLKPSVPVL,L,K,4,8,W,A,PRM_0299,-0.14576683489683015,L,K,299
GLLLSRLNPSVPVL,L,N,4,8,W,A,PRM_0299,-0.1900296653860445,L,N,299
DKDLPPLP,D,L,3,7,P,L,PRM_0152,0.7483094905271579,D,L,152
GLLLSRLTPSVPVL,L,T,4,8,W,A,PRM_0299,-0.280319210718863,L,T,299
RRCLHESPWL,C,L,3,4,R,L,PRM_0385,0.24196229752547294,C,L,385
DKDLPPEP,D,E,3,7,P,L,PRM_0152,0.7667685344944819,D,E,152
GLLLSRLRPSVPVL,L,R,4,8,W,A,PRM_0299,-0.31198357764154266,L,R,299
DKDLPPDP,D,D,3,7,P,L,PRM_0152,0.7968564802942898,D,D,152
RRCEHESPWL,C,E,3,4,R,L,PRM_0385,0.40297284250935045,C,E,385
GLLLSRLSPSVPVL,L,S,4,8,W,A,PRM_0299,-0.2632662425723617,L,S,299
DKDLPPAP,D,A,3,7,P,L,PRM_0152,0.7824191218157523,D,A,152
RRCDHESPWL,C,D,3,4,R,L,PRM_0385,0.5121166715240172,C,D,385
GLLLSRLMPSVPVL,L,M,4,8,W,A,PRM_0299,-0.3536605965101192,L,M,299
RRCAHESPWL,C,A,3,4,R,L,PRM_0385,0.37899134818606384,C,A,385
GLLLSRLIPSVPVL,L,I,4,8,W,A,PRM_0299,-0.4179041564816101,L,I,299
DKDLPPGP,D,G,3,7,P,L,PRM_0152,0.886633152551584,D,G,152
GLLLSRLQPSVPVL,L,Q,4,8,W,A,PRM_0299,-0.31198357764154266,L,Q,299
RRCGHESPWL,C,G,3,4,R,L,PRM_0385,0.35514539340813744,C,G,385
GLLLSRLHPSVPVL,L,H,4,8,W,A,PRM_0299,-0.17756935265670573,L,H,299
DKDLPPVP,D,V,3,7,P,L,PRM_0152,0.8399969277862441,D,V,152
GLLLSRLPPSVPVL,L,P,4,8,W,A,PRM_0299,-0.3259280714717434,L,P,299
RRCVHESPWL,C,V,3,4,R,L,PRM_0385,0.33779831250909503,C,V,385
DKDLPP*P,D,*,3,7,P,L,PRM_0152,0.759299879586908,D,*,152
DKDLPPYP,D,Y,3,7,P,L,PRM_0152,0.7216292790797837,D,Y,152
RRC*HESPWL,C,*,3,4,R,L,PRM_0385,0.5702011100822257,C,*,385
RRCYHESPWL,C,Y,3,4,R,L,PRM_0385,0.2534296625671423,C,Y,385
GLLLSRLLPSVPVL,L,L,4,8,W,A,PRM_0299,-0.3098812783220508,L,L,299
DKDLPPWP,D,W,3,7,P,L,PRM_0152,0.7263654822763017,D,W,152
GGGRWPVKDYVVL,W,K,5,8,Y,V,PRM_0250,0.17006770655364573,W,K,250
GLLLSRLEPSVPVL,L,E,4,8,W,A,PRM_0299,-0.02135888499830443,L,E,299
DKDLPPCP,D,C,3,7,P,L,PRM_0152,0.9397482023571314,D,C,152
GGGRWPVNDYVVL,W,N,5,8,Y,V,PRM_0250,0.19710723081247802,W,N,250
RRCWHESPWL,C,W,3,4,R,L,PRM_0385,0.1961421566151928,C,W,385
GLLLSRLDPSVPVL,L,D,4,8,W,A,PRM_0299,-0.03609256970178969,L,D,299
GGGRWPVTDYVVL,W,T,5,8,Y,V,PRM_0250,0.17523087171826418,W,T,250
RRCCHESPWL,C,C,3,4,R,L,PRM_0385,0.2935332930817761,C,C,385
GLLLSRLAPSVPVL,L,A,4,8,W,A,PRM_0299,-0.30396146954625214,L,A,299
DKDLPPFP,D,F,3,7,P,L,PRM_0152,0.7117195014830019,D,F,152
DKALPPKP,A,K,3,7,P,L,PRM_0152,0.9214963629334425,A,K,152
GGGRWPVRDYVVL,W,R,5,8,Y,V,PRM_0250,0.18477348648038083,W,R,250
RRCFHESPWL,C,F,3,4,R,L,PRM_0385,0.10228874364869588,C,F,385
GLLLSRLGPSVPVL,L,G,4,8,W,A,PRM_0299,-0.12283287697400071,L,G,299
DKALPPTP,A,T,3,7,P,L,PRM_0152,0.879548650098335,A,T,152
GGGRWPVSDYVVL,W,S,5,8,Y,V,PRM_0250,0.15547961483134368,W,S,250
RRLKHESPWL,L,K,3,4,R,L,PRM_0385,0.35211127443015394,L,K,385
GGGRWPVMDYVVL,W,M,5,8,Y,V,PRM_0250,0.17079453414569037,W,M,250
RRLNHESPWL,L,N,3,4,R,L,PRM_0385,0.3370342052643623,L,N,385
GLLLSRLVPSVPVL,L,V,4,8,W,A,PRM_0299,-0.31379723969376105,L,V,299
DKALPPRP,A,R,3,7,P,L,PRM_0152,0.8679762436671538,A,R,152
GGGRWPVIDYVVL,W,I,5,8,Y,V,PRM_0250,-0.06066077069612398,W,I,250
RRLTHESPWL,L,T,3,4,R,L,PRM_0385,0.24865898016772386,L,T,385
DKALPPSP,A,S,3,7,P,L,PRM_0152,0.8713552834359982,A,S,152
GGGRWPVQDYVVL,W,Q,5,8,Y,V,PRM_0250,0.11505975331394748,W,Q,250
GLLLSRL*PSVPVL,L,*,4,8,W,A,PRM_0299,-0.15146466178969414,L,*,299
DKALPPMP,A,M,3,7,P,L,PRM_0152,0.694747217097071,A,M,152
GGGRWPVHDYVVL,W,H,5,8,Y,V,PRM_0250,0.0906324568638381,W,H,250
RRLRHESPWL,L,R,3,4,R,L,PRM_0385,0.1323796271335959,L,R,385
GLLLSRLYPSVPVL,L,Y,4,8,W,A,PRM_0299,-0.42320867049010236,L,Y,299
DKALPPIP,A,I,3,7,P,L,PRM_0152,0.7253655322811123,A,I,152
GGGRWPVPDYVVL,W,P,5,8,Y,V,PRM_0250,0.13731478137332262,W,P,250
RRLSHESPWL,L,S,3,4,R,L,PRM_0385,0.2726855730933381,L,S,385
DKALPPQP,A,Q,3,7,P,L,PRM_0152,0.8706915284748051,A,Q,152
RRLMHESPWL,L,M,3,4,R,L,PRM_0385,0.1787471025929744,L,M,385
DKALPPHP,A,H,3,7,P,L,PRM_0152,0.7948905775808561,A,H,152
RRLIHESPWL,L,I,3,4,R,L,PRM_0385,0.19077657709462967,L,I,385
GLLLSRLWPSVPVL,L,W,4,8,W,A,PRM_0299,-0.4089703998982729,L,W,299
DKALPPPP,A,P,3,7,P,L,PRM_0152,0.7885577691916474,A,P,152
GGGRWPVLDYVVL,W,L,5,8,Y,V,PRM_0250,0.010558808951303612,W,L,250
RRLQHESPWL,L,Q,3,4,R,L,PRM_0385,0.22150210748712074,L,Q,385
GLLLSRLCPSVPVL,L,C,4,8,W,A,PRM_0299,-0.33473356261955245,L,C,299
RRLHHESPWL,L,H,3,4,R,L,PRM_0385,0.30809589562311634,L,H,385
GGGRWPVEDYVVL,W,E,5,8,Y,V,PRM_0250,0.3530075453776165,W,E,250
RRLPHESPWL,L,P,3,4,R,L,PRM_0385,0.30707814522435894,L,P,385
GLLLSRLFPSVPVL,L,F,4,8,W,A,PRM_0299,-0.29517325769630903,L,F,299
DKALPPLP,A,L,3,7,P,L,PRM_0152,0.730280106442439,A,L,152
GGGRWPVDDYVVL,W,D,5,8,Y,V,PRM_0250,0.31565228744075297,W,D,250
GLLFSRLKPSVPVL,F,K,4,8,W,A,PRM_0299,-0.3667156709912932,F,K,299
GGGRWPVADYVVL,W,A,5,8,Y,V,PRM_0250,0.16934653742820327,W,A,250
GLLFSRLNPSVPVL,F,N,4,8,W,A,PRM_0299,-0.2995962003910675,F,N,299
DKALPPEP,A,E,3,7,P,L,PRM_0152,0.8668841532451798,A,E,152
GLLFSRLTPSVPVL,F,T,4,8,W,A,PRM_0299,-0.3385922120340462,F,T,299
DKALPPDP,A,D,3,7,P,L,PRM_0152,0.796912566327755,A,D,152
GGGRWPVGDYVVL,W,G,5,8,Y,V,PRM_0250,0.19846226148550666,W,G,250
RRLLHESPWL,L,L,3,4,R,L,PRM_0385,0.1953126258523664,L,L,385
DKALPPAP,A,A,3,7,P,L,PRM_0152,0.799705234195788,A,A,152
GLLFSRLRPSVPVL,F,R,4,8,W,A,PRM_0299,-0.41361608336514183,F,R,299
GGGRWPVVDYVVL,W,V,5,8,Y,V,PRM_0250,0.16457137184545892,W,V,250
RRLEHESPWL,L,E,3,4,R,L,PRM_0385,0.3767828196410868,L,E,385
GLLFSRLSPSVPVL,F,S,4,8,W,A,PRM_0299,-0.28021964162729324,F,S,299
DKALPPGP,A,G,3,7,P,L,PRM_0152,0.8444769045494549,A,G,152
RRLDHESPWL,L,D,3,4,R,L,PRM_0385,0.3508723456601483,L,D,385
GLLFSRLMPSVPVL,F,M,4,8,W,A,PRM_0299,-0.3552378466379601,F,M,299
GGGRWPV*DYVVL,W,*,5,8,Y,V,PRM_0250,0.45397083907972685,W,*,250
RRLAHESPWL,L,A,3,4,R,L,PRM_0385,0.29590817912823986,L,A,385
GLLFSRLIPSVPVL,F,I,4,8,W,A,PRM_0299,-0.4015862033547293,F,I,299
DKALPPVP,A,V,3,7,P,L,PRM_0152,0.7254577965182243,A,V,152
GGGRWPVYDYVVL,W,Y,5,8,Y,V,PRM_0250,-0.015148665022175798,W,Y,250
GLLFSRLQPSVPVL,F,Q,4,8,W,A,PRM_0299,-0.36522042371188085,F,Q,299
RRLGHESPWL,L,G,3,4,R,L,PRM_0385,0.3510400025421758,L,G,385
GLLFSRLHPSVPVL,F,H,4,8,W,A,PRM_0299,-0.5924688386285051,F,H,299
DKALPP*P,A,*,3,7,P,L,PRM_0152,0.7917564199618041,A,*,152
GLLFSRLPPSVPVL,F,P,4,8,W,A,PRM_0299,-0.3044648260728615,F,P,299
DKALPPYP,A,Y,3,7,P,L,PRM_0152,0.6966644087060163,A,Y,152
GGGRWPVWDYVVL,W,W,5,8,Y,V,PRM_0250,0.0725632113852716,W,W,250
RRLVHESPWL,L,V,3,4,R,L,PRM_0385,0.2696777505696312,L,V,385
GGGRWPVCDYVVL,W,C,5,8,Y,V,PRM_0250,0.19012441508465266,W,C,250
RRL*HESPWL,L,*,3,4,R,L,PRM_0385,0.4210750114584777,L,*,385
DKALPPWP,A,W,3,7,P,L,PRM_0152,0.7184876316553468,A,W,152
GGGRWPVFDYVVL,W,F,5,8,Y,V,PRM_0250,-0.03361808913136668,W,F,250
RRLYHESPWL,L,Y,3,4,R,L,PRM_0385,0.16917163925938572,L,Y,385
GLLFSRLLPSVPVL,F,L,4,8,W,A,PRM_0299,-0.3374927432004279,F,L,299
DKALPPCP,A,C,3,7,P,L,PRM_0152,0.7320051002894445,A,C,152
GGGRCPVKDYVVL,C,K,5,8,Y,V,PRM_0250,0.2933013133198976,C,K,250
GGGRCPVNDYVVL,C,N,5,8,Y,V,PRM_0250,0.28145650527839944,C,N,250
GLLFSRLEPSVPVL,F,E,4,8,W,A,PRM_0299,-0.16186501018871402,F,E,299
DKALPPFP,A,F,3,7,P,L,PRM_0152,0.6959222470600384,A,F,152
GGGRCPVTDYVVL,C,T,5,8,Y,V,PRM_0250,0.34209394782396785,C,T,250
RRLWHESPWL,L,W,3,4,R,L,PRM_0385,0.2155169839842099,L,W,385
GLLFSRLDPSVPVL,F,D,4,8,W,A,PRM_0299,-0.058401245718727894,F,D,299
RRLCHESPWL,L,C,3,4,R,L,PRM_0385,0.2617365779315004,L,C,385
GLLFSRLAPSVPVL,F,A,4,8,W,A,PRM_0299,-0.45423616379113174,F,A,299
GGGRCPVRDYVVL,C,R,5,8,Y,V,PRM_0250,0.31822660871529396,C,R,250
GGGRCPVSDYVVL,C,S,5,8,Y,V,PRM_0250,0.2987553694730984,C,S,250
RRLFHESPWL,L,F,3,4,R,L,PRM_0385,0.21931664242336207,L,F,385
GLLFSRLGPSVPVL,F,G,4,8,W,A,PRM_0299,-0.3101980100274513,F,G,299
GGGRCPVMDYVVL,C,M,5,8,Y,V,PRM_0250,0.19615705104574588,C,M,250
RRFKHESPWL,F,K,3,4,R,L,PRM_0385,0.22839925257277652,F,K,385
GGGRCPVIDYVVL,C,I,5,8,Y,V,PRM_0250,0.17386609727506233,C,I,250
RRFNHESPWL,F,N,3,4,R,L,PRM_0385,0.2275024533480088,F,N,385
GLLFSRLVPSVPVL,F,V,4,8,W,A,PRM_0299,-0.43921835096042716,F,V,299
GGGRCPVQDYVVL,C,Q,5,8,Y,V,PRM_0250,0.40330340845805684,C,Q,250
RRFTHESPWL,F,T,3,4,R,L,PRM_0385,0.20913011072084953,F,T,385
GGGRCPVHDYVVL,C,H,5,8,Y,V,PRM_0250,0.37565290806805124,C,H,250
GLLFSRL*PSVPVL,F,*,4,8,W,A,PRM_0299,-0.1628808948947971,F,*,299
GGGRCPVPDYVVL,C,P,5,8,Y,V,PRM_0250,0.3474399090219118,C,P,250
RRFRHESPWL,F,R,3,4,R,L,PRM_0385,0.12367488150193406,F,R,385
GLLFSRLYPSVPVL,F,Y,4,8,W,A,PRM_0299,-0.4865326295736188,F,Y,299
RRFSHESPWL,F,S,3,4,R,L,PRM_0385,0.19317009850864994,F,S,385
RRFMHESPWL,F,M,3,4,R,L,PRM_0385,0.03352410604253564,F,M,385
RRFIHESPWL,F,I,3,4,R,L,PRM_0385,0.13292185238215087,F,I,385
GLLFSRLWPSVPVL,F,W,4,8,W,A,PRM_0299,-0.44497170180102197,F,W,299
GGGRCPVLDYVVL,C,L,5,8,Y,V,PRM_0250,0.11844471863039437,C,L,250
RRFQHESPWL,F,Q,3,4,R,L,PRM_0385,0.2567217157718506,F,Q,385
GLLFSRLCPSVPVL,F,C,4,8,W,A,PRM_0299,-0.3607180960178501,F,C,299
RRFHHESPWL,F,H,3,4,R,L,PRM_0385,0.20230266434444674,F,H,385
GGGRCPVEDYVVL,C,E,5,8,Y,V,PRM_0250,0.445270140824833,C,E,250
RRFPHESPWL,F,P,3,4,R,L,PRM_0385,0.28280293054870215,F,P,385
GLLFSRLFPSVPVL,F,F,4,8,W,A,PRM_0299,-0.4764330880258944,F,F,299
GGGRCPVDDYVVL,C,D,5,8,Y,V,PRM_0250,0.38738350660043286,C,D,250
SKVKKFLGWF,K,K,4,5,R,V,PRM_0366,0.004902835077464837,K,K,366
GGGRCPVADYVVL,C,A,5,8,Y,V,PRM_0250,0.2955103222717144,C,A,250
SKVKNFLGWF,K,N,4,5,R,V,PRM_0366,-0.005654692094462722,K,N,366
SKVKTFLGWF,K,T,4,5,R,V,PRM_0366,0.19053554701275785,K,T,366
GGGRCPVGDYVVL,C,G,5,8,Y,V,PRM_0250,0.3666002051281336,C,G,250
RRFLHESPWL,F,L,3,4,R,L,PRM_0385,0.12320477641307559,F,L,385
SKVKRFLGWF,K,R,4,5,R,V,PRM_0366,0.018473992432814577,K,R,366
GGGRCPVVDYVVL,C,V,5,8,Y,V,PRM_0250,0.24096710041478925,C,V,250
RRFEHESPWL,F,E,3,4,R,L,PRM_0385,0.3432850550840119,F,E,385
SKVKSFLGWF,K,S,4,5,R,V,PRM_0366,0.08408044113002591,K,S,366
RRFDHESPWL,F,D,3,4,R,L,PRM_0385,0.3148303503283135,F,D,385
SKVKMFLGWF,K,M,4,5,R,V,PRM_0366,-0.1406601072770234,K,M,366
GGGRCPV*DYVVL,C,*,5,8,Y,V,PRM_0250,0.5775632145089634,C,*,250
RRFAHESPWL,F,A,3,4,R,L,PRM_0385,0.25780488668684864,F,A,385
SKVKIFLGWF,K,I,4,5,R,V,PRM_0366,-0.38527527262642197,K,I,366
GGGRCPVYDYVVL,C,Y,5,8,Y,V,PRM_0250,0.1659915013651678,C,Y,250
SKVKQFLGWF,K,Q,4,5,R,V,PRM_0366,-0.01953604723793224,K,Q,366
RRFGHESPWL,F,G,3,4,R,L,PRM_0385,0.24750085859166007,F,G,385
SKVKHFLGWF,K,H,4,5,R,V,PRM_0366,0.22301708954898317,K,H,366
DKGLPPKP,G,K,3,7,P,L,PRM_0152,0.8658503920120171,G,K,152
DKGLPPNP,G,N,3,7,P,L,PRM_0152,0.7943474338967413,G,N,152
GGGRCPVWDYVVL,C,W,5,8,Y,V,PRM_0250,0.08588634665974089,C,W,250
RRFVHESPWL,F,V,3,4,R,L,PRM_0385,0.1638844888032744,F,V,385
DKGLPPTP,G,T,3,7,P,L,PRM_0152,0.7555518572654005,G,T,152
GGGRCPVCDYVVL,C,C,5,8,Y,V,PRM_0250,0.31414879900049403,C,C,250
SKVKLFLGWF,K,L,4,5,R,V,PRM_0366,-0.11552072107229772,K,L,366
RRF*HESPWL,F,*,3,4,R,L,PRM_0385,0.5853790471375573,F,*,385
DKGLPPRP,G,R,3,7,P,L,PRM_0152,0.8167939549552812,G,R,152
GGGRCPVFDYVVL,C,F,5,8,Y,V,PRM_0250,0.08975240635308505,C,F,250
RRFYHESPWL,F,Y,3,4,R,L,PRM_0385,0.0495515220738693,F,Y,385
SKVKEFLGWF,K,E,4,5,R,V,PRM_0366,0.174240356876746,K,E,366
DKGLPPSP,G,S,3,7,P,L,PRM_0152,0.798706349860927,G,S,152
GGGRLPVKDYVVL,L,K,5,8,Y,V,PRM_0250,0.33639169879435893,L,K,250
SKVKDFLGWF,K,D,4,5,R,V,PRM_0366,0.13669050801510158,K,D,366
DKGLPPMP,G,M,3,7,P,L,PRM_0152,0.7841946866999763,G,M,152
GGGRLPVNDYVVL,L,N,5,8,Y,V,PRM_0250,0.29578106908420115,L,N,250
SKVKAFLGWF,K,A,4,5,R,V,PRM_0366,0.16032775039100525,K,A,366
DKGLPPIP,G,I,3,7,P,L,PRM_0152,0.7328424660052055,G,I,152
GGGRLPVTDYVVL,L,T,5,8,Y,V,PRM_0250,0.2654202157896456,L,T,250
RRFWHESPWL,F,W,3,4,R,L,PRM_0385,0.17529498363328905,F,W,385
DKGLPPQP,G,Q,3,7,P,L,PRM_0152,0.8936554123808267,G,Q,152
RRFCHESPWL,F,C,3,4,R,L,PRM_0385,0.10660135172867302,F,C,385
SKVKGFLGWF,K,G,4,5,R,V,PRM_0366,0.1969676500859709,K,G,366
DKGLPPHP,G,H,3,7,P,L,PRM_0152,0.7801869770678189,G,H,152
DKGLPPPP,G,P,3,7,P,L,PRM_0152,0.7181367359238566,G,P,152
RRFFHESPWL,F,F,3,4,R,L,PRM_0385,0.08621190234851367,F,F,385
SKVKVFLGWF,K,V,4,5,R,V,PRM_0366,-0.23238096873749536,K,V,366
QSRFLGWF,366_3,366_3,366_3,366_3,366_3,366_3,reference,0.34939376478766804,NA,NA,reference
PPPALPPKRRR,sh3.1,sh3.1,sh3.1,sh3.1,sh3.1,sh3.1,reference,0.8927030260297629,NA,NA,reference
SKVK*FLGWF,K,*,4,5,R,V,PRM_0366,0.7226618315436575,K,*,366
GGGRLPVQDYVVL,L,Q,5,8,Y,V,PRM_0250,0.34792366989703105,L,Q,250
DKKLPPNP,K,N,3,7,P,L,PRM_0152,0.8051520994067387,K,N,152
SKVKYFLGWF,K,Y,4,5,R,V,PRM_0366,-0.07011951039000618,K,Y,366
DKGLPPLP,G,L,3,7,P,L,PRM_0152,0.724074659012146,G,L,152
DKKLPPTP,K,T,3,7,P,L,PRM_0152,0.827122378551552,K,T,152
GGGRLPVPDYVVL,L,P,5,8,Y,V,PRM_0250,0.3026962024035143,L,P,250
DKKLPPRP,K,R,3,7,P,L,PRM_0152,0.8485121843671457,K,R,152
DKGLPPEP,G,E,3,7,P,L,PRM_0152,0.8356747098629331,G,E,152
DKKLPPSP,K,S,3,7,P,L,PRM_0152,0.8390147454159947,K,S,152
SKVKWFLGWF,K,W,4,5,R,V,PRM_0366,-0.11561654202790522,K,W,366
DKGLPPDP,G,D,3,7,P,L,PRM_0152,0.7485781420940871,G,D,152
DKKLPPMP,K,M,3,7,P,L,PRM_0152,0.8339639421986179,K,M,152
SKVKCFLGWF,K,C,4,5,R,V,PRM_0366,-0.07333928146008073,K,C,366
DKGLPPAP,G,A,3,7,P,L,PRM_0152,0.757515909129617,G,A,152
DKKLPPIP,K,I,3,7,P,L,PRM_0152,0.6733097654437125,K,I,152
DKKLPPQP,K,Q,3,7,P,L,PRM_0152,0.9237726904784024,K,Q,152
SKVKFFLGWF,K,F,4,5,R,V,PRM_0366,-0.28280662563924786,K,F,366
DKGLPPGP,G,G,3,7,P,L,PRM_0152,0.8533958859749217,G,G,152
DKKLPPPP,K,P,3,7,P,L,PRM_0152,0.8964956105984428,K,P,152
SKVNKFLGWF,N,K,4,5,R,V,PRM_0366,0.04061667552844893,N,K,366
SKVNNFLGWF,N,N,4,5,R,V,PRM_0366,0.05422873558033889,N,N,366
DKGLPPVP,G,V,3,7,P,L,PRM_0152,0.7292603461478905,G,V,152
DKKLPPLP,K,L,3,7,P,L,PRM_0152,0.7155063107540872,K,L,152
SKVNTFLGWF,N,T,4,5,R,V,PRM_0366,0.1159715222694492,N,T,366
DKGLPP*P,G,*,3,7,P,L,PRM_0152,0.7630444521023492,G,*,152
DKKLPPEP,K,E,3,7,P,L,PRM_0152,0.8903228210651039,K,E,152
SKVNRFLGWF,N,R,4,5,R,V,PRM_0366,0.07092003048604384,N,R,366
DKGLPPYP,G,Y,3,7,P,L,PRM_0152,0.6824528226607227,G,Y,152
DKKLPPDP,K,D,3,7,P,L,PRM_0152,0.6992803101046859,K,D,152
SKVNSFLGWF,N,S,4,5,R,V,PRM_0366,0.1043439831521426,N,S,366
DKKLPPAP,K,A,3,7,P,L,PRM_0152,0.7989662472529517,K,A,152
SKVNMFLGWF,N,M,4,5,R,V,PRM_0366,-0.0356966363142551,N,M,366
GLLESRLKPSVPVL,E,K,4,8,W,A,PRM_0299,0.06232078630505064,E,K,299
SKVNIFLGWF,N,I,4,5,R,V,PRM_0366,-0.27851983015698595,N,I,366
DKGLPPWP,G,W,3,7,P,L,PRM_0152,0.6887431206890513,G,W,152
GLLESRLNPSVPVL,E,N,4,8,W,A,PRM_0299,0.09075785071550894,E,N,299
DKKLPPGP,K,G,3,7,P,L,PRM_0152,0.885320353647832,K,G,152
SKVNQFLGWF,N,Q,4,5,R,V,PRM_0366,0.14176458348909002,N,Q,366
DKGLPPCP,G,C,3,7,P,L,PRM_0152,0.7700987322875739,G,C,152
GLLESRLTPSVPVL,E,T,4,8,W,A,PRM_0299,-0.06874208393510675,E,T,299
SKVNHFLGWF,N,H,4,5,R,V,PRM_0366,0.18207007891776128,N,H,366
DKKLPPVP,K,V,3,7,P,L,PRM_0152,0.7833898922445761,K,V,152
DKGLPPFP,G,F,3,7,P,L,PRM_0152,0.6617877336376374,G,F,152
GLLESRLRPSVPVL,E,R,4,8,W,A,PRM_0299,-0.039374725064154736,E,R,299
GLLESRLSPSVPVL,E,S,4,8,W,A,PRM_0299,-0.023873942473605754,E,S,299
DKKLPP*P,K,*,3,7,P,L,PRM_0152,0.8039526023198175,K,*,152
SKVNLFLGWF,N,L,4,5,R,V,PRM_0366,-0.04896830331370698,N,L,366
GLLESRLMPSVPVL,E,M,4,8,W,A,PRM_0299,-0.11174935904787543,E,M,299
DKKLPPYP,K,Y,3,7,P,L,PRM_0152,0.6723234856915842,K,Y,152
GLLESRLIPSVPVL,E,I,4,8,W,A,PRM_0299,-0.10380776933778811,E,I,299
SKVNEFLGWF,N,E,4,5,R,V,PRM_0366,0.101408498846997,N,E,366
GLLESRLQPSVPVL,E,Q,4,8,W,A,PRM_0299,-0.20475045840227926,E,Q,299
SKVNDFLGWF,N,D,4,5,R,V,PRM_0366,0.041261989455565445,N,D,366
GLLESRLHPSVPVL,E,H,4,8,W,A,PRM_0299,-0.24294694235775527,E,H,299
DKKLPPWP,K,W,3,7,P,L,PRM_0152,0.6933594838638535,K,W,152
SKVNAFLGWF,N,A,4,5,R,V,PRM_0366,0.10528401725537606,N,A,366
GGGRFPVKDYVVL,F,K,5,8,Y,V,PRM_0250,0.2712007560062832,F,K,250
GLLESRLPPSVPVL,E,P,4,8,W,A,PRM_0299,-0.06276715083404456,E,P,299
DKKLPPCP,K,C,3,7,P,L,PRM_0152,0.7632135042160227,K,C,152
GGGRFPVNDYVVL,F,N,5,8,Y,V,PRM_0250,0.21859484853047687,F,N,250
SKVNGFLGWF,N,G,4,5,R,V,PRM_0366,0.14923887023447824,N,G,366
GGGRFPVTDYVVL,F,T,5,8,Y,V,PRM_0250,0.23229946583379657,F,T,250
DKKLPPFP,K,F,3,7,P,L,PRM_0152,0.6601599289801041,K,F,152
DKNLPPKP,N,K,3,7,P,L,PRM_0152,0.8663345667943299,N,K,152
SKVNVFLGWF,N,V,4,5,R,V,PRM_0366,-0.07739547529587072,N,V,366
GGGRFPVRDYVVL,F,R,5,8,Y,V,PRM_0250,0.21481182872930144,F,R,250
GLLESRLLPSVPVL,E,L,4,8,W,A,PRM_0299,-0.16917145552613846,E,L,299
DKNLPPNP,N,N,3,7,P,L,PRM_0152,0.9256505451226766,N,N,152
GGGRFPVSDYVVL,F,S,5,8,Y,V,PRM_0250,0.27241270462607603,F,S,250
DKNLPPTP,N,T,3,7,P,L,PRM_0152,0.840820559064455,N,T,152
SKVN*FLGWF,N,*,4,5,R,V,PRM_0366,0.6996712105747258,N,*,366
GGGRFPVMDYVVL,F,M,5,8,Y,V,PRM_0250,0.14862876267770617,F,M,250
GLLESRLEPSVPVL,E,E,4,8,W,A,PRM_0299,0.09582820084929089,E,E,299
DKNLPPRP,N,R,3,7,P,L,PRM_0152,0.9041815698721822,N,R,152
SKVNYFLGWF,N,Y,4,5,R,V,PRM_0366,-0.11227227768459956,N,Y,366
GGGRFPVIDYVVL,F,I,5,8,Y,V,PRM_0250,0.08505011909522593,F,I,250
GLLESRLDPSVPVL,E,D,4,8,W,A,PRM_0299,0.14835079261304096,E,D,299
DKNLPPSP,N,S,3,7,P,L,PRM_0152,0.8782219729868533,N,S,152
GGGRFPVQDYVVL,F,Q,5,8,Y,V,PRM_0250,0.13860561502801436,F,Q,250
GLLESRLAPSVPVL,E,A,4,8,W,A,PRM_0299,-0.1252460674869397,E,A,299
DKNLPPMP,N,M,3,7,P,L,PRM_0152,0.8374166673788915,N,M,152
GGGRFPVHDYVVL,F,H,5,8,Y,V,PRM_0250,0.27830796327844565,F,H,250
DKNLPPIP,N,I,3,7,P,L,PRM_0152,0.7795690786172285,N,I,152
SKVNWFLGWF,N,W,4,5,R,V,PRM_0366,-0.11735825952854423,N,W,366
GGGRFPVPDYVVL,F,P,5,8,Y,V,PRM_0250,0.24360710225456,F,P,250
GLLESRLGPSVPVL,E,G,4,8,W,A,PRM_0299,0.07235130549649417,E,G,299
DKNLPPQP,N,Q,3,7,P,L,PRM_0152,1.0712035952722585,N,Q,152
SKVNCFLGWF,N,C,4,5,R,V,PRM_0366,0.014574023057886132,N,C,366
DKNLPPHP,N,H,3,7,P,L,PRM_0152,0.8450786200355116,N,H,152
GLLESRLVPSVPVL,E,V,4,8,W,A,PRM_0299,-0.14597793420168148,E,V,299
SKVNFFLGWF,N,F,4,5,R,V,PRM_0366,-0.2471391121236872,N,F,366
DKNLPPLP,N,L,3,7,P,L,PRM_0152,0.7573515101033454,N,L,152
SKVTKFLGWF,T,K,4,5,R,V,PRM_0366,0.23423640640717697,T,K,366
GGGRFPVLDYVVL,F,L,5,8,Y,V,PRM_0250,0.04659067023068836,F,L,250
GLLESRL*PSVPVL,E,*,4,8,W,A,PRM_0299,0.2740662620035267,E,*,299
DKNLPPEP,N,E,3,7,P,L,PRM_0152,0.8216692919064746,N,E,152
SKVTNFLGWF,T,N,4,5,R,V,PRM_0366,0.07004065668128531,T,N,366
GLLESRLYPSVPVL,E,Y,4,8,W,A,PRM_0299,-0.10997446608065106,E,Y,299
DKNLPPDP,N,D,3,7,P,L,PRM_0152,0.8685541576387475,N,D,152
SKVTTFLGWF,T,T,4,5,R,V,PRM_0366,-0.08104651240258443,T,T,366
GGGRFPVEDYVVL,F,E,5,8,Y,V,PRM_0250,0.324348877283121,F,E,250
RREKHESPWL,E,K,3,4,R,L,PRM_0385,0.48748386475077404,E,K,385
DKNLPPAP,N,A,3,7,P,L,PRM_0152,0.8371198411295356,N,A,152
SKVTRFLGWF,T,R,4,5,R,V,PRM_0366,0.06566693567173983,T,R,366
GGGRFPVDDYVVL,F,D,5,8,Y,V,PRM_0250,0.3121648230479448,F,D,250
RRENHESPWL,E,N,3,4,R,L,PRM_0385,0.5041611201195326,E,N,385
SKVTSFLGWF,T,S,4,5,R,V,PRM_0366,0.0845785818810551,T,S,366
GGGRFPVADYVVL,F,A,5,8,Y,V,PRM_0250,0.27421988722230456,F,A,250
RRETHESPWL,E,T,3,4,R,L,PRM_0385,0.43703442997442865,E,T,385
GLLESRLWPSVPVL,E,W,4,8,W,A,PRM_0299,-0.08902583501772916,E,W,299
DKNLPPGP,N,G,3,7,P,L,PRM_0152,0.8975062736712898,N,G,152
SKVTMFLGWF,T,M,4,5,R,V,PRM_0366,-0.27976819581242873,T,M,366
GLLESRLCPSVPVL,E,C,4,8,W,A,PRM_0299,-0.12138952136650386,E,C,299
SKVTIFLGWF,T,I,4,5,R,V,PRM_0366,-0.3946372758459896,T,I,366
GGGRFPVGDYVVL,F,G,5,8,Y,V,PRM_0250,0.25448717692841466,F,G,250
RRERHESPWL,E,R,3,4,R,L,PRM_0385,0.45247787629334285,E,R,385
DKNLPPVP,N,V,3,7,P,L,PRM_0152,0.8475574817579348,N,V,152
SKVTQFLGWF,T,Q,4,5,R,V,PRM_0366,0.21123719830507692,T,Q,366
RRESHESPWL,E,S,3,4,R,L,PRM_0385,0.46641423700023205,E,S,385
GLLESRLFPSVPVL,E,F,4,8,W,A,PRM_0299,-0.1785382894510088,E,F,299
SKVTLFLGWF,T,L,4,5,R,V,PRM_0366,-0.17428022358755774,T,L,366
GGGRFPVVDYVVL,F,V,5,8,Y,V,PRM_0250,0.1590157659446606,F,V,250
RREMHESPWL,E,M,3,4,R,L,PRM_0385,0.4276820995664639,E,M,385
GLLDSRLKPSVPVL,D,K,4,8,W,A,PRM_0299,0.0719451919889394,D,K,299
DKNLPP*P,N,*,3,7,P,L,PRM_0152,0.69977471278979,N,*,152
RREIHESPWL,E,I,3,4,R,L,PRM_0385,0.39210823656231475,E,I,385
GLLDSRLNPSVPVL,D,N,4,8,W,A,PRM_0299,0.252459996092804,D,N,299
DKNLPPYP,N,Y,3,7,P,L,PRM_0152,0.7755506839164508,N,Y,152
SKVTEFLGWF,T,E,4,5,R,V,PRM_0366,0.1707405232625407,T,E,366
GGGRFPV*DYVVL,F,*,5,8,Y,V,PRM_0250,0.5269297785254833,F,*,250
RREQHESPWL,E,Q,3,4,R,L,PRM_0385,0.4763057957818593,E,Q,385
GLLDSRLTPSVPVL,D,T,4,8,W,A,PRM_0299,0.10410956222059847,D,T,299
SKVTDFLGWF,T,D,4,5,R,V,PRM_0366,0.16761853566630092,T,D,366
GGGRFPVYDYVVL,F,Y,5,8,Y,V,PRM_0250,8.393073849304422e-4,F,Y,250
RREHHESPWL,E,H,3,4,R,L,PRM_0385,0.4657402377487556,E,H,385
SKVTGFLGWF,T,G,4,5,R,V,PRM_0366,0.13696176669679722,T,G,366
RREPHESPWL,E,P,3,4,R,L,PRM_0385,0.4587052825786388,E,P,385
GLLDSRLRPSVPVL,D,R,4,8,W,A,PRM_0299,-0.11908178529916293,D,R,299
DKNLPPWP,N,W,3,7,P,L,PRM_0152,0.724684617262041,N,W,152
DKVLPPKP,V,K,3,7,P,L,PRM_0152,0.864398884471708,V,K,152
GLLDSRLSPSVPVL,D,S,4,8,W,A,PRM_0299,0.10605035461982373,D,S,299
DKNLPPCP,N,C,3,7,P,L,PRM_0152,0.9434359385116414,N,C,152
SKVTVFLGWF,T,V,4,5,R,V,PRM_0366,-0.22587451464775402,T,V,366
DKVLPPNP,V,N,3,7,P,L,PRM_0152,0.6895755994266148,V,N,152
GGGRFPVWDYVVL,F,W,5,8,Y,V,PRM_0250,0.037125932072722835,F,W,250
GLLDSRLMPSVPVL,D,M,4,8,W,A,PRM_0299,-0.053376853924468996,D,M,299
DKVLPPTP,V,T,3,7,P,L,PRM_0152,0.6011331875963217,V,T,152
GGGRFPVCDYVVL,F,C,5,8,Y,V,PRM_0250,0.182777959317599,F,C,250
GLLDSRLIPSVPVL,D,I,4,8,W,A,PRM_0299,-0.11896071776403885,D,I,299
DKNLPPFP,N,F,3,7,P,L,PRM_0152,0.713044264041977,N,F,152
SKVT*FLGWF,T,*,4,5,R,V,PRM_0366,0.7059909933007624,T,*,366
RRELHESPWL,E,L,3,4,R,L,PRM_0385,0.3133659925837223,E,L,385
GLLDSRLQPSVPVL,D,Q,4,8,W,A,PRM_0299,0.062131792463211634,D,Q,299
DKTLPPKP,T,K,3,7,P,L,PRM_0152,0.9751193336758099,T,K,152
SKVTYFLGWF,T,Y,4,5,R,V,PRM_0366,-0.18644639860414422,T,Y,366
DKVLPPRP,V,R,3,7,P,L,PRM_0152,0.7918866872373393,V,R,152
GGGRFPVFDYVVL,F,F,5,8,Y,V,PRM_0250,-0.019385320913789854,F,F,250
RREEHESPWL,E,E,3,4,R,L,PRM_0385,0.5009818096694324,E,E,385
GLLDSRLHPSVPVL,D,H,4,8,W,A,PRM_0299,0.03265870364906651,D,H,299
DKTLPPTP,T,T,3,7,P,L,PRM_0152,0.79804356830144,T,T,152
DKVLPPSP,V,S,3,7,P,L,PRM_0152,0.6682547701363435,V,S,152
GVKQSLL,pdz.2,pdz.2,pdz.2,pdz.2,pdz.2,pdz.2,reference,1,NA,NA,reference
RREDHESPWL,E,D,3,4,R,L,PRM_0385,0.5102674545160136,E,D,385
GLLDSRLPPSVPVL,D,P,4,8,W,A,PRM_0299,-0.18663140559036698,D,P,299
DKTLPPRP,T,R,3,7,P,L,PRM_0152,0.8419391771000166,T,R,152
SKVTWFLGWF,T,W,4,5,R,V,PRM_0366,-0.1683960693121428,T,W,366
DKVLPPMP,V,M,3,7,P,L,PRM_0152,0.6760161699131193,V,M,152
GVKESLV,pdz.1,pdz.1,pdz.1,pdz.1,pdz.1,pdz.1,reference,1.6512924430874156,NA,NA,reference
RREAHESPWL,E,A,3,4,R,L,PRM_0385,0.4765840063457635,E,A,385
DKTLPPSP,T,S,3,7,P,L,PRM_0152,0.7418208721328816,T,S,152
SKVTCFLGWF,T,C,4,5,R,V,PRM_0366,-0.06964338611693507,T,C,366
DKVLPPIP,V,I,3,7,P,L,PRM_0152,0.5744319101972932,V,I,152
GLLKSRLKPSVPVL,K,K,4,8,W,A,PRM_0299,0.05548679641585846,K,K,299
DKTLPPMP,T,M,3,7,P,L,PRM_0152,0.7386268244982435,T,M,152
DKVLPPQP,V,Q,3,7,P,L,PRM_0152,0.7593503395436023,V,Q,152
GLLKSRLNPSVPVL,K,N,4,8,W,A,PRM_0299,-0.028108915925020687,K,N,299
RREGHESPWL,E,G,3,4,R,L,PRM_0385,0.542301187402949,E,G,385
GLLDSRLLPSVPVL,D,L,4,8,W,A,PRM_0299,-0.04706115457594681,D,L,299
DKTLPPIP,T,I,3,7,P,L,PRM_0152,0.6826273291613382,T,I,152
SKVTFFLGWF,T,F,4,5,R,V,PRM_0366,-0.34649966177825087,T,F,366
DKVLPPHP,V,H,3,7,P,L,PRM_0152,0.6217169209837909,V,H,152
GLLKSRLTPSVPVL,K,T,4,8,W,A,PRM_0299,-0.017586491529965623,K,T,299
DKTLPPHP,T,H,3,7,P,L,PRM_0152,0.8100314939195999,T,H,152
DKVLPPPP,V,P,3,7,P,L,PRM_0152,0.6506236949737849,V,P,152
RREVHESPWL,E,V,3,4,R,L,PRM_0385,0.40920464707999804,E,V,385
GLLDSRLEPSVPVL,D,E,4,8,W,A,PRM_0299,0.12918674618137727,D,E,299
DKTLPPPP,T,P,3,7,P,L,PRM_0152,0.732081984128988,T,P,152
GLLKSRLRPSVPVL,K,R,4,8,W,A,PRM_0299,-0.13377224439413649,K,R,299
GLLDSRLDPSVPVL,D,D,4,8,W,A,PRM_0299,0.04418878348378395,D,D,299
GLLKSRLSPSVPVL,K,S,4,8,W,A,PRM_0299,-0.06998718098312319,K,S,299
RRE*HESPWL,E,*,3,4,R,L,PRM_0385,0.7962933983650325,E,*,385
GLLDSRLAPSVPVL,D,A,4,8,W,A,PRM_0299,-0.059817230802100524,D,A,299
GLLKSRLMPSVPVL,K,M,4,8,W,A,PRM_0299,-0.16341389632584047,K,M,299
RREYHESPWL,E,Y,3,4,R,L,PRM_0385,0.3077018646746833,E,Y,385
DKTLPPLP,T,L,3,7,P,L,PRM_0152,0.7011613692977732,T,L,152
DKVLPPLP,V,L,3,7,P,L,PRM_0152,0.529878819502466,V,L,152
GLLKSRLIPSVPVL,K,I,4,8,W,A,PRM_0299,-0.21426561571883687,K,I,299
GLLDSRLGPSVPVL,D,G,4,8,W,A,PRM_0299,0.03445730230619537,D,G,299
GLLKSRLQPSVPVL,K,Q,4,8,W,A,PRM_0299,-0.10550585261339197,K,Q,299
DKTLPPEP,T,E,3,7,P,L,PRM_0152,0.8481342538165855,T,E,152
DKVLPPEP,V,E,3,7,P,L,PRM_0152,0.6986115925801941,V,E,152
GLLKSRLHPSVPVL,K,H,4,8,W,A,PRM_0299,0.015001010684772617,K,H,299
RREWHESPWL,E,W,3,4,R,L,PRM_0385,0.2985754666658513,E,W,385
GLLDSRLVPSVPVL,D,V,4,8,W,A,PRM_0299,-0.013286024489159678,D,V,299
DKTLPPDP,T,D,3,7,P,L,PRM_0152,0.7854404163696509,T,D,152
DKVLPPDP,V,D,3,7,P,L,PRM_0152,0.6639625835243017,V,D,152
GLLKSRLPPSVPVL,K,P,4,8,W,A,PRM_0299,-0.08738236566623864,K,P,299
RRECHESPWL,E,C,3,4,R,L,PRM_0385,0.4340815219346346,E,C,385
DKTLPPAP,T,A,3,7,P,L,PRM_0152,0.8222904619775104,T,A,152
SKVTAFLGWF,T,A,4,5,R,V,PRM_0366,-0.12346513445060892,T,A,366
DKVLPPAP,V,A,3,7,P,L,PRM_0152,0.6470657693225292,V,A,152
GLLDSRL*PSVPVL,D,*,4,8,W,A,PRM_0299,0.4572047031679092,D,*,299
RREFHESPWL,E,F,3,4,R,L,PRM_0385,0.3366602943314409,E,F,385
GLLDSRLYPSVPVL,D,Y,4,8,W,A,PRM_0299,-0.1345790339406016,D,Y,299
DKTLPPGP,T,G,3,7,P,L,PRM_0152,0.8330501554623079,T,G,152
DKVLPPGP,V,G,3,7,P,L,PRM_0152,0.7726680972246469,V,G,152
GLLKSRLLPSVPVL,K,L,4,8,W,A,PRM_0299,-0.13894004487495792,K,L,299
RRDKHESPWL,D,K,3,4,R,L,PRM_0385,0.5036934517240044,D,K,385
RRDNHESPWL,D,N,3,4,R,L,PRM_0385,0.35838340745073677,D,N,385
DKTLPPVP,T,V,3,7,P,L,PRM_0152,0.8187412628074886,T,V,152
DKVLPPVP,V,V,3,7,P,L,PRM_0152,0.5984351463039691,V,V,152
GLLKSRLEPSVPVL,K,E,4,8,W,A,PRM_0299,0.2896494092745855,K,E,299
RRDTHESPWL,D,T,3,4,R,L,PRM_0385,0.44646373663375116,D,T,385
GLLDSRLWPSVPVL,D,W,4,8,W,A,PRM_0299,-0.11108508853837293,D,W,299
GLLKSRLDPSVPVL,K,D,4,8,W,A,PRM_0299,0.03588231062729716,K,D,299
GLLDSRLCPSVPVL,D,C,4,8,W,A,PRM_0299,-0.03756266918733166,D,C,299
DKTLPP*P,T,*,3,7,P,L,PRM_0152,0.7602295560189234,T,*,152
DKVLPP*P,V,*,3,7,P,L,PRM_0152,0.7058538748967709,V,*,152
GLLKSRLAPSVPVL,K,A,4,8,W,A,PRM_0299,-0.08066216307365529,K,A,299
RRDRHESPWL,D,R,3,4,R,L,PRM_0385,0.38141076427117077,D,R,385
DKTLPPYP,T,Y,3,7,P,L,PRM_0152,0.6874217873481658,T,Y,152
DKVLPPYP,V,Y,3,7,P,L,PRM_0152,0.6389968670953365,V,Y,152
RRDSHESPWL,D,S,3,4,R,L,PRM_0385,0.48897726130695773,D,S,385
GLLDSRLFPSVPVL,D,F,4,8,W,A,PRM_0299,-0.16419979599522613,D,F,299
GLLKSRLGPSVPVL,K,G,4,8,W,A,PRM_0299,0.024238106889530025,K,G,299
RRDMHESPWL,D,M,3,4,R,L,PRM_0385,0.3421455788047977,D,M,385
GLLASRLKPSVPVL,A,K,4,8,W,A,PRM_0299,0.04554744590709388,A,K,299
RRDIHESPWL,D,I,3,4,R,L,PRM_0385,0.3234364688869789,D,I,385
GLLASRLNPSVPVL,A,N,4,8,W,A,PRM_0299,-0.10583684227755173,A,N,299
DKTLPPWP,T,W,3,7,P,L,PRM_0152,0.7257640920638115,T,W,152
DKVLPPWP,V,W,3,7,P,L,PRM_0152,0.5971899278613907,V,W,152
GLLKSRLVPSVPVL,K,V,4,8,W,A,PRM_0299,-0.0425047274855439,K,V,299
RRDQHESPWL,D,Q,3,4,R,L,PRM_0385,0.5072039932611561,D,Q,385
GLLASRLTPSVPVL,A,T,4,8,W,A,PRM_0299,-0.1872069208509321,A,T,299
DKTLPPCP,T,C,3,7,P,L,PRM_0152,0.7550338981006262,T,C,152
DKVLPPCP,V,C,3,7,P,L,PRM_0152,0.5747453637251371,V,C,152
RRDHHESPWL,D,H,3,4,R,L,PRM_0385,0.408738765388547,D,H,385
GLLASRLRPSVPVL,A,R,4,8,W,A,PRM_0299,-0.23811166007155676,A,R,299
SKVRKFLGWF,R,K,4,5,R,V,PRM_0366,0.02157639805243239,R,K,366
GLLKSRL*PSVPVL,K,*,4,8,W,A,PRM_0299,-0.0868130778713513,K,*,299
RRDPHESPWL,D,P,3,4,R,L,PRM_0385,0.38558157518364633,D,P,385
GLLASRLSPSVPVL,A,S,4,8,W,A,PRM_0299,-0.0234975806526995,A,S,299
DKTLPPFP,T,F,3,7,P,L,PRM_0152,0.7316871921212118,T,F,152
SKVRNFLGWF,R,N,4,5,R,V,PRM_0366,-0.017103050306947268,R,N,366
DKVLPPFP,V,F,3,7,P,L,PRM_0152,0.5802985582317899,V,F,152
GLLKSRLYPSVPVL,K,Y,4,8,W,A,PRM_0299,-0.05186908269690273,K,Y,299
GLLASRLMPSVPVL,A,M,4,8,W,A,PRM_0299,-0.164192651460835,A,M,299
SKVRTFLGWF,R,T,4,5,R,V,PRM_0366,-0.017542128997924008,R,T,366
GLLASRLIPSVPVL,A,I,4,8,W,A,PRM_0299,-0.2519793407663965,A,I,299
DKTLPPNP,T,N,3,7,P,L,PRM_0152,0.9224724862395728,T,N,152
GLLASRLQPSVPVL,A,Q,4,8,W,A,PRM_0299,-0.2767857999222194,A,Q,299
SKVRRFLGWF,R,R,4,5,R,V,PRM_0366,-0.11146124746315503,R,R,366
GLLKSRLWPSVPVL,K,W,4,8,W,A,PRM_0299,-0.23626776437366812,K,W,299
RRDLHESPWL,D,L,3,4,R,L,PRM_0385,0.3704926124688157,D,L,385
GLLASRLHPSVPVL,A,H,4,8,W,A,PRM_0299,-0.03962594188175893,A,H,299
SKVRSFLGWF,R,S,4,5,R,V,PRM_0366,0.04216597650905424,R,S,366
GLLKSRLCPSVPVL,K,C,4,8,W,A,PRM_0299,-0.2617969022541243,K,C,299
GLLASRLPPSVPVL,A,P,4,8,W,A,PRM_0299,-0.19278152477854504,A,P,299
SKVRMFLGWF,R,M,4,5,R,V,PRM_0366,-0.08485979249981233,R,M,366
RRDEHESPWL,D,E,3,4,R,L,PRM_0385,0.5506969528786058,D,E,385
SKVRIFLGWF,R,I,4,5,R,V,PRM_0366,-0.25768297426660675,R,I,366
GLLKSRLFPSVPVL,K,F,4,8,W,A,PRM_0299,-0.29215718293631937,K,F,299
RRDDHESPWL,D,D,3,4,R,L,PRM_0385,0.45090809980680907,D,D,385
SKVRQFLGWF,R,Q,4,5,R,V,PRM_0366,-0.04780379941882898,R,Q,366
GLLNSRLKPSVPVL,N,K,4,8,W,A,PRM_0299,0.05047356970828946,N,K,299
RRDAHESPWL,D,A,3,4,R,L,PRM_0385,0.5388301300800702,D,A,385
SKVRHFLGWF,R,H,4,5,R,V,PRM_0366,-0.06858470587305221,R,H,366
GLLNSRLNPSVPVL,N,N,4,8,W,A,PRM_0299,-0.084294221471442915,N,N,299
GLLASRLLPSVPVL,A,L,4,8,W,A,PRM_0299,-0.16162275993248293,A,L,299
GLLNSRLTPSVPVL,N,T,4,8,W,A,PRM_0299,0.05929481045392575,N,T,299
RRDGHESPWL,D,G,3,4,R,L,PRM_0385,0.488559395278342,D,G,385
GLLASRLEPSVPVL,A,E,4,8,W,A,PRM_0299,0.1494255349013637,A,E,299
SKVRLFLGWF,R,L,4,5,R,V,PRM_0366,-0.21290739602096398,R,L,366
GLLNSRLRPSVPVL,N,R,4,8,W,A,PRM_0299,-0.13358148957810898,N,R,299
RRDVHESPWL,D,V,3,4,R,L,PRM_0385,0.4489561537203908,D,V,385
GLLASRLDPSVPVL,A,D,4,8,W,A,PRM_0299,-0.053942343611184634,A,D,299
GLLNSRLSPSVPVL,N,S,4,8,W,A,PRM_0299,-0.05472191494677203,N,S,299
GLLASRLAPSVPVL,A,A,4,8,W,A,PRM_0299,-0.13988648362598882,A,A,299
SKVREFLGWF,R,E,4,5,R,V,PRM_0366,0.07345942734935906,R,E,366
GLLNSRLMPSVPVL,N,M,4,8,W,A,PRM_0299,-0.16255563477542354,N,M,299
RRD*HESPWL,D,*,3,4,R,L,PRM_0385,0.7233712809452115,D,*,385
SKVRDFLGWF,R,D,4,5,R,V,PRM_0366,0.04867444700439645,R,D,366
GLLNSRLIPSVPVL,N,I,4,8,W,A,PRM_0299,-0.33473356261955245,N,I,299
RRDYHESPWL,D,Y,3,4,R,L,PRM_0385,0.27042947216152724,D,Y,385
GLLASRLGPSVPVL,A,G,4,8,W,A,PRM_0299,-0.017541424835612114,A,G,299
SKVRAFLGWF,R,A,4,5,R,V,PRM_0366,0.027422405557846842,R,A,366
GLLNSRLQPSVPVL,N,Q,4,8,W,A,PRM_0299,-0.2174974824982059,N,Q,299
GLLNSRLHPSVPVL,N,H,4,8,W,A,PRM_0299,-0.03345585264910452,N,H,299
GLLASRLVPSVPVL,A,V,4,8,W,A,PRM_0299,-0.13038144796127088,A,V,299
SKVRGFLGWF,R,G,4,5,R,V,PRM_0366,0.20000462206749436,R,G,366
GLLNSRLPPSVPVL,N,P,4,8,W,A,PRM_0299,-0.21685808690292493,N,P,299
RRDWHESPWL,D,W,3,4,R,L,PRM_0385,0.24907593782952875,D,W,385
RRDCHESPWL,D,C,3,4,R,L,PRM_0385,0.4360888713796688,D,C,385
GLLASRL*PSVPVL,A,*,4,8,W,A,PRM_0299,0.28249902194128124,A,*,299
SKVRVFLGWF,R,V,4,5,R,V,PRM_0366,-0.24377214572860678,R,V,366
GLLASRLYPSVPVL,A,Y,4,8,W,A,PRM_0299,-0.2114117339713775,A,Y,299
RRDFHESPWL,D,F,3,4,R,L,PRM_0385,0.22809417443266067,D,F,385
SKVR*FLGWF,R,*,4,5,R,V,PRM_0366,0.6686726985569894,R,*,366
GLLNSRLLPSVPVL,N,L,4,8,W,A,PRM_0299,-0.22173307890936844,N,L,299
GGPHKVPRLLLLV,H,V,4,6,V,P,PRM_0246,-0.5131151999264777,H,V,246
SKVRYFLGWF,R,Y,4,5,R,V,PRM_0366,-0.21295569488009153,R,Y,366
GLLASRLWPSVPVL,A,W,4,8,W,A,PRM_0299,-0.21748248579553,A,W,299
GLLNSRLEPSVPVL,N,E,4,8,W,A,PRM_0299,0.06058741795287942,N,E,299
GGPHK*PRLLLLV,H,*,4,6,V,P,PRM_0246,0.7160898512431025,H,*,246
GLLASRLCPSVPVL,A,C,4,8,W,A,PRM_0299,-0.18153913691007015,A,C,299
GLLNSRLDPSVPVL,N,D,4,8,W,A,PRM_0299,-0.026404041146296575,N,D,299
GGPHKYPRLLLLV,H,Y,4,6,V,P,PRM_0246,-0.4233398893306489,H,Y,246
SKVRWFLGWF,R,W,4,5,R,V,PRM_0366,-0.1848301881661244,R,W,366
GLLNSRLAPSVPVL,N,A,4,8,W,A,PRM_0299,-0.1397866062170993,N,A,299
GGPHKSPRLLLLV,H,S,4,6,V,P,PRM_0246,-0.2654795960920744,H,S,246
GLLASRLFPSVPVL,A,F,4,8,W,A,PRM_0299,-0.2561118784290652,A,F,299
SKVRCFLGWF,R,C,4,5,R,V,PRM_0366,-0.08244749679933278,R,C,366
GLLNSRLGPSVPVL,N,G,4,8,W,A,PRM_0299,0.0163631388705468,N,G,299
GGPHKWPRLLLLV,H,W,4,6,V,P,PRM_0246,-0.5987696228221453,H,W,246
SKVRFFLGWF,R,F,4,5,R,V,PRM_0366,-0.15646826755487198,R,F,366
GGPHKCPRLLLLV,H,C,4,6,V,P,PRM_0246,-0.45860001356379704,H,C,246
SKVSKFLGWF,S,K,4,5,R,V,PRM_0366,0.07282035589180721,S,K,366
GLLNSRLVPSVPVL,N,V,4,8,W,A,PRM_0299,-0.17750427273732888,N,V,299
GGPHKLPRLLLLV,H,L,4,6,V,P,PRM_0246,-0.6211796662165713,H,L,246
SKVSNFLGWF,S,N,4,5,R,V,PRM_0366,0.0723860865493488,S,N,366
GGPHKFPRLLLLV,H,F,4,6,V,P,PRM_0246,-0.7083675226550425,H,F,246
SKVSTFLGWF,S,T,4,5,R,V,PRM_0366,0.04819743815128674,S,T,366
GLLNSRL*PSVPVL,N,*,4,8,W,A,PRM_0299,0.3670087442855282,N,*,299
GGPPKKPRLLLLV,P,K,4,6,V,P,PRM_0246,-0.3299848710611399,P,K,246
DK*LPPKP,*,K,3,7,P,L,PRM_0152,0.8724423487842505,*,K,152
GLLNSRLYPSVPVL,N,Y,4,8,W,A,PRM_0299,-0.2212265006860161,N,Y,299
GGPPKNPRLLLLV,P,N,4,6,V,P,PRM_0246,-0.17767301768258803,P,N,246
SKVSRFLGWF,S,R,4,5,R,V,PRM_0366,0.024138781932075463,S,R,366
DK*LPPNP,*,N,3,7,P,L,PRM_0152,0.7863313477837997,*,N,152
GGPPKTPRLLLLV,P,T,4,6,V,P,PRM_0246,-0.3411433548534447,P,T,246
SKVSSFLGWF,S,S,4,5,R,V,PRM_0366,0.045604170350446595,S,S,366
DK*LPPTP,*,T,3,7,P,L,PRM_0152,0.8511321018089721,*,T,152
SKVSMFLGWF,S,M,4,5,R,V,PRM_0366,0.005539677255899933,S,M,366
GLLNSRLWPSVPVL,N,W,4,8,W,A,PRM_0299,-0.09394621675106428,N,W,299
GGPPKRPRLLLLV,P,R,4,6,V,P,PRM_0246,-0.406982177676137,P,R,246
SKVSIFLGWF,S,I,4,5,R,V,PRM_0366,-0.32846098769839477,S,I,366
DK*LPPRP,*,R,3,7,P,L,PRM_0152,0.8343353079351885,*,R,152
GLLNSRLCPSVPVL,N,C,4,8,W,A,PRM_0299,-0.1958527339157949,N,C,299
GGPPKSPRLLLLV,P,S,4,6,V,P,PRM_0246,-0.20196885165740483,P,S,246
SKVSQFLGWF,S,Q,4,5,R,V,PRM_0366,0.07818086599546299,S,Q,366
DK*LPPSP,*,S,3,7,P,L,PRM_0152,0.7919002785885687,*,S,152
GGPPKMPRLLLLV,P,M,4,6,V,P,PRM_0246,-0.3949028092442609,P,M,246
SKVSHFLGWF,S,H,4,5,R,V,PRM_0366,0.03173810469415721,S,H,366
DK*LPPMP,*,M,3,7,P,L,PRM_0152,0.7778693116753664,*,M,152
GLLNSRLFPSVPVL,N,F,4,8,W,A,PRM_0299,-0.18303033246236666,N,F,299
GGPPKIPRLLLLV,P,I,4,6,V,P,PRM_0246,-0.5126393981494102,P,I,246
SKVSPFLGWF,S,P,4,5,R,V,PRM_0366,0.2849259404183774,S,P,366
DK*LPPIP,*,I,3,7,P,L,PRM_0152,0.6968733090484046,*,I,152
GLLTSRLKPSVPVL,T,K,4,8,W,A,PRM_0299,-0.06629094128084038,T,K,299
GGPPKQPRLLLLV,P,Q,4,6,V,P,PRM_0246,-0.16992871138217633,P,Q,246
DK*LPPQP,*,Q,3,7,P,L,PRM_0152,0.7927911773678742,*,Q,152
GLLTSRLNPSVPVL,T,N,4,8,W,A,PRM_0299,-0.031772722265178174,T,N,299
GGPPKHPRLLLLV,P,H,4,6,V,P,PRM_0246,-0.4039439173981082,P,H,246
GLLTSRLTPSVPVL,T,T,4,8,W,A,PRM_0299,-0.15142508438963792,T,T,299
GGPPKPPRLLLLV,P,P,4,6,V,P,PRM_0246,-0.42290189092922736,P,P,246
SKVSLFLGWF,S,L,4,5,R,V,PRM_0366,-0.16449501965600527,S,L,366
GLLTSRLRPSVPVL,T,R,4,8,W,A,PRM_0299,-0.23982255770794791,T,R,299
DK*LPPLP,*,L,3,7,P,L,PRM_0152,0.7313116906737782,*,L,152
GLLTSRLSPSVPVL,T,S,4,8,W,A,PRM_0299,-0.1409381187530717,T,S,299
SKVSEFLGWF,S,E,4,5,R,V,PRM_0366,0.16205144868542357,S,E,366
DK*LPPEP,*,E,3,7,P,L,PRM_0152,0.8558352363752045,*,E,152
GLLTSRLMPSVPVL,T,M,4,8,W,A,PRM_0299,-0.36375940336319923,T,M,299
GGPPKLPRLLLLV,P,L,4,6,V,P,PRM_0246,-0.3659891466774798,P,L,246
SKVSDFLGWF,S,D,4,5,R,V,PRM_0366,0.18477348648038083,S,D,366
DK*LPPDP,*,D,3,7,P,L,PRM_0152,0.6972699318505481,*,D,152
GLLTSRLIPSVPVL,T,I,4,8,W,A,PRM_0299,-0.16891488541874494,T,I,299
SKVSAFLGWF,S,A,4,5,R,V,PRM_0366,0.10036187171217213,S,A,366
DK*LPPAP,*,A,3,7,P,L,PRM_0152,0.7443522214616627,*,A,152
GLLTSRLQPSVPVL,T,Q,4,8,W,A,PRM_0299,-0.3411335895887591,T,Q,299
GGPPKEPRLLLLV,P,E,4,6,V,P,PRM_0246,0.008683785881195808,P,E,246
DKFLPPKP,F,K,3,7,P,L,PRM_0152,0.8786269361489827,F,K,152
GLLTSRLHPSVPVL,T,H,4,8,W,A,PRM_0299,-0.19812604071970313,T,H,299
GGPPKDPRLLLLV,P,D,4,6,V,P,PRM_0246,0.004411249547861973,P,D,246
SKVSGFLGWF,S,G,4,5,R,V,PRM_0366,0.18375256601506645,S,G,366
DKFLPPNP,F,N,3,7,P,L,PRM_0152,0.813929646796384,F,N,152
DK*LPPGP,*,G,3,7,P,L,PRM_0152,0.8176808210014666,*,G,152
GLLTSRLPPSVPVL,T,P,4,8,W,A,PRM_0299,-0.3002991030354326,T,P,299
GGPPKAPRLLLLV,P,A,4,6,V,P,PRM_0246,-0.2916784526034111,P,A,246
DKFLPPTP,F,T,3,7,P,L,PRM_0152,0.7456345103255464,F,T,152
SKVSVFLGWF,S,V,4,5,R,V,PRM_0366,-0.1963739099611913,S,V,366
DK*LPPVP,*,V,3,7,P,L,PRM_0152,0.820149298711572,*,V,152
GGPPKGPRLLLLV,P,G,4,6,V,P,PRM_0246,-0.22973473990023868,P,G,246
DKFLPPRP,F,R,3,7,P,L,PRM_0152,0.7949254604220505,F,R,152
SKVS*FLGWF,S,*,4,5,R,V,PRM_0366,0.6292410218220281,S,*,366
DKFLPPSP,F,S,3,7,P,L,PRM_0152,0.7593208960370916,F,S,152
DK*LPP*P,*,*,3,7,P,L,PRM_0152,0.7181253342456111,*,*,152
GLLTSRLLPSVPVL,T,L,4,8,W,A,PRM_0299,-0.2766998981263821,T,L,299
GGPPKVPRLLLLV,P,V,4,6,V,P,PRM_0246,-0.41546165071252106,P,V,246
SKVSYFLGWF,S,Y,4,5,R,V,PRM_0366,-0.21633158662279361,S,Y,366
DKFLPPMP,F,M,3,7,P,L,PRM_0152,0.7008546406034111,F,M,152
DK*LPPYP,*,Y,3,7,P,L,PRM_0152,0.7201450818686376,*,Y,152
DKFLPPIP,F,I,3,7,P,L,PRM_0152,0.737774584951079,F,I,152
GLLTSRLEPSVPVL,T,E,4,8,W,A,PRM_0299,0.021074139211273445,T,E,299
GGPPK*PRLLLLV,P,*,4,6,V,P,PRM_0246,0.696756391276852,P,*,246
DKFLPPHP,F,H,3,7,P,L,PRM_0152,0.7006339387484372,F,H,152
GLLTSRLDPSVPVL,T,D,4,8,W,A,PRM_0299,0.01676522440258904,T,D,299
GGPPKYPRLLLLV,P,Y,4,6,V,P,PRM_0246,-0.3397480965396197,P,Y,246
SKVSWFLGWF,S,W,4,5,R,V,PRM_0366,-0.2270874238511807,S,W,366
DKFLPPPP,F,P,3,7,P,L,PRM_0152,0.7339428107506224,F,P,152
DK*LPPWP,*,W,3,7,P,L,PRM_0152,0.8663133471486277,*,W,152
GLLTSRLAPSVPVL,T,A,4,8,W,A,PRM_0299,-0.15183173762359883,T,A,299
SKVSCFLGWF,S,C,4,5,R,V,PRM_0366,-0.12430834063595382,S,C,366
DK*LPPCP,*,C,3,7,P,L,PRM_0152,0.7826772938010415,*,C,152
GLLTSRLGPSVPVL,T,G,4,8,W,A,PRM_0299,0.005660724949648767,T,G,299
GGPPKWPRLLLLV,P,W,4,6,V,P,PRM_0246,-0.3938125512217764,P,W,246
GLLGSRLKPSVPVL,G,K,4,8,W,A,PRM_0299,-0.05368023701543391,G,K,299
SKVSFFLGWF,S,F,4,5,R,V,PRM_0366,-0.21613508850170216,S,F,366
DKFLPPLP,F,L,3,7,P,L,PRM_0152,0.6558476063825205,F,L,152
DK*LPPFP,*,F,3,7,P,L,PRM_0152,0.769488173261043,*,F,152
GGPPKCPRLLLLV,P,C,4,6,V,P,PRM_0246,-0.3355345563550962,P,C,246
GLLGSRLNPSVPVL,G,N,4,8,W,A,PRM_0299,-0.09174523594455414,G,N,299
SKVMKFLGWF,M,K,4,5,R,V,PRM_0366,0.03003068885647265,M,K,366
DKYLPPKP,Y,K,3,7,P,L,PRM_0152,0.8328652562944048,Y,K,152
GLLTSRLVPSVPVL,T,V,4,8,W,A,PRM_0299,-0.18381637333387688,T,V,299
GLLGSRLTPSVPVL,G,T,4,8,W,A,PRM_0299,-0.06177368336754989,G,T,299
SKVMNFLGWF,M,N,4,5,R,V,PRM_0366,0.01761835460793975,M,N,366
DKFLPPEP,F,E,3,7,P,L,PRM_0152,0.7737757374314271,F,E,152
DKYLPPTP,Y,T,3,7,P,L,PRM_0152,0.7586729376642902,Y,T,152
GGPPKFPRLLLLV,P,F,4,6,V,P,PRM_0246,-0.39959997651802975,P,F,246
SKVMTFLGWF,M,T,4,5,R,V,PRM_0366,0.0339621790899135,M,T,366
DKFLPPDP,F,D,3,7,P,L,PRM_0152,0.7772203689252408,F,D,152
GLLTSRL*PSVPVL,T,*,4,8,W,A,PRM_0299,0.28376980212282255,T,*,299
GLLGSRLRPSVPVL,G,R,4,8,W,A,PRM_0299,-0.1526465963376395,G,R,299
DKFLPPAP,F,A,3,7,P,L,PRM_0152,0.7472711603536983,F,A,152
DKYLPPRP,Y,R,3,7,P,L,PRM_0152,0.7512819207672163,Y,R,152
GLLTSRLYPSVPVL,T,Y,4,8,W,A,PRM_0299,-0.20765503852186978,T,Y,299
GLLGSRLSPSVPVL,G,S,4,8,W,A,PRM_0299,-0.007458506429527261,G,S,299
SKVMRFLGWF,M,R,4,5,R,V,PRM_0366,0.0659256549307982,M,R,366
DKYLPPSP,Y,S,3,7,P,L,PRM_0152,0.7695346285014134,Y,S,152
GLLGSRLMPSVPVL,G,M,4,8,W,A,PRM_0299,-0.17635425488097478,G,M,299
SKVMSFLGWF,M,S,4,5,R,V,PRM_0366,0.0282855493461907,M,S,366
DKFLPPGP,F,G,3,7,P,L,PRM_0152,0.807784654382369,F,G,152
DKYLPPMP,Y,M,3,7,P,L,PRM_0152,0.6575127536530472,Y,M,152
GLLGSRLIPSVPVL,G,I,4,8,W,A,PRM_0299,-0.17816699749784096,G,I,299
SKVMMFLGWF,M,M,4,5,R,V,PRM_0366,-0.12884269425857056,M,M,366
DKYLPPIP,Y,I,3,7,P,L,PRM_0152,0.617070394227844,Y,I,152
GLLTSRLWPSVPVL,T,W,4,8,W,A,PRM_0299,-0.32507347926526653,T,W,299
GLLGSRLQPSVPVL,G,Q,4,8,W,A,PRM_0299,-0.03619099359417516,G,Q,299
SKVMIFLGWF,M,I,4,5,R,V,PRM_0366,-0.4990319077149161,M,I,366
DKFLPPVP,F,V,3,7,P,L,PRM_0152,0.710561822040749,F,V,152
DKYLPPQP,Y,Q,3,7,P,L,PRM_0152,0.7012789220385115,Y,Q,152
GLLTSRLCPSVPVL,T,C,4,8,W,A,PRM_0299,-0.01598661197992812,T,C,299
GLLGSRLHPSVPVL,G,H,4,8,W,A,PRM_0299,-0.04493082789263309,G,H,299
SKVMQFLGWF,M,Q,4,5,R,V,PRM_0366,0.08945933056561609,M,Q,366
DKYLPPHP,Y,H,3,7,P,L,PRM_0152,0.6537566795790138,Y,H,152
GLLGSRLPPSVPVL,G,P,4,8,W,A,PRM_0299,-0.18878471562110294,G,P,299
SKVMHFLGWF,M,H,4,5,R,V,PRM_0366,-0.10171138343096896,M,H,366
DKFLPP*P,F,*,3,7,P,L,PRM_0152,0.6712074942278436,F,*,152
GLLTSRLFPSVPVL,T,F,4,8,W,A,PRM_0299,-0.27726587452325635,T,F,299
SKVMPFLGWF,M,P,4,5,R,V,PRM_0366,-0.07733172797872859,M,P,366
DKFLPPYP,F,Y,3,7,P,L,PRM_0152,0.6123279597680538,F,Y,152
DKYLPPLP,Y,L,3,7,P,L,PRM_0152,0.512635403993524,Y,L,152
GLLGSRLLPSVPVL,G,L,4,8,W,A,PRM_0299,-0.11578327576704726,G,L,299
SKVMLFLGWF,M,L,4,5,R,V,PRM_0366,-0.2181015637125587,M,L,366
DKFLPPWP,F,W,3,7,P,L,PRM_0152,0.6247071841881335,F,W,152
DKYLPPEP,Y,E,3,7,P,L,PRM_0152,0.7666897346963267,Y,E,152
DKFLPPCP,F,C,3,7,P,L,PRM_0152,0.7122620906478538,F,C,152
DKYLPPDP,Y,D,3,7,P,L,PRM_0152,0.7104432930317347,Y,D,152
GLLGSRLEPSVPVL,G,E,4,8,W,A,PRM_0299,0.107720099568515,G,E,299
SKVMEFLGWF,M,E,4,5,R,V,PRM_0366,0.10643286348435313,M,E,366
DKYLPPAP,Y,A,3,7,P,L,PRM_0152,0.7150148650815256,Y,A,152
GLLGSRLDPSVPVL,G,D,4,8,W,A,PRM_0299,0.12211979292547431,G,D,299
SKVMDFLGWF,M,D,4,5,R,V,PRM_0366,0.16037313718738191,M,D,366
DKFLPPFP,F,F,3,7,P,L,PRM_0152,0.6131970108352408,F,F,152
GLLGSRLAPSVPVL,G,A,4,8,W,A,PRM_0299,-0.08452728105646859,G,A,299
SKVMAFLGWF,M,A,4,5,R,V,PRM_0366,0.016590395018795508,M,A,366
GTGLPRHSWVLL,304_4,304_4,304_4,304_4,304_4,304_4,reference,0.20009876942569094,NA,NA,reference
DKYLPPGP,Y,G,3,7,P,L,PRM_0152,0.7384341198880404,Y,G,152
GRHPRHSTANQI,304_1,304_1,304_1,304_1,304_1,304_1,reference,0.7270894600491932,NA,NA,reference
GLLGSRLGPSVPVL,G,G,4,8,W,A,PRM_0299,0.05473578928048572,G,G,299
SKVMGFLGWF,M,G,4,5,R,V,PRM_0366,0.08660170983989446,M,G,366
GGPKKKPRLLLLV,K,K,4,6,V,P,PRM_0246,-0.3333465080499598,K,K,246
DKYLPPVP,Y,V,3,7,P,L,PRM_0152,0.6834318597696751,Y,V,152
GGPKKNPRLLLLV,K,N,4,6,V,P,PRM_0246,-0.13717666073891377,K,N,246
GLLGSRLVPSVPVL,G,V,4,8,W,A,PRM_0299,-0.07508948852922522,G,V,299
SKVMVFLGWF,M,V,4,5,R,V,PRM_0366,-0.3384076683977877,M,V,366
GGPKKTPRLLLLV,K,T,4,6,V,P,PRM_0246,-0.3132203366461853,K,T,246
DKYLPP*P,Y,*,3,7,P,L,PRM_0152,0.6874281145883635,Y,*,152
DKYLPPYP,Y,Y,3,7,P,L,PRM_0152,0.6504128553841019,Y,Y,152
GLLGSRL*PSVPVL,G,*,4,8,W,A,PRM_0299,0.34389330996789824,G,*,299
SKVM*FLGWF,M,*,4,5,R,V,PRM_0366,0.6664266569094932,M,*,366
GGPKKRPRLLLLV,K,R,4,6,V,P,PRM_0246,-0.32844212327621936,K,R,246
GLLGSRLYPSVPVL,G,Y,4,8,W,A,PRM_0299,-0.15700547406023752,G,Y,299
SKVMYFLGWF,M,Y,4,5,R,V,PRM_0366,-0.2525607613890584,M,Y,366
GGPKKSPRLLLLV,K,S,4,6,V,P,PRM_0246,-0.3527068163792172,K,S,246
GGPKKMPRLLLLV,K,M,4,6,V,P,PRM_0246,-0.28014696799888433,K,M,246
DKYLPPWP,Y,W,3,7,P,L,PRM_0152,0.6143164170592105,Y,W,152
GGPKKIPRLLLLV,K,I,4,6,V,P,PRM_0246,-0.452219175887205,K,I,246
DKYLPPCP,Y,C,3,7,P,L,PRM_0152,0.7072156350009043,Y,C,152
GLLGSRLWPSVPVL,G,W,4,8,W,A,PRM_0299,-0.2108790077431903,G,W,299
SKVMWFLGWF,M,W,4,5,R,V,PRM_0366,-0.2747529886364872,M,W,366
GGPKKQPRLLLLV,K,Q,4,6,V,P,PRM_0246,-0.22519601495027108,K,Q,246
GLLGSRLCPSVPVL,G,C,4,8,W,A,PRM_0299,-0.168698220921663,G,C,299
SKVMCFLGWF,M,C,4,5,R,V,PRM_0366,-0.15695795714625985,M,C,366
GGPKKHPRLLLLV,K,H,4,6,V,P,PRM_0246,-0.6489470841698454,K,H,246
DKYLPPFP,Y,F,3,7,P,L,PRM_0152,0.5775649645986156,Y,F,152
GGPKKPPRLLLLV,K,P,4,6,V,P,PRM_0246,-0.697725368277564,K,P,246
GLLGSRLFPSVPVL,G,F,4,8,W,A,PRM_0299,-0.18229515141954322,G,F,299
SKVMFFLGWF,M,F,4,5,R,V,PRM_0366,-0.3507882028419263,M,F,366
SKVIKFLGWF,I,K,4,5,R,V,PRM_0366,-0.11320323526658624,I,K,366
SKVINFLGWF,I,N,4,5,R,V,PRM_0366,0.015001010684772617,I,N,366
SKVITFLGWF,I,T,4,5,R,V,PRM_0366,-0.10428296782714272,I,T,366
GGPKKLPRLLLLV,K,L,4,6,V,P,PRM_0246,-0.4023599809682151,K,L,246
GGPRKKPRLLLLV,R,K,4,6,V,P,PRM_0246,-0.32040553714679076,R,K,246
SKVIRFLGWF,I,R,4,5,R,V,PRM_0366,-0.1260933247350102,I,R,366
GGPKKEPRLLLLV,K,E,4,6,V,P,PRM_0246,0.04335110246588305,K,E,246
GGPRKNPRLLLLV,R,N,4,6,V,P,PRM_0246,-0.29645340673166626,R,N,246
SKVISFLGWF,I,S,4,5,R,V,PRM_0366,-0.12065305622845342,I,S,366
GGPKKDPRLLLLV,K,D,4,6,V,P,PRM_0246,-0.2108117439631884,K,D,246
GGPRKTPRLLLLV,R,T,4,6,V,P,PRM_0246,-0.45512024473476875,R,T,246
SKVIMFLGWF,I,M,4,5,R,V,PRM_0366,-0.4241489704918894,I,M,366
GGPKKAPRLLLLV,K,A,4,6,V,P,PRM_0246,-0.35220331969657925,K,A,246
SKVIIFLGWF,I,I,4,5,R,V,PRM_0366,-0.4845498133783414,I,I,366
GGPRKRPRLLLLV,R,R,4,6,V,P,PRM_0246,-0.47653457423860274,R,R,246
SKVIQFLGWF,I,Q,4,5,R,V,PRM_0366,-0.047873279492585366,I,Q,366
GGPKKGPRLLLLV,K,G,4,6,V,P,PRM_0246,-0.2876461580934654,K,G,246
GGPRKSPRLLLLV,R,S,4,6,V,P,PRM_0246,-0.3765784840889968,R,S,246
SKVIHFLGWF,I,H,4,5,R,V,PRM_0366,-0.24526389001729407,I,H,366
GGPRKMPRLLLLV,R,M,4,6,V,P,PRM_0246,-0.49949384469620534,R,M,246
SKVIPFLGWF,I,P,4,5,R,V,PRM_0366,0.02011145921097226,I,P,366
GGPKKVPRLLLLV,K,V,4,6,V,P,PRM_0246,-0.38380882451695153,K,V,246
GGPRKIPRLLLLV,R,I,4,6,V,P,PRM_0246,-0.4660888038347023,R,I,246
GGPRKQPRLLLLV,R,Q,4,6,V,P,PRM_0246,-0.1985806401265133,R,Q,246
GGPKK*PRLLLLV,K,*,4,6,V,P,PRM_0246,0.6791051746414069,K,*,246
GGPRKHPRLLLLV,R,H,4,6,V,P,PRM_0246,-0.4987345407795563,R,H,246
SKVILFLGWF,I,L,4,5,R,V,PRM_0366,-0.398771140332814,I,L,366
GGPKKYPRLLLLV,K,Y,4,6,V,P,PRM_0246,-0.38329704434774803,K,Y,246
GGPRKPPRLLLLV,R,P,4,6,V,P,PRM_0246,-0.4245541211847193,R,P,246
SKVIEFLGWF,I,E,4,5,R,V,PRM_0366,0.037330331876693025,I,E,366
SKVIDFLGWF,I,D,4,5,R,V,PRM_0366,0.059107606601623536,I,D,366
GGPKKWPRLLLLV,K,W,4,6,V,P,PRM_0246,-0.2202008900608257,K,W,246
SKVIAFLGWF,I,A,4,5,R,V,PRM_0366,-0.2459232437014775,I,A,366
GGPKKCPRLLLLV,K,C,4,6,V,P,PRM_0246,-0.524497860944206,K,C,246
GGPRKLPRLLLLV,R,L,4,6,V,P,PRM_0246,-0.5639823592389465,R,L,246
SKVIGFLGWF,I,G,4,5,R,V,PRM_0366,-0.002382395680154494,I,G,366
GGPKKFPRLLLLV,K,F,4,6,V,P,PRM_0246,-0.5474546941602225,K,F,246
GGPRKEPRLLLLV,R,E,4,6,V,P,PRM_0246,-0.051318265746561446,R,E,246
GGPNKKPRLLLLV,N,K,4,6,V,P,PRM_0246,-0.5040922557556458,N,K,246
GGPRKDPRLLLLV,R,D,4,6,V,P,PRM_0246,-0.1646397679912516,R,D,246
SKVIVFLGWF,I,V,4,5,R,V,PRM_0366,-0.3976320633224304,I,V,366
GGPNKNPRLLLLV,N,N,4,6,V,P,PRM_0246,-0.29388302850078235,N,N,246
GGPRKAPRLLLLV,R,A,4,6,V,P,PRM_0246,-0.38069192662337414,R,A,246
GGPNKTPRLLLLV,N,T,4,6,V,P,PRM_0246,-0.4094380925483283,N,T,246
SKVI*FLGWF,I,*,4,5,R,V,PRM_0366,0.6106791288000312,I,*,366
GGPRKGPRLLLLV,R,G,4,6,V,P,PRM_0246,-0.43300966708140753,R,G,246
SKVIYFLGWF,I,Y,4,5,R,V,PRM_0366,-0.4524233298879334,I,Y,366
GGPNKRPRLLLLV,N,R,4,6,V,P,PRM_0246,-0.5548506323582753,N,R,246
GGPNKSPRLLLLV,N,S,4,6,V,P,PRM_0246,-0.289626778608498,N,S,246
GGPRKVPRLLLLV,R,V,4,6,V,P,PRM_0246,-0.43833662076637014,R,V,246
GGPNKMPRLLLLV,N,M,4,6,V,P,PRM_0246,-0.6400407921413268,N,M,246
SKVIWFLGWF,I,W,4,5,R,V,PRM_0366,-0.3927113924885427,I,W,366
GGPNKIPRLLLLV,N,I,4,6,V,P,PRM_0246,-0.42539020891107016,N,I,246
GGPRK*PRLLLLV,R,*,4,6,V,P,PRM_0246,0.6933416888116029,R,*,246
SKVICFLGWF,I,C,4,5,R,V,PRM_0366,-0.2864176357307125,I,C,366
GGPNKQPRLLLLV,N,Q,4,6,V,P,PRM_0246,-0.18643318623408323,N,Q,246
GGPRKYPRLLLLV,R,Y,4,6,V,P,PRM_0246,-0.3881650749033921,R,Y,246
GGPNKHPRLLLLV,N,H,4,6,V,P,PRM_0246,-0.25230375833660323,N,H,246
SKVIFFLGWF,I,F,4,5,R,V,PRM_0366,-0.5368361230200849,I,F,366
GGPNKPPRLLLLV,N,P,4,6,V,P,PRM_0246,-0.4850550635338171,N,P,246
SKVQKFLGWF,Q,K,4,5,R,V,PRM_0366,0.2522253635851602,Q,K,366
GGPRKWPRLLLLV,R,W,4,6,V,P,PRM_0246,-0.469358781246109,R,W,246
SKVQNFLGWF,Q,N,4,5,R,V,PRM_0366,0.0516583573494547,Q,N,366
GGPRKCPRLLLLV,R,C,4,6,V,P,PRM_0246,-0.3911332961358647,R,C,246
SKVQRFLGWF,Q,R,4,5,R,V,PRM_0366,0.02553911112562846,Q,R,366
SKVQSFLGWF,Q,S,4,5,R,V,PRM_0366,0.09619204413478608,Q,S,366
GGPNKLPRLLLLV,N,L,4,6,V,P,PRM_0246,-0.5207347406388094,N,L,246
GGPRKFPRLLLLV,R,F,4,6,V,P,PRM_0246,-0.5573679442568171,R,F,246
SKVQMFLGWF,Q,M,4,5,R,V,PRM_0366,0.08222680592829382,Q,M,366
SKVQIFLGWF,Q,I,4,5,R,V,PRM_0366,-0.26127162176893076,Q,I,366
GGPNKEPRLLLLV,N,E,4,6,V,P,PRM_0246,0.07111367603212046,N,E,246
GGPNKDPRLLLLV,N,D,4,6,V,P,PRM_0246,-0.011684105488481257,N,D,246
GGPAK*PRLLLLV,A,*,4,6,V,P,PRM_0246,0.707009757442908,A,*,246
SKVDMFLGWF,D,M,4,5,R,V,PRM_0366,0.019864639820071413,D,M,366
GGPNKAPRLLLLV,N,A,4,6,V,P,PRM_0246,-0.26654057053445757,N,A,246
GGPAKYPRLLLLV,A,Y,4,6,V,P,PRM_0246,-0.32026122392408257,A,Y,246
SKVDIFLGWF,D,I,4,5,R,V,PRM_0366,0.04867444700439645,D,I,366
SKVQEFLGWF,Q,E,4,5,R,V,PRM_0366,0.21912391850003268,Q,E,366
GGPAKSPRLLLLV,A,S,4,6,V,P,PRM_0246,-0.22397757291620185,A,S,246
SKVDQFLGWF,D,Q,4,5,R,V,PRM_0366,0.17024329067594093,D,Q,366
SKVQDFLGWF,Q,D,4,5,R,V,PRM_0366,0.17354961020246293,Q,D,366
GGPNKGPRLLLLV,N,G,4,6,V,P,PRM_0246,-0.26695964777261416,N,G,246
SKVDHFLGWF,D,H,4,5,R,V,PRM_0366,0.03302280268358092,D,H,366
SKVQAFLGWF,Q,A,4,5,R,V,PRM_0366,0.04076571715036969,Q,A,366
GGPAKWPRLLLLV,A,W,4,6,V,P,PRM_0246,-0.6095520877802924,A,W,246
SKVDPFLGWF,D,P,4,5,R,V,PRM_0366,0.15460391397989323,D,P,366
GGPNKVPRLLLLV,N,V,4,6,V,P,PRM_0246,-0.3862428772336739,N,V,246
GGPAKCPRLLLLV,A,C,4,6,V,P,PRM_0246,-0.4255405976761699,A,C,246
SKVDRFLGWF,D,R,4,5,R,V,PRM_0366,0.12744308929135245,D,R,366
SKVQGFLGWF,Q,G,4,5,R,V,PRM_0366,0.23026455820262307,Q,G,366
GGPAKLPRLLLLV,A,L,4,6,V,P,PRM_0246,-0.48139841725265553,A,L,246
GGPNK*PRLLLLV,N,*,4,6,V,P,PRM_0246,0.6550455568020536,N,*,246
GGPAKFPRLLLLV,A,F,4,6,V,P,PRM_0246,-0.5062264220861243,A,F,246
SKVDLFLGWF,D,L,4,5,R,V,PRM_0366,-0.029268976271236556,D,L,366
SKVQVFLGWF,Q,V,4,5,R,V,PRM_0366,-0.0038058536888825375,Q,V,366
GGPNKYPRLLLLV,N,Y,4,6,V,P,PRM_0246,-0.5423237293013483,N,Y,246
GGPAKKPRLLLLV,A,K,4,6,V,P,PRM_0246,-0.2724163723446569,A,K,246
DKWLPPKP,W,K,3,7,P,L,PRM_0152,0.7571734606085383,W,K,152
GGPAKNPRLLLLV,A,N,4,6,V,P,PRM_0246,-0.21936617273507478,A,N,246
SKVDEFLGWF,D,E,4,5,R,V,PRM_0366,0.17393946065347035,D,E,366
SKVQ*FLGWF,Q,*,4,5,R,V,PRM_0366,0.7129624600845397,Q,*,366
DKWLPPNP,W,N,3,7,P,L,PRM_0152,0.6480879296602946,W,N,152
GGPAKTPRLLLLV,A,T,4,6,V,P,PRM_0246,-0.30557852614552117,A,T,246
SKVDDFLGWF,D,D,4,5,R,V,PRM_0366,0.21253004144969767,D,D,366
SKVQYFLGWF,Q,Y,4,5,R,V,PRM_0366,0.004320722338114384,Q,Y,366
GGPNKWPRLLLLV,N,W,4,6,V,P,PRM_0246,-0.4976116512085883,N,W,246
DKWLPPTP,W,T,3,7,P,L,PRM_0152,0.7058982198965686,W,T,152
SKVDAFLGWF,D,A,4,5,R,V,PRM_0366,0.21407849584241306,D,A,366
GGPNKCPRLLLLV,N,C,4,6,V,P,PRM_0246,-0.3859318098420105,N,C,246
GGPAKRPRLLLLV,A,R,4,6,V,P,PRM_0246,-0.3508310770150191,A,R,246
SKVQWFLGWF,Q,W,4,5,R,V,PRM_0366,-0.07060460213859324,Q,W,366
DKWLPPRP,W,R,3,7,P,L,PRM_0152,0.6417772035432726,W,R,152
SKVDGFLGWF,D,G,4,5,R,V,PRM_0366,0.18838420212799362,D,G,366
SKVQCFLGWF,Q,C,4,5,R,V,PRM_0366,-0.18065737410737553,Q,C,366
GGPNKFPRLLLLV,N,F,4,6,V,P,PRM_0246,-0.43668860164727985,N,F,246
DKWLPPSP,W,S,3,7,P,L,PRM_0152,0.6076841086533633,W,S,152
GGPAKMPRLLLLV,A,M,4,6,V,P,PRM_0246,-0.28125199334886186,A,M,246
SKVQLFLGWF,Q,L,4,5,R,V,PRM_0366,-0.06394198315673058,Q,L,366
GGPTKKPRLLLLV,T,K,4,6,V,P,PRM_0246,-0.3830494895083916,T,K,246
DKWLPPMP,W,M,3,7,P,L,PRM_0152,0.5546468129236575,W,M,152
GGPAKIPRLLLLV,A,I,4,6,V,P,PRM_0246,-0.3577327916293348,A,I,246
SKVDVFLGWF,D,V,4,5,R,V,PRM_0366,0.05374681916948931,D,V,366
SKVQFFLGWF,Q,F,4,5,R,V,PRM_0366,-0.288644570067993,Q,F,366
GGPTKNPRLLLLV,T,N,4,6,V,P,PRM_0246,-0.24765257469718738,T,N,246
DKWLPPIP,W,I,3,7,P,L,PRM_0152,0.5524208842955206,W,I,152
GGPAKQPRLLLLV,A,Q,4,6,V,P,PRM_0246,-0.2180603808905343,A,Q,246
SKVHKFLGWF,H,K,4,5,R,V,PRM_0366,0.025002345467366415,H,K,366
GGPTKTPRLLLLV,T,T,4,6,V,P,PRM_0246,-0.36009673204750914,T,T,246
DKWLPPQP,W,Q,3,7,P,L,PRM_0152,0.6515986176384638,W,Q,152
GGPAKHPRLLLLV,A,H,4,6,V,P,PRM_0246,-0.3689645322993942,A,H,246
SKVD*FLGWF,D,*,4,5,R,V,PRM_0366,0.7473321292375327,D,*,366
SKVHNFLGWF,H,N,4,5,R,V,PRM_0366,0.2992433804882116,H,N,366
DKWLPPHP,W,H,3,7,P,L,PRM_0152,0.6727470160418709,W,H,152
GGPAKPPRLLLLV,A,P,4,6,V,P,PRM_0246,-0.4494112098836716,A,P,246
SKVDYFLGWF,D,Y,4,5,R,V,PRM_0366,-0.05501775030039539,D,Y,366
SKVHRFLGWF,H,R,4,5,R,V,PRM_0366,-0.02030664041665367,H,R,366
GGPTKRPRLLLLV,T,R,4,6,V,P,PRM_0246,-0.3840895989133447,T,R,246
DKWLPPPP,W,P,3,7,P,L,PRM_0152,0.38257038426483847,W,P,152
SKVDSFLGWF,D,S,4,5,R,V,PRM_0366,0.16074004680111723,D,S,366
SKVHSFLGWF,H,S,4,5,R,V,PRM_0366,-0.029268976271236143,H,S,366
GGPTKSPRLLLLV,T,S,4,6,V,P,PRM_0246,-0.3089759678437357,T,S,246
SKVHMFLGWF,H,M,4,5,R,V,PRM_0366,-0.047873279492585366,H,M,366
GGPTKMPRLLLLV,T,M,4,6,V,P,PRM_0246,-0.5013374380452282,T,M,246
SKVDWFLGWF,D,W,4,5,R,V,PRM_0366,-0.008691174462808694,D,W,366
SKVHIFLGWF,H,I,4,5,R,V,PRM_0366,-0.48790640928096446,H,I,366
GGPTKIPRLLLLV,T,I,4,6,V,P,PRM_0246,-0.5400700430725622,T,I,246
DKWLPPLP,W,L,3,7,P,L,PRM_0152,0.5830460809979245,W,L,152
SKVDCFLGWF,D,C,4,5,R,V,PRM_0366,0.06518154235084857,D,C,366
GGPTKQPRLLLLV,T,Q,4,6,V,P,PRM_0246,-0.15659431053248074,T,Q,246
SKVHLFLGWF,H,L,4,5,R,V,PRM_0366,-0.20216610019517567,H,L,366
GGPTKPPRLLLLV,T,P,4,6,V,P,PRM_0246,-0.4237805028195785,T,P,246
DKWLPPEP,W,E,3,7,P,L,PRM_0152,0.6857218145893831,W,E,152
GGPAKEPRLLLLV,A,E,4,6,V,P,PRM_0246,0.02821322867740618,A,E,246
SKVDFFLGWF,D,F,4,5,R,V,PRM_0366,-0.056410246172664345,D,F,366
SKVHEFLGWF,H,E,4,5,R,V,PRM_0366,0.13132800424078445,H,E,366
DKWLPPDP,W,D,3,7,P,L,PRM_0152,0.6146192880678535,W,D,152
GGPAKDPRLLLLV,A,D,4,6,V,P,PRM_0246,-0.034494140081912233,A,D,246
SKVAKFLGWF,A,K,4,5,R,V,PRM_0366,0.06715197865279263,A,K,366
SKVHDFLGWF,H,D,4,5,R,V,PRM_0366,0.015210701711550775,H,D,366
DKWLPPAP,W,A,3,7,P,L,PRM_0152,0.6324840796441653,W,A,152
GGPAKAPRLLLLV,A,A,4,6,V,P,PRM_0246,-0.34848524277323534,A,A,246
SKVANFLGWF,A,N,4,5,R,V,PRM_0366,0.13734705264254043,A,N,366
SKVHGFLGWF,H,G,4,5,R,V,PRM_0366,0.022664195726360217,H,G,366
SKVATFLGWF,A,T,4,5,R,V,PRM_0366,-0.1811648237333248,A,T,366
GGPTKLPRLLLLV,T,L,4,6,V,P,PRM_0246,-0.43844588022361575,T,L,246
DKWLPPGP,W,G,3,7,P,L,PRM_0152,0.6889311246133747,W,G,152
GGPAKGPRLLLLV,A,G,4,6,V,P,PRM_0246,-0.23814625035114,A,G,246
SKVARFLGWF,A,R,4,5,R,V,PRM_0366,0.05323375968557461,A,R,366
SKVHVFLGWF,H,V,4,5,R,V,PRM_0366,-0.20273086139056237,H,V,366
SKVASFLGWF,A,S,4,5,R,V,PRM_0366,0.08387514766752982,A,S,366
GGPTKEPRLLLLV,T,E,4,6,V,P,PRM_0246,0.04710426252612329,T,E,246
DKWLPPVP,W,V,3,7,P,L,PRM_0152,0.6503758393666589,W,V,152
GGPAKVPRLLLLV,A,V,4,6,V,P,PRM_0246,-0.42733734018863134,A,V,246
GGPLKKPRLLLLV,L,K,4,6,V,P,PRM_0246,-0.4059417507272213,L,K,246
SKVAMFLGWF,A,M,4,5,R,V,PRM_0366,-0.023859982026725984,A,M,366
SKVH*FLGWF,H,*,4,5,R,V,PRM_0366,0.7156663165535699,H,*,366
GGPTKDPRLLLLV,T,D,4,6,V,P,PRM_0246,-0.11324613801878398,T,D,246
GGPLKNPRLLLLV,L,N,4,6,V,P,PRM_0246,-0.32973450504902657,L,N,246
SKVAIFLGWF,A,I,4,5,R,V,PRM_0366,-0.26490514811046273,A,I,366
SKVHYFLGWF,H,Y,4,5,R,V,PRM_0366,-0.21496863784502016,H,Y,366
GGPTKAPRLLLLV,T,A,4,6,V,P,PRM_0246,-0.3387375961319224,T,A,246
DKWLPP*P,W,*,3,7,P,L,PRM_0152,0.5399739406506966,W,*,152
GGPLKTPRLLLLV,L,T,4,6,V,P,PRM_0246,-0.4547362584080371,L,T,246
SKVAQFLGWF,A,Q,4,5,R,V,PRM_0366,0.0952838269597593,A,Q,366
SKVHWFLGWF,H,W,4,5,R,V,PRM_0366,-0.3137800941068986,H,W,366
DKWLPPYP,W,Y,3,7,P,L,PRM_0152,0.5318712322704826,W,Y,152
SKVHCFLGWF,H,C,4,5,R,V,PRM_0366,-0.04124895919435809,H,C,366
GGPTKGPRLLLLV,T,G,4,6,V,P,PRM_0246,-0.336920219223794,T,G,246
GGPLKRPRLLLLV,L,R,4,6,V,P,PRM_0246,-0.4389503741355197,L,R,246
SKVALFLGWF,A,L,4,5,R,V,PRM_0366,-0.17824305499153353,A,L,366
GGPLKSPRLLLLV,L,S,4,6,V,P,PRM_0246,-0.4688189467345946,L,S,246
SKVAEFLGWF,A,E,4,5,R,V,PRM_0366,0.18034247683047833,A,E,366
SKVHFFLGWF,H,F,4,5,R,V,PRM_0366,-0.33934244257929186,H,F,366
GGPTKVPRLLLLV,T,V,4,6,V,P,PRM_0246,-0.4207486488498753,T,V,246
DKWLPPWP,W,W,3,7,P,L,PRM_0152,0.4142012492800475,W,W,152
GGPLKMPRLLLLV,L,M,4,6,V,P,PRM_0246,-0.4242803058916988,L,M,246
SKVADFLGWF,A,D,4,5,R,V,PRM_0366,0.16712265045598743,A,D,366
SKVPMFLGWF,P,M,4,5,R,V,PRM_0366,-0.06043316358578339,P,M,366
DKWLPPCP,W,C,3,7,P,L,PRM_0152,0.5655282009374981,W,C,152
GGPLKIPRLLLLV,L,I,4,6,V,P,PRM_0246,-0.46042456577406077,L,I,246
SKVAAFLGWF,A,A,4,5,R,V,PRM_0366,0.10278415224185523,A,A,366
SKVPGFLGWF,P,G,4,5,R,V,PRM_0366,0.16811137878269866,P,G,366
GGPTK*PRLLLLV,T,*,4,6,V,P,PRM_0246,0.6748770761187715,T,*,246
GGPLKQPRLLLLV,L,Q,4,6,V,P,PRM_0246,-0.3300431053410174,L,Q,246
SKVAGFLGWF,A,G,4,5,R,V,PRM_0366,0.23616070676649534,A,G,366
SKVPVFLGWF,P,V,4,5,R,V,PRM_0366,0.0026143955729918426,P,V,366
GGPTKYPRLLLLV,T,Y,4,6,V,P,PRM_0246,-0.5497094163217922,T,Y,246
DKWLPPFP,W,F,3,7,P,L,PRM_0152,0.5394408040072908,W,F,152
GGPLKHPRLLLLV,L,H,4,6,V,P,PRM_0246,-0.5184202812284071,L,H,246
DKCLPPKP,C,K,3,7,P,L,PRM_0152,0.8721819418719851,C,K,152
GGPGKKPRLLLLV,G,K,4,6,V,P,PRM_0246,-0.20499765036554327,G,K,246
GGPLKPPRLLLLV,L,P,4,6,V,P,PRM_0246,-0.5488277514875461,L,P,246
SKVAVFLGWF,A,V,4,5,R,V,PRM_0366,-0.34322424818652814,A,V,366
SKVP*FLGWF,P,*,4,5,R,V,PRM_0366,0.6564447748483797,P,*,366
DKCLPPTP,C,T,3,7,P,L,PRM_0152,0.8025703939915689,C,T,152
GGPGKNPRLLLLV,G,N,4,6,V,P,PRM_0246,-0.14236131017783438,G,N,246
SKVPWFLGWF,P,W,4,5,R,V,PRM_0366,-0.14166143569978107,P,W,366
GGPTKWPRLLLLV,T,W,4,6,V,P,PRM_0246,-0.3912907596938407,T,W,246
GGPGKTPRLLLLV,G,T,4,6,V,P,PRM_0246,-0.28903427008659516,G,T,246
SKVA*FLGWF,A,*,4,5,R,V,PRM_0366,0.7295896628603366,A,*,366
SKVPLFLGWF,P,L,4,5,R,V,PRM_0366,-0.15735407393499473,P,L,366
GGPTKCPRLLLLV,T,C,4,6,V,P,PRM_0246,-0.3293835691765594,T,C,246
DKCLPPRP,C,R,3,7,P,L,PRM_0152,0.8109805110875489,C,R,152
SKVAYFLGWF,A,Y,4,5,R,V,PRM_0366,-0.13409392212747623,A,Y,366
SKVPFFLGWF,P,F,4,5,R,V,PRM_0366,-0.059705334485019405,P,F,366
DKCLPPSP,C,S,3,7,P,L,PRM_0152,0.8098282440683879,C,S,152
GGPGKRPRLLLLV,G,R,4,6,V,P,PRM_0246,-0.3173570568122344,G,R,246
GGPLKLPRLLLLV,L,L,4,6,V,P,PRM_0246,-0.503832989915822,L,L,246
GGPTKFPRLLLLV,T,F,4,6,V,P,PRM_0246,-0.570287846327038,T,F,246
DKCLPPMP,C,M,3,7,P,L,PRM_0152,0.7737705278436068,C,M,152
GGPGKSPRLLLLV,G,S,4,6,V,P,PRM_0246,-0.20978886873386854,G,S,246
DKCLPPIP,C,I,3,7,P,L,PRM_0152,0.7264731934652598,C,I,152
GGPGKMPRLLLLV,G,M,4,6,V,P,PRM_0246,-0.40241671573766236,G,M,246
GGPLKEPRLLLLV,L,E,4,6,V,P,PRM_0246,-0.0984716681797525,L,E,246
SKVAWFLGWF,A,W,4,5,R,V,PRM_0366,-0.1370803349750816,A,W,366
SKVPYFLGWF,P,Y,4,5,R,V,PRM_0366,-0.010985595012146535,P,Y,366
DKCLPPQP,C,Q,3,7,P,L,PRM_0152,0.8795270485788126,C,Q,152
GGPGKIPRLLLLV,G,I,4,6,V,P,PRM_0246,-0.4337418895374682,G,I,246
GGPLKDPRLLLLV,L,D,4,6,V,P,PRM_0246,-0.12539961076104214,L,D,246
SKVACFLGWF,A,C,4,5,R,V,PRM_0366,-0.17108147290449405,A,C,366
DKCLPPHP,C,H,3,7,P,L,PRM_0152,0.7581934764109122,C,H,152
GGPGKQPRLLLLV,G,Q,4,6,V,P,PRM_0246,-0.17368918782892812,G,Q,246
GGPLKAPRLLLLV,L,A,4,6,V,P,PRM_0246,-0.48229725846829796,L,A,246
DKCLPPPP,C,P,3,7,P,L,PRM_0152,0.7274311651143789,C,P,152
GGPGKHPRLLLLV,G,H,4,6,V,P,PRM_0246,-0.3358927534558766,G,H,246
SKVAFFLGWF,A,F,4,5,R,V,PRM_0366,-0.21703069627809912,A,F,366
GGPGKPPRLLLLV,G,P,4,6,V,P,PRM_0246,-0.31307538542622737,G,P,246
GGPLKGPRLLLLV,L,G,4,6,V,P,PRM_0246,-0.35161702666056005,L,G,246
DKCLPPLP,C,L,3,7,P,L,PRM_0152,0.7304097114622169,C,L,152
GGPLKVPRLLLLV,L,V,4,6,V,P,PRM_0246,-0.4697404426009636,L,V,246
GGPTKHPRLLLLV,T,H,4,6,V,P,PRM_0246,-0.35046366092210735,T,H,246
DKCLPPEP,C,E,3,7,P,L,PRM_0152,0.8139002329645081,C,E,152
GGPGKLPRLLLLV,G,L,4,6,V,P,PRM_0246,-0.46889085405240993,G,L,246
GGPLK*PRLLLLV,L,*,4,6,V,P,PRM_0246,0.6286434930051411,L,*,246
DKCLPPDP,C,D,3,7,P,L,PRM_0152,0.7921502767326496,C,D,152
GGPLKYPRLLLLV,L,Y,4,6,V,P,PRM_0246,-0.49788579132953376,L,Y,246
DKCLPPAP,C,A,3,7,P,L,PRM_0152,0.8173227297412873,C,A,152
GGPGKEPRLLLLV,G,E,4,6,V,P,PRM_0246,0.010427915549694454,G,E,246
SKVAHFLGWF,A,H,4,5,R,V,PRM_0366,-0.05247915111814622,A,H,366
GGPGKDPRLLLLV,G,D,4,6,V,P,PRM_0246,0.024203365766838358,G,D,246
DKCLPPGP,C,G,3,7,P,L,PRM_0152,0.875667912066802,C,G,152
GGPGKAPRLLLLV,G,A,4,6,V,P,PRM_0246,-0.242519001732736,G,A,246
GGPLKWPRLLLLV,L,W,4,6,V,P,PRM_0246,-0.47311409201228516,L,W,246
GGPLKCPRLLLLV,L,C,4,6,V,P,PRM_0246,-0.45329701283075663,L,C,246
DKCLPPVP,C,V,3,7,P,L,PRM_0152,0.7148947775332686,C,V,152
GGPGKGPRLLLLV,G,G,4,6,V,P,PRM_0246,-0.16575056732564472,G,G,246
GGPLKFPRLLLLV,L,F,4,6,V,P,PRM_0246,-0.497118689399104,L,F,246
DKCLPP*P,C,*,3,7,P,L,PRM_0152,0.8051272741639105,C,*,152
GGPGKVPRLLLLV,G,V,4,6,V,P,PRM_0246,-0.39672728248672406,G,V,246
DKCLPPYP,C,Y,3,7,P,L,PRM_0152,0.7593554540113185,C,Y,152
GGPGK*PRLLLLV,G,*,4,6,V,P,PRM_0246,0.7243097536264708,G,*,246
GGPGKYPRLLLLV,G,Y,4,6,V,P,PRM_0246,-0.6148258015730141,G,Y,246
DKCLPPWP,C,W,3,7,P,L,PRM_0152,0.6640319045286869,C,W,152
DKCLPPCP,C,C,3,7,P,L,PRM_0152,0.621503131425877,C,C,152
GGPGKWPRLLLLV,G,W,4,6,V,P,PRM_0246,-0.420473912851352,G,W,246
DKCLPPFP,C,F,3,7,P,L,PRM_0152,0.7061970408524949,C,F,152
GGPGKCPRLLLLV,G,C,4,6,V,P,PRM_0246,-0.3512775725254632,G,C,246
GGPGKFPRLLLLV,G,F,4,6,V,P,PRM_0246,-0.5208604910069438,G,F,246
SKVGKFLGWF,G,K,4,5,R,V,PRM_0366,0.1758846035948006,G,K,366
SKVGNFLGWF,G,N,4,5,R,V,PRM_0366,0.15883949658822544,G,N,366
SKVGTFLGWF,G,T,4,5,R,V,PRM_0366,0.13895605925955676,G,T,366
GGPSKSPRLLLLV,S,S,4,6,V,P,PRM_0246,-0.2976833303417742,S,S,246
SKVGRFLGWF,G,R,4,5,R,V,PRM_0366,0.07818086599546299,G,R,366
SKVGSFLGWF,G,S,4,5,R,V,PRM_0366,0.13568606313618867,G,S,366
GGPSKWPRLLLLV,S,W,4,6,V,P,PRM_0246,-0.44010036740986763,S,W,246
SKVGMFLGWF,G,M,4,5,R,V,PRM_0366,-0.015591060914021564,G,M,366
GGPSKCPRLLLLV,S,C,4,6,V,P,PRM_0246,-0.39606548334921166,S,C,246
SKVGIFLGWF,G,I,4,5,R,V,PRM_0366,-0.2120521338646691,G,I,366
GGPSKLPRLLLLV,S,L,4,6,V,P,PRM_0246,-0.4233398893306489,S,L,246
SKVGQFLGWF,G,Q,4,5,R,V,PRM_0366,0.14212696557958934,G,Q,366
GGPSKFPRLLLLV,S,F,4,6,V,P,PRM_0246,-0.5209441471435927,S,F,246
SKVGHFLGWF,G,H,4,5,R,V,PRM_0366,0.13091454740035324,G,H,366
GGPSKKPRLLLLV,S,K,4,6,V,P,PRM_0246,-0.2569810416636437,S,K,246
SKVGPFLGWF,G,P,4,5,R,V,PRM_0366,0.059897484736373095,G,P,366
GGPSKNPRLLLLV,S,N,4,6,V,P,PRM_0246,-0.15160416055262407,S,N,246
GGPSKTPRLLLLV,S,T,4,6,V,P,PRM_0246,-0.3932515198206901,S,T,246
SKVGLFLGWF,G,L,4,5,R,V,PRM_0366,-0.09651163466622947,G,L,366
GGPSKRPRLLLLV,S,R,4,6,V,P,PRM_0246,-0.3655862098011775,S,R,246
SKVGEFLGWF,G,E,4,5,R,V,PRM_0366,0.13789743646070596,G,E,366
GGPSKMPRLLLLV,S,M,4,6,V,P,PRM_0246,-0.47287928983110256,S,M,246
SKVGDFLGWF,G,D,4,5,R,V,PRM_0366,0.2066242179432232,G,D,366
GGPSKIPRLLLLV,S,I,4,6,V,P,PRM_0246,-0.348326486600107,S,I,246
SKVGAFLGWF,G,A,4,5,R,V,PRM_0366,0.0645031721109473,G,A,366
GGPSKQPRLLLLV,S,Q,4,6,V,P,PRM_0246,-0.16814980497499304,S,Q,246
GGPSKHPRLLLLV,S,H,4,6,V,P,PRM_0246,-0.3966424134889463,S,H,246
SKVGGFLGWF,G,G,4,5,R,V,PRM_0366,0.1688974993865216,G,G,366
GGPSKPPRLLLLV,S,P,4,6,V,P,PRM_0246,-0.36155509143980796,S,P,246
SKVGVFLGWF,G,V,4,5,R,V,PRM_0366,-0.13967918170310456,G,V,366
GGPEKKPRLLLLV,E,K,4,6,V,P,PRM_0246,-0.23616735971122305,E,K,246
GGPEKNPRLLLLV,E,N,4,6,V,P,PRM_0246,-0.18966337816175535,E,N,246
SKVG*FLGWF,G,*,4,5,R,V,PRM_0366,0.7660388075204606,G,*,366
GGPEKTPRLLLLV,E,T,4,6,V,P,PRM_0246,-0.23712564330732283,E,T,246
SKVGYFLGWF,G,Y,4,5,R,V,PRM_0366,-0.20345037832827917,G,Y,366
GGPSKEPRLLLLV,S,E,4,6,V,P,PRM_0246,-0.07639461964233761,S,E,246
GGPEKRPRLLLLV,E,R,4,6,V,P,PRM_0246,-0.134444092828487,E,R,246
SKVLKFLGWF,L,K,4,5,R,V,PRM_0366,0.06984104836164153,L,K,366
GGPSKDPRLLLLV,S,D,4,6,V,P,PRM_0246,0.0023958521030466393,S,D,246
GGPEKSPRLLLLV,E,S,4,6,V,P,PRM_0246,-0.17418928217669014,E,S,246
SKVGWFLGWF,G,W,4,5,R,V,PRM_0366,-0.2647295848554627,G,W,366
SKVLNFLGWF,L,N,4,5,R,V,PRM_0366,0.0172586891546185,L,N,366
GGPSKAPRLLLLV,S,A,4,6,V,P,PRM_0246,-0.37251503912639145,S,A,246
GGPEKMPRLLLLV,E,M,4,6,V,P,PRM_0246,-0.43055616704618627,E,M,246
SKVGCFLGWF,G,C,4,5,R,V,PRM_0366,-0.06249048042813228,G,C,366
SKVLTFLGWF,L,T,4,5,R,V,PRM_0366,-0.04281996359945218,L,T,366
GGPEKIPRLLLLV,E,I,4,6,V,P,PRM_0246,-0.20991787787530852,E,I,246
SKVLRFLGWF,L,R,4,5,R,V,PRM_0366,-0.10265284084474326,L,R,366
GGPSKGPRLLLLV,S,G,4,6,V,P,PRM_0246,-0.22459772529488198,S,G,246
GGPEKQPRLLLLV,E,Q,4,6,V,P,PRM_0246,-0.009334474916845885,E,Q,246
SKVGFFLGWF,G,F,4,5,R,V,PRM_0366,-0.17651007495108784,G,F,366
SKVLSFLGWF,L,S,4,5,R,V,PRM_0366,0.03708310318017885,L,S,366
GGPEKHPRLLLLV,E,H,4,6,V,P,PRM_0246,-0.28731492045142004,E,H,246
SKVLMFLGWF,L,M,4,5,R,V,PRM_0366,-0.23092064083140876,L,M,366
GGPSKVPRLLLLV,S,V,4,6,V,P,PRM_0246,-0.4503112785894531,S,V,246
GGPVKKPRLLLLV,V,K,4,6,V,P,PRM_0246,-0.25762652998808355,V,K,246
GGPEKPPRLLLLV,E,P,4,6,V,P,PRM_0246,-0.3306605876271992,E,P,246
SKVLIFLGWF,L,I,4,5,R,V,PRM_0366,-0.373584057674887,L,I,366
GGPVKNPRLLLLV,V,N,4,6,V,P,PRM_0246,-0.2645995854634152,V,N,246
SKVLQFLGWF,L,Q,4,5,R,V,PRM_0366,-0.02556190609336675,L,Q,366
GGPSK*PRLLLLV,S,*,4,6,V,P,PRM_0246,0.7475088525777476,S,*,246
GGPVKTPRLLLLV,V,T,4,6,V,P,PRM_0246,-0.45735121430999415,V,T,246
GGPSKYPRLLLLV,S,Y,4,6,V,P,PRM_0246,-0.4342984813752727,S,Y,246
GGPVKRPRLLLLV,V,R,4,6,V,P,PRM_0246,-0.37787824836905753,V,R,246
GGPEKLPRLLLLV,E,L,4,6,V,P,PRM_0246,-0.508954849394903,E,L,246
SKVLLFLGWF,L,L,4,5,R,V,PRM_0366,-0.28147740906657437,L,L,366
GGPVKSPRLLLLV,V,S,4,6,V,P,PRM_0246,-0.2980453445872595,V,S,246
SKVLEFLGWF,L,E,4,5,R,V,PRM_0366,0.11387998097966656,L,E,366
GGPVKMPRLLLLV,V,M,4,6,V,P,PRM_0246,-0.5051706861520462,V,M,246
GGPEKEPRLLLLV,E,E,4,6,V,P,PRM_0246,0.14839466675245688,E,E,246
SKVLDFLGWF,L,D,4,5,R,V,PRM_0366,0.09484649242848216,L,D,366
GGPVKIPRLLLLV,V,I,4,6,V,P,PRM_0246,-0.33260160066234334,V,I,246
GGPEKDPRLLLLV,E,D,4,6,V,P,PRM_0246,0.16311754681376467,E,D,246
SKVLAFLGWF,L,A,4,5,R,V,PRM_0366,-0.1403338299262363,L,A,366
GGPVKQPRLLLLV,V,Q,4,6,V,P,PRM_0246,-0.2123372742328458,V,Q,246
GGPEKAPRLLLLV,E,A,4,6,V,P,PRM_0246,-0.2656461177324729,E,A,246
SKVLGFLGWF,L,G,4,5,R,V,PRM_0366,0.026915857651831136,L,G,366
GGPVKHPRLLLLV,V,H,4,6,V,P,PRM_0246,-0.062093289404081514,V,H,246
GGPWKKPRLLLLV,W,K,4,6,V,P,PRM_0246,-0.43663490513307435,W,K,246
GGPVKPPRLLLLV,V,P,4,6,V,P,PRM_0246,-0.3828636122928051,V,P,246
GGPEKGPRLLLLV,E,G,4,6,V,P,PRM_0246,-0.019769520729029464,E,G,246
SKVLVFLGWF,L,V,4,5,R,V,PRM_0366,-0.3224536962920025,L,V,366
GGPWKNPRLLLLV,W,N,4,6,V,P,PRM_0246,-0.33244421247175643,W,N,246
GGPWKTPRLLLLV,W,T,4,6,V,P,PRM_0246,-0.46160049152420957,W,T,246
GGPEKVPRLLLLV,E,V,4,6,V,P,PRM_0246,-0.29639038770349985,E,V,246
SKVL*FLGWF,L,*,4,5,R,V,PRM_0366,0.5468409858856261,L,*,366
SKVLYFLGWF,L,Y,4,5,R,V,PRM_0366,-0.27955500302802067,L,Y,366
GGPWKRPRLLLLV,W,R,4,6,V,P,PRM_0246,-0.3823796222575612,W,R,246
GGPVKLPRLLLLV,V,L,4,6,V,P,PRM_0246,-0.5128964690950667,V,L,246
GGPEK*PRLLLLV,E,*,4,6,V,P,PRM_0246,0.7817789557757648,E,*,246
GGPWKSPRLLLLV,W,S,4,6,V,P,PRM_0246,-0.43429848137527305,W,S,246
GGPEKYPRLLLLV,E,Y,4,6,V,P,PRM_0246,-0.5556407580614835,E,Y,246
GGPWKMPRLLLLV,W,M,4,6,V,P,PRM_0246,-0.532013205208962,W,M,246
GGPVKEPRLLLLV,V,E,4,6,V,P,PRM_0246,-4.9867042851006044e-5,V,E,246
SKVLWFLGWF,L,W,4,5,R,V,PRM_0366,-0.25380622899886124,L,W,366
GGPWKIPRLLLLV,W,I,4,6,V,P,PRM_0246,-0.49331436746525575,W,I,246
GGPVKDPRLLLLV,V,D,4,6,V,P,PRM_0246,-0.00494168122676496,V,D,246
SKVLCFLGWF,L,C,4,5,R,V,PRM_0366,-0.2321132936452373,L,C,366
GGPWKQPRLLLLV,W,Q,4,6,V,P,PRM_0246,-0.46470688848586206,W,Q,246
GGPVKAPRLLLLV,V,A,4,6,V,P,PRM_0246,-0.35062646137692866,V,A,246
GGPEKWPRLLLLV,E,W,4,6,V,P,PRM_0246,-0.40922123183182646,E,W,246
GGPWKHPRLLLLV,W,H,4,6,V,P,PRM_0246,-0.40317528762354526,W,H,246
GGPEKCPRLLLLV,E,C,4,6,V,P,PRM_0246,-0.2421413911942144,E,C,246
SKVLFFLGWF,L,F,4,5,R,V,PRM_0366,-0.35848755919101005,L,F,366
GGPWKPPRLLLLV,W,P,4,6,V,P,PRM_0246,-0.472297231931451,W,P,246
GGPVKGPRLLLLV,V,G,4,6,V,P,PRM_0246,-0.3620963863040003,V,G,246
GGPEKFPRLLLLV,E,F,4,6,V,P,PRM_0246,-0.4300844253839996,E,F,246
GGPVKVPRLLLLV,V,V,4,6,V,P,PRM_0246,-0.4521853167516001,V,V,246
GGPDKKPRLLLLV,D,K,4,6,V,P,PRM_0246,-0.020247706277059036,D,K,246
GGPDKNPRLLLLV,D,N,4,6,V,P,PRM_0246,-0.08366758124238285,D,N,246
GGPWKLPRLLLLV,W,L,4,6,V,P,PRM_0246,-0.4754337218415552,W,L,246
GGPVK*PRLLLLV,V,*,4,6,V,P,PRM_0246,0.7017831102734751,V,*,246
GGPDKTPRLLLLV,D,T,4,6,V,P,PRM_0246,-0.29247280652510876,D,T,246
GGPVKYPRLLLLV,V,Y,4,6,V,P,PRM_0246,-0.5527049076123987,V,Y,246
GGPWKEPRLLLLV,W,E,4,6,V,P,PRM_0246,-0.252931601917004,W,E,246
GGPDKRPRLLLLV,D,R,4,6,V,P,PRM_0246,-0.24307585959412878,D,R,246
GGPWKDPRLLLLV,W,D,4,6,V,P,PRM_0246,-0.2597111845635363,W,D,246
GGPDKSPRLLLLV,D,S,4,6,V,P,PRM_0246,-0.2178182885193486,D,S,246
GGPWKAPRLLLLV,W,A,4,6,V,P,PRM_0246,-0.4353265192475148,W,A,246
GGPVKWPRLLLLV,V,W,4,6,V,P,PRM_0246,-0.39252626542262115,V,W,246
GGPDKMPRLLLLV,D,M,4,6,V,P,PRM_0246,-0.5989803189926366,D,M,246
GGPVKCPRLLLLV,V,C,4,6,V,P,PRM_0246,-0.5549873354762682,V,C,246
GGPDKIPRLLLLV,D,I,4,6,V,P,PRM_0246,-0.4693587812461088,D,I,246
GGPWKGPRLLLLV,W,G,4,6,V,P,PRM_0246,-0.3203946977615355,W,G,246
GGPDKQPRLLLLV,D,Q,4,6,V,P,PRM_0246,-0.10950638416906341,D,Q,246
GGPVKFPRLLLLV,V,F,4,6,V,P,PRM_0246,-0.5152035437436451,V,F,246
GGPDKHPRLLLLV,D,H,4,6,V,P,PRM_0246,-0.08266010939570338,D,H,246
SKVVKFLGWF,V,K,4,5,R,V,PRM_0366,0.09042458671272283,V,K,366
GGPWKVPRLLLLV,W,V,4,6,V,P,PRM_0246,-0.4405412025680014,W,V,246
GGPDKPPRLLLLV,D,P,4,6,V,P,PRM_0246,-0.3539797550784632,D,P,246
SKVVNFLGWF,V,N,4,5,R,V,PRM_0366,0.0647008677478545,V,N,366
SKVVTFLGWF,V,T,4,5,R,V,PRM_0366,0.017976445613448664,V,T,366
GGPWK*PRLLLLV,W,*,4,6,V,P,PRM_0246,0.5332882021156788,W,*,246
GGPWKYPRLLLLV,W,Y,4,6,V,P,PRM_0246,-0.4495543245733822,W,Y,246
SKVVRFLGWF,V,R,4,5,R,V,PRM_0366,0.04039639332637909,V,R,366
GGPDKLPRLLLLV,D,L,4,6,V,P,PRM_0246,-0.508954849394903,D,L,246
SKVVSFLGWF,V,S,4,5,R,V,PRM_0366,0.020157716931472294,V,S,366
GGPMKKPRLLLLV,M,K,4,6,V,P,PRM_0246,-0.5875899676072208,M,K,246
SKVVMFLGWF,V,M,4,5,R,V,PRM_0366,-0.36712250415487524,V,M,366
GGPMKNPRLLLLV,M,N,4,6,V,P,PRM_0246,-0.2730031463943076,M,N,246
GGPWKWPRLLLLV,W,W,4,6,V,P,PRM_0246,-0.3574345782563748,W,W,246
GGPDKEPRLLLLV,D,E,4,6,V,P,PRM_0246,0.09842000460378764,D,E,246
SKVVIFLGWF,V,I,4,5,R,V,PRM_0366,-0.4589742306587836,V,I,366
GGPMKTPRLLLLV,M,T,4,6,V,P,PRM_0246,-0.4370918632582575,M,T,246
GGPWKCPRLLLLV,W,C,4,6,V,P,PRM_0246,-0.4109796091691138,W,C,246
GGPDKDPRLLLLV,D,D,4,6,V,P,PRM_0246,-0.040028280498470986,D,D,246
SKVVQFLGWF,V,Q,4,5,R,V,PRM_0366,0.07987924755448719,V,Q,366
GGPDKAPRLLLLV,D,A,4,6,V,P,PRM_0246,-0.34508930476004995,D,A,246
SKVVHFLGWF,V,H,4,5,R,V,PRM_0366,0.10418117518131972,V,H,366
GGPMKRPRLLLLV,M,R,4,6,V,P,PRM_0246,-0.4258052226928984,M,R,246
GGPWKFPRLLLLV,W,F,4,6,V,P,PRM_0246,-0.4593313825039507,W,F,246
SKVVPFLGWF,V,P,4,5,R,V,PRM_0366,0.03302280268358092,V,P,366
GGPMKSPRLLLLV,M,S,4,6,V,P,PRM_0246,-0.3402546772770527,M,S,246
GGPCKKPRLLLLV,C,K,4,6,V,P,PRM_0246,-0.41785404463089576,C,K,246
GGPDKGPRLLLLV,D,G,4,6,V,P,PRM_0246,-0.052711262154788475,D,G,246
SKVEKFLGWF,E,K,4,5,R,V,PRM_0366,0.2060256856976851,E,K,366
GGPMKMPRLLLLV,M,M,4,6,V,P,PRM_0246,-0.6132504122417403,M,M,246
GGPCKNPRLLLLV,C,N,4,6,V,P,PRM_0246,-0.3291484795669625,C,N,246
SKVENFLGWF,E,N,4,5,R,V,PRM_0366,0.12649679288430254,E,N,366
GGPMKIPRLLLLV,M,I,4,6,V,P,PRM_0246,-0.3824677024075098,M,I,246
GGPCKTPRLLLLV,C,T,4,6,V,P,PRM_0246,-0.3990307126051845,C,T,246
GGPDKVPRLLLLV,D,V,4,6,V,P,PRM_0246,-0.3667661142073371,D,V,246
SKVVLFLGWF,V,L,4,5,R,V,PRM_0366,-0.3504293254706769,V,L,366
SKVETFLGWF,E,T,4,5,R,V,PRM_0366,0.20190752882918483,E,T,366
GGPMKQPRLLLLV,M,Q,4,6,V,P,PRM_0246,-0.23420201900465118,M,Q,246
GGPMKHPRLLLLV,M,H,4,6,V,P,PRM_0246,-0.46446576038588905,M,H,246
GGPCKRPRLLLLV,C,R,4,6,V,P,PRM_0246,-0.36791255512577015,C,R,246
GGPDK*PRLLLLV,D,*,4,6,V,P,PRM_0246,0.6901962771391836,D,*,246
SKVVEFLGWF,V,E,4,5,R,V,PRM_0366,0.12001424298917399,V,E,366
SKVERFLGWF,E,R,4,5,R,V,PRM_0366,0.18477348648038083,E,R,366
GGPMKPPRLLLLV,M,P,4,6,V,P,PRM_0246,-0.5520163561285272,M,P,246
GGPCKSPRLLLLV,C,S,4,6,V,P,PRM_0246,-0.34554593007773865,C,S,246
GGPDKYPRLLLLV,D,Y,4,6,V,P,PRM_0246,-0.5409825910579833,D,Y,246
SKVVDFLGWF,V,D,4,5,R,V,PRM_0366,0.11495518981123912,V,D,366
SKVESFLGWF,E,S,4,5,R,V,PRM_0366,0.14961938471192762,E,S,366
GGPCKMPRLLLLV,C,M,4,6,V,P,PRM_0246,-0.4569515144646044,C,M,246
SKVVAFLGWF,V,A,4,5,R,V,PRM_0366,-0.01390061117353716,V,A,366
SKVEMFLGWF,E,M,4,5,R,V,PRM_0366,0.03273634584007426,E,M,366
GGPCKIPRLLLLV,C,I,4,6,V,P,PRM_0246,-0.5566239766011161,C,I,246
SKVEIFLGWF,E,I,4,5,R,V,PRM_0366,-0.09317786620406542,E,I,366
GGPCKQPRLLLLV,C,Q,4,6,V,P,PRM_0246,-0.28919257122224706,C,Q,246
GGPDKWPRLLLLV,D,W,4,6,V,P,PRM_0246,-0.4416621597591597,D,W,246
SKVVGFLGWF,V,G,4,5,R,V,PRM_0366,0.10631028881656313,V,G,366
SKVEQFLGWF,E,Q,4,5,R,V,PRM_0366,0.2587451970015216,E,Q,366
GGPMKLPRLLLLV,M,L,4,6,V,P,PRM_0246,-0.5807711591175402,M,L,246
GGPCKHPRLLLLV,C,H,4,6,V,P,PRM_0246,-0.4519632570667227,C,H,246
GGPDKCPRLLLLV,D,C,4,6,V,P,PRM_0246,-0.3517423810360522,D,C,246
SKVEHFLGWF,E,H,4,5,R,V,PRM_0366,0.2936268348034384,E,H,366
GGPCKPPRLLLLV,C,P,4,6,V,P,PRM_0246,-0.5194153764865379,C,P,246
SKVVVFLGWF,V,V,4,5,R,V,PRM_0366,-0.3418760441048273,V,V,366
GGPMKEPRLLLLV,M,E,4,6,V,P,PRM_0246,-0.1215018317327773,M,E,246
GGPDKFPRLLLLV,D,F,4,6,V,P,PRM_0246,-0.5075608779049792,D,F,246
GGPMKDPRLLLLV,M,D,4,6,V,P,PRM_0246,-0.06666353433601323,M,D,246
SKVV*FLGWF,V,*,4,5,R,V,PRM_0366,0.6487057064572429,V,*,366
SKVELFLGWF,E,L,4,5,R,V,PRM_0366,0.05370157424076758,E,L,366
GGPMKAPRLLLLV,M,A,4,6,V,P,PRM_0246,-0.4388259573451639,M,A,246
SKVVYFLGWF,V,Y,4,5,R,V,PRM_0366,-0.31919875123103664,V,Y,366
GGPCKLPRLLLLV,C,L,4,6,V,P,PRM_0246,-0.4660888038347023,C,L,246
SKVEEFLGWF,E,E,4,5,R,V,PRM_0366,0.2331381045657479,E,E,366
GGPMKGPRLLLLV,M,G,4,6,V,P,PRM_0246,-0.3668870060873866,M,G,246
SKVEDFLGWF,E,D,4,5,R,V,PRM_0366,0.14447004664396734,E,D,366
GGPCKEPRLLLLV,C,E,4,6,V,P,PRM_0246,-0.15543275053026118,C,E,246
SKVVWFLGWF,V,W,4,5,R,V,PRM_0366,-0.26180795294837667,V,W,366
SKVEAFLGWF,E,A,4,5,R,V,PRM_0366,0.05324353116367651,E,A,366
GGPMKVPRLLLLV,M,V,4,6,V,P,PRM_0246,-0.5068051865557768,M,V,246
GGPCKDPRLLLLV,C,D,4,6,V,P,PRM_0246,-0.10429854338163523,C,D,246
SKVVCFLGWF,V,C,4,5,R,V,PRM_0366,-0.2167629776473866,V,C,366
GGPCKAPRLLLLV,C,A,4,6,V,P,PRM_0246,-0.37499608866847345,C,A,246
SKVEGFLGWF,E,G,4,5,R,V,PRM_0366,0.23186316539393603,E,G,366
GGPMK*PRLLLLV,M,*,4,6,V,P,PRM_0246,0.5992084761922787,M,*,246
SKVVFFLGWF,V,F,4,5,R,V,PRM_0366,-0.32215919615021016,V,F,366
GGPMKYPRLLLLV,M,Y,4,6,V,P,PRM_0246,-0.9061039588944091,M,Y,246
GGPCKGPRLLLLV,C,G,4,6,V,P,PRM_0246,-0.2875041849915331,C,G,246
SKVEVFLGWF,E,V,4,5,R,V,PRM_0366,-0.1024973008285126,E,V,366
GGPCKVPRLLLLV,C,V,4,6,V,P,PRM_0246,-0.4978238692901491,C,V,246
GGP*KKPRLLLLV,*,K,4,6,V,P,PRM_0246,0.6511928878531454,*,K,246
SKVE*FLGWF,E,*,4,5,R,V,PRM_0366,0.812594611640297,E,*,366
GGPMKWPRLLLLV,M,W,4,6,V,P,PRM_0246,-0.45783596132452453,M,W,246
GGP*KNPRLLLLV,*,N,4,6,V,P,PRM_0246,0.6350667516901162,*,N,246
SKVEYFLGWF,E,Y,4,5,R,V,PRM_0366,-0.08906888835531283,E,Y,366
GGPMKCPRLLLLV,M,C,4,6,V,P,PRM_0246,-0.37848794989890944,M,C,246
GGPCK*PRLLLLV,C,*,4,6,V,P,PRM_0246,0.5741952244280585,C,*,246
GGP*KTPRLLLLV,*,T,4,6,V,P,PRM_0246,0.5714502521149858,*,T,246
GGPCKYPRLLLLV,C,Y,4,6,V,P,PRM_0246,-0.5232536510025098,C,Y,246
GGPMKFPRLLLLV,M,F,4,6,V,P,PRM_0246,-0.29544909838022293,M,F,246
GGP*KRPRLLLLV,*,R,4,6,V,P,PRM_0246,0.6520947705392349,*,R,246
SKVEWFLGWF,E,W,4,5,R,V,PRM_0366,0.08278974595520248,E,W,366
GGPIKKPRLLLLV,I,K,4,6,V,P,PRM_0246,-0.6434115392923877,I,K,246
GGP*KSPRLLLLV,*,S,4,6,V,P,PRM_0246,0.5906857819388318,*,S,246
SKVECFLGWF,E,C,4,5,R,V,PRM_0366,0.07307876012977085,E,C,366
GGPIKNPRLLLLV,I,N,4,6,V,P,PRM_0246,-0.37595433718832766,I,N,246
GGPCKWPRLLLLV,C,W,4,6,V,P,PRM_0246,-0.4644657603858887,C,W,246
GGP*KMPRLLLLV,*,M,4,6,V,P,PRM_0246,0.4988955525876571,*,M,246
GGPIKTPRLLLLV,I,T,4,6,V,P,PRM_0246,-0.5073311509230571,I,T,246
GGPCKCPRLLLLV,C,C,4,6,V,P,PRM_0246,-0.47208941169635227,C,C,246
GGP*KIPRLLLLV,*,I,4,6,V,P,PRM_0246,0.6367663546728374,*,I,246
SKVEFFLGWF,E,F,4,5,R,V,PRM_0366,-0.16348506499649443,E,F,366
GGP*KQPRLLLLV,*,Q,4,6,V,P,PRM_0246,0.5365389800533177,*,Q,246
SKVDKFLGWF,D,K,4,5,R,V,PRM_0366,0.18826856503855768,D,K,366
GGPIKRPRLLLLV,I,R,4,6,V,P,PRM_0246,-0.4742062100993619,I,R,246
GGPCKFPRLLLLV,C,F,4,6,V,P,PRM_0246,-0.5612558727039622,C,F,246
GGP*KHPRLLLLV,*,H,4,6,V,P,PRM_0246,0.6179251908880147,*,H,246
SKVDNFLGWF,D,N,4,5,R,V,PRM_0366,0.17262192302410226,D,N,366
GGPIKSPRLLLLV,I,S,4,6,V,P,PRM_0246,-0.3987711403328136,I,S,246
GGP*KPPRLLLLV,*,P,4,6,V,P,PRM_0246,0.5625873571214162,*,P,246
SKVDTFLGWF,D,T,4,5,R,V,PRM_0366,0.1852387536680265,D,T,366
GGPIKMPRLLLLV,I,M,4,6,V,P,PRM_0246,-0.43456469772485673,I,M,246
GGPIKIPRLLLLV,I,I,4,6,V,P,PRM_0246,-0.7270473908406481,I,I,246
GGPIKQPRLLLLV,I,Q,4,6,V,P,PRM_0246,-0.34817275164564687,I,Q,246
GGPIKHPRLLLLV,I,H,4,6,V,P,PRM_0246,-0.3700180861908299,I,H,246
GGP*KLPRLLLLV,*,L,4,6,V,P,PRM_0246,0.537709518562875,*,L,246
SKVCSFLGWF,C,S,4,5,R,V,PRM_0366,0.05195496208579405,C,S,366
GGPIKPPRLLLLV,I,P,4,6,V,P,PRM_0246,-0.3656189228558956,I,P,246
GGP*KEPRLLLLV,*,E,4,6,V,P,PRM_0246,0.6454945304503901,*,E,246
SKVCWFLGWF,C,W,4,5,R,V,PRM_0366,-0.25609075968169004,C,W,366
GGP*KDPRLLLLV,*,D,4,6,V,P,PRM_0246,0.5909897444737028,*,D,246
SKVCCFLGWF,C,C,4,5,R,V,PRM_0366,-0.19706544455028158,C,C,366
GGP*KAPRLLLLV,*,A,4,6,V,P,PRM_0246,0.5874414831597806,*,A,246
SKVCLFLGWF,C,L,4,5,R,V,PRM_0366,-0.30932559805535276,C,L,366
GGPIKLPRLLLLV,I,L,4,6,V,P,PRM_0246,-0.547292633790559,I,L,246
SKVCFFLGWF,C,F,4,5,R,V,PRM_0366,-0.33868891840587995,C,F,366
GGP*KGPRLLLLV,*,G,4,6,V,P,PRM_0246,0.6525192460992555,*,G,246
GGPIKEPRLLLLV,I,E,4,6,V,P,PRM_0246,-0.009835901590599137,I,E,246
GGPIKDPRLLLLV,I,D,4,6,V,P,PRM_0246,-0.10932652276595324,I,D,246
GGP*KVPRLLLLV,*,V,4,6,V,P,PRM_0246,0.6043606327271336,*,V,246
GGPIKAPRLLLLV,I,A,4,6,V,P,PRM_0246,-0.4567089213404798,I,A,246
GGP*K*PRLLLLV,*,*,4,6,V,P,PRM_0246,0.6779934898302249,*,*,246
GGPIKGPRLLLLV,I,G,4,6,V,P,PRM_0246,-0.3448273174551348,I,G,246
GGP*KYPRLLLLV,*,Y,4,6,V,P,PRM_0246,0.6336459909135402,*,Y,246
GGPIKVPRLLLLV,I,V,4,6,V,P,PRM_0246,-0.463892403934573,I,V,246
GGP*KWPRLLLLV,*,W,4,6,V,P,PRM_0246,0.6405565369225475,*,W,246
GGPIK*PRLLLLV,I,*,4,6,V,P,PRM_0246,0.6158338899415099,I,*,246
GGP*KCPRLLLLV,*,C,4,6,V,P,PRM_0246,0.6595264267085366,*,C,246
SKVLHFLGWF,L,H,4,5,R,V,PRM_0366,-0.010106062077080522,L,H,366
GGPIKYPRLLLLV,I,Y,4,6,V,P,PRM_0246,-0.6143316387065316,I,Y,246
SKVLPFLGWF,L,P,4,5,R,V,PRM_0366,0.1176029441544435,L,P,366
SKV*KFLGWF,*,K,4,5,R,V,PRM_0366,0.759322720696648,*,K,366
GGP*KFPRLLLLV,*,F,4,6,V,P,PRM_0246,0.6058512924122151,*,F,246
SKV*NFLGWF,*,N,4,5,R,V,PRM_0366,0.7201270777004174,*,N,366
GGPYKKPRLLLLV,Y,K,4,6,V,P,PRM_0246,-0.2717828837599013,Y,K,246
SKV*TFLGWF,*,T,4,5,R,V,PRM_0366,0.7034393288147182,*,T,366
GGPIKWPRLLLLV,I,W,4,6,V,P,PRM_0246,-0.4488927231976184,I,W,246
GGPYKNPRLLLLV,Y,N,4,6,V,P,PRM_0246,-0.3375084981110867,Y,N,246
GGPIKCPRLLLLV,I,C,4,6,V,P,PRM_0246,-0.522686112714565,I,C,246
GGPYKTPRLLLLV,Y,T,4,6,V,P,PRM_0246,-0.5072770798031718,Y,T,246
SKV*RFLGWF,*,R,4,5,R,V,PRM_0366,0.7733914912235906,*,R,366
SKV*SFLGWF,*,S,4,5,R,V,PRM_0366,0.7515712561844209,*,S,366
GGPIKFPRLLLLV,I,F,4,6,V,P,PRM_0246,-0.5397282553209092,I,F,246
GGPYKRPRLLLLV,Y,R,4,6,V,P,PRM_0246,-0.6156345669450426,Y,R,246
SKV*MFLGWF,*,M,4,5,R,V,PRM_0366,0.7515403725119453,*,M,366
GGPQKKPRLLLLV,Q,K,4,6,V,P,PRM_0246,-0.3000105597112678,Q,K,246
GGPYKSPRLLLLV,Y,S,4,6,V,P,PRM_0246,-0.3447693336205055,Y,S,246
SKV*IFLGWF,*,I,4,5,R,V,PRM_0366,0.7666879600604732,*,I,366
GGPQKNPRLLLLV,Q,N,4,6,V,P,PRM_0246,-0.08104651240258443,Q,N,246
GGPYKMPRLLLLV,Y,M,4,6,V,P,PRM_0246,-0.5596559491725057,Y,M,246
SKV*QFLGWF,*,Q,4,5,R,V,PRM_0366,0.7975567602766797,*,Q,366
GGPQKTPRLLLLV,Q,T,4,6,V,P,PRM_0246,-0.38726240211589963,Q,T,246
GGPYKIPRLLLLV,Y,I,4,6,V,P,PRM_0246,-0.5761557557989587,Y,I,246
SKV*HFLGWF,*,H,4,5,R,V,PRM_0366,0.7413898652494414,*,H,366
GGPYKQPRLLLLV,Y,Q,4,6,V,P,PRM_0246,-0.3945517885954839,Y,Q,246
GGPQKRPRLLLLV,Q,R,4,6,V,P,PRM_0246,-0.41529360038378155,Q,R,246
GGPYKHPRLLLLV,Y,H,4,6,V,P,PRM_0246,-0.49554300086930225,Y,H,246
GGPQKSPRLLLLV,Q,S,4,6,V,P,PRM_0246,-0.4059417507272213,Q,S,246
GGPFKKPRLLLLV,F,K,4,6,V,P,PRM_0246,-0.5594044454218025,F,K,246
GGPYKPPRLLLLV,Y,P,4,6,V,P,PRM_0246,-0.6165367351127518,Y,P,246
SKV*LFLGWF,*,L,4,5,R,V,PRM_0366,0.7329941954603494,*,L,366
GGPQKMPRLLLLV,Q,M,4,6,V,P,PRM_0246,-0.3987711403328136,Q,M,246
GGPFKNPRLLLLV,F,N,4,6,V,P,PRM_0246,-0.3987711403328136,F,N,246
GGPQKIPRLLLLV,Q,I,4,6,V,P,PRM_0246,-0.3752518013967914,Q,I,246
GGPFKTPRLLLLV,F,T,4,6,V,P,PRM_0246,-0.4273016528581093,F,T,246
SKV*EFLGWF,*,E,4,5,R,V,PRM_0366,0.7649157105607586,*,E,366
GGPQKQPRLLLLV,Q,Q,4,6,V,P,PRM_0246,-0.17998926609307958,Q,Q,246
SKV*DFLGWF,*,D,4,5,R,V,PRM_0366,0.729682978671594,*,D,366
GGPQKHPRLLLLV,Q,H,4,6,V,P,PRM_0246,-0.47342458280523236,Q,H,246
GGPFKRPRLLLLV,F,R,4,6,V,P,PRM_0246,-0.46446576038588905,F,R,246
GGPYKLPRLLLLV,Y,L,4,6,V,P,PRM_0246,-0.5726693286499627,Y,L,246
SKV*AFLGWF,*,A,4,5,R,V,PRM_0366,0.7468316133984192,*,A,366
GGPQKPPRLLLLV,Q,P,4,6,V,P,PRM_0246,-0.4244494451151605,Q,P,246
GGPFKSPRLLLLV,F,S,4,6,V,P,PRM_0246,-0.5342413970264112,F,S,246
GGPFKMPRLLLLV,F,M,4,6,V,P,PRM_0246,-0.5754013442311414,F,M,246
GGPYKEPRLLLLV,Y,E,4,6,V,P,PRM_0246,-0.1880952582174182,Y,E,246
SKV*GFLGWF,*,G,4,5,R,V,PRM_0366,0.7314752411410306,*,G,366
SGREWFKDWL,E,K,4,7,F,S,PRM_0363,0.19301950939184553,E,K,363
GGPFKIPRLLLLV,F,I,4,6,V,P,PRM_0246,-0.434303777121329,F,I,246
GGPYKDPRLLLLV,Y,D,4,6,V,P,PRM_0246,0.02024838473166762,Y,D,246
SGREWFNDWL,E,N,4,7,F,S,PRM_0363,0.1797883882855915,E,N,363
GGPFKQPRLLLLV,F,Q,4,6,V,P,PRM_0246,-0.46809332105343787,F,Q,246
GGPYKAPRLLLLV,Y,A,4,6,V,P,PRM_0246,-0.4637200139982322,Y,A,246
SKV*VFLGWF,*,V,4,5,R,V,PRM_0366,0.7782259538959885,*,V,366
SGREWFTDWL,E,T,4,7,F,S,PRM_0363,0.15290049976496614,E,T,363
GGPQKLPRLLLLV,Q,L,4,6,V,P,PRM_0246,-0.47841841477416663,Q,L,246
GGPFKHPRLLLLV,F,H,4,6,V,P,PRM_0246,-0.5363575815240033,F,H,246
GGPFKPPRLLLLV,F,P,4,6,V,P,PRM_0246,-0.48836352884487283,F,P,246
GGPYKGPRLLLLV,Y,G,4,6,V,P,PRM_0246,-0.4844652030613449,Y,G,246
SKVFKFLGWF,F,K,4,5,R,V,PRM_0366,-0.03562405122501297,F,K,366
SKV**FLGWF,*,*,4,5,R,V,PRM_0366,0.6832785509402494,*,*,366
SGREWFRDWL,E,R,4,7,F,S,PRM_0363,0.17276327154294574,E,R,363
GGPQKEPRLLLLV,Q,E,4,6,V,P,PRM_0246,0.011178696231952678,Q,E,246
SKVFNFLGWF,F,N,4,5,R,V,PRM_0366,-0.1313804295967362,F,N,366
SKV*YFLGWF,*,Y,4,5,R,V,PRM_0366,0.7467310709692208,*,Y,366
SGREWFSDWL,E,S,4,7,F,S,PRM_0363,0.2601412139836312,E,S,363
GGPQKDPRLLLLV,Q,D,4,6,V,P,PRM_0246,0.07544142473160541,Q,D,246
GGPYKVPRLLLLV,Y,V,4,6,V,P,PRM_0246,-0.5029328264123514,Y,V,246
SKVFTFLGWF,F,T,4,5,R,V,PRM_0366,-0.1046540814949227,F,T,366
SGREWFMDWL,E,M,4,7,F,S,PRM_0363,0.10713925184009415,E,M,363
GGPQKAPRLLLLV,Q,A,4,6,V,P,PRM_0246,-0.17494442332566024,Q,A,246
SGREWFIDWL,E,I,4,7,F,S,PRM_0363,0.03127643900173665,E,I,363
GGPQKGPRLLLLV,Q,G,4,6,V,P,PRM_0246,-0.26317504132020775,Q,G,246
GGPFKLPRLLLLV,F,L,4,6,V,P,PRM_0246,-0.4931228861947871,F,L,246
GGPYK*PRLLLLV,Y,*,4,6,V,P,PRM_0246,0.5430830541249964,Y,*,246
SKVFRFLGWF,F,R,4,5,R,V,PRM_0366,-0.11204949169584637,F,R,366
SKV*WFLGWF,*,W,4,5,R,V,PRM_0366,0.7570627579112167,*,W,366
SGREWFQDWL,E,Q,4,7,F,S,PRM_0363,0.30209776423926776,E,Q,363
GGPYKYPRLLLLV,Y,Y,4,6,V,P,PRM_0246,-0.47379104569602987,Y,Y,246
SKVFSFLGWF,F,S,4,5,R,V,PRM_0366,-0.13706466949596174,F,S,366
SKV*CFLGWF,*,C,4,5,R,V,PRM_0366,0.7145254197792823,*,C,366
SGREWFHDWL,E,H,4,7,F,S,PRM_0363,0.2311416790886633,E,H,363
GGPQKVPRLLLLV,Q,V,4,6,V,P,PRM_0246,-0.5666108580095239,Q,V,246
GGPFKEPRLLLLV,F,E,4,6,V,P,PRM_0246,-0.43241399809423625,F,E,246
SKVFMFLGWF,F,M,4,5,R,V,PRM_0366,-0.3743310659386927,F,M,366
SGREWFPDWL,E,P,4,7,F,S,PRM_0363,0.14165532414911175,E,P,363
GGPFKDPRLLLLV,F,D,4,6,V,P,PRM_0246,-0.3119835776415424,F,D,246
SKVFIFLGWF,F,I,4,5,R,V,PRM_0366,-0.4275040612713097,F,I,366
SKV*FFLGWF,*,F,4,5,R,V,PRM_0366,0.7045864412390437,*,F,366
GGPQK*PRLLLLV,Q,*,4,6,V,P,PRM_0246,0.6936227110203498,Q,*,246
GGPFKAPRLLLLV,F,A,4,6,V,P,PRM_0246,-0.4529307464184391,F,A,246
GGPYKWPRLLLLV,Y,W,4,6,V,P,PRM_0246,-0.3270706578820667,Y,W,246
SKVFQFLGWF,F,Q,4,5,R,V,PRM_0366,-0.055207659329421,F,Q,366
SKVYKFLGWF,Y,K,4,5,R,V,PRM_0366,-0.15010937109136185,Y,K,366
GGPQKYPRLLLLV,Q,Y,4,6,V,P,PRM_0246,-0.47036800652580285,Q,Y,246
GGPYKCPRLLLLV,Y,C,4,6,V,P,PRM_0246,-0.4658866963265255,Y,C,246
SKVFHFLGWF,F,H,4,5,R,V,PRM_0366,-0.012849691120091333,F,H,366
SKVYNFLGWF,Y,N,4,5,R,V,PRM_0366,-0.07809593099320648,Y,N,366
GGPFKGPRLLLLV,F,G,4,6,V,P,PRM_0246,-0.48770564212611867,F,G,246
SKVFPFLGWF,F,P,4,5,R,V,PRM_0366,0.13587844225804674,F,P,366
SKVYTFLGWF,Y,T,4,5,R,V,PRM_0366,-0.09810984928756274,Y,T,366
SGREWFLDWL,E,L,4,7,F,S,PRM_0363,0.1559877637986586,E,L,363
GGPYKFPRLLLLV,Y,F,4,6,V,P,PRM_0246,-0.6048870227933961,Y,F,246
GGPQKWPRLLLLV,Q,W,4,6,V,P,PRM_0246,-0.36827259203593116,Q,W,246
GGPFKVPRLLLLV,F,V,4,6,V,P,PRM_0246,-0.5014783612947388,F,V,246
SKVYRFLGWF,Y,R,4,5,R,V,PRM_0366,-0.09422738804323903,Y,R,366
SGREWFEDWL,E,E,4,7,F,S,PRM_0363,0.28624649542798786,E,E,363
GGPQKCPRLLLLV,Q,C,4,6,V,P,PRM_0246,-0.35665186015644723,Q,C,246
SKVFLFLGWF,F,L,4,5,R,V,PRM_0366,-0.42123234241693214,F,L,366
SKVYSFLGWF,Y,S,4,5,R,V,PRM_0366,-0.14727028996890806,Y,S,366
SGREWFDDWL,E,D,4,7,F,S,PRM_0363,0.4170877102972751,E,D,363
GGPFK*PRLLLLV,F,*,4,6,V,P,PRM_0246,0.6039494737079023,F,*,246
SKVYMFLGWF,Y,M,4,5,R,V,PRM_0366,-0.318659720342121,Y,M,366
SGREWFADWL,E,A,4,7,F,S,PRM_0363,0.17912760174443942,E,A,363
GGPQKFPRLLLLV,Q,F,4,6,V,P,PRM_0246,-0.4538778298658708,Q,F,246
GGPFKYPRLLLLV,F,Y,4,6,V,P,PRM_0246,-0.5334433343716999,F,Y,246
SKVFEFLGWF,F,E,4,5,R,V,PRM_0366,-0.05466356415813637,F,E,366
SKVYIFLGWF,Y,I,4,5,R,V,PRM_0366,-0.26417947494087596,Y,I,366
GGPHKKPRLLLLV,H,K,4,6,V,P,PRM_0246,-0.11146124746315503,H,K,246
SKVFDFLGWF,F,D,4,5,R,V,PRM_0366,-0.003451734623038662,F,D,366
SKVYQFLGWF,Y,Q,4,5,R,V,PRM_0366,-0.16941474254622135,Y,Q,366
SGREWFGDWL,E,G,4,7,F,S,PRM_0363,0.29221262237284107,E,G,363
GGPHKNPRLLLLV,H,N,4,6,V,P,PRM_0246,-0.25380622899886146,H,N,246
SKVFAFLGWF,F,A,4,5,R,V,PRM_0366,-0.21796795429064472,F,A,366
SKVYHFLGWF,Y,H,4,5,R,V,PRM_0366,-0.27879864710990615,Y,H,366
GGPHKTPRLLLLV,H,T,4,6,V,P,PRM_0246,-0.5287962741586593,H,T,246
GGPFKWPRLLLLV,F,W,4,6,V,P,PRM_0246,-0.4939653023221031,F,W,246
SKVYPFLGWF,Y,P,4,5,R,V,PRM_0366,-0.08366758124238262,Y,P,366
SGREWFVDWL,E,V,4,7,F,S,PRM_0363,0.1518631059060806,E,V,363
GGPFKCPRLLLLV,F,C,4,6,V,P,PRM_0246,-0.49698716748433497,F,C,246
SKVFGFLGWF,F,G,4,5,R,V,PRM_0366,-0.04198220749924738,F,G,366
GGPHKRPRLLLLV,H,R,4,6,V,P,PRM_0246,-0.43202875571233246,H,R,246
SGREWF*DWL,E,*,4,7,F,S,PRM_0363,0.3460453829792578,E,*,363
GGPFKFPRLLLLV,F,F,4,6,V,P,PRM_0246,-0.5675953213620679,F,F,246
SKVFVFLGWF,F,V,4,5,R,V,PRM_0366,-0.4419992798689142,F,V,366
SKVYLFLGWF,Y,L,4,5,R,V,PRM_0366,-0.36125607126556075,Y,L,366
SGREWFYDWL,E,Y,4,7,F,S,PRM_0363,0.1287978817776927,E,Y,363
GGPHKMPRLLLLV,H,M,4,6,V,P,PRM_0246,-0.591147120586822,H,M,246
GGGRKPVKDYVVL,K,K,5,8,Y,V,PRM_0250,0.21074735728203223,K,K,250
GGPHKIPRLLLLV,H,I,4,6,V,P,PRM_0246,-0.584085862454241,H,I,246
GGGRKPVNDYVVL,K,N,5,8,Y,V,PRM_0250,0.3917254659954976,K,N,250
SKVF*FLGWF,F,*,4,5,R,V,PRM_0366,0.37004902072325924,F,*,366
SKVYEFLGWF,Y,E,4,5,R,V,PRM_0366,0.11679894077185775,Y,E,366
GGPHKQPRLLLLV,H,Q,4,6,V,P,PRM_0246,-0.30352059669500886,H,Q,246
GGGRKPVTDYVVL,K,T,5,8,Y,V,PRM_0250,0.18056200904318437,K,T,250
SKVFYFLGWF,F,Y,4,5,R,V,PRM_0366,-0.32821674443869586,F,Y,366
SKVYDFLGWF,Y,D,4,5,R,V,PRM_0366,0.022102363595492582,Y,D,366
SGREWFWDWL,E,W,4,7,F,S,PRM_0363,0.24700113498260168,E,W,363
GGPHKHPRLLLLV,H,H,4,6,V,P,PRM_0246,-0.38249071322961087,H,H,246
SKVYAFLGWF,Y,A,4,5,R,V,PRM_0366,-0.11226908828019339,Y,A,366
SGREWFCDWL,E,C,4,7,F,S,PRM_0363,0.10660135172867302,E,C,363
GGPHKPPRLLLLV,H,P,4,6,V,P,PRM_0246,-0.2856076740259972,H,P,246
GGGRKPVRDYVVL,K,R,5,8,Y,V,PRM_0250,0.28155963367766434,K,R,250
GGGRKPVSDYVVL,K,S,5,8,Y,V,PRM_0250,0.32272984313402314,K,S,250
SKVFWFLGWF,F,W,4,5,R,V,PRM_0366,-0.39194038666902814,F,W,366
SKVYGFLGWF,Y,G,4,5,R,V,PRM_0366,-0.012705355570259674,Y,G,366
SGREWFFDWL,E,F,4,7,F,S,PRM_0363,0.1247504675003851,E,F,363
GGGRKPVMDYVVL,K,M,5,8,Y,V,PRM_0250,0.14567167070056236,K,M,250
SKVFCFLGWF,F,C,4,5,R,V,PRM_0366,-0.27968080598220535,F,C,366
SGRDWFKDWL,D,K,4,7,F,S,PRM_0363,0.1935259539243538,D,K,363
GGGRKPVIDYVVL,K,I,5,8,Y,V,PRM_0250,0.17658532784065356,K,I,250
SKVYVFLGWF,Y,V,4,5,R,V,PRM_0366,-0.32380270253760524,Y,V,366
SGRDWFNDWL,D,N,4,7,F,S,PRM_0363,0.21079854443952395,D,N,363
GGGRKPVQDYVVL,K,Q,5,8,Y,V,PRM_0250,0.40952610601393025,K,Q,250
SKVFFFLGWF,F,F,4,5,R,V,PRM_0366,-0.477259619610212,F,F,366
SGRDWFTDWL,D,T,4,7,F,S,PRM_0363,0.11260737219192757,D,T,363
GGGRKPVHDYVVL,K,H,5,8,Y,V,PRM_0250,0.19234002657352905,K,H,250
SGRKWFKDWL,K,K,4,7,F,S,PRM_0363,-0.08975841336682669,K,K,363
SKVY*FLGWF,Y,*,4,5,R,V,PRM_0366,0.5238438815159359,Y,*,366
GGPHKEPRLLLLV,H,E,4,6,V,P,PRM_0246,-0.07635518439652977,H,E,246
SGRKWFNDWL,K,N,4,7,F,S,PRM_0363,-0.039476112640809025,K,N,363
SKVYYFLGWF,Y,Y,4,5,R,V,PRM_0366,-0.33297839363212495,Y,Y,366
SGRDWFRDWL,D,R,4,7,F,S,PRM_0363,0.10703822602741413,D,R,363
GGPHKDPRLLLLV,H,D,4,6,V,P,PRM_0246,-0.04646684929260851,H,D,246
SGRKWFTDWL,K,T,4,7,F,S,PRM_0363,0.02462766895810777,K,T,363
SGRDWFSDWL,D,S,4,7,F,S,PRM_0363,0.2134230230533509,D,S,363
GGPHKAPRLLLLV,H,A,4,6,V,P,PRM_0246,-0.39967917330959973,H,A,246
GGGRKPVLDYVVL,K,L,5,8,Y,V,PRM_0250,0.19603221354571002,K,L,250
SGRDWFMDWL,D,M,4,7,F,S,PRM_0363,0.0850644716646508,D,M,363
SGRKWFRDWL,K,R,4,7,F,S,PRM_0363,-0.11188181952486377,K,R,363
SKVYWFLGWF,Y,W,4,5,R,V,PRM_0366,-0.40398761724663634,Y,W,366
SGRDWFIDWL,D,I,4,7,F,S,PRM_0363,0.08096035463985411,D,I,363
GGPHKGPRLLLLV,H,G,4,6,V,P,PRM_0246,-0.3609775823637957,H,G,246
GGGRKPVEDYVVL,K,E,5,8,Y,V,PRM_0250,0.39019217440982806,K,E,250
SGRKWFSDWL,K,S,4,7,F,S,PRM_0363,0.0267287614625951,K,S,363
SKVYCFLGWF,Y,C,4,5,R,V,PRM_0366,-0.3008572183164728,Y,C,366
SGRDWFQDWL,D,Q,4,7,F,S,PRM_0363,0.1329466232801649,D,Q,363
GGGRKPVDDYVVL,K,D,5,8,Y,V,PRM_0250,0.5377172626705968,K,D,250
SGRKWFMDWL,K,M,4,7,F,S,PRM_0363,-0.06024452807180099,K,M,363
SGRDWFHDWL,D,H,4,7,F,S,PRM_0363,0.11394617071550399,D,H,363
SGRPWFADWL,P,A,4,7,F,S,PRM_0363,0.17767694213010188,P,A,363
GGGRKPVADYVVL,K,A,5,8,Y,V,PRM_0250,0.3369996299608413,K,A,250
SGRSWFCDWL,S,C,4,7,F,S,PRM_0363,-0.02820256067513121,S,C,363
SGRKWFIDWL,K,I,4,7,F,S,PRM_0363,0.04337859176820777,K,I,363
SKVYFFLGWF,Y,F,4,5,R,V,PRM_0366,-0.39062282059163045,Y,F,366
SGRDWFPDWL,D,P,4,7,F,S,PRM_0363,0.07159765717165889,D,P,363
SGRPWFGDWL,P,G,4,7,F,S,PRM_0363,0.15941445755769754,P,G,363
SGRSWFLDWL,S,L,4,7,F,S,PRM_0363,-0.014184910620197666,S,L,363
SGRKWFQDWL,K,Q,4,7,F,S,PRM_0363,0.11363547730788322,K,Q,363
GGGRKPVGDYVVL,K,G,5,8,Y,V,PRM_0250,0.4061744094176558,K,G,250
SGRSWFFDWL,S,F,4,7,F,S,PRM_0363,-0.027422251599126354,S,F,363
SGRKWFHDWL,K,H,4,7,F,S,PRM_0363,0.032913497666364096,K,H,363
SGRPWFVDWL,P,V,4,7,F,S,PRM_0363,0.07033922897360037,P,V,363
SGRMWFKDWL,M,K,4,7,F,S,PRM_0363,0.08208476418415052,M,K,363
SGRKWFPDWL,K,P,4,7,F,S,PRM_0363,-0.037911221725750226,K,P,363
GGGRKPVVDYVVL,K,V,5,8,Y,V,PRM_0250,0.2817230201346296,K,V,250
SGRMWFNDWL,M,N,4,7,F,S,PRM_0363,0.16123448267847296,M,N,363
SGRDWFLDWL,D,L,4,7,F,S,PRM_0363,0.11033192975040311,D,L,363
SGRPWF*DWL,P,*,4,7,F,S,PRM_0363,0.310628014146331,P,*,363
SGRMWFTDWL,M,T,4,7,F,S,PRM_0363,0.061080743225615165,M,T,363
SGRPWFYDWL,P,Y,4,7,F,S,PRM_0363,0.11978858844330212,P,Y,363
GGGRKPV*DYVVL,K,*,5,8,Y,V,PRM_0250,0.6012020372613994,K,*,250
SGRDWFEDWL,D,E,4,7,F,S,PRM_0363,0.21846161585971802,D,E,363
SGRPWFSDWL,P,S,4,7,F,S,PRM_0363,0.07985777666810702,P,S,363
GGGRKPVYDYVVL,K,Y,5,8,Y,V,PRM_0250,0.2734067046406483,K,Y,250
SGRMWFRDWL,M,R,4,7,F,S,PRM_0363,-5.53411817411988e-4,M,R,363
SGRKWFLDWL,K,L,4,7,F,S,PRM_0363,-0.0960962328239525,K,L,363
SGRDWFDDWL,D,D,4,7,F,S,PRM_0363,0.24745868623031492,D,D,363
SGRMWFSDWL,M,S,4,7,F,S,PRM_0363,-0.060481942195779397,M,S,363
SGRDWFADWL,D,A,4,7,F,S,PRM_0363,0.17197298464638977,D,A,363
SGRPWFWDWL,P,W,4,7,F,S,PRM_0363,0.23454419229518858,P,W,363
SGRMWFMDWL,M,M,4,7,F,S,PRM_0363,0.13969659596648926,M,M,363
SGRKWFEDWL,K,E,4,7,F,S,PRM_0363,0.12829137879825925,K,E,363
SGRPWFCDWL,P,C,4,7,F,S,PRM_0363,0.0035928614742278854,P,C,363
GGGRKPVWDYVVL,K,W,5,8,Y,V,PRM_0250,0.08208476418415052,K,W,250
SGRMWFIDWL,M,I,4,7,F,S,PRM_0363,-0.08608419542270128,M,I,363
SGRKWFDDWL,K,D,4,7,F,S,PRM_0363,0.08659439544067642,K,D,363
SGRDWFGDWL,D,G,4,7,F,S,PRM_0363,0.1485396021724357,D,G,363
SGRPWFLDWL,P,L,4,7,F,S,PRM_0363,0.07981242840413172,P,L,363
GGGRKPVCDYVVL,K,C,5,8,Y,V,PRM_0250,0.324851561235654,K,C,250
SGRMWFQDWL,M,Q,4,7,F,S,PRM_0363,0.18099884624603763,M,Q,363
SGRKWFADWL,K,A,4,7,F,S,PRM_0363,0.09524876399654203,K,A,363
SGRPWFFDWL,P,F,4,7,F,S,PRM_0363,0.17864808534097154,P,F,363
SGRMWFHDWL,M,H,4,7,F,S,PRM_0363,0.11355706278469845,M,H,363
SGRDWFVDWL,D,V,4,7,F,S,PRM_0363,0.12848315246879533,D,V,363
SGRRWFKDWL,R,K,4,7,F,S,PRM_0363,-0.023288564293962907,R,K,363
GGGRKPVFDYVVL,K,F,5,8,Y,V,PRM_0250,0.04211143301778114,K,F,250
SGRMWFPDWL,M,P,4,7,F,S,PRM_0363,0.020917996222278645,M,P,363
SGRKWFGDWL,K,G,4,7,F,S,PRM_0363,0.06365913711279966,K,G,363
SGRRWFNDWL,R,N,4,7,F,S,PRM_0363,-0.03736132773747423,R,N,363
GGGRNPVKDYVVL,N,K,5,8,Y,V,PRM_0250,0.3406404029589985,N,K,250
SGRDWF*DWL,D,*,4,7,F,S,PRM_0363,0.33979034804912106,D,*,363
SGRRWFTDWL,R,T,4,7,F,S,PRM_0363,-0.029765094720846604,R,T,363
GGGRNPVNDYVVL,N,N,5,8,Y,V,PRM_0250,0.2864836778637957,N,N,250
SGRKWFVDWL,K,V,4,7,F,S,PRM_0363,-0.08746310964599176,K,V,363
SGRDWFYDWL,D,Y,4,7,F,S,PRM_0363,0.02469110288911725,D,Y,363
GGGRNPVTDYVVL,N,T,5,8,Y,V,PRM_0250,0.2604594082373636,N,T,250
SGRRWFRDWL,R,R,4,7,F,S,PRM_0363,-0.14353438576124788,R,R,363
SGRMWFLDWL,M,L,4,7,F,S,PRM_0363,0.08377106668271463,M,L,363
SGRKWF*DWL,K,*,4,7,F,S,PRM_0363,0.40721270525617465,K,*,363
SGRRWFSDWL,R,S,4,7,F,S,PRM_0363,-0.009774607750146725,R,S,363
GGGRNPVRDYVVL,N,R,5,8,Y,V,PRM_0250,0.3389036623582481,N,R,250
SGRKWFYDWL,K,Y,4,7,F,S,PRM_0363,-0.09734027059302593,K,Y,363
SGRDWFWDWL,D,W,4,7,F,S,PRM_0363,0.15356677077876227,D,W,363
SGRRWFMDWL,R,M,4,7,F,S,PRM_0363,-0.02292694755123932,R,M,363
GGGRNPVSDYVVL,N,S,5,8,Y,V,PRM_0250,0.3470633096491663,N,S,250
SGRMWFEDWL,M,E,4,7,F,S,PRM_0363,0.24773622940189824,M,E,363
SGRDWFCDWL,D,C,4,7,F,S,PRM_0363,0.1513424905232683,D,C,363
SGRRWFIDWL,R,I,4,7,F,S,PRM_0363,-0.12833369692699437,R,I,363
GGGRNPVMDYVVL,N,M,5,8,Y,V,PRM_0250,0.2587123365607801,N,M,250
SGRMWFDDWL,M,D,4,7,F,S,PRM_0363,0.18918413093552303,M,D,363
SGRRWFQDWL,R,Q,4,7,F,S,PRM_0363,-0.0244940017162668,R,Q,363
GGGRNPVIDYVVL,N,I,5,8,Y,V,PRM_0250,0.3104708209297877,N,I,250
SGRMWFADWL,M,A,4,7,F,S,PRM_0363,0.07488665165368576,M,A,363
SGRKWFWDWL,K,W,4,7,F,S,PRM_0363,0.05729854464550008,K,W,363
SGRDWFFDWL,D,F,4,7,F,S,PRM_0363,0.021704160354605033,D,F,363
SGRRWFHDWL,R,H,4,7,F,S,PRM_0363,-0.0033738151618536087,R,H,363
GGGRNPVQDYVVL,N,Q,5,8,Y,V,PRM_0250,0.29512801714269066,N,Q,250
SGRKWFCDWL,K,C,4,7,F,S,PRM_0363,-0.07761598591026209,K,C,363
SGRAWFKDWL,A,K,4,7,F,S,PRM_0363,0.09988621194981276,A,K,363
SGRRWFPDWL,R,P,4,7,F,S,PRM_0363,-0.004237961881171764,R,P,363
GGGRNPVHDYVVL,N,H,5,8,Y,V,PRM_0250,0.42428565293648346,N,H,250
SGRMWFGDWL,M,G,4,7,F,S,PRM_0363,0.12410713508566287,M,G,363
SGRAWFNDWL,A,N,4,7,F,S,PRM_0363,0.0938929501678791,A,N,363
SGRKWFFDWL,K,F,4,7,F,S,PRM_0363,-0.0045244816742779905,K,F,363
SGRAWFTDWL,A,T,4,7,F,S,PRM_0363,0.15239915508806773,A,T,363
SGRMWFVDWL,M,V,4,7,F,S,PRM_0363,0.04942052736700747,M,V,363
SGRNWFKDWL,N,K,4,7,F,S,PRM_0363,-0.01825099823302131,N,K,363
GGGRNPVLDYVVL,N,L,5,8,Y,V,PRM_0250,0.17628088927918525,N,L,250
SGRNWFNDWL,N,N,4,7,F,S,PRM_0363,-0.001369297943117668,N,N,363
SGRAWFRDWL,A,R,4,7,F,S,PRM_0363,0.09433194969003053,A,R,363
SGRRWFLDWL,R,L,4,7,F,S,PRM_0363,-0.15200691433179314,R,L,363
SGRMWF*DWL,M,*,4,7,F,S,PRM_0363,0.2568292411415837,M,*,363
SGRNWFTDWL,N,T,4,7,F,S,PRM_0363,-0.03827894134969462,N,T,363
SGRAWFSDWL,A,S,4,7,F,S,PRM_0363,0.13141809032954677,A,S,363
GGGRNPVEDYVVL,N,E,5,8,Y,V,PRM_0250,0.33860991771380944,N,E,250
SGRMWFYDWL,M,Y,4,7,F,S,PRM_0363,0.15816727961171564,M,Y,363
SGRAWFMDWL,A,M,4,7,F,S,PRM_0363,0.30552010454638634,A,M,363
SGRRWFEDWL,R,E,4,7,F,S,PRM_0363,0.09007520904053339,R,E,363
GGGRNPVDDYVVL,N,D,5,8,Y,V,PRM_0250,0.4561897858857682,N,D,250
SGRNWFRDWL,N,R,4,7,F,S,PRM_0363,-0.042412359994687586,N,R,363
SGRAWFIDWL,A,I,4,7,F,S,PRM_0363,0.1392544922164275,A,I,363
SGRRWFDDWL,R,D,4,7,F,S,PRM_0363,0.08751660737116881,R,D,363
GGGRNPVADYVVL,N,A,5,8,Y,V,PRM_0250,0.21011000001685762,N,A,250
SGRNWFSDWL,N,S,4,7,F,S,PRM_0363,0.07332125177258537,N,S,363
SGRAWFQDWL,A,Q,4,7,F,S,PRM_0363,0.18495045389106052,A,Q,363
SGRRWFADWL,R,A,4,7,F,S,PRM_0363,0.009177385781948662,R,A,363
GGGRNPVGDYVVL,N,G,5,8,Y,V,PRM_0250,0.39286048216458463,N,G,250
SGRMWFWDWL,M,W,4,7,F,S,PRM_0363,0.09363631824378102,M,W,363
SGRNWFMDWL,N,M,4,7,F,S,PRM_0363,-0.07501031035672254,N,M,363
SGRAWFHDWL,A,H,4,7,F,S,PRM_0363,0.09490875354925757,A,H,363
SGRMWFCDWL,M,C,4,7,F,S,PRM_0363,-0.045806695816797374,M,C,363
SGRNWFIDWL,N,I,4,7,F,S,PRM_0363,-0.0860884322386942,N,I,363
SGRAWFPDWL,A,P,4,7,F,S,PRM_0363,0.07890499904276528,A,P,363
SGRRWFGDWL,R,G,4,7,F,S,PRM_0363,0.029405235507100416,R,G,363
GGGRNPVVDYVVL,N,V,5,8,Y,V,PRM_0250,0.23892724078683364,N,V,250
SGRNWFQDWL,N,Q,4,7,F,S,PRM_0363,-0.05693943283068495,N,Q,363
SGRMWFFDWL,M,F,4,7,F,S,PRM_0363,-0.02571182329163492,M,F,363
SGRNWFHDWL,N,H,4,7,F,S,PRM_0363,0.044749643692567766,N,H,363
SGRRWFVDWL,R,V,4,7,F,S,PRM_0363,-0.059031190946133044,R,V,363
GGGRNPV*DYVVL,N,*,5,8,Y,V,PRM_0250,0.7167402038837293,N,*,250
SGRIWFKDWL,I,K,4,7,F,S,PRM_0363,-0.15244255156488892,I,K,363
SGRNWFPDWL,N,P,4,7,F,S,PRM_0363,0.128179188812025,N,P,363
GGGRNPVYDYVVL,N,Y,5,8,Y,V,PRM_0250,0.18221855646343538,N,Y,250
SGRIWFNDWL,I,N,4,7,F,S,PRM_0363,-0.08283999058372618,I,N,363
SGRAWFLDWL,A,L,4,7,F,S,PRM_0363,0.2502964329714798,A,L,363
SGRRWF*DWL,R,*,4,7,F,S,PRM_0363,0.1779790663764176,R,*,363
SGRIWFTDWL,I,T,4,7,F,S,PRM_0363,-0.14979440655656953,I,T,363
SGRRWFYDWL,R,Y,4,7,F,S,PRM_0363,-0.04471442147115164,R,Y,363
SGRAWFEDWL,A,E,4,7,F,S,PRM_0363,0.25654593671628695,A,E,363
GGGRNPVWDYVVL,N,W,5,8,Y,V,PRM_0250,0.08502889350550293,N,W,250
SGRIWFRDWL,I,R,4,7,F,S,PRM_0363,-0.13986232847771066,I,R,363
SGRNWFLDWL,N,L,4,7,F,S,PRM_0363,-0.03531368485236858,N,L,363
SGRAWFDDWL,A,D,4,7,F,S,PRM_0363,0.1905679720248875,A,D,363
GGGRNPVCDYVVL,N,C,5,8,Y,V,PRM_0250,0.3034140955805747,N,C,250
SGRIWFSDWL,I,S,4,7,F,S,PRM_0363,-0.10304068211097268,I,S,363
SGRAWFADWL,A,A,4,7,F,S,PRM_0363,0.20094109365070378,A,A,363
SGRRWFWDWL,R,W,4,7,F,S,PRM_0363,-0.0536543449634515,R,W,363
SGRIWFMDWL,I,M,4,7,F,S,PRM_0363,-0.20970407226886376,I,M,363
SGRNWFEDWL,N,E,4,7,F,S,PRM_0363,0.10988141976319783,N,E,363
SGRRWFCDWL,R,C,4,7,F,S,PRM_0363,-0.03236847263373141,R,C,363
GGGRNPVFDYVVL,N,F,5,8,Y,V,PRM_0250,0.15083769940981726,N,F,250
SGRIWFIDWL,I,I,4,7,F,S,PRM_0363,-0.21113574756252557,I,I,363
SGRNWFDDWL,N,D,4,7,F,S,PRM_0363,0.16478011793629505,N,D,363
SGRAWFGDWL,A,G,4,7,F,S,PRM_0363,0.1746129798342555,A,G,363
GGGRTPVKDYVVL,T,K,5,8,Y,V,PRM_0250,0.23988209553267337,T,K,250
SGRIWFQDWL,I,Q,4,7,F,S,PRM_0363,0.022897071027182258,I,Q,363
SGRNWFADWL,N,A,4,7,F,S,PRM_0363,0.014108280194411491,N,A,363
SGRRWFFDWL,R,F,4,7,F,S,PRM_0363,-0.09039316437400988,R,F,363
GGGRTPVRDYVVL,T,R,5,8,Y,V,PRM_0250,0.3696417285149257,T,R,250
SGRIWFHDWL,I,H,4,7,F,S,PRM_0363,-0.10550585261339197,I,H,363
SGRAWFVDWL,A,V,4,7,F,S,PRM_0363,0.08147783418960625,A,V,363
GGGRTPVSDYVVL,T,S,5,8,Y,V,PRM_0250,0.33622847571699216,T,S,250
SGRIWFPDWL,I,P,4,7,F,S,PRM_0363,-0.050517249064081546,I,P,363
SGRNWFGDWL,N,G,4,7,F,S,PRM_0363,0.02974839307020548,N,G,363
GGGRTPVMDYVVL,T,M,5,8,Y,V,PRM_0250,0.3093254824958351,T,M,250
SGRAWF*DWL,A,*,4,7,F,S,PRM_0363,0.33275783469690456,A,*,363
GGGRTPVIDYVVL,T,I,5,8,Y,V,PRM_0250,0.20862076661757312,T,I,250
SGRNWFVDWL,N,V,4,7,F,S,PRM_0363,-0.08737957946491653,N,V,363
SGRAWFYDWL,A,Y,4,7,F,S,PRM_0363,0.08738628433337535,A,Y,363
GGGRTPVHDYVVL,T,H,5,8,Y,V,PRM_0250,0.3822470115364709,T,H,250
SGRIWFLDWL,I,L,4,7,F,S,PRM_0363,-0.17848771005682942,I,L,363
SGRNWF*DWL,N,*,4,7,F,S,PRM_0363,0.2835546821582599,N,*,363
SGRNWFYDWL,N,Y,4,7,F,S,PRM_0363,-0.09738693566991129,N,Y,363
SGRAWFWDWL,A,W,4,7,F,S,PRM_0363,0.11729432919601124,A,W,363
GGGRTPVLDYVVL,T,L,5,8,Y,V,PRM_0250,0.22038054353949293,T,L,250
SGRIWFEDWL,I,E,4,7,F,S,PRM_0363,0.04189589992687865,I,E,363
SKVWKFLGWF,W,K,4,5,R,V,PRM_0366,0.1466578484272881,W,K,366
SGRAWFCDWL,A,C,4,7,F,S,PRM_0363,0.11681914575618227,A,C,363
GGGRTPVEDYVVL,T,E,5,8,Y,V,PRM_0250,0.4732946248482991,T,E,250
SGRIWFDDWL,I,D,4,7,F,S,PRM_0363,0.0015250110395273854,I,D,363
SKVWNFLGWF,W,N,4,5,R,V,PRM_0366,0.03844613949575016,W,N,366
GGGRTPVDDYVVL,T,D,5,8,Y,V,PRM_0250,0.42740699822496503,T,D,250
SGRIWFADWL,I,A,4,7,F,S,PRM_0363,-0.06294772197427888,I,A,363
SGRNWFWDWL,N,W,4,7,F,S,PRM_0363,-0.08465571420250127,N,W,363
SKVWTFLGWF,W,T,4,5,R,V,PRM_0366,0.08176978951774003,W,T,366
SGRAWFFDWL,A,F,4,7,F,S,PRM_0363,0.05454854457736348,A,F,363
GGGRTPVADYVVL,T,A,5,8,Y,V,PRM_0250,0.37017042020249924,T,A,250
SGRNWFCDWL,N,C,4,7,F,S,PRM_0363,-0.02958412048560443,N,C,363
GGGRTPVGDYVVL,T,G,5,8,Y,V,PRM_0250,0.38023238015424343,T,G,250
SGRIWFGDWL,I,G,4,7,F,S,PRM_0363,-0.017986262964552545,I,G,363
SKVWRFLGWF,W,R,4,5,R,V,PRM_0366,0.03617129369499893,W,R,366
SGRNWFFDWL,N,F,4,7,F,S,PRM_0363,-0.038985210831222576,N,F,363
SKVWSFLGWF,W,S,4,5,R,V,PRM_0366,0.007913857009483532,W,S,366
GGGRTPVVDYVVL,T,V,5,8,Y,V,PRM_0250,0.29544045992637985,T,V,250
SGRIWFVDWL,I,V,4,7,F,S,PRM_0363,-0.13617520005208555,I,V,363
SGRTWFKDWL,T,K,4,7,F,S,PRM_0363,0.18998624966336086,T,K,363
SKVWMFLGWF,W,M,4,5,R,V,PRM_0366,-0.13532815835599696,W,M,366
SGRTWFNDWL,T,N,4,7,F,S,PRM_0363,0.1162562907408088,T,N,363
SKVWIFLGWF,W,I,4,5,R,V,PRM_0366,-0.3629903104151238,W,I,366
GGGRTPV*DYVVL,T,*,5,8,Y,V,PRM_0250,0.6210835285699489,T,*,250
SGRIWF*DWL,I,*,4,7,F,S,PRM_0363,0.2346965282604227,I,*,363
SGRTWFTDWL,T,T,4,7,F,S,PRM_0363,0.11057081182206338,T,T,363
SKVWQFLGWF,W,Q,4,5,R,V,PRM_0366,0.08409608082255453,W,Q,366
GGGRTPVYDYVVL,T,Y,5,8,Y,V,PRM_0250,0.2517522342567023,T,Y,250
SGRIWFYDWL,I,Y,4,7,F,S,PRM_0363,-0.16961830485820628,I,Y,363
SKVWHFLGWF,W,H,4,5,R,V,PRM_0366,-0.020247706277059036,W,H,366
SGRTWFRDWL,T,R,4,7,F,S,PRM_0363,0.046784177307806,T,R,363
SKVWPFLGWF,W,P,4,5,R,V,PRM_0366,0.05292329492068303,W,P,366
SGRTWFSDWL,T,S,4,7,F,S,PRM_0363,0.07676998761770187,T,S,363
GGGRTPVWDYVVL,T,W,5,8,Y,V,PRM_0250,0.16293980106067138,T,W,250
SGRIWFWDWL,I,W,4,7,F,S,PRM_0363,-0.18147250222148928,I,W,363
SGRTWFMDWL,T,M,4,7,F,S,PRM_0363,0.05847618454074317,T,M,363
GGGRTPVCDYVVL,T,C,5,8,Y,V,PRM_0250,0.2763868565568679,T,C,250
SGRIWFCDWL,I,C,4,7,F,S,PRM_0363,-0.2730692931408594,I,C,363
SGRTWFIDWL,T,I,4,7,F,S,PRM_0363,-0.014087996959162831,T,I,363
SKVWLFLGWF,W,L,4,5,R,V,PRM_0366,-0.35556145738101513,W,L,366
SGRTWFQDWL,T,Q,4,7,F,S,PRM_0363,0.09625546084010461,T,Q,363
GGGRTPVFDYVVL,T,F,5,8,Y,V,PRM_0250,0.09955971095233387,T,F,250
SGRIWFFDWL,I,F,4,7,F,S,PRM_0363,-0.3311165937903388,I,F,363
SGRTWFHDWL,T,H,4,7,F,S,PRM_0363,0.1316418584552929,T,H,363
SKVWEFLGWF,W,E,4,5,R,V,PRM_0366,0.2103859712240761,W,E,366
SGRQWFKDWL,Q,K,4,7,F,S,PRM_0363,0.12172840915632595,Q,K,363
SGRTWFPDWL,T,P,4,7,F,S,PRM_0363,0.19964334668045408,T,P,363
SKVWDFLGWF,W,D,4,5,R,V,PRM_0366,0.14444416570368196,W,D,366
GGGRTPVNDYVVL,T,N,5,8,Y,V,PRM_0250,0.4146289006337837,T,N,250
SGRQWFNDWL,Q,N,4,7,F,S,PRM_0363,0.10765161393929717,Q,N,363
SKVWAFLGWF,W,A,4,5,R,V,PRM_0366,-0.06673665383803264,W,A,366
GGGRTPVTDYVVL,T,T,5,8,Y,V,PRM_0250,0.28514686614416956,T,T,250
SGRQWFTDWL,Q,T,4,7,F,S,PRM_0363,0.04061377705393775,Q,T,363
SKVWGFLGWF,W,G,4,5,R,V,PRM_0366,-0.018069449153498028,W,G,366
SGRQWFRDWL,Q,R,4,7,F,S,PRM_0363,-0.009308670132680833,Q,R,363
SGRTWFLDWL,T,L,4,7,F,S,PRM_0363,0.027393944266033955,T,L,363
SGRQWFSDWL,Q,S,4,7,F,S,PRM_0363,0.12975128563659655,Q,S,363
SKVWVFLGWF,W,V,4,5,R,V,PRM_0366,-0.2829274681408831,W,V,366
SGRQWFMDWL,Q,M,4,7,F,S,PRM_0363,0.05926491251760741,Q,M,363
SGRTWFEDWL,T,E,4,7,F,S,PRM_0363,0.13351571679032082,T,E,363
SGRQWFIDWL,Q,I,4,7,F,S,PRM_0363,0.09541698413160973,Q,I,363
SGRTWFDDWL,T,D,4,7,F,S,PRM_0363,0.16620684133717795,T,D,363
SKVW*FLGWF,W,*,4,5,R,V,PRM_0366,0.5520627451363551,W,*,366
SGRQWFQDWL,Q,Q,4,7,F,S,PRM_0363,0.101359290219531,Q,Q,363
SGRTWFADWL,T,A,4,7,F,S,PRM_0363,0.07025979568719377,T,A,363
SKVWYFLGWF,W,Y,4,5,R,V,PRM_0366,-0.3267305132326811,W,Y,366
SGRQWFHDWL,Q,H,4,7,F,S,PRM_0363,0.021435669994884374,Q,H,363
SGRQWFPDWL,Q,P,4,7,F,S,PRM_0363,0.04552490663626683,Q,P,363
SGRTWFGDWL,T,G,4,7,F,S,PRM_0363,0.17823547054562194,T,G,363
SKVWWFLGWF,W,W,4,5,R,V,PRM_0366,-0.3024088015814293,W,W,366
SGRTWFVDWL,T,V,4,7,F,S,PRM_0363,0.02344789286615229,T,V,363
SKVWCFLGWF,W,C,4,5,R,V,PRM_0366,-0.184167301385423,W,C,366
SGRQWFLDWL,Q,L,4,7,F,S,PRM_0363,0.009966785781201335,Q,L,363
SGRTWF*DWL,T,*,4,7,F,S,PRM_0363,0.31511120045966,T,*,363
SKVWFFLGWF,W,F,4,5,R,V,PRM_0366,-0.26632582029769586,W,F,366
SGRTWFYDWL,T,Y,4,7,F,S,PRM_0363,0.013340491583778782,T,Y,363
SKVCKFLGWF,C,K,4,5,R,V,PRM_0366,0.10755988745180112,C,K,366
SGRQWFEDWL,Q,E,4,7,F,S,PRM_0363,0.19940188496125105,Q,E,363
SKVCNFLGWF,C,N,4,5,R,V,PRM_0366,0.012078372274097825,C,N,366
SGRQWFDDWL,Q,D,4,7,F,S,PRM_0363,0.26465238187854556,Q,D,363
SKVCTFLGWF,C,T,4,5,R,V,PRM_0366,0.058954697509577894,C,T,366
SGRQWFADWL,Q,A,4,7,F,S,PRM_0363,0.13883746368735717,Q,A,363
SGRTWFWDWL,T,W,4,7,F,S,PRM_0363,0.0203464129471627,T,W,363
SGRTWFCDWL,T,C,4,7,F,S,PRM_0363,0.05206804129133112,T,C,363
SKVCRFLGWF,C,R,4,5,R,V,PRM_0366,-0.03138127160063948,C,R,366
SGRGWFKDWL,G,K,4,7,F,S,PRM_0363,0.10417912247885433,G,K,363
SGRQWFGDWL,Q,G,4,7,F,S,PRM_0363,0.12437748434176929,Q,G,363
SGRGWFNDWL,G,N,4,7,F,S,PRM_0363,0.11490521489725683,G,N,363
SGRTWFFDWL,T,F,4,7,F,S,PRM_0363,-0.06800760611155016,T,F,363
SKVCMFLGWF,C,M,4,5,R,V,PRM_0366,-0.18480639218729875,C,M,366
SGRGWFTDWL,G,T,4,7,F,S,PRM_0363,0.05687083555691279,G,T,363
SGRQWFVDWL,Q,V,4,7,F,S,PRM_0363,0.09981572117594786,Q,V,363
SKVCIFLGWF,C,I,4,5,R,V,PRM_0366,-0.4074604019779667,C,I,366
SKVCQFLGWF,C,Q,4,5,R,V,PRM_0366,0.05966219302829776,C,Q,366
SGRGWFRDWL,G,R,4,7,F,S,PRM_0363,0.03778051646360921,G,R,363
SGRQWF*DWL,Q,*,4,7,F,S,PRM_0363,0.30378653416852536,Q,*,363
SKVCHFLGWF,C,H,4,5,R,V,PRM_0366,-0.11415483871960054,C,H,366
SGRGWFSDWL,G,S,4,7,F,S,PRM_0363,0.09785985892467738,G,S,363
SGRQWFYDWL,Q,Y,4,7,F,S,PRM_0363,-0.0468128962163312,Q,Y,363
SGRGWFMDWL,G,M,4,7,F,S,PRM_0363,0.08543415737044077,G,M,363
GGGRRPVKDYVVL,R,K,5,8,Y,V,PRM_0250,0.26443741741171173,R,K,250
SGRGWFIDWL,G,I,4,7,F,S,PRM_0363,0.07812115796268665,G,I,363
GGGRRPVNDYVVL,R,N,5,8,Y,V,PRM_0250,0.2727792963074103,R,N,250
SGRGWFQDWL,G,Q,4,7,F,S,PRM_0363,0.12391507258234541,G,Q,363
GGGRRPVTDYVVL,R,T,5,8,Y,V,PRM_0250,0.23291139094608446,R,T,250
SGRQWFWDWL,Q,W,4,7,F,S,PRM_0363,0.011037350447385345,Q,W,363
SGRGWFHDWL,G,H,4,7,F,S,PRM_0363,0.08549219292789703,G,H,363
SGRQWFCDWL,Q,C,4,7,F,S,PRM_0363,0.10300540544685514,Q,C,363
SKVCEFLGWF,C,E,4,5,R,V,PRM_0366,0.10095594661631188,C,E,366
SGRGWFPDWL,G,P,4,7,F,S,PRM_0363,0.05810596905107625,G,P,363
GGGRRPVRDYVVL,R,R,5,8,Y,V,PRM_0250,0.22857380301930952,R,R,250
SKVCDFLGWF,C,D,4,5,R,V,PRM_0366,0.09991768947115381,C,D,366
GGGRRPVSDYVVL,R,S,5,8,Y,V,PRM_0250,0.27419782762514067,R,S,250
SGRQWFFDWL,Q,F,4,7,F,S,PRM_0363,-0.043046316811695316,Q,F,363
SKVCAFLGWF,C,A,4,5,R,V,PRM_0366,-0.09370262712365222,C,A,366
GGGRRPVMDYVVL,R,M,5,8,Y,V,PRM_0250,0.13897625338635794,R,M,250
SGRHWFKDWL,H,K,4,7,F,S,PRM_0363,0.05312378888782598,H,K,363
GGGRRPVIDYVVL,R,I,5,8,Y,V,PRM_0250,0.037330331876693025,R,I,250
SGRHWFNDWL,H,N,4,7,F,S,PRM_0363,0.11501953630892522,H,N,363
SKVCGFLGWF,C,G,4,5,R,V,PRM_0366,0.06724713880138468,C,G,366
SGRGWFLDWL,G,L,4,7,F,S,PRM_0363,0.018923999264077493,G,L,363
GGGRRPVQDYVVL,R,Q,5,8,Y,V,PRM_0250,0.2664764645640575,R,Q,250
SGRHWFTDWL,H,T,4,7,F,S,PRM_0363,0.06980765368020295,H,T,363
SKVCVFLGWF,C,V,4,5,R,V,PRM_0366,-0.37557599806245323,C,V,366
SGRGWFEDWL,G,E,4,7,F,S,PRM_0363,0.22082602574881516,G,E,363
SGRHWFRDWL,H,R,4,7,F,S,PRM_0363,-0.11648769115042429,H,R,363
SGRGWFDDWL,G,D,4,7,F,S,PRM_0363,0.18851913347774196,G,D,363
GGGRRPVLDYVVL,R,L,5,8,Y,V,PRM_0250,0.1156588815282909,R,L,250
SGRHWFSDWL,H,S,4,7,F,S,PRM_0363,0.05020503374013191,H,S,363
SKVC*FLGWF,C,*,4,5,R,V,PRM_0366,0.6627127293480161,C,*,366
SGRGWFADWL,G,A,4,7,F,S,PRM_0363,0.14616382771038855,G,A,363
SGRHWFMDWL,H,M,4,7,F,S,PRM_0363,-0.19078810937705654,H,M,363
SKVCYFLGWF,C,Y,4,5,R,V,PRM_0366,-0.2446659141396541,C,Y,366
GGGRRPVEDYVVL,R,E,5,8,Y,V,PRM_0250,0.4119322455744792,R,E,250
SGRHWFIDWL,H,I,4,7,F,S,PRM_0363,-0.17019347897237283,H,I,363
SGRSWFPDWL,S,P,4,7,F,S,PRM_0363,0.010099915297258523,S,P,363
SGRGWFGDWL,G,G,4,7,F,S,PRM_0363,0.09685294995906638,G,G,363
GGGRRPVDDYVVL,R,D,5,8,Y,V,PRM_0250,0.335787584718419,R,D,250
SGRHWFQDWL,H,Q,4,7,F,S,PRM_0363,0.16412138252213399,H,Q,363
GGGRRPVADYVVL,R,A,5,8,Y,V,PRM_0250,0.2908374391973175,R,A,250
SGRHWFHDWL,H,H,4,7,F,S,PRM_0363,-0.009308670132681243,H,H,363
SGRSWFRDWL,S,R,4,7,F,S,PRM_0363,-0.00546269495801162,S,R,363
SGRGWFVDWL,G,V,4,7,F,S,PRM_0363,0.048997687300152436,G,V,363
SGRHWFPDWL,H,P,4,7,F,S,PRM_0363,0.012946866931110884,H,P,363
GGGRRPVGDYVVL,R,G,5,8,Y,V,PRM_0250,0.31644375693362975,R,G,250
SGRGWF*DWL,G,*,4,7,F,S,PRM_0363,0.30525716139092907,G,*,363
SGRGWFYDWL,G,Y,4,7,F,S,PRM_0363,0.02894965055952103,G,Y,363
GGGRRPVVDYVVL,R,V,5,8,Y,V,PRM_0250,0.20651659189692886,R,V,250
SGRSWFEDWL,S,E,4,7,F,S,PRM_0363,0.16507757581549712,S,E,363
SGRHWFLDWL,H,L,4,7,F,S,PRM_0363,-0.15220660042634138,H,L,363
SGRSWFDDWL,S,D,4,7,F,S,PRM_0363,0.15108431576895415,S,D,363
GGGRRPV*DYVVL,R,*,5,8,Y,V,PRM_0250,0.5332715140278144,R,*,250
SGRSWFADWL,S,A,4,7,F,S,PRM_0363,0.09273761421380333,S,A,363
SGRGWFWDWL,G,W,4,7,F,S,PRM_0363,0.07989412926480934,G,W,363
GGGRRPVYDYVVL,R,Y,5,8,Y,V,PRM_0250,0.10475674213999046,R,Y,250
SGRHWFEDWL,H,E,4,7,F,S,PRM_0363,0.2214534955701939,H,E,363
SGRGWFCDWL,G,C,4,7,F,S,PRM_0363,0.025793924025292847,G,C,363
SGRHWFDDWL,H,D,4,7,F,S,PRM_0363,0.0359994901710098,H,D,363
SGRSWFGDWL,S,G,4,7,F,S,PRM_0363,0.08397509940305035,S,G,363
SGRHWFADWL,H,A,4,7,F,S,PRM_0363,0.06518854337627049,H,A,363
SGRGWFFDWL,G,F,4,7,F,S,PRM_0363,0.06749332974068817,G,F,363
GGGRRPVWDYVVL,R,W,5,8,Y,V,PRM_0250,0.05884971494860328,R,W,250
SGRSWFVDWL,S,V,4,7,F,S,PRM_0363,0.023534765516767156,S,V,363
GGGRRPVCDYVVL,R,C,5,8,Y,V,PRM_0250,0.16830402088692978,R,C,250
SGRHWFGDWL,H,G,4,7,F,S,PRM_0363,0.14141916198383286,H,G,363
SGRSWF*DWL,S,*,4,7,F,S,PRM_0363,0.3191584779827217,S,*,363
GGGRRPVFDYVVL,R,F,5,8,Y,V,PRM_0250,0.039458338768134156,R,F,250
SGRHWFVDWL,H,V,4,7,F,S,PRM_0363,-0.011149436618194989,H,V,363
SGRSWFYDWL,S,Y,4,7,F,S,PRM_0363,0.024268871658374047,S,Y,363
SGRSWFSDWL,S,S,4,7,F,S,PRM_0363,0.08122650263373357,S,S,363
SGRHWF*DWL,H,*,4,7,F,S,PRM_0363,0.20258558745241162,H,*,363
SGRHWFYDWL,H,Y,4,7,F,S,PRM_0363,-0.07109078875711111,H,Y,363
SGRSWFWDWL,S,W,4,7,F,S,PRM_0363,-0.0010169787823460907,S,W,363
SGRHWFWDWL,H,W,4,7,F,S,PRM_0363,-0.11666924565192509,H,W,363
SGRHWFCDWL,H,C,4,7,F,S,PRM_0363,-0.020989701860118892,H,C,363
SGRSWFKDWL,S,K,4,7,F,S,PRM_0363,0.12246210399040906,S,K,363
SGRSWFNDWL,S,N,4,7,F,S,PRM_0363,0.021088413862733916,S,N,363
SGRHWFFDWL,H,F,4,7,F,S,PRM_0363,-0.054875466314150884,H,F,363
SGRSWFTDWL,S,T,4,7,F,S,PRM_0363,0.01620170473554244,S,T,363
SGRPWFKDWL,P,K,4,7,F,S,PRM_0363,0.18512442640151977,P,K,363
GGGRRPVPDYVVL,R,P,5,8,Y,V,PRM_0250,0.25904524835832043,R,P,250
SGRPWFNDWL,P,N,4,7,F,S,PRM_0363,0.13765134058358175,P,N,363
SGRPWFTDWL,P,T,4,7,F,S,PRM_0363,0.094505576651504,P,T,363
SGRSWFMDWL,S,M,4,7,F,S,PRM_0363,0.019064102548518293,S,M,363
SGRPWFRDWL,P,R,4,7,F,S,PRM_0363,0.03197075773181199,P,R,363
SGRSWFIDWL,S,I,4,7,F,S,PRM_0363,-0.018113513683813906,S,I,363
SGRSWFQDWL,S,Q,4,7,F,S,PRM_0363,0.03605474774630766,S,Q,363
SGRPWFMDWL,P,M,4,7,F,S,PRM_0363,0.22146181127084594,P,M,363
SGRSWFHDWL,S,H,4,7,F,S,PRM_0363,0.13077219602373907,S,H,363
SGRPWFIDWL,P,I,4,7,F,S,PRM_0363,0.0883591006359164,P,I,363
SGRPWFQDWL,P,Q,4,7,F,S,PRM_0363,0.1941596186074408,P,Q,363
SGRPWFHDWL,P,H,4,7,F,S,PRM_0363,0.07614450054770648,P,H,363
SGRPWFPDWL,P,P,4,7,F,S,PRM_0363,0.11990682329785851,P,P,363
SGRPWFEDWL,P,E,4,7,F,S,PRM_0363,0.20369388167973976,P,E,363
SGRPWFDDWL,P,D,4,7,F,S,PRM_0363,0.1797946521818098,P,D,363
SGRVWFKDWL,V,K,4,7,F,S,PRM_0363,-0.0353946366311268,V,K,363
SGRVWFNDWL,V,N,4,7,F,S,PRM_0363,0.07077403467881668,V,N,363
GGGRMPVKDYVVL,M,K,5,8,Y,V,PRM_0250,0.3630307162403691,M,K,250
SGRVWFTDWL,V,T,4,7,F,S,PRM_0363,-0.03432920749194866,V,T,363
GGGRMPVNDYVVL,M,N,5,8,Y,V,PRM_0250,0.455826657646234,M,N,250
GGGRMPVTDYVVL,M,T,5,8,Y,V,PRM_0250,0.4062966763143894,M,T,250
SGRVWFRDWL,V,R,4,7,F,S,PRM_0363,-0.06379514518079013,V,R,363
SGRVWFSDWL,V,S,4,7,F,S,PRM_0363,0.023528263296807607,V,S,363
GGGRMPVRDYVVL,M,R,5,8,Y,V,PRM_0250,0.3138858326529217,M,R,250
SGRVWFMDWL,V,M,4,7,F,S,PRM_0363,0.06315756953667323,V,M,363
GGGRMPVSDYVVL,M,S,5,8,Y,V,PRM_0250,0.2949588515723595,M,S,250
SGRVWFIDWL,V,I,4,7,F,S,PRM_0363,-0.2384960767067521,V,I,363
GGGRMPVMDYVVL,M,M,5,8,Y,V,PRM_0250,0.19837734233835833,M,M,250
SGRVWFQDWL,V,Q,4,7,F,S,PRM_0363,0.028470886161124226,V,Q,363
GGGRMPVIDYVVL,M,I,5,8,Y,V,PRM_0250,0.2274072539846327,M,I,250
SGRVWFHDWL,V,H,4,7,F,S,PRM_0363,0.028880469258898245,V,H,363
GGGRMPVQDYVVL,M,Q,5,8,Y,V,PRM_0250,0.30198908410094955,M,Q,250
SGRWWFKDWL,W,K,4,7,F,S,PRM_0363,0.0359994901710098,W,K,363
SGRVWFPDWL,V,P,4,7,F,S,PRM_0363,0.040494711157568974,V,P,363
GGGRMPVHDYVVL,M,H,5,8,Y,V,PRM_0250,0.3005783804514385,M,H,250
SGRWWFNDWL,W,N,4,7,F,S,PRM_0363,0.013287461504344063,W,N,363
GGGRMPVPDYVVL,M,P,5,8,Y,V,PRM_0250,0.3774720369815012,M,P,250
SGRWWFTDWL,W,T,4,7,F,S,PRM_0363,-0.029685425568053734,W,T,363
SGRWWFRDWL,W,R,4,7,F,S,PRM_0363,-0.15563537656957116,W,R,363
SGRVWFLDWL,V,L,4,7,F,S,PRM_0363,-0.09898081439219232,V,L,363
GGGRMPVLDYVVL,M,L,5,8,Y,V,PRM_0250,0.11873314018627773,M,L,250
SGRWWFMDWL,W,M,4,7,F,S,PRM_0363,-0.02593811397540796,W,M,363
SGRVWFEDWL,V,E,4,7,F,S,PRM_0363,0.10228352729119124,V,E,363
GGGRMPVEDYVVL,M,E,5,8,Y,V,PRM_0250,0.4098455833473693,M,E,250
SGRWWFIDWL,W,I,4,7,F,S,PRM_0363,-0.142732995507384,W,I,363
SGRVWFDDWL,V,D,4,7,F,S,PRM_0363,0.14431730826791234,V,D,363
GGGRMPVDDYVVL,M,D,5,8,Y,V,PRM_0250,0.38726457375000595,M,D,250
SGRWWFQDWL,W,Q,4,7,F,S,PRM_0363,-0.11871938943375523,W,Q,363
SGRVWFADWL,V,A,4,7,F,S,PRM_0363,0.051394124245516114,V,A,363
GGGRMPVADYVVL,M,A,5,8,Y,V,PRM_0250,0.31540457414361295,M,A,250
SGRWWFHDWL,W,H,4,7,F,S,PRM_0363,0.05942844646346792,W,H,363
SGRWWFPDWL,W,P,4,7,F,S,PRM_0363,-0.10187897249548283,W,P,363
SGRVWFGDWL,V,G,4,7,F,S,PRM_0363,0.13066263388122856,V,G,363
GGGRMPVGDYVVL,M,G,5,8,Y,V,PRM_0250,0.3062791530845022,M,G,250
SGRVWFVDWL,V,V,4,7,F,S,PRM_0363,-0.09832110145720724,V,V,363
GGGRMPVVDYVVL,M,V,5,8,Y,V,PRM_0250,0.21376399557737763,M,V,250
SGRVWF*DWL,V,*,4,7,F,S,PRM_0363,0.30213197158545557,V,*,363
GGGRMPV*DYVVL,M,*,5,8,Y,V,PRM_0250,0.5999838043983983,M,*,250
SGRVWFYDWL,V,Y,4,7,F,S,PRM_0363,-0.024854913081280777,V,Y,363
GGGRMPVYDYVVL,M,Y,5,8,Y,V,PRM_0250,0.17610622492299752,M,Y,250
SGRWWFEDWL,W,E,4,7,F,S,PRM_0363,0.0525822324134155,W,E,363
SGRWWFDDWL,W,D,4,7,F,S,PRM_0363,0.11633092255617665,W,D,363
SGRWWFADWL,W,A,4,7,F,S,PRM_0363,0.017141448196522906,W,A,363
SGRVWFWDWL,V,W,4,7,F,S,PRM_0363,-0.03286630245274752,V,W,363
GGGRMPVWDYVVL,M,W,5,8,Y,V,PRM_0250,0.08962158296356953,M,W,250
SGRVWFCDWL,V,C,4,7,F,S,PRM_0363,0.04572033804619427,V,C,363
GGGRMPVCDYVVL,M,C,5,8,Y,V,PRM_0250,0.24559265098007826,M,C,250
SGRWWFGDWL,W,G,4,7,F,S,PRM_0363,0.0236639421089019,W,G,363
SGRVWFFDWL,V,F,4,7,F,S,PRM_0363,-0.08868660972744916,V,F,363
GGGRMPVFDYVVL,M,F,5,8,Y,V,PRM_0250,0.12328669833801492,M,F,250
GGGRPPVGDYVVL,P,G,5,8,Y,V,PRM_0250,0.43131356232918205,P,G,250
GGGRHPVRDYVVL,H,R,5,8,Y,V,PRM_0250,0.30236490141738226,H,R,250
GGGRIPVGDYVVL,I,G,5,8,Y,V,PRM_0250,0.2969374064603063,I,G,250
GGGRIPVKDYVVL,I,K,5,8,Y,V,PRM_0250,0.31665490253857725,I,K,250
GGGRPPVVDYVVL,P,V,5,8,Y,V,PRM_0250,0.22863352068251558,P,V,250
GGGRHPVLDYVVL,H,L,5,8,Y,V,PRM_0250,0.23567696976731603,H,L,250
GGGRIPVNDYVVL,I,N,5,8,Y,V,PRM_0250,0.34573129785823153,I,N,250
GGGRIPVVDYVVL,I,V,5,8,Y,V,PRM_0250,0.11930576671613397,I,V,250
GGGRIPVTDYVVL,I,T,5,8,Y,V,PRM_0250,0.2808861429268341,I,T,250
GGGRPPVWDYVVL,P,W,5,8,Y,V,PRM_0250,0.05290596222671519,P,W,250
GGGRHPVEDYVVL,H,E,5,8,Y,V,PRM_0250,0.4162274941337185,H,E,250
GGGRPPVLDYVVL,P,L,5,8,Y,V,PRM_0250,0.166091593544027,P,L,250
GGGRHPVDDYVVL,H,D,5,8,Y,V,PRM_0250,0.285507302123901,H,D,250
GGGRIPV*DYVVL,I,*,5,8,Y,V,PRM_0250,0.676774855674202,I,*,250
GGGRIPVRDYVVL,I,R,5,8,Y,V,PRM_0250,0.2993269007228864,I,R,250
GGGRPPVFDYVVL,P,F,5,8,Y,V,PRM_0250,-0.008441449471087567,P,F,250
GGGRHPVGDYVVL,H,G,5,8,Y,V,PRM_0250,0.3519718651318502,H,G,250
GGGRIPVYDYVVL,I,Y,5,8,Y,V,PRM_0250,0.10098123221723636,I,Y,250
GGGRIPVSDYVVL,I,S,5,8,Y,V,PRM_0250,0.354098886913867,I,S,250
GGGRPPVMDYVVL,P,M,5,8,Y,V,PRM_0250,0.2324485067913362,P,M,250
GGGRIPVMDYVVL,I,M,5,8,Y,V,PRM_0250,0.2324549008881322,I,M,250
GGGRPPVIDYVVL,P,I,5,8,Y,V,PRM_0250,0.24242487681083488,P,I,250
GGGRHPVVDYVVL,H,V,5,8,Y,V,PRM_0250,0.25349771344478017,H,V,250
GGGRIPVIDYVVL,I,I,5,8,Y,V,PRM_0250,0.05866133328628966,I,I,250
GGGRPPVEDYVVL,P,E,5,8,Y,V,PRM_0250,0.47121431686126164,P,E,250
GGGRIPVWDYVVL,I,W,5,8,Y,V,PRM_0250,0.020109607501550743,I,W,250
GGGRIPVQDYVVL,I,Q,5,8,Y,V,PRM_0250,0.39448942736595455,I,Q,250
GGGRHPV*DYVVL,H,*,5,8,Y,V,PRM_0250,0.5569536063298084,H,*,250
GGGRIPVCDYVVL,I,C,5,8,Y,V,PRM_0250,0.2166617901477431,I,C,250
GGGRIPVHDYVVL,I,H,5,8,Y,V,PRM_0250,0.3000501823211991,I,H,250
GGGRPPVYDYVVL,P,Y,5,8,Y,V,PRM_0250,0.04296372294532526,P,Y,250
GGGRHPVYDYVVL,H,Y,5,8,Y,V,PRM_0250,0.11551510165317506,H,Y,250
GGGRIPVLDYVVL,I,L,5,8,Y,V,PRM_0250,0.14558680859224596,I,L,250
GGGRIPVPDYVVL,I,P,5,8,Y,V,PRM_0250,0.3219601123506338,I,P,250
GGGRHPVSDYVVL,H,S,5,8,Y,V,PRM_0250,0.17494951402072623,H,S,250
GGGRIPVFDYVVL,I,F,5,8,Y,V,PRM_0250,-0.024860228881426603,I,F,250
GGGRPPVCDYVVL,P,C,5,8,Y,V,PRM_0250,0.3383628984737875,P,C,250
SGR*WFKDWL,*,K,4,7,F,S,PRM_0363,0.7659963863254359,*,K,363
GGGRQPVKDYVVL,Q,K,5,8,Y,V,PRM_0250,0.3382126393077246,Q,K,250
GGGRHPVWDYVVL,H,W,5,8,Y,V,PRM_0250,-0.08132459716154143,H,W,250
SGR*WFNDWL,*,N,4,7,F,S,PRM_0363,0.7023461025423031,*,N,363
GGGRQPVRDYVVL,Q,R,5,8,Y,V,PRM_0250,0.33267912519158,Q,R,250
GGGRHPVCDYVVL,H,C,5,8,Y,V,PRM_0250,0.1812862844404291,H,C,250
SGR*WFTDWL,*,T,4,7,F,S,PRM_0363,0.7062224226976045,*,T,363
GGGRQPVSDYVVL,Q,S,5,8,Y,V,PRM_0250,0.33731977356696147,Q,S,250
GGGRQPVMDYVVL,Q,M,5,8,Y,V,PRM_0250,0.38726324399908135,Q,M,250
GGGRHPVFDYVVL,H,F,5,8,Y,V,PRM_0250,0.07582131294066669,H,F,250
SGR*WFRDWL,*,R,4,7,F,S,PRM_0363,0.6625354287206495,*,R,363
GGGRQPVIDYVVL,Q,I,5,8,Y,V,PRM_0250,0.24619920760937158,Q,I,250
GGGRIPVEDYVVL,I,E,5,8,Y,V,PRM_0250,0.3890747231596477,I,E,250
GGGRPPVSDYVVL,P,S,5,8,Y,V,PRM_0250,0.33230654685939276,P,S,250
SGR*WFSDWL,*,S,4,7,F,S,PRM_0363,0.6760026946678032,*,S,363
GGGRIPVDDYVVL,I,D,5,8,Y,V,PRM_0250,0.36033013374729017,I,D,250
SGR*WFMDWL,*,M,4,7,F,S,PRM_0363,0.6477392614798225,*,M,363
GGGRIPVADYVVL,I,A,5,8,Y,V,PRM_0250,0.3021406260412606,I,A,250
GGGRPPVDDYVVL,P,D,5,8,Y,V,PRM_0250,0.2959900315101927,P,D,250
SGR*WFIDWL,*,I,4,7,F,S,PRM_0363,0.7008363142441485,*,I,363
GGGRQPVEDYVVL,Q,E,5,8,Y,V,PRM_0250,0.46186738604271954,Q,E,250
SGR*WFWDWL,*,W,4,7,F,S,PRM_0363,0.6931979019247942,*,W,363
SGR*WFQDWL,*,Q,4,7,F,S,PRM_0363,0.6561581108577602,*,Q,363
SGRYWFTDWL,Y,T,4,7,F,S,PRM_0363,-0.14691347534657093,Y,T,363
GGGRQPVDDYVVL,Q,D,5,8,Y,V,PRM_0250,0.5598650883895862,Q,D,250
SGR*WFCDWL,*,C,4,7,F,S,PRM_0363,0.6818792622580061,*,C,363
SGR*WFHDWL,*,H,4,7,F,S,PRM_0363,0.7084990057121664,*,H,363
SGRYWFRDWL,Y,R,4,7,F,S,PRM_0363,-0.16860748123727395,Y,R,363
GGGRQPVGDYVVL,Q,G,5,8,Y,V,PRM_0250,0.4216882317372985,Q,G,250
SGR*WFLDWL,*,L,4,7,F,S,PRM_0363,0.6857761427356205,*,L,363
SGR*WFPDWL,*,P,4,7,F,S,PRM_0363,0.647579338708812,*,P,363
SGRYWFSDWL,Y,S,4,7,F,S,PRM_0363,-0.01505227784046293,Y,S,363
SGR*WFFDWL,*,F,4,7,F,S,PRM_0363,0.6657484817868281,*,F,363
SGRYWFMDWL,Y,M,4,7,F,S,PRM_0363,-0.14198747813527704,Y,M,363
GGGRQPVVDYVVL,Q,V,5,8,Y,V,PRM_0250,0.25850446337273536,Q,V,250
GGGRRPVHDYVVL,R,H,5,8,Y,V,PRM_0250,0.22539317771928563,R,H,250
SGRYWFKDWL,Y,K,4,7,F,S,PRM_0363,-0.05167701539571657,Y,K,363
SGRYWFIDWL,Y,I,4,7,F,S,PRM_0363,-0.08178924455192504,Y,I,363
SGRYWFNDWL,Y,N,4,7,F,S,PRM_0363,-0.023489393369278515,Y,N,363
SGRYWFQDWL,Y,Q,4,7,F,S,PRM_0363,-0.03239918350752014,Y,Q,363
GGGRQPV*DYVVL,Q,*,5,8,Y,V,PRM_0250,0.571640640750511,Q,*,250
SGRYWFLDWL,Y,L,4,7,F,S,PRM_0363,-0.1444137798394818,Y,L,363
SGRYWFVDWL,Y,V,4,7,F,S,PRM_0363,-0.10678291219565549,Y,V,363
SGRYWFHDWL,Y,H,4,7,F,S,PRM_0363,-0.15695795714625985,Y,H,363
GGGRQPVYDYVVL,Q,Y,5,8,Y,V,PRM_0250,0.21725199622991637,Q,Y,250
SGRYWFEDWL,Y,E,4,7,F,S,PRM_0363,0.13443599481024876,Y,E,363
SGR*WFDDWL,*,D,4,7,F,S,PRM_0363,0.7347861652208703,*,D,363
SGRYWFPDWL,Y,P,4,7,F,S,PRM_0363,-0.026785556186575722,Y,P,363
GGGRQPVWDYVVL,Q,W,5,8,Y,V,PRM_0250,0.16375900562391263,Q,W,250
SGRYWFDDWL,Y,D,4,7,F,S,PRM_0363,0.07211283692034862,Y,D,363
SGRYWF*DWL,Y,*,4,7,F,S,PRM_0363,0.11802949374873233,Y,*,363
SGR*WFADWL,*,A,4,7,F,S,PRM_0363,0.7568397001773275,*,A,363
SGR*WFEDWL,*,E,4,7,F,S,PRM_0363,0.6431630784693775,*,E,363
GGGRQPVCDYVVL,Q,C,5,8,Y,V,PRM_0250,0.3228762412458107,Q,C,250
SGRYWFADWL,Y,A,4,7,F,S,PRM_0363,-0.054364883761677016,Y,A,363
SGRYWFYDWL,Y,Y,4,7,F,S,PRM_0363,-0.06785931008501604,Y,Y,363
GGGRQPVLDYVVL,Q,L,5,8,Y,V,PRM_0250,0.2792316785623272,Q,L,250
SGR*WFGDWL,*,G,4,7,F,S,PRM_0363,0.7016102587768559,*,G,363
GGGRQPVFDYVVL,Q,F,5,8,Y,V,PRM_0250,0.22396959632293068,Q,F,250
SGRYWFGDWL,Y,G,4,7,F,S,PRM_0363,0.05389162846017809,Y,G,363
GGGRHPVTDYVVL,H,T,5,8,Y,V,PRM_0250,0.3279490136315079,H,T,250
GGGRHPVKDYVVL,H,K,5,8,Y,V,PRM_0250,0.44659880058604784,H,K,250
SGRYWFWDWL,Y,W,4,7,F,S,PRM_0363,-0.12792577790699083,Y,W,363
SGR*WFVDWL,*,V,4,7,F,S,PRM_0363,0.6773017148583287,*,V,363
GGGRHPVMDYVVL,H,M,5,8,Y,V,PRM_0250,0.24438846471523967,H,M,250
GGGRHPVNDYVVL,H,N,5,8,Y,V,PRM_0250,0.16490421874177702,H,N,250
SGRYWFFDWL,Y,F,4,7,F,S,PRM_0363,-0.23416732602204038,Y,F,363
SGRYWFCDWL,Y,C,4,7,F,S,PRM_0363,-0.03229408243917956,Y,C,363
GGGRHPVIDYVVL,H,I,5,8,Y,V,PRM_0250,0.12432164868773016,H,I,250
SGR*WF*DWL,*,*,4,7,F,S,PRM_0363,0.7537066125258556,*,*,363
GGGRHPVQDYVVL,H,Q,5,8,Y,V,PRM_0250,0.1544177423376186,H,Q,250
SGR*WFYDWL,*,Y,4,7,F,S,PRM_0363,0.6333132371991818,*,Y,363
GGGRHPVHDYVVL,H,H,5,8,Y,V,PRM_0250,0.18204816463089357,H,H,250
