aa_seq,deg1,deg2,pos1,pos2,max1,max2,family,med_norm,deg1_order,deg2_order,name,max,med_norm.max,higher
DKTLPP*P,T,*,3,7,P,L,PRM_0152,0.19064069034765588,T,*,152,FALSE,0.7613639068369705,FALSE
DKTLPPYP,T,Y,3,7,P,L,PRM_0152,0.3137989981826142,T,Y,152,FALSE,0.7613639068369705,FALSE
DKRLPPHP,R,H,3,7,P,L,PRM_0152,0.2829668495395767,R,H,152,FALSE,0.7613639068369705,FALSE
DKTLPPSP,T,S,3,7,P,L,PRM_0152,0.26963738524977365,T,S,152,FALSE,0.7613639068369705,FALSE
DKTLPPCP,T,C,3,7,P,L,PRM_0152,0.29968318248446224,T,C,152,FALSE,0.7613639068369705,FALSE
DKTLPPVP,T,V,3,7,P,L,PRM_0152,0.35797731948531497,T,V,152,FALSE,0.7613639068369705,FALSE
DKRLPPTP,R,T,3,7,P,L,PRM_0152,0.39163417238301657,R,T,152,FALSE,0.7613639068369705,FALSE
DKRLPPPP,R,P,3,7,P,L,PRM_0152,0.325086771790836,R,P,152,FALSE,0.7613639068369705,FALSE
DKTLPPLP,T,L,3,7,P,L,PRM_0152,0.4727789869978238,T,L,152,FALSE,0.7613639068369705,FALSE
DKTLPPWP,T,W,3,7,P,L,PRM_0152,0.03296220228808983,T,W,152,FALSE,0.7613639068369705,FALSE
DKRLPPRP,R,R,3,7,P,L,PRM_0152,0.3042544051941631,R,R,152,FALSE,0.7613639068369705,FALSE
DKTLPPNP,T,N,3,7,P,L,PRM_0152,0.22873252349771991,T,N,152,FALSE,0.7613639068369705,FALSE
DKTLPPFP,T,F,3,7,P,L,PRM_0152,0.20542295626564133,T,F,152,FALSE,0.7613639068369705,FALSE
DKRLPPIP,R,I,3,7,P,L,PRM_0152,0.4919433929927682,R,I,152,FALSE,0.7613639068369705,FALSE
DKRLPPSP,R,S,3,7,P,L,PRM_0152,0.2031538754076425,R,S,152,FALSE,0.7613639068369705,FALSE
DKRLPPLP,R,L,3,7,P,L,PRM_0152,0.4868009784462666,R,L,152,FALSE,0.7613639068369705,FALSE
DKTLPPTP,T,T,3,7,P,L,PRM_0152,0.4727789869978236,T,T,152,FALSE,0.7613639068369705,FALSE
DKTLPPKP,T,K,3,7,P,L,PRM_0152,0.3430308117630977,T,K,152,FALSE,0.7613639068369705,FALSE
DKRLPPQP,R,Q,3,7,P,L,PRM_0152,0.25992954362608145,R,Q,152,FALSE,0.7613639068369705,FALSE
DKRLPPMP,R,M,3,7,P,L,PRM_0152,0.30190988497317006,R,M,152,FALSE,0.7613639068369705,FALSE
DKRLPPEP,R,E,3,7,P,L,PRM_0152,0.2623742477197696,R,E,152,FALSE,0.7613639068369705,FALSE
DKTLPPRP,T,R,3,7,P,L,PRM_0152,0.3310965548444424,T,R,152,FALSE,0.7613639068369705,FALSE
RRASHESPWL,A,S,3,4,R,L,PRM_0385,0.9073251008535819,A,S,385,FALSE,0.9620320035959372,FALSE
DKTLPPGP,T,G,3,7,P,L,PRM_0152,0.23249819674643993,T,G,152,FALSE,0.7613639068369705,FALSE
DKRLPPDP,R,D,3,7,P,L,PRM_0152,0.15558059460525084,R,D,152,FALSE,0.7613639068369705,FALSE
DKRLPPAP,R,A,3,7,P,L,PRM_0152,0.24191669026788626,R,A,152,FALSE,0.7613639068369705,FALSE
RRAWHESPWL,A,W,3,4,R,L,PRM_0385,0.9103400637250454,A,W,385,FALSE,0.9620320035959372,FALSE
DKTLPPMP,T,M,3,7,P,L,PRM_0152,0.2209407276055817,T,M,152,FALSE,0.7613639068369705,FALSE
DKTLPPEP,T,E,3,7,P,L,PRM_0152,0.24596566984318557,T,E,152,FALSE,0.7613639068369705,FALSE
RRACHESPWL,A,C,3,4,R,L,PRM_0385,0.924547496879397,A,C,385,FALSE,0.9620320035959372,FALSE
DKRLPPGP,R,G,3,7,P,L,PRM_0152,0.21165288785119424,R,G,152,FALSE,0.7613639068369705,FALSE
DKTLPPIP,T,I,3,7,P,L,PRM_0152,0.479686125199325,T,I,152,FALSE,0.7613639068369705,FALSE
DKTLPPDP,T,D,3,7,P,L,PRM_0152,0.2767344051129297,T,D,152,FALSE,0.7613639068369705,FALSE
RRALHESPWL,A,L,3,4,R,L,PRM_0385,0.9700575065793353,A,L,385,FALSE,0.9620320035959372,TRUE
DKRLPPKP,R,K,3,7,P,L,PRM_0152,0.2902146317001646,R,K,152,FALSE,0.7613639068369705,FALSE
DKTLPPPP,T,P,3,7,P,L,PRM_0152,0.41124319550298094,T,P,152,FALSE,0.7613639068369705,FALSE
DKTLPPAP,T,A,3,7,P,L,PRM_0152,0.18939957515145667,T,A,152,FALSE,0.7613639068369705,FALSE
RRAFHESPWL,A,F,3,4,R,L,PRM_0385,0.8964531112098946,A,F,385,FALSE,0.9620320035959372,FALSE
DKRLPPVP,R,V,3,7,P,L,PRM_0152,0.39302898400649366,R,V,152,FALSE,0.7613639068369705,FALSE
DKRLPPNP,R,N,3,7,P,L,PRM_0152,0.1805804661649684,R,N,152,FALSE,0.7613639068369705,FALSE
RRAKHESPWL,A,K,3,4,R,L,PRM_0385,0.8482711698432472,A,K,385,FALSE,0.9620320035959372,FALSE
GGGRLPVTDYVVL,L,T,5,8,Y,V,PRM_0250,0.09627180853800123,L,T,250,FALSE,0.40823475510954577,FALSE
RRDRHESPWL,D,R,3,4,R,L,PRM_0385,0.8752526825568822,D,R,385,FALSE,0.9620320035959372,FALSE
SGRVWFYDWL,V,Y,4,7,F,S,PRM_0363,0.17079156136841667,V,Y,363,FALSE,0.7381315366280661,FALSE
RRANHESPWL,A,N,3,4,R,L,PRM_0385,0.8915453082974876,A,N,385,FALSE,0.9620320035959372,FALSE
GGGRPPVWDYVVL,P,W,5,8,Y,V,PRM_0250,0.08411240851930125,P,W,250,FALSE,0.40823475510954577,FALSE
DKRLPP*P,R,*,3,7,P,L,PRM_0152,0.07806515260556582,R,*,152,FALSE,0.7613639068369705,FALSE
RRDSHESPWL,D,S,3,4,R,L,PRM_0385,0.8853677516716331,D,S,385,FALSE,0.9620320035959372,FALSE
SGRVWFSDWL,V,S,4,7,F,S,PRM_0363,0.836494921225712,V,S,363,FALSE,0.7381315366280661,TRUE
RRATHESPWL,A,T,3,4,R,L,PRM_0385,0.9019149944303493,A,T,385,FALSE,0.9620320035959372,FALSE
GGGRPPVCDYVVL,P,C,5,8,Y,V,PRM_0250,0.23767245934639625,P,C,250,FALSE,0.40823475510954577,FALSE
DKRLPPYP,R,Y,3,7,P,L,PRM_0152,0.2280442359669649,R,Y,152,FALSE,0.7613639068369705,FALSE
GGGRLPVRDYVVL,L,R,5,8,Y,V,PRM_0250,0.06840206802529505,L,R,250,FALSE,0.40823475510954577,FALSE
RRDMHESPWL,D,M,3,4,R,L,PRM_0385,0.9738352811974536,D,M,385,FALSE,0.9620320035959372,TRUE
GGGRPPVFDYVVL,P,F,5,8,Y,V,PRM_0250,0.00838910726285988,P,F,250,FALSE,0.40823475510954577,FALSE
GGGRLPVSDYVVL,L,S,5,8,Y,V,PRM_0250,-5.5615058817449936e-5,L,S,250,FALSE,0.40823475510954577,FALSE
RRDIHESPWL,D,I,3,4,R,L,PRM_0385,0.9124307028967128,D,I,385,FALSE,0.9620320035959372,FALSE
SGRVWFWDWL,V,W,4,7,F,S,PRM_0363,0.36402236003010696,V,W,363,FALSE,0.7381315366280661,FALSE
RRARHESPWL,A,R,3,4,R,L,PRM_0385,0.867584705766886,A,R,385,FALSE,0.9620320035959372,FALSE
GGGRRPVKDYVVL,R,K,5,8,Y,V,PRM_0250,-0.02247295719813045,R,K,250,FALSE,0.40823475510954577,FALSE
GGGRLPVMDYVVL,L,M,5,8,Y,V,PRM_0250,-0.04647824113752904,L,M,250,FALSE,0.40823475510954577,FALSE
RRDQHESPWL,D,Q,3,4,R,L,PRM_0385,0.9224723204469484,D,Q,385,FALSE,0.9620320035959372,FALSE
SGRVWFCDWL,V,C,4,7,F,S,PRM_0363,0.2960632488672532,V,C,363,FALSE,0.7381315366280661,FALSE
GGGRRPVNDYVVL,R,N,5,8,Y,V,PRM_0250,0.08577829374744021,R,N,250,FALSE,0.40823475510954577,FALSE
DKRLPPWP,R,W,3,7,P,L,PRM_0152,0.18793821512321135,R,W,152,FALSE,0.7613639068369705,FALSE
GGGRLPVIDYVVL,L,I,5,8,Y,V,PRM_0250,0.2052384185277642,L,I,250,FALSE,0.40823475510954577,FALSE
RRDHHESPWL,D,H,3,4,R,L,PRM_0385,0.8693982384027649,D,H,385,FALSE,0.9620320035959372,FALSE
SGRVWFLDWL,V,L,4,7,F,S,PRM_0363,0.2050659567645151,V,L,363,FALSE,0.7381315366280661,FALSE
RRAMHESPWL,A,M,3,4,R,L,PRM_0385,0.948233643705258,A,M,385,FALSE,0.9620320035959372,FALSE
GGGRRPVTDYVVL,R,T,5,8,Y,V,PRM_0250,0.08555106307528573,R,T,250,FALSE,0.40823475510954577,FALSE
DKRLPPCP,R,C,3,7,P,L,PRM_0152,0.34639472242081776,R,C,152,FALSE,0.7613639068369705,FALSE
GGGRLPVQDYVVL,L,Q,5,8,Y,V,PRM_0250,0.21105120787599535,L,Q,250,FALSE,0.40823475510954577,FALSE
RRDPHESPWL,D,P,3,4,R,L,PRM_0385,0.9212893256208308,D,P,385,FALSE,0.9620320035959372,FALSE
SGRVWFFDWL,V,F,4,7,F,S,PRM_0363,0.3689074228901539,V,F,363,FALSE,0.7381315366280661,FALSE
RRAIHESPWL,A,I,3,4,R,L,PRM_0385,0.9104104413315584,A,I,385,FALSE,0.9620320035959372,FALSE
GGGRRPVRDYVVL,R,R,5,8,Y,V,PRM_0250,0.01456880554279418,R,R,250,FALSE,0.40823475510954577,FALSE
GGGRLPVHDYVVL,L,H,5,8,Y,V,PRM_0250,0.071428918330359,L,H,250,FALSE,0.40823475510954577,FALSE
SGRVWFKDWL,V,K,4,7,F,S,PRM_0363,0.12192875057195163,V,K,363,FALSE,0.7381315366280661,FALSE
RRAQHESPWL,A,Q,3,4,R,L,PRM_0385,0.913899101294097,A,Q,385,FALSE,0.9620320035959372,FALSE
GGGRRPVSDYVVL,R,S,5,8,Y,V,PRM_0250,0.04120102979642469,R,S,250,FALSE,0.40823475510954577,FALSE
DKRLPPFP,R,F,3,7,P,L,PRM_0152,0.2321168090880962,R,F,152,FALSE,0.7613639068369705,FALSE
SGRVWFNDWL,V,N,4,7,F,S,PRM_0363,0.16396163643641415,V,N,363,FALSE,0.7381315366280661,FALSE
RRAHHESPWL,A,H,3,4,R,L,PRM_0385,0.8905196114691649,A,H,385,FALSE,0.9620320035959372,FALSE
GGGRRPVMDYVVL,R,M,5,8,Y,V,PRM_0250,-0.10744160436859468,R,M,250,FALSE,0.40823475510954577,FALSE
DKSLPPKP,S,K,3,7,P,L,PRM_0152,0.36787424783426415,S,K,152,FALSE,0.7613639068369705,FALSE
SGRVWFTDWL,V,T,4,7,F,S,PRM_0363,0.8025953619041586,V,T,363,FALSE,0.7381315366280661,TRUE
RRAPHESPWL,A,P,3,4,R,L,PRM_0385,0.9489872336227863,A,P,385,FALSE,0.9620320035959372,FALSE
GGGRRPVIDYVVL,R,I,5,8,Y,V,PRM_0250,-0.01432754697780302,R,I,250,FALSE,0.40823475510954577,FALSE
DKSLPPNP,S,N,3,7,P,L,PRM_0152,0.2797497744258841,S,N,152,FALSE,0.7613639068369705,FALSE
GGGRLPVLDYVVL,L,L,5,8,Y,V,PRM_0250,-0.04780071649771248,L,L,250,FALSE,0.40823475510954577,FALSE
RRDLHESPWL,D,L,3,4,R,L,PRM_0385,0.966604519906812,D,L,385,FALSE,0.9620320035959372,TRUE
GGGRRPVQDYVVL,R,Q,5,8,Y,V,PRM_0250,0.12725497059509927,R,Q,250,FALSE,0.40823475510954577,FALSE
DKSLPPTP,S,T,3,7,P,L,PRM_0152,0.4177035403345646,S,T,152,FALSE,0.7613639068369705,FALSE
SGRVWFRDWL,V,R,4,7,F,S,PRM_0363,0.130306555393242,V,R,363,FALSE,0.7381315366280661,FALSE
GGGRRPVHDYVVL,R,H,5,8,Y,V,PRM_0250,0.20308906946786667,R,H,250,FALSE,0.40823475510954577,FALSE
GGGRLPVEDYVVL,L,E,5,8,Y,V,PRM_0250,0.0974103957141077,L,E,250,FALSE,0.40823475510954577,FALSE
RRDEHESPWL,D,E,3,4,R,L,PRM_0385,0.9069205090818324,D,E,385,FALSE,0.9620320035959372,FALSE
DKSLPPRP,S,R,3,7,P,L,PRM_0152,0.3624024793819613,S,R,152,FALSE,0.7613639068369705,FALSE
GGGRLPVDDYVVL,L,D,5,8,Y,V,PRM_0250,-0.06874360469088826,L,D,250,FALSE,0.40823475510954577,FALSE
RRDDHESPWL,D,D,3,4,R,L,PRM_0385,0.8841409305271473,D,D,385,FALSE,0.9620320035959372,FALSE
SGRVWFMDWL,V,M,4,7,F,S,PRM_0363,0.1528297736401238,V,M,363,FALSE,0.7381315366280661,FALSE
DKSLPPSP,S,S,3,7,P,L,PRM_0152,0.21105120787599552,S,S,152,FALSE,0.7613639068369705,FALSE
GGGRLPVADYVVL,L,A,5,8,Y,V,PRM_0250,0.19972965767942516,L,A,250,FALSE,0.40823475510954577,FALSE
RRDAHESPWL,D,A,3,4,R,L,PRM_0385,0.8982212191681058,D,A,385,FALSE,0.9620320035959372,FALSE
SGRVWFIDWL,V,I,4,7,F,S,PRM_0363,0.2858413284970106,V,I,363,FALSE,0.7381315366280661,FALSE
GGGRRPVLDYVVL,R,L,5,8,Y,V,PRM_0250,0.03917616337039329,R,L,250,FALSE,0.40823475510954577,FALSE
DKSLPPMP,S,M,3,7,P,L,PRM_0152,0.3222078036339337,S,M,152,FALSE,0.7613639068369705,FALSE
SGRVWFQDWL,V,Q,4,7,F,S,PRM_0363,0.2600236398604547,V,Q,363,FALSE,0.7381315366280661,FALSE
RRAEHESPWL,A,E,3,4,R,L,PRM_0385,0.9270635147599406,A,E,385,FALSE,0.9620320035959372,FALSE
DKSLPPIP,S,I,3,7,P,L,PRM_0152,0.5489001808747288,S,I,152,FALSE,0.7613639068369705,FALSE
GGGRLPVGDYVVL,L,G,5,8,Y,V,PRM_0250,-0.12224134457240307,L,G,250,FALSE,0.40823475510954577,FALSE
RRDGHESPWL,D,G,3,4,R,L,PRM_0385,0.9057424131877738,D,G,385,FALSE,0.9620320035959372,FALSE
SGRVWFHDWL,V,H,4,7,F,S,PRM_0363,0.25391397965779045,V,H,363,FALSE,0.7381315366280661,FALSE
RRADHESPWL,A,D,3,4,R,L,PRM_0385,0.9132925567616762,A,D,385,FALSE,0.9620320035959372,FALSE
GGGRRPVEDYVVL,R,E,5,8,Y,V,PRM_0250,-0.08824245673092171,R,E,250,FALSE,0.40823475510954577,FALSE
DKSLPPQP,S,Q,3,7,P,L,PRM_0152,0.3661028105750142,S,Q,152,FALSE,0.7613639068369705,FALSE
SGRVWFPDWL,V,P,4,7,F,S,PRM_0363,0.09519353429540718,V,P,363,FALSE,0.7381315366280661,FALSE
RRAAHESPWL,A,A,3,4,R,L,PRM_0385,0.8907365401248333,A,A,385,FALSE,0.9620320035959372,FALSE
GGGRRPVDDYVVL,R,D,5,8,Y,V,PRM_0250,-0.05325675465398451,R,D,250,FALSE,0.40823475510954577,FALSE
DKSLPPHP,S,H,3,7,P,L,PRM_0152,0.21899643370441635,S,H,152,FALSE,0.7613639068369705,FALSE
GGGRLPVVDYVVL,L,V,5,8,Y,V,PRM_0250,0.28689020886894667,L,V,250,FALSE,0.40823475510954577,FALSE
RRDVHESPWL,D,V,3,4,R,L,PRM_0385,0.941724820128655,D,V,385,FALSE,0.9620320035959372,FALSE
GGGRRPVADYVVL,R,A,5,8,Y,V,PRM_0250,0.08879803475411713,R,A,250,FALSE,0.40823475510954577,FALSE
DKSLPPPP,S,P,3,7,P,L,PRM_0152,0.20285302807190664,S,P,152,FALSE,0.7613639068369705,FALSE
RRAGHESPWL,A,G,3,4,R,L,PRM_0385,0.8967674186557939,A,G,385,FALSE,0.9620320035959372,FALSE
GGGRRPVGDYVVL,R,G,5,8,Y,V,PRM_0250,-0.10268870846163367,R,G,250,FALSE,0.40823475510954577,FALSE
GGGRLPV*DYVVL,L,*,5,8,Y,V,PRM_0250,-0.01513087709455183,L,*,250,FALSE,0.40823475510954577,FALSE
RRD*HESPWL,D,*,3,4,R,L,PRM_0385,0.4587686174349495,D,*,385,FALSE,0.9620320035959372,FALSE
GGGRLPVYDYVVL,L,Y,5,8,Y,V,PRM_0250,-0.11517618763456056,L,Y,250,FALSE,0.40823475510954577,FALSE
RRDYHESPWL,D,Y,3,4,R,L,PRM_0385,0.9224849915295898,D,Y,385,FALSE,0.9620320035959372,FALSE
RRAVHESPWL,A,V,3,4,R,L,PRM_0385,0.9261769145769748,A,V,385,FALSE,0.9620320035959372,FALSE
GGGRRPVVDYVVL,R,V,5,8,Y,V,PRM_0250,-0.07370611962586646,R,V,250,FALSE,0.40823475510954577,FALSE
DKSLPPLP,S,L,3,7,P,L,PRM_0152,0.5165032946300965,S,L,152,FALSE,0.7613639068369705,FALSE
SGRVWFEDWL,V,E,4,7,F,S,PRM_0363,0.2892598404819533,V,E,363,FALSE,0.7381315366280661,FALSE
RRA*HESPWL,A,*,3,4,R,L,PRM_0385,0.37573567731329804,A,*,385,FALSE,0.9620320035959372,FALSE
GGGRRPV*DYVVL,R,*,5,8,Y,V,PRM_0250,-0.07068838050948427,R,*,250,FALSE,0.40823475510954577,FALSE
DKSLPPEP,S,E,3,7,P,L,PRM_0152,0.29376060097415485,S,E,152,FALSE,0.7613639068369705,FALSE
GGGRLPVWDYVVL,L,W,5,8,Y,V,PRM_0250,-0.09031448244932512,L,W,250,FALSE,0.40823475510954577,FALSE
RRDWHESPWL,D,W,3,4,R,L,PRM_0385,0.9566336704536011,D,W,385,FALSE,0.9620320035959372,FALSE
SGRVWFDDWL,V,D,4,7,F,S,PRM_0363,0.3467508205787259,V,D,363,FALSE,0.7381315366280661,FALSE
RRAYHESPWL,A,Y,3,4,R,L,PRM_0385,0.9293089147730128,A,Y,385,FALSE,0.9620320035959372,FALSE
GGGRRPVYDYVVL,R,Y,5,8,Y,V,PRM_0250,-0.04358361895051162,R,Y,250,FALSE,0.40823475510954577,FALSE
DKSLPPDP,S,D,3,7,P,L,PRM_0152,0.258777647667019,S,D,152,FALSE,0.7613639068369705,FALSE
GGGRLPVCDYVVL,L,C,5,8,Y,V,PRM_0250,0.04562133708079573,L,C,250,FALSE,0.40823475510954577,FALSE
RRDCHESPWL,D,C,3,4,R,L,PRM_0385,0.8999734833871963,D,C,385,FALSE,0.9620320035959372,FALSE
SGRVWFADWL,V,A,4,7,F,S,PRM_0363,0.17598993565707485,V,A,363,FALSE,0.7381315366280661,FALSE
DKSLPPAP,S,A,3,7,P,L,PRM_0152,0.2889521968809368,S,A,152,FALSE,0.7613639068369705,FALSE
GGGRRPVWDYVVL,R,W,5,8,Y,V,PRM_0250,-0.10415152086553532,R,W,250,FALSE,0.40823475510954577,FALSE
GGGRLPVFDYVVL,L,F,5,8,Y,V,PRM_0250,-0.10031171895180452,L,F,250,FALSE,0.40823475510954577,FALSE
RRDFHESPWL,D,F,3,4,R,L,PRM_0385,0.9388863155180311,D,F,385,FALSE,0.9620320035959372,FALSE
SGRVWFGDWL,V,G,4,7,F,S,PRM_0363,0.3341399493817778,V,G,363,FALSE,0.7381315366280661,FALSE
GGGRRPVCDYVVL,R,C,5,8,Y,V,PRM_0250,-0.09337589866538867,R,C,250,FALSE,0.40823475510954577,FALSE
DKSLPPGP,S,G,3,7,P,L,PRM_0152,0.19546400900845146,S,G,152,FALSE,0.7613639068369705,FALSE
GGGRLPVKDYVVL,L,K,5,8,Y,V,PRM_0250,-0.00677351701743277,L,K,250,FALSE,0.40823475510954577,FALSE
GGGRLPVNDYVVL,L,N,5,8,Y,V,PRM_0250,-0.03442562432028522,L,N,250,FALSE,0.40823475510954577,FALSE
SGRVWFVDWL,V,V,4,7,F,S,PRM_0363,0.1984616234355873,V,V,363,FALSE,0.7381315366280661,FALSE
GGGRRPVFDYVVL,R,F,5,8,Y,V,PRM_0250,-0.12384664037641573,R,F,250,FALSE,0.40823475510954577,FALSE
DKSLPPVP,S,V,3,7,P,L,PRM_0152,0.40396136977858876,S,V,152,FALSE,0.7613639068369705,FALSE
SGRVWF*DWL,V,*,4,7,F,S,PRM_0363,0.05758241603414309,V,*,363,FALSE,0.7381315366280661,FALSE
RRGKHESPWL,G,K,3,4,R,L,PRM_0385,0.85729677414293,G,K,385,FALSE,0.9620320035959372,FALSE
DKSLPP*P,S,*,3,7,P,L,PRM_0152,0.18038698210458337,S,*,152,FALSE,0.7613639068369705,FALSE
RRGNHESPWL,G,N,3,4,R,L,PRM_0385,0.8887400581897993,G,N,385,FALSE,0.9620320035959372,FALSE
DKSLPPYP,S,Y,3,7,P,L,PRM_0152,0.2574411424038981,S,Y,152,FALSE,0.7613639068369705,FALSE
RRGTHESPWL,G,T,3,4,R,L,PRM_0385,0.8650086554351398,G,T,385,FALSE,0.9620320035959372,FALSE
RRGRHESPWL,G,R,3,4,R,L,PRM_0385,0.8646831826944579,G,R,385,FALSE,0.9620320035959372,FALSE
DKSLPPWP,S,W,3,7,P,L,PRM_0152,0.17098988414453614,S,W,152,FALSE,0.7613639068369705,FALSE
RRGSHESPWL,G,S,3,4,R,L,PRM_0385,0.8813561703759663,G,S,385,FALSE,0.9620320035959372,FALSE
DKSLPPCP,S,C,3,7,P,L,PRM_0152,0.3305518152330031,S,C,152,FALSE,0.7613639068369705,FALSE
RRGMHESPWL,G,M,3,4,R,L,PRM_0385,0.9311070837065186,G,M,385,FALSE,0.9620320035959372,FALSE
GGGRLPVPDYVVL,L,P,5,8,Y,V,PRM_0250,0.31624338324866363,L,P,250,FALSE,0.40823475510954577,FALSE
RRGIHESPWL,G,I,3,4,R,L,PRM_0385,0.8999958063529321,G,I,385,FALSE,0.9620320035959372,FALSE
DKSLPPFP,S,F,3,7,P,L,PRM_0152,0.20109194983809253,S,F,152,FALSE,0.7613639068369705,FALSE
SGR*WFKDWL,*,K,4,7,F,S,PRM_0363,0.14329451862170253,*,K,363,FALSE,0.7381315366280661,FALSE
RRGQHESPWL,G,Q,3,4,R,L,PRM_0385,0.9345624309252627,G,Q,385,FALSE,0.9620320035959372,FALSE
DKMLPPKP,M,K,3,7,P,L,PRM_0152,0.3335028879355162,M,K,152,FALSE,0.7613639068369705,FALSE
SGR*WFNDWL,*,N,4,7,F,S,PRM_0363,0.28612036122026296,*,N,363,FALSE,0.7381315366280661,FALSE
RRGHHESPWL,G,H,3,4,R,L,PRM_0385,0.8785301720997686,G,H,385,FALSE,0.9620320035959372,FALSE
DKMLPPNP,M,N,3,7,P,L,PRM_0152,0.2983206814708925,M,N,152,FALSE,0.7613639068369705,FALSE
SGR*WFTDWL,*,T,4,7,F,S,PRM_0363,0.22197604806247562,*,T,363,FALSE,0.7381315366280661,FALSE
RRGPHESPWL,G,P,3,4,R,L,PRM_0385,0.8868981636545672,G,P,385,FALSE,0.9620320035959372,FALSE
DKMLPPTP,M,T,3,7,P,L,PRM_0152,0.4653648028326125,M,T,152,FALSE,0.7613639068369705,FALSE
SGR*WFRDWL,*,R,4,7,F,S,PRM_0363,0.1496467868396267,*,R,363,FALSE,0.7381315366280661,FALSE
DKMLPPRP,M,R,3,7,P,L,PRM_0152,0.3504743693662776,M,R,152,FALSE,0.7613639068369705,FALSE
SGR*WFSDWL,*,S,4,7,F,S,PRM_0363,0.10587396824797406,*,S,363,FALSE,0.7381315366280661,FALSE
DKMLPPSP,M,S,3,7,P,L,PRM_0152,0.30480995366957053,M,S,152,FALSE,0.7613639068369705,FALSE
SGR*WFMDWL,*,M,4,7,F,S,PRM_0363,0.08015995443731533,*,M,363,FALSE,0.7381315366280661,FALSE
RRGLHESPWL,G,L,3,4,R,L,PRM_0385,0.9574644155080804,G,L,385,FALSE,0.9620320035959372,FALSE
DKMLPPMP,M,M,3,7,P,L,PRM_0152,0.36645488441996327,M,M,152,FALSE,0.7613639068369705,FALSE
SGR*WFIDWL,*,I,4,7,F,S,PRM_0363,0.2479304187649279,*,I,363,FALSE,0.7381315366280661,FALSE
DKMLPPIP,M,I,3,7,P,L,PRM_0152,0.5511864897037478,M,I,152,FALSE,0.7613639068369705,FALSE
SGR*WFQDWL,*,Q,4,7,F,S,PRM_0363,0.2863852351753696,*,Q,363,FALSE,0.7381315366280661,FALSE
RRGEHESPWL,G,E,3,4,R,L,PRM_0385,0.9088654395242353,G,E,385,FALSE,0.9620320035959372,FALSE
DKMLPPQP,M,Q,3,7,P,L,PRM_0152,0.3705477532114585,M,Q,152,FALSE,0.7613639068369705,FALSE
SGR*WFHDWL,*,H,4,7,F,S,PRM_0363,0.09787559621546814,*,H,363,FALSE,0.7381315366280661,FALSE
RRGDHESPWL,G,D,3,4,R,L,PRM_0385,0.8899037832757151,G,D,385,FALSE,0.9620320035959372,FALSE
DKMLPPHP,M,H,3,7,P,L,PRM_0152,0.35110052789762486,M,H,152,FALSE,0.7613639068369705,FALSE
SGR*WFPDWL,*,P,4,7,F,S,PRM_0363,0.13775289900953042,*,P,363,FALSE,0.7381315366280661,FALSE
RRGAHESPWL,G,A,3,4,R,L,PRM_0385,0.8819771972360526,G,A,385,FALSE,0.9620320035959372,FALSE
RRGGHESPWL,G,G,3,4,R,L,PRM_0385,0.8860244997270679,G,G,385,FALSE,0.9620320035959372,FALSE
DKMLPPLP,M,L,3,7,P,L,PRM_0152,0.501162144728162,M,L,152,FALSE,0.7613639068369705,FALSE
SGR*WFLDWL,*,L,4,7,F,S,PRM_0363,0.13353782189189842,*,L,363,FALSE,0.7381315366280661,FALSE
RRGVHESPWL,G,V,3,4,R,L,PRM_0385,0.9122604092879774,G,V,385,FALSE,0.9620320035959372,FALSE
DKMLPPEP,M,E,3,7,P,L,PRM_0152,0.29583180454657465,M,E,152,FALSE,0.7613639068369705,FALSE
RRTAHESPWL,T,A,3,4,R,L,PRM_0385,0.9117977513497149,T,A,385,FALSE,0.9620320035959372,FALSE
DKMLPPDP,M,D,3,7,P,L,PRM_0152,0.3886218919560314,M,D,152,FALSE,0.7613639068369705,FALSE
RRTGHESPWL,T,G,3,4,R,L,PRM_0385,0.888706089122842,T,G,385,FALSE,0.9620320035959372,FALSE
SGR*WFEDWL,*,E,4,7,F,S,PRM_0363,0.32809303325759104,*,E,363,FALSE,0.7381315366280661,FALSE
RRG*HESPWL,G,*,3,4,R,L,PRM_0385,0.368238554648069,G,*,385,FALSE,0.9620320035959372,FALSE
DKMLPPAP,M,A,3,7,P,L,PRM_0152,0.3023825359994937,M,A,152,FALSE,0.7613639068369705,FALSE
GGGREPVKDYVVL,E,K,5,8,Y,V,PRM_0250,-0.02142433743558757,E,K,250,FALSE,0.40823475510954577,FALSE
SGR*WFDDWL,*,D,4,7,F,S,PRM_0363,0.1636966850591,*,D,363,FALSE,0.7381315366280661,FALSE
RRGYHESPWL,G,Y,3,4,R,L,PRM_0385,0.9295648346903178,G,Y,385,FALSE,0.9620320035959372,FALSE
GGGREPVNDYVVL,E,N,5,8,Y,V,PRM_0250,-0.065409502640802,E,N,250,FALSE,0.40823475510954577,FALSE
RRTVHESPWL,T,V,3,4,R,L,PRM_0385,0.9044271415872795,T,V,385,FALSE,0.9620320035959372,FALSE
SGR*WFADWL,*,A,4,7,F,S,PRM_0363,0.17670477815240637,*,A,363,FALSE,0.7381315366280661,FALSE
DKMLPPGP,M,G,3,7,P,L,PRM_0152,0.13403269466681195,M,G,152,FALSE,0.7613639068369705,FALSE
GGGREPVTDYVVL,E,T,5,8,Y,V,PRM_0250,0.11969965354138007,E,T,250,FALSE,0.40823475510954577,FALSE
RRT*HESPWL,T,*,3,4,R,L,PRM_0385,0.41154674389591206,T,*,385,FALSE,0.9620320035959372,FALSE
SGR*WFGDWL,*,G,4,7,F,S,PRM_0363,0.2192067408438631,*,G,363,FALSE,0.7381315366280661,FALSE
RRGWHESPWL,G,W,3,4,R,L,PRM_0385,0.9248927347130016,G,W,385,FALSE,0.9620320035959372,FALSE
DKMLPPVP,M,V,3,7,P,L,PRM_0152,0.4172362639252519,M,V,152,FALSE,0.7613639068369705,FALSE
GGGREPVRDYVVL,E,R,5,8,Y,V,PRM_0250,-0.01129846751153798,E,R,250,FALSE,0.40823475510954577,FALSE
RRTYHESPWL,T,Y,3,4,R,L,PRM_0385,0.8950955987515123,T,Y,385,FALSE,0.9620320035959372,FALSE
RRGCHESPWL,G,C,3,4,R,L,PRM_0385,0.9049833556615622,G,C,385,FALSE,0.9620320035959372,FALSE
SGRSWFADWL,S,A,4,7,F,S,PRM_0363,0.22678169962083494,S,A,363,FALSE,0.7381315366280661,FALSE
GGGREPVSDYVVL,E,S,5,8,Y,V,PRM_0250,0.03392294020270715,E,S,250,FALSE,0.40823475510954577,FALSE
RRTSHESPWL,T,S,3,4,R,L,PRM_0385,0.8962551487547441,T,S,385,FALSE,0.9620320035959372,FALSE
SGR*WFVDWL,*,V,4,7,F,S,PRM_0363,0.12591525816171995,*,V,363,FALSE,0.7381315366280661,FALSE
DKMLPP*P,M,*,3,7,P,L,PRM_0152,0.08156056205627718,M,*,152,FALSE,0.7613639068369705,FALSE
GGGREPVMDYVVL,E,M,5,8,Y,V,PRM_0250,-0.03167028246101276,E,M,250,FALSE,0.40823475510954577,FALSE
RRGFHESPWL,G,F,3,4,R,L,PRM_0385,0.9081706156104605,G,F,385,FALSE,0.9620320035959372,FALSE
SGRSWFGDWL,S,G,4,7,F,S,PRM_0363,0.2484132075272078,S,G,363,FALSE,0.7381315366280661,FALSE
DKMLPPYP,M,Y,3,7,P,L,PRM_0152,0.09338086522525392,M,Y,152,FALSE,0.7613639068369705,FALSE
GGGREPVIDYVVL,E,I,5,8,Y,V,PRM_0250,-0.03639495740818073,E,I,250,FALSE,0.40823475510954577,FALSE
RRTWHESPWL,T,W,3,4,R,L,PRM_0385,0.9218557638104825,T,W,385,FALSE,0.9620320035959372,FALSE
SGR*WF*DWL,*,*,4,7,F,S,PRM_0363,0.10307515718438008,*,*,363,FALSE,0.7381315366280661,FALSE
GGGREPVQDYVVL,E,Q,5,8,Y,V,PRM_0250,0.071428918330359,E,Q,250,FALSE,0.40823475510954577,FALSE
RRTCHESPWL,T,C,3,4,R,L,PRM_0385,0.9138574974331513,T,C,385,FALSE,0.9620320035959372,FALSE
SGR*WFYDWL,*,Y,4,7,F,S,PRM_0363,0.17072819895726615,*,Y,363,FALSE,0.7381315366280661,FALSE
SGRSWFVDWL,S,V,4,7,F,S,PRM_0363,0.24708142595234897,S,V,363,FALSE,0.7381315366280661,FALSE
GGGREPVHDYVVL,E,H,5,8,Y,V,PRM_0250,0.09338086522525368,E,H,250,FALSE,0.40823475510954577,FALSE
RRTLHESPWL,T,L,3,4,R,L,PRM_0385,0.98248028726953,T,L,385,FALSE,0.9620320035959372,TRUE
DKMLPPWP,M,W,3,7,P,L,PRM_0152,0.17640571060389698,M,W,152,FALSE,0.7613639068369705,FALSE
RRTFHESPWL,T,F,3,4,R,L,PRM_0385,0.9168779096908213,T,F,385,FALSE,0.9620320035959372,FALSE
SGRSWF*DWL,S,*,4,7,F,S,PRM_0363,0.1810703223990006,S,*,363,FALSE,0.7381315366280661,FALSE
DKMLPPCP,M,C,3,7,P,L,PRM_0152,0.35969639689262917,M,C,152,FALSE,0.7613639068369705,FALSE
RRRKHESPWL,R,K,3,4,R,L,PRM_0385,0.8525760386462901,R,K,385,FALSE,0.9620320035959372,FALSE
SGR*WFWDWL,*,W,4,7,F,S,PRM_0363,0.16407864354777535,*,W,363,FALSE,0.7381315366280661,FALSE
SGRSWFYDWL,S,Y,4,7,F,S,PRM_0363,0.21488667555921448,S,Y,363,FALSE,0.7381315366280661,FALSE
GGGREPVLDYVVL,E,L,5,8,Y,V,PRM_0250,-0.05375933354160867,E,L,250,FALSE,0.40823475510954577,FALSE
RRRNHESPWL,R,N,3,4,R,L,PRM_0385,0.8454853528914669,R,N,385,FALSE,0.9620320035959372,FALSE
SGR*WFCDWL,*,C,4,7,F,S,PRM_0363,0.0895415640942943,*,C,363,FALSE,0.7381315366280661,FALSE
SGRSWFSDWL,S,S,4,7,F,S,PRM_0363,0.7889733798284503,S,S,363,FALSE,0.7381315366280661,TRUE
DKMLPPFP,M,F,3,7,P,L,PRM_0152,0.2682191878338378,M,F,152,FALSE,0.7613639068369705,FALSE
RRRTHESPWL,R,T,3,4,R,L,PRM_0385,0.8611951010578789,R,T,385,FALSE,0.9620320035959372,FALSE
DKILPPKP,I,K,3,7,P,L,PRM_0152,0.33034350157300946,I,K,152,FALSE,0.7613639068369705,FALSE
GGGREPVEDYVVL,E,E,5,8,Y,V,PRM_0250,0.00422353911455827,E,E,250,FALSE,0.40823475510954577,FALSE
SGR*WFFDWL,*,F,4,7,F,S,PRM_0363,0.2077839510647796,*,F,363,FALSE,0.7381315366280661,FALSE
SGRSWFWDWL,S,W,4,7,F,S,PRM_0363,0.31622770346428214,S,W,363,FALSE,0.7381315366280661,FALSE
DKILPPNP,I,N,3,7,P,L,PRM_0152,0.2932736019831014,I,N,152,FALSE,0.7613639068369705,FALSE
GGGREPVDDYVVL,E,D,5,8,Y,V,PRM_0250,-0.08508625445763197,E,D,250,FALSE,0.40823475510954577,FALSE
RRRRHESPWL,R,R,3,4,R,L,PRM_0385,0.810081644403123,R,R,385,FALSE,0.9620320035959372,FALSE
SGRYWFKDWL,Y,K,4,7,F,S,PRM_0363,0.2873043660338421,Y,K,363,FALSE,0.7381315366280661,FALSE
SGRSWFCDWL,S,C,4,7,F,S,PRM_0363,0.3098965940640436,S,C,363,FALSE,0.7381315366280661,FALSE
DKILPPTP,I,T,3,7,P,L,PRM_0152,0.33254384419750127,I,T,152,FALSE,0.7613639068369705,FALSE
GGGREPVADYVVL,E,A,5,8,Y,V,PRM_0250,0.07554607898994248,E,A,250,FALSE,0.40823475510954577,FALSE
RRRSHESPWL,R,S,3,4,R,L,PRM_0385,0.8725826352947723,R,S,385,FALSE,0.9620320035959372,FALSE
SGRYWFNDWL,Y,N,4,7,F,S,PRM_0363,0.07192779620447669,Y,N,363,FALSE,0.7381315366280661,FALSE
SGRSWFLDWL,S,L,4,7,F,S,PRM_0363,0.2125990870413224,S,L,363,FALSE,0.7381315366280661,FALSE
RRRMHESPWL,R,M,3,4,R,L,PRM_0385,0.927247072062869,R,M,385,FALSE,0.9620320035959372,FALSE
SGRYWFTDWL,Y,T,4,7,F,S,PRM_0363,0.7626596013199987,Y,T,363,FALSE,0.7381315366280661,TRUE
SGRSWFFDWL,S,F,4,7,F,S,PRM_0363,0.3705477532114585,S,F,363,FALSE,0.7381315366280661,FALSE
DKILPPRP,I,R,3,7,P,L,PRM_0152,0.3133419689927735,I,R,152,FALSE,0.7613639068369705,FALSE
GGGREPVGDYVVL,E,G,5,8,Y,V,PRM_0250,-0.12136546669864373,E,G,250,FALSE,0.40823475510954577,FALSE
RRRIHESPWL,R,I,3,4,R,L,PRM_0385,0.901514038706654,R,I,385,FALSE,0.9620320035959372,FALSE
SGRSWFKDWL,S,K,4,7,F,S,PRM_0363,0.16600833980912863,S,K,363,FALSE,0.7381315366280661,FALSE
DKILPPSP,I,S,3,7,P,L,PRM_0152,0.28546290347499764,I,S,152,FALSE,0.7613639068369705,FALSE
RRRQHESPWL,R,Q,3,4,R,L,PRM_0385,0.8886811139619955,R,Q,385,FALSE,0.9620320035959372,FALSE
SGRYWFRDWL,Y,R,4,7,F,S,PRM_0363,-0.00962731400802902,Y,R,363,FALSE,0.7381315366280661,FALSE
SGRSWFNDWL,S,N,4,7,F,S,PRM_0363,0.21454538656326855,S,N,363,FALSE,0.7381315366280661,FALSE
DKILPPMP,I,M,3,7,P,L,PRM_0152,0.29950554774083216,I,M,152,FALSE,0.7613639068369705,FALSE
GGGREPVVDYVVL,E,V,5,8,Y,V,PRM_0250,-0.12348550042175634,E,V,250,FALSE,0.40823475510954577,FALSE
RRRHHESPWL,R,H,3,4,R,L,PRM_0385,0.8563972790902579,R,H,385,FALSE,0.9620320035959372,FALSE
SGRYWFSDWL,Y,S,4,7,F,S,PRM_0363,0.7620758400327728,Y,S,363,FALSE,0.7381315366280661,TRUE
SGRSWFTDWL,S,T,4,7,F,S,PRM_0363,0.7480714642246279,S,T,363,FALSE,0.7381315366280661,TRUE
DKILPPIP,I,I,3,7,P,L,PRM_0152,0.4262823682013219,I,I,152,FALSE,0.7613639068369705,FALSE
RRRPHESPWL,R,P,3,4,R,L,PRM_0385,0.874414613126224,R,P,385,FALSE,0.9620320035959372,FALSE
SGRYWFMDWL,Y,M,4,7,F,S,PRM_0363,0.09429708238277829,Y,M,363,FALSE,0.7381315366280661,FALSE
DKILPPQP,I,Q,3,7,P,L,PRM_0152,0.42788608187330057,I,Q,152,FALSE,0.7613639068369705,FALSE
GGGREPV*DYVVL,E,*,5,8,Y,V,PRM_0250,0.01265458327318545,E,*,250,FALSE,0.40823475510954577,FALSE
SGRYWFIDWL,Y,I,4,7,F,S,PRM_0363,0.1140199866753944,Y,I,363,FALSE,0.7381315366280661,FALSE
SGRSWFRDWL,S,R,4,7,F,S,PRM_0363,0.07990789826601917,S,R,363,FALSE,0.7381315366280661,FALSE
DKILPPHP,I,H,3,7,P,L,PRM_0152,0.33603408797169776,I,H,152,FALSE,0.7613639068369705,FALSE
GGGREPVYDYVVL,E,Y,5,8,Y,V,PRM_0250,-0.02770512202788903,E,Y,250,FALSE,0.40823475510954577,FALSE
SGRYWFQDWL,Y,Q,4,7,F,S,PRM_0363,0.05699563249788798,Y,Q,363,FALSE,0.7381315366280661,FALSE
SGRYWFHDWL,Y,H,4,7,F,S,PRM_0363,0.12732130569189645,Y,H,363,FALSE,0.7381315366280661,FALSE
SGRSWFMDWL,S,M,4,7,F,S,PRM_0363,0.19664155956090315,S,M,363,FALSE,0.7381315366280661,FALSE
RRRLHESPWL,R,L,3,4,R,L,PRM_0385,0.9620320035959372,R,L,385,TRUE,0.9620320035959372,TRUE
SGRYWFPDWL,Y,P,4,7,F,S,PRM_0363,0.14650184404822905,Y,P,363,FALSE,0.7381315366280661,FALSE
SGRSWFIDWL,S,I,4,7,F,S,PRM_0363,0.1013003003735363,S,I,363,FALSE,0.7381315366280661,FALSE
DKILPPLP,I,L,3,7,P,L,PRM_0152,0.42360302352415624,I,L,152,FALSE,0.7613639068369705,FALSE
GGGREPVWDYVVL,E,W,5,8,Y,V,PRM_0250,-0.00224278523981225,E,W,250,FALSE,0.40823475510954577,FALSE
SGRSWFQDWL,S,Q,4,7,F,S,PRM_0363,0.0932777094241016,S,Q,363,FALSE,0.7381315366280661,FALSE
GGGREPVCDYVVL,E,C,5,8,Y,V,PRM_0250,-0.16159048015222352,E,C,250,FALSE,0.40823475510954577,FALSE
RRREHESPWL,R,E,3,4,R,L,PRM_0385,0.88864710296989,R,E,385,FALSE,0.9620320035959372,FALSE
SGRSWFHDWL,S,H,4,7,F,S,PRM_0363,0.09134316897847716,S,H,363,FALSE,0.7381315366280661,FALSE
DKILPPEP,I,E,3,7,P,L,PRM_0152,0.22902428983428183,I,E,152,FALSE,0.7613639068369705,FALSE
RRRDHESPWL,R,D,3,4,R,L,PRM_0385,0.8561925155730477,R,D,385,FALSE,0.9620320035959372,FALSE
SGRSWFPDWL,S,P,4,7,F,S,PRM_0363,0.1622619788039067,S,P,363,FALSE,0.7381315366280661,FALSE
DKILPPDP,I,D,3,7,P,L,PRM_0152,0.2682191878338378,I,D,152,FALSE,0.7613639068369705,FALSE
GGGREPVFDYVVL,E,F,5,8,Y,V,PRM_0250,0.00217763875185613,E,F,250,FALSE,0.40823475510954577,FALSE
RRRAHESPWL,R,A,3,4,R,L,PRM_0385,0.8895892295579428,R,A,385,FALSE,0.9620320035959372,FALSE
SGRYWFLDWL,Y,L,4,7,F,S,PRM_0363,0.1392958347053229,Y,L,363,FALSE,0.7381315366280661,FALSE
DKILPPAP,I,A,3,7,P,L,PRM_0152,0.23497307258736613,I,A,152,FALSE,0.7613639068369705,FALSE
GGGRDPVKDYVVL,D,K,5,8,Y,V,PRM_0250,0.05295971819344284,D,K,250,FALSE,0.40823475510954577,FALSE
GGGRDPVNDYVVL,D,N,5,8,Y,V,PRM_0250,-0.07748544700854701,D,N,250,FALSE,0.40823475510954577,FALSE
RRRGHESPWL,R,G,3,4,R,L,PRM_0385,0.8747935953584989,R,G,385,FALSE,0.9620320035959372,FALSE
SGRYWFEDWL,Y,E,4,7,F,S,PRM_0363,0.2846738118678933,Y,E,363,FALSE,0.7381315366280661,FALSE
DKILPPGP,I,G,3,7,P,L,PRM_0152,0.1910980981573414,I,G,152,FALSE,0.7613639068369705,FALSE
GGGRDPVTDYVVL,D,T,5,8,Y,V,PRM_0250,0.1419658843282951,D,T,250,FALSE,0.40823475510954577,FALSE
SGRYWFDDWL,Y,D,4,7,F,S,PRM_0363,0.2280442359669649,Y,D,363,FALSE,0.7381315366280661,FALSE
RRRVHESPWL,R,V,3,4,R,L,PRM_0385,0.8978802999143043,R,V,385,FALSE,0.9620320035959372,FALSE
SGRYWFADWL,Y,A,4,7,F,S,PRM_0363,0.12247566181210037,Y,A,363,FALSE,0.7381315366280661,FALSE
DKILPPVP,I,V,3,7,P,L,PRM_0152,0.3483374313367167,I,V,152,FALSE,0.7613639068369705,FALSE
GGGRDPVRDYVVL,D,R,5,8,Y,V,PRM_0250,-0.07427802184188993,D,R,250,FALSE,0.40823475510954577,FALSE
SGRSWFEDWL,S,E,4,7,F,S,PRM_0363,0.28612036122026296,S,E,363,FALSE,0.7381315366280661,FALSE
GGGRDPVSDYVVL,D,S,5,8,Y,V,PRM_0250,-0.08402102210828924,D,S,250,FALSE,0.40823475510954577,FALSE
RRR*HESPWL,R,*,3,4,R,L,PRM_0385,0.3371573906736685,R,*,385,FALSE,0.9620320035959372,FALSE
SGRYWFGDWL,Y,G,4,7,F,S,PRM_0363,0.24101366269255853,Y,G,363,FALSE,0.7381315366280661,FALSE
SGRSWFDDWL,S,D,4,7,F,S,PRM_0363,0.2966023455641761,S,D,363,FALSE,0.7381315366280661,FALSE
DKILPP*P,I,*,3,7,P,L,PRM_0152,0.21591295750812936,I,*,152,FALSE,0.7613639068369705,FALSE
GGGRDPVMDYVVL,D,M,5,8,Y,V,PRM_0250,0.06100520970070491,D,M,250,FALSE,0.40823475510954577,FALSE
RRRYHESPWL,R,Y,3,4,R,L,PRM_0385,0.88197010879693,R,Y,385,FALSE,0.9620320035959372,FALSE
DKILPPYP,I,Y,3,7,P,L,PRM_0152,0.2624115375221113,I,Y,152,FALSE,0.7613639068369705,FALSE
GGGRDPVIDYVVL,D,I,5,8,Y,V,PRM_0250,-0.08458935746399861,D,I,250,FALSE,0.40823475510954577,FALSE
SGRYWFVDWL,Y,V,4,7,F,S,PRM_0363,0.1215484200282329,Y,V,363,FALSE,0.7381315366280661,FALSE
GGGRDPVQDYVVL,D,Q,5,8,Y,V,PRM_0250,0.03698382323423658,D,Q,250,FALSE,0.40823475510954577,FALSE
GGGRDPVHDYVVL,D,H,5,8,Y,V,PRM_0250,-0.02633764020987889,D,H,250,FALSE,0.40823475510954577,FALSE
RRRWHESPWL,R,W,3,4,R,L,PRM_0385,0.9034207576945386,R,W,385,FALSE,0.9620320035959372,FALSE
SGRYWF*DWL,Y,*,4,7,F,S,PRM_0363,0.219948738253388,Y,*,363,FALSE,0.7381315366280661,FALSE
RRVKHESPWL,V,K,3,4,R,L,PRM_0385,0.8778964192964964,V,K,385,FALSE,0.9620320035959372,FALSE
DKILPPWP,I,W,3,7,P,L,PRM_0152,0.2119873204543734,I,W,152,FALSE,0.7613639068369705,FALSE
GGGRDPVPDYVVL,D,P,5,8,Y,V,PRM_0250,0.14288714948599388,D,P,250,FALSE,0.40823475510954577,FALSE
RRRCHESPWL,R,C,3,4,R,L,PRM_0385,0.8913440087464066,R,C,385,FALSE,0.9620320035959372,FALSE
SGRYWFYDWL,Y,Y,4,7,F,S,PRM_0363,0.1913393174954678,Y,Y,363,FALSE,0.7381315366280661,FALSE
RRVNHESPWL,V,N,3,4,R,L,PRM_0385,0.897738309541919,V,N,385,FALSE,0.9620320035959372,FALSE
DKILPPCP,I,C,3,7,P,L,PRM_0152,0.2624115375221113,I,C,152,FALSE,0.7613639068369705,FALSE
RRVTHESPWL,V,T,3,4,R,L,PRM_0385,0.910303642142079,V,T,385,FALSE,0.9620320035959372,FALSE
RRRFHESPWL,R,F,3,4,R,L,PRM_0385,0.9091381361865438,R,F,385,FALSE,0.9620320035959372,FALSE
DKILPPFP,I,F,3,7,P,L,PRM_0152,0.02559873612113243,I,F,152,FALSE,0.7613639068369705,FALSE
RRSKHESPWL,S,K,3,4,R,L,PRM_0385,0.8521364930961223,S,K,385,FALSE,0.9620320035959372,FALSE
SGRYWFWDWL,Y,W,4,7,F,S,PRM_0363,0.36094291945132834,Y,W,363,FALSE,0.7381315366280661,FALSE
RRVRHESPWL,V,R,3,4,R,L,PRM_0385,0.8763795298542529,V,R,385,FALSE,0.9620320035959372,FALSE
DKQLPPNP,Q,N,3,7,P,L,PRM_0152,0.28904865027569926,Q,N,152,FALSE,0.7613639068369705,FALSE
GGGRDPVLDYVVL,D,L,5,8,Y,V,PRM_0250,-0.01352040055164189,D,L,250,FALSE,0.40823475510954577,FALSE
RRSNHESPWL,S,N,3,4,R,L,PRM_0385,0.8703212554367674,S,N,385,FALSE,0.9620320035959372,FALSE
SGRYWFCDWL,Y,C,4,7,F,S,PRM_0363,0.21953403459822052,Y,C,363,FALSE,0.7381315366280661,FALSE
RRVSHESPWL,V,S,3,4,R,L,PRM_0385,0.9112020696963938,V,S,385,FALSE,0.9620320035959372,FALSE
DKQLPPTP,Q,T,3,7,P,L,PRM_0152,0.5404289347799891,Q,T,152,FALSE,0.7613639068369705,FALSE
RRSTHESPWL,S,T,3,4,R,L,PRM_0385,0.8772419419832713,S,T,385,FALSE,0.9620320035959372,FALSE
RRVMHESPWL,V,M,3,4,R,L,PRM_0385,0.9584675263771817,V,M,385,FALSE,0.9620320035959372,FALSE
GGGRDPVEDYVVL,D,E,5,8,Y,V,PRM_0250,-0.02713134943834579,D,E,250,FALSE,0.40823475510954577,FALSE
SGRYWFFDWL,Y,F,4,7,F,S,PRM_0363,0.3558636579931429,Y,F,363,FALSE,0.7381315366280661,FALSE
RRVIHESPWL,V,I,3,4,R,L,PRM_0385,0.9223249394070041,V,I,385,FALSE,0.9620320035959372,FALSE
DKQLPPRP,Q,R,3,7,P,L,PRM_0152,0.32809100584493145,Q,R,152,FALSE,0.7613639068369705,FALSE
GGGRDPVDDYVVL,D,D,5,8,Y,V,PRM_0250,-0.06239873630172773,D,D,250,FALSE,0.40823475510954577,FALSE
RRSRHESPWL,S,R,3,4,R,L,PRM_0385,0.8585827180991007,S,R,385,FALSE,0.9620320035959372,FALSE
RRVQHESPWL,V,Q,3,4,R,L,PRM_0385,0.9273798873016681,V,Q,385,FALSE,0.9620320035959372,FALSE
DKQLPPSP,Q,S,3,7,P,L,PRM_0152,0.3315382106866816,Q,S,152,FALSE,0.7613639068369705,FALSE
GGGRDPVADYVVL,D,A,5,8,Y,V,PRM_0250,0.010070336815190914,D,A,250,FALSE,0.40823475510954577,FALSE
RRSSHESPWL,S,S,3,4,R,L,PRM_0385,0.8719545173796335,S,S,385,FALSE,0.9620320035959372,FALSE
RRVHHESPWL,V,H,3,4,R,L,PRM_0385,0.8793645671498811,V,H,385,FALSE,0.9620320035959372,FALSE
DKQLPPMP,Q,M,3,7,P,L,PRM_0152,0.31211193918186664,Q,M,152,FALSE,0.7613639068369705,FALSE
RRSMHESPWL,S,M,3,4,R,L,PRM_0385,0.9349973520536712,S,M,385,FALSE,0.9620320035959372,FALSE
RRVPHESPWL,V,P,3,4,R,L,PRM_0385,0.9326592694125067,V,P,385,FALSE,0.9620320035959372,FALSE
DKQLPPIP,Q,I,3,7,P,L,PRM_0152,0.507797684791294,Q,I,152,FALSE,0.7613639068369705,FALSE
GGGRDPVGDYVVL,D,G,5,8,Y,V,PRM_0250,-0.10383009986041203,D,G,250,FALSE,0.40823475510954577,FALSE
RRSIHESPWL,S,I,3,4,R,L,PRM_0385,0.9079879374029746,S,I,385,FALSE,0.9620320035959372,FALSE
SGRWWFKDWL,W,K,4,7,F,S,PRM_0363,0.14729450479672498,W,K,363,FALSE,0.7381315366280661,FALSE
DKQLPPQP,Q,Q,3,7,P,L,PRM_0152,0.3776980243899046,Q,Q,152,FALSE,0.7613639068369705,FALSE
RRSQHESPWL,S,Q,3,4,R,L,PRM_0385,0.9100324387420454,S,Q,385,FALSE,0.9620320035959372,FALSE
SGRWWFNDWL,W,N,4,7,F,S,PRM_0363,0.16407864354777535,W,N,363,FALSE,0.7381315366280661,FALSE
DKQLPPHP,Q,H,3,7,P,L,PRM_0152,0.15045070707001473,Q,H,152,FALSE,0.7613639068369705,FALSE
GGGRDPVVDYVVL,D,V,5,8,Y,V,PRM_0250,-0.10396306592541235,D,V,250,FALSE,0.40823475510954577,FALSE
RRSHHESPWL,S,H,3,4,R,L,PRM_0385,0.8917390364127984,S,H,385,FALSE,0.9620320035959372,FALSE
SGRWWFTDWL,W,T,4,7,F,S,PRM_0363,0.7574214210507837,W,T,363,FALSE,0.7381315366280661,TRUE
RRSPHESPWL,S,P,3,4,R,L,PRM_0385,0.8881426011893551,S,P,385,FALSE,0.9620320035959372,FALSE
RRVLHESPWL,V,L,3,4,R,L,PRM_0385,0.9764111951233565,V,L,385,FALSE,0.9620320035959372,TRUE
GGGRDPV*DYVVL,D,*,5,8,Y,V,PRM_0250,0.05295971819344261,D,*,250,FALSE,0.40823475510954577,FALSE
SGRWWFRDWL,W,R,4,7,F,S,PRM_0363,0.1742621808341225,W,R,363,FALSE,0.7381315366280661,FALSE
DKQLPPLP,Q,L,3,7,P,L,PRM_0152,0.5612198717842,Q,L,152,FALSE,0.7613639068369705,FALSE
GGGRDPVYDYVVL,D,Y,5,8,Y,V,PRM_0250,0.00564401833502026,D,Y,250,FALSE,0.40823475510954577,FALSE
RRVEHESPWL,V,E,3,4,R,L,PRM_0385,0.9432992733621426,V,E,385,FALSE,0.9620320035959372,FALSE
SGRWWFSDWL,W,S,4,7,F,S,PRM_0363,0.7925422086417658,W,S,363,FALSE,0.7381315366280661,TRUE
RRVDHESPWL,V,D,3,4,R,L,PRM_0385,0.9012019623432004,V,D,385,FALSE,0.9620320035959372,FALSE
SGRWWFMDWL,W,M,4,7,F,S,PRM_0363,0.27203741600578746,W,M,363,FALSE,0.7381315366280661,FALSE
DKQLPPEP,Q,E,3,7,P,L,PRM_0152,0.412625302993749,Q,E,152,FALSE,0.7613639068369705,FALSE
RRSLHESPWL,S,L,3,4,R,L,PRM_0385,0.9570088726741788,S,L,385,FALSE,0.9620320035959372,FALSE
RRVAHESPWL,V,A,3,4,R,L,PRM_0385,0.9089181813359615,V,A,385,FALSE,0.9620320035959372,FALSE
SGRWWFIDWL,W,I,4,7,F,S,PRM_0363,0.23677072418829817,W,I,363,FALSE,0.7381315366280661,FALSE
DKQLPPDP,Q,D,3,7,P,L,PRM_0152,0.207118504082232,Q,D,152,FALSE,0.7613639068369705,FALSE
GGGRDPVWDYVVL,D,W,5,8,Y,V,PRM_0250,-0.09446373129448232,D,W,250,FALSE,0.40823475510954577,FALSE
SGRWWFQDWL,W,Q,4,7,F,S,PRM_0363,0.25328012500952807,W,Q,363,FALSE,0.7381315366280661,FALSE
DKQLPPAP,Q,A,3,7,P,L,PRM_0152,0.2638716881855885,Q,A,152,FALSE,0.7613639068369705,FALSE
GGGRDPVCDYVVL,D,C,5,8,Y,V,PRM_0250,-0.17817453448089973,D,C,250,FALSE,0.40823475510954577,FALSE
RRSEHESPWL,S,E,3,4,R,L,PRM_0385,0.8849406358992642,S,E,385,FALSE,0.9620320035959372,FALSE
RRVGHESPWL,V,G,3,4,R,L,PRM_0385,0.9070175370752371,V,G,385,FALSE,0.9620320035959372,FALSE
SGRWWFHDWL,W,H,4,7,F,S,PRM_0363,0.11140879001279529,W,H,363,FALSE,0.7381315366280661,FALSE
RRSDHESPWL,S,D,3,4,R,L,PRM_0385,0.8800611466333343,S,D,385,FALSE,0.9620320035959372,FALSE
SGRWWFPDWL,W,P,4,7,F,S,PRM_0363,0.14489833028497145,W,P,363,FALSE,0.7381315366280661,FALSE
DKQLPPGP,Q,G,3,7,P,L,PRM_0152,0.25465632454771503,Q,G,152,FALSE,0.7613639068369705,FALSE
GGGRDPVFDYVVL,D,F,5,8,Y,V,PRM_0250,-0.22032583958357968,D,F,250,FALSE,0.40823475510954577,FALSE
RRSAHESPWL,S,A,3,4,R,L,PRM_0385,0.8759470026898108,S,A,385,FALSE,0.9620320035959372,FALSE
RRVVHESPWL,V,V,3,4,R,L,PRM_0385,0.9336631971254736,V,V,385,FALSE,0.9620320035959372,FALSE
GGGRAPVKDYVVL,A,K,5,8,Y,V,PRM_0250,-0.03607682855896622,A,K,250,FALSE,0.40823475510954577,FALSE
DKQLPPVP,Q,V,3,7,P,L,PRM_0152,0.47330585445747747,Q,V,152,FALSE,0.7613639068369705,FALSE
GGGRAPVNDYVVL,A,N,5,8,Y,V,PRM_0250,0.0853211521357066,A,N,250,FALSE,0.40823475510954577,FALSE
RRSGHESPWL,S,G,3,4,R,L,PRM_0385,0.8888831594768247,S,G,385,FALSE,0.9620320035959372,FALSE
RRV*HESPWL,V,*,3,4,R,L,PRM_0385,0.3617971577683974,V,*,385,FALSE,0.9620320035959372,FALSE
GGGRAPVTDYVVL,A,T,5,8,Y,V,PRM_0250,0.12267549738011044,A,T,250,FALSE,0.40823475510954577,FALSE
RRVYHESPWL,V,Y,3,4,R,L,PRM_0385,0.9092222824895766,V,Y,385,FALSE,0.9620320035959372,FALSE
SGRWWFLDWL,W,L,4,7,F,S,PRM_0363,-0.02856230863710597,W,L,363,FALSE,0.7381315366280661,FALSE
DKQLPP*P,Q,*,3,7,P,L,PRM_0152,0.06536698096457505,Q,*,152,FALSE,0.7613639068369705,FALSE
RRSVHESPWL,S,V,3,4,R,L,PRM_0385,0.9152064877160015,S,V,385,FALSE,0.9620320035959372,FALSE
RRKKHESPWL,K,K,3,4,R,L,PRM_0385,0.8338583470022555,K,K,385,FALSE,0.9620320035959372,FALSE
DKQLPPYP,Q,Y,3,7,P,L,PRM_0152,0.08026953289910109,Q,Y,152,FALSE,0.7613639068369705,FALSE
GGGRAPVRDYVVL,A,R,5,8,Y,V,PRM_0250,0.07394848592631163,A,R,250,FALSE,0.40823475510954577,FALSE
RRKNHESPWL,K,N,3,4,R,L,PRM_0385,0.8731546385894726,K,N,385,FALSE,0.9620320035959372,FALSE
SGRWWFEDWL,W,E,4,7,F,S,PRM_0363,0.1817884113711952,W,E,363,FALSE,0.7381315366280661,FALSE
GGGRAPVSDYVVL,A,S,5,8,Y,V,PRM_0250,0.07394848592631163,A,S,250,FALSE,0.40823475510954577,FALSE
RRS*HESPWL,S,*,3,4,R,L,PRM_0385,0.43156679382670754,S,*,385,FALSE,0.9620320035959372,FALSE
RRKTHESPWL,K,T,3,4,R,L,PRM_0385,0.8522800839122744,K,T,385,FALSE,0.9620320035959372,FALSE
RRVWHESPWL,V,W,3,4,R,L,PRM_0385,0.9254997182966482,V,W,385,FALSE,0.9620320035959372,FALSE
SGRWWFDDWL,W,D,4,7,F,S,PRM_0363,0.25892120830350385,W,D,363,FALSE,0.7381315366280661,FALSE
GGGRAPVMDYVVL,A,M,5,8,Y,V,PRM_0250,0.022126729450255626,A,M,250,FALSE,0.40823475510954577,FALSE
RRSYHESPWL,S,Y,3,4,R,L,PRM_0385,0.9069600928442568,S,Y,385,FALSE,0.9620320035959372,FALSE
RRVCHESPWL,V,C,3,4,R,L,PRM_0385,0.9098507364549622,V,C,385,FALSE,0.9620320035959372,FALSE
SGRWWFADWL,W,A,4,7,F,S,PRM_0363,0.23904215472215534,W,A,363,FALSE,0.7381315366280661,FALSE
DKQLPPWP,Q,W,3,7,P,L,PRM_0152,0.2551856897944491,Q,W,152,FALSE,0.7613639068369705,FALSE
GGGRAPVIDYVVL,A,I,5,8,Y,V,PRM_0250,0.11318940692239265,A,I,250,FALSE,0.40823475510954577,FALSE
RRKRHESPWL,K,R,3,4,R,L,PRM_0385,0.8425420041577205,K,R,385,FALSE,0.9620320035959372,FALSE
DKQLPPCP,Q,C,3,7,P,L,PRM_0152,0.3186577348987663,Q,C,152,FALSE,0.7613639068369705,FALSE
RRKSHESPWL,K,S,3,4,R,L,PRM_0385,0.8774841421056326,K,S,385,FALSE,0.9620320035959372,FALSE
RRVFHESPWL,V,F,3,4,R,L,PRM_0385,0.9320345505558474,V,F,385,FALSE,0.9620320035959372,FALSE
SGRWWFGDWL,W,G,4,7,F,S,PRM_0363,0.18472161471879234,W,G,363,FALSE,0.7381315366280661,FALSE
RRSWHESPWL,S,W,3,4,R,L,PRM_0385,0.892541393968927,S,W,385,FALSE,0.9620320035959372,FALSE
RRKMHESPWL,K,M,3,4,R,L,PRM_0385,0.8869126973629333,K,M,385,FALSE,0.9620320035959372,FALSE
DKQLPPFP,Q,F,3,7,P,L,PRM_0152,0.20508905216350676,Q,F,152,FALSE,0.7613639068369705,FALSE
GGGRAPVLDYVVL,A,L,5,8,Y,V,PRM_0250,0.06316114330317397,A,L,250,FALSE,0.40823475510954577,FALSE
RRSCHESPWL,S,C,3,4,R,L,PRM_0385,0.9223858879407444,S,C,385,FALSE,0.9620320035959372,FALSE
RRKIHESPWL,K,I,3,4,R,L,PRM_0385,0.8984370755653002,K,I,385,FALSE,0.9620320035959372,FALSE
SGRWWFVDWL,W,V,4,7,F,S,PRM_0363,0.16335631521613364,W,V,363,FALSE,0.7381315366280661,FALSE
DKHLPPKP,H,K,3,7,P,L,PRM_0152,0.20664092631293596,H,K,152,FALSE,0.7613639068369705,FALSE
RRKQHESPWL,K,Q,3,4,R,L,PRM_0385,0.8691484926909001,K,Q,385,FALSE,0.9620320035959372,FALSE
DKHLPPNP,H,N,3,7,P,L,PRM_0152,0.28612036122026296,H,N,152,FALSE,0.7613639068369705,FALSE
GGGRAPVEDYVVL,A,E,5,8,Y,V,PRM_0250,0.08798047072504744,A,E,250,FALSE,0.40823475510954577,FALSE
RRSFHESPWL,S,F,3,4,R,L,PRM_0385,0.8956924020773843,S,F,385,FALSE,0.9620320035959372,FALSE
RRKHHESPWL,K,H,3,4,R,L,PRM_0385,0.890589711505556,K,H,385,FALSE,0.9620320035959372,FALSE
SGRWWF*DWL,W,*,4,7,F,S,PRM_0363,-0.01778153932896159,W,*,363,FALSE,0.7381315366280661,FALSE
DKHLPPTP,H,T,3,7,P,L,PRM_0152,0.32369656674685104,H,T,152,FALSE,0.7613639068369705,FALSE
GGGRAPVDDYVVL,A,D,5,8,Y,V,PRM_0250,0.1784247081184258,A,D,250,FALSE,0.40823475510954577,FALSE
RRMKHESPWL,M,K,3,4,R,L,PRM_0385,0.8645488532773279,M,K,385,FALSE,0.9620320035959372,FALSE
RRKPHESPWL,K,P,3,4,R,L,PRM_0385,0.9160490840078788,K,P,385,FALSE,0.9620320035959372,FALSE
SGRWWFYDWL,W,Y,4,7,F,S,PRM_0363,0.19745163141761576,W,Y,363,FALSE,0.7381315366280661,FALSE
DKHLPPRP,H,R,3,7,P,L,PRM_0152,0.21019315950058248,H,R,152,FALSE,0.7613639068369705,FALSE
GGGRAPVADYVVL,A,A,5,8,Y,V,PRM_0250,0.06796098559789751,A,A,250,FALSE,0.40823475510954577,FALSE
RRMNHESPWL,M,N,3,4,R,L,PRM_0385,0.8483792642774118,M,N,385,FALSE,0.9620320035959372,FALSE
DKHLPPSP,H,S,3,7,P,L,PRM_0152,0.251407653355628,H,S,152,FALSE,0.7613639068369705,FALSE
RRMTHESPWL,M,T,3,4,R,L,PRM_0385,0.9023770049366395,M,T,385,FALSE,0.9620320035959372,FALSE
DKHLPPMP,H,M,3,7,P,L,PRM_0152,0.20314727099204977,H,M,152,FALSE,0.7613639068369705,FALSE
GGGRAPVGDYVVL,A,G,5,8,Y,V,PRM_0250,-0.012634093069566666,A,G,250,FALSE,0.40823475510954577,FALSE
SGRWWFWDWL,W,W,4,7,F,S,PRM_0363,0.2643893088114929,W,W,363,FALSE,0.7381315366280661,FALSE
DKHLPPIP,H,I,3,7,P,L,PRM_0152,0.4269620674638014,H,I,152,FALSE,0.7613639068369705,FALSE
RRMRHESPWL,M,R,3,4,R,L,PRM_0385,0.8401055740886332,M,R,385,FALSE,0.9620320035959372,FALSE
RRKLHESPWL,K,L,3,4,R,L,PRM_0385,0.9670321293477832,K,L,385,FALSE,0.9620320035959372,TRUE
SGRWWFCDWL,W,C,4,7,F,S,PRM_0363,0.32627006463342545,W,C,363,FALSE,0.7381315366280661,FALSE
DKHLPPQP,H,Q,3,7,P,L,PRM_0152,0.30023063666662053,H,Q,152,FALSE,0.7613639068369705,FALSE
GGGRAPVVDYVVL,A,V,5,8,Y,V,PRM_0250,0.01209126048425199,A,V,250,FALSE,0.40823475510954577,FALSE
RRMSHESPWL,M,S,3,4,R,L,PRM_0385,0.901973602847668,M,S,385,FALSE,0.9620320035959372,FALSE
RRMMHESPWL,M,M,3,4,R,L,PRM_0385,0.9469982113606074,M,M,385,FALSE,0.9620320035959372,FALSE
RRKEHESPWL,K,E,3,4,R,L,PRM_0385,0.9349490168235424,K,E,385,FALSE,0.9620320035959372,FALSE
SGRWWFFDWL,W,F,4,7,F,S,PRM_0363,0.31191833701360505,W,F,363,FALSE,0.7381315366280661,FALSE
GGGRAPV*DYVVL,A,*,5,8,Y,V,PRM_0250,0.096723794067552,A,*,250,FALSE,0.40823475510954577,FALSE
RRMIHESPWL,M,I,3,4,R,L,PRM_0385,0.8684914228846927,M,I,385,FALSE,0.9620320035959372,FALSE
RRKDHESPWL,K,D,3,4,R,L,PRM_0385,0.8649545294743671,K,D,385,FALSE,0.9620320035959372,FALSE
SGRCWFKDWL,C,K,4,7,F,S,PRM_0363,0.140704587267438,C,K,363,FALSE,0.7381315366280661,FALSE
DKHLPPLP,H,L,3,7,P,L,PRM_0152,0.4613937439527458,H,L,152,FALSE,0.7613639068369705,FALSE
GGGRAPVYDYVVL,A,Y,5,8,Y,V,PRM_0250,0.1362101315669868,A,Y,250,FALSE,0.40823475510954577,FALSE
RRMQHESPWL,M,Q,3,4,R,L,PRM_0385,0.9510170192595632,M,Q,385,FALSE,0.9620320035959372,FALSE
RRKAHESPWL,K,A,3,4,R,L,PRM_0385,0.878114101594853,K,A,385,FALSE,0.9620320035959372,FALSE
SGRCWFNDWL,C,N,4,7,F,S,PRM_0363,0.19064069034765588,C,N,363,FALSE,0.7381315366280661,FALSE
DKHLPPEP,H,E,3,7,P,L,PRM_0152,0.33866385669328397,H,E,152,FALSE,0.7613639068369705,FALSE
RRMHHESPWL,M,H,3,4,R,L,PRM_0385,0.903858431793678,M,H,385,FALSE,0.9620320035959372,FALSE
SGRCWFTDWL,C,T,4,7,F,S,PRM_0363,0.7605780292937914,C,T,363,FALSE,0.7381315366280661,TRUE
DKHLPPDP,H,D,3,7,P,L,PRM_0152,0.25992954362608145,H,D,152,FALSE,0.7613639068369705,FALSE
RRMPHESPWL,M,P,3,4,R,L,PRM_0385,0.9264550535008276,M,P,385,FALSE,0.9620320035959372,FALSE
RRKGHESPWL,K,G,3,4,R,L,PRM_0385,0.8684670762202789,K,G,385,FALSE,0.9620320035959372,FALSE
DKHLPPAP,H,A,3,7,P,L,PRM_0152,0.19645492432693668,H,A,152,FALSE,0.7613639068369705,FALSE
GGGRAPVWDYVVL,A,W,5,8,Y,V,PRM_0250,-0.07047837730243803,A,W,250,FALSE,0.40823475510954577,FALSE
SGRCWFRDWL,C,R,4,7,F,S,PRM_0363,0.09598417911831414,C,R,363,FALSE,0.7381315366280661,FALSE
GGGRAPVCDYVVL,A,C,5,8,Y,V,PRM_0250,-0.015097684987742954,A,C,250,FALSE,0.40823475510954577,FALSE
RRKVHESPWL,K,V,3,4,R,L,PRM_0385,0.9145876341337037,K,V,385,FALSE,0.9620320035959372,FALSE
SGRCWFSDWL,C,S,4,7,F,S,PRM_0363,0.770951252133029,C,S,363,FALSE,0.7381315366280661,TRUE
DKHLPPGP,H,G,3,7,P,L,PRM_0152,0.27555101848862085,H,G,152,FALSE,0.7613639068369705,FALSE
SGRCWFMDWL,C,M,4,7,F,S,PRM_0363,0.16943483704208775,C,M,363,FALSE,0.7381315366280661,FALSE
GGGRAPVFDYVVL,A,F,5,8,Y,V,PRM_0250,-0.07630142782010407,A,F,250,FALSE,0.40823475510954577,FALSE
RRMLHESPWL,M,L,3,4,R,L,PRM_0385,0.9562601728242492,M,L,385,FALSE,0.9620320035959372,FALSE
RRK*HESPWL,K,*,3,4,R,L,PRM_0385,0.43664901291078045,K,*,385,FALSE,0.9620320035959372,FALSE
SGRCWFIDWL,C,I,4,7,F,S,PRM_0363,0.1782139265658274,C,I,363,FALSE,0.7381315366280661,FALSE
DKHLPPVP,H,V,3,7,P,L,PRM_0152,0.2955472925681534,H,V,152,FALSE,0.7613639068369705,FALSE
RRKYHESPWL,K,Y,3,4,R,L,PRM_0385,0.9111681553947334,K,Y,385,FALSE,0.9620320035959372,FALSE
SGRCWFQDWL,C,Q,4,7,F,S,PRM_0363,0.1943679895486759,C,Q,363,FALSE,0.7381315366280661,FALSE
RRMEHESPWL,M,E,3,4,R,L,PRM_0385,0.9125005116438808,M,E,385,FALSE,0.9620320035959372,FALSE
SGRCWFHDWL,C,H,4,7,F,S,PRM_0363,0.0974103957141077,C,H,363,FALSE,0.7381315366280661,FALSE
DKHLPP*P,H,*,3,7,P,L,PRM_0152,0.14169525198967936,H,*,152,FALSE,0.7613639068369705,FALSE
RRMDHESPWL,M,D,3,4,R,L,PRM_0385,0.8870295630799103,M,D,385,FALSE,0.9620320035959372,FALSE
SGRCWFPDWL,C,P,4,7,F,S,PRM_0363,0.17865520126899964,C,P,363,FALSE,0.7381315366280661,FALSE
DKHLPPYP,H,Y,3,7,P,L,PRM_0152,0.15447773316286417,H,Y,152,FALSE,0.7613639068369705,FALSE
RRMAHESPWL,M,A,3,4,R,L,PRM_0385,0.883350487859647,M,A,385,FALSE,0.9620320035959372,FALSE
RRKWHESPWL,K,W,3,4,R,L,PRM_0385,0.9109147563870305,K,W,385,FALSE,0.9620320035959372,FALSE
RRKCHESPWL,K,C,3,4,R,L,PRM_0385,0.9279551405198164,K,C,385,FALSE,0.9620320035959372,FALSE
RRMGHESPWL,M,G,3,4,R,L,PRM_0385,0.9035557823252495,M,G,385,FALSE,0.9620320035959372,FALSE
DKHLPPWP,H,W,3,7,P,L,PRM_0152,0.25092590061704895,H,W,152,FALSE,0.7613639068369705,FALSE
RRKFHESPWL,K,F,3,4,R,L,PRM_0385,0.9126328541482018,K,F,385,FALSE,0.9620320035959372,FALSE
SGRCWFLDWL,C,L,4,7,F,S,PRM_0363,0.10339524531660266,C,L,363,FALSE,0.7381315366280661,FALSE
DKHLPPCP,H,C,3,7,P,L,PRM_0152,0.23440451380903984,H,C,152,FALSE,0.7613639068369705,FALSE
RRMVHESPWL,M,V,3,4,R,L,PRM_0385,0.9095770704415866,M,V,385,FALSE,0.9620320035959372,FALSE
RRNKHESPWL,N,K,3,4,R,L,PRM_0385,0.8869461200055455,N,K,385,FALSE,0.9620320035959372,FALSE
RRNNHESPWL,N,N,3,4,R,L,PRM_0385,0.8760310417995769,N,N,385,FALSE,0.9620320035959372,FALSE
SGRCWFEDWL,C,E,4,7,F,S,PRM_0363,0.28106126425885053,C,E,363,FALSE,0.7381315366280661,FALSE
DKHLPPFP,H,F,3,7,P,L,PRM_0152,0.2354669048583018,H,F,152,FALSE,0.7613639068369705,FALSE
RRM*HESPWL,M,*,3,4,R,L,PRM_0385,0.4624786210604839,M,*,385,FALSE,0.9620320035959372,FALSE
RRNTHESPWL,N,T,3,4,R,L,PRM_0385,0.8559380891015957,N,T,385,FALSE,0.9620320035959372,FALSE
SGRCWFDDWL,C,D,4,7,F,S,PRM_0363,0.3971041146406389,C,D,363,FALSE,0.7381315366280661,FALSE
DKPLPPKP,P,K,3,7,P,L,PRM_0152,0.543831898159594,P,K,152,FALSE,0.7613639068369705,FALSE
RRMYHESPWL,M,Y,3,4,R,L,PRM_0385,0.9158356054468436,M,Y,385,FALSE,0.9620320035959372,FALSE
SGRCWFADWL,C,A,4,7,F,S,PRM_0363,0.17115653205458325,C,A,363,FALSE,0.7381315366280661,FALSE
DKPLPPNP,P,N,3,7,P,L,PRM_0152,0.3556118081389215,P,N,152,FALSE,0.7613639068369705,FALSE
RRNRHESPWL,N,R,3,4,R,L,PRM_0385,0.8508899311235868,N,R,385,FALSE,0.9620320035959372,FALSE
DKPLPPTP,P,T,3,7,P,L,PRM_0152,0.6143247872356488,P,T,152,FALSE,0.7613639068369705,FALSE
RRNSHESPWL,N,S,3,4,R,L,PRM_0385,0.8756954513594603,N,S,385,FALSE,0.9620320035959372,FALSE
SGRCWFGDWL,C,G,4,7,F,S,PRM_0363,0.2676338267756569,C,G,363,FALSE,0.7381315366280661,FALSE
RRMWHESPWL,M,W,3,4,R,L,PRM_0385,0.9198020625909262,M,W,385,FALSE,0.9620320035959372,FALSE
RRNMHESPWL,N,M,3,4,R,L,PRM_0385,0.912133904792294,N,M,385,FALSE,0.9620320035959372,FALSE
RR*KHESPWL,*,K,3,4,R,L,PRM_0385,0.4416052901956252,*,K,385,FALSE,0.9620320035959372,FALSE
DKPLPPRP,P,R,3,7,P,L,PRM_0152,0.5833196219991379,P,R,152,FALSE,0.7613639068369705,FALSE
RRMCHESPWL,M,C,3,4,R,L,PRM_0385,0.9138852520186298,M,C,385,FALSE,0.9620320035959372,FALSE
RRNIHESPWL,N,I,3,4,R,L,PRM_0385,0.9136523375677,N,I,385,FALSE,0.9620320035959372,FALSE
RR*NHESPWL,*,N,3,4,R,L,PRM_0385,0.3934299095367106,*,N,385,FALSE,0.9620320035959372,FALSE
SGRCWFVDWL,C,V,4,7,F,S,PRM_0363,0.20077682986424644,C,V,363,FALSE,0.7381315366280661,FALSE
DKPLPPSP,P,S,3,7,P,L,PRM_0152,0.4271998617687775,P,S,152,FALSE,0.7613639068369705,FALSE
RRNQHESPWL,N,Q,3,4,R,L,PRM_0385,0.9218126421586148,N,Q,385,FALSE,0.9620320035959372,FALSE
RR*THESPWL,*,T,3,4,R,L,PRM_0385,0.37325600108003704,*,T,385,FALSE,0.9620320035959372,FALSE
DKPLPPMP,P,M,3,7,P,L,PRM_0152,0.4959040980136326,P,M,152,FALSE,0.7613639068369705,FALSE
RRMFHESPWL,M,F,3,4,R,L,PRM_0385,0.8898254103275558,M,F,385,FALSE,0.9620320035959372,FALSE
RRNHHESPWL,N,H,3,4,R,L,PRM_0385,0.8780640976195813,N,H,385,FALSE,0.9620320035959372,FALSE
SGRCWF*DWL,C,*,4,7,F,S,PRM_0363,0.07925914491615824,C,*,363,FALSE,0.7381315366280661,FALSE
DKPLPPIP,P,I,3,7,P,L,PRM_0152,0.7228236746618124,P,I,152,FALSE,0.7613639068369705,FALSE
RRIKHESPWL,I,K,3,4,R,L,PRM_0385,0.8852226432977339,I,K,385,FALSE,0.9620320035959372,FALSE
RRNPHESPWL,N,P,3,4,R,L,PRM_0385,0.8640485859694872,N,P,385,FALSE,0.9620320035959372,FALSE
RR*RHESPWL,*,R,3,4,R,L,PRM_0385,0.3825014952887171,*,R,385,FALSE,0.9620320035959372,FALSE
SGRCWFYDWL,C,Y,4,7,F,S,PRM_0363,0.3030372943268549,C,Y,363,FALSE,0.7381315366280661,FALSE
DKPLPPHP,P,H,3,7,P,L,PRM_0152,0.5147215024614937,P,H,152,FALSE,0.7613639068369705,FALSE
RRINHESPWL,I,N,3,4,R,L,PRM_0385,0.8647250600051458,I,N,385,FALSE,0.9620320035959372,FALSE
RR*SHESPWL,*,S,3,4,R,L,PRM_0385,0.4198571330790879,*,S,385,FALSE,0.9620320035959372,FALSE
RRITHESPWL,I,T,3,4,R,L,PRM_0385,0.9199734758696536,I,T,385,FALSE,0.9620320035959372,FALSE
RR*MHESPWL,*,M,3,4,R,L,PRM_0385,0.4049150547666049,*,M,385,FALSE,0.9620320035959372,FALSE
RR*IHESPWL,*,I,3,4,R,L,PRM_0385,0.3463089655169855,*,I,385,FALSE,0.9620320035959372,FALSE
SGRCWFWDWL,C,W,4,7,F,S,PRM_0363,0.2904366242678923,C,W,363,FALSE,0.7381315366280661,FALSE
DKPLPPLP,P,L,3,7,P,L,PRM_0152,0.7613639068369705,P,L,152,TRUE,0.7613639068369705,TRUE
RRIRHESPWL,I,R,3,4,R,L,PRM_0385,0.8696499853322026,I,R,385,FALSE,0.9620320035959372,FALSE
RRNLHESPWL,N,L,3,4,R,L,PRM_0385,0.9690974223409232,N,L,385,FALSE,0.9620320035959372,TRUE
RR*QHESPWL,*,Q,3,4,R,L,PRM_0385,0.3509978080869593,*,Q,385,FALSE,0.9620320035959372,FALSE
SGRCWFCDWL,C,C,4,7,F,S,PRM_0363,0.2591956159052859,C,C,363,FALSE,0.7381315366280661,FALSE
DKPLPPEP,P,E,3,7,P,L,PRM_0152,0.39266169514350513,P,E,152,FALSE,0.7613639068369705,FALSE
RRISHESPWL,I,S,3,4,R,L,PRM_0385,0.9104677672521142,I,S,385,FALSE,0.9620320035959372,FALSE
RR*HHESPWL,*,H,3,4,R,L,PRM_0385,0.3844500653147882,*,H,385,FALSE,0.9620320035959372,FALSE
DKPLPPDP,P,D,3,7,P,L,PRM_0152,0.30921266725717256,P,D,152,FALSE,0.7613639068369705,FALSE
RRIMHESPWL,I,M,3,4,R,L,PRM_0385,0.9611510023323676,I,M,385,FALSE,0.9620320035959372,FALSE
RRNEHESPWL,N,E,3,4,R,L,PRM_0385,0.9014955687821822,N,E,385,FALSE,0.9620320035959372,FALSE
RR*PHESPWL,*,P,3,4,R,L,PRM_0385,0.29753325545904674,*,P,385,FALSE,0.9620320035959372,FALSE
SGRCWFFDWL,C,F,4,7,F,S,PRM_0363,0.27252078476188313,C,F,363,FALSE,0.7381315366280661,FALSE
DKPLPPAP,P,A,3,7,P,L,PRM_0152,0.5344946467569159,P,A,152,FALSE,0.7613639068369705,FALSE
GGGRGPVKDYVVL,G,K,5,8,Y,V,PRM_0250,-0.158513610270955,G,K,250,FALSE,0.40823475510954577,FALSE
RRIIHESPWL,I,I,3,4,R,L,PRM_0385,0.9258123657637748,I,I,385,FALSE,0.9620320035959372,FALSE
RRNDHESPWL,N,D,3,4,R,L,PRM_0385,0.8854552214473457,N,D,385,FALSE,0.9620320035959372,FALSE
SGRLWFKDWL,L,K,4,7,F,S,PRM_0363,0.06243131164832123,L,K,363,FALSE,0.7381315366280661,FALSE
GGGRGPVNDYVVL,G,N,5,8,Y,V,PRM_0250,-0.07121450457646272,G,N,250,FALSE,0.40823475510954577,FALSE
RRIQHESPWL,I,Q,3,4,R,L,PRM_0385,0.9714016224412696,I,Q,385,FALSE,0.9620320035959372,TRUE
RRNAHESPWL,N,A,3,4,R,L,PRM_0385,0.8694850106834455,N,A,385,FALSE,0.9620320035959372,FALSE
SGRLWFNDWL,L,N,4,7,F,S,PRM_0363,0.1755829293196072,L,N,363,FALSE,0.7381315366280661,FALSE
DKPLPPGP,P,G,3,7,P,L,PRM_0152,0.3323119715461139,P,G,152,FALSE,0.7613639068369705,FALSE
GGGRGPVTDYVVL,G,T,5,8,Y,V,PRM_0250,-0.03463601176185657,G,T,250,FALSE,0.40823475510954577,FALSE
RRIHHESPWL,I,H,3,4,R,L,PRM_0385,0.8634007414588211,I,H,385,FALSE,0.9620320035959372,FALSE
SGRLWFTDWL,L,T,4,7,F,S,PRM_0363,0.8130980918751475,L,T,363,FALSE,0.7381315366280661,TRUE
RRIPHESPWL,I,P,3,4,R,L,PRM_0385,0.9203402999401973,I,P,385,FALSE,0.9620320035959372,FALSE
RRNGHESPWL,N,G,3,4,R,L,PRM_0385,0.8707131939564783,N,G,385,FALSE,0.9620320035959372,FALSE
RR*LHESPWL,*,L,3,4,R,L,PRM_0385,0.4286723030867912,*,L,385,FALSE,0.9620320035959372,FALSE
DKPLPPVP,P,V,3,7,P,L,PRM_0152,0.6324002804847602,P,V,152,FALSE,0.7613639068369705,FALSE
GGGRGPVRDYVVL,G,R,5,8,Y,V,PRM_0250,-0.054761563671577286,G,R,250,FALSE,0.40823475510954577,FALSE
SGRLWFRDWL,L,R,4,7,F,S,PRM_0363,0.13249261615985777,L,R,363,FALSE,0.7381315366280661,FALSE
GGGRGPVSDYVVL,G,S,5,8,Y,V,PRM_0250,-0.07876334289209938,G,S,250,FALSE,0.40823475510954577,FALSE
RRNVHESPWL,N,V,3,4,R,L,PRM_0385,0.902504060554692,N,V,385,FALSE,0.9620320035959372,FALSE
RR*EHESPWL,*,E,3,4,R,L,PRM_0385,0.3879985506387376,*,E,385,FALSE,0.9620320035959372,FALSE
SGRLWFSDWL,L,S,4,7,F,S,PRM_0363,0.8293118185627368,L,S,363,FALSE,0.7381315366280661,TRUE
DKPLPP*P,P,*,3,7,P,L,PRM_0152,0.1250535876803867,P,*,152,FALSE,0.7613639068369705,FALSE
GGGRGPVMDYVVL,G,M,5,8,Y,V,PRM_0250,-0.05931622378303188,G,M,250,FALSE,0.40823475510954577,FALSE
RR*DHESPWL,*,D,3,4,R,L,PRM_0385,0.4138026812264889,*,D,385,FALSE,0.9620320035959372,FALSE
SGRLWFMDWL,L,M,4,7,F,S,PRM_0363,0.29472493416169165,L,M,363,FALSE,0.7381315366280661,FALSE
DKPLPPYP,P,Y,3,7,P,L,PRM_0152,0.5022281849277255,P,Y,152,FALSE,0.7613639068369705,FALSE
GGGRGPVIDYVVL,G,I,5,8,Y,V,PRM_0250,-0.1805800953057738,G,I,250,FALSE,0.40823475510954577,FALSE
RRILHESPWL,I,L,3,4,R,L,PRM_0385,0.963417233132962,I,L,385,FALSE,0.9620320035959372,TRUE
RRN*HESPWL,N,*,3,4,R,L,PRM_0385,0.45551906327337954,N,*,385,FALSE,0.9620320035959372,FALSE
RR*AHESPWL,*,A,3,4,R,L,PRM_0385,0.3513735305484737,*,A,385,FALSE,0.9620320035959372,FALSE
SGRLWFIDWL,L,I,4,7,F,S,PRM_0363,0.18803757447967032,L,I,363,FALSE,0.7381315366280661,FALSE
GGGRGPVQDYVVL,G,Q,5,8,Y,V,PRM_0250,0.01083405021222004,G,Q,250,FALSE,0.40823475510954577,FALSE
RRNYHESPWL,N,Y,3,4,R,L,PRM_0385,0.8873995900933257,N,Y,385,FALSE,0.9620320035959372,FALSE
SGRLWFQDWL,L,Q,4,7,F,S,PRM_0363,0.2531324771270185,L,Q,363,FALSE,0.7381315366280661,FALSE
DKPLPPWP,P,W,3,7,P,L,PRM_0152,0.31637654519422453,P,W,152,FALSE,0.7613639068369705,FALSE
GGGRGPVHDYVVL,G,H,5,8,Y,V,PRM_0250,0.04937618553780586,G,H,250,FALSE,0.40823475510954577,FALSE
RRIEHESPWL,I,E,3,4,R,L,PRM_0385,0.8946487755394028,I,E,385,FALSE,0.9620320035959372,FALSE
RR*GHESPWL,*,G,3,4,R,L,PRM_0385,0.42835646509905856,*,G,385,FALSE,0.9620320035959372,FALSE
SGRLWFHDWL,L,H,4,7,F,S,PRM_0363,0.23311404377581635,L,H,363,FALSE,0.7381315366280661,FALSE
DKPLPPCP,P,C,3,7,P,L,PRM_0152,0.4951095393099029,P,C,152,FALSE,0.7613639068369705,FALSE
GGGRGPVPDYVVL,G,P,5,8,Y,V,PRM_0250,0.08644547528314434,G,P,250,FALSE,0.40823475510954577,FALSE
RRIDHESPWL,I,D,3,4,R,L,PRM_0385,0.90654221092338,I,D,385,FALSE,0.9620320035959372,FALSE
SGRLWFPDWL,L,P,4,7,F,S,PRM_0363,0.16098599312970774,L,P,363,FALSE,0.7381315366280661,FALSE
RRIAHESPWL,I,A,3,4,R,L,PRM_0385,0.9151455555360013,I,A,385,FALSE,0.9620320035959372,FALSE
RRNWHESPWL,N,W,3,4,R,L,PRM_0385,0.8850460391408975,N,W,385,FALSE,0.9620320035959372,FALSE
RR*VHESPWL,*,V,3,4,R,L,PRM_0385,0.36533372404407627,*,V,385,FALSE,0.9620320035959372,FALSE
RRNCHESPWL,N,C,3,4,R,L,PRM_0385,0.8724378437126543,N,C,385,FALSE,0.9620320035959372,FALSE
GGGRGPVLDYVVL,G,L,5,8,Y,V,PRM_0250,-0.08876204245820422,G,L,250,FALSE,0.40823475510954577,FALSE
RRIGHESPWL,I,G,3,4,R,L,PRM_0385,0.9263849150617143,I,G,385,FALSE,0.9620320035959372,FALSE
RR**HESPWL,*,*,3,4,R,L,PRM_0385,0.33620536315996075,*,*,385,FALSE,0.9620320035959372,FALSE
RRNFHESPWL,N,F,3,4,R,L,PRM_0385,0.8962603259080268,N,F,385,FALSE,0.9620320035959372,FALSE
RR*YHESPWL,*,Y,3,4,R,L,PRM_0385,0.3048944030488095,*,Y,385,FALSE,0.9620320035959372,FALSE
SGRLWFLDWL,L,L,4,7,F,S,PRM_0363,0.17098988414453614,L,L,363,FALSE,0.7381315366280661,FALSE
GGGRGPVEDYVVL,G,E,5,8,Y,V,PRM_0250,-0.012861958041600334,G,E,250,FALSE,0.40823475510954577,FALSE
RRIVHESPWL,I,V,3,4,R,L,PRM_0385,0.9061414203155103,I,V,385,FALSE,0.9620320035959372,FALSE
RRTKHESPWL,T,K,3,4,R,L,PRM_0385,0.8766739162186119,T,K,385,FALSE,0.9620320035959372,FALSE
GGGRGPVDDYVVL,G,D,5,8,Y,V,PRM_0250,-0.0932548099060804,G,D,250,FALSE,0.40823475510954577,FALSE
RRTNHESPWL,T,N,3,4,R,L,PRM_0385,0.8612627240808801,T,N,385,FALSE,0.9620320035959372,FALSE
SGRLWFEDWL,L,E,4,7,F,S,PRM_0363,0.3045467405988478,L,E,363,FALSE,0.7381315366280661,FALSE
GGGRGPVADYVVL,G,A,5,8,Y,V,PRM_0250,-0.10657252981390843,G,A,250,FALSE,0.40823475510954577,FALSE
RRI*HESPWL,I,*,3,4,R,L,PRM_0385,0.4319555937439041,I,*,385,FALSE,0.9620320035959372,FALSE
RRTTHESPWL,T,T,3,4,R,L,PRM_0385,0.8512157725454748,T,T,385,FALSE,0.9620320035959372,FALSE
RR*WHESPWL,*,W,3,4,R,L,PRM_0385,0.3751883184450745,*,W,385,FALSE,0.9620320035959372,FALSE
SGRLWFDDWL,L,D,4,7,F,S,PRM_0363,0.3086005529280236,L,D,363,FALSE,0.7381315366280661,FALSE
RRIYHESPWL,I,Y,3,4,R,L,PRM_0385,0.9208152157673904,I,Y,385,FALSE,0.9620320035959372,FALSE
RR*CHESPWL,*,C,3,4,R,L,PRM_0385,0.44079620831264626,*,C,385,FALSE,0.9620320035959372,FALSE
SGRLWFADWL,L,A,4,7,F,S,PRM_0363,0.25805896526387273,L,A,363,FALSE,0.7381315366280661,FALSE
GGGRGPVGDYVVL,G,G,5,8,Y,V,PRM_0250,-0.1140978227874629,G,G,250,FALSE,0.40823475510954577,FALSE
RRTRHESPWL,T,R,3,4,R,L,PRM_0385,0.8692402989147998,T,R,385,FALSE,0.9620320035959372,FALSE
RR*FHESPWL,*,F,3,4,R,L,PRM_0385,0.4089609799297331,*,F,385,FALSE,0.9620320035959372,FALSE
SGRLWFGDWL,L,G,4,7,F,S,PRM_0363,0.26528851131619496,L,G,363,FALSE,0.7381315366280661,FALSE
GGGRGPVVDYVVL,G,V,5,8,Y,V,PRM_0250,-0.13873170487487957,G,V,250,FALSE,0.40823475510954577,FALSE
RRIWHESPWL,I,W,3,4,R,L,PRM_0385,0.9233272949282718,I,W,385,FALSE,0.9620320035959372,FALSE
RRTMHESPWL,T,M,3,4,R,L,PRM_0385,0.9095356440452138,T,M,385,FALSE,0.9620320035959372,FALSE
RRYKHESPWL,Y,K,3,4,R,L,PRM_0385,0.908750674416948,Y,K,385,FALSE,0.9620320035959372,FALSE
RRICHESPWL,I,C,3,4,R,L,PRM_0385,0.8990688447829331,I,C,385,FALSE,0.9620320035959372,FALSE
RRTIHESPWL,T,I,3,4,R,L,PRM_0385,0.9077946203690335,T,I,385,FALSE,0.9620320035959372,FALSE
RRYNHESPWL,Y,N,3,4,R,L,PRM_0385,0.8517886814009027,Y,N,385,FALSE,0.9620320035959372,FALSE
SGRLWFVDWL,L,V,4,7,F,S,PRM_0363,0.22386265428639965,L,V,363,FALSE,0.7381315366280661,FALSE
GGGRGPV*DYVVL,G,*,5,8,Y,V,PRM_0250,-0.03207455416676534,G,*,250,FALSE,0.40823475510954577,FALSE
RRTQHESPWL,T,Q,3,4,R,L,PRM_0385,0.927631048393787,T,Q,385,FALSE,0.9620320035959372,FALSE
RRYTHESPWL,Y,T,3,4,R,L,PRM_0385,0.9109630471243741,Y,T,385,FALSE,0.9620320035959372,FALSE
GGGRGPVYDYVVL,G,Y,5,8,Y,V,PRM_0250,-0.15531357221717232,G,Y,250,FALSE,0.40823475510954577,FALSE
RRIFHESPWL,I,F,3,4,R,L,PRM_0385,0.9061956144387604,I,F,385,FALSE,0.9620320035959372,FALSE
RRTHHESPWL,T,H,3,4,R,L,PRM_0385,0.8755421120963907,T,H,385,FALSE,0.9620320035959372,FALSE
SGRLWF*DWL,L,*,4,7,F,S,PRM_0363,0.16304194820581636,L,*,363,FALSE,0.7381315366280661,FALSE
RRQKHESPWL,Q,K,3,4,R,L,PRM_0385,0.8973508928038578,Q,K,385,FALSE,0.9620320035959372,FALSE
RRTPHESPWL,T,P,3,4,R,L,PRM_0385,0.9012943814279977,T,P,385,FALSE,0.9620320035959372,FALSE
RRYRHESPWL,Y,R,3,4,R,L,PRM_0385,0.8859964251800354,Y,R,385,FALSE,0.9620320035959372,FALSE
SGRLWFYDWL,L,Y,4,7,F,S,PRM_0363,0.20430913089441397,L,Y,363,FALSE,0.7381315366280661,FALSE
RRQNHESPWL,Q,N,3,4,R,L,PRM_0385,0.8521550459565157,Q,N,385,FALSE,0.9620320035959372,FALSE
RRYSHESPWL,Y,S,3,4,R,L,PRM_0385,0.9134739600125614,Y,S,385,FALSE,0.9620320035959372,FALSE
GGGRGPVWDYVVL,G,W,5,8,Y,V,PRM_0250,-0.24330920548487506,G,W,250,FALSE,0.40823475510954577,FALSE
RRQTHESPWL,Q,T,3,4,R,L,PRM_0385,0.8902374836287179,Q,T,385,FALSE,0.9620320035959372,FALSE
RRYMHESPWL,Y,M,3,4,R,L,PRM_0385,0.9629885868142706,Y,M,385,FALSE,0.9620320035959372,TRUE
GGGRGPVCDYVVL,G,C,5,8,Y,V,PRM_0250,-0.125536943633068,G,C,250,FALSE,0.40823475510954577,FALSE
RRYIHESPWL,Y,I,3,4,R,L,PRM_0385,0.917574147123707,Y,I,385,FALSE,0.9620320035959372,FALSE
SGRLWFWDWL,L,W,4,7,F,S,PRM_0363,0.3149944919477572,L,W,363,FALSE,0.7381315366280661,FALSE
RRQRHESPWL,Q,R,3,4,R,L,PRM_0385,0.8542594724591092,Q,R,385,FALSE,0.9620320035959372,FALSE
RRYQHESPWL,Y,Q,3,4,R,L,PRM_0385,0.928587550229347,Y,Q,385,FALSE,0.9620320035959372,FALSE
SGRLWFCDWL,L,C,4,7,F,S,PRM_0363,0.26581565568242116,L,C,363,FALSE,0.7381315366280661,FALSE
GGGRGPVFDYVVL,G,F,5,8,Y,V,PRM_0250,-0.15650459525015994,G,F,250,FALSE,0.40823475510954577,FALSE
RRQSHESPWL,Q,S,3,4,R,L,PRM_0385,0.8786075332644905,Q,S,385,FALSE,0.9620320035959372,FALSE
RRYHHESPWL,Y,H,3,4,R,L,PRM_0385,0.8560069733637571,Y,H,385,FALSE,0.9620320035959372,FALSE
RRQMHESPWL,Q,M,3,4,R,L,PRM_0385,0.9548736005971852,Q,M,385,FALSE,0.9620320035959372,FALSE
RRTEHESPWL,T,E,3,4,R,L,PRM_0385,0.9297686011741253,T,E,385,FALSE,0.9620320035959372,FALSE
RRYPHESPWL,Y,P,3,4,R,L,PRM_0385,0.9063914005202846,Y,P,385,FALSE,0.9620320035959372,FALSE
SGRLWFFDWL,L,F,4,7,F,S,PRM_0363,0.36883145601773143,L,F,363,FALSE,0.7381315366280661,FALSE
RRQIHESPWL,Q,I,3,4,R,L,PRM_0385,0.9076380381830328,Q,I,385,FALSE,0.9620320035959372,FALSE
RRTDHESPWL,T,D,3,4,R,L,PRM_0385,0.8713108702806417,T,D,385,FALSE,0.9620320035959372,FALSE
SGRFWFKDWL,F,K,4,7,F,S,PRM_0363,-0.16159048015222352,F,K,363,FALSE,0.7381315366280661,FALSE
RRQQHESPWL,Q,Q,3,4,R,L,PRM_0385,0.94961553016128,Q,Q,385,FALSE,0.9620320035959372,FALSE
SGRFWFNDWL,F,N,4,7,F,S,PRM_0363,0.20723297970404583,F,N,363,FALSE,0.7381315366280661,FALSE
RRQHHESPWL,Q,H,3,4,R,L,PRM_0385,0.878951293384977,Q,H,385,FALSE,0.9620320035959372,FALSE
SGRFWFTDWL,F,T,4,7,F,S,PRM_0363,0.7569422351104189,F,T,363,FALSE,0.7381315366280661,TRUE
RRQPHESPWL,Q,P,3,4,R,L,PRM_0385,0.8969859368554045,Q,P,385,FALSE,0.9620320035959372,FALSE
RRYLHESPWL,Y,L,3,4,R,L,PRM_0385,0.949164519970327,Y,L,385,FALSE,0.9620320035959372,FALSE
DKPLPPFP,P,F,3,7,P,L,PRM_0152,0.4591794105394441,P,F,152,FALSE,0.7613639068369705,FALSE
SGRFWFRDWL,F,R,4,7,F,S,PRM_0363,0.05113009792913486,F,R,363,FALSE,0.7381315366280661,FALSE
RRYEHESPWL,Y,E,3,4,R,L,PRM_0385,0.9491290057719556,Y,E,385,FALSE,0.9620320035959372,FALSE
SGRFWFSDWL,F,S,4,7,F,S,PRM_0363,0.7381315366280661,F,S,363,TRUE,0.7381315366280661,TRUE
RRYDHESPWL,Y,D,3,4,R,L,PRM_0385,0.9387598583390296,Y,D,385,FALSE,0.9620320035959372,FALSE
SGRFWFMDWL,F,M,4,7,F,S,PRM_0363,0.29999778566071156,F,M,363,FALSE,0.7381315366280661,FALSE
RRQLHESPWL,Q,L,3,4,R,L,PRM_0385,0.971055311829116,Q,L,385,FALSE,0.9620320035959372,TRUE
RRYAHESPWL,Y,A,3,4,R,L,PRM_0385,0.9324424794182885,Y,A,385,FALSE,0.9620320035959372,FALSE
SGRFWFIDWL,F,I,4,7,F,S,PRM_0363,0.1684857265167604,F,I,363,FALSE,0.7381315366280661,FALSE
SGRFWFQDWL,F,Q,4,7,F,S,PRM_0363,0.1993290428201005,F,Q,363,FALSE,0.7381315366280661,FALSE
RRQEHESPWL,Q,E,3,4,R,L,PRM_0385,0.93336548695368,Q,E,385,FALSE,0.9620320035959372,FALSE
RRYGHESPWL,Y,G,3,4,R,L,PRM_0385,0.9007310209659206,Y,G,385,FALSE,0.9620320035959372,FALSE
SGRFWFHDWL,F,H,4,7,F,S,PRM_0363,0.2766468537097562,F,H,363,FALSE,0.7381315366280661,FALSE
RRQDHESPWL,Q,D,3,4,R,L,PRM_0385,0.8844616955135066,Q,D,385,FALSE,0.9620320035959372,FALSE
SGRFWFPDWL,F,P,4,7,F,S,PRM_0363,0.1674620169436163,F,P,363,FALSE,0.7381315366280661,FALSE
RRQAHESPWL,Q,A,3,4,R,L,PRM_0385,0.8591244078890021,Q,A,385,FALSE,0.9620320035959372,FALSE
RRYVHESPWL,Y,V,3,4,R,L,PRM_0385,0.9146628609553429,Y,V,385,FALSE,0.9620320035959372,FALSE
RRQGHESPWL,Q,G,3,4,R,L,PRM_0385,0.8896458979016639,Q,G,385,FALSE,0.9620320035959372,FALSE
RRY*HESPWL,Y,*,3,4,R,L,PRM_0385,0.3581166988380346,Y,*,385,FALSE,0.9620320035959372,FALSE
RRYYHESPWL,Y,Y,3,4,R,L,PRM_0385,0.9241336532082236,Y,Y,385,FALSE,0.9620320035959372,FALSE
SGRFWFLDWL,F,L,4,7,F,S,PRM_0363,0.17110812542729287,F,L,363,FALSE,0.7381315366280661,FALSE
RRQVHESPWL,Q,V,3,4,R,L,PRM_0385,0.9346468216889063,Q,V,385,FALSE,0.9620320035959372,FALSE
SGRFWFEDWL,F,E,4,7,F,S,PRM_0363,0.2457087452574541,F,E,363,FALSE,0.7381315366280661,FALSE
RRQ*HESPWL,Q,*,3,4,R,L,PRM_0385,0.39872738414336,Q,*,385,FALSE,0.9620320035959372,FALSE
RRYWHESPWL,Y,W,3,4,R,L,PRM_0385,0.9060568549039104,Y,W,385,FALSE,0.9620320035959372,FALSE
SGRFWFDDWL,F,D,4,7,F,S,PRM_0363,0.3379090210552145,F,D,363,FALSE,0.7381315366280661,FALSE
RRQYHESPWL,Q,Y,3,4,R,L,PRM_0385,0.9194635011747708,Q,Y,385,FALSE,0.9620320035959372,FALSE
RRYCHESPWL,Y,C,3,4,R,L,PRM_0385,0.9028101531079332,Y,C,385,FALSE,0.9620320035959372,FALSE
SGRFWFADWL,F,A,4,7,F,S,PRM_0363,0.14584518276470132,F,A,363,FALSE,0.7381315366280661,FALSE
RRYFHESPWL,Y,F,3,4,R,L,PRM_0385,0.9068193694639762,Y,F,385,FALSE,0.9620320035959372,FALSE
SGRFWFGDWL,F,G,4,7,F,S,PRM_0363,0.19372254570007885,F,G,363,FALSE,0.7381315366280661,FALSE
RRQWHESPWL,Q,W,3,4,R,L,PRM_0385,0.9146769931128956,Q,W,385,FALSE,0.9620320035959372,FALSE
RRQCHESPWL,Q,C,3,4,R,L,PRM_0385,0.899880443338335,Q,C,385,FALSE,0.9620320035959372,FALSE
SGRFWFVDWL,F,V,4,7,F,S,PRM_0363,0.10996299826030585,F,V,363,FALSE,0.7381315366280661,FALSE
RRQFHESPWL,Q,F,3,4,R,L,PRM_0385,0.9141452729223044,Q,F,385,FALSE,0.9620320035959372,FALSE
SGRFWF*DWL,F,*,4,7,F,S,PRM_0363,0.14676325745914717,F,*,363,FALSE,0.7381315366280661,FALSE
RRHKHESPWL,H,K,3,4,R,L,PRM_0385,0.864759314575641,H,K,385,FALSE,0.9620320035959372,FALSE
SGRFWFYDWL,F,Y,4,7,F,S,PRM_0363,0.2742046836113634,F,Y,363,FALSE,0.7381315366280661,FALSE
RRHNHESPWL,H,N,3,4,R,L,PRM_0385,0.8657374827772907,H,N,385,FALSE,0.9620320035959372,FALSE
RRHTHESPWL,H,T,3,4,R,L,PRM_0385,0.8809254206870807,H,T,385,FALSE,0.9620320035959372,FALSE
SGRFWFWDWL,F,W,4,7,F,S,PRM_0363,0.2727374415244703,F,W,363,FALSE,0.7381315366280661,FALSE
RRHRHESPWL,H,R,3,4,R,L,PRM_0385,0.8599818461912901,H,R,385,FALSE,0.9620320035959372,FALSE
SGRFWFCDWL,F,C,4,7,F,S,PRM_0363,0.20508322134287377,F,C,363,FALSE,0.7381315366280661,FALSE
GGGRVPVKDYVVL,V,K,5,8,Y,V,PRM_0250,-0.1403380126329018,V,K,250,FALSE,0.40823475510954577,FALSE
RRHSHESPWL,H,S,3,4,R,L,PRM_0385,0.8779013518063242,H,S,385,FALSE,0.9620320035959372,FALSE
GGGRVPVNDYVVL,V,N,5,8,Y,V,PRM_0250,-0.04035085844272894,V,N,250,FALSE,0.40823475510954577,FALSE
RRHMHESPWL,H,M,3,4,R,L,PRM_0385,0.9868380196176416,H,M,385,FALSE,0.9620320035959372,TRUE
SGRFWFFDWL,F,F,4,7,F,S,PRM_0363,0.3801181211601138,F,F,363,FALSE,0.7381315366280661,FALSE
GGGRVPVTDYVVL,V,T,5,8,Y,V,PRM_0250,-0.0632928666950367,V,T,250,FALSE,0.40823475510954577,FALSE
RRHIHESPWL,H,I,3,4,R,L,PRM_0385,0.9370102133662762,H,I,385,FALSE,0.9620320035959372,FALSE
WFPAVDSLAPMP,NA,NA,NA,NA,NA,NA,reference,0,NA,NA,reference,FALSE,NA,NA
RRHQHESPWL,H,Q,3,4,R,L,PRM_0385,0.905761720984635,H,Q,385,FALSE,0.9620320035959372,FALSE
WFPLVDYLVHIS,NA,NA,NA,NA,NA,NA,reference,0.25992954362608145,NA,NA,reference,FALSE,NA,NA
GGGRVPVRDYVVL,V,R,5,8,Y,V,PRM_0250,0.018782227431199713,V,R,250,FALSE,0.40823475510954577,FALSE
RRHHHESPWL,H,H,3,4,R,L,PRM_0385,0.8348830021870386,H,H,385,FALSE,0.9620320035959372,FALSE
GLLISRLEPSVPVL,I,E,4,8,W,A,PRM_0299,-0.1320960277416263,I,E,299,FALSE,0.5127966435225048,FALSE
GLL*SRLGPSVPVL,*,G,4,8,W,A,PRM_0299,-0.06691973835081566,*,G,299,FALSE,0.5127966435225048,FALSE
GGGRVPVSDYVVL,V,S,5,8,Y,V,PRM_0250,-0.07578836644353465,V,S,250,FALSE,0.40823475510954577,FALSE
RRHPHESPWL,H,P,3,4,R,L,PRM_0385,0.8974903868814101,H,P,385,FALSE,0.9620320035959372,FALSE
GLLISRLDPSVPVL,I,D,4,8,W,A,PRM_0299,-0.03376461863704071,I,D,299,FALSE,0.5127966435225048,FALSE
GGGRVPVMDYVVL,V,M,5,8,Y,V,PRM_0250,0.004572736313983421,V,M,250,FALSE,0.40823475510954577,FALSE
GLLISRLAPSVPVL,I,A,4,8,W,A,PRM_0299,0.19792739622421557,I,A,299,FALSE,0.5127966435225048,FALSE
GLL*SRLVPSVPVL,*,V,4,8,W,A,PRM_0299,0.02526540011069785,*,V,299,FALSE,0.5127966435225048,FALSE
GGGRVPVIDYVVL,V,I,5,8,Y,V,PRM_0250,0.07620010568411963,V,I,250,FALSE,0.40823475510954577,FALSE
GGGRVPVQDYVVL,V,Q,5,8,Y,V,PRM_0250,0.014987405117090305,V,Q,250,FALSE,0.40823475510954577,FALSE
GLLISRLGPSVPVL,I,G,4,8,W,A,PRM_0299,-0.21681870775485107,I,G,299,FALSE,0.5127966435225048,FALSE
GLL*SRL*PSVPVL,*,*,4,8,W,A,PRM_0299,0.13194752857530367,*,*,299,FALSE,0.5127966435225048,FALSE
GGGRVPVHDYVVL,V,H,5,8,Y,V,PRM_0250,-0.029257228569635196,V,H,250,FALSE,0.40823475510954577,FALSE
RRHLHESPWL,H,L,3,4,R,L,PRM_0385,0.9696112571767426,H,L,385,FALSE,0.9620320035959372,TRUE
GLL*SRLYPSVPVL,*,Y,4,8,W,A,PRM_0299,-0.1590926211764293,*,Y,299,FALSE,0.5127966435225048,FALSE
GGGRVPVPDYVVL,V,P,5,8,Y,V,PRM_0250,0.13088793046444383,V,P,250,FALSE,0.40823475510954577,FALSE
GLLISRLVPSVPVL,I,V,4,8,W,A,PRM_0299,-0.13347595039537596,I,V,299,FALSE,0.5127966435225048,FALSE
GLL*SRLSPSVPVL,*,S,4,8,W,A,PRM_0299,-0.00904945969717308,*,S,299,FALSE,0.5127966435225048,FALSE
RRHEHESPWL,H,E,3,4,R,L,PRM_0385,0.8868557284004106,H,E,385,FALSE,0.9620320035959372,FALSE
RRHDHESPWL,H,D,3,4,R,L,PRM_0385,0.9077148619417892,H,D,385,FALSE,0.9620320035959372,FALSE
GLLISRL*PSVPVL,I,*,4,8,W,A,PRM_0299,-0.21933086902628487,I,*,299,FALSE,0.5127966435225048,FALSE
GLL*SRLWPSVPVL,*,W,4,8,W,A,PRM_0299,0.02158418752730178,*,W,299,FALSE,0.5127966435225048,FALSE
GGGRVPVLDYVVL,V,L,5,8,Y,V,PRM_0250,-0.13880255476979558,V,L,250,FALSE,0.40823475510954577,FALSE
RRHAHESPWL,H,A,3,4,R,L,PRM_0385,0.9010514299858736,H,A,385,FALSE,0.9620320035959372,FALSE
GLLISRLYPSVPVL,I,Y,4,8,W,A,PRM_0299,-0.18495356183503045,I,Y,299,FALSE,0.5127966435225048,FALSE
GLL*SRLCPSVPVL,*,C,4,8,W,A,PRM_0299,-0.0973738243719854,*,C,299,FALSE,0.5127966435225048,FALSE
GLLISRLSPSVPVL,I,S,4,8,W,A,PRM_0299,-0.13128888131546515,I,S,299,FALSE,0.5127966435225048,FALSE
GLL*SRLLPSVPVL,*,L,4,8,W,A,PRM_0299,-0.02941536421049008,*,L,299,FALSE,0.5127966435225048,FALSE
GGGRVPVEDYVVL,V,E,5,8,Y,V,PRM_0250,0.07689826534949143,V,E,250,FALSE,0.40823475510954577,FALSE
RRHGHESPWL,H,G,3,4,R,L,PRM_0385,0.890675537227614,H,G,385,FALSE,0.9620320035959372,FALSE
GLL*SRLFPSVPVL,*,F,4,8,W,A,PRM_0299,-0.0742780218418897,*,F,299,FALSE,0.5127966435225048,FALSE
GGGRVPVDDYVVL,V,D,5,8,Y,V,PRM_0250,-0.170643623977487,V,D,250,FALSE,0.40823475510954577,FALSE
GLLISRLWPSVPVL,I,W,4,8,W,A,PRM_0299,-0.14263306178126908,I,W,299,FALSE,0.5127966435225048,FALSE
GLLYSRLKPSVPVL,Y,K,4,8,W,A,PRM_0299,-0.10975325911862326,Y,K,299,FALSE,0.5127966435225048,FALSE
GGGRVPVADYVVL,V,A,5,8,Y,V,PRM_0250,0.009365227097729535,V,A,250,FALSE,0.40823475510954577,FALSE
RRHVHESPWL,H,V,3,4,R,L,PRM_0385,0.908477538531892,H,V,385,FALSE,0.9620320035959372,FALSE
GLLISRLCPSVPVL,I,C,4,8,W,A,PRM_0299,0.03404368895364895,I,C,299,FALSE,0.5127966435225048,FALSE
GLLYSRLNPSVPVL,Y,N,4,8,W,A,PRM_0299,0.11756350005662455,Y,N,299,FALSE,0.5127966435225048,FALSE
GLLISRLLPSVPVL,I,L,4,8,W,A,PRM_0299,-0.1225384133461292,I,L,299,FALSE,0.5127966435225048,FALSE
GLLYSRLTPSVPVL,Y,T,4,8,W,A,PRM_0299,-0.09779903999582547,Y,T,299,FALSE,0.5127966435225048,FALSE
GGGRVPVGDYVVL,V,G,5,8,Y,V,PRM_0250,-0.16437713056643258,V,G,250,FALSE,0.40823475510954577,FALSE
RRH*HESPWL,H,*,3,4,R,L,PRM_0385,0.47826023663444733,H,*,385,FALSE,0.9620320035959372,FALSE
GLLISRLFPSVPVL,I,F,4,8,W,A,PRM_0299,-0.2355925765864641,I,F,299,FALSE,0.5127966435225048,FALSE
RRHYHESPWL,H,Y,3,4,R,L,PRM_0385,0.9089745846096714,H,Y,385,FALSE,0.9620320035959372,FALSE
GLLQSRLKPSVPVL,Q,K,4,8,W,A,PRM_0299,0.14879782267560385,Q,K,299,FALSE,0.5127966435225048,FALSE
GLLYSRLRPSVPVL,Y,R,4,8,W,A,PRM_0299,-0.08701795664492362,Y,R,299,FALSE,0.5127966435225048,FALSE
GGGRVPVVDYVVL,V,V,5,8,Y,V,PRM_0250,5.664549265053456e-4,V,V,250,FALSE,0.40823475510954577,FALSE
GLLQSRLNPSVPVL,Q,N,4,8,W,A,PRM_0299,-5.5615058817449936e-5,Q,N,299,FALSE,0.5127966435225048,FALSE
GLLYSRLSPSVPVL,Y,S,4,8,W,A,PRM_0299,0.02290310308982873,Y,S,299,FALSE,0.5127966435225048,FALSE
GLLQSRLTPSVPVL,Q,T,4,8,W,A,PRM_0299,0.08917168128663122,Q,T,299,FALSE,0.5127966435225048,FALSE
GLLYSRLMPSVPVL,Y,M,4,8,W,A,PRM_0299,-0.19800769961254852,Y,M,299,FALSE,0.5127966435225048,FALSE
GGGRVPV*DYVVL,V,*,5,8,Y,V,PRM_0250,-0.029575280163595823,V,*,250,FALSE,0.40823475510954577,FALSE
RRHWHESPWL,H,W,3,4,R,L,PRM_0385,0.8984599068398831,H,W,385,FALSE,0.9620320035959372,FALSE
GLLYSRLIPSVPVL,Y,I,4,8,W,A,PRM_0299,-0.21402005397224777,Y,I,299,FALSE,0.5127966435225048,FALSE
GGGRVPVYDYVVL,V,Y,5,8,Y,V,PRM_0250,-0.209564882709974,V,Y,250,FALSE,0.40823475510954577,FALSE
RRHCHESPWL,H,C,3,4,R,L,PRM_0385,0.886607990516886,H,C,385,FALSE,0.9620320035959372,FALSE
GLLQSRLRPSVPVL,Q,R,4,8,W,A,PRM_0299,-0.11015546607327524,Q,R,299,FALSE,0.5127966435225048,FALSE
GLLYSRLQPSVPVL,Y,Q,4,8,W,A,PRM_0299,-0.05474545692152691,Y,Q,299,FALSE,0.5127966435225048,FALSE
GLLQSRLSPSVPVL,Q,S,4,8,W,A,PRM_0299,0.00838910726285988,Q,S,299,FALSE,0.5127966435225048,FALSE
GLLYSRLHPSVPVL,Y,H,4,8,W,A,PRM_0299,-0.11956671625957012,Y,H,299,FALSE,0.5127966435225048,FALSE
RRHFHESPWL,H,F,3,4,R,L,PRM_0385,0.913381229224844,H,F,385,FALSE,0.9620320035959372,FALSE
GLLQSRLMPSVPVL,Q,M,4,8,W,A,PRM_0299,-0.07202021934967612,Q,M,299,FALSE,0.5127966435225048,FALSE
GLLYSRLPPSVPVL,Y,P,4,8,W,A,PRM_0299,0.3612352711607685,Y,P,299,FALSE,0.5127966435225048,FALSE
GGGRVPVWDYVVL,V,W,5,8,Y,V,PRM_0250,-0.08371726243845307,V,W,250,FALSE,0.40823475510954577,FALSE
RRPKHESPWL,P,K,3,4,R,L,PRM_0385,0.8483606886805353,P,K,385,FALSE,0.9620320035959372,FALSE
GLLQSRLIPSVPVL,Q,I,4,8,W,A,PRM_0299,-0.04980749516592581,Q,I,299,FALSE,0.5127966435225048,FALSE
GGGRVPVCDYVVL,V,C,5,8,Y,V,PRM_0250,-0.07967410126783425,V,C,250,FALSE,0.40823475510954577,FALSE
RRPNHESPWL,P,N,3,4,R,L,PRM_0385,0.8803226132627284,P,N,385,FALSE,0.9620320035959372,FALSE
GLLQSRLQPSVPVL,Q,Q,4,8,W,A,PRM_0299,0.071428918330359,Q,Q,299,FALSE,0.5127966435225048,FALSE
RRPTHESPWL,P,T,3,4,R,L,PRM_0385,0.9186472259558542,P,T,385,FALSE,0.9620320035959372,FALSE
GLLQSRLHPSVPVL,Q,H,4,8,W,A,PRM_0299,0.0578144485557838,Q,H,299,FALSE,0.5127966435225048,FALSE
GGGRVPVFDYVVL,V,F,5,8,Y,V,PRM_0250,-0.17943814379321843,V,F,250,FALSE,0.40823475510954577,FALSE
RRPRHESPWL,P,R,3,4,R,L,PRM_0385,0.8904855669348676,P,R,385,FALSE,0.9620320035959372,FALSE
GLLQSRLPPSVPVL,Q,P,4,8,W,A,PRM_0299,0.07256750997773384,Q,P,299,FALSE,0.5127966435225048,FALSE
GLLYSRLLPSVPVL,Y,L,4,8,W,A,PRM_0299,-0.1246898381525378,Y,L,299,FALSE,0.5127966435225048,FALSE
RRPSHESPWL,P,S,3,4,R,L,PRM_0385,0.8995699285196812,P,S,385,FALSE,0.9620320035959372,FALSE
RRPMHESPWL,P,M,3,4,R,L,PRM_0385,0.9348887721068995,P,M,385,FALSE,0.9620320035959372,FALSE
GLLYSRLEPSVPVL,Y,E,4,8,W,A,PRM_0299,-0.1979734851089433,Y,E,299,FALSE,0.5127966435225048,FALSE
RRPIHESPWL,P,I,3,4,R,L,PRM_0385,0.9071422990129937,P,I,385,FALSE,0.9620320035959372,FALSE
GLLYSRLDPSVPVL,Y,D,4,8,W,A,PRM_0299,-0.1872971024823415,Y,D,299,FALSE,0.5127966435225048,FALSE
DKLLPPKP,L,K,3,7,P,L,PRM_0152,0.28849667972108956,L,K,152,FALSE,0.7613639068369705,FALSE
RRPQHESPWL,P,Q,3,4,R,L,PRM_0385,0.9082643221147035,P,Q,385,FALSE,0.9620320035959372,FALSE
GLLQSRLLPSVPVL,Q,L,4,8,W,A,PRM_0299,-0.03620791870754614,Q,L,299,FALSE,0.5127966435225048,FALSE
GLLYSRLAPSVPVL,Y,A,4,8,W,A,PRM_0299,0.5359930084840231,Y,A,299,FALSE,0.5127966435225048,TRUE
DKLLPPNP,L,N,3,7,P,L,PRM_0152,0.2007582262401571,L,N,152,FALSE,0.7613639068369705,FALSE
RRPHHESPWL,P,H,3,4,R,L,PRM_0385,0.8578316693575909,P,H,385,FALSE,0.9620320035959372,FALSE
DKLLPPTP,L,T,3,7,P,L,PRM_0152,0.4270193575240683,L,T,152,FALSE,0.7613639068369705,FALSE
RRPPHESPWL,P,P,3,4,R,L,PRM_0385,0.9140611390030464,P,P,385,FALSE,0.9620320035959372,FALSE
GLLQSRLEPSVPVL,Q,E,4,8,W,A,PRM_0299,0.00348417970838787,Q,E,299,FALSE,0.5127966435225048,FALSE
GLLYSRLGPSVPVL,Y,G,4,8,W,A,PRM_0299,-0.16985196360381838,Y,G,299,FALSE,0.5127966435225048,FALSE
GLLQSRLDPSVPVL,Q,D,4,8,W,A,PRM_0299,0.02844926926200537,Q,D,299,FALSE,0.5127966435225048,FALSE
DKLLPPRP,L,R,3,7,P,L,PRM_0152,0.29455741112403866,L,R,152,FALSE,0.7613639068369705,FALSE
GLLQSRLAPSVPVL,Q,A,4,8,W,A,PRM_0299,0.026547566390121034,Q,A,299,FALSE,0.5127966435225048,FALSE
GLLYSRLVPSVPVL,Y,V,4,8,W,A,PRM_0299,-0.2338662905609702,Y,V,299,FALSE,0.5127966435225048,FALSE
DKLLPPSP,L,S,3,7,P,L,PRM_0152,0.21307684357665768,L,S,152,FALSE,0.7613639068369705,FALSE
DKLLPPMP,L,M,3,7,P,L,PRM_0152,0.2648639562785513,L,M,152,FALSE,0.7613639068369705,FALSE
RRPLHESPWL,P,L,3,4,R,L,PRM_0385,0.9794043173845376,P,L,385,FALSE,0.9620320035959372,TRUE
GLLQSRLGPSVPVL,Q,G,4,8,W,A,PRM_0299,-0.022978420053138278,Q,G,299,FALSE,0.5127966435225048,FALSE
GLLYSRL*PSVPVL,Y,*,4,8,W,A,PRM_0299,-0.1031996752210292,Y,*,299,FALSE,0.5127966435225048,FALSE
DKLLPPIP,L,I,3,7,P,L,PRM_0152,0.40338824507270954,L,I,152,FALSE,0.7613639068369705,FALSE
GLLYSRLYPSVPVL,Y,Y,4,8,W,A,PRM_0299,-0.18136181290561376,Y,Y,299,FALSE,0.5127966435225048,FALSE
DKLLPPQP,L,Q,3,7,P,L,PRM_0152,0.23030620518376105,L,Q,152,FALSE,0.7613639068369705,FALSE
RRPEHESPWL,P,E,3,4,R,L,PRM_0385,0.9211966241771925,P,E,385,FALSE,0.9620320035959372,FALSE
GLLQSRLVPSVPVL,Q,V,4,8,W,A,PRM_0299,-0.17868641658313045,Q,V,299,FALSE,0.5127966435225048,FALSE
DKLLPPHP,L,H,3,7,P,L,PRM_0152,0.31231117881444426,L,H,152,FALSE,0.7613639068369705,FALSE
RRPDHESPWL,P,D,3,4,R,L,PRM_0385,0.8687390138848803,P,D,385,FALSE,0.9620320035959372,FALSE
DKLLPPPP,L,P,3,7,P,L,PRM_0152,0.39874761602010655,L,P,152,FALSE,0.7613639068369705,FALSE
RRPAHESPWL,P,A,3,4,R,L,PRM_0385,0.887079041849589,P,A,385,FALSE,0.9620320035959372,FALSE
GLLQSRL*PSVPVL,Q,*,4,8,W,A,PRM_0299,-0.02633764020987889,Q,*,299,FALSE,0.5127966435225048,FALSE
GLLYSRLWPSVPVL,Y,W,4,8,W,A,PRM_0299,-0.09305979535005246,Y,W,299,FALSE,0.5127966435225048,FALSE
GLLQSRLYPSVPVL,Q,Y,4,8,W,A,PRM_0299,0.03968213676794376,Q,Y,299,FALSE,0.5127966435225048,FALSE
GLLYSRLCPSVPVL,Y,C,4,8,W,A,PRM_0299,-0.2438634561946538,Y,C,299,FALSE,0.5127966435225048,FALSE
RRPGHESPWL,P,G,3,4,R,L,PRM_0385,0.8861421964014919,P,G,385,FALSE,0.9620320035959372,FALSE
DKLLPPLP,L,L,3,7,P,L,PRM_0152,0.4560744847825219,L,L,152,FALSE,0.7613639068369705,FALSE
GLLYSRLFPSVPVL,Y,F,4,8,W,A,PRM_0299,-0.09933805437787745,Y,F,299,FALSE,0.5127966435225048,FALSE
RRPVHESPWL,P,V,3,4,R,L,PRM_0385,0.9344949046059681,P,V,385,FALSE,0.9620320035959372,FALSE
GLLQSRLWPSVPVL,Q,W,4,8,W,A,PRM_0299,-0.17390835006027278,Q,W,299,FALSE,0.5127966435225048,FALSE
GLLSSRLKPSVPVL,S,K,4,8,W,A,PRM_0299,-0.0978020168745764,S,K,299,FALSE,0.5127966435225048,FALSE
DKLLPPEP,L,E,3,7,P,L,PRM_0152,0.27943643720411004,L,E,152,FALSE,0.7613639068369705,FALSE
GLLQSRLCPSVPVL,Q,C,4,8,W,A,PRM_0299,-0.01987269191929423,Q,C,299,FALSE,0.5127966435225048,FALSE
GLLSSRLNPSVPVL,S,N,4,8,W,A,PRM_0299,-0.07683158880129459,S,N,299,FALSE,0.5127966435225048,FALSE
DKLLPPDP,L,D,3,7,P,L,PRM_0152,0.2357401456563978,L,D,152,FALSE,0.7613639068369705,FALSE
RRP*HESPWL,P,*,3,4,R,L,PRM_0385,0.25667833272250357,P,*,385,FALSE,0.9620320035959372,FALSE
GLLSSRLTPSVPVL,S,T,4,8,W,A,PRM_0299,-0.024225575745208495,S,T,299,FALSE,0.5127966435225048,FALSE
DKLLPPAP,L,A,3,7,P,L,PRM_0152,0.3155844359906695,L,A,152,FALSE,0.7613639068369705,FALSE
RRPYHESPWL,P,Y,3,4,R,L,PRM_0385,0.941997273675909,P,Y,385,FALSE,0.9620320035959372,FALSE
GLLQSRLFPSVPVL,Q,F,4,8,W,A,PRM_0299,-0.06791554698713402,Q,F,299,FALSE,0.5127966435225048,FALSE
GLLHSRLKPSVPVL,H,K,4,8,W,A,PRM_0299,-0.1590926211764293,H,K,299,FALSE,0.5127966435225048,FALSE
GLLSSRLRPSVPVL,S,R,4,8,W,A,PRM_0299,-0.09637849754177574,S,R,299,FALSE,0.5127966435225048,FALSE
DKLLPPGP,L,G,3,7,P,L,PRM_0152,0.20660926867603924,L,G,152,FALSE,0.7613639068369705,FALSE
GLLHSRLNPSVPVL,H,N,4,8,W,A,PRM_0299,-0.07524983576476535,H,N,299,FALSE,0.5127966435225048,FALSE
GLLSSRLSPSVPVL,S,S,4,8,W,A,PRM_0299,-0.08928162818548674,S,S,299,FALSE,0.5127966435225048,FALSE
RRPWHESPWL,P,W,3,4,R,L,PRM_0385,0.8912475822170381,P,W,385,FALSE,0.9620320035959372,FALSE
GLLHSRLTPSVPVL,H,T,4,8,W,A,PRM_0299,0.02531595094932612,H,T,299,FALSE,0.5127966435225048,FALSE
GLLSSRLMPSVPVL,S,M,4,8,W,A,PRM_0299,-0.1496150313431987,S,M,299,FALSE,0.5127966435225048,FALSE
DKLLPPVP,L,V,3,7,P,L,PRM_0152,0.3520700899725051,L,V,152,FALSE,0.7613639068369705,FALSE
RRPCHESPWL,P,C,3,4,R,L,PRM_0385,0.9365842331156387,P,C,385,FALSE,0.9620320035959372,FALSE
RRWKHESPWL,W,K,3,4,R,L,PRM_0385,0.8930885374007868,W,K,385,FALSE,0.9620320035959372,FALSE
GLLSSRLIPSVPVL,S,I,4,8,W,A,PRM_0299,-0.12636378275863286,S,I,299,FALSE,0.5127966435225048,FALSE
GLLHSRLRPSVPVL,H,R,4,8,W,A,PRM_0299,-0.08824245673092171,H,R,299,FALSE,0.5127966435225048,FALSE
RRWNHESPWL,W,N,3,4,R,L,PRM_0385,0.8958387858747922,W,N,385,FALSE,0.9620320035959372,FALSE
GLLSSRLQPSVPVL,S,Q,4,8,W,A,PRM_0299,-0.09424380437258588,S,Q,299,FALSE,0.5127966435225048,FALSE
DKLLPP*P,L,*,3,7,P,L,PRM_0152,0.11930744213249912,L,*,152,FALSE,0.7613639068369705,FALSE
RRPFHESPWL,P,F,3,4,R,L,PRM_0385,0.9308886956396498,P,F,385,FALSE,0.9620320035959372,FALSE
GLLHSRLSPSVPVL,H,S,4,8,W,A,PRM_0299,0.00348417970838787,H,S,299,FALSE,0.5127966435225048,FALSE
RRWTHESPWL,W,T,3,4,R,L,PRM_0385,0.9130523854152999,W,T,385,FALSE,0.9620320035959372,FALSE
GLLSSRLHPSVPVL,S,H,4,8,W,A,PRM_0299,-0.03442562432028522,S,H,299,FALSE,0.5127966435225048,FALSE
DKLLPPYP,L,Y,3,7,P,L,PRM_0152,0.200342224429682,L,Y,152,FALSE,0.7613639068369705,FALSE
GLLHSRLMPSVPVL,H,M,4,8,W,A,PRM_0299,-0.0815241467814989,H,M,299,FALSE,0.5127966435225048,FALSE
GLLSSRLPPSVPVL,S,P,4,8,W,A,PRM_0299,0.01699713302231262,S,P,299,FALSE,0.5127966435225048,FALSE
GLLHSRLIPSVPVL,H,I,4,8,W,A,PRM_0299,-0.06201585991745111,H,I,299,FALSE,0.5127966435225048,FALSE
RRWRHESPWL,W,R,3,4,R,L,PRM_0385,0.8934968886876755,W,R,385,FALSE,0.9620320035959372,FALSE
GLLHSRLQPSVPVL,H,Q,4,8,W,A,PRM_0299,0.07092262269016611,H,Q,299,FALSE,0.5127966435225048,FALSE
RRWSHESPWL,W,S,3,4,R,L,PRM_0385,0.9038502267505494,W,S,385,FALSE,0.9620320035959372,FALSE
DKLLPPWP,L,W,3,7,P,L,PRM_0152,0.18060512189763991,L,W,152,FALSE,0.7613639068369705,FALSE
GLLHSRLHPSVPVL,H,H,4,8,W,A,PRM_0299,1.5466028846203056e-4,H,H,299,FALSE,0.5127966435225048,FALSE
RRWMHESPWL,W,M,3,4,R,L,PRM_0385,0.9647032355200142,W,M,385,FALSE,0.9620320035959372,TRUE
DKLLPPCP,L,C,3,7,P,L,PRM_0152,0.29178307072265686,L,C,152,FALSE,0.7613639068369705,FALSE
GGGR*PVKDYVVL,*,K,5,8,Y,V,PRM_0250,0.02591639503162527,*,K,250,FALSE,0.40823475510954577,FALSE
GLLHSRLPPSVPVL,H,P,4,8,W,A,PRM_0299,0.16007807362258544,H,P,299,FALSE,0.5127966435225048,FALSE
RRWIHESPWL,W,I,3,4,R,L,PRM_0385,0.9180176642730592,W,I,385,FALSE,0.9620320035959372,FALSE
GLLSSRLLPSVPVL,S,L,4,8,W,A,PRM_0299,-0.1178240958226407,S,L,299,FALSE,0.5127966435225048,FALSE
GGGR*PVNDYVVL,*,N,5,8,Y,V,PRM_0250,-0.09538662039497192,*,N,250,FALSE,0.40823475510954577,FALSE
RRWQHESPWL,W,Q,3,4,R,L,PRM_0385,0.9079779436799094,W,Q,385,FALSE,0.9620320035959372,FALSE
DKLLPPFP,L,F,3,7,P,L,PRM_0152,0.19932904282010033,L,F,152,FALSE,0.7613639068369705,FALSE
GGGR*PVTDYVVL,*,T,5,8,Y,V,PRM_0250,0.07559765689051874,*,T,250,FALSE,0.40823475510954577,FALSE
RRWHHESPWL,W,H,3,4,R,L,PRM_0385,0.8772634990930075,W,H,385,FALSE,0.9620320035959372,FALSE
GLLSSRLEPSVPVL,S,E,4,8,W,A,PRM_0299,-0.18197793405965393,S,E,299,FALSE,0.5127966435225048,FALSE
RRWPHESPWL,W,P,3,4,R,L,PRM_0385,0.9019645495041577,W,P,385,FALSE,0.9620320035959372,FALSE
GLLSSRLDPSVPVL,S,D,4,8,W,A,PRM_0299,-0.02941536421049008,S,D,299,FALSE,0.5127966435225048,FALSE
GGGR*PVRDYVVL,*,R,5,8,Y,V,PRM_0250,-0.08578444162601541,*,R,250,FALSE,0.40823475510954577,FALSE
GLLHSRLLPSVPVL,H,L,4,8,W,A,PRM_0299,-0.12802139593748688,H,L,299,FALSE,0.5127966435225048,FALSE
GLLSSRLAPSVPVL,S,A,4,8,W,A,PRM_0299,0.09330815540873671,S,A,299,FALSE,0.5127966435225048,FALSE
GGGR*PVSDYVVL,*,S,5,8,Y,V,PRM_0250,0.00625606054629037,*,S,250,FALSE,0.40823475510954577,FALSE
GGGR*PVMDYVVL,*,M,5,8,Y,V,PRM_0250,0.04666247619950381,*,M,250,FALSE,0.40823475510954577,FALSE
GLLHSRLEPSVPVL,H,E,4,8,W,A,PRM_0299,0.03445013847525267,H,E,299,FALSE,0.5127966435225048,FALSE
GLLSSRLGPSVPVL,S,G,4,8,W,A,PRM_0299,-0.14154081384511996,S,G,299,FALSE,0.5127966435225048,FALSE
GGGR*PVIDYVVL,*,I,5,8,Y,V,PRM_0250,-0.12008029941877048,*,I,250,FALSE,0.40823475510954577,FALSE
GLLHSRLDPSVPVL,H,D,4,8,W,A,PRM_0299,-0.13735019904623924,H,D,299,FALSE,0.5127966435225048,FALSE
RRWLHESPWL,W,L,3,4,R,L,PRM_0385,0.9517715846742596,W,L,385,FALSE,0.9620320035959372,FALSE
GGGR*PVQDYVVL,*,Q,5,8,Y,V,PRM_0250,0.00629430543111016,*,Q,250,FALSE,0.40823475510954577,FALSE
GLLHSRLAPSVPVL,H,A,4,8,W,A,PRM_0299,0.11776788003208107,H,A,299,FALSE,0.5127966435225048,FALSE
GLLSSRLVPSVPVL,S,V,4,8,W,A,PRM_0299,-0.14150699894782037,S,V,299,FALSE,0.5127966435225048,FALSE
GGGR*PVHDYVVL,*,H,5,8,Y,V,PRM_0250,0.06536698096457505,*,H,250,FALSE,0.40823475510954577,FALSE
RRWEHESPWL,W,E,3,4,R,L,PRM_0385,0.9472864981341046,W,E,385,FALSE,0.9620320035959372,FALSE
GGGR*PVPDYVVL,*,P,5,8,Y,V,PRM_0250,0.16610118232421867,*,P,250,FALSE,0.40823475510954577,FALSE
GLLHSRLGPSVPVL,H,G,4,8,W,A,PRM_0299,-0.182544736103248,H,G,299,FALSE,0.5127966435225048,FALSE
RRWDHESPWL,W,D,3,4,R,L,PRM_0385,0.906245486054537,W,D,385,FALSE,0.9620320035959372,FALSE
GLLSSRL*PSVPVL,S,*,4,8,W,A,PRM_0299,-0.04449756291530267,S,*,299,FALSE,0.5127966435225048,FALSE
RRWAHESPWL,W,A,3,4,R,L,PRM_0385,0.9140847340578763,W,A,385,FALSE,0.9620320035959372,FALSE
GLLSSRLYPSVPVL,S,Y,4,8,W,A,PRM_0299,-0.11015546607327524,S,Y,299,FALSE,0.5127966435225048,FALSE
GLLHSRLVPSVPVL,H,V,4,8,W,A,PRM_0299,-0.1388445744804696,H,V,299,FALSE,0.5127966435225048,FALSE
RRWGHESPWL,W,G,3,4,R,L,PRM_0385,0.9257261424289195,W,G,385,FALSE,0.9620320035959372,FALSE
GGGR*PVLDYVVL,*,L,5,8,Y,V,PRM_0250,-0.02426069120521827,*,L,250,FALSE,0.40823475510954577,FALSE
GLLHSRL*PSVPVL,H,*,4,8,W,A,PRM_0299,-0.03478611958899106,H,*,299,FALSE,0.5127966435225048,FALSE
GLLSSRLWPSVPVL,S,W,4,8,W,A,PRM_0299,-0.16522619283186726,S,W,299,FALSE,0.5127966435225048,FALSE
GLLHSRLYPSVPVL,H,Y,4,8,W,A,PRM_0299,0.03732172131830865,H,Y,299,FALSE,0.5127966435225048,FALSE
RRWVHESPWL,W,V,3,4,R,L,PRM_0385,0.909758090786722,W,V,385,FALSE,0.9620320035959372,FALSE
GLLSSRLCPSVPVL,S,C,4,8,W,A,PRM_0299,-0.19629171358161868,S,C,299,FALSE,0.5127966435225048,FALSE
GGGR*PVEDYVVL,*,E,5,8,Y,V,PRM_0250,-0.00446998648218419,*,E,250,FALSE,0.40823475510954577,FALSE
GGGR*PVDDYVVL,*,D,5,8,Y,V,PRM_0250,-0.00771368792278606,*,D,250,FALSE,0.40823475510954577,FALSE
RRW*HESPWL,W,*,3,4,R,L,PRM_0385,0.4203029409466515,W,*,385,FALSE,0.9620320035959372,FALSE
GLLSSRLFPSVPVL,S,F,4,8,W,A,PRM_0299,-0.1979734851089433,S,F,299,FALSE,0.5127966435225048,FALSE
GGGR*PVADYVVL,*,A,5,8,Y,V,PRM_0250,-0.0029074365076904203,*,A,250,FALSE,0.40823475510954577,FALSE
GLLHSRLWPSVPVL,H,W,4,8,W,A,PRM_0299,-0.05054831533254917,H,W,299,FALSE,0.5127966435225048,FALSE
RRWYHESPWL,W,Y,3,4,R,L,PRM_0385,0.889028283758958,W,Y,385,FALSE,0.9620320035959372,FALSE
GLLHSRLCPSVPVL,H,C,4,8,W,A,PRM_0299,-0.13031091495329922,H,C,299,FALSE,0.5127966435225048,FALSE
GGGR*PVGDYVVL,*,G,5,8,Y,V,PRM_0250,-0.05351874145931125,*,G,250,FALSE,0.40823475510954577,FALSE
GLLHSRLFPSVPVL,H,F,4,8,W,A,PRM_0299,-0.12050027515287091,H,F,299,FALSE,0.5127966435225048,FALSE
RRWWHESPWL,W,W,3,4,R,L,PRM_0385,0.9087524808781976,W,W,385,FALSE,0.9620320035959372,FALSE
GGGR*PVVDYVVL,*,V,5,8,Y,V,PRM_0250,-0.0509475841992522,*,V,250,FALSE,0.40823475510954577,FALSE
GLLPSRLKPSVPVL,P,K,4,8,W,A,PRM_0299,-0.006847437203073596,P,K,299,FALSE,0.5127966435225048,FALSE
RRWCHESPWL,W,C,3,4,R,L,PRM_0385,0.8879881278393364,W,C,385,FALSE,0.9620320035959372,FALSE
GLLPSRLNPSVPVL,P,N,4,8,W,A,PRM_0299,0.04915990326712269,P,N,299,FALSE,0.5127966435225048,FALSE
GGGR*PV*DYVVL,*,*,5,8,Y,V,PRM_0250,-0.22333784576698568,*,*,250,FALSE,0.40823475510954577,FALSE
GLLPSRLTPSVPVL,P,T,4,8,W,A,PRM_0299,0.11207401714829496,P,T,299,FALSE,0.5127966435225048,FALSE
RRWFHESPWL,W,F,3,4,R,L,PRM_0385,0.876027353325429,W,F,385,FALSE,0.9620320035959372,FALSE
GGGR*PVYDYVVL,*,Y,5,8,Y,V,PRM_0250,0.06029484301892794,*,Y,250,FALSE,0.40823475510954577,FALSE
RRCKHESPWL,C,K,3,4,R,L,PRM_0385,0.8702331210891052,C,K,385,FALSE,0.9620320035959372,FALSE
GLLPSRLRPSVPVL,P,R,4,8,W,A,PRM_0299,0.037487990895525486,P,R,299,FALSE,0.5127966435225048,FALSE
RRCNHESPWL,C,N,3,4,R,L,PRM_0385,0.9007567089521716,C,N,385,FALSE,0.9620320035959372,FALSE
GLLPSRLSPSVPVL,P,S,4,8,W,A,PRM_0299,0.03672689823544558,P,S,299,FALSE,0.5127966435225048,FALSE
RRCTHESPWL,C,T,3,4,R,L,PRM_0385,0.8809209237592378,C,T,385,FALSE,0.9620320035959372,FALSE
GGGR*PVWDYVVL,*,W,5,8,Y,V,PRM_0250,-0.01752981076022701,*,W,250,FALSE,0.40823475510954577,FALSE
GLLPSRLMPSVPVL,P,M,4,8,W,A,PRM_0299,0.015332245665096274,P,M,299,FALSE,0.5127966435225048,FALSE
GGGR*PVCDYVVL,*,C,5,8,Y,V,PRM_0250,-0.24413226352245623,*,C,250,FALSE,0.40823475510954577,FALSE
GLLPSRLIPSVPVL,P,I,4,8,W,A,PRM_0299,0.016706050113846245,P,I,299,FALSE,0.5127966435225048,FALSE
RRCRHESPWL,C,R,3,4,R,L,PRM_0385,0.8697792024510871,C,R,385,FALSE,0.9620320035959372,FALSE
GLLPSRLQPSVPVL,P,Q,4,8,W,A,PRM_0299,0.054383948842232285,P,Q,299,FALSE,0.5127966435225048,FALSE
RRCSHESPWL,C,S,3,4,R,L,PRM_0385,0.886907440784532,C,S,385,FALSE,0.9620320035959372,FALSE
GGGR*PVFDYVVL,*,F,5,8,Y,V,PRM_0250,-0.08561637658246304,*,F,250,FALSE,0.40823475510954577,FALSE
GLLPSRLHPSVPVL,P,H,4,8,W,A,PRM_0299,0.08172191676998149,P,H,299,FALSE,0.5127966435225048,FALSE
RRCMHESPWL,C,M,3,4,R,L,PRM_0385,0.9516891581662862,C,M,385,FALSE,0.9620320035959372,FALSE
GGGRYPVKDYVVL,Y,K,5,8,Y,V,PRM_0250,0.0844254304476407,Y,K,250,FALSE,0.40823475510954577,FALSE
GLLPSRLPPSVPVL,P,P,4,8,W,A,PRM_0299,0.24156291680779143,P,P,299,FALSE,0.5127966435225048,FALSE
RRCIHESPWL,C,I,3,4,R,L,PRM_0385,0.9148018055983168,C,I,385,FALSE,0.9620320035959372,FALSE
DKELPPKP,E,K,3,7,P,L,PRM_0152,0.43039458831193994,E,K,152,FALSE,0.7613639068369705,FALSE
GGGRYPVNDYVVL,Y,N,5,8,Y,V,PRM_0250,-0.03278706022786013,Y,N,250,FALSE,0.40823475510954577,FALSE
RRCQHESPWL,C,Q,3,4,R,L,PRM_0385,0.9185738601955068,C,Q,385,FALSE,0.9620320035959372,FALSE
DKELPPNP,E,N,3,7,P,L,PRM_0152,0.3515072067957232,E,N,152,FALSE,0.7613639068369705,FALSE
GGGRYPVTDYVVL,Y,T,5,8,Y,V,PRM_0250,0.22245213233580727,Y,T,250,FALSE,0.40823475510954577,FALSE
RRCHHESPWL,C,H,3,4,R,L,PRM_0385,0.8558377880197046,C,H,385,FALSE,0.9620320035959372,FALSE
DKELPPTP,E,T,3,7,P,L,PRM_0152,0.5105068686149479,E,T,152,FALSE,0.7613639068369705,FALSE
GLLPSRLLPSVPVL,P,L,4,8,W,A,PRM_0299,-0.04076354007279308,P,L,299,FALSE,0.5127966435225048,FALSE
RRCPHESPWL,C,P,3,4,R,L,PRM_0385,0.9243525338519231,C,P,385,FALSE,0.9620320035959372,FALSE
GGGRYPVRDYVVL,Y,R,5,8,Y,V,PRM_0250,0.28197615569131074,Y,R,250,FALSE,0.40823475510954577,FALSE
DKELPPRP,E,R,3,7,P,L,PRM_0152,0.39285805596314743,E,R,152,FALSE,0.7613639068369705,FALSE
GGGRYPVSDYVVL,Y,S,5,8,Y,V,PRM_0250,0.01702539025292874,Y,S,250,FALSE,0.40823475510954577,FALSE
GLLPSRLEPSVPVL,P,E,4,8,W,A,PRM_0299,-0.014359796380608284,P,E,299,FALSE,0.5127966435225048,FALSE
DKELPPSP,E,S,3,7,P,L,PRM_0152,0.3449637632220576,E,S,152,FALSE,0.7613639068369705,FALSE
GGGRYPVMDYVVL,Y,M,5,8,Y,V,PRM_0250,0.06618632169478283,Y,M,250,FALSE,0.40823475510954577,FALSE
GLLPSRLDPSVPVL,P,D,4,8,W,A,PRM_0299,0.047297585533918725,P,D,299,FALSE,0.5127966435225048,FALSE
DKELPPMP,E,M,3,7,P,L,PRM_0152,0.3776765832941136,E,M,152,FALSE,0.7613639068369705,FALSE
GGGRYPVIDYVVL,Y,I,5,8,Y,V,PRM_0250,0.40004721415002453,Y,I,250,FALSE,0.40823475510954577,FALSE
GLLPSRLAPSVPVL,P,A,4,8,W,A,PRM_0299,0.4304467755034882,P,A,299,FALSE,0.5127966435225048,FALSE
RRCLHESPWL,C,L,3,4,R,L,PRM_0385,0.9556647152397268,C,L,385,FALSE,0.9620320035959372,FALSE
DKELPPIP,E,I,3,7,P,L,PRM_0152,0.6065496170884963,E,I,152,FALSE,0.7613639068369705,FALSE
GGGRYPVQDYVVL,Y,Q,5,8,Y,V,PRM_0250,0.11497938571180512,Y,Q,250,FALSE,0.40823475510954577,FALSE
DKELPPQP,E,Q,3,7,P,L,PRM_0152,0.3859876685976611,E,Q,152,FALSE,0.7613639068369705,FALSE
GGGRYPVHDYVVL,Y,H,5,8,Y,V,PRM_0250,-0.04177904086844009,Y,H,250,FALSE,0.40823475510954577,FALSE
GLLPSRLGPSVPVL,P,G,4,8,W,A,PRM_0299,-0.07511560091011923,P,G,299,FALSE,0.5127966435225048,FALSE
RRCEHESPWL,C,E,3,4,R,L,PRM_0385,0.9250908034159973,C,E,385,FALSE,0.9620320035959372,FALSE
DKELPPHP,E,H,3,7,P,L,PRM_0152,0.2496101520366744,E,H,152,FALSE,0.7613639068369705,FALSE
GGGRYPVPDYVVL,Y,P,5,8,Y,V,PRM_0250,0.4364918923835395,Y,P,250,FALSE,0.40823475510954577,TRUE
RRCDHESPWL,C,D,3,4,R,L,PRM_0385,0.8876490752206994,C,D,385,FALSE,0.9620320035959372,FALSE
DKELPPPP,E,P,3,7,P,L,PRM_0152,0.3170975235839239,E,P,152,FALSE,0.7613639068369705,FALSE
GLLPSRLVPSVPVL,P,V,4,8,W,A,PRM_0299,-0.048424445601087746,P,V,299,FALSE,0.5127966435225048,FALSE
RRCAHESPWL,C,A,3,4,R,L,PRM_0385,0.8976380777233004,C,A,385,FALSE,0.9620320035959372,FALSE
GGGRYPVLDYVVL,Y,L,5,8,Y,V,PRM_0250,0.06942886961549688,Y,L,250,FALSE,0.40823475510954577,FALSE
GLLPSRL*PSVPVL,P,*,4,8,W,A,PRM_0299,0.0727520607176096,P,*,299,FALSE,0.5127966435225048,FALSE
RRCGHESPWL,C,G,3,4,R,L,PRM_0385,0.9058834490430963,C,G,385,FALSE,0.9620320035959372,FALSE
DKELPPLP,E,L,3,7,P,L,PRM_0152,0.658027612955641,E,L,152,FALSE,0.7613639068369705,FALSE
GLLPSRLYPSVPVL,P,Y,4,8,W,A,PRM_0299,0.013497842582662114,P,Y,299,FALSE,0.5127966435225048,FALSE
GGGRYPVEDYVVL,Y,E,5,8,Y,V,PRM_0250,0.32761040237344824,Y,E,250,FALSE,0.40823475510954577,FALSE
RRCVHESPWL,C,V,3,4,R,L,PRM_0385,0.915959417250512,C,V,385,FALSE,0.9620320035959372,FALSE
DKELPPEP,E,E,3,7,P,L,PRM_0152,0.3200141299565448,E,E,152,FALSE,0.7613639068369705,FALSE
GGGRYPVDDYVVL,Y,D,5,8,Y,V,PRM_0250,-0.194697776692579,Y,D,250,FALSE,0.40823475510954577,FALSE
DKELPPDP,E,D,3,7,P,L,PRM_0152,0.26730609882856105,E,D,152,FALSE,0.7613639068369705,FALSE
GGGRYPVADYVVL,Y,A,5,8,Y,V,PRM_0250,0.37724160301419873,Y,A,250,FALSE,0.40823475510954577,FALSE
GLLPSRLWPSVPVL,P,W,4,8,W,A,PRM_0299,-0.12754763242466752,P,W,299,FALSE,0.5127966435225048,FALSE
RRC*HESPWL,C,*,3,4,R,L,PRM_0385,0.3455380154035203,C,*,385,FALSE,0.9620320035959372,FALSE
DKELPPAP,E,A,3,7,P,L,PRM_0152,0.4289435852745396,E,A,152,FALSE,0.7613639068369705,FALSE
GLLPSRLCPSVPVL,P,C,4,8,W,A,PRM_0299,-0.02973353194074261,P,C,299,FALSE,0.5127966435225048,FALSE
RRCYHESPWL,C,Y,3,4,R,L,PRM_0385,0.9195786632057876,C,Y,385,FALSE,0.9620320035959372,FALSE
GLLWSRLKPSVPVL,W,K,4,8,W,A,PRM_0299,-0.18498171173126804,W,K,299,FALSE,0.5127966435225048,FALSE
GGGRYPVGDYVVL,Y,G,5,8,Y,V,PRM_0250,-0.03999074589222554,Y,G,250,FALSE,0.40823475510954577,FALSE
GLLWSRLNPSVPVL,W,N,4,8,W,A,PRM_0299,-0.09541994616745136,W,N,299,FALSE,0.5127966435225048,FALSE
DKELPPGP,E,G,3,7,P,L,PRM_0152,0.23391904756705628,E,G,152,FALSE,0.7613639068369705,FALSE
GLLPSRLFPSVPVL,P,F,4,8,W,A,PRM_0299,-0.023154115382761745,P,F,299,FALSE,0.5127966435225048,FALSE
GLLWSRLTPSVPVL,W,T,4,8,W,A,PRM_0299,-0.10398180200925655,W,T,299,FALSE,0.5127966435225048,FALSE
GGGRYPVVDYVVL,Y,V,5,8,Y,V,PRM_0250,0.40823475510954577,Y,V,250,TRUE,0.40823475510954577,TRUE
RRCWHESPWL,C,W,3,4,R,L,PRM_0385,0.8829806363507018,C,W,385,FALSE,0.9620320035959372,FALSE
DKELPPVP,E,V,3,7,P,L,PRM_0152,0.5296039823765402,E,V,152,FALSE,0.7613639068369705,FALSE
RRCCHESPWL,C,C,3,4,R,L,PRM_0385,0.897185937448016,C,C,385,FALSE,0.9620320035959372,FALSE
GLLWSRLRPSVPVL,W,R,4,8,W,A,PRM_0299,-0.2359402685756228,W,R,299,FALSE,0.5127966435225048,FALSE
GGGRYPV*DYVVL,Y,*,5,8,Y,V,PRM_0250,-0.10650806354102718,Y,*,250,FALSE,0.40823475510954577,FALSE
GLLWSRLSPSVPVL,W,S,4,8,W,A,PRM_0299,0.02999289587205914,W,S,299,FALSE,0.5127966435225048,FALSE
DKELPP*P,E,*,3,7,P,L,PRM_0152,0.24154362239822244,E,*,152,FALSE,0.7613639068369705,FALSE
GGGRYPVYDYVVL,Y,Y,5,8,Y,V,PRM_0250,-0.0937126757888772,Y,Y,250,FALSE,0.40823475510954577,FALSE
RRCFHESPWL,C,F,3,4,R,L,PRM_0385,0.8809534454507851,C,F,385,FALSE,0.9620320035959372,FALSE
GLLWSRLMPSVPVL,W,M,4,8,W,A,PRM_0299,-0.2528534607108238,W,M,299,FALSE,0.5127966435225048,FALSE
DKELPPYP,E,Y,3,7,P,L,PRM_0152,0.25209743449238114,E,Y,152,FALSE,0.7613639068369705,FALSE
RRLKHESPWL,L,K,3,4,R,L,PRM_0385,0.8536696266018188,L,K,385,FALSE,0.9620320035959372,FALSE
GLLWSRLIPSVPVL,W,I,4,8,W,A,PRM_0299,-0.22376777738662332,W,I,299,FALSE,0.5127966435225048,FALSE
RRLNHESPWL,L,N,3,4,R,L,PRM_0385,0.8733732300588735,L,N,385,FALSE,0.9620320035959372,FALSE
GLLWSRLQPSVPVL,W,Q,4,8,W,A,PRM_0299,-0.13386314814094585,W,Q,299,FALSE,0.5127966435225048,FALSE
GGGRYPVWDYVVL,Y,W,5,8,Y,V,PRM_0250,-0.13369890758411795,Y,W,250,FALSE,0.40823475510954577,FALSE
RRLTHESPWL,L,T,3,4,R,L,PRM_0385,0.8675981126767502,L,T,385,FALSE,0.9620320035959372,FALSE
GLLWSRLHPSVPVL,W,H,4,8,W,A,PRM_0299,-0.15397639947136954,W,H,299,FALSE,0.5127966435225048,FALSE
DKELPPWP,E,W,3,7,P,L,PRM_0152,0.2929831856933704,E,W,152,FALSE,0.7613639068369705,FALSE
GGGRYPVCDYVVL,Y,C,5,8,Y,V,PRM_0250,0.23935266134740368,Y,C,250,FALSE,0.40823475510954577,FALSE
GLLWSRLPPSVPVL,W,P,4,8,W,A,PRM_0299,0.17288897813760581,W,P,299,FALSE,0.5127966435225048,FALSE
DKELPPCP,E,C,3,7,P,L,PRM_0152,0.4174341793348476,E,C,152,FALSE,0.7613639068369705,FALSE
RRLRHESPWL,L,R,3,4,R,L,PRM_0385,0.8469150546108408,L,R,385,FALSE,0.9620320035959372,FALSE
GGGRYPVFDYVVL,Y,F,5,8,Y,V,PRM_0250,-0.08375366720942318,Y,F,250,FALSE,0.40823475510954577,FALSE
RRLSHESPWL,L,S,3,4,R,L,PRM_0385,0.8960766019773025,L,S,385,FALSE,0.9620320035959372,FALSE
DKELPPFP,E,F,3,7,P,L,PRM_0152,0.24154362239822244,E,F,152,FALSE,0.7613639068369705,FALSE
GGGRSPVKDYVVL,S,K,5,8,Y,V,PRM_0250,-0.02941536421049008,S,K,250,FALSE,0.40823475510954577,FALSE
RRLMHESPWL,L,M,3,4,R,L,PRM_0385,0.9297091998567876,L,M,385,FALSE,0.9620320035959372,FALSE
DKDLPPKP,D,K,3,7,P,L,PRM_0152,0.2223404962565353,D,K,152,FALSE,0.7613639068369705,FALSE
GGGRSPVNDYVVL,S,N,5,8,Y,V,PRM_0250,-0.00859530199480945,S,N,250,FALSE,0.40823475510954577,FALSE
RRLIHESPWL,L,I,3,4,R,L,PRM_0385,0.9028753301614032,L,I,385,FALSE,0.9620320035959372,FALSE
GLLWSRLLPSVPVL,W,L,4,8,W,A,PRM_0299,-0.1858760142867697,W,L,299,FALSE,0.5127966435225048,FALSE
DKDLPPNP,D,N,3,7,P,L,PRM_0152,0.2836950866122507,D,N,152,FALSE,0.7613639068369705,FALSE
GGGRSPVTDYVVL,S,T,5,8,Y,V,PRM_0250,0.058929860501998076,S,T,250,FALSE,0.40823475510954577,FALSE
RRLQHESPWL,L,Q,3,4,R,L,PRM_0385,0.9168690062207956,L,Q,385,FALSE,0.9620320035959372,FALSE
DKDLPPTP,D,T,3,7,P,L,PRM_0152,0.4528377018100518,D,T,152,FALSE,0.7613639068369705,FALSE
RRLHHESPWL,L,H,3,4,R,L,PRM_0385,0.875277890947822,L,H,385,FALSE,0.9620320035959372,FALSE
GLLWSRLEPSVPVL,W,E,4,8,W,A,PRM_0299,-0.1675759759297492,W,E,299,FALSE,0.5127966435225048,FALSE
GGGRSPVRDYVVL,S,R,5,8,Y,V,PRM_0250,0.048592672345122045,S,R,250,FALSE,0.40823475510954577,FALSE
RRLPHESPWL,L,P,3,4,R,L,PRM_0385,0.9029400510831516,L,P,385,FALSE,0.9620320035959372,FALSE
GLLWSRLDPSVPVL,W,D,4,8,W,A,PRM_0299,-0.28003452444294946,W,D,299,FALSE,0.5127966435225048,FALSE
DKDLPPRP,D,R,3,7,P,L,PRM_0152,0.4084811216231909,D,R,152,FALSE,0.7613639068369705,FALSE
GGGRSPVSDYVVL,S,S,5,8,Y,V,PRM_0250,-0.01789007426591517,S,S,250,FALSE,0.40823475510954577,FALSE
GLLWSRLAPSVPVL,W,A,4,8,W,A,PRM_0299,0.5127966435225048,W,A,299,TRUE,0.5127966435225048,TRUE
DKDLPPSP,D,S,3,7,P,L,PRM_0152,0.27922337577176093,D,S,152,FALSE,0.7613639068369705,FALSE
GGGRSPVMDYVVL,S,M,5,8,Y,V,PRM_0250,-0.08701795664492362,S,M,250,FALSE,0.40823475510954577,FALSE
DKDLPPMP,D,M,3,7,P,L,PRM_0152,0.413600285310398,D,M,152,FALSE,0.7613639068369705,FALSE
GGGRSPVIDYVVL,S,I,5,8,Y,V,PRM_0250,-0.09933805437787711,S,I,250,FALSE,0.40823475510954577,FALSE
GLLWSRLGPSVPVL,W,G,4,8,W,A,PRM_0299,-0.2536748100947333,W,G,299,FALSE,0.5127966435225048,FALSE
DKDLPPIP,D,I,3,7,P,L,PRM_0152,0.6138584875463383,D,I,152,FALSE,0.7613639068369705,FALSE
GGGRSPVQDYVVL,S,Q,5,8,Y,V,PRM_0250,0.0535969290256139,S,Q,250,FALSE,0.40823475510954577,FALSE
RRLLHESPWL,L,L,3,4,R,L,PRM_0385,0.9550541630918618,L,L,385,FALSE,0.9620320035959372,FALSE
DKDLPPQP,D,Q,3,7,P,L,PRM_0152,0.22126652117157783,D,Q,152,FALSE,0.7613639068369705,FALSE
GGGRSPVHDYVVL,S,H,5,8,Y,V,PRM_0250,0.11501830372551164,S,H,250,FALSE,0.40823475510954577,FALSE
GLLWSRLVPSVPVL,W,V,4,8,W,A,PRM_0299,-0.18969646391873324,W,V,299,FALSE,0.5127966435225048,FALSE
DKDLPPHP,D,H,3,7,P,L,PRM_0152,0.2574411424038981,D,H,152,FALSE,0.7613639068369705,FALSE
GGGRSPVPDYVVL,S,P,5,8,Y,V,PRM_0250,0.13705429571878086,S,P,250,FALSE,0.40823475510954577,FALSE
RRLEHESPWL,L,E,3,4,R,L,PRM_0385,0.9149191879940564,L,E,385,FALSE,0.9620320035959372,FALSE
DKDLPPPP,D,P,3,7,P,L,PRM_0152,0.5394276840311043,D,P,152,FALSE,0.7613639068369705,FALSE
RRLDHESPWL,L,D,3,4,R,L,PRM_0385,0.8974429567471404,L,D,385,FALSE,0.9620320035959372,FALSE
GLLWSRL*PSVPVL,W,*,4,8,W,A,PRM_0299,-0.02247295719813045,W,*,299,FALSE,0.5127966435225048,FALSE
RRLAHESPWL,L,A,3,4,R,L,PRM_0385,0.8958744677275372,L,A,385,FALSE,0.9620320035959372,FALSE
GLLWSRLYPSVPVL,W,Y,4,8,W,A,PRM_0299,-0.1786009080404771,W,Y,299,FALSE,0.5127966435225048,FALSE
GGGRSPVLDYVVL,S,L,5,8,Y,V,PRM_0250,0.00261302996449569,S,L,250,FALSE,0.40823475510954577,FALSE
DKDLPPLP,D,L,3,7,P,L,PRM_0152,0.5939120134125712,D,L,152,FALSE,0.7613639068369705,FALSE
RRLGHESPWL,L,G,3,4,R,L,PRM_0385,0.8886166695627159,L,G,385,FALSE,0.9620320035959372,FALSE
GGGRSPVEDYVVL,S,E,5,8,Y,V,PRM_0250,-0.01017729055840659,S,E,250,FALSE,0.40823475510954577,FALSE
GLLWSRLWPSVPVL,W,W,4,8,W,A,PRM_0299,-0.1492487845529896,W,W,299,FALSE,0.5127966435225048,FALSE
DKDLPPEP,D,E,3,7,P,L,PRM_0152,0.3994409770264694,D,E,152,FALSE,0.7613639068369705,FALSE
GGGRSPVDDYVVL,S,D,5,8,Y,V,PRM_0250,-0.03044790936413956,S,D,250,FALSE,0.40823475510954577,FALSE
RRLVHESPWL,L,V,3,4,R,L,PRM_0385,0.900865593177663,L,V,385,FALSE,0.9620320035959372,FALSE
GLLWSRLCPSVPVL,W,C,4,8,W,A,PRM_0299,-0.1590926211764293,W,C,299,FALSE,0.5127966435225048,FALSE
DKDLPPDP,D,D,3,7,P,L,PRM_0152,0.2836950866122507,D,D,152,FALSE,0.7613639068369705,FALSE
GGGRSPVADYVVL,S,A,5,8,Y,V,PRM_0250,0.07394848592631163,S,A,250,FALSE,0.40823475510954577,FALSE
DKDLPPAP,D,A,3,7,P,L,PRM_0152,0.37878633210850643,D,A,152,FALSE,0.7613639068369705,FALSE
GGGRSPVGDYVVL,S,G,5,8,Y,V,PRM_0250,-0.07305914915521822,S,G,250,FALSE,0.40823475510954577,FALSE
RRL*HESPWL,L,*,3,4,R,L,PRM_0385,0.3568307793798208,L,*,385,FALSE,0.9620320035959372,FALSE
GLLWSRLFPSVPVL,W,F,4,8,W,A,PRM_0299,-0.247123209228628,W,F,299,FALSE,0.5127966435225048,FALSE
RRLYHESPWL,L,Y,3,4,R,L,PRM_0385,0.8956149917052386,L,Y,385,FALSE,0.9620320035959372,FALSE
GLLCSRLKPSVPVL,C,K,4,8,W,A,PRM_0299,-0.1496150313431987,C,K,299,FALSE,0.5127966435225048,FALSE
DKDLPPGP,D,G,3,7,P,L,PRM_0152,0.22219491571914468,D,G,152,FALSE,0.7613639068369705,FALSE
GGGRSPVVDYVVL,S,V,5,8,Y,V,PRM_0250,-0.027825200952934386,S,V,250,FALSE,0.40823475510954577,FALSE
GLLCSRLNPSVPVL,C,N,4,8,W,A,PRM_0299,-0.23070611160008003,C,N,299,FALSE,0.5127966435225048,FALSE
GLLCSRLTPSVPVL,C,T,4,8,W,A,PRM_0299,-0.08230340763901645,C,T,299,FALSE,0.5127966435225048,FALSE
DKDLPPVP,D,V,3,7,P,L,PRM_0152,0.467496938667954,D,V,152,FALSE,0.7613639068369705,FALSE
GGGRSPV*DYVVL,S,*,5,8,Y,V,PRM_0250,-0.1143039663717312,S,*,250,FALSE,0.40823475510954577,FALSE
GLLRSRLKPSVPVL,R,K,4,8,W,A,PRM_0299,-0.0311786803968124,R,K,299,FALSE,0.5127966435225048,FALSE
RRLWHESPWL,L,W,3,4,R,L,PRM_0385,0.8893694134756566,L,W,385,FALSE,0.9620320035959372,FALSE
GGGRSPVYDYVVL,S,Y,5,8,Y,V,PRM_0250,-0.09835877787340558,S,Y,250,FALSE,0.40823475510954577,FALSE
GLLRSRLNPSVPVL,R,N,4,8,W,A,PRM_0299,-0.08187030980602214,R,N,299,FALSE,0.5127966435225048,FALSE
RRLCHESPWL,L,C,3,4,R,L,PRM_0385,0.9061139712103008,L,C,385,FALSE,0.9620320035959372,FALSE
GLLCSRLRPSVPVL,C,R,4,8,W,A,PRM_0299,-0.18498171173126804,C,R,299,FALSE,0.5127966435225048,FALSE
DKDLPP*P,D,*,3,7,P,L,PRM_0152,0.07690536665893738,D,*,152,FALSE,0.7613639068369705,FALSE
GLLRSRLTPSVPVL,R,T,4,8,W,A,PRM_0299,-0.08069734278349336,R,T,299,FALSE,0.5127966435225048,FALSE
GLLCSRLSPSVPVL,C,S,4,8,W,A,PRM_0299,-0.0918678131427294,C,S,299,FALSE,0.5127966435225048,FALSE
DKDLPPYP,D,Y,3,7,P,L,PRM_0152,0.2944100054280193,D,Y,152,FALSE,0.7613639068369705,FALSE
RRLFHESPWL,L,F,3,4,R,L,PRM_0385,0.8867804855984764,L,F,385,FALSE,0.9620320035959372,FALSE
GLLCSRLMPSVPVL,C,M,4,8,W,A,PRM_0299,-0.21808019971562775,C,M,299,FALSE,0.5127966435225048,FALSE
GGGRSPVWDYVVL,S,W,5,8,Y,V,PRM_0250,-0.21247501341032268,S,W,250,FALSE,0.40823475510954577,FALSE
GLLRSRLRPSVPVL,R,R,4,8,W,A,PRM_0299,-0.14867126792687785,R,R,299,FALSE,0.5127966435225048,FALSE
RRFKHESPWL,F,K,3,4,R,L,PRM_0385,0.8673150292643033,F,K,385,FALSE,0.9620320035959372,FALSE
GLLCSRLIPSVPVL,C,I,4,8,W,A,PRM_0299,-0.1272991412620564,C,I,299,FALSE,0.5127966435225048,FALSE
GGGRSPVCDYVVL,S,C,5,8,Y,V,PRM_0250,-0.07748544700854701,S,C,250,FALSE,0.40823475510954577,FALSE
GLLRSRLSPSVPVL,R,S,4,8,W,A,PRM_0299,-0.08454227029055975,R,S,299,FALSE,0.5127966435225048,FALSE
RRFNHESPWL,F,N,3,4,R,L,PRM_0385,0.8829763669391837,F,N,385,FALSE,0.9620320035959372,FALSE
GLLCSRLQPSVPVL,C,Q,4,8,W,A,PRM_0299,0.04461849073070118,C,Q,299,FALSE,0.5127966435225048,FALSE
DKDLPPWP,D,W,3,7,P,L,PRM_0152,0.2987970456584294,D,W,152,FALSE,0.7613639068369705,FALSE
GLLRSRLMPSVPVL,R,M,4,8,W,A,PRM_0299,-0.14853218543716082,R,M,299,FALSE,0.5127966435225048,FALSE
RRFTHESPWL,F,T,3,4,R,L,PRM_0385,0.9021147443852893,F,T,385,FALSE,0.9620320035959372,FALSE
GLLCSRLHPSVPVL,C,H,4,8,W,A,PRM_0299,-0.14158997609853927,C,H,299,FALSE,0.5127966435225048,FALSE
DKDLPPCP,D,C,3,7,P,L,PRM_0152,0.40046544819933866,D,C,152,FALSE,0.7613639068369705,FALSE
GGGRSPVFDYVVL,S,F,5,8,Y,V,PRM_0250,-0.1246898381525378,S,F,250,FALSE,0.40823475510954577,FALSE
GLLRSRLIPSVPVL,R,I,4,8,W,A,PRM_0299,-0.01708141281681481,R,I,299,FALSE,0.5127966435225048,FALSE
GLLCSRLPPSVPVL,C,P,4,8,W,A,PRM_0299,-0.10376464522263032,C,P,299,FALSE,0.5127966435225048,FALSE
GLLRSRLQPSVPVL,R,Q,4,8,W,A,PRM_0299,-0.09638312766901046,R,Q,299,FALSE,0.5127966435225048,FALSE
RRFRHESPWL,F,R,3,4,R,L,PRM_0385,0.8858004379626647,F,R,385,FALSE,0.9620320035959372,FALSE
DKDLPPFP,D,F,3,7,P,L,PRM_0152,0.3587779333880289,D,F,152,FALSE,0.7613639068369705,FALSE
GLLRSRLHPSVPVL,R,H,4,8,W,A,PRM_0299,-0.02749298265527305,R,H,299,FALSE,0.5127966435225048,FALSE
RRFSHESPWL,F,S,3,4,R,L,PRM_0385,0.8945006437218982,F,S,385,FALSE,0.9620320035959372,FALSE
DKALPPKP,A,K,3,7,P,L,PRM_0152,0.37752918062028273,A,K,152,FALSE,0.7613639068369705,FALSE
GLLRSRLPPSVPVL,R,P,4,8,W,A,PRM_0299,-0.01283520974069035,R,P,299,FALSE,0.5127966435225048,FALSE
RRFMHESPWL,F,M,3,4,R,L,PRM_0385,0.8895803433639159,F,M,385,FALSE,0.9620320035959372,FALSE
DKALPPNP,A,N,3,7,P,L,PRM_0152,0.29384548881410655,A,N,152,FALSE,0.7613639068369705,FALSE
RRFIHESPWL,F,I,3,4,R,L,PRM_0385,0.8946142263351431,F,I,385,FALSE,0.9620320035959372,FALSE
GLLCSRLLPSVPVL,C,L,4,8,W,A,PRM_0299,-0.22144474536655184,C,L,299,FALSE,0.5127966435225048,FALSE
DKALPPTP,A,T,3,7,P,L,PRM_0152,0.5409759267985943,A,T,152,FALSE,0.7613639068369705,FALSE
RRFQHESPWL,F,Q,3,4,R,L,PRM_0385,0.9359501795149232,F,Q,385,FALSE,0.9620320035959372,FALSE
DKALPPRP,A,R,3,7,P,L,PRM_0152,0.42844510103849903,A,R,152,FALSE,0.7613639068369705,FALSE
RRFHHESPWL,F,H,3,4,R,L,PRM_0385,0.8985648941571435,F,H,385,FALSE,0.9620320035959372,FALSE
GLLCSRLEPSVPVL,C,E,4,8,W,A,PRM_0299,-0.22303544914959136,C,E,299,FALSE,0.5127966435225048,FALSE
DKALPPSP,A,S,3,7,P,L,PRM_0152,0.3716647121973963,A,S,152,FALSE,0.7613639068369705,FALSE
GLLRSRLLPSVPVL,R,L,4,8,W,A,PRM_0299,-0.06054954046816485,R,L,299,FALSE,0.5127966435225048,FALSE
RRFPHESPWL,F,P,3,4,R,L,PRM_0385,0.9022362780092636,F,P,385,FALSE,0.9620320035959372,FALSE
GLLCSRLDPSVPVL,C,D,4,8,W,A,PRM_0299,-0.21555263439403105,C,D,299,FALSE,0.5127966435225048,FALSE
DKALPPMP,A,M,3,7,P,L,PRM_0152,0.3835666557036434,A,M,152,FALSE,0.7613639068369705,FALSE
GLLCSRLAPSVPVL,C,A,4,8,W,A,PRM_0299,-0.020827940826457902,C,A,299,FALSE,0.5127966435225048,FALSE
DKALPPIP,A,I,3,7,P,L,PRM_0152,0.5700229323797735,A,I,152,FALSE,0.7613639068369705,FALSE
GLLRSRLEPSVPVL,R,E,4,8,W,A,PRM_0299,-0.02128894817559672,R,E,299,FALSE,0.5127966435225048,FALSE
DKALPPQP,A,Q,3,7,P,L,PRM_0152,0.4505530473603117,A,Q,152,FALSE,0.7613639068369705,FALSE
GLLRSRLDPSVPVL,R,D,4,8,W,A,PRM_0299,-0.12552887197205873,R,D,299,FALSE,0.5127966435225048,FALSE
GLLCSRLGPSVPVL,C,G,4,8,W,A,PRM_0299,-0.14383595255911413,C,G,299,FALSE,0.5127966435225048,FALSE
DKALPPHP,A,H,3,7,P,L,PRM_0152,0.26841240673535854,A,H,152,FALSE,0.7613639068369705,FALSE
GLLRSRLAPSVPVL,R,A,4,8,W,A,PRM_0299,-0.04957381737732762,R,A,299,FALSE,0.5127966435225048,FALSE
RRFLHESPWL,F,L,3,4,R,L,PRM_0385,0.9401767821575971,F,L,385,FALSE,0.9620320035959372,FALSE
GLLCSRLVPSVPVL,C,V,4,8,W,A,PRM_0299,-0.23048055195654543,C,V,299,FALSE,0.5127966435225048,FALSE
GLLRSRLGPSVPVL,R,G,4,8,W,A,PRM_0299,-0.14742559657204224,R,G,299,FALSE,0.5127966435225048,FALSE
RRFEHESPWL,F,E,3,4,R,L,PRM_0385,0.9051162256065308,F,E,385,FALSE,0.9620320035959372,FALSE
DKALPPLP,A,L,3,7,P,L,PRM_0152,0.6288129383862237,A,L,152,FALSE,0.7613639068369705,FALSE
RRFDHESPWL,F,D,3,4,R,L,PRM_0385,0.9122294452036884,F,D,385,FALSE,0.9620320035959372,FALSE
GLLCSRL*PSVPVL,C,*,4,8,W,A,PRM_0299,-0.11732759808657578,C,*,299,FALSE,0.5127966435225048,FALSE
DKALPPEP,A,E,3,7,P,L,PRM_0152,0.4056278397260882,A,E,152,FALSE,0.7613639068369705,FALSE
GLLRSRLVPSVPVL,R,V,4,8,W,A,PRM_0299,-0.12858763221982372,R,V,299,FALSE,0.5127966435225048,FALSE
RRFAHESPWL,F,A,3,4,R,L,PRM_0385,0.9058347930707513,F,A,385,FALSE,0.9620320035959372,FALSE
GLLCSRLYPSVPVL,C,Y,4,8,W,A,PRM_0299,-0.18787797143502816,C,Y,299,FALSE,0.5127966435225048,FALSE
DKALPPDP,A,D,3,7,P,L,PRM_0152,0.32935295061763104,A,D,152,FALSE,0.7613639068369705,FALSE
DKALPPAP,A,A,3,7,P,L,PRM_0152,0.3711666954122921,A,A,152,FALSE,0.7613639068369705,FALSE
GLLRSRL*PSVPVL,R,*,4,8,W,A,PRM_0299,-0.13150238557926325,R,*,299,FALSE,0.5127966435225048,FALSE
RRFGHESPWL,F,G,3,4,R,L,PRM_0385,0.8965895499943219,F,G,385,FALSE,0.9620320035959372,FALSE
GLLRSRLYPSVPVL,R,Y,4,8,W,A,PRM_0299,-0.1437645021656412,R,Y,299,FALSE,0.5127966435225048,FALSE
GLLCSRLWPSVPVL,C,W,4,8,W,A,PRM_0299,-0.0699934756423401,C,W,299,FALSE,0.5127966435225048,FALSE
DKALPPGP,A,G,3,7,P,L,PRM_0152,0.22031420111819944,A,G,152,FALSE,0.7613639068369705,FALSE
RRFVHESPWL,F,V,3,4,R,L,PRM_0385,0.9233751607486645,F,V,385,FALSE,0.9620320035959372,FALSE
GLLCSRLCPSVPVL,C,C,4,8,W,A,PRM_0299,-0.07880092188919027,C,C,299,FALSE,0.5127966435225048,FALSE
DKALPPVP,A,V,3,7,P,L,PRM_0152,0.5137908372125977,A,V,152,FALSE,0.7613639068369705,FALSE
GLLRSRLWPSVPVL,R,W,4,8,W,A,PRM_0299,-0.21315510115879532,R,W,299,FALSE,0.5127966435225048,FALSE
RRF*HESPWL,F,*,3,4,R,L,PRM_0385,0.3805520225808568,F,*,385,FALSE,0.9620320035959372,FALSE
GLLCSRLFPSVPVL,C,F,4,8,W,A,PRM_0299,-0.09947596920234451,C,F,299,FALSE,0.5127966435225048,FALSE
GLLRSRLCPSVPVL,R,C,4,8,W,A,PRM_0299,-0.14158997609853927,R,C,299,FALSE,0.5127966435225048,FALSE
RRFYHESPWL,F,Y,3,4,R,L,PRM_0385,0.9106946650655232,F,Y,385,FALSE,0.9620320035959372,FALSE
GLLLSRLKPSVPVL,L,K,4,8,W,A,PRM_0299,-0.09494423456522988,L,K,299,FALSE,0.5127966435225048,FALSE
DKALPP*P,A,*,3,7,P,L,PRM_0152,0.19967949901109744,A,*,152,FALSE,0.7613639068369705,FALSE
GLLLSRLNPSVPVL,L,N,4,8,W,A,PRM_0299,-0.07748544700854701,L,N,299,FALSE,0.5127966435225048,FALSE
DKALPPYP,A,Y,3,7,P,L,PRM_0152,0.23030620518376105,A,Y,152,FALSE,0.7613639068369705,FALSE
GLLRSRLFPSVPVL,R,F,4,8,W,A,PRM_0299,-0.16615058139756858,R,F,299,FALSE,0.5127966435225048,FALSE
GLLLSRLTPSVPVL,L,T,4,8,W,A,PRM_0299,-0.0773629152909709,L,T,299,FALSE,0.5127966435225048,FALSE
RRFWHESPWL,F,W,3,4,R,L,PRM_0385,0.9021968396470212,F,W,385,FALSE,0.9620320035959372,FALSE
RRFCHESPWL,F,C,3,4,R,L,PRM_0385,0.9032320471285044,F,C,385,FALSE,0.9620320035959372,FALSE
GLLLSRLRPSVPVL,L,R,4,8,W,A,PRM_0299,-0.09349906454116848,L,R,299,FALSE,0.5127966435225048,FALSE
DKALPPWP,A,W,3,7,P,L,PRM_0152,0.33920585984296536,A,W,152,FALSE,0.7613639068369705,FALSE
GLLLSRLSPSVPVL,L,S,4,8,W,A,PRM_0299,-0.09835877787340558,L,S,299,FALSE,0.5127966435225048,FALSE
DKALPPCP,A,C,3,7,P,L,PRM_0152,0.3982052959910284,A,C,152,FALSE,0.7613639068369705,FALSE
GGGRWPVKDYVVL,W,K,5,8,Y,V,PRM_0250,-0.06300445531464517,W,K,250,FALSE,0.40823475510954577,FALSE
RRFFHESPWL,F,F,3,4,R,L,PRM_0385,0.901672989024298,F,F,385,FALSE,0.9620320035959372,FALSE
GLLLSRLMPSVPVL,L,M,4,8,W,A,PRM_0299,-0.1445146314334428,L,M,299,FALSE,0.5127966435225048,FALSE
GGGRWPVNDYVVL,W,N,5,8,Y,V,PRM_0250,-0.05767128698807939,W,N,250,FALSE,0.40823475510954577,FALSE
PPPALPPKRRR,NA,NA,NA,NA,NA,NA,reference,1,NA,NA,reference,FALSE,NA,NA
GLLLSRLIPSVPVL,L,I,4,8,W,A,PRM_0299,-0.0918678131427294,L,I,299,FALSE,0.5127966435225048,FALSE
DKALPPFP,A,F,3,7,P,L,PRM_0152,0.3768240920713687,A,F,152,FALSE,0.7613639068369705,FALSE
GGGRWPVTDYVVL,W,T,5,8,Y,V,PRM_0250,0.01660231973471656,W,T,250,FALSE,0.40823475510954577,FALSE
DKKLPPKP,K,K,3,7,P,L,PRM_0152,0.35979685100347963,K,K,152,FALSE,0.7613639068369705,FALSE
GLLLSRLQPSVPVL,L,Q,4,8,W,A,PRM_0299,-0.120431369541305,L,Q,299,FALSE,0.5127966435225048,FALSE
DKKLPPTP,K,T,3,7,P,L,PRM_0152,0.5479086300997356,K,T,152,FALSE,0.7613639068369705,FALSE
GLLLSRLHPSVPVL,L,H,4,8,W,A,PRM_0299,-0.07427802184188993,L,H,299,FALSE,0.5127966435225048,FALSE
GGGRWPVRDYVVL,W,R,5,8,Y,V,PRM_0250,0.10858428762984536,W,R,250,FALSE,0.40823475510954577,FALSE
GLLLSRLPPSVPVL,L,P,4,8,W,A,PRM_0299,-0.03615480710745089,L,P,299,FALSE,0.5127966435225048,FALSE
GGGRWPVSDYVVL,W,S,5,8,Y,V,PRM_0250,-0.13128888131546515,W,S,250,FALSE,0.40823475510954577,FALSE
DKKLPPRP,K,R,3,7,P,L,PRM_0152,0.3083472739856583,K,R,152,FALSE,0.7613639068369705,FALSE
GGGRWPVMDYVVL,W,M,5,8,Y,V,PRM_0250,-0.26697184101115073,W,M,250,FALSE,0.40823475510954577,FALSE
DKKLPPSP,K,S,3,7,P,L,PRM_0152,0.38147778610741107,K,S,152,FALSE,0.7613639068369705,FALSE
GGGRWPVIDYVVL,W,I,5,8,Y,V,PRM_0250,0.2597497025662149,W,I,250,FALSE,0.40823475510954577,FALSE
DKKLPPMP,K,M,3,7,P,L,PRM_0152,0.3629144431179459,K,M,152,FALSE,0.7613639068369705,FALSE
GGGRWPVQDYVVL,W,Q,5,8,Y,V,PRM_0250,0.12084761446258176,W,Q,250,FALSE,0.40823475510954577,FALSE
DKKLPPIP,K,I,3,7,P,L,PRM_0152,0.541669132011561,K,I,152,FALSE,0.7613639068369705,FALSE
GLLLSRLLPSVPVL,L,L,4,8,W,A,PRM_0299,-0.12802139593748688,L,L,299,FALSE,0.5127966435225048,FALSE
GGGRWPVHDYVVL,W,H,5,8,Y,V,PRM_0250,0.06796098559789751,W,H,250,FALSE,0.40823475510954577,FALSE
DKALPPPP,A,P,3,7,P,L,PRM_0152,0.49782776765229775,A,P,152,FALSE,0.7613639068369705,FALSE
GGGRWPVPDYVVL,W,P,5,8,Y,V,PRM_0250,0.4135100884938061,W,P,250,FALSE,0.40823475510954577,TRUE
GLLLSRLEPSVPVL,L,E,4,8,W,A,PRM_0299,-0.09202207474404814,L,E,299,FALSE,0.5127966435225048,FALSE
DKKLPPLP,K,L,3,7,P,L,PRM_0152,0.5919012916829879,K,L,152,FALSE,0.7613639068369705,FALSE
GLLLSRLDPSVPVL,L,D,4,8,W,A,PRM_0299,-0.0742780218418897,L,D,299,FALSE,0.5127966435225048,FALSE
GLLLSRLAPSVPVL,L,A,4,8,W,A,PRM_0299,0.12396065779795486,L,A,299,FALSE,0.5127966435225048,FALSE
GGGRWPVLDYVVL,W,L,5,8,Y,V,PRM_0250,-0.09538662039497192,W,L,250,FALSE,0.40823475510954577,FALSE
DKKLPPEP,K,E,3,7,P,L,PRM_0152,0.34141092977562076,K,E,152,FALSE,0.7613639068369705,FALSE
DKKLPPDP,K,D,3,7,P,L,PRM_0152,0.21723021620652525,K,D,152,FALSE,0.7613639068369705,FALSE
GLLLSRLGPSVPVL,L,G,4,8,W,A,PRM_0299,-0.18551312917412366,L,G,299,FALSE,0.5127966435225048,FALSE
GGGRWPVEDYVVL,W,E,5,8,Y,V,PRM_0250,0.2811952626634304,W,E,250,FALSE,0.40823475510954577,FALSE
DKKLPPAP,K,A,3,7,P,L,PRM_0152,0.30807488648261855,K,A,152,FALSE,0.7613639068369705,FALSE
GGGRWPVDDYVVL,W,D,5,8,Y,V,PRM_0250,-0.18671424083637825,W,D,250,FALSE,0.40823475510954577,FALSE
GLLLSRLVPSVPVL,L,V,4,8,W,A,PRM_0299,-0.2270012661012866,L,V,299,FALSE,0.5127966435225048,FALSE
GGGRWPVADYVVL,W,A,5,8,Y,V,PRM_0250,0.2372060099596333,W,A,250,FALSE,0.40823475510954577,FALSE
DKKLPPGP,K,G,3,7,P,L,PRM_0152,0.25203183064143136,K,G,152,FALSE,0.7613639068369705,FALSE
GLLLSRL*PSVPVL,L,*,4,8,W,A,PRM_0299,-0.10883236795812544,L,*,299,FALSE,0.5127966435225048,FALSE
GGGRWPVGDYVVL,W,G,5,8,Y,V,PRM_0250,-0.03908259867640494,W,G,250,FALSE,0.40823475510954577,FALSE
DKKLPPVP,K,V,3,7,P,L,PRM_0152,0.450350313517635,K,V,152,FALSE,0.7613639068369705,FALSE
GLLLSRLYPSVPVL,L,Y,4,8,W,A,PRM_0299,-0.12300082362915804,L,Y,299,FALSE,0.5127966435225048,FALSE
GGGRWPVVDYVVL,W,V,5,8,Y,V,PRM_0250,0.31803336143919003,W,V,250,FALSE,0.40823475510954577,FALSE
DKKLPP*P,K,*,3,7,P,L,PRM_0152,0.15475230399805998,K,*,152,FALSE,0.7613639068369705,FALSE
DKKLPPYP,K,Y,3,7,P,L,PRM_0152,0.3941839699447865,K,Y,152,FALSE,0.7613639068369705,FALSE
GLLLSRLWPSVPVL,L,W,4,8,W,A,PRM_0299,-0.18136181290561376,L,W,299,FALSE,0.5127966435225048,FALSE
GGGRWPV*DYVVL,W,*,5,8,Y,V,PRM_0250,-0.12553018071606442,W,*,250,FALSE,0.40823475510954577,FALSE
GLLLSRLCPSVPVL,L,C,4,8,W,A,PRM_0299,-0.22706191821296168,L,C,299,FALSE,0.5127966435225048,FALSE
GGGRWPVYDYVVL,W,Y,5,8,Y,V,PRM_0250,0.00408138244335669,W,Y,250,FALSE,0.40823475510954577,FALSE
DKKLPPWP,K,W,3,7,P,L,PRM_0152,0.2624115375221113,K,W,152,FALSE,0.7613639068369705,FALSE
DKKLPPCP,K,C,3,7,P,L,PRM_0152,0.3408269225786696,K,C,152,FALSE,0.7613639068369705,FALSE
GLLLSRLFPSVPVL,L,F,4,8,W,A,PRM_0299,-0.20252305683030788,L,F,299,FALSE,0.5127966435225048,FALSE
GLLFSRLKPSVPVL,F,K,4,8,W,A,PRM_0299,-0.17673776623144616,F,K,299,FALSE,0.5127966435225048,FALSE
GGGRWPVWDYVVL,W,W,5,8,Y,V,PRM_0250,-0.2568870917299855,W,W,250,FALSE,0.40823475510954577,FALSE
DKKLPPFP,K,F,3,7,P,L,PRM_0152,0.20488940292491412,K,F,152,FALSE,0.7613639068369705,FALSE
GLLFSRLNPSVPVL,F,N,4,8,W,A,PRM_0299,-0.17952567357499585,F,N,299,FALSE,0.5127966435225048,FALSE
GGGRWPVCDYVVL,W,C,5,8,Y,V,PRM_0250,-0.010911458646063,W,C,250,FALSE,0.40823475510954577,FALSE
DKNLPPKP,N,K,3,7,P,L,PRM_0152,0.21403624261306844,N,K,152,FALSE,0.7613639068369705,FALSE
GLLFSRLTPSVPVL,F,T,4,8,W,A,PRM_0299,-0.14522709022397495,F,T,299,FALSE,0.5127966435225048,FALSE
DKNLPPNP,N,N,3,7,P,L,PRM_0152,0.39233045888436496,N,N,152,FALSE,0.7613639068369705,FALSE
DKGLPPKP,G,K,3,7,P,L,PRM_0152,0.19824654262402,G,K,152,FALSE,0.7613639068369705,FALSE
GGGRWPVFDYVVL,W,F,5,8,Y,V,PRM_0250,-0.26830576664208505,W,F,250,FALSE,0.40823475510954577,FALSE
DKNLPPTP,N,T,3,7,P,L,PRM_0152,0.36583749055272285,N,T,152,FALSE,0.7613639068369705,FALSE
GLLFSRLRPSVPVL,F,R,4,8,W,A,PRM_0299,-0.17833699466577838,F,R,299,FALSE,0.5127966435225048,FALSE
DKGLPPNP,G,N,3,7,P,L,PRM_0152,0.1893813413291237,G,N,152,FALSE,0.7613639068369705,FALSE
GGGRCPVKDYVVL,C,K,5,8,Y,V,PRM_0250,0.08415580558380355,C,K,250,FALSE,0.40823475510954577,FALSE
GLLFSRLSPSVPVL,F,S,4,8,W,A,PRM_0299,-0.21063795877657815,F,S,299,FALSE,0.5127966435225048,FALSE
DKGLPPTP,G,T,3,7,P,L,PRM_0152,0.37057820847278194,G,T,152,FALSE,0.7613639068369705,FALSE
GGGRCPVNDYVVL,C,N,5,8,Y,V,PRM_0250,-0.17272497612650156,C,N,250,FALSE,0.40823475510954577,FALSE
DKNLPPRP,N,R,3,7,P,L,PRM_0152,0.35501050623400043,N,R,152,FALSE,0.7613639068369705,FALSE
GLLFSRLMPSVPVL,F,M,4,8,W,A,PRM_0299,-0.15920462746306252,F,M,299,FALSE,0.5127966435225048,FALSE
GGGRCPVTDYVVL,C,T,5,8,Y,V,PRM_0250,-0.06277629626625969,C,T,250,FALSE,0.40823475510954577,FALSE
DKNLPPSP,N,S,3,7,P,L,PRM_0152,0.2100568357563954,N,S,152,FALSE,0.7613639068369705,FALSE
GLLFSRLIPSVPVL,F,I,4,8,W,A,PRM_0299,-0.1831744460691729,F,I,299,FALSE,0.5127966435225048,FALSE
DKGLPPRP,G,R,3,7,P,L,PRM_0152,0.29108563386017805,G,R,152,FALSE,0.7613639068369705,FALSE
DKNLPPMP,N,M,3,7,P,L,PRM_0152,0.33696337560504774,N,M,152,FALSE,0.7613639068369705,FALSE
GLLFSRLQPSVPVL,F,Q,4,8,W,A,PRM_0299,-0.2023229538697418,F,Q,299,FALSE,0.5127966435225048,FALSE
DKGLPPSP,G,S,3,7,P,L,PRM_0152,0.22793037291732615,G,S,152,FALSE,0.7613639068369705,FALSE
GGGRCPVRDYVVL,C,R,5,8,Y,V,PRM_0250,-0.0232136420422621,C,R,250,FALSE,0.40823475510954577,FALSE
DKNLPPIP,N,I,3,7,P,L,PRM_0152,0.4176458098415591,N,I,152,FALSE,0.7613639068369705,FALSE
GLLFSRLHPSVPVL,F,H,4,8,W,A,PRM_0299,-0.14302342458882153,F,H,299,FALSE,0.5127966435225048,FALSE
DKGLPPMP,G,M,3,7,P,L,PRM_0152,0.21325995592222263,G,M,152,FALSE,0.7613639068369705,FALSE
GGGRCPVSDYVVL,C,S,5,8,Y,V,PRM_0250,0.01552601372626142,C,S,250,FALSE,0.40823475510954577,FALSE
RREKHESPWL,E,K,3,4,R,L,PRM_0385,0.8724378437126543,E,K,385,FALSE,0.9620320035959372,FALSE
DKNLPPQP,N,Q,3,7,P,L,PRM_0152,0.2141126240920591,N,Q,152,FALSE,0.7613639068369705,FALSE
GLLFSRLPPSVPVL,F,P,4,8,W,A,PRM_0299,-0.002818164139290834,F,P,299,FALSE,0.5127966435225048,FALSE
DKGLPPIP,G,I,3,7,P,L,PRM_0152,0.39122741773754277,G,I,152,FALSE,0.7613639068369705,FALSE
GGGRCPVMDYVVL,C,M,5,8,Y,V,PRM_0250,-0.11248635831818447,C,M,250,FALSE,0.40823475510954577,FALSE
RRENHESPWL,E,N,3,4,R,L,PRM_0385,0.8783993700692752,E,N,385,FALSE,0.9620320035959372,FALSE
DKGLPPQP,G,Q,3,7,P,L,PRM_0152,0.2540014618958439,G,Q,152,FALSE,0.7613639068369705,FALSE
GGGRCPVIDYVVL,C,I,5,8,Y,V,PRM_0250,-0.2769731082268859,C,I,250,FALSE,0.40823475510954577,FALSE
RRETHESPWL,E,T,3,4,R,L,PRM_0385,0.9307964131270801,E,T,385,FALSE,0.9620320035959372,FALSE
DKGLPPHP,G,H,3,7,P,L,PRM_0152,0.2298886139967931,G,H,152,FALSE,0.7613639068369705,FALSE
GGGRCPVQDYVVL,C,Q,5,8,Y,V,PRM_0250,0.02379087702178979,C,Q,250,FALSE,0.40823475510954577,FALSE
DKNLPPLP,N,L,3,7,P,L,PRM_0152,0.4727789869978238,N,L,152,FALSE,0.7613639068369705,FALSE
DKGLPPPP,G,P,3,7,P,L,PRM_0152,0.341918116577866,G,P,152,FALSE,0.7613639068369705,FALSE
GGGRCPVHDYVVL,C,H,5,8,Y,V,PRM_0250,0.00979954252526648,C,H,250,FALSE,0.40823475510954577,FALSE
RRERHESPWL,E,R,3,4,R,L,PRM_0385,0.9075263943957133,E,R,385,FALSE,0.9620320035959372,FALSE
GLLFSRLLPSVPVL,F,L,4,8,W,A,PRM_0299,-0.1246898381525378,F,L,299,FALSE,0.5127966435225048,FALSE
GGGRCPVPDYVVL,C,P,5,8,Y,V,PRM_0250,0.0614978441946758,C,P,250,FALSE,0.40823475510954577,FALSE
RRESHESPWL,E,S,3,4,R,L,PRM_0385,0.9224849915295898,E,S,385,FALSE,0.9620320035959372,FALSE
DKNLPPEP,N,E,3,7,P,L,PRM_0152,0.3700212781067589,N,E,152,FALSE,0.7613639068369705,FALSE
RREMHESPWL,E,M,3,4,R,L,PRM_0385,0.975146726755428,E,M,385,FALSE,0.9620320035959372,TRUE
DKNLPPDP,N,D,3,7,P,L,PRM_0152,0.32199799011102626,N,D,152,FALSE,0.7613639068369705,FALSE
GLLFSRLEPSVPVL,F,E,4,8,W,A,PRM_0299,-0.19894152794503675,F,E,299,FALSE,0.5127966435225048,FALSE
RREIHESPWL,E,I,3,4,R,L,PRM_0385,0.931782305860818,E,I,385,FALSE,0.9620320035959372,FALSE
DKNLPPAP,N,A,3,7,P,L,PRM_0152,0.22915803983073135,N,A,152,FALSE,0.7613639068369705,FALSE
GLLFSRLDPSVPVL,F,D,4,8,W,A,PRM_0299,-0.23338886212373108,F,D,299,FALSE,0.5127966435225048,FALSE
DKGLPPLP,G,L,3,7,P,L,PRM_0152,0.4316759730163531,G,L,152,FALSE,0.7613639068369705,FALSE
RREQHESPWL,E,Q,3,4,R,L,PRM_0385,0.9215867216571304,E,Q,385,FALSE,0.9620320035959372,FALSE
GLLFSRLAPSVPVL,F,A,4,8,W,A,PRM_0299,0.4134045432846597,F,A,299,FALSE,0.5127966435225048,FALSE
GGGRCPVLDYVVL,C,L,5,8,Y,V,PRM_0250,-0.1332694981679476,C,L,250,FALSE,0.40823475510954577,FALSE
RREHHESPWL,E,H,3,4,R,L,PRM_0385,0.9074238145921462,E,H,385,FALSE,0.9620320035959372,FALSE
DKNLPPGP,N,G,3,7,P,L,PRM_0152,0.2641447644423208,N,G,152,FALSE,0.7613639068369705,FALSE
DKGLPPEP,G,E,3,7,P,L,PRM_0152,0.24039136831440688,G,E,152,FALSE,0.7613639068369705,FALSE
RREPHESPWL,E,P,3,4,R,L,PRM_0385,0.9370746491496962,E,P,385,FALSE,0.9620320035959372,FALSE
GLLFSRLGPSVPVL,F,G,4,8,W,A,PRM_0299,-0.25927172818064703,F,G,299,FALSE,0.5127966435225048,FALSE
DKGLPPDP,G,D,3,7,P,L,PRM_0152,0.21049902972799536,G,D,152,FALSE,0.7613639068369705,FALSE
GGGRCPVEDYVVL,C,E,5,8,Y,V,PRM_0250,0.07708914602046998,C,E,250,FALSE,0.40823475510954577,FALSE
DKNLPPVP,N,V,3,7,P,L,PRM_0152,0.38841497745922404,N,V,152,FALSE,0.7613639068369705,FALSE
DKGLPPAP,G,A,3,7,P,L,PRM_0152,0.24846262795456786,G,A,152,FALSE,0.7613639068369705,FALSE
GGGRCPVDDYVVL,C,D,5,8,Y,V,PRM_0250,-0.11338770792904022,C,D,250,FALSE,0.40823475510954577,FALSE
GLLFSRLVPSVPVL,F,V,4,8,W,A,PRM_0299,-0.24795272134702215,F,V,299,FALSE,0.5127966435225048,FALSE
GGGRCPVADYVVL,C,A,5,8,Y,V,PRM_0250,-0.003088670458874935,C,A,250,FALSE,0.40823475510954577,FALSE
DKNLPP*P,N,*,3,7,P,L,PRM_0152,0.2301390377987149,N,*,152,FALSE,0.7613639068369705,FALSE
DKGLPPGP,G,G,3,7,P,L,PRM_0152,0.18654053358975364,G,G,152,FALSE,0.7613639068369705,FALSE
RRELHESPWL,E,L,3,4,R,L,PRM_0385,0.9866721191773048,E,L,385,FALSE,0.9620320035959372,TRUE
DKNLPPYP,N,Y,3,7,P,L,PRM_0152,0.37728479696593525,N,Y,152,FALSE,0.7613639068369705,FALSE
GLLFSRL*PSVPVL,F,*,4,8,W,A,PRM_0299,-0.287938461326895,F,*,299,FALSE,0.5127966435225048,FALSE
GGGRCPVGDYVVL,C,G,5,8,Y,V,PRM_0250,-0.018975611398535062,C,G,250,FALSE,0.40823475510954577,FALSE
GLLFSRLYPSVPVL,F,Y,4,8,W,A,PRM_0299,-0.24496309159938676,F,Y,299,FALSE,0.5127966435225048,FALSE
DKGLPPVP,G,V,3,7,P,L,PRM_0152,0.2673074211286846,G,V,152,FALSE,0.7613639068369705,FALSE
RREEHESPWL,E,E,3,4,R,L,PRM_0385,0.945376604126838,E,E,385,FALSE,0.9620320035959372,FALSE
DKNLPPWP,N,W,3,7,P,L,PRM_0152,0.2458215258810252,N,W,152,FALSE,0.7613639068369705,FALSE
GGGRCPVVDYVVL,C,V,5,8,Y,V,PRM_0250,-0.10044303295591803,C,V,250,FALSE,0.40823475510954577,FALSE
RREDHESPWL,E,D,3,4,R,L,PRM_0385,0.8886577128183497,E,D,385,FALSE,0.9620320035959372,FALSE
DKNLPPCP,N,C,3,7,P,L,PRM_0152,0.34798225493549995,N,C,152,FALSE,0.7613639068369705,FALSE
DKGLPP*P,G,*,3,7,P,L,PRM_0152,0.1131660245409299,G,*,152,FALSE,0.7613639068369705,FALSE
RREAHESPWL,E,A,3,4,R,L,PRM_0385,0.9132388914995571,E,A,385,FALSE,0.9620320035959372,FALSE
GLLFSRLWPSVPVL,F,W,4,8,W,A,PRM_0299,-0.22636984392338444,F,W,299,FALSE,0.5127966435225048,FALSE
DKGLPPYP,G,Y,3,7,P,L,PRM_0152,0.17588959150022485,G,Y,152,FALSE,0.7613639068369705,FALSE
GGGRCPV*DYVVL,C,*,5,8,Y,V,PRM_0250,0.11557238019901651,C,*,250,FALSE,0.40823475510954577,FALSE
DKNLPPFP,N,F,3,7,P,L,PRM_0152,0.22040608443309473,N,F,152,FALSE,0.7613639068369705,FALSE
GLLFSRLCPSVPVL,F,C,4,8,W,A,PRM_0299,-0.11158020148667444,F,C,299,FALSE,0.5127966435225048,FALSE
GGGRCPVYDYVVL,C,Y,5,8,Y,V,PRM_0250,-0.1609122197577854,C,Y,250,FALSE,0.40823475510954577,FALSE
RREGHESPWL,E,G,3,4,R,L,PRM_0385,0.910184467587325,E,G,385,FALSE,0.9620320035959372,FALSE
GLLFSRLFPSVPVL,F,F,4,8,W,A,PRM_0299,-0.12971236660861862,F,F,299,FALSE,0.5127966435225048,FALSE
DKGLPPWP,G,W,3,7,P,L,PRM_0152,0.14334991628668195,G,W,152,FALSE,0.7613639068369705,FALSE
RREVHESPWL,E,V,3,4,R,L,PRM_0385,0.9290366078672876,E,V,385,FALSE,0.9620320035959372,FALSE
SKVKKFLGWF,K,K,4,5,R,V,PRM_0366,0.7565061674264008,K,K,366,FALSE,0.7759614036328946,FALSE
DKGLPPCP,G,C,3,7,P,L,PRM_0152,0.27546605596450047,G,C,152,FALSE,0.7613639068369705,FALSE
GGGRCPVWDYVVL,C,W,5,8,Y,V,PRM_0250,-0.17319436446524486,C,W,250,FALSE,0.40823475510954577,FALSE
SKVKNFLGWF,K,N,4,5,R,V,PRM_0366,0.6903909968536596,K,N,366,FALSE,0.7759614036328946,FALSE
GGGRCPVCDYVVL,C,C,5,8,Y,V,PRM_0250,-0.19963879056984551,C,C,250,FALSE,0.40823475510954577,FALSE
RRE*HESPWL,E,*,3,4,R,L,PRM_0385,0.4575535225036515,E,*,385,FALSE,0.9620320035959372,FALSE
SKVKTFLGWF,K,T,4,5,R,V,PRM_0366,0.831124051002355,K,T,366,FALSE,0.7759614036328946,TRUE
DKGLPPFP,G,F,3,7,P,L,PRM_0152,0.20550666863320197,G,F,152,FALSE,0.7613639068369705,FALSE
RREYHESPWL,E,Y,3,4,R,L,PRM_0385,0.9537319391268688,E,Y,385,FALSE,0.9620320035959372,FALSE
GGGRCPVFDYVVL,C,F,5,8,Y,V,PRM_0250,-0.20996037461563305,C,F,250,FALSE,0.40823475510954577,FALSE
DKTLPPQP,T,Q,3,7,P,L,PRM_0152,0.23302525745082,T,Q,152,FALSE,0.7613639068369705,FALSE
SKVKRFLGWF,K,R,4,5,R,V,PRM_0366,0.7399976205502619,K,R,366,FALSE,0.7759614036328946,FALSE
SKVKSFLGWF,K,S,4,5,R,V,PRM_0366,0.7119410579528408,K,S,366,FALSE,0.7759614036328946,FALSE
RREWHESPWL,E,W,3,4,R,L,PRM_0385,0.9186070016144916,E,W,385,FALSE,0.9620320035959372,FALSE
SKVKMFLGWF,K,M,4,5,R,V,PRM_0366,0.7196688180975994,K,M,366,FALSE,0.7759614036328946,FALSE
RRECHESPWL,E,C,3,4,R,L,PRM_0385,0.9376807437214622,E,C,385,FALSE,0.9620320035959372,FALSE
SKVKIFLGWF,K,I,4,5,R,V,PRM_0366,0.7185879994884642,K,I,366,FALSE,0.7759614036328946,FALSE
SKVKQFLGWF,K,Q,4,5,R,V,PRM_0366,0.6249571509734465,K,Q,366,FALSE,0.7759614036328946,FALSE
RREFHESPWL,E,F,3,4,R,L,PRM_0385,0.927099512958508,E,F,385,FALSE,0.9620320035959372,FALSE
SKVKHFLGWF,K,H,4,5,R,V,PRM_0366,0.7164645528734924,K,H,366,FALSE,0.7759614036328946,FALSE
RRDKHESPWL,D,K,3,4,R,L,PRM_0385,0.9132051158083406,D,K,385,FALSE,0.9620320035959372,FALSE
SKVKPFLGWF,K,P,4,5,R,V,PRM_0366,0.37646832816663367,K,P,366,FALSE,0.7759614036328946,FALSE
RRDNHESPWL,D,N,3,4,R,L,PRM_0385,0.8740219507650728,D,N,385,FALSE,0.9620320035959372,FALSE
RRDTHESPWL,D,T,3,4,R,L,PRM_0385,0.9084862644624472,D,T,385,FALSE,0.9620320035959372,FALSE
SKVKLFLGWF,K,L,4,5,R,V,PRM_0366,0.701253321365447,K,L,366,FALSE,0.7759614036328946,FALSE
GGPIKTPRLLLLV,I,T,4,6,V,P,PRM_0246,0.01576225188453794,I,T,246,FALSE,0.5586905293176915,FALSE
SKVKEFLGWF,K,E,4,5,R,V,PRM_0366,0.7871480962335041,K,E,366,FALSE,0.7759614036328946,TRUE
GGPIKRPRLLLLV,I,R,4,6,V,P,PRM_0246,-0.06754684240696363,I,R,246,FALSE,0.5586905293176915,FALSE
SKVKDFLGWF,K,D,4,5,R,V,PRM_0366,0.6178574948963267,K,D,366,FALSE,0.7759614036328946,FALSE
GGPIKSPRLLLLV,I,S,4,6,V,P,PRM_0246,0.01373720859845865,I,S,246,FALSE,0.5586905293176915,FALSE
SKVKAFLGWF,K,A,4,5,R,V,PRM_0366,0.6239510683111756,K,A,366,FALSE,0.7759614036328946,FALSE
GGPIKMPRLLLLV,I,M,4,6,V,P,PRM_0246,-0.10790645829241656,I,M,246,FALSE,0.5586905293176915,FALSE
GGPIKIPRLLLLV,I,I,4,6,V,P,PRM_0246,-0.1956451814948422,I,I,246,FALSE,0.5586905293176915,FALSE
SKVKGFLGWF,K,G,4,5,R,V,PRM_0366,0.4830357861147976,K,G,366,FALSE,0.7759614036328946,FALSE
GGPIKQPRLLLLV,I,Q,4,6,V,P,PRM_0246,-0.06197130464918916,I,Q,246,FALSE,0.5586905293176915,FALSE
GGPIKHPRLLLLV,I,H,4,6,V,P,PRM_0246,0.02610474904101236,I,H,246,FALSE,0.5586905293176915,FALSE
SKVKVFLGWF,K,V,4,5,R,V,PRM_0366,0.7536756970408928,K,V,366,FALSE,0.7759614036328946,FALSE
GGPIKPPRLLLLV,I,P,4,6,V,P,PRM_0246,0.4684721643687841,I,P,246,FALSE,0.5586905293176915,FALSE
SKVK*FLGWF,K,*,4,5,R,V,PRM_0366,0.1307634814905166,K,*,366,FALSE,0.7759614036328946,FALSE
SKVKYFLGWF,K,Y,4,5,R,V,PRM_0366,0.6209366098234937,K,Y,366,FALSE,0.7759614036328946,FALSE
GGPIKLPRLLLLV,I,L,4,6,V,P,PRM_0246,-0.07068838050948427,I,L,246,FALSE,0.5586905293176915,FALSE
SKVKWFLGWF,K,W,4,5,R,V,PRM_0366,0.5116455652616931,K,W,366,FALSE,0.7759614036328946,FALSE
GGPIKEPRLLLLV,I,E,4,6,V,P,PRM_0246,-0.10131485150453298,I,E,246,FALSE,0.5586905293176915,FALSE
SKVKCFLGWF,K,C,4,5,R,V,PRM_0366,0.7567495952926421,K,C,366,FALSE,0.7759614036328946,FALSE
GGPIKDPRLLLLV,I,D,4,6,V,P,PRM_0246,-0.00642634632937639,I,D,246,FALSE,0.5586905293176915,FALSE
GGPIKAPRLLLLV,I,A,4,6,V,P,PRM_0246,0.16872904993540405,I,A,246,FALSE,0.5586905293176915,FALSE
SKVKFFLGWF,K,F,4,5,R,V,PRM_0366,0.6116920866173965,K,F,366,FALSE,0.7759614036328946,FALSE
DKWLPPKP,W,K,3,7,P,L,PRM_0152,0.1921219432500884,W,K,152,FALSE,0.7613639068369705,FALSE
SKVNKFLGWF,N,K,4,5,R,V,PRM_0366,0.7561755994304115,N,K,366,FALSE,0.7759614036328946,FALSE
DKWLPPNP,W,N,3,7,P,L,PRM_0152,0.1792168113385788,W,N,152,FALSE,0.7613639068369705,FALSE
GGPIKGPRLLLLV,I,G,4,6,V,P,PRM_0246,-0.17339180498158863,I,G,246,FALSE,0.5586905293176915,FALSE
SKVNNFLGWF,N,N,4,5,R,V,PRM_0366,0.6575392242751302,N,N,366,FALSE,0.7759614036328946,FALSE
DKWLPPTP,W,T,3,7,P,L,PRM_0152,0.15187850541187545,W,T,152,FALSE,0.7613639068369705,FALSE
SKVNTFLGWF,N,T,4,5,R,V,PRM_0366,0.7590218536599682,N,T,366,FALSE,0.7759614036328946,FALSE
GGPIKVPRLLLLV,I,V,4,6,V,P,PRM_0246,-0.17632147538044726,I,V,246,FALSE,0.5586905293176915,FALSE
DKWLPPRP,W,R,3,7,P,L,PRM_0152,0.1019991132087339,W,R,152,FALSE,0.7613639068369705,FALSE
DKVLPPKP,V,K,3,7,P,L,PRM_0152,0.292511690076417,V,K,152,FALSE,0.7613639068369705,FALSE
GLLESRLKPSVPVL,E,K,4,8,W,A,PRM_0299,-0.05240149979924834,E,K,299,FALSE,0.5127966435225048,FALSE
SKVNRFLGWF,N,R,4,5,R,V,PRM_0366,0.6721346920122651,N,R,366,FALSE,0.7759614036328946,FALSE
DKWLPPSP,W,S,3,7,P,L,PRM_0152,0.08015995443731574,W,S,152,FALSE,0.7613639068369705,FALSE
DKVLPPNP,V,N,3,7,P,L,PRM_0152,0.30297174993801457,V,N,152,FALSE,0.7613639068369705,FALSE
GGPIK*PRLLLLV,I,*,4,6,V,P,PRM_0246,0.1936156963247576,I,*,246,FALSE,0.5586905293176915,FALSE
GLLESRLNPSVPVL,E,N,4,8,W,A,PRM_0299,-0.02633764020987889,E,N,299,FALSE,0.5127966435225048,FALSE
SKVNSFLGWF,N,S,4,5,R,V,PRM_0366,0.6092849051203171,N,S,366,FALSE,0.7759614036328946,FALSE
DKWLPPMP,W,M,3,7,P,L,PRM_0152,0.07351346145048075,W,M,152,FALSE,0.7613639068369705,FALSE
DKVLPPTP,V,T,3,7,P,L,PRM_0152,0.33774223499742573,V,T,152,FALSE,0.7613639068369705,FALSE
GGGRFPVKDYVVL,F,K,5,8,Y,V,PRM_0250,-0.08366445533907721,F,K,250,FALSE,0.40823475510954577,FALSE
GGPIKYPRLLLLV,I,Y,4,6,V,P,PRM_0246,-0.2344269603052176,I,Y,246,FALSE,0.5586905293176915,FALSE
GLLESRLTPSVPVL,E,T,4,8,W,A,PRM_0299,-0.0995062429134817,E,T,299,FALSE,0.5127966435225048,FALSE
SKVNMFLGWF,N,M,4,5,R,V,PRM_0366,0.6691010131201316,N,M,366,FALSE,0.7759614036328946,FALSE
DKWLPPIP,W,I,3,7,P,L,PRM_0152,0.07668378609839921,W,I,152,FALSE,0.7613639068369705,FALSE
GGGRFPVNDYVVL,F,N,5,8,Y,V,PRM_0250,-0.13409727588659817,F,N,250,FALSE,0.40823475510954577,FALSE
SKVNIFLGWF,N,I,4,5,R,V,PRM_0366,0.6937998585201063,N,I,366,FALSE,0.7759614036328946,FALSE
DKWLPPQP,W,Q,3,7,P,L,PRM_0152,0.24447307433334436,W,Q,152,FALSE,0.7613639068369705,FALSE
DKVLPPRP,V,R,3,7,P,L,PRM_0152,0.3067325278274929,V,R,152,FALSE,0.7613639068369705,FALSE
GGGRFPVTDYVVL,F,T,5,8,Y,V,PRM_0250,0.10630361638287668,F,T,250,FALSE,0.40823475510954577,FALSE
GLLESRLRPSVPVL,E,R,4,8,W,A,PRM_0299,-0.13607522608494463,E,R,299,FALSE,0.5127966435225048,FALSE
SKVNQFLGWF,N,Q,4,5,R,V,PRM_0366,0.6555316015980358,N,Q,366,FALSE,0.7759614036328946,FALSE
DKWLPPHP,W,H,3,7,P,L,PRM_0152,0.20218463950382215,W,H,152,FALSE,0.7613639068369705,FALSE
DKVLPPSP,V,S,3,7,P,L,PRM_0152,0.26514725242004067,V,S,152,FALSE,0.7613639068369705,FALSE
GGPIKWPRLLLLV,I,W,4,6,V,P,PRM_0246,-0.13386314814094585,I,W,246,FALSE,0.5586905293176915,FALSE
GLLESRLSPSVPVL,E,S,4,8,W,A,PRM_0299,-0.07202021934967612,E,S,299,FALSE,0.5127966435225048,FALSE
SKVNHFLGWF,N,H,4,5,R,V,PRM_0366,0.6940271586259427,N,H,366,FALSE,0.7759614036328946,FALSE
DKVLPPMP,V,M,3,7,P,L,PRM_0152,0.16621569956262916,V,M,152,FALSE,0.7613639068369705,FALSE
GGGRFPVRDYVVL,F,R,5,8,Y,V,PRM_0250,0.07219557246663567,F,R,250,FALSE,0.40823475510954577,FALSE
GGPIKCPRLLLLV,I,C,4,6,V,P,PRM_0246,-0.0799727998616663,I,C,246,FALSE,0.5586905293176915,FALSE
GLLESRLMPSVPVL,E,M,4,8,W,A,PRM_0299,-0.18136181290561376,E,M,299,FALSE,0.5127966435225048,FALSE
SKVNPFLGWF,N,P,4,5,R,V,PRM_0366,0.3639610929272128,N,P,366,FALSE,0.7759614036328946,FALSE
DKVLPPIP,V,I,3,7,P,L,PRM_0152,0.4011111066682764,V,I,152,FALSE,0.7613639068369705,FALSE
GGGRFPVSDYVVL,F,S,5,8,Y,V,PRM_0250,-0.08259024310002684,F,S,250,FALSE,0.40823475510954577,FALSE
GLLESRLIPSVPVL,E,I,4,8,W,A,PRM_0299,-0.16416062664589726,E,I,299,FALSE,0.5127966435225048,FALSE
DKWLPPLP,W,L,3,7,P,L,PRM_0152,0.2520256067421355,W,L,152,FALSE,0.7613639068369705,FALSE
DKVLPPQP,V,Q,3,7,P,L,PRM_0152,0.23078327343398214,V,Q,152,FALSE,0.7613639068369705,FALSE
GGGRFPVMDYVVL,F,M,5,8,Y,V,PRM_0250,-0.04954590311552678,F,M,250,FALSE,0.40823475510954577,FALSE
GGPIKFPRLLLLV,I,F,4,6,V,P,PRM_0246,-0.08454227029055958,I,F,246,FALSE,0.5586905293176915,FALSE
GLLESRLQPSVPVL,E,Q,4,8,W,A,PRM_0299,-0.12802139593748688,E,Q,299,FALSE,0.5127966435225048,FALSE
DKVLPPHP,V,H,3,7,P,L,PRM_0152,0.2760803438287904,V,H,152,FALSE,0.7613639068369705,FALSE
GGGRFPVIDYVVL,F,I,5,8,Y,V,PRM_0250,0.22724478896769765,F,I,250,FALSE,0.40823475510954577,FALSE
GGPQKKPRLLLLV,Q,K,4,6,V,P,PRM_0246,0.2520256067421357,Q,K,246,FALSE,0.5586905293176915,FALSE
GLLESRLHPSVPVL,E,H,4,8,W,A,PRM_0299,-0.05110944792118788,E,H,299,FALSE,0.5127966435225048,FALSE
DKWLPPEP,W,E,3,7,P,L,PRM_0152,0.07915053578762414,W,E,152,FALSE,0.7613639068369705,FALSE
GGGRFPVQDYVVL,F,Q,5,8,Y,V,PRM_0250,0.03268222630619118,F,Q,250,FALSE,0.40823475510954577,FALSE
GGPQKNPRLLLLV,Q,N,4,6,V,P,PRM_0246,0.0203946563918379,Q,N,246,FALSE,0.5586905293176915,FALSE
GLLESRLPPSVPVL,E,P,4,8,W,A,PRM_0299,-0.0330050268996523,E,P,299,FALSE,0.5127966435225048,FALSE
SKVNLFLGWF,N,L,4,5,R,V,PRM_0366,0.6343536655660859,N,L,366,FALSE,0.7759614036328946,FALSE
DKWLPPDP,W,D,3,7,P,L,PRM_0152,0.09057523419965706,W,D,152,FALSE,0.7613639068369705,FALSE
GGGRFPVHDYVVL,F,H,5,8,Y,V,PRM_0250,-0.07524983576476535,F,H,250,FALSE,0.40823475510954577,FALSE
GGPQKTPRLLLLV,Q,T,4,6,V,P,PRM_0246,0.16030441319923647,Q,T,246,FALSE,0.5586905293176915,FALSE
DKWLPPAP,W,A,3,7,P,L,PRM_0152,0.1921073870096605,W,A,152,FALSE,0.7613639068369705,FALSE
DKVLPPLP,V,L,3,7,P,L,PRM_0152,0.43795058002144827,V,L,152,FALSE,0.7613639068369705,FALSE
GGGRFPVPDYVVL,F,P,5,8,Y,V,PRM_0250,0.3810872270305453,F,P,250,FALSE,0.40823475510954577,FALSE
SKVNEFLGWF,N,E,4,5,R,V,PRM_0366,0.743187443879003,N,E,366,FALSE,0.7759614036328946,FALSE
GGPQKRPRLLLLV,Q,R,4,6,V,P,PRM_0246,0.06154875279262555,Q,R,246,FALSE,0.5586905293176915,FALSE
SKVNDFLGWF,N,D,4,5,R,V,PRM_0366,0.5803906887999513,N,D,366,FALSE,0.7759614036328946,FALSE
DKWLPPGP,W,G,3,7,P,L,PRM_0152,0.0922320588842008,W,G,152,FALSE,0.7613639068369705,FALSE
DKVLPPEP,V,E,3,7,P,L,PRM_0152,0.3007518510542925,V,E,152,FALSE,0.7613639068369705,FALSE
GGPQKSPRLLLLV,Q,S,4,6,V,P,PRM_0246,0.04592820429527699,Q,S,246,FALSE,0.5586905293176915,FALSE
GLLESRLLPSVPVL,E,L,4,8,W,A,PRM_0299,-0.08945949451092376,E,L,299,FALSE,0.5127966435225048,FALSE
SKVNAFLGWF,N,A,4,5,R,V,PRM_0366,0.6085420477508414,N,A,366,FALSE,0.7759614036328946,FALSE
DKVLPPDP,V,D,3,7,P,L,PRM_0152,0.18785055845208856,V,D,152,FALSE,0.7613639068369705,FALSE
GGPQKMPRLLLLV,Q,M,4,6,V,P,PRM_0246,-0.04963685582833023,Q,M,246,FALSE,0.5586905293176915,FALSE
DKWLPPVP,W,V,3,7,P,L,PRM_0152,0.22191870176991396,W,V,152,FALSE,0.7613639068369705,FALSE
DKVLPPAP,V,A,3,7,P,L,PRM_0152,0.22137885217835135,V,A,152,FALSE,0.7613639068369705,FALSE
GGGRFPVLDYVVL,F,L,5,8,Y,V,PRM_0250,-0.1528270335917006,F,L,250,FALSE,0.40823475510954577,FALSE
GGPQKIPRLLLLV,Q,I,4,6,V,P,PRM_0246,0.05295971819344284,Q,I,246,FALSE,0.5586905293176915,FALSE
GLLESRLEPSVPVL,E,E,4,8,W,A,PRM_0299,-0.13735019904623924,E,E,299,FALSE,0.5127966435225048,FALSE
SKVNGFLGWF,N,G,4,5,R,V,PRM_0366,0.5105351103171645,N,G,366,FALSE,0.7759614036328946,FALSE
GGPQKQPRLLLLV,Q,Q,4,6,V,P,PRM_0246,0.06796098559789751,Q,Q,246,FALSE,0.5586905293176915,FALSE
GLLESRLDPSVPVL,E,D,4,8,W,A,PRM_0299,-0.09337589866538867,E,D,299,FALSE,0.5127966435225048,FALSE
DKWLPP*P,W,*,3,7,P,L,PRM_0152,0.19839413515410068,W,*,152,FALSE,0.7613639068369705,FALSE
DKVLPPGP,V,G,3,7,P,L,PRM_0152,0.17652590189552464,V,G,152,FALSE,0.7613639068369705,FALSE
GGGRFPVEDYVVL,F,E,5,8,Y,V,PRM_0250,0.22852708941790395,F,E,250,FALSE,0.40823475510954577,FALSE
GGPQKHPRLLLLV,Q,H,4,6,V,P,PRM_0246,0.16600833980912863,Q,H,246,FALSE,0.5586905293176915,FALSE
GLLESRLAPSVPVL,E,A,4,8,W,A,PRM_0299,-0.1003828124405895,E,A,299,FALSE,0.5127966435225048,FALSE
SKVNVFLGWF,N,V,4,5,R,V,PRM_0366,0.7236987799255479,N,V,366,FALSE,0.7759614036328946,FALSE
DKWLPPYP,W,Y,3,7,P,L,PRM_0152,-0.0304246567037469,W,Y,152,FALSE,0.7613639068369705,FALSE
GGGRFPVDDYVVL,F,D,5,8,Y,V,PRM_0250,-0.17792953971668937,F,D,250,FALSE,0.40823475510954577,FALSE
GGPQKPPRLLLLV,Q,P,4,6,V,P,PRM_0246,0.5976510483494499,Q,P,246,FALSE,0.5586905293176915,TRUE
DKVLPPVP,V,V,3,7,P,L,PRM_0152,0.3493732421678877,V,V,152,FALSE,0.7613639068369705,FALSE
GGGRFPVADYVVL,F,A,5,8,Y,V,PRM_0250,0.21989127976946155,F,A,250,FALSE,0.40823475510954577,FALSE
GLLESRLGPSVPVL,E,G,4,8,W,A,PRM_0299,-0.18433138645630742,E,G,299,FALSE,0.5127966435225048,FALSE
SKVN*FLGWF,N,*,4,5,R,V,PRM_0366,0.30017001477142596,N,*,366,FALSE,0.7759614036328946,FALSE
SKVNYFLGWF,N,Y,4,5,R,V,PRM_0366,0.5788513436289652,N,Y,366,FALSE,0.7759614036328946,FALSE
DKWLPPWP,W,W,3,7,P,L,PRM_0152,0.07301192983198139,W,W,152,FALSE,0.7613639068369705,FALSE
DKVLPP*P,V,*,3,7,P,L,PRM_0152,0.09590954411795616,V,*,152,FALSE,0.7613639068369705,FALSE
GGGRFPVGDYVVL,F,G,5,8,Y,V,PRM_0250,-0.01902027500307212,F,G,250,FALSE,0.40823475510954577,FALSE
GLLESRLVPSVPVL,E,V,4,8,W,A,PRM_0299,-0.23393208295473097,E,V,299,FALSE,0.5127966435225048,FALSE
DKWLPPCP,W,C,3,7,P,L,PRM_0152,0.21633916755978153,W,C,152,FALSE,0.7613639068369705,FALSE
DKVLPPYP,V,Y,3,7,P,L,PRM_0152,0.17296996697550565,V,Y,152,FALSE,0.7613639068369705,FALSE
GGPQKLPRLLLLV,Q,L,4,6,V,P,PRM_0246,-0.0324356695686137,Q,L,246,FALSE,0.5586905293176915,FALSE
GGGRFPVVDYVVL,F,V,5,8,Y,V,PRM_0250,0.2579098380058417,F,V,250,FALSE,0.40823475510954577,FALSE
GLLESRL*PSVPVL,E,*,4,8,W,A,PRM_0299,0.10867947918303156,E,*,299,FALSE,0.5127966435225048,FALSE
SKVNWFLGWF,N,W,4,5,R,V,PRM_0366,0.42968681777742834,N,W,366,FALSE,0.7759614036328946,FALSE
DKWLPPFP,W,F,3,7,P,L,PRM_0152,0.05391963036919408,W,F,152,FALSE,0.7613639068369705,FALSE
GGPQKEPRLLLLV,Q,E,4,6,V,P,PRM_0246,-0.1127949382582843,Q,E,246,FALSE,0.5586905293176915,FALSE
GLLESRLYPSVPVL,E,Y,4,8,W,A,PRM_0299,-0.06372025647514191,E,Y,299,FALSE,0.5127966435225048,FALSE
SKVNCFLGWF,N,C,4,5,R,V,PRM_0366,0.6458530075981975,N,C,366,FALSE,0.7759614036328946,FALSE
DKCLPPKP,C,K,3,7,P,L,PRM_0152,0.24634675174733983,C,K,152,FALSE,0.7613639068369705,FALSE
DKVLPPWP,V,W,3,7,P,L,PRM_0152,0.1604627650696461,V,W,152,FALSE,0.7613639068369705,FALSE
GGGRFPV*DYVVL,F,*,5,8,Y,V,PRM_0250,-0.22144474536655184,F,*,250,FALSE,0.40823475510954577,FALSE
GGPQKDPRLLLLV,Q,D,4,6,V,P,PRM_0246,0.06133598330000879,Q,D,246,FALSE,0.5586905293176915,FALSE
DKCLPPNP,C,N,3,7,P,L,PRM_0152,0.2520256067421357,C,N,152,FALSE,0.7613639068369705,FALSE
DKVLPPCP,V,C,3,7,P,L,PRM_0152,0.269898354096611,V,C,152,FALSE,0.7613639068369705,FALSE
GGGRFPVYDYVVL,F,Y,5,8,Y,V,PRM_0250,-0.17813241426397375,F,Y,250,FALSE,0.40823475510954577,FALSE
GGPQKAPRLLLLV,Q,A,4,6,V,P,PRM_0246,0.12582382188499083,Q,A,246,FALSE,0.5586905293176915,FALSE
SKVNFFLGWF,N,F,4,5,R,V,PRM_0366,0.5155829673330202,N,F,366,FALSE,0.7759614036328946,FALSE
DKCLPPTP,C,T,3,7,P,L,PRM_0152,0.44403523311151716,C,T,152,FALSE,0.7613639068369705,FALSE
GLLESRLWPSVPVL,E,W,4,8,W,A,PRM_0299,-0.23511675758647715,E,W,299,FALSE,0.5127966435225048,FALSE
SKVTKFLGWF,T,K,4,5,R,V,PRM_0366,0.8552994395809888,T,K,366,FALSE,0.7759614036328946,TRUE
DKVLPPFP,V,F,3,7,P,L,PRM_0152,0.22963123923664516,V,F,152,FALSE,0.7613639068369705,FALSE
GGPQKGPRLLLLV,Q,G,4,6,V,P,PRM_0246,0.021007786806314634,Q,G,246,FALSE,0.5586905293176915,FALSE
GLLESRLCPSVPVL,E,C,4,8,W,A,PRM_0299,-0.17952567357499585,E,C,299,FALSE,0.5127966435225048,FALSE
SKVTNFLGWF,T,N,4,5,R,V,PRM_0366,0.8194346104437861,T,N,366,FALSE,0.7759614036328946,TRUE
DKCLPPRP,C,R,3,7,P,L,PRM_0152,0.3679213789248662,C,R,152,FALSE,0.7613639068369705,FALSE
GGGRFPVWDYVVL,F,W,5,8,Y,V,PRM_0250,-0.1816774848157177,F,W,250,FALSE,0.40823475510954577,FALSE
SKVTTFLGWF,T,T,4,5,R,V,PRM_0366,0.88310275342273,T,T,366,FALSE,0.7759614036328946,TRUE
DKCLPPSP,C,S,3,7,P,L,PRM_0152,0.2653865434992131,C,S,152,FALSE,0.7613639068369705,FALSE
GGGRFPVCDYVVL,F,C,5,8,Y,V,PRM_0250,0.02433906169307666,F,C,250,FALSE,0.40823475510954577,FALSE
GGPQKVPRLLLLV,Q,V,4,6,V,P,PRM_0246,-0.15336693260702014,Q,V,246,FALSE,0.5586905293176915,FALSE
GLLESRLFPSVPVL,E,F,4,8,W,A,PRM_0299,-0.17579930041150912,E,F,299,FALSE,0.5127966435225048,FALSE
SKVTRFLGWF,T,R,4,5,R,V,PRM_0366,0.8202250899207424,T,R,366,FALSE,0.7759614036328946,TRUE
DKCLPPMP,C,M,3,7,P,L,PRM_0152,0.29618094839810627,C,M,152,FALSE,0.7613639068369705,FALSE
GLLDSRLKPSVPVL,D,K,4,8,W,A,PRM_0299,-0.14524612761494665,D,K,299,FALSE,0.5127966435225048,FALSE
SKVTSFLGWF,T,S,4,5,R,V,PRM_0366,0.7896036899366986,T,S,366,FALSE,0.7759614036328946,TRUE
DKCLPPIP,C,I,3,7,P,L,PRM_0152,0.5537486137147586,C,I,152,FALSE,0.7613639068369705,FALSE
GGGRFPVFDYVVL,F,F,5,8,Y,V,PRM_0250,-0.320258901996198,F,F,250,FALSE,0.40823475510954577,FALSE
GGPQK*PRLLLLV,Q,*,4,6,V,P,PRM_0246,-0.00382323046139108,Q,*,246,FALSE,0.5586905293176915,FALSE
GLLDSRLNPSVPVL,D,N,4,8,W,A,PRM_0299,-0.00382323046139108,D,N,299,FALSE,0.5127966435225048,FALSE
SKVTMFLGWF,T,M,4,5,R,V,PRM_0366,0.8245827552197367,T,M,366,FALSE,0.7759614036328946,TRUE
DKCLPPQP,C,Q,3,7,P,L,PRM_0152,0.27471312489804,C,Q,152,FALSE,0.7613639068369705,FALSE
GVKQSLL,NA,NA,NA,NA,NA,NA,reference,0.3755488235210029,NA,NA,reference,FALSE,NA,NA
GGPQKYPRLLLLV,Q,Y,4,6,V,P,PRM_0246,0.0578144485557838,Q,Y,246,FALSE,0.5586905293176915,FALSE
GLLDSRLTPSVPVL,D,T,4,8,W,A,PRM_0299,-0.006931480757154669,D,T,299,FALSE,0.5127966435225048,FALSE
SKVTIFLGWF,T,I,4,5,R,V,PRM_0366,0.7994980520857213,T,I,366,FALSE,0.7759614036328946,TRUE
DKCLPPHP,C,H,3,7,P,L,PRM_0152,0.0865973434498037,C,H,152,FALSE,0.7613639068369705,FALSE
GVKESLV,NA,NA,NA,NA,NA,NA,reference,0.8687676298991778,NA,NA,reference,FALSE,NA,NA
SKVTQFLGWF,T,Q,4,5,R,V,PRM_0366,0.8652257303946069,T,Q,366,FALSE,0.7759614036328946,TRUE
GLLKSRLKPSVPVL,K,K,4,8,W,A,PRM_0299,-0.03609573018478778,K,K,299,FALSE,0.5127966435225048,FALSE
GLLDSRLRPSVPVL,D,R,4,8,W,A,PRM_0299,-0.14158997609853927,D,R,299,FALSE,0.5127966435225048,FALSE
GLLKSRLNPSVPVL,K,N,4,8,W,A,PRM_0299,-0.02003742979524782,K,N,299,FALSE,0.5127966435225048,FALSE
GGPQKWPRLLLLV,Q,W,4,6,V,P,PRM_0246,-0.1020096930184258,Q,W,246,FALSE,0.5586905293176915,FALSE
GLLDSRLSPSVPVL,D,S,4,8,W,A,PRM_0299,-0.03901631327867916,D,S,299,FALSE,0.5127966435225048,FALSE
SKVTLFLGWF,T,L,4,5,R,V,PRM_0366,0.7592177697776366,T,L,366,FALSE,0.7759614036328946,FALSE
DKCLPPLP,C,L,3,7,P,L,PRM_0152,0.4595264208513836,C,L,152,FALSE,0.7613639068369705,FALSE
GLLKSRLTPSVPVL,K,T,4,8,W,A,PRM_0299,0.02860612300524187,K,T,299,FALSE,0.5127966435225048,FALSE
GGPQKCPRLLLLV,Q,C,4,6,V,P,PRM_0246,0.13816313715566106,Q,C,246,FALSE,0.5586905293176915,FALSE
GLLDSRLMPSVPVL,D,M,4,8,W,A,PRM_0299,-0.14301104637136047,D,M,299,FALSE,0.5127966435225048,FALSE
GLLDSRLIPSVPVL,D,I,4,8,W,A,PRM_0299,-0.11639876820348125,D,I,299,FALSE,0.5127966435225048,FALSE
SKVTEFLGWF,T,E,4,5,R,V,PRM_0366,0.8576085242714846,T,E,366,FALSE,0.7759614036328946,TRUE
DKCLPPEP,C,E,3,7,P,L,PRM_0152,0.3618532029208412,C,E,152,FALSE,0.7613639068369705,FALSE
GLLKSRLRPSVPVL,K,R,4,8,W,A,PRM_0299,-0.09204282030933976,K,R,299,FALSE,0.5127966435225048,FALSE
GGPQKFPRLLLLV,Q,F,4,6,V,P,PRM_0246,0.06665903284263544,Q,F,246,FALSE,0.5586905293176915,FALSE
GLLDSRLQPSVPVL,D,Q,4,8,W,A,PRM_0299,-0.10697547512376834,D,Q,299,FALSE,0.5127966435225048,FALSE
SKVTDFLGWF,T,D,4,5,R,V,PRM_0366,0.7545632128065201,T,D,366,FALSE,0.7759614036328946,FALSE
DKCLPPDP,C,D,3,7,P,L,PRM_0152,0.32588122580288803,C,D,152,FALSE,0.7613639068369705,FALSE
GLLKSRLSPSVPVL,K,S,4,8,W,A,PRM_0299,-0.00962731400802902,K,S,299,FALSE,0.5127966435225048,FALSE
GGPHKKPRLLLLV,H,K,4,6,V,P,PRM_0246,0.03917616337039329,H,K,246,FALSE,0.5586905293176915,FALSE
GLLDSRLHPSVPVL,D,H,4,8,W,A,PRM_0299,-0.1033918005091936,D,H,299,FALSE,0.5127966435225048,FALSE
SKVTAFLGWF,T,A,4,5,R,V,PRM_0366,0.749158383110669,T,A,366,FALSE,0.7759614036328946,FALSE
DKCLPPAP,C,A,3,7,P,L,PRM_0152,0.26183957128178337,C,A,152,FALSE,0.7613639068369705,FALSE
GLLKSRLMPSVPVL,K,M,4,8,W,A,PRM_0299,-0.09637849754177574,K,M,299,FALSE,0.5127966435225048,FALSE
GGPHKNPRLLLLV,H,N,4,6,V,P,PRM_0246,0.09946173544270216,H,N,246,FALSE,0.5586905293176915,FALSE
GLLDSRLPPSVPVL,D,P,4,8,W,A,PRM_0299,-0.05201022223445509,D,P,299,FALSE,0.5127966435225048,FALSE
SKVTGFLGWF,T,G,4,5,R,V,PRM_0366,0.6183888490797705,T,G,366,FALSE,0.7759614036328946,FALSE
GLLKSRLIPSVPVL,K,I,4,8,W,A,PRM_0299,-0.04874458770827961,K,I,299,FALSE,0.5127966435225048,FALSE
GGPHKTPRLLLLV,H,T,4,6,V,P,PRM_0246,0.00661987155393423,H,T,246,FALSE,0.5586905293176915,FALSE
DKCLPPGP,C,G,3,7,P,L,PRM_0152,0.2295249657904605,C,G,152,FALSE,0.7613639068369705,FALSE
GLLKSRLQPSVPVL,K,Q,4,8,W,A,PRM_0299,-0.05871836128392981,K,Q,299,FALSE,0.5127966435225048,FALSE
SKVTVFLGWF,T,V,4,5,R,V,PRM_0366,0.8129298353221583,T,V,366,FALSE,0.7759614036328946,TRUE
GLLKSRLHPSVPVL,K,H,4,8,W,A,PRM_0299,-0.01189451251584918,K,H,299,FALSE,0.5127966435225048,FALSE
GGPHKRPRLLLLV,H,R,4,6,V,P,PRM_0246,0.01409956018637626,H,R,246,FALSE,0.5586905293176915,FALSE
DKCLPPVP,C,V,3,7,P,L,PRM_0152,0.4027246581365909,C,V,152,FALSE,0.7613639068369705,FALSE
GLLKSRLPPSVPVL,K,P,4,8,W,A,PRM_0299,-0.011870549735750021,K,P,299,FALSE,0.5127966435225048,FALSE
GGPHKSPRLLLLV,H,S,4,6,V,P,PRM_0246,-0.00577914747716215,H,S,246,FALSE,0.5586905293176915,FALSE
GLLDSRLLPSVPVL,D,L,4,8,W,A,PRM_0299,-0.10640368730644408,D,L,299,FALSE,0.5127966435225048,FALSE
SKVT*FLGWF,T,*,4,5,R,V,PRM_0366,0.1744143954215158,T,*,366,FALSE,0.7759614036328946,FALSE
GGPHKMPRLLLLV,H,M,4,6,V,P,PRM_0246,0.11597024526807652,H,M,246,FALSE,0.5586905293176915,FALSE
SKVTYFLGWF,T,Y,4,5,R,V,PRM_0366,0.7552923551764619,T,Y,366,FALSE,0.7759614036328946,FALSE
DKCLPP*P,C,*,3,7,P,L,PRM_0152,-0.04040329243540089,C,*,152,FALSE,0.7613639068369705,FALSE
GGPHKIPRLLLLV,H,I,4,6,V,P,PRM_0246,-0.1020096930184258,H,I,246,FALSE,0.5586905293176915,FALSE
GLLDSRLEPSVPVL,D,E,4,8,W,A,PRM_0299,-0.06891371166154887,D,E,299,FALSE,0.5127966435225048,FALSE
DKCLPPYP,C,Y,3,7,P,L,PRM_0152,0.17681860024371682,C,Y,152,FALSE,0.7613639068369705,FALSE
GGPHKQPRLLLLV,H,Q,4,6,V,P,PRM_0246,0.01456880554279418,H,Q,246,FALSE,0.5586905293176915,FALSE
GLLDSRLDPSVPVL,D,D,4,8,W,A,PRM_0299,-0.01432754697780302,D,D,299,FALSE,0.5127966435225048,FALSE
GLLKSRLLPSVPVL,K,L,4,8,W,A,PRM_0299,-0.07524129548470002,K,L,299,FALSE,0.5127966435225048,FALSE
GGPHKHPRLLLLV,H,H,4,6,V,P,PRM_0246,0.0203946563918379,H,H,246,FALSE,0.5586905293176915,FALSE
GLLDSRLAPSVPVL,D,A,4,8,W,A,PRM_0299,-0.10033831129246401,D,A,299,FALSE,0.5127966435225048,FALSE
SKVTWFLGWF,T,W,4,5,R,V,PRM_0366,0.6745946955025302,T,W,366,FALSE,0.7759614036328946,FALSE
GGPHKPPRLLLLV,H,P,4,6,V,P,PRM_0246,0.35358352309953406,H,P,246,FALSE,0.5586905293176915,FALSE
SKVTCFLGWF,T,C,4,5,R,V,PRM_0366,0.7871896946217353,T,C,366,FALSE,0.7759614036328946,TRUE
DKCLPPWP,C,W,3,7,P,L,PRM_0152,0.18094312159224127,C,W,152,FALSE,0.7613639068369705,FALSE
GLLKSRLEPSVPVL,K,E,4,8,W,A,PRM_0299,-0.1034411296354684,K,E,299,FALSE,0.5127966435225048,FALSE
GLLDSRLGPSVPVL,D,G,4,8,W,A,PRM_0299,-0.13721542878264698,D,G,299,FALSE,0.5127966435225048,FALSE
DKCLPPCP,C,C,3,7,P,L,PRM_0152,0.2777490127535761,C,C,152,FALSE,0.7613639068369705,FALSE
GLLKSRLDPSVPVL,K,D,4,8,W,A,PRM_0299,-0.10031171895180452,K,D,299,FALSE,0.5127966435225048,FALSE
SKVTFFLGWF,T,F,4,5,R,V,PRM_0366,0.7165260936186055,T,F,366,FALSE,0.7759614036328946,FALSE
GLLKSRLAPSVPVL,K,A,4,8,W,A,PRM_0299,0.00798175490290047,K,A,299,FALSE,0.5127966435225048,FALSE
GLLDSRLVPSVPVL,D,V,4,8,W,A,PRM_0299,-0.1133537511345068,D,V,299,FALSE,0.5127966435225048,FALSE
DKCLPPFP,C,F,3,7,P,L,PRM_0152,0.2095409401258289,C,F,152,FALSE,0.7613639068369705,FALSE
GGPHKLPRLLLLV,H,L,4,6,V,P,PRM_0246,-0.06338173991159561,H,L,246,FALSE,0.5586905293176915,FALSE
GLLKSRLGPSVPVL,K,G,4,8,W,A,PRM_0299,-0.09185048379485847,K,G,299,FALSE,0.5127966435225048,FALSE
GLLDSRL*PSVPVL,D,*,4,8,W,A,PRM_0299,0.24554080755764485,D,*,299,FALSE,0.5127966435225048,FALSE
GGPHKEPRLLLLV,H,E,4,6,V,P,PRM_0246,-0.0363949574081809,H,E,246,FALSE,0.5586905293176915,FALSE
GLLDSRLYPSVPVL,D,Y,4,8,W,A,PRM_0299,-0.1179663850488238,D,Y,299,FALSE,0.5127966435225048,FALSE
GLLKSRLVPSVPVL,K,V,4,8,W,A,PRM_0299,-0.04106558854815393,K,V,299,FALSE,0.5127966435225048,FALSE
GGPHKDPRLLLLV,H,D,4,6,V,P,PRM_0246,-0.04218339298298924,H,D,246,FALSE,0.5586905293176915,FALSE
GGPHKAPRLLLLV,H,A,4,6,V,P,PRM_0246,0.12259486501648414,H,A,246,FALSE,0.5586905293176915,FALSE
DK*LPPKP,*,K,3,7,P,L,PRM_0152,0.16335468062084782,*,K,152,FALSE,0.7613639068369705,FALSE
GLLKSRL*PSVPVL,K,*,4,8,W,A,PRM_0299,-0.06708386538691906,K,*,299,FALSE,0.5127966435225048,FALSE
GLLDSRLWPSVPVL,D,W,4,8,W,A,PRM_0299,-0.1043076526062987,D,W,299,FALSE,0.5127966435225048,FALSE
DK*LPPNP,*,N,3,7,P,L,PRM_0152,0.24025657369121584,*,N,152,FALSE,0.7613639068369705,FALSE
GLLKSRLYPSVPVL,K,Y,4,8,W,A,PRM_0299,-0.09204282030933976,K,Y,299,FALSE,0.5127966435225048,FALSE
GGPHKGPRLLLLV,H,G,4,6,V,P,PRM_0246,-0.034676373806285514,H,G,246,FALSE,0.5586905293176915,FALSE
GLLDSRLCPSVPVL,D,C,4,8,W,A,PRM_0299,-0.05856051122965297,D,C,299,FALSE,0.5127966435225048,FALSE
DK*LPPTP,*,T,3,7,P,L,PRM_0152,0.14650929540065366,*,T,152,FALSE,0.7613639068369705,FALSE
GGPHKVPRLLLLV,H,V,4,6,V,P,PRM_0246,-0.10304456602481442,H,V,246,FALSE,0.5586905293176915,FALSE
GLLDSRLFPSVPVL,D,F,4,8,W,A,PRM_0299,-0.0236490989929957,D,F,299,FALSE,0.5127966435225048,FALSE
SKVTHFLGWF,T,H,4,5,R,V,PRM_0366,0.8287209636369492,T,H,366,FALSE,0.7759614036328946,TRUE
DK*LPPRP,*,R,3,7,P,L,PRM_0152,0.1731382252259187,*,R,152,FALSE,0.7613639068369705,FALSE
GLLKSRLWPSVPVL,K,W,4,8,W,A,PRM_0299,-0.2065313176968552,K,W,299,FALSE,0.5127966435225048,FALSE
GLLASRLKPSVPVL,A,K,4,8,W,A,PRM_0299,-0.1282665365202331,A,K,299,FALSE,0.5127966435225048,FALSE
DK*LPPSP,*,S,3,7,P,L,PRM_0152,0.13816313715566106,*,S,152,FALSE,0.7613639068369705,FALSE
GLLKSRLCPSVPVL,K,C,4,8,W,A,PRM_0299,-0.14524612761494665,K,C,299,FALSE,0.5127966435225048,FALSE
GGPHK*PRLLLLV,H,*,4,6,V,P,PRM_0246,0.21060647287835185,H,*,246,FALSE,0.5586905293176915,FALSE
GLLASRLNPSVPVL,A,N,4,8,W,A,PRM_0299,-0.04840098975322109,A,N,299,FALSE,0.5127966435225048,FALSE
DK*LPPMP,*,M,3,7,P,L,PRM_0152,0.1926652866481366,*,M,152,FALSE,0.7613639068369705,FALSE
GGPHKYPRLLLLV,H,Y,4,6,V,P,PRM_0246,-0.1361949435594677,H,Y,246,FALSE,0.5586905293176915,FALSE
GLLASRLTPSVPVL,A,T,4,8,W,A,PRM_0299,-0.04761670963706373,A,T,299,FALSE,0.5127966435225048,FALSE
DK*LPPIP,*,I,3,7,P,L,PRM_0152,0.30689637496975897,*,I,152,FALSE,0.7613639068369705,FALSE
GLLKSRLFPSVPVL,K,F,4,8,W,A,PRM_0299,-0.1437645021656412,K,F,299,FALSE,0.5127966435225048,FALSE
DK*LPPQP,*,Q,3,7,P,L,PRM_0152,0.44062601369115384,*,Q,152,FALSE,0.7613639068369705,FALSE
GLLNSRLKPSVPVL,N,K,4,8,W,A,PRM_0299,-0.11956671625957012,N,K,299,FALSE,0.5127966435225048,FALSE
GLLASRLRPSVPVL,A,R,4,8,W,A,PRM_0299,-0.03290516080933541,A,R,299,FALSE,0.5127966435225048,FALSE
DK*LPPHP,*,H,3,7,P,L,PRM_0152,0.207118504082232,*,H,152,FALSE,0.7613639068369705,FALSE
GLLNSRLNPSVPVL,N,N,4,8,W,A,PRM_0299,-0.10697547512376834,N,N,299,FALSE,0.5127966435225048,FALSE
GGPHKWPRLLLLV,H,W,4,6,V,P,PRM_0246,0.0329798169650893,H,W,246,FALSE,0.5586905293176915,FALSE
GLLASRLSPSVPVL,A,S,4,8,W,A,PRM_0299,-0.061976292264289315,A,S,299,FALSE,0.5127966435225048,FALSE
DK*LPPPP,*,P,3,7,P,L,PRM_0152,0.2172302162065255,*,P,152,FALSE,0.7613639068369705,FALSE
GLLNSRLTPSVPVL,N,T,4,8,W,A,PRM_0299,0.0583869719310644,N,T,299,FALSE,0.5127966435225048,FALSE
GGPHKCPRLLLLV,H,C,4,6,V,P,PRM_0246,-0.01789007426591517,H,C,246,FALSE,0.5586905293176915,FALSE
GLLASRLMPSVPVL,A,M,4,8,W,A,PRM_0299,-0.06612557136536171,A,M,299,FALSE,0.5127966435225048,FALSE
GLLASRLIPSVPVL,A,I,4,8,W,A,PRM_0299,-0.0256770379952378,A,I,299,FALSE,0.5127966435225048,FALSE
GLLNSRLRPSVPVL,N,R,4,8,W,A,PRM_0299,-0.0304246567037469,N,R,299,FALSE,0.5127966435225048,FALSE
GGPHKFPRLLLLV,H,F,4,6,V,P,PRM_0246,-0.1474824624071675,H,F,246,FALSE,0.5586905293176915,FALSE
GLLASRLQPSVPVL,A,Q,4,8,W,A,PRM_0299,-0.026618780524798547,A,Q,299,FALSE,0.5127966435225048,FALSE
DK*LPPLP,*,L,3,7,P,L,PRM_0152,0.13037043286573832,*,L,152,FALSE,0.7613639068369705,FALSE
GLLNSRLSPSVPVL,N,S,4,8,W,A,PRM_0299,-0.01789007426591517,N,S,299,FALSE,0.5127966435225048,FALSE
GGPPKKPRLLLLV,P,K,4,6,V,P,PRM_0246,0.03660006320399709,P,K,246,FALSE,0.5586905293176915,FALSE
GLLASRLHPSVPVL,A,H,4,8,W,A,PRM_0299,-0.04200431760262931,A,H,299,FALSE,0.5127966435225048,FALSE
GLLNSRLMPSVPVL,N,M,4,8,W,A,PRM_0299,0.01122130670629079,N,M,299,FALSE,0.5127966435225048,FALSE
GGPPKNPRLLLLV,P,N,4,6,V,P,PRM_0246,0.17498648439581788,P,N,246,FALSE,0.5586905293176915,FALSE
GLLASRLPPSVPVL,A,P,4,8,W,A,PRM_0299,0.0960643212445089,A,P,299,FALSE,0.5127966435225048,FALSE
DK*LPPEP,*,E,3,7,P,L,PRM_0152,0.26821918783383797,*,E,152,FALSE,0.7613639068369705,FALSE
GLLNSRLIPSVPVL,N,I,4,8,W,A,PRM_0299,-0.03278706022786038,N,I,299,FALSE,0.5127966435225048,FALSE
GGPPKTPRLLLLV,P,T,4,6,V,P,PRM_0246,0.35204397665106324,P,T,246,FALSE,0.5586905293176915,FALSE
DK*LPPDP,*,D,3,7,P,L,PRM_0152,-0.00179823549574687,*,D,152,FALSE,0.7613639068369705,FALSE
GLLNSRLQPSVPVL,N,Q,4,8,W,A,PRM_0299,-0.06054954046816485,N,Q,299,FALSE,0.5127966435225048,FALSE
GGPPKRPRLLLLV,P,R,4,6,V,P,PRM_0246,0.11385235062497781,P,R,246,FALSE,0.5586905293176915,FALSE
DK*LPPAP,*,A,3,7,P,L,PRM_0152,0.2593578384433673,*,A,152,FALSE,0.7613639068369705,FALSE
GLLNSRLHPSVPVL,N,H,4,8,W,A,PRM_0299,-0.01352040055164189,N,H,299,FALSE,0.5127966435225048,FALSE
GGPPKSPRLLLLV,P,S,4,6,V,P,PRM_0246,0.28077579157604615,P,S,246,FALSE,0.5586905293176915,FALSE
GLLNSRLPPSVPVL,N,P,4,8,W,A,PRM_0299,-0.00961337512778984,N,P,299,FALSE,0.5127966435225048,FALSE
GGPPKMPRLLLLV,P,M,4,6,V,P,PRM_0246,0.038630951480875246,P,M,246,FALSE,0.5586905293176915,FALSE
GLLASRLLPSVPVL,A,L,4,8,W,A,PRM_0299,-0.06445562853138766,A,L,299,FALSE,0.5127966435225048,FALSE
DK*LPPGP,*,G,3,7,P,L,PRM_0152,0.16020192564930635,*,G,152,FALSE,0.7613639068369705,FALSE
GGPPKIPRLLLLV,P,I,4,6,V,P,PRM_0246,0.011290792495924854,P,I,246,FALSE,0.5586905293176915,FALSE
GGPPKQPRLLLLV,P,Q,4,6,V,P,PRM_0246,0.26172576190253616,P,Q,246,FALSE,0.5586905293176915,FALSE
GLLASRLEPSVPVL,A,E,4,8,W,A,PRM_0299,-0.1497783167761152,A,E,299,FALSE,0.5127966435225048,FALSE
SKVRKFLGWF,R,K,4,5,R,V,PRM_0366,0.7826763853930141,R,K,366,FALSE,0.7759614036328946,TRUE
DK*LPPVP,*,V,3,7,P,L,PRM_0152,0.02014615235094772,*,V,152,FALSE,0.7613639068369705,FALSE
GGPPKHPRLLLLV,P,H,4,6,V,P,PRM_0246,0.2682716883371473,P,H,246,FALSE,0.5586905293176915,FALSE
GLLASRLDPSVPVL,A,D,4,8,W,A,PRM_0299,-0.06714721742508906,A,D,299,FALSE,0.5127966435225048,FALSE
SKVRNFLGWF,R,N,4,5,R,V,PRM_0366,0.722260582260307,R,N,366,FALSE,0.7759614036328946,FALSE
GLLNSRLLPSVPVL,N,L,4,8,W,A,PRM_0299,-0.03442562432028522,N,L,299,FALSE,0.5127966435225048,FALSE
GGPPKPPRLLLLV,P,P,4,6,V,P,PRM_0246,0.7174741624188762,P,P,246,FALSE,0.5586905293176915,TRUE
GLLASRLAPSVPVL,A,A,4,8,W,A,PRM_0299,0.04152466637725785,A,A,299,FALSE,0.5127966435225048,FALSE
SKVRTFLGWF,R,T,4,5,R,V,PRM_0366,0.8209851262408638,R,T,366,FALSE,0.7759614036328946,TRUE
DK*LPP*P,*,*,3,7,P,L,PRM_0152,0.1493488611856287,*,*,152,FALSE,0.7613639068369705,FALSE
DK*LPPYP,*,Y,3,7,P,L,PRM_0152,0.2980674157903563,*,Y,152,FALSE,0.7613639068369705,FALSE
GLLNSRLEPSVPVL,N,E,4,8,W,A,PRM_0299,-0.09658832459357888,N,E,299,FALSE,0.5127966435225048,FALSE
GLLASRLGPSVPVL,A,G,4,8,W,A,PRM_0299,-0.17387019237050758,A,G,299,FALSE,0.5127966435225048,FALSE
SKVRRFLGWF,R,R,4,5,R,V,PRM_0366,0.737389376962351,R,R,366,FALSE,0.7759614036328946,FALSE
GLLNSRLDPSVPVL,N,D,4,8,W,A,PRM_0299,-0.1212916448129859,N,D,299,FALSE,0.5127966435225048,FALSE
SKVRSFLGWF,R,S,4,5,R,V,PRM_0366,0.7237724178182073,R,S,366,FALSE,0.7759614036328946,FALSE
GLLNSRLAPSVPVL,N,A,4,8,W,A,PRM_0299,-0.002502245573593145,N,A,299,FALSE,0.5127966435225048,FALSE
GGPPKLPRLLLLV,P,L,4,6,V,P,PRM_0246,0.030462080399582647,P,L,246,FALSE,0.5586905293176915,FALSE
GLLASRLVPSVPVL,A,V,4,8,W,A,PRM_0299,-0.15805895897282934,A,V,299,FALSE,0.5127966435225048,FALSE
SKVRMFLGWF,R,M,4,5,R,V,PRM_0366,0.7072893351109842,R,M,366,FALSE,0.7759614036328946,FALSE
DKFLPPKP,F,K,3,7,P,L,PRM_0152,0.28503915500870364,F,K,152,FALSE,0.7613639068369705,FALSE
DK*LPPWP,*,W,3,7,P,L,PRM_0152,0.1769564533978683,*,W,152,FALSE,0.7613639068369705,FALSE
SKVRIFLGWF,R,I,4,5,R,V,PRM_0366,0.7373690066561144,R,I,366,FALSE,0.7759614036328946,FALSE
DKFLPPNP,F,N,3,7,P,L,PRM_0152,0.26231988960567676,F,N,152,FALSE,0.7613639068369705,FALSE
DK*LPPCP,*,C,3,7,P,L,PRM_0152,0.07598943989538308,*,C,152,FALSE,0.7613639068369705,FALSE
GLLNSRLGPSVPVL,N,G,4,8,W,A,PRM_0299,-0.12478486083313331,N,G,299,FALSE,0.5127966435225048,FALSE
GGPPKEPRLLLLV,P,E,4,6,V,P,PRM_0246,0.17012755261412693,P,E,246,FALSE,0.5586905293176915,FALSE
GLLASRL*PSVPVL,A,*,4,8,W,A,PRM_0299,-0.10127709299468324,A,*,299,FALSE,0.5127966435225048,FALSE
SKVRQFLGWF,R,Q,4,5,R,V,PRM_0366,0.7718830234013514,R,Q,366,FALSE,0.7759614036328946,FALSE
DKFLPPTP,F,T,3,7,P,L,PRM_0152,0.2777035352175942,F,T,152,FALSE,0.7613639068369705,FALSE
GGPPKDPRLLLLV,P,D,4,6,V,P,PRM_0246,0.03202588173337097,P,D,246,FALSE,0.5586905293176915,FALSE
GLLASRLYPSVPVL,A,Y,4,8,W,A,PRM_0299,-0.09378175466344456,A,Y,299,FALSE,0.5127966435225048,FALSE
SKVRHFLGWF,R,H,4,5,R,V,PRM_0366,0.7339115624320812,R,H,366,FALSE,0.7759614036328946,FALSE
DK*LPPFP,*,F,3,7,P,L,PRM_0152,0.16097840087888604,*,F,152,FALSE,0.7613639068369705,FALSE
GLLNSRLVPSVPVL,N,V,4,8,W,A,PRM_0299,-0.15592752522257397,N,V,299,FALSE,0.5127966435225048,FALSE
GGPPKAPRLLLLV,P,A,4,6,V,P,PRM_0246,0.4169648309613221,P,A,246,FALSE,0.5586905293176915,FALSE
SKVRPFLGWF,R,P,4,5,R,V,PRM_0366,0.1993290428201005,R,P,366,FALSE,0.7759614036328946,FALSE
DKFLPPRP,F,R,3,7,P,L,PRM_0152,0.23386567415736223,F,R,152,FALSE,0.7613639068369705,FALSE
DKYLPPKP,Y,K,3,7,P,L,PRM_0152,0.3216898032230285,Y,K,152,FALSE,0.7613639068369705,FALSE
GGPPKGPRLLLLV,P,G,4,6,V,P,PRM_0246,0.07624050610379632,P,G,246,FALSE,0.5586905293176915,FALSE
DKFLPPSP,F,S,3,7,P,L,PRM_0152,0.17764339041069277,F,S,152,FALSE,0.7613639068369705,FALSE
DKYLPPNP,Y,N,3,7,P,L,PRM_0152,0.11117260052277082,Y,N,152,FALSE,0.7613639068369705,FALSE
GLLNSRL*PSVPVL,N,*,4,8,W,A,PRM_0299,0.1255502091474981,N,*,299,FALSE,0.5127966435225048,FALSE
GLLASRLWPSVPVL,A,W,4,8,W,A,PRM_0299,-0.07448876432596663,A,W,299,FALSE,0.5127966435225048,FALSE
DKFLPPMP,F,M,3,7,P,L,PRM_0152,0.1204878999769598,F,M,152,FALSE,0.7613639068369705,FALSE
DKYLPPTP,Y,T,3,7,P,L,PRM_0152,0.34344580554494125,Y,T,152,FALSE,0.7613639068369705,FALSE
GLLNSRLYPSVPVL,N,Y,4,8,W,A,PRM_0299,-0.11003849036140628,N,Y,299,FALSE,0.5127966435225048,FALSE
GGPPKVPRLLLLV,P,V,4,6,V,P,PRM_0246,0.0520206642764187,P,V,246,FALSE,0.5586905293176915,FALSE
GLLASRLCPSVPVL,A,C,4,8,W,A,PRM_0299,-0.17497274319435338,A,C,299,FALSE,0.5127966435225048,FALSE
DKFLPPIP,F,I,3,7,P,L,PRM_0152,0.2022920193166784,F,I,152,FALSE,0.7613639068369705,FALSE
SKVRLFLGWF,R,L,4,5,R,V,PRM_0366,0.6849564982672511,R,L,366,FALSE,0.7759614036328946,FALSE
DKFLPPQP,F,Q,3,7,P,L,PRM_0152,0.14216106286225805,F,Q,152,FALSE,0.7613639068369705,FALSE
DKYLPPRP,Y,R,3,7,P,L,PRM_0152,0.17734629415807945,Y,R,152,FALSE,0.7613639068369705,FALSE
GGPPK*PRLLLLV,P,*,4,6,V,P,PRM_0246,0.07650820769826579,P,*,246,FALSE,0.5586905293176915,FALSE
GLLASRLFPSVPVL,A,F,4,8,W,A,PRM_0299,-0.17813074057242684,A,F,299,FALSE,0.5127966435225048,FALSE
DKFLPPHP,F,H,3,7,P,L,PRM_0152,0.3063913569698873,F,H,152,FALSE,0.7613639068369705,FALSE
DKYLPPSP,Y,S,3,7,P,L,PRM_0152,0.19972965767942516,Y,S,152,FALSE,0.7613639068369705,FALSE
GLLNSRLWPSVPVL,N,W,4,8,W,A,PRM_0299,-0.09066774963840343,N,W,299,FALSE,0.5127966435225048,FALSE
GGPPKYPRLLLLV,P,Y,4,6,V,P,PRM_0246,0.08289438691149147,P,Y,246,FALSE,0.5586905293176915,FALSE
SKVREFLGWF,R,E,4,5,R,V,PRM_0366,0.8005804921591775,R,E,366,FALSE,0.7759614036328946,TRUE
DKYLPPMP,Y,M,3,7,P,L,PRM_0152,0.078752167485144,Y,M,152,FALSE,0.7613639068369705,FALSE
GLLNSRLCPSVPVL,N,C,4,8,W,A,PRM_0299,-0.09494423456522988,N,C,299,FALSE,0.5127966435225048,FALSE
SKVRDFLGWF,R,D,4,5,R,V,PRM_0366,0.6713655973636214,R,D,366,FALSE,0.7759614036328946,FALSE
DKYLPPIP,Y,I,3,7,P,L,PRM_0152,0.1955947385832586,Y,I,152,FALSE,0.7613639068369705,FALSE
SKVRAFLGWF,R,A,4,5,R,V,PRM_0366,0.7037028867931133,R,A,366,FALSE,0.7759614036328946,FALSE
DKFLPPLP,F,L,3,7,P,L,PRM_0152,0.31074523221627115,F,L,152,FALSE,0.7613639068369705,FALSE
DKYLPPQP,Y,Q,3,7,P,L,PRM_0152,0.1441958656638358,Y,Q,152,FALSE,0.7613639068369705,FALSE
GLLNSRLFPSVPVL,N,F,4,8,W,A,PRM_0299,-0.16560414718492317,N,F,299,FALSE,0.5127966435225048,FALSE
GGPPKWPRLLLLV,P,W,4,6,V,P,PRM_0246,0.06991652403228894,P,W,246,FALSE,0.5586905293176915,FALSE
DKYLPPHP,Y,H,3,7,P,L,PRM_0152,0.15045070707001473,Y,H,152,FALSE,0.7613639068369705,FALSE
GLLTSRLKPSVPVL,T,K,4,8,W,A,PRM_0299,0.044537468564327144,T,K,299,FALSE,0.5127966435225048,FALSE
GGPPKCPRLLLLV,P,C,4,6,V,P,PRM_0246,-0.0032166423482303504,P,C,246,FALSE,0.5586905293176915,FALSE
SKVRGFLGWF,R,G,4,5,R,V,PRM_0366,0.5232491898556473,R,G,366,FALSE,0.7759614036328946,FALSE
DKFLPPEP,F,E,3,7,P,L,PRM_0152,0.1349403296770698,F,E,152,FALSE,0.7613639068369705,FALSE
GLLTSRLNPSVPVL,T,N,4,8,W,A,PRM_0299,0.051537005515933355,T,N,299,FALSE,0.5127966435225048,FALSE
DKFLPPDP,F,D,3,7,P,L,PRM_0152,0.2795084762143775,F,D,152,FALSE,0.7613639068369705,FALSE
GLLTSRLTPSVPVL,T,T,4,8,W,A,PRM_0299,0.06397632801717318,T,T,299,FALSE,0.5127966435225048,FALSE
GGPPKFPRLLLLV,P,F,4,6,V,P,PRM_0246,-0.03590394036983652,P,F,246,FALSE,0.5586905293176915,FALSE
SKVRVFLGWF,R,V,4,5,R,V,PRM_0366,0.7759614036328946,R,V,366,TRUE,0.7759614036328946,TRUE
DKFLPPAP,F,A,3,7,P,L,PRM_0152,0.19100894528991916,F,A,152,FALSE,0.7613639068369705,FALSE
DKYLPPLP,Y,L,3,7,P,L,PRM_0152,0.3196940418243221,Y,L,152,FALSE,0.7613639068369705,FALSE
GLLTSRLRPSVPVL,T,R,4,8,W,A,PRM_0299,-0.10338681090795485,T,R,299,FALSE,0.5127966435225048,FALSE
SKVR*FLGWF,R,*,4,5,R,V,PRM_0366,0.2047732066862978,R,*,366,FALSE,0.7759614036328946,FALSE
DKFLPPGP,F,G,3,7,P,L,PRM_0152,0.20059621255410395,F,G,152,FALSE,0.7613639068369705,FALSE
DKYLPPEP,Y,E,3,7,P,L,PRM_0152,0.16538928565253314,Y,E,152,FALSE,0.7613639068369705,FALSE
GLLTSRLSPSVPVL,T,S,4,8,W,A,PRM_0299,-0.024214782533631393,T,S,299,FALSE,0.5127966435225048,FALSE
SKVRYFLGWF,R,Y,4,5,R,V,PRM_0366,0.6442217620257962,R,Y,366,FALSE,0.7759614036328946,FALSE
DKYLPPDP,Y,D,3,7,P,L,PRM_0152,0.28849667972108956,Y,D,152,FALSE,0.7613639068369705,FALSE
GLLTSRLMPSVPVL,T,M,4,8,W,A,PRM_0299,-0.033516641368889856,T,M,299,FALSE,0.5127966435225048,FALSE
DKFLPPVP,F,V,3,7,P,L,PRM_0152,0.2681089613915356,F,V,152,FALSE,0.7613639068369705,FALSE
DKYLPPAP,Y,A,3,7,P,L,PRM_0152,0.19360365552126843,Y,A,152,FALSE,0.7613639068369705,FALSE
GLLTSRLIPSVPVL,T,I,4,8,W,A,PRM_0299,-0.01156041530490034,T,I,299,FALSE,0.5127966435225048,FALSE
GLLTSRLQPSVPVL,T,Q,4,8,W,A,PRM_0299,6.112124414558201e-4,T,Q,299,FALSE,0.5127966435225048,FALSE
SKVRWFLGWF,R,W,4,5,R,V,PRM_0366,0.5459707289396065,R,W,366,FALSE,0.7759614036328946,FALSE
DKFLPP*P,F,*,3,7,P,L,PRM_0152,0.13014809593886476,F,*,152,FALSE,0.7613639068369705,FALSE
DKYLPPGP,Y,G,3,7,P,L,PRM_0152,0.188733950134391,Y,G,152,FALSE,0.7613639068369705,FALSE
GLLTSRLHPSVPVL,T,H,4,8,W,A,PRM_0299,0.06497351440234973,T,H,299,FALSE,0.5127966435225048,FALSE
SKVRCFLGWF,R,C,4,5,R,V,PRM_0366,0.7187979328693835,R,C,366,FALSE,0.7759614036328946,FALSE
DKFLPPYP,F,Y,3,7,P,L,PRM_0152,0.18770129510654693,F,Y,152,FALSE,0.7613639068369705,FALSE
GLLTSRLPPSVPVL,T,P,4,8,W,A,PRM_0299,0.024289164512886676,T,P,299,FALSE,0.5127966435225048,FALSE
DKYLPPVP,Y,V,3,7,P,L,PRM_0152,0.1859742719360466,Y,V,152,FALSE,0.7613639068369705,FALSE
SKVRFFLGWF,R,F,4,5,R,V,PRM_0366,0.5912845795606122,R,F,366,FALSE,0.7759614036328946,FALSE
SKVSKFLGWF,S,K,4,5,R,V,PRM_0366,0.8126489848705704,S,K,366,FALSE,0.7759614036328946,TRUE
DKFLPPWP,F,W,3,7,P,L,PRM_0152,0.04669526656054812,F,W,152,FALSE,0.7613639068369705,FALSE
DKYLPP*P,Y,*,3,7,P,L,PRM_0152,0.01456880554279418,Y,*,152,FALSE,0.7613639068369705,FALSE
SKVSNFLGWF,S,N,4,5,R,V,PRM_0366,0.7345707948645224,S,N,366,FALSE,0.7759614036328946,FALSE
DKFLPPCP,F,C,3,7,P,L,PRM_0152,0.12365417046291546,F,C,152,FALSE,0.7613639068369705,FALSE
DKYLPPYP,Y,Y,3,7,P,L,PRM_0152,0.16504855659855686,Y,Y,152,FALSE,0.7613639068369705,FALSE
GLLTSRLLPSVPVL,T,L,4,8,W,A,PRM_0299,-0.05365254946896629,T,L,299,FALSE,0.5127966435225048,FALSE
SKVSTFLGWF,S,T,4,5,R,V,PRM_0366,0.8456507719873068,S,T,366,FALSE,0.7759614036328946,TRUE
DKFLPPFP,F,F,3,7,P,L,PRM_0152,0.169288488386472,F,F,152,FALSE,0.7613639068369705,FALSE
GLLTSRLEPSVPVL,T,E,4,8,W,A,PRM_0299,-0.03781643861507401,T,E,299,FALSE,0.5127966435225048,FALSE
SKVSRFLGWF,S,R,4,5,R,V,PRM_0366,0.7496283012626478,S,R,366,FALSE,0.7759614036328946,FALSE
DRILPPLP,NA,NA,NA,NA,NA,NA,reference,0.4658499562178194,NA,NA,reference,FALSE,NA,NA
DKYLPPWP,Y,W,3,7,P,L,PRM_0152,0.14627509082225634,Y,W,152,FALSE,0.7613639068369705,FALSE
GLLTSRLDPSVPVL,T,D,4,8,W,A,PRM_0299,-0.0481630150600988,T,D,299,FALSE,0.5127966435225048,FALSE
SKVSSFLGWF,S,S,4,5,R,V,PRM_0366,0.7257611888348858,S,S,366,FALSE,0.7759614036328946,FALSE
APPVPVRYLQRF,NA,NA,NA,NA,NA,NA,reference,0.2337387260318999,NA,NA,reference,FALSE,NA,NA
DKYLPPCP,Y,C,3,7,P,L,PRM_0152,0.11626672730521484,Y,C,152,FALSE,0.7613639068369705,FALSE
GLLTSRLAPSVPVL,T,A,4,8,W,A,PRM_0299,0.013129704664737195,T,A,299,FALSE,0.5127966435225048,FALSE
SKVSMFLGWF,S,M,4,5,R,V,PRM_0366,0.7373513297176739,S,M,366,FALSE,0.7759614036328946,FALSE
GPRYWWSGWL,NA,NA,NA,NA,NA,NA,reference,0.7092753186813019,NA,NA,reference,FALSE,NA,NA
SKVSIFLGWF,S,I,4,5,R,V,PRM_0366,0.7599858990330197,S,I,366,FALSE,0.7759614036328946,FALSE
GGPKKKPRLLLLV,K,K,4,6,V,P,PRM_0246,-0.01152047311182053,K,K,246,FALSE,0.5586905293176915,FALSE
DKYLPPFP,Y,F,3,7,P,L,PRM_0152,0.1792168113385788,Y,F,152,FALSE,0.7613639068369705,FALSE
GLLTSRLGPSVPVL,T,G,4,8,W,A,PRM_0299,-0.1292278089938974,T,G,299,FALSE,0.5127966435225048,FALSE
SKVSQFLGWF,S,Q,4,5,R,V,PRM_0366,0.7695349950915533,S,Q,366,FALSE,0.7759614036328946,FALSE
GGPKKNPRLLLLV,K,N,4,6,V,P,PRM_0246,0.09928928750866976,K,N,246,FALSE,0.5586905293176915,FALSE
SKVSHFLGWF,S,H,4,5,R,V,PRM_0366,0.7456416135272306,S,H,366,FALSE,0.7759614036328946,FALSE
GGPKKTPRLLLLV,K,T,4,6,V,P,PRM_0246,0.07875216748514423,K,T,246,FALSE,0.5586905293176915,FALSE
GLLTSRLVPSVPVL,T,V,4,8,W,A,PRM_0299,-0.13754196393709595,T,V,299,FALSE,0.5127966435225048,FALSE
SKVSPFLGWF,S,P,4,5,R,V,PRM_0366,0.359519685327199,S,P,366,FALSE,0.7759614036328946,FALSE
GGPKKRPRLLLLV,K,R,4,6,V,P,PRM_0246,0.1025961076663174,K,R,246,FALSE,0.5586905293176915,FALSE
GGPKKSPRLLLLV,K,S,4,6,V,P,PRM_0246,0.16097840087888604,K,S,246,FALSE,0.5586905293176915,FALSE
GLLTSRL*PSVPVL,T,*,4,8,W,A,PRM_0299,0.07308639088166105,T,*,299,FALSE,0.5127966435225048,FALSE
GGPKKMPRLLLLV,K,M,4,6,V,P,PRM_0246,-0.00859530199480945,K,M,246,FALSE,0.5586905293176915,FALSE
GLLTSRLYPSVPVL,T,Y,4,8,W,A,PRM_0299,-0.026694875909536116,T,Y,299,FALSE,0.5127966435225048,FALSE
GGPKKIPRLLLLV,K,I,4,6,V,P,PRM_0246,0.02238186036885139,K,I,246,FALSE,0.5586905293176915,FALSE
SKVSLFLGWF,S,L,4,5,R,V,PRM_0366,0.7169674757308904,S,L,366,FALSE,0.7759614036328946,FALSE
GGPKKQPRLLLLV,K,Q,4,6,V,P,PRM_0246,0.05536974446209565,K,Q,246,FALSE,0.5586905293176915,FALSE
GGPKKHPRLLLLV,K,H,4,6,V,P,PRM_0246,0.22805578813602503,K,H,246,FALSE,0.5586905293176915,FALSE
GLLTSRLWPSVPVL,T,W,4,8,W,A,PRM_0299,-0.09387884813289071,T,W,299,FALSE,0.5127966435225048,FALSE
GLLGSRLKPSVPVL,G,K,4,8,W,A,PRM_0299,-0.051576427211205166,G,K,299,FALSE,0.5127966435225048,FALSE
SKVSEFLGWF,S,E,4,5,R,V,PRM_0366,0.8250173681868332,S,E,366,FALSE,0.7759614036328946,TRUE
GGPKKPPRLLLLV,K,P,4,6,V,P,PRM_0246,0.6575718792997252,K,P,246,FALSE,0.5586905293176915,TRUE
GLLTSRLCPSVPVL,T,C,4,8,W,A,PRM_0299,-0.08741146512254144,T,C,299,FALSE,0.5127966435225048,FALSE
GLLGSRLNPSVPVL,G,N,4,8,W,A,PRM_0299,-0.03451272511596831,G,N,299,FALSE,0.5127966435225048,FALSE
SKVSDFLGWF,S,D,4,5,R,V,PRM_0366,0.6798290959471339,S,D,366,FALSE,0.7759614036328946,FALSE
GLLGSRLTPSVPVL,G,T,4,8,W,A,PRM_0299,-0.1039816645778423,G,T,299,FALSE,0.5127966435225048,FALSE
SKVSAFLGWF,S,A,4,5,R,V,PRM_0366,0.7008874484418635,S,A,366,FALSE,0.7759614036328946,FALSE
GLLTSRLFPSVPVL,T,F,4,8,W,A,PRM_0299,-0.11155833450678049,T,F,299,FALSE,0.5127966435225048,FALSE
GLLGSRLRPSVPVL,G,R,4,8,W,A,PRM_0299,-0.16783799302918495,G,R,299,FALSE,0.5127966435225048,FALSE
SKVSGFLGWF,S,G,4,5,R,V,PRM_0366,0.5660729910284749,S,G,366,FALSE,0.7759614036328946,FALSE
GGPKKLPRLLLLV,K,L,4,6,V,P,PRM_0246,-0.0861036199964878,K,L,246,FALSE,0.5586905293176915,FALSE
GGPRKKPRLLLLV,R,K,4,6,V,P,PRM_0246,0.01702539025292857,R,K,246,FALSE,0.5586905293176915,FALSE
GLLGSRLSPSVPVL,G,S,4,8,W,A,PRM_0299,-0.12268900072519248,G,S,299,FALSE,0.5127966435225048,FALSE
GGPRKNPRLLLLV,R,N,4,6,V,P,PRM_0246,0.0203946563918379,R,N,246,FALSE,0.5586905293176915,FALSE
GLLGSRLMPSVPVL,G,M,4,8,W,A,PRM_0299,-0.24351326957475042,G,M,299,FALSE,0.5127966435225048,FALSE
SKVSVFLGWF,S,V,4,5,R,V,PRM_0366,0.7910501363579054,S,V,366,FALSE,0.7759614036328946,TRUE
GGPKKEPRLLLLV,K,E,4,6,V,P,PRM_0246,0.05489336827598894,K,E,246,FALSE,0.5586905293176915,FALSE
GGPRKTPRLLLLV,R,T,4,6,V,P,PRM_0246,0.029727515333677398,R,T,246,FALSE,0.5586905293176915,FALSE
GLLGSRLIPSVPVL,G,I,4,8,W,A,PRM_0299,-0.24060867472079747,G,I,299,FALSE,0.5127966435225048,FALSE
GGPKKDPRLLLLV,K,D,4,6,V,P,PRM_0246,0.04823985904530524,K,D,246,FALSE,0.5586905293176915,FALSE
GLLGSRLQPSVPVL,G,Q,4,8,W,A,PRM_0299,-0.04473108503696094,G,Q,299,FALSE,0.5127966435225048,FALSE
SKVS*FLGWF,S,*,4,5,R,V,PRM_0366,0.2908672186255517,S,*,366,FALSE,0.7759614036328946,FALSE
GGPKKAPRLLLLV,K,A,4,6,V,P,PRM_0246,0.24408729764253945,K,A,246,FALSE,0.5586905293176915,FALSE
GGPRKRPRLLLLV,R,R,4,6,V,P,PRM_0246,-0.01889690246394777,R,R,246,FALSE,0.5586905293176915,FALSE
GLLGSRLHPSVPVL,G,H,4,8,W,A,PRM_0299,-0.09375430464333157,G,H,299,FALSE,0.5127966435225048,FALSE
SKVSYFLGWF,S,Y,4,5,R,V,PRM_0366,0.6936202092781125,S,Y,366,FALSE,0.7759614036328946,FALSE
GGPRKSPRLLLLV,R,S,4,6,V,P,PRM_0246,0.0725841738171307,R,S,246,FALSE,0.5586905293176915,FALSE
GLLGSRLPPSVPVL,G,P,4,8,W,A,PRM_0299,-0.04954570142535397,G,P,299,FALSE,0.5127966435225048,FALSE
GGPKKGPRLLLLV,K,G,4,6,V,P,PRM_0246,0.005704702405429569,K,G,246,FALSE,0.5586905293176915,FALSE
GGPRKMPRLLLLV,R,M,4,6,V,P,PRM_0246,-0.07969202351851656,R,M,246,FALSE,0.5586905293176915,FALSE
GGPRKIPRLLLLV,R,I,4,6,V,P,PRM_0246,-0.06201585991745111,R,I,246,FALSE,0.5586905293176915,FALSE
SKVSWFLGWF,S,W,4,5,R,V,PRM_0366,0.5583397485214695,S,W,366,FALSE,0.7759614036328946,FALSE
GGPKKVPRLLLLV,K,V,4,6,V,P,PRM_0246,-0.01930209192620392,K,V,246,FALSE,0.5586905293176915,FALSE
GGPRKQPRLLLLV,R,Q,4,6,V,P,PRM_0246,0.0583772487644093,R,Q,246,FALSE,0.5586905293176915,FALSE
SKVSCFLGWF,S,C,4,5,R,V,PRM_0366,0.7353690535175458,S,C,366,FALSE,0.7759614036328946,FALSE
GGPRKHPRLLLLV,R,H,4,6,V,P,PRM_0246,0.2301390377987149,R,H,246,FALSE,0.5586905293176915,FALSE
GLLGSRLLPSVPVL,G,L,4,8,W,A,PRM_0299,-0.18374559284182668,G,L,299,FALSE,0.5127966435225048,FALSE
GGPKK*PRLLLLV,K,*,4,6,V,P,PRM_0246,0.22528918130090864,K,*,246,FALSE,0.5586905293176915,FALSE
GGPRKPPRLLLLV,R,P,4,6,V,P,PRM_0246,0.5454029328306259,R,P,246,FALSE,0.5586905293176915,FALSE
SKVSFFLGWF,S,F,4,5,R,V,PRM_0366,0.7047403722707408,S,F,366,FALSE,0.7759614036328946,FALSE
GGPKKYPRLLLLV,K,Y,4,6,V,P,PRM_0246,-0.05240149979924834,K,Y,246,FALSE,0.5586905293176915,FALSE
GLLGSRLEPSVPVL,G,E,4,8,W,A,PRM_0299,-0.050103064011302954,G,E,299,FALSE,0.5127966435225048,FALSE
SKVMKFLGWF,M,K,4,5,R,V,PRM_0366,0.8012324996573055,M,K,366,FALSE,0.7759614036328946,TRUE
GLLGSRLDPSVPVL,G,D,4,8,W,A,PRM_0299,-0.07104670834458907,G,D,299,FALSE,0.5127966435225048,FALSE
SKVMNFLGWF,M,N,4,5,R,V,PRM_0366,0.7291561473705747,M,N,366,FALSE,0.7759614036328946,FALSE
GLLGSRLAPSVPVL,G,A,4,8,W,A,PRM_0299,-0.03598787711126329,G,A,299,FALSE,0.5127966435225048,FALSE
SKVMTFLGWF,M,T,4,5,R,V,PRM_0366,0.8443475335519788,M,T,366,FALSE,0.7759614036328946,TRUE
GGPKKWPRLLLLV,K,W,4,6,V,P,PRM_0246,-0.06616933593060395,K,W,246,FALSE,0.5586905293176915,FALSE
GGPRKLPRLLLLV,R,L,4,6,V,P,PRM_0246,-0.09637849754177574,R,L,246,FALSE,0.5586905293176915,FALSE
GGPKKCPRLLLLV,K,C,4,6,V,P,PRM_0246,0.00528212244563905,K,C,246,FALSE,0.5586905293176915,FALSE
GLLGSRLGPSVPVL,G,G,4,8,W,A,PRM_0299,-0.2145899837478928,G,G,299,FALSE,0.5127966435225048,FALSE
SKVMRFLGWF,M,R,4,5,R,V,PRM_0366,0.7577244064003874,M,R,366,FALSE,0.7759614036328946,FALSE
GGPRKEPRLLLLV,R,E,4,6,V,P,PRM_0246,0.03698382323423658,R,E,246,FALSE,0.5586905293176915,FALSE
SKVMSFLGWF,M,S,4,5,R,V,PRM_0366,0.7311048865639616,M,S,366,FALSE,0.7759614036328946,FALSE
GGPKKFPRLLLLV,K,F,4,6,V,P,PRM_0246,0.08824394777844428,K,F,246,FALSE,0.5586905293176915,FALSE
GGPRKDPRLLLLV,R,D,4,6,V,P,PRM_0246,-0.08928162818548674,R,D,246,FALSE,0.5586905293176915,FALSE
GLLGSRLVPSVPVL,G,V,4,8,W,A,PRM_0299,-0.1916000531776561,G,V,299,FALSE,0.5127966435225048,FALSE
SKVMMFLGWF,M,M,4,5,R,V,PRM_0366,0.7204972767356841,M,M,366,FALSE,0.7759614036328946,FALSE
GGPNKKPRLLLLV,N,K,4,6,V,P,PRM_0246,2.225714980201236e-4,N,K,246,FALSE,0.5586905293176915,FALSE
GGPRKAPRLLLLV,R,A,4,6,V,P,PRM_0246,0.23047596688203104,R,A,246,FALSE,0.5586905293176915,FALSE
SKVMIFLGWF,M,I,4,5,R,V,PRM_0366,0.6954522069252068,M,I,366,FALSE,0.7759614036328946,FALSE
GGPNKNPRLLLLV,N,N,4,6,V,P,PRM_0246,0.00748609035719679,N,N,246,FALSE,0.5586905293176915,FALSE
GLLGSRL*PSVPVL,G,*,4,8,W,A,PRM_0299,0.036462234879809485,G,*,299,FALSE,0.5127966435225048,FALSE
SKVMQFLGWF,M,Q,4,5,R,V,PRM_0366,0.7831188511163802,M,Q,366,FALSE,0.7759614036328946,TRUE
GGPNKTPRLLLLV,N,T,4,6,V,P,PRM_0246,0.07748743774804005,N,T,246,FALSE,0.5586905293176915,FALSE
GGPRKGPRLLLLV,R,G,4,6,V,P,PRM_0246,-0.15187766213832815,R,G,246,FALSE,0.5586905293176915,FALSE
GLLGSRLYPSVPVL,G,Y,4,8,W,A,PRM_0299,-0.10057738940600786,G,Y,299,FALSE,0.5127966435225048,FALSE
SKVMHFLGWF,M,H,4,5,R,V,PRM_0366,0.7220281101039272,M,H,366,FALSE,0.7759614036328946,FALSE
SKVMPFLGWF,M,P,4,5,R,V,PRM_0366,0.38552410277556626,M,P,366,FALSE,0.7759614036328946,FALSE
GGPNKRPRLLLLV,N,R,4,6,V,P,PRM_0246,-0.02426069120521827,N,R,246,FALSE,0.5586905293176915,FALSE
GGPRKVPRLLLLV,R,V,4,6,V,P,PRM_0246,-0.13705282032043672,R,V,246,FALSE,0.5586905293176915,FALSE
GGPNKSPRLLLLV,N,S,4,6,V,P,PRM_0246,-0.01987269191929423,N,S,246,FALSE,0.5586905293176915,FALSE
GLLGSRLWPSVPVL,G,W,4,8,W,A,PRM_0299,-0.18973069703163542,G,W,299,FALSE,0.5127966435225048,FALSE
GGPNKMPRLLLLV,N,M,4,6,V,P,PRM_0246,-0.01513087709455183,N,M,246,FALSE,0.5586905293176915,FALSE
GGPRK*PRLLLLV,R,*,4,6,V,P,PRM_0246,0.06800470060214163,R,*,246,FALSE,0.5586905293176915,FALSE
GLLGSRLCPSVPVL,G,C,4,8,W,A,PRM_0299,-0.037253187323067205,G,C,299,FALSE,0.5127966435225048,FALSE
GGPNKIPRLLLLV,N,I,4,6,V,P,PRM_0246,-0.07427802184188993,N,I,246,FALSE,0.5586905293176915,FALSE
GGPRKYPRLLLLV,R,Y,4,6,V,P,PRM_0246,-0.09658832459357888,R,Y,246,FALSE,0.5586905293176915,FALSE
SKVMLFLGWF,M,L,4,5,R,V,PRM_0366,0.672724976306663,M,L,366,FALSE,0.7759614036328946,FALSE
GGPNKQPRLLLLV,N,Q,4,6,V,P,PRM_0246,0.0865973434498035,N,Q,246,FALSE,0.5586905293176915,FALSE
GLLGSRLFPSVPVL,G,F,4,8,W,A,PRM_0299,-0.17725877554442926,G,F,299,FALSE,0.5127966435225048,FALSE
GGPNKHPRLLLLV,N,H,4,6,V,P,PRM_0246,0.10538731686740473,N,H,246,FALSE,0.5586905293176915,FALSE
SKVMEFLGWF,M,E,4,5,R,V,PRM_0366,0.8288600523291897,M,E,366,FALSE,0.7759614036328946,TRUE
GGPNKPPRLLLLV,N,P,4,6,V,P,PRM_0246,0.4143643236577028,N,P,246,FALSE,0.5586905293176915,FALSE
GGPRKWPRLLLLV,R,W,4,6,V,P,PRM_0246,-0.15954752163226332,R,W,246,FALSE,0.5586905293176915,FALSE
SKVMDFLGWF,M,D,4,5,R,V,PRM_0366,0.7033215410362401,M,D,366,FALSE,0.7759614036328946,FALSE
GGP*KHPRLLLLV,*,H,4,6,V,P,PRM_0246,0.148340071192788,*,H,246,FALSE,0.5586905293176915,FALSE
GGPRKCPRLLLLV,R,C,4,6,V,P,PRM_0246,-0.08402102210828924,R,C,246,FALSE,0.5586905293176915,FALSE
SKVMAFLGWF,M,A,4,5,R,V,PRM_0366,0.700981333153544,M,A,366,FALSE,0.7759614036328946,FALSE
GGP*KPPRLLLLV,*,P,4,6,V,P,PRM_0246,0.17661849498737228,*,P,246,FALSE,0.5586905293176915,FALSE
GGPRKFPRLLLLV,R,F,4,6,V,P,PRM_0246,-0.1328993578583751,R,F,246,FALSE,0.5586905293176915,FALSE
SKVMGFLGWF,M,G,4,5,R,V,PRM_0366,0.5975717053010048,M,G,366,FALSE,0.7759614036328946,FALSE
GGPNKLPRLLLLV,N,L,4,6,V,P,PRM_0246,-0.06616933593060395,N,L,246,FALSE,0.5586905293176915,FALSE
GGP*KRPRLLLLV,*,R,4,6,V,P,PRM_0246,-0.05240149979924834,*,R,246,FALSE,0.5586905293176915,FALSE
SKVMVFLGWF,M,V,4,5,R,V,PRM_0366,0.7380263958792643,M,V,366,FALSE,0.7759614036328946,FALSE
GGPNKEPRLLLLV,N,E,4,6,V,P,PRM_0246,0.06502178664651193,N,E,246,FALSE,0.5586905293176915,FALSE
GGP*KLPRLLLLV,*,L,4,6,V,P,PRM_0246,0.09946173544270216,*,L,246,FALSE,0.5586905293176915,FALSE
GGPNKDPRLLLLV,N,D,4,6,V,P,PRM_0246,0.01745676181201888,N,D,246,FALSE,0.5586905293176915,FALSE
SKVM*FLGWF,M,*,4,5,R,V,PRM_0366,0.19054976137672625,M,*,366,FALSE,0.7759614036328946,FALSE
GGPNKAPRLLLLV,N,A,4,6,V,P,PRM_0246,0.16734189270231448,N,A,246,FALSE,0.5586905293176915,FALSE
GGP*KEPRLLLLV,*,E,4,6,V,P,PRM_0246,0.17238415996841752,*,E,246,FALSE,0.5586905293176915,FALSE
SKVMYFLGWF,M,Y,4,5,R,V,PRM_0366,0.6771513330872247,M,Y,366,FALSE,0.7759614036328946,FALSE
GGP*KDPRLLLLV,*,D,4,6,V,P,PRM_0246,0.17192893895954836,*,D,246,FALSE,0.5586905293176915,FALSE
GGPNKGPRLLLLV,N,G,4,6,V,P,PRM_0246,-0.009514592453946534,N,G,246,FALSE,0.5586905293176915,FALSE
GGP*KAPRLLLLV,*,A,4,6,V,P,PRM_0246,0.07490323240807978,*,A,246,FALSE,0.5586905293176915,FALSE
SKVMWFLGWF,M,W,4,5,R,V,PRM_0366,0.5326671010026159,M,W,366,FALSE,0.7759614036328946,FALSE
GGPNKVPRLLLLV,N,V,4,6,V,P,PRM_0246,-0.010614325243550524,N,V,246,FALSE,0.5586905293176915,FALSE
GGP*KGPRLLLLV,*,G,4,6,V,P,PRM_0246,4.202421185736105e-4,*,G,246,FALSE,0.5586905293176915,FALSE
SKVMCFLGWF,M,C,4,5,R,V,PRM_0366,0.7361563323675052,M,C,366,FALSE,0.7759614036328946,FALSE
GGPNK*PRLLLLV,N,*,4,6,V,P,PRM_0246,0.07148243814300007,N,*,246,FALSE,0.5586905293176915,FALSE
GGP*KVPRLLLLV,*,V,4,6,V,P,PRM_0246,0.08771924441710141,*,V,246,FALSE,0.5586905293176915,FALSE
SKVMFFLGWF,M,F,4,5,R,V,PRM_0366,0.6247124160037021,M,F,366,FALSE,0.7759614036328946,FALSE
GGPNKYPRLLLLV,N,Y,4,6,V,P,PRM_0246,-0.02749298265527305,N,Y,246,FALSE,0.5586905293176915,FALSE
SKVIKFLGWF,I,K,4,5,R,V,PRM_0366,0.8753827998717773,I,K,366,FALSE,0.7759614036328946,TRUE
GGP*K*PRLLLLV,*,*,4,6,V,P,PRM_0246,0.0967148793423047,*,*,246,FALSE,0.5586905293176915,FALSE
SKVINFLGWF,I,N,4,5,R,V,PRM_0366,0.8906418763224656,I,N,366,FALSE,0.7759614036328946,TRUE
GGP*KYPRLLLLV,*,Y,4,6,V,P,PRM_0246,0.05071652008943599,*,Y,246,FALSE,0.5586905293176915,FALSE
SKVITFLGWF,I,T,4,5,R,V,PRM_0366,0.9205243463800982,I,T,366,FALSE,0.7759614036328946,TRUE
GGPNKWPRLLLLV,N,W,4,6,V,P,PRM_0246,-0.17524211850871868,N,W,246,FALSE,0.5586905293176915,FALSE
GGP*KSPRLLLLV,*,S,4,6,V,P,PRM_0246,0.0967148793423047,*,S,246,FALSE,0.5586905293176915,FALSE
GGPNKCPRLLLLV,N,C,4,6,V,P,PRM_0246,-0.06874360469088826,N,C,246,FALSE,0.5586905293176915,FALSE
SKVIRFLGWF,I,R,4,5,R,V,PRM_0366,0.849567322921757,I,R,366,FALSE,0.7759614036328946,TRUE
GGP*KWPRLLLLV,*,W,4,6,V,P,PRM_0246,0.18803757447967032,*,W,246,FALSE,0.5586905293176915,FALSE
SKVISFLGWF,I,S,4,5,R,V,PRM_0366,0.8529673211730527,I,S,366,FALSE,0.7759614036328946,TRUE
GGPNKFPRLLLLV,N,F,4,6,V,P,PRM_0246,0.06942886961549688,N,F,246,FALSE,0.5586905293176915,FALSE
GGP*KCPRLLLLV,*,C,4,6,V,P,PRM_0246,0.0688549881161102,*,C,246,FALSE,0.5586905293176915,FALSE
SKVIMFLGWF,I,M,4,5,R,V,PRM_0366,0.7963957847155493,I,M,366,FALSE,0.7759614036328946,TRUE
GGPTKKPRLLLLV,T,K,4,6,V,P,PRM_0246,0.2039354532770906,T,K,246,FALSE,0.5586905293176915,FALSE
SKVIIFLGWF,I,I,4,5,R,V,PRM_0366,0.7920398034340833,I,I,366,FALSE,0.7759614036328946,TRUE
GGPTKNPRLLLLV,T,N,4,6,V,P,PRM_0246,-0.016568591868191644,T,N,246,FALSE,0.5586905293176915,FALSE
GGP*KFPRLLLLV,*,F,4,6,V,P,PRM_0246,0.10892721706655616,*,F,246,FALSE,0.5586905293176915,FALSE
SKVIQFLGWF,I,Q,4,5,R,V,PRM_0366,0.8588871318893606,I,Q,366,FALSE,0.7759614036328946,TRUE
GGPTKTPRLLLLV,T,T,4,6,V,P,PRM_0246,0.1353476569077763,T,T,246,FALSE,0.5586905293176915,FALSE
GGPYKKPRLLLLV,Y,K,4,6,V,P,PRM_0246,-0.01189451251584918,Y,K,246,FALSE,0.5586905293176915,FALSE
SKVIHFLGWF,I,H,4,5,R,V,PRM_0366,0.8502267050285468,I,H,366,FALSE,0.7759614036328946,TRUE
GGPTKRPRLLLLV,T,R,4,6,V,P,PRM_0246,0.0749182035566112,T,R,246,FALSE,0.5586905293176915,FALSE
GGPYKNPRLLLLV,Y,N,4,6,V,P,PRM_0246,-0.11869764017966336,Y,N,246,FALSE,0.5586905293176915,FALSE
SKVIPFLGWF,I,P,4,5,R,V,PRM_0366,0.40684882803639255,I,P,366,FALSE,0.7759614036328946,FALSE
GGPTKSPRLLLLV,T,S,4,6,V,P,PRM_0246,0.08953586776796729,T,S,246,FALSE,0.5586905293176915,FALSE
GGPYKTPRLLLLV,Y,T,4,6,V,P,PRM_0246,-0.0335452177845153,Y,T,246,FALSE,0.5586905293176915,FALSE
GGPTKMPRLLLLV,T,M,4,6,V,P,PRM_0246,0.09352688120463523,T,M,246,FALSE,0.5586905293176915,FALSE
GGPTKIPRLLLLV,T,I,4,6,V,P,PRM_0246,0.02280620869910399,T,I,246,FALSE,0.5586905293176915,FALSE
GGPYKRPRLLLLV,Y,R,4,6,V,P,PRM_0246,-0.16042023185539803,Y,R,246,FALSE,0.5586905293176915,FALSE
GGPTKQPRLLLLV,T,Q,4,6,V,P,PRM_0246,0.15505711752700466,T,Q,246,FALSE,0.5586905293176915,FALSE
GGPYKSPRLLLLV,Y,S,4,6,V,P,PRM_0246,-0.14073042148228387,Y,S,246,FALSE,0.5586905293176915,FALSE
SKVILFLGWF,I,L,4,5,R,V,PRM_0366,0.7561949880813847,I,L,366,FALSE,0.7759614036328946,FALSE
GGPTKHPRLLLLV,T,H,4,6,V,P,PRM_0246,0.015441995405222154,T,H,246,FALSE,0.5586905293176915,FALSE
GGPYKMPRLLLLV,Y,M,4,6,V,P,PRM_0246,-0.14967480254332413,Y,M,246,FALSE,0.5586905293176915,FALSE
GGPTKPPRLLLLV,T,P,4,6,V,P,PRM_0246,0.5645469410809645,T,P,246,FALSE,0.5586905293176915,TRUE
GGPYKIPRLLLLV,Y,I,4,6,V,P,PRM_0246,-0.21928139822817028,Y,I,246,FALSE,0.5586905293176915,FALSE
GLLVSRLKPSVPVL,V,K,4,8,W,A,PRM_0299,-0.21360329781463733,V,K,299,FALSE,0.5127966435225048,FALSE
SKVIEFLGWF,I,E,4,5,R,V,PRM_0366,0.8958414333424913,I,E,366,FALSE,0.7759614036328946,TRUE
GGPYKQPRLLLLV,Y,Q,4,6,V,P,PRM_0246,-0.07298441549363918,Y,Q,246,FALSE,0.5586905293176915,FALSE
GLLVSRLNPSVPVL,V,N,4,8,W,A,PRM_0299,-0.09428927976915212,V,N,299,FALSE,0.5127966435225048,FALSE
SKVIDFLGWF,I,D,4,5,R,V,PRM_0366,0.8174562718166346,I,D,366,FALSE,0.7759614036328946,TRUE
GGPYKHPRLLLLV,Y,H,4,6,V,P,PRM_0246,-0.06836089201421634,Y,H,246,FALSE,0.5586905293176915,FALSE
GLLVSRLTPSVPVL,V,T,4,8,W,A,PRM_0299,-0.15853530700733762,V,T,299,FALSE,0.5127966435225048,FALSE
SKVIAFLGWF,I,A,4,5,R,V,PRM_0366,0.7884347021718869,I,A,366,FALSE,0.7759614036328946,TRUE
GGPYKPPRLLLLV,Y,P,4,6,V,P,PRM_0246,0.10137352138564308,Y,P,246,FALSE,0.5586905293176915,FALSE
GGPTKLPRLLLLV,T,L,4,6,V,P,PRM_0246,0.036729373558724625,T,L,246,FALSE,0.5586905293176915,FALSE
GLLVSRLRPSVPVL,V,R,4,8,W,A,PRM_0299,-0.19170503054293445,V,R,299,FALSE,0.5127966435225048,FALSE
SKVIGFLGWF,I,G,4,5,R,V,PRM_0366,0.6625142561582962,I,G,366,FALSE,0.7759614036328946,FALSE
GGPLKKPRLLLLV,L,K,4,6,V,P,PRM_0246,-0.08294906900567046,L,K,246,FALSE,0.5586905293176915,FALSE
GLLVSRLSPSVPVL,V,S,4,8,W,A,PRM_0299,-0.16113335306516446,V,S,299,FALSE,0.5127966435225048,FALSE
GGPTKEPRLLLLV,T,E,4,6,V,P,PRM_0246,0.06371062463457249,T,E,246,FALSE,0.5586905293176915,FALSE
GGPLKNPRLLLLV,L,N,4,6,V,P,PRM_0246,0.03481941175815293,L,N,246,FALSE,0.5586905293176915,FALSE
GLLVSRLMPSVPVL,V,M,4,8,W,A,PRM_0299,-0.2063911327950319,V,M,299,FALSE,0.5127966435225048,FALSE
SKVIVFLGWF,I,V,4,5,R,V,PRM_0366,0.8249709329597958,I,V,366,FALSE,0.7759614036328946,TRUE
GGPTKDPRLLLLV,T,D,4,6,V,P,PRM_0246,0.07598431319123633,T,D,246,FALSE,0.5586905293176915,FALSE
GGPYKLPRLLLLV,Y,L,4,6,V,P,PRM_0246,-0.15176238687253135,Y,L,246,FALSE,0.5586905293176915,FALSE
GGPLKTPRLLLLV,L,T,4,6,V,P,PRM_0246,-0.003684473703773895,L,T,246,FALSE,0.5586905293176915,FALSE
GLLVSRLIPSVPVL,V,I,4,8,W,A,PRM_0299,-0.21447380450623627,V,I,299,FALSE,0.5127966435225048,FALSE
GGPTKAPRLLLLV,T,A,4,6,V,P,PRM_0246,0.3495146948371358,T,A,246,FALSE,0.5586905293176915,FALSE
GLLVSRLQPSVPVL,V,Q,4,8,W,A,PRM_0299,-0.17298464048729034,V,Q,299,FALSE,0.5127966435225048,FALSE
SKVI*FLGWF,I,*,4,5,R,V,PRM_0366,0.27417289745111867,I,*,366,FALSE,0.7759614036328946,FALSE
GGPYKEPRLLLLV,Y,E,4,6,V,P,PRM_0246,-0.00771368792278631,Y,E,246,FALSE,0.5586905293176915,FALSE
GGPLKRPRLLLLV,L,R,4,6,V,P,PRM_0246,-0.06115789483788868,L,R,246,FALSE,0.5586905293176915,FALSE
GLLVSRLHPSVPVL,V,H,4,8,W,A,PRM_0299,-0.11289669097617477,V,H,299,FALSE,0.5127966435225048,FALSE
SKVIYFLGWF,I,Y,4,5,R,V,PRM_0366,0.7051161552121656,I,Y,366,FALSE,0.7759614036328946,FALSE
GGPTKGPRLLLLV,T,G,4,6,V,P,PRM_0246,-0.15599433790735195,T,G,246,FALSE,0.5586905293176915,FALSE
GGPYKDPRLLLLV,Y,D,4,6,V,P,PRM_0246,-0.20847751526060665,Y,D,246,FALSE,0.5586905293176915,FALSE
GGPLKSPRLLLLV,L,S,4,6,V,P,PRM_0246,-0.04721203537384526,L,S,246,FALSE,0.5586905293176915,FALSE
GLLVSRLPPSVPVL,V,P,4,8,W,A,PRM_0299,-0.016259253472651156,V,P,299,FALSE,0.5127966435225048,FALSE
GGPYKAPRLLLLV,Y,A,4,6,V,P,PRM_0246,0.006526968024009304,Y,A,246,FALSE,0.5586905293176915,FALSE
GGPLKMPRLLLLV,L,M,4,6,V,P,PRM_0246,-0.07120634683233854,L,M,246,FALSE,0.5586905293176915,FALSE
GGPTKVPRLLLLV,T,V,4,6,V,P,PRM_0246,-0.1461408591052878,T,V,246,FALSE,0.5586905293176915,FALSE
GGPLKIPRLLLLV,L,I,4,6,V,P,PRM_0246,-0.11694603700445312,L,I,246,FALSE,0.5586905293176915,FALSE
SKVIWFLGWF,I,W,4,5,R,V,PRM_0366,0.6369560139310406,I,W,366,FALSE,0.7759614036328946,FALSE
GGPYKGPRLLLLV,Y,G,4,6,V,P,PRM_0246,-0.12695168823013742,Y,G,246,FALSE,0.5586905293176915,FALSE
GGPLKQPRLLLLV,L,Q,4,6,V,P,PRM_0246,-0.01462284865099365,L,Q,246,FALSE,0.5586905293176915,FALSE
SKVICFLGWF,I,C,4,5,R,V,PRM_0366,0.8029294995506484,I,C,366,FALSE,0.7759614036328946,TRUE
GGPTK*PRLLLLV,T,*,4,6,V,P,PRM_0246,0.14045809422810313,T,*,246,FALSE,0.5586905293176915,FALSE
GGPLKHPRLLLLV,L,H,4,6,V,P,PRM_0246,0.03589817095780125,L,H,246,FALSE,0.5586905293176915,FALSE
GLLVSRLLPSVPVL,V,L,4,8,W,A,PRM_0299,-0.16522006102994247,V,L,299,FALSE,0.5127966435225048,FALSE
GGPTKYPRLLLLV,T,Y,4,6,V,P,PRM_0246,0.031435613669162164,T,Y,246,FALSE,0.5586905293176915,FALSE
GGPYKVPRLLLLV,Y,V,4,6,V,P,PRM_0246,-0.17135331594864328,Y,V,246,FALSE,0.5586905293176915,FALSE
GGPLKPPRLLLLV,L,P,4,6,V,P,PRM_0246,0.4532816997446775,L,P,246,FALSE,0.5586905293176915,FALSE
SKVIFFLGWF,I,F,4,5,R,V,PRM_0366,0.6676429582946486,I,F,366,FALSE,0.7759614036328946,FALSE
GLLVSRLEPSVPVL,V,E,4,8,W,A,PRM_0299,-0.06237757618749913,V,E,299,FALSE,0.5127966435225048,FALSE
SKVQKFLGWF,Q,K,4,5,R,V,PRM_0366,0.8131083544597012,Q,K,366,FALSE,0.7759614036328946,TRUE
GGPYK*PRLLLLV,Y,*,4,6,V,P,PRM_0246,0.12670459356952127,Y,*,246,FALSE,0.5586905293176915,FALSE
GLLVSRLDPSVPVL,V,D,4,8,W,A,PRM_0299,-0.08686534084419362,V,D,299,FALSE,0.5127966435225048,FALSE
SKVQNFLGWF,Q,N,4,5,R,V,PRM_0366,0.6805599293126369,Q,N,366,FALSE,0.7759614036328946,FALSE
GGPTKWPRLLLLV,T,W,4,6,V,P,PRM_0246,-0.08870904352165332,T,W,246,FALSE,0.5586905293176915,FALSE
GGPYKYPRLLLLV,Y,Y,4,6,V,P,PRM_0246,-0.10603936254539022,Y,Y,246,FALSE,0.5586905293176915,FALSE
GLLVSRLAPSVPVL,V,A,4,8,W,A,PRM_0299,0.18850386696303573,V,A,299,FALSE,0.5127966435225048,FALSE
SKVQTFLGWF,Q,T,4,5,R,V,PRM_0366,0.8214712011803329,Q,T,366,FALSE,0.7759614036328946,TRUE
GGPTKCPRLLLLV,T,C,4,6,V,P,PRM_0246,0.026048562213854473,T,C,246,FALSE,0.5586905293176915,FALSE
GGPLKLPRLLLLV,L,L,4,6,V,P,PRM_0246,-0.091341095863811,L,L,246,FALSE,0.5586905293176915,FALSE
GLLVSRLGPSVPVL,V,G,4,8,W,A,PRM_0299,-0.12781911967991083,V,G,299,FALSE,0.5127966435225048,FALSE
SKVQRFLGWF,Q,R,4,5,R,V,PRM_0366,0.7517502198058239,Q,R,366,FALSE,0.7759614036328946,FALSE
GGPTKFPRLLLLV,T,F,4,6,V,P,PRM_0246,-0.09847009708831844,T,F,246,FALSE,0.5586905293176915,FALSE
GGPYKWPRLLLLV,Y,W,4,6,V,P,PRM_0246,-0.1012798355493342,Y,W,246,FALSE,0.5586905293176915,FALSE
GGPLKEPRLLLLV,L,E,4,6,V,P,PRM_0246,-0.02713134943834579,L,E,246,FALSE,0.5586905293176915,FALSE
SKVQSFLGWF,Q,S,4,5,R,V,PRM_0366,0.7314821557727726,Q,S,366,FALSE,0.7759614036328946,FALSE
GGPYKCPRLLLLV,Y,C,4,6,V,P,PRM_0246,-0.00771368792278606,Y,C,246,FALSE,0.5586905293176915,FALSE
GGPLKDPRLLLLV,L,D,4,6,V,P,PRM_0246,-0.12152981409939367,L,D,246,FALSE,0.5586905293176915,FALSE
GLLVSRLVPSVPVL,V,V,4,8,W,A,PRM_0299,-0.183173261731908,V,V,299,FALSE,0.5127966435225048,FALSE
SKVQMFLGWF,Q,M,4,5,R,V,PRM_0366,0.6927936436070347,Q,M,366,FALSE,0.7759614036328946,FALSE
GGPLKAPRLLLLV,L,A,4,6,V,P,PRM_0246,0.13052129030565024,L,A,246,FALSE,0.5586905293176915,FALSE
SKVQIFLGWF,Q,I,4,5,R,V,PRM_0366,0.7110010447798227,Q,I,366,FALSE,0.7759614036328946,FALSE
GGPYKFPRLLLLV,Y,F,4,6,V,P,PRM_0246,-0.23070611160008003,Y,F,246,FALSE,0.5586905293176915,FALSE
GLLVSRL*PSVPVL,V,*,4,8,W,A,PRM_0299,-0.16664722737195375,V,*,299,FALSE,0.5127966435225048,FALSE
SKVQQFLGWF,Q,Q,4,5,R,V,PRM_0366,0.7209113323370798,Q,Q,366,FALSE,0.7759614036328946,FALSE
GGPSKKPRLLLLV,S,K,4,6,V,P,PRM_0246,-0.0599540322080396,S,K,246,FALSE,0.5586905293176915,FALSE
GGPLKGPRLLLLV,L,G,4,6,V,P,PRM_0246,-0.11578747791902069,L,G,246,FALSE,0.5586905293176915,FALSE
GLLVSRLYPSVPVL,V,Y,4,8,W,A,PRM_0299,-0.10287462566191125,V,Y,299,FALSE,0.5127966435225048,FALSE
SKVQPFLGWF,Q,P,4,5,R,V,PRM_0366,0.395397442729871,Q,P,366,FALSE,0.7759614036328946,FALSE
GGPSKNPRLLLLV,S,N,4,6,V,P,PRM_0246,0.05970473772760741,S,N,246,FALSE,0.5586905293176915,FALSE
GGPSKTPRLLLLV,S,T,4,6,V,P,PRM_0246,0.01171370382236174,S,T,246,FALSE,0.5586905293176915,FALSE
GGPLKVPRLLLLV,L,V,4,6,V,P,PRM_0246,-0.10560521014258872,L,V,246,FALSE,0.5586905293176915,FALSE
SKVQLFLGWF,Q,L,4,5,R,V,PRM_0366,0.6743599128566874,Q,L,366,FALSE,0.7759614036328946,FALSE
GLLVSRLWPSVPVL,V,W,4,8,W,A,PRM_0299,-0.19228675072674495,V,W,299,FALSE,0.5127966435225048,FALSE
GGPSKRPRLLLLV,S,R,4,6,V,P,PRM_0246,-0.03620791870754614,S,R,246,FALSE,0.5586905293176915,FALSE
GGPLK*PRLLLLV,L,*,4,6,V,P,PRM_0246,0.14879782267560385,L,*,246,FALSE,0.5586905293176915,FALSE
GLLVSRLCPSVPVL,V,C,4,8,W,A,PRM_0299,-0.1893941229057895,V,C,299,FALSE,0.5127966435225048,FALSE
SKVQEFLGWF,Q,E,4,5,R,V,PRM_0366,0.8276247147792822,Q,E,366,FALSE,0.7759614036328946,TRUE
GGPSKSPRLLLLV,S,S,4,6,V,P,PRM_0246,0.120185898967157,S,S,246,FALSE,0.5586905293176915,FALSE
GGPLKYPRLLLLV,L,Y,4,6,V,P,PRM_0246,-0.03609573018478754,L,Y,246,FALSE,0.5586905293176915,FALSE
SKVQDFLGWF,Q,D,4,5,R,V,PRM_0366,0.6588473568844376,Q,D,366,FALSE,0.7759614036328946,FALSE
GGPSKMPRLLLLV,S,M,4,6,V,P,PRM_0246,0.03110749696947155,S,M,246,FALSE,0.5586905293176915,FALSE
GLLVSRLFPSVPVL,V,F,4,8,W,A,PRM_0299,-0.27087431981539734,V,F,299,FALSE,0.5127966435225048,FALSE
SKVQAFLGWF,Q,A,4,5,R,V,PRM_0366,0.6485664008694372,Q,A,366,FALSE,0.7759614036328946,FALSE
GGPSKIPRLLLLV,S,I,4,6,V,P,PRM_0246,-0.09236154339478228,S,I,246,FALSE,0.5586905293176915,FALSE
GGPSKQPRLLLLV,S,Q,4,6,V,P,PRM_0246,0.02424614007422157,S,Q,246,FALSE,0.5586905293176915,FALSE
GGPLKWPRLLLLV,L,W,4,6,V,P,PRM_0246,-0.1996405040644176,L,W,246,FALSE,0.5586905293176915,FALSE
SKVQGFLGWF,Q,G,4,5,R,V,PRM_0366,0.5402997816316237,Q,G,366,FALSE,0.7759614036328946,FALSE
GGPSKHPRLLLLV,S,H,4,6,V,P,PRM_0246,0.0164886452144892,S,H,246,FALSE,0.5586905293176915,FALSE
GGPLKCPRLLLLV,L,C,4,6,V,P,PRM_0246,-0.1748561771738911,L,C,246,FALSE,0.5586905293176915,FALSE
GGPSKPPRLLLLV,S,P,4,6,V,P,PRM_0246,0.47058120102777334,S,P,246,FALSE,0.5586905293176915,FALSE
SKVQVFLGWF,Q,V,4,5,R,V,PRM_0366,0.7767918024513351,Q,V,366,FALSE,0.7759614036328946,TRUE
GLLMSRLKPSVPVL,M,K,4,8,W,A,PRM_0299,-0.065409502640802,M,K,299,FALSE,0.5127966435225048,FALSE
GGPLKFPRLLLLV,L,F,4,6,V,P,PRM_0246,-0.1988088224642026,L,F,246,FALSE,0.5586905293176915,FALSE
GLLMSRLNPSVPVL,M,N,4,8,W,A,PRM_0299,-0.11428430105543552,M,N,299,FALSE,0.5127966435225048,FALSE
SKVQ*FLGWF,Q,*,4,5,R,V,PRM_0366,0.18240624337325784,Q,*,366,FALSE,0.7759614036328946,FALSE
GLLMSRLTPSVPVL,M,T,4,8,W,A,PRM_0299,0.00836009802474156,M,T,299,FALSE,0.5127966435225048,FALSE
SKVQYFLGWF,Q,Y,4,5,R,V,PRM_0366,0.7104357326852062,Q,Y,366,FALSE,0.7759614036328946,FALSE
GGPSKLPRLLLLV,S,L,4,6,V,P,PRM_0246,-0.14338703406044886,S,L,246,FALSE,0.5586905293176915,FALSE
GLLMSRLRPSVPVL,M,R,4,8,W,A,PRM_0299,-0.16811991448546446,M,R,299,FALSE,0.5127966435225048,FALSE
GGPSKEPRLLLLV,S,E,4,6,V,P,PRM_0246,0.00285713551290678,S,E,246,FALSE,0.5586905293176915,FALSE
GLLMSRLSPSVPVL,M,S,4,8,W,A,PRM_0299,-0.11066918588217747,M,S,299,FALSE,0.5127966435225048,FALSE
SKVQWFLGWF,Q,W,4,5,R,V,PRM_0366,0.5550880828935837,Q,W,366,FALSE,0.7759614036328946,FALSE
GGPSKDPRLLLLV,S,D,4,6,V,P,PRM_0246,-0.05768676742687183,S,D,246,FALSE,0.5586905293176915,FALSE
GLLMSRLMPSVPVL,M,M,4,8,W,A,PRM_0299,-0.04874458770827961,M,M,299,FALSE,0.5127966435225048,FALSE
SKVQCFLGWF,Q,C,4,5,R,V,PRM_0366,0.730578174836858,Q,C,366,FALSE,0.7759614036328946,FALSE
GGPSKAPRLLLLV,S,A,4,6,V,P,PRM_0246,0.19304596095680884,S,A,246,FALSE,0.5586905293176915,FALSE
GLLMSRLIPSVPVL,M,I,4,8,W,A,PRM_0299,-0.01524710947046788,M,I,299,FALSE,0.5127966435225048,FALSE
GLLMSRLQPSVPVL,M,Q,4,8,W,A,PRM_0299,-0.06874360469088826,M,Q,299,FALSE,0.5127966435225048,FALSE
SKVQFFLGWF,Q,F,4,5,R,V,PRM_0366,0.6328902284119907,Q,F,366,FALSE,0.7759614036328946,FALSE
GGPSKGPRLLLLV,S,G,4,6,V,P,PRM_0246,-0.08417196232494832,S,G,246,FALSE,0.5586905293176915,FALSE
GLLMSRLHPSVPVL,M,H,4,8,W,A,PRM_0299,-0.08187030980602214,M,H,299,FALSE,0.5127966435225048,FALSE
SKVHKFLGWF,H,K,4,5,R,V,PRM_0366,0.8560415673488982,H,K,366,FALSE,0.7759614036328946,TRUE
GLLMSRLPPSVPVL,M,P,4,8,W,A,PRM_0299,-0.05331319802876877,M,P,299,FALSE,0.5127966435225048,FALSE
SKVHNFLGWF,H,N,4,5,R,V,PRM_0366,0.7421328604324419,H,N,366,FALSE,0.7759614036328946,FALSE
GGPSKVPRLLLLV,S,V,4,6,V,P,PRM_0246,-0.16191904913623728,S,V,246,FALSE,0.5586905293176915,FALSE
SKVHTFLGWF,H,T,4,5,R,V,PRM_0366,0.931592221556931,H,T,366,FALSE,0.7759614036328946,TRUE
SKVHRFLGWF,H,R,4,5,R,V,PRM_0366,0.7879143833295765,H,R,366,FALSE,0.7759614036328946,TRUE
GGPSK*PRLLLLV,S,*,4,6,V,P,PRM_0246,0.04320853853734952,S,*,246,FALSE,0.5586905293176915,FALSE
SKVHSFLGWF,H,S,4,5,R,V,PRM_0366,0.7111715452091921,H,S,366,FALSE,0.7759614036328946,FALSE
GGPSKYPRLLLLV,S,Y,4,6,V,P,PRM_0246,-0.10697547512376834,S,Y,246,FALSE,0.5586905293176915,FALSE
GLLMSRLLPSVPVL,M,L,4,8,W,A,PRM_0299,-0.10883236795812544,M,L,299,FALSE,0.5127966435225048,FALSE
SKVHMFLGWF,H,M,4,5,R,V,PRM_0366,0.7646315522291132,H,M,366,FALSE,0.7759614036328946,FALSE
SKVHIFLGWF,H,I,4,5,R,V,PRM_0366,0.7749406732680816,H,I,366,FALSE,0.7759614036328946,FALSE
GLLMSRLEPSVPVL,M,E,4,8,W,A,PRM_0299,-0.21315510115879532,M,E,299,FALSE,0.5127966435225048,FALSE
SKVHQFLGWF,H,Q,4,5,R,V,PRM_0366,0.8839588827222128,H,Q,366,FALSE,0.7759614036328946,TRUE
GGPSKWPRLLLLV,S,W,4,6,V,P,PRM_0246,-0.16113607035275682,S,W,246,FALSE,0.5586905293176915,FALSE
GLLMSRLDPSVPVL,M,D,4,8,W,A,PRM_0299,0.05295971819344261,M,D,299,FALSE,0.5127966435225048,FALSE
SKVHLFLGWF,H,L,4,5,R,V,PRM_0366,0.6996262698901096,H,L,366,FALSE,0.7759614036328946,FALSE
GGPSKCPRLLLLV,S,C,4,6,V,P,PRM_0246,-0.1482163901279628,S,C,246,FALSE,0.5586905293176915,FALSE
GLLMSRLAPSVPVL,M,A,4,8,W,A,PRM_0299,-0.04930277979915686,M,A,299,FALSE,0.5127966435225048,FALSE
SKVHEFLGWF,H,E,4,5,R,V,PRM_0366,0.8639834436792412,H,E,366,FALSE,0.7759614036328946,TRUE
SKVHDFLGWF,H,D,4,5,R,V,PRM_0366,0.7427299982131064,H,D,366,FALSE,0.7759614036328946,FALSE
GGPSKFPRLLLLV,S,F,4,6,V,P,PRM_0246,-0.11338770792904022,S,F,246,FALSE,0.5586905293176915,FALSE
GLLMSRLGPSVPVL,M,G,4,8,W,A,PRM_0299,-0.19699957826820313,M,G,299,FALSE,0.5127966435225048,FALSE
SKVHGFLGWF,H,G,4,5,R,V,PRM_0366,0.5804434847111577,H,G,366,FALSE,0.7759614036328946,FALSE
GLLMSRLVPSVPVL,M,V,4,8,W,A,PRM_0299,-0.14707710407585442,M,V,299,FALSE,0.5127966435225048,FALSE
SKVHVFLGWF,H,V,4,5,R,V,PRM_0366,0.845294516956315,H,V,366,FALSE,0.7759614036328946,TRUE
GLLMSRL*PSVPVL,M,*,4,8,W,A,PRM_0299,0.03898378694659527,M,*,299,FALSE,0.5127966435225048,FALSE
SKVH*FLGWF,H,*,4,5,R,V,PRM_0366,0.19745163141761576,H,*,366,FALSE,0.7759614036328946,FALSE
GLLMSRLYPSVPVL,M,Y,4,8,W,A,PRM_0299,-0.15176238687253135,M,Y,299,FALSE,0.5127966435225048,FALSE
SKVHYFLGWF,H,Y,4,5,R,V,PRM_0366,0.6698817402059297,H,Y,366,FALSE,0.7759614036328946,FALSE
GLLMSRLWPSVPVL,M,W,4,8,W,A,PRM_0299,-0.14575507859390702,M,W,299,FALSE,0.5127966435225048,FALSE
GLL*SRLKPSVPVL,*,K,4,8,W,A,PRM_0299,-0.15069174211203631,*,K,299,FALSE,0.5127966435225048,FALSE
SKVHWFLGWF,H,W,4,5,R,V,PRM_0366,0.5378509038396118,H,W,366,FALSE,0.7759614036328946,FALSE
GLLMSRLCPSVPVL,M,C,4,8,W,A,PRM_0299,-0.18044596080850833,M,C,299,FALSE,0.5127966435225048,FALSE
GLL*SRLNPSVPVL,*,N,4,8,W,A,PRM_0299,0.08441615873999868,*,N,299,FALSE,0.5127966435225048,FALSE
SKVHCFLGWF,H,C,4,5,R,V,PRM_0366,0.7413038326187147,H,C,366,FALSE,0.7759614036328946,FALSE
GLL*SRLTPSVPVL,*,T,4,8,W,A,PRM_0299,0.00548513503279233,*,T,299,FALSE,0.5127966435225048,FALSE
GLLMSRLFPSVPVL,M,F,4,8,W,A,PRM_0299,-0.21464767886748945,M,F,299,FALSE,0.5127966435225048,FALSE
SKVHFFLGWF,H,F,4,5,R,V,PRM_0366,0.6930676949489527,H,F,366,FALSE,0.7759614036328946,FALSE
GLLISRLKPSVPVL,I,K,4,8,W,A,PRM_0299,-0.17952567357499585,I,K,299,FALSE,0.5127966435225048,FALSE
GLL*SRLRPSVPVL,*,R,4,8,W,A,PRM_0299,0.05931133372299592,*,R,299,FALSE,0.5127966435225048,FALSE
SKVPKFLGWF,P,K,4,5,R,V,PRM_0366,0.6712271089544328,P,K,366,FALSE,0.7759614036328946,FALSE
GLLISRLNPSVPVL,I,N,4,8,W,A,PRM_0299,-0.10790645829241656,I,N,299,FALSE,0.5127966435225048,FALSE
GGPEKKPRLLLLV,E,K,4,6,V,P,PRM_0246,0.04592820429527699,E,K,246,FALSE,0.5586905293176915,FALSE
SKVPRFLGWF,P,R,4,5,R,V,PRM_0366,0.6413509661281113,P,R,366,FALSE,0.7759614036328946,FALSE
GLLISRLTPSVPVL,I,T,4,8,W,A,PRM_0299,-0.09679353872392116,I,T,299,FALSE,0.5127966435225048,FALSE
GGPEKNPRLLLLV,E,N,4,6,V,P,PRM_0246,0.11968269627834446,E,N,246,FALSE,0.5586905293176915,FALSE
GLL*SRLMPSVPVL,*,M,4,8,W,A,PRM_0299,0.06092064115981797,*,M,299,FALSE,0.5127966435225048,FALSE
SKVPMFLGWF,P,M,4,5,R,V,PRM_0366,0.6626039567272456,P,M,366,FALSE,0.7759614036328946,FALSE
GGPEKTPRLLLLV,E,T,4,6,V,P,PRM_0246,0.01293302003861963,E,T,246,FALSE,0.5586905293176915,FALSE
GLL*SRLIPSVPVL,*,I,4,8,W,A,PRM_0299,-0.03934368716259692,*,I,299,FALSE,0.5127966435225048,FALSE
SKVPEFLGWF,P,E,4,5,R,V,PRM_0366,0.7484706552980751,P,E,366,FALSE,0.7759614036328946,FALSE
GLLISRLRPSVPVL,I,R,4,8,W,A,PRM_0299,-0.1370158536475297,I,R,299,FALSE,0.5127966435225048,FALSE
GLL*SRLQPSVPVL,*,Q,4,8,W,A,PRM_0299,0.03445013847525267,*,Q,299,FALSE,0.5127966435225048,FALSE
SKVPGFLGWF,P,G,4,5,R,V,PRM_0366,0.4981850272005908,P,G,366,FALSE,0.7759614036328946,FALSE
GGPEKRPRLLLLV,E,R,4,6,V,P,PRM_0246,-0.02003742979524782,E,R,246,FALSE,0.5586905293176915,FALSE
GLL*SRLHPSVPVL,*,H,4,8,W,A,PRM_0299,-0.04980749516592581,*,H,299,FALSE,0.5127966435225048,FALSE
GLLISRLMPSVPVL,I,M,4,8,W,A,PRM_0299,-0.20444016510652224,I,M,299,FALSE,0.5127966435225048,FALSE
GGPEKSPRLLLLV,E,S,4,6,V,P,PRM_0246,0.1416952519896792,E,S,246,FALSE,0.5586905293176915,FALSE
GLL*SRLPPSVPVL,*,P,4,8,W,A,PRM_0299,-0.0194435117960257,*,P,299,FALSE,0.5127966435225048,FALSE
SKVPVFLGWF,P,V,4,5,R,V,PRM_0366,0.7270681699712622,P,V,366,FALSE,0.7759614036328946,FALSE
GLLISRLIPSVPVL,I,I,4,8,W,A,PRM_0299,-0.1496150313431987,I,I,299,FALSE,0.5127966435225048,FALSE
GGPEKMPRLLLLV,E,M,4,6,V,P,PRM_0246,-0.03620791870754614,E,M,246,FALSE,0.5586905293176915,FALSE
GLLISRLQPSVPVL,I,Q,4,8,W,A,PRM_0299,-0.1320960277416263,I,Q,299,FALSE,0.5127966435225048,FALSE
GGPEKIPRLLLLV,E,I,4,6,V,P,PRM_0246,-0.14077441677445662,E,I,246,FALSE,0.5586905293176915,FALSE
SKVPYFLGWF,P,Y,4,5,R,V,PRM_0366,0.6502727170859653,P,Y,366,FALSE,0.7759614036328946,FALSE
GLLISRLHPSVPVL,I,H,4,8,W,A,PRM_0299,-0.11539825215134449,I,H,299,FALSE,0.5127966435225048,FALSE
GGPEKQPRLLLLV,E,Q,4,6,V,P,PRM_0246,-0.05747363774489545,E,Q,246,FALSE,0.5586905293176915,FALSE
SKVPWFLGWF,P,W,4,5,R,V,PRM_0366,0.4052737351099719,P,W,366,FALSE,0.7759614036328946,FALSE
GLLISRLPPSVPVL,I,P,4,8,W,A,PRM_0299,0.01185966654133333,I,P,299,FALSE,0.5127966435225048,FALSE
GGPEKHPRLLLLV,E,H,4,6,V,P,PRM_0246,0.1636966850591,E,H,246,FALSE,0.5586905293176915,FALSE
SKVPCFLGWF,P,C,4,5,R,V,PRM_0366,0.6141636260866414,P,C,366,FALSE,0.7759614036328946,FALSE
GGPEKPPRLLLLV,E,P,4,6,V,P,PRM_0246,0.6338738342002876,E,P,246,FALSE,0.5586905293176915,TRUE
SKVPLFLGWF,P,L,4,5,R,V,PRM_0366,0.6402956861553195,P,L,366,FALSE,0.7759614036328946,FALSE
GLL*SRLEPSVPVL,*,E,4,8,W,A,PRM_0299,0.13578682970626313,*,E,299,FALSE,0.5127966435225048,FALSE
GLL*SRLDPSVPVL,*,D,4,8,W,A,PRM_0299,0.07806515260556582,*,D,299,FALSE,0.5127966435225048,FALSE
SKVPNFLGWF,P,N,4,5,R,V,PRM_0366,0.6322871451765385,P,N,366,FALSE,0.7759614036328946,FALSE
GLL*SRLAPSVPVL,*,A,4,8,W,A,PRM_0299,-0.013286438904787333,*,A,299,FALSE,0.5127966435225048,FALSE
GGPEKLPRLLLLV,E,L,4,6,V,P,PRM_0246,-0.05240149979924834,E,L,246,FALSE,0.5586905293176915,FALSE
SKVPSFLGWF,P,S,4,5,R,V,PRM_0366,0.6617273926758386,P,S,366,FALSE,0.7759614036328946,FALSE
GGPVKSPRLLLLV,V,S,4,6,V,P,PRM_0246,0.07946316758998441,V,S,246,FALSE,0.5586905293176915,FALSE
SKVDCFLGWF,D,C,4,5,R,V,PRM_0366,0.5989286029710712,D,C,366,FALSE,0.7759614036328946,FALSE
GGPVKMPRLLLLV,V,M,4,6,V,P,PRM_0246,-0.09219002775881963,V,M,246,FALSE,0.5586905293176915,FALSE
GGPEKEPRLLLLV,E,E,4,6,V,P,PRM_0246,0.255143198856602,E,E,246,FALSE,0.5586905293176915,FALSE
SKVDLFLGWF,D,L,4,5,R,V,PRM_0366,0.576574885658016,D,L,366,FALSE,0.7759614036328946,FALSE
GGPVKIPRLLLLV,V,I,4,6,V,P,PRM_0246,-0.11514640038477131,V,I,246,FALSE,0.5586905293176915,FALSE
GGPEKDPRLLLLV,E,D,4,6,V,P,PRM_0246,-0.14158997609853927,E,D,246,FALSE,0.5586905293176915,FALSE
SKVDFFLGWF,D,F,4,5,R,V,PRM_0366,0.4293054664641466,D,F,366,FALSE,0.7759614036328946,FALSE
GGPVKQPRLLLLV,V,Q,4,6,V,P,PRM_0246,0.03060818647606247,V,Q,246,FALSE,0.5586905293176915,FALSE
GGPEKAPRLLLLV,E,A,4,6,V,P,PRM_0246,0.3792165068990604,E,A,246,FALSE,0.5586905293176915,FALSE
SKVAKFLGWF,A,K,4,5,R,V,PRM_0366,0.8128998001094085,A,K,366,FALSE,0.7759614036328946,TRUE
GGPVKHPRLLLLV,V,H,4,6,V,P,PRM_0246,0.04418039288401039,V,H,246,FALSE,0.5586905293176915,FALSE
SKVANFLGWF,A,N,4,5,R,V,PRM_0366,0.7313733643255607,A,N,366,FALSE,0.7759614036328946,FALSE
SKVP*FLGWF,P,*,4,5,R,V,PRM_0366,0.25396738791359286,P,*,366,FALSE,0.7759614036328946,FALSE
GGPWKKPRLLLLV,W,K,4,6,V,P,PRM_0246,-0.11956671625957012,W,K,246,FALSE,0.5586905293176915,FALSE
GGPVKPPRLLLLV,V,P,4,6,V,P,PRM_0246,0.5586905293176915,V,P,246,TRUE,0.5586905293176915,TRUE
GGPEKGPRLLLLV,E,G,4,6,V,P,PRM_0246,-0.12217353538560151,E,G,246,FALSE,0.5586905293176915,FALSE
SKVATFLGWF,A,T,4,5,R,V,PRM_0366,0.8761603464103702,A,T,366,FALSE,0.7759614036328946,TRUE
GGPWKNPRLLLLV,W,N,4,6,V,P,PRM_0246,-0.04177904086844009,W,N,246,FALSE,0.5586905293176915,FALSE
GGPWKTPRLLLLV,W,T,4,6,V,P,PRM_0246,-0.04442261628354687,W,T,246,FALSE,0.5586905293176915,FALSE
GGPVKRPRLLLLV,V,R,4,6,V,P,PRM_0246,-0.051115084786108114,V,R,246,FALSE,0.5586905293176915,FALSE
GGPEKVPRLLLLV,E,V,4,6,V,P,PRM_0246,0.01455334221691815,E,V,246,FALSE,0.5586905293176915,FALSE
SKVARFLGWF,A,R,4,5,R,V,PRM_0366,0.7364375142054095,A,R,366,FALSE,0.7759614036328946,FALSE
SKVASFLGWF,A,S,4,5,R,V,PRM_0366,0.713112331311394,A,S,366,FALSE,0.7759614036328946,FALSE
SKVPFFLGWF,P,F,4,5,R,V,PRM_0366,0.4702239914343938,P,F,366,FALSE,0.7759614036328946,FALSE
GGPWKRPRLLLLV,W,R,4,6,V,P,PRM_0246,-0.13919281819941096,W,R,246,FALSE,0.5586905293176915,FALSE
GGPVKLPRLLLLV,V,L,4,6,V,P,PRM_0246,-0.12071272464517581,V,L,246,FALSE,0.5586905293176915,FALSE
GGPEK*PRLLLLV,E,*,4,6,V,P,PRM_0246,0.2774637433635614,E,*,246,FALSE,0.5586905293176915,FALSE
SKVAMFLGWF,A,M,4,5,R,V,PRM_0366,0.7347272613654813,A,M,366,FALSE,0.7759614036328946,FALSE
GGPWKSPRLLLLV,W,S,4,6,V,P,PRM_0246,-0.01830674532112122,W,S,246,FALSE,0.5586905293176915,FALSE
GGPEKYPRLLLLV,E,Y,4,6,V,P,PRM_0246,-0.02448575365165111,E,Y,246,FALSE,0.5586905293176915,FALSE
SKVAIFLGWF,A,I,4,5,R,V,PRM_0366,0.7631062662760916,A,I,366,FALSE,0.7759614036328946,FALSE
GGPWKMPRLLLLV,W,M,4,6,V,P,PRM_0246,-0.1982871512704378,W,M,246,FALSE,0.5586905293176915,FALSE
GGPVKEPRLLLLV,V,E,4,6,V,P,PRM_0246,0.013636889772228156,V,E,246,FALSE,0.5586905293176915,FALSE
SKVAQFLGWF,A,Q,4,5,R,V,PRM_0366,0.8222801565723555,A,Q,366,FALSE,0.7759614036328946,TRUE
GGPWKIPRLLLLV,W,I,4,6,V,P,PRM_0246,-0.07762177265217189,W,I,246,FALSE,0.5586905293176915,FALSE
GGPVKDPRLLLLV,V,D,4,6,V,P,PRM_0246,-0.06758157218718877,V,D,246,FALSE,0.5586905293176915,FALSE
GGPWKQPRLLLLV,W,Q,4,6,V,P,PRM_0246,-0.08294906900567046,W,Q,246,FALSE,0.5586905293176915,FALSE
GGPVKAPRLLLLV,V,A,4,6,V,P,PRM_0246,0.24708101202313665,V,A,246,FALSE,0.5586905293176915,FALSE
GGPEKWPRLLLLV,E,W,4,6,V,P,PRM_0246,-0.1012798355493342,E,W,246,FALSE,0.5586905293176915,FALSE
GGPWKHPRLLLLV,W,H,4,6,V,P,PRM_0246,-0.18180933753586168,W,H,246,FALSE,0.5586905293176915,FALSE
GGPEKCPRLLLLV,E,C,4,6,V,P,PRM_0246,0.10744596416412357,E,C,246,FALSE,0.5586905293176915,FALSE
SKVALFLGWF,A,L,4,5,R,V,PRM_0366,0.6803144139371862,A,L,366,FALSE,0.7759614036328946,FALSE
GGPWKPPRLLLLV,W,P,4,6,V,P,PRM_0246,0.0362523296639679,W,P,246,FALSE,0.5586905293176915,FALSE
GGPVKGPRLLLLV,V,G,4,6,V,P,PRM_0246,-0.14751536553391723,V,G,246,FALSE,0.5586905293176915,FALSE
GGPEKFPRLLLLV,E,F,4,6,V,P,PRM_0246,-0.11428430105543552,E,F,246,FALSE,0.5586905293176915,FALSE
SKVAEFLGWF,A,E,4,5,R,V,PRM_0366,0.7958704402100365,A,E,366,FALSE,0.7759614036328946,TRUE
GGPVKVPRLLLLV,V,V,4,6,V,P,PRM_0246,-0.1610720115626571,V,V,246,FALSE,0.5586905293176915,FALSE
GGPDKKPRLLLLV,D,K,4,6,V,P,PRM_0246,0.07059520895626788,D,K,246,FALSE,0.5586905293176915,FALSE
SKVADFLGWF,A,D,4,5,R,V,PRM_0366,0.747207576895243,A,D,366,FALSE,0.7759614036328946,FALSE
GGPDKNPRLLLLV,D,N,4,6,V,P,PRM_0246,-0.01672623156872564,D,N,246,FALSE,0.5586905293176915,FALSE
SKVAAFLGWF,A,A,4,5,R,V,PRM_0366,0.6513938940390969,A,A,366,FALSE,0.7759614036328946,FALSE
GGPWKLPRLLLLV,W,L,4,6,V,P,PRM_0246,-0.14225423441547452,W,L,246,FALSE,0.5586905293176915,FALSE
GGPVK*PRLLLLV,V,*,4,6,V,P,PRM_0246,-0.021464320977555514,V,*,246,FALSE,0.5586905293176915,FALSE
GGPDKTPRLLLLV,D,T,4,6,V,P,PRM_0246,0.021501668576172736,D,T,246,FALSE,0.5586905293176915,FALSE
GGPVKYPRLLLLV,V,Y,4,6,V,P,PRM_0246,-0.11832170315455556,V,Y,246,FALSE,0.5586905293176915,FALSE
SKVAGFLGWF,A,G,4,5,R,V,PRM_0366,0.5120657747640887,A,G,366,FALSE,0.7759614036328946,FALSE
GGPWKEPRLLLLV,W,E,4,6,V,P,PRM_0246,-0.07559407763584658,W,E,246,FALSE,0.5586905293176915,FALSE
GGPDKRPRLLLLV,D,R,4,6,V,P,PRM_0246,0.0295260240329016,D,R,246,FALSE,0.5586905293176915,FALSE
GGPWKDPRLLLLV,W,D,4,6,V,P,PRM_0246,0.01702539025292857,W,D,246,FALSE,0.5586905293176915,FALSE
GGPDKSPRLLLLV,D,S,4,6,V,P,PRM_0246,0.13554458755448648,D,S,246,FALSE,0.5586905293176915,FALSE
SKVAVFLGWF,A,V,4,5,R,V,PRM_0366,0.777039183327829,A,V,366,FALSE,0.7759614036328946,TRUE
GGPWKAPRLLLLV,W,A,4,6,V,P,PRM_0246,-0.0786368782656605,W,A,246,FALSE,0.5586905293176915,FALSE
GGPVKWPRLLLLV,V,W,4,6,V,P,PRM_0246,-0.1809169593452313,V,W,246,FALSE,0.5586905293176915,FALSE
GGPDKMPRLLLLV,D,M,4,6,V,P,PRM_0246,0.00101605466473116,D,M,246,FALSE,0.5586905293176915,FALSE
GGPVKCPRLLLLV,V,C,4,6,V,P,PRM_0246,-0.1569045925082502,V,C,246,FALSE,0.5586905293176915,FALSE
GGPDKIPRLLLLV,D,I,4,6,V,P,PRM_0246,-0.1574796989096469,D,I,246,FALSE,0.5586905293176915,FALSE
SKVA*FLGWF,A,*,4,5,R,V,PRM_0366,0.265925463683884,A,*,366,FALSE,0.7759614036328946,FALSE
GGPWKGPRLLLLV,W,G,4,6,V,P,PRM_0246,-0.1419961809743382,W,G,246,FALSE,0.5586905293176915,FALSE
GGPDKQPRLLLLV,D,Q,4,6,V,P,PRM_0246,-0.03620791870754614,D,Q,246,FALSE,0.5586905293176915,FALSE
SKVAYFLGWF,A,Y,4,5,R,V,PRM_0366,0.7170583648715068,A,Y,366,FALSE,0.7759614036328946,FALSE
GGPVKFPRLLLLV,V,F,4,6,V,P,PRM_0246,-0.1716924628387279,V,F,246,FALSE,0.5586905293176915,FALSE
GGPDKHPRLLLLV,D,H,4,6,V,P,PRM_0246,0.05020081029578463,D,H,246,FALSE,0.5586905293176915,FALSE
GGPWKVPRLLLLV,W,V,4,6,V,P,PRM_0246,-0.22632467495636038,W,V,246,FALSE,0.5586905293176915,FALSE
GGPVKKPRLLLLV,V,K,4,6,V,P,PRM_0246,0.14147156957610152,V,K,246,FALSE,0.5586905293176915,FALSE
GGPDKPPRLLLLV,D,P,4,6,V,P,PRM_0246,0.5597464594170254,D,P,246,FALSE,0.5586905293176915,TRUE
GGPVKNPRLLLLV,V,N,4,6,V,P,PRM_0246,-0.09958266162657367,V,N,246,FALSE,0.5586905293176915,FALSE
SKVAWFLGWF,A,W,4,5,R,V,PRM_0366,0.5709052277273314,A,W,366,FALSE,0.7759614036328946,FALSE
GGPWK*PRLLLLV,W,*,4,6,V,P,PRM_0246,0.10744596416412357,W,*,246,FALSE,0.5586905293176915,FALSE
GGPVKTPRLLLLV,V,T,4,6,V,P,PRM_0246,-0.016585133758403425,V,T,246,FALSE,0.5586905293176915,FALSE
SKVACFLGWF,A,C,4,5,R,V,PRM_0366,0.7174356051677725,A,C,366,FALSE,0.7759614036328946,FALSE
GGPWKYPRLLLLV,W,Y,4,6,V,P,PRM_0246,-0.21631431454128233,W,Y,246,FALSE,0.5586905293176915,FALSE
GGPDKLPRLLLLV,D,L,4,6,V,P,PRM_0246,-0.05325675465398451,D,L,246,FALSE,0.5586905293176915,FALSE
SKVAFFLGWF,A,F,4,5,R,V,PRM_0366,0.6534160414123785,A,F,366,FALSE,0.7759614036328946,FALSE
GGPWKWPRLLLLV,W,W,4,6,V,P,PRM_0246,-0.2528534607108238,W,W,246,FALSE,0.5586905293176915,FALSE
GGPDKEPRLLLLV,D,E,4,6,V,P,PRM_0246,-0.00184545917200956,D,E,246,FALSE,0.5586905293176915,FALSE
GGPMKKPRLLLLV,M,K,4,6,V,P,PRM_0246,-0.01571817699930592,M,K,246,FALSE,0.5586905293176915,FALSE
GGPWKCPRLLLLV,W,C,4,6,V,P,PRM_0246,-0.18671424083637825,W,C,246,FALSE,0.5586905293176915,FALSE
GGPDKDPRLLLLV,D,D,4,6,V,P,PRM_0246,-0.02216079202332576,D,D,246,FALSE,0.5586905293176915,FALSE
GGPMKNPRLLLLV,M,N,4,6,V,P,PRM_0246,-0.11923755328230395,M,N,246,FALSE,0.5586905293176915,FALSE
GGPDKAPRLLLLV,D,A,4,6,V,P,PRM_0246,0.2518456772057266,D,A,246,FALSE,0.5586905293176915,FALSE
GGPMKTPRLLLLV,M,T,4,6,V,P,PRM_0246,0.09197806280397933,M,T,246,FALSE,0.5586905293176915,FALSE
GGPWKFPRLLLLV,W,F,4,6,V,P,PRM_0246,-0.1108187789363556,W,F,246,FALSE,0.5586905293176915,FALSE
GGPCKKPRLLLLV,C,K,4,6,V,P,PRM_0246,0.05652373770398752,C,K,246,FALSE,0.5586905293176915,FALSE
GGPDKGPRLLLLV,D,G,4,6,V,P,PRM_0246,-0.17980429144359034,D,G,246,FALSE,0.5586905293176915,FALSE
GGPMKRPRLLLLV,M,R,4,6,V,P,PRM_0246,-0.091341095863811,M,R,246,FALSE,0.5586905293176915,FALSE
GGPCKNPRLLLLV,C,N,4,6,V,P,PRM_0246,-0.05325675465398451,C,N,246,FALSE,0.5586905293176915,FALSE
GGPMKSPRLLLLV,M,S,4,6,V,P,PRM_0246,0.1714070938452272,M,S,246,FALSE,0.5586905293176915,FALSE
GGPCKTPRLLLLV,C,T,4,6,V,P,PRM_0246,-0.030384752717423157,C,T,246,FALSE,0.5586905293176915,FALSE
GGPDKVPRLLLLV,D,V,4,6,V,P,PRM_0246,-0.09542958704157087,D,V,246,FALSE,0.5586905293176915,FALSE
GGPMKMPRLLLLV,M,M,4,6,V,P,PRM_0246,-0.06054954046816485,M,M,246,FALSE,0.5586905293176915,FALSE
SKVAHFLGWF,A,H,4,5,R,V,PRM_0366,0.837800322425033,A,H,366,FALSE,0.7759614036328946,TRUE
GGPMKIPRLLLLV,M,I,4,6,V,P,PRM_0246,-0.17390835006027278,M,I,246,FALSE,0.5586905293176915,FALSE
GGPCKRPRLLLLV,C,R,4,6,V,P,PRM_0246,-0.00829383666453234,C,R,246,FALSE,0.5586905293176915,FALSE
GGPDK*PRLLLLV,D,*,4,6,V,P,PRM_0246,0.12267549738011044,D,*,246,FALSE,0.5586905293176915,FALSE
GGPMKQPRLLLLV,M,Q,4,6,V,P,PRM_0246,0.03968213676794376,M,Q,246,FALSE,0.5586905293176915,FALSE
GGPCKSPRLLLLV,C,S,4,6,V,P,PRM_0246,-0.04177904086844009,C,S,246,FALSE,0.5586905293176915,FALSE
GGPDKYPRLLLLV,D,Y,4,6,V,P,PRM_0246,-0.11517618763456056,D,Y,246,FALSE,0.5586905293176915,FALSE
GGPMKHPRLLLLV,M,H,4,6,V,P,PRM_0246,-0.04963685582833023,M,H,246,FALSE,0.5586905293176915,FALSE
GGPCKMPRLLLLV,C,M,4,6,V,P,PRM_0246,-0.05276768563214516,C,M,246,FALSE,0.5586905293176915,FALSE
GGPMKPPRLLLLV,M,P,4,6,V,P,PRM_0246,0.5263608485857981,M,P,246,FALSE,0.5586905293176915,FALSE
GGPCKIPRLLLLV,C,I,4,6,V,P,PRM_0246,-0.22427654430485056,C,I,246,FALSE,0.5586905293176915,FALSE
GGPCKQPRLLLLV,C,Q,4,6,V,P,PRM_0246,-0.06624852803165977,C,Q,246,FALSE,0.5586905293176915,FALSE
GGPDKWPRLLLLV,D,W,4,6,V,P,PRM_0246,-0.1675759759297492,D,W,246,FALSE,0.5586905293176915,FALSE
GGPCKHPRLLLLV,C,H,4,6,V,P,PRM_0246,-0.15954752163226332,C,H,246,FALSE,0.5586905293176915,FALSE
GGPDKCPRLLLLV,D,C,4,6,V,P,PRM_0246,-0.00562524196895571,D,C,246,FALSE,0.5586905293176915,FALSE
GGPCKPPRLLLLV,C,P,4,6,V,P,PRM_0246,0.48011867339782033,C,P,246,FALSE,0.5586905293176915,FALSE
GGPMKLPRLLLLV,M,L,4,6,V,P,PRM_0246,-0.12546889653099316,M,L,246,FALSE,0.5586905293176915,FALSE
GGPDKFPRLLLLV,D,F,4,6,V,P,PRM_0246,0.02264518571536767,D,F,246,FALSE,0.5586905293176915,FALSE
GGPAKKPRLLLLV,A,K,4,6,V,P,PRM_0246,0.25449213395657966,A,K,246,FALSE,0.5586905293176915,FALSE
GGPMKEPRLLLLV,M,E,4,6,V,P,PRM_0246,-0.06338173991159561,M,E,246,FALSE,0.5586905293176915,FALSE
GGPAKNPRLLLLV,A,N,4,6,V,P,PRM_0246,-0.044363683224238754,A,N,246,FALSE,0.5586905293176915,FALSE
GGPMKDPRLLLLV,M,D,4,6,V,P,PRM_0246,-0.02003742979524782,M,D,246,FALSE,0.5586905293176915,FALSE
GGPCKLPRLLLLV,C,L,4,6,V,P,PRM_0246,-0.11366667805448138,C,L,246,FALSE,0.5586905293176915,FALSE
GGPAKTPRLLLLV,A,T,4,6,V,P,PRM_0246,-0.011839843471193844,A,T,246,FALSE,0.5586905293176915,FALSE
GGPMKAPRLLLLV,M,A,4,6,V,P,PRM_0246,0.22922248403496198,M,A,246,FALSE,0.5586905293176915,FALSE
GGPCKEPRLLLLV,C,E,4,6,V,P,PRM_0246,-0.23294466839838385,C,E,246,FALSE,0.5586905293176915,FALSE
GGPAKRPRLLLLV,A,R,4,6,V,P,PRM_0246,-0.03756130327865073,A,R,246,FALSE,0.5586905293176915,FALSE
GGPMKGPRLLLLV,M,G,4,6,V,P,PRM_0246,-0.17539999429902026,M,G,246,FALSE,0.5586905293176915,FALSE
GGPCKDPRLLLLV,C,D,4,6,V,P,PRM_0246,-0.12553018071606442,C,D,246,FALSE,0.5586905293176915,FALSE
GGPAKSPRLLLLV,A,S,4,6,V,P,PRM_0246,0.16438203679050073,A,S,246,FALSE,0.5586905293176915,FALSE
GGPCKAPRLLLLV,C,A,4,6,V,P,PRM_0246,0.09749010660921185,C,A,246,FALSE,0.5586905293176915,FALSE
GGPAKMPRLLLLV,A,M,4,6,V,P,PRM_0246,-0.1129739429350807,A,M,246,FALSE,0.5586905293176915,FALSE
GGPMKVPRLLLLV,M,V,4,6,V,P,PRM_0246,0.04123130982055592,M,V,246,FALSE,0.5586905293176915,FALSE
GGPAKIPRLLLLV,A,I,4,6,V,P,PRM_0246,-0.09135517908322223,A,I,246,FALSE,0.5586905293176915,FALSE
GGPCKGPRLLLLV,C,G,4,6,V,P,PRM_0246,-0.15428376151201456,C,G,246,FALSE,0.5586905293176915,FALSE
GGPAKQPRLLLLV,A,Q,4,6,V,P,PRM_0246,0.09423997972177373,A,Q,246,FALSE,0.5586905293176915,FALSE
SKVGKFLGWF,G,K,4,5,R,V,PRM_0366,0.7152282262892324,G,K,366,FALSE,0.7759614036328946,FALSE
GGPMK*PRLLLLV,M,*,4,6,V,P,PRM_0246,0.14216106286225805,M,*,246,FALSE,0.5586905293176915,FALSE
GGPAKHPRLLLLV,A,H,4,6,V,P,PRM_0246,0.1582862800728854,A,H,246,FALSE,0.5586905293176915,FALSE
SKVGNFLGWF,G,N,4,5,R,V,PRM_0366,0.632618727237708,G,N,366,FALSE,0.7759614036328946,FALSE
GGPMKYPRLLLLV,M,Y,4,6,V,P,PRM_0246,-0.01672623156872564,M,Y,246,FALSE,0.5586905293176915,FALSE
GGPCKVPRLLLLV,C,V,4,6,V,P,PRM_0246,-0.2430579769767015,C,V,246,FALSE,0.5586905293176915,FALSE
GGP*KKPRLLLLV,*,K,4,6,V,P,PRM_0246,-0.04874458770827961,*,K,246,FALSE,0.5586905293176915,FALSE
GGPAKPPRLLLLV,A,P,4,6,V,P,PRM_0246,0.5840496983522865,A,P,246,FALSE,0.5586905293176915,TRUE
SKVGTFLGWF,G,T,4,5,R,V,PRM_0366,0.7570288333792938,G,T,366,FALSE,0.7759614036328946,FALSE
GGP*KNPRLLLLV,*,N,4,6,V,P,PRM_0246,0.0917724593620056,*,N,246,FALSE,0.5586905293176915,FALSE
GGPCK*PRLLLLV,C,*,4,6,V,P,PRM_0246,-0.02749298265527305,C,*,246,FALSE,0.5586905293176915,FALSE
GGP*KTPRLLLLV,*,T,4,6,V,P,PRM_0246,0.1516827895032624,*,T,246,FALSE,0.5586905293176915,FALSE
SKVGRFLGWF,G,R,4,5,R,V,PRM_0366,0.6743845321275416,G,R,366,FALSE,0.7759614036328946,FALSE
GGPMKWPRLLLLV,M,W,4,6,V,P,PRM_0246,-0.01616663719487697,M,W,246,FALSE,0.5586905293176915,FALSE
GGPCKYPRLLLLV,C,Y,4,6,V,P,PRM_0246,-0.20391333056604471,C,Y,246,FALSE,0.5586905293176915,FALSE
SKVGSFLGWF,G,S,4,5,R,V,PRM_0366,0.6614989084332291,G,S,366,FALSE,0.7759614036328946,FALSE
GGPMKCPRLLLLV,M,C,4,6,V,P,PRM_0246,0.01849364906966209,M,C,246,FALSE,0.5586905293176915,FALSE
GGPAKLPRLLLLV,A,L,4,6,V,P,PRM_0246,-0.07160282587741967,A,L,246,FALSE,0.5586905293176915,FALSE
SKVGMFLGWF,G,M,4,5,R,V,PRM_0366,0.6459020371822286,G,M,366,FALSE,0.7759614036328946,FALSE
SKVLKFLGWF,L,K,4,5,R,V,PRM_0366,0.7688218035192009,L,K,366,FALSE,0.7759614036328946,FALSE
SKVGIFLGWF,G,I,4,5,R,V,PRM_0366,0.6372223754446875,G,I,366,FALSE,0.7759614036328946,FALSE
SKVLNFLGWF,L,N,4,5,R,V,PRM_0366,0.6954055078984712,L,N,366,FALSE,0.7759614036328946,FALSE
GGPMKFPRLLLLV,M,F,4,6,V,P,PRM_0246,-0.05767128698807939,M,F,246,FALSE,0.5586905293176915,FALSE
GGPCKWPRLLLLV,C,W,4,6,V,P,PRM_0246,-0.17272497612650156,C,W,246,FALSE,0.5586905293176915,FALSE
GGP*KMPRLLLLV,*,M,4,6,V,P,PRM_0246,-0.07559407763584658,*,M,246,FALSE,0.5586905293176915,FALSE
GGPAKEPRLLLLV,A,E,4,6,V,P,PRM_0246,-0.015087015131682261,A,E,246,FALSE,0.5586905293176915,FALSE
SKVGQFLGWF,G,Q,4,5,R,V,PRM_0366,0.726503522065824,G,Q,366,FALSE,0.7759614036328946,FALSE
SKVLTFLGWF,L,T,4,5,R,V,PRM_0366,0.8224329799151069,L,T,366,FALSE,0.7759614036328946,TRUE
GGPIKKPRLLLLV,I,K,4,6,V,P,PRM_0246,-0.05474545692152691,I,K,246,FALSE,0.5586905293176915,FALSE
GGPCKCPRLLLLV,C,C,4,6,V,P,PRM_0246,-0.01616663719487697,C,C,246,FALSE,0.5586905293176915,FALSE
GGP*KIPRLLLLV,*,I,4,6,V,P,PRM_0246,-0.01768864733646811,*,I,246,FALSE,0.5586905293176915,FALSE
GGPAKDPRLLLLV,A,D,4,6,V,P,PRM_0246,-0.041756938096990916,A,D,246,FALSE,0.5586905293176915,FALSE
SKVGHFLGWF,G,H,4,5,R,V,PRM_0366,0.6900950383334,G,H,366,FALSE,0.7759614036328946,FALSE
GGPIKNPRLLLLV,I,N,4,6,V,P,PRM_0246,0.03404368895364895,I,N,246,FALSE,0.5586905293176915,FALSE
GGP*KQPRLLLLV,*,Q,4,6,V,P,PRM_0246,0.01122468192441262,*,Q,246,FALSE,0.5586905293176915,FALSE
GGPAKAPRLLLLV,A,A,4,6,V,P,PRM_0246,0.3225580903278896,A,A,246,FALSE,0.5586905293176915,FALSE
SKVGPFLGWF,G,P,4,5,R,V,PRM_0366,0.31563197891396333,G,P,366,FALSE,0.7759614036328946,FALSE
SKVLRFLGWF,L,R,4,5,R,V,PRM_0366,0.7207397140408408,L,R,366,FALSE,0.7759614036328946,FALSE
GGPCKFPRLLLLV,C,F,4,6,V,P,PRM_0246,-0.1110393697241378,C,F,246,FALSE,0.5586905293176915,FALSE
SGRKWFKDWL,K,K,4,7,F,S,PRM_0363,-0.00330766516869935,K,K,363,FALSE,0.7381315366280661,FALSE
SKVLSFLGWF,L,S,4,5,R,V,PRM_0366,0.6996328326817686,L,S,366,FALSE,0.7759614036328946,FALSE
SGRKWFNDWL,K,N,4,7,F,S,PRM_0363,0.14725188543520168,K,N,363,FALSE,0.7381315366280661,FALSE
GGPAKGPRLLLLV,A,G,4,6,V,P,PRM_0246,-0.12177780844716782,A,G,246,FALSE,0.5586905293176915,FALSE
SKVLMFLGWF,L,M,4,5,R,V,PRM_0366,0.6590148658792734,L,M,366,FALSE,0.7759614036328946,FALSE
SGRKWFTDWL,K,T,4,7,F,S,PRM_0363,0.7327939737386293,K,T,363,FALSE,0.7381315366280661,FALSE
SKVLIFLGWF,L,I,4,5,R,V,PRM_0366,0.664681979831746,L,I,366,FALSE,0.7759614036328946,FALSE
GGPAKVPRLLLLV,A,V,4,6,V,P,PRM_0246,-0.05106421630830432,A,V,246,FALSE,0.5586905293176915,FALSE
SKVGLFLGWF,G,L,4,5,R,V,PRM_0366,0.6018634997228678,G,L,366,FALSE,0.7759614036328946,FALSE
SKVLQFLGWF,L,Q,4,5,R,V,PRM_0366,0.7207570314516126,L,Q,366,FALSE,0.7759614036328946,FALSE
SGRKWFRDWL,K,R,4,7,F,S,PRM_0363,0.10581453612810436,K,R,363,FALSE,0.7381315366280661,FALSE
SKVLHFLGWF,L,H,4,5,R,V,PRM_0366,0.717322517953055,L,H,366,FALSE,0.7759614036328946,FALSE
SGRKWFSDWL,K,S,4,7,F,S,PRM_0363,0.7772060935392079,K,S,363,FALSE,0.7381315366280661,TRUE
GGPAK*PRLLLLV,A,*,4,6,V,P,PRM_0246,0.11010388960312187,A,*,246,FALSE,0.5586905293176915,FALSE
SKVGEFLGWF,G,E,4,5,R,V,PRM_0366,0.7720575867400965,G,E,366,FALSE,0.7759614036328946,FALSE
SKVLPFLGWF,L,P,4,5,R,V,PRM_0366,0.3330984136150982,L,P,366,FALSE,0.7759614036328946,FALSE
SGRKWFMDWL,K,M,4,7,F,S,PRM_0363,0.11908975057940868,K,M,363,FALSE,0.7381315366280661,FALSE
GGPAKYPRLLLLV,A,Y,4,6,V,P,PRM_0246,0.015158464093803841,A,Y,246,FALSE,0.5586905293176915,FALSE
SKVGDFLGWF,G,D,4,5,R,V,PRM_0366,0.6672061031690916,G,D,366,FALSE,0.7759614036328946,FALSE
SGRKWFIDWL,K,I,4,7,F,S,PRM_0363,0.23437785349773044,K,I,363,FALSE,0.7381315366280661,FALSE
SKVGAFLGWF,G,A,4,5,R,V,PRM_0366,0.633353163209078,G,A,366,FALSE,0.7759614036328946,FALSE
SGRKWFQDWL,K,Q,4,7,F,S,PRM_0363,0.02766430704929367,K,Q,363,FALSE,0.7381315366280661,FALSE
SKVLLFLGWF,L,L,4,5,R,V,PRM_0366,0.5907892087883484,L,L,366,FALSE,0.7759614036328946,FALSE
SGRKWFHDWL,K,H,4,7,F,S,PRM_0363,0.1583681906242592,K,H,363,FALSE,0.7381315366280661,FALSE
GGPAKWPRLLLLV,A,W,4,6,V,P,PRM_0246,-0.1813037471407655,A,W,246,FALSE,0.5586905293176915,FALSE
SKVGGFLGWF,G,G,4,5,R,V,PRM_0366,0.5015284317484391,G,G,366,FALSE,0.7759614036328946,FALSE
SKVLEFLGWF,L,E,4,5,R,V,PRM_0366,0.7949321055160926,L,E,366,FALSE,0.7759614036328946,TRUE
SGRMWFKDWL,M,K,4,7,F,S,PRM_0363,0.11719202313353892,M,K,363,FALSE,0.7381315366280661,FALSE
SGRKWFPDWL,K,P,4,7,F,S,PRM_0363,0.1115089369302712,K,P,363,FALSE,0.7381315366280661,FALSE
GGPAKCPRLLLLV,A,C,4,6,V,P,PRM_0246,-0.006039268789897745,A,C,246,FALSE,0.5586905293176915,FALSE
SKVLDFLGWF,L,D,4,5,R,V,PRM_0366,0.6537793514149699,L,D,366,FALSE,0.7759614036328946,FALSE
SGRMWFNDWL,M,N,4,7,F,S,PRM_0363,0.2494706111787057,M,N,363,FALSE,0.7381315366280661,FALSE
SKVGVFLGWF,G,V,4,5,R,V,PRM_0366,0.7233932439799348,G,V,366,FALSE,0.7759614036328946,FALSE
SKVLAFLGWF,L,A,4,5,R,V,PRM_0366,0.6585494999950192,L,A,366,FALSE,0.7759614036328946,FALSE
SGRMWFTDWL,M,T,4,7,F,S,PRM_0363,0.8279257694311069,M,T,363,FALSE,0.7381315366280661,TRUE
GGPAKFPRLLLLV,A,F,4,6,V,P,PRM_0246,-0.04102577672458409,A,F,246,FALSE,0.5586905293176915,FALSE
SKVLGFLGWF,L,G,4,5,R,V,PRM_0366,0.5498209519555762,L,G,366,FALSE,0.7759614036328946,FALSE
SKVG*FLGWF,G,*,4,5,R,V,PRM_0366,0.2670386709478934,G,*,366,FALSE,0.7759614036328946,FALSE
SGRMWFRDWL,M,R,4,7,F,S,PRM_0363,0.10225472146814636,M,R,363,FALSE,0.7381315366280661,FALSE
SGRKWFLDWL,K,L,4,7,F,S,PRM_0363,0.16335468062084807,K,L,363,FALSE,0.7381315366280661,FALSE
SKVGYFLGWF,G,Y,4,5,R,V,PRM_0366,0.5450181635207398,G,Y,366,FALSE,0.7759614036328946,FALSE
SKVLVFLGWF,L,V,4,5,R,V,PRM_0366,0.6626390065896001,L,V,366,FALSE,0.7759614036328946,FALSE
SGRMWFSDWL,M,S,4,7,F,S,PRM_0363,0.8590475730835252,M,S,363,FALSE,0.7381315366280661,TRUE
SGRMWFMDWL,M,M,4,7,F,S,PRM_0363,0.18442751360645884,M,M,363,FALSE,0.7381315366280661,FALSE
SGRKWFEDWL,K,E,4,7,F,S,PRM_0363,0.3061321704839144,K,E,363,FALSE,0.7381315366280661,FALSE
SKVL*FLGWF,L,*,4,5,R,V,PRM_0366,0.20664092631293596,L,*,366,FALSE,0.7759614036328946,FALSE
SGRMWFIDWL,M,I,4,7,F,S,PRM_0363,0.13353782189189842,M,I,363,FALSE,0.7381315366280661,FALSE
SGRKWFDDWL,K,D,4,7,F,S,PRM_0363,0.28106126425885053,K,D,363,FALSE,0.7381315366280661,FALSE
SKVGWFLGWF,G,W,4,5,R,V,PRM_0366,0.4344466099724672,G,W,366,FALSE,0.7759614036328946,FALSE
SKVLYFLGWF,L,Y,4,5,R,V,PRM_0366,0.5454816480685589,L,Y,366,FALSE,0.7759614036328946,FALSE
SGRMWFQDWL,M,Q,4,7,F,S,PRM_0363,0.24430729253873665,M,Q,363,FALSE,0.7381315366280661,FALSE
SGRKWFADWL,K,A,4,7,F,S,PRM_0363,0.24930154361987755,K,A,363,FALSE,0.7381315366280661,FALSE
SKVGCFLGWF,G,C,4,5,R,V,PRM_0366,0.6545084106070236,G,C,366,FALSE,0.7759614036328946,FALSE
SGRMWFHDWL,M,H,4,7,F,S,PRM_0363,0.3314546147567086,M,H,363,FALSE,0.7381315366280661,FALSE
SGRMWFPDWL,M,P,4,7,F,S,PRM_0363,0.1274679849695834,M,P,363,FALSE,0.7381315366280661,FALSE
SGRKWFGDWL,K,G,4,7,F,S,PRM_0363,0.22796098921043678,K,G,363,FALSE,0.7381315366280661,FALSE
SKVGFFLGWF,G,F,4,5,R,V,PRM_0366,0.5636854016729789,G,F,366,FALSE,0.7759614036328946,FALSE
SKVLWFLGWF,L,W,4,5,R,V,PRM_0366,0.483205816657542,L,W,366,FALSE,0.7759614036328946,FALSE
SKVLCFLGWF,L,C,4,5,R,V,PRM_0366,0.6749352636170185,L,C,366,FALSE,0.7759614036328946,FALSE
SGRKWFVDWL,K,V,4,7,F,S,PRM_0363,0.3196359560746387,K,V,363,FALSE,0.7381315366280661,FALSE
SKVLFFLGWF,L,F,4,5,R,V,PRM_0366,0.5591600326262459,L,F,366,FALSE,0.7759614036328946,FALSE
SGRMWFLDWL,M,L,4,7,F,S,PRM_0363,0.19064069034765588,M,L,363,FALSE,0.7381315366280661,FALSE
SGRKWF*DWL,K,*,4,7,F,S,PRM_0363,0.10049333974557122,K,*,363,FALSE,0.7381315366280661,FALSE
SGRKWFYDWL,K,Y,4,7,F,S,PRM_0363,0.2665285867890088,K,Y,363,FALSE,0.7381315366280661,FALSE
SGRMWFEDWL,M,E,4,7,F,S,PRM_0363,0.2092988569450808,M,E,363,FALSE,0.7381315366280661,FALSE
SGRMWFDDWL,M,D,4,7,F,S,PRM_0363,0.4038888419840864,M,D,363,FALSE,0.7381315366280661,FALSE
SGRMWFADWL,M,A,4,7,F,S,PRM_0363,0.3197573784860417,M,A,363,FALSE,0.7381315366280661,FALSE
SGRKWFWDWL,K,W,4,7,F,S,PRM_0363,0.20390979950260668,K,W,363,FALSE,0.7381315366280661,FALSE
SGRKWFCDWL,K,C,4,7,F,S,PRM_0363,0.31542856581399686,K,C,363,FALSE,0.7381315366280661,FALSE
SGRMWFGDWL,M,G,4,7,F,S,PRM_0363,0.3531936230303442,M,G,363,FALSE,0.7381315366280661,FALSE
SGRKWFFDWL,K,F,4,7,F,S,PRM_0363,0.36267664881297,K,F,363,FALSE,0.7381315366280661,FALSE
SGRMWFVDWL,M,V,4,7,F,S,PRM_0363,0.12486327672155402,M,V,363,FALSE,0.7381315366280661,FALSE
SGRNWFKDWL,N,K,4,7,F,S,PRM_0363,0.20650282106538664,N,K,363,FALSE,0.7381315366280661,FALSE
GGPFKKPRLLLLV,F,K,4,6,V,P,PRM_0246,-0.21478788912726737,F,K,246,FALSE,0.5586905293176915,FALSE
SGRNWFNDWL,N,N,4,7,F,S,PRM_0363,0.08156056205627718,N,N,363,FALSE,0.7381315366280661,FALSE
SGRMWF*DWL,M,*,4,7,F,S,PRM_0363,0.09904397464159562,M,*,363,FALSE,0.7381315366280661,FALSE
GGPFKNPRLLLLV,F,N,4,6,V,P,PRM_0246,-0.01498866001002488,F,N,246,FALSE,0.5586905293176915,FALSE
SGRNWFTDWL,N,T,4,7,F,S,PRM_0363,0.7315290220016588,N,T,363,FALSE,0.7381315366280661,FALSE
SGRMWFYDWL,M,Y,4,7,F,S,PRM_0363,0.3677155537680277,M,Y,363,FALSE,0.7381315366280661,FALSE
GGPFKTPRLLLLV,F,T,4,6,V,P,PRM_0246,-0.09613973667776304,F,T,246,FALSE,0.5586905293176915,FALSE
SGRNWFRDWL,N,R,4,7,F,S,PRM_0363,0.1121150616408418,N,R,363,FALSE,0.7381315366280661,FALSE
GGPFKRPRLLLLV,F,R,4,6,V,P,PRM_0246,-0.08614484980222135,F,R,246,FALSE,0.5586905293176915,FALSE
SGRNWFSDWL,N,S,4,7,F,S,PRM_0363,0.7786707922926761,N,S,363,FALSE,0.7381315366280661,TRUE
SGRMWFWDWL,M,W,4,7,F,S,PRM_0363,0.31615260754006563,M,W,363,FALSE,0.7381315366280661,FALSE
GGPFKSPRLLLLV,F,S,4,6,V,P,PRM_0246,-0.195808264326654,F,S,246,FALSE,0.5586905293176915,FALSE
SGRNWFMDWL,N,M,4,7,F,S,PRM_0363,0.05889433589252692,N,M,363,FALSE,0.7381315366280661,FALSE
SGRMWFCDWL,M,C,4,7,F,S,PRM_0363,0.28300276910579636,M,C,363,FALSE,0.7381315366280661,FALSE
GGPFKMPRLLLLV,F,M,4,6,V,P,PRM_0246,-0.09082856454552288,F,M,246,FALSE,0.5586905293176915,FALSE
SGRNWFIDWL,N,I,4,7,F,S,PRM_0363,0.03178465952827289,N,I,363,FALSE,0.7381315366280661,FALSE
GGPFKIPRLLLLV,F,I,4,6,V,P,PRM_0246,-0.2834873439498149,F,I,246,FALSE,0.5586905293176915,FALSE
SGRNWFQDWL,N,Q,4,7,F,S,PRM_0363,-0.01025291517366364,N,Q,363,FALSE,0.7381315366280661,FALSE
SGRMWFFDWL,M,F,4,7,F,S,PRM_0363,0.42563143704507944,M,F,363,FALSE,0.7381315366280661,FALSE
GGPFKQPRLLLLV,F,Q,4,6,V,P,PRM_0246,0.01702539025292857,F,Q,246,FALSE,0.5586905293176915,FALSE
SGRNWFHDWL,N,H,4,7,F,S,PRM_0363,0.10744596416412357,N,H,363,FALSE,0.7381315366280661,FALSE
SGRIWFKDWL,I,K,4,7,F,S,PRM_0363,0.1332020707724555,I,K,363,FALSE,0.7381315366280661,FALSE
GGPFKHPRLLLLV,F,H,4,6,V,P,PRM_0246,-0.22156227167668,F,H,246,FALSE,0.5586905293176915,FALSE
SGRNWFPDWL,N,P,4,7,F,S,PRM_0363,0.1330973006059766,N,P,363,FALSE,0.7381315366280661,FALSE
SGRIWFNDWL,I,N,4,7,F,S,PRM_0363,0.23344770775564205,I,N,363,FALSE,0.7381315366280661,FALSE
GGPFKPPRLLLLV,F,P,4,6,V,P,PRM_0246,0.02810570311653992,F,P,246,FALSE,0.5586905293176915,FALSE
SGRIWFTDWL,I,T,4,7,F,S,PRM_0363,0.7789794798417404,I,T,363,FALSE,0.7381315366280661,TRUE
GGPGKKPRLLLLV,G,K,4,6,V,P,PRM_0246,-0.16261998758283053,G,K,246,FALSE,0.5586905293176915,FALSE
SGRIWFRDWL,I,R,4,7,F,S,PRM_0363,0.03041010557275038,I,R,363,FALSE,0.7381315366280661,FALSE
SGRNWFLDWL,N,L,4,7,F,S,PRM_0363,0.13971846388752004,N,L,363,FALSE,0.7381315366280661,FALSE
GGPGKNPRLLLLV,G,N,4,6,V,P,PRM_0246,-0.1258313720005982,G,N,246,FALSE,0.5586905293176915,FALSE
SGRIWFSDWL,I,S,4,7,F,S,PRM_0363,0.7928630289950261,I,S,363,FALSE,0.7381315366280661,TRUE
GGPFKLPRLLLLV,F,L,4,6,V,P,PRM_0246,-0.1271706807705811,F,L,246,FALSE,0.5586905293176915,FALSE
GGPGKTPRLLLLV,G,T,4,6,V,P,PRM_0246,-0.1304657486838769,G,T,246,FALSE,0.5586905293176915,FALSE
SGRIWFMDWL,I,M,4,7,F,S,PRM_0363,0.1573236931984158,I,M,363,FALSE,0.7381315366280661,FALSE
SGRNWFEDWL,N,E,4,7,F,S,PRM_0363,0.2691657306895864,N,E,363,FALSE,0.7381315366280661,FALSE
SGRIWFIDWL,I,I,4,7,F,S,PRM_0363,0.24936817156305768,I,I,363,FALSE,0.7381315366280661,FALSE
GGPFKEPRLLLLV,F,E,4,6,V,P,PRM_0246,-0.06708886365501256,F,E,246,FALSE,0.5586905293176915,FALSE
SGRNWFDDWL,N,D,4,7,F,S,PRM_0363,0.3948061452387285,N,D,363,FALSE,0.7381315366280661,FALSE
GGPGKRPRLLLLV,G,R,4,6,V,P,PRM_0246,-0.10995720735201525,G,R,246,FALSE,0.5586905293176915,FALSE
SGRIWFQDWL,I,Q,4,7,F,S,PRM_0363,-0.0304246567037469,I,Q,363,FALSE,0.7381315366280661,FALSE
GGPFKDPRLLLLV,F,D,4,6,V,P,PRM_0246,-0.2879192664664585,F,D,246,FALSE,0.5586905293176915,FALSE
SGRNWFADWL,N,A,4,7,F,S,PRM_0363,0.17177488195333424,N,A,363,FALSE,0.7381315366280661,FALSE
GGPGKSPRLLLLV,G,S,4,6,V,P,PRM_0246,8.558983960837748e-4,G,S,246,FALSE,0.5586905293176915,FALSE
SGRIWFHDWL,I,H,4,7,F,S,PRM_0363,0.2998773290777357,I,H,363,FALSE,0.7381315366280661,FALSE
GGPFKAPRLLLLV,F,A,4,6,V,P,PRM_0246,-0.02981967228260259,F,A,246,FALSE,0.5586905293176915,FALSE
GGPGKMPRLLLLV,G,M,4,6,V,P,PRM_0246,-0.10373510911665265,G,M,246,FALSE,0.5586905293176915,FALSE
SGRIWFPDWL,I,P,4,7,F,S,PRM_0363,0.08377828355046012,I,P,363,FALSE,0.7381315366280661,FALSE
SGRNWFGDWL,N,G,4,7,F,S,PRM_0363,0.2307599393567749,N,G,363,FALSE,0.7381315366280661,FALSE
GGPGKIPRLLLLV,G,I,4,6,V,P,PRM_0246,-0.14846420885262648,G,I,246,FALSE,0.5586905293176915,FALSE
GGPFKGPRLLLLV,F,G,4,6,V,P,PRM_0246,-0.1327228674736734,F,G,246,FALSE,0.5586905293176915,FALSE
GGPGKQPRLLLLV,G,Q,4,6,V,P,PRM_0246,-0.08012740376267993,G,Q,246,FALSE,0.5586905293176915,FALSE
SKVVKFLGWF,V,K,4,5,R,V,PRM_0366,0.9023022577399049,V,K,366,FALSE,0.7759614036328946,TRUE
SGRNWFVDWL,N,V,4,7,F,S,PRM_0363,0.1871481268692523,N,V,363,FALSE,0.7381315366280661,FALSE
GGPGKHPRLLLLV,G,H,4,6,V,P,PRM_0246,0.026671312089413257,G,H,246,FALSE,0.5586905293176915,FALSE
SKVVNFLGWF,V,N,4,5,R,V,PRM_0366,0.856813251175886,V,N,366,FALSE,0.7759614036328946,TRUE
SKVEKFLGWF,E,K,4,5,R,V,PRM_0366,0.8238163557692101,E,K,366,FALSE,0.7759614036328946,TRUE
GGPFKVPRLLLLV,F,V,4,6,V,P,PRM_0246,-0.19723836945798484,F,V,246,FALSE,0.5586905293176915,FALSE
GGPGKPPRLLLLV,G,P,4,6,V,P,PRM_0246,0.393362778823953,G,P,246,FALSE,0.5586905293176915,FALSE
SKVVTFLGWF,V,T,4,5,R,V,PRM_0366,0.9469198389067576,V,T,366,FALSE,0.7759614036328946,TRUE
SKVENFLGWF,E,N,4,5,R,V,PRM_0366,0.7263246921103338,E,N,366,FALSE,0.7759614036328946,FALSE
SGRIWFLDWL,I,L,4,7,F,S,PRM_0363,0.17152774868300905,I,L,363,FALSE,0.7381315366280661,FALSE
SGRNWF*DWL,N,*,4,7,F,S,PRM_0363,0.110269319637932,N,*,363,FALSE,0.7381315366280661,FALSE
SKVETFLGWF,E,T,4,5,R,V,PRM_0366,0.893630084242367,E,T,366,FALSE,0.7759614036328946,TRUE
GGPFK*PRLLLLV,F,*,4,6,V,P,PRM_0246,0.02540693736904096,F,*,246,FALSE,0.5586905293176915,FALSE
SGRNWFYDWL,N,Y,4,7,F,S,PRM_0363,0.19512216234437305,N,Y,363,FALSE,0.7381315366280661,FALSE
SKVVRFLGWF,V,R,4,5,R,V,PRM_0366,0.8917786785165503,V,R,366,FALSE,0.7759614036328946,TRUE
SGRIWFEDWL,I,E,4,7,F,S,PRM_0363,0.16567617156418657,I,E,363,FALSE,0.7381315366280661,FALSE
GGPFKYPRLLLLV,F,Y,4,6,V,P,PRM_0246,-0.09458397105954208,F,Y,246,FALSE,0.5586905293176915,FALSE
SKVVSFLGWF,V,S,4,5,R,V,PRM_0366,0.8875846923637924,V,S,366,FALSE,0.7759614036328946,TRUE
SKVERFLGWF,E,R,4,5,R,V,PRM_0366,0.8104336729506049,E,R,366,FALSE,0.7759614036328946,TRUE
SGRIWFDDWL,I,D,4,7,F,S,PRM_0363,0.32669142695178016,I,D,363,FALSE,0.7381315366280661,FALSE
GGPGKLPRLLLLV,G,L,4,6,V,P,PRM_0246,-0.1297140308309736,G,L,246,FALSE,0.5586905293176915,FALSE
SKVVMFLGWF,V,M,4,5,R,V,PRM_0366,0.8305729169255156,V,M,366,FALSE,0.7759614036328946,TRUE
SKVESFLGWF,E,S,4,5,R,V,PRM_0366,0.8080839492704653,E,S,366,FALSE,0.7759614036328946,TRUE
SGRIWFADWL,I,A,4,7,F,S,PRM_0363,0.18215042583812796,I,A,363,FALSE,0.7381315366280661,FALSE
SGRNWFWDWL,N,W,4,7,F,S,PRM_0363,0.2290079880150175,N,W,363,FALSE,0.7381315366280661,FALSE
SKVVIFLGWF,V,I,4,5,R,V,PRM_0366,0.8238171467474134,V,I,366,FALSE,0.7759614036328946,TRUE
SKVEMFLGWF,E,M,4,5,R,V,PRM_0366,0.808527395069534,E,M,366,FALSE,0.7759614036328946,TRUE
GGPFKWPRLLLLV,F,W,4,6,V,P,PRM_0246,-0.2175940648970782,F,W,246,FALSE,0.5586905293176915,FALSE
SGRNWFCDWL,N,C,4,7,F,S,PRM_0363,0.26803133298455045,N,C,363,FALSE,0.7381315366280661,FALSE
GGPGKEPRLLLLV,G,E,4,6,V,P,PRM_0246,0.010590400147083213,G,E,246,FALSE,0.5586905293176915,FALSE
SKVVQFLGWF,V,Q,4,5,R,V,PRM_0366,0.9268461350417786,V,Q,366,FALSE,0.7759614036328946,TRUE
SKVEIFLGWF,E,I,4,5,R,V,PRM_0366,0.8745668698686763,E,I,366,FALSE,0.7759614036328946,TRUE
SGRIWFGDWL,I,G,4,7,F,S,PRM_0363,0.26603375892731296,I,G,363,FALSE,0.7381315366280661,FALSE
GGPFKCPRLLLLV,F,C,4,6,V,P,PRM_0246,-0.23164245712181616,F,C,246,FALSE,0.5586905293176915,FALSE
GGPGKDPRLLLLV,G,D,4,6,V,P,PRM_0246,-0.20196210137808127,G,D,246,FALSE,0.5586905293176915,FALSE
SKVVHFLGWF,V,H,4,5,R,V,PRM_0366,0.8925164150564909,V,H,366,FALSE,0.7759614036328946,TRUE
SKVEQFLGWF,E,Q,4,5,R,V,PRM_0366,0.8799954660247501,E,Q,366,FALSE,0.7759614036328946,TRUE
SGRNWFFDWL,N,F,4,7,F,S,PRM_0363,0.33222469244146896,N,F,363,FALSE,0.7381315366280661,FALSE
GGPGKAPRLLLLV,G,A,4,6,V,P,PRM_0246,0.10356134195238129,G,A,246,FALSE,0.5586905293176915,FALSE
SKVVPFLGWF,V,P,4,5,R,V,PRM_0366,0.32403075441868456,V,P,366,FALSE,0.7759614036328946,FALSE
SKVEHFLGWF,E,H,4,5,R,V,PRM_0366,0.8673619575902947,E,H,366,FALSE,0.7759614036328946,TRUE
SGRIWFVDWL,I,V,4,7,F,S,PRM_0363,0.14288443905862513,I,V,363,FALSE,0.7381315366280661,FALSE
GGPFKFPRLLLLV,F,F,4,6,V,P,PRM_0246,-0.2521352077971261,F,F,246,FALSE,0.5586905293176915,FALSE
SGRTWFKDWL,T,K,4,7,F,S,PRM_0363,0.21683589066903386,T,K,363,FALSE,0.7381315366280661,FALSE
SKVEPFLGWF,E,P,4,5,R,V,PRM_0366,0.2836950866122507,E,P,366,FALSE,0.7759614036328946,FALSE
GGGRKPVKDYVVL,K,K,5,8,Y,V,PRM_0250,-0.1245385328066008,K,K,250,FALSE,0.40823475510954577,FALSE
SGRTWFNDWL,T,N,4,7,F,S,PRM_0363,0.2367272433962676,T,N,363,FALSE,0.7381315366280661,FALSE
GGPGKGPRLLLLV,G,G,4,6,V,P,PRM_0246,-0.1268071978482162,G,G,246,FALSE,0.5586905293176915,FALSE
SGRIWF*DWL,I,*,4,7,F,S,PRM_0363,0.04841505179270138,I,*,363,FALSE,0.7381315366280661,FALSE
GGGRKPVNDYVVL,K,N,5,8,Y,V,PRM_0250,-0.1031996752210292,K,N,250,FALSE,0.40823475510954577,FALSE
SGRTWFTDWL,T,T,4,7,F,S,PRM_0363,0.8695985843808369,T,T,363,FALSE,0.7381315366280661,TRUE
SGRIWFYDWL,I,Y,4,7,F,S,PRM_0363,0.30791128624977204,I,Y,363,FALSE,0.7381315366280661,FALSE
GGGRKPVTDYVVL,K,T,5,8,Y,V,PRM_0250,0.11162262436621428,K,T,250,FALSE,0.40823475510954577,FALSE
GGPGKVPRLLLLV,G,V,4,6,V,P,PRM_0246,-0.22582771357036524,G,V,246,FALSE,0.5586905293176915,FALSE
SKVVLFLGWF,V,L,4,5,R,V,PRM_0366,0.7817900246010883,V,L,366,FALSE,0.7759614036328946,TRUE
SKVELFLGWF,E,L,4,5,R,V,PRM_0366,0.7795455247556906,E,L,366,FALSE,0.7759614036328946,TRUE
SGRTWFRDWL,T,R,4,7,F,S,PRM_0363,0.19240967479844523,T,R,363,FALSE,0.7381315366280661,FALSE
GGGRKPVRDYVVL,K,R,5,8,Y,V,PRM_0250,0.03917616337039329,K,R,250,FALSE,0.40823475510954577,FALSE
SGRTWFSDWL,T,S,4,7,F,S,PRM_0363,0.8564969746100266,T,S,363,FALSE,0.7381315366280661,TRUE
GGPGK*PRLLLLV,G,*,4,6,V,P,PRM_0246,0.19138209376728477,G,*,246,FALSE,0.5586905293176915,FALSE
SKVVEFLGWF,V,E,4,5,R,V,PRM_0366,0.9548974828334246,V,E,366,FALSE,0.7759614036328946,TRUE
SKVEEFLGWF,E,E,4,5,R,V,PRM_0366,0.8643246224462249,E,E,366,FALSE,0.7759614036328946,TRUE
SGRIWFWDWL,I,W,4,7,F,S,PRM_0363,0.289882027399942,I,W,363,FALSE,0.7381315366280661,FALSE
GGGRKPVSDYVVL,K,S,5,8,Y,V,PRM_0250,-0.05747363774489545,K,S,250,FALSE,0.40823475510954577,FALSE
SGRTWFMDWL,T,M,4,7,F,S,PRM_0363,0.21666703515443672,T,M,363,FALSE,0.7381315366280661,FALSE
GGPGKYPRLLLLV,G,Y,4,6,V,P,PRM_0246,-0.2208398443518247,G,Y,246,FALSE,0.5586905293176915,FALSE
SKVVDFLGWF,V,D,4,5,R,V,PRM_0366,0.8423995286108413,V,D,366,FALSE,0.7759614036328946,TRUE
SKVEDFLGWF,E,D,4,5,R,V,PRM_0366,0.7062980212933238,E,D,366,FALSE,0.7759614036328946,FALSE
SGRIWFCDWL,I,C,4,7,F,S,PRM_0363,0.2497892200224914,I,C,363,FALSE,0.7381315366280661,FALSE
GGGRKPVMDYVVL,K,M,5,8,Y,V,PRM_0250,-0.21324910385878248,K,M,250,FALSE,0.40823475510954577,FALSE
SGRTWFIDWL,T,I,4,7,F,S,PRM_0363,0.2513013957295959,T,I,363,FALSE,0.7381315366280661,FALSE
SKVVAFLGWF,V,A,4,5,R,V,PRM_0366,0.8510334486372844,V,A,366,FALSE,0.7759614036328946,TRUE
SKVEAFLGWF,E,A,4,5,R,V,PRM_0366,0.7431089855700534,E,A,366,FALSE,0.7759614036328946,FALSE
GGGRKPVIDYVVL,K,I,5,8,Y,V,PRM_0250,0.02150686224964566,K,I,250,FALSE,0.40823475510954577,FALSE
SGRTWFQDWL,T,Q,4,7,F,S,PRM_0363,0.26532266656749304,T,Q,363,FALSE,0.7381315366280661,FALSE
SGRIWFFDWL,I,F,4,7,F,S,PRM_0363,0.4318539286295389,I,F,363,FALSE,0.7381315366280661,FALSE
GGGRKPVQDYVVL,K,Q,5,8,Y,V,PRM_0250,0.09027549810855034,K,Q,250,FALSE,0.40823475510954577,FALSE
SGRTWFHDWL,T,H,4,7,F,S,PRM_0363,0.28919044556567275,T,H,363,FALSE,0.7381315366280661,FALSE
GGPGKWPRLLLLV,G,W,4,6,V,P,PRM_0246,-0.25590470300516976,G,W,246,FALSE,0.5586905293176915,FALSE
SKVVGFLGWF,V,G,4,5,R,V,PRM_0366,0.6902279635785694,V,G,366,FALSE,0.7759614036328946,FALSE
SKVEGFLGWF,E,G,4,5,R,V,PRM_0366,0.5941709872994985,E,G,366,FALSE,0.7759614036328946,FALSE
SGRQWFKDWL,Q,K,4,7,F,S,PRM_0363,0.19860182681819177,Q,K,363,FALSE,0.7381315366280661,FALSE
GGGRKPVHDYVVL,K,H,5,8,Y,V,PRM_0250,0.19064069034765568,K,H,250,FALSE,0.40823475510954577,FALSE
SGRTWFPDWL,T,P,4,7,F,S,PRM_0363,0.20307510369466336,T,P,363,FALSE,0.7381315366280661,FALSE
GGPGKCPRLLLLV,G,C,4,6,V,P,PRM_0246,-0.23105267356225984,G,C,246,FALSE,0.5586905293176915,FALSE
SGRQWFNDWL,Q,N,4,7,F,S,PRM_0363,0.2574411424038981,Q,N,363,FALSE,0.7381315366280661,FALSE
GGGRKPVPDYVVL,K,P,5,8,Y,V,PRM_0250,0.12267549738011044,K,P,250,FALSE,0.40823475510954577,FALSE
SKVVVFLGWF,V,V,4,5,R,V,PRM_0366,0.8623607569699345,V,V,366,FALSE,0.7759614036328946,TRUE
SKVEVFLGWF,E,V,4,5,R,V,PRM_0366,0.8546797152306491,E,V,366,FALSE,0.7759614036328946,TRUE
SGRQWFTDWL,Q,T,4,7,F,S,PRM_0363,0.745091172641499,Q,T,363,FALSE,0.7381315366280661,TRUE
GGPGKFPRLLLLV,G,F,4,6,V,P,PRM_0246,-0.16555506711666218,G,F,246,FALSE,0.5586905293176915,FALSE
SKVV*FLGWF,V,*,4,5,R,V,PRM_0366,0.23496892734658414,V,*,366,FALSE,0.7759614036328946,FALSE
SKVE*FLGWF,E,*,4,5,R,V,PRM_0366,0.2637784067766966,E,*,366,FALSE,0.7759614036328946,FALSE
SGRQWFRDWL,Q,R,4,7,F,S,PRM_0363,0.18442751360645884,Q,R,363,FALSE,0.7381315366280661,FALSE
GGGRKPVLDYVVL,K,L,5,8,Y,V,PRM_0250,0.03057159042896469,K,L,250,FALSE,0.40823475510954577,FALSE
SGRTWFLDWL,T,L,4,7,F,S,PRM_0363,0.2047456061066878,T,L,363,FALSE,0.7381315366280661,FALSE
SKVVYFLGWF,V,Y,4,5,R,V,PRM_0366,0.7690222418252823,V,Y,366,FALSE,0.7759614036328946,FALSE
SKVEYFLGWF,E,Y,4,5,R,V,PRM_0366,0.7586948512633136,E,Y,366,FALSE,0.7759614036328946,FALSE
SGRQWFSDWL,Q,S,4,7,F,S,PRM_0363,0.7804271189761883,Q,S,363,FALSE,0.7381315366280661,TRUE
SGRQWFMDWL,Q,M,4,7,F,S,PRM_0363,0.2028530280719068,Q,M,363,FALSE,0.7381315366280661,FALSE
GGGRKPVEDYVVL,K,E,5,8,Y,V,PRM_0250,-0.03167028246101276,K,E,250,FALSE,0.40823475510954577,FALSE
SGRTWFEDWL,T,E,4,7,F,S,PRM_0363,0.3247659165499468,T,E,363,FALSE,0.7381315366280661,FALSE
SGRQWFIDWL,Q,I,4,7,F,S,PRM_0363,0.32261400018796654,Q,I,363,FALSE,0.7381315366280661,FALSE
GGGRKPVDDYVVL,K,D,5,8,Y,V,PRM_0250,-0.09890219661280145,K,D,250,FALSE,0.40823475510954577,FALSE
SGRTWFDDWL,T,D,4,7,F,S,PRM_0363,0.27668480444884963,T,D,363,FALSE,0.7381315366280661,FALSE
SKVVWFLGWF,V,W,4,5,R,V,PRM_0366,0.7058290419214974,V,W,366,FALSE,0.7759614036328946,FALSE
SKVEWFLGWF,E,W,4,5,R,V,PRM_0366,0.667073779156633,E,W,366,FALSE,0.7759614036328946,FALSE
SGRQWFQDWL,Q,Q,4,7,F,S,PRM_0363,0.19064069034765588,Q,Q,363,FALSE,0.7381315366280661,FALSE
GGGRKPVADYVVL,K,A,5,8,Y,V,PRM_0250,0.14047941695557956,K,A,250,FALSE,0.40823475510954577,FALSE
SGRTWFADWL,T,A,4,7,F,S,PRM_0363,0.24592770637299657,T,A,363,FALSE,0.7381315366280661,FALSE
SKVVCFLGWF,V,C,4,5,R,V,PRM_0366,0.8376256335559644,V,C,366,FALSE,0.7759614036328946,TRUE
SKVECFLGWF,E,C,4,5,R,V,PRM_0366,0.8093159695217994,E,C,366,FALSE,0.7759614036328946,TRUE
SGRQWFHDWL,Q,H,4,7,F,S,PRM_0363,0.15462806016711209,Q,H,363,FALSE,0.7381315366280661,FALSE
SGRQWFPDWL,Q,P,4,7,F,S,PRM_0363,0.26690408484701467,Q,P,363,FALSE,0.7381315366280661,FALSE
GGGRKPVGDYVVL,K,G,5,8,Y,V,PRM_0250,-0.1278791430508007,K,G,250,FALSE,0.40823475510954577,FALSE
SGRTWFGDWL,T,G,4,7,F,S,PRM_0363,0.3342244083063567,T,G,363,FALSE,0.7381315366280661,FALSE
SKVVFFLGWF,V,F,4,5,R,V,PRM_0366,0.735735051783569,V,F,366,FALSE,0.7759614036328946,FALSE
SKVEFFLGWF,E,F,4,5,R,V,PRM_0366,0.7477666880456351,E,F,366,FALSE,0.7759614036328946,FALSE
SKVDKFLGWF,D,K,4,5,R,V,PRM_0366,0.6211746732494292,D,K,366,FALSE,0.7759614036328946,FALSE
GGGRKPVVDYVVL,K,V,5,8,Y,V,PRM_0250,-0.11126623564621368,K,V,250,FALSE,0.40823475510954577,FALSE
SGRTWFVDWL,T,V,4,7,F,S,PRM_0363,0.23120723113022737,T,V,363,FALSE,0.7381315366280661,FALSE
SKVDNFLGWF,D,N,4,5,R,V,PRM_0366,0.6328318332558089,D,N,366,FALSE,0.7759614036328946,FALSE
SKVDTFLGWF,D,T,4,5,R,V,PRM_0366,0.7092673726873541,D,T,366,FALSE,0.7759614036328946,FALSE
SGRQWFLDWL,Q,L,4,7,F,S,PRM_0363,0.18486039028181375,Q,L,363,FALSE,0.7381315366280661,FALSE
GGGRKPV*DYVVL,K,*,5,8,Y,V,PRM_0250,-0.06952862171851808,K,*,250,FALSE,0.40823475510954577,FALSE
SGRTWF*DWL,T,*,4,7,F,S,PRM_0363,0.21516174251609194,T,*,363,FALSE,0.7381315366280661,FALSE
GGGRKPVYDYVVL,K,Y,5,8,Y,V,PRM_0250,-0.11430396637173144,K,Y,250,FALSE,0.40823475510954577,FALSE
SGRTWFYDWL,T,Y,4,7,F,S,PRM_0363,0.20749739210819504,T,Y,363,FALSE,0.7381315366280661,FALSE
SKVDRFLGWF,D,R,4,5,R,V,PRM_0366,0.6395864360720256,D,R,366,FALSE,0.7759614036328946,FALSE
SGRQWFEDWL,Q,E,4,7,F,S,PRM_0363,0.3060784501335966,Q,E,363,FALSE,0.7381315366280661,FALSE
SKVDSFLGWF,D,S,4,5,R,V,PRM_0366,0.5800345889721223,D,S,366,FALSE,0.7759614036328946,FALSE
SGRQWFDDWL,Q,D,4,7,F,S,PRM_0363,0.3448213014929317,Q,D,363,FALSE,0.7381315366280661,FALSE
SKVDMFLGWF,D,M,4,5,R,V,PRM_0366,0.5985578941527898,D,M,366,FALSE,0.7759614036328946,FALSE
SGRQWFADWL,Q,A,4,7,F,S,PRM_0363,0.2614862228978466,Q,A,363,FALSE,0.7381315366280661,FALSE
GGGRKPVWDYVVL,K,W,5,8,Y,V,PRM_0250,-0.21415160843283385,K,W,250,FALSE,0.40823475510954577,FALSE
SGRTWFWDWL,T,W,4,7,F,S,PRM_0363,0.3849523257799577,T,W,363,FALSE,0.7381315366280661,FALSE
SKVDIFLGWF,D,I,4,5,R,V,PRM_0366,0.6200948544802298,D,I,366,FALSE,0.7759614036328946,FALSE
GGGRKPVCDYVVL,K,C,5,8,Y,V,PRM_0250,-0.21928139822817028,K,C,250,FALSE,0.40823475510954577,FALSE
SGRTWFCDWL,T,C,4,7,F,S,PRM_0363,0.36203158585808026,T,C,363,FALSE,0.7381315366280661,FALSE
SKVDQFLGWF,D,Q,4,5,R,V,PRM_0366,0.5848761670865542,D,Q,366,FALSE,0.7759614036328946,FALSE
SGRQWFGDWL,Q,G,4,7,F,S,PRM_0363,0.3508578937407968,Q,G,363,FALSE,0.7381315366280661,FALSE
SKVDHFLGWF,D,H,4,5,R,V,PRM_0366,0.6340315725726176,D,H,366,FALSE,0.7759614036328946,FALSE
GGGRKPVFDYVVL,K,F,5,8,Y,V,PRM_0250,-0.03785867921943717,K,F,250,FALSE,0.40823475510954577,FALSE
SGRTWFFDWL,T,F,4,7,F,S,PRM_0363,0.4148084022170144,T,F,363,FALSE,0.7381315366280661,FALSE
SKVDPFLGWF,D,P,4,5,R,V,PRM_0366,0.16769350849058356,D,P,366,FALSE,0.7759614036328946,FALSE
SGRQWFVDWL,Q,V,4,7,F,S,PRM_0363,0.1789558320970891,Q,V,363,FALSE,0.7381315366280661,FALSE
GGGRNPVKDYVVL,N,K,5,8,Y,V,PRM_0250,0.24554080755764485,N,K,250,FALSE,0.40823475510954577,FALSE
GGGRNPVNDYVVL,N,N,5,8,Y,V,PRM_0250,-0.09835877787340558,N,N,250,FALSE,0.40823475510954577,FALSE
SGRQWF*DWL,Q,*,4,7,F,S,PRM_0363,0.06464109169036449,Q,*,363,FALSE,0.7381315366280661,FALSE
GGGRNPVTDYVVL,N,T,5,8,Y,V,PRM_0250,0.049024603635383114,N,T,250,FALSE,0.40823475510954577,FALSE
SGRQWFYDWL,Q,Y,4,7,F,S,PRM_0363,0.3100794177501345,Q,Y,363,FALSE,0.7381315366280661,FALSE
GGGRNPVRDYVVL,N,R,5,8,Y,V,PRM_0250,-0.05747363774489545,N,R,250,FALSE,0.40823475510954577,FALSE
GGGRNPVSDYVVL,N,S,5,8,Y,V,PRM_0250,0.05071652008943599,N,S,250,FALSE,0.40823475510954577,FALSE
SKVDEFLGWF,D,E,4,5,R,V,PRM_0366,0.6002589110879588,D,E,366,FALSE,0.7759614036328946,FALSE
SGRQWFWDWL,Q,W,4,7,F,S,PRM_0363,0.3300376436989243,Q,W,363,FALSE,0.7381315366280661,FALSE
GGGRNPVMDYVVL,N,M,5,8,Y,V,PRM_0250,0.04764304702384161,N,M,250,FALSE,0.40823475510954577,FALSE
SKVDDFLGWF,D,D,4,5,R,V,PRM_0366,0.5320910211852767,D,D,366,FALSE,0.7759614036328946,FALSE
SGRQWFCDWL,Q,C,4,7,F,S,PRM_0363,0.2144562116776456,Q,C,363,FALSE,0.7381315366280661,FALSE
GGGRNPVIDYVVL,N,I,5,8,Y,V,PRM_0250,-0.195808264326654,N,I,250,FALSE,0.40823475510954577,FALSE
SKVDAFLGWF,D,A,4,5,R,V,PRM_0366,0.5263281651181065,D,A,366,FALSE,0.7759614036328946,FALSE
GGGRNPVQDYVVL,N,Q,5,8,Y,V,PRM_0250,0.00503394094963859,N,Q,250,FALSE,0.40823475510954577,FALSE
SGRQWFFDWL,Q,F,4,7,F,S,PRM_0363,0.28370323403444614,Q,F,363,FALSE,0.7381315366280661,FALSE
GGGRNPVHDYVVL,N,H,5,8,Y,V,PRM_0250,0.03534645953550779,N,H,250,FALSE,0.40823475510954577,FALSE
SKVDGFLGWF,D,G,4,5,R,V,PRM_0366,0.5379997958874932,D,G,366,FALSE,0.7759614036328946,FALSE
SGRHWFKDWL,H,K,4,7,F,S,PRM_0363,0.10130030037353654,H,K,363,FALSE,0.7381315366280661,FALSE
GGGRNPVPDYVVL,N,P,5,8,Y,V,PRM_0250,0.12284773392305336,N,P,250,FALSE,0.40823475510954577,FALSE
SGRHWFNDWL,H,N,4,7,F,S,PRM_0363,0.16034596191364095,H,N,363,FALSE,0.7381315366280661,FALSE
SKVDVFLGWF,D,V,4,5,R,V,PRM_0366,0.6470260431017261,D,V,366,FALSE,0.7759614036328946,FALSE
SGRHWFTDWL,H,T,4,7,F,S,PRM_0363,0.6753142703898977,H,T,363,FALSE,0.7381315366280661,FALSE
GGGRNPVLDYVVL,N,L,5,8,Y,V,PRM_0250,0.01008298324056911,N,L,250,FALSE,0.40823475510954577,FALSE
SKVD*FLGWF,D,*,4,5,R,V,PRM_0366,0.15232635191913035,D,*,366,FALSE,0.7759614036328946,FALSE
SGRHWFRDWL,H,R,4,7,F,S,PRM_0363,0.15302884504387573,H,R,363,FALSE,0.7381315366280661,FALSE
SKVDYFLGWF,D,Y,4,5,R,V,PRM_0366,0.5086575038175531,D,Y,366,FALSE,0.7759614036328946,FALSE
SGRHWFSDWL,H,S,4,7,F,S,PRM_0363,0.7226020067386374,H,S,363,FALSE,0.7381315366280661,FALSE
GGGRNPVEDYVVL,N,E,5,8,Y,V,PRM_0250,-0.07637131840535889,N,E,250,FALSE,0.40823475510954577,FALSE
SGRHWFMDWL,H,M,4,7,F,S,PRM_0363,0.2199044713638452,H,M,363,FALSE,0.7381315366280661,FALSE
GGGRNPVDDYVVL,N,D,5,8,Y,V,PRM_0250,-0.12636378275863286,N,D,250,FALSE,0.40823475510954577,FALSE
SGRHWFIDWL,H,I,4,7,F,S,PRM_0363,0.09328272711217198,H,I,363,FALSE,0.7381315366280661,FALSE
GGGRNPVADYVVL,N,A,5,8,Y,V,PRM_0250,0.03794197390650817,N,A,250,FALSE,0.40823475510954577,FALSE
SKVDWFLGWF,D,W,4,5,R,V,PRM_0366,0.4292471544224687,D,W,366,FALSE,0.7759614036328946,FALSE
SGRHWFQDWL,H,Q,4,7,F,S,PRM_0363,0.10816165726878628,H,Q,363,FALSE,0.7381315366280661,FALSE
SKVCWFLGWF,C,W,4,5,R,V,PRM_0366,0.6048153470687169,C,W,366,FALSE,0.7759614036328946,FALSE
SGRHWFHDWL,H,H,4,7,F,S,PRM_0363,0.14269809833977393,H,H,363,FALSE,0.7381315366280661,FALSE
GGGRNPVGDYVVL,N,G,5,8,Y,V,PRM_0250,0.012899219427722305,N,G,250,FALSE,0.40823475510954577,FALSE
SKVCCFLGWF,C,C,4,5,R,V,PRM_0366,0.758152032784738,C,C,366,FALSE,0.7759614036328946,FALSE
SGRHWFPDWL,H,P,4,7,F,S,PRM_0363,0.18114124858606553,H,P,363,FALSE,0.7381315366280661,FALSE
SKVCLFLGWF,C,L,4,5,R,V,PRM_0366,0.7331141025586013,C,L,366,FALSE,0.7759614036328946,FALSE
GGGRNPVVDYVVL,N,V,5,8,Y,V,PRM_0250,-0.16330529822885104,N,V,250,FALSE,0.40823475510954577,FALSE
SKVCFFLGWF,C,F,4,5,R,V,PRM_0366,0.6825061543364467,C,F,366,FALSE,0.7759614036328946,FALSE
SKV*KFLGWF,*,K,4,5,R,V,PRM_0366,0.21199448997638456,*,K,366,FALSE,0.7759614036328946,FALSE
SKV*NFLGWF,*,N,4,5,R,V,PRM_0366,0.2147289104233421,*,N,366,FALSE,0.7759614036328946,FALSE
GGGRNPV*DYVVL,N,*,5,8,Y,V,PRM_0250,-0.09774904146674204,N,*,250,FALSE,0.40823475510954577,FALSE
SKV*TFLGWF,*,T,4,5,R,V,PRM_0366,0.3970438775813899,*,T,366,FALSE,0.7759614036328946,FALSE
SGRHWFLDWL,H,L,4,7,F,S,PRM_0363,0.19513366909224583,H,L,363,FALSE,0.7381315366280661,FALSE
GGGRNPVYDYVVL,N,Y,5,8,Y,V,PRM_0250,-0.08370928668799596,N,Y,250,FALSE,0.40823475510954577,FALSE
SKV*RFLGWF,*,R,4,5,R,V,PRM_0366,0.2813632911937287,*,R,366,FALSE,0.7759614036328946,FALSE
SGRHWFEDWL,H,E,4,7,F,S,PRM_0363,0.292859647068141,H,E,363,FALSE,0.7381315366280661,FALSE
SKV*SFLGWF,*,S,4,5,R,V,PRM_0366,0.2811952626634304,*,S,366,FALSE,0.7759614036328946,FALSE
SGRHWFDDWL,H,D,4,7,F,S,PRM_0363,0.3931518463855856,H,D,363,FALSE,0.7381315366280661,FALSE
GGGRNPVWDYVVL,N,W,5,8,Y,V,PRM_0250,-0.16214961378103043,N,W,250,FALSE,0.40823475510954577,FALSE
SKV*MFLGWF,*,M,4,5,R,V,PRM_0366,0.2777249895646821,*,M,366,FALSE,0.7759614036328946,FALSE
SGRHWFADWL,H,A,4,7,F,S,PRM_0363,0.20963889053674417,H,A,363,FALSE,0.7381315366280661,FALSE
GGGRNPVCDYVVL,N,C,5,8,Y,V,PRM_0250,-0.05235822370188822,N,C,250,FALSE,0.40823475510954577,FALSE
SKV*IFLGWF,*,I,4,5,R,V,PRM_0366,0.3694083801821482,*,I,366,FALSE,0.7759614036328946,FALSE
SKV*QFLGWF,*,Q,4,5,R,V,PRM_0366,0.2484612541445421,*,Q,366,FALSE,0.7759614036328946,FALSE
SGRHWFGDWL,H,G,4,7,F,S,PRM_0363,0.17995027292573898,H,G,363,FALSE,0.7381315366280661,FALSE
GGGRNPVFDYVVL,N,F,5,8,Y,V,PRM_0250,-0.12384664037641573,N,F,250,FALSE,0.40823475510954577,FALSE
SKV*HFLGWF,*,H,4,5,R,V,PRM_0366,0.38908250190655574,*,H,366,FALSE,0.7759614036328946,FALSE
GGGRTPVKDYVVL,T,K,5,8,Y,V,PRM_0250,0.05141452198210737,T,K,250,FALSE,0.40823475510954577,FALSE
SKV*PFLGWF,*,P,4,5,R,V,PRM_0366,0.13675889802692212,*,P,366,FALSE,0.7759614036328946,FALSE
SGRHWFVDWL,H,V,4,7,F,S,PRM_0363,0.14693271251275677,H,V,363,FALSE,0.7381315366280661,FALSE
GGGRTPVNDYVVL,T,N,5,8,Y,V,PRM_0250,0.07059520895626788,T,N,250,FALSE,0.40823475510954577,FALSE
SGRRWFKDWL,R,K,4,7,F,S,PRM_0363,0.10140412545899452,R,K,363,FALSE,0.7381315366280661,FALSE
GGGRTPVRDYVVL,T,R,5,8,Y,V,PRM_0250,0.0967148793423047,T,R,250,FALSE,0.40823475510954577,FALSE
SGRRWFNDWL,R,N,4,7,F,S,PRM_0363,0.15193080161177097,R,N,363,FALSE,0.7381315366280661,FALSE
SGRHWF*DWL,H,*,4,7,F,S,PRM_0363,0.04823985904530524,H,*,363,FALSE,0.7381315366280661,FALSE
GGGRTPVSDYVVL,T,S,5,8,Y,V,PRM_0250,0.0932827271121722,T,S,250,FALSE,0.40823475510954577,FALSE
SGRRWFTDWL,R,T,4,7,F,S,PRM_0363,0.7349444836509094,R,T,363,FALSE,0.7381315366280661,FALSE
SKV*LFLGWF,*,L,4,5,R,V,PRM_0366,0.22805578813602503,*,L,366,FALSE,0.7759614036328946,FALSE
SGRHWFYDWL,H,Y,4,7,F,S,PRM_0363,0.14776569911640297,H,Y,363,FALSE,0.7381315366280661,FALSE
GGGRTPVMDYVVL,T,M,5,8,Y,V,PRM_0250,0.14990693455833476,T,M,250,FALSE,0.40823475510954577,FALSE
GGGRTPVIDYVVL,T,I,5,8,Y,V,PRM_0250,-0.036817327542629626,T,I,250,FALSE,0.40823475510954577,FALSE
SGRRWFRDWL,R,R,4,7,F,S,PRM_0363,0.13798101762357382,R,R,363,FALSE,0.7381315366280661,FALSE
SKV*EFLGWF,*,E,4,5,R,V,PRM_0366,0.27814611013740737,*,E,366,FALSE,0.7759614036328946,FALSE
GGGRTPVQDYVVL,T,Q,5,8,Y,V,PRM_0250,0.13194752857530367,T,Q,250,FALSE,0.40823475510954577,FALSE
SGRRWFSDWL,R,S,4,7,F,S,PRM_0363,0.7786228867256367,R,S,363,FALSE,0.7381315366280661,TRUE
SKV*DFLGWF,*,D,4,5,R,V,PRM_0366,0.2336442748928708,*,D,366,FALSE,0.7759614036328946,FALSE
SGRHWFWDWL,H,W,4,7,F,S,PRM_0363,0.2492895733318797,H,W,363,FALSE,0.7381315366280661,FALSE
GGGRTPVHDYVVL,T,H,5,8,Y,V,PRM_0250,0.11820378653962042,T,H,250,FALSE,0.40823475510954577,FALSE
SGRRWFMDWL,R,M,4,7,F,S,PRM_0363,0.06794761671306461,R,M,363,FALSE,0.7381315366280661,FALSE
SKV*AFLGWF,*,A,4,5,R,V,PRM_0366,0.15964062769723186,*,A,366,FALSE,0.7759614036328946,FALSE
SGRHWFCDWL,H,C,4,7,F,S,PRM_0363,0.1990048615410399,H,C,363,FALSE,0.7381315366280661,FALSE
SGRRWFIDWL,R,I,4,7,F,S,PRM_0363,0.19036651059156567,R,I,363,FALSE,0.7381315366280661,FALSE
GGGRTPVLDYVVL,T,L,5,8,Y,V,PRM_0250,-0.004128643833777625,T,L,250,FALSE,0.40823475510954577,FALSE
SGRRWFQDWL,R,Q,4,7,F,S,PRM_0363,0.14169525198967936,R,Q,363,FALSE,0.7381315366280661,FALSE
SKV*GFLGWF,*,G,4,5,R,V,PRM_0366,0.24930490065281816,*,G,366,FALSE,0.7759614036328946,FALSE
SGRHWFFDWL,H,F,4,7,F,S,PRM_0363,0.34141092977562054,H,F,363,FALSE,0.7381315366280661,FALSE
GGGRTPVEDYVVL,T,E,5,8,Y,V,PRM_0250,0.02815108133969272,T,E,250,FALSE,0.40823475510954577,FALSE
SGRRWFHDWL,R,H,4,7,F,S,PRM_0363,0.20363063974814585,R,H,363,FALSE,0.7381315366280661,FALSE
SGRPWFKDWL,P,K,4,7,F,S,PRM_0363,0.23761145428180008,P,K,363,FALSE,0.7381315366280661,FALSE
GGGRTPVDDYVVL,T,D,5,8,Y,V,PRM_0250,-0.008318006210014758,T,D,250,FALSE,0.40823475510954577,FALSE
SGRRWFPDWL,R,P,4,7,F,S,PRM_0363,0.17712179357784558,R,P,363,FALSE,0.7381315366280661,FALSE
SKV*VFLGWF,*,V,4,5,R,V,PRM_0366,0.2389061428406984,*,V,366,FALSE,0.7759614036328946,FALSE
SGRPWFNDWL,P,N,4,7,F,S,PRM_0363,0.2268647486387472,P,N,363,FALSE,0.7381315366280661,FALSE
GGGRTPVGDYVVL,T,G,5,8,Y,V,PRM_0250,0.05058339969261625,T,G,250,FALSE,0.40823475510954577,FALSE
SGRPWFTDWL,P,T,4,7,F,S,PRM_0363,0.6822647398395957,P,T,363,FALSE,0.7381315366280661,FALSE
SKV**FLGWF,*,*,4,5,R,V,PRM_0366,0.19882685815571963,*,*,366,FALSE,0.7759614036328946,FALSE
GGGRTPVVDYVVL,T,V,5,8,Y,V,PRM_0250,0.040637331915392386,T,V,250,FALSE,0.40823475510954577,FALSE
SKV*YFLGWF,*,Y,4,5,R,V,PRM_0366,0.22627667237016777,*,Y,366,FALSE,0.7759614036328946,FALSE
SGRPWFRDWL,P,R,4,7,F,S,PRM_0363,0.19945231670643948,P,R,363,FALSE,0.7381315366280661,FALSE
SGRRWFLDWL,R,L,4,7,F,S,PRM_0363,0.1708148218160511,R,L,363,FALSE,0.7381315366280661,FALSE
SGRPWFSDWL,P,S,4,7,F,S,PRM_0363,0.734566680580202,P,S,363,FALSE,0.7381315366280661,FALSE
GGGRTPV*DYVVL,T,*,5,8,Y,V,PRM_0250,0.054197265120101396,T,*,250,FALSE,0.40823475510954577,FALSE
SGRPWFMDWL,P,M,4,7,F,S,PRM_0363,0.29896946148954817,P,M,363,FALSE,0.7381315366280661,FALSE
GGGRTPVYDYVVL,T,Y,5,8,Y,V,PRM_0250,-0.05816781855355904,T,Y,250,FALSE,0.40823475510954577,FALSE
SGRRWFEDWL,R,E,4,7,F,S,PRM_0363,0.1656478972799906,R,E,363,FALSE,0.7381315366280661,FALSE
SKV*WFLGWF,*,W,4,5,R,V,PRM_0366,0.2583190670831715,*,W,366,FALSE,0.7759614036328946,FALSE
SGRPWFIDWL,P,I,4,7,F,S,PRM_0363,0.19988784740925422,P,I,363,FALSE,0.7381315366280661,FALSE
GGGRTPVWDYVVL,T,W,5,8,Y,V,PRM_0250,0.0036349207954462,T,W,250,FALSE,0.40823475510954577,FALSE
SGRRWFDDWL,R,D,4,7,F,S,PRM_0363,0.30190988497317006,R,D,363,FALSE,0.7381315366280661,FALSE
SKV*CFLGWF,*,C,4,5,R,V,PRM_0366,0.30438557132753397,*,C,366,FALSE,0.7759614036328946,FALSE
SGRPWFQDWL,P,Q,4,7,F,S,PRM_0363,0.24440308259370674,P,Q,363,FALSE,0.7381315366280661,FALSE
GGGRTPVCDYVVL,T,C,5,8,Y,V,PRM_0250,-0.012219959745755975,T,C,250,FALSE,0.40823475510954577,FALSE
SGRRWFADWL,R,A,4,7,F,S,PRM_0363,0.19953762511192225,R,A,363,FALSE,0.7381315366280661,FALSE
SGRPWFHDWL,P,H,4,7,F,S,PRM_0363,0.10449572801472193,P,H,363,FALSE,0.7381315366280661,FALSE
SKV*FFLGWF,*,F,4,5,R,V,PRM_0366,0.22123924058400649,*,F,366,FALSE,0.7759614036328946,FALSE
SGREWFKDWL,E,K,4,7,F,S,PRM_0363,0.20497291794691097,E,K,363,FALSE,0.7381315366280661,FALSE
SGRPWFPDWL,P,P,4,7,F,S,PRM_0363,0.250034550391012,P,P,363,FALSE,0.7381315366280661,FALSE
GGGRTPVFDYVVL,T,F,5,8,Y,V,PRM_0250,-0.09648341106767731,T,F,250,FALSE,0.40823475510954577,FALSE
SGRRWFGDWL,R,G,4,7,F,S,PRM_0363,0.24483670779146716,R,G,363,FALSE,0.7381315366280661,FALSE
SKVYKFLGWF,Y,K,4,5,R,V,PRM_0366,0.7973210311842781,Y,K,366,FALSE,0.7759614036328946,TRUE
SGREWFNDWL,E,N,4,7,F,S,PRM_0363,0.2599295436260812,E,N,363,FALSE,0.7381315366280661,FALSE
SKVYNFLGWF,Y,N,4,5,R,V,PRM_0366,0.7714067591167758,Y,N,366,FALSE,0.7759614036328946,FALSE
SGREWFTDWL,E,T,4,7,F,S,PRM_0363,0.7683741460334444,E,T,363,FALSE,0.7381315366280661,TRUE
GGGRTPVTDYVVL,T,T,5,8,Y,V,PRM_0250,0.10744596416412316,T,T,250,FALSE,0.40823475510954577,FALSE
SGRRWFVDWL,R,V,4,7,F,S,PRM_0363,0.20330573670317426,R,V,363,FALSE,0.7381315366280661,FALSE
SKVFKFLGWF,F,K,4,5,R,V,PRM_0366,0.7567109155194603,F,K,366,FALSE,0.7759614036328946,FALSE
SKVYTFLGWF,Y,T,4,5,R,V,PRM_0366,0.8570064098059316,Y,T,366,FALSE,0.7759614036328946,TRUE
SKVFNFLGWF,F,N,4,5,R,V,PRM_0366,0.7512787339031823,F,N,366,FALSE,0.7759614036328946,FALSE
SGREWFRDWL,E,R,4,7,F,S,PRM_0363,0.17917745238593938,E,R,363,FALSE,0.7381315366280661,FALSE
SGRPWFLDWL,P,L,4,7,F,S,PRM_0363,0.19096713779596705,P,L,363,FALSE,0.7381315366280661,FALSE
SGRRWF*DWL,R,*,4,7,F,S,PRM_0363,0.02888479394334625,R,*,363,FALSE,0.7381315366280661,FALSE
SKVFTFLGWF,F,T,4,5,R,V,PRM_0366,0.817947283409632,F,T,366,FALSE,0.7759614036328946,TRUE
SKVYRFLGWF,Y,R,4,5,R,V,PRM_0366,0.8065254030507811,Y,R,366,FALSE,0.7759614036328946,TRUE
SGREWFSDWL,E,S,4,7,F,S,PRM_0363,0.8403809466734554,E,S,363,FALSE,0.7381315366280661,TRUE
SGRRWFYDWL,R,Y,4,7,F,S,PRM_0363,0.19621145070563417,R,Y,363,FALSE,0.7381315366280661,FALSE
SKVYSFLGWF,Y,S,4,5,R,V,PRM_0366,0.764429862242537,Y,S,366,FALSE,0.7759614036328946,FALSE
SGREWFMDWL,E,M,4,7,F,S,PRM_0363,0.32290413193090245,E,M,363,FALSE,0.7381315366280661,FALSE
SGRPWFEDWL,P,E,4,7,F,S,PRM_0363,0.31363545066885024,P,E,363,FALSE,0.7381315366280661,FALSE
SKVFRFLGWF,F,R,4,5,R,V,PRM_0366,0.7419483604016875,F,R,366,FALSE,0.7759614036328946,FALSE
SKVYMFLGWF,Y,M,4,5,R,V,PRM_0366,0.7573627241227006,Y,M,366,FALSE,0.7759614036328946,FALSE
SGREWFIDWL,E,I,4,7,F,S,PRM_0363,0.1975156783194428,E,I,363,FALSE,0.7381315366280661,FALSE
SGRPWFDDWL,P,D,4,7,F,S,PRM_0363,0.30074854361695047,P,D,363,FALSE,0.7381315366280661,FALSE
SKVFSFLGWF,F,S,4,5,R,V,PRM_0366,0.7427593365292336,F,S,366,FALSE,0.7759614036328946,FALSE
SKVYIFLGWF,Y,I,4,5,R,V,PRM_0366,0.6609150481995738,Y,I,366,FALSE,0.7759614036328946,FALSE
SGREWFQDWL,E,Q,4,7,F,S,PRM_0363,0.11028730737220174,E,Q,363,FALSE,0.7381315366280661,FALSE
SGRPWFADWL,P,A,4,7,F,S,PRM_0363,0.22862827645267153,P,A,363,FALSE,0.7381315366280661,FALSE
SGRRWFWDWL,R,W,4,7,F,S,PRM_0363,0.2500681307886254,R,W,363,FALSE,0.7381315366280661,FALSE
SKVFMFLGWF,F,M,4,5,R,V,PRM_0366,0.6771021409813546,F,M,366,FALSE,0.7759614036328946,FALSE
SKVYQFLGWF,Y,Q,4,5,R,V,PRM_0366,0.8834364174025556,Y,Q,366,FALSE,0.7759614036328946,TRUE
SGREWFHDWL,E,H,4,7,F,S,PRM_0363,0.21514547835589723,E,H,363,FALSE,0.7381315366280661,FALSE
SGRRWFCDWL,R,C,4,7,F,S,PRM_0363,0.19498025688934328,R,C,363,FALSE,0.7381315366280661,FALSE
SKVFIFLGWF,F,I,4,5,R,V,PRM_0366,0.6439568454485455,F,I,366,FALSE,0.7759614036328946,FALSE
SKVYHFLGWF,Y,H,4,5,R,V,PRM_0366,0.7861291182300455,Y,H,366,FALSE,0.7759614036328946,TRUE
SGREWFPDWL,E,P,4,7,F,S,PRM_0363,0.22667252310787356,E,P,363,FALSE,0.7381315366280661,FALSE
SGRPWFGDWL,P,G,4,7,F,S,PRM_0363,0.2755994715913219,P,G,363,FALSE,0.7381315366280661,FALSE
SKVFQFLGWF,F,Q,4,5,R,V,PRM_0366,0.7843028839969923,F,Q,366,FALSE,0.7759614036328946,TRUE
SKVYPFLGWF,Y,P,4,5,R,V,PRM_0366,0.2933514100834304,Y,P,366,FALSE,0.7759614036328946,FALSE
SGRRWFFDWL,R,F,4,7,F,S,PRM_0363,0.35258672756717163,R,F,363,FALSE,0.7381315366280661,FALSE
SKVFHFLGWF,F,H,4,5,R,V,PRM_0366,0.749447721421265,F,H,366,FALSE,0.7759614036328946,FALSE
SGRPWFVDWL,P,V,4,7,F,S,PRM_0363,0.21621095467146878,P,V,363,FALSE,0.7381315366280661,FALSE
SKVFPFLGWF,F,P,4,5,R,V,PRM_0366,0.2813387254735993,F,P,366,FALSE,0.7759614036328946,FALSE
SKVYLFLGWF,Y,L,4,5,R,V,PRM_0366,0.6764782545877456,Y,L,366,FALSE,0.7759614036328946,FALSE
SGREWFLDWL,E,L,4,7,F,S,PRM_0363,0.17701791736099853,E,L,363,FALSE,0.7381315366280661,FALSE
SGRPWF*DWL,P,*,4,7,F,S,PRM_0363,0.13692627534439075,P,*,363,FALSE,0.7381315366280661,FALSE
SGRPWFYDWL,P,Y,4,7,F,S,PRM_0363,0.16003843077743404,P,Y,363,FALSE,0.7381315366280661,FALSE
SKVYEFLGWF,Y,E,4,5,R,V,PRM_0366,0.8693462954315623,Y,E,366,FALSE,0.7759614036328946,TRUE
SGREWFEDWL,E,E,4,7,F,S,PRM_0363,0.3304294097188861,E,E,363,FALSE,0.7381315366280661,FALSE
SKVFLFLGWF,F,L,4,5,R,V,PRM_0366,0.6119350254583379,F,L,366,FALSE,0.7759614036328946,FALSE
SKVYDFLGWF,Y,D,4,5,R,V,PRM_0366,0.7202378607535057,Y,D,366,FALSE,0.7759614036328946,FALSE
SGREWFDDWL,E,D,4,7,F,S,PRM_0363,0.488135600864136,E,D,363,FALSE,0.7381315366280661,FALSE
SKVYAFLGWF,Y,A,4,5,R,V,PRM_0366,0.7223221789231867,Y,A,366,FALSE,0.7759614036328946,FALSE
SGREWFADWL,E,A,4,7,F,S,PRM_0363,0.31018657244786263,E,A,363,FALSE,0.7381315366280661,FALSE
SGRPWFWDWL,P,W,4,7,F,S,PRM_0363,0.15133097627418757,P,W,363,FALSE,0.7381315366280661,FALSE
SKVFEFLGWF,F,E,4,5,R,V,PRM_0366,0.8133724748246691,F,E,366,FALSE,0.7759614036328946,TRUE
SGRPWFCDWL,P,C,4,7,F,S,PRM_0363,0.20158846294772648,P,C,363,FALSE,0.7381315366280661,FALSE
SKVFDFLGWF,F,D,4,5,R,V,PRM_0366,0.7083159485254702,F,D,366,FALSE,0.7759614036328946,FALSE
SKVYGFLGWF,Y,G,4,5,R,V,PRM_0366,0.605040763086103,Y,G,366,FALSE,0.7759614036328946,FALSE
SGREWFGDWL,E,G,4,7,F,S,PRM_0363,0.33748255179059566,E,G,363,FALSE,0.7381315366280661,FALSE
SKVFAFLGWF,F,A,4,5,R,V,PRM_0366,0.7015265820439109,F,A,366,FALSE,0.7759614036328946,FALSE
SGRPWFFDWL,P,F,4,7,F,S,PRM_0363,0.26339420819229425,P,F,363,FALSE,0.7381315366280661,FALSE
SKVYVFLGWF,Y,V,4,5,R,V,PRM_0366,0.7367326398951923,Y,V,366,FALSE,0.7759614036328946,FALSE
SGREWFVDWL,E,V,4,7,F,S,PRM_0363,0.1951167493752671,E,V,363,FALSE,0.7381315366280661,FALSE
SKVFGFLGWF,F,G,4,5,R,V,PRM_0366,0.5619919944446741,F,G,366,FALSE,0.7759614036328946,FALSE
SKVY*FLGWF,Y,*,4,5,R,V,PRM_0366,0.08454025065651186,Y,*,366,FALSE,0.7759614036328946,FALSE
SGREWF*DWL,E,*,4,7,F,S,PRM_0363,0.01080563226765529,E,*,363,FALSE,0.7381315366280661,FALSE
SKVFVFLGWF,F,V,4,5,R,V,PRM_0366,0.7087516193751773,F,V,366,FALSE,0.7759614036328946,FALSE
SKVYYFLGWF,Y,Y,4,5,R,V,PRM_0366,0.6572166137873134,Y,Y,366,FALSE,0.7759614036328946,FALSE
SGREWFYDWL,E,Y,4,7,F,S,PRM_0363,0.2733943291189059,E,Y,363,FALSE,0.7381315366280661,FALSE
SKVF*FLGWF,F,*,4,5,R,V,PRM_0366,0.1970489445252689,F,*,366,FALSE,0.7759614036328946,FALSE
SKVFYFLGWF,F,Y,4,5,R,V,PRM_0366,0.6323779642666001,F,Y,366,FALSE,0.7759614036328946,FALSE
SKVYWFLGWF,Y,W,4,5,R,V,PRM_0366,0.5800253797223764,Y,W,366,FALSE,0.7759614036328946,FALSE
SGREWFWDWL,E,W,4,7,F,S,PRM_0363,0.31176486322101077,E,W,363,FALSE,0.7381315366280661,FALSE
SKVYCFLGWF,Y,C,4,5,R,V,PRM_0366,0.7322786178458685,Y,C,366,FALSE,0.7759614036328946,FALSE
SGREWFCDWL,E,C,4,7,F,S,PRM_0363,0.32369656674685127,E,C,363,FALSE,0.7381315366280661,FALSE
SKVFWFLGWF,F,W,4,5,R,V,PRM_0366,0.4189879368159281,F,W,366,FALSE,0.7759614036328946,FALSE
SKVYFFLGWF,Y,F,4,5,R,V,PRM_0366,0.6309869877061268,Y,F,366,FALSE,0.7759614036328946,FALSE
SGREWFFDWL,E,F,4,7,F,S,PRM_0363,0.3144098079578931,E,F,363,FALSE,0.7381315366280661,FALSE
GGGRRPVPDYVVL,R,P,5,8,Y,V,PRM_0250,0.3061321704839145,R,P,250,FALSE,0.40823475510954577,FALSE
SKVFCFLGWF,F,C,4,5,R,V,PRM_0366,0.7375759970957062,F,C,366,FALSE,0.7759614036328946,FALSE
SGRDWFKDWL,D,K,4,7,F,S,PRM_0363,0.1859822981074401,D,K,363,FALSE,0.7381315366280661,FALSE
SGRDWFNDWL,D,N,4,7,F,S,PRM_0363,0.2731442863906701,D,N,363,FALSE,0.7381315366280661,FALSE
SKVFFFLGWF,F,F,4,5,R,V,PRM_0366,0.5623888280727953,F,F,366,FALSE,0.7759614036328946,FALSE
SGRDWFTDWL,D,T,4,7,F,S,PRM_0363,0.6717655866439456,D,T,363,FALSE,0.7381315366280661,FALSE
GGGRMPVPDYVVL,M,P,5,8,Y,V,PRM_0250,0.15292887396067914,M,P,250,FALSE,0.40823475510954577,FALSE
GGGRMPVRDYVVL,M,R,5,8,Y,V,PRM_0250,-0.04849548862189957,M,R,250,FALSE,0.40823475510954577,FALSE
SGRDWFRDWL,D,R,4,7,F,S,PRM_0363,0.15475230399805975,D,R,363,FALSE,0.7381315366280661,FALSE
SGRDWFSDWL,D,S,4,7,F,S,PRM_0363,0.764903794811102,D,S,363,FALSE,0.7381315366280661,TRUE
GGGRMPVLDYVVL,M,L,5,8,Y,V,PRM_0250,-0.1078665773592432,M,L,250,FALSE,0.40823475510954577,FALSE
SGRDWFMDWL,D,M,4,7,F,S,PRM_0363,0.19503709969922076,D,M,363,FALSE,0.7381315366280661,FALSE
SGRDWFIDWL,D,I,4,7,F,S,PRM_0363,0.23342379729822765,D,I,363,FALSE,0.7381315366280661,FALSE
GGGRMPVEDYVVL,M,E,5,8,Y,V,PRM_0250,0.03127222648644754,M,E,250,FALSE,0.40823475510954577,FALSE
SGRDWFQDWL,D,Q,4,7,F,S,PRM_0363,0.14779328134841402,D,Q,363,FALSE,0.7381315366280661,FALSE
GGGRMPVDDYVVL,M,D,5,8,Y,V,PRM_0250,0.1294975989822565,M,D,250,FALSE,0.40823475510954577,FALSE
SGRDWFHDWL,D,H,4,7,F,S,PRM_0363,0.26821918783383797,D,H,363,FALSE,0.7381315366280661,FALSE
GGGRMPVADYVVL,M,A,5,8,Y,V,PRM_0250,0.08164551622714605,M,A,250,FALSE,0.40823475510954577,FALSE
SGRDWFPDWL,D,P,4,7,F,S,PRM_0363,0.17895630243418334,D,P,363,FALSE,0.7381315366280661,FALSE
GGGRMPVGDYVVL,M,G,5,8,Y,V,PRM_0250,-0.2361350905298652,M,G,250,FALSE,0.40823475510954577,FALSE
GGGRMPVVDYVVL,M,V,5,8,Y,V,PRM_0250,0.07629623462759186,M,V,250,FALSE,0.40823475510954577,FALSE
SGRDWFLDWL,D,L,4,7,F,S,PRM_0363,0.1952579468389354,D,L,363,FALSE,0.7381315366280661,FALSE
GGGRMPV*DYVVL,M,*,5,8,Y,V,PRM_0250,-0.01076563747375054,M,*,250,FALSE,0.40823475510954577,FALSE
SGRDWFEDWL,D,E,4,7,F,S,PRM_0363,0.25511117550630014,D,E,363,FALSE,0.7381315366280661,FALSE
GGGRMPVYDYVVL,M,Y,5,8,Y,V,PRM_0250,-0.16214961378103043,M,Y,250,FALSE,0.40823475510954577,FALSE
SGRDWFDDWL,D,D,4,7,F,S,PRM_0363,0.4377207135945472,D,D,363,FALSE,0.7381315366280661,FALSE
GGGRMPVSDYVVL,M,S,5,8,Y,V,PRM_0250,-0.08701795664492362,M,S,250,FALSE,0.40823475510954577,FALSE
SGRDWFADWL,D,A,4,7,F,S,PRM_0363,0.2961049880601432,D,A,363,FALSE,0.7381315366280661,FALSE
GGGRMPVWDYVVL,M,W,5,8,Y,V,PRM_0250,-0.04147634776657585,M,W,250,FALSE,0.40823475510954577,FALSE
SGRDWFGDWL,D,G,4,7,F,S,PRM_0363,0.2382479557420647,D,G,363,FALSE,0.7381315366280661,FALSE
GGGRMPVCDYVVL,M,C,5,8,Y,V,PRM_0250,0.1058739682479739,M,C,250,FALSE,0.40823475510954577,FALSE
SGRDWFVDWL,D,V,4,7,F,S,PRM_0363,0.12345658418610014,D,V,363,FALSE,0.7381315366280661,FALSE
GGGRMPVFDYVVL,M,F,5,8,Y,V,PRM_0250,-0.1921723197441524,M,F,250,FALSE,0.40823475510954577,FALSE
GGGRIPVKDYVVL,I,K,5,8,Y,V,PRM_0250,-0.07038897377727475,I,K,250,FALSE,0.40823475510954577,FALSE
SGRDWF*DWL,D,*,4,7,F,S,PRM_0363,0.00261302996449586,D,*,363,FALSE,0.7381315366280661,FALSE
GGGRIPVNDYVVL,I,N,5,8,Y,V,PRM_0250,-0.07515647867654761,I,N,250,FALSE,0.40823475510954577,FALSE
SGRDWFYDWL,D,Y,4,7,F,S,PRM_0363,0.22296330871473963,D,Y,363,FALSE,0.7381315366280661,FALSE
GGGRIPVTDYVVL,I,T,5,8,Y,V,PRM_0250,0.05226003817763816,I,T,250,FALSE,0.40823475510954577,FALSE
GGGRIPVRDYVVL,I,R,5,8,Y,V,PRM_0250,-0.04717327180755551,I,R,250,FALSE,0.40823475510954577,FALSE
SGRDWFWDWL,D,W,4,7,F,S,PRM_0363,0.3202733918104933,D,W,363,FALSE,0.7381315366280661,FALSE
GGGRIPVSDYVVL,I,S,5,8,Y,V,PRM_0250,0.04709899599874474,I,S,250,FALSE,0.40823475510954577,FALSE
SGRDWFCDWL,D,C,4,7,F,S,PRM_0363,0.20276156366823897,D,C,363,FALSE,0.7381315366280661,FALSE
GGGRIPVMDYVVL,I,M,5,8,Y,V,PRM_0250,-0.04086311410488601,I,M,250,FALSE,0.40823475510954577,FALSE
GGGRIPVIDYVVL,I,I,5,8,Y,V,PRM_0250,-0.03526137585179806,I,I,250,FALSE,0.40823475510954577,FALSE
SGRDWFFDWL,D,F,4,7,F,S,PRM_0363,0.3859876685976613,D,F,363,FALSE,0.7381315366280661,FALSE
GGGRIPVQDYVVL,I,Q,5,8,Y,V,PRM_0250,-0.02069396042585754,I,Q,250,FALSE,0.40823475510954577,FALSE
SGRAWFKDWL,A,K,4,7,F,S,PRM_0363,0.1399737615832418,A,K,363,FALSE,0.7381315366280661,FALSE
GGGRIPVHDYVVL,I,H,5,8,Y,V,PRM_0250,-0.07298441549363918,I,H,250,FALSE,0.40823475510954577,FALSE
SGRAWFNDWL,A,N,4,7,F,S,PRM_0363,0.27578387089885625,A,N,363,FALSE,0.7381315366280661,FALSE
GGGRIPVPDYVVL,I,P,5,8,Y,V,PRM_0250,0.3665863551891716,I,P,250,FALSE,0.40823475510954577,FALSE
SGRAWFTDWL,A,T,4,7,F,S,PRM_0363,0.7609920600027569,A,T,363,FALSE,0.7381315366280661,TRUE
SGRAWFRDWL,A,R,4,7,F,S,PRM_0363,0.18764353374041937,A,R,363,FALSE,0.7381315366280661,FALSE
SGRAWFSDWL,A,S,4,7,F,S,PRM_0363,0.8147368002251629,A,S,363,FALSE,0.7381315366280661,TRUE
GGGRIPVLDYVVL,I,L,5,8,Y,V,PRM_0250,-0.09538662039497192,I,L,250,FALSE,0.40823475510954577,FALSE
SGRAWFMDWL,A,M,4,7,F,S,PRM_0363,0.20610467583756947,A,M,363,FALSE,0.7381315366280661,FALSE
SGRAWFIDWL,A,I,4,7,F,S,PRM_0363,0.23585006437043987,A,I,363,FALSE,0.7381315366280661,FALSE
GGGRIPVEDYVVL,I,E,5,8,Y,V,PRM_0250,0.03567511698966787,I,E,250,FALSE,0.40823475510954577,FALSE
SGRAWFQDWL,A,Q,4,7,F,S,PRM_0363,0.20667021524631612,A,Q,363,FALSE,0.7381315366280661,FALSE
GGGRIPVDDYVVL,I,D,5,8,Y,V,PRM_0250,-0.13421354674641178,I,D,250,FALSE,0.40823475510954577,FALSE
SGRAWFHDWL,A,H,4,7,F,S,PRM_0363,0.2083601198591748,A,H,363,FALSE,0.7381315366280661,FALSE
GGGRIPVADYVVL,I,A,5,8,Y,V,PRM_0250,0.09659656306460893,I,A,250,FALSE,0.40823475510954577,FALSE
SGRAWFPDWL,A,P,4,7,F,S,PRM_0363,0.08606260028659818,A,P,363,FALSE,0.7381315366280661,FALSE
GGGRIPVGDYVVL,I,G,5,8,Y,V,PRM_0250,-0.20713374265900986,I,G,250,FALSE,0.40823475510954577,FALSE
GGGRIPVVDYVVL,I,V,5,8,Y,V,PRM_0250,0.1754690068114714,I,V,250,FALSE,0.40823475510954577,FALSE
SGRAWFLDWL,A,L,4,7,F,S,PRM_0363,0.20313562081878717,A,L,363,FALSE,0.7381315366280661,FALSE
GGGRIPV*DYVVL,I,*,5,8,Y,V,PRM_0250,-0.2418804231505586,I,*,250,FALSE,0.40823475510954577,FALSE
SGRAWFEDWL,A,E,4,7,F,S,PRM_0363,0.3086481300942142,A,E,363,FALSE,0.7381315366280661,FALSE
GGGRIPVYDYVVL,I,Y,5,8,Y,V,PRM_0250,-0.03609573018478754,I,Y,250,FALSE,0.40823475510954577,FALSE
SGRAWFDDWL,A,D,4,7,F,S,PRM_0363,0.433936964847516,A,D,363,FALSE,0.7381315366280661,FALSE
SGRAWFADWL,A,A,4,7,F,S,PRM_0363,0.2673967847423283,A,A,363,FALSE,0.7381315366280661,FALSE
GGGRIPVWDYVVL,I,W,5,8,Y,V,PRM_0250,-0.04805589199071588,I,W,250,FALSE,0.40823475510954577,FALSE
SGRAWFGDWL,A,G,4,7,F,S,PRM_0363,0.27771426462746407,A,G,363,FALSE,0.7381315366280661,FALSE
GGGRMPVKDYVVL,M,K,5,8,Y,V,PRM_0250,-0.05621972797119769,M,K,250,FALSE,0.40823475510954577,FALSE
GGGRIPVCDYVVL,I,C,5,8,Y,V,PRM_0250,0.05377936197304265,I,C,250,FALSE,0.40823475510954577,FALSE
GGGRMPVNDYVVL,M,N,5,8,Y,V,PRM_0250,-0.18853394491891448,M,N,250,FALSE,0.40823475510954577,FALSE
SGRAWFVDWL,A,V,4,7,F,S,PRM_0363,0.21036177191473893,A,V,363,FALSE,0.7381315366280661,FALSE
GGGRMPVTDYVVL,M,T,5,8,Y,V,PRM_0250,-0.01428116407672134,M,T,250,FALSE,0.40823475510954577,FALSE
GGGRIPVFDYVVL,I,F,5,8,Y,V,PRM_0250,-0.33365003581062447,I,F,250,FALSE,0.40823475510954577,FALSE
GGGRQPVKDYVVL,Q,K,5,8,Y,V,PRM_0250,0.06800470060214163,Q,K,250,FALSE,0.40823475510954577,FALSE
SGRAWF*DWL,A,*,4,7,F,S,PRM_0363,0.16319587659995896,A,*,363,FALSE,0.7381315366280661,FALSE
GGGRQPVWDYVVL,Q,W,5,8,Y,V,PRM_0250,0.11253772441993765,Q,W,250,FALSE,0.40823475510954577,FALSE
GGGRQPVNDYVVL,Q,N,5,8,Y,V,PRM_0250,0.16835188045643965,Q,N,250,FALSE,0.40823475510954577,FALSE
SKVWKFLGWF,W,K,4,5,R,V,PRM_0366,0.8230700265584383,W,K,366,FALSE,0.7759614036328946,TRUE
SGRAWFYDWL,A,Y,4,7,F,S,PRM_0363,0.17795634522983023,A,Y,363,FALSE,0.7381315366280661,FALSE
GGGRQPVCDYVVL,Q,C,5,8,Y,V,PRM_0250,-0.02142433743558757,Q,C,250,FALSE,0.40823475510954577,FALSE
GGGRQPVTDYVVL,Q,T,5,8,Y,V,PRM_0250,0.12748621021726042,Q,T,250,FALSE,0.40823475510954577,FALSE
SKVWNFLGWF,W,N,4,5,R,V,PRM_0366,0.7508401611112295,W,N,366,FALSE,0.7759614036328946,FALSE
GGGRMPVMDYVVL,M,M,5,8,Y,V,PRM_0250,-0.08187030980602214,M,M,250,FALSE,0.40823475510954577,FALSE
GGGRQPVLDYVVL,Q,L,5,8,Y,V,PRM_0250,0.027297559296840124,Q,L,250,FALSE,0.40823475510954577,FALSE
SKVWTFLGWF,W,T,4,5,R,V,PRM_0366,0.8724337105219577,W,T,366,FALSE,0.7759614036328946,TRUE
GGGRMPVIDYVVL,M,I,5,8,Y,V,PRM_0250,0.13534765690777653,M,I,250,FALSE,0.40823475510954577,FALSE
GGGRQPVFDYVVL,Q,F,5,8,Y,V,PRM_0250,-0.07997279986166665,Q,F,250,FALSE,0.40823475510954577,FALSE
GGGRQPVRDYVVL,Q,R,5,8,Y,V,PRM_0250,0.04166485808707208,Q,R,250,FALSE,0.40823475510954577,FALSE
SGRAWFWDWL,A,W,4,7,F,S,PRM_0363,0.30703375358027574,A,W,363,FALSE,0.7381315366280661,FALSE
GGGRMPVQDYVVL,M,Q,5,8,Y,V,PRM_0250,0.07394848592631163,M,Q,250,FALSE,0.40823475510954577,FALSE
GGGRHPVKDYVVL,H,K,5,8,Y,V,PRM_0250,0.11253772441993788,H,K,250,FALSE,0.40823475510954577,FALSE
GGGRQPVSDYVVL,Q,S,5,8,Y,V,PRM_0250,0.0865973434498035,Q,S,250,FALSE,0.40823475510954577,FALSE
SKVWRFLGWF,W,R,4,5,R,V,PRM_0366,0.7725508981418685,W,R,366,FALSE,0.7759614036328946,FALSE
SGRAWFCDWL,A,C,4,7,F,S,PRM_0363,0.30671260721168037,A,C,363,FALSE,0.7381315366280661,FALSE
GGGRMPVHDYVVL,M,H,5,8,Y,V,PRM_0250,0.00348417970838787,M,H,250,FALSE,0.40823475510954577,FALSE
GGGRHPVNDYVVL,H,N,5,8,Y,V,PRM_0250,0.11253772441993788,H,N,250,FALSE,0.40823475510954577,FALSE
GGGRQPVMDYVVL,Q,M,5,8,Y,V,PRM_0250,-0.03620791870754614,Q,M,250,FALSE,0.40823475510954577,FALSE
SKVWSFLGWF,W,S,4,5,R,V,PRM_0366,0.7703123126684531,W,S,366,FALSE,0.7759614036328946,FALSE
GGGRHPVTDYVVL,H,T,5,8,Y,V,PRM_0250,0.1866183253532725,H,T,250,FALSE,0.40823475510954577,FALSE
GGGRQPVIDYVVL,Q,I,5,8,Y,V,PRM_0250,0.05295971819344284,Q,I,250,FALSE,0.40823475510954577,FALSE
SKVWMFLGWF,W,M,4,5,R,V,PRM_0366,0.7344726462241837,W,M,366,FALSE,0.7759614036328946,FALSE
SGRAWFFDWL,A,F,4,7,F,S,PRM_0363,0.31685514966320666,A,F,363,FALSE,0.7381315366280661,FALSE
SGRGWFEDWL,G,E,4,7,F,S,PRM_0363,0.17335471742014816,G,E,363,FALSE,0.7381315366280661,FALSE
SGRGWFWDWL,G,W,4,7,F,S,PRM_0363,0.22651541769735392,G,W,363,FALSE,0.7381315366280661,FALSE
GGGRHPVRDYVVL,H,R,5,8,Y,V,PRM_0250,0.09828212988234827,H,R,250,FALSE,0.40823475510954577,FALSE
SKVWIFLGWF,W,I,4,5,R,V,PRM_0366,0.6903148609914023,W,I,366,FALSE,0.7759614036328946,FALSE
SGRGWFDDWL,G,D,4,7,F,S,PRM_0363,0.30080897727904793,G,D,363,FALSE,0.7381315366280661,FALSE
SGRGWFCDWL,G,C,4,7,F,S,PRM_0363,0.23579145924143555,G,C,363,FALSE,0.7381315366280661,FALSE
GGGRHPVSDYVVL,H,S,5,8,Y,V,PRM_0250,0.13108218089745116,H,S,250,FALSE,0.40823475510954577,FALSE
SKVWQFLGWF,W,Q,4,5,R,V,PRM_0366,0.8456275375573082,W,Q,366,FALSE,0.7759614036328946,TRUE
SGRGWFADWL,G,A,4,7,F,S,PRM_0363,0.18562041241075117,G,A,363,FALSE,0.7381315366280661,FALSE
SGRGWFLDWL,G,L,4,7,F,S,PRM_0363,0.213886561770398,G,L,363,FALSE,0.7381315366280661,FALSE
GGGRHPVMDYVVL,H,M,5,8,Y,V,PRM_0250,0.06536698096457505,H,M,250,FALSE,0.40823475510954577,FALSE
GGGRQPVEDYVVL,Q,E,5,8,Y,V,PRM_0250,0.0436475794062004,Q,E,250,FALSE,0.40823475510954577,FALSE
SKVWHFLGWF,W,H,4,5,R,V,PRM_0366,0.8117335578864154,W,H,366,FALSE,0.7759614036328946,TRUE
SGRGWFFDWL,G,F,4,7,F,S,PRM_0363,0.3231489758239834,G,F,363,FALSE,0.7381315366280661,FALSE
GGGRHPVIDYVVL,H,I,5,8,Y,V,PRM_0250,-0.04721203537384526,H,I,250,FALSE,0.40823475510954577,FALSE
GGGRQPVDDYVVL,Q,D,5,8,Y,V,PRM_0250,0.10130030037353654,Q,D,250,FALSE,0.40823475510954577,FALSE
SKVWPFLGWF,W,P,4,5,R,V,PRM_0366,0.3224706899926959,W,P,366,FALSE,0.7759614036328946,FALSE
SGRGWFGDWL,G,G,4,7,F,S,PRM_0363,0.24925545597501997,G,G,363,FALSE,0.7381315366280661,FALSE
SGRGWFKDWL,G,K,4,7,F,S,PRM_0363,0.1129493703617967,G,K,363,FALSE,0.7381315366280661,FALSE
GGGRHPVHDYVVL,H,H,5,8,Y,V,PRM_0250,0.09338086522525368,H,H,250,FALSE,0.40823475510954577,FALSE
GGGRQPVADYVVL,Q,A,5,8,Y,V,PRM_0250,0.28612036122026274,Q,A,250,FALSE,0.40823475510954577,FALSE
SGRGWFNDWL,G,N,4,7,F,S,PRM_0363,0.1927777047076224,G,N,363,FALSE,0.7381315366280661,FALSE
GGGRQPVGDYVVL,Q,G,5,8,Y,V,PRM_0250,0.01823717259563313,Q,G,250,FALSE,0.40823475510954577,FALSE
SGRGWFVDWL,G,V,4,7,F,S,PRM_0363,0.1991729357573177,G,V,363,FALSE,0.7381315366280661,FALSE
SGRGWFTDWL,G,T,4,7,F,S,PRM_0363,0.7040713003212855,G,T,363,FALSE,0.7381315366280661,FALSE
GGGRHPVLDYVVL,H,L,5,8,Y,V,PRM_0250,0.0578144485557838,H,L,250,FALSE,0.40823475510954577,FALSE
GGGRQPVVDYVVL,Q,V,5,8,Y,V,PRM_0250,0.029903008327912227,Q,V,250,FALSE,0.40823475510954577,FALSE
SKVWLFLGWF,W,L,4,5,R,V,PRM_0366,0.6778194201546657,W,L,366,FALSE,0.7759614036328946,FALSE
SGRGWF*DWL,G,*,4,7,F,S,PRM_0363,0.15323022176911566,G,*,363,FALSE,0.7381315366280661,FALSE
SGRGWFRDWL,G,R,4,7,F,S,PRM_0363,0.13718445158311787,G,R,363,FALSE,0.7381315366280661,FALSE
GGGRHPVEDYVVL,H,E,5,8,Y,V,PRM_0250,0.04139716235846442,H,E,250,FALSE,0.40823475510954577,FALSE
SGRGWFYDWL,G,Y,4,7,F,S,PRM_0363,0.14716579731151935,G,Y,363,FALSE,0.7381315366280661,FALSE
SGRGWFSDWL,G,S,4,7,F,S,PRM_0363,0.7771750330860552,G,S,363,FALSE,0.7381315366280661,TRUE
GGGRHPVDDYVVL,H,D,5,8,Y,V,PRM_0250,-0.04027343778726106,H,D,250,FALSE,0.40823475510954577,FALSE
GGGRQPV*DYVVL,Q,*,5,8,Y,V,PRM_0250,0.07875216748514423,Q,*,250,FALSE,0.40823475510954577,FALSE
SKVWEFLGWF,W,E,4,5,R,V,PRM_0366,0.8534113308412973,W,E,366,FALSE,0.7759614036328946,TRUE
SGRGWFMDWL,G,M,4,7,F,S,PRM_0363,0.18989156005446345,G,M,363,FALSE,0.7381315366280661,FALSE
GGGRHPVGDYVVL,H,G,5,8,Y,V,PRM_0250,0.0639354615929815,H,G,250,FALSE,0.40823475510954577,FALSE
GGGRQPVYDYVVL,Q,Y,5,8,Y,V,PRM_0250,0.03082526049186167,Q,Y,250,FALSE,0.40823475510954577,FALSE
SKVWDFLGWF,W,D,4,5,R,V,PRM_0366,0.692751759415342,W,D,366,FALSE,0.7759614036328946,FALSE
SGRGWFIDWL,G,I,4,7,F,S,PRM_0363,0.24904129235037753,G,I,363,FALSE,0.7381315366280661,FALSE
SKVWAFLGWF,W,A,4,5,R,V,PRM_0366,0.7135204674802365,W,A,366,FALSE,0.7759614036328946,FALSE
SGRGWFQDWL,G,Q,4,7,F,S,PRM_0363,0.2060697768696352,G,Q,363,FALSE,0.7381315366280661,FALSE
GGGRHPVVDYVVL,H,V,5,8,Y,V,PRM_0250,0.07894644806043055,H,V,250,FALSE,0.40823475510954577,FALSE
SGRGWFHDWL,G,H,4,7,F,S,PRM_0363,0.20745724693121406,G,H,363,FALSE,0.7381315366280661,FALSE
SKVCQFLGWF,C,Q,4,5,R,V,PRM_0366,0.8181688478089727,C,Q,366,FALSE,0.7759614036328946,TRUE
SKVWGFLGWF,W,G,4,5,R,V,PRM_0366,0.5684745236622126,W,G,366,FALSE,0.7759614036328946,FALSE
SGRGWFPDWL,G,P,4,7,F,S,PRM_0363,0.09539767531805907,G,P,363,FALSE,0.7381315366280661,FALSE
GGGRHPV*DYVVL,H,*,5,8,Y,V,PRM_0250,0.01702539025292857,H,*,250,FALSE,0.40823475510954577,FALSE
SKVCHFLGWF,C,H,4,5,R,V,PRM_0366,0.8352769678268213,C,H,366,FALSE,0.7759614036328946,TRUE
GGGRHPVYDYVVL,H,Y,5,8,Y,V,PRM_0250,-0.01672623156872564,H,Y,250,FALSE,0.40823475510954577,FALSE
SKVCPFLGWF,C,P,4,5,R,V,PRM_0366,0.2772300804953989,C,P,366,FALSE,0.7759614036328946,FALSE
SKVWVFLGWF,W,V,4,5,R,V,PRM_0366,0.7783606198008713,W,V,366,FALSE,0.7759614036328946,TRUE
SKVCRFLGWF,C,R,4,5,R,V,PRM_0366,0.8173498372339943,C,R,366,FALSE,0.7759614036328946,TRUE
SKVW*FLGWF,W,*,4,5,R,V,PRM_0366,0.26392444150891686,W,*,366,FALSE,0.7759614036328946,FALSE
GGGRHPVWDYVVL,H,W,5,8,Y,V,PRM_0250,0.07059520895626788,H,W,250,FALSE,0.40823475510954577,FALSE
SKVWYFLGWF,W,Y,4,5,R,V,PRM_0366,0.6656317488944626,W,Y,366,FALSE,0.7759614036328946,FALSE
GGGRHPVCDYVVL,H,C,5,8,Y,V,PRM_0250,-0.04040329243540089,H,C,250,FALSE,0.40823475510954577,FALSE
GGGRPPVSDYVVL,P,S,5,8,Y,V,PRM_0250,0.13192080876509577,P,S,250,FALSE,0.40823475510954577,FALSE
GGGRHPVFDYVVL,H,F,5,8,Y,V,PRM_0250,-0.10975325911862326,H,F,250,FALSE,0.40823475510954577,FALSE
SKVCEFLGWF,C,E,4,5,R,V,PRM_0366,0.8852493286653516,C,E,366,FALSE,0.7759614036328946,TRUE
SKVWWFLGWF,W,W,4,5,R,V,PRM_0366,0.5078016738926454,W,W,366,FALSE,0.7759614036328946,FALSE
SKVCDFLGWF,C,D,4,5,R,V,PRM_0366,0.7542197215857253,C,D,366,FALSE,0.7759614036328946,FALSE
SKVWCFLGWF,W,C,4,5,R,V,PRM_0366,0.7333159134572711,W,C,366,FALSE,0.7759614036328946,FALSE
GGGRPPVMDYVVL,P,M,5,8,Y,V,PRM_0250,0.010711758300338766,P,M,250,FALSE,0.40823475510954577,FALSE
SKVCAFLGWF,C,A,4,5,R,V,PRM_0366,0.7541678878075091,C,A,366,FALSE,0.7759614036328946,FALSE
GGGRPPVIDYVVL,P,I,5,8,Y,V,PRM_0250,0.1532575088060505,P,I,250,FALSE,0.40823475510954577,FALSE
SKVWFFLGWF,W,F,4,5,R,V,PRM_0366,0.6139017586539632,W,F,366,FALSE,0.7759614036328946,FALSE
GGGRPPVGDYVVL,P,G,5,8,Y,V,PRM_0250,0.12057849371619067,P,G,250,FALSE,0.40823475510954577,FALSE
SKVCGFLGWF,C,G,4,5,R,V,PRM_0366,0.5855732087656922,C,G,366,FALSE,0.7759614036328946,FALSE
SKVCKFLGWF,C,K,4,5,R,V,PRM_0366,0.840017562535671,C,K,366,FALSE,0.7759614036328946,TRUE
GGGRPPVVDYVVL,P,V,5,8,Y,V,PRM_0250,0.10500442629812316,P,V,250,FALSE,0.40823475510954577,FALSE
SKVCNFLGWF,C,N,4,5,R,V,PRM_0366,0.7721749209953677,C,N,366,FALSE,0.7759614036328946,FALSE
GGGRPPV*DYVVL,P,*,5,8,Y,V,PRM_0250,0.16515966117157949,P,*,250,FALSE,0.40823475510954577,FALSE
SKVCVFLGWF,C,V,4,5,R,V,PRM_0366,0.7845968367078628,C,V,366,FALSE,0.7759614036328946,TRUE
SKVCTFLGWF,C,T,4,5,R,V,PRM_0366,0.8589104468094358,C,T,366,FALSE,0.7759614036328946,TRUE
GGGRPPVLDYVVL,P,L,5,8,Y,V,PRM_0250,0.144199935884237,P,L,250,FALSE,0.40823475510954577,FALSE
SKVC*FLGWF,C,*,4,5,R,V,PRM_0366,0.22364244901179745,C,*,366,FALSE,0.7759614036328946,FALSE
GGGRPPVKDYVVL,P,K,5,8,Y,V,PRM_0250,0.15197012953496714,P,K,250,FALSE,0.40823475510954577,FALSE
SKVCYFLGWF,C,Y,4,5,R,V,PRM_0366,0.7209810449126727,C,Y,366,FALSE,0.7759614036328946,FALSE
SKVCSFLGWF,C,S,4,5,R,V,PRM_0366,0.7718648666407423,C,S,366,FALSE,0.7759614036328946,FALSE
SKVCMFLGWF,C,M,4,5,R,V,PRM_0366,0.7574332271473467,C,M,366,FALSE,0.7759614036328946,FALSE
SKVCIFLGWF,C,I,4,5,R,V,PRM_0366,0.7577827045207921,C,I,366,FALSE,0.7759614036328946,FALSE
GGGRPPVQDYVVL,P,Q,5,8,Y,V,PRM_0250,0.10917317876901386,P,Q,250,FALSE,0.40823475510954577,FALSE
GGGRPPVEDYVVL,P,E,5,8,Y,V,PRM_0250,0.04866202502729974,P,E,250,FALSE,0.40823475510954577,FALSE
GGGRPPVDDYVVL,P,D,5,8,Y,V,PRM_0250,0.23767245934639625,P,D,250,FALSE,0.40823475510954577,FALSE
