aa_seq,deg1,deg2,pos1,pos2,max1,max2,family,max_pep,signif,med_norm_sel_coef,binding
DKTLPP*P,T,*,3,7,P,L,152,FALSE,TRUE,0.19064069034765588,weaker
DKTLPPYP,T,Y,3,7,P,L,152,FALSE,TRUE,0.3137989981826142,weaker
DKRLPPHP,R,H,3,7,P,L,152,FALSE,TRUE,0.2829668495395767,weaker
DKTLPPSP,T,S,3,7,P,L,152,FALSE,TRUE,0.26963738524977365,weaker
DKTLPPCP,T,C,3,7,P,L,152,FALSE,TRUE,0.29968318248446224,weaker
DKTLPPVP,T,V,3,7,P,L,152,FALSE,TRUE,0.35797731948531497,weaker
DKRLPPTP,R,T,3,7,P,L,152,FALSE,TRUE,0.39163417238301657,weaker
DKRLPPPP,R,P,3,7,P,L,152,FALSE,TRUE,0.325086771790836,weaker
DKTLPPLP,T,L,3,7,P,L,152,FALSE,TRUE,0.4727789869978238,weaker
DKTLPPWP,T,W,3,7,P,L,152,FALSE,TRUE,0.03296220228808983,weaker
DKRLPPRP,R,R,3,7,P,L,152,FALSE,TRUE,0.3042544051941631,weaker
DKTLPPNP,T,N,3,7,P,L,152,FALSE,TRUE,0.22873252349771991,weaker
DKTLPPFP,T,F,3,7,P,L,152,FALSE,TRUE,0.20542295626564133,weaker
DKRLPPIP,R,I,3,7,P,L,152,FALSE,TRUE,0.4919433929927682,weaker
DKRLPPSP,R,S,3,7,P,L,152,FALSE,TRUE,0.2031538754076425,weaker
DKRLPPLP,R,L,3,7,P,L,152,FALSE,TRUE,0.4868009784462666,weaker
DKTLPPTP,T,T,3,7,P,L,152,FALSE,TRUE,0.4727789869978236,weaker
DKTLPPKP,T,K,3,7,P,L,152,FALSE,TRUE,0.3430308117630977,weaker
DKRLPPQP,R,Q,3,7,P,L,152,FALSE,TRUE,0.25992954362608145,weaker
DKRLPPMP,R,M,3,7,P,L,152,FALSE,TRUE,0.30190988497317006,weaker
DKRLPPEP,R,E,3,7,P,L,152,FALSE,TRUE,0.2623742477197696,weaker
DKTLPPRP,T,R,3,7,P,L,152,FALSE,TRUE,0.3310965548444424,weaker
RRASHESPWL,A,S,3,4,R,L,385,FALSE,TRUE,0.9073251008535819,weaker
DKTLPPGP,T,G,3,7,P,L,152,FALSE,TRUE,0.23249819674643993,weaker
DKRLPPDP,R,D,3,7,P,L,152,FALSE,TRUE,0.15558059460525084,weaker
DKRLPPAP,R,A,3,7,P,L,152,FALSE,TRUE,0.24191669026788626,weaker
RRAWHESPWL,A,W,3,4,R,L,385,FALSE,TRUE,0.9103400637250454,weaker
DKTLPPMP,T,M,3,7,P,L,152,FALSE,TRUE,0.2209407276055817,weaker
DKTLPPEP,T,E,3,7,P,L,152,FALSE,TRUE,0.24596566984318557,weaker
RRACHESPWL,A,C,3,4,R,L,385,FALSE,TRUE,0.924547496879397,weaker
DKRLPPGP,R,G,3,7,P,L,152,FALSE,TRUE,0.21165288785119424,weaker
DKTLPPIP,T,I,3,7,P,L,152,FALSE,TRUE,0.479686125199325,weaker
DKTLPPDP,T,D,3,7,P,L,152,FALSE,TRUE,0.2767344051129297,weaker
RRALHESPWL,A,L,3,4,R,L,385,FALSE,FALSE,0.9700575065793353,no significant difference
DKRLPPKP,R,K,3,7,P,L,152,FALSE,TRUE,0.2902146317001646,weaker
DKTLPPPP,T,P,3,7,P,L,152,FALSE,TRUE,0.41124319550298094,weaker
DKTLPPAP,T,A,3,7,P,L,152,FALSE,TRUE,0.18939957515145667,weaker
RRAFHESPWL,A,F,3,4,R,L,385,FALSE,TRUE,0.8964531112098946,weaker
DKRLPPVP,R,V,3,7,P,L,152,FALSE,TRUE,0.39302898400649366,weaker
DKRLPPNP,R,N,3,7,P,L,152,FALSE,TRUE,0.1805804661649684,weaker
RRAKHESPWL,A,K,3,4,R,L,385,FALSE,TRUE,0.8482711698432472,weaker
GGGRLPVTDYVVL,L,T,5,8,Y,V,250,FALSE,TRUE,0.09627180853800123,weaker
RRDRHESPWL,D,R,3,4,R,L,385,FALSE,TRUE,0.8752526825568822,weaker
SGRVWFYDWL,V,Y,4,7,F,S,363,FALSE,TRUE,0.17079156136841667,weaker
RRANHESPWL,A,N,3,4,R,L,385,FALSE,TRUE,0.8915453082974876,weaker
GGGRPPVWDYVVL,P,W,5,8,Y,V,250,FALSE,TRUE,0.08411240851930125,weaker
DKRLPP*P,R,*,3,7,P,L,152,FALSE,TRUE,0.07806515260556582,weaker
RRDSHESPWL,D,S,3,4,R,L,385,FALSE,TRUE,0.8853677516716331,weaker
SGRVWFSDWL,V,S,4,7,F,S,363,FALSE,TRUE,0.836494921225712,stronger
RRATHESPWL,A,T,3,4,R,L,385,FALSE,TRUE,0.9019149944303493,weaker
GGGRPPVCDYVVL,P,C,5,8,Y,V,250,FALSE,TRUE,0.23767245934639625,weaker
DKRLPPYP,R,Y,3,7,P,L,152,FALSE,TRUE,0.2280442359669649,weaker
GGGRLPVRDYVVL,L,R,5,8,Y,V,250,FALSE,TRUE,0.06840206802529505,weaker
RRDMHESPWL,D,M,3,4,R,L,385,FALSE,FALSE,0.9738352811974536,no significant difference
GGGRPPVFDYVVL,P,F,5,8,Y,V,250,FALSE,TRUE,0.00838910726285988,weaker
GGGRLPVSDYVVL,L,S,5,8,Y,V,250,FALSE,TRUE,-5.5615058817449936e-5,weaker
RRDIHESPWL,D,I,3,4,R,L,385,FALSE,FALSE,0.9124307028967128,no significant difference
SGRVWFWDWL,V,W,4,7,F,S,363,FALSE,TRUE,0.36402236003010696,weaker
RRARHESPWL,A,R,3,4,R,L,385,FALSE,TRUE,0.867584705766886,weaker
GGGRRPVKDYVVL,R,K,5,8,Y,V,250,FALSE,TRUE,-0.02247295719813045,weaker
GGGRLPVMDYVVL,L,M,5,8,Y,V,250,FALSE,TRUE,-0.04647824113752904,weaker
RRDQHESPWL,D,Q,3,4,R,L,385,FALSE,FALSE,0.9224723204469484,no significant difference
SGRVWFCDWL,V,C,4,7,F,S,363,FALSE,TRUE,0.2960632488672532,weaker
GGGRRPVNDYVVL,R,N,5,8,Y,V,250,FALSE,TRUE,0.08577829374744021,weaker
DKRLPPWP,R,W,3,7,P,L,152,FALSE,TRUE,0.18793821512321135,weaker
GGGRLPVIDYVVL,L,I,5,8,Y,V,250,FALSE,TRUE,0.2052384185277642,weaker
RRDHHESPWL,D,H,3,4,R,L,385,FALSE,TRUE,0.8693982384027649,weaker
SGRVWFLDWL,V,L,4,7,F,S,363,FALSE,TRUE,0.2050659567645151,weaker
RRAMHESPWL,A,M,3,4,R,L,385,FALSE,FALSE,0.948233643705258,no significant difference
GGGRRPVTDYVVL,R,T,5,8,Y,V,250,FALSE,TRUE,0.08555106307528573,weaker
DKRLPPCP,R,C,3,7,P,L,152,FALSE,TRUE,0.34639472242081776,weaker
GGGRLPVQDYVVL,L,Q,5,8,Y,V,250,FALSE,TRUE,0.21105120787599535,weaker
RRDPHESPWL,D,P,3,4,R,L,385,FALSE,TRUE,0.9212893256208308,weaker
SGRVWFFDWL,V,F,4,7,F,S,363,FALSE,TRUE,0.3689074228901539,weaker
RRAIHESPWL,A,I,3,4,R,L,385,FALSE,TRUE,0.9104104413315584,weaker
GGGRRPVRDYVVL,R,R,5,8,Y,V,250,FALSE,TRUE,0.01456880554279418,weaker
GGGRLPVHDYVVL,L,H,5,8,Y,V,250,FALSE,TRUE,0.071428918330359,weaker
SGRVWFKDWL,V,K,4,7,F,S,363,FALSE,TRUE,0.12192875057195163,weaker
RRAQHESPWL,A,Q,3,4,R,L,385,FALSE,TRUE,0.913899101294097,weaker
GGGRRPVSDYVVL,R,S,5,8,Y,V,250,FALSE,TRUE,0.04120102979642469,weaker
DKRLPPFP,R,F,3,7,P,L,152,FALSE,TRUE,0.2321168090880962,weaker
SGRVWFNDWL,V,N,4,7,F,S,363,FALSE,TRUE,0.16396163643641415,weaker
RRAHHESPWL,A,H,3,4,R,L,385,FALSE,TRUE,0.8905196114691649,weaker
GGGRRPVMDYVVL,R,M,5,8,Y,V,250,FALSE,TRUE,-0.10744160436859468,weaker
DKSLPPKP,S,K,3,7,P,L,152,FALSE,TRUE,0.36787424783426415,weaker
SGRVWFTDWL,V,T,4,7,F,S,363,FALSE,FALSE,0.8025953619041586,no significant difference
RRAPHESPWL,A,P,3,4,R,L,385,FALSE,FALSE,0.9489872336227863,no significant difference
GGGRRPVIDYVVL,R,I,5,8,Y,V,250,FALSE,TRUE,-0.01432754697780302,weaker
DKSLPPNP,S,N,3,7,P,L,152,FALSE,TRUE,0.2797497744258841,weaker
GGGRLPVLDYVVL,L,L,5,8,Y,V,250,FALSE,TRUE,-0.04780071649771248,weaker
RRDLHESPWL,D,L,3,4,R,L,385,FALSE,FALSE,0.966604519906812,no significant difference
GGGRRPVQDYVVL,R,Q,5,8,Y,V,250,FALSE,TRUE,0.12725497059509927,weaker
DKSLPPTP,S,T,3,7,P,L,152,FALSE,TRUE,0.4177035403345646,weaker
SGRVWFRDWL,V,R,4,7,F,S,363,FALSE,TRUE,0.130306555393242,weaker
GGGRRPVHDYVVL,R,H,5,8,Y,V,250,FALSE,TRUE,0.20308906946786667,weaker
GGGRLPVEDYVVL,L,E,5,8,Y,V,250,FALSE,TRUE,0.0974103957141077,weaker
RRDEHESPWL,D,E,3,4,R,L,385,FALSE,TRUE,0.9069205090818324,weaker
DKSLPPRP,S,R,3,7,P,L,152,FALSE,TRUE,0.3624024793819613,weaker
GGGRLPVDDYVVL,L,D,5,8,Y,V,250,FALSE,TRUE,-0.06874360469088826,weaker
RRDDHESPWL,D,D,3,4,R,L,385,FALSE,TRUE,0.8841409305271473,weaker
SGRVWFMDWL,V,M,4,7,F,S,363,FALSE,TRUE,0.1528297736401238,weaker
DKSLPPSP,S,S,3,7,P,L,152,FALSE,TRUE,0.21105120787599552,weaker
GGGRLPVADYVVL,L,A,5,8,Y,V,250,FALSE,TRUE,0.19972965767942516,weaker
RRDAHESPWL,D,A,3,4,R,L,385,FALSE,TRUE,0.8982212191681058,weaker
SGRVWFIDWL,V,I,4,7,F,S,363,FALSE,TRUE,0.2858413284970106,weaker
GGGRRPVLDYVVL,R,L,5,8,Y,V,250,FALSE,TRUE,0.03917616337039329,weaker
DKSLPPMP,S,M,3,7,P,L,152,FALSE,TRUE,0.3222078036339337,weaker
SGRVWFQDWL,V,Q,4,7,F,S,363,FALSE,TRUE,0.2600236398604547,weaker
RRAEHESPWL,A,E,3,4,R,L,385,FALSE,TRUE,0.9270635147599406,weaker
DKSLPPIP,S,I,3,7,P,L,152,FALSE,TRUE,0.5489001808747288,weaker
GGGRLPVGDYVVL,L,G,5,8,Y,V,250,FALSE,TRUE,-0.12224134457240307,weaker
RRDGHESPWL,D,G,3,4,R,L,385,FALSE,TRUE,0.9057424131877738,weaker
SGRVWFHDWL,V,H,4,7,F,S,363,FALSE,TRUE,0.25391397965779045,weaker
RRADHESPWL,A,D,3,4,R,L,385,FALSE,TRUE,0.9132925567616762,weaker
GGGRRPVEDYVVL,R,E,5,8,Y,V,250,FALSE,TRUE,-0.08824245673092171,weaker
DKSLPPQP,S,Q,3,7,P,L,152,FALSE,TRUE,0.3661028105750142,weaker
SGRVWFPDWL,V,P,4,7,F,S,363,FALSE,TRUE,0.09519353429540718,weaker
RRAAHESPWL,A,A,3,4,R,L,385,FALSE,TRUE,0.8907365401248333,weaker
GGGRRPVDDYVVL,R,D,5,8,Y,V,250,FALSE,TRUE,-0.05325675465398451,weaker
DKSLPPHP,S,H,3,7,P,L,152,FALSE,TRUE,0.21899643370441635,weaker
GGGRLPVVDYVVL,L,V,5,8,Y,V,250,FALSE,TRUE,0.28689020886894667,weaker
RRDVHESPWL,D,V,3,4,R,L,385,FALSE,FALSE,0.941724820128655,no significant difference
GGGRRPVADYVVL,R,A,5,8,Y,V,250,FALSE,TRUE,0.08879803475411713,weaker
DKSLPPPP,S,P,3,7,P,L,152,FALSE,TRUE,0.20285302807190664,weaker
RRAGHESPWL,A,G,3,4,R,L,385,FALSE,TRUE,0.8967674186557939,weaker
GGGRRPVGDYVVL,R,G,5,8,Y,V,250,FALSE,TRUE,-0.10268870846163367,weaker
GGGRLPV*DYVVL,L,*,5,8,Y,V,250,FALSE,TRUE,-0.01513087709455183,weaker
RRD*HESPWL,D,*,3,4,R,L,385,FALSE,TRUE,0.4587686174349495,weaker
GGGRLPVYDYVVL,L,Y,5,8,Y,V,250,FALSE,TRUE,-0.11517618763456056,weaker
RRDYHESPWL,D,Y,3,4,R,L,385,FALSE,FALSE,0.9224849915295898,no significant difference
RRAVHESPWL,A,V,3,4,R,L,385,FALSE,TRUE,0.9261769145769748,weaker
GGGRRPVVDYVVL,R,V,5,8,Y,V,250,FALSE,TRUE,-0.07370611962586646,weaker
DKSLPPLP,S,L,3,7,P,L,152,FALSE,TRUE,0.5165032946300965,weaker
SGRVWFEDWL,V,E,4,7,F,S,363,FALSE,TRUE,0.2892598404819533,weaker
RRA*HESPWL,A,*,3,4,R,L,385,FALSE,TRUE,0.37573567731329804,weaker
GGGRRPV*DYVVL,R,*,5,8,Y,V,250,FALSE,TRUE,-0.07068838050948427,weaker
DKSLPPEP,S,E,3,7,P,L,152,FALSE,TRUE,0.29376060097415485,weaker
GGGRLPVWDYVVL,L,W,5,8,Y,V,250,FALSE,TRUE,-0.09031448244932512,weaker
RRDWHESPWL,D,W,3,4,R,L,385,FALSE,FALSE,0.9566336704536011,no significant difference
SGRVWFDDWL,V,D,4,7,F,S,363,FALSE,TRUE,0.3467508205787259,weaker
RRAYHESPWL,A,Y,3,4,R,L,385,FALSE,FALSE,0.9293089147730128,no significant difference
GGGRRPVYDYVVL,R,Y,5,8,Y,V,250,FALSE,TRUE,-0.04358361895051162,weaker
DKSLPPDP,S,D,3,7,P,L,152,FALSE,TRUE,0.258777647667019,weaker
GGGRLPVCDYVVL,L,C,5,8,Y,V,250,FALSE,TRUE,0.04562133708079573,weaker
RRDCHESPWL,D,C,3,4,R,L,385,FALSE,TRUE,0.8999734833871963,weaker
SGRVWFADWL,V,A,4,7,F,S,363,FALSE,TRUE,0.17598993565707485,weaker
DKSLPPAP,S,A,3,7,P,L,152,FALSE,TRUE,0.2889521968809368,weaker
GGGRRPVWDYVVL,R,W,5,8,Y,V,250,FALSE,TRUE,-0.10415152086553532,weaker
GGGRLPVFDYVVL,L,F,5,8,Y,V,250,FALSE,TRUE,-0.10031171895180452,weaker
RRDFHESPWL,D,F,3,4,R,L,385,FALSE,FALSE,0.9388863155180311,no significant difference
SGRVWFGDWL,V,G,4,7,F,S,363,FALSE,TRUE,0.3341399493817778,weaker
GGGRRPVCDYVVL,R,C,5,8,Y,V,250,FALSE,TRUE,-0.09337589866538867,weaker
DKSLPPGP,S,G,3,7,P,L,152,FALSE,TRUE,0.19546400900845146,weaker
GGGRLPVKDYVVL,L,K,5,8,Y,V,250,FALSE,TRUE,-0.00677351701743277,weaker
GGGRLPVNDYVVL,L,N,5,8,Y,V,250,FALSE,TRUE,-0.03442562432028522,weaker
SGRVWFVDWL,V,V,4,7,F,S,363,FALSE,TRUE,0.1984616234355873,weaker
GGGRRPVFDYVVL,R,F,5,8,Y,V,250,FALSE,TRUE,-0.12384664037641573,weaker
DKSLPPVP,S,V,3,7,P,L,152,FALSE,TRUE,0.40396136977858876,weaker
SGRVWF*DWL,V,*,4,7,F,S,363,FALSE,TRUE,0.05758241603414309,weaker
RRGKHESPWL,G,K,3,4,R,L,385,FALSE,TRUE,0.85729677414293,weaker
DKSLPP*P,S,*,3,7,P,L,152,FALSE,TRUE,0.18038698210458337,weaker
RRGNHESPWL,G,N,3,4,R,L,385,FALSE,TRUE,0.8887400581897993,weaker
DKSLPPYP,S,Y,3,7,P,L,152,FALSE,TRUE,0.2574411424038981,weaker
RRGTHESPWL,G,T,3,4,R,L,385,FALSE,TRUE,0.8650086554351398,weaker
RRGRHESPWL,G,R,3,4,R,L,385,FALSE,TRUE,0.8646831826944579,weaker
DKSLPPWP,S,W,3,7,P,L,152,FALSE,TRUE,0.17098988414453614,weaker
RRGSHESPWL,G,S,3,4,R,L,385,FALSE,TRUE,0.8813561703759663,weaker
DKSLPPCP,S,C,3,7,P,L,152,FALSE,TRUE,0.3305518152330031,weaker
RRGMHESPWL,G,M,3,4,R,L,385,FALSE,FALSE,0.9311070837065186,no significant difference
GGGRLPVPDYVVL,L,P,5,8,Y,V,250,FALSE,TRUE,0.31624338324866363,weaker
RRGIHESPWL,G,I,3,4,R,L,385,FALSE,TRUE,0.8999958063529321,weaker
DKSLPPFP,S,F,3,7,P,L,152,FALSE,TRUE,0.20109194983809253,weaker
SGR*WFKDWL,*,K,4,7,F,S,363,FALSE,TRUE,0.14329451862170253,weaker
RRGQHESPWL,G,Q,3,4,R,L,385,FALSE,TRUE,0.9345624309252627,weaker
DKMLPPKP,M,K,3,7,P,L,152,FALSE,TRUE,0.3335028879355162,weaker
SGR*WFNDWL,*,N,4,7,F,S,363,FALSE,TRUE,0.28612036122026296,weaker
RRGHHESPWL,G,H,3,4,R,L,385,FALSE,TRUE,0.8785301720997686,weaker
DKMLPPNP,M,N,3,7,P,L,152,FALSE,TRUE,0.2983206814708925,weaker
SGR*WFTDWL,*,T,4,7,F,S,363,FALSE,TRUE,0.22197604806247562,weaker
RRGPHESPWL,G,P,3,4,R,L,385,FALSE,TRUE,0.8868981636545672,weaker
DKMLPPTP,M,T,3,7,P,L,152,FALSE,TRUE,0.4653648028326125,weaker
SGR*WFRDWL,*,R,4,7,F,S,363,FALSE,TRUE,0.1496467868396267,weaker
DKMLPPRP,M,R,3,7,P,L,152,FALSE,TRUE,0.3504743693662776,weaker
SGR*WFSDWL,*,S,4,7,F,S,363,FALSE,TRUE,0.10587396824797406,weaker
DKMLPPSP,M,S,3,7,P,L,152,FALSE,TRUE,0.30480995366957053,weaker
SGR*WFMDWL,*,M,4,7,F,S,363,FALSE,TRUE,0.08015995443731533,weaker
RRGLHESPWL,G,L,3,4,R,L,385,FALSE,FALSE,0.9574644155080804,no significant difference
DKMLPPMP,M,M,3,7,P,L,152,FALSE,TRUE,0.36645488441996327,weaker
SGR*WFIDWL,*,I,4,7,F,S,363,FALSE,TRUE,0.2479304187649279,weaker
DKMLPPIP,M,I,3,7,P,L,152,FALSE,FALSE,0.5511864897037478,no significant difference
SGR*WFQDWL,*,Q,4,7,F,S,363,FALSE,TRUE,0.2863852351753696,weaker
RRGEHESPWL,G,E,3,4,R,L,385,FALSE,TRUE,0.9088654395242353,weaker
DKMLPPQP,M,Q,3,7,P,L,152,FALSE,TRUE,0.3705477532114585,weaker
SGR*WFHDWL,*,H,4,7,F,S,363,FALSE,TRUE,0.09787559621546814,weaker
RRGDHESPWL,G,D,3,4,R,L,385,FALSE,TRUE,0.8899037832757151,weaker
DKMLPPHP,M,H,3,7,P,L,152,FALSE,TRUE,0.35110052789762486,weaker
SGR*WFPDWL,*,P,4,7,F,S,363,FALSE,TRUE,0.13775289900953042,weaker
RRGAHESPWL,G,A,3,4,R,L,385,FALSE,TRUE,0.8819771972360526,weaker
RRGGHESPWL,G,G,3,4,R,L,385,FALSE,TRUE,0.8860244997270679,weaker
DKMLPPLP,M,L,3,7,P,L,152,FALSE,TRUE,0.501162144728162,weaker
SGR*WFLDWL,*,L,4,7,F,S,363,FALSE,TRUE,0.13353782189189842,weaker
RRGVHESPWL,G,V,3,4,R,L,385,FALSE,TRUE,0.9122604092879774,weaker
DKMLPPEP,M,E,3,7,P,L,152,FALSE,TRUE,0.29583180454657465,weaker
RRTAHESPWL,T,A,3,4,R,L,385,FALSE,TRUE,0.9117977513497149,weaker
DKMLPPDP,M,D,3,7,P,L,152,FALSE,TRUE,0.3886218919560314,weaker
RRTGHESPWL,T,G,3,4,R,L,385,FALSE,TRUE,0.888706089122842,weaker
SGR*WFEDWL,*,E,4,7,F,S,363,FALSE,FALSE,0.32809303325759104,no significant difference
RRG*HESPWL,G,*,3,4,R,L,385,FALSE,TRUE,0.368238554648069,weaker
DKMLPPAP,M,A,3,7,P,L,152,FALSE,TRUE,0.3023825359994937,weaker
GGGREPVKDYVVL,E,K,5,8,Y,V,250,FALSE,TRUE,-0.02142433743558757,weaker
SGR*WFDDWL,*,D,4,7,F,S,363,FALSE,TRUE,0.1636966850591,weaker
RRGYHESPWL,G,Y,3,4,R,L,385,FALSE,TRUE,0.9295648346903178,weaker
GGGREPVNDYVVL,E,N,5,8,Y,V,250,FALSE,TRUE,-0.065409502640802,weaker
RRTVHESPWL,T,V,3,4,R,L,385,FALSE,TRUE,0.9044271415872795,weaker
SGR*WFADWL,*,A,4,7,F,S,363,FALSE,TRUE,0.17670477815240637,weaker
DKMLPPGP,M,G,3,7,P,L,152,FALSE,TRUE,0.13403269466681195,weaker
GGGREPVTDYVVL,E,T,5,8,Y,V,250,FALSE,TRUE,0.11969965354138007,weaker
RRT*HESPWL,T,*,3,4,R,L,385,FALSE,TRUE,0.41154674389591206,weaker
SGR*WFGDWL,*,G,4,7,F,S,363,FALSE,TRUE,0.2192067408438631,weaker
RRGWHESPWL,G,W,3,4,R,L,385,FALSE,TRUE,0.9248927347130016,weaker
DKMLPPVP,M,V,3,7,P,L,152,FALSE,TRUE,0.4172362639252519,weaker
GGGREPVRDYVVL,E,R,5,8,Y,V,250,FALSE,TRUE,-0.01129846751153798,weaker
RRTYHESPWL,T,Y,3,4,R,L,385,FALSE,TRUE,0.8950955987515123,weaker
RRGCHESPWL,G,C,3,4,R,L,385,FALSE,TRUE,0.9049833556615622,weaker
SGRSWFADWL,S,A,4,7,F,S,363,FALSE,TRUE,0.22678169962083494,weaker
GGGREPVSDYVVL,E,S,5,8,Y,V,250,FALSE,TRUE,0.03392294020270715,weaker
RRTSHESPWL,T,S,3,4,R,L,385,FALSE,TRUE,0.8962551487547441,weaker
SGR*WFVDWL,*,V,4,7,F,S,363,FALSE,TRUE,0.12591525816171995,weaker
DKMLPP*P,M,*,3,7,P,L,152,FALSE,TRUE,0.08156056205627718,weaker
GGGREPVMDYVVL,E,M,5,8,Y,V,250,FALSE,TRUE,-0.03167028246101276,weaker
RRGFHESPWL,G,F,3,4,R,L,385,FALSE,TRUE,0.9081706156104605,weaker
SGRSWFGDWL,S,G,4,7,F,S,363,FALSE,TRUE,0.2484132075272078,weaker
DKMLPPYP,M,Y,3,7,P,L,152,FALSE,TRUE,0.09338086522525392,weaker
GGGREPVIDYVVL,E,I,5,8,Y,V,250,FALSE,TRUE,-0.03639495740818073,weaker
RRTWHESPWL,T,W,3,4,R,L,385,FALSE,FALSE,0.9218557638104825,no significant difference
SGR*WF*DWL,*,*,4,7,F,S,363,FALSE,TRUE,0.10307515718438008,weaker
GGGREPVQDYVVL,E,Q,5,8,Y,V,250,FALSE,TRUE,0.071428918330359,weaker
RRTCHESPWL,T,C,3,4,R,L,385,FALSE,TRUE,0.9138574974331513,weaker
SGR*WFYDWL,*,Y,4,7,F,S,363,FALSE,TRUE,0.17072819895726615,weaker
SGRSWFVDWL,S,V,4,7,F,S,363,FALSE,TRUE,0.24708142595234897,weaker
GGGREPVHDYVVL,E,H,5,8,Y,V,250,FALSE,FALSE,0.09338086522525368,no significant difference
RRTLHESPWL,T,L,3,4,R,L,385,FALSE,TRUE,0.98248028726953,stronger
DKMLPPWP,M,W,3,7,P,L,152,FALSE,TRUE,0.17640571060389698,weaker
RRTFHESPWL,T,F,3,4,R,L,385,FALSE,TRUE,0.9168779096908213,weaker
SGRSWF*DWL,S,*,4,7,F,S,363,FALSE,TRUE,0.1810703223990006,weaker
DKMLPPCP,M,C,3,7,P,L,152,FALSE,TRUE,0.35969639689262917,weaker
RRRKHESPWL,R,K,3,4,R,L,385,FALSE,TRUE,0.8525760386462901,weaker
SGR*WFWDWL,*,W,4,7,F,S,363,FALSE,TRUE,0.16407864354777535,weaker
SGRSWFYDWL,S,Y,4,7,F,S,363,FALSE,TRUE,0.21488667555921448,weaker
GGGREPVLDYVVL,E,L,5,8,Y,V,250,FALSE,TRUE,-0.05375933354160867,weaker
RRRNHESPWL,R,N,3,4,R,L,385,FALSE,TRUE,0.8454853528914669,weaker
SGR*WFCDWL,*,C,4,7,F,S,363,FALSE,TRUE,0.0895415640942943,weaker
SGRSWFSDWL,S,S,4,7,F,S,363,FALSE,FALSE,0.7889733798284503,no significant difference
DKMLPPFP,M,F,3,7,P,L,152,FALSE,TRUE,0.2682191878338378,weaker
RRRTHESPWL,R,T,3,4,R,L,385,FALSE,TRUE,0.8611951010578789,weaker
DKILPPKP,I,K,3,7,P,L,152,FALSE,TRUE,0.33034350157300946,weaker
GGGREPVEDYVVL,E,E,5,8,Y,V,250,FALSE,TRUE,0.00422353911455827,weaker
SGR*WFFDWL,*,F,4,7,F,S,363,FALSE,FALSE,0.2077839510647796,no significant difference
SGRSWFWDWL,S,W,4,7,F,S,363,FALSE,TRUE,0.31622770346428214,weaker
DKILPPNP,I,N,3,7,P,L,152,FALSE,TRUE,0.2932736019831014,weaker
GGGREPVDDYVVL,E,D,5,8,Y,V,250,FALSE,TRUE,-0.08508625445763197,weaker
RRRRHESPWL,R,R,3,4,R,L,385,FALSE,TRUE,0.810081644403123,weaker
SGRYWFKDWL,Y,K,4,7,F,S,363,FALSE,TRUE,0.2873043660338421,weaker
SGRSWFCDWL,S,C,4,7,F,S,363,FALSE,TRUE,0.3098965940640436,weaker
DKILPPTP,I,T,3,7,P,L,152,FALSE,TRUE,0.33254384419750127,weaker
GGGREPVADYVVL,E,A,5,8,Y,V,250,FALSE,TRUE,0.07554607898994248,weaker
RRRSHESPWL,R,S,3,4,R,L,385,FALSE,TRUE,0.8725826352947723,weaker
SGRYWFNDWL,Y,N,4,7,F,S,363,FALSE,TRUE,0.07192779620447669,weaker
SGRSWFLDWL,S,L,4,7,F,S,363,FALSE,TRUE,0.2125990870413224,weaker
RRRMHESPWL,R,M,3,4,R,L,385,FALSE,TRUE,0.927247072062869,weaker
SGRYWFTDWL,Y,T,4,7,F,S,363,FALSE,FALSE,0.7626596013199987,no significant difference
SGRSWFFDWL,S,F,4,7,F,S,363,FALSE,TRUE,0.3705477532114585,weaker
DKILPPRP,I,R,3,7,P,L,152,FALSE,TRUE,0.3133419689927735,weaker
GGGREPVGDYVVL,E,G,5,8,Y,V,250,FALSE,TRUE,-0.12136546669864373,weaker
RRRIHESPWL,R,I,3,4,R,L,385,FALSE,TRUE,0.901514038706654,weaker
SGRSWFKDWL,S,K,4,7,F,S,363,FALSE,TRUE,0.16600833980912863,weaker
DKILPPSP,I,S,3,7,P,L,152,FALSE,TRUE,0.28546290347499764,weaker
RRRQHESPWL,R,Q,3,4,R,L,385,FALSE,TRUE,0.8886811139619955,weaker
SGRYWFRDWL,Y,R,4,7,F,S,363,FALSE,TRUE,-0.00962731400802902,weaker
SGRSWFNDWL,S,N,4,7,F,S,363,FALSE,TRUE,0.21454538656326855,weaker
DKILPPMP,I,M,3,7,P,L,152,FALSE,TRUE,0.29950554774083216,weaker
GGGREPVVDYVVL,E,V,5,8,Y,V,250,FALSE,TRUE,-0.12348550042175634,weaker
RRRHHESPWL,R,H,3,4,R,L,385,FALSE,TRUE,0.8563972790902579,weaker
SGRYWFSDWL,Y,S,4,7,F,S,363,FALSE,FALSE,0.7620758400327728,no significant difference
SGRSWFTDWL,S,T,4,7,F,S,363,FALSE,FALSE,0.7480714642246279,no significant difference
DKILPPIP,I,I,3,7,P,L,152,FALSE,TRUE,0.4262823682013219,weaker
RRRPHESPWL,R,P,3,4,R,L,385,FALSE,TRUE,0.874414613126224,weaker
SGRYWFMDWL,Y,M,4,7,F,S,363,FALSE,TRUE,0.09429708238277829,weaker
DKILPPQP,I,Q,3,7,P,L,152,FALSE,FALSE,0.42788608187330057,no significant difference
GGGREPV*DYVVL,E,*,5,8,Y,V,250,FALSE,TRUE,0.01265458327318545,weaker
SGRYWFIDWL,Y,I,4,7,F,S,363,FALSE,TRUE,0.1140199866753944,weaker
SGRSWFRDWL,S,R,4,7,F,S,363,FALSE,TRUE,0.07990789826601917,weaker
DKILPPHP,I,H,3,7,P,L,152,FALSE,TRUE,0.33603408797169776,weaker
GGGREPVYDYVVL,E,Y,5,8,Y,V,250,FALSE,TRUE,-0.02770512202788903,weaker
SGRYWFQDWL,Y,Q,4,7,F,S,363,FALSE,TRUE,0.05699563249788798,weaker
SGRYWFHDWL,Y,H,4,7,F,S,363,FALSE,TRUE,0.12732130569189645,weaker
SGRSWFMDWL,S,M,4,7,F,S,363,FALSE,TRUE,0.19664155956090315,weaker
RRRLHESPWL,R,L,3,4,R,L,385,TRUE,FALSE,0.9620320035959372,no significant difference
SGRYWFPDWL,Y,P,4,7,F,S,363,FALSE,TRUE,0.14650184404822905,weaker
SGRSWFIDWL,S,I,4,7,F,S,363,FALSE,TRUE,0.1013003003735363,weaker
DKILPPLP,I,L,3,7,P,L,152,FALSE,TRUE,0.42360302352415624,weaker
GGGREPVWDYVVL,E,W,5,8,Y,V,250,FALSE,TRUE,-0.00224278523981225,weaker
SGRSWFQDWL,S,Q,4,7,F,S,363,FALSE,TRUE,0.0932777094241016,weaker
GGGREPVCDYVVL,E,C,5,8,Y,V,250,FALSE,FALSE,-0.16159048015222352,no significant difference
RRREHESPWL,R,E,3,4,R,L,385,FALSE,TRUE,0.88864710296989,weaker
SGRSWFHDWL,S,H,4,7,F,S,363,FALSE,TRUE,0.09134316897847716,weaker
DKILPPEP,I,E,3,7,P,L,152,FALSE,TRUE,0.22902428983428183,weaker
RRRDHESPWL,R,D,3,4,R,L,385,FALSE,TRUE,0.8561925155730477,weaker
SGRSWFPDWL,S,P,4,7,F,S,363,FALSE,TRUE,0.1622619788039067,weaker
DKILPPDP,I,D,3,7,P,L,152,FALSE,TRUE,0.2682191878338378,weaker
GGGREPVFDYVVL,E,F,5,8,Y,V,250,FALSE,FALSE,0.00217763875185613,no significant difference
RRRAHESPWL,R,A,3,4,R,L,385,FALSE,TRUE,0.8895892295579428,weaker
SGRYWFLDWL,Y,L,4,7,F,S,363,FALSE,TRUE,0.1392958347053229,weaker
DKILPPAP,I,A,3,7,P,L,152,FALSE,TRUE,0.23497307258736613,weaker
GGGRDPVKDYVVL,D,K,5,8,Y,V,250,FALSE,FALSE,0.05295971819344284,no significant difference
GGGRDPVNDYVVL,D,N,5,8,Y,V,250,FALSE,TRUE,-0.07748544700854701,weaker
RRRGHESPWL,R,G,3,4,R,L,385,FALSE,TRUE,0.8747935953584989,weaker
SGRYWFEDWL,Y,E,4,7,F,S,363,FALSE,TRUE,0.2846738118678933,weaker
DKILPPGP,I,G,3,7,P,L,152,FALSE,TRUE,0.1910980981573414,weaker
GGGRDPVTDYVVL,D,T,5,8,Y,V,250,FALSE,TRUE,0.1419658843282951,weaker
SGRYWFDDWL,Y,D,4,7,F,S,363,FALSE,TRUE,0.2280442359669649,weaker
RRRVHESPWL,R,V,3,4,R,L,385,FALSE,TRUE,0.8978802999143043,weaker
SGRYWFADWL,Y,A,4,7,F,S,363,FALSE,TRUE,0.12247566181210037,weaker
DKILPPVP,I,V,3,7,P,L,152,FALSE,TRUE,0.3483374313367167,weaker
GGGRDPVRDYVVL,D,R,5,8,Y,V,250,FALSE,TRUE,-0.07427802184188993,weaker
SGRSWFEDWL,S,E,4,7,F,S,363,FALSE,TRUE,0.28612036122026296,weaker
GGGRDPVSDYVVL,D,S,5,8,Y,V,250,FALSE,TRUE,-0.08402102210828924,weaker
RRR*HESPWL,R,*,3,4,R,L,385,FALSE,TRUE,0.3371573906736685,weaker
SGRYWFGDWL,Y,G,4,7,F,S,363,FALSE,TRUE,0.24101366269255853,weaker
SGRSWFDDWL,S,D,4,7,F,S,363,FALSE,TRUE,0.2966023455641761,weaker
DKILPP*P,I,*,3,7,P,L,152,FALSE,TRUE,0.21591295750812936,weaker
GGGRDPVMDYVVL,D,M,5,8,Y,V,250,FALSE,FALSE,0.06100520970070491,no significant difference
RRRYHESPWL,R,Y,3,4,R,L,385,FALSE,TRUE,0.88197010879693,weaker
DKILPPYP,I,Y,3,7,P,L,152,FALSE,TRUE,0.2624115375221113,weaker
GGGRDPVIDYVVL,D,I,5,8,Y,V,250,FALSE,TRUE,-0.08458935746399861,weaker
SGRYWFVDWL,Y,V,4,7,F,S,363,FALSE,TRUE,0.1215484200282329,weaker
GGGRDPVQDYVVL,D,Q,5,8,Y,V,250,FALSE,TRUE,0.03698382323423658,weaker
GGGRDPVHDYVVL,D,H,5,8,Y,V,250,FALSE,TRUE,-0.02633764020987889,weaker
RRRWHESPWL,R,W,3,4,R,L,385,FALSE,TRUE,0.9034207576945386,weaker
SGRYWF*DWL,Y,*,4,7,F,S,363,FALSE,TRUE,0.219948738253388,weaker
RRVKHESPWL,V,K,3,4,R,L,385,FALSE,TRUE,0.8778964192964964,weaker
DKILPPWP,I,W,3,7,P,L,152,FALSE,TRUE,0.2119873204543734,weaker
GGGRDPVPDYVVL,D,P,5,8,Y,V,250,FALSE,TRUE,0.14288714948599388,weaker
RRRCHESPWL,R,C,3,4,R,L,385,FALSE,TRUE,0.8913440087464066,weaker
SGRYWFYDWL,Y,Y,4,7,F,S,363,FALSE,TRUE,0.1913393174954678,weaker
RRVNHESPWL,V,N,3,4,R,L,385,FALSE,TRUE,0.897738309541919,weaker
DKILPPCP,I,C,3,7,P,L,152,FALSE,TRUE,0.2624115375221113,weaker
RRVTHESPWL,V,T,3,4,R,L,385,FALSE,TRUE,0.910303642142079,weaker
RRRFHESPWL,R,F,3,4,R,L,385,FALSE,TRUE,0.9091381361865438,weaker
DKILPPFP,I,F,3,7,P,L,152,FALSE,TRUE,0.02559873612113243,weaker
RRSKHESPWL,S,K,3,4,R,L,385,FALSE,TRUE,0.8521364930961223,weaker
SGRYWFWDWL,Y,W,4,7,F,S,363,FALSE,TRUE,0.36094291945132834,weaker
RRVRHESPWL,V,R,3,4,R,L,385,FALSE,TRUE,0.8763795298542529,weaker
DKQLPPNP,Q,N,3,7,P,L,152,FALSE,TRUE,0.28904865027569926,weaker
GGGRDPVLDYVVL,D,L,5,8,Y,V,250,FALSE,TRUE,-0.01352040055164189,weaker
RRSNHESPWL,S,N,3,4,R,L,385,FALSE,TRUE,0.8703212554367674,weaker
SGRYWFCDWL,Y,C,4,7,F,S,363,FALSE,TRUE,0.21953403459822052,weaker
RRVSHESPWL,V,S,3,4,R,L,385,FALSE,TRUE,0.9112020696963938,weaker
DKQLPPTP,Q,T,3,7,P,L,152,FALSE,TRUE,0.5404289347799891,weaker
RRSTHESPWL,S,T,3,4,R,L,385,FALSE,TRUE,0.8772419419832713,weaker
RRVMHESPWL,V,M,3,4,R,L,385,FALSE,FALSE,0.9584675263771817,no significant difference
GGGRDPVEDYVVL,D,E,5,8,Y,V,250,FALSE,TRUE,-0.02713134943834579,weaker
SGRYWFFDWL,Y,F,4,7,F,S,363,FALSE,TRUE,0.3558636579931429,weaker
RRVIHESPWL,V,I,3,4,R,L,385,FALSE,TRUE,0.9223249394070041,weaker
DKQLPPRP,Q,R,3,7,P,L,152,FALSE,TRUE,0.32809100584493145,weaker
GGGRDPVDDYVVL,D,D,5,8,Y,V,250,FALSE,TRUE,-0.06239873630172773,weaker
RRSRHESPWL,S,R,3,4,R,L,385,FALSE,TRUE,0.8585827180991007,weaker
RRVQHESPWL,V,Q,3,4,R,L,385,FALSE,FALSE,0.9273798873016681,no significant difference
DKQLPPSP,Q,S,3,7,P,L,152,FALSE,TRUE,0.3315382106866816,weaker
GGGRDPVADYVVL,D,A,5,8,Y,V,250,FALSE,TRUE,0.010070336815190914,weaker
RRSSHESPWL,S,S,3,4,R,L,385,FALSE,TRUE,0.8719545173796335,weaker
RRVHHESPWL,V,H,3,4,R,L,385,FALSE,TRUE,0.8793645671498811,weaker
DKQLPPMP,Q,M,3,7,P,L,152,FALSE,TRUE,0.31211193918186664,weaker
RRSMHESPWL,S,M,3,4,R,L,385,FALSE,TRUE,0.9349973520536712,weaker
RRVPHESPWL,V,P,3,4,R,L,385,FALSE,TRUE,0.9326592694125067,weaker
DKQLPPIP,Q,I,3,7,P,L,152,FALSE,TRUE,0.507797684791294,weaker
GGGRDPVGDYVVL,D,G,5,8,Y,V,250,FALSE,TRUE,-0.10383009986041203,weaker
RRSIHESPWL,S,I,3,4,R,L,385,FALSE,TRUE,0.9079879374029746,weaker
SGRWWFKDWL,W,K,4,7,F,S,363,FALSE,TRUE,0.14729450479672498,weaker
DKQLPPQP,Q,Q,3,7,P,L,152,FALSE,TRUE,0.3776980243899046,weaker
RRSQHESPWL,S,Q,3,4,R,L,385,FALSE,TRUE,0.9100324387420454,weaker
SGRWWFNDWL,W,N,4,7,F,S,363,FALSE,TRUE,0.16407864354777535,weaker
DKQLPPHP,Q,H,3,7,P,L,152,FALSE,TRUE,0.15045070707001473,weaker
GGGRDPVVDYVVL,D,V,5,8,Y,V,250,FALSE,TRUE,-0.10396306592541235,weaker
RRSHHESPWL,S,H,3,4,R,L,385,FALSE,TRUE,0.8917390364127984,weaker
SGRWWFTDWL,W,T,4,7,F,S,363,FALSE,FALSE,0.7574214210507837,no significant difference
RRSPHESPWL,S,P,3,4,R,L,385,FALSE,TRUE,0.8881426011893551,weaker
RRVLHESPWL,V,L,3,4,R,L,385,FALSE,FALSE,0.9764111951233565,no significant difference
GGGRDPV*DYVVL,D,*,5,8,Y,V,250,FALSE,TRUE,0.05295971819344261,weaker
SGRWWFRDWL,W,R,4,7,F,S,363,FALSE,TRUE,0.1742621808341225,weaker
DKQLPPLP,Q,L,3,7,P,L,152,FALSE,TRUE,0.5612198717842,weaker
GGGRDPVYDYVVL,D,Y,5,8,Y,V,250,FALSE,TRUE,0.00564401833502026,weaker
RRVEHESPWL,V,E,3,4,R,L,385,FALSE,FALSE,0.9432992733621426,no significant difference
SGRWWFSDWL,W,S,4,7,F,S,363,FALSE,TRUE,0.7925422086417658,stronger
RRVDHESPWL,V,D,3,4,R,L,385,FALSE,TRUE,0.9012019623432004,weaker
SGRWWFMDWL,W,M,4,7,F,S,363,FALSE,TRUE,0.27203741600578746,weaker
DKQLPPEP,Q,E,3,7,P,L,152,FALSE,TRUE,0.412625302993749,weaker
RRSLHESPWL,S,L,3,4,R,L,385,FALSE,FALSE,0.9570088726741788,no significant difference
RRVAHESPWL,V,A,3,4,R,L,385,FALSE,TRUE,0.9089181813359615,weaker
SGRWWFIDWL,W,I,4,7,F,S,363,FALSE,TRUE,0.23677072418829817,weaker
DKQLPPDP,Q,D,3,7,P,L,152,FALSE,TRUE,0.207118504082232,weaker
GGGRDPVWDYVVL,D,W,5,8,Y,V,250,FALSE,TRUE,-0.09446373129448232,weaker
SGRWWFQDWL,W,Q,4,7,F,S,363,FALSE,TRUE,0.25328012500952807,weaker
DKQLPPAP,Q,A,3,7,P,L,152,FALSE,TRUE,0.2638716881855885,weaker
GGGRDPVCDYVVL,D,C,5,8,Y,V,250,FALSE,TRUE,-0.17817453448089973,weaker
RRSEHESPWL,S,E,3,4,R,L,385,FALSE,TRUE,0.8849406358992642,weaker
RRVGHESPWL,V,G,3,4,R,L,385,FALSE,TRUE,0.9070175370752371,weaker
SGRWWFHDWL,W,H,4,7,F,S,363,FALSE,TRUE,0.11140879001279529,weaker
RRSDHESPWL,S,D,3,4,R,L,385,FALSE,TRUE,0.8800611466333343,weaker
SGRWWFPDWL,W,P,4,7,F,S,363,FALSE,TRUE,0.14489833028497145,weaker
DKQLPPGP,Q,G,3,7,P,L,152,FALSE,TRUE,0.25465632454771503,weaker
GGGRDPVFDYVVL,D,F,5,8,Y,V,250,FALSE,TRUE,-0.22032583958357968,weaker
RRSAHESPWL,S,A,3,4,R,L,385,FALSE,TRUE,0.8759470026898108,weaker
RRVVHESPWL,V,V,3,4,R,L,385,FALSE,TRUE,0.9336631971254736,weaker
GGGRAPVKDYVVL,A,K,5,8,Y,V,250,FALSE,TRUE,-0.03607682855896622,weaker
DKQLPPVP,Q,V,3,7,P,L,152,FALSE,TRUE,0.47330585445747747,weaker
GGGRAPVNDYVVL,A,N,5,8,Y,V,250,FALSE,TRUE,0.0853211521357066,weaker
RRSGHESPWL,S,G,3,4,R,L,385,FALSE,TRUE,0.8888831594768247,weaker
RRV*HESPWL,V,*,3,4,R,L,385,FALSE,TRUE,0.3617971577683974,weaker
GGGRAPVTDYVVL,A,T,5,8,Y,V,250,FALSE,TRUE,0.12267549738011044,weaker
RRVYHESPWL,V,Y,3,4,R,L,385,FALSE,TRUE,0.9092222824895766,weaker
SGRWWFLDWL,W,L,4,7,F,S,363,FALSE,TRUE,-0.02856230863710597,weaker
DKQLPP*P,Q,*,3,7,P,L,152,FALSE,TRUE,0.06536698096457505,weaker
RRSVHESPWL,S,V,3,4,R,L,385,FALSE,TRUE,0.9152064877160015,weaker
RRKKHESPWL,K,K,3,4,R,L,385,FALSE,TRUE,0.8338583470022555,weaker
DKQLPPYP,Q,Y,3,7,P,L,152,FALSE,TRUE,0.08026953289910109,weaker
GGGRAPVRDYVVL,A,R,5,8,Y,V,250,FALSE,TRUE,0.07394848592631163,weaker
RRKNHESPWL,K,N,3,4,R,L,385,FALSE,FALSE,0.8731546385894726,no significant difference
SGRWWFEDWL,W,E,4,7,F,S,363,FALSE,TRUE,0.1817884113711952,weaker
GGGRAPVSDYVVL,A,S,5,8,Y,V,250,FALSE,TRUE,0.07394848592631163,weaker
RRS*HESPWL,S,*,3,4,R,L,385,FALSE,TRUE,0.43156679382670754,weaker
RRKTHESPWL,K,T,3,4,R,L,385,FALSE,TRUE,0.8522800839122744,weaker
RRVWHESPWL,V,W,3,4,R,L,385,FALSE,TRUE,0.9254997182966482,weaker
SGRWWFDDWL,W,D,4,7,F,S,363,FALSE,TRUE,0.25892120830350385,weaker
GGGRAPVMDYVVL,A,M,5,8,Y,V,250,FALSE,TRUE,0.022126729450255626,weaker
RRSYHESPWL,S,Y,3,4,R,L,385,FALSE,TRUE,0.9069600928442568,weaker
RRVCHESPWL,V,C,3,4,R,L,385,FALSE,TRUE,0.9098507364549622,weaker
SGRWWFADWL,W,A,4,7,F,S,363,FALSE,TRUE,0.23904215472215534,weaker
DKQLPPWP,Q,W,3,7,P,L,152,FALSE,TRUE,0.2551856897944491,weaker
GGGRAPVIDYVVL,A,I,5,8,Y,V,250,FALSE,TRUE,0.11318940692239265,weaker
RRKRHESPWL,K,R,3,4,R,L,385,FALSE,TRUE,0.8425420041577205,weaker
DKQLPPCP,Q,C,3,7,P,L,152,FALSE,TRUE,0.3186577348987663,weaker
RRKSHESPWL,K,S,3,4,R,L,385,FALSE,TRUE,0.8774841421056326,weaker
RRVFHESPWL,V,F,3,4,R,L,385,FALSE,TRUE,0.9320345505558474,weaker
SGRWWFGDWL,W,G,4,7,F,S,363,FALSE,TRUE,0.18472161471879234,weaker
RRSWHESPWL,S,W,3,4,R,L,385,FALSE,TRUE,0.892541393968927,weaker
RRKMHESPWL,K,M,3,4,R,L,385,FALSE,FALSE,0.8869126973629333,no significant difference
DKQLPPFP,Q,F,3,7,P,L,152,FALSE,TRUE,0.20508905216350676,weaker
GGGRAPVLDYVVL,A,L,5,8,Y,V,250,FALSE,TRUE,0.06316114330317397,weaker
RRSCHESPWL,S,C,3,4,R,L,385,FALSE,TRUE,0.9223858879407444,weaker
RRKIHESPWL,K,I,3,4,R,L,385,FALSE,TRUE,0.8984370755653002,weaker
SGRWWFVDWL,W,V,4,7,F,S,363,FALSE,TRUE,0.16335631521613364,weaker
DKHLPPKP,H,K,3,7,P,L,152,FALSE,TRUE,0.20664092631293596,weaker
RRKQHESPWL,K,Q,3,4,R,L,385,FALSE,TRUE,0.8691484926909001,weaker
DKHLPPNP,H,N,3,7,P,L,152,FALSE,TRUE,0.28612036122026296,weaker
GGGRAPVEDYVVL,A,E,5,8,Y,V,250,FALSE,TRUE,0.08798047072504744,weaker
RRSFHESPWL,S,F,3,4,R,L,385,FALSE,TRUE,0.8956924020773843,weaker
RRKHHESPWL,K,H,3,4,R,L,385,FALSE,TRUE,0.890589711505556,weaker
SGRWWF*DWL,W,*,4,7,F,S,363,FALSE,TRUE,-0.01778153932896159,weaker
DKHLPPTP,H,T,3,7,P,L,152,FALSE,TRUE,0.32369656674685104,weaker
GGGRAPVDDYVVL,A,D,5,8,Y,V,250,FALSE,TRUE,0.1784247081184258,weaker
RRMKHESPWL,M,K,3,4,R,L,385,FALSE,FALSE,0.8645488532773279,no significant difference
RRKPHESPWL,K,P,3,4,R,L,385,FALSE,TRUE,0.9160490840078788,weaker
SGRWWFYDWL,W,Y,4,7,F,S,363,FALSE,TRUE,0.19745163141761576,weaker
DKHLPPRP,H,R,3,7,P,L,152,FALSE,TRUE,0.21019315950058248,weaker
GGGRAPVADYVVL,A,A,5,8,Y,V,250,FALSE,TRUE,0.06796098559789751,weaker
RRMNHESPWL,M,N,3,4,R,L,385,FALSE,FALSE,0.8483792642774118,no significant difference
DKHLPPSP,H,S,3,7,P,L,152,FALSE,TRUE,0.251407653355628,weaker
RRMTHESPWL,M,T,3,4,R,L,385,FALSE,TRUE,0.9023770049366395,weaker
DKHLPPMP,H,M,3,7,P,L,152,FALSE,TRUE,0.20314727099204977,weaker
GGGRAPVGDYVVL,A,G,5,8,Y,V,250,FALSE,TRUE,-0.012634093069566666,weaker
SGRWWFWDWL,W,W,4,7,F,S,363,FALSE,TRUE,0.2643893088114929,weaker
DKHLPPIP,H,I,3,7,P,L,152,FALSE,TRUE,0.4269620674638014,weaker
RRMRHESPWL,M,R,3,4,R,L,385,FALSE,TRUE,0.8401055740886332,weaker
RRKLHESPWL,K,L,3,4,R,L,385,FALSE,FALSE,0.9670321293477832,no significant difference
SGRWWFCDWL,W,C,4,7,F,S,363,FALSE,TRUE,0.32627006463342545,weaker
DKHLPPQP,H,Q,3,7,P,L,152,FALSE,TRUE,0.30023063666662053,weaker
GGGRAPVVDYVVL,A,V,5,8,Y,V,250,FALSE,TRUE,0.01209126048425199,weaker
RRMSHESPWL,M,S,3,4,R,L,385,FALSE,TRUE,0.901973602847668,weaker
RRMMHESPWL,M,M,3,4,R,L,385,FALSE,FALSE,0.9469982113606074,no significant difference
RRKEHESPWL,K,E,3,4,R,L,385,FALSE,FALSE,0.9349490168235424,no significant difference
SGRWWFFDWL,W,F,4,7,F,S,363,FALSE,TRUE,0.31191833701360505,weaker
GGGRAPV*DYVVL,A,*,5,8,Y,V,250,FALSE,TRUE,0.096723794067552,weaker
RRMIHESPWL,M,I,3,4,R,L,385,FALSE,TRUE,0.8684914228846927,weaker
RRKDHESPWL,K,D,3,4,R,L,385,FALSE,TRUE,0.8649545294743671,weaker
SGRCWFKDWL,C,K,4,7,F,S,363,FALSE,TRUE,0.140704587267438,weaker
DKHLPPLP,H,L,3,7,P,L,152,FALSE,TRUE,0.4613937439527458,weaker
GGGRAPVYDYVVL,A,Y,5,8,Y,V,250,FALSE,TRUE,0.1362101315669868,weaker
RRMQHESPWL,M,Q,3,4,R,L,385,FALSE,FALSE,0.9510170192595632,no significant difference
RRKAHESPWL,K,A,3,4,R,L,385,FALSE,TRUE,0.878114101594853,weaker
SGRCWFNDWL,C,N,4,7,F,S,363,FALSE,TRUE,0.19064069034765588,weaker
DKHLPPEP,H,E,3,7,P,L,152,FALSE,TRUE,0.33866385669328397,weaker
RRMHHESPWL,M,H,3,4,R,L,385,FALSE,FALSE,0.903858431793678,no significant difference
SGRCWFTDWL,C,T,4,7,F,S,363,FALSE,FALSE,0.7605780292937914,no significant difference
DKHLPPDP,H,D,3,7,P,L,152,FALSE,TRUE,0.25992954362608145,weaker
RRMPHESPWL,M,P,3,4,R,L,385,FALSE,FALSE,0.9264550535008276,no significant difference
RRKGHESPWL,K,G,3,4,R,L,385,FALSE,TRUE,0.8684670762202789,weaker
DKHLPPAP,H,A,3,7,P,L,152,FALSE,TRUE,0.19645492432693668,weaker
GGGRAPVWDYVVL,A,W,5,8,Y,V,250,FALSE,TRUE,-0.07047837730243803,weaker
SGRCWFRDWL,C,R,4,7,F,S,363,FALSE,TRUE,0.09598417911831414,weaker
GGGRAPVCDYVVL,A,C,5,8,Y,V,250,FALSE,TRUE,-0.015097684987742954,weaker
RRKVHESPWL,K,V,3,4,R,L,385,FALSE,TRUE,0.9145876341337037,weaker
SGRCWFSDWL,C,S,4,7,F,S,363,FALSE,FALSE,0.770951252133029,no significant difference
DKHLPPGP,H,G,3,7,P,L,152,FALSE,TRUE,0.27555101848862085,weaker
SGRCWFMDWL,C,M,4,7,F,S,363,FALSE,TRUE,0.16943483704208775,weaker
GGGRAPVFDYVVL,A,F,5,8,Y,V,250,FALSE,TRUE,-0.07630142782010407,weaker
RRMLHESPWL,M,L,3,4,R,L,385,FALSE,FALSE,0.9562601728242492,no significant difference
RRK*HESPWL,K,*,3,4,R,L,385,FALSE,TRUE,0.43664901291078045,weaker
SGRCWFIDWL,C,I,4,7,F,S,363,FALSE,TRUE,0.1782139265658274,weaker
DKHLPPVP,H,V,3,7,P,L,152,FALSE,TRUE,0.2955472925681534,weaker
RRKYHESPWL,K,Y,3,4,R,L,385,FALSE,TRUE,0.9111681553947334,weaker
SGRCWFQDWL,C,Q,4,7,F,S,363,FALSE,TRUE,0.1943679895486759,weaker
RRMEHESPWL,M,E,3,4,R,L,385,FALSE,FALSE,0.9125005116438808,no significant difference
SGRCWFHDWL,C,H,4,7,F,S,363,FALSE,TRUE,0.0974103957141077,weaker
DKHLPP*P,H,*,3,7,P,L,152,FALSE,TRUE,0.14169525198967936,weaker
RRMDHESPWL,M,D,3,4,R,L,385,FALSE,TRUE,0.8870295630799103,weaker
SGRCWFPDWL,C,P,4,7,F,S,363,FALSE,TRUE,0.17865520126899964,weaker
DKHLPPYP,H,Y,3,7,P,L,152,FALSE,TRUE,0.15447773316286417,weaker
RRMAHESPWL,M,A,3,4,R,L,385,FALSE,TRUE,0.883350487859647,weaker
RRKWHESPWL,K,W,3,4,R,L,385,FALSE,FALSE,0.9109147563870305,no significant difference
RRKCHESPWL,K,C,3,4,R,L,385,FALSE,FALSE,0.9279551405198164,no significant difference
RRMGHESPWL,M,G,3,4,R,L,385,FALSE,TRUE,0.9035557823252495,weaker
DKHLPPWP,H,W,3,7,P,L,152,FALSE,TRUE,0.25092590061704895,weaker
RRKFHESPWL,K,F,3,4,R,L,385,FALSE,TRUE,0.9126328541482018,weaker
SGRCWFLDWL,C,L,4,7,F,S,363,FALSE,TRUE,0.10339524531660266,weaker
DKHLPPCP,H,C,3,7,P,L,152,FALSE,TRUE,0.23440451380903984,weaker
RRMVHESPWL,M,V,3,4,R,L,385,FALSE,TRUE,0.9095770704415866,weaker
RRNKHESPWL,N,K,3,4,R,L,385,FALSE,TRUE,0.8869461200055455,weaker
RRNNHESPWL,N,N,3,4,R,L,385,FALSE,TRUE,0.8760310417995769,weaker
SGRCWFEDWL,C,E,4,7,F,S,363,FALSE,TRUE,0.28106126425885053,weaker
DKHLPPFP,H,F,3,7,P,L,152,FALSE,TRUE,0.2354669048583018,weaker
RRM*HESPWL,M,*,3,4,R,L,385,FALSE,TRUE,0.4624786210604839,weaker
RRNTHESPWL,N,T,3,4,R,L,385,FALSE,TRUE,0.8559380891015957,weaker
SGRCWFDDWL,C,D,4,7,F,S,363,FALSE,TRUE,0.3971041146406389,weaker
DKPLPPKP,P,K,3,7,P,L,152,FALSE,TRUE,0.543831898159594,weaker
RRMYHESPWL,M,Y,3,4,R,L,385,FALSE,FALSE,0.9158356054468436,no significant difference
SGRCWFADWL,C,A,4,7,F,S,363,FALSE,TRUE,0.17115653205458325,weaker
DKPLPPNP,P,N,3,7,P,L,152,FALSE,TRUE,0.3556118081389215,weaker
RRNRHESPWL,N,R,3,4,R,L,385,FALSE,TRUE,0.8508899311235868,weaker
DKPLPPTP,P,T,3,7,P,L,152,FALSE,TRUE,0.6143247872356488,weaker
RRNSHESPWL,N,S,3,4,R,L,385,FALSE,TRUE,0.8756954513594603,weaker
SGRCWFGDWL,C,G,4,7,F,S,363,FALSE,TRUE,0.2676338267756569,weaker
RRMWHESPWL,M,W,3,4,R,L,385,FALSE,TRUE,0.9198020625909262,weaker
RRNMHESPWL,N,M,3,4,R,L,385,FALSE,FALSE,0.912133904792294,no significant difference
RR*KHESPWL,*,K,3,4,R,L,385,FALSE,TRUE,0.4416052901956252,weaker
DKPLPPRP,P,R,3,7,P,L,152,FALSE,TRUE,0.5833196219991379,weaker
RRMCHESPWL,M,C,3,4,R,L,385,FALSE,TRUE,0.9138852520186298,weaker
RRNIHESPWL,N,I,3,4,R,L,385,FALSE,FALSE,0.9136523375677,no significant difference
RR*NHESPWL,*,N,3,4,R,L,385,FALSE,TRUE,0.3934299095367106,weaker
SGRCWFVDWL,C,V,4,7,F,S,363,FALSE,TRUE,0.20077682986424644,weaker
DKPLPPSP,P,S,3,7,P,L,152,FALSE,TRUE,0.4271998617687775,weaker
RRNQHESPWL,N,Q,3,4,R,L,385,FALSE,FALSE,0.9218126421586148,no significant difference
RR*THESPWL,*,T,3,4,R,L,385,FALSE,TRUE,0.37325600108003704,weaker
DKPLPPMP,P,M,3,7,P,L,152,FALSE,TRUE,0.4959040980136326,weaker
RRMFHESPWL,M,F,3,4,R,L,385,FALSE,TRUE,0.8898254103275558,weaker
RRNHHESPWL,N,H,3,4,R,L,385,FALSE,FALSE,0.8780640976195813,no significant difference
SGRCWF*DWL,C,*,4,7,F,S,363,FALSE,TRUE,0.07925914491615824,weaker
DKPLPPIP,P,I,3,7,P,L,152,FALSE,FALSE,0.7228236746618124,no significant difference
RRIKHESPWL,I,K,3,4,R,L,385,FALSE,TRUE,0.8852226432977339,weaker
RRNPHESPWL,N,P,3,4,R,L,385,FALSE,TRUE,0.8640485859694872,weaker
RR*RHESPWL,*,R,3,4,R,L,385,FALSE,TRUE,0.3825014952887171,weaker
SGRCWFYDWL,C,Y,4,7,F,S,363,FALSE,TRUE,0.3030372943268549,weaker
DKPLPPHP,P,H,3,7,P,L,152,FALSE,TRUE,0.5147215024614937,weaker
RRINHESPWL,I,N,3,4,R,L,385,FALSE,FALSE,0.8647250600051458,no significant difference
RR*SHESPWL,*,S,3,4,R,L,385,FALSE,TRUE,0.4198571330790879,weaker
RRITHESPWL,I,T,3,4,R,L,385,FALSE,FALSE,0.9199734758696536,no significant difference
RR*MHESPWL,*,M,3,4,R,L,385,FALSE,TRUE,0.4049150547666049,weaker
RR*IHESPWL,*,I,3,4,R,L,385,FALSE,TRUE,0.3463089655169855,weaker
SGRCWFWDWL,C,W,4,7,F,S,363,FALSE,TRUE,0.2904366242678923,weaker
DKPLPPLP,P,L,3,7,P,L,152,TRUE,FALSE,0.7613639068369705,no significant difference
RRIRHESPWL,I,R,3,4,R,L,385,FALSE,TRUE,0.8696499853322026,weaker
RRNLHESPWL,N,L,3,4,R,L,385,FALSE,FALSE,0.9690974223409232,no significant difference
RR*QHESPWL,*,Q,3,4,R,L,385,FALSE,TRUE,0.3509978080869593,weaker
SGRCWFCDWL,C,C,4,7,F,S,363,FALSE,TRUE,0.2591956159052859,weaker
DKPLPPEP,P,E,3,7,P,L,152,FALSE,TRUE,0.39266169514350513,weaker
RRISHESPWL,I,S,3,4,R,L,385,FALSE,TRUE,0.9104677672521142,weaker
RR*HHESPWL,*,H,3,4,R,L,385,FALSE,TRUE,0.3844500653147882,weaker
DKPLPPDP,P,D,3,7,P,L,152,FALSE,TRUE,0.30921266725717256,weaker
RRIMHESPWL,I,M,3,4,R,L,385,FALSE,FALSE,0.9611510023323676,no significant difference
RRNEHESPWL,N,E,3,4,R,L,385,FALSE,FALSE,0.9014955687821822,no significant difference
RR*PHESPWL,*,P,3,4,R,L,385,FALSE,TRUE,0.29753325545904674,weaker
SGRCWFFDWL,C,F,4,7,F,S,363,FALSE,TRUE,0.27252078476188313,weaker
DKPLPPAP,P,A,3,7,P,L,152,FALSE,TRUE,0.5344946467569159,weaker
GGGRGPVKDYVVL,G,K,5,8,Y,V,250,FALSE,TRUE,-0.158513610270955,weaker
RRIIHESPWL,I,I,3,4,R,L,385,FALSE,FALSE,0.9258123657637748,no significant difference
RRNDHESPWL,N,D,3,4,R,L,385,FALSE,TRUE,0.8854552214473457,weaker
SGRLWFKDWL,L,K,4,7,F,S,363,FALSE,TRUE,0.06243131164832123,weaker
GGGRGPVNDYVVL,G,N,5,8,Y,V,250,FALSE,TRUE,-0.07121450457646272,weaker
RRIQHESPWL,I,Q,3,4,R,L,385,FALSE,FALSE,0.9714016224412696,no significant difference
RRNAHESPWL,N,A,3,4,R,L,385,FALSE,TRUE,0.8694850106834455,weaker
SGRLWFNDWL,L,N,4,7,F,S,363,FALSE,TRUE,0.1755829293196072,weaker
DKPLPPGP,P,G,3,7,P,L,152,FALSE,TRUE,0.3323119715461139,weaker
GGGRGPVTDYVVL,G,T,5,8,Y,V,250,FALSE,TRUE,-0.03463601176185657,weaker
RRIHHESPWL,I,H,3,4,R,L,385,FALSE,FALSE,0.8634007414588211,no significant difference
SGRLWFTDWL,L,T,4,7,F,S,363,FALSE,TRUE,0.8130980918751475,stronger
RRIPHESPWL,I,P,3,4,R,L,385,FALSE,FALSE,0.9203402999401973,no significant difference
RRNGHESPWL,N,G,3,4,R,L,385,FALSE,TRUE,0.8707131939564783,weaker
RR*LHESPWL,*,L,3,4,R,L,385,FALSE,TRUE,0.4286723030867912,weaker
DKPLPPVP,P,V,3,7,P,L,152,FALSE,TRUE,0.6324002804847602,weaker
GGGRGPVRDYVVL,G,R,5,8,Y,V,250,FALSE,TRUE,-0.054761563671577286,weaker
SGRLWFRDWL,L,R,4,7,F,S,363,FALSE,TRUE,0.13249261615985777,weaker
GGGRGPVSDYVVL,G,S,5,8,Y,V,250,FALSE,TRUE,-0.07876334289209938,weaker
RRNVHESPWL,N,V,3,4,R,L,385,FALSE,TRUE,0.902504060554692,weaker
RR*EHESPWL,*,E,3,4,R,L,385,FALSE,TRUE,0.3879985506387376,weaker
SGRLWFSDWL,L,S,4,7,F,S,363,FALSE,TRUE,0.8293118185627368,stronger
DKPLPP*P,P,*,3,7,P,L,152,FALSE,TRUE,0.1250535876803867,weaker
GGGRGPVMDYVVL,G,M,5,8,Y,V,250,FALSE,TRUE,-0.05931622378303188,weaker
RR*DHESPWL,*,D,3,4,R,L,385,FALSE,TRUE,0.4138026812264889,weaker
SGRLWFMDWL,L,M,4,7,F,S,363,FALSE,TRUE,0.29472493416169165,weaker
DKPLPPYP,P,Y,3,7,P,L,152,FALSE,TRUE,0.5022281849277255,weaker
GGGRGPVIDYVVL,G,I,5,8,Y,V,250,FALSE,TRUE,-0.1805800953057738,weaker
RRILHESPWL,I,L,3,4,R,L,385,FALSE,FALSE,0.963417233132962,no significant difference
RRN*HESPWL,N,*,3,4,R,L,385,FALSE,TRUE,0.45551906327337954,weaker
RR*AHESPWL,*,A,3,4,R,L,385,FALSE,TRUE,0.3513735305484737,weaker
SGRLWFIDWL,L,I,4,7,F,S,363,FALSE,TRUE,0.18803757447967032,weaker
GGGRGPVQDYVVL,G,Q,5,8,Y,V,250,FALSE,TRUE,0.01083405021222004,weaker
RRNYHESPWL,N,Y,3,4,R,L,385,FALSE,FALSE,0.8873995900933257,no significant difference
SGRLWFQDWL,L,Q,4,7,F,S,363,FALSE,TRUE,0.2531324771270185,weaker
DKPLPPWP,P,W,3,7,P,L,152,FALSE,TRUE,0.31637654519422453,weaker
GGGRGPVHDYVVL,G,H,5,8,Y,V,250,FALSE,TRUE,0.04937618553780586,weaker
RRIEHESPWL,I,E,3,4,R,L,385,FALSE,FALSE,0.8946487755394028,no significant difference
RR*GHESPWL,*,G,3,4,R,L,385,FALSE,TRUE,0.42835646509905856,weaker
SGRLWFHDWL,L,H,4,7,F,S,363,FALSE,TRUE,0.23311404377581635,weaker
DKPLPPCP,P,C,3,7,P,L,152,FALSE,TRUE,0.4951095393099029,weaker
GGGRGPVPDYVVL,G,P,5,8,Y,V,250,FALSE,TRUE,0.08644547528314434,weaker
RRIDHESPWL,I,D,3,4,R,L,385,FALSE,TRUE,0.90654221092338,weaker
SGRLWFPDWL,L,P,4,7,F,S,363,FALSE,TRUE,0.16098599312970774,weaker
RRIAHESPWL,I,A,3,4,R,L,385,FALSE,TRUE,0.9151455555360013,weaker
RRNWHESPWL,N,W,3,4,R,L,385,FALSE,FALSE,0.8850460391408975,no significant difference
RR*VHESPWL,*,V,3,4,R,L,385,FALSE,TRUE,0.36533372404407627,weaker
RRNCHESPWL,N,C,3,4,R,L,385,FALSE,TRUE,0.8724378437126543,weaker
GGGRGPVLDYVVL,G,L,5,8,Y,V,250,FALSE,TRUE,-0.08876204245820422,weaker
RRIGHESPWL,I,G,3,4,R,L,385,FALSE,TRUE,0.9263849150617143,weaker
RR**HESPWL,*,*,3,4,R,L,385,FALSE,TRUE,0.33620536315996075,weaker
RRNFHESPWL,N,F,3,4,R,L,385,FALSE,FALSE,0.8962603259080268,no significant difference
RR*YHESPWL,*,Y,3,4,R,L,385,FALSE,TRUE,0.3048944030488095,weaker
SGRLWFLDWL,L,L,4,7,F,S,363,FALSE,TRUE,0.17098988414453614,weaker
GGGRGPVEDYVVL,G,E,5,8,Y,V,250,FALSE,TRUE,-0.012861958041600334,weaker
RRIVHESPWL,I,V,3,4,R,L,385,FALSE,TRUE,0.9061414203155103,weaker
RRTKHESPWL,T,K,3,4,R,L,385,FALSE,TRUE,0.8766739162186119,weaker
GGGRGPVDDYVVL,G,D,5,8,Y,V,250,FALSE,TRUE,-0.0932548099060804,weaker
RRTNHESPWL,T,N,3,4,R,L,385,FALSE,TRUE,0.8612627240808801,weaker
SGRLWFEDWL,L,E,4,7,F,S,363,FALSE,TRUE,0.3045467405988478,weaker
GGGRGPVADYVVL,G,A,5,8,Y,V,250,FALSE,TRUE,-0.10657252981390843,weaker
RRI*HESPWL,I,*,3,4,R,L,385,FALSE,TRUE,0.4319555937439041,weaker
RRTTHESPWL,T,T,3,4,R,L,385,FALSE,TRUE,0.8512157725454748,weaker
RR*WHESPWL,*,W,3,4,R,L,385,FALSE,TRUE,0.3751883184450745,weaker
SGRLWFDDWL,L,D,4,7,F,S,363,FALSE,TRUE,0.3086005529280236,weaker
RRIYHESPWL,I,Y,3,4,R,L,385,FALSE,TRUE,0.9208152157673904,weaker
RR*CHESPWL,*,C,3,4,R,L,385,FALSE,TRUE,0.44079620831264626,weaker
SGRLWFADWL,L,A,4,7,F,S,363,FALSE,TRUE,0.25805896526387273,weaker
GGGRGPVGDYVVL,G,G,5,8,Y,V,250,FALSE,TRUE,-0.1140978227874629,weaker
RRTRHESPWL,T,R,3,4,R,L,385,FALSE,TRUE,0.8692402989147998,weaker
RR*FHESPWL,*,F,3,4,R,L,385,FALSE,TRUE,0.4089609799297331,weaker
SGRLWFGDWL,L,G,4,7,F,S,363,FALSE,TRUE,0.26528851131619496,weaker
GGGRGPVVDYVVL,G,V,5,8,Y,V,250,FALSE,TRUE,-0.13873170487487957,weaker
RRIWHESPWL,I,W,3,4,R,L,385,FALSE,TRUE,0.9233272949282718,weaker
RRTMHESPWL,T,M,3,4,R,L,385,FALSE,FALSE,0.9095356440452138,no significant difference
RRYKHESPWL,Y,K,3,4,R,L,385,FALSE,FALSE,0.908750674416948,no significant difference
RRICHESPWL,I,C,3,4,R,L,385,FALSE,FALSE,0.8990688447829331,no significant difference
RRTIHESPWL,T,I,3,4,R,L,385,FALSE,TRUE,0.9077946203690335,weaker
RRYNHESPWL,Y,N,3,4,R,L,385,FALSE,TRUE,0.8517886814009027,weaker
SGRLWFVDWL,L,V,4,7,F,S,363,FALSE,TRUE,0.22386265428639965,weaker
GGGRGPV*DYVVL,G,*,5,8,Y,V,250,FALSE,TRUE,-0.03207455416676534,weaker
RRTQHESPWL,T,Q,3,4,R,L,385,FALSE,FALSE,0.927631048393787,no significant difference
RRYTHESPWL,Y,T,3,4,R,L,385,FALSE,TRUE,0.9109630471243741,weaker
GGGRGPVYDYVVL,G,Y,5,8,Y,V,250,FALSE,TRUE,-0.15531357221717232,weaker
RRIFHESPWL,I,F,3,4,R,L,385,FALSE,TRUE,0.9061956144387604,weaker
RRTHHESPWL,T,H,3,4,R,L,385,FALSE,TRUE,0.8755421120963907,weaker
SGRLWF*DWL,L,*,4,7,F,S,363,FALSE,TRUE,0.16304194820581636,weaker
RRQKHESPWL,Q,K,3,4,R,L,385,FALSE,FALSE,0.8973508928038578,no significant difference
RRTPHESPWL,T,P,3,4,R,L,385,FALSE,TRUE,0.9012943814279977,weaker
RRYRHESPWL,Y,R,3,4,R,L,385,FALSE,TRUE,0.8859964251800354,weaker
SGRLWFYDWL,L,Y,4,7,F,S,363,FALSE,TRUE,0.20430913089441397,weaker
RRQNHESPWL,Q,N,3,4,R,L,385,FALSE,FALSE,0.8521550459565157,no significant difference
RRYSHESPWL,Y,S,3,4,R,L,385,FALSE,TRUE,0.9134739600125614,weaker
GGGRGPVWDYVVL,G,W,5,8,Y,V,250,FALSE,TRUE,-0.24330920548487506,weaker
RRQTHESPWL,Q,T,3,4,R,L,385,FALSE,TRUE,0.8902374836287179,weaker
RRYMHESPWL,Y,M,3,4,R,L,385,FALSE,FALSE,0.9629885868142706,no significant difference
GGGRGPVCDYVVL,G,C,5,8,Y,V,250,FALSE,TRUE,-0.125536943633068,weaker
RRYIHESPWL,Y,I,3,4,R,L,385,FALSE,FALSE,0.917574147123707,no significant difference
SGRLWFWDWL,L,W,4,7,F,S,363,FALSE,TRUE,0.3149944919477572,weaker
RRQRHESPWL,Q,R,3,4,R,L,385,FALSE,TRUE,0.8542594724591092,weaker
RRYQHESPWL,Y,Q,3,4,R,L,385,FALSE,FALSE,0.928587550229347,no significant difference
SGRLWFCDWL,L,C,4,7,F,S,363,FALSE,TRUE,0.26581565568242116,weaker
GGGRGPVFDYVVL,G,F,5,8,Y,V,250,FALSE,TRUE,-0.15650459525015994,weaker
RRQSHESPWL,Q,S,3,4,R,L,385,FALSE,TRUE,0.8786075332644905,weaker
RRYHHESPWL,Y,H,3,4,R,L,385,FALSE,TRUE,0.8560069733637571,weaker
RRQMHESPWL,Q,M,3,4,R,L,385,FALSE,FALSE,0.9548736005971852,no significant difference
RRTEHESPWL,T,E,3,4,R,L,385,FALSE,TRUE,0.9297686011741253,weaker
RRYPHESPWL,Y,P,3,4,R,L,385,FALSE,TRUE,0.9063914005202846,weaker
SGRLWFFDWL,L,F,4,7,F,S,363,FALSE,TRUE,0.36883145601773143,weaker
RRQIHESPWL,Q,I,3,4,R,L,385,FALSE,TRUE,0.9076380381830328,weaker
RRTDHESPWL,T,D,3,4,R,L,385,FALSE,TRUE,0.8713108702806417,weaker
SGRFWFKDWL,F,K,4,7,F,S,363,FALSE,TRUE,-0.16159048015222352,weaker
RRQQHESPWL,Q,Q,3,4,R,L,385,FALSE,FALSE,0.94961553016128,no significant difference
SGRFWFNDWL,F,N,4,7,F,S,363,FALSE,TRUE,0.20723297970404583,weaker
RRQHHESPWL,Q,H,3,4,R,L,385,FALSE,FALSE,0.878951293384977,no significant difference
SGRFWFTDWL,F,T,4,7,F,S,363,FALSE,FALSE,0.7569422351104189,no significant difference
RRQPHESPWL,Q,P,3,4,R,L,385,FALSE,TRUE,0.8969859368554045,weaker
RRYLHESPWL,Y,L,3,4,R,L,385,FALSE,FALSE,0.949164519970327,no significant difference
DKPLPPFP,P,F,3,7,P,L,152,FALSE,TRUE,0.4591794105394441,weaker
SGRFWFRDWL,F,R,4,7,F,S,363,FALSE,TRUE,0.05113009792913486,weaker
RRYEHESPWL,Y,E,3,4,R,L,385,FALSE,FALSE,0.9491290057719556,no significant difference
SGRFWFSDWL,F,S,4,7,F,S,363,TRUE,FALSE,0.7381315366280661,no significant difference
RRYDHESPWL,Y,D,3,4,R,L,385,FALSE,FALSE,0.9387598583390296,no significant difference
SGRFWFMDWL,F,M,4,7,F,S,363,FALSE,TRUE,0.29999778566071156,weaker
RRQLHESPWL,Q,L,3,4,R,L,385,FALSE,FALSE,0.971055311829116,no significant difference
RRYAHESPWL,Y,A,3,4,R,L,385,FALSE,FALSE,0.9324424794182885,no significant difference
SGRFWFIDWL,F,I,4,7,F,S,363,FALSE,TRUE,0.1684857265167604,weaker
SGRFWFQDWL,F,Q,4,7,F,S,363,FALSE,TRUE,0.1993290428201005,weaker
RRQEHESPWL,Q,E,3,4,R,L,385,FALSE,FALSE,0.93336548695368,no significant difference
RRYGHESPWL,Y,G,3,4,R,L,385,FALSE,TRUE,0.9007310209659206,weaker
SGRFWFHDWL,F,H,4,7,F,S,363,FALSE,TRUE,0.2766468537097562,weaker
RRQDHESPWL,Q,D,3,4,R,L,385,FALSE,TRUE,0.8844616955135066,weaker
SGRFWFPDWL,F,P,4,7,F,S,363,FALSE,TRUE,0.1674620169436163,weaker
RRQAHESPWL,Q,A,3,4,R,L,385,FALSE,TRUE,0.8591244078890021,weaker
RRYVHESPWL,Y,V,3,4,R,L,385,FALSE,TRUE,0.9146628609553429,weaker
RRQGHESPWL,Q,G,3,4,R,L,385,FALSE,TRUE,0.8896458979016639,weaker
RRY*HESPWL,Y,*,3,4,R,L,385,FALSE,TRUE,0.3581166988380346,weaker
RRYYHESPWL,Y,Y,3,4,R,L,385,FALSE,FALSE,0.9241336532082236,no significant difference
SGRFWFLDWL,F,L,4,7,F,S,363,FALSE,TRUE,0.17110812542729287,weaker
RRQVHESPWL,Q,V,3,4,R,L,385,FALSE,TRUE,0.9346468216889063,weaker
SGRFWFEDWL,F,E,4,7,F,S,363,FALSE,TRUE,0.2457087452574541,weaker
RRQ*HESPWL,Q,*,3,4,R,L,385,FALSE,TRUE,0.39872738414336,weaker
RRYWHESPWL,Y,W,3,4,R,L,385,FALSE,TRUE,0.9060568549039104,weaker
SGRFWFDDWL,F,D,4,7,F,S,363,FALSE,TRUE,0.3379090210552145,weaker
RRQYHESPWL,Q,Y,3,4,R,L,385,FALSE,FALSE,0.9194635011747708,no significant difference
RRYCHESPWL,Y,C,3,4,R,L,385,FALSE,TRUE,0.9028101531079332,weaker
SGRFWFADWL,F,A,4,7,F,S,363,FALSE,TRUE,0.14584518276470132,weaker
RRYFHESPWL,Y,F,3,4,R,L,385,FALSE,TRUE,0.9068193694639762,weaker
SGRFWFGDWL,F,G,4,7,F,S,363,FALSE,TRUE,0.19372254570007885,weaker
RRQWHESPWL,Q,W,3,4,R,L,385,FALSE,TRUE,0.9146769931128956,weaker
RRQCHESPWL,Q,C,3,4,R,L,385,FALSE,TRUE,0.899880443338335,weaker
SGRFWFVDWL,F,V,4,7,F,S,363,FALSE,TRUE,0.10996299826030585,weaker
RRQFHESPWL,Q,F,3,4,R,L,385,FALSE,FALSE,0.9141452729223044,no significant difference
SGRFWF*DWL,F,*,4,7,F,S,363,FALSE,TRUE,0.14676325745914717,weaker
RRHKHESPWL,H,K,3,4,R,L,385,FALSE,TRUE,0.864759314575641,weaker
SGRFWFYDWL,F,Y,4,7,F,S,363,FALSE,TRUE,0.2742046836113634,weaker
RRHNHESPWL,H,N,3,4,R,L,385,FALSE,FALSE,0.8657374827772907,no significant difference
RRHTHESPWL,H,T,3,4,R,L,385,FALSE,TRUE,0.8809254206870807,weaker
SGRFWFWDWL,F,W,4,7,F,S,363,FALSE,TRUE,0.2727374415244703,weaker
RRHRHESPWL,H,R,3,4,R,L,385,FALSE,TRUE,0.8599818461912901,weaker
SGRFWFCDWL,F,C,4,7,F,S,363,FALSE,TRUE,0.20508322134287377,weaker
GGGRVPVKDYVVL,V,K,5,8,Y,V,250,FALSE,TRUE,-0.1403380126329018,weaker
RRHSHESPWL,H,S,3,4,R,L,385,FALSE,TRUE,0.8779013518063242,weaker
GGGRVPVNDYVVL,V,N,5,8,Y,V,250,FALSE,TRUE,-0.04035085844272894,weaker
RRHMHESPWL,H,M,3,4,R,L,385,FALSE,FALSE,0.9868380196176416,no significant difference
SGRFWFFDWL,F,F,4,7,F,S,363,FALSE,TRUE,0.3801181211601138,weaker
GGGRVPVTDYVVL,V,T,5,8,Y,V,250,FALSE,TRUE,-0.0632928666950367,weaker
RRHIHESPWL,H,I,3,4,R,L,385,FALSE,FALSE,0.9370102133662762,no significant difference
WFPAVDSLAPMP,NA,NA,NA,NA,NA,NA,reference,FALSE,FALSE,0,no significant difference
RRHQHESPWL,H,Q,3,4,R,L,385,FALSE,TRUE,0.905761720984635,weaker
WFPLVDYLVHIS,NA,NA,NA,NA,NA,NA,reference,FALSE,FALSE,0.25992954362608145,no significant difference
GGGRVPVRDYVVL,V,R,5,8,Y,V,250,FALSE,TRUE,0.018782227431199713,weaker
RRHHHESPWL,H,H,3,4,R,L,385,FALSE,FALSE,0.8348830021870386,no significant difference
GLLISRLEPSVPVL,I,E,4,8,W,A,299,FALSE,TRUE,-0.1320960277416263,weaker
GLL*SRLGPSVPVL,*,G,4,8,W,A,299,FALSE,TRUE,-0.06691973835081566,weaker
GGGRVPVSDYVVL,V,S,5,8,Y,V,250,FALSE,TRUE,-0.07578836644353465,weaker
RRHPHESPWL,H,P,3,4,R,L,385,FALSE,TRUE,0.8974903868814101,weaker
GLLISRLDPSVPVL,I,D,4,8,W,A,299,FALSE,TRUE,-0.03376461863704071,weaker
GGGRVPVMDYVVL,V,M,5,8,Y,V,250,FALSE,TRUE,0.004572736313983421,weaker
GLLISRLAPSVPVL,I,A,4,8,W,A,299,FALSE,TRUE,0.19792739622421557,weaker
GLL*SRLVPSVPVL,*,V,4,8,W,A,299,FALSE,TRUE,0.02526540011069785,weaker
GGGRVPVIDYVVL,V,I,5,8,Y,V,250,FALSE,TRUE,0.07620010568411963,weaker
GGGRVPVQDYVVL,V,Q,5,8,Y,V,250,FALSE,TRUE,0.014987405117090305,weaker
GLLISRLGPSVPVL,I,G,4,8,W,A,299,FALSE,TRUE,-0.21681870775485107,weaker
GLL*SRL*PSVPVL,*,*,4,8,W,A,299,FALSE,TRUE,0.13194752857530367,weaker
GGGRVPVHDYVVL,V,H,5,8,Y,V,250,FALSE,TRUE,-0.029257228569635196,weaker
RRHLHESPWL,H,L,3,4,R,L,385,FALSE,FALSE,0.9696112571767426,no significant difference
GLL*SRLYPSVPVL,*,Y,4,8,W,A,299,FALSE,TRUE,-0.1590926211764293,weaker
GGGRVPVPDYVVL,V,P,5,8,Y,V,250,FALSE,TRUE,0.13088793046444383,weaker
GLLISRLVPSVPVL,I,V,4,8,W,A,299,FALSE,TRUE,-0.13347595039537596,weaker
GLL*SRLSPSVPVL,*,S,4,8,W,A,299,FALSE,TRUE,-0.00904945969717308,weaker
RRHEHESPWL,H,E,3,4,R,L,385,FALSE,FALSE,0.8868557284004106,no significant difference
RRHDHESPWL,H,D,3,4,R,L,385,FALSE,FALSE,0.9077148619417892,no significant difference
GLLISRL*PSVPVL,I,*,4,8,W,A,299,FALSE,TRUE,-0.21933086902628487,weaker
GLL*SRLWPSVPVL,*,W,4,8,W,A,299,FALSE,TRUE,0.02158418752730178,weaker
GGGRVPVLDYVVL,V,L,5,8,Y,V,250,FALSE,TRUE,-0.13880255476979558,weaker
RRHAHESPWL,H,A,3,4,R,L,385,FALSE,TRUE,0.9010514299858736,weaker
GLLISRLYPSVPVL,I,Y,4,8,W,A,299,FALSE,TRUE,-0.18495356183503045,weaker
GLL*SRLCPSVPVL,*,C,4,8,W,A,299,FALSE,TRUE,-0.0973738243719854,weaker
GLLISRLSPSVPVL,I,S,4,8,W,A,299,FALSE,TRUE,-0.13128888131546515,weaker
GLL*SRLLPSVPVL,*,L,4,8,W,A,299,FALSE,TRUE,-0.02941536421049008,weaker
GGGRVPVEDYVVL,V,E,5,8,Y,V,250,FALSE,TRUE,0.07689826534949143,weaker
RRHGHESPWL,H,G,3,4,R,L,385,FALSE,TRUE,0.890675537227614,weaker
GLL*SRLFPSVPVL,*,F,4,8,W,A,299,FALSE,TRUE,-0.0742780218418897,weaker
GGGRVPVDDYVVL,V,D,5,8,Y,V,250,FALSE,TRUE,-0.170643623977487,weaker
GLLISRLWPSVPVL,I,W,4,8,W,A,299,FALSE,TRUE,-0.14263306178126908,weaker
GLLYSRLKPSVPVL,Y,K,4,8,W,A,299,FALSE,TRUE,-0.10975325911862326,weaker
GGGRVPVADYVVL,V,A,5,8,Y,V,250,FALSE,TRUE,0.009365227097729535,weaker
RRHVHESPWL,H,V,3,4,R,L,385,FALSE,FALSE,0.908477538531892,no significant difference
GLLISRLCPSVPVL,I,C,4,8,W,A,299,FALSE,TRUE,0.03404368895364895,weaker
GLLYSRLNPSVPVL,Y,N,4,8,W,A,299,FALSE,TRUE,0.11756350005662455,weaker
GLLISRLLPSVPVL,I,L,4,8,W,A,299,FALSE,TRUE,-0.1225384133461292,weaker
GLLYSRLTPSVPVL,Y,T,4,8,W,A,299,FALSE,TRUE,-0.09779903999582547,weaker
GGGRVPVGDYVVL,V,G,5,8,Y,V,250,FALSE,TRUE,-0.16437713056643258,weaker
RRH*HESPWL,H,*,3,4,R,L,385,FALSE,TRUE,0.47826023663444733,weaker
GLLISRLFPSVPVL,I,F,4,8,W,A,299,FALSE,TRUE,-0.2355925765864641,weaker
RRHYHESPWL,H,Y,3,4,R,L,385,FALSE,FALSE,0.9089745846096714,no significant difference
GLLQSRLKPSVPVL,Q,K,4,8,W,A,299,FALSE,TRUE,0.14879782267560385,weaker
GLLYSRLRPSVPVL,Y,R,4,8,W,A,299,FALSE,TRUE,-0.08701795664492362,weaker
GGGRVPVVDYVVL,V,V,5,8,Y,V,250,FALSE,TRUE,5.664549265053456e-4,weaker
GLLQSRLNPSVPVL,Q,N,4,8,W,A,299,FALSE,TRUE,-5.5615058817449936e-5,weaker
GLLYSRLSPSVPVL,Y,S,4,8,W,A,299,FALSE,TRUE,0.02290310308982873,weaker
GLLQSRLTPSVPVL,Q,T,4,8,W,A,299,FALSE,TRUE,0.08917168128663122,weaker
GLLYSRLMPSVPVL,Y,M,4,8,W,A,299,FALSE,TRUE,-0.19800769961254852,weaker
GGGRVPV*DYVVL,V,*,5,8,Y,V,250,FALSE,TRUE,-0.029575280163595823,weaker
RRHWHESPWL,H,W,3,4,R,L,385,FALSE,TRUE,0.8984599068398831,weaker
GLLYSRLIPSVPVL,Y,I,4,8,W,A,299,FALSE,TRUE,-0.21402005397224777,weaker
GGGRVPVYDYVVL,V,Y,5,8,Y,V,250,FALSE,TRUE,-0.209564882709974,weaker
RRHCHESPWL,H,C,3,4,R,L,385,FALSE,TRUE,0.886607990516886,weaker
GLLQSRLRPSVPVL,Q,R,4,8,W,A,299,FALSE,TRUE,-0.11015546607327524,weaker
GLLYSRLQPSVPVL,Y,Q,4,8,W,A,299,FALSE,TRUE,-0.05474545692152691,weaker
GLLQSRLSPSVPVL,Q,S,4,8,W,A,299,FALSE,TRUE,0.00838910726285988,weaker
GLLYSRLHPSVPVL,Y,H,4,8,W,A,299,FALSE,TRUE,-0.11956671625957012,weaker
RRHFHESPWL,H,F,3,4,R,L,385,FALSE,FALSE,0.913381229224844,no significant difference
GLLQSRLMPSVPVL,Q,M,4,8,W,A,299,FALSE,TRUE,-0.07202021934967612,weaker
GLLYSRLPPSVPVL,Y,P,4,8,W,A,299,FALSE,TRUE,0.3612352711607685,weaker
GGGRVPVWDYVVL,V,W,5,8,Y,V,250,FALSE,TRUE,-0.08371726243845307,weaker
RRPKHESPWL,P,K,3,4,R,L,385,FALSE,TRUE,0.8483606886805353,weaker
GLLQSRLIPSVPVL,Q,I,4,8,W,A,299,FALSE,TRUE,-0.04980749516592581,weaker
GGGRVPVCDYVVL,V,C,5,8,Y,V,250,FALSE,TRUE,-0.07967410126783425,weaker
RRPNHESPWL,P,N,3,4,R,L,385,FALSE,TRUE,0.8803226132627284,weaker
GLLQSRLQPSVPVL,Q,Q,4,8,W,A,299,FALSE,TRUE,0.071428918330359,weaker
RRPTHESPWL,P,T,3,4,R,L,385,FALSE,TRUE,0.9186472259558542,weaker
GLLQSRLHPSVPVL,Q,H,4,8,W,A,299,FALSE,TRUE,0.0578144485557838,weaker
GGGRVPVFDYVVL,V,F,5,8,Y,V,250,FALSE,TRUE,-0.17943814379321843,weaker
RRPRHESPWL,P,R,3,4,R,L,385,FALSE,TRUE,0.8904855669348676,weaker
GLLQSRLPPSVPVL,Q,P,4,8,W,A,299,FALSE,TRUE,0.07256750997773384,weaker
GLLYSRLLPSVPVL,Y,L,4,8,W,A,299,FALSE,TRUE,-0.1246898381525378,weaker
RRPSHESPWL,P,S,3,4,R,L,385,FALSE,TRUE,0.8995699285196812,weaker
RRPMHESPWL,P,M,3,4,R,L,385,FALSE,FALSE,0.9348887721068995,no significant difference
GLLYSRLEPSVPVL,Y,E,4,8,W,A,299,FALSE,TRUE,-0.1979734851089433,weaker
RRPIHESPWL,P,I,3,4,R,L,385,FALSE,TRUE,0.9071422990129937,weaker
GLLYSRLDPSVPVL,Y,D,4,8,W,A,299,FALSE,TRUE,-0.1872971024823415,weaker
DKLLPPKP,L,K,3,7,P,L,152,FALSE,TRUE,0.28849667972108956,weaker
RRPQHESPWL,P,Q,3,4,R,L,385,FALSE,TRUE,0.9082643221147035,weaker
GLLQSRLLPSVPVL,Q,L,4,8,W,A,299,FALSE,TRUE,-0.03620791870754614,weaker
GLLYSRLAPSVPVL,Y,A,4,8,W,A,299,FALSE,FALSE,0.5359930084840231,no significant difference
DKLLPPNP,L,N,3,7,P,L,152,FALSE,TRUE,0.2007582262401571,weaker
RRPHHESPWL,P,H,3,4,R,L,385,FALSE,TRUE,0.8578316693575909,weaker
DKLLPPTP,L,T,3,7,P,L,152,FALSE,TRUE,0.4270193575240683,weaker
RRPPHESPWL,P,P,3,4,R,L,385,FALSE,TRUE,0.9140611390030464,weaker
GLLQSRLEPSVPVL,Q,E,4,8,W,A,299,FALSE,TRUE,0.00348417970838787,weaker
GLLYSRLGPSVPVL,Y,G,4,8,W,A,299,FALSE,TRUE,-0.16985196360381838,weaker
GLLQSRLDPSVPVL,Q,D,4,8,W,A,299,FALSE,TRUE,0.02844926926200537,weaker
DKLLPPRP,L,R,3,7,P,L,152,FALSE,TRUE,0.29455741112403866,weaker
GLLQSRLAPSVPVL,Q,A,4,8,W,A,299,FALSE,TRUE,0.026547566390121034,weaker
GLLYSRLVPSVPVL,Y,V,4,8,W,A,299,FALSE,TRUE,-0.2338662905609702,weaker
DKLLPPSP,L,S,3,7,P,L,152,FALSE,TRUE,0.21307684357665768,weaker
DKLLPPMP,L,M,3,7,P,L,152,FALSE,TRUE,0.2648639562785513,weaker
RRPLHESPWL,P,L,3,4,R,L,385,FALSE,FALSE,0.9794043173845376,no significant difference
GLLQSRLGPSVPVL,Q,G,4,8,W,A,299,FALSE,TRUE,-0.022978420053138278,weaker
GLLYSRL*PSVPVL,Y,*,4,8,W,A,299,FALSE,TRUE,-0.1031996752210292,weaker
DKLLPPIP,L,I,3,7,P,L,152,FALSE,TRUE,0.40338824507270954,weaker
GLLYSRLYPSVPVL,Y,Y,4,8,W,A,299,FALSE,TRUE,-0.18136181290561376,weaker
DKLLPPQP,L,Q,3,7,P,L,152,FALSE,TRUE,0.23030620518376105,weaker
RRPEHESPWL,P,E,3,4,R,L,385,FALSE,FALSE,0.9211966241771925,no significant difference
GLLQSRLVPSVPVL,Q,V,4,8,W,A,299,FALSE,TRUE,-0.17868641658313045,weaker
DKLLPPHP,L,H,3,7,P,L,152,FALSE,TRUE,0.31231117881444426,weaker
RRPDHESPWL,P,D,3,4,R,L,385,FALSE,FALSE,0.8687390138848803,no significant difference
DKLLPPPP,L,P,3,7,P,L,152,FALSE,TRUE,0.39874761602010655,weaker
RRPAHESPWL,P,A,3,4,R,L,385,FALSE,TRUE,0.887079041849589,weaker
GLLQSRL*PSVPVL,Q,*,4,8,W,A,299,FALSE,TRUE,-0.02633764020987889,weaker
GLLYSRLWPSVPVL,Y,W,4,8,W,A,299,FALSE,TRUE,-0.09305979535005246,weaker
GLLQSRLYPSVPVL,Q,Y,4,8,W,A,299,FALSE,TRUE,0.03968213676794376,weaker
GLLYSRLCPSVPVL,Y,C,4,8,W,A,299,FALSE,TRUE,-0.2438634561946538,weaker
RRPGHESPWL,P,G,3,4,R,L,385,FALSE,TRUE,0.8861421964014919,weaker
DKLLPPLP,L,L,3,7,P,L,152,FALSE,TRUE,0.4560744847825219,weaker
GLLYSRLFPSVPVL,Y,F,4,8,W,A,299,FALSE,TRUE,-0.09933805437787745,weaker
RRPVHESPWL,P,V,3,4,R,L,385,FALSE,FALSE,0.9344949046059681,no significant difference
GLLQSRLWPSVPVL,Q,W,4,8,W,A,299,FALSE,TRUE,-0.17390835006027278,weaker
GLLSSRLKPSVPVL,S,K,4,8,W,A,299,FALSE,TRUE,-0.0978020168745764,weaker
DKLLPPEP,L,E,3,7,P,L,152,FALSE,TRUE,0.27943643720411004,weaker
GLLQSRLCPSVPVL,Q,C,4,8,W,A,299,FALSE,TRUE,-0.01987269191929423,weaker
GLLSSRLNPSVPVL,S,N,4,8,W,A,299,FALSE,TRUE,-0.07683158880129459,weaker
DKLLPPDP,L,D,3,7,P,L,152,FALSE,TRUE,0.2357401456563978,weaker
RRP*HESPWL,P,*,3,4,R,L,385,FALSE,TRUE,0.25667833272250357,weaker
GLLSSRLTPSVPVL,S,T,4,8,W,A,299,FALSE,TRUE,-0.024225575745208495,weaker
DKLLPPAP,L,A,3,7,P,L,152,FALSE,TRUE,0.3155844359906695,weaker
RRPYHESPWL,P,Y,3,4,R,L,385,FALSE,FALSE,0.941997273675909,no significant difference
GLLQSRLFPSVPVL,Q,F,4,8,W,A,299,FALSE,TRUE,-0.06791554698713402,weaker
GLLHSRLKPSVPVL,H,K,4,8,W,A,299,FALSE,TRUE,-0.1590926211764293,weaker
GLLSSRLRPSVPVL,S,R,4,8,W,A,299,FALSE,TRUE,-0.09637849754177574,weaker
DKLLPPGP,L,G,3,7,P,L,152,FALSE,TRUE,0.20660926867603924,weaker
GLLHSRLNPSVPVL,H,N,4,8,W,A,299,FALSE,TRUE,-0.07524983576476535,weaker
GLLSSRLSPSVPVL,S,S,4,8,W,A,299,FALSE,TRUE,-0.08928162818548674,weaker
RRPWHESPWL,P,W,3,4,R,L,385,FALSE,TRUE,0.8912475822170381,weaker
GLLHSRLTPSVPVL,H,T,4,8,W,A,299,FALSE,TRUE,0.02531595094932612,weaker
GLLSSRLMPSVPVL,S,M,4,8,W,A,299,FALSE,TRUE,-0.1496150313431987,weaker
DKLLPPVP,L,V,3,7,P,L,152,FALSE,TRUE,0.3520700899725051,weaker
RRPCHESPWL,P,C,3,4,R,L,385,FALSE,FALSE,0.9365842331156387,no significant difference
RRWKHESPWL,W,K,3,4,R,L,385,FALSE,TRUE,0.8930885374007868,weaker
GLLSSRLIPSVPVL,S,I,4,8,W,A,299,FALSE,TRUE,-0.12636378275863286,weaker
GLLHSRLRPSVPVL,H,R,4,8,W,A,299,FALSE,TRUE,-0.08824245673092171,weaker
RRWNHESPWL,W,N,3,4,R,L,385,FALSE,TRUE,0.8958387858747922,weaker
GLLSSRLQPSVPVL,S,Q,4,8,W,A,299,FALSE,TRUE,-0.09424380437258588,weaker
DKLLPP*P,L,*,3,7,P,L,152,FALSE,TRUE,0.11930744213249912,weaker
RRPFHESPWL,P,F,3,4,R,L,385,FALSE,TRUE,0.9308886956396498,weaker
GLLHSRLSPSVPVL,H,S,4,8,W,A,299,FALSE,TRUE,0.00348417970838787,weaker
RRWTHESPWL,W,T,3,4,R,L,385,FALSE,TRUE,0.9130523854152999,weaker
GLLSSRLHPSVPVL,S,H,4,8,W,A,299,FALSE,TRUE,-0.03442562432028522,weaker
DKLLPPYP,L,Y,3,7,P,L,152,FALSE,TRUE,0.200342224429682,weaker
GLLHSRLMPSVPVL,H,M,4,8,W,A,299,FALSE,TRUE,-0.0815241467814989,weaker
GLLSSRLPPSVPVL,S,P,4,8,W,A,299,FALSE,TRUE,0.01699713302231262,weaker
GLLHSRLIPSVPVL,H,I,4,8,W,A,299,FALSE,TRUE,-0.06201585991745111,weaker
RRWRHESPWL,W,R,3,4,R,L,385,FALSE,TRUE,0.8934968886876755,weaker
GLLHSRLQPSVPVL,H,Q,4,8,W,A,299,FALSE,TRUE,0.07092262269016611,weaker
RRWSHESPWL,W,S,3,4,R,L,385,FALSE,TRUE,0.9038502267505494,weaker
DKLLPPWP,L,W,3,7,P,L,152,FALSE,TRUE,0.18060512189763991,weaker
GLLHSRLHPSVPVL,H,H,4,8,W,A,299,FALSE,TRUE,1.5466028846203056e-4,weaker
RRWMHESPWL,W,M,3,4,R,L,385,FALSE,FALSE,0.9647032355200142,no significant difference
DKLLPPCP,L,C,3,7,P,L,152,FALSE,TRUE,0.29178307072265686,weaker
GGGR*PVKDYVVL,*,K,5,8,Y,V,250,FALSE,TRUE,0.02591639503162527,weaker
GLLHSRLPPSVPVL,H,P,4,8,W,A,299,FALSE,TRUE,0.16007807362258544,weaker
RRWIHESPWL,W,I,3,4,R,L,385,FALSE,FALSE,0.9180176642730592,no significant difference
GLLSSRLLPSVPVL,S,L,4,8,W,A,299,FALSE,TRUE,-0.1178240958226407,weaker
GGGR*PVNDYVVL,*,N,5,8,Y,V,250,FALSE,FALSE,-0.09538662039497192,no significant difference
RRWQHESPWL,W,Q,3,4,R,L,385,FALSE,FALSE,0.9079779436799094,no significant difference
DKLLPPFP,L,F,3,7,P,L,152,FALSE,TRUE,0.19932904282010033,weaker
GGGR*PVTDYVVL,*,T,5,8,Y,V,250,FALSE,TRUE,0.07559765689051874,weaker
RRWHHESPWL,W,H,3,4,R,L,385,FALSE,TRUE,0.8772634990930075,weaker
GLLSSRLEPSVPVL,S,E,4,8,W,A,299,FALSE,TRUE,-0.18197793405965393,weaker
RRWPHESPWL,W,P,3,4,R,L,385,FALSE,TRUE,0.9019645495041577,weaker
GLLSSRLDPSVPVL,S,D,4,8,W,A,299,FALSE,TRUE,-0.02941536421049008,weaker
GGGR*PVRDYVVL,*,R,5,8,Y,V,250,FALSE,TRUE,-0.08578444162601541,weaker
GLLHSRLLPSVPVL,H,L,4,8,W,A,299,FALSE,TRUE,-0.12802139593748688,weaker
GLLSSRLAPSVPVL,S,A,4,8,W,A,299,FALSE,TRUE,0.09330815540873671,weaker
GGGR*PVSDYVVL,*,S,5,8,Y,V,250,FALSE,TRUE,0.00625606054629037,weaker
GGGR*PVMDYVVL,*,M,5,8,Y,V,250,FALSE,TRUE,0.04666247619950381,weaker
GLLHSRLEPSVPVL,H,E,4,8,W,A,299,FALSE,TRUE,0.03445013847525267,weaker
GLLSSRLGPSVPVL,S,G,4,8,W,A,299,FALSE,TRUE,-0.14154081384511996,weaker
GGGR*PVIDYVVL,*,I,5,8,Y,V,250,FALSE,TRUE,-0.12008029941877048,weaker
GLLHSRLDPSVPVL,H,D,4,8,W,A,299,FALSE,TRUE,-0.13735019904623924,weaker
RRWLHESPWL,W,L,3,4,R,L,385,FALSE,FALSE,0.9517715846742596,no significant difference
GGGR*PVQDYVVL,*,Q,5,8,Y,V,250,FALSE,TRUE,0.00629430543111016,weaker
GLLHSRLAPSVPVL,H,A,4,8,W,A,299,FALSE,TRUE,0.11776788003208107,weaker
GLLSSRLVPSVPVL,S,V,4,8,W,A,299,FALSE,TRUE,-0.14150699894782037,weaker
GGGR*PVHDYVVL,*,H,5,8,Y,V,250,FALSE,TRUE,0.06536698096457505,weaker
RRWEHESPWL,W,E,3,4,R,L,385,FALSE,FALSE,0.9472864981341046,no significant difference
GGGR*PVPDYVVL,*,P,5,8,Y,V,250,FALSE,TRUE,0.16610118232421867,weaker
GLLHSRLGPSVPVL,H,G,4,8,W,A,299,FALSE,TRUE,-0.182544736103248,weaker
RRWDHESPWL,W,D,3,4,R,L,385,FALSE,FALSE,0.906245486054537,no significant difference
GLLSSRL*PSVPVL,S,*,4,8,W,A,299,FALSE,TRUE,-0.04449756291530267,weaker
RRWAHESPWL,W,A,3,4,R,L,385,FALSE,TRUE,0.9140847340578763,weaker
GLLSSRLYPSVPVL,S,Y,4,8,W,A,299,FALSE,TRUE,-0.11015546607327524,weaker
GLLHSRLVPSVPVL,H,V,4,8,W,A,299,FALSE,TRUE,-0.1388445744804696,weaker
RRWGHESPWL,W,G,3,4,R,L,385,FALSE,TRUE,0.9257261424289195,weaker
GGGR*PVLDYVVL,*,L,5,8,Y,V,250,FALSE,TRUE,-0.02426069120521827,weaker
GLLHSRL*PSVPVL,H,*,4,8,W,A,299,FALSE,TRUE,-0.03478611958899106,weaker
GLLSSRLWPSVPVL,S,W,4,8,W,A,299,FALSE,TRUE,-0.16522619283186726,weaker
GLLHSRLYPSVPVL,H,Y,4,8,W,A,299,FALSE,TRUE,0.03732172131830865,weaker
RRWVHESPWL,W,V,3,4,R,L,385,FALSE,TRUE,0.909758090786722,weaker
GLLSSRLCPSVPVL,S,C,4,8,W,A,299,FALSE,TRUE,-0.19629171358161868,weaker
GGGR*PVEDYVVL,*,E,5,8,Y,V,250,FALSE,TRUE,-0.00446998648218419,weaker
GGGR*PVDDYVVL,*,D,5,8,Y,V,250,FALSE,TRUE,-0.00771368792278606,weaker
RRW*HESPWL,W,*,3,4,R,L,385,FALSE,TRUE,0.4203029409466515,weaker
GLLSSRLFPSVPVL,S,F,4,8,W,A,299,FALSE,TRUE,-0.1979734851089433,weaker
GGGR*PVADYVVL,*,A,5,8,Y,V,250,FALSE,TRUE,-0.0029074365076904203,weaker
GLLHSRLWPSVPVL,H,W,4,8,W,A,299,FALSE,TRUE,-0.05054831533254917,weaker
RRWYHESPWL,W,Y,3,4,R,L,385,FALSE,TRUE,0.889028283758958,weaker
GLLHSRLCPSVPVL,H,C,4,8,W,A,299,FALSE,TRUE,-0.13031091495329922,weaker
GGGR*PVGDYVVL,*,G,5,8,Y,V,250,FALSE,TRUE,-0.05351874145931125,weaker
GLLHSRLFPSVPVL,H,F,4,8,W,A,299,FALSE,TRUE,-0.12050027515287091,weaker
RRWWHESPWL,W,W,3,4,R,L,385,FALSE,TRUE,0.9087524808781976,weaker
GGGR*PVVDYVVL,*,V,5,8,Y,V,250,FALSE,TRUE,-0.0509475841992522,weaker
GLLPSRLKPSVPVL,P,K,4,8,W,A,299,FALSE,TRUE,-0.006847437203073596,weaker
RRWCHESPWL,W,C,3,4,R,L,385,FALSE,TRUE,0.8879881278393364,weaker
GLLPSRLNPSVPVL,P,N,4,8,W,A,299,FALSE,TRUE,0.04915990326712269,weaker
GGGR*PV*DYVVL,*,*,5,8,Y,V,250,FALSE,TRUE,-0.22333784576698568,weaker
GLLPSRLTPSVPVL,P,T,4,8,W,A,299,FALSE,TRUE,0.11207401714829496,weaker
RRWFHESPWL,W,F,3,4,R,L,385,FALSE,TRUE,0.876027353325429,weaker
GGGR*PVYDYVVL,*,Y,5,8,Y,V,250,FALSE,TRUE,0.06029484301892794,weaker
RRCKHESPWL,C,K,3,4,R,L,385,FALSE,TRUE,0.8702331210891052,weaker
GLLPSRLRPSVPVL,P,R,4,8,W,A,299,FALSE,TRUE,0.037487990895525486,weaker
RRCNHESPWL,C,N,3,4,R,L,385,FALSE,TRUE,0.9007567089521716,weaker
GLLPSRLSPSVPVL,P,S,4,8,W,A,299,FALSE,TRUE,0.03672689823544558,weaker
RRCTHESPWL,C,T,3,4,R,L,385,FALSE,TRUE,0.8809209237592378,weaker
GGGR*PVWDYVVL,*,W,5,8,Y,V,250,FALSE,TRUE,-0.01752981076022701,weaker
GLLPSRLMPSVPVL,P,M,4,8,W,A,299,FALSE,TRUE,0.015332245665096274,weaker
GGGR*PVCDYVVL,*,C,5,8,Y,V,250,FALSE,TRUE,-0.24413226352245623,weaker
GLLPSRLIPSVPVL,P,I,4,8,W,A,299,FALSE,TRUE,0.016706050113846245,weaker
RRCRHESPWL,C,R,3,4,R,L,385,FALSE,TRUE,0.8697792024510871,weaker
GLLPSRLQPSVPVL,P,Q,4,8,W,A,299,FALSE,TRUE,0.054383948842232285,weaker
RRCSHESPWL,C,S,3,4,R,L,385,FALSE,TRUE,0.886907440784532,weaker
GGGR*PVFDYVVL,*,F,5,8,Y,V,250,FALSE,TRUE,-0.08561637658246304,weaker
GLLPSRLHPSVPVL,P,H,4,8,W,A,299,FALSE,TRUE,0.08172191676998149,weaker
RRCMHESPWL,C,M,3,4,R,L,385,FALSE,FALSE,0.9516891581662862,no significant difference
GGGRYPVKDYVVL,Y,K,5,8,Y,V,250,FALSE,TRUE,0.0844254304476407,weaker
GLLPSRLPPSVPVL,P,P,4,8,W,A,299,FALSE,TRUE,0.24156291680779143,weaker
RRCIHESPWL,C,I,3,4,R,L,385,FALSE,TRUE,0.9148018055983168,weaker
DKELPPKP,E,K,3,7,P,L,152,FALSE,TRUE,0.43039458831193994,weaker
GGGRYPVNDYVVL,Y,N,5,8,Y,V,250,FALSE,TRUE,-0.03278706022786013,weaker
RRCQHESPWL,C,Q,3,4,R,L,385,FALSE,FALSE,0.9185738601955068,no significant difference
DKELPPNP,E,N,3,7,P,L,152,FALSE,FALSE,0.3515072067957232,no significant difference
GGGRYPVTDYVVL,Y,T,5,8,Y,V,250,FALSE,TRUE,0.22245213233580727,weaker
RRCHHESPWL,C,H,3,4,R,L,385,FALSE,TRUE,0.8558377880197046,weaker
DKELPPTP,E,T,3,7,P,L,152,FALSE,TRUE,0.5105068686149479,weaker
GLLPSRLLPSVPVL,P,L,4,8,W,A,299,FALSE,TRUE,-0.04076354007279308,weaker
RRCPHESPWL,C,P,3,4,R,L,385,FALSE,TRUE,0.9243525338519231,weaker
GGGRYPVRDYVVL,Y,R,5,8,Y,V,250,FALSE,TRUE,0.28197615569131074,weaker
DKELPPRP,E,R,3,7,P,L,152,FALSE,TRUE,0.39285805596314743,weaker
GGGRYPVSDYVVL,Y,S,5,8,Y,V,250,FALSE,TRUE,0.01702539025292874,weaker
GLLPSRLEPSVPVL,P,E,4,8,W,A,299,FALSE,TRUE,-0.014359796380608284,weaker
DKELPPSP,E,S,3,7,P,L,152,FALSE,TRUE,0.3449637632220576,weaker
GGGRYPVMDYVVL,Y,M,5,8,Y,V,250,FALSE,TRUE,0.06618632169478283,weaker
GLLPSRLDPSVPVL,P,D,4,8,W,A,299,FALSE,TRUE,0.047297585533918725,weaker
DKELPPMP,E,M,3,7,P,L,152,FALSE,TRUE,0.3776765832941136,weaker
GGGRYPVIDYVVL,Y,I,5,8,Y,V,250,FALSE,FALSE,0.40004721415002453,no significant difference
GLLPSRLAPSVPVL,P,A,4,8,W,A,299,FALSE,FALSE,0.4304467755034882,no significant difference
RRCLHESPWL,C,L,3,4,R,L,385,FALSE,FALSE,0.9556647152397268,no significant difference
DKELPPIP,E,I,3,7,P,L,152,FALSE,TRUE,0.6065496170884963,weaker
GGGRYPVQDYVVL,Y,Q,5,8,Y,V,250,FALSE,TRUE,0.11497938571180512,weaker
DKELPPQP,E,Q,3,7,P,L,152,FALSE,TRUE,0.3859876685976611,weaker
GGGRYPVHDYVVL,Y,H,5,8,Y,V,250,FALSE,TRUE,-0.04177904086844009,weaker
GLLPSRLGPSVPVL,P,G,4,8,W,A,299,FALSE,TRUE,-0.07511560091011923,weaker
RRCEHESPWL,C,E,3,4,R,L,385,FALSE,FALSE,0.9250908034159973,no significant difference
DKELPPHP,E,H,3,7,P,L,152,FALSE,TRUE,0.2496101520366744,weaker
GGGRYPVPDYVVL,Y,P,5,8,Y,V,250,FALSE,FALSE,0.4364918923835395,no significant difference
RRCDHESPWL,C,D,3,4,R,L,385,FALSE,TRUE,0.8876490752206994,weaker
DKELPPPP,E,P,3,7,P,L,152,FALSE,FALSE,0.3170975235839239,no significant difference
GLLPSRLVPSVPVL,P,V,4,8,W,A,299,FALSE,TRUE,-0.048424445601087746,weaker
RRCAHESPWL,C,A,3,4,R,L,385,FALSE,TRUE,0.8976380777233004,weaker
GGGRYPVLDYVVL,Y,L,5,8,Y,V,250,FALSE,TRUE,0.06942886961549688,weaker
GLLPSRL*PSVPVL,P,*,4,8,W,A,299,FALSE,TRUE,0.0727520607176096,weaker
RRCGHESPWL,C,G,3,4,R,L,385,FALSE,TRUE,0.9058834490430963,weaker
DKELPPLP,E,L,3,7,P,L,152,FALSE,TRUE,0.658027612955641,weaker
GLLPSRLYPSVPVL,P,Y,4,8,W,A,299,FALSE,TRUE,0.013497842582662114,weaker
GGGRYPVEDYVVL,Y,E,5,8,Y,V,250,FALSE,FALSE,0.32761040237344824,no significant difference
RRCVHESPWL,C,V,3,4,R,L,385,FALSE,TRUE,0.915959417250512,weaker
DKELPPEP,E,E,3,7,P,L,152,FALSE,TRUE,0.3200141299565448,weaker
GGGRYPVDDYVVL,Y,D,5,8,Y,V,250,FALSE,TRUE,-0.194697776692579,weaker
DKELPPDP,E,D,3,7,P,L,152,FALSE,TRUE,0.26730609882856105,weaker
GGGRYPVADYVVL,Y,A,5,8,Y,V,250,FALSE,FALSE,0.37724160301419873,no significant difference
GLLPSRLWPSVPVL,P,W,4,8,W,A,299,FALSE,TRUE,-0.12754763242466752,weaker
RRC*HESPWL,C,*,3,4,R,L,385,FALSE,TRUE,0.3455380154035203,weaker
DKELPPAP,E,A,3,7,P,L,152,FALSE,TRUE,0.4289435852745396,weaker
GLLPSRLCPSVPVL,P,C,4,8,W,A,299,FALSE,TRUE,-0.02973353194074261,weaker
RRCYHESPWL,C,Y,3,4,R,L,385,FALSE,TRUE,0.9195786632057876,weaker
GLLWSRLKPSVPVL,W,K,4,8,W,A,299,FALSE,TRUE,-0.18498171173126804,weaker
GGGRYPVGDYVVL,Y,G,5,8,Y,V,250,FALSE,TRUE,-0.03999074589222554,weaker
GLLWSRLNPSVPVL,W,N,4,8,W,A,299,FALSE,TRUE,-0.09541994616745136,weaker
DKELPPGP,E,G,3,7,P,L,152,FALSE,TRUE,0.23391904756705628,weaker
GLLPSRLFPSVPVL,P,F,4,8,W,A,299,FALSE,TRUE,-0.023154115382761745,weaker
GLLWSRLTPSVPVL,W,T,4,8,W,A,299,FALSE,TRUE,-0.10398180200925655,weaker
GGGRYPVVDYVVL,Y,V,5,8,Y,V,250,TRUE,FALSE,0.40823475510954577,no significant difference
RRCWHESPWL,C,W,3,4,R,L,385,FALSE,TRUE,0.8829806363507018,weaker
DKELPPVP,E,V,3,7,P,L,152,FALSE,TRUE,0.5296039823765402,weaker
RRCCHESPWL,C,C,3,4,R,L,385,FALSE,TRUE,0.897185937448016,weaker
GLLWSRLRPSVPVL,W,R,4,8,W,A,299,FALSE,TRUE,-0.2359402685756228,weaker
GGGRYPV*DYVVL,Y,*,5,8,Y,V,250,FALSE,TRUE,-0.10650806354102718,weaker
GLLWSRLSPSVPVL,W,S,4,8,W,A,299,FALSE,TRUE,0.02999289587205914,weaker
DKELPP*P,E,*,3,7,P,L,152,FALSE,TRUE,0.24154362239822244,weaker
GGGRYPVYDYVVL,Y,Y,5,8,Y,V,250,FALSE,TRUE,-0.0937126757888772,weaker
RRCFHESPWL,C,F,3,4,R,L,385,FALSE,FALSE,0.8809534454507851,no significant difference
GLLWSRLMPSVPVL,W,M,4,8,W,A,299,FALSE,TRUE,-0.2528534607108238,weaker
DKELPPYP,E,Y,3,7,P,L,152,FALSE,TRUE,0.25209743449238114,weaker
RRLKHESPWL,L,K,3,4,R,L,385,FALSE,TRUE,0.8536696266018188,weaker
GLLWSRLIPSVPVL,W,I,4,8,W,A,299,FALSE,TRUE,-0.22376777738662332,weaker
RRLNHESPWL,L,N,3,4,R,L,385,FALSE,TRUE,0.8733732300588735,weaker
GLLWSRLQPSVPVL,W,Q,4,8,W,A,299,FALSE,TRUE,-0.13386314814094585,weaker
GGGRYPVWDYVVL,Y,W,5,8,Y,V,250,FALSE,TRUE,-0.13369890758411795,weaker
RRLTHESPWL,L,T,3,4,R,L,385,FALSE,TRUE,0.8675981126767502,weaker
GLLWSRLHPSVPVL,W,H,4,8,W,A,299,FALSE,TRUE,-0.15397639947136954,weaker
DKELPPWP,E,W,3,7,P,L,152,FALSE,TRUE,0.2929831856933704,weaker
GGGRYPVCDYVVL,Y,C,5,8,Y,V,250,FALSE,TRUE,0.23935266134740368,weaker
GLLWSRLPPSVPVL,W,P,4,8,W,A,299,FALSE,TRUE,0.17288897813760581,weaker
DKELPPCP,E,C,3,7,P,L,152,FALSE,TRUE,0.4174341793348476,weaker
RRLRHESPWL,L,R,3,4,R,L,385,FALSE,TRUE,0.8469150546108408,weaker
GGGRYPVFDYVVL,Y,F,5,8,Y,V,250,FALSE,TRUE,-0.08375366720942318,weaker
RRLSHESPWL,L,S,3,4,R,L,385,FALSE,TRUE,0.8960766019773025,weaker
DKELPPFP,E,F,3,7,P,L,152,FALSE,TRUE,0.24154362239822244,weaker
GGGRSPVKDYVVL,S,K,5,8,Y,V,250,FALSE,TRUE,-0.02941536421049008,weaker
RRLMHESPWL,L,M,3,4,R,L,385,FALSE,TRUE,0.9297091998567876,weaker
DKDLPPKP,D,K,3,7,P,L,152,FALSE,TRUE,0.2223404962565353,weaker
GGGRSPVNDYVVL,S,N,5,8,Y,V,250,FALSE,TRUE,-0.00859530199480945,weaker
RRLIHESPWL,L,I,3,4,R,L,385,FALSE,TRUE,0.9028753301614032,weaker
GLLWSRLLPSVPVL,W,L,4,8,W,A,299,FALSE,TRUE,-0.1858760142867697,weaker
DKDLPPNP,D,N,3,7,P,L,152,FALSE,TRUE,0.2836950866122507,weaker
GGGRSPVTDYVVL,S,T,5,8,Y,V,250,FALSE,TRUE,0.058929860501998076,weaker
RRLQHESPWL,L,Q,3,4,R,L,385,FALSE,TRUE,0.9168690062207956,weaker
DKDLPPTP,D,T,3,7,P,L,152,FALSE,TRUE,0.4528377018100518,weaker
RRLHHESPWL,L,H,3,4,R,L,385,FALSE,TRUE,0.875277890947822,weaker
GLLWSRLEPSVPVL,W,E,4,8,W,A,299,FALSE,TRUE,-0.1675759759297492,weaker
GGGRSPVRDYVVL,S,R,5,8,Y,V,250,FALSE,TRUE,0.048592672345122045,weaker
RRLPHESPWL,L,P,3,4,R,L,385,FALSE,TRUE,0.9029400510831516,weaker
GLLWSRLDPSVPVL,W,D,4,8,W,A,299,FALSE,TRUE,-0.28003452444294946,weaker
DKDLPPRP,D,R,3,7,P,L,152,FALSE,TRUE,0.4084811216231909,weaker
GGGRSPVSDYVVL,S,S,5,8,Y,V,250,FALSE,TRUE,-0.01789007426591517,weaker
GLLWSRLAPSVPVL,W,A,4,8,W,A,299,TRUE,FALSE,0.5127966435225048,no significant difference
DKDLPPSP,D,S,3,7,P,L,152,FALSE,TRUE,0.27922337577176093,weaker
GGGRSPVMDYVVL,S,M,5,8,Y,V,250,FALSE,TRUE,-0.08701795664492362,weaker
DKDLPPMP,D,M,3,7,P,L,152,FALSE,TRUE,0.413600285310398,weaker
GGGRSPVIDYVVL,S,I,5,8,Y,V,250,FALSE,TRUE,-0.09933805437787711,weaker
GLLWSRLGPSVPVL,W,G,4,8,W,A,299,FALSE,TRUE,-0.2536748100947333,weaker
DKDLPPIP,D,I,3,7,P,L,152,FALSE,TRUE,0.6138584875463383,weaker
GGGRSPVQDYVVL,S,Q,5,8,Y,V,250,FALSE,TRUE,0.0535969290256139,weaker
RRLLHESPWL,L,L,3,4,R,L,385,FALSE,FALSE,0.9550541630918618,no significant difference
DKDLPPQP,D,Q,3,7,P,L,152,FALSE,TRUE,0.22126652117157783,weaker
GGGRSPVHDYVVL,S,H,5,8,Y,V,250,FALSE,TRUE,0.11501830372551164,weaker
GLLWSRLVPSVPVL,W,V,4,8,W,A,299,FALSE,TRUE,-0.18969646391873324,weaker
DKDLPPHP,D,H,3,7,P,L,152,FALSE,TRUE,0.2574411424038981,weaker
GGGRSPVPDYVVL,S,P,5,8,Y,V,250,FALSE,TRUE,0.13705429571878086,weaker
RRLEHESPWL,L,E,3,4,R,L,385,FALSE,TRUE,0.9149191879940564,weaker
DKDLPPPP,D,P,3,7,P,L,152,FALSE,FALSE,0.5394276840311043,no significant difference
RRLDHESPWL,L,D,3,4,R,L,385,FALSE,TRUE,0.8974429567471404,weaker
GLLWSRL*PSVPVL,W,*,4,8,W,A,299,FALSE,TRUE,-0.02247295719813045,weaker
RRLAHESPWL,L,A,3,4,R,L,385,FALSE,TRUE,0.8958744677275372,weaker
GLLWSRLYPSVPVL,W,Y,4,8,W,A,299,FALSE,TRUE,-0.1786009080404771,weaker
GGGRSPVLDYVVL,S,L,5,8,Y,V,250,FALSE,TRUE,0.00261302996449569,weaker
DKDLPPLP,D,L,3,7,P,L,152,FALSE,TRUE,0.5939120134125712,weaker
RRLGHESPWL,L,G,3,4,R,L,385,FALSE,TRUE,0.8886166695627159,weaker
GGGRSPVEDYVVL,S,E,5,8,Y,V,250,FALSE,TRUE,-0.01017729055840659,weaker
GLLWSRLWPSVPVL,W,W,4,8,W,A,299,FALSE,TRUE,-0.1492487845529896,weaker
DKDLPPEP,D,E,3,7,P,L,152,FALSE,TRUE,0.3994409770264694,weaker
GGGRSPVDDYVVL,S,D,5,8,Y,V,250,FALSE,TRUE,-0.03044790936413956,weaker
RRLVHESPWL,L,V,3,4,R,L,385,FALSE,TRUE,0.900865593177663,weaker
GLLWSRLCPSVPVL,W,C,4,8,W,A,299,FALSE,TRUE,-0.1590926211764293,weaker
DKDLPPDP,D,D,3,7,P,L,152,FALSE,TRUE,0.2836950866122507,weaker
GGGRSPVADYVVL,S,A,5,8,Y,V,250,FALSE,TRUE,0.07394848592631163,weaker
DKDLPPAP,D,A,3,7,P,L,152,FALSE,TRUE,0.37878633210850643,weaker
GGGRSPVGDYVVL,S,G,5,8,Y,V,250,FALSE,TRUE,-0.07305914915521822,weaker
RRL*HESPWL,L,*,3,4,R,L,385,FALSE,TRUE,0.3568307793798208,weaker
GLLWSRLFPSVPVL,W,F,4,8,W,A,299,FALSE,TRUE,-0.247123209228628,weaker
RRLYHESPWL,L,Y,3,4,R,L,385,FALSE,TRUE,0.8956149917052386,weaker
GLLCSRLKPSVPVL,C,K,4,8,W,A,299,FALSE,TRUE,-0.1496150313431987,weaker
DKDLPPGP,D,G,3,7,P,L,152,FALSE,TRUE,0.22219491571914468,weaker
GGGRSPVVDYVVL,S,V,5,8,Y,V,250,FALSE,TRUE,-0.027825200952934386,weaker
GLLCSRLNPSVPVL,C,N,4,8,W,A,299,FALSE,TRUE,-0.23070611160008003,weaker
GLLCSRLTPSVPVL,C,T,4,8,W,A,299,FALSE,TRUE,-0.08230340763901645,weaker
DKDLPPVP,D,V,3,7,P,L,152,FALSE,TRUE,0.467496938667954,weaker
GGGRSPV*DYVVL,S,*,5,8,Y,V,250,FALSE,TRUE,-0.1143039663717312,weaker
GLLRSRLKPSVPVL,R,K,4,8,W,A,299,FALSE,TRUE,-0.0311786803968124,weaker
RRLWHESPWL,L,W,3,4,R,L,385,FALSE,TRUE,0.8893694134756566,weaker
GGGRSPVYDYVVL,S,Y,5,8,Y,V,250,FALSE,TRUE,-0.09835877787340558,weaker
GLLRSRLNPSVPVL,R,N,4,8,W,A,299,FALSE,TRUE,-0.08187030980602214,weaker
RRLCHESPWL,L,C,3,4,R,L,385,FALSE,TRUE,0.9061139712103008,weaker
GLLCSRLRPSVPVL,C,R,4,8,W,A,299,FALSE,TRUE,-0.18498171173126804,weaker
DKDLPP*P,D,*,3,7,P,L,152,FALSE,TRUE,0.07690536665893738,weaker
GLLRSRLTPSVPVL,R,T,4,8,W,A,299,FALSE,TRUE,-0.08069734278349336,weaker
GLLCSRLSPSVPVL,C,S,4,8,W,A,299,FALSE,TRUE,-0.0918678131427294,weaker
DKDLPPYP,D,Y,3,7,P,L,152,FALSE,TRUE,0.2944100054280193,weaker
RRLFHESPWL,L,F,3,4,R,L,385,FALSE,TRUE,0.8867804855984764,weaker
GLLCSRLMPSVPVL,C,M,4,8,W,A,299,FALSE,TRUE,-0.21808019971562775,weaker
GGGRSPVWDYVVL,S,W,5,8,Y,V,250,FALSE,TRUE,-0.21247501341032268,weaker
GLLRSRLRPSVPVL,R,R,4,8,W,A,299,FALSE,TRUE,-0.14867126792687785,weaker
RRFKHESPWL,F,K,3,4,R,L,385,FALSE,TRUE,0.8673150292643033,weaker
GLLCSRLIPSVPVL,C,I,4,8,W,A,299,FALSE,TRUE,-0.1272991412620564,weaker
GGGRSPVCDYVVL,S,C,5,8,Y,V,250,FALSE,TRUE,-0.07748544700854701,weaker
GLLRSRLSPSVPVL,R,S,4,8,W,A,299,FALSE,TRUE,-0.08454227029055975,weaker
RRFNHESPWL,F,N,3,4,R,L,385,FALSE,FALSE,0.8829763669391837,no significant difference
GLLCSRLQPSVPVL,C,Q,4,8,W,A,299,FALSE,TRUE,0.04461849073070118,weaker
DKDLPPWP,D,W,3,7,P,L,152,FALSE,TRUE,0.2987970456584294,weaker
GLLRSRLMPSVPVL,R,M,4,8,W,A,299,FALSE,TRUE,-0.14853218543716082,weaker
RRFTHESPWL,F,T,3,4,R,L,385,FALSE,TRUE,0.9021147443852893,weaker
GLLCSRLHPSVPVL,C,H,4,8,W,A,299,FALSE,TRUE,-0.14158997609853927,weaker
DKDLPPCP,D,C,3,7,P,L,152,FALSE,TRUE,0.40046544819933866,weaker
GGGRSPVFDYVVL,S,F,5,8,Y,V,250,FALSE,TRUE,-0.1246898381525378,weaker
GLLRSRLIPSVPVL,R,I,4,8,W,A,299,FALSE,TRUE,-0.01708141281681481,weaker
GLLCSRLPPSVPVL,C,P,4,8,W,A,299,FALSE,TRUE,-0.10376464522263032,weaker
GLLRSRLQPSVPVL,R,Q,4,8,W,A,299,FALSE,TRUE,-0.09638312766901046,weaker
RRFRHESPWL,F,R,3,4,R,L,385,FALSE,TRUE,0.8858004379626647,weaker
DKDLPPFP,D,F,3,7,P,L,152,FALSE,TRUE,0.3587779333880289,weaker
GLLRSRLHPSVPVL,R,H,4,8,W,A,299,FALSE,TRUE,-0.02749298265527305,weaker
RRFSHESPWL,F,S,3,4,R,L,385,FALSE,TRUE,0.8945006437218982,weaker
DKALPPKP,A,K,3,7,P,L,152,FALSE,TRUE,0.37752918062028273,weaker
GLLRSRLPPSVPVL,R,P,4,8,W,A,299,FALSE,TRUE,-0.01283520974069035,weaker
RRFMHESPWL,F,M,3,4,R,L,385,FALSE,TRUE,0.8895803433639159,weaker
DKALPPNP,A,N,3,7,P,L,152,FALSE,TRUE,0.29384548881410655,weaker
RRFIHESPWL,F,I,3,4,R,L,385,FALSE,TRUE,0.8946142263351431,weaker
GLLCSRLLPSVPVL,C,L,4,8,W,A,299,FALSE,TRUE,-0.22144474536655184,weaker
DKALPPTP,A,T,3,7,P,L,152,FALSE,TRUE,0.5409759267985943,weaker
RRFQHESPWL,F,Q,3,4,R,L,385,FALSE,FALSE,0.9359501795149232,no significant difference
DKALPPRP,A,R,3,7,P,L,152,FALSE,TRUE,0.42844510103849903,weaker
RRFHHESPWL,F,H,3,4,R,L,385,FALSE,FALSE,0.8985648941571435,no significant difference
GLLCSRLEPSVPVL,C,E,4,8,W,A,299,FALSE,TRUE,-0.22303544914959136,weaker
DKALPPSP,A,S,3,7,P,L,152,FALSE,TRUE,0.3716647121973963,weaker
GLLRSRLLPSVPVL,R,L,4,8,W,A,299,FALSE,TRUE,-0.06054954046816485,weaker
RRFPHESPWL,F,P,3,4,R,L,385,FALSE,TRUE,0.9022362780092636,weaker
GLLCSRLDPSVPVL,C,D,4,8,W,A,299,FALSE,TRUE,-0.21555263439403105,weaker
DKALPPMP,A,M,3,7,P,L,152,FALSE,TRUE,0.3835666557036434,weaker
GLLCSRLAPSVPVL,C,A,4,8,W,A,299,FALSE,TRUE,-0.020827940826457902,weaker
DKALPPIP,A,I,3,7,P,L,152,FALSE,TRUE,0.5700229323797735,weaker
GLLRSRLEPSVPVL,R,E,4,8,W,A,299,FALSE,TRUE,-0.02128894817559672,weaker
DKALPPQP,A,Q,3,7,P,L,152,FALSE,TRUE,0.4505530473603117,weaker
GLLRSRLDPSVPVL,R,D,4,8,W,A,299,FALSE,TRUE,-0.12552887197205873,weaker
GLLCSRLGPSVPVL,C,G,4,8,W,A,299,FALSE,TRUE,-0.14383595255911413,weaker
DKALPPHP,A,H,3,7,P,L,152,FALSE,TRUE,0.26841240673535854,weaker
GLLRSRLAPSVPVL,R,A,4,8,W,A,299,FALSE,TRUE,-0.04957381737732762,weaker
RRFLHESPWL,F,L,3,4,R,L,385,FALSE,FALSE,0.9401767821575971,no significant difference
GLLCSRLVPSVPVL,C,V,4,8,W,A,299,FALSE,TRUE,-0.23048055195654543,weaker
GLLRSRLGPSVPVL,R,G,4,8,W,A,299,FALSE,TRUE,-0.14742559657204224,weaker
RRFEHESPWL,F,E,3,4,R,L,385,FALSE,FALSE,0.9051162256065308,no significant difference
DKALPPLP,A,L,3,7,P,L,152,FALSE,TRUE,0.6288129383862237,weaker
RRFDHESPWL,F,D,3,4,R,L,385,FALSE,FALSE,0.9122294452036884,no significant difference
GLLCSRL*PSVPVL,C,*,4,8,W,A,299,FALSE,TRUE,-0.11732759808657578,weaker
DKALPPEP,A,E,3,7,P,L,152,FALSE,TRUE,0.4056278397260882,weaker
GLLRSRLVPSVPVL,R,V,4,8,W,A,299,FALSE,TRUE,-0.12858763221982372,weaker
RRFAHESPWL,F,A,3,4,R,L,385,FALSE,TRUE,0.9058347930707513,weaker
GLLCSRLYPSVPVL,C,Y,4,8,W,A,299,FALSE,TRUE,-0.18787797143502816,weaker
DKALPPDP,A,D,3,7,P,L,152,FALSE,TRUE,0.32935295061763104,weaker
DKALPPAP,A,A,3,7,P,L,152,FALSE,TRUE,0.3711666954122921,weaker
GLLRSRL*PSVPVL,R,*,4,8,W,A,299,FALSE,TRUE,-0.13150238557926325,weaker
RRFGHESPWL,F,G,3,4,R,L,385,FALSE,TRUE,0.8965895499943219,weaker
GLLRSRLYPSVPVL,R,Y,4,8,W,A,299,FALSE,TRUE,-0.1437645021656412,weaker
GLLCSRLWPSVPVL,C,W,4,8,W,A,299,FALSE,TRUE,-0.0699934756423401,weaker
DKALPPGP,A,G,3,7,P,L,152,FALSE,TRUE,0.22031420111819944,weaker
RRFVHESPWL,F,V,3,4,R,L,385,FALSE,TRUE,0.9233751607486645,weaker
GLLCSRLCPSVPVL,C,C,4,8,W,A,299,FALSE,TRUE,-0.07880092188919027,weaker
DKALPPVP,A,V,3,7,P,L,152,FALSE,TRUE,0.5137908372125977,weaker
GLLRSRLWPSVPVL,R,W,4,8,W,A,299,FALSE,TRUE,-0.21315510115879532,weaker
RRF*HESPWL,F,*,3,4,R,L,385,FALSE,TRUE,0.3805520225808568,weaker
GLLCSRLFPSVPVL,C,F,4,8,W,A,299,FALSE,TRUE,-0.09947596920234451,weaker
GLLRSRLCPSVPVL,R,C,4,8,W,A,299,FALSE,TRUE,-0.14158997609853927,weaker
RRFYHESPWL,F,Y,3,4,R,L,385,FALSE,TRUE,0.9106946650655232,weaker
GLLLSRLKPSVPVL,L,K,4,8,W,A,299,FALSE,TRUE,-0.09494423456522988,weaker
DKALPP*P,A,*,3,7,P,L,152,FALSE,TRUE,0.19967949901109744,weaker
GLLLSRLNPSVPVL,L,N,4,8,W,A,299,FALSE,TRUE,-0.07748544700854701,weaker
DKALPPYP,A,Y,3,7,P,L,152,FALSE,TRUE,0.23030620518376105,weaker
GLLRSRLFPSVPVL,R,F,4,8,W,A,299,FALSE,TRUE,-0.16615058139756858,weaker
GLLLSRLTPSVPVL,L,T,4,8,W,A,299,FALSE,TRUE,-0.0773629152909709,weaker
RRFWHESPWL,F,W,3,4,R,L,385,FALSE,TRUE,0.9021968396470212,weaker
RRFCHESPWL,F,C,3,4,R,L,385,FALSE,TRUE,0.9032320471285044,weaker
GLLLSRLRPSVPVL,L,R,4,8,W,A,299,FALSE,TRUE,-0.09349906454116848,weaker
DKALPPWP,A,W,3,7,P,L,152,FALSE,TRUE,0.33920585984296536,weaker
GLLLSRLSPSVPVL,L,S,4,8,W,A,299,FALSE,TRUE,-0.09835877787340558,weaker
DKALPPCP,A,C,3,7,P,L,152,FALSE,TRUE,0.3982052959910284,weaker
GGGRWPVKDYVVL,W,K,5,8,Y,V,250,FALSE,TRUE,-0.06300445531464517,weaker
RRFFHESPWL,F,F,3,4,R,L,385,FALSE,TRUE,0.901672989024298,weaker
GLLLSRLMPSVPVL,L,M,4,8,W,A,299,FALSE,TRUE,-0.1445146314334428,weaker
GGGRWPVNDYVVL,W,N,5,8,Y,V,250,FALSE,TRUE,-0.05767128698807939,weaker
PPPALPPKRRR,NA,NA,NA,NA,NA,NA,reference,FALSE,FALSE,1,no significant difference
GLLLSRLIPSVPVL,L,I,4,8,W,A,299,FALSE,TRUE,-0.0918678131427294,weaker
DKALPPFP,A,F,3,7,P,L,152,FALSE,TRUE,0.3768240920713687,weaker
GGGRWPVTDYVVL,W,T,5,8,Y,V,250,FALSE,TRUE,0.01660231973471656,weaker
DKKLPPKP,K,K,3,7,P,L,152,FALSE,TRUE,0.35979685100347963,weaker
GLLLSRLQPSVPVL,L,Q,4,8,W,A,299,FALSE,TRUE,-0.120431369541305,weaker
DKKLPPTP,K,T,3,7,P,L,152,FALSE,TRUE,0.5479086300997356,weaker
GLLLSRLHPSVPVL,L,H,4,8,W,A,299,FALSE,TRUE,-0.07427802184188993,weaker
GGGRWPVRDYVVL,W,R,5,8,Y,V,250,FALSE,TRUE,0.10858428762984536,weaker
GLLLSRLPPSVPVL,L,P,4,8,W,A,299,FALSE,TRUE,-0.03615480710745089,weaker
GGGRWPVSDYVVL,W,S,5,8,Y,V,250,FALSE,TRUE,-0.13128888131546515,weaker
DKKLPPRP,K,R,3,7,P,L,152,FALSE,TRUE,0.3083472739856583,weaker
GGGRWPVMDYVVL,W,M,5,8,Y,V,250,FALSE,TRUE,-0.26697184101115073,weaker
DKKLPPSP,K,S,3,7,P,L,152,FALSE,TRUE,0.38147778610741107,weaker
GGGRWPVIDYVVL,W,I,5,8,Y,V,250,FALSE,TRUE,0.2597497025662149,weaker
DKKLPPMP,K,M,3,7,P,L,152,FALSE,TRUE,0.3629144431179459,weaker
GGGRWPVQDYVVL,W,Q,5,8,Y,V,250,FALSE,TRUE,0.12084761446258176,weaker
DKKLPPIP,K,I,3,7,P,L,152,FALSE,FALSE,0.541669132011561,no significant difference
GLLLSRLLPSVPVL,L,L,4,8,W,A,299,FALSE,TRUE,-0.12802139593748688,weaker
GGGRWPVHDYVVL,W,H,5,8,Y,V,250,FALSE,TRUE,0.06796098559789751,weaker
DKALPPPP,A,P,3,7,P,L,152,FALSE,TRUE,0.49782776765229775,weaker
GGGRWPVPDYVVL,W,P,5,8,Y,V,250,FALSE,FALSE,0.4135100884938061,no significant difference
GLLLSRLEPSVPVL,L,E,4,8,W,A,299,FALSE,TRUE,-0.09202207474404814,weaker
DKKLPPLP,K,L,3,7,P,L,152,FALSE,TRUE,0.5919012916829879,weaker
GLLLSRLDPSVPVL,L,D,4,8,W,A,299,FALSE,TRUE,-0.0742780218418897,weaker
GLLLSRLAPSVPVL,L,A,4,8,W,A,299,FALSE,TRUE,0.12396065779795486,weaker
GGGRWPVLDYVVL,W,L,5,8,Y,V,250,FALSE,TRUE,-0.09538662039497192,weaker
DKKLPPEP,K,E,3,7,P,L,152,FALSE,TRUE,0.34141092977562076,weaker
DKKLPPDP,K,D,3,7,P,L,152,FALSE,TRUE,0.21723021620652525,weaker
GLLLSRLGPSVPVL,L,G,4,8,W,A,299,FALSE,TRUE,-0.18551312917412366,weaker
GGGRWPVEDYVVL,W,E,5,8,Y,V,250,FALSE,TRUE,0.2811952626634304,weaker
DKKLPPAP,K,A,3,7,P,L,152,FALSE,TRUE,0.30807488648261855,weaker
GGGRWPVDDYVVL,W,D,5,8,Y,V,250,FALSE,TRUE,-0.18671424083637825,weaker
GLLLSRLVPSVPVL,L,V,4,8,W,A,299,FALSE,TRUE,-0.2270012661012866,weaker
GGGRWPVADYVVL,W,A,5,8,Y,V,250,FALSE,TRUE,0.2372060099596333,weaker
DKKLPPGP,K,G,3,7,P,L,152,FALSE,TRUE,0.25203183064143136,weaker
GLLLSRL*PSVPVL,L,*,4,8,W,A,299,FALSE,TRUE,-0.10883236795812544,weaker
GGGRWPVGDYVVL,W,G,5,8,Y,V,250,FALSE,TRUE,-0.03908259867640494,weaker
DKKLPPVP,K,V,3,7,P,L,152,FALSE,TRUE,0.450350313517635,weaker
GLLLSRLYPSVPVL,L,Y,4,8,W,A,299,FALSE,TRUE,-0.12300082362915804,weaker
GGGRWPVVDYVVL,W,V,5,8,Y,V,250,FALSE,FALSE,0.31803336143919003,no significant difference
DKKLPP*P,K,*,3,7,P,L,152,FALSE,TRUE,0.15475230399805998,weaker
DKKLPPYP,K,Y,3,7,P,L,152,FALSE,TRUE,0.3941839699447865,weaker
GLLLSRLWPSVPVL,L,W,4,8,W,A,299,FALSE,TRUE,-0.18136181290561376,weaker
GGGRWPV*DYVVL,W,*,5,8,Y,V,250,FALSE,TRUE,-0.12553018071606442,weaker
GLLLSRLCPSVPVL,L,C,4,8,W,A,299,FALSE,TRUE,-0.22706191821296168,weaker
GGGRWPVYDYVVL,W,Y,5,8,Y,V,250,FALSE,FALSE,0.00408138244335669,no significant difference
DKKLPPWP,K,W,3,7,P,L,152,FALSE,TRUE,0.2624115375221113,weaker
DKKLPPCP,K,C,3,7,P,L,152,FALSE,TRUE,0.3408269225786696,weaker
GLLLSRLFPSVPVL,L,F,4,8,W,A,299,FALSE,TRUE,-0.20252305683030788,weaker
GLLFSRLKPSVPVL,F,K,4,8,W,A,299,FALSE,TRUE,-0.17673776623144616,weaker
GGGRWPVWDYVVL,W,W,5,8,Y,V,250,FALSE,TRUE,-0.2568870917299855,weaker
DKKLPPFP,K,F,3,7,P,L,152,FALSE,TRUE,0.20488940292491412,weaker
GLLFSRLNPSVPVL,F,N,4,8,W,A,299,FALSE,TRUE,-0.17952567357499585,weaker
GGGRWPVCDYVVL,W,C,5,8,Y,V,250,FALSE,TRUE,-0.010911458646063,weaker
DKNLPPKP,N,K,3,7,P,L,152,FALSE,TRUE,0.21403624261306844,weaker
GLLFSRLTPSVPVL,F,T,4,8,W,A,299,FALSE,TRUE,-0.14522709022397495,weaker
DKNLPPNP,N,N,3,7,P,L,152,FALSE,TRUE,0.39233045888436496,weaker
DKGLPPKP,G,K,3,7,P,L,152,FALSE,TRUE,0.19824654262402,weaker
GGGRWPVFDYVVL,W,F,5,8,Y,V,250,FALSE,TRUE,-0.26830576664208505,weaker
DKNLPPTP,N,T,3,7,P,L,152,FALSE,TRUE,0.36583749055272285,weaker
GLLFSRLRPSVPVL,F,R,4,8,W,A,299,FALSE,TRUE,-0.17833699466577838,weaker
DKGLPPNP,G,N,3,7,P,L,152,FALSE,TRUE,0.1893813413291237,weaker
GGGRCPVKDYVVL,C,K,5,8,Y,V,250,FALSE,TRUE,0.08415580558380355,weaker
GLLFSRLSPSVPVL,F,S,4,8,W,A,299,FALSE,TRUE,-0.21063795877657815,weaker
DKGLPPTP,G,T,3,7,P,L,152,FALSE,TRUE,0.37057820847278194,weaker
GGGRCPVNDYVVL,C,N,5,8,Y,V,250,FALSE,TRUE,-0.17272497612650156,weaker
DKNLPPRP,N,R,3,7,P,L,152,FALSE,TRUE,0.35501050623400043,weaker
GLLFSRLMPSVPVL,F,M,4,8,W,A,299,FALSE,TRUE,-0.15920462746306252,weaker
GGGRCPVTDYVVL,C,T,5,8,Y,V,250,FALSE,TRUE,-0.06277629626625969,weaker
DKNLPPSP,N,S,3,7,P,L,152,FALSE,TRUE,0.2100568357563954,weaker
GLLFSRLIPSVPVL,F,I,4,8,W,A,299,FALSE,TRUE,-0.1831744460691729,weaker
DKGLPPRP,G,R,3,7,P,L,152,FALSE,TRUE,0.29108563386017805,weaker
DKNLPPMP,N,M,3,7,P,L,152,FALSE,TRUE,0.33696337560504774,weaker
GLLFSRLQPSVPVL,F,Q,4,8,W,A,299,FALSE,TRUE,-0.2023229538697418,weaker
DKGLPPSP,G,S,3,7,P,L,152,FALSE,TRUE,0.22793037291732615,weaker
GGGRCPVRDYVVL,C,R,5,8,Y,V,250,FALSE,TRUE,-0.0232136420422621,weaker
DKNLPPIP,N,I,3,7,P,L,152,FALSE,TRUE,0.4176458098415591,weaker
GLLFSRLHPSVPVL,F,H,4,8,W,A,299,FALSE,TRUE,-0.14302342458882153,weaker
DKGLPPMP,G,M,3,7,P,L,152,FALSE,TRUE,0.21325995592222263,weaker
GGGRCPVSDYVVL,C,S,5,8,Y,V,250,FALSE,TRUE,0.01552601372626142,weaker
RREKHESPWL,E,K,3,4,R,L,385,FALSE,TRUE,0.8724378437126543,weaker
DKNLPPQP,N,Q,3,7,P,L,152,FALSE,TRUE,0.2141126240920591,weaker
GLLFSRLPPSVPVL,F,P,4,8,W,A,299,FALSE,TRUE,-0.002818164139290834,weaker
DKGLPPIP,G,I,3,7,P,L,152,FALSE,TRUE,0.39122741773754277,weaker
GGGRCPVMDYVVL,C,M,5,8,Y,V,250,FALSE,TRUE,-0.11248635831818447,weaker
RRENHESPWL,E,N,3,4,R,L,385,FALSE,FALSE,0.8783993700692752,no significant difference
DKGLPPQP,G,Q,3,7,P,L,152,FALSE,TRUE,0.2540014618958439,weaker
GGGRCPVIDYVVL,C,I,5,8,Y,V,250,FALSE,TRUE,-0.2769731082268859,weaker
RRETHESPWL,E,T,3,4,R,L,385,FALSE,FALSE,0.9307964131270801,no significant difference
DKGLPPHP,G,H,3,7,P,L,152,FALSE,TRUE,0.2298886139967931,weaker
GGGRCPVQDYVVL,C,Q,5,8,Y,V,250,FALSE,TRUE,0.02379087702178979,weaker
DKNLPPLP,N,L,3,7,P,L,152,FALSE,TRUE,0.4727789869978238,weaker
DKGLPPPP,G,P,3,7,P,L,152,FALSE,TRUE,0.341918116577866,weaker
GGGRCPVHDYVVL,C,H,5,8,Y,V,250,FALSE,TRUE,0.00979954252526648,weaker
RRERHESPWL,E,R,3,4,R,L,385,FALSE,TRUE,0.9075263943957133,weaker
GLLFSRLLPSVPVL,F,L,4,8,W,A,299,FALSE,TRUE,-0.1246898381525378,weaker
GGGRCPVPDYVVL,C,P,5,8,Y,V,250,FALSE,TRUE,0.0614978441946758,weaker
RRESHESPWL,E,S,3,4,R,L,385,FALSE,TRUE,0.9224849915295898,weaker
DKNLPPEP,N,E,3,7,P,L,152,FALSE,TRUE,0.3700212781067589,weaker
RREMHESPWL,E,M,3,4,R,L,385,FALSE,FALSE,0.975146726755428,no significant difference
DKNLPPDP,N,D,3,7,P,L,152,FALSE,TRUE,0.32199799011102626,weaker
GLLFSRLEPSVPVL,F,E,4,8,W,A,299,FALSE,TRUE,-0.19894152794503675,weaker
RREIHESPWL,E,I,3,4,R,L,385,FALSE,FALSE,0.931782305860818,no significant difference
DKNLPPAP,N,A,3,7,P,L,152,FALSE,TRUE,0.22915803983073135,weaker
GLLFSRLDPSVPVL,F,D,4,8,W,A,299,FALSE,TRUE,-0.23338886212373108,weaker
DKGLPPLP,G,L,3,7,P,L,152,FALSE,TRUE,0.4316759730163531,weaker
RREQHESPWL,E,Q,3,4,R,L,385,FALSE,FALSE,0.9215867216571304,no significant difference
GLLFSRLAPSVPVL,F,A,4,8,W,A,299,FALSE,FALSE,0.4134045432846597,no significant difference
GGGRCPVLDYVVL,C,L,5,8,Y,V,250,FALSE,TRUE,-0.1332694981679476,weaker
RREHHESPWL,E,H,3,4,R,L,385,FALSE,TRUE,0.9074238145921462,weaker
DKNLPPGP,N,G,3,7,P,L,152,FALSE,TRUE,0.2641447644423208,weaker
DKGLPPEP,G,E,3,7,P,L,152,FALSE,TRUE,0.24039136831440688,weaker
RREPHESPWL,E,P,3,4,R,L,385,FALSE,FALSE,0.9370746491496962,no significant difference
GLLFSRLGPSVPVL,F,G,4,8,W,A,299,FALSE,TRUE,-0.25927172818064703,weaker
DKGLPPDP,G,D,3,7,P,L,152,FALSE,TRUE,0.21049902972799536,weaker
GGGRCPVEDYVVL,C,E,5,8,Y,V,250,FALSE,FALSE,0.07708914602046998,no significant difference
DKNLPPVP,N,V,3,7,P,L,152,FALSE,TRUE,0.38841497745922404,weaker
DKGLPPAP,G,A,3,7,P,L,152,FALSE,TRUE,0.24846262795456786,weaker
GGGRCPVDDYVVL,C,D,5,8,Y,V,250,FALSE,FALSE,-0.11338770792904022,no significant difference
GLLFSRLVPSVPVL,F,V,4,8,W,A,299,FALSE,TRUE,-0.24795272134702215,weaker
GGGRCPVADYVVL,C,A,5,8,Y,V,250,FALSE,TRUE,-0.003088670458874935,weaker
DKNLPP*P,N,*,3,7,P,L,152,FALSE,TRUE,0.2301390377987149,weaker
DKGLPPGP,G,G,3,7,P,L,152,FALSE,TRUE,0.18654053358975364,weaker
RRELHESPWL,E,L,3,4,R,L,385,FALSE,TRUE,0.9866721191773048,stronger
DKNLPPYP,N,Y,3,7,P,L,152,FALSE,TRUE,0.37728479696593525,weaker
GLLFSRL*PSVPVL,F,*,4,8,W,A,299,FALSE,TRUE,-0.287938461326895,weaker
GGGRCPVGDYVVL,C,G,5,8,Y,V,250,FALSE,TRUE,-0.018975611398535062,weaker
GLLFSRLYPSVPVL,F,Y,4,8,W,A,299,FALSE,TRUE,-0.24496309159938676,weaker
DKGLPPVP,G,V,3,7,P,L,152,FALSE,TRUE,0.2673074211286846,weaker
RREEHESPWL,E,E,3,4,R,L,385,FALSE,FALSE,0.945376604126838,no significant difference
DKNLPPWP,N,W,3,7,P,L,152,FALSE,TRUE,0.2458215258810252,weaker
GGGRCPVVDYVVL,C,V,5,8,Y,V,250,FALSE,TRUE,-0.10044303295591803,weaker
RREDHESPWL,E,D,3,4,R,L,385,FALSE,TRUE,0.8886577128183497,weaker
DKNLPPCP,N,C,3,7,P,L,152,FALSE,TRUE,0.34798225493549995,weaker
DKGLPP*P,G,*,3,7,P,L,152,FALSE,TRUE,0.1131660245409299,weaker
RREAHESPWL,E,A,3,4,R,L,385,FALSE,TRUE,0.9132388914995571,weaker
GLLFSRLWPSVPVL,F,W,4,8,W,A,299,FALSE,TRUE,-0.22636984392338444,weaker
DKGLPPYP,G,Y,3,7,P,L,152,FALSE,TRUE,0.17588959150022485,weaker
GGGRCPV*DYVVL,C,*,5,8,Y,V,250,FALSE,FALSE,0.11557238019901651,no significant difference
DKNLPPFP,N,F,3,7,P,L,152,FALSE,TRUE,0.22040608443309473,weaker
GLLFSRLCPSVPVL,F,C,4,8,W,A,299,FALSE,TRUE,-0.11158020148667444,weaker
GGGRCPVYDYVVL,C,Y,5,8,Y,V,250,FALSE,TRUE,-0.1609122197577854,weaker
RREGHESPWL,E,G,3,4,R,L,385,FALSE,TRUE,0.910184467587325,weaker
GLLFSRLFPSVPVL,F,F,4,8,W,A,299,FALSE,TRUE,-0.12971236660861862,weaker
DKGLPPWP,G,W,3,7,P,L,152,FALSE,TRUE,0.14334991628668195,weaker
RREVHESPWL,E,V,3,4,R,L,385,FALSE,TRUE,0.9290366078672876,weaker
SKVKKFLGWF,K,K,4,5,R,V,366,FALSE,FALSE,0.7565061674264008,no significant difference
DKGLPPCP,G,C,3,7,P,L,152,FALSE,TRUE,0.27546605596450047,weaker
GGGRCPVWDYVVL,C,W,5,8,Y,V,250,FALSE,TRUE,-0.17319436446524486,weaker
SKVKNFLGWF,K,N,4,5,R,V,366,FALSE,FALSE,0.6903909968536596,no significant difference
GGGRCPVCDYVVL,C,C,5,8,Y,V,250,FALSE,FALSE,-0.19963879056984551,no significant difference
RRE*HESPWL,E,*,3,4,R,L,385,FALSE,TRUE,0.4575535225036515,weaker
SKVKTFLGWF,K,T,4,5,R,V,366,FALSE,FALSE,0.831124051002355,no significant difference
DKGLPPFP,G,F,3,7,P,L,152,FALSE,TRUE,0.20550666863320197,weaker
RREYHESPWL,E,Y,3,4,R,L,385,FALSE,FALSE,0.9537319391268688,no significant difference
GGGRCPVFDYVVL,C,F,5,8,Y,V,250,FALSE,FALSE,-0.20996037461563305,no significant difference
DKTLPPQP,T,Q,3,7,P,L,152,FALSE,TRUE,0.23302525745082,weaker
SKVKRFLGWF,K,R,4,5,R,V,366,FALSE,FALSE,0.7399976205502619,no significant difference
SKVKSFLGWF,K,S,4,5,R,V,366,FALSE,TRUE,0.7119410579528408,weaker
RREWHESPWL,E,W,3,4,R,L,385,FALSE,FALSE,0.9186070016144916,no significant difference
SKVKMFLGWF,K,M,4,5,R,V,366,FALSE,FALSE,0.7196688180975994,no significant difference
RRECHESPWL,E,C,3,4,R,L,385,FALSE,FALSE,0.9376807437214622,no significant difference
SKVKIFLGWF,K,I,4,5,R,V,366,FALSE,FALSE,0.7185879994884642,no significant difference
SKVKQFLGWF,K,Q,4,5,R,V,366,FALSE,FALSE,0.6249571509734465,no significant difference
RREFHESPWL,E,F,3,4,R,L,385,FALSE,FALSE,0.927099512958508,no significant difference
SKVKHFLGWF,K,H,4,5,R,V,366,FALSE,FALSE,0.7164645528734924,no significant difference
RRDKHESPWL,D,K,3,4,R,L,385,FALSE,TRUE,0.9132051158083406,weaker
SKVKPFLGWF,K,P,4,5,R,V,366,FALSE,TRUE,0.37646832816663367,weaker
RRDNHESPWL,D,N,3,4,R,L,385,FALSE,TRUE,0.8740219507650728,weaker
RRDTHESPWL,D,T,3,4,R,L,385,FALSE,TRUE,0.9084862644624472,weaker
SKVKLFLGWF,K,L,4,5,R,V,366,FALSE,TRUE,0.701253321365447,weaker
GGPIKTPRLLLLV,I,T,4,6,V,P,246,FALSE,TRUE,0.01576225188453794,weaker
SKVKEFLGWF,K,E,4,5,R,V,366,FALSE,FALSE,0.7871480962335041,no significant difference
GGPIKRPRLLLLV,I,R,4,6,V,P,246,FALSE,TRUE,-0.06754684240696363,weaker
SKVKDFLGWF,K,D,4,5,R,V,366,FALSE,TRUE,0.6178574948963267,weaker
GGPIKSPRLLLLV,I,S,4,6,V,P,246,FALSE,TRUE,0.01373720859845865,weaker
SKVKAFLGWF,K,A,4,5,R,V,366,FALSE,TRUE,0.6239510683111756,weaker
GGPIKMPRLLLLV,I,M,4,6,V,P,246,FALSE,TRUE,-0.10790645829241656,weaker
GGPIKIPRLLLLV,I,I,4,6,V,P,246,FALSE,TRUE,-0.1956451814948422,weaker
SKVKGFLGWF,K,G,4,5,R,V,366,FALSE,TRUE,0.4830357861147976,weaker
GGPIKQPRLLLLV,I,Q,4,6,V,P,246,FALSE,TRUE,-0.06197130464918916,weaker
GGPIKHPRLLLLV,I,H,4,6,V,P,246,FALSE,TRUE,0.02610474904101236,weaker
SKVKVFLGWF,K,V,4,5,R,V,366,FALSE,FALSE,0.7536756970408928,no significant difference
GGPIKPPRLLLLV,I,P,4,6,V,P,246,FALSE,FALSE,0.4684721643687841,no significant difference
SKVK*FLGWF,K,*,4,5,R,V,366,FALSE,TRUE,0.1307634814905166,weaker
SKVKYFLGWF,K,Y,4,5,R,V,366,FALSE,FALSE,0.6209366098234937,no significant difference
GGPIKLPRLLLLV,I,L,4,6,V,P,246,FALSE,TRUE,-0.07068838050948427,weaker
SKVKWFLGWF,K,W,4,5,R,V,366,FALSE,TRUE,0.5116455652616931,weaker
GGPIKEPRLLLLV,I,E,4,6,V,P,246,FALSE,TRUE,-0.10131485150453298,weaker
SKVKCFLGWF,K,C,4,5,R,V,366,FALSE,FALSE,0.7567495952926421,no significant difference
GGPIKDPRLLLLV,I,D,4,6,V,P,246,FALSE,TRUE,-0.00642634632937639,weaker
GGPIKAPRLLLLV,I,A,4,6,V,P,246,FALSE,TRUE,0.16872904993540405,weaker
SKVKFFLGWF,K,F,4,5,R,V,366,FALSE,TRUE,0.6116920866173965,weaker
DKWLPPKP,W,K,3,7,P,L,152,FALSE,TRUE,0.1921219432500884,weaker
SKVNKFLGWF,N,K,4,5,R,V,366,FALSE,FALSE,0.7561755994304115,no significant difference
DKWLPPNP,W,N,3,7,P,L,152,FALSE,TRUE,0.1792168113385788,weaker
GGPIKGPRLLLLV,I,G,4,6,V,P,246,FALSE,TRUE,-0.17339180498158863,weaker
SKVNNFLGWF,N,N,4,5,R,V,366,FALSE,TRUE,0.6575392242751302,weaker
DKWLPPTP,W,T,3,7,P,L,152,FALSE,TRUE,0.15187850541187545,weaker
SKVNTFLGWF,N,T,4,5,R,V,366,FALSE,FALSE,0.7590218536599682,no significant difference
GGPIKVPRLLLLV,I,V,4,6,V,P,246,FALSE,TRUE,-0.17632147538044726,weaker
DKWLPPRP,W,R,3,7,P,L,152,FALSE,TRUE,0.1019991132087339,weaker
DKVLPPKP,V,K,3,7,P,L,152,FALSE,TRUE,0.292511690076417,weaker
GLLESRLKPSVPVL,E,K,4,8,W,A,299,FALSE,TRUE,-0.05240149979924834,weaker
SKVNRFLGWF,N,R,4,5,R,V,366,FALSE,TRUE,0.6721346920122651,weaker
DKWLPPSP,W,S,3,7,P,L,152,FALSE,TRUE,0.08015995443731574,weaker
DKVLPPNP,V,N,3,7,P,L,152,FALSE,TRUE,0.30297174993801457,weaker
GGPIK*PRLLLLV,I,*,4,6,V,P,246,FALSE,TRUE,0.1936156963247576,weaker
GLLESRLNPSVPVL,E,N,4,8,W,A,299,FALSE,TRUE,-0.02633764020987889,weaker
SKVNSFLGWF,N,S,4,5,R,V,366,FALSE,TRUE,0.6092849051203171,weaker
DKWLPPMP,W,M,3,7,P,L,152,FALSE,TRUE,0.07351346145048075,weaker
DKVLPPTP,V,T,3,7,P,L,152,FALSE,TRUE,0.33774223499742573,weaker
GGGRFPVKDYVVL,F,K,5,8,Y,V,250,FALSE,TRUE,-0.08366445533907721,weaker
GGPIKYPRLLLLV,I,Y,4,6,V,P,246,FALSE,TRUE,-0.2344269603052176,weaker
GLLESRLTPSVPVL,E,T,4,8,W,A,299,FALSE,TRUE,-0.0995062429134817,weaker
SKVNMFLGWF,N,M,4,5,R,V,366,FALSE,FALSE,0.6691010131201316,no significant difference
DKWLPPIP,W,I,3,7,P,L,152,FALSE,TRUE,0.07668378609839921,weaker
GGGRFPVNDYVVL,F,N,5,8,Y,V,250,FALSE,TRUE,-0.13409727588659817,weaker
SKVNIFLGWF,N,I,4,5,R,V,366,FALSE,FALSE,0.6937998585201063,no significant difference
DKWLPPQP,W,Q,3,7,P,L,152,FALSE,TRUE,0.24447307433334436,weaker
DKVLPPRP,V,R,3,7,P,L,152,FALSE,TRUE,0.3067325278274929,weaker
GGGRFPVTDYVVL,F,T,5,8,Y,V,250,FALSE,TRUE,0.10630361638287668,weaker
GLLESRLRPSVPVL,E,R,4,8,W,A,299,FALSE,TRUE,-0.13607522608494463,weaker
SKVNQFLGWF,N,Q,4,5,R,V,366,FALSE,FALSE,0.6555316015980358,no significant difference
DKWLPPHP,W,H,3,7,P,L,152,FALSE,TRUE,0.20218463950382215,weaker
DKVLPPSP,V,S,3,7,P,L,152,FALSE,TRUE,0.26514725242004067,weaker
GGPIKWPRLLLLV,I,W,4,6,V,P,246,FALSE,TRUE,-0.13386314814094585,weaker
GLLESRLSPSVPVL,E,S,4,8,W,A,299,FALSE,TRUE,-0.07202021934967612,weaker
SKVNHFLGWF,N,H,4,5,R,V,366,FALSE,TRUE,0.6940271586259427,weaker
DKVLPPMP,V,M,3,7,P,L,152,FALSE,TRUE,0.16621569956262916,weaker
GGGRFPVRDYVVL,F,R,5,8,Y,V,250,FALSE,TRUE,0.07219557246663567,weaker
GGPIKCPRLLLLV,I,C,4,6,V,P,246,FALSE,TRUE,-0.0799727998616663,weaker
GLLESRLMPSVPVL,E,M,4,8,W,A,299,FALSE,TRUE,-0.18136181290561376,weaker
SKVNPFLGWF,N,P,4,5,R,V,366,FALSE,TRUE,0.3639610929272128,weaker
DKVLPPIP,V,I,3,7,P,L,152,FALSE,TRUE,0.4011111066682764,weaker
GGGRFPVSDYVVL,F,S,5,8,Y,V,250,FALSE,TRUE,-0.08259024310002684,weaker
GLLESRLIPSVPVL,E,I,4,8,W,A,299,FALSE,TRUE,-0.16416062664589726,weaker
DKWLPPLP,W,L,3,7,P,L,152,FALSE,TRUE,0.2520256067421355,weaker
DKVLPPQP,V,Q,3,7,P,L,152,FALSE,TRUE,0.23078327343398214,weaker
GGGRFPVMDYVVL,F,M,5,8,Y,V,250,FALSE,FALSE,-0.04954590311552678,no significant difference
GGPIKFPRLLLLV,I,F,4,6,V,P,246,FALSE,TRUE,-0.08454227029055958,weaker
GLLESRLQPSVPVL,E,Q,4,8,W,A,299,FALSE,TRUE,-0.12802139593748688,weaker
DKVLPPHP,V,H,3,7,P,L,152,FALSE,TRUE,0.2760803438287904,weaker
GGGRFPVIDYVVL,F,I,5,8,Y,V,250,FALSE,FALSE,0.22724478896769765,no significant difference
GGPQKKPRLLLLV,Q,K,4,6,V,P,246,FALSE,FALSE,0.2520256067421357,no significant difference
GLLESRLHPSVPVL,E,H,4,8,W,A,299,FALSE,TRUE,-0.05110944792118788,weaker
DKWLPPEP,W,E,3,7,P,L,152,FALSE,TRUE,0.07915053578762414,weaker
GGGRFPVQDYVVL,F,Q,5,8,Y,V,250,FALSE,TRUE,0.03268222630619118,weaker
GGPQKNPRLLLLV,Q,N,4,6,V,P,246,FALSE,TRUE,0.0203946563918379,weaker
GLLESRLPPSVPVL,E,P,4,8,W,A,299,FALSE,TRUE,-0.0330050268996523,weaker
SKVNLFLGWF,N,L,4,5,R,V,366,FALSE,TRUE,0.6343536655660859,weaker
DKWLPPDP,W,D,3,7,P,L,152,FALSE,TRUE,0.09057523419965706,weaker
GGGRFPVHDYVVL,F,H,5,8,Y,V,250,FALSE,TRUE,-0.07524983576476535,weaker
GGPQKTPRLLLLV,Q,T,4,6,V,P,246,FALSE,TRUE,0.16030441319923647,weaker
DKWLPPAP,W,A,3,7,P,L,152,FALSE,TRUE,0.1921073870096605,weaker
DKVLPPLP,V,L,3,7,P,L,152,FALSE,TRUE,0.43795058002144827,weaker
GGGRFPVPDYVVL,F,P,5,8,Y,V,250,FALSE,FALSE,0.3810872270305453,no significant difference
SKVNEFLGWF,N,E,4,5,R,V,366,FALSE,FALSE,0.743187443879003,no significant difference
GGPQKRPRLLLLV,Q,R,4,6,V,P,246,FALSE,TRUE,0.06154875279262555,weaker
SKVNDFLGWF,N,D,4,5,R,V,366,FALSE,TRUE,0.5803906887999513,weaker
DKWLPPGP,W,G,3,7,P,L,152,FALSE,TRUE,0.0922320588842008,weaker
DKVLPPEP,V,E,3,7,P,L,152,FALSE,TRUE,0.3007518510542925,weaker
GGPQKSPRLLLLV,Q,S,4,6,V,P,246,FALSE,TRUE,0.04592820429527699,weaker
GLLESRLLPSVPVL,E,L,4,8,W,A,299,FALSE,TRUE,-0.08945949451092376,weaker
SKVNAFLGWF,N,A,4,5,R,V,366,FALSE,TRUE,0.6085420477508414,weaker
DKVLPPDP,V,D,3,7,P,L,152,FALSE,TRUE,0.18785055845208856,weaker
GGPQKMPRLLLLV,Q,M,4,6,V,P,246,FALSE,TRUE,-0.04963685582833023,weaker
DKWLPPVP,W,V,3,7,P,L,152,FALSE,TRUE,0.22191870176991396,weaker
DKVLPPAP,V,A,3,7,P,L,152,FALSE,TRUE,0.22137885217835135,weaker
GGGRFPVLDYVVL,F,L,5,8,Y,V,250,FALSE,TRUE,-0.1528270335917006,weaker
GGPQKIPRLLLLV,Q,I,4,6,V,P,246,FALSE,TRUE,0.05295971819344284,weaker
GLLESRLEPSVPVL,E,E,4,8,W,A,299,FALSE,TRUE,-0.13735019904623924,weaker
SKVNGFLGWF,N,G,4,5,R,V,366,FALSE,TRUE,0.5105351103171645,weaker
GGPQKQPRLLLLV,Q,Q,4,6,V,P,246,FALSE,TRUE,0.06796098559789751,weaker
GLLESRLDPSVPVL,E,D,4,8,W,A,299,FALSE,TRUE,-0.09337589866538867,weaker
DKWLPP*P,W,*,3,7,P,L,152,FALSE,TRUE,0.19839413515410068,weaker
DKVLPPGP,V,G,3,7,P,L,152,FALSE,TRUE,0.17652590189552464,weaker
GGGRFPVEDYVVL,F,E,5,8,Y,V,250,FALSE,TRUE,0.22852708941790395,weaker
GGPQKHPRLLLLV,Q,H,4,6,V,P,246,FALSE,TRUE,0.16600833980912863,weaker
GLLESRLAPSVPVL,E,A,4,8,W,A,299,FALSE,TRUE,-0.1003828124405895,weaker
SKVNVFLGWF,N,V,4,5,R,V,366,FALSE,FALSE,0.7236987799255479,no significant difference
DKWLPPYP,W,Y,3,7,P,L,152,FALSE,TRUE,-0.0304246567037469,weaker
GGGRFPVDDYVVL,F,D,5,8,Y,V,250,FALSE,TRUE,-0.17792953971668937,weaker
GGPQKPPRLLLLV,Q,P,4,6,V,P,246,FALSE,FALSE,0.5976510483494499,no significant difference
DKVLPPVP,V,V,3,7,P,L,152,FALSE,TRUE,0.3493732421678877,weaker
GGGRFPVADYVVL,F,A,5,8,Y,V,250,FALSE,TRUE,0.21989127976946155,weaker
GLLESRLGPSVPVL,E,G,4,8,W,A,299,FALSE,TRUE,-0.18433138645630742,weaker
SKVN*FLGWF,N,*,4,5,R,V,366,FALSE,TRUE,0.30017001477142596,weaker
SKVNYFLGWF,N,Y,4,5,R,V,366,FALSE,FALSE,0.5788513436289652,no significant difference
DKWLPPWP,W,W,3,7,P,L,152,FALSE,TRUE,0.07301192983198139,weaker
DKVLPP*P,V,*,3,7,P,L,152,FALSE,TRUE,0.09590954411795616,weaker
GGGRFPVGDYVVL,F,G,5,8,Y,V,250,FALSE,TRUE,-0.01902027500307212,weaker
GLLESRLVPSVPVL,E,V,4,8,W,A,299,FALSE,TRUE,-0.23393208295473097,weaker
DKWLPPCP,W,C,3,7,P,L,152,FALSE,TRUE,0.21633916755978153,weaker
DKVLPPYP,V,Y,3,7,P,L,152,FALSE,TRUE,0.17296996697550565,weaker
GGPQKLPRLLLLV,Q,L,4,6,V,P,246,FALSE,TRUE,-0.0324356695686137,weaker
GGGRFPVVDYVVL,F,V,5,8,Y,V,250,FALSE,TRUE,0.2579098380058417,weaker
GLLESRL*PSVPVL,E,*,4,8,W,A,299,FALSE,TRUE,0.10867947918303156,weaker
SKVNWFLGWF,N,W,4,5,R,V,366,FALSE,FALSE,0.42968681777742834,no significant difference
DKWLPPFP,W,F,3,7,P,L,152,FALSE,TRUE,0.05391963036919408,weaker
GGPQKEPRLLLLV,Q,E,4,6,V,P,246,FALSE,TRUE,-0.1127949382582843,weaker
GLLESRLYPSVPVL,E,Y,4,8,W,A,299,FALSE,TRUE,-0.06372025647514191,weaker
SKVNCFLGWF,N,C,4,5,R,V,366,FALSE,TRUE,0.6458530075981975,weaker
DKCLPPKP,C,K,3,7,P,L,152,FALSE,TRUE,0.24634675174733983,weaker
DKVLPPWP,V,W,3,7,P,L,152,FALSE,TRUE,0.1604627650696461,weaker
GGGRFPV*DYVVL,F,*,5,8,Y,V,250,FALSE,TRUE,-0.22144474536655184,weaker
GGPQKDPRLLLLV,Q,D,4,6,V,P,246,FALSE,TRUE,0.06133598330000879,weaker
DKCLPPNP,C,N,3,7,P,L,152,FALSE,TRUE,0.2520256067421357,weaker
DKVLPPCP,V,C,3,7,P,L,152,FALSE,TRUE,0.269898354096611,weaker
GGGRFPVYDYVVL,F,Y,5,8,Y,V,250,FALSE,TRUE,-0.17813241426397375,weaker
GGPQKAPRLLLLV,Q,A,4,6,V,P,246,FALSE,TRUE,0.12582382188499083,weaker
SKVNFFLGWF,N,F,4,5,R,V,366,FALSE,TRUE,0.5155829673330202,weaker
DKCLPPTP,C,T,3,7,P,L,152,FALSE,TRUE,0.44403523311151716,weaker
GLLESRLWPSVPVL,E,W,4,8,W,A,299,FALSE,TRUE,-0.23511675758647715,weaker
SKVTKFLGWF,T,K,4,5,R,V,366,FALSE,TRUE,0.8552994395809888,stronger
DKVLPPFP,V,F,3,7,P,L,152,FALSE,TRUE,0.22963123923664516,weaker
GGPQKGPRLLLLV,Q,G,4,6,V,P,246,FALSE,TRUE,0.021007786806314634,weaker
GLLESRLCPSVPVL,E,C,4,8,W,A,299,FALSE,TRUE,-0.17952567357499585,weaker
SKVTNFLGWF,T,N,4,5,R,V,366,FALSE,TRUE,0.8194346104437861,stronger
DKCLPPRP,C,R,3,7,P,L,152,FALSE,TRUE,0.3679213789248662,weaker
GGGRFPVWDYVVL,F,W,5,8,Y,V,250,FALSE,TRUE,-0.1816774848157177,weaker
SKVTTFLGWF,T,T,4,5,R,V,366,FALSE,TRUE,0.88310275342273,stronger
DKCLPPSP,C,S,3,7,P,L,152,FALSE,TRUE,0.2653865434992131,weaker
GGGRFPVCDYVVL,F,C,5,8,Y,V,250,FALSE,TRUE,0.02433906169307666,weaker
GGPQKVPRLLLLV,Q,V,4,6,V,P,246,FALSE,TRUE,-0.15336693260702014,weaker
GLLESRLFPSVPVL,E,F,4,8,W,A,299,FALSE,TRUE,-0.17579930041150912,weaker
SKVTRFLGWF,T,R,4,5,R,V,366,FALSE,TRUE,0.8202250899207424,stronger
DKCLPPMP,C,M,3,7,P,L,152,FALSE,TRUE,0.29618094839810627,weaker
GLLDSRLKPSVPVL,D,K,4,8,W,A,299,FALSE,TRUE,-0.14524612761494665,weaker
SKVTSFLGWF,T,S,4,5,R,V,366,FALSE,FALSE,0.7896036899366986,no significant difference
DKCLPPIP,C,I,3,7,P,L,152,FALSE,TRUE,0.5537486137147586,weaker
GGGRFPVFDYVVL,F,F,5,8,Y,V,250,FALSE,TRUE,-0.320258901996198,weaker
GGPQK*PRLLLLV,Q,*,4,6,V,P,246,FALSE,FALSE,-0.00382323046139108,no significant difference
GLLDSRLNPSVPVL,D,N,4,8,W,A,299,FALSE,TRUE,-0.00382323046139108,weaker
SKVTMFLGWF,T,M,4,5,R,V,366,FALSE,FALSE,0.8245827552197367,no significant difference
DKCLPPQP,C,Q,3,7,P,L,152,FALSE,TRUE,0.27471312489804,weaker
GVKQSLL,NA,NA,NA,NA,NA,NA,reference,FALSE,FALSE,0.3755488235210029,no significant difference
GGPQKYPRLLLLV,Q,Y,4,6,V,P,246,FALSE,FALSE,0.0578144485557838,no significant difference
GLLDSRLTPSVPVL,D,T,4,8,W,A,299,FALSE,TRUE,-0.006931480757154669,weaker
SKVTIFLGWF,T,I,4,5,R,V,366,FALSE,FALSE,0.7994980520857213,no significant difference
DKCLPPHP,C,H,3,7,P,L,152,FALSE,TRUE,0.0865973434498037,weaker
GVKESLV,NA,NA,NA,NA,NA,NA,reference,FALSE,FALSE,0.8687676298991778,no significant difference
SKVTQFLGWF,T,Q,4,5,R,V,366,FALSE,TRUE,0.8652257303946069,stronger
GLLKSRLKPSVPVL,K,K,4,8,W,A,299,FALSE,TRUE,-0.03609573018478778,weaker
GLLDSRLRPSVPVL,D,R,4,8,W,A,299,FALSE,TRUE,-0.14158997609853927,weaker
GLLKSRLNPSVPVL,K,N,4,8,W,A,299,FALSE,TRUE,-0.02003742979524782,weaker
GGPQKWPRLLLLV,Q,W,4,6,V,P,246,FALSE,TRUE,-0.1020096930184258,weaker
GLLDSRLSPSVPVL,D,S,4,8,W,A,299,FALSE,TRUE,-0.03901631327867916,weaker
SKVTLFLGWF,T,L,4,5,R,V,366,FALSE,FALSE,0.7592177697776366,no significant difference
DKCLPPLP,C,L,3,7,P,L,152,FALSE,TRUE,0.4595264208513836,weaker
GLLKSRLTPSVPVL,K,T,4,8,W,A,299,FALSE,TRUE,0.02860612300524187,weaker
GGPQKCPRLLLLV,Q,C,4,6,V,P,246,FALSE,TRUE,0.13816313715566106,weaker
GLLDSRLMPSVPVL,D,M,4,8,W,A,299,FALSE,TRUE,-0.14301104637136047,weaker
GLLDSRLIPSVPVL,D,I,4,8,W,A,299,FALSE,TRUE,-0.11639876820348125,weaker
SKVTEFLGWF,T,E,4,5,R,V,366,FALSE,TRUE,0.8576085242714846,stronger
DKCLPPEP,C,E,3,7,P,L,152,FALSE,TRUE,0.3618532029208412,weaker
GLLKSRLRPSVPVL,K,R,4,8,W,A,299,FALSE,TRUE,-0.09204282030933976,weaker
GGPQKFPRLLLLV,Q,F,4,6,V,P,246,FALSE,TRUE,0.06665903284263544,weaker
GLLDSRLQPSVPVL,D,Q,4,8,W,A,299,FALSE,TRUE,-0.10697547512376834,weaker
SKVTDFLGWF,T,D,4,5,R,V,366,FALSE,FALSE,0.7545632128065201,no significant difference
DKCLPPDP,C,D,3,7,P,L,152,FALSE,TRUE,0.32588122580288803,weaker
GLLKSRLSPSVPVL,K,S,4,8,W,A,299,FALSE,TRUE,-0.00962731400802902,weaker
GGPHKKPRLLLLV,H,K,4,6,V,P,246,FALSE,TRUE,0.03917616337039329,weaker
GLLDSRLHPSVPVL,D,H,4,8,W,A,299,FALSE,TRUE,-0.1033918005091936,weaker
SKVTAFLGWF,T,A,4,5,R,V,366,FALSE,FALSE,0.749158383110669,no significant difference
DKCLPPAP,C,A,3,7,P,L,152,FALSE,TRUE,0.26183957128178337,weaker
GLLKSRLMPSVPVL,K,M,4,8,W,A,299,FALSE,TRUE,-0.09637849754177574,weaker
GGPHKNPRLLLLV,H,N,4,6,V,P,246,FALSE,TRUE,0.09946173544270216,weaker
GLLDSRLPPSVPVL,D,P,4,8,W,A,299,FALSE,TRUE,-0.05201022223445509,weaker
SKVTGFLGWF,T,G,4,5,R,V,366,FALSE,TRUE,0.6183888490797705,weaker
GLLKSRLIPSVPVL,K,I,4,8,W,A,299,FALSE,TRUE,-0.04874458770827961,weaker
GGPHKTPRLLLLV,H,T,4,6,V,P,246,FALSE,TRUE,0.00661987155393423,weaker
DKCLPPGP,C,G,3,7,P,L,152,FALSE,TRUE,0.2295249657904605,weaker
GLLKSRLQPSVPVL,K,Q,4,8,W,A,299,FALSE,TRUE,-0.05871836128392981,weaker
SKVTVFLGWF,T,V,4,5,R,V,366,FALSE,TRUE,0.8129298353221583,stronger
GLLKSRLHPSVPVL,K,H,4,8,W,A,299,FALSE,TRUE,-0.01189451251584918,weaker
GGPHKRPRLLLLV,H,R,4,6,V,P,246,FALSE,TRUE,0.01409956018637626,weaker
DKCLPPVP,C,V,3,7,P,L,152,FALSE,TRUE,0.4027246581365909,weaker
GLLKSRLPPSVPVL,K,P,4,8,W,A,299,FALSE,TRUE,-0.011870549735750021,weaker
GGPHKSPRLLLLV,H,S,4,6,V,P,246,FALSE,TRUE,-0.00577914747716215,weaker
GLLDSRLLPSVPVL,D,L,4,8,W,A,299,FALSE,TRUE,-0.10640368730644408,weaker
SKVT*FLGWF,T,*,4,5,R,V,366,FALSE,TRUE,0.1744143954215158,weaker
GGPHKMPRLLLLV,H,M,4,6,V,P,246,FALSE,TRUE,0.11597024526807652,weaker
SKVTYFLGWF,T,Y,4,5,R,V,366,FALSE,FALSE,0.7552923551764619,no significant difference
DKCLPP*P,C,*,3,7,P,L,152,FALSE,TRUE,-0.04040329243540089,weaker
GGPHKIPRLLLLV,H,I,4,6,V,P,246,FALSE,TRUE,-0.1020096930184258,weaker
GLLDSRLEPSVPVL,D,E,4,8,W,A,299,FALSE,TRUE,-0.06891371166154887,weaker
DKCLPPYP,C,Y,3,7,P,L,152,FALSE,TRUE,0.17681860024371682,weaker
GGPHKQPRLLLLV,H,Q,4,6,V,P,246,FALSE,TRUE,0.01456880554279418,weaker
GLLDSRLDPSVPVL,D,D,4,8,W,A,299,FALSE,TRUE,-0.01432754697780302,weaker
GLLKSRLLPSVPVL,K,L,4,8,W,A,299,FALSE,TRUE,-0.07524129548470002,weaker
GGPHKHPRLLLLV,H,H,4,6,V,P,246,FALSE,TRUE,0.0203946563918379,weaker
GLLDSRLAPSVPVL,D,A,4,8,W,A,299,FALSE,TRUE,-0.10033831129246401,weaker
SKVTWFLGWF,T,W,4,5,R,V,366,FALSE,TRUE,0.6745946955025302,weaker
GGPHKPPRLLLLV,H,P,4,6,V,P,246,FALSE,TRUE,0.35358352309953406,weaker
SKVTCFLGWF,T,C,4,5,R,V,366,FALSE,FALSE,0.7871896946217353,no significant difference
DKCLPPWP,C,W,3,7,P,L,152,FALSE,TRUE,0.18094312159224127,weaker
GLLKSRLEPSVPVL,K,E,4,8,W,A,299,FALSE,TRUE,-0.1034411296354684,weaker
GLLDSRLGPSVPVL,D,G,4,8,W,A,299,FALSE,TRUE,-0.13721542878264698,weaker
DKCLPPCP,C,C,3,7,P,L,152,FALSE,TRUE,0.2777490127535761,weaker
GLLKSRLDPSVPVL,K,D,4,8,W,A,299,FALSE,TRUE,-0.10031171895180452,weaker
SKVTFFLGWF,T,F,4,5,R,V,366,FALSE,FALSE,0.7165260936186055,no significant difference
GLLKSRLAPSVPVL,K,A,4,8,W,A,299,FALSE,TRUE,0.00798175490290047,weaker
GLLDSRLVPSVPVL,D,V,4,8,W,A,299,FALSE,TRUE,-0.1133537511345068,weaker
DKCLPPFP,C,F,3,7,P,L,152,FALSE,TRUE,0.2095409401258289,weaker
GGPHKLPRLLLLV,H,L,4,6,V,P,246,FALSE,TRUE,-0.06338173991159561,weaker
GLLKSRLGPSVPVL,K,G,4,8,W,A,299,FALSE,TRUE,-0.09185048379485847,weaker
GLLDSRL*PSVPVL,D,*,4,8,W,A,299,FALSE,FALSE,0.24554080755764485,no significant difference
GGPHKEPRLLLLV,H,E,4,6,V,P,246,FALSE,TRUE,-0.0363949574081809,weaker
GLLDSRLYPSVPVL,D,Y,4,8,W,A,299,FALSE,TRUE,-0.1179663850488238,weaker
GLLKSRLVPSVPVL,K,V,4,8,W,A,299,FALSE,TRUE,-0.04106558854815393,weaker
GGPHKDPRLLLLV,H,D,4,6,V,P,246,FALSE,TRUE,-0.04218339298298924,weaker
GGPHKAPRLLLLV,H,A,4,6,V,P,246,FALSE,TRUE,0.12259486501648414,weaker
DK*LPPKP,*,K,3,7,P,L,152,FALSE,TRUE,0.16335468062084782,weaker
GLLKSRL*PSVPVL,K,*,4,8,W,A,299,FALSE,TRUE,-0.06708386538691906,weaker
GLLDSRLWPSVPVL,D,W,4,8,W,A,299,FALSE,TRUE,-0.1043076526062987,weaker
DK*LPPNP,*,N,3,7,P,L,152,FALSE,TRUE,0.24025657369121584,weaker
GLLKSRLYPSVPVL,K,Y,4,8,W,A,299,FALSE,TRUE,-0.09204282030933976,weaker
GGPHKGPRLLLLV,H,G,4,6,V,P,246,FALSE,TRUE,-0.034676373806285514,weaker
GLLDSRLCPSVPVL,D,C,4,8,W,A,299,FALSE,TRUE,-0.05856051122965297,weaker
DK*LPPTP,*,T,3,7,P,L,152,FALSE,TRUE,0.14650929540065366,weaker
GGPHKVPRLLLLV,H,V,4,6,V,P,246,FALSE,TRUE,-0.10304456602481442,weaker
GLLDSRLFPSVPVL,D,F,4,8,W,A,299,FALSE,TRUE,-0.0236490989929957,weaker
SKVTHFLGWF,T,H,4,5,R,V,366,FALSE,FALSE,0.8287209636369492,no significant difference
DK*LPPRP,*,R,3,7,P,L,152,FALSE,TRUE,0.1731382252259187,weaker
GLLKSRLWPSVPVL,K,W,4,8,W,A,299,FALSE,TRUE,-0.2065313176968552,weaker
GLLASRLKPSVPVL,A,K,4,8,W,A,299,FALSE,TRUE,-0.1282665365202331,weaker
DK*LPPSP,*,S,3,7,P,L,152,FALSE,TRUE,0.13816313715566106,weaker
GLLKSRLCPSVPVL,K,C,4,8,W,A,299,FALSE,TRUE,-0.14524612761494665,weaker
GGPHK*PRLLLLV,H,*,4,6,V,P,246,FALSE,TRUE,0.21060647287835185,weaker
GLLASRLNPSVPVL,A,N,4,8,W,A,299,FALSE,TRUE,-0.04840098975322109,weaker
DK*LPPMP,*,M,3,7,P,L,152,FALSE,TRUE,0.1926652866481366,weaker
GGPHKYPRLLLLV,H,Y,4,6,V,P,246,FALSE,TRUE,-0.1361949435594677,weaker
GLLASRLTPSVPVL,A,T,4,8,W,A,299,FALSE,TRUE,-0.04761670963706373,weaker
DK*LPPIP,*,I,3,7,P,L,152,FALSE,TRUE,0.30689637496975897,weaker
GLLKSRLFPSVPVL,K,F,4,8,W,A,299,FALSE,TRUE,-0.1437645021656412,weaker
DK*LPPQP,*,Q,3,7,P,L,152,FALSE,TRUE,0.44062601369115384,weaker
GLLNSRLKPSVPVL,N,K,4,8,W,A,299,FALSE,TRUE,-0.11956671625957012,weaker
GLLASRLRPSVPVL,A,R,4,8,W,A,299,FALSE,TRUE,-0.03290516080933541,weaker
DK*LPPHP,*,H,3,7,P,L,152,FALSE,TRUE,0.207118504082232,weaker
GLLNSRLNPSVPVL,N,N,4,8,W,A,299,FALSE,TRUE,-0.10697547512376834,weaker
GGPHKWPRLLLLV,H,W,4,6,V,P,246,FALSE,TRUE,0.0329798169650893,weaker
GLLASRLSPSVPVL,A,S,4,8,W,A,299,FALSE,TRUE,-0.061976292264289315,weaker
DK*LPPPP,*,P,3,7,P,L,152,FALSE,TRUE,0.2172302162065255,weaker
GLLNSRLTPSVPVL,N,T,4,8,W,A,299,FALSE,TRUE,0.0583869719310644,weaker
GGPHKCPRLLLLV,H,C,4,6,V,P,246,FALSE,TRUE,-0.01789007426591517,weaker
GLLASRLMPSVPVL,A,M,4,8,W,A,299,FALSE,TRUE,-0.06612557136536171,weaker
GLLASRLIPSVPVL,A,I,4,8,W,A,299,FALSE,TRUE,-0.0256770379952378,weaker
GLLNSRLRPSVPVL,N,R,4,8,W,A,299,FALSE,TRUE,-0.0304246567037469,weaker
GGPHKFPRLLLLV,H,F,4,6,V,P,246,FALSE,TRUE,-0.1474824624071675,weaker
GLLASRLQPSVPVL,A,Q,4,8,W,A,299,FALSE,TRUE,-0.026618780524798547,weaker
DK*LPPLP,*,L,3,7,P,L,152,FALSE,TRUE,0.13037043286573832,weaker
GLLNSRLSPSVPVL,N,S,4,8,W,A,299,FALSE,TRUE,-0.01789007426591517,weaker
GGPPKKPRLLLLV,P,K,4,6,V,P,246,FALSE,TRUE,0.03660006320399709,weaker
GLLASRLHPSVPVL,A,H,4,8,W,A,299,FALSE,TRUE,-0.04200431760262931,weaker
GLLNSRLMPSVPVL,N,M,4,8,W,A,299,FALSE,TRUE,0.01122130670629079,weaker
GGPPKNPRLLLLV,P,N,4,6,V,P,246,FALSE,TRUE,0.17498648439581788,weaker
GLLASRLPPSVPVL,A,P,4,8,W,A,299,FALSE,TRUE,0.0960643212445089,weaker
DK*LPPEP,*,E,3,7,P,L,152,FALSE,TRUE,0.26821918783383797,weaker
GLLNSRLIPSVPVL,N,I,4,8,W,A,299,FALSE,TRUE,-0.03278706022786038,weaker
GGPPKTPRLLLLV,P,T,4,6,V,P,246,FALSE,TRUE,0.35204397665106324,weaker
DK*LPPDP,*,D,3,7,P,L,152,FALSE,TRUE,-0.00179823549574687,weaker
GLLNSRLQPSVPVL,N,Q,4,8,W,A,299,FALSE,TRUE,-0.06054954046816485,weaker
GGPPKRPRLLLLV,P,R,4,6,V,P,246,FALSE,TRUE,0.11385235062497781,weaker
DK*LPPAP,*,A,3,7,P,L,152,FALSE,TRUE,0.2593578384433673,weaker
GLLNSRLHPSVPVL,N,H,4,8,W,A,299,FALSE,TRUE,-0.01352040055164189,weaker
GGPPKSPRLLLLV,P,S,4,6,V,P,246,FALSE,TRUE,0.28077579157604615,weaker
GLLNSRLPPSVPVL,N,P,4,8,W,A,299,FALSE,TRUE,-0.00961337512778984,weaker
GGPPKMPRLLLLV,P,M,4,6,V,P,246,FALSE,TRUE,0.038630951480875246,weaker
GLLASRLLPSVPVL,A,L,4,8,W,A,299,FALSE,TRUE,-0.06445562853138766,weaker
DK*LPPGP,*,G,3,7,P,L,152,FALSE,TRUE,0.16020192564930635,weaker
GGPPKIPRLLLLV,P,I,4,6,V,P,246,FALSE,TRUE,0.011290792495924854,weaker
GGPPKQPRLLLLV,P,Q,4,6,V,P,246,FALSE,TRUE,0.26172576190253616,weaker
GLLASRLEPSVPVL,A,E,4,8,W,A,299,FALSE,TRUE,-0.1497783167761152,weaker
SKVRKFLGWF,R,K,4,5,R,V,366,FALSE,FALSE,0.7826763853930141,no significant difference
DK*LPPVP,*,V,3,7,P,L,152,FALSE,TRUE,0.02014615235094772,weaker
GGPPKHPRLLLLV,P,H,4,6,V,P,246,FALSE,TRUE,0.2682716883371473,weaker
GLLASRLDPSVPVL,A,D,4,8,W,A,299,FALSE,TRUE,-0.06714721742508906,weaker
SKVRNFLGWF,R,N,4,5,R,V,366,FALSE,TRUE,0.722260582260307,weaker
GLLNSRLLPSVPVL,N,L,4,8,W,A,299,FALSE,TRUE,-0.03442562432028522,weaker
GGPPKPPRLLLLV,P,P,4,6,V,P,246,FALSE,TRUE,0.7174741624188762,stronger
GLLASRLAPSVPVL,A,A,4,8,W,A,299,FALSE,TRUE,0.04152466637725785,weaker
SKVRTFLGWF,R,T,4,5,R,V,366,FALSE,TRUE,0.8209851262408638,stronger
DK*LPP*P,*,*,3,7,P,L,152,FALSE,TRUE,0.1493488611856287,weaker
DK*LPPYP,*,Y,3,7,P,L,152,FALSE,TRUE,0.2980674157903563,weaker
GLLNSRLEPSVPVL,N,E,4,8,W,A,299,FALSE,TRUE,-0.09658832459357888,weaker
GLLASRLGPSVPVL,A,G,4,8,W,A,299,FALSE,TRUE,-0.17387019237050758,weaker
SKVRRFLGWF,R,R,4,5,R,V,366,FALSE,TRUE,0.737389376962351,weaker
GLLNSRLDPSVPVL,N,D,4,8,W,A,299,FALSE,TRUE,-0.1212916448129859,weaker
SKVRSFLGWF,R,S,4,5,R,V,366,FALSE,TRUE,0.7237724178182073,weaker
GLLNSRLAPSVPVL,N,A,4,8,W,A,299,FALSE,TRUE,-0.002502245573593145,weaker
GGPPKLPRLLLLV,P,L,4,6,V,P,246,FALSE,TRUE,0.030462080399582647,weaker
GLLASRLVPSVPVL,A,V,4,8,W,A,299,FALSE,TRUE,-0.15805895897282934,weaker
SKVRMFLGWF,R,M,4,5,R,V,366,FALSE,TRUE,0.7072893351109842,weaker
DKFLPPKP,F,K,3,7,P,L,152,FALSE,TRUE,0.28503915500870364,weaker
DK*LPPWP,*,W,3,7,P,L,152,FALSE,TRUE,0.1769564533978683,weaker
SKVRIFLGWF,R,I,4,5,R,V,366,FALSE,TRUE,0.7373690066561144,weaker
DKFLPPNP,F,N,3,7,P,L,152,FALSE,TRUE,0.26231988960567676,weaker
DK*LPPCP,*,C,3,7,P,L,152,FALSE,TRUE,0.07598943989538308,weaker
GLLNSRLGPSVPVL,N,G,4,8,W,A,299,FALSE,TRUE,-0.12478486083313331,weaker
GGPPKEPRLLLLV,P,E,4,6,V,P,246,FALSE,TRUE,0.17012755261412693,weaker
GLLASRL*PSVPVL,A,*,4,8,W,A,299,FALSE,TRUE,-0.10127709299468324,weaker
SKVRQFLGWF,R,Q,4,5,R,V,366,FALSE,FALSE,0.7718830234013514,no significant difference
DKFLPPTP,F,T,3,7,P,L,152,FALSE,TRUE,0.2777035352175942,weaker
GGPPKDPRLLLLV,P,D,4,6,V,P,246,FALSE,TRUE,0.03202588173337097,weaker
GLLASRLYPSVPVL,A,Y,4,8,W,A,299,FALSE,TRUE,-0.09378175466344456,weaker
SKVRHFLGWF,R,H,4,5,R,V,366,FALSE,FALSE,0.7339115624320812,no significant difference
DK*LPPFP,*,F,3,7,P,L,152,FALSE,TRUE,0.16097840087888604,weaker
GLLNSRLVPSVPVL,N,V,4,8,W,A,299,FALSE,TRUE,-0.15592752522257397,weaker
GGPPKAPRLLLLV,P,A,4,6,V,P,246,FALSE,TRUE,0.4169648309613221,weaker
SKVRPFLGWF,R,P,4,5,R,V,366,FALSE,TRUE,0.1993290428201005,weaker
DKFLPPRP,F,R,3,7,P,L,152,FALSE,TRUE,0.23386567415736223,weaker
DKYLPPKP,Y,K,3,7,P,L,152,FALSE,TRUE,0.3216898032230285,weaker
GGPPKGPRLLLLV,P,G,4,6,V,P,246,FALSE,TRUE,0.07624050610379632,weaker
DKFLPPSP,F,S,3,7,P,L,152,FALSE,TRUE,0.17764339041069277,weaker
DKYLPPNP,Y,N,3,7,P,L,152,FALSE,TRUE,0.11117260052277082,weaker
GLLNSRL*PSVPVL,N,*,4,8,W,A,299,FALSE,TRUE,0.1255502091474981,weaker
GLLASRLWPSVPVL,A,W,4,8,W,A,299,FALSE,TRUE,-0.07448876432596663,weaker
DKFLPPMP,F,M,3,7,P,L,152,FALSE,TRUE,0.1204878999769598,weaker
DKYLPPTP,Y,T,3,7,P,L,152,FALSE,TRUE,0.34344580554494125,weaker
GLLNSRLYPSVPVL,N,Y,4,8,W,A,299,FALSE,TRUE,-0.11003849036140628,weaker
GGPPKVPRLLLLV,P,V,4,6,V,P,246,FALSE,TRUE,0.0520206642764187,weaker
GLLASRLCPSVPVL,A,C,4,8,W,A,299,FALSE,TRUE,-0.17497274319435338,weaker
DKFLPPIP,F,I,3,7,P,L,152,FALSE,TRUE,0.2022920193166784,weaker
SKVRLFLGWF,R,L,4,5,R,V,366,FALSE,TRUE,0.6849564982672511,weaker
DKFLPPQP,F,Q,3,7,P,L,152,FALSE,TRUE,0.14216106286225805,weaker
DKYLPPRP,Y,R,3,7,P,L,152,FALSE,TRUE,0.17734629415807945,weaker
GGPPK*PRLLLLV,P,*,4,6,V,P,246,FALSE,TRUE,0.07650820769826579,weaker
GLLASRLFPSVPVL,A,F,4,8,W,A,299,FALSE,TRUE,-0.17813074057242684,weaker
DKFLPPHP,F,H,3,7,P,L,152,FALSE,TRUE,0.3063913569698873,weaker
DKYLPPSP,Y,S,3,7,P,L,152,FALSE,TRUE,0.19972965767942516,weaker
GLLNSRLWPSVPVL,N,W,4,8,W,A,299,FALSE,TRUE,-0.09066774963840343,weaker
GGPPKYPRLLLLV,P,Y,4,6,V,P,246,FALSE,TRUE,0.08289438691149147,weaker
SKVREFLGWF,R,E,4,5,R,V,366,FALSE,TRUE,0.8005804921591775,stronger
DKYLPPMP,Y,M,3,7,P,L,152,FALSE,TRUE,0.078752167485144,weaker
GLLNSRLCPSVPVL,N,C,4,8,W,A,299,FALSE,TRUE,-0.09494423456522988,weaker
SKVRDFLGWF,R,D,4,5,R,V,366,FALSE,TRUE,0.6713655973636214,weaker
DKYLPPIP,Y,I,3,7,P,L,152,FALSE,TRUE,0.1955947385832586,weaker
SKVRAFLGWF,R,A,4,5,R,V,366,FALSE,TRUE,0.7037028867931133,weaker
DKFLPPLP,F,L,3,7,P,L,152,FALSE,TRUE,0.31074523221627115,weaker
DKYLPPQP,Y,Q,3,7,P,L,152,FALSE,TRUE,0.1441958656638358,weaker
GLLNSRLFPSVPVL,N,F,4,8,W,A,299,FALSE,TRUE,-0.16560414718492317,weaker
GGPPKWPRLLLLV,P,W,4,6,V,P,246,FALSE,TRUE,0.06991652403228894,weaker
DKYLPPHP,Y,H,3,7,P,L,152,FALSE,TRUE,0.15045070707001473,weaker
GLLTSRLKPSVPVL,T,K,4,8,W,A,299,FALSE,TRUE,0.044537468564327144,weaker
GGPPKCPRLLLLV,P,C,4,6,V,P,246,FALSE,TRUE,-0.0032166423482303504,weaker
SKVRGFLGWF,R,G,4,5,R,V,366,FALSE,TRUE,0.5232491898556473,weaker
DKFLPPEP,F,E,3,7,P,L,152,FALSE,TRUE,0.1349403296770698,weaker
GLLTSRLNPSVPVL,T,N,4,8,W,A,299,FALSE,TRUE,0.051537005515933355,weaker
DKFLPPDP,F,D,3,7,P,L,152,FALSE,FALSE,0.2795084762143775,no significant difference
GLLTSRLTPSVPVL,T,T,4,8,W,A,299,FALSE,TRUE,0.06397632801717318,weaker
GGPPKFPRLLLLV,P,F,4,6,V,P,246,FALSE,TRUE,-0.03590394036983652,weaker
SKVRVFLGWF,R,V,4,5,R,V,366,TRUE,FALSE,0.7759614036328946,no significant difference
DKFLPPAP,F,A,3,7,P,L,152,FALSE,TRUE,0.19100894528991916,weaker
DKYLPPLP,Y,L,3,7,P,L,152,FALSE,TRUE,0.3196940418243221,weaker
GLLTSRLRPSVPVL,T,R,4,8,W,A,299,FALSE,TRUE,-0.10338681090795485,weaker
SKVR*FLGWF,R,*,4,5,R,V,366,FALSE,TRUE,0.2047732066862978,weaker
DKFLPPGP,F,G,3,7,P,L,152,FALSE,TRUE,0.20059621255410395,weaker
DKYLPPEP,Y,E,3,7,P,L,152,FALSE,TRUE,0.16538928565253314,weaker
GLLTSRLSPSVPVL,T,S,4,8,W,A,299,FALSE,TRUE,-0.024214782533631393,weaker
SKVRYFLGWF,R,Y,4,5,R,V,366,FALSE,TRUE,0.6442217620257962,weaker
DKYLPPDP,Y,D,3,7,P,L,152,FALSE,TRUE,0.28849667972108956,weaker
GLLTSRLMPSVPVL,T,M,4,8,W,A,299,FALSE,TRUE,-0.033516641368889856,weaker
DKFLPPVP,F,V,3,7,P,L,152,FALSE,TRUE,0.2681089613915356,weaker
DKYLPPAP,Y,A,3,7,P,L,152,FALSE,TRUE,0.19360365552126843,weaker
GLLTSRLIPSVPVL,T,I,4,8,W,A,299,FALSE,TRUE,-0.01156041530490034,weaker
GLLTSRLQPSVPVL,T,Q,4,8,W,A,299,FALSE,TRUE,6.112124414558201e-4,weaker
SKVRWFLGWF,R,W,4,5,R,V,366,FALSE,TRUE,0.5459707289396065,weaker
DKFLPP*P,F,*,3,7,P,L,152,FALSE,TRUE,0.13014809593886476,weaker
DKYLPPGP,Y,G,3,7,P,L,152,FALSE,TRUE,0.188733950134391,weaker
GLLTSRLHPSVPVL,T,H,4,8,W,A,299,FALSE,TRUE,0.06497351440234973,weaker
SKVRCFLGWF,R,C,4,5,R,V,366,FALSE,TRUE,0.7187979328693835,weaker
DKFLPPYP,F,Y,3,7,P,L,152,FALSE,TRUE,0.18770129510654693,weaker
GLLTSRLPPSVPVL,T,P,4,8,W,A,299,FALSE,TRUE,0.024289164512886676,weaker
DKYLPPVP,Y,V,3,7,P,L,152,FALSE,TRUE,0.1859742719360466,weaker
SKVRFFLGWF,R,F,4,5,R,V,366,FALSE,TRUE,0.5912845795606122,weaker
SKVSKFLGWF,S,K,4,5,R,V,366,FALSE,FALSE,0.8126489848705704,no significant difference
DKFLPPWP,F,W,3,7,P,L,152,FALSE,TRUE,0.04669526656054812,weaker
DKYLPP*P,Y,*,3,7,P,L,152,FALSE,TRUE,0.01456880554279418,weaker
SKVSNFLGWF,S,N,4,5,R,V,366,FALSE,TRUE,0.7345707948645224,weaker
DKFLPPCP,F,C,3,7,P,L,152,FALSE,TRUE,0.12365417046291546,weaker
DKYLPPYP,Y,Y,3,7,P,L,152,FALSE,TRUE,0.16504855659855686,weaker
GLLTSRLLPSVPVL,T,L,4,8,W,A,299,FALSE,TRUE,-0.05365254946896629,weaker
SKVSTFLGWF,S,T,4,5,R,V,366,FALSE,TRUE,0.8456507719873068,stronger
DKFLPPFP,F,F,3,7,P,L,152,FALSE,TRUE,0.169288488386472,weaker
GLLTSRLEPSVPVL,T,E,4,8,W,A,299,FALSE,TRUE,-0.03781643861507401,weaker
SKVSRFLGWF,S,R,4,5,R,V,366,FALSE,FALSE,0.7496283012626478,no significant difference
DRILPPLP,NA,NA,NA,NA,NA,NA,reference,FALSE,FALSE,0.4658499562178194,no significant difference
DKYLPPWP,Y,W,3,7,P,L,152,FALSE,TRUE,0.14627509082225634,weaker
GLLTSRLDPSVPVL,T,D,4,8,W,A,299,FALSE,TRUE,-0.0481630150600988,weaker
SKVSSFLGWF,S,S,4,5,R,V,366,FALSE,TRUE,0.7257611888348858,weaker
APPVPVRYLQRF,NA,NA,NA,NA,NA,NA,reference,FALSE,FALSE,0.2337387260318999,no significant difference
DKYLPPCP,Y,C,3,7,P,L,152,FALSE,TRUE,0.11626672730521484,weaker
GLLTSRLAPSVPVL,T,A,4,8,W,A,299,FALSE,TRUE,0.013129704664737195,weaker
SKVSMFLGWF,S,M,4,5,R,V,366,FALSE,FALSE,0.7373513297176739,no significant difference
GPRYWWSGWL,NA,NA,NA,NA,NA,NA,reference,FALSE,FALSE,0.7092753186813019,no significant difference
SKVSIFLGWF,S,I,4,5,R,V,366,FALSE,FALSE,0.7599858990330197,no significant difference
GGPKKKPRLLLLV,K,K,4,6,V,P,246,FALSE,TRUE,-0.01152047311182053,weaker
DKYLPPFP,Y,F,3,7,P,L,152,FALSE,TRUE,0.1792168113385788,weaker
GLLTSRLGPSVPVL,T,G,4,8,W,A,299,FALSE,TRUE,-0.1292278089938974,weaker
SKVSQFLGWF,S,Q,4,5,R,V,366,FALSE,FALSE,0.7695349950915533,no significant difference
GGPKKNPRLLLLV,K,N,4,6,V,P,246,FALSE,TRUE,0.09928928750866976,weaker
SKVSHFLGWF,S,H,4,5,R,V,366,FALSE,FALSE,0.7456416135272306,no significant difference
GGPKKTPRLLLLV,K,T,4,6,V,P,246,FALSE,TRUE,0.07875216748514423,weaker
GLLTSRLVPSVPVL,T,V,4,8,W,A,299,FALSE,TRUE,-0.13754196393709595,weaker
SKVSPFLGWF,S,P,4,5,R,V,366,FALSE,TRUE,0.359519685327199,weaker
GGPKKRPRLLLLV,K,R,4,6,V,P,246,FALSE,TRUE,0.1025961076663174,weaker
GGPKKSPRLLLLV,K,S,4,6,V,P,246,FALSE,TRUE,0.16097840087888604,weaker
GLLTSRL*PSVPVL,T,*,4,8,W,A,299,FALSE,TRUE,0.07308639088166105,weaker
GGPKKMPRLLLLV,K,M,4,6,V,P,246,FALSE,TRUE,-0.00859530199480945,weaker
GLLTSRLYPSVPVL,T,Y,4,8,W,A,299,FALSE,TRUE,-0.026694875909536116,weaker
GGPKKIPRLLLLV,K,I,4,6,V,P,246,FALSE,TRUE,0.02238186036885139,weaker
SKVSLFLGWF,S,L,4,5,R,V,366,FALSE,TRUE,0.7169674757308904,weaker
GGPKKQPRLLLLV,K,Q,4,6,V,P,246,FALSE,FALSE,0.05536974446209565,no significant difference
GGPKKHPRLLLLV,K,H,4,6,V,P,246,FALSE,TRUE,0.22805578813602503,weaker
GLLTSRLWPSVPVL,T,W,4,8,W,A,299,FALSE,TRUE,-0.09387884813289071,weaker
GLLGSRLKPSVPVL,G,K,4,8,W,A,299,FALSE,TRUE,-0.051576427211205166,weaker
SKVSEFLGWF,S,E,4,5,R,V,366,FALSE,FALSE,0.8250173681868332,no significant difference
GGPKKPPRLLLLV,K,P,4,6,V,P,246,FALSE,FALSE,0.6575718792997252,no significant difference
GLLTSRLCPSVPVL,T,C,4,8,W,A,299,FALSE,TRUE,-0.08741146512254144,weaker
GLLGSRLNPSVPVL,G,N,4,8,W,A,299,FALSE,TRUE,-0.03451272511596831,weaker
SKVSDFLGWF,S,D,4,5,R,V,366,FALSE,TRUE,0.6798290959471339,weaker
GLLGSRLTPSVPVL,G,T,4,8,W,A,299,FALSE,TRUE,-0.1039816645778423,weaker
SKVSAFLGWF,S,A,4,5,R,V,366,FALSE,TRUE,0.7008874484418635,weaker
GLLTSRLFPSVPVL,T,F,4,8,W,A,299,FALSE,TRUE,-0.11155833450678049,weaker
GLLGSRLRPSVPVL,G,R,4,8,W,A,299,FALSE,TRUE,-0.16783799302918495,weaker
SKVSGFLGWF,S,G,4,5,R,V,366,FALSE,TRUE,0.5660729910284749,weaker
GGPKKLPRLLLLV,K,L,4,6,V,P,246,FALSE,TRUE,-0.0861036199964878,weaker
GGPRKKPRLLLLV,R,K,4,6,V,P,246,FALSE,TRUE,0.01702539025292857,weaker
GLLGSRLSPSVPVL,G,S,4,8,W,A,299,FALSE,TRUE,-0.12268900072519248,weaker
GGPRKNPRLLLLV,R,N,4,6,V,P,246,FALSE,TRUE,0.0203946563918379,weaker
GLLGSRLMPSVPVL,G,M,4,8,W,A,299,FALSE,TRUE,-0.24351326957475042,weaker
SKVSVFLGWF,S,V,4,5,R,V,366,FALSE,FALSE,0.7910501363579054,no significant difference
GGPKKEPRLLLLV,K,E,4,6,V,P,246,FALSE,TRUE,0.05489336827598894,weaker
GGPRKTPRLLLLV,R,T,4,6,V,P,246,FALSE,TRUE,0.029727515333677398,weaker
GLLGSRLIPSVPVL,G,I,4,8,W,A,299,FALSE,TRUE,-0.24060867472079747,weaker
GGPKKDPRLLLLV,K,D,4,6,V,P,246,FALSE,TRUE,0.04823985904530524,weaker
GLLGSRLQPSVPVL,G,Q,4,8,W,A,299,FALSE,TRUE,-0.04473108503696094,weaker
SKVS*FLGWF,S,*,4,5,R,V,366,FALSE,TRUE,0.2908672186255517,weaker
GGPKKAPRLLLLV,K,A,4,6,V,P,246,FALSE,TRUE,0.24408729764253945,weaker
GGPRKRPRLLLLV,R,R,4,6,V,P,246,FALSE,TRUE,-0.01889690246394777,weaker
GLLGSRLHPSVPVL,G,H,4,8,W,A,299,FALSE,TRUE,-0.09375430464333157,weaker
SKVSYFLGWF,S,Y,4,5,R,V,366,FALSE,TRUE,0.6936202092781125,weaker
GGPRKSPRLLLLV,R,S,4,6,V,P,246,FALSE,TRUE,0.0725841738171307,weaker
GLLGSRLPPSVPVL,G,P,4,8,W,A,299,FALSE,TRUE,-0.04954570142535397,weaker
GGPKKGPRLLLLV,K,G,4,6,V,P,246,FALSE,TRUE,0.005704702405429569,weaker
GGPRKMPRLLLLV,R,M,4,6,V,P,246,FALSE,TRUE,-0.07969202351851656,weaker
GGPRKIPRLLLLV,R,I,4,6,V,P,246,FALSE,TRUE,-0.06201585991745111,weaker
SKVSWFLGWF,S,W,4,5,R,V,366,FALSE,TRUE,0.5583397485214695,weaker
GGPKKVPRLLLLV,K,V,4,6,V,P,246,FALSE,TRUE,-0.01930209192620392,weaker
GGPRKQPRLLLLV,R,Q,4,6,V,P,246,FALSE,TRUE,0.0583772487644093,weaker
SKVSCFLGWF,S,C,4,5,R,V,366,FALSE,TRUE,0.7353690535175458,weaker
GGPRKHPRLLLLV,R,H,4,6,V,P,246,FALSE,TRUE,0.2301390377987149,weaker
GLLGSRLLPSVPVL,G,L,4,8,W,A,299,FALSE,TRUE,-0.18374559284182668,weaker
GGPKK*PRLLLLV,K,*,4,6,V,P,246,FALSE,TRUE,0.22528918130090864,weaker
GGPRKPPRLLLLV,R,P,4,6,V,P,246,FALSE,FALSE,0.5454029328306259,no significant difference
SKVSFFLGWF,S,F,4,5,R,V,366,FALSE,TRUE,0.7047403722707408,weaker
GGPKKYPRLLLLV,K,Y,4,6,V,P,246,FALSE,TRUE,-0.05240149979924834,weaker
GLLGSRLEPSVPVL,G,E,4,8,W,A,299,FALSE,TRUE,-0.050103064011302954,weaker
SKVMKFLGWF,M,K,4,5,R,V,366,FALSE,FALSE,0.8012324996573055,no significant difference
GLLGSRLDPSVPVL,G,D,4,8,W,A,299,FALSE,TRUE,-0.07104670834458907,weaker
SKVMNFLGWF,M,N,4,5,R,V,366,FALSE,TRUE,0.7291561473705747,weaker
GLLGSRLAPSVPVL,G,A,4,8,W,A,299,FALSE,TRUE,-0.03598787711126329,weaker
SKVMTFLGWF,M,T,4,5,R,V,366,FALSE,TRUE,0.8443475335519788,stronger
GGPKKWPRLLLLV,K,W,4,6,V,P,246,FALSE,TRUE,-0.06616933593060395,weaker
GGPRKLPRLLLLV,R,L,4,6,V,P,246,FALSE,TRUE,-0.09637849754177574,weaker
GGPKKCPRLLLLV,K,C,4,6,V,P,246,FALSE,TRUE,0.00528212244563905,weaker
GLLGSRLGPSVPVL,G,G,4,8,W,A,299,FALSE,TRUE,-0.2145899837478928,weaker
SKVMRFLGWF,M,R,4,5,R,V,366,FALSE,FALSE,0.7577244064003874,no significant difference
GGPRKEPRLLLLV,R,E,4,6,V,P,246,FALSE,TRUE,0.03698382323423658,weaker
SKVMSFLGWF,M,S,4,5,R,V,366,FALSE,TRUE,0.7311048865639616,weaker
GGPKKFPRLLLLV,K,F,4,6,V,P,246,FALSE,TRUE,0.08824394777844428,weaker
GGPRKDPRLLLLV,R,D,4,6,V,P,246,FALSE,TRUE,-0.08928162818548674,weaker
GLLGSRLVPSVPVL,G,V,4,8,W,A,299,FALSE,TRUE,-0.1916000531776561,weaker
SKVMMFLGWF,M,M,4,5,R,V,366,FALSE,TRUE,0.7204972767356841,weaker
GGPNKKPRLLLLV,N,K,4,6,V,P,246,FALSE,TRUE,2.225714980201236e-4,weaker
GGPRKAPRLLLLV,R,A,4,6,V,P,246,FALSE,TRUE,0.23047596688203104,weaker
SKVMIFLGWF,M,I,4,5,R,V,366,FALSE,FALSE,0.6954522069252068,no significant difference
GGPNKNPRLLLLV,N,N,4,6,V,P,246,FALSE,TRUE,0.00748609035719679,weaker
GLLGSRL*PSVPVL,G,*,4,8,W,A,299,FALSE,TRUE,0.036462234879809485,weaker
SKVMQFLGWF,M,Q,4,5,R,V,366,FALSE,FALSE,0.7831188511163802,no significant difference
GGPNKTPRLLLLV,N,T,4,6,V,P,246,FALSE,TRUE,0.07748743774804005,weaker
GGPRKGPRLLLLV,R,G,4,6,V,P,246,FALSE,TRUE,-0.15187766213832815,weaker
GLLGSRLYPSVPVL,G,Y,4,8,W,A,299,FALSE,TRUE,-0.10057738940600786,weaker
SKVMHFLGWF,M,H,4,5,R,V,366,FALSE,FALSE,0.7220281101039272,no significant difference
SKVMPFLGWF,M,P,4,5,R,V,366,FALSE,TRUE,0.38552410277556626,weaker
GGPNKRPRLLLLV,N,R,4,6,V,P,246,FALSE,TRUE,-0.02426069120521827,weaker
GGPRKVPRLLLLV,R,V,4,6,V,P,246,FALSE,TRUE,-0.13705282032043672,weaker
GGPNKSPRLLLLV,N,S,4,6,V,P,246,FALSE,TRUE,-0.01987269191929423,weaker
GLLGSRLWPSVPVL,G,W,4,8,W,A,299,FALSE,TRUE,-0.18973069703163542,weaker
GGPNKMPRLLLLV,N,M,4,6,V,P,246,FALSE,TRUE,-0.01513087709455183,weaker
GGPRK*PRLLLLV,R,*,4,6,V,P,246,FALSE,TRUE,0.06800470060214163,weaker
GLLGSRLCPSVPVL,G,C,4,8,W,A,299,FALSE,TRUE,-0.037253187323067205,weaker
GGPNKIPRLLLLV,N,I,4,6,V,P,246,FALSE,TRUE,-0.07427802184188993,weaker
GGPRKYPRLLLLV,R,Y,4,6,V,P,246,FALSE,TRUE,-0.09658832459357888,weaker
SKVMLFLGWF,M,L,4,5,R,V,366,FALSE,TRUE,0.672724976306663,weaker
GGPNKQPRLLLLV,N,Q,4,6,V,P,246,FALSE,TRUE,0.0865973434498035,weaker
GLLGSRLFPSVPVL,G,F,4,8,W,A,299,FALSE,TRUE,-0.17725877554442926,weaker
GGPNKHPRLLLLV,N,H,4,6,V,P,246,FALSE,TRUE,0.10538731686740473,weaker
SKVMEFLGWF,M,E,4,5,R,V,366,FALSE,FALSE,0.8288600523291897,no significant difference
GGPNKPPRLLLLV,N,P,4,6,V,P,246,FALSE,FALSE,0.4143643236577028,no significant difference
GGPRKWPRLLLLV,R,W,4,6,V,P,246,FALSE,TRUE,-0.15954752163226332,weaker
SKVMDFLGWF,M,D,4,5,R,V,366,FALSE,TRUE,0.7033215410362401,weaker
GGP*KHPRLLLLV,*,H,4,6,V,P,246,FALSE,TRUE,0.148340071192788,weaker
GGPRKCPRLLLLV,R,C,4,6,V,P,246,FALSE,TRUE,-0.08402102210828924,weaker
SKVMAFLGWF,M,A,4,5,R,V,366,FALSE,TRUE,0.700981333153544,weaker
GGP*KPPRLLLLV,*,P,4,6,V,P,246,FALSE,TRUE,0.17661849498737228,weaker
GGPRKFPRLLLLV,R,F,4,6,V,P,246,FALSE,TRUE,-0.1328993578583751,weaker
SKVMGFLGWF,M,G,4,5,R,V,366,FALSE,TRUE,0.5975717053010048,weaker
GGPNKLPRLLLLV,N,L,4,6,V,P,246,FALSE,TRUE,-0.06616933593060395,weaker
GGP*KRPRLLLLV,*,R,4,6,V,P,246,FALSE,TRUE,-0.05240149979924834,weaker
SKVMVFLGWF,M,V,4,5,R,V,366,FALSE,FALSE,0.7380263958792643,no significant difference
GGPNKEPRLLLLV,N,E,4,6,V,P,246,FALSE,TRUE,0.06502178664651193,weaker
GGP*KLPRLLLLV,*,L,4,6,V,P,246,FALSE,TRUE,0.09946173544270216,weaker
GGPNKDPRLLLLV,N,D,4,6,V,P,246,FALSE,TRUE,0.01745676181201888,weaker
SKVM*FLGWF,M,*,4,5,R,V,366,FALSE,TRUE,0.19054976137672625,weaker
GGPNKAPRLLLLV,N,A,4,6,V,P,246,FALSE,TRUE,0.16734189270231448,weaker
GGP*KEPRLLLLV,*,E,4,6,V,P,246,FALSE,TRUE,0.17238415996841752,weaker
SKVMYFLGWF,M,Y,4,5,R,V,366,FALSE,TRUE,0.6771513330872247,weaker
GGP*KDPRLLLLV,*,D,4,6,V,P,246,FALSE,FALSE,0.17192893895954836,no significant difference
GGPNKGPRLLLLV,N,G,4,6,V,P,246,FALSE,TRUE,-0.009514592453946534,weaker
GGP*KAPRLLLLV,*,A,4,6,V,P,246,FALSE,TRUE,0.07490323240807978,weaker
SKVMWFLGWF,M,W,4,5,R,V,366,FALSE,TRUE,0.5326671010026159,weaker
GGPNKVPRLLLLV,N,V,4,6,V,P,246,FALSE,TRUE,-0.010614325243550524,weaker
GGP*KGPRLLLLV,*,G,4,6,V,P,246,FALSE,TRUE,4.202421185736105e-4,weaker
SKVMCFLGWF,M,C,4,5,R,V,366,FALSE,FALSE,0.7361563323675052,no significant difference
GGPNK*PRLLLLV,N,*,4,6,V,P,246,FALSE,TRUE,0.07148243814300007,weaker
GGP*KVPRLLLLV,*,V,4,6,V,P,246,FALSE,TRUE,0.08771924441710141,weaker
SKVMFFLGWF,M,F,4,5,R,V,366,FALSE,TRUE,0.6247124160037021,weaker
GGPNKYPRLLLLV,N,Y,4,6,V,P,246,FALSE,TRUE,-0.02749298265527305,weaker
SKVIKFLGWF,I,K,4,5,R,V,366,FALSE,TRUE,0.8753827998717773,stronger
GGP*K*PRLLLLV,*,*,4,6,V,P,246,FALSE,TRUE,0.0967148793423047,weaker
SKVINFLGWF,I,N,4,5,R,V,366,FALSE,FALSE,0.8906418763224656,no significant difference
GGP*KYPRLLLLV,*,Y,4,6,V,P,246,FALSE,TRUE,0.05071652008943599,weaker
SKVITFLGWF,I,T,4,5,R,V,366,FALSE,TRUE,0.9205243463800982,stronger
GGPNKWPRLLLLV,N,W,4,6,V,P,246,FALSE,TRUE,-0.17524211850871868,weaker
GGP*KSPRLLLLV,*,S,4,6,V,P,246,FALSE,TRUE,0.0967148793423047,weaker
GGPNKCPRLLLLV,N,C,4,6,V,P,246,FALSE,TRUE,-0.06874360469088826,weaker
SKVIRFLGWF,I,R,4,5,R,V,366,FALSE,TRUE,0.849567322921757,stronger
GGP*KWPRLLLLV,*,W,4,6,V,P,246,FALSE,FALSE,0.18803757447967032,no significant difference
SKVISFLGWF,I,S,4,5,R,V,366,FALSE,TRUE,0.8529673211730527,stronger
GGPNKFPRLLLLV,N,F,4,6,V,P,246,FALSE,TRUE,0.06942886961549688,weaker
GGP*KCPRLLLLV,*,C,4,6,V,P,246,FALSE,TRUE,0.0688549881161102,weaker
SKVIMFLGWF,I,M,4,5,R,V,366,FALSE,FALSE,0.7963957847155493,no significant difference
GGPTKKPRLLLLV,T,K,4,6,V,P,246,FALSE,TRUE,0.2039354532770906,weaker
SKVIIFLGWF,I,I,4,5,R,V,366,FALSE,FALSE,0.7920398034340833,no significant difference
GGPTKNPRLLLLV,T,N,4,6,V,P,246,FALSE,TRUE,-0.016568591868191644,weaker
GGP*KFPRLLLLV,*,F,4,6,V,P,246,FALSE,TRUE,0.10892721706655616,weaker
SKVIQFLGWF,I,Q,4,5,R,V,366,FALSE,TRUE,0.8588871318893606,stronger
GGPTKTPRLLLLV,T,T,4,6,V,P,246,FALSE,TRUE,0.1353476569077763,weaker
GGPYKKPRLLLLV,Y,K,4,6,V,P,246,FALSE,TRUE,-0.01189451251584918,weaker
SKVIHFLGWF,I,H,4,5,R,V,366,FALSE,TRUE,0.8502267050285468,stronger
GGPTKRPRLLLLV,T,R,4,6,V,P,246,FALSE,TRUE,0.0749182035566112,weaker
GGPYKNPRLLLLV,Y,N,4,6,V,P,246,FALSE,TRUE,-0.11869764017966336,weaker
SKVIPFLGWF,I,P,4,5,R,V,366,FALSE,TRUE,0.40684882803639255,weaker
GGPTKSPRLLLLV,T,S,4,6,V,P,246,FALSE,TRUE,0.08953586776796729,weaker
GGPYKTPRLLLLV,Y,T,4,6,V,P,246,FALSE,TRUE,-0.0335452177845153,weaker
GGPTKMPRLLLLV,T,M,4,6,V,P,246,FALSE,TRUE,0.09352688120463523,weaker
GGPTKIPRLLLLV,T,I,4,6,V,P,246,FALSE,TRUE,0.02280620869910399,weaker
GGPYKRPRLLLLV,Y,R,4,6,V,P,246,FALSE,TRUE,-0.16042023185539803,weaker
GGPTKQPRLLLLV,T,Q,4,6,V,P,246,FALSE,TRUE,0.15505711752700466,weaker
GGPYKSPRLLLLV,Y,S,4,6,V,P,246,FALSE,TRUE,-0.14073042148228387,weaker
SKVILFLGWF,I,L,4,5,R,V,366,FALSE,FALSE,0.7561949880813847,no significant difference
GGPTKHPRLLLLV,T,H,4,6,V,P,246,FALSE,TRUE,0.015441995405222154,weaker
GGPYKMPRLLLLV,Y,M,4,6,V,P,246,FALSE,TRUE,-0.14967480254332413,weaker
GGPTKPPRLLLLV,T,P,4,6,V,P,246,FALSE,FALSE,0.5645469410809645,no significant difference
GGPYKIPRLLLLV,Y,I,4,6,V,P,246,FALSE,TRUE,-0.21928139822817028,weaker
GLLVSRLKPSVPVL,V,K,4,8,W,A,299,FALSE,TRUE,-0.21360329781463733,weaker
SKVIEFLGWF,I,E,4,5,R,V,366,FALSE,FALSE,0.8958414333424913,no significant difference
GGPYKQPRLLLLV,Y,Q,4,6,V,P,246,FALSE,TRUE,-0.07298441549363918,weaker
GLLVSRLNPSVPVL,V,N,4,8,W,A,299,FALSE,TRUE,-0.09428927976915212,weaker
SKVIDFLGWF,I,D,4,5,R,V,366,FALSE,FALSE,0.8174562718166346,no significant difference
GGPYKHPRLLLLV,Y,H,4,6,V,P,246,FALSE,TRUE,-0.06836089201421634,weaker
GLLVSRLTPSVPVL,V,T,4,8,W,A,299,FALSE,TRUE,-0.15853530700733762,weaker
SKVIAFLGWF,I,A,4,5,R,V,366,FALSE,FALSE,0.7884347021718869,no significant difference
GGPYKPPRLLLLV,Y,P,4,6,V,P,246,FALSE,TRUE,0.10137352138564308,weaker
GGPTKLPRLLLLV,T,L,4,6,V,P,246,FALSE,TRUE,0.036729373558724625,weaker
GLLVSRLRPSVPVL,V,R,4,8,W,A,299,FALSE,TRUE,-0.19170503054293445,weaker
SKVIGFLGWF,I,G,4,5,R,V,366,FALSE,TRUE,0.6625142561582962,weaker
GGPLKKPRLLLLV,L,K,4,6,V,P,246,FALSE,TRUE,-0.08294906900567046,weaker
GLLVSRLSPSVPVL,V,S,4,8,W,A,299,FALSE,TRUE,-0.16113335306516446,weaker
GGPTKEPRLLLLV,T,E,4,6,V,P,246,FALSE,TRUE,0.06371062463457249,weaker
GGPLKNPRLLLLV,L,N,4,6,V,P,246,FALSE,TRUE,0.03481941175815293,weaker
GLLVSRLMPSVPVL,V,M,4,8,W,A,299,FALSE,TRUE,-0.2063911327950319,weaker
SKVIVFLGWF,I,V,4,5,R,V,366,FALSE,TRUE,0.8249709329597958,stronger
GGPTKDPRLLLLV,T,D,4,6,V,P,246,FALSE,TRUE,0.07598431319123633,weaker
GGPYKLPRLLLLV,Y,L,4,6,V,P,246,FALSE,TRUE,-0.15176238687253135,weaker
GGPLKTPRLLLLV,L,T,4,6,V,P,246,FALSE,TRUE,-0.003684473703773895,weaker
GLLVSRLIPSVPVL,V,I,4,8,W,A,299,FALSE,TRUE,-0.21447380450623627,weaker
GGPTKAPRLLLLV,T,A,4,6,V,P,246,FALSE,TRUE,0.3495146948371358,weaker
GLLVSRLQPSVPVL,V,Q,4,8,W,A,299,FALSE,TRUE,-0.17298464048729034,weaker
SKVI*FLGWF,I,*,4,5,R,V,366,FALSE,TRUE,0.27417289745111867,weaker
GGPYKEPRLLLLV,Y,E,4,6,V,P,246,FALSE,TRUE,-0.00771368792278631,weaker
GGPLKRPRLLLLV,L,R,4,6,V,P,246,FALSE,TRUE,-0.06115789483788868,weaker
GLLVSRLHPSVPVL,V,H,4,8,W,A,299,FALSE,TRUE,-0.11289669097617477,weaker
SKVIYFLGWF,I,Y,4,5,R,V,366,FALSE,FALSE,0.7051161552121656,no significant difference
GGPTKGPRLLLLV,T,G,4,6,V,P,246,FALSE,TRUE,-0.15599433790735195,weaker
GGPYKDPRLLLLV,Y,D,4,6,V,P,246,FALSE,TRUE,-0.20847751526060665,weaker
GGPLKSPRLLLLV,L,S,4,6,V,P,246,FALSE,TRUE,-0.04721203537384526,weaker
GLLVSRLPPSVPVL,V,P,4,8,W,A,299,FALSE,TRUE,-0.016259253472651156,weaker
GGPYKAPRLLLLV,Y,A,4,6,V,P,246,FALSE,TRUE,0.006526968024009304,weaker
GGPLKMPRLLLLV,L,M,4,6,V,P,246,FALSE,TRUE,-0.07120634683233854,weaker
GGPTKVPRLLLLV,T,V,4,6,V,P,246,FALSE,TRUE,-0.1461408591052878,weaker
GGPLKIPRLLLLV,L,I,4,6,V,P,246,FALSE,TRUE,-0.11694603700445312,weaker
SKVIWFLGWF,I,W,4,5,R,V,366,FALSE,TRUE,0.6369560139310406,weaker
GGPYKGPRLLLLV,Y,G,4,6,V,P,246,FALSE,TRUE,-0.12695168823013742,weaker
GGPLKQPRLLLLV,L,Q,4,6,V,P,246,FALSE,TRUE,-0.01462284865099365,weaker
SKVICFLGWF,I,C,4,5,R,V,366,FALSE,FALSE,0.8029294995506484,no significant difference
GGPTK*PRLLLLV,T,*,4,6,V,P,246,FALSE,TRUE,0.14045809422810313,weaker
GGPLKHPRLLLLV,L,H,4,6,V,P,246,FALSE,TRUE,0.03589817095780125,weaker
GLLVSRLLPSVPVL,V,L,4,8,W,A,299,FALSE,TRUE,-0.16522006102994247,weaker
GGPTKYPRLLLLV,T,Y,4,6,V,P,246,FALSE,TRUE,0.031435613669162164,weaker
GGPYKVPRLLLLV,Y,V,4,6,V,P,246,FALSE,TRUE,-0.17135331594864328,weaker
GGPLKPPRLLLLV,L,P,4,6,V,P,246,FALSE,TRUE,0.4532816997446775,weaker
SKVIFFLGWF,I,F,4,5,R,V,366,FALSE,TRUE,0.6676429582946486,weaker
GLLVSRLEPSVPVL,V,E,4,8,W,A,299,FALSE,TRUE,-0.06237757618749913,weaker
SKVQKFLGWF,Q,K,4,5,R,V,366,FALSE,FALSE,0.8131083544597012,no significant difference
GGPYK*PRLLLLV,Y,*,4,6,V,P,246,FALSE,TRUE,0.12670459356952127,weaker
GLLVSRLDPSVPVL,V,D,4,8,W,A,299,FALSE,TRUE,-0.08686534084419362,weaker
SKVQNFLGWF,Q,N,4,5,R,V,366,FALSE,FALSE,0.6805599293126369,no significant difference
GGPTKWPRLLLLV,T,W,4,6,V,P,246,FALSE,TRUE,-0.08870904352165332,weaker
GGPYKYPRLLLLV,Y,Y,4,6,V,P,246,FALSE,TRUE,-0.10603936254539022,weaker
GLLVSRLAPSVPVL,V,A,4,8,W,A,299,FALSE,TRUE,0.18850386696303573,weaker
SKVQTFLGWF,Q,T,4,5,R,V,366,FALSE,FALSE,0.8214712011803329,no significant difference
GGPTKCPRLLLLV,T,C,4,6,V,P,246,FALSE,TRUE,0.026048562213854473,weaker
GGPLKLPRLLLLV,L,L,4,6,V,P,246,FALSE,TRUE,-0.091341095863811,weaker
GLLVSRLGPSVPVL,V,G,4,8,W,A,299,FALSE,TRUE,-0.12781911967991083,weaker
SKVQRFLGWF,Q,R,4,5,R,V,366,FALSE,FALSE,0.7517502198058239,no significant difference
GGPTKFPRLLLLV,T,F,4,6,V,P,246,FALSE,TRUE,-0.09847009708831844,weaker
GGPYKWPRLLLLV,Y,W,4,6,V,P,246,FALSE,TRUE,-0.1012798355493342,weaker
GGPLKEPRLLLLV,L,E,4,6,V,P,246,FALSE,TRUE,-0.02713134943834579,weaker
SKVQSFLGWF,Q,S,4,5,R,V,366,FALSE,TRUE,0.7314821557727726,weaker
GGPYKCPRLLLLV,Y,C,4,6,V,P,246,FALSE,TRUE,-0.00771368792278606,weaker
GGPLKDPRLLLLV,L,D,4,6,V,P,246,FALSE,TRUE,-0.12152981409939367,weaker
GLLVSRLVPSVPVL,V,V,4,8,W,A,299,FALSE,TRUE,-0.183173261731908,weaker
SKVQMFLGWF,Q,M,4,5,R,V,366,FALSE,TRUE,0.6927936436070347,weaker
GGPLKAPRLLLLV,L,A,4,6,V,P,246,FALSE,TRUE,0.13052129030565024,weaker
SKVQIFLGWF,Q,I,4,5,R,V,366,FALSE,FALSE,0.7110010447798227,no significant difference
GGPYKFPRLLLLV,Y,F,4,6,V,P,246,FALSE,TRUE,-0.23070611160008003,weaker
GLLVSRL*PSVPVL,V,*,4,8,W,A,299,FALSE,TRUE,-0.16664722737195375,weaker
SKVQQFLGWF,Q,Q,4,5,R,V,366,FALSE,FALSE,0.7209113323370798,no significant difference
GGPSKKPRLLLLV,S,K,4,6,V,P,246,FALSE,TRUE,-0.0599540322080396,weaker
GGPLKGPRLLLLV,L,G,4,6,V,P,246,FALSE,TRUE,-0.11578747791902069,weaker
GLLVSRLYPSVPVL,V,Y,4,8,W,A,299,FALSE,TRUE,-0.10287462566191125,weaker
SKVQPFLGWF,Q,P,4,5,R,V,366,FALSE,TRUE,0.395397442729871,weaker
GGPSKNPRLLLLV,S,N,4,6,V,P,246,FALSE,TRUE,0.05970473772760741,weaker
GGPSKTPRLLLLV,S,T,4,6,V,P,246,FALSE,TRUE,0.01171370382236174,weaker
GGPLKVPRLLLLV,L,V,4,6,V,P,246,FALSE,TRUE,-0.10560521014258872,weaker
SKVQLFLGWF,Q,L,4,5,R,V,366,FALSE,TRUE,0.6743599128566874,weaker
GLLVSRLWPSVPVL,V,W,4,8,W,A,299,FALSE,TRUE,-0.19228675072674495,weaker
GGPSKRPRLLLLV,S,R,4,6,V,P,246,FALSE,TRUE,-0.03620791870754614,weaker
GGPLK*PRLLLLV,L,*,4,6,V,P,246,FALSE,TRUE,0.14879782267560385,weaker
GLLVSRLCPSVPVL,V,C,4,8,W,A,299,FALSE,TRUE,-0.1893941229057895,weaker
SKVQEFLGWF,Q,E,4,5,R,V,366,FALSE,FALSE,0.8276247147792822,no significant difference
GGPSKSPRLLLLV,S,S,4,6,V,P,246,FALSE,TRUE,0.120185898967157,weaker
GGPLKYPRLLLLV,L,Y,4,6,V,P,246,FALSE,TRUE,-0.03609573018478754,weaker
SKVQDFLGWF,Q,D,4,5,R,V,366,FALSE,FALSE,0.6588473568844376,no significant difference
GGPSKMPRLLLLV,S,M,4,6,V,P,246,FALSE,TRUE,0.03110749696947155,weaker
GLLVSRLFPSVPVL,V,F,4,8,W,A,299,FALSE,TRUE,-0.27087431981539734,weaker
SKVQAFLGWF,Q,A,4,5,R,V,366,FALSE,TRUE,0.6485664008694372,weaker
GGPSKIPRLLLLV,S,I,4,6,V,P,246,FALSE,TRUE,-0.09236154339478228,weaker
GGPSKQPRLLLLV,S,Q,4,6,V,P,246,FALSE,TRUE,0.02424614007422157,weaker
GGPLKWPRLLLLV,L,W,4,6,V,P,246,FALSE,TRUE,-0.1996405040644176,weaker
SKVQGFLGWF,Q,G,4,5,R,V,366,FALSE,TRUE,0.5402997816316237,weaker
GGPSKHPRLLLLV,S,H,4,6,V,P,246,FALSE,TRUE,0.0164886452144892,weaker
GGPLKCPRLLLLV,L,C,4,6,V,P,246,FALSE,TRUE,-0.1748561771738911,weaker
GGPSKPPRLLLLV,S,P,4,6,V,P,246,FALSE,TRUE,0.47058120102777334,weaker
SKVQVFLGWF,Q,V,4,5,R,V,366,FALSE,FALSE,0.7767918024513351,no significant difference
GLLMSRLKPSVPVL,M,K,4,8,W,A,299,FALSE,TRUE,-0.065409502640802,weaker
GGPLKFPRLLLLV,L,F,4,6,V,P,246,FALSE,TRUE,-0.1988088224642026,weaker
GLLMSRLNPSVPVL,M,N,4,8,W,A,299,FALSE,TRUE,-0.11428430105543552,weaker
SKVQ*FLGWF,Q,*,4,5,R,V,366,FALSE,TRUE,0.18240624337325784,weaker
GLLMSRLTPSVPVL,M,T,4,8,W,A,299,FALSE,TRUE,0.00836009802474156,weaker
SKVQYFLGWF,Q,Y,4,5,R,V,366,FALSE,TRUE,0.7104357326852062,weaker
GGPSKLPRLLLLV,S,L,4,6,V,P,246,FALSE,TRUE,-0.14338703406044886,weaker
GLLMSRLRPSVPVL,M,R,4,8,W,A,299,FALSE,TRUE,-0.16811991448546446,weaker
GGPSKEPRLLLLV,S,E,4,6,V,P,246,FALSE,TRUE,0.00285713551290678,weaker
GLLMSRLSPSVPVL,M,S,4,8,W,A,299,FALSE,TRUE,-0.11066918588217747,weaker
SKVQWFLGWF,Q,W,4,5,R,V,366,FALSE,TRUE,0.5550880828935837,weaker
GGPSKDPRLLLLV,S,D,4,6,V,P,246,FALSE,TRUE,-0.05768676742687183,weaker
GLLMSRLMPSVPVL,M,M,4,8,W,A,299,FALSE,TRUE,-0.04874458770827961,weaker
SKVQCFLGWF,Q,C,4,5,R,V,366,FALSE,FALSE,0.730578174836858,no significant difference
GGPSKAPRLLLLV,S,A,4,6,V,P,246,FALSE,TRUE,0.19304596095680884,weaker
GLLMSRLIPSVPVL,M,I,4,8,W,A,299,FALSE,TRUE,-0.01524710947046788,weaker
GLLMSRLQPSVPVL,M,Q,4,8,W,A,299,FALSE,TRUE,-0.06874360469088826,weaker
SKVQFFLGWF,Q,F,4,5,R,V,366,FALSE,TRUE,0.6328902284119907,weaker
GGPSKGPRLLLLV,S,G,4,6,V,P,246,FALSE,TRUE,-0.08417196232494832,weaker
GLLMSRLHPSVPVL,M,H,4,8,W,A,299,FALSE,TRUE,-0.08187030980602214,weaker
SKVHKFLGWF,H,K,4,5,R,V,366,FALSE,TRUE,0.8560415673488982,stronger
GLLMSRLPPSVPVL,M,P,4,8,W,A,299,FALSE,TRUE,-0.05331319802876877,weaker
SKVHNFLGWF,H,N,4,5,R,V,366,FALSE,FALSE,0.7421328604324419,no significant difference
GGPSKVPRLLLLV,S,V,4,6,V,P,246,FALSE,TRUE,-0.16191904913623728,weaker
SKVHTFLGWF,H,T,4,5,R,V,366,FALSE,TRUE,0.931592221556931,stronger
SKVHRFLGWF,H,R,4,5,R,V,366,FALSE,FALSE,0.7879143833295765,no significant difference
GGPSK*PRLLLLV,S,*,4,6,V,P,246,FALSE,TRUE,0.04320853853734952,weaker
SKVHSFLGWF,H,S,4,5,R,V,366,FALSE,TRUE,0.7111715452091921,weaker
GGPSKYPRLLLLV,S,Y,4,6,V,P,246,FALSE,TRUE,-0.10697547512376834,weaker
GLLMSRLLPSVPVL,M,L,4,8,W,A,299,FALSE,TRUE,-0.10883236795812544,weaker
SKVHMFLGWF,H,M,4,5,R,V,366,FALSE,FALSE,0.7646315522291132,no significant difference
SKVHIFLGWF,H,I,4,5,R,V,366,FALSE,FALSE,0.7749406732680816,no significant difference
GLLMSRLEPSVPVL,M,E,4,8,W,A,299,FALSE,TRUE,-0.21315510115879532,weaker
SKVHQFLGWF,H,Q,4,5,R,V,366,FALSE,FALSE,0.8839588827222128,no significant difference
GGPSKWPRLLLLV,S,W,4,6,V,P,246,FALSE,TRUE,-0.16113607035275682,weaker
GLLMSRLDPSVPVL,M,D,4,8,W,A,299,FALSE,TRUE,0.05295971819344261,weaker
SKVHLFLGWF,H,L,4,5,R,V,366,FALSE,TRUE,0.6996262698901096,weaker
GGPSKCPRLLLLV,S,C,4,6,V,P,246,FALSE,TRUE,-0.1482163901279628,weaker
GLLMSRLAPSVPVL,M,A,4,8,W,A,299,FALSE,TRUE,-0.04930277979915686,weaker
SKVHEFLGWF,H,E,4,5,R,V,366,FALSE,TRUE,0.8639834436792412,stronger
SKVHDFLGWF,H,D,4,5,R,V,366,FALSE,FALSE,0.7427299982131064,no significant difference
GGPSKFPRLLLLV,S,F,4,6,V,P,246,FALSE,TRUE,-0.11338770792904022,weaker
GLLMSRLGPSVPVL,M,G,4,8,W,A,299,FALSE,TRUE,-0.19699957826820313,weaker
SKVHGFLGWF,H,G,4,5,R,V,366,FALSE,TRUE,0.5804434847111577,weaker
GLLMSRLVPSVPVL,M,V,4,8,W,A,299,FALSE,TRUE,-0.14707710407585442,weaker
SKVHVFLGWF,H,V,4,5,R,V,366,FALSE,FALSE,0.845294516956315,no significant difference
GLLMSRL*PSVPVL,M,*,4,8,W,A,299,FALSE,TRUE,0.03898378694659527,weaker
SKVH*FLGWF,H,*,4,5,R,V,366,FALSE,TRUE,0.19745163141761576,weaker
GLLMSRLYPSVPVL,M,Y,4,8,W,A,299,FALSE,TRUE,-0.15176238687253135,weaker
SKVHYFLGWF,H,Y,4,5,R,V,366,FALSE,TRUE,0.6698817402059297,weaker
GLLMSRLWPSVPVL,M,W,4,8,W,A,299,FALSE,TRUE,-0.14575507859390702,weaker
GLL*SRLKPSVPVL,*,K,4,8,W,A,299,FALSE,TRUE,-0.15069174211203631,weaker
SKVHWFLGWF,H,W,4,5,R,V,366,FALSE,FALSE,0.5378509038396118,no significant difference
GLLMSRLCPSVPVL,M,C,4,8,W,A,299,FALSE,TRUE,-0.18044596080850833,weaker
GLL*SRLNPSVPVL,*,N,4,8,W,A,299,FALSE,FALSE,0.08441615873999868,no significant difference
SKVHCFLGWF,H,C,4,5,R,V,366,FALSE,FALSE,0.7413038326187147,no significant difference
GLL*SRLTPSVPVL,*,T,4,8,W,A,299,FALSE,TRUE,0.00548513503279233,weaker
GLLMSRLFPSVPVL,M,F,4,8,W,A,299,FALSE,TRUE,-0.21464767886748945,weaker
SKVHFFLGWF,H,F,4,5,R,V,366,FALSE,TRUE,0.6930676949489527,weaker
GLLISRLKPSVPVL,I,K,4,8,W,A,299,FALSE,TRUE,-0.17952567357499585,weaker
GLL*SRLRPSVPVL,*,R,4,8,W,A,299,FALSE,TRUE,0.05931133372299592,weaker
SKVPKFLGWF,P,K,4,5,R,V,366,FALSE,TRUE,0.6712271089544328,weaker
GLLISRLNPSVPVL,I,N,4,8,W,A,299,FALSE,TRUE,-0.10790645829241656,weaker
GGPEKKPRLLLLV,E,K,4,6,V,P,246,FALSE,TRUE,0.04592820429527699,weaker
SKVPRFLGWF,P,R,4,5,R,V,366,FALSE,TRUE,0.6413509661281113,weaker
GLLISRLTPSVPVL,I,T,4,8,W,A,299,FALSE,TRUE,-0.09679353872392116,weaker
GGPEKNPRLLLLV,E,N,4,6,V,P,246,FALSE,TRUE,0.11968269627834446,weaker
GLL*SRLMPSVPVL,*,M,4,8,W,A,299,FALSE,TRUE,0.06092064115981797,weaker
SKVPMFLGWF,P,M,4,5,R,V,366,FALSE,TRUE,0.6626039567272456,weaker
GGPEKTPRLLLLV,E,T,4,6,V,P,246,FALSE,TRUE,0.01293302003861963,weaker
GLL*SRLIPSVPVL,*,I,4,8,W,A,299,FALSE,TRUE,-0.03934368716259692,weaker
SKVPEFLGWF,P,E,4,5,R,V,366,FALSE,FALSE,0.7484706552980751,no significant difference
GLLISRLRPSVPVL,I,R,4,8,W,A,299,FALSE,TRUE,-0.1370158536475297,weaker
GLL*SRLQPSVPVL,*,Q,4,8,W,A,299,FALSE,TRUE,0.03445013847525267,weaker
SKVPGFLGWF,P,G,4,5,R,V,366,FALSE,TRUE,0.4981850272005908,weaker
GGPEKRPRLLLLV,E,R,4,6,V,P,246,FALSE,TRUE,-0.02003742979524782,weaker
GLL*SRLHPSVPVL,*,H,4,8,W,A,299,FALSE,TRUE,-0.04980749516592581,weaker
GLLISRLMPSVPVL,I,M,4,8,W,A,299,FALSE,TRUE,-0.20444016510652224,weaker
GGPEKSPRLLLLV,E,S,4,6,V,P,246,FALSE,TRUE,0.1416952519896792,weaker
GLL*SRLPPSVPVL,*,P,4,8,W,A,299,FALSE,TRUE,-0.0194435117960257,weaker
SKVPVFLGWF,P,V,4,5,R,V,366,FALSE,FALSE,0.7270681699712622,no significant difference
GLLISRLIPSVPVL,I,I,4,8,W,A,299,FALSE,TRUE,-0.1496150313431987,weaker
GGPEKMPRLLLLV,E,M,4,6,V,P,246,FALSE,TRUE,-0.03620791870754614,weaker
GLLISRLQPSVPVL,I,Q,4,8,W,A,299,FALSE,TRUE,-0.1320960277416263,weaker
GGPEKIPRLLLLV,E,I,4,6,V,P,246,FALSE,TRUE,-0.14077441677445662,weaker
SKVPYFLGWF,P,Y,4,5,R,V,366,FALSE,TRUE,0.6502727170859653,weaker
GLLISRLHPSVPVL,I,H,4,8,W,A,299,FALSE,TRUE,-0.11539825215134449,weaker
GGPEKQPRLLLLV,E,Q,4,6,V,P,246,FALSE,TRUE,-0.05747363774489545,weaker
SKVPWFLGWF,P,W,4,5,R,V,366,FALSE,TRUE,0.4052737351099719,weaker
GLLISRLPPSVPVL,I,P,4,8,W,A,299,FALSE,TRUE,0.01185966654133333,weaker
GGPEKHPRLLLLV,E,H,4,6,V,P,246,FALSE,TRUE,0.1636966850591,weaker
SKVPCFLGWF,P,C,4,5,R,V,366,FALSE,TRUE,0.6141636260866414,weaker
GGPEKPPRLLLLV,E,P,4,6,V,P,246,FALSE,FALSE,0.6338738342002876,no significant difference
SKVPLFLGWF,P,L,4,5,R,V,366,FALSE,TRUE,0.6402956861553195,weaker
GLL*SRLEPSVPVL,*,E,4,8,W,A,299,FALSE,TRUE,0.13578682970626313,weaker
GLL*SRLDPSVPVL,*,D,4,8,W,A,299,FALSE,TRUE,0.07806515260556582,weaker
SKVPNFLGWF,P,N,4,5,R,V,366,FALSE,TRUE,0.6322871451765385,weaker
GLL*SRLAPSVPVL,*,A,4,8,W,A,299,FALSE,TRUE,-0.013286438904787333,weaker
GGPEKLPRLLLLV,E,L,4,6,V,P,246,FALSE,TRUE,-0.05240149979924834,weaker
SKVPSFLGWF,P,S,4,5,R,V,366,FALSE,TRUE,0.6617273926758386,weaker
GGPVKSPRLLLLV,V,S,4,6,V,P,246,FALSE,TRUE,0.07946316758998441,weaker
SKVDCFLGWF,D,C,4,5,R,V,366,FALSE,FALSE,0.5989286029710712,no significant difference
GGPVKMPRLLLLV,V,M,4,6,V,P,246,FALSE,TRUE,-0.09219002775881963,weaker
GGPEKEPRLLLLV,E,E,4,6,V,P,246,FALSE,FALSE,0.255143198856602,no significant difference
SKVDLFLGWF,D,L,4,5,R,V,366,FALSE,TRUE,0.576574885658016,weaker
GGPVKIPRLLLLV,V,I,4,6,V,P,246,FALSE,TRUE,-0.11514640038477131,weaker
GGPEKDPRLLLLV,E,D,4,6,V,P,246,FALSE,TRUE,-0.14158997609853927,weaker
SKVDFFLGWF,D,F,4,5,R,V,366,FALSE,FALSE,0.4293054664641466,no significant difference
GGPVKQPRLLLLV,V,Q,4,6,V,P,246,FALSE,TRUE,0.03060818647606247,weaker
GGPEKAPRLLLLV,E,A,4,6,V,P,246,FALSE,TRUE,0.3792165068990604,weaker
SKVAKFLGWF,A,K,4,5,R,V,366,FALSE,FALSE,0.8128998001094085,no significant difference
GGPVKHPRLLLLV,V,H,4,6,V,P,246,FALSE,TRUE,0.04418039288401039,weaker
SKVANFLGWF,A,N,4,5,R,V,366,FALSE,TRUE,0.7313733643255607,weaker
SKVP*FLGWF,P,*,4,5,R,V,366,FALSE,TRUE,0.25396738791359286,weaker
GGPWKKPRLLLLV,W,K,4,6,V,P,246,FALSE,TRUE,-0.11956671625957012,weaker
GGPVKPPRLLLLV,V,P,4,6,V,P,246,TRUE,FALSE,0.5586905293176915,no significant difference
GGPEKGPRLLLLV,E,G,4,6,V,P,246,FALSE,TRUE,-0.12217353538560151,weaker
SKVATFLGWF,A,T,4,5,R,V,366,FALSE,TRUE,0.8761603464103702,stronger
GGPWKNPRLLLLV,W,N,4,6,V,P,246,FALSE,TRUE,-0.04177904086844009,weaker
GGPWKTPRLLLLV,W,T,4,6,V,P,246,FALSE,TRUE,-0.04442261628354687,weaker
GGPVKRPRLLLLV,V,R,4,6,V,P,246,FALSE,TRUE,-0.051115084786108114,weaker
GGPEKVPRLLLLV,E,V,4,6,V,P,246,FALSE,TRUE,0.01455334221691815,weaker
SKVARFLGWF,A,R,4,5,R,V,366,FALSE,FALSE,0.7364375142054095,no significant difference
SKVASFLGWF,A,S,4,5,R,V,366,FALSE,TRUE,0.713112331311394,weaker
SKVPFFLGWF,P,F,4,5,R,V,366,FALSE,TRUE,0.4702239914343938,weaker
GGPWKRPRLLLLV,W,R,4,6,V,P,246,FALSE,TRUE,-0.13919281819941096,weaker
GGPVKLPRLLLLV,V,L,4,6,V,P,246,FALSE,TRUE,-0.12071272464517581,weaker
GGPEK*PRLLLLV,E,*,4,6,V,P,246,FALSE,FALSE,0.2774637433635614,no significant difference
SKVAMFLGWF,A,M,4,5,R,V,366,FALSE,FALSE,0.7347272613654813,no significant difference
GGPWKSPRLLLLV,W,S,4,6,V,P,246,FALSE,TRUE,-0.01830674532112122,weaker
GGPEKYPRLLLLV,E,Y,4,6,V,P,246,FALSE,TRUE,-0.02448575365165111,weaker
SKVAIFLGWF,A,I,4,5,R,V,366,FALSE,FALSE,0.7631062662760916,no significant difference
GGPWKMPRLLLLV,W,M,4,6,V,P,246,FALSE,TRUE,-0.1982871512704378,weaker
GGPVKEPRLLLLV,V,E,4,6,V,P,246,FALSE,TRUE,0.013636889772228156,weaker
SKVAQFLGWF,A,Q,4,5,R,V,366,FALSE,FALSE,0.8222801565723555,no significant difference
GGPWKIPRLLLLV,W,I,4,6,V,P,246,FALSE,TRUE,-0.07762177265217189,weaker
GGPVKDPRLLLLV,V,D,4,6,V,P,246,FALSE,TRUE,-0.06758157218718877,weaker
GGPWKQPRLLLLV,W,Q,4,6,V,P,246,FALSE,TRUE,-0.08294906900567046,weaker
GGPVKAPRLLLLV,V,A,4,6,V,P,246,FALSE,TRUE,0.24708101202313665,weaker
GGPEKWPRLLLLV,E,W,4,6,V,P,246,FALSE,TRUE,-0.1012798355493342,weaker
GGPWKHPRLLLLV,W,H,4,6,V,P,246,FALSE,TRUE,-0.18180933753586168,weaker
GGPEKCPRLLLLV,E,C,4,6,V,P,246,FALSE,TRUE,0.10744596416412357,weaker
SKVALFLGWF,A,L,4,5,R,V,366,FALSE,TRUE,0.6803144139371862,weaker
GGPWKPPRLLLLV,W,P,4,6,V,P,246,FALSE,TRUE,0.0362523296639679,weaker
GGPVKGPRLLLLV,V,G,4,6,V,P,246,FALSE,TRUE,-0.14751536553391723,weaker
GGPEKFPRLLLLV,E,F,4,6,V,P,246,FALSE,TRUE,-0.11428430105543552,weaker
SKVAEFLGWF,A,E,4,5,R,V,366,FALSE,FALSE,0.7958704402100365,no significant difference
GGPVKVPRLLLLV,V,V,4,6,V,P,246,FALSE,TRUE,-0.1610720115626571,weaker
GGPDKKPRLLLLV,D,K,4,6,V,P,246,FALSE,TRUE,0.07059520895626788,weaker
SKVADFLGWF,A,D,4,5,R,V,366,FALSE,FALSE,0.747207576895243,no significant difference
GGPDKNPRLLLLV,D,N,4,6,V,P,246,FALSE,TRUE,-0.01672623156872564,weaker
SKVAAFLGWF,A,A,4,5,R,V,366,FALSE,TRUE,0.6513938940390969,weaker
GGPWKLPRLLLLV,W,L,4,6,V,P,246,FALSE,TRUE,-0.14225423441547452,weaker
GGPVK*PRLLLLV,V,*,4,6,V,P,246,FALSE,TRUE,-0.021464320977555514,weaker
GGPDKTPRLLLLV,D,T,4,6,V,P,246,FALSE,TRUE,0.021501668576172736,weaker
GGPVKYPRLLLLV,V,Y,4,6,V,P,246,FALSE,TRUE,-0.11832170315455556,weaker
SKVAGFLGWF,A,G,4,5,R,V,366,FALSE,TRUE,0.5120657747640887,weaker
GGPWKEPRLLLLV,W,E,4,6,V,P,246,FALSE,TRUE,-0.07559407763584658,weaker
GGPDKRPRLLLLV,D,R,4,6,V,P,246,FALSE,TRUE,0.0295260240329016,weaker
GGPWKDPRLLLLV,W,D,4,6,V,P,246,FALSE,TRUE,0.01702539025292857,weaker
GGPDKSPRLLLLV,D,S,4,6,V,P,246,FALSE,TRUE,0.13554458755448648,weaker
SKVAVFLGWF,A,V,4,5,R,V,366,FALSE,FALSE,0.777039183327829,no significant difference
GGPWKAPRLLLLV,W,A,4,6,V,P,246,FALSE,TRUE,-0.0786368782656605,weaker
GGPVKWPRLLLLV,V,W,4,6,V,P,246,FALSE,TRUE,-0.1809169593452313,weaker
GGPDKMPRLLLLV,D,M,4,6,V,P,246,FALSE,TRUE,0.00101605466473116,weaker
GGPVKCPRLLLLV,V,C,4,6,V,P,246,FALSE,TRUE,-0.1569045925082502,weaker
GGPDKIPRLLLLV,D,I,4,6,V,P,246,FALSE,TRUE,-0.1574796989096469,weaker
SKVA*FLGWF,A,*,4,5,R,V,366,FALSE,TRUE,0.265925463683884,weaker
GGPWKGPRLLLLV,W,G,4,6,V,P,246,FALSE,TRUE,-0.1419961809743382,weaker
GGPDKQPRLLLLV,D,Q,4,6,V,P,246,FALSE,TRUE,-0.03620791870754614,weaker
SKVAYFLGWF,A,Y,4,5,R,V,366,FALSE,TRUE,0.7170583648715068,weaker
GGPVKFPRLLLLV,V,F,4,6,V,P,246,FALSE,TRUE,-0.1716924628387279,weaker
GGPDKHPRLLLLV,D,H,4,6,V,P,246,FALSE,TRUE,0.05020081029578463,weaker
GGPWKVPRLLLLV,W,V,4,6,V,P,246,FALSE,TRUE,-0.22632467495636038,weaker
GGPVKKPRLLLLV,V,K,4,6,V,P,246,FALSE,TRUE,0.14147156957610152,weaker
GGPDKPPRLLLLV,D,P,4,6,V,P,246,FALSE,FALSE,0.5597464594170254,no significant difference
GGPVKNPRLLLLV,V,N,4,6,V,P,246,FALSE,TRUE,-0.09958266162657367,weaker
SKVAWFLGWF,A,W,4,5,R,V,366,FALSE,TRUE,0.5709052277273314,weaker
GGPWK*PRLLLLV,W,*,4,6,V,P,246,FALSE,TRUE,0.10744596416412357,weaker
GGPVKTPRLLLLV,V,T,4,6,V,P,246,FALSE,TRUE,-0.016585133758403425,weaker
SKVACFLGWF,A,C,4,5,R,V,366,FALSE,TRUE,0.7174356051677725,weaker
GGPWKYPRLLLLV,W,Y,4,6,V,P,246,FALSE,TRUE,-0.21631431454128233,weaker
GGPDKLPRLLLLV,D,L,4,6,V,P,246,FALSE,TRUE,-0.05325675465398451,weaker
SKVAFFLGWF,A,F,4,5,R,V,366,FALSE,TRUE,0.6534160414123785,weaker
GGPWKWPRLLLLV,W,W,4,6,V,P,246,FALSE,TRUE,-0.2528534607108238,weaker
GGPDKEPRLLLLV,D,E,4,6,V,P,246,FALSE,TRUE,-0.00184545917200956,weaker
GGPMKKPRLLLLV,M,K,4,6,V,P,246,FALSE,TRUE,-0.01571817699930592,weaker
GGPWKCPRLLLLV,W,C,4,6,V,P,246,FALSE,TRUE,-0.18671424083637825,weaker
GGPDKDPRLLLLV,D,D,4,6,V,P,246,FALSE,TRUE,-0.02216079202332576,weaker
GGPMKNPRLLLLV,M,N,4,6,V,P,246,FALSE,TRUE,-0.11923755328230395,weaker
GGPDKAPRLLLLV,D,A,4,6,V,P,246,FALSE,TRUE,0.2518456772057266,weaker
GGPMKTPRLLLLV,M,T,4,6,V,P,246,FALSE,TRUE,0.09197806280397933,weaker
GGPWKFPRLLLLV,W,F,4,6,V,P,246,FALSE,TRUE,-0.1108187789363556,weaker
GGPCKKPRLLLLV,C,K,4,6,V,P,246,FALSE,TRUE,0.05652373770398752,weaker
GGPDKGPRLLLLV,D,G,4,6,V,P,246,FALSE,TRUE,-0.17980429144359034,weaker
GGPMKRPRLLLLV,M,R,4,6,V,P,246,FALSE,TRUE,-0.091341095863811,weaker
GGPCKNPRLLLLV,C,N,4,6,V,P,246,FALSE,TRUE,-0.05325675465398451,weaker
GGPMKSPRLLLLV,M,S,4,6,V,P,246,FALSE,TRUE,0.1714070938452272,weaker
GGPCKTPRLLLLV,C,T,4,6,V,P,246,FALSE,TRUE,-0.030384752717423157,weaker
GGPDKVPRLLLLV,D,V,4,6,V,P,246,FALSE,TRUE,-0.09542958704157087,weaker
GGPMKMPRLLLLV,M,M,4,6,V,P,246,FALSE,TRUE,-0.06054954046816485,weaker
SKVAHFLGWF,A,H,4,5,R,V,366,FALSE,FALSE,0.837800322425033,no significant difference
GGPMKIPRLLLLV,M,I,4,6,V,P,246,FALSE,TRUE,-0.17390835006027278,weaker
GGPCKRPRLLLLV,C,R,4,6,V,P,246,FALSE,TRUE,-0.00829383666453234,weaker
GGPDK*PRLLLLV,D,*,4,6,V,P,246,FALSE,TRUE,0.12267549738011044,weaker
GGPMKQPRLLLLV,M,Q,4,6,V,P,246,FALSE,TRUE,0.03968213676794376,weaker
GGPCKSPRLLLLV,C,S,4,6,V,P,246,FALSE,TRUE,-0.04177904086844009,weaker
GGPDKYPRLLLLV,D,Y,4,6,V,P,246,FALSE,TRUE,-0.11517618763456056,weaker
GGPMKHPRLLLLV,M,H,4,6,V,P,246,FALSE,TRUE,-0.04963685582833023,weaker
GGPCKMPRLLLLV,C,M,4,6,V,P,246,FALSE,TRUE,-0.05276768563214516,weaker
GGPMKPPRLLLLV,M,P,4,6,V,P,246,FALSE,FALSE,0.5263608485857981,no significant difference
GGPCKIPRLLLLV,C,I,4,6,V,P,246,FALSE,TRUE,-0.22427654430485056,weaker
GGPCKQPRLLLLV,C,Q,4,6,V,P,246,FALSE,TRUE,-0.06624852803165977,weaker
GGPDKWPRLLLLV,D,W,4,6,V,P,246,FALSE,TRUE,-0.1675759759297492,weaker
GGPCKHPRLLLLV,C,H,4,6,V,P,246,FALSE,TRUE,-0.15954752163226332,weaker
GGPDKCPRLLLLV,D,C,4,6,V,P,246,FALSE,TRUE,-0.00562524196895571,weaker
GGPCKPPRLLLLV,C,P,4,6,V,P,246,FALSE,FALSE,0.48011867339782033,no significant difference
GGPMKLPRLLLLV,M,L,4,6,V,P,246,FALSE,TRUE,-0.12546889653099316,weaker
GGPDKFPRLLLLV,D,F,4,6,V,P,246,FALSE,TRUE,0.02264518571536767,weaker
GGPAKKPRLLLLV,A,K,4,6,V,P,246,FALSE,TRUE,0.25449213395657966,weaker
GGPMKEPRLLLLV,M,E,4,6,V,P,246,FALSE,TRUE,-0.06338173991159561,weaker
GGPAKNPRLLLLV,A,N,4,6,V,P,246,FALSE,TRUE,-0.044363683224238754,weaker
GGPMKDPRLLLLV,M,D,4,6,V,P,246,FALSE,TRUE,-0.02003742979524782,weaker
GGPCKLPRLLLLV,C,L,4,6,V,P,246,FALSE,TRUE,-0.11366667805448138,weaker
GGPAKTPRLLLLV,A,T,4,6,V,P,246,FALSE,TRUE,-0.011839843471193844,weaker
GGPMKAPRLLLLV,M,A,4,6,V,P,246,FALSE,TRUE,0.22922248403496198,weaker
GGPCKEPRLLLLV,C,E,4,6,V,P,246,FALSE,TRUE,-0.23294466839838385,weaker
GGPAKRPRLLLLV,A,R,4,6,V,P,246,FALSE,TRUE,-0.03756130327865073,weaker
GGPMKGPRLLLLV,M,G,4,6,V,P,246,FALSE,TRUE,-0.17539999429902026,weaker
GGPCKDPRLLLLV,C,D,4,6,V,P,246,FALSE,TRUE,-0.12553018071606442,weaker
GGPAKSPRLLLLV,A,S,4,6,V,P,246,FALSE,TRUE,0.16438203679050073,weaker
GGPCKAPRLLLLV,C,A,4,6,V,P,246,FALSE,TRUE,0.09749010660921185,weaker
GGPAKMPRLLLLV,A,M,4,6,V,P,246,FALSE,TRUE,-0.1129739429350807,weaker
GGPMKVPRLLLLV,M,V,4,6,V,P,246,FALSE,TRUE,0.04123130982055592,weaker
GGPAKIPRLLLLV,A,I,4,6,V,P,246,FALSE,TRUE,-0.09135517908322223,weaker
GGPCKGPRLLLLV,C,G,4,6,V,P,246,FALSE,TRUE,-0.15428376151201456,weaker
GGPAKQPRLLLLV,A,Q,4,6,V,P,246,FALSE,TRUE,0.09423997972177373,weaker
SKVGKFLGWF,G,K,4,5,R,V,366,FALSE,FALSE,0.7152282262892324,no significant difference
GGPMK*PRLLLLV,M,*,4,6,V,P,246,FALSE,TRUE,0.14216106286225805,weaker
GGPAKHPRLLLLV,A,H,4,6,V,P,246,FALSE,TRUE,0.1582862800728854,weaker
SKVGNFLGWF,G,N,4,5,R,V,366,FALSE,TRUE,0.632618727237708,weaker
GGPMKYPRLLLLV,M,Y,4,6,V,P,246,FALSE,TRUE,-0.01672623156872564,weaker
GGPCKVPRLLLLV,C,V,4,6,V,P,246,FALSE,TRUE,-0.2430579769767015,weaker
GGP*KKPRLLLLV,*,K,4,6,V,P,246,FALSE,TRUE,-0.04874458770827961,weaker
GGPAKPPRLLLLV,A,P,4,6,V,P,246,FALSE,FALSE,0.5840496983522865,no significant difference
SKVGTFLGWF,G,T,4,5,R,V,366,FALSE,FALSE,0.7570288333792938,no significant difference
GGP*KNPRLLLLV,*,N,4,6,V,P,246,FALSE,TRUE,0.0917724593620056,weaker
GGPCK*PRLLLLV,C,*,4,6,V,P,246,FALSE,TRUE,-0.02749298265527305,weaker
GGP*KTPRLLLLV,*,T,4,6,V,P,246,FALSE,TRUE,0.1516827895032624,weaker
SKVGRFLGWF,G,R,4,5,R,V,366,FALSE,TRUE,0.6743845321275416,weaker
GGPMKWPRLLLLV,M,W,4,6,V,P,246,FALSE,TRUE,-0.01616663719487697,weaker
GGPCKYPRLLLLV,C,Y,4,6,V,P,246,FALSE,TRUE,-0.20391333056604471,weaker
SKVGSFLGWF,G,S,4,5,R,V,366,FALSE,TRUE,0.6614989084332291,weaker
GGPMKCPRLLLLV,M,C,4,6,V,P,246,FALSE,TRUE,0.01849364906966209,weaker
GGPAKLPRLLLLV,A,L,4,6,V,P,246,FALSE,TRUE,-0.07160282587741967,weaker
SKVGMFLGWF,G,M,4,5,R,V,366,FALSE,TRUE,0.6459020371822286,weaker
SKVLKFLGWF,L,K,4,5,R,V,366,FALSE,FALSE,0.7688218035192009,no significant difference
SKVGIFLGWF,G,I,4,5,R,V,366,FALSE,TRUE,0.6372223754446875,weaker
SKVLNFLGWF,L,N,4,5,R,V,366,FALSE,TRUE,0.6954055078984712,weaker
GGPMKFPRLLLLV,M,F,4,6,V,P,246,FALSE,TRUE,-0.05767128698807939,weaker
GGPCKWPRLLLLV,C,W,4,6,V,P,246,FALSE,TRUE,-0.17272497612650156,weaker
GGP*KMPRLLLLV,*,M,4,6,V,P,246,FALSE,TRUE,-0.07559407763584658,weaker
GGPAKEPRLLLLV,A,E,4,6,V,P,246,FALSE,TRUE,-0.015087015131682261,weaker
SKVGQFLGWF,G,Q,4,5,R,V,366,FALSE,TRUE,0.726503522065824,weaker
SKVLTFLGWF,L,T,4,5,R,V,366,FALSE,TRUE,0.8224329799151069,stronger
GGPIKKPRLLLLV,I,K,4,6,V,P,246,FALSE,TRUE,-0.05474545692152691,weaker
GGPCKCPRLLLLV,C,C,4,6,V,P,246,FALSE,TRUE,-0.01616663719487697,weaker
GGP*KIPRLLLLV,*,I,4,6,V,P,246,FALSE,TRUE,-0.01768864733646811,weaker
GGPAKDPRLLLLV,A,D,4,6,V,P,246,FALSE,TRUE,-0.041756938096990916,weaker
SKVGHFLGWF,G,H,4,5,R,V,366,FALSE,FALSE,0.6900950383334,no significant difference
GGPIKNPRLLLLV,I,N,4,6,V,P,246,FALSE,TRUE,0.03404368895364895,weaker
GGP*KQPRLLLLV,*,Q,4,6,V,P,246,FALSE,FALSE,0.01122468192441262,no significant difference
GGPAKAPRLLLLV,A,A,4,6,V,P,246,FALSE,TRUE,0.3225580903278896,weaker
SKVGPFLGWF,G,P,4,5,R,V,366,FALSE,TRUE,0.31563197891396333,weaker
SKVLRFLGWF,L,R,4,5,R,V,366,FALSE,TRUE,0.7207397140408408,weaker
GGPCKFPRLLLLV,C,F,4,6,V,P,246,FALSE,TRUE,-0.1110393697241378,weaker
SGRKWFKDWL,K,K,4,7,F,S,363,FALSE,TRUE,-0.00330766516869935,weaker
SKVLSFLGWF,L,S,4,5,R,V,366,FALSE,TRUE,0.6996328326817686,weaker
SGRKWFNDWL,K,N,4,7,F,S,363,FALSE,TRUE,0.14725188543520168,weaker
GGPAKGPRLLLLV,A,G,4,6,V,P,246,FALSE,TRUE,-0.12177780844716782,weaker
SKVLMFLGWF,L,M,4,5,R,V,366,FALSE,TRUE,0.6590148658792734,weaker
SGRKWFTDWL,K,T,4,7,F,S,363,FALSE,FALSE,0.7327939737386293,no significant difference
SKVLIFLGWF,L,I,4,5,R,V,366,FALSE,TRUE,0.664681979831746,weaker
GGPAKVPRLLLLV,A,V,4,6,V,P,246,FALSE,TRUE,-0.05106421630830432,weaker
SKVGLFLGWF,G,L,4,5,R,V,366,FALSE,TRUE,0.6018634997228678,weaker
SKVLQFLGWF,L,Q,4,5,R,V,366,FALSE,FALSE,0.7207570314516126,no significant difference
SGRKWFRDWL,K,R,4,7,F,S,363,FALSE,TRUE,0.10581453612810436,weaker
SKVLHFLGWF,L,H,4,5,R,V,366,FALSE,TRUE,0.717322517953055,weaker
SGRKWFSDWL,K,S,4,7,F,S,363,FALSE,FALSE,0.7772060935392079,no significant difference
GGPAK*PRLLLLV,A,*,4,6,V,P,246,FALSE,TRUE,0.11010388960312187,weaker
SKVGEFLGWF,G,E,4,5,R,V,366,FALSE,FALSE,0.7720575867400965,no significant difference
SKVLPFLGWF,L,P,4,5,R,V,366,FALSE,TRUE,0.3330984136150982,weaker
SGRKWFMDWL,K,M,4,7,F,S,363,FALSE,TRUE,0.11908975057940868,weaker
GGPAKYPRLLLLV,A,Y,4,6,V,P,246,FALSE,TRUE,0.015158464093803841,weaker
SKVGDFLGWF,G,D,4,5,R,V,366,FALSE,TRUE,0.6672061031690916,weaker
SGRKWFIDWL,K,I,4,7,F,S,363,FALSE,TRUE,0.23437785349773044,weaker
SKVGAFLGWF,G,A,4,5,R,V,366,FALSE,TRUE,0.633353163209078,weaker
SGRKWFQDWL,K,Q,4,7,F,S,363,FALSE,TRUE,0.02766430704929367,weaker
SKVLLFLGWF,L,L,4,5,R,V,366,FALSE,TRUE,0.5907892087883484,weaker
SGRKWFHDWL,K,H,4,7,F,S,363,FALSE,TRUE,0.1583681906242592,weaker
GGPAKWPRLLLLV,A,W,4,6,V,P,246,FALSE,TRUE,-0.1813037471407655,weaker
SKVGGFLGWF,G,G,4,5,R,V,366,FALSE,TRUE,0.5015284317484391,weaker
SKVLEFLGWF,L,E,4,5,R,V,366,FALSE,FALSE,0.7949321055160926,no significant difference
SGRMWFKDWL,M,K,4,7,F,S,363,FALSE,TRUE,0.11719202313353892,weaker
SGRKWFPDWL,K,P,4,7,F,S,363,FALSE,TRUE,0.1115089369302712,weaker
GGPAKCPRLLLLV,A,C,4,6,V,P,246,FALSE,TRUE,-0.006039268789897745,weaker
SKVLDFLGWF,L,D,4,5,R,V,366,FALSE,TRUE,0.6537793514149699,weaker
SGRMWFNDWL,M,N,4,7,F,S,363,FALSE,TRUE,0.2494706111787057,weaker
SKVGVFLGWF,G,V,4,5,R,V,366,FALSE,TRUE,0.7233932439799348,weaker
SKVLAFLGWF,L,A,4,5,R,V,366,FALSE,TRUE,0.6585494999950192,weaker
SGRMWFTDWL,M,T,4,7,F,S,363,FALSE,TRUE,0.8279257694311069,stronger
GGPAKFPRLLLLV,A,F,4,6,V,P,246,FALSE,TRUE,-0.04102577672458409,weaker
SKVLGFLGWF,L,G,4,5,R,V,366,FALSE,TRUE,0.5498209519555762,weaker
SKVG*FLGWF,G,*,4,5,R,V,366,FALSE,TRUE,0.2670386709478934,weaker
SGRMWFRDWL,M,R,4,7,F,S,363,FALSE,TRUE,0.10225472146814636,weaker
SGRKWFLDWL,K,L,4,7,F,S,363,FALSE,TRUE,0.16335468062084807,weaker
SKVGYFLGWF,G,Y,4,5,R,V,366,FALSE,TRUE,0.5450181635207398,weaker
SKVLVFLGWF,L,V,4,5,R,V,366,FALSE,TRUE,0.6626390065896001,weaker
SGRMWFSDWL,M,S,4,7,F,S,363,FALSE,TRUE,0.8590475730835252,stronger
SGRMWFMDWL,M,M,4,7,F,S,363,FALSE,TRUE,0.18442751360645884,weaker
SGRKWFEDWL,K,E,4,7,F,S,363,FALSE,TRUE,0.3061321704839144,weaker
SKVL*FLGWF,L,*,4,5,R,V,366,FALSE,TRUE,0.20664092631293596,weaker
SGRMWFIDWL,M,I,4,7,F,S,363,FALSE,TRUE,0.13353782189189842,weaker
SGRKWFDDWL,K,D,4,7,F,S,363,FALSE,TRUE,0.28106126425885053,weaker
SKVGWFLGWF,G,W,4,5,R,V,366,FALSE,TRUE,0.4344466099724672,weaker
SKVLYFLGWF,L,Y,4,5,R,V,366,FALSE,TRUE,0.5454816480685589,weaker
SGRMWFQDWL,M,Q,4,7,F,S,363,FALSE,TRUE,0.24430729253873665,weaker
SGRKWFADWL,K,A,4,7,F,S,363,FALSE,TRUE,0.24930154361987755,weaker
SKVGCFLGWF,G,C,4,5,R,V,366,FALSE,TRUE,0.6545084106070236,weaker
SGRMWFHDWL,M,H,4,7,F,S,363,FALSE,TRUE,0.3314546147567086,weaker
SGRMWFPDWL,M,P,4,7,F,S,363,FALSE,TRUE,0.1274679849695834,weaker
SGRKWFGDWL,K,G,4,7,F,S,363,FALSE,TRUE,0.22796098921043678,weaker
SKVGFFLGWF,G,F,4,5,R,V,366,FALSE,TRUE,0.5636854016729789,weaker
SKVLWFLGWF,L,W,4,5,R,V,366,FALSE,TRUE,0.483205816657542,weaker
SKVLCFLGWF,L,C,4,5,R,V,366,FALSE,TRUE,0.6749352636170185,weaker
SGRKWFVDWL,K,V,4,7,F,S,363,FALSE,TRUE,0.3196359560746387,weaker
SKVLFFLGWF,L,F,4,5,R,V,366,FALSE,TRUE,0.5591600326262459,weaker
SGRMWFLDWL,M,L,4,7,F,S,363,FALSE,TRUE,0.19064069034765588,weaker
SGRKWF*DWL,K,*,4,7,F,S,363,FALSE,TRUE,0.10049333974557122,weaker
SGRKWFYDWL,K,Y,4,7,F,S,363,FALSE,TRUE,0.2665285867890088,weaker
SGRMWFEDWL,M,E,4,7,F,S,363,FALSE,TRUE,0.2092988569450808,weaker
SGRMWFDDWL,M,D,4,7,F,S,363,FALSE,TRUE,0.4038888419840864,weaker
SGRMWFADWL,M,A,4,7,F,S,363,FALSE,TRUE,0.3197573784860417,weaker
SGRKWFWDWL,K,W,4,7,F,S,363,FALSE,TRUE,0.20390979950260668,weaker
SGRKWFCDWL,K,C,4,7,F,S,363,FALSE,TRUE,0.31542856581399686,weaker
SGRMWFGDWL,M,G,4,7,F,S,363,FALSE,TRUE,0.3531936230303442,weaker
SGRKWFFDWL,K,F,4,7,F,S,363,FALSE,TRUE,0.36267664881297,weaker
SGRMWFVDWL,M,V,4,7,F,S,363,FALSE,TRUE,0.12486327672155402,weaker
SGRNWFKDWL,N,K,4,7,F,S,363,FALSE,TRUE,0.20650282106538664,weaker
GGPFKKPRLLLLV,F,K,4,6,V,P,246,FALSE,TRUE,-0.21478788912726737,weaker
SGRNWFNDWL,N,N,4,7,F,S,363,FALSE,TRUE,0.08156056205627718,weaker
SGRMWF*DWL,M,*,4,7,F,S,363,FALSE,TRUE,0.09904397464159562,weaker
GGPFKNPRLLLLV,F,N,4,6,V,P,246,FALSE,TRUE,-0.01498866001002488,weaker
SGRNWFTDWL,N,T,4,7,F,S,363,FALSE,FALSE,0.7315290220016588,no significant difference
SGRMWFYDWL,M,Y,4,7,F,S,363,FALSE,FALSE,0.3677155537680277,no significant difference
GGPFKTPRLLLLV,F,T,4,6,V,P,246,FALSE,TRUE,-0.09613973667776304,weaker
SGRNWFRDWL,N,R,4,7,F,S,363,FALSE,TRUE,0.1121150616408418,weaker
GGPFKRPRLLLLV,F,R,4,6,V,P,246,FALSE,TRUE,-0.08614484980222135,weaker
SGRNWFSDWL,N,S,4,7,F,S,363,FALSE,FALSE,0.7786707922926761,no significant difference
SGRMWFWDWL,M,W,4,7,F,S,363,FALSE,TRUE,0.31615260754006563,weaker
GGPFKSPRLLLLV,F,S,4,6,V,P,246,FALSE,TRUE,-0.195808264326654,weaker
SGRNWFMDWL,N,M,4,7,F,S,363,FALSE,TRUE,0.05889433589252692,weaker
SGRMWFCDWL,M,C,4,7,F,S,363,FALSE,TRUE,0.28300276910579636,weaker
GGPFKMPRLLLLV,F,M,4,6,V,P,246,FALSE,TRUE,-0.09082856454552288,weaker
SGRNWFIDWL,N,I,4,7,F,S,363,FALSE,TRUE,0.03178465952827289,weaker
GGPFKIPRLLLLV,F,I,4,6,V,P,246,FALSE,TRUE,-0.2834873439498149,weaker
SGRNWFQDWL,N,Q,4,7,F,S,363,FALSE,TRUE,-0.01025291517366364,weaker
SGRMWFFDWL,M,F,4,7,F,S,363,FALSE,TRUE,0.42563143704507944,weaker
GGPFKQPRLLLLV,F,Q,4,6,V,P,246,FALSE,TRUE,0.01702539025292857,weaker
SGRNWFHDWL,N,H,4,7,F,S,363,FALSE,TRUE,0.10744596416412357,weaker
SGRIWFKDWL,I,K,4,7,F,S,363,FALSE,TRUE,0.1332020707724555,weaker
GGPFKHPRLLLLV,F,H,4,6,V,P,246,FALSE,TRUE,-0.22156227167668,weaker
SGRNWFPDWL,N,P,4,7,F,S,363,FALSE,TRUE,0.1330973006059766,weaker
SGRIWFNDWL,I,N,4,7,F,S,363,FALSE,TRUE,0.23344770775564205,weaker
GGPFKPPRLLLLV,F,P,4,6,V,P,246,FALSE,TRUE,0.02810570311653992,weaker
SGRIWFTDWL,I,T,4,7,F,S,363,FALSE,FALSE,0.7789794798417404,no significant difference
GGPGKKPRLLLLV,G,K,4,6,V,P,246,FALSE,TRUE,-0.16261998758283053,weaker
SGRIWFRDWL,I,R,4,7,F,S,363,FALSE,TRUE,0.03041010557275038,weaker
SGRNWFLDWL,N,L,4,7,F,S,363,FALSE,TRUE,0.13971846388752004,weaker
GGPGKNPRLLLLV,G,N,4,6,V,P,246,FALSE,TRUE,-0.1258313720005982,weaker
SGRIWFSDWL,I,S,4,7,F,S,363,FALSE,TRUE,0.7928630289950261,stronger
GGPFKLPRLLLLV,F,L,4,6,V,P,246,FALSE,TRUE,-0.1271706807705811,weaker
GGPGKTPRLLLLV,G,T,4,6,V,P,246,FALSE,TRUE,-0.1304657486838769,weaker
SGRIWFMDWL,I,M,4,7,F,S,363,FALSE,TRUE,0.1573236931984158,weaker
SGRNWFEDWL,N,E,4,7,F,S,363,FALSE,TRUE,0.2691657306895864,weaker
SGRIWFIDWL,I,I,4,7,F,S,363,FALSE,TRUE,0.24936817156305768,weaker
GGPFKEPRLLLLV,F,E,4,6,V,P,246,FALSE,TRUE,-0.06708886365501256,weaker
SGRNWFDDWL,N,D,4,7,F,S,363,FALSE,TRUE,0.3948061452387285,weaker
GGPGKRPRLLLLV,G,R,4,6,V,P,246,FALSE,TRUE,-0.10995720735201525,weaker
SGRIWFQDWL,I,Q,4,7,F,S,363,FALSE,TRUE,-0.0304246567037469,weaker
GGPFKDPRLLLLV,F,D,4,6,V,P,246,FALSE,TRUE,-0.2879192664664585,weaker
SGRNWFADWL,N,A,4,7,F,S,363,FALSE,TRUE,0.17177488195333424,weaker
GGPGKSPRLLLLV,G,S,4,6,V,P,246,FALSE,TRUE,8.558983960837748e-4,weaker
SGRIWFHDWL,I,H,4,7,F,S,363,FALSE,FALSE,0.2998773290777357,no significant difference
GGPFKAPRLLLLV,F,A,4,6,V,P,246,FALSE,TRUE,-0.02981967228260259,weaker
GGPGKMPRLLLLV,G,M,4,6,V,P,246,FALSE,TRUE,-0.10373510911665265,weaker
SGRIWFPDWL,I,P,4,7,F,S,363,FALSE,TRUE,0.08377828355046012,weaker
SGRNWFGDWL,N,G,4,7,F,S,363,FALSE,TRUE,0.2307599393567749,weaker
GGPGKIPRLLLLV,G,I,4,6,V,P,246,FALSE,TRUE,-0.14846420885262648,weaker
GGPFKGPRLLLLV,F,G,4,6,V,P,246,FALSE,TRUE,-0.1327228674736734,weaker
GGPGKQPRLLLLV,G,Q,4,6,V,P,246,FALSE,TRUE,-0.08012740376267993,weaker
SKVVKFLGWF,V,K,4,5,R,V,366,FALSE,TRUE,0.9023022577399049,stronger
SGRNWFVDWL,N,V,4,7,F,S,363,FALSE,TRUE,0.1871481268692523,weaker
GGPGKHPRLLLLV,G,H,4,6,V,P,246,FALSE,TRUE,0.026671312089413257,weaker
SKVVNFLGWF,V,N,4,5,R,V,366,FALSE,TRUE,0.856813251175886,stronger
SKVEKFLGWF,E,K,4,5,R,V,366,FALSE,TRUE,0.8238163557692101,stronger
GGPFKVPRLLLLV,F,V,4,6,V,P,246,FALSE,TRUE,-0.19723836945798484,weaker
GGPGKPPRLLLLV,G,P,4,6,V,P,246,FALSE,TRUE,0.393362778823953,weaker
SKVVTFLGWF,V,T,4,5,R,V,366,FALSE,TRUE,0.9469198389067576,stronger
SKVENFLGWF,E,N,4,5,R,V,366,FALSE,FALSE,0.7263246921103338,no significant difference
SGRIWFLDWL,I,L,4,7,F,S,363,FALSE,TRUE,0.17152774868300905,weaker
SGRNWF*DWL,N,*,4,7,F,S,363,FALSE,TRUE,0.110269319637932,weaker
SKVETFLGWF,E,T,4,5,R,V,366,FALSE,TRUE,0.893630084242367,stronger
GGPFK*PRLLLLV,F,*,4,6,V,P,246,FALSE,TRUE,0.02540693736904096,weaker
SGRNWFYDWL,N,Y,4,7,F,S,363,FALSE,TRUE,0.19512216234437305,weaker
SKVVRFLGWF,V,R,4,5,R,V,366,FALSE,TRUE,0.8917786785165503,stronger
SGRIWFEDWL,I,E,4,7,F,S,363,FALSE,TRUE,0.16567617156418657,weaker
GGPFKYPRLLLLV,F,Y,4,6,V,P,246,FALSE,TRUE,-0.09458397105954208,weaker
SKVVSFLGWF,V,S,4,5,R,V,366,FALSE,TRUE,0.8875846923637924,stronger
SKVERFLGWF,E,R,4,5,R,V,366,FALSE,FALSE,0.8104336729506049,no significant difference
SGRIWFDDWL,I,D,4,7,F,S,363,FALSE,TRUE,0.32669142695178016,weaker
GGPGKLPRLLLLV,G,L,4,6,V,P,246,FALSE,TRUE,-0.1297140308309736,weaker
SKVVMFLGWF,V,M,4,5,R,V,366,FALSE,TRUE,0.8305729169255156,stronger
SKVESFLGWF,E,S,4,5,R,V,366,FALSE,FALSE,0.8080839492704653,no significant difference
SGRIWFADWL,I,A,4,7,F,S,363,FALSE,TRUE,0.18215042583812796,weaker
SGRNWFWDWL,N,W,4,7,F,S,363,FALSE,TRUE,0.2290079880150175,weaker
SKVVIFLGWF,V,I,4,5,R,V,366,FALSE,TRUE,0.8238171467474134,stronger
SKVEMFLGWF,E,M,4,5,R,V,366,FALSE,FALSE,0.808527395069534,no significant difference
GGPFKWPRLLLLV,F,W,4,6,V,P,246,FALSE,TRUE,-0.2175940648970782,weaker
SGRNWFCDWL,N,C,4,7,F,S,363,FALSE,TRUE,0.26803133298455045,weaker
GGPGKEPRLLLLV,G,E,4,6,V,P,246,FALSE,TRUE,0.010590400147083213,weaker
SKVVQFLGWF,V,Q,4,5,R,V,366,FALSE,TRUE,0.9268461350417786,stronger
SKVEIFLGWF,E,I,4,5,R,V,366,FALSE,FALSE,0.8745668698686763,no significant difference
SGRIWFGDWL,I,G,4,7,F,S,363,FALSE,TRUE,0.26603375892731296,weaker
GGPFKCPRLLLLV,F,C,4,6,V,P,246,FALSE,TRUE,-0.23164245712181616,weaker
GGPGKDPRLLLLV,G,D,4,6,V,P,246,FALSE,TRUE,-0.20196210137808127,weaker
SKVVHFLGWF,V,H,4,5,R,V,366,FALSE,TRUE,0.8925164150564909,stronger
SKVEQFLGWF,E,Q,4,5,R,V,366,FALSE,FALSE,0.8799954660247501,no significant difference
SGRNWFFDWL,N,F,4,7,F,S,363,FALSE,TRUE,0.33222469244146896,weaker
GGPGKAPRLLLLV,G,A,4,6,V,P,246,FALSE,TRUE,0.10356134195238129,weaker
SKVVPFLGWF,V,P,4,5,R,V,366,FALSE,TRUE,0.32403075441868456,weaker
SKVEHFLGWF,E,H,4,5,R,V,366,FALSE,FALSE,0.8673619575902947,no significant difference
SGRIWFVDWL,I,V,4,7,F,S,363,FALSE,TRUE,0.14288443905862513,weaker
GGPFKFPRLLLLV,F,F,4,6,V,P,246,FALSE,TRUE,-0.2521352077971261,weaker
SGRTWFKDWL,T,K,4,7,F,S,363,FALSE,TRUE,0.21683589066903386,weaker
SKVEPFLGWF,E,P,4,5,R,V,366,FALSE,FALSE,0.2836950866122507,no significant difference
GGGRKPVKDYVVL,K,K,5,8,Y,V,250,FALSE,TRUE,-0.1245385328066008,weaker
SGRTWFNDWL,T,N,4,7,F,S,363,FALSE,TRUE,0.2367272433962676,weaker
GGPGKGPRLLLLV,G,G,4,6,V,P,246,FALSE,TRUE,-0.1268071978482162,weaker
SGRIWF*DWL,I,*,4,7,F,S,363,FALSE,TRUE,0.04841505179270138,weaker
GGGRKPVNDYVVL,K,N,5,8,Y,V,250,FALSE,TRUE,-0.1031996752210292,weaker
SGRTWFTDWL,T,T,4,7,F,S,363,FALSE,TRUE,0.8695985843808369,stronger
SGRIWFYDWL,I,Y,4,7,F,S,363,FALSE,TRUE,0.30791128624977204,weaker
GGGRKPVTDYVVL,K,T,5,8,Y,V,250,FALSE,TRUE,0.11162262436621428,weaker
GGPGKVPRLLLLV,G,V,4,6,V,P,246,FALSE,TRUE,-0.22582771357036524,weaker
SKVVLFLGWF,V,L,4,5,R,V,366,FALSE,FALSE,0.7817900246010883,no significant difference
SKVELFLGWF,E,L,4,5,R,V,366,FALSE,FALSE,0.7795455247556906,no significant difference
SGRTWFRDWL,T,R,4,7,F,S,363,FALSE,TRUE,0.19240967479844523,weaker
GGGRKPVRDYVVL,K,R,5,8,Y,V,250,FALSE,TRUE,0.03917616337039329,weaker
SGRTWFSDWL,T,S,4,7,F,S,363,FALSE,TRUE,0.8564969746100266,stronger
GGPGK*PRLLLLV,G,*,4,6,V,P,246,FALSE,TRUE,0.19138209376728477,weaker
SKVVEFLGWF,V,E,4,5,R,V,366,FALSE,TRUE,0.9548974828334246,stronger
SKVEEFLGWF,E,E,4,5,R,V,366,FALSE,TRUE,0.8643246224462249,stronger
SGRIWFWDWL,I,W,4,7,F,S,363,FALSE,TRUE,0.289882027399942,weaker
GGGRKPVSDYVVL,K,S,5,8,Y,V,250,FALSE,TRUE,-0.05747363774489545,weaker
SGRTWFMDWL,T,M,4,7,F,S,363,FALSE,TRUE,0.21666703515443672,weaker
GGPGKYPRLLLLV,G,Y,4,6,V,P,246,FALSE,TRUE,-0.2208398443518247,weaker
SKVVDFLGWF,V,D,4,5,R,V,366,FALSE,TRUE,0.8423995286108413,stronger
SKVEDFLGWF,E,D,4,5,R,V,366,FALSE,FALSE,0.7062980212933238,no significant difference
SGRIWFCDWL,I,C,4,7,F,S,363,FALSE,TRUE,0.2497892200224914,weaker
GGGRKPVMDYVVL,K,M,5,8,Y,V,250,FALSE,TRUE,-0.21324910385878248,weaker
SGRTWFIDWL,T,I,4,7,F,S,363,FALSE,TRUE,0.2513013957295959,weaker
SKVVAFLGWF,V,A,4,5,R,V,366,FALSE,TRUE,0.8510334486372844,stronger
SKVEAFLGWF,E,A,4,5,R,V,366,FALSE,FALSE,0.7431089855700534,no significant difference
GGGRKPVIDYVVL,K,I,5,8,Y,V,250,FALSE,TRUE,0.02150686224964566,weaker
SGRTWFQDWL,T,Q,4,7,F,S,363,FALSE,TRUE,0.26532266656749304,weaker
SGRIWFFDWL,I,F,4,7,F,S,363,FALSE,TRUE,0.4318539286295389,weaker
GGGRKPVQDYVVL,K,Q,5,8,Y,V,250,FALSE,TRUE,0.09027549810855034,weaker
SGRTWFHDWL,T,H,4,7,F,S,363,FALSE,TRUE,0.28919044556567275,weaker
GGPGKWPRLLLLV,G,W,4,6,V,P,246,FALSE,TRUE,-0.25590470300516976,weaker
SKVVGFLGWF,V,G,4,5,R,V,366,FALSE,TRUE,0.6902279635785694,weaker
SKVEGFLGWF,E,G,4,5,R,V,366,FALSE,TRUE,0.5941709872994985,weaker
SGRQWFKDWL,Q,K,4,7,F,S,363,FALSE,TRUE,0.19860182681819177,weaker
GGGRKPVHDYVVL,K,H,5,8,Y,V,250,FALSE,TRUE,0.19064069034765568,weaker
SGRTWFPDWL,T,P,4,7,F,S,363,FALSE,TRUE,0.20307510369466336,weaker
GGPGKCPRLLLLV,G,C,4,6,V,P,246,FALSE,TRUE,-0.23105267356225984,weaker
SGRQWFNDWL,Q,N,4,7,F,S,363,FALSE,TRUE,0.2574411424038981,weaker
GGGRKPVPDYVVL,K,P,5,8,Y,V,250,FALSE,TRUE,0.12267549738011044,weaker
SKVVVFLGWF,V,V,4,5,R,V,366,FALSE,TRUE,0.8623607569699345,stronger
SKVEVFLGWF,E,V,4,5,R,V,366,FALSE,TRUE,0.8546797152306491,stronger
SGRQWFTDWL,Q,T,4,7,F,S,363,FALSE,FALSE,0.745091172641499,no significant difference
GGPGKFPRLLLLV,G,F,4,6,V,P,246,FALSE,TRUE,-0.16555506711666218,weaker
SKVV*FLGWF,V,*,4,5,R,V,366,FALSE,TRUE,0.23496892734658414,weaker
SKVE*FLGWF,E,*,4,5,R,V,366,FALSE,TRUE,0.2637784067766966,weaker
SGRQWFRDWL,Q,R,4,7,F,S,363,FALSE,TRUE,0.18442751360645884,weaker
GGGRKPVLDYVVL,K,L,5,8,Y,V,250,FALSE,TRUE,0.03057159042896469,weaker
SGRTWFLDWL,T,L,4,7,F,S,363,FALSE,TRUE,0.2047456061066878,weaker
SKVVYFLGWF,V,Y,4,5,R,V,366,FALSE,FALSE,0.7690222418252823,no significant difference
SKVEYFLGWF,E,Y,4,5,R,V,366,FALSE,FALSE,0.7586948512633136,no significant difference
SGRQWFSDWL,Q,S,4,7,F,S,363,FALSE,TRUE,0.7804271189761883,stronger
SGRQWFMDWL,Q,M,4,7,F,S,363,FALSE,TRUE,0.2028530280719068,weaker
GGGRKPVEDYVVL,K,E,5,8,Y,V,250,FALSE,TRUE,-0.03167028246101276,weaker
SGRTWFEDWL,T,E,4,7,F,S,363,FALSE,TRUE,0.3247659165499468,weaker
SGRQWFIDWL,Q,I,4,7,F,S,363,FALSE,TRUE,0.32261400018796654,weaker
GGGRKPVDDYVVL,K,D,5,8,Y,V,250,FALSE,TRUE,-0.09890219661280145,weaker
SGRTWFDDWL,T,D,4,7,F,S,363,FALSE,TRUE,0.27668480444884963,weaker
SKVVWFLGWF,V,W,4,5,R,V,366,FALSE,TRUE,0.7058290419214974,weaker
SKVEWFLGWF,E,W,4,5,R,V,366,FALSE,FALSE,0.667073779156633,no significant difference
SGRQWFQDWL,Q,Q,4,7,F,S,363,FALSE,TRUE,0.19064069034765588,weaker
GGGRKPVADYVVL,K,A,5,8,Y,V,250,FALSE,TRUE,0.14047941695557956,weaker
SGRTWFADWL,T,A,4,7,F,S,363,FALSE,TRUE,0.24592770637299657,weaker
SKVVCFLGWF,V,C,4,5,R,V,366,FALSE,TRUE,0.8376256335559644,stronger
SKVECFLGWF,E,C,4,5,R,V,366,FALSE,FALSE,0.8093159695217994,no significant difference
SGRQWFHDWL,Q,H,4,7,F,S,363,FALSE,TRUE,0.15462806016711209,weaker
SGRQWFPDWL,Q,P,4,7,F,S,363,FALSE,TRUE,0.26690408484701467,weaker
GGGRKPVGDYVVL,K,G,5,8,Y,V,250,FALSE,TRUE,-0.1278791430508007,weaker
SGRTWFGDWL,T,G,4,7,F,S,363,FALSE,TRUE,0.3342244083063567,weaker
SKVVFFLGWF,V,F,4,5,R,V,366,FALSE,FALSE,0.735735051783569,no significant difference
SKVEFFLGWF,E,F,4,5,R,V,366,FALSE,FALSE,0.7477666880456351,no significant difference
SKVDKFLGWF,D,K,4,5,R,V,366,FALSE,FALSE,0.6211746732494292,no significant difference
GGGRKPVVDYVVL,K,V,5,8,Y,V,250,FALSE,TRUE,-0.11126623564621368,weaker
SGRTWFVDWL,T,V,4,7,F,S,363,FALSE,TRUE,0.23120723113022737,weaker
SKVDNFLGWF,D,N,4,5,R,V,366,FALSE,TRUE,0.6328318332558089,weaker
SKVDTFLGWF,D,T,4,5,R,V,366,FALSE,FALSE,0.7092673726873541,no significant difference
SGRQWFLDWL,Q,L,4,7,F,S,363,FALSE,TRUE,0.18486039028181375,weaker
GGGRKPV*DYVVL,K,*,5,8,Y,V,250,FALSE,TRUE,-0.06952862171851808,weaker
SGRTWF*DWL,T,*,4,7,F,S,363,FALSE,TRUE,0.21516174251609194,weaker
GGGRKPVYDYVVL,K,Y,5,8,Y,V,250,FALSE,TRUE,-0.11430396637173144,weaker
SGRTWFYDWL,T,Y,4,7,F,S,363,FALSE,TRUE,0.20749739210819504,weaker
SKVDRFLGWF,D,R,4,5,R,V,366,FALSE,TRUE,0.6395864360720256,weaker
SGRQWFEDWL,Q,E,4,7,F,S,363,FALSE,TRUE,0.3060784501335966,weaker
SKVDSFLGWF,D,S,4,5,R,V,366,FALSE,TRUE,0.5800345889721223,weaker
SGRQWFDDWL,Q,D,4,7,F,S,363,FALSE,TRUE,0.3448213014929317,weaker
SKVDMFLGWF,D,M,4,5,R,V,366,FALSE,TRUE,0.5985578941527898,weaker
SGRQWFADWL,Q,A,4,7,F,S,363,FALSE,TRUE,0.2614862228978466,weaker
GGGRKPVWDYVVL,K,W,5,8,Y,V,250,FALSE,TRUE,-0.21415160843283385,weaker
SGRTWFWDWL,T,W,4,7,F,S,363,FALSE,TRUE,0.3849523257799577,weaker
SKVDIFLGWF,D,I,4,5,R,V,366,FALSE,TRUE,0.6200948544802298,weaker
GGGRKPVCDYVVL,K,C,5,8,Y,V,250,FALSE,TRUE,-0.21928139822817028,weaker
SGRTWFCDWL,T,C,4,7,F,S,363,FALSE,TRUE,0.36203158585808026,weaker
SKVDQFLGWF,D,Q,4,5,R,V,366,FALSE,TRUE,0.5848761670865542,weaker
SGRQWFGDWL,Q,G,4,7,F,S,363,FALSE,TRUE,0.3508578937407968,weaker
SKVDHFLGWF,D,H,4,5,R,V,366,FALSE,FALSE,0.6340315725726176,no significant difference
GGGRKPVFDYVVL,K,F,5,8,Y,V,250,FALSE,TRUE,-0.03785867921943717,weaker
SGRTWFFDWL,T,F,4,7,F,S,363,FALSE,TRUE,0.4148084022170144,weaker
SKVDPFLGWF,D,P,4,5,R,V,366,FALSE,TRUE,0.16769350849058356,weaker
SGRQWFVDWL,Q,V,4,7,F,S,363,FALSE,TRUE,0.1789558320970891,weaker
GGGRNPVKDYVVL,N,K,5,8,Y,V,250,FALSE,FALSE,0.24554080755764485,no significant difference
GGGRNPVNDYVVL,N,N,5,8,Y,V,250,FALSE,TRUE,-0.09835877787340558,weaker
SGRQWF*DWL,Q,*,4,7,F,S,363,FALSE,TRUE,0.06464109169036449,weaker
GGGRNPVTDYVVL,N,T,5,8,Y,V,250,FALSE,TRUE,0.049024603635383114,weaker
SGRQWFYDWL,Q,Y,4,7,F,S,363,FALSE,TRUE,0.3100794177501345,weaker
GGGRNPVRDYVVL,N,R,5,8,Y,V,250,FALSE,TRUE,-0.05747363774489545,weaker
GGGRNPVSDYVVL,N,S,5,8,Y,V,250,FALSE,TRUE,0.05071652008943599,weaker
SKVDEFLGWF,D,E,4,5,R,V,366,FALSE,FALSE,0.6002589110879588,no significant difference
SGRQWFWDWL,Q,W,4,7,F,S,363,FALSE,TRUE,0.3300376436989243,weaker
GGGRNPVMDYVVL,N,M,5,8,Y,V,250,FALSE,TRUE,0.04764304702384161,weaker
SKVDDFLGWF,D,D,4,5,R,V,366,FALSE,TRUE,0.5320910211852767,weaker
SGRQWFCDWL,Q,C,4,7,F,S,363,FALSE,TRUE,0.2144562116776456,weaker
GGGRNPVIDYVVL,N,I,5,8,Y,V,250,FALSE,TRUE,-0.195808264326654,weaker
SKVDAFLGWF,D,A,4,5,R,V,366,FALSE,TRUE,0.5263281651181065,weaker
GGGRNPVQDYVVL,N,Q,5,8,Y,V,250,FALSE,TRUE,0.00503394094963859,weaker
SGRQWFFDWL,Q,F,4,7,F,S,363,FALSE,TRUE,0.28370323403444614,weaker
GGGRNPVHDYVVL,N,H,5,8,Y,V,250,FALSE,TRUE,0.03534645953550779,weaker
SKVDGFLGWF,D,G,4,5,R,V,366,FALSE,TRUE,0.5379997958874932,weaker
SGRHWFKDWL,H,K,4,7,F,S,363,FALSE,TRUE,0.10130030037353654,weaker
GGGRNPVPDYVVL,N,P,5,8,Y,V,250,FALSE,TRUE,0.12284773392305336,weaker
SGRHWFNDWL,H,N,4,7,F,S,363,FALSE,TRUE,0.16034596191364095,weaker
SKVDVFLGWF,D,V,4,5,R,V,366,FALSE,TRUE,0.6470260431017261,weaker
SGRHWFTDWL,H,T,4,7,F,S,363,FALSE,FALSE,0.6753142703898977,no significant difference
GGGRNPVLDYVVL,N,L,5,8,Y,V,250,FALSE,TRUE,0.01008298324056911,weaker
SKVD*FLGWF,D,*,4,5,R,V,366,FALSE,TRUE,0.15232635191913035,weaker
SGRHWFRDWL,H,R,4,7,F,S,363,FALSE,TRUE,0.15302884504387573,weaker
SKVDYFLGWF,D,Y,4,5,R,V,366,FALSE,TRUE,0.5086575038175531,weaker
SGRHWFSDWL,H,S,4,7,F,S,363,FALSE,FALSE,0.7226020067386374,no significant difference
GGGRNPVEDYVVL,N,E,5,8,Y,V,250,FALSE,TRUE,-0.07637131840535889,weaker
SGRHWFMDWL,H,M,4,7,F,S,363,FALSE,TRUE,0.2199044713638452,weaker
GGGRNPVDDYVVL,N,D,5,8,Y,V,250,FALSE,TRUE,-0.12636378275863286,weaker
SGRHWFIDWL,H,I,4,7,F,S,363,FALSE,TRUE,0.09328272711217198,weaker
GGGRNPVADYVVL,N,A,5,8,Y,V,250,FALSE,TRUE,0.03794197390650817,weaker
SKVDWFLGWF,D,W,4,5,R,V,366,FALSE,TRUE,0.4292471544224687,weaker
SGRHWFQDWL,H,Q,4,7,F,S,363,FALSE,TRUE,0.10816165726878628,weaker
SKVCWFLGWF,C,W,4,5,R,V,366,FALSE,TRUE,0.6048153470687169,weaker
SGRHWFHDWL,H,H,4,7,F,S,363,FALSE,TRUE,0.14269809833977393,weaker
GGGRNPVGDYVVL,N,G,5,8,Y,V,250,FALSE,TRUE,0.012899219427722305,weaker
SKVCCFLGWF,C,C,4,5,R,V,366,FALSE,FALSE,0.758152032784738,no significant difference
SGRHWFPDWL,H,P,4,7,F,S,363,FALSE,TRUE,0.18114124858606553,weaker
SKVCLFLGWF,C,L,4,5,R,V,366,FALSE,TRUE,0.7331141025586013,weaker
GGGRNPVVDYVVL,N,V,5,8,Y,V,250,FALSE,TRUE,-0.16330529822885104,weaker
SKVCFFLGWF,C,F,4,5,R,V,366,FALSE,FALSE,0.6825061543364467,no significant difference
SKV*KFLGWF,*,K,4,5,R,V,366,FALSE,TRUE,0.21199448997638456,weaker
SKV*NFLGWF,*,N,4,5,R,V,366,FALSE,TRUE,0.2147289104233421,weaker
GGGRNPV*DYVVL,N,*,5,8,Y,V,250,FALSE,TRUE,-0.09774904146674204,weaker
SKV*TFLGWF,*,T,4,5,R,V,366,FALSE,TRUE,0.3970438775813899,weaker
SGRHWFLDWL,H,L,4,7,F,S,363,FALSE,TRUE,0.19513366909224583,weaker
GGGRNPVYDYVVL,N,Y,5,8,Y,V,250,FALSE,TRUE,-0.08370928668799596,weaker
SKV*RFLGWF,*,R,4,5,R,V,366,FALSE,TRUE,0.2813632911937287,weaker
SGRHWFEDWL,H,E,4,7,F,S,363,FALSE,TRUE,0.292859647068141,weaker
SKV*SFLGWF,*,S,4,5,R,V,366,FALSE,TRUE,0.2811952626634304,weaker
SGRHWFDDWL,H,D,4,7,F,S,363,FALSE,TRUE,0.3931518463855856,weaker
GGGRNPVWDYVVL,N,W,5,8,Y,V,250,FALSE,TRUE,-0.16214961378103043,weaker
SKV*MFLGWF,*,M,4,5,R,V,366,FALSE,TRUE,0.2777249895646821,weaker
SGRHWFADWL,H,A,4,7,F,S,363,FALSE,TRUE,0.20963889053674417,weaker
GGGRNPVCDYVVL,N,C,5,8,Y,V,250,FALSE,TRUE,-0.05235822370188822,weaker
SKV*IFLGWF,*,I,4,5,R,V,366,FALSE,TRUE,0.3694083801821482,weaker
SKV*QFLGWF,*,Q,4,5,R,V,366,FALSE,TRUE,0.2484612541445421,weaker
SGRHWFGDWL,H,G,4,7,F,S,363,FALSE,TRUE,0.17995027292573898,weaker
GGGRNPVFDYVVL,N,F,5,8,Y,V,250,FALSE,TRUE,-0.12384664037641573,weaker
SKV*HFLGWF,*,H,4,5,R,V,366,FALSE,TRUE,0.38908250190655574,weaker
GGGRTPVKDYVVL,T,K,5,8,Y,V,250,FALSE,TRUE,0.05141452198210737,weaker
SKV*PFLGWF,*,P,4,5,R,V,366,FALSE,TRUE,0.13675889802692212,weaker
SGRHWFVDWL,H,V,4,7,F,S,363,FALSE,TRUE,0.14693271251275677,weaker
GGGRTPVNDYVVL,T,N,5,8,Y,V,250,FALSE,TRUE,0.07059520895626788,weaker
SGRRWFKDWL,R,K,4,7,F,S,363,FALSE,TRUE,0.10140412545899452,weaker
GGGRTPVRDYVVL,T,R,5,8,Y,V,250,FALSE,TRUE,0.0967148793423047,weaker
SGRRWFNDWL,R,N,4,7,F,S,363,FALSE,TRUE,0.15193080161177097,weaker
SGRHWF*DWL,H,*,4,7,F,S,363,FALSE,TRUE,0.04823985904530524,weaker
GGGRTPVSDYVVL,T,S,5,8,Y,V,250,FALSE,TRUE,0.0932827271121722,weaker
SGRRWFTDWL,R,T,4,7,F,S,363,FALSE,FALSE,0.7349444836509094,no significant difference
SKV*LFLGWF,*,L,4,5,R,V,366,FALSE,TRUE,0.22805578813602503,weaker
SGRHWFYDWL,H,Y,4,7,F,S,363,FALSE,TRUE,0.14776569911640297,weaker
GGGRTPVMDYVVL,T,M,5,8,Y,V,250,FALSE,TRUE,0.14990693455833476,weaker
GGGRTPVIDYVVL,T,I,5,8,Y,V,250,FALSE,TRUE,-0.036817327542629626,weaker
SGRRWFRDWL,R,R,4,7,F,S,363,FALSE,TRUE,0.13798101762357382,weaker
SKV*EFLGWF,*,E,4,5,R,V,366,FALSE,TRUE,0.27814611013740737,weaker
GGGRTPVQDYVVL,T,Q,5,8,Y,V,250,FALSE,TRUE,0.13194752857530367,weaker
SGRRWFSDWL,R,S,4,7,F,S,363,FALSE,FALSE,0.7786228867256367,no significant difference
SKV*DFLGWF,*,D,4,5,R,V,366,FALSE,TRUE,0.2336442748928708,weaker
SGRHWFWDWL,H,W,4,7,F,S,363,FALSE,TRUE,0.2492895733318797,weaker
GGGRTPVHDYVVL,T,H,5,8,Y,V,250,FALSE,TRUE,0.11820378653962042,weaker
SGRRWFMDWL,R,M,4,7,F,S,363,FALSE,TRUE,0.06794761671306461,weaker
SKV*AFLGWF,*,A,4,5,R,V,366,FALSE,TRUE,0.15964062769723186,weaker
SGRHWFCDWL,H,C,4,7,F,S,363,FALSE,TRUE,0.1990048615410399,weaker
SGRRWFIDWL,R,I,4,7,F,S,363,FALSE,TRUE,0.19036651059156567,weaker
GGGRTPVLDYVVL,T,L,5,8,Y,V,250,FALSE,TRUE,-0.004128643833777625,weaker
SGRRWFQDWL,R,Q,4,7,F,S,363,FALSE,TRUE,0.14169525198967936,weaker
SKV*GFLGWF,*,G,4,5,R,V,366,FALSE,TRUE,0.24930490065281816,weaker
SGRHWFFDWL,H,F,4,7,F,S,363,FALSE,FALSE,0.34141092977562054,no significant difference
GGGRTPVEDYVVL,T,E,5,8,Y,V,250,FALSE,TRUE,0.02815108133969272,weaker
SGRRWFHDWL,R,H,4,7,F,S,363,FALSE,TRUE,0.20363063974814585,weaker
SGRPWFKDWL,P,K,4,7,F,S,363,FALSE,TRUE,0.23761145428180008,weaker
GGGRTPVDDYVVL,T,D,5,8,Y,V,250,FALSE,TRUE,-0.008318006210014758,weaker
SGRRWFPDWL,R,P,4,7,F,S,363,FALSE,TRUE,0.17712179357784558,weaker
SKV*VFLGWF,*,V,4,5,R,V,366,FALSE,TRUE,0.2389061428406984,weaker
SGRPWFNDWL,P,N,4,7,F,S,363,FALSE,TRUE,0.2268647486387472,weaker
GGGRTPVGDYVVL,T,G,5,8,Y,V,250,FALSE,TRUE,0.05058339969261625,weaker
SGRPWFTDWL,P,T,4,7,F,S,363,FALSE,FALSE,0.6822647398395957,no significant difference
SKV**FLGWF,*,*,4,5,R,V,366,FALSE,TRUE,0.19882685815571963,weaker
GGGRTPVVDYVVL,T,V,5,8,Y,V,250,FALSE,TRUE,0.040637331915392386,weaker
SKV*YFLGWF,*,Y,4,5,R,V,366,FALSE,TRUE,0.22627667237016777,weaker
SGRPWFRDWL,P,R,4,7,F,S,363,FALSE,TRUE,0.19945231670643948,weaker
SGRRWFLDWL,R,L,4,7,F,S,363,FALSE,TRUE,0.1708148218160511,weaker
SGRPWFSDWL,P,S,4,7,F,S,363,FALSE,FALSE,0.734566680580202,no significant difference
GGGRTPV*DYVVL,T,*,5,8,Y,V,250,FALSE,TRUE,0.054197265120101396,weaker
SGRPWFMDWL,P,M,4,7,F,S,363,FALSE,TRUE,0.29896946148954817,weaker
GGGRTPVYDYVVL,T,Y,5,8,Y,V,250,FALSE,TRUE,-0.05816781855355904,weaker
SGRRWFEDWL,R,E,4,7,F,S,363,FALSE,TRUE,0.1656478972799906,weaker
SKV*WFLGWF,*,W,4,5,R,V,366,FALSE,TRUE,0.2583190670831715,weaker
SGRPWFIDWL,P,I,4,7,F,S,363,FALSE,TRUE,0.19988784740925422,weaker
GGGRTPVWDYVVL,T,W,5,8,Y,V,250,FALSE,TRUE,0.0036349207954462,weaker
SGRRWFDDWL,R,D,4,7,F,S,363,FALSE,TRUE,0.30190988497317006,weaker
SKV*CFLGWF,*,C,4,5,R,V,366,FALSE,TRUE,0.30438557132753397,weaker
SGRPWFQDWL,P,Q,4,7,F,S,363,FALSE,TRUE,0.24440308259370674,weaker
GGGRTPVCDYVVL,T,C,5,8,Y,V,250,FALSE,TRUE,-0.012219959745755975,weaker
SGRRWFADWL,R,A,4,7,F,S,363,FALSE,TRUE,0.19953762511192225,weaker
SGRPWFHDWL,P,H,4,7,F,S,363,FALSE,TRUE,0.10449572801472193,weaker
SKV*FFLGWF,*,F,4,5,R,V,366,FALSE,TRUE,0.22123924058400649,weaker
SGREWFKDWL,E,K,4,7,F,S,363,FALSE,TRUE,0.20497291794691097,weaker
SGRPWFPDWL,P,P,4,7,F,S,363,FALSE,TRUE,0.250034550391012,weaker
GGGRTPVFDYVVL,T,F,5,8,Y,V,250,FALSE,TRUE,-0.09648341106767731,weaker
SGRRWFGDWL,R,G,4,7,F,S,363,FALSE,TRUE,0.24483670779146716,weaker
SKVYKFLGWF,Y,K,4,5,R,V,366,FALSE,FALSE,0.7973210311842781,no significant difference
SGREWFNDWL,E,N,4,7,F,S,363,FALSE,TRUE,0.2599295436260812,weaker
SKVYNFLGWF,Y,N,4,5,R,V,366,FALSE,FALSE,0.7714067591167758,no significant difference
SGREWFTDWL,E,T,4,7,F,S,363,FALSE,FALSE,0.7683741460334444,no significant difference
GGGRTPVTDYVVL,T,T,5,8,Y,V,250,FALSE,FALSE,0.10744596416412316,no significant difference
SGRRWFVDWL,R,V,4,7,F,S,363,FALSE,TRUE,0.20330573670317426,weaker
SKVFKFLGWF,F,K,4,5,R,V,366,FALSE,FALSE,0.7567109155194603,no significant difference
SKVYTFLGWF,Y,T,4,5,R,V,366,FALSE,TRUE,0.8570064098059316,stronger
SKVFNFLGWF,F,N,4,5,R,V,366,FALSE,FALSE,0.7512787339031823,no significant difference
SGREWFRDWL,E,R,4,7,F,S,363,FALSE,TRUE,0.17917745238593938,weaker
SGRPWFLDWL,P,L,4,7,F,S,363,FALSE,TRUE,0.19096713779596705,weaker
SGRRWF*DWL,R,*,4,7,F,S,363,FALSE,TRUE,0.02888479394334625,weaker
SKVFTFLGWF,F,T,4,5,R,V,366,FALSE,TRUE,0.817947283409632,stronger
SKVYRFLGWF,Y,R,4,5,R,V,366,FALSE,TRUE,0.8065254030507811,stronger
SGREWFSDWL,E,S,4,7,F,S,363,FALSE,TRUE,0.8403809466734554,stronger
SGRRWFYDWL,R,Y,4,7,F,S,363,FALSE,TRUE,0.19621145070563417,weaker
SKVYSFLGWF,Y,S,4,5,R,V,366,FALSE,FALSE,0.764429862242537,no significant difference
SGREWFMDWL,E,M,4,7,F,S,363,FALSE,TRUE,0.32290413193090245,weaker
SGRPWFEDWL,P,E,4,7,F,S,363,FALSE,TRUE,0.31363545066885024,weaker
SKVFRFLGWF,F,R,4,5,R,V,366,FALSE,FALSE,0.7419483604016875,no significant difference
SKVYMFLGWF,Y,M,4,5,R,V,366,FALSE,FALSE,0.7573627241227006,no significant difference
SGREWFIDWL,E,I,4,7,F,S,363,FALSE,TRUE,0.1975156783194428,weaker
SGRPWFDDWL,P,D,4,7,F,S,363,FALSE,TRUE,0.30074854361695047,weaker
SKVFSFLGWF,F,S,4,5,R,V,366,FALSE,FALSE,0.7427593365292336,no significant difference
SKVYIFLGWF,Y,I,4,5,R,V,366,FALSE,FALSE,0.6609150481995738,no significant difference
SGREWFQDWL,E,Q,4,7,F,S,363,FALSE,TRUE,0.11028730737220174,weaker
SGRPWFADWL,P,A,4,7,F,S,363,FALSE,TRUE,0.22862827645267153,weaker
SGRRWFWDWL,R,W,4,7,F,S,363,FALSE,TRUE,0.2500681307886254,weaker
SKVFMFLGWF,F,M,4,5,R,V,366,FALSE,TRUE,0.6771021409813546,weaker
SKVYQFLGWF,Y,Q,4,5,R,V,366,FALSE,FALSE,0.8834364174025556,no significant difference
SGREWFHDWL,E,H,4,7,F,S,363,FALSE,TRUE,0.21514547835589723,weaker
SGRRWFCDWL,R,C,4,7,F,S,363,FALSE,TRUE,0.19498025688934328,weaker
SKVFIFLGWF,F,I,4,5,R,V,366,FALSE,TRUE,0.6439568454485455,weaker
SKVYHFLGWF,Y,H,4,5,R,V,366,FALSE,FALSE,0.7861291182300455,no significant difference
SGREWFPDWL,E,P,4,7,F,S,363,FALSE,TRUE,0.22667252310787356,weaker
SGRPWFGDWL,P,G,4,7,F,S,363,FALSE,TRUE,0.2755994715913219,weaker
SKVFQFLGWF,F,Q,4,5,R,V,366,FALSE,FALSE,0.7843028839969923,no significant difference
SKVYPFLGWF,Y,P,4,5,R,V,366,FALSE,TRUE,0.2933514100834304,weaker
SGRRWFFDWL,R,F,4,7,F,S,363,FALSE,TRUE,0.35258672756717163,weaker
SKVFHFLGWF,F,H,4,5,R,V,366,FALSE,FALSE,0.749447721421265,no significant difference
SGRPWFVDWL,P,V,4,7,F,S,363,FALSE,TRUE,0.21621095467146878,weaker
SKVFPFLGWF,F,P,4,5,R,V,366,FALSE,TRUE,0.2813387254735993,weaker
SKVYLFLGWF,Y,L,4,5,R,V,366,FALSE,TRUE,0.6764782545877456,weaker
SGREWFLDWL,E,L,4,7,F,S,363,FALSE,TRUE,0.17701791736099853,weaker
SGRPWF*DWL,P,*,4,7,F,S,363,FALSE,TRUE,0.13692627534439075,weaker
SGRPWFYDWL,P,Y,4,7,F,S,363,FALSE,TRUE,0.16003843077743404,weaker
SKVYEFLGWF,Y,E,4,5,R,V,366,FALSE,TRUE,0.8693462954315623,stronger
SGREWFEDWL,E,E,4,7,F,S,363,FALSE,TRUE,0.3304294097188861,weaker
SKVFLFLGWF,F,L,4,5,R,V,366,FALSE,TRUE,0.6119350254583379,weaker
SKVYDFLGWF,Y,D,4,5,R,V,366,FALSE,FALSE,0.7202378607535057,no significant difference
SGREWFDDWL,E,D,4,7,F,S,363,FALSE,FALSE,0.488135600864136,no significant difference
SKVYAFLGWF,Y,A,4,5,R,V,366,FALSE,FALSE,0.7223221789231867,no significant difference
SGREWFADWL,E,A,4,7,F,S,363,FALSE,TRUE,0.31018657244786263,weaker
SGRPWFWDWL,P,W,4,7,F,S,363,FALSE,TRUE,0.15133097627418757,weaker
SKVFEFLGWF,F,E,4,5,R,V,366,FALSE,FALSE,0.8133724748246691,no significant difference
SGRPWFCDWL,P,C,4,7,F,S,363,FALSE,TRUE,0.20158846294772648,weaker
SKVFDFLGWF,F,D,4,5,R,V,366,FALSE,FALSE,0.7083159485254702,no significant difference
SKVYGFLGWF,Y,G,4,5,R,V,366,FALSE,TRUE,0.605040763086103,weaker
SGREWFGDWL,E,G,4,7,F,S,363,FALSE,TRUE,0.33748255179059566,weaker
SKVFAFLGWF,F,A,4,5,R,V,366,FALSE,TRUE,0.7015265820439109,weaker
SGRPWFFDWL,P,F,4,7,F,S,363,FALSE,TRUE,0.26339420819229425,weaker
SKVYVFLGWF,Y,V,4,5,R,V,366,FALSE,FALSE,0.7367326398951923,no significant difference
SGREWFVDWL,E,V,4,7,F,S,363,FALSE,TRUE,0.1951167493752671,weaker
SKVFGFLGWF,F,G,4,5,R,V,366,FALSE,TRUE,0.5619919944446741,weaker
SKVY*FLGWF,Y,*,4,5,R,V,366,FALSE,TRUE,0.08454025065651186,weaker
SGREWF*DWL,E,*,4,7,F,S,363,FALSE,TRUE,0.01080563226765529,weaker
SKVFVFLGWF,F,V,4,5,R,V,366,FALSE,TRUE,0.7087516193751773,weaker
SKVYYFLGWF,Y,Y,4,5,R,V,366,FALSE,TRUE,0.6572166137873134,weaker
SGREWFYDWL,E,Y,4,7,F,S,363,FALSE,TRUE,0.2733943291189059,weaker
SKVF*FLGWF,F,*,4,5,R,V,366,FALSE,TRUE,0.1970489445252689,weaker
SKVFYFLGWF,F,Y,4,5,R,V,366,FALSE,TRUE,0.6323779642666001,weaker
SKVYWFLGWF,Y,W,4,5,R,V,366,FALSE,TRUE,0.5800253797223764,weaker
SGREWFWDWL,E,W,4,7,F,S,363,FALSE,TRUE,0.31176486322101077,weaker
SKVYCFLGWF,Y,C,4,5,R,V,366,FALSE,FALSE,0.7322786178458685,no significant difference
SGREWFCDWL,E,C,4,7,F,S,363,FALSE,TRUE,0.32369656674685127,weaker
SKVFWFLGWF,F,W,4,5,R,V,366,FALSE,TRUE,0.4189879368159281,weaker
SKVYFFLGWF,Y,F,4,5,R,V,366,FALSE,TRUE,0.6309869877061268,weaker
SGREWFFDWL,E,F,4,7,F,S,363,FALSE,TRUE,0.3144098079578931,weaker
GGGRRPVPDYVVL,R,P,5,8,Y,V,250,FALSE,FALSE,0.3061321704839145,no significant difference
SKVFCFLGWF,F,C,4,5,R,V,366,FALSE,FALSE,0.7375759970957062,no significant difference
SGRDWFKDWL,D,K,4,7,F,S,363,FALSE,TRUE,0.1859822981074401,weaker
SGRDWFNDWL,D,N,4,7,F,S,363,FALSE,TRUE,0.2731442863906701,weaker
SKVFFFLGWF,F,F,4,5,R,V,366,FALSE,FALSE,0.5623888280727953,no significant difference
SGRDWFTDWL,D,T,4,7,F,S,363,FALSE,FALSE,0.6717655866439456,no significant difference
GGGRMPVPDYVVL,M,P,5,8,Y,V,250,FALSE,TRUE,0.15292887396067914,weaker
GGGRMPVRDYVVL,M,R,5,8,Y,V,250,FALSE,TRUE,-0.04849548862189957,weaker
SGRDWFRDWL,D,R,4,7,F,S,363,FALSE,TRUE,0.15475230399805975,weaker
SGRDWFSDWL,D,S,4,7,F,S,363,FALSE,FALSE,0.764903794811102,no significant difference
GGGRMPVLDYVVL,M,L,5,8,Y,V,250,FALSE,TRUE,-0.1078665773592432,weaker
SGRDWFMDWL,D,M,4,7,F,S,363,FALSE,TRUE,0.19503709969922076,weaker
SGRDWFIDWL,D,I,4,7,F,S,363,FALSE,TRUE,0.23342379729822765,weaker
GGGRMPVEDYVVL,M,E,5,8,Y,V,250,FALSE,TRUE,0.03127222648644754,weaker
SGRDWFQDWL,D,Q,4,7,F,S,363,FALSE,TRUE,0.14779328134841402,weaker
GGGRMPVDDYVVL,M,D,5,8,Y,V,250,FALSE,FALSE,0.1294975989822565,no significant difference
SGRDWFHDWL,D,H,4,7,F,S,363,FALSE,TRUE,0.26821918783383797,weaker
GGGRMPVADYVVL,M,A,5,8,Y,V,250,FALSE,TRUE,0.08164551622714605,weaker
SGRDWFPDWL,D,P,4,7,F,S,363,FALSE,TRUE,0.17895630243418334,weaker
GGGRMPVGDYVVL,M,G,5,8,Y,V,250,FALSE,TRUE,-0.2361350905298652,weaker
GGGRMPVVDYVVL,M,V,5,8,Y,V,250,FALSE,TRUE,0.07629623462759186,weaker
SGRDWFLDWL,D,L,4,7,F,S,363,FALSE,TRUE,0.1952579468389354,weaker
GGGRMPV*DYVVL,M,*,5,8,Y,V,250,FALSE,TRUE,-0.01076563747375054,weaker
SGRDWFEDWL,D,E,4,7,F,S,363,FALSE,TRUE,0.25511117550630014,weaker
GGGRMPVYDYVVL,M,Y,5,8,Y,V,250,FALSE,TRUE,-0.16214961378103043,weaker
SGRDWFDDWL,D,D,4,7,F,S,363,FALSE,TRUE,0.4377207135945472,weaker
GGGRMPVSDYVVL,M,S,5,8,Y,V,250,FALSE,TRUE,-0.08701795664492362,weaker
SGRDWFADWL,D,A,4,7,F,S,363,FALSE,TRUE,0.2961049880601432,weaker
GGGRMPVWDYVVL,M,W,5,8,Y,V,250,FALSE,FALSE,-0.04147634776657585,no significant difference
SGRDWFGDWL,D,G,4,7,F,S,363,FALSE,TRUE,0.2382479557420647,weaker
GGGRMPVCDYVVL,M,C,5,8,Y,V,250,FALSE,FALSE,0.1058739682479739,no significant difference
SGRDWFVDWL,D,V,4,7,F,S,363,FALSE,TRUE,0.12345658418610014,weaker
GGGRMPVFDYVVL,M,F,5,8,Y,V,250,FALSE,TRUE,-0.1921723197441524,weaker
GGGRIPVKDYVVL,I,K,5,8,Y,V,250,FALSE,TRUE,-0.07038897377727475,weaker
SGRDWF*DWL,D,*,4,7,F,S,363,FALSE,TRUE,0.00261302996449586,weaker
GGGRIPVNDYVVL,I,N,5,8,Y,V,250,FALSE,TRUE,-0.07515647867654761,weaker
SGRDWFYDWL,D,Y,4,7,F,S,363,FALSE,TRUE,0.22296330871473963,weaker
GGGRIPVTDYVVL,I,T,5,8,Y,V,250,FALSE,TRUE,0.05226003817763816,weaker
GGGRIPVRDYVVL,I,R,5,8,Y,V,250,FALSE,TRUE,-0.04717327180755551,weaker
SGRDWFWDWL,D,W,4,7,F,S,363,FALSE,TRUE,0.3202733918104933,weaker
GGGRIPVSDYVVL,I,S,5,8,Y,V,250,FALSE,TRUE,0.04709899599874474,weaker
SGRDWFCDWL,D,C,4,7,F,S,363,FALSE,TRUE,0.20276156366823897,weaker
GGGRIPVMDYVVL,I,M,5,8,Y,V,250,FALSE,TRUE,-0.04086311410488601,weaker
GGGRIPVIDYVVL,I,I,5,8,Y,V,250,FALSE,TRUE,-0.03526137585179806,weaker
SGRDWFFDWL,D,F,4,7,F,S,363,FALSE,TRUE,0.3859876685976613,weaker
GGGRIPVQDYVVL,I,Q,5,8,Y,V,250,FALSE,TRUE,-0.02069396042585754,weaker
SGRAWFKDWL,A,K,4,7,F,S,363,FALSE,TRUE,0.1399737615832418,weaker
GGGRIPVHDYVVL,I,H,5,8,Y,V,250,FALSE,TRUE,-0.07298441549363918,weaker
SGRAWFNDWL,A,N,4,7,F,S,363,FALSE,TRUE,0.27578387089885625,weaker
GGGRIPVPDYVVL,I,P,5,8,Y,V,250,FALSE,FALSE,0.3665863551891716,no significant difference
SGRAWFTDWL,A,T,4,7,F,S,363,FALSE,FALSE,0.7609920600027569,no significant difference
SGRAWFRDWL,A,R,4,7,F,S,363,FALSE,TRUE,0.18764353374041937,weaker
SGRAWFSDWL,A,S,4,7,F,S,363,FALSE,TRUE,0.8147368002251629,stronger
GGGRIPVLDYVVL,I,L,5,8,Y,V,250,FALSE,TRUE,-0.09538662039497192,weaker
SGRAWFMDWL,A,M,4,7,F,S,363,FALSE,TRUE,0.20610467583756947,weaker
SGRAWFIDWL,A,I,4,7,F,S,363,FALSE,TRUE,0.23585006437043987,weaker
GGGRIPVEDYVVL,I,E,5,8,Y,V,250,FALSE,TRUE,0.03567511698966787,weaker
SGRAWFQDWL,A,Q,4,7,F,S,363,FALSE,TRUE,0.20667021524631612,weaker
GGGRIPVDDYVVL,I,D,5,8,Y,V,250,FALSE,TRUE,-0.13421354674641178,weaker
SGRAWFHDWL,A,H,4,7,F,S,363,FALSE,TRUE,0.2083601198591748,weaker
GGGRIPVADYVVL,I,A,5,8,Y,V,250,FALSE,TRUE,0.09659656306460893,weaker
SGRAWFPDWL,A,P,4,7,F,S,363,FALSE,TRUE,0.08606260028659818,weaker
GGGRIPVGDYVVL,I,G,5,8,Y,V,250,FALSE,TRUE,-0.20713374265900986,weaker
GGGRIPVVDYVVL,I,V,5,8,Y,V,250,FALSE,TRUE,0.1754690068114714,weaker
SGRAWFLDWL,A,L,4,7,F,S,363,FALSE,TRUE,0.20313562081878717,weaker
GGGRIPV*DYVVL,I,*,5,8,Y,V,250,FALSE,TRUE,-0.2418804231505586,weaker
SGRAWFEDWL,A,E,4,7,F,S,363,FALSE,TRUE,0.3086481300942142,weaker
GGGRIPVYDYVVL,I,Y,5,8,Y,V,250,FALSE,FALSE,-0.03609573018478754,no significant difference
SGRAWFDDWL,A,D,4,7,F,S,363,FALSE,TRUE,0.433936964847516,weaker
SGRAWFADWL,A,A,4,7,F,S,363,FALSE,TRUE,0.2673967847423283,weaker
GGGRIPVWDYVVL,I,W,5,8,Y,V,250,FALSE,TRUE,-0.04805589199071588,weaker
SGRAWFGDWL,A,G,4,7,F,S,363,FALSE,TRUE,0.27771426462746407,weaker
GGGRMPVKDYVVL,M,K,5,8,Y,V,250,FALSE,TRUE,-0.05621972797119769,weaker
GGGRIPVCDYVVL,I,C,5,8,Y,V,250,FALSE,TRUE,0.05377936197304265,weaker
GGGRMPVNDYVVL,M,N,5,8,Y,V,250,FALSE,TRUE,-0.18853394491891448,weaker
SGRAWFVDWL,A,V,4,7,F,S,363,FALSE,TRUE,0.21036177191473893,weaker
GGGRMPVTDYVVL,M,T,5,8,Y,V,250,FALSE,TRUE,-0.01428116407672134,weaker
GGGRIPVFDYVVL,I,F,5,8,Y,V,250,FALSE,TRUE,-0.33365003581062447,weaker
GGGRQPVKDYVVL,Q,K,5,8,Y,V,250,FALSE,TRUE,0.06800470060214163,weaker
SGRAWF*DWL,A,*,4,7,F,S,363,FALSE,TRUE,0.16319587659995896,weaker
GGGRQPVWDYVVL,Q,W,5,8,Y,V,250,FALSE,TRUE,0.11253772441993765,weaker
GGGRQPVNDYVVL,Q,N,5,8,Y,V,250,FALSE,TRUE,0.16835188045643965,weaker
SKVWKFLGWF,W,K,4,5,R,V,366,FALSE,TRUE,0.8230700265584383,stronger
SGRAWFYDWL,A,Y,4,7,F,S,363,FALSE,TRUE,0.17795634522983023,weaker
GGGRQPVCDYVVL,Q,C,5,8,Y,V,250,FALSE,TRUE,-0.02142433743558757,weaker
GGGRQPVTDYVVL,Q,T,5,8,Y,V,250,FALSE,TRUE,0.12748621021726042,weaker
SKVWNFLGWF,W,N,4,5,R,V,366,FALSE,FALSE,0.7508401611112295,no significant difference
GGGRMPVMDYVVL,M,M,5,8,Y,V,250,FALSE,TRUE,-0.08187030980602214,weaker
GGGRQPVLDYVVL,Q,L,5,8,Y,V,250,FALSE,TRUE,0.027297559296840124,weaker
SKVWTFLGWF,W,T,4,5,R,V,366,FALSE,TRUE,0.8724337105219577,stronger
GGGRMPVIDYVVL,M,I,5,8,Y,V,250,FALSE,FALSE,0.13534765690777653,no significant difference
GGGRQPVFDYVVL,Q,F,5,8,Y,V,250,FALSE,TRUE,-0.07997279986166665,weaker
GGGRQPVRDYVVL,Q,R,5,8,Y,V,250,FALSE,TRUE,0.04166485808707208,weaker
SGRAWFWDWL,A,W,4,7,F,S,363,FALSE,TRUE,0.30703375358027574,weaker
GGGRMPVQDYVVL,M,Q,5,8,Y,V,250,FALSE,TRUE,0.07394848592631163,weaker
GGGRHPVKDYVVL,H,K,5,8,Y,V,250,FALSE,TRUE,0.11253772441993788,weaker
GGGRQPVSDYVVL,Q,S,5,8,Y,V,250,FALSE,TRUE,0.0865973434498035,weaker
SKVWRFLGWF,W,R,4,5,R,V,366,FALSE,FALSE,0.7725508981418685,no significant difference
SGRAWFCDWL,A,C,4,7,F,S,363,FALSE,TRUE,0.30671260721168037,weaker
GGGRMPVHDYVVL,M,H,5,8,Y,V,250,FALSE,FALSE,0.00348417970838787,no significant difference
GGGRHPVNDYVVL,H,N,5,8,Y,V,250,FALSE,TRUE,0.11253772441993788,weaker
GGGRQPVMDYVVL,Q,M,5,8,Y,V,250,FALSE,TRUE,-0.03620791870754614,weaker
SKVWSFLGWF,W,S,4,5,R,V,366,FALSE,FALSE,0.7703123126684531,no significant difference
GGGRHPVTDYVVL,H,T,5,8,Y,V,250,FALSE,TRUE,0.1866183253532725,weaker
GGGRQPVIDYVVL,Q,I,5,8,Y,V,250,FALSE,TRUE,0.05295971819344284,weaker
SKVWMFLGWF,W,M,4,5,R,V,366,FALSE,TRUE,0.7344726462241837,weaker
SGRAWFFDWL,A,F,4,7,F,S,363,FALSE,TRUE,0.31685514966320666,weaker
SGRGWFEDWL,G,E,4,7,F,S,363,FALSE,TRUE,0.17335471742014816,weaker
SGRGWFWDWL,G,W,4,7,F,S,363,FALSE,TRUE,0.22651541769735392,weaker
GGGRHPVRDYVVL,H,R,5,8,Y,V,250,FALSE,TRUE,0.09828212988234827,weaker
SKVWIFLGWF,W,I,4,5,R,V,366,FALSE,FALSE,0.6903148609914023,no significant difference
SGRGWFDDWL,G,D,4,7,F,S,363,FALSE,TRUE,0.30080897727904793,weaker
SGRGWFCDWL,G,C,4,7,F,S,363,FALSE,TRUE,0.23579145924143555,weaker
GGGRHPVSDYVVL,H,S,5,8,Y,V,250,FALSE,TRUE,0.13108218089745116,weaker
SKVWQFLGWF,W,Q,4,5,R,V,366,FALSE,TRUE,0.8456275375573082,stronger
SGRGWFADWL,G,A,4,7,F,S,363,FALSE,TRUE,0.18562041241075117,weaker
SGRGWFLDWL,G,L,4,7,F,S,363,FALSE,TRUE,0.213886561770398,weaker
GGGRHPVMDYVVL,H,M,5,8,Y,V,250,FALSE,FALSE,0.06536698096457505,no significant difference
GGGRQPVEDYVVL,Q,E,5,8,Y,V,250,FALSE,TRUE,0.0436475794062004,weaker
SKVWHFLGWF,W,H,4,5,R,V,366,FALSE,FALSE,0.8117335578864154,no significant difference
SGRGWFFDWL,G,F,4,7,F,S,363,FALSE,TRUE,0.3231489758239834,weaker
GGGRHPVIDYVVL,H,I,5,8,Y,V,250,FALSE,TRUE,-0.04721203537384526,weaker
GGGRQPVDDYVVL,Q,D,5,8,Y,V,250,FALSE,TRUE,0.10130030037353654,weaker
SKVWPFLGWF,W,P,4,5,R,V,366,FALSE,TRUE,0.3224706899926959,weaker
SGRGWFGDWL,G,G,4,7,F,S,363,FALSE,TRUE,0.24925545597501997,weaker
SGRGWFKDWL,G,K,4,7,F,S,363,FALSE,TRUE,0.1129493703617967,weaker
GGGRHPVHDYVVL,H,H,5,8,Y,V,250,FALSE,TRUE,0.09338086522525368,weaker
GGGRQPVADYVVL,Q,A,5,8,Y,V,250,FALSE,FALSE,0.28612036122026274,no significant difference
SGRGWFNDWL,G,N,4,7,F,S,363,FALSE,TRUE,0.1927777047076224,weaker
GGGRQPVGDYVVL,Q,G,5,8,Y,V,250,FALSE,TRUE,0.01823717259563313,weaker
SGRGWFVDWL,G,V,4,7,F,S,363,FALSE,TRUE,0.1991729357573177,weaker
SGRGWFTDWL,G,T,4,7,F,S,363,FALSE,FALSE,0.7040713003212855,no significant difference
GGGRHPVLDYVVL,H,L,5,8,Y,V,250,FALSE,TRUE,0.0578144485557838,weaker
GGGRQPVVDYVVL,Q,V,5,8,Y,V,250,FALSE,TRUE,0.029903008327912227,weaker
SKVWLFLGWF,W,L,4,5,R,V,366,FALSE,TRUE,0.6778194201546657,weaker
SGRGWF*DWL,G,*,4,7,F,S,363,FALSE,TRUE,0.15323022176911566,weaker
SGRGWFRDWL,G,R,4,7,F,S,363,FALSE,TRUE,0.13718445158311787,weaker
GGGRHPVEDYVVL,H,E,5,8,Y,V,250,FALSE,TRUE,0.04139716235846442,weaker
SGRGWFYDWL,G,Y,4,7,F,S,363,FALSE,TRUE,0.14716579731151935,weaker
SGRGWFSDWL,G,S,4,7,F,S,363,FALSE,FALSE,0.7771750330860552,no significant difference
GGGRHPVDDYVVL,H,D,5,8,Y,V,250,FALSE,TRUE,-0.04027343778726106,weaker
GGGRQPV*DYVVL,Q,*,5,8,Y,V,250,FALSE,TRUE,0.07875216748514423,weaker
SKVWEFLGWF,W,E,4,5,R,V,366,FALSE,TRUE,0.8534113308412973,stronger
SGRGWFMDWL,G,M,4,7,F,S,363,FALSE,TRUE,0.18989156005446345,weaker
GGGRHPVGDYVVL,H,G,5,8,Y,V,250,FALSE,TRUE,0.0639354615929815,weaker
GGGRQPVYDYVVL,Q,Y,5,8,Y,V,250,FALSE,TRUE,0.03082526049186167,weaker
SKVWDFLGWF,W,D,4,5,R,V,366,FALSE,TRUE,0.692751759415342,weaker
SGRGWFIDWL,G,I,4,7,F,S,363,FALSE,TRUE,0.24904129235037753,weaker
SKVWAFLGWF,W,A,4,5,R,V,366,FALSE,TRUE,0.7135204674802365,weaker
SGRGWFQDWL,G,Q,4,7,F,S,363,FALSE,TRUE,0.2060697768696352,weaker
GGGRHPVVDYVVL,H,V,5,8,Y,V,250,FALSE,TRUE,0.07894644806043055,weaker
SGRGWFHDWL,G,H,4,7,F,S,363,FALSE,TRUE,0.20745724693121406,weaker
SKVCQFLGWF,C,Q,4,5,R,V,366,FALSE,FALSE,0.8181688478089727,no significant difference
SKVWGFLGWF,W,G,4,5,R,V,366,FALSE,TRUE,0.5684745236622126,weaker
SGRGWFPDWL,G,P,4,7,F,S,363,FALSE,TRUE,0.09539767531805907,weaker
GGGRHPV*DYVVL,H,*,5,8,Y,V,250,FALSE,TRUE,0.01702539025292857,weaker
SKVCHFLGWF,C,H,4,5,R,V,366,FALSE,FALSE,0.8352769678268213,no significant difference
GGGRHPVYDYVVL,H,Y,5,8,Y,V,250,FALSE,TRUE,-0.01672623156872564,weaker
SKVCPFLGWF,C,P,4,5,R,V,366,FALSE,TRUE,0.2772300804953989,weaker
SKVWVFLGWF,W,V,4,5,R,V,366,FALSE,FALSE,0.7783606198008713,no significant difference
SKVCRFLGWF,C,R,4,5,R,V,366,FALSE,FALSE,0.8173498372339943,no significant difference
SKVW*FLGWF,W,*,4,5,R,V,366,FALSE,TRUE,0.26392444150891686,weaker
GGGRHPVWDYVVL,H,W,5,8,Y,V,250,FALSE,TRUE,0.07059520895626788,weaker
SKVWYFLGWF,W,Y,4,5,R,V,366,FALSE,TRUE,0.6656317488944626,weaker
GGGRHPVCDYVVL,H,C,5,8,Y,V,250,FALSE,TRUE,-0.04040329243540089,weaker
GGGRPPVSDYVVL,P,S,5,8,Y,V,250,FALSE,TRUE,0.13192080876509577,weaker
GGGRHPVFDYVVL,H,F,5,8,Y,V,250,FALSE,TRUE,-0.10975325911862326,weaker
SKVCEFLGWF,C,E,4,5,R,V,366,FALSE,TRUE,0.8852493286653516,stronger
SKVWWFLGWF,W,W,4,5,R,V,366,FALSE,TRUE,0.5078016738926454,weaker
SKVCDFLGWF,C,D,4,5,R,V,366,FALSE,FALSE,0.7542197215857253,no significant difference
SKVWCFLGWF,W,C,4,5,R,V,366,FALSE,FALSE,0.7333159134572711,no significant difference
GGGRPPVMDYVVL,P,M,5,8,Y,V,250,FALSE,TRUE,0.010711758300338766,weaker
SKVCAFLGWF,C,A,4,5,R,V,366,FALSE,FALSE,0.7541678878075091,no significant difference
GGGRPPVIDYVVL,P,I,5,8,Y,V,250,FALSE,TRUE,0.1532575088060505,weaker
SKVWFFLGWF,W,F,4,5,R,V,366,FALSE,TRUE,0.6139017586539632,weaker
GGGRPPVGDYVVL,P,G,5,8,Y,V,250,FALSE,TRUE,0.12057849371619067,weaker
SKVCGFLGWF,C,G,4,5,R,V,366,FALSE,TRUE,0.5855732087656922,weaker
SKVCKFLGWF,C,K,4,5,R,V,366,FALSE,FALSE,0.840017562535671,no significant difference
GGGRPPVVDYVVL,P,V,5,8,Y,V,250,FALSE,TRUE,0.10500442629812316,weaker
SKVCNFLGWF,C,N,4,5,R,V,366,FALSE,FALSE,0.7721749209953677,no significant difference
GGGRPPV*DYVVL,P,*,5,8,Y,V,250,FALSE,TRUE,0.16515966117157949,weaker
SKVCVFLGWF,C,V,4,5,R,V,366,FALSE,FALSE,0.7845968367078628,no significant difference
SKVCTFLGWF,C,T,4,5,R,V,366,FALSE,TRUE,0.8589104468094358,stronger
GGGRPPVLDYVVL,P,L,5,8,Y,V,250,FALSE,TRUE,0.144199935884237,weaker
SKVC*FLGWF,C,*,4,5,R,V,366,FALSE,TRUE,0.22364244901179745,weaker
GGGRPPVKDYVVL,P,K,5,8,Y,V,250,FALSE,TRUE,0.15197012953496714,weaker
SKVCYFLGWF,C,Y,4,5,R,V,366,FALSE,FALSE,0.7209810449126727,no significant difference
SKVCSFLGWF,C,S,4,5,R,V,366,FALSE,FALSE,0.7718648666407423,no significant difference
SKVCMFLGWF,C,M,4,5,R,V,366,FALSE,FALSE,0.7574332271473467,no significant difference
SKVCIFLGWF,C,I,4,5,R,V,366,FALSE,FALSE,0.7577827045207921,no significant difference
GGGRPPVQDYVVL,P,Q,5,8,Y,V,250,FALSE,TRUE,0.10917317876901386,weaker
GGGRPPVEDYVVL,P,E,5,8,Y,V,250,FALSE,TRUE,0.04866202502729974,weaker
GGGRPPVDDYVVL,P,D,5,8,Y,V,250,FALSE,FALSE,0.23767245934639625,no significant difference
