aa_seq,binding,PWM_score,PBD,deg1,deg2,pos1,pos2,max1,max2,med_norm,deg1_order,deg2_order,name,max,med_norm.max,higher,PWM_score_max,rel_PWM_score
DKTLPP*P,weaker,NA,PBD 152,T,*,3,7,P,L,0.19064069034765588,T,*,152,FALSE,0.7613639068369705,FALSE,105.979591,NA
DKTLPPYP,weaker,80.554495,PBD 152,T,Y,3,7,P,L,0.3137989981826142,T,Y,152,FALSE,0.7613639068369705,FALSE,105.979591,0.7600944128950262
DKRLPPHP,weaker,80.330444,PBD 152,R,H,3,7,P,L,0.2829668495395767,R,H,152,FALSE,0.7613639068369705,FALSE,105.979591,0.7579803171725771
DKTLPPSP,weaker,80.554495,PBD 152,T,S,3,7,P,L,0.26963738524977365,T,S,152,FALSE,0.7613639068369705,FALSE,105.979591,0.7600944128950262
DKTLPPCP,weaker,80.554495,PBD 152,T,C,3,7,P,L,0.29968318248446224,T,C,152,FALSE,0.7613639068369705,FALSE,105.979591,0.7600944128950262
DKTLPPVP,weaker,81.973036,PBD 152,T,V,3,7,P,L,0.35797731948531497,T,V,152,FALSE,0.7613639068369705,FALSE,105.979591,0.7734794522843553
DKRLPPTP,weaker,80.803291,PBD 152,R,T,3,7,P,L,0.39163417238301657,R,T,152,FALSE,0.7613639068369705,FALSE,105.979591,0.7624419969690203
DKRLPPPP,weaker,80.803291,PBD 152,R,P,3,7,P,L,0.325086771790836,R,P,152,FALSE,0.7613639068369705,FALSE,105.979591,0.7624419969690203
DKTLPPLP,weaker,95.449175,PBD 152,T,L,3,7,P,L,0.4727789869978238,T,L,152,FALSE,0.7613639068369705,FALSE,105.979591,0.9006373217650934
DKTLPPWP,weaker,80.554495,PBD 152,T,W,3,7,P,L,0.03296220228808983,T,W,152,FALSE,0.7613639068369705,FALSE,105.979591,0.7600944128950262
DKRLPPRP,weaker,80.330444,PBD 152,R,R,3,7,P,L,0.3042544051941631,R,R,152,FALSE,0.7613639068369705,FALSE,105.979591,0.7579803171725771
DKTLPPNP,weaker,80.554495,PBD 152,T,N,3,7,P,L,0.22873252349771991,T,N,152,FALSE,0.7613639068369705,FALSE,105.979591,0.7600944128950262
DKTLPPFP,weaker,80.554495,PBD 152,T,F,3,7,P,L,0.20542295626564133,T,F,152,FALSE,0.7613639068369705,FALSE,105.979591,0.7600944128950262
DKRLPPIP,weaker,81.74898499999999,PBD 152,R,I,3,7,P,L,0.4919433929927682,R,I,152,FALSE,0.7613639068369705,FALSE,105.979591,0.7713653565619063
DKRLPPSP,weaker,80.330444,PBD 152,R,S,3,7,P,L,0.2031538754076425,R,S,152,FALSE,0.7613639068369705,FALSE,105.979591,0.7579803171725771
DKRLPPLP,weaker,95.225124,PBD 152,R,L,3,7,P,L,0.4868009784462666,R,L,152,FALSE,0.7613639068369705,FALSE,105.979591,0.8985232260426443
DKTLPPTP,weaker,81.027342,PBD 152,T,T,3,7,P,L,0.4727789869978236,T,T,152,FALSE,0.7613639068369705,FALSE,105.979591,0.7645560926914693
DKTLPPKP,weaker,80.554495,PBD 152,T,K,3,7,P,L,0.3430308117630977,T,K,152,FALSE,0.7613639068369705,FALSE,105.979591,0.7600944128950262
DKRLPPQP,weaker,80.330444,PBD 152,R,Q,3,7,P,L,0.25992954362608145,R,Q,152,FALSE,0.7613639068369705,FALSE,105.979591,0.7579803171725771
DKRLPPMP,weaker,80.330444,PBD 152,R,M,3,7,P,L,0.30190988497317006,R,M,152,FALSE,0.7613639068369705,FALSE,105.979591,0.7579803171725771
DKRLPPEP,weaker,80.330444,PBD 152,R,E,3,7,P,L,0.2623742477197696,R,E,152,FALSE,0.7613639068369705,FALSE,105.979591,0.7579803171725771
DKTLPPRP,weaker,80.554495,PBD 152,T,R,3,7,P,L,0.3310965548444424,T,R,152,FALSE,0.7613639068369705,FALSE,105.979591,0.7600944128950262
RRASHESPWL,weaker,104.222149,PBD 385,A,S,3,4,R,L,0.907325100853582,A,S,385,FALSE,0.9620320035959372,FALSE,110.716641,0.941341320136329
DKTLPPGP,weaker,80.554495,PBD 152,T,G,3,7,P,L,0.23249819674643993,T,G,152,FALSE,0.7613639068369705,FALSE,105.979591,0.7600944128950262
DKRLPPDP,weaker,80.330444,PBD 152,R,D,3,7,P,L,0.15558059460525084,R,D,152,FALSE,0.7613639068369705,FALSE,105.979591,0.7579803171725771
DKRLPPAP,weaker,80.330444,PBD 152,R,A,3,7,P,L,0.24191669026788623,R,A,152,FALSE,0.7613639068369705,FALSE,105.979591,0.7579803171725771
RRAWHESPWL,weaker,103.458021,PBD 385,A,W,3,4,R,L,0.9103400637250454,A,W,385,FALSE,0.9620320035959372,FALSE,110.716641,0.9344396656686866
DKTLPPMP,weaker,80.554495,PBD 152,T,M,3,7,P,L,0.2209407276055817,T,M,152,FALSE,0.7613639068369705,FALSE,105.979591,0.7600944128950262
DKTLPPEP,weaker,80.554495,PBD 152,T,E,3,7,P,L,0.24596566984318555,T,E,152,FALSE,0.7613639068369705,FALSE,105.979591,0.7600944128950262
RRACHESPWL,weaker,103.458021,PBD 385,A,C,3,4,R,L,0.924547496879397,A,C,385,FALSE,0.9620320035959372,FALSE,110.716641,0.9344396656686866
DKRLPPGP,weaker,80.330444,PBD 152,R,G,3,7,P,L,0.21165288785119424,R,G,152,FALSE,0.7613639068369705,FALSE,105.979591,0.7579803171725771
DKTLPPIP,weaker,81.973036,PBD 152,T,I,3,7,P,L,0.479686125199325,T,I,152,FALSE,0.7613639068369705,FALSE,105.979591,0.7734794522843553
DKTLPPDP,weaker,80.554495,PBD 152,T,D,3,7,P,L,0.2767344051129297,T,D,152,FALSE,0.7613639068369705,FALSE,105.979591,0.7600944128950262
RRALHESPWL,no significant difference,107.660725,PBD 385,A,L,3,4,R,L,0.9700575065793352,A,L,385,FALSE,0.9620320035959372,TRUE,110.716641,0.9723987652407193
DKRLPPKP,weaker,80.330444,PBD 152,R,K,3,7,P,L,0.2902146317001646,R,K,152,FALSE,0.7613639068369705,FALSE,105.979591,0.7579803171725771
DKTLPPPP,weaker,81.027342,PBD 152,T,P,3,7,P,L,0.41124319550298094,T,P,152,FALSE,0.7613639068369705,FALSE,105.979591,0.7645560926914693
DKTLPPAP,weaker,80.554495,PBD 152,T,A,3,7,P,L,0.18939957515145667,T,A,152,FALSE,0.7613639068369705,FALSE,105.979591,0.7600944128950262
RRAFHESPWL,weaker,104.604213,PBD 385,A,F,3,4,R,L,0.8964531112098946,A,F,385,FALSE,0.9620320035959372,FALSE,110.716641,0.9447921473701502
DKRLPPVP,weaker,81.74898499999999,PBD 152,R,V,3,7,P,L,0.39302898400649366,R,V,152,FALSE,0.7613639068369705,FALSE,105.979591,0.7713653565619063
DKRLPPNP,weaker,80.330444,PBD 152,R,N,3,7,P,L,0.1805804661649684,R,N,152,FALSE,0.7613639068369705,FALSE,105.979591,0.7579803171725771
RRAKHESPWL,weaker,102.693893,PBD 385,A,K,3,4,R,L,0.8482711698432472,A,K,385,FALSE,0.9620320035959372,FALSE,110.716641,0.9275380112010444
GGGRLPVTDYVVL,weaker,84.17007600000001,PBD 250,L,T,5,8,Y,V,0.09627180853800124,L,T,250,FALSE,0.40823475510954577,FALSE,94.087798,0.8945907736091347
RRDRHESPWL,weaker,104.60413799999999,PBD 385,D,R,3,4,R,L,0.8752526825568822,D,R,385,FALSE,0.9620320035959372,FALSE,110.716641,0.944791469965206
SGRVWFYDWL,weaker,81.36900399999999,PBD 363,V,Y,4,7,F,S,0.17079156136841667,V,Y,363,FALSE,0.7381315366280661,FALSE,100.260289,0.811577592799478
RRANHESPWL,weaker,102.693893,PBD 385,A,N,3,4,R,L,0.8915453082974876,A,N,385,FALSE,0.9620320035959372,FALSE,110.716641,0.9275380112010444
GGGRPPVWDYVVL,weaker,80.00547700000001,PBD 250,P,W,5,8,Y,V,0.08411240851930125,P,W,250,FALSE,0.40823475510954577,FALSE,94.087798,0.8503278714206917
DKRLPP*P,weaker,NA,PBD 152,R,*,3,7,P,L,0.07806515260556582,R,*,152,FALSE,0.7613639068369705,FALSE,105.979591,NA
RRDSHESPWL,weaker,104.60413799999999,PBD 385,D,S,3,4,R,L,0.8853677516716331,D,S,385,FALSE,0.9620320035959372,FALSE,110.716641,0.944791469965206
SGRVWFSDWL,stronger,94.658025,PBD 363,V,S,4,7,F,S,0.836494921225712,V,S,363,FALSE,0.7381315366280661,TRUE,100.260289,0.9441228021993832
RRATHESPWL,weaker,103.075957,PBD 385,A,T,3,4,R,L,0.9019149944303492,A,T,385,FALSE,0.9620320035959372,FALSE,110.716641,0.9309888384348655
GGGRPPVCDYVVL,weaker,80.00547700000001,PBD 250,P,C,5,8,Y,V,0.23767245934639625,P,C,250,FALSE,0.40823475510954577,FALSE,94.087798,0.8503278714206917
DKRLPPYP,weaker,80.330444,PBD 152,R,Y,3,7,P,L,0.2280442359669649,R,Y,152,FALSE,0.7613639068369705,FALSE,105.979591,0.7579803171725771
GGGRLPVRDYVVL,weaker,84.216679,PBD 250,L,R,5,8,Y,V,0.06840206802529505,L,R,250,FALSE,0.40823475510954577,FALSE,94.087798,0.8950860875711003
RRDMHESPWL,no significant difference,103.84000999999999,PBD 385,D,M,3,4,R,L,0.9738352811974536,D,M,385,FALSE,0.9620320035959372,TRUE,110.716641,0.9378898154975637
GGGRPPVFDYVVL,weaker,80.00547700000001,PBD 250,P,F,5,8,Y,V,0.00838910726285988,P,F,250,FALSE,0.40823475510954577,FALSE,94.087798,0.8503278714206917
GGGRLPVSDYVVL,weaker,83.247076,PBD 250,L,S,5,8,Y,V,-5.5615058817449936e-5,L,S,250,FALSE,0.40823475510954577,FALSE,94.087798,0.8847807874087987
RRDIHESPWL,no significant difference,103.45794599999999,PBD 385,D,I,3,4,R,L,0.9124307028967128,D,I,385,FALSE,0.9620320035959372,FALSE,110.716641,0.9344389882637425
SGRVWFWDWL,weaker,80.85788699999999,PBD 363,V,W,4,7,F,S,0.36402236003010696,V,W,363,FALSE,0.7381315366280661,FALSE,100.260289,0.8064796920742966
RRARHESPWL,weaker,104.222149,PBD 385,A,R,3,4,R,L,0.867584705766886,A,R,385,FALSE,0.9620320035959372,FALSE,110.716641,0.941341320136329
GGGRRPVKDYVVL,weaker,80.18015100000001,PBD 250,R,K,5,8,Y,V,-0.02247295719813045,R,K,250,FALSE,0.40823475510954577,FALSE,94.087798,0.8521843714527149
GGGRLPVMDYVVL,weaker,83.121108,PBD 250,L,M,5,8,Y,V,-0.04647824113752904,L,M,250,FALSE,0.40823475510954577,FALSE,94.087798,0.883441952802424
RRDQHESPWL,no significant difference,103.07588199999999,PBD 385,D,Q,3,4,R,L,0.9224723204469484,D,Q,385,FALSE,0.9620320035959372,FALSE,110.716641,0.9309881610299214
SGRVWFCDWL,weaker,80.85788699999999,PBD 363,V,C,4,7,F,S,0.2960632488672532,V,C,363,FALSE,0.7381315366280661,FALSE,100.260289,0.8064796920742966
GGGRRPVNDYVVL,weaker,80.10360000000001,PBD 250,R,N,5,8,Y,V,0.08577829374744021,R,N,250,FALSE,0.40823475510954577,FALSE,94.087798,0.8513707590435904
DKRLPPWP,weaker,80.330444,PBD 152,R,W,3,7,P,L,0.18793821512321135,R,W,152,FALSE,0.7613639068369705,FALSE,105.979591,0.7579803171725771
GGGRLPVIDYVVL,weaker,85.386363,PBD 250,L,I,5,8,Y,V,0.2052384185277642,L,I,250,FALSE,0.40823475510954577,FALSE,94.087798,0.9075179227810177
RRDHHESPWL,weaker,103.45794599999999,PBD 385,D,H,3,4,R,L,0.8693982384027649,D,H,385,FALSE,0.9620320035959372,FALSE,110.716641,0.9344389882637425
SGRVWFLDWL,weaker,80.85788699999999,PBD 363,V,L,4,7,F,S,0.2050659567645151,V,L,363,FALSE,0.7381315366280661,FALSE,100.260289,0.8064796920742966
RRAMHESPWL,no significant difference,103.458021,PBD 385,A,M,3,4,R,L,0.948233643705258,A,M,385,FALSE,0.9620320035959372,FALSE,110.716641,0.9344396656686866
GGGRRPVTDYVVL,weaker,81.464651,PBD 250,R,T,5,8,Y,V,0.08555106307528573,R,T,250,FALSE,0.40823475510954577,FALSE,94.087798,0.8658365136784262
DKRLPPCP,weaker,80.330444,PBD 152,R,C,3,7,P,L,0.34639472242081776,R,C,152,FALSE,0.7613639068369705,FALSE,105.979591,0.7579803171725771
GGGRLPVQDYVVL,weaker,83.01964000000001,PBD 250,L,Q,5,8,Y,V,0.21105120787599535,L,Q,250,FALSE,0.40823475510954577,FALSE,94.087798,0.8823635132793735
RRDPHESPWL,weaker,103.84000999999999,PBD 385,D,P,3,4,R,L,0.9212893256208308,D,P,385,FALSE,0.9620320035959372,FALSE,110.716641,0.9378898154975637
SGRVWFFDWL,weaker,80.85788699999999,PBD 363,V,F,4,7,F,S,0.3689074228901539,V,F,363,FALSE,0.7381315366280661,FALSE,100.260289,0.8064796920742966
RRAIHESPWL,weaker,103.075957,PBD 385,A,I,3,4,R,L,0.9104104413315584,A,I,385,FALSE,0.9620320035959372,FALSE,110.716641,0.9309888384348655
GGGRRPVRDYVVL,weaker,81.51125400000001,PBD 250,R,R,5,8,Y,V,0.01456880554279418,R,R,250,FALSE,0.40823475510954577,FALSE,94.087798,0.8663318276403918
GGGRLPVHDYVVL,weaker,82.82813200000001,PBD 250,L,H,5,8,Y,V,0.071428918330359,L,H,250,FALSE,0.40823475510954577,FALSE,94.087798,0.8803280952541795
SGRVWFKDWL,weaker,80.85788699999999,PBD 363,V,K,4,7,F,S,0.12192875057195164,V,K,363,FALSE,0.7381315366280661,FALSE,100.260289,0.8064796920742966
RRAQHESPWL,weaker,102.693893,PBD 385,A,Q,3,4,R,L,0.913899101294097,A,Q,385,FALSE,0.9620320035959372,FALSE,110.716641,0.9275380112010444
GGGRRPVSDYVVL,weaker,80.541651,PBD 250,R,S,5,8,Y,V,0.04120102979642469,R,S,250,FALSE,0.40823475510954577,FALSE,94.087798,0.8560265274780902
DKRLPPFP,weaker,80.330444,PBD 152,R,F,3,7,P,L,0.2321168090880962,R,F,152,FALSE,0.7613639068369705,FALSE,105.979591,0.7579803171725771
SGRVWFNDWL,weaker,80.85788699999999,PBD 363,V,N,4,7,F,S,0.16396163643641415,V,N,363,FALSE,0.7381315366280661,FALSE,100.260289,0.8064796920742966
RRAHHESPWL,weaker,103.075957,PBD 385,A,H,3,4,R,L,0.8905196114691649,A,H,385,FALSE,0.9620320035959372,FALSE,110.716641,0.9309888384348655
GGGRRPVMDYVVL,weaker,80.415683,PBD 250,R,M,5,8,Y,V,-0.10744160436859468,R,M,250,FALSE,0.40823475510954577,FALSE,94.087798,0.8546876928717154
DKSLPPKP,weaker,81.674752,PBD 152,S,K,3,7,P,L,0.36787424783426415,S,K,152,FALSE,0.7613639068369705,FALSE,105.979591,0.7706649103788294
SGRVWFTDWL,no significant difference,86.480166,PBD 363,V,T,4,7,F,S,0.8025953619041586,V,T,363,FALSE,0.7381315366280661,TRUE,100.260289,0.8625565202589831
RRAPHESPWL,no significant difference,103.458021,PBD 385,A,P,3,4,R,L,0.9489872336227864,A,P,385,FALSE,0.9620320035959372,FALSE,110.716641,0.9344396656686866
GGGRRPVIDYVVL,weaker,82.68093800000001,PBD 250,R,I,5,8,Y,V,-0.01432754697780302,R,I,250,FALSE,0.40823475510954577,FALSE,94.087798,0.8787636628503093
DKSLPPNP,weaker,81.674752,PBD 152,S,N,3,7,P,L,0.2797497744258841,S,N,152,FALSE,0.7613639068369705,FALSE,105.979591,0.7706649103788294
GGGRLPVLDYVVL,weaker,82.95606500000001,PBD 250,L,L,5,8,Y,V,-0.04780071649771248,L,L,250,FALSE,0.40823475510954577,FALSE,94.087798,0.881687814609074
RRDLHESPWL,no significant difference,108.04271399999999,PBD 385,D,L,3,4,R,L,0.966604519906812,D,L,385,FALSE,0.9620320035959372,TRUE,110.716641,0.9758489150695964
GGGRRPVQDYVVL,weaker,80.314215,PBD 250,R,Q,5,8,Y,V,0.12725497059509927,R,Q,250,FALSE,0.40823475510954577,FALSE,94.087798,0.8536092533486648
DKSLPPTP,weaker,82.147599,PBD 152,S,T,3,7,P,L,0.4177035403345646,S,T,152,FALSE,0.7613639068369705,FALSE,105.979591,0.7751265901752725
SGRVWFRDWL,weaker,80.85788699999999,PBD 363,V,R,4,7,F,S,0.130306555393242,V,R,363,FALSE,0.7381315366280661,FALSE,100.260289,0.8064796920742966
GGGRRPVHDYVVL,weaker,80.122707,PBD 250,R,H,5,8,Y,V,0.20308906946786667,R,H,250,FALSE,0.40823475510954577,FALSE,94.087798,0.851573835323471
GGGRLPVEDYVVL,weaker,83.18052700000001,PBD 250,L,E,5,8,Y,V,0.0974103957141077,L,E,250,FALSE,0.40823475510954577,FALSE,94.087798,0.8840734799638951
RRDEHESPWL,weaker,103.07588199999999,PBD 385,D,E,3,4,R,L,0.9069205090818324,D,E,385,FALSE,0.9620320035959372,FALSE,110.716641,0.9309881610299214
DKSLPPRP,weaker,81.674752,PBD 152,S,R,3,7,P,L,0.3624024793819613,S,R,152,FALSE,0.7613639068369705,FALSE,105.979591,0.7706649103788294
GGGRLPVDDYVVL,weaker,82.828174,PBD 250,L,D,5,8,Y,V,-0.06874360469088826,L,D,250,FALSE,0.40823475510954577,FALSE,94.087798,0.8803285416457509
RRDDHESPWL,weaker,103.45794599999999,PBD 385,D,D,3,4,R,L,0.8841409305271473,D,D,385,FALSE,0.9620320035959372,FALSE,110.716641,0.9344389882637425
SGRVWFMDWL,weaker,80.85788699999999,PBD 363,V,M,4,7,F,S,0.1528297736401238,V,M,363,FALSE,0.7381315366280661,FALSE,100.260289,0.8064796920742966
DKSLPPSP,weaker,81.674752,PBD 152,S,S,3,7,P,L,0.21105120787599552,S,S,152,FALSE,0.7613639068369705,FALSE,105.979591,0.7706649103788294
GGGRLPVADYVVL,weaker,86.41802000000001,PBD 250,L,A,5,8,Y,V,0.19972965767942516,L,A,250,FALSE,0.40823475510954577,FALSE,94.087798,0.9184827558617112
RRDAHESPWL,weaker,103.07588199999999,PBD 385,D,A,3,4,R,L,0.8982212191681058,D,A,385,FALSE,0.9620320035959372,FALSE,110.716641,0.9309881610299214
SGRVWFIDWL,weaker,80.85788699999999,PBD 363,V,I,4,7,F,S,0.2858413284970106,V,I,363,FALSE,0.7381315366280661,FALSE,100.260289,0.8064796920742966
GGGRRPVLDYVVL,weaker,80.25064,PBD 250,R,L,5,8,Y,V,0.03917616337039329,R,L,250,FALSE,0.40823475510954577,FALSE,94.087798,0.8529335546783654
DKSLPPMP,weaker,81.674752,PBD 152,S,M,3,7,P,L,0.3222078036339337,S,M,152,FALSE,0.7613639068369705,FALSE,105.979591,0.7706649103788294
SGRVWFQDWL,weaker,80.85788699999999,PBD 363,V,Q,4,7,F,S,0.2600236398604547,V,Q,363,FALSE,0.7381315366280661,FALSE,100.260289,0.8064796920742966
RRAEHESPWL,weaker,102.693893,PBD 385,A,E,3,4,R,L,0.9270635147599406,A,E,385,FALSE,0.9620320035959372,FALSE,110.716641,0.9275380112010444
DKSLPPIP,weaker,83.093293,PBD 152,S,I,3,7,P,L,0.5489001808747288,S,I,152,FALSE,0.7613639068369705,FALSE,105.979591,0.7840499497681587
GGGRLPVGDYVVL,weaker,82.926659,PBD 250,L,G,5,8,Y,V,-0.12224134457240309,L,G,250,FALSE,0.40823475510954577,FALSE,94.087798,0.8813752767388604
RRDGHESPWL,weaker,103.45794599999999,PBD 385,D,G,3,4,R,L,0.9057424131877738,D,G,385,FALSE,0.9620320035959372,FALSE,110.716641,0.9344389882637425
SGRVWFHDWL,weaker,80.85788699999999,PBD 363,V,H,4,7,F,S,0.25391397965779045,V,H,363,FALSE,0.7381315366280661,FALSE,100.260289,0.8064796920742966
RRADHESPWL,weaker,103.075957,PBD 385,A,D,3,4,R,L,0.9132925567616762,A,D,385,FALSE,0.9620320035959372,FALSE,110.716641,0.9309888384348655
GGGRRPVEDYVVL,weaker,80.475102,PBD 250,R,E,5,8,Y,V,-0.08824245673092171,R,E,250,FALSE,0.40823475510954577,FALSE,94.087798,0.8553192200331865
DKSLPPQP,weaker,81.674752,PBD 152,S,Q,3,7,P,L,0.3661028105750142,S,Q,152,FALSE,0.7613639068369705,FALSE,105.979591,0.7706649103788294
SGRVWFPDWL,weaker,80.85788699999999,PBD 363,V,P,4,7,F,S,0.09519353429540718,V,P,363,FALSE,0.7381315366280661,FALSE,100.260289,0.8064796920742966
RRAAHESPWL,weaker,102.693893,PBD 385,A,A,3,4,R,L,0.8907365401248333,A,A,385,FALSE,0.9620320035959372,FALSE,110.716641,0.9275380112010444
GGGRRPVDDYVVL,weaker,80.12274900000001,PBD 250,R,D,5,8,Y,V,-0.05325675465398451,R,D,250,FALSE,0.40823475510954577,FALSE,94.087798,0.8515742817150425
DKSLPPHP,weaker,81.674752,PBD 152,S,H,3,7,P,L,0.21899643370441635,S,H,152,FALSE,0.7613639068369705,FALSE,105.979591,0.7706649103788294
GGGRLPVVDYVVL,weaker,90.86015,PBD 250,L,V,5,8,Y,V,0.28689020886894667,L,V,250,FALSE,0.40823475510954577,FALSE,94.087798,0.9656953604121971
RRDVHESPWL,no significant difference,103.45794599999999,PBD 385,D,V,3,4,R,L,0.941724820128655,D,V,385,FALSE,0.9620320035959372,FALSE,110.716641,0.9344389882637425
GGGRRPVADYVVL,weaker,83.71259500000001,PBD 250,R,A,5,8,Y,V,0.08879803475411713,R,A,250,FALSE,0.40823475510954577,FALSE,94.087798,0.8897284959310027
DKSLPPPP,weaker,82.147599,PBD 152,S,P,3,7,P,L,0.20285302807190664,S,P,152,FALSE,0.7613639068369705,FALSE,105.979591,0.7751265901752725
RRAGHESPWL,weaker,103.075957,PBD 385,A,G,3,4,R,L,0.8967674186557939,A,G,385,FALSE,0.9620320035959372,FALSE,110.716641,0.9309888384348655
GGGRRPVGDYVVL,weaker,80.22123400000001,PBD 250,R,G,5,8,Y,V,-0.10268870846163368,R,G,250,FALSE,0.40823475510954577,FALSE,94.087798,0.8526210168081519
GGGRLPV*DYVVL,weaker,NA,PBD 250,L,*,5,8,Y,V,-0.01513087709455183,L,*,250,FALSE,0.40823475510954577,FALSE,94.087798,NA
RRD*HESPWL,weaker,NA,PBD 385,D,*,3,4,R,L,0.4587686174349495,D,*,385,FALSE,0.9620320035959372,FALSE,110.716641,NA
GGGRLPVYDYVVL,weaker,82.809025,PBD 250,L,Y,5,8,Y,V,-0.11517618763456056,L,Y,250,FALSE,0.40823475510954577,FALSE,94.087798,0.8801250189742988
RRDYHESPWL,no significant difference,103.07588199999999,PBD 385,D,Y,3,4,R,L,0.9224849915295898,D,Y,385,FALSE,0.9620320035959372,FALSE,110.716641,0.9309881610299214
RRAVHESPWL,weaker,103.075957,PBD 385,A,V,3,4,R,L,0.9261769145769748,A,V,385,FALSE,0.9620320035959372,FALSE,110.716641,0.9309888384348655
GGGRRPVVDYVVL,weaker,88.15472500000001,PBD 250,R,V,5,8,Y,V,-0.07370611962586646,R,V,250,FALSE,0.40823475510954577,FALSE,94.087798,0.9369411004814887
DKSLPPLP,weaker,96.56943199999999,PBD 152,S,L,3,7,P,L,0.5165032946300965,S,L,152,FALSE,0.7613639068369705,FALSE,105.979591,0.9112078192488966
SGRVWFEDWL,weaker,80.85788699999999,PBD 363,V,E,4,7,F,S,0.2892598404819533,V,E,363,FALSE,0.7381315366280661,FALSE,100.260289,0.8064796920742966
RRA*HESPWL,weaker,NA,PBD 385,A,*,3,4,R,L,0.3757356773132981,A,*,385,FALSE,0.9620320035959372,FALSE,110.716641,NA
GGGRRPV*DYVVL,weaker,NA,PBD 250,R,*,5,8,Y,V,-0.07068838050948427,R,*,250,FALSE,0.40823475510954577,FALSE,94.087798,NA
DKSLPPEP,weaker,81.674752,PBD 152,S,E,3,7,P,L,0.29376060097415485,S,E,152,FALSE,0.7613639068369705,FALSE,105.979591,0.7706649103788294
GGGRLPVWDYVVL,weaker,82.809025,PBD 250,L,W,5,8,Y,V,-0.09031448244932512,L,W,250,FALSE,0.40823475510954577,FALSE,94.087798,0.8801250189742988
RRDWHESPWL,no significant difference,103.84000999999999,PBD 385,D,W,3,4,R,L,0.9566336704536011,D,W,385,FALSE,0.9620320035959372,FALSE,110.716641,0.9378898154975637
SGRVWFDDWL,weaker,80.85788699999999,PBD 363,V,D,4,7,F,S,0.3467508205787259,V,D,363,FALSE,0.7381315366280661,FALSE,100.260289,0.8064796920742966
RRAYHESPWL,no significant difference,102.693893,PBD 385,A,Y,3,4,R,L,0.9293089147730128,A,Y,385,FALSE,0.9620320035959372,FALSE,110.716641,0.9275380112010444
GGGRRPVYDYVVL,weaker,80.10360000000001,PBD 250,R,Y,5,8,Y,V,-0.04358361895051162,R,Y,250,FALSE,0.40823475510954577,FALSE,94.087798,0.8513707590435904
DKSLPPDP,weaker,81.674752,PBD 152,S,D,3,7,P,L,0.258777647667019,S,D,152,FALSE,0.7613639068369705,FALSE,105.979591,0.7706649103788294
GGGRLPVCDYVVL,weaker,82.809025,PBD 250,L,C,5,8,Y,V,0.04562133708079573,L,C,250,FALSE,0.40823475510954577,FALSE,94.087798,0.8801250189742988
RRDCHESPWL,weaker,103.84000999999999,PBD 385,D,C,3,4,R,L,0.8999734833871963,D,C,385,FALSE,0.9620320035959372,FALSE,110.716641,0.9378898154975637
SGRVWFADWL,weaker,80.85788699999999,PBD 363,V,A,4,7,F,S,0.17598993565707485,V,A,363,FALSE,0.7381315366280661,FALSE,100.260289,0.8064796920742966
DKSLPPAP,weaker,81.674752,PBD 152,S,A,3,7,P,L,0.2889521968809368,S,A,152,FALSE,0.7613639068369705,FALSE,105.979591,0.7706649103788294
GGGRRPVWDYVVL,weaker,80.10360000000001,PBD 250,R,W,5,8,Y,V,-0.10415152086553532,R,W,250,FALSE,0.40823475510954577,FALSE,94.087798,0.8513707590435904
GGGRLPVFDYVVL,weaker,82.809025,PBD 250,L,F,5,8,Y,V,-0.10031171895180452,L,F,250,FALSE,0.40823475510954577,FALSE,94.087798,0.8801250189742988
RRDFHESPWL,no significant difference,104.98620199999999,PBD 385,D,F,3,4,R,L,0.9388863155180311,D,F,385,FALSE,0.9620320035959372,FALSE,110.716641,0.9482422971990272
SGRVWFGDWL,weaker,80.85788699999999,PBD 363,V,G,4,7,F,S,0.3341399493817778,V,G,363,FALSE,0.7381315366280661,FALSE,100.260289,0.8064796920742966
GGGRRPVCDYVVL,weaker,80.10360000000001,PBD 250,R,C,5,8,Y,V,-0.09337589866538867,R,C,250,FALSE,0.40823475510954577,FALSE,94.087798,0.8513707590435904
DKSLPPGP,weaker,81.674752,PBD 152,S,G,3,7,P,L,0.19546400900845143,S,G,152,FALSE,0.7613639068369705,FALSE,105.979591,0.7706649103788294
GGGRLPVKDYVVL,weaker,82.885576,PBD 250,L,K,5,8,Y,V,-0.00677351701743277,L,K,250,FALSE,0.40823475510954577,FALSE,94.087798,0.8809386313834233
GGGRLPVNDYVVL,weaker,82.809025,PBD 250,L,N,5,8,Y,V,-0.03442562432028522,L,N,250,FALSE,0.40823475510954577,FALSE,94.087798,0.8801250189742988
SGRVWFVDWL,weaker,80.85788699999999,PBD 363,V,V,4,7,F,S,0.1984616234355873,V,V,363,FALSE,0.7381315366280661,FALSE,100.260289,0.8064796920742966
GGGRRPVFDYVVL,weaker,80.10360000000001,PBD 250,R,F,5,8,Y,V,-0.12384664037641573,R,F,250,FALSE,0.40823475510954577,FALSE,94.087798,0.8513707590435904
DKSLPPVP,weaker,83.093293,PBD 152,S,V,3,7,P,L,0.4039613697785888,S,V,152,FALSE,0.7613639068369705,FALSE,105.979591,0.7840499497681587
SGRVWF*DWL,weaker,NA,PBD 363,V,*,4,7,F,S,0.05758241603414309,V,*,363,FALSE,0.7381315366280661,FALSE,100.260289,NA
RRGKHESPWL,weaker,103.457872,PBD 385,G,K,3,4,R,L,0.85729677414293,G,K,385,FALSE,0.9620320035959372,FALSE,110.716641,0.9344383198908645
DKSLPP*P,weaker,NA,PBD 152,S,*,3,7,P,L,0.18038698210458337,S,*,152,FALSE,0.7613639068369705,FALSE,105.979591,NA
RRGNHESPWL,weaker,103.457872,PBD 385,G,N,3,4,R,L,0.8887400581897993,G,N,385,FALSE,0.9620320035959372,FALSE,110.716641,0.9344383198908645
DKSLPPYP,weaker,81.674752,PBD 152,S,Y,3,7,P,L,0.2574411424038981,S,Y,152,FALSE,0.7613639068369705,FALSE,105.979591,0.7706649103788294
RRGTHESPWL,weaker,103.839936,PBD 385,G,T,3,4,R,L,0.8650086554351398,G,T,385,FALSE,0.9620320035959372,FALSE,110.716641,0.9378891471246856
RRGRHESPWL,weaker,104.986128,PBD 385,G,R,3,4,R,L,0.8646831826944579,G,R,385,FALSE,0.9620320035959372,FALSE,110.716641,0.948241628826149
DKSLPPWP,weaker,81.674752,PBD 152,S,W,3,7,P,L,0.17098988414453614,S,W,152,FALSE,0.7613639068369705,FALSE,105.979591,0.7706649103788294
RRGSHESPWL,weaker,104.986128,PBD 385,G,S,3,4,R,L,0.8813561703759663,G,S,385,FALSE,0.9620320035959372,FALSE,110.716641,0.948241628826149
DKSLPPCP,weaker,81.674752,PBD 152,S,C,3,7,P,L,0.3305518152330031,S,C,152,FALSE,0.7613639068369705,FALSE,105.979591,0.7706649103788294
RRGMHESPWL,no significant difference,104.222,PBD 385,G,M,3,4,R,L,0.9311070837065186,G,M,385,FALSE,0.9620320035959372,FALSE,110.716641,0.9413399743585068
GGGRLPVPDYVVL,weaker,84.08636700000001,PBD 250,L,P,5,8,Y,V,0.31624338324866363,L,P,250,FALSE,0.40823475510954577,FALSE,94.087798,0.8937010833221967
RRGIHESPWL,weaker,103.839936,PBD 385,G,I,3,4,R,L,0.8999958063529321,G,I,385,FALSE,0.9620320035959372,FALSE,110.716641,0.9378891471246856
DKSLPPFP,weaker,81.674752,PBD 152,S,F,3,7,P,L,0.20109194983809253,S,F,152,FALSE,0.7613639068369705,FALSE,105.979591,0.7706649103788294
SGR*WFKDWL,weaker,NA,PBD 363,*,K,4,7,F,S,0.14329451862170253,*,K,363,FALSE,0.7381315366280661,FALSE,100.260289,NA
RRGQHESPWL,weaker,103.457872,PBD 385,G,Q,3,4,R,L,0.9345624309252628,G,Q,385,FALSE,0.9620320035959372,FALSE,110.716641,0.9344383198908645
DKMLPPKP,weaker,80.330444,PBD 152,M,K,3,7,P,L,0.3335028879355162,M,K,152,FALSE,0.7613639068369705,FALSE,105.979591,0.7579803171725771
SGR*WFNDWL,weaker,NA,PBD 363,*,N,4,7,F,S,0.28612036122026296,*,N,363,FALSE,0.7381315366280661,FALSE,100.260289,NA
RRGHHESPWL,weaker,103.839936,PBD 385,G,H,3,4,R,L,0.8785301720997686,G,H,385,FALSE,0.9620320035959372,FALSE,110.716641,0.9378891471246856
DKMLPPNP,weaker,80.330444,PBD 152,M,N,3,7,P,L,0.2983206814708925,M,N,152,FALSE,0.7613639068369705,FALSE,105.979591,0.7579803171725771
SGR*WFTDWL,weaker,NA,PBD 363,*,T,4,7,F,S,0.2219760480624756,*,T,363,FALSE,0.7381315366280661,FALSE,100.260289,NA
RRGPHESPWL,weaker,104.222,PBD 385,G,P,3,4,R,L,0.8868981636545672,G,P,385,FALSE,0.9620320035959372,FALSE,110.716641,0.9413399743585068
DKMLPPTP,weaker,80.803291,PBD 152,M,T,3,7,P,L,0.4653648028326125,M,T,152,FALSE,0.7613639068369705,FALSE,105.979591,0.7624419969690203
SGR*WFRDWL,weaker,NA,PBD 363,*,R,4,7,F,S,0.1496467868396267,*,R,363,FALSE,0.7381315366280661,FALSE,100.260289,NA
DKMLPPRP,weaker,80.330444,PBD 152,M,R,3,7,P,L,0.3504743693662776,M,R,152,FALSE,0.7613639068369705,FALSE,105.979591,0.7579803171725771
SGR*WFSDWL,weaker,NA,PBD 363,*,S,4,7,F,S,0.10587396824797406,*,S,363,FALSE,0.7381315366280661,FALSE,100.260289,NA
DKMLPPSP,weaker,80.330444,PBD 152,M,S,3,7,P,L,0.30480995366957053,M,S,152,FALSE,0.7613639068369705,FALSE,105.979591,0.7579803171725771
SGR*WFMDWL,weaker,NA,PBD 363,*,M,4,7,F,S,0.08015995443731533,*,M,363,FALSE,0.7381315366280661,FALSE,100.260289,NA
RRGLHESPWL,no significant difference,108.42470399999999,PBD 385,G,L,3,4,R,L,0.9574644155080804,G,L,385,FALSE,0.9620320035959372,FALSE,110.716641,0.9792990739305395
DKMLPPMP,weaker,80.330444,PBD 152,M,M,3,7,P,L,0.36645488441996327,M,M,152,FALSE,0.7613639068369705,FALSE,105.979591,0.7579803171725771
SGR*WFIDWL,weaker,NA,PBD 363,*,I,4,7,F,S,0.2479304187649279,*,I,363,FALSE,0.7381315366280661,FALSE,100.260289,NA
DKMLPPIP,no significant difference,81.74898499999999,PBD 152,M,I,3,7,P,L,0.5511864897037478,M,I,152,FALSE,0.7613639068369705,FALSE,105.979591,0.7713653565619063
SGR*WFQDWL,weaker,NA,PBD 363,*,Q,4,7,F,S,0.2863852351753696,*,Q,363,FALSE,0.7381315366280661,FALSE,100.260289,NA
RRGEHESPWL,weaker,103.457872,PBD 385,G,E,3,4,R,L,0.9088654395242352,G,E,385,FALSE,0.9620320035959372,FALSE,110.716641,0.9344383198908645
DKMLPPQP,weaker,80.330444,PBD 152,M,Q,3,7,P,L,0.3705477532114585,M,Q,152,FALSE,0.7613639068369705,FALSE,105.979591,0.7579803171725771
SGR*WFHDWL,weaker,NA,PBD 363,*,H,4,7,F,S,0.09787559621546814,*,H,363,FALSE,0.7381315366280661,FALSE,100.260289,NA
RRGDHESPWL,weaker,103.839936,PBD 385,G,D,3,4,R,L,0.8899037832757151,G,D,385,FALSE,0.9620320035959372,FALSE,110.716641,0.9378891471246856
DKMLPPHP,weaker,80.330444,PBD 152,M,H,3,7,P,L,0.35110052789762486,M,H,152,FALSE,0.7613639068369705,FALSE,105.979591,0.7579803171725771
SGR*WFPDWL,weaker,NA,PBD 363,*,P,4,7,F,S,0.13775289900953042,*,P,363,FALSE,0.7381315366280661,FALSE,100.260289,NA
RRGAHESPWL,weaker,103.457872,PBD 385,G,A,3,4,R,L,0.8819771972360526,G,A,385,FALSE,0.9620320035959372,FALSE,110.716641,0.9344383198908645
RRGGHESPWL,weaker,103.839936,PBD 385,G,G,3,4,R,L,0.8860244997270679,G,G,385,FALSE,0.9620320035959372,FALSE,110.716641,0.9378891471246856
DKMLPPLP,weaker,95.225124,PBD 152,M,L,3,7,P,L,0.501162144728162,M,L,152,FALSE,0.7613639068369705,FALSE,105.979591,0.8985232260426443
SGR*WFLDWL,weaker,NA,PBD 363,*,L,4,7,F,S,0.13353782189189842,*,L,363,FALSE,0.7381315366280661,FALSE,100.260289,NA
RRGVHESPWL,weaker,103.839936,PBD 385,G,V,3,4,R,L,0.9122604092879774,G,V,385,FALSE,0.9620320035959372,FALSE,110.716641,0.9378891471246856
DKMLPPEP,weaker,80.330444,PBD 152,M,E,3,7,P,L,0.29583180454657465,M,E,152,FALSE,0.7613639068369705,FALSE,105.979591,0.7579803171725771
RRTAHESPWL,weaker,102.311903,PBD 385,T,A,3,4,R,L,0.9117977513497147,T,A,385,FALSE,0.9620320035959372,FALSE,110.716641,0.9240878523401013
DKMLPPDP,weaker,80.330444,PBD 152,M,D,3,7,P,L,0.3886218919560314,M,D,152,FALSE,0.7613639068369705,FALSE,105.979591,0.7579803171725771
RRTGHESPWL,weaker,102.693967,PBD 385,T,G,3,4,R,L,0.888706089122842,T,G,385,FALSE,0.9620320035959372,FALSE,110.716641,0.9275386795739224
SGR*WFEDWL,no significant difference,NA,PBD 363,*,E,4,7,F,S,0.32809303325759104,*,E,363,FALSE,0.7381315366280661,FALSE,100.260289,NA
RRG*HESPWL,weaker,NA,PBD 385,G,*,3,4,R,L,0.368238554648069,G,*,385,FALSE,0.9620320035959372,FALSE,110.716641,NA
DKMLPPAP,weaker,80.330444,PBD 152,M,A,3,7,P,L,0.3023825359994937,M,A,152,FALSE,0.7613639068369705,FALSE,105.979591,0.7579803171725771
GGGREPVKDYVVL,weaker,80.04790200000001,PBD 250,E,K,5,8,Y,V,-0.02142433743558757,E,K,250,FALSE,0.40823475510954577,FALSE,94.087798,0.8507787800496723
SGR*WFDDWL,weaker,NA,PBD 363,*,D,4,7,F,S,0.1636966850591,*,D,363,FALSE,0.7381315366280661,FALSE,100.260289,NA
RRGYHESPWL,weaker,103.457872,PBD 385,G,Y,3,4,R,L,0.9295648346903178,G,Y,385,FALSE,0.9620320035959372,FALSE,110.716641,0.9344383198908645
GGGREPVNDYVVL,weaker,79.97135100000001,PBD 250,E,N,5,8,Y,V,-0.065409502640802,E,N,250,FALSE,0.40823475510954577,FALSE,94.087798,0.8499651676405479
RRTVHESPWL,weaker,102.693967,PBD 385,T,V,3,4,R,L,0.9044271415872795,T,V,385,FALSE,0.9620320035959372,FALSE,110.716641,0.9275386795739224
SGR*WFADWL,weaker,NA,PBD 363,*,A,4,7,F,S,0.17670477815240637,*,A,363,FALSE,0.7381315366280661,FALSE,100.260289,NA
DKMLPPGP,weaker,80.330444,PBD 152,M,G,3,7,P,L,0.13403269466681195,M,G,152,FALSE,0.7613639068369705,FALSE,105.979591,0.7579803171725771
GGGREPVTDYVVL,weaker,81.332402,PBD 250,E,T,5,8,Y,V,0.11969965354138008,E,T,250,FALSE,0.40823475510954577,FALSE,94.087798,0.8644309222753837
RRT*HESPWL,weaker,NA,PBD 385,T,*,3,4,R,L,0.41154674389591206,T,*,385,FALSE,0.9620320035959372,FALSE,110.716641,NA
SGR*WFGDWL,weaker,NA,PBD 363,*,G,4,7,F,S,0.2192067408438631,*,G,363,FALSE,0.7381315366280661,FALSE,100.260289,NA
RRGWHESPWL,weaker,104.222,PBD 385,G,W,3,4,R,L,0.9248927347130016,G,W,385,FALSE,0.9620320035959372,FALSE,110.716641,0.9413399743585068
DKMLPPVP,weaker,81.74898499999999,PBD 152,M,V,3,7,P,L,0.4172362639252519,M,V,152,FALSE,0.7613639068369705,FALSE,105.979591,0.7713653565619063
GGGREPVRDYVVL,weaker,81.379005,PBD 250,E,R,5,8,Y,V,-0.01129846751153798,E,R,250,FALSE,0.40823475510954577,FALSE,94.087798,0.8649262362373493
RRTYHESPWL,weaker,102.311903,PBD 385,T,Y,3,4,R,L,0.8950955987515123,T,Y,385,FALSE,0.9620320035959372,FALSE,110.716641,0.9240878523401013
RRGCHESPWL,weaker,104.222,PBD 385,G,C,3,4,R,L,0.9049833556615622,G,C,385,FALSE,0.9620320035959372,FALSE,110.716641,0.9413399743585068
SGRSWFADWL,weaker,80.348591,PBD 363,S,A,4,7,F,S,0.22678169962083497,S,A,363,FALSE,0.7381315366280661,FALSE,100.260289,0.8013999540735415
GGGREPVSDYVVL,weaker,80.409402,PBD 250,E,S,5,8,Y,V,0.03392294020270715,E,S,250,FALSE,0.40823475510954577,FALSE,94.087798,0.8546209360750476
RRTSHESPWL,weaker,103.840159,PBD 385,T,S,3,4,R,L,0.8962551487547441,T,S,385,FALSE,0.9620320035959372,FALSE,110.716641,0.937891161275386
SGR*WFVDWL,weaker,NA,PBD 363,*,V,4,7,F,S,0.12591525816171997,*,V,363,FALSE,0.7381315366280661,FALSE,100.260289,NA
DKMLPP*P,weaker,NA,PBD 152,M,*,3,7,P,L,0.08156056205627718,M,*,152,FALSE,0.7613639068369705,FALSE,105.979591,NA
GGGREPVMDYVVL,weaker,80.283434,PBD 250,E,M,5,8,Y,V,-0.03167028246101276,E,M,250,FALSE,0.40823475510954577,FALSE,94.087798,0.8532821014686729
RRGFHESPWL,weaker,105.368192,PBD 385,G,F,3,4,R,L,0.9081706156104604,G,F,385,FALSE,0.9620320035959372,FALSE,110.716641,0.9516924560599702
SGRSWFGDWL,weaker,80.348591,PBD 363,S,G,4,7,F,S,0.2484132075272078,S,G,363,FALSE,0.7381315366280661,FALSE,100.260289,0.8013999540735415
DKMLPPYP,weaker,80.330444,PBD 152,M,Y,3,7,P,L,0.09338086522525392,M,Y,152,FALSE,0.7613639068369705,FALSE,105.979591,0.7579803171725771
GGGREPVIDYVVL,weaker,82.54868900000001,PBD 250,E,I,5,8,Y,V,-0.03639495740818073,E,I,250,FALSE,0.40823475510954577,FALSE,94.087798,0.8773580714472667
RRTWHESPWL,no significant difference,103.076031,PBD 385,T,W,3,4,R,L,0.9218557638104824,T,W,385,FALSE,0.9620320035959372,FALSE,110.716641,0.9309895068077436
SGR*WF*DWL,weaker,NA,PBD 363,*,*,4,7,F,S,0.10307515718438008,*,*,363,FALSE,0.7381315366280661,FALSE,100.260289,NA
GGGREPVQDYVVL,weaker,80.181966,PBD 250,E,Q,5,8,Y,V,0.071428918330359,E,Q,250,FALSE,0.40823475510954577,FALSE,94.087798,0.8522036619456222
RRTCHESPWL,weaker,103.076031,PBD 385,T,C,3,4,R,L,0.9138574974331511,T,C,385,FALSE,0.9620320035959372,FALSE,110.716641,0.9309895068077436
SGR*WFYDWL,weaker,NA,PBD 363,*,Y,4,7,F,S,0.17072819895726615,*,Y,363,FALSE,0.7381315366280661,FALSE,100.260289,NA
SGRSWFVDWL,weaker,80.348591,PBD 363,S,V,4,7,F,S,0.24708142595234897,S,V,363,FALSE,0.7381315366280661,FALSE,100.260289,0.8013999540735415
GGGREPVHDYVVL,no significant difference,79.990458,PBD 250,E,H,5,8,Y,V,0.09338086522525368,E,H,250,FALSE,0.40823475510954577,FALSE,94.087798,0.8501682439204284
RRTLHESPWL,stronger,107.278735,PBD 385,T,L,3,4,R,L,0.98248028726953,T,L,385,FALSE,0.9620320035959372,TRUE,110.716641,0.9689486063797763
DKMLPPWP,weaker,80.330444,PBD 152,M,W,3,7,P,L,0.17640571060389698,M,W,152,FALSE,0.7613639068369705,FALSE,105.979591,0.7579803171725771
RRTFHESPWL,weaker,104.222223,PBD 385,T,F,3,4,R,L,0.9168779096908212,T,F,385,FALSE,0.9620320035959372,FALSE,110.716641,0.941341988509207
SGRSWF*DWL,weaker,NA,PBD 363,S,*,4,7,F,S,0.1810703223990006,S,*,363,FALSE,0.7381315366280661,FALSE,100.260289,NA
DKMLPPCP,weaker,80.330444,PBD 152,M,C,3,7,P,L,0.35969639689262917,M,C,152,FALSE,0.7613639068369705,FALSE,105.979591,0.7579803171725771
RRRKHESPWL,weaker,105.749809,PBD 385,R,K,3,4,R,L,0.8525760386462901,R,K,385,FALSE,0.9620320035959372,FALSE,110.716641,0.955139245960325
SGR*WFWDWL,weaker,NA,PBD 363,*,W,4,7,F,S,0.16407864354777535,*,W,363,FALSE,0.7381315366280661,FALSE,100.260289,NA
SGRSWFYDWL,weaker,80.859708,PBD 363,S,Y,4,7,F,S,0.21488667555921448,S,Y,363,FALSE,0.7381315366280661,FALSE,100.260289,0.8064978547987229
GGGREPVLDYVVL,weaker,80.118391,PBD 250,E,L,5,8,Y,V,-0.05375933354160867,E,L,250,FALSE,0.40823475510954577,FALSE,94.087798,0.8515279632753229
RRRNHESPWL,weaker,105.749809,PBD 385,R,N,3,4,R,L,0.8454853528914669,R,N,385,FALSE,0.9620320035959372,FALSE,110.716641,0.955139245960325
SGR*WFCDWL,weaker,NA,PBD 363,*,C,4,7,F,S,0.0895415640942943,*,C,363,FALSE,0.7381315366280661,FALSE,100.260289,NA
SGRSWFSDWL,no significant difference,94.148729,PBD 363,S,S,4,7,F,S,0.7889733798284503,S,S,363,FALSE,0.7381315366280661,TRUE,100.260289,0.939043064198628
DKMLPPFP,weaker,80.330444,PBD 152,M,F,3,7,P,L,0.2682191878338378,M,F,152,FALSE,0.7613639068369705,FALSE,105.979591,0.7579803171725771
RRRTHESPWL,weaker,106.131873,PBD 385,R,T,3,4,R,L,0.8611951010578789,R,T,385,FALSE,0.9620320035959372,FALSE,110.716641,0.9585900731941461
DKILPPKP,weaker,80.554495,PBD 152,I,K,3,7,P,L,0.33034350157300946,I,K,152,FALSE,0.7613639068369705,FALSE,105.979591,0.7600944128950262
GGGREPVEDYVVL,weaker,80.342853,PBD 250,E,E,5,8,Y,V,0.00422353911455827,E,E,250,FALSE,0.40823475510954577,FALSE,94.087798,0.853913628630144
SGR*WFFDWL,no significant difference,NA,PBD 363,*,F,4,7,F,S,0.2077839510647796,*,F,363,FALSE,0.7381315366280661,FALSE,100.260289,NA
SGRSWFWDWL,weaker,80.348591,PBD 363,S,W,4,7,F,S,0.31622770346428214,S,W,363,FALSE,0.7381315366280661,FALSE,100.260289,0.8013999540735415
DKILPPNP,weaker,80.554495,PBD 152,I,N,3,7,P,L,0.2932736019831014,I,N,152,FALSE,0.7613639068369705,FALSE,105.979591,0.7600944128950262
GGGREPVDDYVVL,weaker,79.99050000000001,PBD 250,E,D,5,8,Y,V,-0.08508625445763197,E,D,250,FALSE,0.40823475510954577,FALSE,94.087798,0.8501686903119999
RRRRHESPWL,weaker,107.278065,PBD 385,R,R,3,4,R,L,0.810081644403123,R,R,385,FALSE,0.9620320035959372,FALSE,110.716641,0.9689425548956097
SGRYWFKDWL,weaker,81.367184,PBD 363,Y,K,4,7,F,S,0.2873043660338421,Y,K,363,FALSE,0.7381315366280661,FALSE,100.260289,0.8115594400490905
SGRSWFCDWL,weaker,80.348591,PBD 363,S,C,4,7,F,S,0.3098965940640436,S,C,363,FALSE,0.7381315366280661,FALSE,100.260289,0.8013999540735415
DKILPPTP,weaker,81.027342,PBD 152,I,T,3,7,P,L,0.33254384419750127,I,T,152,FALSE,0.7613639068369705,FALSE,105.979591,0.7645560926914693
GGGREPVADYVVL,weaker,83.580346,PBD 250,E,A,5,8,Y,V,0.07554607898994248,E,A,250,FALSE,0.40823475510954577,FALSE,94.087798,0.8883229045279601
RRRSHESPWL,weaker,107.278065,PBD 385,R,S,3,4,R,L,0.8725826352947723,R,S,385,FALSE,0.9620320035959372,FALSE,110.716641,0.9689425548956097
SGRYWFNDWL,weaker,81.367184,PBD 363,Y,N,4,7,F,S,0.07192779620447669,Y,N,363,FALSE,0.7381315366280661,FALSE,100.260289,0.8115594400490905
SGRSWFLDWL,weaker,80.348591,PBD 363,S,L,4,7,F,S,0.2125990870413224,S,L,363,FALSE,0.7381315366280661,FALSE,100.260289,0.8013999540735415
RRRMHESPWL,weaker,106.513937,PBD 385,R,M,3,4,R,L,0.927247072062869,R,M,385,FALSE,0.9620320035959372,FALSE,110.716641,0.9620409004279673
SGRYWFTDWL,no significant difference,86.989463,PBD 363,Y,T,4,7,F,S,0.7626596013199987,Y,T,363,FALSE,0.7381315366280661,TRUE,100.260289,0.867636268233777
SGRSWFFDWL,weaker,80.348591,PBD 363,S,F,4,7,F,S,0.3705477532114585,S,F,363,FALSE,0.7381315366280661,FALSE,100.260289,0.8013999540735415
DKILPPRP,weaker,80.554495,PBD 152,I,R,3,7,P,L,0.3133419689927735,I,R,152,FALSE,0.7613639068369705,FALSE,105.979591,0.7600944128950262
GGGREPVGDYVVL,weaker,80.08898500000001,PBD 250,E,G,5,8,Y,V,-0.12136546669864372,E,G,250,FALSE,0.40823475510954577,FALSE,94.087798,0.8512154254051094
RRRIHESPWL,weaker,106.131873,PBD 385,R,I,3,4,R,L,0.901514038706654,R,I,385,FALSE,0.9620320035959372,FALSE,110.716641,0.9585900731941461
SGRSWFKDWL,weaker,80.348591,PBD 363,S,K,4,7,F,S,0.16600833980912863,S,K,363,FALSE,0.7381315366280661,FALSE,100.260289,0.8013999540735415
DKILPPSP,weaker,80.554495,PBD 152,I,S,3,7,P,L,0.28546290347499764,I,S,152,FALSE,0.7613639068369705,FALSE,105.979591,0.7600944128950262
RRRQHESPWL,weaker,105.749809,PBD 385,R,Q,3,4,R,L,0.8886811139619955,R,Q,385,FALSE,0.9620320035959372,FALSE,110.716641,0.955139245960325
SGRYWFRDWL,weaker,81.367184,PBD 363,Y,R,4,7,F,S,-0.00962731400802902,Y,R,363,FALSE,0.7381315366280661,FALSE,100.260289,0.8115594400490905
SGRSWFNDWL,weaker,80.348591,PBD 363,S,N,4,7,F,S,0.21454538656326855,S,N,363,FALSE,0.7381315366280661,FALSE,100.260289,0.8013999540735415
DKILPPMP,weaker,80.554495,PBD 152,I,M,3,7,P,L,0.29950554774083216,I,M,152,FALSE,0.7613639068369705,FALSE,105.979591,0.7600944128950262
GGGREPVVDYVVL,weaker,88.02247600000001,PBD 250,E,V,5,8,Y,V,-0.12348550042175634,E,V,250,FALSE,0.40823475510954577,FALSE,94.087798,0.9355355090784462
RRRHHESPWL,weaker,106.131873,PBD 385,R,H,3,4,R,L,0.8563972790902579,R,H,385,FALSE,0.9620320035959372,FALSE,110.716641,0.9585900731941461
SGRYWFSDWL,no significant difference,95.167322,PBD 363,Y,S,4,7,F,S,0.7620758400327728,Y,S,363,FALSE,0.7381315366280661,TRUE,100.260289,0.9492025501741771
SGRSWFTDWL,no significant difference,85.97087,PBD 363,S,T,4,7,F,S,0.7480714642246279,S,T,363,FALSE,0.7381315366280661,TRUE,100.260289,0.8574767822582279
DKILPPIP,weaker,81.973036,PBD 152,I,I,3,7,P,L,0.4262823682013219,I,I,152,FALSE,0.7613639068369705,FALSE,105.979591,0.7734794522843553
RRRPHESPWL,weaker,106.513937,PBD 385,R,P,3,4,R,L,0.874414613126224,R,P,385,FALSE,0.9620320035959372,FALSE,110.716641,0.9620409004279673
SGRYWFMDWL,weaker,81.367184,PBD 363,Y,M,4,7,F,S,0.09429708238277829,Y,M,363,FALSE,0.7381315366280661,FALSE,100.260289,0.8115594400490905
DKILPPQP,no significant difference,80.554495,PBD 152,I,Q,3,7,P,L,0.42788608187330057,I,Q,152,FALSE,0.7613639068369705,FALSE,105.979591,0.7600944128950262
GGGREPV*DYVVL,weaker,NA,PBD 250,E,*,5,8,Y,V,0.01265458327318545,E,*,250,FALSE,0.40823475510954577,FALSE,94.087798,NA
SGRYWFIDWL,weaker,81.367184,PBD 363,Y,I,4,7,F,S,0.1140199866753944,Y,I,363,FALSE,0.7381315366280661,FALSE,100.260289,0.8115594400490905
SGRSWFRDWL,weaker,80.348591,PBD 363,S,R,4,7,F,S,0.07990789826601917,S,R,363,FALSE,0.7381315366280661,FALSE,100.260289,0.8013999540735415
DKILPPHP,weaker,80.554495,PBD 152,I,H,3,7,P,L,0.33603408797169776,I,H,152,FALSE,0.7613639068369705,FALSE,105.979591,0.7600944128950262
GGGREPVYDYVVL,weaker,79.97135100000001,PBD 250,E,Y,5,8,Y,V,-0.02770512202788903,E,Y,250,FALSE,0.40823475510954577,FALSE,94.087798,0.8499651676405479
SGRYWFQDWL,weaker,81.367184,PBD 363,Y,Q,4,7,F,S,0.05699563249788798,Y,Q,363,FALSE,0.7381315366280661,FALSE,100.260289,0.8115594400490905
SGRYWFHDWL,weaker,81.367184,PBD 363,Y,H,4,7,F,S,0.12732130569189645,Y,H,363,FALSE,0.7381315366280661,FALSE,100.260289,0.8115594400490905
SGRSWFMDWL,weaker,80.348591,PBD 363,S,M,4,7,F,S,0.19664155956090315,S,M,363,FALSE,0.7381315366280661,FALSE,100.260289,0.8013999540735415
RRRLHESPWL,no significant difference,110.716641,PBD 385,R,L,3,4,R,L,0.9620320035959372,R,L,385,TRUE,0.9620320035959372,TRUE,110.716641,1
SGRYWFPDWL,weaker,81.367184,PBD 363,Y,P,4,7,F,S,0.14650184404822905,Y,P,363,FALSE,0.7381315366280661,FALSE,100.260289,0.8115594400490905
SGRSWFIDWL,weaker,80.348591,PBD 363,S,I,4,7,F,S,0.1013003003735363,S,I,363,FALSE,0.7381315366280661,FALSE,100.260289,0.8013999540735415
DKILPPLP,weaker,95.449175,PBD 152,I,L,3,7,P,L,0.42360302352415624,I,L,152,FALSE,0.7613639068369705,FALSE,105.979591,0.9006373217650934
GGGREPVWDYVVL,weaker,79.97135100000001,PBD 250,E,W,5,8,Y,V,-0.00224278523981225,E,W,250,FALSE,0.40823475510954577,FALSE,94.087798,0.8499651676405479
SGRSWFQDWL,weaker,80.348591,PBD 363,S,Q,4,7,F,S,0.0932777094241016,S,Q,363,FALSE,0.7381315366280661,FALSE,100.260289,0.8013999540735415
GGGREPVCDYVVL,no significant difference,79.97135100000001,PBD 250,E,C,5,8,Y,V,-0.16159048015222352,E,C,250,FALSE,0.40823475510954577,FALSE,94.087798,0.8499651676405479
RRREHESPWL,weaker,105.749809,PBD 385,R,E,3,4,R,L,0.88864710296989,R,E,385,FALSE,0.9620320035959372,FALSE,110.716641,0.955139245960325
SGRSWFHDWL,weaker,80.348591,PBD 363,S,H,4,7,F,S,0.09134316897847716,S,H,363,FALSE,0.7381315366280661,FALSE,100.260289,0.8013999540735415
DKILPPEP,weaker,80.554495,PBD 152,I,E,3,7,P,L,0.22902428983428183,I,E,152,FALSE,0.7613639068369705,FALSE,105.979591,0.7600944128950262
RRRDHESPWL,weaker,106.131873,PBD 385,R,D,3,4,R,L,0.8561925155730477,R,D,385,FALSE,0.9620320035959372,FALSE,110.716641,0.9585900731941461
SGRSWFPDWL,weaker,80.348591,PBD 363,S,P,4,7,F,S,0.1622619788039067,S,P,363,FALSE,0.7381315366280661,FALSE,100.260289,0.8013999540735415
DKILPPDP,weaker,80.554495,PBD 152,I,D,3,7,P,L,0.2682191878338378,I,D,152,FALSE,0.7613639068369705,FALSE,105.979591,0.7600944128950262
GGGREPVFDYVVL,no significant difference,79.97135100000001,PBD 250,E,F,5,8,Y,V,0.00217763875185613,E,F,250,FALSE,0.40823475510954577,FALSE,94.087798,0.8499651676405479
RRRAHESPWL,weaker,105.749809,PBD 385,R,A,3,4,R,L,0.8895892295579428,R,A,385,FALSE,0.9620320035959372,FALSE,110.716641,0.955139245960325
SGRYWFLDWL,weaker,81.367184,PBD 363,Y,L,4,7,F,S,0.1392958347053229,Y,L,363,FALSE,0.7381315366280661,FALSE,100.260289,0.8115594400490905
DKILPPAP,weaker,80.554495,PBD 152,I,A,3,7,P,L,0.23497307258736613,I,A,152,FALSE,0.7613639068369705,FALSE,105.979591,0.7600944128950262
GGGRDPVKDYVVL,no significant difference,80.06611000000001,PBD 250,D,K,5,8,Y,V,0.05295971819344284,D,K,250,FALSE,0.40823475510954577,FALSE,94.087798,0.8509723014242506
GGGRDPVNDYVVL,weaker,79.98955900000001,PBD 250,D,N,5,8,Y,V,-0.07748544700854701,D,N,250,FALSE,0.40823475510954577,FALSE,94.087798,0.8501586890151261
RRRGHESPWL,weaker,106.131873,PBD 385,R,G,3,4,R,L,0.8747935953584989,R,G,385,FALSE,0.9620320035959372,FALSE,110.716641,0.9585900731941461
SGRYWFEDWL,weaker,81.367184,PBD 363,Y,E,4,7,F,S,0.2846738118678933,Y,E,363,FALSE,0.7381315366280661,FALSE,100.260289,0.8115594400490905
DKILPPGP,weaker,80.554495,PBD 152,I,G,3,7,P,L,0.1910980981573414,I,G,152,FALSE,0.7613639068369705,FALSE,105.979591,0.7600944128950262
GGGRDPVTDYVVL,weaker,81.35061,PBD 250,D,T,5,8,Y,V,0.1419658843282951,D,T,250,FALSE,0.40823475510954577,FALSE,94.087798,0.8646244436499619
SGRYWFDDWL,weaker,81.367184,PBD 363,Y,D,4,7,F,S,0.2280442359669649,Y,D,363,FALSE,0.7381315366280661,FALSE,100.260289,0.8115594400490905
RRRVHESPWL,weaker,106.131873,PBD 385,R,V,3,4,R,L,0.8978802999143043,R,V,385,FALSE,0.9620320035959372,FALSE,110.716641,0.9585900731941461
SGRYWFADWL,weaker,81.367184,PBD 363,Y,A,4,7,F,S,0.12247566181210036,Y,A,363,FALSE,0.7381315366280661,FALSE,100.260289,0.8115594400490905
DKILPPVP,weaker,81.973036,PBD 152,I,V,3,7,P,L,0.3483374313367167,I,V,152,FALSE,0.7613639068369705,FALSE,105.979591,0.7734794522843553
GGGRDPVRDYVVL,weaker,81.39721300000001,PBD 250,D,R,5,8,Y,V,-0.07427802184188993,D,R,250,FALSE,0.40823475510954577,FALSE,94.087798,0.8651197576119276
SGRSWFEDWL,weaker,80.348591,PBD 363,S,E,4,7,F,S,0.28612036122026296,S,E,363,FALSE,0.7381315366280661,FALSE,100.260289,0.8013999540735415
GGGRDPVSDYVVL,weaker,80.42761,PBD 250,D,S,5,8,Y,V,-0.08402102210828924,D,S,250,FALSE,0.40823475510954577,FALSE,94.087798,0.8548144574496259
RRR*HESPWL,weaker,NA,PBD 385,R,*,3,4,R,L,0.3371573906736685,R,*,385,FALSE,0.9620320035959372,FALSE,110.716641,NA
SGRYWFGDWL,weaker,81.367184,PBD 363,Y,G,4,7,F,S,0.24101366269255853,Y,G,363,FALSE,0.7381315366280661,FALSE,100.260289,0.8115594400490905
SGRSWFDDWL,weaker,80.348591,PBD 363,S,D,4,7,F,S,0.2966023455641761,S,D,363,FALSE,0.7381315366280661,FALSE,100.260289,0.8013999540735415
DKILPP*P,weaker,NA,PBD 152,I,*,3,7,P,L,0.21591295750812936,I,*,152,FALSE,0.7613639068369705,FALSE,105.979591,NA
GGGRDPVMDYVVL,no significant difference,80.301642,PBD 250,D,M,5,8,Y,V,0.06100520970070491,D,M,250,FALSE,0.40823475510954577,FALSE,94.087798,0.8534756228432511
RRRYHESPWL,weaker,105.749809,PBD 385,R,Y,3,4,R,L,0.88197010879693,R,Y,385,FALSE,0.9620320035959372,FALSE,110.716641,0.955139245960325
DKILPPYP,weaker,80.554495,PBD 152,I,Y,3,7,P,L,0.2624115375221113,I,Y,152,FALSE,0.7613639068369705,FALSE,105.979591,0.7600944128950262
GGGRDPVIDYVVL,weaker,82.56689700000001,PBD 250,D,I,5,8,Y,V,-0.08458935746399861,D,I,250,FALSE,0.40823475510954577,FALSE,94.087798,0.877551592821845
SGRYWFVDWL,weaker,81.367184,PBD 363,Y,V,4,7,F,S,0.1215484200282329,Y,V,363,FALSE,0.7381315366280661,FALSE,100.260289,0.8115594400490905
GGGRDPVQDYVVL,weaker,80.200174,PBD 250,D,Q,5,8,Y,V,0.03698382323423658,D,Q,250,FALSE,0.40823475510954577,FALSE,94.087798,0.8523971833202005
GGGRDPVHDYVVL,weaker,80.008666,PBD 250,D,H,5,8,Y,V,-0.02633764020987889,D,H,250,FALSE,0.40823475510954577,FALSE,94.087798,0.8503617652950067
RRRWHESPWL,weaker,106.513937,PBD 385,R,W,3,4,R,L,0.9034207576945386,R,W,385,FALSE,0.9620320035959372,FALSE,110.716641,0.9620409004279673
SGRYWF*DWL,weaker,NA,PBD 363,Y,*,4,7,F,S,0.219948738253388,Y,*,363,FALSE,0.7381315366280661,FALSE,100.260289,NA
RRVKHESPWL,weaker,102.311903,PBD 385,V,K,3,4,R,L,0.8778964192964964,V,K,385,FALSE,0.9620320035959372,FALSE,110.716641,0.9240878523401013
DKILPPWP,weaker,80.554495,PBD 152,I,W,3,7,P,L,0.2119873204543734,I,W,152,FALSE,0.7613639068369705,FALSE,105.979591,0.7600944128950262
GGGRDPVPDYVVL,weaker,81.266901,PBD 250,D,P,5,8,Y,V,0.14288714948599388,D,P,250,FALSE,0.40823475510954577,FALSE,94.087798,0.8637347533630237
RRRCHESPWL,weaker,106.513937,PBD 385,R,C,3,4,R,L,0.8913440087464066,R,C,385,FALSE,0.9620320035959372,FALSE,110.716641,0.9620409004279673
SGRYWFYDWL,weaker,81.87830100000001,PBD 363,Y,Y,4,7,F,S,0.1913393174954678,Y,Y,363,FALSE,0.7381315366280661,FALSE,100.260289,0.8166573407742721
RRVNHESPWL,weaker,102.311903,PBD 385,V,N,3,4,R,L,0.897738309541919,V,N,385,FALSE,0.9620320035959372,FALSE,110.716641,0.9240878523401013
DKILPPCP,weaker,80.554495,PBD 152,I,C,3,7,P,L,0.2624115375221113,I,C,152,FALSE,0.7613639068369705,FALSE,105.979591,0.7600944128950262
RRVTHESPWL,weaker,102.693967,PBD 385,V,T,3,4,R,L,0.910303642142079,V,T,385,FALSE,0.9620320035959372,FALSE,110.716641,0.9275386795739224
RRRFHESPWL,weaker,107.660129,PBD 385,R,F,3,4,R,L,0.9091381361865438,R,F,385,FALSE,0.9620320035959372,FALSE,110.716641,0.9723933821294307
DKILPPFP,weaker,80.554495,PBD 152,I,F,3,7,P,L,0.02559873612113243,I,F,152,FALSE,0.7613639068369705,FALSE,105.979591,0.7600944128950262
RRSKHESPWL,weaker,104.60383999999999,PBD 385,S,K,3,4,R,L,0.8521364930961223,S,K,385,FALSE,0.9620320035959372,FALSE,110.716641,0.9447887784095617
SGRYWFWDWL,weaker,81.367184,PBD 363,Y,W,4,7,F,S,0.36094291945132834,Y,W,363,FALSE,0.7381315366280661,FALSE,100.260289,0.8115594400490905
RRVRHESPWL,weaker,103.840159,PBD 385,V,R,3,4,R,L,0.8763795298542529,V,R,385,FALSE,0.9620320035959372,FALSE,110.716641,0.937891161275386
DKQLPPNP,weaker,80.554495,PBD 152,Q,N,3,7,P,L,0.28904865027569926,Q,N,152,FALSE,0.7613639068369705,FALSE,105.979591,0.7600944128950262
GGGRDPVLDYVVL,weaker,80.136599,PBD 250,D,L,5,8,Y,V,-0.01352040055164189,D,L,250,FALSE,0.40823475510954577,FALSE,94.087798,0.8517214846499012
RRSNHESPWL,weaker,104.60383999999999,PBD 385,S,N,3,4,R,L,0.8703212554367674,S,N,385,FALSE,0.9620320035959372,FALSE,110.716641,0.9447887784095617
SGRYWFCDWL,weaker,81.367184,PBD 363,Y,C,4,7,F,S,0.21953403459822052,Y,C,363,FALSE,0.7381315366280661,FALSE,100.260289,0.8115594400490905
RRVSHESPWL,weaker,103.840159,PBD 385,V,S,3,4,R,L,0.9112020696963938,V,S,385,FALSE,0.9620320035959372,FALSE,110.716641,0.937891161275386
DKQLPPTP,weaker,81.027342,PBD 152,Q,T,3,7,P,L,0.5404289347799891,Q,T,152,FALSE,0.7613639068369705,FALSE,105.979591,0.7645560926914693
RRSTHESPWL,weaker,104.98590399999999,PBD 385,S,T,3,4,R,L,0.8772419419832713,S,T,385,FALSE,0.9620320035959372,FALSE,110.716641,0.9482396056433828
RRVMHESPWL,no significant difference,103.076031,PBD 385,V,M,3,4,R,L,0.9584675263771816,V,M,385,FALSE,0.9620320035959372,FALSE,110.716641,0.9309895068077436
GGGRDPVEDYVVL,weaker,80.361061,PBD 250,D,E,5,8,Y,V,-0.02713134943834579,D,E,250,FALSE,0.40823475510954577,FALSE,94.087798,0.8541071500047221
SGRYWFFDWL,weaker,81.367184,PBD 363,Y,F,4,7,F,S,0.3558636579931429,Y,F,363,FALSE,0.7381315366280661,FALSE,100.260289,0.8115594400490905
RRVIHESPWL,weaker,102.693967,PBD 385,V,I,3,4,R,L,0.922324939407004,V,I,385,FALSE,0.9620320035959372,FALSE,110.716641,0.9275386795739224
DKQLPPRP,weaker,80.554495,PBD 152,Q,R,3,7,P,L,0.32809100584493145,Q,R,152,FALSE,0.7613639068369705,FALSE,105.979591,0.7600944128950262
GGGRDPVDDYVVL,weaker,80.00870800000001,PBD 250,D,D,5,8,Y,V,-0.06239873630172773,D,D,250,FALSE,0.40823475510954577,FALSE,94.087798,0.8503622116865782
RRSRHESPWL,weaker,106.13209599999999,PBD 385,S,R,3,4,R,L,0.8585827180991007,S,R,385,FALSE,0.9620320035959372,FALSE,110.716641,0.9585920873448464
RRVQHESPWL,no significant difference,102.311903,PBD 385,V,Q,3,4,R,L,0.927379887301668,V,Q,385,FALSE,0.9620320035959372,FALSE,110.716641,0.9240878523401013
DKQLPPSP,weaker,80.554495,PBD 152,Q,S,3,7,P,L,0.3315382106866816,Q,S,152,FALSE,0.7613639068369705,FALSE,105.979591,0.7600944128950262
GGGRDPVADYVVL,weaker,83.59855400000001,PBD 250,D,A,5,8,Y,V,0.01007033681519091,D,A,250,FALSE,0.40823475510954577,FALSE,94.087798,0.8885164259025384
RRSSHESPWL,weaker,106.13209599999999,PBD 385,S,S,3,4,R,L,0.8719545173796335,S,S,385,FALSE,0.9620320035959372,FALSE,110.716641,0.9585920873448464
RRVHHESPWL,weaker,102.693967,PBD 385,V,H,3,4,R,L,0.8793645671498811,V,H,385,FALSE,0.9620320035959372,FALSE,110.716641,0.9275386795739224
DKQLPPMP,weaker,80.554495,PBD 152,Q,M,3,7,P,L,0.31211193918186664,Q,M,152,FALSE,0.7613639068369705,FALSE,105.979591,0.7600944128950262
RRSMHESPWL,weaker,105.36796799999999,PBD 385,S,M,3,4,R,L,0.9349973520536712,S,M,385,FALSE,0.9620320035959372,FALSE,110.716641,0.951690432877204
RRVPHESPWL,weaker,103.076031,PBD 385,V,P,3,4,R,L,0.9326592694125068,V,P,385,FALSE,0.9620320035959372,FALSE,110.716641,0.9309895068077436
DKQLPPIP,weaker,81.973036,PBD 152,Q,I,3,7,P,L,0.507797684791294,Q,I,152,FALSE,0.7613639068369705,FALSE,105.979591,0.7734794522843553
GGGRDPVGDYVVL,weaker,80.10719300000001,PBD 250,D,G,5,8,Y,V,-0.10383009986041204,D,G,250,FALSE,0.40823475510954577,FALSE,94.087798,0.8514089467796877
RRSIHESPWL,weaker,104.98590399999999,PBD 385,S,I,3,4,R,L,0.9079879374029746,S,I,385,FALSE,0.9620320035959372,FALSE,110.716641,0.9482396056433828
SGRWWFKDWL,weaker,79.32999699999999,PBD 363,W,K,4,7,F,S,0.14729450479672498,W,K,363,FALSE,0.7381315366280661,FALSE,100.260289,0.7912404581239536
DKQLPPQP,weaker,80.554495,PBD 152,Q,Q,3,7,P,L,0.3776980243899046,Q,Q,152,FALSE,0.7613639068369705,FALSE,105.979591,0.7600944128950262
RRSQHESPWL,weaker,104.60383999999999,PBD 385,S,Q,3,4,R,L,0.9100324387420454,S,Q,385,FALSE,0.9620320035959372,FALSE,110.716641,0.9447887784095617
SGRWWFNDWL,weaker,79.32999699999999,PBD 363,W,N,4,7,F,S,0.16407864354777535,W,N,363,FALSE,0.7381315366280661,FALSE,100.260289,0.7912404581239536
DKQLPPHP,weaker,80.554495,PBD 152,Q,H,3,7,P,L,0.15045070707001473,Q,H,152,FALSE,0.7613639068369705,FALSE,105.979591,0.7600944128950262
GGGRDPVVDYVVL,weaker,88.04068400000001,PBD 250,D,V,5,8,Y,V,-0.10396306592541237,D,V,250,FALSE,0.40823475510954577,FALSE,94.087798,0.9357290304530244
RRSHHESPWL,weaker,104.98590399999999,PBD 385,S,H,3,4,R,L,0.8917390364127984,S,H,385,FALSE,0.9620320035959372,FALSE,110.716641,0.9482396056433828
SGRWWFTDWL,no significant difference,84.952276,PBD 363,W,T,4,7,F,S,0.7574214210507837,W,T,363,FALSE,0.7381315366280661,TRUE,100.260289,0.8473172863086401
RRSPHESPWL,weaker,105.36796799999999,PBD 385,S,P,3,4,R,L,0.8881426011893551,S,P,385,FALSE,0.9620320035959372,FALSE,110.716641,0.951690432877204
RRVLHESPWL,no significant difference,107.278735,PBD 385,V,L,3,4,R,L,0.9764111951233564,V,L,385,FALSE,0.9620320035959372,TRUE,110.716641,0.9689486063797763
GGGRDPV*DYVVL,weaker,NA,PBD 250,D,*,5,8,Y,V,0.05295971819344261,D,*,250,FALSE,0.40823475510954577,FALSE,94.087798,NA
SGRWWFRDWL,weaker,79.32999699999999,PBD 363,W,R,4,7,F,S,0.1742621808341225,W,R,363,FALSE,0.7381315366280661,FALSE,100.260289,0.7912404581239536
DKQLPPLP,weaker,95.449175,PBD 152,Q,L,3,7,P,L,0.5612198717842,Q,L,152,FALSE,0.7613639068369705,FALSE,105.979591,0.9006373217650934
GGGRDPVYDYVVL,weaker,79.98955900000001,PBD 250,D,Y,5,8,Y,V,0.00564401833502026,D,Y,250,FALSE,0.40823475510954577,FALSE,94.087798,0.8501586890151261
RRVEHESPWL,no significant difference,102.311903,PBD 385,V,E,3,4,R,L,0.9432992733621426,V,E,385,FALSE,0.9620320035959372,FALSE,110.716641,0.9240878523401013
SGRWWFSDWL,stronger,93.130135,PBD 363,W,S,4,7,F,S,0.7925422086417658,W,S,363,FALSE,0.7381315366280661,TRUE,100.260289,0.9288835682490402
RRVDHESPWL,weaker,102.693967,PBD 385,V,D,3,4,R,L,0.9012019623432004,V,D,385,FALSE,0.9620320035959372,FALSE,110.716641,0.9275386795739224
SGRWWFMDWL,weaker,79.32999699999999,PBD 363,W,M,4,7,F,S,0.27203741600578746,W,M,363,FALSE,0.7381315366280661,FALSE,100.260289,0.7912404581239536
DKQLPPEP,weaker,80.554495,PBD 152,Q,E,3,7,P,L,0.412625302993749,Q,E,152,FALSE,0.7613639068369705,FALSE,105.979591,0.7600944128950262
RRSLHESPWL,no significant difference,109.570672,PBD 385,S,L,3,4,R,L,0.9570088726741788,S,L,385,FALSE,0.9620320035959372,FALSE,110.716641,0.9896495324492368
RRVAHESPWL,weaker,102.311903,PBD 385,V,A,3,4,R,L,0.9089181813359616,V,A,385,FALSE,0.9620320035959372,FALSE,110.716641,0.9240878523401013
SGRWWFIDWL,weaker,79.32999699999999,PBD 363,W,I,4,7,F,S,0.23677072418829817,W,I,363,FALSE,0.7381315366280661,FALSE,100.260289,0.7912404581239536
DKQLPPDP,weaker,80.554495,PBD 152,Q,D,3,7,P,L,0.207118504082232,Q,D,152,FALSE,0.7613639068369705,FALSE,105.979591,0.7600944128950262
GGGRDPVWDYVVL,weaker,79.98955900000001,PBD 250,D,W,5,8,Y,V,-0.09446373129448232,D,W,250,FALSE,0.40823475510954577,FALSE,94.087798,0.8501586890151261
SGRWWFQDWL,weaker,79.32999699999999,PBD 363,W,Q,4,7,F,S,0.25328012500952807,W,Q,363,FALSE,0.7381315366280661,FALSE,100.260289,0.7912404581239536
DKQLPPAP,weaker,80.554495,PBD 152,Q,A,3,7,P,L,0.2638716881855885,Q,A,152,FALSE,0.7613639068369705,FALSE,105.979591,0.7600944128950262
GGGRDPVCDYVVL,weaker,79.98955900000001,PBD 250,D,C,5,8,Y,V,-0.17817453448089973,D,C,250,FALSE,0.40823475510954577,FALSE,94.087798,0.8501586890151261
RRSEHESPWL,weaker,104.60383999999999,PBD 385,S,E,3,4,R,L,0.8849406358992642,S,E,385,FALSE,0.9620320035959372,FALSE,110.716641,0.9447887784095617
RRVGHESPWL,weaker,102.693967,PBD 385,V,G,3,4,R,L,0.9070175370752372,V,G,385,FALSE,0.9620320035959372,FALSE,110.716641,0.9275386795739224
SGRWWFHDWL,weaker,79.32999699999999,PBD 363,W,H,4,7,F,S,0.11140879001279529,W,H,363,FALSE,0.7381315366280661,FALSE,100.260289,0.7912404581239536
RRSDHESPWL,weaker,104.98590399999999,PBD 385,S,D,3,4,R,L,0.8800611466333343,S,D,385,FALSE,0.9620320035959372,FALSE,110.716641,0.9482396056433828
SGRWWFPDWL,weaker,79.32999699999999,PBD 363,W,P,4,7,F,S,0.14489833028497143,W,P,363,FALSE,0.7381315366280661,FALSE,100.260289,0.7912404581239536
DKQLPPGP,weaker,80.554495,PBD 152,Q,G,3,7,P,L,0.25465632454771503,Q,G,152,FALSE,0.7613639068369705,FALSE,105.979591,0.7600944128950262
GGGRDPVFDYVVL,weaker,79.98955900000001,PBD 250,D,F,5,8,Y,V,-0.22032583958357968,D,F,250,FALSE,0.40823475510954577,FALSE,94.087798,0.8501586890151261
RRSAHESPWL,weaker,104.60383999999999,PBD 385,S,A,3,4,R,L,0.8759470026898108,S,A,385,FALSE,0.9620320035959372,FALSE,110.716641,0.9447887784095617
RRVVHESPWL,weaker,102.693967,PBD 385,V,V,3,4,R,L,0.9336631971254736,V,V,385,FALSE,0.9620320035959372,FALSE,110.716641,0.9275386795739224
GGGRAPVKDYVVL,weaker,80.138534,PBD 250,A,K,5,8,Y,V,-0.03607682855896622,A,K,250,FALSE,0.40823475510954577,FALSE,94.087798,0.8517420505472985
DKQLPPVP,weaker,81.973036,PBD 152,Q,V,3,7,P,L,0.4733058544574774,Q,V,152,FALSE,0.7613639068369705,FALSE,105.979591,0.7734794522843553
GGGRAPVNDYVVL,weaker,80.06198300000001,PBD 250,A,N,5,8,Y,V,0.0853211521357066,A,N,250,FALSE,0.40823475510954577,FALSE,94.087798,0.850928438138174
RRSGHESPWL,weaker,104.98590399999999,PBD 385,S,G,3,4,R,L,0.8888831594768247,S,G,385,FALSE,0.9620320035959372,FALSE,110.716641,0.9482396056433828
RRV*HESPWL,weaker,NA,PBD 385,V,*,3,4,R,L,0.3617971577683974,V,*,385,FALSE,0.9620320035959372,FALSE,110.716641,NA
GGGRAPVTDYVVL,weaker,81.423034,PBD 250,A,T,5,8,Y,V,0.12267549738011044,A,T,250,FALSE,0.40823475510954577,FALSE,94.087798,0.8653941927730097
RRVYHESPWL,weaker,102.311903,PBD 385,V,Y,3,4,R,L,0.9092222824895766,V,Y,385,FALSE,0.9620320035959372,FALSE,110.716641,0.9240878523401013
SGRWWFLDWL,weaker,79.32999699999999,PBD 363,W,L,4,7,F,S,-0.02856230863710597,W,L,363,FALSE,0.7381315366280661,FALSE,100.260289,0.7912404581239536
DKQLPP*P,weaker,NA,PBD 152,Q,*,3,7,P,L,0.06536698096457505,Q,*,152,FALSE,0.7613639068369705,FALSE,105.979591,NA
RRSVHESPWL,weaker,104.98590399999999,PBD 385,S,V,3,4,R,L,0.9152064877160015,S,V,385,FALSE,0.9620320035959372,FALSE,110.716641,0.9482396056433828
RRKKHESPWL,weaker,102.311903,PBD 385,K,K,3,4,R,L,0.8338583470022555,K,K,385,FALSE,0.9620320035959372,FALSE,110.716641,0.9240878523401013
DKQLPPYP,weaker,80.554495,PBD 152,Q,Y,3,7,P,L,0.08026953289910109,Q,Y,152,FALSE,0.7613639068369705,FALSE,105.979591,0.7600944128950262
GGGRAPVRDYVVL,weaker,81.469637,PBD 250,A,R,5,8,Y,V,0.07394848592631163,A,R,250,FALSE,0.40823475510954577,FALSE,94.087798,0.8658895067349753
RRKNHESPWL,no significant difference,102.311903,PBD 385,K,N,3,4,R,L,0.8731546385894726,K,N,385,FALSE,0.9620320035959372,FALSE,110.716641,0.9240878523401013
SGRWWFEDWL,weaker,79.32999699999999,PBD 363,W,E,4,7,F,S,0.1817884113711952,W,E,363,FALSE,0.7381315366280661,FALSE,100.260289,0.7912404581239536
GGGRAPVSDYVVL,weaker,80.500034,PBD 250,A,S,5,8,Y,V,0.07394848592631163,A,S,250,FALSE,0.40823475510954577,FALSE,94.087798,0.8555842065726736
RRS*HESPWL,weaker,NA,PBD 385,S,*,3,4,R,L,0.43156679382670754,S,*,385,FALSE,0.9620320035959372,FALSE,110.716641,NA
RRKTHESPWL,weaker,102.693967,PBD 385,K,T,3,4,R,L,0.8522800839122744,K,T,385,FALSE,0.9620320035959372,FALSE,110.716641,0.9275386795739224
RRVWHESPWL,weaker,103.076031,PBD 385,V,W,3,4,R,L,0.9254997182966482,V,W,385,FALSE,0.9620320035959372,FALSE,110.716641,0.9309895068077436
SGRWWFDDWL,weaker,79.32999699999999,PBD 363,W,D,4,7,F,S,0.25892120830350385,W,D,363,FALSE,0.7381315366280661,FALSE,100.260289,0.7912404581239536
GGGRAPVMDYVVL,weaker,80.374066,PBD 250,A,M,5,8,Y,V,0.02212672945025562,A,M,250,FALSE,0.40823475510954577,FALSE,94.087798,0.8542453719662989
RRSYHESPWL,weaker,104.60383999999999,PBD 385,S,Y,3,4,R,L,0.9069600928442568,S,Y,385,FALSE,0.9620320035959372,FALSE,110.716641,0.9447887784095617
RRVCHESPWL,weaker,103.076031,PBD 385,V,C,3,4,R,L,0.9098507364549622,V,C,385,FALSE,0.9620320035959372,FALSE,110.716641,0.9309895068077436
SGRWWFADWL,weaker,79.32999699999999,PBD 363,W,A,4,7,F,S,0.23904215472215537,W,A,363,FALSE,0.7381315366280661,FALSE,100.260289,0.7912404581239536
DKQLPPWP,weaker,80.554495,PBD 152,Q,W,3,7,P,L,0.2551856897944491,Q,W,152,FALSE,0.7613639068369705,FALSE,105.979591,0.7600944128950262
GGGRAPVIDYVVL,weaker,82.63932100000001,PBD 250,A,I,5,8,Y,V,0.11318940692239264,A,I,250,FALSE,0.40823475510954577,FALSE,94.087798,0.8783213419448929
RRKRHESPWL,weaker,103.840159,PBD 385,K,R,3,4,R,L,0.8425420041577205,K,R,385,FALSE,0.9620320035959372,FALSE,110.716641,0.937891161275386
DKQLPPCP,weaker,80.554495,PBD 152,Q,C,3,7,P,L,0.3186577348987663,Q,C,152,FALSE,0.7613639068369705,FALSE,105.979591,0.7600944128950262
RRKSHESPWL,weaker,103.840159,PBD 385,K,S,3,4,R,L,0.8774841421056326,K,S,385,FALSE,0.9620320035959372,FALSE,110.716641,0.937891161275386
RRVFHESPWL,weaker,104.222223,PBD 385,V,F,3,4,R,L,0.9320345505558474,V,F,385,FALSE,0.9620320035959372,FALSE,110.716641,0.941341988509207
SGRWWFGDWL,weaker,79.32999699999999,PBD 363,W,G,4,7,F,S,0.1847216147187923,W,G,363,FALSE,0.7381315366280661,FALSE,100.260289,0.7912404581239536
RRSWHESPWL,weaker,105.36796799999999,PBD 385,S,W,3,4,R,L,0.892541393968927,S,W,385,FALSE,0.9620320035959372,FALSE,110.716641,0.951690432877204
RRKMHESPWL,no significant difference,103.076031,PBD 385,K,M,3,4,R,L,0.8869126973629333,K,M,385,FALSE,0.9620320035959372,FALSE,110.716641,0.9309895068077436
DKQLPPFP,weaker,80.554495,PBD 152,Q,F,3,7,P,L,0.20508905216350676,Q,F,152,FALSE,0.7613639068369705,FALSE,105.979591,0.7600944128950262
GGGRAPVLDYVVL,weaker,80.209023,PBD 250,A,L,5,8,Y,V,0.06316114330317397,A,L,250,FALSE,0.40823475510954577,FALSE,94.087798,0.8524912337729489
RRSCHESPWL,weaker,105.36796799999999,PBD 385,S,C,3,4,R,L,0.9223858879407444,S,C,385,FALSE,0.9620320035959372,FALSE,110.716641,0.951690432877204
RRKIHESPWL,weaker,102.693967,PBD 385,K,I,3,4,R,L,0.8984370755653002,K,I,385,FALSE,0.9620320035959372,FALSE,110.716641,0.9275386795739224
SGRWWFVDWL,weaker,79.32999699999999,PBD 363,W,V,4,7,F,S,0.16335631521613364,W,V,363,FALSE,0.7381315366280661,FALSE,100.260289,0.7912404581239536
DKHLPPKP,weaker,80.554495,PBD 152,H,K,3,7,P,L,0.20664092631293596,H,K,152,FALSE,0.7613639068369705,FALSE,105.979591,0.7600944128950262
RRKQHESPWL,weaker,102.311903,PBD 385,K,Q,3,4,R,L,0.8691484926909001,K,Q,385,FALSE,0.9620320035959372,FALSE,110.716641,0.9240878523401013
DKHLPPNP,weaker,80.554495,PBD 152,H,N,3,7,P,L,0.28612036122026296,H,N,152,FALSE,0.7613639068369705,FALSE,105.979591,0.7600944128950262
GGGRAPVEDYVVL,weaker,80.433485,PBD 250,A,E,5,8,Y,V,0.08798047072504744,A,E,250,FALSE,0.40823475510954577,FALSE,94.087798,0.85487689912777
RRSFHESPWL,weaker,106.51415999999999,PBD 385,S,F,3,4,R,L,0.8956924020773843,S,F,385,FALSE,0.9620320035959372,FALSE,110.716641,0.9620429145786675
RRKHHESPWL,weaker,102.693967,PBD 385,K,H,3,4,R,L,0.890589711505556,K,H,385,FALSE,0.9620320035959372,FALSE,110.716641,0.9275386795739224
SGRWWF*DWL,weaker,NA,PBD 363,W,*,4,7,F,S,-0.01778153932896159,W,*,363,FALSE,0.7381315366280661,FALSE,100.260289,NA
DKHLPPTP,weaker,81.027342,PBD 152,H,T,3,7,P,L,0.32369656674685104,H,T,152,FALSE,0.7613639068369705,FALSE,105.979591,0.7645560926914693
GGGRAPVDDYVVL,weaker,80.08113200000001,PBD 250,A,D,5,8,Y,V,0.1784247081184258,A,D,250,FALSE,0.40823475510954577,FALSE,94.087798,0.8511319608096259
RRMKHESPWL,no significant difference,102.693893,PBD 385,M,K,3,4,R,L,0.8645488532773279,M,K,385,FALSE,0.9620320035959372,FALSE,110.716641,0.9275380112010444
RRKPHESPWL,weaker,103.076031,PBD 385,K,P,3,4,R,L,0.9160490840078788,K,P,385,FALSE,0.9620320035959372,FALSE,110.716641,0.9309895068077436
SGRWWFYDWL,weaker,79.84111399999999,PBD 363,W,Y,4,7,F,S,0.19745163141761576,W,Y,363,FALSE,0.7381315366280661,FALSE,100.260289,0.7963383588491351
DKHLPPRP,weaker,80.554495,PBD 152,H,R,3,7,P,L,0.21019315950058248,H,R,152,FALSE,0.7613639068369705,FALSE,105.979591,0.7600944128950262
GGGRAPVADYVVL,weaker,83.670978,PBD 250,A,A,5,8,Y,V,0.06796098559789751,A,A,250,FALSE,0.40823475510954577,FALSE,94.087798,0.8892861750255862
RRMNHESPWL,no significant difference,102.693893,PBD 385,M,N,3,4,R,L,0.8483792642774118,M,N,385,FALSE,0.9620320035959372,FALSE,110.716641,0.9275380112010444
DKHLPPSP,weaker,80.554495,PBD 152,H,S,3,7,P,L,0.251407653355628,H,S,152,FALSE,0.7613639068369705,FALSE,105.979591,0.7600944128950262
RRMTHESPWL,weaker,103.075957,PBD 385,M,T,3,4,R,L,0.9023770049366396,M,T,385,FALSE,0.9620320035959372,FALSE,110.716641,0.9309888384348655
DKHLPPMP,weaker,80.554495,PBD 152,H,M,3,7,P,L,0.20314727099204977,H,M,152,FALSE,0.7613639068369705,FALSE,105.979591,0.7600944128950262
GGGRAPVGDYVVL,weaker,80.17961700000001,PBD 250,A,G,5,8,Y,V,-0.01263409306956666,A,G,250,FALSE,0.40823475510954577,FALSE,94.087798,0.8521786959027354
SGRWWFWDWL,weaker,79.32999699999999,PBD 363,W,W,4,7,F,S,0.2643893088114929,W,W,363,FALSE,0.7381315366280661,FALSE,100.260289,0.7912404581239536
DKHLPPIP,weaker,81.973036,PBD 152,H,I,3,7,P,L,0.4269620674638014,H,I,152,FALSE,0.7613639068369705,FALSE,105.979591,0.7734794522843553
RRMRHESPWL,weaker,104.222149,PBD 385,M,R,3,4,R,L,0.8401055740886332,M,R,385,FALSE,0.9620320035959372,FALSE,110.716641,0.941341320136329
RRKLHESPWL,no significant difference,107.278735,PBD 385,K,L,3,4,R,L,0.9670321293477832,K,L,385,FALSE,0.9620320035959372,TRUE,110.716641,0.9689486063797763
SGRWWFCDWL,weaker,79.32999699999999,PBD 363,W,C,4,7,F,S,0.32627006463342545,W,C,363,FALSE,0.7381315366280661,FALSE,100.260289,0.7912404581239536
DKHLPPQP,weaker,80.554495,PBD 152,H,Q,3,7,P,L,0.30023063666662053,H,Q,152,FALSE,0.7613639068369705,FALSE,105.979591,0.7600944128950262
GGGRAPVVDYVVL,weaker,88.11310800000001,PBD 250,A,V,5,8,Y,V,0.01209126048425199,A,V,250,FALSE,0.40823475510954577,FALSE,94.087798,0.9364987795760722
RRMSHESPWL,weaker,104.222149,PBD 385,M,S,3,4,R,L,0.901973602847668,M,S,385,FALSE,0.9620320035959372,FALSE,110.716641,0.941341320136329
RRMMHESPWL,no significant difference,103.458021,PBD 385,M,M,3,4,R,L,0.9469982113606074,M,M,385,FALSE,0.9620320035959372,FALSE,110.716641,0.9344396656686866
RRKEHESPWL,no significant difference,102.311903,PBD 385,K,E,3,4,R,L,0.9349490168235424,K,E,385,FALSE,0.9620320035959372,FALSE,110.716641,0.9240878523401013
SGRWWFFDWL,weaker,79.32999699999999,PBD 363,W,F,4,7,F,S,0.31191833701360505,W,F,363,FALSE,0.7381315366280661,FALSE,100.260289,0.7912404581239536
GGGRAPV*DYVVL,weaker,NA,PBD 250,A,*,5,8,Y,V,0.096723794067552,A,*,250,FALSE,0.40823475510954577,FALSE,94.087798,NA
RRMIHESPWL,weaker,103.075957,PBD 385,M,I,3,4,R,L,0.8684914228846927,M,I,385,FALSE,0.9620320035959372,FALSE,110.716641,0.9309888384348655
RRKDHESPWL,weaker,102.693967,PBD 385,K,D,3,4,R,L,0.8649545294743671,K,D,385,FALSE,0.9620320035959372,FALSE,110.716641,0.9275386795739224
SGRCWFKDWL,weaker,79.32999699999999,PBD 363,C,K,4,7,F,S,0.140704587267438,C,K,363,FALSE,0.7381315366280661,FALSE,100.260289,0.7912404581239536
DKHLPPLP,weaker,95.449175,PBD 152,H,L,3,7,P,L,0.4613937439527458,H,L,152,FALSE,0.7613639068369705,FALSE,105.979591,0.9006373217650934
GGGRAPVYDYVVL,weaker,80.06198300000001,PBD 250,A,Y,5,8,Y,V,0.1362101315669868,A,Y,250,FALSE,0.40823475510954577,FALSE,94.087798,0.850928438138174
RRMQHESPWL,no significant difference,102.693893,PBD 385,M,Q,3,4,R,L,0.9510170192595632,M,Q,385,FALSE,0.9620320035959372,FALSE,110.716641,0.9275380112010444
RRKAHESPWL,weaker,102.311903,PBD 385,K,A,3,4,R,L,0.878114101594853,K,A,385,FALSE,0.9620320035959372,FALSE,110.716641,0.9240878523401013
SGRCWFNDWL,weaker,79.32999699999999,PBD 363,C,N,4,7,F,S,0.19064069034765588,C,N,363,FALSE,0.7381315366280661,FALSE,100.260289,0.7912404581239536
DKHLPPEP,weaker,80.554495,PBD 152,H,E,3,7,P,L,0.33866385669328397,H,E,152,FALSE,0.7613639068369705,FALSE,105.979591,0.7600944128950262
RRMHHESPWL,no significant difference,103.075957,PBD 385,M,H,3,4,R,L,0.903858431793678,M,H,385,FALSE,0.9620320035959372,FALSE,110.716641,0.9309888384348655
SGRCWFTDWL,no significant difference,84.952276,PBD 363,C,T,4,7,F,S,0.7605780292937914,C,T,363,FALSE,0.7381315366280661,TRUE,100.260289,0.8473172863086401
DKHLPPDP,weaker,80.554495,PBD 152,H,D,3,7,P,L,0.25992954362608145,H,D,152,FALSE,0.7613639068369705,FALSE,105.979591,0.7600944128950262
RRMPHESPWL,no significant difference,103.458021,PBD 385,M,P,3,4,R,L,0.9264550535008276,M,P,385,FALSE,0.9620320035959372,FALSE,110.716641,0.9344396656686866
RRKGHESPWL,weaker,102.693967,PBD 385,K,G,3,4,R,L,0.8684670762202789,K,G,385,FALSE,0.9620320035959372,FALSE,110.716641,0.9275386795739224
DKHLPPAP,weaker,80.554495,PBD 152,H,A,3,7,P,L,0.19645492432693668,H,A,152,FALSE,0.7613639068369705,FALSE,105.979591,0.7600944128950262
GGGRAPVWDYVVL,weaker,80.06198300000001,PBD 250,A,W,5,8,Y,V,-0.07047837730243803,A,W,250,FALSE,0.40823475510954577,FALSE,94.087798,0.850928438138174
SGRCWFRDWL,weaker,79.32999699999999,PBD 363,C,R,4,7,F,S,0.09598417911831414,C,R,363,FALSE,0.7381315366280661,FALSE,100.260289,0.7912404581239536
GGGRAPVCDYVVL,weaker,80.06198300000001,PBD 250,A,C,5,8,Y,V,-0.01509768498774295,A,C,250,FALSE,0.40823475510954577,FALSE,94.087798,0.850928438138174
RRKVHESPWL,weaker,102.693967,PBD 385,K,V,3,4,R,L,0.9145876341337036,K,V,385,FALSE,0.9620320035959372,FALSE,110.716641,0.9275386795739224
SGRCWFSDWL,no significant difference,93.130135,PBD 363,C,S,4,7,F,S,0.770951252133029,C,S,363,FALSE,0.7381315366280661,TRUE,100.260289,0.9288835682490402
DKHLPPGP,weaker,80.554495,PBD 152,H,G,3,7,P,L,0.27555101848862085,H,G,152,FALSE,0.7613639068369705,FALSE,105.979591,0.7600944128950262
SGRCWFMDWL,weaker,79.32999699999999,PBD 363,C,M,4,7,F,S,0.16943483704208775,C,M,363,FALSE,0.7381315366280661,FALSE,100.260289,0.7912404581239536
GGGRAPVFDYVVL,weaker,80.06198300000001,PBD 250,A,F,5,8,Y,V,-0.07630142782010407,A,F,250,FALSE,0.40823475510954577,FALSE,94.087798,0.850928438138174
RRMLHESPWL,no significant difference,107.660725,PBD 385,M,L,3,4,R,L,0.9562601728242492,M,L,385,FALSE,0.9620320035959372,FALSE,110.716641,0.9723987652407193
RRK*HESPWL,weaker,NA,PBD 385,K,*,3,4,R,L,0.43664901291078045,K,*,385,FALSE,0.9620320035959372,FALSE,110.716641,NA
SGRCWFIDWL,weaker,79.32999699999999,PBD 363,C,I,4,7,F,S,0.1782139265658274,C,I,363,FALSE,0.7381315366280661,FALSE,100.260289,0.7912404581239536
DKHLPPVP,weaker,81.973036,PBD 152,H,V,3,7,P,L,0.2955472925681534,H,V,152,FALSE,0.7613639068369705,FALSE,105.979591,0.7734794522843553
RRKYHESPWL,weaker,102.311903,PBD 385,K,Y,3,4,R,L,0.9111681553947334,K,Y,385,FALSE,0.9620320035959372,FALSE,110.716641,0.9240878523401013
SGRCWFQDWL,weaker,79.32999699999999,PBD 363,C,Q,4,7,F,S,0.1943679895486759,C,Q,363,FALSE,0.7381315366280661,FALSE,100.260289,0.7912404581239536
RRMEHESPWL,no significant difference,102.693893,PBD 385,M,E,3,4,R,L,0.9125005116438808,M,E,385,FALSE,0.9620320035959372,FALSE,110.716641,0.9275380112010444
SGRCWFHDWL,weaker,79.32999699999999,PBD 363,C,H,4,7,F,S,0.0974103957141077,C,H,363,FALSE,0.7381315366280661,FALSE,100.260289,0.7912404581239536
DKHLPP*P,weaker,NA,PBD 152,H,*,3,7,P,L,0.14169525198967936,H,*,152,FALSE,0.7613639068369705,FALSE,105.979591,NA
RRMDHESPWL,weaker,103.075957,PBD 385,M,D,3,4,R,L,0.8870295630799103,M,D,385,FALSE,0.9620320035959372,FALSE,110.716641,0.9309888384348655
SGRCWFPDWL,weaker,79.32999699999999,PBD 363,C,P,4,7,F,S,0.17865520126899964,C,P,363,FALSE,0.7381315366280661,FALSE,100.260289,0.7912404581239536
DKHLPPYP,weaker,80.554495,PBD 152,H,Y,3,7,P,L,0.15447773316286417,H,Y,152,FALSE,0.7613639068369705,FALSE,105.979591,0.7600944128950262
RRMAHESPWL,weaker,102.693893,PBD 385,M,A,3,4,R,L,0.883350487859647,M,A,385,FALSE,0.9620320035959372,FALSE,110.716641,0.9275380112010444
RRKWHESPWL,no significant difference,103.076031,PBD 385,K,W,3,4,R,L,0.9109147563870305,K,W,385,FALSE,0.9620320035959372,FALSE,110.716641,0.9309895068077436
RRKCHESPWL,no significant difference,103.076031,PBD 385,K,C,3,4,R,L,0.9279551405198164,K,C,385,FALSE,0.9620320035959372,FALSE,110.716641,0.9309895068077436
RRMGHESPWL,weaker,103.075957,PBD 385,M,G,3,4,R,L,0.9035557823252496,M,G,385,FALSE,0.9620320035959372,FALSE,110.716641,0.9309888384348655
DKHLPPWP,weaker,80.554495,PBD 152,H,W,3,7,P,L,0.25092590061704895,H,W,152,FALSE,0.7613639068369705,FALSE,105.979591,0.7600944128950262
RRKFHESPWL,weaker,104.222223,PBD 385,K,F,3,4,R,L,0.9126328541482018,K,F,385,FALSE,0.9620320035959372,FALSE,110.716641,0.941341988509207
SGRCWFLDWL,weaker,79.32999699999999,PBD 363,C,L,4,7,F,S,0.10339524531660266,C,L,363,FALSE,0.7381315366280661,FALSE,100.260289,0.7912404581239536
DKHLPPCP,weaker,80.554495,PBD 152,H,C,3,7,P,L,0.23440451380903984,H,C,152,FALSE,0.7613639068369705,FALSE,105.979591,0.7600944128950262
RRMVHESPWL,weaker,103.075957,PBD 385,M,V,3,4,R,L,0.9095770704415866,M,V,385,FALSE,0.9620320035959372,FALSE,110.716641,0.9309888384348655
RRNKHESPWL,weaker,104.221851,PBD 385,N,K,3,4,R,L,0.8869461200055455,N,K,385,FALSE,0.9620320035959372,FALSE,110.716641,0.9413386285806847
RRNNHESPWL,weaker,104.221851,PBD 385,N,N,3,4,R,L,0.8760310417995769,N,N,385,FALSE,0.9620320035959372,FALSE,110.716641,0.9413386285806847
SGRCWFEDWL,weaker,79.32999699999999,PBD 363,C,E,4,7,F,S,0.28106126425885053,C,E,363,FALSE,0.7381315366280661,FALSE,100.260289,0.7912404581239536
DKHLPPFP,weaker,80.554495,PBD 152,H,F,3,7,P,L,0.2354669048583018,H,F,152,FALSE,0.7613639068369705,FALSE,105.979591,0.7600944128950262
RRM*HESPWL,weaker,NA,PBD 385,M,*,3,4,R,L,0.4624786210604839,M,*,385,FALSE,0.9620320035959372,FALSE,110.716641,NA
RRNTHESPWL,weaker,104.603915,PBD 385,N,T,3,4,R,L,0.8559380891015957,N,T,385,FALSE,0.9620320035959372,FALSE,110.716641,0.9447894558145058
SGRCWFDDWL,weaker,79.32999699999999,PBD 363,C,D,4,7,F,S,0.3971041146406389,C,D,363,FALSE,0.7381315366280661,FALSE,100.260289,0.7912404581239536
DKPLPPKP,weaker,91.08491099999999,PBD 152,P,K,3,7,P,L,0.543831898159594,P,K,152,FALSE,0.7613639068369705,FALSE,105.979591,0.8594570911299326
RRMYHESPWL,no significant difference,102.693893,PBD 385,M,Y,3,4,R,L,0.9158356054468436,M,Y,385,FALSE,0.9620320035959372,FALSE,110.716641,0.9275380112010444
SGRCWFADWL,weaker,79.32999699999999,PBD 363,C,A,4,7,F,S,0.17115653205458323,C,A,363,FALSE,0.7381315366280661,FALSE,100.260289,0.7912404581239536
DKPLPPNP,weaker,91.08491099999999,PBD 152,P,N,3,7,P,L,0.3556118081389215,P,N,152,FALSE,0.7613639068369705,FALSE,105.979591,0.8594570911299326
RRNRHESPWL,weaker,105.750107,PBD 385,N,R,3,4,R,L,0.8508899311235868,N,R,385,FALSE,0.9620320035959372,FALSE,110.716641,0.9551419375159693
DKPLPPTP,weaker,91.55775799999999,PBD 152,P,T,3,7,P,L,0.6143247872356488,P,T,152,FALSE,0.7613639068369705,FALSE,105.979591,0.8639187709263757
RRNSHESPWL,weaker,105.750107,PBD 385,N,S,3,4,R,L,0.8756954513594603,N,S,385,FALSE,0.9620320035959372,FALSE,110.716641,0.9551419375159693
SGRCWFGDWL,weaker,79.32999699999999,PBD 363,C,G,4,7,F,S,0.2676338267756569,C,G,363,FALSE,0.7381315366280661,FALSE,100.260289,0.7912404581239536
RRMWHESPWL,weaker,103.458021,PBD 385,M,W,3,4,R,L,0.9198020625909262,M,W,385,FALSE,0.9620320035959372,FALSE,110.716641,0.9344396656686866
RRNMHESPWL,no significant difference,104.985979,PBD 385,N,M,3,4,R,L,0.912133904792294,N,M,385,FALSE,0.9620320035959372,FALSE,110.716641,0.948240283048327
RR*KHESPWL,weaker,NA,PBD 385,*,K,3,4,R,L,0.4416052901956252,*,K,385,FALSE,0.9620320035959372,FALSE,110.716641,NA
DKPLPPRP,weaker,91.08491099999999,PBD 152,P,R,3,7,P,L,0.5833196219991379,P,R,152,FALSE,0.7613639068369705,FALSE,105.979591,0.8594570911299326
RRMCHESPWL,weaker,103.458021,PBD 385,M,C,3,4,R,L,0.9138852520186298,M,C,385,FALSE,0.9620320035959372,FALSE,110.716641,0.9344396656686866
RRNIHESPWL,no significant difference,104.603915,PBD 385,N,I,3,4,R,L,0.9136523375677,N,I,385,FALSE,0.9620320035959372,FALSE,110.716641,0.9447894558145058
RR*NHESPWL,weaker,NA,PBD 385,*,N,3,4,R,L,0.3934299095367106,*,N,385,FALSE,0.9620320035959372,FALSE,110.716641,NA
SGRCWFVDWL,weaker,79.32999699999999,PBD 363,C,V,4,7,F,S,0.20077682986424644,C,V,363,FALSE,0.7381315366280661,FALSE,100.260289,0.7912404581239536
DKPLPPSP,weaker,91.08491099999999,PBD 152,P,S,3,7,P,L,0.4271998617687775,P,S,152,FALSE,0.7613639068369705,FALSE,105.979591,0.8594570911299326
RRNQHESPWL,no significant difference,104.221851,PBD 385,N,Q,3,4,R,L,0.9218126421586148,N,Q,385,FALSE,0.9620320035959372,FALSE,110.716641,0.9413386285806847
RR*THESPWL,weaker,NA,PBD 385,*,T,3,4,R,L,0.37325600108003704,*,T,385,FALSE,0.9620320035959372,FALSE,110.716641,NA
DKPLPPMP,weaker,91.08491099999999,PBD 152,P,M,3,7,P,L,0.4959040980136326,P,M,152,FALSE,0.7613639068369705,FALSE,105.979591,0.8594570911299326
RRMFHESPWL,weaker,104.604213,PBD 385,M,F,3,4,R,L,0.8898254103275558,M,F,385,FALSE,0.9620320035959372,FALSE,110.716641,0.9447921473701502
RRNHHESPWL,no significant difference,104.603915,PBD 385,N,H,3,4,R,L,0.8780640976195813,N,H,385,FALSE,0.9620320035959372,FALSE,110.716641,0.9447894558145058
SGRCWF*DWL,weaker,NA,PBD 363,C,*,4,7,F,S,0.07925914491615824,C,*,363,FALSE,0.7381315366280661,FALSE,100.260289,NA
DKPLPPIP,no significant difference,92.503452,PBD 152,P,I,3,7,P,L,0.7228236746618124,P,I,152,FALSE,0.7613639068369705,FALSE,105.979591,0.872842130519262
RRIKHESPWL,weaker,103.07588199999999,PBD 385,I,K,3,4,R,L,0.8852226432977339,I,K,385,FALSE,0.9620320035959372,FALSE,110.716641,0.9309881610299214
RRNPHESPWL,weaker,104.985979,PBD 385,N,P,3,4,R,L,0.8640485859694872,N,P,385,FALSE,0.9620320035959372,FALSE,110.716641,0.948240283048327
RR*RHESPWL,weaker,NA,PBD 385,*,R,3,4,R,L,0.3825014952887171,*,R,385,FALSE,0.9620320035959372,FALSE,110.716641,NA
SGRCWFYDWL,weaker,79.84111399999999,PBD 363,C,Y,4,7,F,S,0.3030372943268549,C,Y,363,FALSE,0.7381315366280661,FALSE,100.260289,0.7963383588491351
DKPLPPHP,weaker,91.08491099999999,PBD 152,P,H,3,7,P,L,0.5147215024614937,P,H,152,FALSE,0.7613639068369705,FALSE,105.979591,0.8594570911299326
RRINHESPWL,no significant difference,103.07588199999999,PBD 385,I,N,3,4,R,L,0.8647250600051458,I,N,385,FALSE,0.9620320035959372,FALSE,110.716641,0.9309881610299214
RR*SHESPWL,weaker,NA,PBD 385,*,S,3,4,R,L,0.4198571330790879,*,S,385,FALSE,0.9620320035959372,FALSE,110.716641,NA
RRITHESPWL,no significant difference,103.45794599999999,PBD 385,I,T,3,4,R,L,0.9199734758696536,I,T,385,FALSE,0.9620320035959372,FALSE,110.716641,0.9344389882637425
RR*MHESPWL,weaker,NA,PBD 385,*,M,3,4,R,L,0.4049150547666049,*,M,385,FALSE,0.9620320035959372,FALSE,110.716641,NA
RR*IHESPWL,weaker,NA,PBD 385,*,I,3,4,R,L,0.3463089655169855,*,I,385,FALSE,0.9620320035959372,FALSE,110.716641,NA
SGRCWFWDWL,weaker,79.32999699999999,PBD 363,C,W,4,7,F,S,0.2904366242678923,C,W,363,FALSE,0.7381315366280661,FALSE,100.260289,0.7912404581239536
DKPLPPLP,no significant difference,105.979591,PBD 152,P,L,3,7,P,L,0.7613639068369705,P,L,152,TRUE,0.7613639068369705,TRUE,105.979591,1
RRIRHESPWL,weaker,104.60413799999999,PBD 385,I,R,3,4,R,L,0.8696499853322026,I,R,385,FALSE,0.9620320035959372,FALSE,110.716641,0.944791469965206
RRNLHESPWL,no significant difference,109.188683,PBD 385,N,L,3,4,R,L,0.9690974223409232,N,L,385,FALSE,0.9620320035959372,TRUE,110.716641,0.9861993826203597
RR*QHESPWL,weaker,NA,PBD 385,*,Q,3,4,R,L,0.3509978080869593,*,Q,385,FALSE,0.9620320035959372,FALSE,110.716641,NA
SGRCWFCDWL,weaker,79.32999699999999,PBD 363,C,C,4,7,F,S,0.2591956159052859,C,C,363,FALSE,0.7381315366280661,FALSE,100.260289,0.7912404581239536
DKPLPPEP,weaker,91.08491099999999,PBD 152,P,E,3,7,P,L,0.39266169514350513,P,E,152,FALSE,0.7613639068369705,FALSE,105.979591,0.8594570911299326
RRISHESPWL,weaker,104.60413799999999,PBD 385,I,S,3,4,R,L,0.9104677672521142,I,S,385,FALSE,0.9620320035959372,FALSE,110.716641,0.944791469965206
RR*HHESPWL,weaker,NA,PBD 385,*,H,3,4,R,L,0.3844500653147882,*,H,385,FALSE,0.9620320035959372,FALSE,110.716641,NA
DKPLPPDP,weaker,91.08491099999999,PBD 152,P,D,3,7,P,L,0.30921266725717256,P,D,152,FALSE,0.7613639068369705,FALSE,105.979591,0.8594570911299326
RRIMHESPWL,no significant difference,103.84000999999999,PBD 385,I,M,3,4,R,L,0.9611510023323676,I,M,385,FALSE,0.9620320035959372,FALSE,110.716641,0.9378898154975637
RRNEHESPWL,no significant difference,104.221851,PBD 385,N,E,3,4,R,L,0.9014955687821822,N,E,385,FALSE,0.9620320035959372,FALSE,110.716641,0.9413386285806847
RR*PHESPWL,weaker,NA,PBD 385,*,P,3,4,R,L,0.29753325545904674,*,P,385,FALSE,0.9620320035959372,FALSE,110.716641,NA
SGRCWFFDWL,weaker,79.32999699999999,PBD 363,C,F,4,7,F,S,0.27252078476188313,C,F,363,FALSE,0.7381315366280661,FALSE,100.260289,0.7912404581239536
DKPLPPAP,weaker,91.08491099999999,PBD 152,P,A,3,7,P,L,0.5344946467569159,P,A,152,FALSE,0.7613639068369705,FALSE,105.979591,0.8594570911299326
GGGRGPVKDYVVL,weaker,80.047869,PBD 250,G,K,5,8,Y,V,-0.158513610270955,G,K,250,FALSE,0.40823475510954577,FALSE,94.087798,0.8507784293134376
RRIIHESPWL,no significant difference,103.45794599999999,PBD 385,I,I,3,4,R,L,0.9258123657637748,I,I,385,FALSE,0.9620320035959372,FALSE,110.716641,0.9344389882637425
RRNDHESPWL,weaker,104.603915,PBD 385,N,D,3,4,R,L,0.8854552214473457,N,D,385,FALSE,0.9620320035959372,FALSE,110.716641,0.9447894558145058
SGRLWFKDWL,weaker,83.91366699999999,PBD 363,L,K,4,7,F,S,0.06243131164832123,L,K,363,FALSE,0.7381315366280661,FALSE,100.260289,0.8369581599749826
GGGRGPVNDYVVL,weaker,79.97131800000001,PBD 250,G,N,5,8,Y,V,-0.07121450457646272,G,N,250,FALSE,0.40823475510954577,FALSE,94.087798,0.8499648169043132
RRIQHESPWL,no significant difference,103.07588199999999,PBD 385,I,Q,3,4,R,L,0.9714016224412696,I,Q,385,FALSE,0.9620320035959372,TRUE,110.716641,0.9309881610299214
RRNAHESPWL,weaker,104.221851,PBD 385,N,A,3,4,R,L,0.8694850106834455,N,A,385,FALSE,0.9620320035959372,FALSE,110.716641,0.9413386285806847
SGRLWFNDWL,weaker,83.91366699999999,PBD 363,L,N,4,7,F,S,0.1755829293196072,L,N,363,FALSE,0.7381315366280661,FALSE,100.260289,0.8369581599749826
DKPLPPGP,weaker,91.08491099999999,PBD 152,P,G,3,7,P,L,0.3323119715461139,P,G,152,FALSE,0.7613639068369705,FALSE,105.979591,0.8594570911299326
GGGRGPVTDYVVL,weaker,81.332369,PBD 250,G,T,5,8,Y,V,-0.03463601176185657,G,T,250,FALSE,0.40823475510954577,FALSE,94.087798,0.8644305715391489
RRIHHESPWL,no significant difference,103.45794599999999,PBD 385,I,H,3,4,R,L,0.8634007414588211,I,H,385,FALSE,0.9620320035959372,FALSE,110.716641,0.9344389882637425
SGRLWFTDWL,stronger,89.535946,PBD 363,L,T,4,7,F,S,0.8130980918751475,L,T,363,FALSE,0.7381315366280661,TRUE,100.260289,0.8930349881596691
RRIPHESPWL,no significant difference,103.84000999999999,PBD 385,I,P,3,4,R,L,0.9203402999401972,I,P,385,FALSE,0.9620320035959372,FALSE,110.716641,0.9378898154975637
RRNGHESPWL,weaker,104.603915,PBD 385,N,G,3,4,R,L,0.8707131939564783,N,G,385,FALSE,0.9620320035959372,FALSE,110.716641,0.9447894558145058
RR*LHESPWL,weaker,NA,PBD 385,*,L,3,4,R,L,0.4286723030867912,*,L,385,FALSE,0.9620320035959372,FALSE,110.716641,NA
DKPLPPVP,weaker,92.503452,PBD 152,P,V,3,7,P,L,0.6324002804847602,P,V,152,FALSE,0.7613639068369705,FALSE,105.979591,0.872842130519262
GGGRGPVRDYVVL,weaker,81.378972,PBD 250,G,R,5,8,Y,V,-0.05476156367157728,G,R,250,FALSE,0.40823475510954577,FALSE,94.087798,0.8649258855011146
SGRLWFRDWL,weaker,83.91366699999999,PBD 363,L,R,4,7,F,S,0.13249261615985777,L,R,363,FALSE,0.7381315366280661,FALSE,100.260289,0.8369581599749826
GGGRGPVSDYVVL,weaker,80.409369,PBD 250,G,S,5,8,Y,V,-0.07876334289209938,G,S,250,FALSE,0.40823475510954577,FALSE,94.087798,0.8546205853388129
RRNVHESPWL,weaker,104.603915,PBD 385,N,V,3,4,R,L,0.902504060554692,N,V,385,FALSE,0.9620320035959372,FALSE,110.716641,0.9447894558145058
RR*EHESPWL,weaker,NA,PBD 385,*,E,3,4,R,L,0.3879985506387376,*,E,385,FALSE,0.9620320035959372,FALSE,110.716641,NA
SGRLWFSDWL,stronger,97.713805,PBD 363,L,S,4,7,F,S,0.8293118185627368,L,S,363,FALSE,0.7381315366280661,TRUE,100.260289,0.9746012701000691
DKPLPP*P,weaker,NA,PBD 152,P,*,3,7,P,L,0.1250535876803867,P,*,152,FALSE,0.7613639068369705,FALSE,105.979591,NA
GGGRGPVMDYVVL,weaker,80.283401,PBD 250,G,M,5,8,Y,V,-0.05931622378303188,G,M,250,FALSE,0.40823475510954577,FALSE,94.087798,0.8532817507324382
RR*DHESPWL,weaker,NA,PBD 385,*,D,3,4,R,L,0.4138026812264889,*,D,385,FALSE,0.9620320035959372,FALSE,110.716641,NA
SGRLWFMDWL,weaker,83.91366699999999,PBD 363,L,M,4,7,F,S,0.29472493416169165,L,M,363,FALSE,0.7381315366280661,FALSE,100.260289,0.8369581599749826
DKPLPPYP,weaker,91.08491099999999,PBD 152,P,Y,3,7,P,L,0.5022281849277255,P,Y,152,FALSE,0.7613639068369705,FALSE,105.979591,0.8594570911299326
GGGRGPVIDYVVL,weaker,82.54865600000001,PBD 250,G,I,5,8,Y,V,-0.1805800953057738,G,I,250,FALSE,0.40823475510954577,FALSE,94.087798,0.8773577207110321
RRILHESPWL,no significant difference,108.04271399999999,PBD 385,I,L,3,4,R,L,0.963417233132962,I,L,385,FALSE,0.9620320035959372,TRUE,110.716641,0.9758489150695964
RRN*HESPWL,weaker,NA,PBD 385,N,*,3,4,R,L,0.45551906327337954,N,*,385,FALSE,0.9620320035959372,FALSE,110.716641,NA
RR*AHESPWL,weaker,NA,PBD 385,*,A,3,4,R,L,0.3513735305484737,*,A,385,FALSE,0.9620320035959372,FALSE,110.716641,NA
SGRLWFIDWL,weaker,83.91366699999999,PBD 363,L,I,4,7,F,S,0.18803757447967032,L,I,363,FALSE,0.7381315366280661,FALSE,100.260289,0.8369581599749826
GGGRGPVQDYVVL,weaker,80.181933,PBD 250,G,Q,5,8,Y,V,0.01083405021222004,G,Q,250,FALSE,0.40823475510954577,FALSE,94.087798,0.8522033112093876
RRNYHESPWL,no significant difference,104.221851,PBD 385,N,Y,3,4,R,L,0.8873995900933257,N,Y,385,FALSE,0.9620320035959372,FALSE,110.716641,0.9413386285806847
SGRLWFQDWL,weaker,83.91366699999999,PBD 363,L,Q,4,7,F,S,0.2531324771270185,L,Q,363,FALSE,0.7381315366280661,FALSE,100.260289,0.8369581599749826
DKPLPPWP,weaker,91.08491099999999,PBD 152,P,W,3,7,P,L,0.31637654519422453,P,W,152,FALSE,0.7613639068369705,FALSE,105.979591,0.8594570911299326
GGGRGPVHDYVVL,weaker,79.990425,PBD 250,G,H,5,8,Y,V,0.04937618553780586,G,H,250,FALSE,0.40823475510954577,FALSE,94.087798,0.8501678931841937
RRIEHESPWL,no significant difference,103.07588199999999,PBD 385,I,E,3,4,R,L,0.8946487755394028,I,E,385,FALSE,0.9620320035959372,FALSE,110.716641,0.9309881610299214
RR*GHESPWL,weaker,NA,PBD 385,*,G,3,4,R,L,0.42835646509905856,*,G,385,FALSE,0.9620320035959372,FALSE,110.716641,NA
SGRLWFHDWL,weaker,83.91366699999999,PBD 363,L,H,4,7,F,S,0.23311404377581635,L,H,363,FALSE,0.7381315366280661,FALSE,100.260289,0.8369581599749826
DKPLPPCP,weaker,91.08491099999999,PBD 152,P,C,3,7,P,L,0.4951095393099029,P,C,152,FALSE,0.7613639068369705,FALSE,105.979591,0.8594570911299326
GGGRGPVPDYVVL,weaker,81.24866,PBD 250,G,P,5,8,Y,V,0.08644547528314434,G,P,250,FALSE,0.40823475510954577,FALSE,94.087798,0.8635408812522107
RRIDHESPWL,weaker,103.45794599999999,PBD 385,I,D,3,4,R,L,0.90654221092338,I,D,385,FALSE,0.9620320035959372,FALSE,110.716641,0.9344389882637425
SGRLWFPDWL,weaker,83.91366699999999,PBD 363,L,P,4,7,F,S,0.16098599312970774,L,P,363,FALSE,0.7381315366280661,FALSE,100.260289,0.8369581599749826
RRIAHESPWL,weaker,103.07588199999999,PBD 385,I,A,3,4,R,L,0.9151455555360012,I,A,385,FALSE,0.9620320035959372,FALSE,110.716641,0.9309881610299214
RRNWHESPWL,no significant difference,104.985979,PBD 385,N,W,3,4,R,L,0.8850460391408975,N,W,385,FALSE,0.9620320035959372,FALSE,110.716641,0.948240283048327
RR*VHESPWL,weaker,NA,PBD 385,*,V,3,4,R,L,0.3653337240440762,*,V,385,FALSE,0.9620320035959372,FALSE,110.716641,NA
RRNCHESPWL,weaker,104.985979,PBD 385,N,C,3,4,R,L,0.8724378437126543,N,C,385,FALSE,0.9620320035959372,FALSE,110.716641,0.948240283048327
GGGRGPVLDYVVL,weaker,80.118358,PBD 250,G,L,5,8,Y,V,-0.08876204245820422,G,L,250,FALSE,0.40823475510954577,FALSE,94.087798,0.8515276125390882
RRIGHESPWL,weaker,103.45794599999999,PBD 385,I,G,3,4,R,L,0.9263849150617144,I,G,385,FALSE,0.9620320035959372,FALSE,110.716641,0.9344389882637425
RR**HESPWL,weaker,NA,PBD 385,*,*,3,4,R,L,0.33620536315996075,*,*,385,FALSE,0.9620320035959372,FALSE,110.716641,NA
RRNFHESPWL,no significant difference,106.132171,PBD 385,N,F,3,4,R,L,0.8962603259080268,N,F,385,FALSE,0.9620320035959372,FALSE,110.716641,0.9585927647497905
RR*YHESPWL,weaker,NA,PBD 385,*,Y,3,4,R,L,0.3048944030488095,*,Y,385,FALSE,0.9620320035959372,FALSE,110.716641,NA
SGRLWFLDWL,weaker,83.91366699999999,PBD 363,L,L,4,7,F,S,0.17098988414453614,L,L,363,FALSE,0.7381315366280661,FALSE,100.260289,0.8369581599749826
GGGRGPVEDYVVL,weaker,80.34282,PBD 250,G,E,5,8,Y,V,-0.01286195804160033,G,E,250,FALSE,0.40823475510954577,FALSE,94.087798,0.8539132778939093
RRIVHESPWL,weaker,103.45794599999999,PBD 385,I,V,3,4,R,L,0.9061414203155104,I,V,385,FALSE,0.9620320035959372,FALSE,110.716641,0.9344389882637425
RRTKHESPWL,weaker,102.311903,PBD 385,T,K,3,4,R,L,0.8766739162186119,T,K,385,FALSE,0.9620320035959372,FALSE,110.716641,0.9240878523401013
GGGRGPVDDYVVL,weaker,79.99046700000001,PBD 250,G,D,5,8,Y,V,-0.0932548099060804,G,D,250,FALSE,0.40823475510954577,FALSE,94.087798,0.8501683395757652
RRTNHESPWL,weaker,102.311903,PBD 385,T,N,3,4,R,L,0.8612627240808801,T,N,385,FALSE,0.9620320035959372,FALSE,110.716641,0.9240878523401013
SGRLWFEDWL,weaker,83.91366699999999,PBD 363,L,E,4,7,F,S,0.3045467405988478,L,E,363,FALSE,0.7381315366280661,FALSE,100.260289,0.8369581599749826
GGGRGPVADYVVL,weaker,83.580313,PBD 250,G,A,5,8,Y,V,-0.10657252981390844,G,A,250,FALSE,0.40823475510954577,FALSE,94.087798,0.8883225537917254
RRI*HESPWL,weaker,NA,PBD 385,I,*,3,4,R,L,0.4319555937439041,I,*,385,FALSE,0.9620320035959372,FALSE,110.716641,NA
RRTTHESPWL,weaker,102.693967,PBD 385,T,T,3,4,R,L,0.8512157725454748,T,T,385,FALSE,0.9620320035959372,FALSE,110.716641,0.9275386795739224
RR*WHESPWL,weaker,NA,PBD 385,*,W,3,4,R,L,0.3751883184450745,*,W,385,FALSE,0.9620320035959372,FALSE,110.716641,NA
SGRLWFDDWL,weaker,83.91366699999999,PBD 363,L,D,4,7,F,S,0.3086005529280236,L,D,363,FALSE,0.7381315366280661,FALSE,100.260289,0.8369581599749826
RRIYHESPWL,weaker,103.07588199999999,PBD 385,I,Y,3,4,R,L,0.9208152157673904,I,Y,385,FALSE,0.9620320035959372,FALSE,110.716641,0.9309881610299214
RR*CHESPWL,weaker,NA,PBD 385,*,C,3,4,R,L,0.44079620831264626,*,C,385,FALSE,0.9620320035959372,FALSE,110.716641,NA
SGRLWFADWL,weaker,83.91366699999999,PBD 363,L,A,4,7,F,S,0.25805896526387273,L,A,363,FALSE,0.7381315366280661,FALSE,100.260289,0.8369581599749826
GGGRGPVGDYVVL,weaker,80.088952,PBD 250,G,G,5,8,Y,V,-0.1140978227874629,G,G,250,FALSE,0.40823475510954577,FALSE,94.087798,0.8512150746688747
RRTRHESPWL,weaker,103.840159,PBD 385,T,R,3,4,R,L,0.8692402989147998,T,R,385,FALSE,0.9620320035959372,FALSE,110.716641,0.937891161275386
RR*FHESPWL,weaker,NA,PBD 385,*,F,3,4,R,L,0.4089609799297331,*,F,385,FALSE,0.9620320035959372,FALSE,110.716641,NA
SGRLWFGDWL,weaker,83.91366699999999,PBD 363,L,G,4,7,F,S,0.26528851131619496,L,G,363,FALSE,0.7381315366280661,FALSE,100.260289,0.8369581599749826
GGGRGPVVDYVVL,weaker,88.02244300000001,PBD 250,G,V,5,8,Y,V,-0.13873170487487957,G,V,250,FALSE,0.40823475510954577,FALSE,94.087798,0.9355351583422115
RRIWHESPWL,weaker,103.84000999999999,PBD 385,I,W,3,4,R,L,0.9233272949282718,I,W,385,FALSE,0.9620320035959372,FALSE,110.716641,0.9378898154975637
RRTMHESPWL,no significant difference,103.076031,PBD 385,T,M,3,4,R,L,0.9095356440452138,T,M,385,FALSE,0.9620320035959372,FALSE,110.716641,0.9309895068077436
RRYKHESPWL,no significant difference,102.311903,PBD 385,Y,K,3,4,R,L,0.908750674416948,Y,K,385,FALSE,0.9620320035959372,FALSE,110.716641,0.9240878523401013
RRICHESPWL,no significant difference,103.84000999999999,PBD 385,I,C,3,4,R,L,0.8990688447829331,I,C,385,FALSE,0.9620320035959372,FALSE,110.716641,0.9378898154975637
RRTIHESPWL,weaker,102.693967,PBD 385,T,I,3,4,R,L,0.9077946203690336,T,I,385,FALSE,0.9620320035959372,FALSE,110.716641,0.9275386795739224
RRYNHESPWL,weaker,102.311903,PBD 385,Y,N,3,4,R,L,0.8517886814009027,Y,N,385,FALSE,0.9620320035959372,FALSE,110.716641,0.9240878523401013
SGRLWFVDWL,weaker,83.91366699999999,PBD 363,L,V,4,7,F,S,0.22386265428639965,L,V,363,FALSE,0.7381315366280661,FALSE,100.260289,0.8369581599749826
GGGRGPV*DYVVL,weaker,NA,PBD 250,G,*,5,8,Y,V,-0.03207455416676534,G,*,250,FALSE,0.40823475510954577,FALSE,94.087798,NA
RRTQHESPWL,no significant difference,102.311903,PBD 385,T,Q,3,4,R,L,0.927631048393787,T,Q,385,FALSE,0.9620320035959372,FALSE,110.716641,0.9240878523401013
RRYTHESPWL,weaker,102.693967,PBD 385,Y,T,3,4,R,L,0.910963047124374,Y,T,385,FALSE,0.9620320035959372,FALSE,110.716641,0.9275386795739224
GGGRGPVYDYVVL,weaker,79.97131800000001,PBD 250,G,Y,5,8,Y,V,-0.15531357221717232,G,Y,250,FALSE,0.40823475510954577,FALSE,94.087798,0.8499648169043132
RRIFHESPWL,weaker,104.98620199999999,PBD 385,I,F,3,4,R,L,0.9061956144387604,I,F,385,FALSE,0.9620320035959372,FALSE,110.716641,0.9482422971990272
RRTHHESPWL,weaker,102.693967,PBD 385,T,H,3,4,R,L,0.8755421120963907,T,H,385,FALSE,0.9620320035959372,FALSE,110.716641,0.9275386795739224
SGRLWF*DWL,weaker,NA,PBD 363,L,*,4,7,F,S,0.16304194820581636,L,*,363,FALSE,0.7381315366280661,FALSE,100.260289,NA
RRQKHESPWL,no significant difference,102.311903,PBD 385,Q,K,3,4,R,L,0.8973508928038578,Q,K,385,FALSE,0.9620320035959372,FALSE,110.716641,0.9240878523401013
RRTPHESPWL,weaker,103.076031,PBD 385,T,P,3,4,R,L,0.9012943814279976,T,P,385,FALSE,0.9620320035959372,FALSE,110.716641,0.9309895068077436
RRYRHESPWL,weaker,103.840159,PBD 385,Y,R,3,4,R,L,0.8859964251800354,Y,R,385,FALSE,0.9620320035959372,FALSE,110.716641,0.937891161275386
SGRLWFYDWL,weaker,84.424784,PBD 363,L,Y,4,7,F,S,0.20430913089441397,L,Y,363,FALSE,0.7381315366280661,FALSE,100.260289,0.8420560607001641
RRQNHESPWL,no significant difference,102.311903,PBD 385,Q,N,3,4,R,L,0.8521550459565157,Q,N,385,FALSE,0.9620320035959372,FALSE,110.716641,0.9240878523401013
RRYSHESPWL,weaker,103.840159,PBD 385,Y,S,3,4,R,L,0.9134739600125614,Y,S,385,FALSE,0.9620320035959372,FALSE,110.716641,0.937891161275386
GGGRGPVWDYVVL,weaker,79.97131800000001,PBD 250,G,W,5,8,Y,V,-0.24330920548487503,G,W,250,FALSE,0.40823475510954577,FALSE,94.087798,0.8499648169043132
RRQTHESPWL,weaker,102.693967,PBD 385,Q,T,3,4,R,L,0.8902374836287179,Q,T,385,FALSE,0.9620320035959372,FALSE,110.716641,0.9275386795739224
RRYMHESPWL,no significant difference,103.076031,PBD 385,Y,M,3,4,R,L,0.9629885868142706,Y,M,385,FALSE,0.9620320035959372,TRUE,110.716641,0.9309895068077436
GGGRGPVCDYVVL,weaker,79.97131800000001,PBD 250,G,C,5,8,Y,V,-0.125536943633068,G,C,250,FALSE,0.40823475510954577,FALSE,94.087798,0.8499648169043132
RRYIHESPWL,no significant difference,102.693967,PBD 385,Y,I,3,4,R,L,0.917574147123707,Y,I,385,FALSE,0.9620320035959372,FALSE,110.716641,0.9275386795739224
SGRLWFWDWL,weaker,83.91366699999999,PBD 363,L,W,4,7,F,S,0.3149944919477572,L,W,363,FALSE,0.7381315366280661,FALSE,100.260289,0.8369581599749826
RRQRHESPWL,weaker,103.840159,PBD 385,Q,R,3,4,R,L,0.8542594724591092,Q,R,385,FALSE,0.9620320035959372,FALSE,110.716641,0.937891161275386
RRYQHESPWL,no significant difference,102.311903,PBD 385,Y,Q,3,4,R,L,0.928587550229347,Y,Q,385,FALSE,0.9620320035959372,FALSE,110.716641,0.9240878523401013
SGRLWFCDWL,weaker,83.91366699999999,PBD 363,L,C,4,7,F,S,0.26581565568242116,L,C,363,FALSE,0.7381315366280661,FALSE,100.260289,0.8369581599749826
GGGRGPVFDYVVL,weaker,79.97131800000001,PBD 250,G,F,5,8,Y,V,-0.15650459525015994,G,F,250,FALSE,0.40823475510954577,FALSE,94.087798,0.8499648169043132
RRQSHESPWL,weaker,103.840159,PBD 385,Q,S,3,4,R,L,0.8786075332644905,Q,S,385,FALSE,0.9620320035959372,FALSE,110.716641,0.937891161275386
RRYHHESPWL,weaker,102.693967,PBD 385,Y,H,3,4,R,L,0.8560069733637571,Y,H,385,FALSE,0.9620320035959372,FALSE,110.716641,0.9275386795739224
RRQMHESPWL,no significant difference,103.076031,PBD 385,Q,M,3,4,R,L,0.9548736005971852,Q,M,385,FALSE,0.9620320035959372,FALSE,110.716641,0.9309895068077436
RRTEHESPWL,weaker,102.311903,PBD 385,T,E,3,4,R,L,0.9297686011741252,T,E,385,FALSE,0.9620320035959372,FALSE,110.716641,0.9240878523401013
RRYPHESPWL,weaker,103.076031,PBD 385,Y,P,3,4,R,L,0.9063914005202846,Y,P,385,FALSE,0.9620320035959372,FALSE,110.716641,0.9309895068077436
SGRLWFFDWL,weaker,83.91366699999999,PBD 363,L,F,4,7,F,S,0.36883145601773143,L,F,363,FALSE,0.7381315366280661,FALSE,100.260289,0.8369581599749826
RRQIHESPWL,weaker,102.693967,PBD 385,Q,I,3,4,R,L,0.9076380381830328,Q,I,385,FALSE,0.9620320035959372,FALSE,110.716641,0.9275386795739224
RRTDHESPWL,weaker,102.693967,PBD 385,T,D,3,4,R,L,0.8713108702806417,T,D,385,FALSE,0.9620320035959372,FALSE,110.716641,0.9275386795739224
SGRFWFKDWL,weaker,86.46015100000001,PBD 363,F,K,4,7,F,S,-0.16159048015222352,F,K,363,FALSE,0.7381315366280661,FALSE,100.260289,0.8623568898749135
RRQQHESPWL,no significant difference,102.311903,PBD 385,Q,Q,3,4,R,L,0.94961553016128,Q,Q,385,FALSE,0.9620320035959372,FALSE,110.716641,0.9240878523401013
SGRFWFNDWL,weaker,86.46015100000001,PBD 363,F,N,4,7,F,S,0.20723297970404583,F,N,363,FALSE,0.7381315366280661,FALSE,100.260289,0.8623568898749135
RRQHHESPWL,no significant difference,102.693967,PBD 385,Q,H,3,4,R,L,0.878951293384977,Q,H,385,FALSE,0.9620320035959372,FALSE,110.716641,0.9275386795739224
SGRFWFTDWL,no significant difference,92.08243,PBD 363,F,T,4,7,F,S,0.7569422351104189,F,T,363,FALSE,0.7381315366280661,TRUE,100.260289,0.9184337180595998
RRQPHESPWL,weaker,103.076031,PBD 385,Q,P,3,4,R,L,0.8969859368554045,Q,P,385,FALSE,0.9620320035959372,FALSE,110.716641,0.9309895068077436
RRYLHESPWL,no significant difference,107.278735,PBD 385,Y,L,3,4,R,L,0.949164519970327,Y,L,385,FALSE,0.9620320035959372,FALSE,110.716641,0.9689486063797763
DKPLPPFP,weaker,91.08491099999999,PBD 152,P,F,3,7,P,L,0.4591794105394441,P,F,152,FALSE,0.7613639068369705,FALSE,105.979591,0.8594570911299326
SGRFWFRDWL,weaker,86.46015100000001,PBD 363,F,R,4,7,F,S,0.05113009792913486,F,R,363,FALSE,0.7381315366280661,FALSE,100.260289,0.8623568898749135
RRYEHESPWL,no significant difference,102.311903,PBD 385,Y,E,3,4,R,L,0.9491290057719556,Y,E,385,FALSE,0.9620320035959372,FALSE,110.716641,0.9240878523401013
SGRFWFSDWL,no significant difference,100.260289,PBD 363,F,S,4,7,F,S,0.7381315366280661,F,S,363,TRUE,0.7381315366280661,TRUE,100.260289,1
RRYDHESPWL,no significant difference,102.693967,PBD 385,Y,D,3,4,R,L,0.9387598583390296,Y,D,385,FALSE,0.9620320035959372,FALSE,110.716641,0.9275386795739224
SGRFWFMDWL,weaker,86.46015100000001,PBD 363,F,M,4,7,F,S,0.29999778566071156,F,M,363,FALSE,0.7381315366280661,FALSE,100.260289,0.8623568898749135
RRQLHESPWL,no significant difference,107.278735,PBD 385,Q,L,3,4,R,L,0.971055311829116,Q,L,385,FALSE,0.9620320035959372,TRUE,110.716641,0.9689486063797763
RRYAHESPWL,no significant difference,102.311903,PBD 385,Y,A,3,4,R,L,0.9324424794182884,Y,A,385,FALSE,0.9620320035959372,FALSE,110.716641,0.9240878523401013
SGRFWFIDWL,weaker,86.46015100000001,PBD 363,F,I,4,7,F,S,0.1684857265167604,F,I,363,FALSE,0.7381315366280661,FALSE,100.260289,0.8623568898749135
SGRFWFQDWL,weaker,86.46015100000001,PBD 363,F,Q,4,7,F,S,0.1993290428201005,F,Q,363,FALSE,0.7381315366280661,FALSE,100.260289,0.8623568898749135
RRQEHESPWL,no significant difference,102.311903,PBD 385,Q,E,3,4,R,L,0.93336548695368,Q,E,385,FALSE,0.9620320035959372,FALSE,110.716641,0.9240878523401013
RRYGHESPWL,weaker,102.693967,PBD 385,Y,G,3,4,R,L,0.9007310209659206,Y,G,385,FALSE,0.9620320035959372,FALSE,110.716641,0.9275386795739224
SGRFWFHDWL,weaker,86.46015100000001,PBD 363,F,H,4,7,F,S,0.2766468537097562,F,H,363,FALSE,0.7381315366280661,FALSE,100.260289,0.8623568898749135
RRQDHESPWL,weaker,102.693967,PBD 385,Q,D,3,4,R,L,0.8844616955135066,Q,D,385,FALSE,0.9620320035959372,FALSE,110.716641,0.9275386795739224
SGRFWFPDWL,weaker,86.46015100000001,PBD 363,F,P,4,7,F,S,0.1674620169436163,F,P,363,FALSE,0.7381315366280661,FALSE,100.260289,0.8623568898749135
RRQAHESPWL,weaker,102.311903,PBD 385,Q,A,3,4,R,L,0.8591244078890021,Q,A,385,FALSE,0.9620320035959372,FALSE,110.716641,0.9240878523401013
RRYVHESPWL,weaker,102.693967,PBD 385,Y,V,3,4,R,L,0.9146628609553428,Y,V,385,FALSE,0.9620320035959372,FALSE,110.716641,0.9275386795739224
RRQGHESPWL,weaker,102.693967,PBD 385,Q,G,3,4,R,L,0.8896458979016639,Q,G,385,FALSE,0.9620320035959372,FALSE,110.716641,0.9275386795739224
RRY*HESPWL,weaker,NA,PBD 385,Y,*,3,4,R,L,0.3581166988380346,Y,*,385,FALSE,0.9620320035959372,FALSE,110.716641,NA
RRYYHESPWL,no significant difference,102.311903,PBD 385,Y,Y,3,4,R,L,0.9241336532082236,Y,Y,385,FALSE,0.9620320035959372,FALSE,110.716641,0.9240878523401013
SGRFWFLDWL,weaker,86.46015100000001,PBD 363,F,L,4,7,F,S,0.17110812542729287,F,L,363,FALSE,0.7381315366280661,FALSE,100.260289,0.8623568898749135
RRQVHESPWL,weaker,102.693967,PBD 385,Q,V,3,4,R,L,0.9346468216889064,Q,V,385,FALSE,0.9620320035959372,FALSE,110.716641,0.9275386795739224
SGRFWFEDWL,weaker,86.46015100000001,PBD 363,F,E,4,7,F,S,0.2457087452574541,F,E,363,FALSE,0.7381315366280661,FALSE,100.260289,0.8623568898749135
RRQ*HESPWL,weaker,NA,PBD 385,Q,*,3,4,R,L,0.39872738414336,Q,*,385,FALSE,0.9620320035959372,FALSE,110.716641,NA
RRYWHESPWL,weaker,103.076031,PBD 385,Y,W,3,4,R,L,0.9060568549039104,Y,W,385,FALSE,0.9620320035959372,FALSE,110.716641,0.9309895068077436
SGRFWFDDWL,weaker,86.46015100000001,PBD 363,F,D,4,7,F,S,0.3379090210552145,F,D,363,FALSE,0.7381315366280661,FALSE,100.260289,0.8623568898749135
RRQYHESPWL,no significant difference,102.311903,PBD 385,Q,Y,3,4,R,L,0.9194635011747708,Q,Y,385,FALSE,0.9620320035959372,FALSE,110.716641,0.9240878523401013
RRYCHESPWL,weaker,103.076031,PBD 385,Y,C,3,4,R,L,0.9028101531079332,Y,C,385,FALSE,0.9620320035959372,FALSE,110.716641,0.9309895068077436
SGRFWFADWL,weaker,86.46015100000001,PBD 363,F,A,4,7,F,S,0.14584518276470132,F,A,363,FALSE,0.7381315366280661,FALSE,100.260289,0.8623568898749135
RRYFHESPWL,weaker,104.222223,PBD 385,Y,F,3,4,R,L,0.9068193694639762,Y,F,385,FALSE,0.9620320035959372,FALSE,110.716641,0.941341988509207
SGRFWFGDWL,weaker,86.46015100000001,PBD 363,F,G,4,7,F,S,0.19372254570007885,F,G,363,FALSE,0.7381315366280661,FALSE,100.260289,0.8623568898749135
RRQWHESPWL,weaker,103.076031,PBD 385,Q,W,3,4,R,L,0.9146769931128956,Q,W,385,FALSE,0.9620320035959372,FALSE,110.716641,0.9309895068077436
RRQCHESPWL,weaker,103.076031,PBD 385,Q,C,3,4,R,L,0.899880443338335,Q,C,385,FALSE,0.9620320035959372,FALSE,110.716641,0.9309895068077436
SGRFWFVDWL,weaker,86.46015100000001,PBD 363,F,V,4,7,F,S,0.10996299826030584,F,V,363,FALSE,0.7381315366280661,FALSE,100.260289,0.8623568898749135
RRQFHESPWL,no significant difference,104.222223,PBD 385,Q,F,3,4,R,L,0.9141452729223044,Q,F,385,FALSE,0.9620320035959372,FALSE,110.716641,0.941341988509207
SGRFWF*DWL,weaker,NA,PBD 363,F,*,4,7,F,S,0.14676325745914717,F,*,363,FALSE,0.7381315366280661,FALSE,100.260289,NA
RRHKHESPWL,weaker,102.311903,PBD 385,H,K,3,4,R,L,0.864759314575641,H,K,385,FALSE,0.9620320035959372,FALSE,110.716641,0.9240878523401013
SGRFWFYDWL,weaker,86.971268,PBD 363,F,Y,4,7,F,S,0.2742046836113634,F,Y,363,FALSE,0.7381315366280661,FALSE,100.260289,0.8674547906000949
RRHNHESPWL,no significant difference,102.311903,PBD 385,H,N,3,4,R,L,0.8657374827772907,H,N,385,FALSE,0.9620320035959372,FALSE,110.716641,0.9240878523401013
RRHTHESPWL,weaker,102.693967,PBD 385,H,T,3,4,R,L,0.8809254206870807,H,T,385,FALSE,0.9620320035959372,FALSE,110.716641,0.9275386795739224
SGRFWFWDWL,weaker,86.46015100000001,PBD 363,F,W,4,7,F,S,0.2727374415244703,F,W,363,FALSE,0.7381315366280661,FALSE,100.260289,0.8623568898749135
RRHRHESPWL,weaker,103.840159,PBD 385,H,R,3,4,R,L,0.8599818461912901,H,R,385,FALSE,0.9620320035959372,FALSE,110.716641,0.937891161275386
SGRFWFCDWL,weaker,86.46015100000001,PBD 363,F,C,4,7,F,S,0.20508322134287377,F,C,363,FALSE,0.7381315366280661,FALSE,100.260289,0.8623568898749135
GGGRVPVKDYVVL,weaker,81.37504700000001,PBD 250,V,K,5,8,Y,V,-0.1403380126329018,V,K,250,FALSE,0.40823475510954577,FALSE,94.087798,0.864884169145929
RRHSHESPWL,weaker,103.840159,PBD 385,H,S,3,4,R,L,0.8779013518063242,H,S,385,FALSE,0.9620320035959372,FALSE,110.716641,0.937891161275386
GGGRVPVNDYVVL,weaker,81.29849600000001,PBD 250,V,N,5,8,Y,V,-0.04035085844272894,V,N,250,FALSE,0.40823475510954577,FALSE,94.087798,0.8640705567368046
RRHMHESPWL,no significant difference,103.076031,PBD 385,H,M,3,4,R,L,0.9868380196176416,H,M,385,FALSE,0.9620320035959372,TRUE,110.716641,0.9309895068077436
SGRFWFFDWL,weaker,86.46015100000001,PBD 363,F,F,4,7,F,S,0.3801181211601138,F,F,363,FALSE,0.7381315366280661,FALSE,100.260289,0.8623568898749135
GGGRVPVTDYVVL,weaker,82.659547,PBD 250,V,T,5,8,Y,V,-0.0632928666950367,V,T,250,FALSE,0.40823475510954577,FALSE,94.087798,0.8785363113716403
RRHIHESPWL,no significant difference,102.693967,PBD 385,H,I,3,4,R,L,0.9370102133662762,H,I,385,FALSE,0.9620320035959372,FALSE,110.716641,0.9275386795739224
WFPAVDSLAPMP,no significant difference,NA,reference,NA,NA,NA,NA,NA,NA,0,NA,NA,reference,FALSE,NA,NA,NA,NA
RRHQHESPWL,weaker,102.311903,PBD 385,H,Q,3,4,R,L,0.905761720984635,H,Q,385,FALSE,0.9620320035959372,FALSE,110.716641,0.9240878523401013
WFPLVDYLVHIS,no significant difference,NA,reference,NA,NA,NA,NA,NA,NA,0.25992954362608145,NA,NA,reference,FALSE,NA,NA,NA,NA
GGGRVPVRDYVVL,weaker,82.70615000000001,PBD 250,V,R,5,8,Y,V,0.01878222743119971,V,R,250,FALSE,0.40823475510954577,FALSE,94.087798,0.879031625333606
RRHHHESPWL,no significant difference,102.693967,PBD 385,H,H,3,4,R,L,0.8348830021870386,H,H,385,FALSE,0.9620320035959372,FALSE,110.716641,0.9275386795739224
GLLISRLEPSVPVL,weaker,68.859912,PBD 299,I,E,4,8,W,A,-0.1320960277416263,I,E,299,FALSE,0.5127966435225048,FALSE,90.17911,0.7635905033882016
GLL*SRLGPSVPVL,weaker,NA,PBD 299,*,G,4,8,W,A,-0.06691973835081566,*,G,299,FALSE,0.5127966435225048,FALSE,90.17911,NA
GGGRVPVSDYVVL,weaker,81.736547,PBD 250,V,S,5,8,Y,V,-0.07578836644353465,V,S,250,FALSE,0.40823475510954577,FALSE,94.087798,0.8687263251713043
RRHPHESPWL,weaker,103.076031,PBD 385,H,P,3,4,R,L,0.8974903868814101,H,P,385,FALSE,0.9620320035959372,FALSE,110.716641,0.9309895068077436
GLLISRLDPSVPVL,weaker,68.859912,PBD 299,I,D,4,8,W,A,-0.03376461863704071,I,D,299,FALSE,0.5127966435225048,FALSE,90.17911,0.7635905033882016
GGGRVPVMDYVVL,weaker,81.610579,PBD 250,V,M,5,8,Y,V,0.00457273631398342,V,M,250,FALSE,0.40823475510954577,FALSE,94.087798,0.8673874905649296
GLLISRLAPSVPVL,weaker,81.567962,PBD 299,I,A,4,8,W,A,0.19792739622421557,I,A,299,FALSE,0.5127966435225048,FALSE,90.17911,0.9045106122692939
GLL*SRLVPSVPVL,weaker,NA,PBD 299,*,V,4,8,W,A,0.02526540011069785,*,V,299,FALSE,0.5127966435225048,FALSE,90.17911,NA
GGGRVPVIDYVVL,weaker,83.87583400000001,PBD 250,V,I,5,8,Y,V,0.07620010568411963,V,I,250,FALSE,0.40823475510954577,FALSE,94.087798,0.8914634605435234
GGGRVPVQDYVVL,weaker,81.509111,PBD 250,V,Q,5,8,Y,V,0.0149874051170903,V,Q,250,FALSE,0.40823475510954577,FALSE,94.087798,0.8663090510418789
GLLISRLGPSVPVL,weaker,69.006947,PBD 299,I,G,4,8,W,A,-0.21681870775485107,I,G,299,FALSE,0.5127966435225048,FALSE,90.17911,0.7652209807792515
GLL*SRL*PSVPVL,weaker,NA,PBD 299,*,*,4,8,W,A,0.13194752857530367,*,*,299,FALSE,0.5127966435225048,FALSE,90.17911,NA
GGGRVPVHDYVVL,weaker,81.317603,PBD 250,V,H,5,8,Y,V,-0.02925722856963519,V,H,250,FALSE,0.40823475510954577,FALSE,94.087798,0.8642736330166851
RRHLHESPWL,no significant difference,107.278735,PBD 385,H,L,3,4,R,L,0.9696112571767426,H,L,385,FALSE,0.9620320035959372,TRUE,110.716641,0.9689486063797763
GLL*SRLYPSVPVL,weaker,NA,PBD 299,*,Y,4,8,W,A,-0.1590926211764293,*,Y,299,FALSE,0.5127966435225048,FALSE,90.17911,NA
GGGRVPVPDYVVL,weaker,82.575838,PBD 250,V,P,5,8,Y,V,0.13088793046444383,V,P,250,FALSE,0.40823475510954577,FALSE,94.087798,0.8776466210847021
GLLISRLVPSVPVL,weaker,69.34302799999999,PBD 299,I,V,4,8,W,A,-0.13347595039537596,I,V,299,FALSE,0.5127966435225048,FALSE,90.17911,0.7689477973335509
GLL*SRLSPSVPVL,weaker,NA,PBD 299,*,S,4,8,W,A,-0.00904945969717308,*,S,299,FALSE,0.5127966435225048,FALSE,90.17911,NA
RRHEHESPWL,no significant difference,102.311903,PBD 385,H,E,3,4,R,L,0.8868557284004106,H,E,385,FALSE,0.9620320035959372,FALSE,110.716641,0.9240878523401013
RRHDHESPWL,no significant difference,102.693967,PBD 385,H,D,3,4,R,L,0.9077148619417892,H,D,385,FALSE,0.9620320035959372,FALSE,110.716641,0.9275386795739224
GLLISRL*PSVPVL,weaker,NA,PBD 299,I,*,4,8,W,A,-0.21933086902628487,I,*,299,FALSE,0.5127966435225048,FALSE,90.17911,NA
GLL*SRLWPSVPVL,weaker,NA,PBD 299,*,W,4,8,W,A,0.02158418752730178,*,W,299,FALSE,0.5127966435225048,FALSE,90.17911,NA
GGGRVPVLDYVVL,weaker,81.445536,PBD 250,V,L,5,8,Y,V,-0.13880255476979558,V,L,250,FALSE,0.40823475510954577,FALSE,94.087798,0.8656333523715796
RRHAHESPWL,weaker,102.311903,PBD 385,H,A,3,4,R,L,0.9010514299858736,H,A,385,FALSE,0.9620320035959372,FALSE,110.716641,0.9240878523401013
GLLISRLYPSVPVL,weaker,68.81790099999999,PBD 299,I,Y,4,8,W,A,-0.18495356183503045,I,Y,299,FALSE,0.5127966435225048,FALSE,90.17911,0.7631246416160017
GLL*SRLCPSVPVL,weaker,NA,PBD 299,*,C,4,8,W,A,-0.0973738243719854,*,C,299,FALSE,0.5127966435225048,FALSE,90.17911,NA
GLLISRLSPSVPVL,weaker,68.94393199999999,PBD 299,I,S,4,8,W,A,-0.13128888131546515,I,S,299,FALSE,0.5127966435225048,FALSE,90.17911,0.7645222047545157
GLL*SRLLPSVPVL,weaker,NA,PBD 299,*,L,4,8,W,A,-0.02941536421049008,*,L,299,FALSE,0.5127966435225048,FALSE,90.17911,NA
GGGRVPVEDYVVL,weaker,81.669998,PBD 250,V,E,5,8,Y,V,0.07689826534949143,V,E,250,FALSE,0.40823475510954577,FALSE,94.087798,0.8680190177264007
RRHGHESPWL,weaker,102.693967,PBD 385,H,G,3,4,R,L,0.890675537227614,H,G,385,FALSE,0.9620320035959372,FALSE,110.716641,0.9275386795739224
GLL*SRLFPSVPVL,weaker,NA,PBD 299,*,F,4,8,W,A,-0.0742780218418897,*,F,299,FALSE,0.5127966435225048,FALSE,90.17911,NA
GGGRVPVDDYVVL,weaker,81.31764500000001,PBD 250,V,D,5,8,Y,V,-0.170643623977487,V,D,250,FALSE,0.40823475510954577,FALSE,94.087798,0.8642740794082566
GLLISRLWPSVPVL,weaker,68.859912,PBD 299,I,W,4,8,W,A,-0.14263306178126908,I,W,299,FALSE,0.5127966435225048,FALSE,90.17911,0.7635905033882016
GLLYSRLKPSVPVL,weaker,71.59027099999999,PBD 299,Y,K,4,8,W,A,-0.10975325911862326,Y,K,299,FALSE,0.5127966435225048,FALSE,90.17911,0.7938675708819924
GGGRVPVADYVVL,weaker,84.90749100000001,PBD 250,V,A,5,8,Y,V,0.00936522709772953,V,A,250,FALSE,0.40823475510954577,FALSE,94.087798,0.9024282936242168
RRHVHESPWL,no significant difference,102.693967,PBD 385,H,V,3,4,R,L,0.908477538531892,H,V,385,FALSE,0.9620320035959372,FALSE,110.716641,0.9275386795739224
GLLISRLCPSVPVL,weaker,68.81790099999999,PBD 299,I,C,4,8,W,A,0.03404368895364895,I,C,299,FALSE,0.5127966435225048,FALSE,90.17911,0.7631246416160017
GLLYSRLNPSVPVL,weaker,71.61127699999999,PBD 299,Y,N,4,8,W,A,0.11756350005662455,Y,N,299,FALSE,0.5127966435225048,FALSE,90.17911,0.7941005073126136
GLLISRLLPSVPVL,weaker,73.565041,PBD 299,I,L,4,8,W,A,-0.1225384133461292,I,L,299,FALSE,0.5127966435225048,FALSE,90.17911,0.8157658797031818
GLLYSRLTPSVPVL,weaker,71.73730699999999,PBD 299,Y,T,4,8,W,A,-0.09779903999582548,Y,T,299,FALSE,0.5127966435225048,FALSE,90.17911,0.795498059362085
GGGRVPVGDYVVL,weaker,81.41613000000001,PBD 250,V,G,5,8,Y,V,-0.16437713056643258,V,G,250,FALSE,0.40823475510954577,FALSE,94.087798,0.8653208145013661
RRH*HESPWL,weaker,NA,PBD 385,H,*,3,4,R,L,0.47826023663444733,H,*,385,FALSE,0.9620320035959372,FALSE,110.716641,NA
GLLISRLFPSVPVL,weaker,68.859912,PBD 299,I,F,4,8,W,A,-0.2355925765864641,I,F,299,FALSE,0.5127966435225048,FALSE,90.17911,0.7635905033882016
RRHYHESPWL,no significant difference,102.311903,PBD 385,H,Y,3,4,R,L,0.9089745846096714,H,Y,385,FALSE,0.9620320035959372,FALSE,110.716641,0.9240878523401013
GLLQSRLKPSVPVL,weaker,68.54486499999999,PBD 299,Q,K,4,8,W,A,0.14879782267560385,Q,K,299,FALSE,0.5127966435225048,FALSE,90.17911,0.7600969337577183
GLLYSRLRPSVPVL,weaker,71.695297,PBD 299,Y,R,4,8,W,A,-0.08701795664492362,Y,R,299,FALSE,0.5127966435225048,FALSE,90.17911,0.795032208678928
GGGRVPVVDYVVL,weaker,89.34962100000001,PBD 250,V,V,5,8,Y,V,5.664549265053456e-4,V,V,250,FALSE,0.40823475510954577,FALSE,94.087798,0.9496408981747028
GLLQSRLNPSVPVL,weaker,68.56587099999999,PBD 299,Q,N,4,8,W,A,-5.5615058817449936e-5,Q,N,299,FALSE,0.5127966435225048,FALSE,90.17911,0.7603298701883395
GLLYSRLSPSVPVL,weaker,71.71630199999998,PBD 299,Y,S,4,8,W,A,0.02290310308982873,Y,S,299,FALSE,0.5127966435225048,FALSE,90.17911,0.7952651340205064
GLLQSRLTPSVPVL,weaker,68.69190099999999,PBD 299,Q,T,4,8,W,A,0.08917168128663122,Q,T,299,FALSE,0.5127966435225048,FALSE,90.17911,0.7617274222378109
GLLYSRLMPSVPVL,weaker,71.695297,PBD 299,Y,M,4,8,W,A,-0.19800769961254852,Y,M,299,FALSE,0.5127966435225048,FALSE,90.17911,0.795032208678928
GGGRVPV*DYVVL,weaker,NA,PBD 250,V,*,5,8,Y,V,-0.02957528016359582,V,*,250,FALSE,0.40823475510954577,FALSE,94.087798,NA
RRHWHESPWL,weaker,103.076031,PBD 385,H,W,3,4,R,L,0.8984599068398831,H,W,385,FALSE,0.9620320035959372,FALSE,110.716641,0.9309895068077436
GLLYSRLIPSVPVL,weaker,71.63228199999999,PBD 299,Y,I,4,8,W,A,-0.21402005397224777,Y,I,299,FALSE,0.5127966435225048,FALSE,90.17911,0.7943334326541922
GGGRVPVYDYVVL,weaker,81.29849600000001,PBD 250,V,Y,5,8,Y,V,-0.209564882709974,V,Y,250,FALSE,0.40823475510954577,FALSE,94.087798,0.8640705567368046
RRHCHESPWL,weaker,103.076031,PBD 385,H,C,3,4,R,L,0.886607990516886,H,C,385,FALSE,0.9620320035959372,FALSE,110.716641,0.9309895068077436
GLLQSRLRPSVPVL,weaker,68.649891,PBD 299,Q,R,4,8,W,A,-0.11015546607327524,Q,R,299,FALSE,0.5127966435225048,FALSE,90.17911,0.7612615715546539
GLLYSRLQPSVPVL,weaker,71.59027099999999,PBD 299,Y,Q,4,8,W,A,-0.05474545692152691,Y,Q,299,FALSE,0.5127966435225048,FALSE,90.17911,0.7938675708819924
GLLQSRLSPSVPVL,weaker,68.670896,PBD 299,Q,S,4,8,W,A,0.00838910726285988,Q,S,299,FALSE,0.5127966435225048,FALSE,90.17911,0.7614944968962324
GLLYSRLHPSVPVL,weaker,71.61127699999999,PBD 299,Y,H,4,8,W,A,-0.11956671625957012,Y,H,299,FALSE,0.5127966435225048,FALSE,90.17911,0.7941005073126136
RRHFHESPWL,no significant difference,104.222223,PBD 385,H,F,3,4,R,L,0.913381229224844,H,F,385,FALSE,0.9620320035959372,FALSE,110.716641,0.941341988509207
GLLQSRLMPSVPVL,weaker,68.649891,PBD 299,Q,M,4,8,W,A,-0.07202021934967612,Q,M,299,FALSE,0.5127966435225048,FALSE,90.17911,0.7612615715546539
GLLYSRLPPSVPVL,weaker,72.598514,PBD 299,Y,P,4,8,W,A,0.3612352711607685,Y,P,299,FALSE,0.5127966435225048,FALSE,90.17911,0.8050480205448911
GGGRVPVWDYVVL,weaker,81.29849600000001,PBD 250,V,W,5,8,Y,V,-0.08371726243845307,V,W,250,FALSE,0.40823475510954577,FALSE,94.087798,0.8640705567368046
RRPKHESPWL,weaker,103.07588199999999,PBD 385,P,K,3,4,R,L,0.8483606886805353,P,K,385,FALSE,0.9620320035959372,FALSE,110.716641,0.9309881610299214
GLLQSRLIPSVPVL,weaker,68.58687599999999,PBD 299,Q,I,4,8,W,A,-0.04980749516592581,Q,I,299,FALSE,0.5127966435225048,FALSE,90.17911,0.7605627955299181
GGGRVPVCDYVVL,weaker,81.29849600000001,PBD 250,V,C,5,8,Y,V,-0.07967410126783425,V,C,250,FALSE,0.40823475510954577,FALSE,94.087798,0.8640705567368046
RRPNHESPWL,weaker,103.07588199999999,PBD 385,P,N,3,4,R,L,0.8803226132627284,P,N,385,FALSE,0.9620320035959372,FALSE,110.716641,0.9309881610299214
GLLQSRLQPSVPVL,weaker,68.54486499999999,PBD 299,Q,Q,4,8,W,A,0.071428918330359,Q,Q,299,FALSE,0.5127966435225048,FALSE,90.17911,0.7600969337577183
RRPTHESPWL,weaker,103.45794599999999,PBD 385,P,T,3,4,R,L,0.9186472259558542,P,T,385,FALSE,0.9620320035959372,FALSE,110.716641,0.9344389882637425
GLLQSRLHPSVPVL,weaker,68.56587099999999,PBD 299,Q,H,4,8,W,A,0.0578144485557838,Q,H,299,FALSE,0.5127966435225048,FALSE,90.17911,0.7603298701883395
GGGRVPVFDYVVL,weaker,81.29849600000001,PBD 250,V,F,5,8,Y,V,-0.17943814379321843,V,F,250,FALSE,0.40823475510954577,FALSE,94.087798,0.8640705567368046
RRPRHESPWL,weaker,104.60413799999999,PBD 385,P,R,3,4,R,L,0.8904855669348676,P,R,385,FALSE,0.9620320035959372,FALSE,110.716641,0.944791469965206
GLLQSRLPPSVPVL,weaker,69.553108,PBD 299,Q,P,4,8,W,A,0.07256750997773384,Q,P,299,FALSE,0.5127966435225048,FALSE,90.17911,0.771277383420617
GLLYSRLLPSVPVL,weaker,76.33741099999999,PBD 299,Y,L,4,8,W,A,-0.1246898381525378,Y,L,299,FALSE,0.5127966435225048,FALSE,90.17911,0.8465088089691725
RRPSHESPWL,weaker,104.60413799999999,PBD 385,P,S,3,4,R,L,0.8995699285196812,P,S,385,FALSE,0.9620320035959372,FALSE,110.716641,0.944791469965206
RRPMHESPWL,no significant difference,103.84000999999999,PBD 385,P,M,3,4,R,L,0.9348887721068996,P,M,385,FALSE,0.9620320035959372,FALSE,110.716641,0.9378898154975637
GLLYSRLEPSVPVL,weaker,71.63228199999999,PBD 299,Y,E,4,8,W,A,-0.1979734851089433,Y,E,299,FALSE,0.5127966435225048,FALSE,90.17911,0.7943334326541922
RRPIHESPWL,weaker,103.45794599999999,PBD 385,P,I,3,4,R,L,0.9071422990129936,P,I,385,FALSE,0.9620320035959372,FALSE,110.716641,0.9344389882637425
GLLYSRLDPSVPVL,weaker,71.63228199999999,PBD 299,Y,D,4,8,W,A,-0.1872971024823415,Y,D,299,FALSE,0.5127966435225048,FALSE,90.17911,0.7943334326541922
DKLLPPKP,weaker,80.554495,PBD 152,L,K,3,7,P,L,0.28849667972108956,L,K,152,FALSE,0.7613639068369705,FALSE,105.979591,0.7600944128950262
RRPQHESPWL,weaker,103.07588199999999,PBD 385,P,Q,3,4,R,L,0.9082643221147036,P,Q,385,FALSE,0.9620320035959372,FALSE,110.716641,0.9309881610299214
GLLQSRLLPSVPVL,weaker,73.29200499999999,PBD 299,Q,L,4,8,W,A,-0.03620791870754614,Q,L,299,FALSE,0.5127966435225048,FALSE,90.17911,0.8127381718448984
GLLYSRLAPSVPVL,no significant difference,84.34033199999999,PBD 299,Y,A,4,8,W,A,0.5359930084840231,Y,A,299,FALSE,0.5127966435225048,TRUE,90.17911,0.9352535415352845
DKLLPPNP,weaker,80.554495,PBD 152,L,N,3,7,P,L,0.2007582262401571,L,N,152,FALSE,0.7613639068369705,FALSE,105.979591,0.7600944128950262
RRPHHESPWL,weaker,103.45794599999999,PBD 385,P,H,3,4,R,L,0.8578316693575909,P,H,385,FALSE,0.9620320035959372,FALSE,110.716641,0.9344389882637425
DKLLPPTP,weaker,81.027342,PBD 152,L,T,3,7,P,L,0.4270193575240683,L,T,152,FALSE,0.7613639068369705,FALSE,105.979591,0.7645560926914693
RRPPHESPWL,weaker,103.84000999999999,PBD 385,P,P,3,4,R,L,0.9140611390030464,P,P,385,FALSE,0.9620320035959372,FALSE,110.716641,0.9378898154975637
GLLQSRLEPSVPVL,weaker,68.58687599999999,PBD 299,Q,E,4,8,W,A,0.00348417970838787,Q,E,299,FALSE,0.5127966435225048,FALSE,90.17911,0.7605627955299181
GLLYSRLGPSVPVL,weaker,71.77931699999999,PBD 299,Y,G,4,8,W,A,-0.16985196360381838,Y,G,299,FALSE,0.5127966435225048,FALSE,90.17911,0.7959639100452421
GLLQSRLDPSVPVL,weaker,68.58687599999999,PBD 299,Q,D,4,8,W,A,0.02844926926200537,Q,D,299,FALSE,0.5127966435225048,FALSE,90.17911,0.7605627955299181
DKLLPPRP,weaker,80.554495,PBD 152,L,R,3,7,P,L,0.29455741112403866,L,R,152,FALSE,0.7613639068369705,FALSE,105.979591,0.7600944128950262
GLLQSRLAPSVPVL,weaker,81.29492599999999,PBD 299,Q,A,4,8,W,A,0.02654756639012103,Q,A,299,FALSE,0.5127966435225048,FALSE,90.17911,0.9014829044110104
GLLYSRLVPSVPVL,weaker,72.11539799999998,PBD 299,Y,V,4,8,W,A,-0.2338662905609702,Y,V,299,FALSE,0.5127966435225048,FALSE,90.17911,0.7996907265995417
DKLLPPSP,weaker,80.554495,PBD 152,L,S,3,7,P,L,0.21307684357665768,L,S,152,FALSE,0.7613639068369705,FALSE,105.979591,0.7600944128950262
DKLLPPMP,weaker,80.554495,PBD 152,L,M,3,7,P,L,0.2648639562785513,L,M,152,FALSE,0.7613639068369705,FALSE,105.979591,0.7600944128950262
RRPLHESPWL,no significant difference,108.04271399999999,PBD 385,P,L,3,4,R,L,0.9794043173845376,P,L,385,FALSE,0.9620320035959372,TRUE,110.716641,0.9758489150695964
GLLQSRLGPSVPVL,weaker,68.73391099999999,PBD 299,Q,G,4,8,W,A,-0.02297842005313827,Q,G,299,FALSE,0.5127966435225048,FALSE,90.17911,0.7621932729209681
GLLYSRL*PSVPVL,weaker,NA,PBD 299,Y,*,4,8,W,A,-0.1031996752210292,Y,*,299,FALSE,0.5127966435225048,FALSE,90.17911,NA
DKLLPPIP,weaker,81.973036,PBD 152,L,I,3,7,P,L,0.40338824507270954,L,I,152,FALSE,0.7613639068369705,FALSE,105.979591,0.7734794522843553
GLLYSRLYPSVPVL,weaker,71.59027099999999,PBD 299,Y,Y,4,8,W,A,-0.18136181290561376,Y,Y,299,FALSE,0.5127966435225048,FALSE,90.17911,0.7938675708819924
DKLLPPQP,weaker,80.554495,PBD 152,L,Q,3,7,P,L,0.23030620518376105,L,Q,152,FALSE,0.7613639068369705,FALSE,105.979591,0.7600944128950262
RRPEHESPWL,no significant difference,103.07588199999999,PBD 385,P,E,3,4,R,L,0.9211966241771924,P,E,385,FALSE,0.9620320035959372,FALSE,110.716641,0.9309881610299214
GLLQSRLVPSVPVL,weaker,69.069992,PBD 299,Q,V,4,8,W,A,-0.17868641658313045,Q,V,299,FALSE,0.5127966435225048,FALSE,90.17911,0.7659200894752677
DKLLPPHP,weaker,80.554495,PBD 152,L,H,3,7,P,L,0.31231117881444426,L,H,152,FALSE,0.7613639068369705,FALSE,105.979591,0.7600944128950262
RRPDHESPWL,no significant difference,103.45794599999999,PBD 385,P,D,3,4,R,L,0.8687390138848803,P,D,385,FALSE,0.9620320035959372,FALSE,110.716641,0.9344389882637425
DKLLPPPP,weaker,81.027342,PBD 152,L,P,3,7,P,L,0.39874761602010655,L,P,152,FALSE,0.7613639068369705,FALSE,105.979591,0.7645560926914693
RRPAHESPWL,weaker,103.07588199999999,PBD 385,P,A,3,4,R,L,0.887079041849589,P,A,385,FALSE,0.9620320035959372,FALSE,110.716641,0.9309881610299214
GLLQSRL*PSVPVL,weaker,NA,PBD 299,Q,*,4,8,W,A,-0.02633764020987889,Q,*,299,FALSE,0.5127966435225048,FALSE,90.17911,NA
GLLYSRLWPSVPVL,weaker,71.63228199999999,PBD 299,Y,W,4,8,W,A,-0.09305979535005246,Y,W,299,FALSE,0.5127966435225048,FALSE,90.17911,0.7943334326541922
GLLQSRLYPSVPVL,weaker,68.54486499999999,PBD 299,Q,Y,4,8,W,A,0.03968213676794376,Q,Y,299,FALSE,0.5127966435225048,FALSE,90.17911,0.7600969337577183
GLLYSRLCPSVPVL,weaker,71.59027099999999,PBD 299,Y,C,4,8,W,A,-0.2438634561946538,Y,C,299,FALSE,0.5127966435225048,FALSE,90.17911,0.7938675708819924
RRPGHESPWL,weaker,103.45794599999999,PBD 385,P,G,3,4,R,L,0.8861421964014919,P,G,385,FALSE,0.9620320035959372,FALSE,110.716641,0.9344389882637425
DKLLPPLP,weaker,95.449175,PBD 152,L,L,3,7,P,L,0.4560744847825219,L,L,152,FALSE,0.7613639068369705,FALSE,105.979591,0.9006373217650934
GLLYSRLFPSVPVL,weaker,71.63228199999999,PBD 299,Y,F,4,8,W,A,-0.09933805437787745,Y,F,299,FALSE,0.5127966435225048,FALSE,90.17911,0.7943334326541922
RRPVHESPWL,no significant difference,103.45794599999999,PBD 385,P,V,3,4,R,L,0.934494904605968,P,V,385,FALSE,0.9620320035959372,FALSE,110.716641,0.9344389882637425
GLLQSRLWPSVPVL,weaker,68.58687599999999,PBD 299,Q,W,4,8,W,A,-0.17390835006027278,Q,W,299,FALSE,0.5127966435225048,FALSE,90.17911,0.7605627955299181
GLLSSRLKPSVPVL,weaker,68.73388999999999,PBD 299,S,K,4,8,W,A,-0.0978020168745764,S,K,299,FALSE,0.5127966435225048,FALSE,90.17911,0.7621930400510716
DKLLPPEP,weaker,80.554495,PBD 152,L,E,3,7,P,L,0.27943643720411004,L,E,152,FALSE,0.7613639068369705,FALSE,105.979591,0.7600944128950262
GLLQSRLCPSVPVL,weaker,68.54486499999999,PBD 299,Q,C,4,8,W,A,-0.01987269191929423,Q,C,299,FALSE,0.5127966435225048,FALSE,90.17911,0.7600969337577183
GLLSSRLNPSVPVL,weaker,68.75489599999999,PBD 299,S,N,4,8,W,A,-0.07683158880129459,S,N,299,FALSE,0.5127966435225048,FALSE,90.17911,0.7624259764816929
DKLLPPDP,weaker,80.554495,PBD 152,L,D,3,7,P,L,0.2357401456563978,L,D,152,FALSE,0.7613639068369705,FALSE,105.979591,0.7600944128950262
RRP*HESPWL,weaker,NA,PBD 385,P,*,3,4,R,L,0.25667833272250357,P,*,385,FALSE,0.9620320035959372,FALSE,110.716641,NA
GLLSSRLTPSVPVL,weaker,68.88092599999999,PBD 299,S,T,4,8,W,A,-0.02422557574520849,S,T,299,FALSE,0.5127966435225048,FALSE,90.17911,0.7638235285311642
DKLLPPAP,weaker,80.554495,PBD 152,L,A,3,7,P,L,0.3155844359906695,L,A,152,FALSE,0.7613639068369705,FALSE,105.979591,0.7600944128950262
RRPYHESPWL,no significant difference,103.07588199999999,PBD 385,P,Y,3,4,R,L,0.941997273675909,P,Y,385,FALSE,0.9620320035959372,FALSE,110.716641,0.9309881610299214
GLLQSRLFPSVPVL,weaker,68.58687599999999,PBD 299,Q,F,4,8,W,A,-0.06791554698713402,Q,F,299,FALSE,0.5127966435225048,FALSE,90.17911,0.7605627955299181
GLLHSRLKPSVPVL,weaker,68.54486499999999,PBD 299,H,K,4,8,W,A,-0.1590926211764293,H,K,299,FALSE,0.5127966435225048,FALSE,90.17911,0.7600969337577183
GLLSSRLRPSVPVL,weaker,68.83891599999998,PBD 299,S,R,4,8,W,A,-0.09637849754177574,S,R,299,FALSE,0.5127966435225048,FALSE,90.17911,0.763357677848007
DKLLPPGP,weaker,80.554495,PBD 152,L,G,3,7,P,L,0.20660926867603924,L,G,152,FALSE,0.7613639068369705,FALSE,105.979591,0.7600944128950262
GLLHSRLNPSVPVL,weaker,68.56587099999999,PBD 299,H,N,4,8,W,A,-0.07524983576476535,H,N,299,FALSE,0.5127966435225048,FALSE,90.17911,0.7603298701883395
GLLSSRLSPSVPVL,weaker,68.85992099999999,PBD 299,S,S,4,8,W,A,-0.08928162818548674,S,S,299,FALSE,0.5127966435225048,FALSE,90.17911,0.7635906031895856
RRPWHESPWL,weaker,103.84000999999999,PBD 385,P,W,3,4,R,L,0.8912475822170381,P,W,385,FALSE,0.9620320035959372,FALSE,110.716641,0.9378898154975637
GLLHSRLTPSVPVL,weaker,68.69190099999999,PBD 299,H,T,4,8,W,A,0.02531595094932612,H,T,299,FALSE,0.5127966435225048,FALSE,90.17911,0.7617274222378109
GLLSSRLMPSVPVL,weaker,68.83891599999998,PBD 299,S,M,4,8,W,A,-0.1496150313431987,S,M,299,FALSE,0.5127966435225048,FALSE,90.17911,0.763357677848007
DKLLPPVP,weaker,81.973036,PBD 152,L,V,3,7,P,L,0.3520700899725051,L,V,152,FALSE,0.7613639068369705,FALSE,105.979591,0.7734794522843553
RRPCHESPWL,no significant difference,103.84000999999999,PBD 385,P,C,3,4,R,L,0.9365842331156388,P,C,385,FALSE,0.9620320035959372,FALSE,110.716641,0.9378898154975637
RRWKHESPWL,weaker,102.311903,PBD 385,W,K,3,4,R,L,0.8930885374007868,W,K,385,FALSE,0.9620320035959372,FALSE,110.716641,0.9240878523401013
GLLSSRLIPSVPVL,weaker,68.77590099999999,PBD 299,S,I,4,8,W,A,-0.12636378275863286,S,I,299,FALSE,0.5127966435225048,FALSE,90.17911,0.7626589018232715
GLLHSRLRPSVPVL,weaker,68.649891,PBD 299,H,R,4,8,W,A,-0.08824245673092171,H,R,299,FALSE,0.5127966435225048,FALSE,90.17911,0.7612615715546539
RRWNHESPWL,weaker,102.311903,PBD 385,W,N,3,4,R,L,0.8958387858747922,W,N,385,FALSE,0.9620320035959372,FALSE,110.716641,0.9240878523401013
GLLSSRLQPSVPVL,weaker,68.73388999999999,PBD 299,S,Q,4,8,W,A,-0.09424380437258588,S,Q,299,FALSE,0.5127966435225048,FALSE,90.17911,0.7621930400510716
DKLLPP*P,weaker,NA,PBD 152,L,*,3,7,P,L,0.11930744213249912,L,*,152,FALSE,0.7613639068369705,FALSE,105.979591,NA
RRPFHESPWL,weaker,104.98620199999999,PBD 385,P,F,3,4,R,L,0.9308886956396498,P,F,385,FALSE,0.9620320035959372,FALSE,110.716641,0.9482422971990272
GLLHSRLSPSVPVL,weaker,68.670896,PBD 299,H,S,4,8,W,A,0.00348417970838787,H,S,299,FALSE,0.5127966435225048,FALSE,90.17911,0.7614944968962324
RRWTHESPWL,weaker,102.693967,PBD 385,W,T,3,4,R,L,0.9130523854153,W,T,385,FALSE,0.9620320035959372,FALSE,110.716641,0.9275386795739224
GLLSSRLHPSVPVL,weaker,68.75489599999999,PBD 299,S,H,4,8,W,A,-0.03442562432028522,S,H,299,FALSE,0.5127966435225048,FALSE,90.17911,0.7624259764816929
DKLLPPYP,weaker,80.554495,PBD 152,L,Y,3,7,P,L,0.200342224429682,L,Y,152,FALSE,0.7613639068369705,FALSE,105.979591,0.7600944128950262
GLLHSRLMPSVPVL,weaker,68.649891,PBD 299,H,M,4,8,W,A,-0.0815241467814989,H,M,299,FALSE,0.5127966435225048,FALSE,90.17911,0.7612615715546539
GLLSSRLPPSVPVL,weaker,69.74213299999998,PBD 299,S,P,4,8,W,A,0.01699713302231262,S,P,299,FALSE,0.5127966435225048,FALSE,90.17911,0.7733734897139701
GLLHSRLIPSVPVL,weaker,68.58687599999999,PBD 299,H,I,4,8,W,A,-0.06201585991745111,H,I,299,FALSE,0.5127966435225048,FALSE,90.17911,0.7605627955299181
RRWRHESPWL,weaker,103.840159,PBD 385,W,R,3,4,R,L,0.8934968886876755,W,R,385,FALSE,0.9620320035959372,FALSE,110.716641,0.937891161275386
GLLHSRLQPSVPVL,weaker,68.54486499999999,PBD 299,H,Q,4,8,W,A,0.07092262269016611,H,Q,299,FALSE,0.5127966435225048,FALSE,90.17911,0.7600969337577183
RRWSHESPWL,weaker,103.840159,PBD 385,W,S,3,4,R,L,0.9038502267505494,W,S,385,FALSE,0.9620320035959372,FALSE,110.716641,0.937891161275386
DKLLPPWP,weaker,80.554495,PBD 152,L,W,3,7,P,L,0.18060512189763991,L,W,152,FALSE,0.7613639068369705,FALSE,105.979591,0.7600944128950262
GLLHSRLHPSVPVL,weaker,68.56587099999999,PBD 299,H,H,4,8,W,A,1.5466028846203056e-4,H,H,299,FALSE,0.5127966435225048,FALSE,90.17911,0.7603298701883395
RRWMHESPWL,no significant difference,103.076031,PBD 385,W,M,3,4,R,L,0.9647032355200142,W,M,385,FALSE,0.9620320035959372,TRUE,110.716641,0.9309895068077436
DKLLPPCP,weaker,80.554495,PBD 152,L,C,3,7,P,L,0.29178307072265686,L,C,152,FALSE,0.7613639068369705,FALSE,105.979591,0.7600944128950262
GGGR*PVKDYVVL,weaker,NA,PBD 250,*,K,5,8,Y,V,0.02591639503162527,*,K,250,FALSE,0.40823475510954577,FALSE,94.087798,NA
GLLHSRLPPSVPVL,weaker,69.553108,PBD 299,H,P,4,8,W,A,0.16007807362258544,H,P,299,FALSE,0.5127966435225048,FALSE,90.17911,0.771277383420617
RRWIHESPWL,no significant difference,102.693967,PBD 385,W,I,3,4,R,L,0.9180176642730592,W,I,385,FALSE,0.9620320035959372,FALSE,110.716641,0.9275386795739224
GLLSSRLLPSVPVL,weaker,73.48102999999999,PBD 299,S,L,4,8,W,A,-0.1178240958226407,S,L,299,FALSE,0.5127966435225048,FALSE,90.17911,0.8148342781382517
GGGR*PVNDYVVL,no significant difference,NA,PBD 250,*,N,5,8,Y,V,-0.09538662039497192,*,N,250,FALSE,0.40823475510954577,FALSE,94.087798,NA
RRWQHESPWL,no significant difference,102.311903,PBD 385,W,Q,3,4,R,L,0.9079779436799094,W,Q,385,FALSE,0.9620320035959372,FALSE,110.716641,0.9240878523401013
DKLLPPFP,weaker,80.554495,PBD 152,L,F,3,7,P,L,0.19932904282010033,L,F,152,FALSE,0.7613639068369705,FALSE,105.979591,0.7600944128950262
GGGR*PVTDYVVL,weaker,NA,PBD 250,*,T,5,8,Y,V,0.07559765689051874,*,T,250,FALSE,0.40823475510954577,FALSE,94.087798,NA
RRWHHESPWL,weaker,102.693967,PBD 385,W,H,3,4,R,L,0.8772634990930075,W,H,385,FALSE,0.9620320035959372,FALSE,110.716641,0.9275386795739224
GLLSSRLEPSVPVL,weaker,68.77590099999999,PBD 299,S,E,4,8,W,A,-0.18197793405965393,S,E,299,FALSE,0.5127966435225048,FALSE,90.17911,0.7626589018232715
RRWPHESPWL,weaker,103.076031,PBD 385,W,P,3,4,R,L,0.9019645495041576,W,P,385,FALSE,0.9620320035959372,FALSE,110.716641,0.9309895068077436
GLLSSRLDPSVPVL,weaker,68.77590099999999,PBD 299,S,D,4,8,W,A,-0.02941536421049008,S,D,299,FALSE,0.5127966435225048,FALSE,90.17911,0.7626589018232715
GGGR*PVRDYVVL,weaker,NA,PBD 250,*,R,5,8,Y,V,-0.08578444162601541,*,R,250,FALSE,0.40823475510954577,FALSE,94.087798,NA
GLLHSRLLPSVPVL,weaker,73.29200499999999,PBD 299,H,L,4,8,W,A,-0.12802139593748688,H,L,299,FALSE,0.5127966435225048,FALSE,90.17911,0.8127381718448984
GLLSSRLAPSVPVL,weaker,81.48395099999999,PBD 299,S,A,4,8,W,A,0.09330815540873671,S,A,299,FALSE,0.5127966435225048,FALSE,90.17911,0.9035790107043637
GGGR*PVSDYVVL,weaker,NA,PBD 250,*,S,5,8,Y,V,0.00625606054629037,*,S,250,FALSE,0.40823475510954577,FALSE,94.087798,NA
GGGR*PVMDYVVL,weaker,NA,PBD 250,*,M,5,8,Y,V,0.04666247619950381,*,M,250,FALSE,0.40823475510954577,FALSE,94.087798,NA
GLLHSRLEPSVPVL,weaker,68.58687599999999,PBD 299,H,E,4,8,W,A,0.03445013847525267,H,E,299,FALSE,0.5127966435225048,FALSE,90.17911,0.7605627955299181
GLLSSRLGPSVPVL,weaker,68.92293599999999,PBD 299,S,G,4,8,W,A,-0.14154081384511996,S,G,299,FALSE,0.5127966435225048,FALSE,90.17911,0.7642893792143214
GGGR*PVIDYVVL,weaker,NA,PBD 250,*,I,5,8,Y,V,-0.12008029941877048,*,I,250,FALSE,0.40823475510954577,FALSE,94.087798,NA
GLLHSRLDPSVPVL,weaker,68.58687599999999,PBD 299,H,D,4,8,W,A,-0.13735019904623924,H,D,299,FALSE,0.5127966435225048,FALSE,90.17911,0.7605627955299181
RRWLHESPWL,no significant difference,107.278735,PBD 385,W,L,3,4,R,L,0.9517715846742596,W,L,385,FALSE,0.9620320035959372,FALSE,110.716641,0.9689486063797763
GGGR*PVQDYVVL,weaker,NA,PBD 250,*,Q,5,8,Y,V,0.00629430543111016,*,Q,250,FALSE,0.40823475510954577,FALSE,94.087798,NA
GLLHSRLAPSVPVL,weaker,81.29492599999999,PBD 299,H,A,4,8,W,A,0.11776788003208108,H,A,299,FALSE,0.5127966435225048,FALSE,90.17911,0.9014829044110104
GLLSSRLVPSVPVL,weaker,69.25901699999999,PBD 299,S,V,4,8,W,A,-0.14150699894782037,S,V,299,FALSE,0.5127966435225048,FALSE,90.17911,0.7680161957686208
GGGR*PVHDYVVL,weaker,NA,PBD 250,*,H,5,8,Y,V,0.06536698096457505,*,H,250,FALSE,0.40823475510954577,FALSE,94.087798,NA
RRWEHESPWL,no significant difference,102.311903,PBD 385,W,E,3,4,R,L,0.9472864981341046,W,E,385,FALSE,0.9620320035959372,FALSE,110.716641,0.9240878523401013
GGGR*PVPDYVVL,weaker,NA,PBD 250,*,P,5,8,Y,V,0.1661011823242187,*,P,250,FALSE,0.40823475510954577,FALSE,94.087798,NA
GLLHSRLGPSVPVL,weaker,68.73391099999999,PBD 299,H,G,4,8,W,A,-0.182544736103248,H,G,299,FALSE,0.5127966435225048,FALSE,90.17911,0.7621932729209681
RRWDHESPWL,no significant difference,102.693967,PBD 385,W,D,3,4,R,L,0.906245486054537,W,D,385,FALSE,0.9620320035959372,FALSE,110.716641,0.9275386795739224
GLLSSRL*PSVPVL,weaker,NA,PBD 299,S,*,4,8,W,A,-0.04449756291530267,S,*,299,FALSE,0.5127966435225048,FALSE,90.17911,NA
RRWAHESPWL,weaker,102.311903,PBD 385,W,A,3,4,R,L,0.9140847340578764,W,A,385,FALSE,0.9620320035959372,FALSE,110.716641,0.9240878523401013
GLLSSRLYPSVPVL,weaker,68.73388999999999,PBD 299,S,Y,4,8,W,A,-0.11015546607327524,S,Y,299,FALSE,0.5127966435225048,FALSE,90.17911,0.7621930400510716
GLLHSRLVPSVPVL,weaker,69.069992,PBD 299,H,V,4,8,W,A,-0.1388445744804696,H,V,299,FALSE,0.5127966435225048,FALSE,90.17911,0.7659200894752677
RRWGHESPWL,weaker,102.693967,PBD 385,W,G,3,4,R,L,0.9257261424289196,W,G,385,FALSE,0.9620320035959372,FALSE,110.716641,0.9275386795739224
GGGR*PVLDYVVL,weaker,NA,PBD 250,*,L,5,8,Y,V,-0.02426069120521827,*,L,250,FALSE,0.40823475510954577,FALSE,94.087798,NA
GLLHSRL*PSVPVL,weaker,NA,PBD 299,H,*,4,8,W,A,-0.03478611958899106,H,*,299,FALSE,0.5127966435225048,FALSE,90.17911,NA
GLLSSRLWPSVPVL,weaker,68.77590099999999,PBD 299,S,W,4,8,W,A,-0.16522619283186726,S,W,299,FALSE,0.5127966435225048,FALSE,90.17911,0.7626589018232715
GLLHSRLYPSVPVL,weaker,68.54486499999999,PBD 299,H,Y,4,8,W,A,0.03732172131830865,H,Y,299,FALSE,0.5127966435225048,FALSE,90.17911,0.7600969337577183
RRWVHESPWL,weaker,102.693967,PBD 385,W,V,3,4,R,L,0.909758090786722,W,V,385,FALSE,0.9620320035959372,FALSE,110.716641,0.9275386795739224
GLLSSRLCPSVPVL,weaker,68.73388999999999,PBD 299,S,C,4,8,W,A,-0.19629171358161868,S,C,299,FALSE,0.5127966435225048,FALSE,90.17911,0.7621930400510716
GGGR*PVEDYVVL,weaker,NA,PBD 250,*,E,5,8,Y,V,-0.00446998648218419,*,E,250,FALSE,0.40823475510954577,FALSE,94.087798,NA
GGGR*PVDDYVVL,weaker,NA,PBD 250,*,D,5,8,Y,V,-0.00771368792278606,*,D,250,FALSE,0.40823475510954577,FALSE,94.087798,NA
RRW*HESPWL,weaker,NA,PBD 385,W,*,3,4,R,L,0.4203029409466515,W,*,385,FALSE,0.9620320035959372,FALSE,110.716641,NA
GLLSSRLFPSVPVL,weaker,68.77590099999999,PBD 299,S,F,4,8,W,A,-0.1979734851089433,S,F,299,FALSE,0.5127966435225048,FALSE,90.17911,0.7626589018232715
GGGR*PVADYVVL,weaker,NA,PBD 250,*,A,5,8,Y,V,-0.00290743650769042,*,A,250,FALSE,0.40823475510954577,FALSE,94.087798,NA
GLLHSRLWPSVPVL,weaker,68.58687599999999,PBD 299,H,W,4,8,W,A,-0.05054831533254917,H,W,299,FALSE,0.5127966435225048,FALSE,90.17911,0.7605627955299181
RRWYHESPWL,weaker,102.311903,PBD 385,W,Y,3,4,R,L,0.889028283758958,W,Y,385,FALSE,0.9620320035959372,FALSE,110.716641,0.9240878523401013
GLLHSRLCPSVPVL,weaker,68.54486499999999,PBD 299,H,C,4,8,W,A,-0.13031091495329922,H,C,299,FALSE,0.5127966435225048,FALSE,90.17911,0.7600969337577183
GGGR*PVGDYVVL,weaker,NA,PBD 250,*,G,5,8,Y,V,-0.05351874145931125,*,G,250,FALSE,0.40823475510954577,FALSE,94.087798,NA
GLLHSRLFPSVPVL,weaker,68.58687599999999,PBD 299,H,F,4,8,W,A,-0.12050027515287091,H,F,299,FALSE,0.5127966435225048,FALSE,90.17911,0.7605627955299181
RRWWHESPWL,weaker,103.076031,PBD 385,W,W,3,4,R,L,0.9087524808781976,W,W,385,FALSE,0.9620320035959372,FALSE,110.716641,0.9309895068077436
GGGR*PVVDYVVL,weaker,NA,PBD 250,*,V,5,8,Y,V,-0.0509475841992522,*,V,250,FALSE,0.40823475510954577,FALSE,94.087798,NA
GLLPSRLKPSVPVL,weaker,68.92291499999999,PBD 299,P,K,4,8,W,A,-0.00684743720307359,P,K,299,FALSE,0.5127966435225048,FALSE,90.17911,0.7642891463444249
RRWCHESPWL,weaker,103.076031,PBD 385,W,C,3,4,R,L,0.8879881278393364,W,C,385,FALSE,0.9620320035959372,FALSE,110.716641,0.9309895068077436
GLLPSRLNPSVPVL,weaker,68.94392099999999,PBD 299,P,N,4,8,W,A,0.04915990326712269,P,N,299,FALSE,0.5127966435225048,FALSE,90.17911,0.7645220827750462
GGGR*PV*DYVVL,weaker,NA,PBD 250,*,*,5,8,Y,V,-0.22333784576698568,*,*,250,FALSE,0.40823475510954577,FALSE,94.087798,NA
GLLPSRLTPSVPVL,weaker,69.06995099999999,PBD 299,P,T,4,8,W,A,0.11207401714829496,P,T,299,FALSE,0.5127966435225048,FALSE,90.17911,0.7659196348245175
RRWFHESPWL,weaker,104.222223,PBD 385,W,F,3,4,R,L,0.876027353325429,W,F,385,FALSE,0.9620320035959372,FALSE,110.716641,0.941341988509207
GGGR*PVYDYVVL,weaker,NA,PBD 250,*,Y,5,8,Y,V,0.06029484301892794,*,Y,250,FALSE,0.40823475510954577,FALSE,94.087798,NA
RRCKHESPWL,weaker,102.311903,PBD 385,C,K,3,4,R,L,0.8702331210891052,C,K,385,FALSE,0.9620320035959372,FALSE,110.716641,0.9240878523401013
GLLPSRLRPSVPVL,weaker,69.02794099999998,PBD 299,P,R,4,8,W,A,0.03748799089552548,P,R,299,FALSE,0.5127966435225048,FALSE,90.17911,0.7654537841413603
RRCNHESPWL,weaker,102.311903,PBD 385,C,N,3,4,R,L,0.9007567089521716,C,N,385,FALSE,0.9620320035959372,FALSE,110.716641,0.9240878523401013
GLLPSRLSPSVPVL,weaker,69.04894599999999,PBD 299,P,S,4,8,W,A,0.03672689823544558,P,S,299,FALSE,0.5127966435225048,FALSE,90.17911,0.7656867094829389
RRCTHESPWL,weaker,102.693967,PBD 385,C,T,3,4,R,L,0.8809209237592378,C,T,385,FALSE,0.9620320035959372,FALSE,110.716641,0.9275386795739224
GGGR*PVWDYVVL,weaker,NA,PBD 250,*,W,5,8,Y,V,-0.01752981076022701,*,W,250,FALSE,0.40823475510954577,FALSE,94.087798,NA
GLLPSRLMPSVPVL,weaker,69.02794099999998,PBD 299,P,M,4,8,W,A,0.01533224566509627,P,M,299,FALSE,0.5127966435225048,FALSE,90.17911,0.7654537841413603
GGGR*PVCDYVVL,weaker,NA,PBD 250,*,C,5,8,Y,V,-0.24413226352245623,*,C,250,FALSE,0.40823475510954577,FALSE,94.087798,NA
GLLPSRLIPSVPVL,weaker,68.96492599999999,PBD 299,P,I,4,8,W,A,0.01670605011384624,P,I,299,FALSE,0.5127966435225048,FALSE,90.17911,0.7647550081166248
RRCRHESPWL,weaker,103.840159,PBD 385,C,R,3,4,R,L,0.8697792024510871,C,R,385,FALSE,0.9620320035959372,FALSE,110.716641,0.937891161275386
GLLPSRLQPSVPVL,weaker,68.92291499999999,PBD 299,P,Q,4,8,W,A,0.05438394884223228,P,Q,299,FALSE,0.5127966435225048,FALSE,90.17911,0.7642891463444249
RRCSHESPWL,weaker,103.840159,PBD 385,C,S,3,4,R,L,0.886907440784532,C,S,385,FALSE,0.9620320035959372,FALSE,110.716641,0.937891161275386
GGGR*PVFDYVVL,weaker,NA,PBD 250,*,F,5,8,Y,V,-0.08561637658246304,*,F,250,FALSE,0.40823475510954577,FALSE,94.087798,NA
GLLPSRLHPSVPVL,weaker,68.94392099999999,PBD 299,P,H,4,8,W,A,0.08172191676998149,P,H,299,FALSE,0.5127966435225048,FALSE,90.17911,0.7645220827750462
RRCMHESPWL,no significant difference,103.076031,PBD 385,C,M,3,4,R,L,0.9516891581662862,C,M,385,FALSE,0.9620320035959372,FALSE,110.716641,0.9309895068077436
GGGRYPVKDYVVL,weaker,86.113224,PBD 250,Y,K,5,8,Y,V,0.0844254304476407,Y,K,250,FALSE,0.40823475510954577,FALSE,94.087798,0.9152432709712263
GLLPSRLPPSVPVL,weaker,69.93115799999998,PBD 299,P,P,4,8,W,A,0.24156291680779143,P,P,299,FALSE,0.5127966435225048,FALSE,90.17911,0.7754695960073235
RRCIHESPWL,weaker,102.693967,PBD 385,C,I,3,4,R,L,0.9148018055983168,C,I,385,FALSE,0.9620320035959372,FALSE,110.716641,0.9275386795739224
DKELPPKP,weaker,82.122855,PBD 152,E,K,3,7,P,L,0.43039458831193994,E,K,152,FALSE,0.7613639068369705,FALSE,105.979591,0.7748931112595066
GGGRYPVNDYVVL,weaker,86.03667300000001,PBD 250,Y,N,5,8,Y,V,-0.03278706022786013,Y,N,250,FALSE,0.40823475510954577,FALSE,94.087798,0.9144296585621018
RRCQHESPWL,no significant difference,102.311903,PBD 385,C,Q,3,4,R,L,0.9185738601955068,C,Q,385,FALSE,0.9620320035959372,FALSE,110.716641,0.9240878523401013
DKELPPNP,no significant difference,82.122855,PBD 152,E,N,3,7,P,L,0.3515072067957232,E,N,152,FALSE,0.7613639068369705,FALSE,105.979591,0.7748931112595066
GGGRYPVTDYVVL,weaker,87.39772400000001,PBD 250,Y,T,5,8,Y,V,0.22245213233580727,Y,T,250,FALSE,0.40823475510954577,FALSE,94.087798,0.9288954131969377
RRCHHESPWL,weaker,102.693967,PBD 385,C,H,3,4,R,L,0.8558377880197046,C,H,385,FALSE,0.9620320035959372,FALSE,110.716641,0.9275386795739224
DKELPPTP,weaker,82.595702,PBD 152,E,T,3,7,P,L,0.5105068686149479,E,T,152,FALSE,0.7613639068369705,FALSE,105.979591,0.7793547910559496
GLLPSRLLPSVPVL,weaker,73.67005499999999,PBD 299,P,L,4,8,W,A,-0.04076354007279308,P,L,299,FALSE,0.5127966435225048,FALSE,90.17911,0.816930384431605
RRCPHESPWL,weaker,103.076031,PBD 385,C,P,3,4,R,L,0.9243525338519232,C,P,385,FALSE,0.9620320035959372,FALSE,110.716641,0.9309895068077436
GGGRYPVRDYVVL,weaker,87.444327,PBD 250,Y,R,5,8,Y,V,0.28197615569131074,Y,R,250,FALSE,0.40823475510954577,FALSE,94.087798,0.9293907271589031
DKELPPRP,weaker,82.122855,PBD 152,E,R,3,7,P,L,0.39285805596314743,E,R,152,FALSE,0.7613639068369705,FALSE,105.979591,0.7748931112595066
GGGRYPVSDYVVL,weaker,86.47472400000001,PBD 250,Y,S,5,8,Y,V,0.01702539025292874,Y,S,250,FALSE,0.40823475510954577,FALSE,94.087798,0.9190854269966017
GLLPSRLEPSVPVL,weaker,68.96492599999999,PBD 299,P,E,4,8,W,A,-0.01435979638060828,P,E,299,FALSE,0.5127966435225048,FALSE,90.17911,0.7647550081166248
DKELPPSP,weaker,82.122855,PBD 152,E,S,3,7,P,L,0.3449637632220576,E,S,152,FALSE,0.7613639068369705,FALSE,105.979591,0.7748931112595066
GGGRYPVMDYVVL,weaker,86.34875600000001,PBD 250,Y,M,5,8,Y,V,0.06618632169478283,Y,M,250,FALSE,0.40823475510954577,FALSE,94.087798,0.9177465923902268
GLLPSRLDPSVPVL,weaker,68.96492599999999,PBD 299,P,D,4,8,W,A,0.04729758553391872,P,D,299,FALSE,0.5127966435225048,FALSE,90.17911,0.7647550081166248
DKELPPMP,weaker,82.122855,PBD 152,E,M,3,7,P,L,0.3776765832941136,E,M,152,FALSE,0.7613639068369705,FALSE,105.979591,0.7748931112595066
GGGRYPVIDYVVL,no significant difference,88.614011,PBD 250,Y,I,5,8,Y,V,0.40004721415002453,Y,I,250,FALSE,0.40823475510954577,FALSE,94.087798,0.9418225623688207
GLLPSRLAPSVPVL,no significant difference,81.67297599999999,PBD 299,P,A,4,8,W,A,0.4304467755034882,P,A,299,FALSE,0.5127966435225048,FALSE,90.17911,0.9056751169977171
RRCLHESPWL,no significant difference,107.278735,PBD 385,C,L,3,4,R,L,0.9556647152397268,C,L,385,FALSE,0.9620320035959372,FALSE,110.716641,0.9689486063797763
DKELPPIP,weaker,83.54139599999999,PBD 152,E,I,3,7,P,L,0.6065496170884963,E,I,152,FALSE,0.7613639068369705,FALSE,105.979591,0.7882781506488357
GGGRYPVQDYVVL,weaker,86.24728800000001,PBD 250,Y,Q,5,8,Y,V,0.11497938571180512,Y,Q,250,FALSE,0.40823475510954577,FALSE,94.087798,0.9166681528671763
DKELPPQP,weaker,82.122855,PBD 152,E,Q,3,7,P,L,0.3859876685976611,E,Q,152,FALSE,0.7613639068369705,FALSE,105.979591,0.7748931112595066
GGGRYPVHDYVVL,weaker,86.05578000000001,PBD 250,Y,H,5,8,Y,V,-0.04177904086844009,Y,H,250,FALSE,0.40823475510954577,FALSE,94.087798,0.9146327348419825
GLLPSRLGPSVPVL,weaker,69.111961,PBD 299,P,G,4,8,W,A,-0.07511560091011923,P,G,299,FALSE,0.5127966435225048,FALSE,90.17911,0.7663854855076746
RRCEHESPWL,no significant difference,102.311903,PBD 385,C,E,3,4,R,L,0.9250908034159973,C,E,385,FALSE,0.9620320035959372,FALSE,110.716641,0.9240878523401013
DKELPPHP,weaker,82.122855,PBD 152,E,H,3,7,P,L,0.2496101520366744,E,H,152,FALSE,0.7613639068369705,FALSE,105.979591,0.7748931112595066
GGGRYPVPDYVVL,no significant difference,87.31401500000001,PBD 250,Y,P,5,8,Y,V,0.4364918923835395,Y,P,250,FALSE,0.40823475510954577,TRUE,94.087798,0.9280057229099995
RRCDHESPWL,weaker,102.693967,PBD 385,C,D,3,4,R,L,0.8876490752206994,C,D,385,FALSE,0.9620320035959372,FALSE,110.716641,0.9275386795739224
DKELPPPP,no significant difference,82.595702,PBD 152,E,P,3,7,P,L,0.3170975235839239,E,P,152,FALSE,0.7613639068369705,FALSE,105.979591,0.7793547910559496
GLLPSRLVPSVPVL,weaker,69.44804199999999,PBD 299,P,V,4,8,W,A,-0.04842444560108774,P,V,299,FALSE,0.5127966435225048,FALSE,90.17911,0.7701123020619741
RRCAHESPWL,weaker,102.311903,PBD 385,C,A,3,4,R,L,0.8976380777233004,C,A,385,FALSE,0.9620320035959372,FALSE,110.716641,0.9240878523401013
GGGRYPVLDYVVL,weaker,86.18371300000001,PBD 250,Y,L,5,8,Y,V,0.06942886961549688,Y,L,250,FALSE,0.40823475510954577,FALSE,94.087798,0.9159924541968769
GLLPSRL*PSVPVL,weaker,NA,PBD 299,P,*,4,8,W,A,0.0727520607176096,P,*,299,FALSE,0.5127966435225048,FALSE,90.17911,NA
RRCGHESPWL,weaker,102.693967,PBD 385,C,G,3,4,R,L,0.9058834490430964,C,G,385,FALSE,0.9620320035959372,FALSE,110.716641,0.9275386795739224
DKELPPLP,weaker,97.017535,PBD 152,E,L,3,7,P,L,0.658027612955641,E,L,152,FALSE,0.7613639068369705,FALSE,105.979591,0.9154360201295738
GLLPSRLYPSVPVL,weaker,68.92291499999999,PBD 299,P,Y,4,8,W,A,0.01349784258266211,P,Y,299,FALSE,0.5127966435225048,FALSE,90.17911,0.7642891463444249
GGGRYPVEDYVVL,no significant difference,86.40817500000001,PBD 250,Y,E,5,8,Y,V,0.32761040237344824,Y,E,250,FALSE,0.40823475510954577,FALSE,94.087798,0.918378119551698
RRCVHESPWL,weaker,102.693967,PBD 385,C,V,3,4,R,L,0.915959417250512,C,V,385,FALSE,0.9620320035959372,FALSE,110.716641,0.9275386795739224
DKELPPEP,weaker,82.122855,PBD 152,E,E,3,7,P,L,0.3200141299565448,E,E,152,FALSE,0.7613639068369705,FALSE,105.979591,0.7748931112595066
GGGRYPVDDYVVL,weaker,86.055822,PBD 250,Y,D,5,8,Y,V,-0.194697776692579,Y,D,250,FALSE,0.40823475510954577,FALSE,94.087798,0.9146331812335537
DKELPPDP,weaker,82.122855,PBD 152,E,D,3,7,P,L,0.26730609882856105,E,D,152,FALSE,0.7613639068369705,FALSE,105.979591,0.7748931112595066
GGGRYPVADYVVL,no significant difference,89.64566800000001,PBD 250,Y,A,5,8,Y,V,0.37724160301419873,Y,A,250,FALSE,0.40823475510954577,FALSE,94.087798,0.9527873954495142
GLLPSRLWPSVPVL,weaker,68.96492599999999,PBD 299,P,W,4,8,W,A,-0.12754763242466752,P,W,299,FALSE,0.5127966435225048,FALSE,90.17911,0.7647550081166248
RRC*HESPWL,weaker,NA,PBD 385,C,*,3,4,R,L,0.3455380154035203,C,*,385,FALSE,0.9620320035959372,FALSE,110.716641,NA
DKELPPAP,weaker,82.122855,PBD 152,E,A,3,7,P,L,0.4289435852745396,E,A,152,FALSE,0.7613639068369705,FALSE,105.979591,0.7748931112595066
GLLPSRLCPSVPVL,weaker,68.92291499999999,PBD 299,P,C,4,8,W,A,-0.02973353194074261,P,C,299,FALSE,0.5127966435225048,FALSE,90.17911,0.7642891463444249
RRCYHESPWL,weaker,102.311903,PBD 385,C,Y,3,4,R,L,0.9195786632057876,C,Y,385,FALSE,0.9620320035959372,FALSE,110.716641,0.9240878523401013
GLLWSRLKPSVPVL,weaker,77.42904899999999,PBD 299,W,K,4,8,W,A,-0.18498171173126804,W,K,299,FALSE,0.5127966435225048,FALSE,90.17911,0.8586140293467078
GGGRYPVGDYVVL,weaker,86.154307,PBD 250,Y,G,5,8,Y,V,-0.03999074589222554,Y,G,250,FALSE,0.40823475510954577,FALSE,94.087798,0.9156799163266632
GLLWSRLNPSVPVL,weaker,77.45005499999999,PBD 299,W,N,4,8,W,A,-0.09541994616745136,W,N,299,FALSE,0.5127966435225048,FALSE,90.17911,0.8588469657773291
DKELPPGP,weaker,82.122855,PBD 152,E,G,3,7,P,L,0.23391904756705628,E,G,152,FALSE,0.7613639068369705,FALSE,105.979591,0.7748931112595066
GLLPSRLFPSVPVL,weaker,68.96492599999999,PBD 299,P,F,4,8,W,A,-0.02315411538276174,P,F,299,FALSE,0.5127966435225048,FALSE,90.17911,0.7647550081166248
GLLWSRLTPSVPVL,weaker,77.57608499999999,PBD 299,W,T,4,8,W,A,-0.10398180200925657,W,T,299,FALSE,0.5127966435225048,FALSE,90.17911,0.8602445178268004
GGGRYPVVDYVVL,no significant difference,94.087798,PBD 250,Y,V,5,8,Y,V,0.40823475510954577,Y,V,250,TRUE,0.40823475510954577,TRUE,94.087798,1
RRCWHESPWL,weaker,103.076031,PBD 385,C,W,3,4,R,L,0.8829806363507018,C,W,385,FALSE,0.9620320035959372,FALSE,110.716641,0.9309895068077436
DKELPPVP,weaker,83.54139599999999,PBD 152,E,V,3,7,P,L,0.5296039823765402,E,V,152,FALSE,0.7613639068369705,FALSE,105.979591,0.7882781506488357
RRCCHESPWL,weaker,103.076031,PBD 385,C,C,3,4,R,L,0.897185937448016,C,C,385,FALSE,0.9620320035959372,FALSE,110.716641,0.9309895068077436
GLLWSRLRPSVPVL,weaker,77.53407499999999,PBD 299,W,R,4,8,W,A,-0.2359402685756228,W,R,299,FALSE,0.5127966435225048,FALSE,90.17911,0.8597786671436433
GGGRYPV*DYVVL,weaker,NA,PBD 250,Y,*,5,8,Y,V,-0.10650806354102718,Y,*,250,FALSE,0.40823475510954577,FALSE,94.087798,NA
GLLWSRLSPSVPVL,weaker,77.55507999999999,PBD 299,W,S,4,8,W,A,0.02999289587205914,W,S,299,FALSE,0.5127966435225048,FALSE,90.17911,0.8600115924852219
DKELPP*P,weaker,NA,PBD 152,E,*,3,7,P,L,0.24154362239822244,E,*,152,FALSE,0.7613639068369705,FALSE,105.979591,NA
GGGRYPVYDYVVL,weaker,86.03667300000001,PBD 250,Y,Y,5,8,Y,V,-0.0937126757888772,Y,Y,250,FALSE,0.40823475510954577,FALSE,94.087798,0.9144296585621018
RRCFHESPWL,no significant difference,104.222223,PBD 385,C,F,3,4,R,L,0.8809534454507851,C,F,385,FALSE,0.9620320035959372,FALSE,110.716641,0.941341988509207
GLLWSRLMPSVPVL,weaker,77.53407499999999,PBD 299,W,M,4,8,W,A,-0.2528534607108238,W,M,299,FALSE,0.5127966435225048,FALSE,90.17911,0.8597786671436433
DKELPPYP,weaker,82.122855,PBD 152,E,Y,3,7,P,L,0.25209743449238114,E,Y,152,FALSE,0.7613639068369705,FALSE,105.979591,0.7748931112595066
RRLKHESPWL,weaker,103.457872,PBD 385,L,K,3,4,R,L,0.8536696266018188,L,K,385,FALSE,0.9620320035959372,FALSE,110.716641,0.9344383198908645
GLLWSRLIPSVPVL,weaker,77.47106,PBD 299,W,I,4,8,W,A,-0.22376777738662332,W,I,299,FALSE,0.5127966435225048,FALSE,90.17911,0.8590798911189077
RRLNHESPWL,weaker,103.457872,PBD 385,L,N,3,4,R,L,0.8733732300588735,L,N,385,FALSE,0.9620320035959372,FALSE,110.716641,0.9344383198908645
GLLWSRLQPSVPVL,weaker,77.42904899999999,PBD 299,W,Q,4,8,W,A,-0.13386314814094585,W,Q,299,FALSE,0.5127966435225048,FALSE,90.17911,0.8586140293467078
GGGRYPVWDYVVL,weaker,86.03667300000001,PBD 250,Y,W,5,8,Y,V,-0.13369890758411795,Y,W,250,FALSE,0.40823475510954577,FALSE,94.087798,0.9144296585621018
RRLTHESPWL,weaker,103.839936,PBD 385,L,T,3,4,R,L,0.8675981126767502,L,T,385,FALSE,0.9620320035959372,FALSE,110.716641,0.9378891471246856
GLLWSRLHPSVPVL,weaker,77.45005499999999,PBD 299,W,H,4,8,W,A,-0.15397639947136954,W,H,299,FALSE,0.5127966435225048,FALSE,90.17911,0.8588469657773291
DKELPPWP,weaker,82.122855,PBD 152,E,W,3,7,P,L,0.2929831856933704,E,W,152,FALSE,0.7613639068369705,FALSE,105.979591,0.7748931112595066
GGGRYPVCDYVVL,weaker,86.03667300000001,PBD 250,Y,C,5,8,Y,V,0.23935266134740368,Y,C,250,FALSE,0.40823475510954577,FALSE,94.087798,0.9144296585621018
GLLWSRLPPSVPVL,weaker,78.43729199999999,PBD 299,W,P,4,8,W,A,0.1728889781376058,W,P,299,FALSE,0.5127966435225048,FALSE,90.17911,0.8697944790096065
DKELPPCP,weaker,82.122855,PBD 152,E,C,3,7,P,L,0.4174341793348476,E,C,152,FALSE,0.7613639068369705,FALSE,105.979591,0.7748931112595066
RRLRHESPWL,weaker,104.986128,PBD 385,L,R,3,4,R,L,0.8469150546108408,L,R,385,FALSE,0.9620320035959372,FALSE,110.716641,0.948241628826149
GGGRYPVFDYVVL,weaker,86.03667300000001,PBD 250,Y,F,5,8,Y,V,-0.08375366720942318,Y,F,250,FALSE,0.40823475510954577,FALSE,94.087798,0.9144296585621018
RRLSHESPWL,weaker,104.986128,PBD 385,L,S,3,4,R,L,0.8960766019773025,L,S,385,FALSE,0.9620320035959372,FALSE,110.716641,0.948241628826149
DKELPPFP,weaker,82.122855,PBD 152,E,F,3,7,P,L,0.24154362239822244,E,F,152,FALSE,0.7613639068369705,FALSE,105.979591,0.7748931112595066
GGGRSPVKDYVVL,weaker,80.087762,PBD 250,S,K,5,8,Y,V,-0.02941536421049008,S,K,250,FALSE,0.40823475510954577,FALSE,94.087798,0.8512024269076846
RRLMHESPWL,weaker,104.222,PBD 385,L,M,3,4,R,L,0.9297091998567876,L,M,385,FALSE,0.9620320035959372,FALSE,110.716641,0.9413399743585068
DKDLPPKP,weaker,82.346907,PBD 152,D,K,3,7,P,L,0.2223404962565353,D,K,152,FALSE,0.7613639068369705,FALSE,105.979591,0.7770072164177346
GGGRSPVNDYVVL,weaker,80.011211,PBD 250,S,N,5,8,Y,V,-0.00859530199480945,S,N,250,FALSE,0.40823475510954577,FALSE,94.087798,0.8503888144985602
RRLIHESPWL,weaker,103.839936,PBD 385,L,I,3,4,R,L,0.9028753301614032,L,I,385,FALSE,0.9620320035959372,FALSE,110.716641,0.9378891471246856
GLLWSRLLPSVPVL,weaker,82.176189,PBD 299,W,L,4,8,W,A,-0.1858760142867697,W,L,299,FALSE,0.5127966435225048,FALSE,90.17911,0.911255267433888
DKDLPPNP,weaker,82.346907,PBD 152,D,N,3,7,P,L,0.2836950866122507,D,N,152,FALSE,0.7613639068369705,FALSE,105.979591,0.7770072164177346
GGGRSPVTDYVVL,weaker,81.372262,PBD 250,S,T,5,8,Y,V,0.05892986050199807,S,T,250,FALSE,0.40823475510954577,FALSE,94.087798,0.864854569133396
RRLQHESPWL,weaker,103.457872,PBD 385,L,Q,3,4,R,L,0.9168690062207956,L,Q,385,FALSE,0.9620320035959372,FALSE,110.716641,0.9344383198908645
DKDLPPTP,weaker,82.819754,PBD 152,D,T,3,7,P,L,0.4528377018100518,D,T,152,FALSE,0.7613639068369705,FALSE,105.979591,0.7814688962141777
RRLHHESPWL,weaker,103.839936,PBD 385,L,H,3,4,R,L,0.875277890947822,L,H,385,FALSE,0.9620320035959372,FALSE,110.716641,0.9378891471246856
GLLWSRLEPSVPVL,weaker,77.47106,PBD 299,W,E,4,8,W,A,-0.1675759759297492,W,E,299,FALSE,0.5127966435225048,FALSE,90.17911,0.8590798911189077
GGGRSPVRDYVVL,weaker,81.418865,PBD 250,S,R,5,8,Y,V,0.04859267234512204,S,R,250,FALSE,0.40823475510954577,FALSE,94.087798,0.8653498830953615
RRLPHESPWL,weaker,104.222,PBD 385,L,P,3,4,R,L,0.9029400510831516,L,P,385,FALSE,0.9620320035959372,FALSE,110.716641,0.9413399743585068
GLLWSRLDPSVPVL,weaker,77.47106,PBD 299,W,D,4,8,W,A,-0.28003452444294946,W,D,299,FALSE,0.5127966435225048,FALSE,90.17911,0.8590798911189077
DKDLPPRP,weaker,82.346907,PBD 152,D,R,3,7,P,L,0.4084811216231909,D,R,152,FALSE,0.7613639068369705,FALSE,105.979591,0.7770072164177346
GGGRSPVSDYVVL,weaker,80.449262,PBD 250,S,S,5,8,Y,V,-0.01789007426591517,S,S,250,FALSE,0.40823475510954577,FALSE,94.087798,0.8550445829330601
GLLWSRLAPSVPVL,no significant difference,90.17911,PBD 299,W,A,4,8,W,A,0.5127966435225048,W,A,299,TRUE,0.5127966435225048,TRUE,90.17911,1
DKDLPPSP,weaker,82.346907,PBD 152,D,S,3,7,P,L,0.27922337577176093,D,S,152,FALSE,0.7613639068369705,FALSE,105.979591,0.7770072164177346
GGGRSPVMDYVVL,weaker,80.323294,PBD 250,S,M,5,8,Y,V,-0.08701795664492362,S,M,250,FALSE,0.40823475510954577,FALSE,94.087798,0.8537057483266852
DKDLPPMP,weaker,82.346907,PBD 152,D,M,3,7,P,L,0.413600285310398,D,M,152,FALSE,0.7613639068369705,FALSE,105.979591,0.7770072164177346
GGGRSPVIDYVVL,weaker,82.588549,PBD 250,S,I,5,8,Y,V,-0.09933805437787711,S,I,250,FALSE,0.40823475510954577,FALSE,94.087798,0.8777817183052791
GLLWSRLGPSVPVL,weaker,77.61809499999998,PBD 299,W,G,4,8,W,A,-0.2536748100947333,W,G,299,FALSE,0.5127966435225048,FALSE,90.17911,0.8607103685099574
DKDLPPIP,weaker,83.76544799999999,PBD 152,D,I,3,7,P,L,0.6138584875463383,D,I,152,FALSE,0.7613639068369705,FALSE,105.979591,0.7903922558070637
GGGRSPVQDYVVL,weaker,80.22182600000001,PBD 250,S,Q,5,8,Y,V,0.0535969290256139,S,Q,250,FALSE,0.40823475510954577,FALSE,94.087798,0.8526273088036347
RRLLHESPWL,no significant difference,108.42470399999999,PBD 385,L,L,3,4,R,L,0.9550541630918618,L,L,385,FALSE,0.9620320035959372,FALSE,110.716641,0.9792990739305395
DKDLPPQP,weaker,82.346907,PBD 152,D,Q,3,7,P,L,0.22126652117157783,D,Q,152,FALSE,0.7613639068369705,FALSE,105.979591,0.7770072164177346
GGGRSPVHDYVVL,weaker,80.03031800000001,PBD 250,S,H,5,8,Y,V,0.11501830372551164,S,H,250,FALSE,0.40823475510954577,FALSE,94.087798,0.8505918907784408
GLLWSRLVPSVPVL,weaker,77.95417599999999,PBD 299,W,V,4,8,W,A,-0.18969646391873324,W,V,299,FALSE,0.5127966435225048,FALSE,90.17911,0.864437185064257
DKDLPPHP,weaker,82.346907,PBD 152,D,H,3,7,P,L,0.2574411424038981,D,H,152,FALSE,0.7613639068369705,FALSE,105.979591,0.7770072164177346
GGGRSPVPDYVVL,weaker,81.28855300000001,PBD 250,S,P,5,8,Y,V,0.13705429571878086,S,P,250,FALSE,0.40823475510954577,FALSE,94.087798,0.8639648788464579
RRLEHESPWL,weaker,103.457872,PBD 385,L,E,3,4,R,L,0.9149191879940564,L,E,385,FALSE,0.9620320035959372,FALSE,110.716641,0.9344383198908645
DKDLPPPP,no significant difference,82.819754,PBD 152,D,P,3,7,P,L,0.5394276840311043,D,P,152,FALSE,0.7613639068369705,FALSE,105.979591,0.7814688962141777
RRLDHESPWL,weaker,103.839936,PBD 385,L,D,3,4,R,L,0.8974429567471404,L,D,385,FALSE,0.9620320035959372,FALSE,110.716641,0.9378891471246856
GLLWSRL*PSVPVL,weaker,NA,PBD 299,W,*,4,8,W,A,-0.02247295719813045,W,*,299,FALSE,0.5127966435225048,FALSE,90.17911,NA
RRLAHESPWL,weaker,103.457872,PBD 385,L,A,3,4,R,L,0.8958744677275372,L,A,385,FALSE,0.9620320035959372,FALSE,110.716641,0.9344383198908645
GLLWSRLYPSVPVL,weaker,77.42904899999999,PBD 299,W,Y,4,8,W,A,-0.1786009080404771,W,Y,299,FALSE,0.5127966435225048,FALSE,90.17911,0.8586140293467078
GGGRSPVLDYVVL,weaker,80.158251,PBD 250,S,L,5,8,Y,V,0.00261302996449569,S,L,250,FALSE,0.40823475510954577,FALSE,94.087798,0.8519516101333353
DKDLPPLP,weaker,97.241587,PBD 152,D,L,3,7,P,L,0.5939120134125712,D,L,152,FALSE,0.7613639068369705,FALSE,105.979591,0.9175501252878019
RRLGHESPWL,weaker,103.839936,PBD 385,L,G,3,4,R,L,0.8886166695627159,L,G,385,FALSE,0.9620320035959372,FALSE,110.716641,0.9378891471246856
GGGRSPVEDYVVL,weaker,80.38271300000001,PBD 250,S,E,5,8,Y,V,-0.01017729055840659,S,E,250,FALSE,0.40823475510954577,FALSE,94.087798,0.8543372754881563
GLLWSRLWPSVPVL,weaker,77.47106,PBD 299,W,W,4,8,W,A,-0.1492487845529896,W,W,299,FALSE,0.5127966435225048,FALSE,90.17911,0.8590798911189077
DKDLPPEP,weaker,82.346907,PBD 152,D,E,3,7,P,L,0.3994409770264694,D,E,152,FALSE,0.7613639068369705,FALSE,105.979591,0.7770072164177346
GGGRSPVDDYVVL,weaker,80.03036,PBD 250,S,D,5,8,Y,V,-0.03044790936413956,S,D,250,FALSE,0.40823475510954577,FALSE,94.087798,0.8505923371700121
RRLVHESPWL,weaker,103.839936,PBD 385,L,V,3,4,R,L,0.900865593177663,L,V,385,FALSE,0.9620320035959372,FALSE,110.716641,0.9378891471246856
GLLWSRLCPSVPVL,weaker,77.42904899999999,PBD 299,W,C,4,8,W,A,-0.1590926211764293,W,C,299,FALSE,0.5127966435225048,FALSE,90.17911,0.8586140293467078
DKDLPPDP,weaker,82.346907,PBD 152,D,D,3,7,P,L,0.2836950866122507,D,D,152,FALSE,0.7613639068369705,FALSE,105.979591,0.7770072164177346
GGGRSPVADYVVL,weaker,83.62020600000001,PBD 250,S,A,5,8,Y,V,0.07394848592631163,S,A,250,FALSE,0.40823475510954577,FALSE,94.087798,0.8887465513859726
DKDLPPAP,weaker,82.346907,PBD 152,D,A,3,7,P,L,0.3787863321085064,D,A,152,FALSE,0.7613639068369705,FALSE,105.979591,0.7770072164177346
GGGRSPVGDYVVL,weaker,80.128845,PBD 250,S,G,5,8,Y,V,-0.07305914915521822,S,G,250,FALSE,0.40823475510954577,FALSE,94.087798,0.8516390722631216
RRL*HESPWL,weaker,NA,PBD 385,L,*,3,4,R,L,0.3568307793798208,L,*,385,FALSE,0.9620320035959372,FALSE,110.716641,NA
GLLWSRLFPSVPVL,weaker,77.47106,PBD 299,W,F,4,8,W,A,-0.247123209228628,W,F,299,FALSE,0.5127966435225048,FALSE,90.17911,0.8590798911189077
RRLYHESPWL,weaker,103.457872,PBD 385,L,Y,3,4,R,L,0.8956149917052386,L,Y,385,FALSE,0.9620320035959372,FALSE,110.716641,0.9344383198908645
GLLCSRLKPSVPVL,weaker,68.48185699999999,PBD 299,C,K,4,8,W,A,-0.1496150313431987,C,K,299,FALSE,0.5127966435225048,FALSE,90.17911,0.7593982353562815
DKDLPPGP,weaker,82.346907,PBD 152,D,G,3,7,P,L,0.22219491571914468,D,G,152,FALSE,0.7613639068369705,FALSE,105.979591,0.7770072164177346
GGGRSPVVDYVVL,weaker,88.062336,PBD 250,S,V,5,8,Y,V,-0.02782520095293438,S,V,250,FALSE,0.40823475510954577,FALSE,94.087798,0.9359591559364584
GLLCSRLNPSVPVL,weaker,68.50286299999999,PBD 299,C,N,4,8,W,A,-0.23070611160008003,C,N,299,FALSE,0.5127966435225048,FALSE,90.17911,0.7596311717869026
GLLCSRLTPSVPVL,weaker,68.62889299999999,PBD 299,C,T,4,8,W,A,-0.08230340763901645,C,T,299,FALSE,0.5127966435225048,FALSE,90.17911,0.761028723836374
DKDLPPVP,weaker,83.76544799999999,PBD 152,D,V,3,7,P,L,0.467496938667954,D,V,152,FALSE,0.7613639068369705,FALSE,105.979591,0.7903922558070637
GGGRSPV*DYVVL,weaker,NA,PBD 250,S,*,5,8,Y,V,-0.1143039663717312,S,*,250,FALSE,0.40823475510954577,FALSE,94.087798,NA
GLLRSRLKPSVPVL,weaker,68.712887,PBD 299,R,K,4,8,W,A,-0.0311786803968124,R,K,299,FALSE,0.5127966435225048,FALSE,90.17911,0.7619601368875785
RRLWHESPWL,weaker,104.222,PBD 385,L,W,3,4,R,L,0.8893694134756566,L,W,385,FALSE,0.9620320035959372,FALSE,110.716641,0.9413399743585068
GGGRSPVYDYVVL,weaker,80.011211,PBD 250,S,Y,5,8,Y,V,-0.09835877787340558,S,Y,250,FALSE,0.40823475510954577,FALSE,94.087798,0.8503888144985602
GLLRSRLNPSVPVL,weaker,68.733893,PBD 299,R,N,4,8,W,A,-0.08187030980602214,R,N,299,FALSE,0.5127966435225048,FALSE,90.17911,0.7621930733181997
RRLCHESPWL,weaker,104.222,PBD 385,L,C,3,4,R,L,0.9061139712103008,L,C,385,FALSE,0.9620320035959372,FALSE,110.716641,0.9413399743585068
GLLCSRLRPSVPVL,weaker,68.58688299999999,PBD 299,C,R,4,8,W,A,-0.18498171173126804,C,R,299,FALSE,0.5127966435225048,FALSE,90.17911,0.7605628731532169
DKDLPP*P,weaker,NA,PBD 152,D,*,3,7,P,L,0.07690536665893738,D,*,152,FALSE,0.7613639068369705,FALSE,105.979591,NA
GLLRSRLTPSVPVL,weaker,68.859923,PBD 299,R,T,4,8,W,A,-0.08069734278349336,R,T,299,FALSE,0.5127966435225048,FALSE,90.17911,0.7635906253676711
GLLCSRLSPSVPVL,weaker,68.60788799999999,PBD 299,C,S,4,8,W,A,-0.0918678131427294,C,S,299,FALSE,0.5127966435225048,FALSE,90.17911,0.7607957984947954
DKDLPPYP,weaker,82.346907,PBD 152,D,Y,3,7,P,L,0.2944100054280193,D,Y,152,FALSE,0.7613639068369705,FALSE,105.979591,0.7770072164177346
RRLFHESPWL,weaker,105.368192,PBD 385,L,F,3,4,R,L,0.8867804855984764,L,F,385,FALSE,0.9620320035959372,FALSE,110.716641,0.9516924560599702
GLLCSRLMPSVPVL,weaker,68.58688299999999,PBD 299,C,M,4,8,W,A,-0.21808019971562775,C,M,299,FALSE,0.5127966435225048,FALSE,90.17911,0.7605628731532169
GGGRSPVWDYVVL,weaker,80.011211,PBD 250,S,W,5,8,Y,V,-0.21247501341032268,S,W,250,FALSE,0.40823475510954577,FALSE,94.087798,0.8503888144985602
GLLRSRLRPSVPVL,weaker,68.81791299999999,PBD 299,R,R,4,8,W,A,-0.14867126792687785,R,R,299,FALSE,0.5127966435225048,FALSE,90.17911,0.7631247746845139
RRFKHESPWL,weaker,102.693893,PBD 385,F,K,3,4,R,L,0.8673150292643033,F,K,385,FALSE,0.9620320035959372,FALSE,110.716641,0.9275380112010444
GLLCSRLIPSVPVL,weaker,68.523868,PBD 299,C,I,4,8,W,A,-0.1272991412620564,C,I,299,FALSE,0.5127966435225048,FALSE,90.17911,0.7598640971284812
GGGRSPVCDYVVL,weaker,80.011211,PBD 250,S,C,5,8,Y,V,-0.07748544700854701,S,C,250,FALSE,0.40823475510954577,FALSE,94.087798,0.8503888144985602
GLLRSRLSPSVPVL,weaker,68.83891799999999,PBD 299,R,S,4,8,W,A,-0.08454227029055975,R,S,299,FALSE,0.5127966435225048,FALSE,90.17911,0.7633577000260925
RRFNHESPWL,no significant difference,102.693893,PBD 385,F,N,3,4,R,L,0.8829763669391837,F,N,385,FALSE,0.9620320035959372,FALSE,110.716641,0.9275380112010444
GLLCSRLQPSVPVL,weaker,68.48185699999999,PBD 299,C,Q,4,8,W,A,0.04461849073070118,C,Q,299,FALSE,0.5127966435225048,FALSE,90.17911,0.7593982353562815
DKDLPPWP,weaker,82.346907,PBD 152,D,W,3,7,P,L,0.2987970456584294,D,W,152,FALSE,0.7613639068369705,FALSE,105.979591,0.7770072164177346
GLLRSRLMPSVPVL,weaker,68.81791299999999,PBD 299,R,M,4,8,W,A,-0.14853218543716082,R,M,299,FALSE,0.5127966435225048,FALSE,90.17911,0.7631247746845139
RRFTHESPWL,weaker,103.075957,PBD 385,F,T,3,4,R,L,0.9021147443852892,F,T,385,FALSE,0.9620320035959372,FALSE,110.716641,0.9309888384348655
GLLCSRLHPSVPVL,weaker,68.50286299999999,PBD 299,C,H,4,8,W,A,-0.14158997609853927,C,H,299,FALSE,0.5127966435225048,FALSE,90.17911,0.7596311717869026
DKDLPPCP,weaker,82.346907,PBD 152,D,C,3,7,P,L,0.40046544819933866,D,C,152,FALSE,0.7613639068369705,FALSE,105.979591,0.7770072164177346
GGGRSPVFDYVVL,weaker,80.011211,PBD 250,S,F,5,8,Y,V,-0.1246898381525378,S,F,250,FALSE,0.40823475510954577,FALSE,94.087798,0.8503888144985602
GLLRSRLIPSVPVL,weaker,68.75489799999998,PBD 299,R,I,4,8,W,A,-0.01708141281681481,R,I,299,FALSE,0.5127966435225048,FALSE,90.17911,0.7624259986597781
GLLCSRLPPSVPVL,weaker,69.49009999999998,PBD 299,C,P,4,8,W,A,-0.10376464522263032,C,P,299,FALSE,0.5127966435225048,FALSE,90.17911,0.77057868501918
GLLRSRLQPSVPVL,weaker,68.712887,PBD 299,R,Q,4,8,W,A,-0.09638312766901046,R,Q,299,FALSE,0.5127966435225048,FALSE,90.17911,0.7619601368875785
RRFRHESPWL,weaker,104.222149,PBD 385,F,R,3,4,R,L,0.8858004379626647,F,R,385,FALSE,0.9620320035959372,FALSE,110.716641,0.941341320136329
DKDLPPFP,weaker,82.346907,PBD 152,D,F,3,7,P,L,0.3587779333880289,D,F,152,FALSE,0.7613639068369705,FALSE,105.979591,0.7770072164177346
GLLRSRLHPSVPVL,weaker,68.733893,PBD 299,R,H,4,8,W,A,-0.02749298265527305,R,H,299,FALSE,0.5127966435225048,FALSE,90.17911,0.7621930733181997
RRFSHESPWL,weaker,104.222149,PBD 385,F,S,3,4,R,L,0.8945006437218982,F,S,385,FALSE,0.9620320035959372,FALSE,110.716641,0.941341320136329
DKALPPKP,weaker,80.778547,PBD 152,A,K,3,7,P,L,0.37752918062028273,A,K,152,FALSE,0.7613639068369705,FALSE,105.979591,0.7622085180532543
GLLRSRLPPSVPVL,weaker,69.72112999999999,PBD 299,R,P,4,8,W,A,-0.01283520974069035,R,P,299,FALSE,0.5127966435225048,FALSE,90.17911,0.7731405865504771
RRFMHESPWL,weaker,103.458021,PBD 385,F,M,3,4,R,L,0.8895803433639159,F,M,385,FALSE,0.9620320035959372,FALSE,110.716641,0.9344396656686866
DKALPPNP,weaker,80.778547,PBD 152,A,N,3,7,P,L,0.29384548881410655,A,N,152,FALSE,0.7613639068369705,FALSE,105.979591,0.7622085180532543
RRFIHESPWL,weaker,103.075957,PBD 385,F,I,3,4,R,L,0.8946142263351431,F,I,385,FALSE,0.9620320035959372,FALSE,110.716641,0.9309888384348655
GLLCSRLLPSVPVL,weaker,73.22899699999999,PBD 299,C,L,4,8,W,A,-0.22144474536655184,C,L,299,FALSE,0.5127966435225048,FALSE,90.17911,0.8120394734434615
DKALPPTP,weaker,81.251394,PBD 152,A,T,3,7,P,L,0.5409759267985943,A,T,152,FALSE,0.7613639068369705,FALSE,105.979591,0.7666701978496974
RRFQHESPWL,no significant difference,102.693893,PBD 385,F,Q,3,4,R,L,0.9359501795149232,F,Q,385,FALSE,0.9620320035959372,FALSE,110.716641,0.9275380112010444
DKALPPRP,weaker,80.778547,PBD 152,A,R,3,7,P,L,0.42844510103849903,A,R,152,FALSE,0.7613639068369705,FALSE,105.979591,0.7622085180532543
RRFHHESPWL,no significant difference,103.075957,PBD 385,F,H,3,4,R,L,0.8985648941571435,F,H,385,FALSE,0.9620320035959372,FALSE,110.716641,0.9309888384348655
GLLCSRLEPSVPVL,weaker,68.523868,PBD 299,C,E,4,8,W,A,-0.22303544914959136,C,E,299,FALSE,0.5127966435225048,FALSE,90.17911,0.7598640971284812
DKALPPSP,weaker,80.778547,PBD 152,A,S,3,7,P,L,0.3716647121973963,A,S,152,FALSE,0.7613639068369705,FALSE,105.979591,0.7622085180532543
GLLRSRLLPSVPVL,weaker,73.46002699999998,PBD 299,R,L,4,8,W,A,-0.06054954046816485,R,L,299,FALSE,0.5127966435225048,FALSE,90.17911,0.8146013749747584
RRFPHESPWL,weaker,103.458021,PBD 385,F,P,3,4,R,L,0.9022362780092636,F,P,385,FALSE,0.9620320035959372,FALSE,110.716641,0.9344396656686866
GLLCSRLDPSVPVL,weaker,68.523868,PBD 299,C,D,4,8,W,A,-0.21555263439403105,C,D,299,FALSE,0.5127966435225048,FALSE,90.17911,0.7598640971284812
DKALPPMP,weaker,80.778547,PBD 152,A,M,3,7,P,L,0.3835666557036434,A,M,152,FALSE,0.7613639068369705,FALSE,105.979591,0.7622085180532543
GLLCSRLAPSVPVL,weaker,81.231918,PBD 299,C,A,4,8,W,A,-0.0208279408264579,C,A,299,FALSE,0.5127966435225048,FALSE,90.17911,0.9007842060095735
DKALPPIP,weaker,82.197088,PBD 152,A,I,3,7,P,L,0.5700229323797735,A,I,152,FALSE,0.7613639068369705,FALSE,105.979591,0.7755935574425834
GLLRSRLEPSVPVL,weaker,68.75489799999998,PBD 299,R,E,4,8,W,A,-0.02128894817559672,R,E,299,FALSE,0.5127966435225048,FALSE,90.17911,0.7624259986597781
DKALPPQP,weaker,80.778547,PBD 152,A,Q,3,7,P,L,0.4505530473603117,A,Q,152,FALSE,0.7613639068369705,FALSE,105.979591,0.7622085180532543
GLLRSRLDPSVPVL,weaker,68.75489799999998,PBD 299,R,D,4,8,W,A,-0.12552887197205873,R,D,299,FALSE,0.5127966435225048,FALSE,90.17911,0.7624259986597781
GLLCSRLGPSVPVL,weaker,68.670903,PBD 299,C,G,4,8,W,A,-0.14383595255911413,C,G,299,FALSE,0.5127966435225048,FALSE,90.17911,0.7614945745195312
DKALPPHP,weaker,80.778547,PBD 152,A,H,3,7,P,L,0.26841240673535854,A,H,152,FALSE,0.7613639068369705,FALSE,105.979591,0.7622085180532543
GLLRSRLAPSVPVL,weaker,81.46294799999998,PBD 299,R,A,4,8,W,A,-0.04957381737732762,R,A,299,FALSE,0.5127966435225048,FALSE,90.17911,0.9033461075408705
RRFLHESPWL,no significant difference,107.660725,PBD 385,F,L,3,4,R,L,0.9401767821575971,F,L,385,FALSE,0.9620320035959372,FALSE,110.716641,0.9723987652407193
GLLCSRLVPSVPVL,weaker,69.00698399999999,PBD 299,C,V,4,8,W,A,-0.23048055195654543,C,V,299,FALSE,0.5127966435225048,FALSE,90.17911,0.7652213910738307
GLLRSRLGPSVPVL,weaker,68.90193299999999,PBD 299,R,G,4,8,W,A,-0.14742559657204224,R,G,299,FALSE,0.5127966435225048,FALSE,90.17911,0.764056476050828
RRFEHESPWL,no significant difference,102.693893,PBD 385,F,E,3,4,R,L,0.9051162256065308,F,E,385,FALSE,0.9620320035959372,FALSE,110.716641,0.9275380112010444
DKALPPLP,weaker,95.673227,PBD 152,A,L,3,7,P,L,0.6288129383862237,A,L,152,FALSE,0.7613639068369705,FALSE,105.979591,0.9027514269233214
RRFDHESPWL,no significant difference,103.075957,PBD 385,F,D,3,4,R,L,0.9122294452036884,F,D,385,FALSE,0.9620320035959372,FALSE,110.716641,0.9309888384348655
GLLCSRL*PSVPVL,weaker,NA,PBD 299,C,*,4,8,W,A,-0.11732759808657578,C,*,299,FALSE,0.5127966435225048,FALSE,90.17911,NA
DKALPPEP,weaker,80.778547,PBD 152,A,E,3,7,P,L,0.4056278397260882,A,E,152,FALSE,0.7613639068369705,FALSE,105.979591,0.7622085180532543
GLLRSRLVPSVPVL,weaker,69.23801399999999,PBD 299,R,V,4,8,W,A,-0.12858763221982372,R,V,299,FALSE,0.5127966435225048,FALSE,90.17911,0.7677832926051277
RRFAHESPWL,weaker,102.693893,PBD 385,F,A,3,4,R,L,0.9058347930707512,F,A,385,FALSE,0.9620320035959372,FALSE,110.716641,0.9275380112010444
GLLCSRLYPSVPVL,weaker,68.48185699999999,PBD 299,C,Y,4,8,W,A,-0.18787797143502816,C,Y,299,FALSE,0.5127966435225048,FALSE,90.17911,0.7593982353562815
DKALPPDP,weaker,80.778547,PBD 152,A,D,3,7,P,L,0.32935295061763104,A,D,152,FALSE,0.7613639068369705,FALSE,105.979591,0.7622085180532543
DKALPPAP,weaker,80.778547,PBD 152,A,A,3,7,P,L,0.3711666954122921,A,A,152,FALSE,0.7613639068369705,FALSE,105.979591,0.7622085180532543
GLLRSRL*PSVPVL,weaker,NA,PBD 299,R,*,4,8,W,A,-0.13150238557926325,R,*,299,FALSE,0.5127966435225048,FALSE,90.17911,NA
RRFGHESPWL,weaker,103.075957,PBD 385,F,G,3,4,R,L,0.8965895499943219,F,G,385,FALSE,0.9620320035959372,FALSE,110.716641,0.9309888384348655
GLLRSRLYPSVPVL,weaker,68.712887,PBD 299,R,Y,4,8,W,A,-0.1437645021656412,R,Y,299,FALSE,0.5127966435225048,FALSE,90.17911,0.7619601368875785
GLLCSRLWPSVPVL,weaker,68.523868,PBD 299,C,W,4,8,W,A,-0.0699934756423401,C,W,299,FALSE,0.5127966435225048,FALSE,90.17911,0.7598640971284812
DKALPPGP,weaker,80.778547,PBD 152,A,G,3,7,P,L,0.22031420111819944,A,G,152,FALSE,0.7613639068369705,FALSE,105.979591,0.7622085180532543
RRFVHESPWL,weaker,103.075957,PBD 385,F,V,3,4,R,L,0.9233751607486644,F,V,385,FALSE,0.9620320035959372,FALSE,110.716641,0.9309888384348655
GLLCSRLCPSVPVL,weaker,68.48185699999999,PBD 299,C,C,4,8,W,A,-0.07880092188919027,C,C,299,FALSE,0.5127966435225048,FALSE,90.17911,0.7593982353562815
DKALPPVP,weaker,82.197088,PBD 152,A,V,3,7,P,L,0.5137908372125977,A,V,152,FALSE,0.7613639068369705,FALSE,105.979591,0.7755935574425834
GLLRSRLWPSVPVL,weaker,68.75489799999998,PBD 299,R,W,4,8,W,A,-0.21315510115879532,R,W,299,FALSE,0.5127966435225048,FALSE,90.17911,0.7624259986597781
RRF*HESPWL,weaker,NA,PBD 385,F,*,3,4,R,L,0.3805520225808568,F,*,385,FALSE,0.9620320035959372,FALSE,110.716641,NA
GLLCSRLFPSVPVL,weaker,68.523868,PBD 299,C,F,4,8,W,A,-0.09947596920234451,C,F,299,FALSE,0.5127966435225048,FALSE,90.17911,0.7598640971284812
GLLRSRLCPSVPVL,weaker,68.712887,PBD 299,R,C,4,8,W,A,-0.14158997609853927,R,C,299,FALSE,0.5127966435225048,FALSE,90.17911,0.7619601368875785
RRFYHESPWL,weaker,102.693893,PBD 385,F,Y,3,4,R,L,0.9106946650655232,F,Y,385,FALSE,0.9620320035959372,FALSE,110.716641,0.9275380112010444
GLLLSRLKPSVPVL,weaker,68.985924,PBD 299,L,K,4,8,W,A,-0.09494423456522988,L,K,299,FALSE,0.5127966435225048,FALSE,90.17911,0.7649878558349046
DKALPP*P,weaker,NA,PBD 152,A,*,3,7,P,L,0.19967949901109744,A,*,152,FALSE,0.7613639068369705,FALSE,105.979591,NA
GLLLSRLNPSVPVL,weaker,69.00693,PBD 299,L,N,4,8,W,A,-0.07748544700854701,L,N,299,FALSE,0.5127966435225048,FALSE,90.17911,0.7652207922655259
DKALPPYP,weaker,80.778547,PBD 152,A,Y,3,7,P,L,0.23030620518376105,A,Y,152,FALSE,0.7613639068369705,FALSE,105.979591,0.7622085180532543
GLLRSRLFPSVPVL,weaker,68.75489799999998,PBD 299,R,F,4,8,W,A,-0.16615058139756858,R,F,299,FALSE,0.5127966435225048,FALSE,90.17911,0.7624259986597781
GLLLSRLTPSVPVL,weaker,69.13296,PBD 299,L,T,4,8,W,A,-0.0773629152909709,L,T,299,FALSE,0.5127966435225048,FALSE,90.17911,0.7666183443149971
RRFWHESPWL,weaker,103.458021,PBD 385,F,W,3,4,R,L,0.9021968396470212,F,W,385,FALSE,0.9620320035959372,FALSE,110.716641,0.9344396656686866
RRFCHESPWL,weaker,103.458021,PBD 385,F,C,3,4,R,L,0.9032320471285044,F,C,385,FALSE,0.9620320035959372,FALSE,110.716641,0.9344396656686866
GLLLSRLRPSVPVL,weaker,69.09094999999999,PBD 299,L,R,4,8,W,A,-0.09349906454116848,L,R,299,FALSE,0.5127966435225048,FALSE,90.17911,0.76615249363184
DKALPPWP,weaker,80.778547,PBD 152,A,W,3,7,P,L,0.33920585984296536,A,W,152,FALSE,0.7613639068369705,FALSE,105.979591,0.7622085180532543
GLLLSRLSPSVPVL,weaker,69.111955,PBD 299,L,S,4,8,W,A,-0.09835877787340558,L,S,299,FALSE,0.5127966435225048,FALSE,90.17911,0.7663854189734186
DKALPPCP,weaker,80.778547,PBD 152,A,C,3,7,P,L,0.3982052959910284,A,C,152,FALSE,0.7613639068369705,FALSE,105.979591,0.7622085180532543
GGGRWPVKDYVVL,weaker,83.27890500000001,PBD 250,W,K,5,8,Y,V,-0.06300445531464517,W,K,250,FALSE,0.40823475510954577,FALSE,94.087798,0.8851190778213345
RRFFHESPWL,weaker,104.604213,PBD 385,F,F,3,4,R,L,0.901672989024298,F,F,385,FALSE,0.9620320035959372,FALSE,110.716641,0.9447921473701502
GLLLSRLMPSVPVL,weaker,69.09094999999999,PBD 299,L,M,4,8,W,A,-0.1445146314334428,L,M,299,FALSE,0.5127966435225048,FALSE,90.17911,0.76615249363184
GGGRWPVNDYVVL,weaker,83.20235400000001,PBD 250,W,N,5,8,Y,V,-0.05767128698807939,W,N,250,FALSE,0.40823475510954577,FALSE,94.087798,0.8843054654122101
PPPALPPKRRR,no significant difference,NA,reference,NA,NA,NA,NA,NA,NA,1,NA,NA,reference,FALSE,NA,NA,NA,NA
GLLLSRLIPSVPVL,weaker,69.02793499999999,PBD 299,L,I,4,8,W,A,-0.0918678131427294,L,I,299,FALSE,0.5127966435225048,FALSE,90.17911,0.7654537176071042
DKALPPFP,weaker,80.778547,PBD 152,A,F,3,7,P,L,0.3768240920713687,A,F,152,FALSE,0.7613639068369705,FALSE,105.979591,0.7622085180532543
GGGRWPVTDYVVL,weaker,84.563405,PBD 250,W,T,5,8,Y,V,0.01660231973471656,W,T,250,FALSE,0.40823475510954577,FALSE,94.087798,0.8987712200470458
DKKLPPKP,weaker,80.330444,PBD 152,K,K,3,7,P,L,0.35979685100347963,K,K,152,FALSE,0.7613639068369705,FALSE,105.979591,0.7579803171725771
GLLLSRLQPSVPVL,weaker,68.985924,PBD 299,L,Q,4,8,W,A,-0.120431369541305,L,Q,299,FALSE,0.5127966435225048,FALSE,90.17911,0.7649878558349046
DKKLPPTP,weaker,80.803291,PBD 152,K,T,3,7,P,L,0.5479086300997356,K,T,152,FALSE,0.7613639068369705,FALSE,105.979591,0.7624419969690203
GLLLSRLHPSVPVL,weaker,69.00693,PBD 299,L,H,4,8,W,A,-0.07427802184188993,L,H,299,FALSE,0.5127966435225048,FALSE,90.17911,0.7652207922655259
GGGRWPVRDYVVL,weaker,84.61000800000001,PBD 250,W,R,5,8,Y,V,0.10858428762984536,W,R,250,FALSE,0.40823475510954577,FALSE,94.087798,0.8992665340090115
GLLLSRLPPSVPVL,weaker,69.99416699999999,PBD 299,L,P,4,8,W,A,-0.03615480710745089,L,P,299,FALSE,0.5127966435225048,FALSE,90.17911,0.7761683054978031
GGGRWPVSDYVVL,weaker,83.640405,PBD 250,W,S,5,8,Y,V,-0.13128888131546515,W,S,250,FALSE,0.40823475510954577,FALSE,94.087798,0.8889612338467098
DKKLPPRP,weaker,80.330444,PBD 152,K,R,3,7,P,L,0.3083472739856583,K,R,152,FALSE,0.7613639068369705,FALSE,105.979591,0.7579803171725771
GGGRWPVMDYVVL,weaker,83.514437,PBD 250,W,M,5,8,Y,V,-0.26697184101115073,W,M,250,FALSE,0.40823475510954577,FALSE,94.087798,0.887622399240335
DKKLPPSP,weaker,80.330444,PBD 152,K,S,3,7,P,L,0.38147778610741107,K,S,152,FALSE,0.7613639068369705,FALSE,105.979591,0.7579803171725771
GGGRWPVIDYVVL,weaker,85.77969200000001,PBD 250,W,I,5,8,Y,V,0.2597497025662149,W,I,250,FALSE,0.40823475510954577,FALSE,94.087798,0.911698369218929
DKKLPPMP,weaker,80.330444,PBD 152,K,M,3,7,P,L,0.3629144431179459,K,M,152,FALSE,0.7613639068369705,FALSE,105.979591,0.7579803171725771
GGGRWPVQDYVVL,weaker,83.412969,PBD 250,W,Q,5,8,Y,V,0.12084761446258176,W,Q,250,FALSE,0.40823475510954577,FALSE,94.087798,0.8865439597172845
DKKLPPIP,no significant difference,81.74898499999999,PBD 152,K,I,3,7,P,L,0.541669132011561,K,I,152,FALSE,0.7613639068369705,FALSE,105.979591,0.7713653565619063
GLLLSRLLPSVPVL,weaker,73.73306399999998,PBD 299,L,L,4,8,W,A,-0.12802139593748688,L,L,299,FALSE,0.5127966435225048,FALSE,90.17911,0.8176290939220845
GGGRWPVHDYVVL,weaker,83.221461,PBD 250,W,H,5,8,Y,V,0.06796098559789751,W,H,250,FALSE,0.40823475510954577,FALSE,94.087798,0.8845085416920906
DKALPPPP,weaker,81.251394,PBD 152,A,P,3,7,P,L,0.49782776765229775,A,P,152,FALSE,0.7613639068369705,FALSE,105.979591,0.7666701978496974
GGGRWPVPDYVVL,no significant difference,84.479696,PBD 250,W,P,5,8,Y,V,0.4135100884938061,W,P,250,FALSE,0.40823475510954577,TRUE,94.087798,0.8978815297601077
GLLLSRLEPSVPVL,weaker,69.02793499999999,PBD 299,L,E,4,8,W,A,-0.09202207474404814,L,E,299,FALSE,0.5127966435225048,FALSE,90.17911,0.7654537176071042
DKKLPPLP,weaker,95.225124,PBD 152,K,L,3,7,P,L,0.5919012916829879,K,L,152,FALSE,0.7613639068369705,FALSE,105.979591,0.8985232260426443
GLLLSRLDPSVPVL,weaker,69.02793499999999,PBD 299,L,D,4,8,W,A,-0.0742780218418897,L,D,299,FALSE,0.5127966435225048,FALSE,90.17911,0.7654537176071042
GLLLSRLAPSVPVL,weaker,81.73598499999999,PBD 299,L,A,4,8,W,A,0.12396065779795486,L,A,299,FALSE,0.5127966435225048,FALSE,90.17911,0.9063738264881965
GGGRWPVLDYVVL,weaker,83.349394,PBD 250,W,L,5,8,Y,V,-0.09538662039497192,W,L,250,FALSE,0.40823475510954577,FALSE,94.087798,0.885868261046985
DKKLPPEP,weaker,80.330444,PBD 152,K,E,3,7,P,L,0.34141092977562076,K,E,152,FALSE,0.7613639068369705,FALSE,105.979591,0.7579803171725771
DKKLPPDP,weaker,80.330444,PBD 152,K,D,3,7,P,L,0.21723021620652525,K,D,152,FALSE,0.7613639068369705,FALSE,105.979591,0.7579803171725771
GLLLSRLGPSVPVL,weaker,69.17496999999999,PBD 299,L,G,4,8,W,A,-0.1855131291741237,L,G,299,FALSE,0.5127966435225048,FALSE,90.17911,0.7670841949981542
GGGRWPVEDYVVL,weaker,83.573856,PBD 250,W,E,5,8,Y,V,0.2811952626634304,W,E,250,FALSE,0.40823475510954577,FALSE,94.087798,0.8882539264018061
DKKLPPAP,weaker,80.330444,PBD 152,K,A,3,7,P,L,0.30807488648261855,K,A,152,FALSE,0.7613639068369705,FALSE,105.979591,0.7579803171725771
GGGRWPVDDYVVL,weaker,83.22150300000001,PBD 250,W,D,5,8,Y,V,-0.18671424083637825,W,D,250,FALSE,0.40823475510954577,FALSE,94.087798,0.8845089880836621
GLLLSRLVPSVPVL,weaker,69.511051,PBD 299,L,V,4,8,W,A,-0.2270012661012866,L,V,299,FALSE,0.5127966435225048,FALSE,90.17911,0.7708110115524538
GGGRWPVADYVVL,weaker,86.811349,PBD 250,W,A,5,8,Y,V,0.2372060099596333,W,A,250,FALSE,0.40823475510954577,FALSE,94.087798,0.9226632022996223
DKKLPPGP,weaker,80.330444,PBD 152,K,G,3,7,P,L,0.25203183064143136,K,G,152,FALSE,0.7613639068369705,FALSE,105.979591,0.7579803171725771
GLLLSRL*PSVPVL,weaker,NA,PBD 299,L,*,4,8,W,A,-0.10883236795812544,L,*,299,FALSE,0.5127966435225048,FALSE,90.17911,NA
GGGRWPVGDYVVL,weaker,83.31998800000001,PBD 250,W,G,5,8,Y,V,-0.03908259867640494,W,G,250,FALSE,0.40823475510954577,FALSE,94.087798,0.8855557231767716
DKKLPPVP,weaker,81.74898499999999,PBD 152,K,V,3,7,P,L,0.450350313517635,K,V,152,FALSE,0.7613639068369705,FALSE,105.979591,0.7713653565619063
GLLLSRLYPSVPVL,weaker,68.985924,PBD 299,L,Y,4,8,W,A,-0.12300082362915804,L,Y,299,FALSE,0.5127966435225048,FALSE,90.17911,0.7649878558349046
GGGRWPVVDYVVL,no significant difference,91.25347900000001,PBD 250,W,V,5,8,Y,V,0.31803336143919003,W,V,250,FALSE,0.40823475510954577,FALSE,94.087798,0.9698758068501083
DKKLPP*P,weaker,NA,PBD 152,K,*,3,7,P,L,0.15475230399805998,K,*,152,FALSE,0.7613639068369705,FALSE,105.979591,NA
DKKLPPYP,weaker,80.330444,PBD 152,K,Y,3,7,P,L,0.3941839699447865,K,Y,152,FALSE,0.7613639068369705,FALSE,105.979591,0.7579803171725771
GLLLSRLWPSVPVL,weaker,69.02793499999999,PBD 299,L,W,4,8,W,A,-0.18136181290561376,L,W,299,FALSE,0.5127966435225048,FALSE,90.17911,0.7654537176071042
GGGRWPV*DYVVL,weaker,NA,PBD 250,W,*,5,8,Y,V,-0.12553018071606442,W,*,250,FALSE,0.40823475510954577,FALSE,94.087798,NA
GLLLSRLCPSVPVL,weaker,68.985924,PBD 299,L,C,4,8,W,A,-0.22706191821296168,L,C,299,FALSE,0.5127966435225048,FALSE,90.17911,0.7649878558349046
GGGRWPVYDYVVL,no significant difference,83.20235400000001,PBD 250,W,Y,5,8,Y,V,0.00408138244335669,W,Y,250,FALSE,0.40823475510954577,FALSE,94.087798,0.8843054654122101
DKKLPPWP,weaker,80.330444,PBD 152,K,W,3,7,P,L,0.2624115375221113,K,W,152,FALSE,0.7613639068369705,FALSE,105.979591,0.7579803171725771
DKKLPPCP,weaker,80.330444,PBD 152,K,C,3,7,P,L,0.3408269225786696,K,C,152,FALSE,0.7613639068369705,FALSE,105.979591,0.7579803171725771
GLLLSRLFPSVPVL,weaker,69.02793499999999,PBD 299,L,F,4,8,W,A,-0.20252305683030788,L,F,299,FALSE,0.5127966435225048,FALSE,90.17911,0.7654537176071042
GLLFSRLKPSVPVL,weaker,71.44325099999999,PBD 299,F,K,4,8,W,A,-0.17673776623144616,F,K,299,FALSE,0.5127966435225048,FALSE,90.17911,0.7922372598265829
GGGRWPVWDYVVL,weaker,83.20235400000001,PBD 250,W,W,5,8,Y,V,-0.2568870917299855,W,W,250,FALSE,0.40823475510954577,FALSE,94.087798,0.8843054654122101
DKKLPPFP,weaker,80.330444,PBD 152,K,F,3,7,P,L,0.20488940292491412,K,F,152,FALSE,0.7613639068369705,FALSE,105.979591,0.7579803171725771
GLLFSRLNPSVPVL,weaker,71.46425699999999,PBD 299,F,N,4,8,W,A,-0.17952567357499585,F,N,299,FALSE,0.5127966435225048,FALSE,90.17911,0.792470196257204
GGGRWPVCDYVVL,weaker,83.20235400000001,PBD 250,W,C,5,8,Y,V,-0.010911458646063,W,C,250,FALSE,0.40823475510954577,FALSE,94.087798,0.8843054654122101
DKNLPPKP,weaker,80.330444,PBD 152,N,K,3,7,P,L,0.21403624261306844,N,K,152,FALSE,0.7613639068369705,FALSE,105.979591,0.7579803171725771
GLLFSRLTPSVPVL,weaker,71.59028699999999,PBD 299,F,T,4,8,W,A,-0.14522709022397495,F,T,299,FALSE,0.5127966435225048,FALSE,90.17911,0.7938677483066754
DKNLPPNP,weaker,80.330444,PBD 152,N,N,3,7,P,L,0.39233045888436496,N,N,152,FALSE,0.7613639068369705,FALSE,105.979591,0.7579803171725771
DKGLPPKP,weaker,80.330444,PBD 152,G,K,3,7,P,L,0.19824654262402,G,K,152,FALSE,0.7613639068369705,FALSE,105.979591,0.7579803171725771
GGGRWPVFDYVVL,weaker,83.20235400000001,PBD 250,W,F,5,8,Y,V,-0.26830576664208505,W,F,250,FALSE,0.40823475510954577,FALSE,94.087798,0.8843054654122101
DKNLPPTP,weaker,80.803291,PBD 152,N,T,3,7,P,L,0.36583749055272285,N,T,152,FALSE,0.7613639068369705,FALSE,105.979591,0.7624419969690203
GLLFSRLRPSVPVL,weaker,71.548277,PBD 299,F,R,4,8,W,A,-0.17833699466577838,F,R,299,FALSE,0.5127966435225048,FALSE,90.17911,0.7934018976235184
DKGLPPNP,weaker,80.330444,PBD 152,G,N,3,7,P,L,0.1893813413291237,G,N,152,FALSE,0.7613639068369705,FALSE,105.979591,0.7579803171725771
GGGRCPVKDYVVL,weaker,80.04784500000001,PBD 250,C,K,5,8,Y,V,0.08415580558380355,C,K,250,FALSE,0.40823475510954577,FALSE,94.087798,0.8507781742325398
GLLFSRLSPSVPVL,weaker,71.56928199999999,PBD 299,F,S,4,8,W,A,-0.21063795877657815,F,S,299,FALSE,0.5127966435225048,FALSE,90.17911,0.7936348229650968
DKGLPPTP,weaker,80.803291,PBD 152,G,T,3,7,P,L,0.37057820847278194,G,T,152,FALSE,0.7613639068369705,FALSE,105.979591,0.7624419969690203
GGGRCPVNDYVVL,weaker,79.97129400000001,PBD 250,C,N,5,8,Y,V,-0.17272497612650156,C,N,250,FALSE,0.40823475510954577,FALSE,94.087798,0.8499645618234153
DKNLPPRP,weaker,80.330444,PBD 152,N,R,3,7,P,L,0.35501050623400043,N,R,152,FALSE,0.7613639068369705,FALSE,105.979591,0.7579803171725771
GLLFSRLMPSVPVL,weaker,71.548277,PBD 299,F,M,4,8,W,A,-0.15920462746306252,F,M,299,FALSE,0.5127966435225048,FALSE,90.17911,0.7934018976235184
GGGRCPVTDYVVL,weaker,81.332345,PBD 250,C,T,5,8,Y,V,-0.06277629626625969,C,T,250,FALSE,0.40823475510954577,FALSE,94.087798,0.8644303164582511
DKNLPPSP,weaker,80.330444,PBD 152,N,S,3,7,P,L,0.2100568357563954,N,S,152,FALSE,0.7613639068369705,FALSE,105.979591,0.7579803171725771
GLLFSRLIPSVPVL,weaker,71.48526199999999,PBD 299,F,I,4,8,W,A,-0.1831744460691729,F,I,299,FALSE,0.5127966435225048,FALSE,90.17911,0.7927031215987826
DKGLPPRP,weaker,80.330444,PBD 152,G,R,3,7,P,L,0.29108563386017805,G,R,152,FALSE,0.7613639068369705,FALSE,105.979591,0.7579803171725771
DKNLPPMP,weaker,80.330444,PBD 152,N,M,3,7,P,L,0.33696337560504774,N,M,152,FALSE,0.7613639068369705,FALSE,105.979591,0.7579803171725771
GLLFSRLQPSVPVL,weaker,71.44325099999999,PBD 299,F,Q,4,8,W,A,-0.2023229538697418,F,Q,299,FALSE,0.5127966435225048,FALSE,90.17911,0.7922372598265829
DKGLPPSP,weaker,80.330444,PBD 152,G,S,3,7,P,L,0.22793037291732615,G,S,152,FALSE,0.7613639068369705,FALSE,105.979591,0.7579803171725771
GGGRCPVRDYVVL,weaker,81.37894800000001,PBD 250,C,R,5,8,Y,V,-0.0232136420422621,C,R,250,FALSE,0.40823475510954577,FALSE,94.087798,0.8649256304202166
DKNLPPIP,weaker,81.74898499999999,PBD 152,N,I,3,7,P,L,0.4176458098415591,N,I,152,FALSE,0.7613639068369705,FALSE,105.979591,0.7713653565619063
GLLFSRLHPSVPVL,weaker,71.46425699999999,PBD 299,F,H,4,8,W,A,-0.14302342458882153,F,H,299,FALSE,0.5127966435225048,FALSE,90.17911,0.792470196257204
DKGLPPMP,weaker,80.330444,PBD 152,G,M,3,7,P,L,0.21325995592222263,G,M,152,FALSE,0.7613639068369705,FALSE,105.979591,0.7579803171725771
GGGRCPVSDYVVL,weaker,80.409345,PBD 250,C,S,5,8,Y,V,0.01552601372626142,C,S,250,FALSE,0.40823475510954577,FALSE,94.087798,0.8546203302579151
RREKHESPWL,weaker,102.311903,PBD 385,E,K,3,4,R,L,0.8724378437126543,E,K,385,FALSE,0.9620320035959372,FALSE,110.716641,0.9240878523401013
DKNLPPQP,weaker,80.330444,PBD 152,N,Q,3,7,P,L,0.2141126240920591,N,Q,152,FALSE,0.7613639068369705,FALSE,105.979591,0.7579803171725771
GLLFSRLPPSVPVL,weaker,72.451494,PBD 299,F,P,4,8,W,A,-0.00281816413929083,F,P,299,FALSE,0.5127966435225048,FALSE,90.17911,0.8034177094894815
DKGLPPIP,weaker,81.74898499999999,PBD 152,G,I,3,7,P,L,0.3912274177375428,G,I,152,FALSE,0.7613639068369705,FALSE,105.979591,0.7713653565619063
GGGRCPVMDYVVL,weaker,80.283377,PBD 250,C,M,5,8,Y,V,-0.11248635831818447,C,M,250,FALSE,0.40823475510954577,FALSE,94.087798,0.8532814956515402
RRENHESPWL,no significant difference,102.311903,PBD 385,E,N,3,4,R,L,0.8783993700692752,E,N,385,FALSE,0.9620320035959372,FALSE,110.716641,0.9240878523401013
DKGLPPQP,weaker,80.330444,PBD 152,G,Q,3,7,P,L,0.2540014618958439,G,Q,152,FALSE,0.7613639068369705,FALSE,105.979591,0.7579803171725771
GGGRCPVIDYVVL,weaker,82.54863200000001,PBD 250,C,I,5,8,Y,V,-0.2769731082268859,C,I,250,FALSE,0.40823475510954577,FALSE,94.087798,0.8773574656301342
RRETHESPWL,no significant difference,102.693967,PBD 385,E,T,3,4,R,L,0.93079641312708,E,T,385,FALSE,0.9620320035959372,FALSE,110.716641,0.9275386795739224
DKGLPPHP,weaker,80.330444,PBD 152,G,H,3,7,P,L,0.2298886139967931,G,H,152,FALSE,0.7613639068369705,FALSE,105.979591,0.7579803171725771
GGGRCPVQDYVVL,weaker,80.181909,PBD 250,C,Q,5,8,Y,V,0.02379087702178979,C,Q,250,FALSE,0.40823475510954577,FALSE,94.087798,0.8522030561284897
DKNLPPLP,weaker,95.225124,PBD 152,N,L,3,7,P,L,0.4727789869978238,N,L,152,FALSE,0.7613639068369705,FALSE,105.979591,0.8985232260426443
DKGLPPPP,weaker,80.803291,PBD 152,G,P,3,7,P,L,0.341918116577866,G,P,152,FALSE,0.7613639068369705,FALSE,105.979591,0.7624419969690203
GGGRCPVHDYVVL,weaker,79.990401,PBD 250,C,H,5,8,Y,V,0.00979954252526648,C,H,250,FALSE,0.40823475510954577,FALSE,94.087798,0.8501676381032958
RRERHESPWL,weaker,103.840159,PBD 385,E,R,3,4,R,L,0.9075263943957133,E,R,385,FALSE,0.9620320035959372,FALSE,110.716641,0.937891161275386
GLLFSRLLPSVPVL,weaker,76.19039099999999,PBD 299,F,L,4,8,W,A,-0.1246898381525378,F,L,299,FALSE,0.5127966435225048,FALSE,90.17911,0.8448784979137629
GGGRCPVPDYVVL,weaker,81.248636,PBD 250,C,P,5,8,Y,V,0.0614978441946758,C,P,250,FALSE,0.40823475510954577,FALSE,94.087798,0.8635406261713129
RRESHESPWL,weaker,103.840159,PBD 385,E,S,3,4,R,L,0.9224849915295898,E,S,385,FALSE,0.9620320035959372,FALSE,110.716641,0.937891161275386
DKNLPPEP,weaker,80.330444,PBD 152,N,E,3,7,P,L,0.3700212781067589,N,E,152,FALSE,0.7613639068369705,FALSE,105.979591,0.7579803171725771
RREMHESPWL,no significant difference,103.076031,PBD 385,E,M,3,4,R,L,0.975146726755428,E,M,385,FALSE,0.9620320035959372,TRUE,110.716641,0.9309895068077436
DKNLPPDP,weaker,80.330444,PBD 152,N,D,3,7,P,L,0.32199799011102626,N,D,152,FALSE,0.7613639068369705,FALSE,105.979591,0.7579803171725771
GLLFSRLEPSVPVL,weaker,71.48526199999999,PBD 299,F,E,4,8,W,A,-0.19894152794503675,F,E,299,FALSE,0.5127966435225048,FALSE,90.17911,0.7927031215987826
RREIHESPWL,no significant difference,102.693967,PBD 385,E,I,3,4,R,L,0.931782305860818,E,I,385,FALSE,0.9620320035959372,FALSE,110.716641,0.9275386795739224
DKNLPPAP,weaker,80.330444,PBD 152,N,A,3,7,P,L,0.22915803983073135,N,A,152,FALSE,0.7613639068369705,FALSE,105.979591,0.7579803171725771
GLLFSRLDPSVPVL,weaker,71.48526199999999,PBD 299,F,D,4,8,W,A,-0.23338886212373108,F,D,299,FALSE,0.5127966435225048,FALSE,90.17911,0.7927031215987826
DKGLPPLP,weaker,95.225124,PBD 152,G,L,3,7,P,L,0.4316759730163531,G,L,152,FALSE,0.7613639068369705,FALSE,105.979591,0.8985232260426443
RREQHESPWL,no significant difference,102.311903,PBD 385,E,Q,3,4,R,L,0.9215867216571304,E,Q,385,FALSE,0.9620320035959372,FALSE,110.716641,0.9240878523401013
GLLFSRLAPSVPVL,no significant difference,84.19331199999999,PBD 299,F,A,4,8,W,A,0.4134045432846597,F,A,299,FALSE,0.5127966435225048,FALSE,90.17911,0.9336232304798749
GGGRCPVLDYVVL,weaker,80.118334,PBD 250,C,L,5,8,Y,V,-0.1332694981679476,C,L,250,FALSE,0.40823475510954577,FALSE,94.087798,0.8515273574581903
RREHHESPWL,weaker,102.693967,PBD 385,E,H,3,4,R,L,0.9074238145921462,E,H,385,FALSE,0.9620320035959372,FALSE,110.716641,0.9275386795739224
DKNLPPGP,weaker,80.330444,PBD 152,N,G,3,7,P,L,0.2641447644423208,N,G,152,FALSE,0.7613639068369705,FALSE,105.979591,0.7579803171725771
DKGLPPEP,weaker,80.330444,PBD 152,G,E,3,7,P,L,0.24039136831440688,G,E,152,FALSE,0.7613639068369705,FALSE,105.979591,0.7579803171725771
RREPHESPWL,no significant difference,103.076031,PBD 385,E,P,3,4,R,L,0.9370746491496962,E,P,385,FALSE,0.9620320035959372,FALSE,110.716641,0.9309895068077436
GLLFSRLGPSVPVL,weaker,71.632297,PBD 299,F,G,4,8,W,A,-0.25927172818064703,F,G,299,FALSE,0.5127966435225048,FALSE,90.17911,0.7943335989898326
DKGLPPDP,weaker,80.330444,PBD 152,G,D,3,7,P,L,0.21049902972799536,G,D,152,FALSE,0.7613639068369705,FALSE,105.979591,0.7579803171725771
GGGRCPVEDYVVL,no significant difference,80.342796,PBD 250,C,E,5,8,Y,V,0.07708914602046998,C,E,250,FALSE,0.40823475510954577,FALSE,94.087798,0.8539130228130113
DKNLPPVP,weaker,81.74898499999999,PBD 152,N,V,3,7,P,L,0.388414977459224,N,V,152,FALSE,0.7613639068369705,FALSE,105.979591,0.7713653565619063
DKGLPPAP,weaker,80.330444,PBD 152,G,A,3,7,P,L,0.24846262795456783,G,A,152,FALSE,0.7613639068369705,FALSE,105.979591,0.7579803171725771
GGGRCPVDDYVVL,no significant difference,79.99044300000001,PBD 250,C,D,5,8,Y,V,-0.11338770792904022,C,D,250,FALSE,0.40823475510954577,FALSE,94.087798,0.8501680844948674
GLLFSRLVPSVPVL,weaker,71.96837799999999,PBD 299,F,V,4,8,W,A,-0.24795272134702215,F,V,299,FALSE,0.5127966435225048,FALSE,90.17911,0.798060415544132
GGGRCPVADYVVL,weaker,83.58028900000001,PBD 250,C,A,5,8,Y,V,-0.00308867045887493,C,A,250,FALSE,0.40823475510954577,FALSE,94.087798,0.8883222987108276
DKNLPP*P,weaker,NA,PBD 152,N,*,3,7,P,L,0.2301390377987149,N,*,152,FALSE,0.7613639068369705,FALSE,105.979591,NA
DKGLPPGP,weaker,80.330444,PBD 152,G,G,3,7,P,L,0.18654053358975364,G,G,152,FALSE,0.7613639068369705,FALSE,105.979591,0.7579803171725771
RRELHESPWL,stronger,107.278735,PBD 385,E,L,3,4,R,L,0.9866721191773048,E,L,385,FALSE,0.9620320035959372,TRUE,110.716641,0.9689486063797763
DKNLPPYP,weaker,80.330444,PBD 152,N,Y,3,7,P,L,0.37728479696593525,N,Y,152,FALSE,0.7613639068369705,FALSE,105.979591,0.7579803171725771
GLLFSRL*PSVPVL,weaker,NA,PBD 299,F,*,4,8,W,A,-0.287938461326895,F,*,299,FALSE,0.5127966435225048,FALSE,90.17911,NA
GGGRCPVGDYVVL,weaker,80.08892800000001,PBD 250,C,G,5,8,Y,V,-0.01897561139853506,C,G,250,FALSE,0.40823475510954577,FALSE,94.087798,0.8512148195879768
GLLFSRLYPSVPVL,weaker,71.44325099999999,PBD 299,F,Y,4,8,W,A,-0.24496309159938676,F,Y,299,FALSE,0.5127966435225048,FALSE,90.17911,0.7922372598265829
DKGLPPVP,weaker,81.74898499999999,PBD 152,G,V,3,7,P,L,0.2673074211286846,G,V,152,FALSE,0.7613639068369705,FALSE,105.979591,0.7713653565619063
RREEHESPWL,no significant difference,102.311903,PBD 385,E,E,3,4,R,L,0.945376604126838,E,E,385,FALSE,0.9620320035959372,FALSE,110.716641,0.9240878523401013
DKNLPPWP,weaker,80.330444,PBD 152,N,W,3,7,P,L,0.2458215258810252,N,W,152,FALSE,0.7613639068369705,FALSE,105.979591,0.7579803171725771
GGGRCPVVDYVVL,weaker,88.02241900000001,PBD 250,C,V,5,8,Y,V,-0.10044303295591804,C,V,250,FALSE,0.40823475510954577,FALSE,94.087798,0.9355349032613135
RREDHESPWL,weaker,102.693967,PBD 385,E,D,3,4,R,L,0.8886577128183497,E,D,385,FALSE,0.9620320035959372,FALSE,110.716641,0.9275386795739224
DKNLPPCP,weaker,80.330444,PBD 152,N,C,3,7,P,L,0.34798225493549995,N,C,152,FALSE,0.7613639068369705,FALSE,105.979591,0.7579803171725771
DKGLPP*P,weaker,NA,PBD 152,G,*,3,7,P,L,0.1131660245409299,G,*,152,FALSE,0.7613639068369705,FALSE,105.979591,NA
RREAHESPWL,weaker,102.311903,PBD 385,E,A,3,4,R,L,0.9132388914995572,E,A,385,FALSE,0.9620320035959372,FALSE,110.716641,0.9240878523401013
GLLFSRLWPSVPVL,weaker,71.48526199999999,PBD 299,F,W,4,8,W,A,-0.22636984392338444,F,W,299,FALSE,0.5127966435225048,FALSE,90.17911,0.7927031215987826
DKGLPPYP,weaker,80.330444,PBD 152,G,Y,3,7,P,L,0.17588959150022485,G,Y,152,FALSE,0.7613639068369705,FALSE,105.979591,0.7579803171725771
GGGRCPV*DYVVL,no significant difference,NA,PBD 250,C,*,5,8,Y,V,0.11557238019901651,C,*,250,FALSE,0.40823475510954577,FALSE,94.087798,NA
DKNLPPFP,weaker,80.330444,PBD 152,N,F,3,7,P,L,0.22040608443309473,N,F,152,FALSE,0.7613639068369705,FALSE,105.979591,0.7579803171725771
GLLFSRLCPSVPVL,weaker,71.44325099999999,PBD 299,F,C,4,8,W,A,-0.11158020148667444,F,C,299,FALSE,0.5127966435225048,FALSE,90.17911,0.7922372598265829
GGGRCPVYDYVVL,weaker,79.97129400000001,PBD 250,C,Y,5,8,Y,V,-0.1609122197577854,C,Y,250,FALSE,0.40823475510954577,FALSE,94.087798,0.8499645618234153
RREGHESPWL,weaker,102.693967,PBD 385,E,G,3,4,R,L,0.910184467587325,E,G,385,FALSE,0.9620320035959372,FALSE,110.716641,0.9275386795739224
GLLFSRLFPSVPVL,weaker,71.48526199999999,PBD 299,F,F,4,8,W,A,-0.12971236660861862,F,F,299,FALSE,0.5127966435225048,FALSE,90.17911,0.7927031215987826
DKGLPPWP,weaker,80.330444,PBD 152,G,W,3,7,P,L,0.14334991628668195,G,W,152,FALSE,0.7613639068369705,FALSE,105.979591,0.7579803171725771
RREVHESPWL,weaker,102.693967,PBD 385,E,V,3,4,R,L,0.9290366078672876,E,V,385,FALSE,0.9620320035959372,FALSE,110.716641,0.9275386795739224
SKVKKFLGWF,no significant difference,105.21275,PBD 366,K,K,4,5,R,V,0.7565061674264008,K,K,366,FALSE,0.7759614036328946,FALSE,116.71804,0.9014266346487655
DKGLPPCP,weaker,80.330444,PBD 152,G,C,3,7,P,L,0.27546605596450047,G,C,152,FALSE,0.7613639068369705,FALSE,105.979591,0.7579803171725771
GGGRCPVWDYVVL,weaker,79.97129400000001,PBD 250,C,W,5,8,Y,V,-0.17319436446524486,C,W,250,FALSE,0.40823475510954577,FALSE,94.087798,0.8499645618234153
SKVKNFLGWF,no significant difference,104.57394399999998,PBD 366,K,N,4,5,R,V,0.6903909968536596,K,N,366,FALSE,0.7759614036328946,FALSE,116.71804,0.8959535646760345
GGGRCPVCDYVVL,no significant difference,79.97129400000001,PBD 250,C,C,5,8,Y,V,-0.19963879056984551,C,C,250,FALSE,0.40823475510954577,FALSE,94.087798,0.8499645618234153
RRE*HESPWL,weaker,NA,PBD 385,E,*,3,4,R,L,0.4575535225036515,E,*,385,FALSE,0.9620320035959372,FALSE,110.716641,NA
SKVKTFLGWF,no significant difference,108.40678399999999,PBD 366,K,T,4,5,R,V,0.831124051002355,K,T,366,FALSE,0.7759614036328946,TRUE,116.71804,0.9287920187830432
DKGLPPFP,weaker,80.330444,PBD 152,G,F,3,7,P,L,0.20550666863320197,G,F,152,FALSE,0.7613639068369705,FALSE,105.979591,0.7579803171725771
RREYHESPWL,no significant difference,102.311903,PBD 385,E,Y,3,4,R,L,0.9537319391268688,E,Y,385,FALSE,0.9620320035959372,FALSE,110.716641,0.9240878523401013
GGGRCPVFDYVVL,no significant difference,79.97129400000001,PBD 250,C,F,5,8,Y,V,-0.20996037461563305,C,F,250,FALSE,0.40823475510954577,FALSE,94.087798,0.8499645618234153
DKTLPPQP,weaker,80.554495,PBD 152,T,Q,3,7,P,L,0.23302525745082,T,Q,152,FALSE,0.7613639068369705,FALSE,105.979591,0.7600944128950262
SKVKRFLGWF,no significant difference,105.85155699999999,PBD 366,K,R,4,5,R,V,0.7399976205502619,K,R,366,FALSE,0.7759614036328946,FALSE,116.71804,0.9068997131891521
SKVKSFLGWF,weaker,106.490364,PBD 366,K,S,4,5,R,V,0.7119410579528408,K,S,366,FALSE,0.7759614036328946,FALSE,116.71804,0.912372791729539
RREWHESPWL,no significant difference,103.076031,PBD 385,E,W,3,4,R,L,0.9186070016144916,E,W,385,FALSE,0.9620320035959372,FALSE,110.716641,0.9309895068077436
SKVKMFLGWF,no significant difference,104.57394399999998,PBD 366,K,M,4,5,R,V,0.7196688180975994,K,M,366,FALSE,0.7759614036328946,FALSE,116.71804,0.8959535646760345
RRECHESPWL,no significant difference,103.076031,PBD 385,E,C,3,4,R,L,0.9376807437214622,E,C,385,FALSE,0.9620320035959372,FALSE,110.716641,0.9309895068077436
SKVKIFLGWF,no significant difference,107.12916999999999,PBD 366,K,I,4,5,R,V,0.7185879994884642,K,I,366,FALSE,0.7759614036328946,FALSE,116.71804,0.9178458617022697
SKVKQFLGWF,no significant difference,105.21275,PBD 366,K,Q,4,5,R,V,0.6249571509734465,K,Q,366,FALSE,0.7759614036328946,FALSE,116.71804,0.9014266346487655
RREFHESPWL,no significant difference,104.222223,PBD 385,E,F,3,4,R,L,0.927099512958508,E,F,385,FALSE,0.9620320035959372,FALSE,110.716641,0.941341988509207
SKVKHFLGWF,no significant difference,105.21275,PBD 366,K,H,4,5,R,V,0.7164645528734924,K,H,366,FALSE,0.7759614036328946,FALSE,116.71804,0.9014266346487655
RRDKHESPWL,weaker,103.07588199999999,PBD 385,D,K,3,4,R,L,0.9132051158083406,D,K,385,FALSE,0.9620320035959372,FALSE,110.716641,0.9309881610299214
SKVKPFLGWF,weaker,104.57394399999998,PBD 366,K,P,4,5,R,V,0.37646832816663367,K,P,366,FALSE,0.7759614036328946,FALSE,116.71804,0.8959535646760345
RRDNHESPWL,weaker,103.07588199999999,PBD 385,D,N,3,4,R,L,0.8740219507650728,D,N,385,FALSE,0.9620320035959372,FALSE,110.716641,0.9309881610299214
RRDTHESPWL,weaker,103.45794599999999,PBD 385,D,T,3,4,R,L,0.9084862644624472,D,T,385,FALSE,0.9620320035959372,FALSE,110.716641,0.9344389882637425
SKVKLFLGWF,weaker,105.85155699999999,PBD 366,K,L,4,5,R,V,0.701253321365447,K,L,366,FALSE,0.7759614036328946,FALSE,116.71804,0.9068997131891521
GGPIKTPRLLLLV,weaker,80.212777,PBD 246,I,T,4,6,V,P,0.01576225188453794,I,T,246,FALSE,0.5586905293176915,FALSE,98.54540899999999,0.813967670477678
SKVKEFLGWF,no significant difference,104.57394399999998,PBD 366,K,E,4,5,R,V,0.7871480962335041,K,E,366,FALSE,0.7759614036328946,TRUE,116.71804,0.8959535646760345
GGPIKRPRLLLLV,weaker,79.97945299999999,PBD 246,I,R,4,6,V,P,-0.06754684240696363,I,R,246,FALSE,0.5586905293176915,FALSE,98.54540899999999,0.8115999904166007
SKVKDFLGWF,weaker,104.57394399999998,PBD 366,K,D,4,5,R,V,0.6178574948963267,K,D,366,FALSE,0.7759614036328946,FALSE,116.71804,0.8959535646760345
GGPIKSPRLLLLV,weaker,80.17767400000001,PBD 246,I,S,4,6,V,P,0.01373720859845865,I,S,246,FALSE,0.5586905293176915,FALSE,98.54540899999999,0.8136114590584328
SKVKAFLGWF,weaker,104.57394399999998,PBD 366,K,A,4,5,R,V,0.6239510683111756,K,A,366,FALSE,0.7759614036328946,FALSE,116.71804,0.8959535646760345
GGPIKMPRLLLLV,weaker,79.91335600000001,PBD 246,I,M,4,6,V,P,-0.10790645829241656,I,M,246,FALSE,0.5586905293176915,FALSE,98.54540899999999,0.8109292640918464
GGPIKIPRLLLLV,weaker,79.832654,PBD 246,I,I,4,6,V,P,-0.1956451814948422,I,I,246,FALSE,0.5586905293176915,FALSE,98.54540899999999,0.8101103319790373
SKVKGFLGWF,weaker,104.57394399999998,PBD 366,K,G,4,5,R,V,0.4830357861147976,K,G,366,FALSE,0.7759614036328946,FALSE,116.71804,0.8959535646760345
GGPIKQPRLLLLV,weaker,79.88174,PBD 246,I,Q,4,6,V,P,-0.06197130464918916,I,Q,246,FALSE,0.5586905293176915,FALSE,98.54540899999999,0.8106084373753017
GGPIKHPRLLLLV,weaker,79.90728700000001,PBD 246,I,H,4,6,V,P,0.02610474904101236,I,H,246,FALSE,0.5586905293176915,FALSE,98.54540899999999,0.8108676782700249
SKVKVFLGWF,no significant difference,109.68439699999999,PBD 366,K,V,4,5,R,V,0.7536756970408928,K,V,366,FALSE,0.7759614036328946,FALSE,116.71804,0.9397381672961608
GGPIKPPRLLLLV,no significant difference,94.703646,PBD 246,I,P,4,6,V,P,0.4684721643687841,I,P,246,FALSE,0.5586905293176915,FALSE,98.54540899999999,0.9610153020928658
SKVK*FLGWF,weaker,NA,PBD 366,K,*,4,5,R,V,0.1307634814905166,K,*,366,FALSE,0.7759614036328946,FALSE,116.71804,NA
SKVKYFLGWF,no significant difference,104.57394399999998,PBD 366,K,Y,4,5,R,V,0.6209366098234937,K,Y,366,FALSE,0.7759614036328946,FALSE,116.71804,0.8959535646760345
GGPIKLPRLLLLV,weaker,80.028893,PBD 246,I,L,4,6,V,P,-0.07068838050948427,I,L,246,FALSE,0.5586905293176915,FALSE,98.54540899999999,0.8121016880654481
SKVKWFLGWF,weaker,105.21275,PBD 366,K,W,4,5,R,V,0.5116455652616931,K,W,366,FALSE,0.7759614036328946,FALSE,116.71804,0.9014266346487655
GGPIKEPRLLLLV,weaker,79.783721,PBD 246,I,E,4,6,V,P,-0.10131485150453298,I,E,246,FALSE,0.5586905293176915,FALSE,98.54540899999999,0.8096137791665161
SKVKCFLGWF,no significant difference,105.21275,PBD 366,K,C,4,5,R,V,0.7567495952926421,K,C,366,FALSE,0.7759614036328946,FALSE,116.71804,0.9014266346487655
GGPIKDPRLLLLV,weaker,79.75925500000001,PBD 246,I,D,4,6,V,P,-0.00642634632937639,I,D,246,FALSE,0.5586905293176915,FALSE,98.54540899999999,0.8093655078340587
GGPIKAPRLLLLV,weaker,81.91628099999998,PBD 246,I,A,4,6,V,P,0.16872904993540405,I,A,246,FALSE,0.5586905293176915,FALSE,98.54540899999999,0.8312541581718941
SKVKFFLGWF,weaker,105.21275,PBD 366,K,F,4,5,R,V,0.6116920866173965,K,F,366,FALSE,0.7759614036328946,FALSE,116.71804,0.9014266346487655
DKWLPPKP,weaker,80.330444,PBD 152,W,K,3,7,P,L,0.1921219432500884,W,K,152,FALSE,0.7613639068369705,FALSE,105.979591,0.7579803171725771
SKVNKFLGWF,no significant difference,105.21275,PBD 366,N,K,4,5,R,V,0.7561755994304115,N,K,366,FALSE,0.7759614036328946,FALSE,116.71804,0.9014266346487655
DKWLPPNP,weaker,80.330444,PBD 152,W,N,3,7,P,L,0.1792168113385788,W,N,152,FALSE,0.7613639068369705,FALSE,105.979591,0.7579803171725771
GGPIKGPRLLLLV,weaker,79.783834,PBD 246,I,G,4,6,V,P,-0.17339180498158863,I,G,246,FALSE,0.5586905293176915,FALSE,98.54540899999999,0.8096149258460128
SKVNNFLGWF,weaker,104.57394399999998,PBD 366,N,N,4,5,R,V,0.6575392242751302,N,N,366,FALSE,0.7759614036328946,FALSE,116.71804,0.8959535646760345
DKWLPPTP,weaker,80.803291,PBD 152,W,T,3,7,P,L,0.15187850541187545,W,T,152,FALSE,0.7613639068369705,FALSE,105.979591,0.7624419969690203
SKVNTFLGWF,no significant difference,108.40678399999999,PBD 366,N,T,4,5,R,V,0.7590218536599682,N,T,366,FALSE,0.7759614036328946,FALSE,116.71804,0.9287920187830432
GGPIKVPRLLLLV,weaker,80.15599099999999,PBD 246,I,V,4,6,V,P,-0.17632147538044726,I,V,246,FALSE,0.5586905293176915,FALSE,98.54540899999999,0.8133914285139351
DKWLPPRP,weaker,80.330444,PBD 152,W,R,3,7,P,L,0.1019991132087339,W,R,152,FALSE,0.7613639068369705,FALSE,105.979591,0.7579803171725771
DKVLPPKP,weaker,80.554495,PBD 152,V,K,3,7,P,L,0.292511690076417,V,K,152,FALSE,0.7613639068369705,FALSE,105.979591,0.7600944128950262
GLLESRLKPSVPVL,weaker,68.50285999999998,PBD 299,E,K,4,8,W,A,-0.05240149979924834,E,K,299,FALSE,0.5127966435225048,FALSE,90.17911,0.7596311385197746
SKVNRFLGWF,weaker,105.85155699999999,PBD 366,N,R,4,5,R,V,0.6721346920122651,N,R,366,FALSE,0.7759614036328946,FALSE,116.71804,0.9068997131891521
DKWLPPSP,weaker,80.330444,PBD 152,W,S,3,7,P,L,0.08015995443731574,W,S,152,FALSE,0.7613639068369705,FALSE,105.979591,0.7579803171725771
DKVLPPNP,weaker,80.554495,PBD 152,V,N,3,7,P,L,0.30297174993801457,V,N,152,FALSE,0.7613639068369705,FALSE,105.979591,0.7600944128950262
GGPIK*PRLLLLV,weaker,NA,PBD 246,I,*,4,6,V,P,0.1936156963247576,I,*,246,FALSE,0.5586905293176915,FALSE,98.54540899999999,NA
GLLESRLNPSVPVL,weaker,68.52386599999998,PBD 299,E,N,4,8,W,A,-0.02633764020987889,E,N,299,FALSE,0.5127966435225048,FALSE,90.17911,0.7598640749503958
SKVNSFLGWF,weaker,106.490364,PBD 366,N,S,4,5,R,V,0.6092849051203171,N,S,366,FALSE,0.7759614036328946,FALSE,116.71804,0.912372791729539
DKWLPPMP,weaker,80.330444,PBD 152,W,M,3,7,P,L,0.07351346145048075,W,M,152,FALSE,0.7613639068369705,FALSE,105.979591,0.7579803171725771
DKVLPPTP,weaker,81.027342,PBD 152,V,T,3,7,P,L,0.33774223499742573,V,T,152,FALSE,0.7613639068369705,FALSE,105.979591,0.7645560926914693
GGGRFPVKDYVVL,weaker,84.435852,PBD 250,F,K,5,8,Y,V,-0.08366445533907721,F,K,250,FALSE,0.40823475510954577,FALSE,94.087798,0.8974155394730355
GGPIKYPRLLLLV,weaker,79.88332100000001,PBD 246,I,Y,4,6,V,P,-0.2344269603052176,I,Y,246,FALSE,0.5586905293176915,FALSE,98.54540899999999,0.8106244807406504
GLLESRLTPSVPVL,weaker,68.64989599999998,PBD 299,E,T,4,8,W,A,-0.0995062429134817,E,T,299,FALSE,0.5127966435225048,FALSE,90.17911,0.7612616269998671
SKVNMFLGWF,no significant difference,104.57394399999998,PBD 366,N,M,4,5,R,V,0.6691010131201316,N,M,366,FALSE,0.7759614036328946,FALSE,116.71804,0.8959535646760345
DKWLPPIP,weaker,81.74898499999999,PBD 152,W,I,3,7,P,L,0.07668378609839921,W,I,152,FALSE,0.7613639068369705,FALSE,105.979591,0.7713653565619063
GGGRFPVNDYVVL,weaker,84.359301,PBD 250,F,N,5,8,Y,V,-0.13409727588659817,F,N,250,FALSE,0.40823475510954577,FALSE,94.087798,0.8966019270639111
SKVNIFLGWF,no significant difference,107.12916999999999,PBD 366,N,I,4,5,R,V,0.6937998585201063,N,I,366,FALSE,0.7759614036328946,FALSE,116.71804,0.9178458617022697
DKWLPPQP,weaker,80.330444,PBD 152,W,Q,3,7,P,L,0.24447307433334436,W,Q,152,FALSE,0.7613639068369705,FALSE,105.979591,0.7579803171725771
DKVLPPRP,weaker,80.554495,PBD 152,V,R,3,7,P,L,0.3067325278274929,V,R,152,FALSE,0.7613639068369705,FALSE,105.979591,0.7600944128950262
GGGRFPVTDYVVL,weaker,85.720352,PBD 250,F,T,5,8,Y,V,0.10630361638287668,F,T,250,FALSE,0.40823475510954577,FALSE,94.087798,0.911067681698747
GLLESRLRPSVPVL,weaker,68.607886,PBD 299,E,R,4,8,W,A,-0.13607522608494463,E,R,299,FALSE,0.5127966435225048,FALSE,90.17911,0.7607957763167101
SKVNQFLGWF,no significant difference,105.21275,PBD 366,N,Q,4,5,R,V,0.6555316015980358,N,Q,366,FALSE,0.7759614036328946,FALSE,116.71804,0.9014266346487655
DKWLPPHP,weaker,80.330444,PBD 152,W,H,3,7,P,L,0.20218463950382215,W,H,152,FALSE,0.7613639068369705,FALSE,105.979591,0.7579803171725771
DKVLPPSP,weaker,80.554495,PBD 152,V,S,3,7,P,L,0.26514725242004067,V,S,152,FALSE,0.7613639068369705,FALSE,105.979591,0.7600944128950262
GGPIKWPRLLLLV,weaker,79.857117,PBD 246,I,W,4,6,V,P,-0.13386314814094585,I,W,246,FALSE,0.5586905293176915,FALSE,98.54540899999999,0.8103585728686763
GLLESRLSPSVPVL,weaker,68.628891,PBD 299,E,S,4,8,W,A,-0.07202021934967612,E,S,299,FALSE,0.5127966435225048,FALSE,90.17911,0.7610287016582887
SKVNHFLGWF,weaker,105.21275,PBD 366,N,H,4,5,R,V,0.6940271586259427,N,H,366,FALSE,0.7759614036328946,FALSE,116.71804,0.9014266346487655
DKVLPPMP,weaker,80.554495,PBD 152,V,M,3,7,P,L,0.16621569956262916,V,M,152,FALSE,0.7613639068369705,FALSE,105.979591,0.7600944128950262
GGGRFPVRDYVVL,weaker,85.766955,PBD 250,F,R,5,8,Y,V,0.07219557246663567,F,R,250,FALSE,0.40823475510954577,FALSE,94.087798,0.9115629956607124
GGPIKCPRLLLLV,weaker,79.75925399999998,PBD 246,I,C,4,6,V,P,-0.0799727998616663,I,C,246,FALSE,0.5586905293176915,FALSE,98.54540899999999,0.8093654976864523
GLLESRLMPSVPVL,weaker,68.607886,PBD 299,E,M,4,8,W,A,-0.18136181290561376,E,M,299,FALSE,0.5127966435225048,FALSE,90.17911,0.7607957763167101
SKVNPFLGWF,weaker,104.57394399999998,PBD 366,N,P,4,5,R,V,0.3639610929272128,N,P,366,FALSE,0.7759614036328946,FALSE,116.71804,0.8959535646760345
DKVLPPIP,weaker,81.973036,PBD 152,V,I,3,7,P,L,0.4011111066682764,V,I,152,FALSE,0.7613639068369705,FALSE,105.979591,0.7734794522843553
GGGRFPVSDYVVL,weaker,84.797352,PBD 250,F,S,5,8,Y,V,-0.08259024310002684,F,S,250,FALSE,0.40823475510954577,FALSE,94.087798,0.901257695498411
GLLESRLIPSVPVL,weaker,68.54487099999999,PBD 299,E,I,4,8,W,A,-0.16416062664589726,E,I,299,FALSE,0.5127966435225048,FALSE,90.17911,0.7600970002919744
DKWLPPLP,weaker,95.225124,PBD 152,W,L,3,7,P,L,0.2520256067421355,W,L,152,FALSE,0.7613639068369705,FALSE,105.979591,0.8985232260426443
DKVLPPQP,weaker,80.554495,PBD 152,V,Q,3,7,P,L,0.23078327343398217,V,Q,152,FALSE,0.7613639068369705,FALSE,105.979591,0.7600944128950262
GGGRFPVMDYVVL,no significant difference,84.671384,PBD 250,F,M,5,8,Y,V,-0.04954590311552678,F,M,250,FALSE,0.40823475510954577,FALSE,94.087798,0.8999188608920361
GGPIKFPRLLLLV,weaker,80.00392000000001,PBD 246,I,F,4,6,V,P,-0.08454227029055958,I,F,246,FALSE,0.5586905293176915,FALSE,98.54540899999999,0.8118482718966645
GLLESRLQPSVPVL,weaker,68.50285999999998,PBD 299,E,Q,4,8,W,A,-0.12802139593748688,E,Q,299,FALSE,0.5127966435225048,FALSE,90.17911,0.7596311385197746
DKVLPPHP,weaker,80.554495,PBD 152,V,H,3,7,P,L,0.2760803438287904,V,H,152,FALSE,0.7613639068369705,FALSE,105.979591,0.7600944128950262
GGGRFPVIDYVVL,no significant difference,86.936639,PBD 250,F,I,5,8,Y,V,0.22724478896769765,F,I,250,FALSE,0.40823475510954577,FALSE,94.087798,0.92399483087063
GGPQKKPRLLLLV,no significant difference,79.543247,PBD 246,Q,K,4,6,V,P,0.2520256067421357,Q,K,246,FALSE,0.5586905293176915,FALSE,98.54540899999999,0.8071735437213519
GLLESRLHPSVPVL,weaker,68.52386599999998,PBD 299,E,H,4,8,W,A,-0.05110944792118788,E,H,299,FALSE,0.5127966435225048,FALSE,90.17911,0.7598640749503958
DKWLPPEP,weaker,80.330444,PBD 152,W,E,3,7,P,L,0.07915053578762414,W,E,152,FALSE,0.7613639068369705,FALSE,105.979591,0.7579803171725771
GGGRFPVQDYVVL,weaker,84.569916,PBD 250,F,Q,5,8,Y,V,0.03268222630619118,F,Q,250,FALSE,0.40823475510954577,FALSE,94.087798,0.8988404213689856
GGPQKNPRLLLLV,weaker,79.56701299999999,PBD 246,Q,N,4,6,V,P,0.0203946563918379,Q,N,246,FALSE,0.5586905293176915,FALSE,98.54540899999999,0.8074147117294931
GLLESRLPPSVPVL,weaker,69.51110299999999,PBD 299,E,P,4,8,W,A,-0.0330050268996523,E,P,299,FALSE,0.5127966435225048,FALSE,90.17911,0.7708115881826733
SKVNLFLGWF,weaker,105.85155699999999,PBD 366,N,L,4,5,R,V,0.6343536655660859,N,L,366,FALSE,0.7759614036328946,FALSE,116.71804,0.9068997131891521
DKWLPPDP,weaker,80.330444,PBD 152,W,D,3,7,P,L,0.09057523419965706,W,D,152,FALSE,0.7613639068369705,FALSE,105.979591,0.7579803171725771
GGGRFPVHDYVVL,weaker,84.37840800000001,PBD 250,F,H,5,8,Y,V,-0.07524983576476535,F,H,250,FALSE,0.40823475510954577,FALSE,94.087798,0.8968050033437918
GGPQKTPRLLLLV,weaker,79.947264,PBD 246,Q,T,4,6,V,P,0.16030441319923647,Q,T,246,FALSE,0.5586905293176915,FALSE,98.54540899999999,0.8112733491217232
DKWLPPAP,weaker,80.330444,PBD 152,W,A,3,7,P,L,0.1921073870096605,W,A,152,FALSE,0.7613639068369705,FALSE,105.979591,0.7579803171725771
DKVLPPLP,weaker,95.449175,PBD 152,V,L,3,7,P,L,0.43795058002144827,V,L,152,FALSE,0.7613639068369705,FALSE,105.979591,0.9006373217650934
GGGRFPVPDYVVL,no significant difference,85.636643,PBD 250,F,P,5,8,Y,V,0.3810872270305453,F,P,250,FALSE,0.40823475510954577,FALSE,94.087798,0.9101779914118088
SKVNEFLGWF,no significant difference,104.57394399999998,PBD 366,N,E,4,5,R,V,0.743187443879003,N,E,366,FALSE,0.7759614036328946,FALSE,116.71804,0.8959535646760345
GGPQKRPRLLLLV,weaker,79.71394,PBD 246,Q,R,4,6,V,P,0.06154875279262555,Q,R,246,FALSE,0.5586905293176915,FALSE,98.54540899999999,0.808905669060646
SKVNDFLGWF,weaker,104.57394399999998,PBD 366,N,D,4,5,R,V,0.5803906887999513,N,D,366,FALSE,0.7759614036328946,FALSE,116.71804,0.8959535646760345
DKWLPPGP,weaker,80.330444,PBD 152,W,G,3,7,P,L,0.0922320588842008,W,G,152,FALSE,0.7613639068369705,FALSE,105.979591,0.7579803171725771
DKVLPPEP,weaker,80.554495,PBD 152,V,E,3,7,P,L,0.3007518510542925,V,E,152,FALSE,0.7613639068369705,FALSE,105.979591,0.7600944128950262
GGPQKSPRLLLLV,weaker,79.91216100000001,PBD 246,Q,S,4,6,V,P,0.04592820429527699,Q,S,246,FALSE,0.5586905293176915,FALSE,98.54540899999999,0.8109171377024781
GLLESRLLPSVPVL,weaker,73.24999999999999,PBD 299,E,L,4,8,W,A,-0.08945949451092376,E,L,299,FALSE,0.5127966435225048,FALSE,90.17911,0.8122723766069546
SKVNAFLGWF,weaker,104.57394399999998,PBD 366,N,A,4,5,R,V,0.6085420477508414,N,A,366,FALSE,0.7759614036328946,FALSE,116.71804,0.8959535646760345
DKVLPPDP,weaker,80.554495,PBD 152,V,D,3,7,P,L,0.18785055845208856,V,D,152,FALSE,0.7613639068369705,FALSE,105.979591,0.7600944128950262
GGPQKMPRLLLLV,weaker,79.64784300000001,PBD 246,Q,M,4,6,V,P,-0.04963685582833023,Q,M,246,FALSE,0.5586905293176915,FALSE,98.54540899999999,0.8082349427358916
DKWLPPVP,weaker,81.74898499999999,PBD 152,W,V,3,7,P,L,0.22191870176991396,W,V,152,FALSE,0.7613639068369705,FALSE,105.979591,0.7713653565619063
DKVLPPAP,weaker,80.554495,PBD 152,V,A,3,7,P,L,0.22137885217835135,V,A,152,FALSE,0.7613639068369705,FALSE,105.979591,0.7600944128950262
GGGRFPVLDYVVL,weaker,84.506341,PBD 250,F,L,5,8,Y,V,-0.1528270335917006,F,L,250,FALSE,0.40823475510954577,FALSE,94.087798,0.8981647226986862
GGPQKIPRLLLLV,weaker,79.567141,PBD 246,Q,I,4,6,V,P,0.05295971819344284,Q,I,246,FALSE,0.5586905293176915,FALSE,98.54540899999999,0.8074160106230825
GLLESRLEPSVPVL,weaker,68.54487099999999,PBD 299,E,E,4,8,W,A,-0.13735019904623924,E,E,299,FALSE,0.5127966435225048,FALSE,90.17911,0.7600970002919744
SKVNGFLGWF,weaker,104.57394399999998,PBD 366,N,G,4,5,R,V,0.5105351103171645,N,G,366,FALSE,0.7759614036328946,FALSE,116.71804,0.8959535646760345
GGPQKQPRLLLLV,weaker,79.616227,PBD 246,Q,Q,4,6,V,P,0.06796098559789751,Q,Q,246,FALSE,0.5586905293176915,FALSE,98.54540899999999,0.807914116019347
GLLESRLDPSVPVL,weaker,68.54487099999999,PBD 299,E,D,4,8,W,A,-0.09337589866538867,E,D,299,FALSE,0.5127966435225048,FALSE,90.17911,0.7600970002919744
DKWLPP*P,weaker,NA,PBD 152,W,*,3,7,P,L,0.19839413515410068,W,*,152,FALSE,0.7613639068369705,FALSE,105.979591,NA
DKVLPPGP,weaker,80.554495,PBD 152,V,G,3,7,P,L,0.17652590189552464,V,G,152,FALSE,0.7613639068369705,FALSE,105.979591,0.7600944128950262
GGGRFPVEDYVVL,weaker,84.73080300000001,PBD 250,F,E,5,8,Y,V,0.22852708941790395,F,E,250,FALSE,0.40823475510954577,FALSE,94.087798,0.9005503880535073
GGPQKHPRLLLLV,weaker,79.64177400000001,PBD 246,Q,H,4,6,V,P,0.16600833980912863,Q,H,246,FALSE,0.5586905293176915,FALSE,98.54540899999999,0.8081733569140701
GLLESRLAPSVPVL,weaker,81.25292099999999,PBD 299,E,A,4,8,W,A,-0.1003828124405895,E,A,299,FALSE,0.5127966435225048,FALSE,90.17911,0.9010171091730667
SKVNVFLGWF,no significant difference,109.68439699999999,PBD 366,N,V,4,5,R,V,0.7236987799255479,N,V,366,FALSE,0.7759614036328946,FALSE,116.71804,0.9397381672961608
DKWLPPYP,weaker,80.330444,PBD 152,W,Y,3,7,P,L,-0.0304246567037469,W,Y,152,FALSE,0.7613639068369705,FALSE,105.979591,0.7579803171725771
GGGRFPVDDYVVL,weaker,84.37845,PBD 250,F,D,5,8,Y,V,-0.17792953971668937,F,D,250,FALSE,0.40823475510954577,FALSE,94.087798,0.8968054497353631
GGPQKPPRLLLLV,no significant difference,94.43813300000001,PBD 246,Q,P,4,6,V,P,0.5976510483494499,Q,P,246,FALSE,0.5586905293176915,TRUE,98.54540899999999,0.958320980736911
DKVLPPVP,weaker,81.973036,PBD 152,V,V,3,7,P,L,0.3493732421678877,V,V,152,FALSE,0.7613639068369705,FALSE,105.979591,0.7734794522843553
GGGRFPVADYVVL,weaker,87.96829600000001,PBD 250,F,A,5,8,Y,V,0.21989127976946157,F,A,250,FALSE,0.40823475510954577,FALSE,94.087798,0.9349596639513235
GLLESRLGPSVPVL,weaker,68.69190599999999,PBD 299,E,G,4,8,W,A,-0.18433138645630745,E,G,299,FALSE,0.5127966435225048,FALSE,90.17911,0.7617274776830243
SKVN*FLGWF,weaker,NA,PBD 366,N,*,4,5,R,V,0.30017001477142596,N,*,366,FALSE,0.7759614036328946,FALSE,116.71804,NA
SKVNYFLGWF,no significant difference,104.57394399999998,PBD 366,N,Y,4,5,R,V,0.5788513436289652,N,Y,366,FALSE,0.7759614036328946,FALSE,116.71804,0.8959535646760345
DKWLPPWP,weaker,80.330444,PBD 152,W,W,3,7,P,L,0.07301192983198139,W,W,152,FALSE,0.7613639068369705,FALSE,105.979591,0.7579803171725771
DKVLPP*P,weaker,NA,PBD 152,V,*,3,7,P,L,0.09590954411795616,V,*,152,FALSE,0.7613639068369705,FALSE,105.979591,NA
GGGRFPVGDYVVL,weaker,84.476935,PBD 250,F,G,5,8,Y,V,-0.01902027500307212,F,G,250,FALSE,0.40823475510954577,FALSE,94.087798,0.8978521848284726
GLLESRLVPSVPVL,weaker,69.027987,PBD 299,E,V,4,8,W,A,-0.23393208295473095,E,V,299,FALSE,0.5127966435225048,FALSE,90.17911,0.7654542942373239
DKWLPPCP,weaker,80.330444,PBD 152,W,C,3,7,P,L,0.21633916755978153,W,C,152,FALSE,0.7613639068369705,FALSE,105.979591,0.7579803171725771
DKVLPPYP,weaker,80.554495,PBD 152,V,Y,3,7,P,L,0.17296996697550565,V,Y,152,FALSE,0.7613639068369705,FALSE,105.979591,0.7600944128950262
GGPQKLPRLLLLV,weaker,79.76338,PBD 246,Q,L,4,6,V,P,-0.0324356695686137,Q,L,246,FALSE,0.5586905293176915,FALSE,98.54540899999999,0.8094073667094933
GGGRFPVVDYVVL,weaker,92.410426,PBD 250,F,V,5,8,Y,V,0.2579098380058417,F,V,250,FALSE,0.40823475510954577,FALSE,94.087798,0.9821722685018093
GLLESRL*PSVPVL,weaker,NA,PBD 299,E,*,4,8,W,A,0.10867947918303156,E,*,299,FALSE,0.5127966435225048,FALSE,90.17911,NA
SKVNWFLGWF,no significant difference,105.21275,PBD 366,N,W,4,5,R,V,0.42968681777742834,N,W,366,FALSE,0.7759614036328946,FALSE,116.71804,0.9014266346487655
DKWLPPFP,weaker,80.330444,PBD 152,W,F,3,7,P,L,0.05391963036919408,W,F,152,FALSE,0.7613639068369705,FALSE,105.979591,0.7579803171725771
GGPQKEPRLLLLV,weaker,79.518208,PBD 246,Q,E,4,6,V,P,-0.1127949382582843,Q,E,246,FALSE,0.5586905293176915,FALSE,98.54540899999999,0.8069194578105613
GLLESRLYPSVPVL,weaker,68.50285999999998,PBD 299,E,Y,4,8,W,A,-0.06372025647514191,E,Y,299,FALSE,0.5127966435225048,FALSE,90.17911,0.7596311385197746
SKVNCFLGWF,weaker,105.21275,PBD 366,N,C,4,5,R,V,0.6458530075981975,N,C,366,FALSE,0.7759614036328946,FALSE,116.71804,0.9014266346487655
DKCLPPKP,weaker,80.330444,PBD 152,C,K,3,7,P,L,0.24634675174733983,C,K,152,FALSE,0.7613639068369705,FALSE,105.979591,0.7579803171725771
DKVLPPWP,weaker,80.554495,PBD 152,V,W,3,7,P,L,0.1604627650696461,V,W,152,FALSE,0.7613639068369705,FALSE,105.979591,0.7600944128950262
GGGRFPV*DYVVL,weaker,NA,PBD 250,F,*,5,8,Y,V,-0.22144474536655184,F,*,250,FALSE,0.40823475510954577,FALSE,94.087798,NA
GGPQKDPRLLLLV,weaker,79.49374200000001,PBD 246,Q,D,4,6,V,P,0.06133598330000879,Q,D,246,FALSE,0.5586905293176915,FALSE,98.54540899999999,0.8066711864781039
DKCLPPNP,weaker,80.330444,PBD 152,C,N,3,7,P,L,0.2520256067421357,C,N,152,FALSE,0.7613639068369705,FALSE,105.979591,0.7579803171725771
DKVLPPCP,weaker,80.554495,PBD 152,V,C,3,7,P,L,0.269898354096611,V,C,152,FALSE,0.7613639068369705,FALSE,105.979591,0.7600944128950262
GGGRFPVYDYVVL,weaker,84.359301,PBD 250,F,Y,5,8,Y,V,-0.17813241426397375,F,Y,250,FALSE,0.40823475510954577,FALSE,94.087798,0.8966019270639111
GGPQKAPRLLLLV,weaker,81.65076799999999,PBD 246,Q,A,4,6,V,P,0.12582382188499083,Q,A,246,FALSE,0.5586905293176915,FALSE,98.54540899999999,0.8285598368159393
SKVNFFLGWF,weaker,105.21275,PBD 366,N,F,4,5,R,V,0.5155829673330202,N,F,366,FALSE,0.7759614036328946,FALSE,116.71804,0.9014266346487655
DKCLPPTP,weaker,80.803291,PBD 152,C,T,3,7,P,L,0.4440352331115171,C,T,152,FALSE,0.7613639068369705,FALSE,105.979591,0.7624419969690203
GLLESRLWPSVPVL,weaker,68.54487099999999,PBD 299,E,W,4,8,W,A,-0.23511675758647715,E,W,299,FALSE,0.5127966435225048,FALSE,90.17911,0.7600970002919744
SKVTKFLGWF,stronger,106.49159399999999,PBD 366,T,K,4,5,R,V,0.8552994395809888,T,K,366,FALSE,0.7759614036328946,TRUE,116.71804,0.9123833299462533
DKVLPPFP,weaker,80.554495,PBD 152,V,F,3,7,P,L,0.22963123923664516,V,F,152,FALSE,0.7613639068369705,FALSE,105.979591,0.7600944128950262
GGPQKGPRLLLLV,weaker,79.518321,PBD 246,Q,G,4,6,V,P,0.02100778680631463,Q,G,246,FALSE,0.5586905293176915,FALSE,98.54540899999999,0.8069206044900581
GLLESRLCPSVPVL,weaker,68.50285999999998,PBD 299,E,C,4,8,W,A,-0.17952567357499585,E,C,299,FALSE,0.5127966435225048,FALSE,90.17911,0.7596311385197746
SKVTNFLGWF,stronger,105.852788,PBD 366,T,N,4,5,R,V,0.8194346104437861,T,N,366,FALSE,0.7759614036328946,TRUE,116.71804,0.9069102599735225
DKCLPPRP,weaker,80.330444,PBD 152,C,R,3,7,P,L,0.3679213789248662,C,R,152,FALSE,0.7613639068369705,FALSE,105.979591,0.7579803171725771
GGGRFPVWDYVVL,weaker,84.359301,PBD 250,F,W,5,8,Y,V,-0.1816774848157177,F,W,250,FALSE,0.40823475510954577,FALSE,94.087798,0.8966019270639111
SKVTTFLGWF,stronger,109.68562800000001,PBD 366,T,T,4,5,R,V,0.88310275342273,T,T,366,FALSE,0.7759614036328946,TRUE,116.71804,0.9397487140805312
DKCLPPSP,weaker,80.330444,PBD 152,C,S,3,7,P,L,0.2653865434992131,C,S,152,FALSE,0.7613639068369705,FALSE,105.979591,0.7579803171725771
GGGRFPVCDYVVL,weaker,84.359301,PBD 250,F,C,5,8,Y,V,0.02433906169307666,F,C,250,FALSE,0.40823475510954577,FALSE,94.087798,0.8966019270639111
GGPQKVPRLLLLV,weaker,79.89047799999999,PBD 246,Q,V,4,6,V,P,-0.15336693260702014,Q,V,246,FALSE,0.5586905293176915,FALSE,98.54540899999999,0.8106971071579803
GLLESRLFPSVPVL,weaker,68.54487099999999,PBD 299,E,F,4,8,W,A,-0.17579930041150912,E,F,299,FALSE,0.5127966435225048,FALSE,90.17911,0.7600970002919744
SKVTRFLGWF,stronger,107.130401,PBD 366,T,R,4,5,R,V,0.8202250899207424,T,R,366,FALSE,0.7759614036328946,TRUE,116.71804,0.9178564084866402
DKCLPPMP,weaker,80.330444,PBD 152,C,M,3,7,P,L,0.29618094839810627,C,M,152,FALSE,0.7613639068369705,FALSE,105.979591,0.7579803171725771
GLLDSRLKPSVPVL,weaker,68.54486499999999,PBD 299,D,K,4,8,W,A,-0.14524612761494665,D,K,299,FALSE,0.5127966435225048,FALSE,90.17911,0.7600969337577183
SKVTSFLGWF,no significant difference,107.76920799999999,PBD 366,T,S,4,5,R,V,0.7896036899366986,T,S,366,FALSE,0.7759614036328946,TRUE,116.71804,0.9233294870270268
DKCLPPIP,weaker,81.74898499999999,PBD 152,C,I,3,7,P,L,0.5537486137147586,C,I,152,FALSE,0.7613639068369705,FALSE,105.979591,0.7713653565619063
GGGRFPVFDYVVL,weaker,84.359301,PBD 250,F,F,5,8,Y,V,-0.320258901996198,F,F,250,FALSE,0.40823475510954577,FALSE,94.087798,0.8966019270639111
GGPQK*PRLLLLV,no significant difference,NA,PBD 246,Q,*,4,6,V,P,-0.00382323046139108,Q,*,246,FALSE,0.5586905293176915,FALSE,98.54540899999999,NA
GLLDSRLNPSVPVL,weaker,68.56587099999999,PBD 299,D,N,4,8,W,A,-0.00382323046139108,D,N,299,FALSE,0.5127966435225048,FALSE,90.17911,0.7603298701883395
SKVTMFLGWF,no significant difference,105.852788,PBD 366,T,M,4,5,R,V,0.8245827552197367,T,M,366,FALSE,0.7759614036328946,TRUE,116.71804,0.9069102599735225
DKCLPPQP,weaker,80.330444,PBD 152,C,Q,3,7,P,L,0.27471312489804,C,Q,152,FALSE,0.7613639068369705,FALSE,105.979591,0.7579803171725771
GVKQSLL,no significant difference,NA,reference,NA,NA,NA,NA,NA,NA,0.3755488235210029,NA,NA,reference,FALSE,NA,NA,NA,NA
GGPQKYPRLLLLV,no significant difference,79.61780800000001,PBD 246,Q,Y,4,6,V,P,0.0578144485557838,Q,Y,246,FALSE,0.5586905293176915,FALSE,98.54540899999999,0.8079301593846956
GLLDSRLTPSVPVL,weaker,68.69190099999999,PBD 299,D,T,4,8,W,A,-0.00693148075715466,D,T,299,FALSE,0.5127966435225048,FALSE,90.17911,0.7617274222378109
SKVTIFLGWF,no significant difference,108.40801399999998,PBD 366,T,I,4,5,R,V,0.7994980520857213,T,I,366,FALSE,0.7759614036328946,TRUE,116.71804,0.9288025569997576
DKCLPPHP,weaker,80.330444,PBD 152,C,H,3,7,P,L,0.0865973434498037,C,H,152,FALSE,0.7613639068369705,FALSE,105.979591,0.7579803171725771
GVKESLV,no significant difference,NA,reference,NA,NA,NA,NA,NA,NA,0.8687676298991778,NA,NA,reference,FALSE,NA,NA,NA,NA
SKVTQFLGWF,stronger,106.49159399999999,PBD 366,T,Q,4,5,R,V,0.8652257303946069,T,Q,366,FALSE,0.7759614036328946,TRUE,116.71804,0.9123833299462533
GLLKSRLKPSVPVL,weaker,68.48185699999999,PBD 299,K,K,4,8,W,A,-0.03609573018478778,K,K,299,FALSE,0.5127966435225048,FALSE,90.17911,0.7593982353562815
GLLDSRLRPSVPVL,weaker,68.649891,PBD 299,D,R,4,8,W,A,-0.14158997609853927,D,R,299,FALSE,0.5127966435225048,FALSE,90.17911,0.7612615715546539
GLLKSRLNPSVPVL,weaker,68.50286299999999,PBD 299,K,N,4,8,W,A,-0.02003742979524782,K,N,299,FALSE,0.5127966435225048,FALSE,90.17911,0.7596311717869026
GGPQKWPRLLLLV,weaker,79.591604,PBD 246,Q,W,4,6,V,P,-0.1020096930184258,Q,W,246,FALSE,0.5586905293176915,FALSE,98.54540899999999,0.8076642515127215
GLLDSRLSPSVPVL,weaker,68.670896,PBD 299,D,S,4,8,W,A,-0.03901631327867916,D,S,299,FALSE,0.5127966435225048,FALSE,90.17911,0.7614944968962324
SKVTLFLGWF,no significant difference,107.130401,PBD 366,T,L,4,5,R,V,0.7592177697776366,T,L,366,FALSE,0.7759614036328946,FALSE,116.71804,0.9178564084866402
DKCLPPLP,weaker,95.225124,PBD 152,C,L,3,7,P,L,0.4595264208513836,C,L,152,FALSE,0.7613639068369705,FALSE,105.979591,0.8985232260426443
GLLKSRLTPSVPVL,weaker,68.62889299999999,PBD 299,K,T,4,8,W,A,0.02860612300524187,K,T,299,FALSE,0.5127966435225048,FALSE,90.17911,0.761028723836374
GGPQKCPRLLLLV,weaker,79.49374099999999,PBD 246,Q,C,4,6,V,P,0.13816313715566106,Q,C,246,FALSE,0.5586905293176915,FALSE,98.54540899999999,0.8066711763304975
GLLDSRLMPSVPVL,weaker,68.649891,PBD 299,D,M,4,8,W,A,-0.14301104637136047,D,M,299,FALSE,0.5127966435225048,FALSE,90.17911,0.7612615715546539
GLLDSRLIPSVPVL,weaker,68.58687599999999,PBD 299,D,I,4,8,W,A,-0.11639876820348125,D,I,299,FALSE,0.5127966435225048,FALSE,90.17911,0.7605627955299181
SKVTEFLGWF,stronger,105.852788,PBD 366,T,E,4,5,R,V,0.8576085242714846,T,E,366,FALSE,0.7759614036328946,TRUE,116.71804,0.9069102599735225
DKCLPPEP,weaker,80.330444,PBD 152,C,E,3,7,P,L,0.3618532029208412,C,E,152,FALSE,0.7613639068369705,FALSE,105.979591,0.7579803171725771
GLLKSRLRPSVPVL,weaker,68.58688299999999,PBD 299,K,R,4,8,W,A,-0.09204282030933976,K,R,299,FALSE,0.5127966435225048,FALSE,90.17911,0.7605628731532169
GGPQKFPRLLLLV,weaker,79.73840700000001,PBD 246,Q,F,4,6,V,P,0.06665903284263544,Q,F,246,FALSE,0.5586905293176915,FALSE,98.54540899999999,0.8091539505407098
GLLDSRLQPSVPVL,weaker,68.54486499999999,PBD 299,D,Q,4,8,W,A,-0.10697547512376834,D,Q,299,FALSE,0.5127966435225048,FALSE,90.17911,0.7600969337577183
SKVTDFLGWF,no significant difference,105.852788,PBD 366,T,D,4,5,R,V,0.7545632128065201,T,D,366,FALSE,0.7759614036328946,FALSE,116.71804,0.9069102599735225
DKCLPPDP,weaker,80.330444,PBD 152,C,D,3,7,P,L,0.32588122580288803,C,D,152,FALSE,0.7613639068369705,FALSE,105.979591,0.7579803171725771
GLLKSRLSPSVPVL,weaker,68.60788799999999,PBD 299,K,S,4,8,W,A,-0.00962731400802902,K,S,299,FALSE,0.5127966435225048,FALSE,90.17911,0.7607957984947954
GGPHKKPRLLLLV,weaker,79.19883700000001,PBD 246,H,K,4,6,V,P,0.03917616337039329,H,K,246,FALSE,0.5586905293176915,FALSE,98.54540899999999,0.8036786066817179
GLLDSRLHPSVPVL,weaker,68.56587099999999,PBD 299,D,H,4,8,W,A,-0.1033918005091936,D,H,299,FALSE,0.5127966435225048,FALSE,90.17911,0.7603298701883395
SKVTAFLGWF,no significant difference,105.852788,PBD 366,T,A,4,5,R,V,0.749158383110669,T,A,366,FALSE,0.7759614036328946,FALSE,116.71804,0.9069102599735225
DKCLPPAP,weaker,80.330444,PBD 152,C,A,3,7,P,L,0.26183957128178337,C,A,152,FALSE,0.7613639068369705,FALSE,105.979591,0.7579803171725771
GLLKSRLMPSVPVL,weaker,68.58688299999999,PBD 299,K,M,4,8,W,A,-0.09637849754177574,K,M,299,FALSE,0.5127966435225048,FALSE,90.17911,0.7605628731532169
GGPHKNPRLLLLV,weaker,79.222603,PBD 246,H,N,4,6,V,P,0.09946173544270216,H,N,246,FALSE,0.5586905293176915,FALSE,98.54540899999999,0.8039197746898591
GLLDSRLPPSVPVL,weaker,69.553108,PBD 299,D,P,4,8,W,A,-0.05201022223445509,D,P,299,FALSE,0.5127966435225048,FALSE,90.17911,0.771277383420617
SKVTGFLGWF,weaker,105.852788,PBD 366,T,G,4,5,R,V,0.6183888490797705,T,G,366,FALSE,0.7759614036328946,FALSE,116.71804,0.9069102599735225
GLLKSRLIPSVPVL,weaker,68.523868,PBD 299,K,I,4,8,W,A,-0.04874458770827961,K,I,299,FALSE,0.5127966435225048,FALSE,90.17911,0.7598640971284812
GGPHKTPRLLLLV,weaker,79.602854,PBD 246,H,T,4,6,V,P,0.00661987155393423,H,T,246,FALSE,0.5586905293176915,FALSE,98.54540899999999,0.807778412082089
DKCLPPGP,weaker,80.330444,PBD 152,C,G,3,7,P,L,0.2295249657904605,C,G,152,FALSE,0.7613639068369705,FALSE,105.979591,0.7579803171725771
GLLKSRLQPSVPVL,weaker,68.48185699999999,PBD 299,K,Q,4,8,W,A,-0.05871836128392981,K,Q,299,FALSE,0.5127966435225048,FALSE,90.17911,0.7593982353562815
SKVTVFLGWF,stronger,110.96324099999998,PBD 366,T,V,4,5,R,V,0.8129298353221583,T,V,366,FALSE,0.7759614036328946,TRUE,116.71804,0.9506948625936485
GLLKSRLHPSVPVL,weaker,68.50286299999999,PBD 299,K,H,4,8,W,A,-0.01189451251584918,K,H,299,FALSE,0.5127966435225048,FALSE,90.17911,0.7596311717869026
GGPHKRPRLLLLV,weaker,79.36953000000001,PBD 246,H,R,4,6,V,P,0.01409956018637626,H,R,246,FALSE,0.5586905293176915,FALSE,98.54540899999999,0.805410732021012
DKCLPPVP,weaker,81.74898499999999,PBD 152,C,V,3,7,P,L,0.4027246581365909,C,V,152,FALSE,0.7613639068369705,FALSE,105.979591,0.7713653565619063
GLLKSRLPPSVPVL,weaker,69.49009999999998,PBD 299,K,P,4,8,W,A,-0.01187054973575002,K,P,299,FALSE,0.5127966435225048,FALSE,90.17911,0.77057868501918
GGPHKSPRLLLLV,weaker,79.567751,PBD 246,H,S,4,6,V,P,-0.00577914747716215,H,S,246,FALSE,0.5586905293176915,FALSE,98.54540899999999,0.8074222006628438
GLLDSRLLPSVPVL,weaker,73.29200499999999,PBD 299,D,L,4,8,W,A,-0.10640368730644408,D,L,299,FALSE,0.5127966435225048,FALSE,90.17911,0.8127381718448984
SKVT*FLGWF,weaker,NA,PBD 366,T,*,4,5,R,V,0.1744143954215158,T,*,366,FALSE,0.7759614036328946,FALSE,116.71804,NA
GGPHKMPRLLLLV,weaker,79.303433,PBD 246,H,M,4,6,V,P,0.11597024526807652,H,M,246,FALSE,0.5586905293176915,FALSE,98.54540899999999,0.8047400056962573
SKVTYFLGWF,no significant difference,105.852788,PBD 366,T,Y,4,5,R,V,0.7552923551764619,T,Y,366,FALSE,0.7759614036328946,FALSE,116.71804,0.9069102599735225
DKCLPP*P,weaker,NA,PBD 152,C,*,3,7,P,L,-0.04040329243540089,C,*,152,FALSE,0.7613639068369705,FALSE,105.979591,NA
GGPHKIPRLLLLV,weaker,79.222731,PBD 246,H,I,4,6,V,P,-0.1020096930184258,H,I,246,FALSE,0.5586905293176915,FALSE,98.54540899999999,0.8039210735834482
GLLDSRLEPSVPVL,weaker,68.58687599999999,PBD 299,D,E,4,8,W,A,-0.06891371166154887,D,E,299,FALSE,0.5127966435225048,FALSE,90.17911,0.7605627955299181
DKCLPPYP,weaker,80.330444,PBD 152,C,Y,3,7,P,L,0.17681860024371682,C,Y,152,FALSE,0.7613639068369705,FALSE,105.979591,0.7579803171725771
GGPHKQPRLLLLV,weaker,79.27181700000001,PBD 246,H,Q,4,6,V,P,0.01456880554279418,H,Q,246,FALSE,0.5586905293176915,FALSE,98.54540899999999,0.8044191789797129
GLLDSRLDPSVPVL,weaker,68.58687599999999,PBD 299,D,D,4,8,W,A,-0.01432754697780302,D,D,299,FALSE,0.5127966435225048,FALSE,90.17911,0.7605627955299181
GLLKSRLLPSVPVL,weaker,73.22899699999999,PBD 299,K,L,4,8,W,A,-0.07524129548470002,K,L,299,FALSE,0.5127966435225048,FALSE,90.17911,0.8120394734434615
GGPHKHPRLLLLV,weaker,79.297364,PBD 246,H,H,4,6,V,P,0.0203946563918379,H,H,246,FALSE,0.5586905293176915,FALSE,98.54540899999999,0.8046784198744358
GLLDSRLAPSVPVL,weaker,81.29492599999999,PBD 299,D,A,4,8,W,A,-0.100338311292464,D,A,299,FALSE,0.5127966435225048,FALSE,90.17911,0.9014829044110104
SKVTWFLGWF,weaker,106.49159399999999,PBD 366,T,W,4,5,R,V,0.6745946955025302,T,W,366,FALSE,0.7759614036328946,FALSE,116.71804,0.9123833299462533
GGPHKPPRLLLLV,weaker,94.093723,PBD 246,H,P,4,6,V,P,0.35358352309953406,H,P,246,FALSE,0.5586905293176915,FALSE,98.54540899999999,0.9548260436972767
SKVTCFLGWF,no significant difference,106.49159399999999,PBD 366,T,C,4,5,R,V,0.7871896946217353,T,C,366,FALSE,0.7759614036328946,TRUE,116.71804,0.9123833299462533
DKCLPPWP,weaker,80.330444,PBD 152,C,W,3,7,P,L,0.18094312159224127,C,W,152,FALSE,0.7613639068369705,FALSE,105.979591,0.7579803171725771
GLLKSRLEPSVPVL,weaker,68.523868,PBD 299,K,E,4,8,W,A,-0.1034411296354684,K,E,299,FALSE,0.5127966435225048,FALSE,90.17911,0.7598640971284812
GLLDSRLGPSVPVL,weaker,68.73391099999999,PBD 299,D,G,4,8,W,A,-0.13721542878264698,D,G,299,FALSE,0.5127966435225048,FALSE,90.17911,0.7621932729209681
DKCLPPCP,weaker,80.330444,PBD 152,C,C,3,7,P,L,0.2777490127535761,C,C,152,FALSE,0.7613639068369705,FALSE,105.979591,0.7579803171725771
GLLKSRLDPSVPVL,weaker,68.523868,PBD 299,K,D,4,8,W,A,-0.10031171895180452,K,D,299,FALSE,0.5127966435225048,FALSE,90.17911,0.7598640971284812
SKVTFFLGWF,no significant difference,106.49159399999999,PBD 366,T,F,4,5,R,V,0.7165260936186055,T,F,366,FALSE,0.7759614036328946,FALSE,116.71804,0.9123833299462533
GLLKSRLAPSVPVL,weaker,81.231918,PBD 299,K,A,4,8,W,A,0.00798175490290047,K,A,299,FALSE,0.5127966435225048,FALSE,90.17911,0.9007842060095735
GLLDSRLVPSVPVL,weaker,69.069992,PBD 299,D,V,4,8,W,A,-0.1133537511345068,D,V,299,FALSE,0.5127966435225048,FALSE,90.17911,0.7659200894752677
DKCLPPFP,weaker,80.330444,PBD 152,C,F,3,7,P,L,0.2095409401258289,C,F,152,FALSE,0.7613639068369705,FALSE,105.979591,0.7579803171725771
GGPHKLPRLLLLV,weaker,79.41897000000002,PBD 246,H,L,4,6,V,P,-0.06338173991159561,H,L,246,FALSE,0.5586905293176915,FALSE,98.54540899999999,0.8059124296698593
GLLKSRLGPSVPVL,weaker,68.670903,PBD 299,K,G,4,8,W,A,-0.09185048379485848,K,G,299,FALSE,0.5127966435225048,FALSE,90.17911,0.7614945745195312
GLLDSRL*PSVPVL,no significant difference,NA,PBD 299,D,*,4,8,W,A,0.24554080755764485,D,*,299,FALSE,0.5127966435225048,FALSE,90.17911,NA
GGPHKEPRLLLLV,weaker,79.17379799999999,PBD 246,H,E,4,6,V,P,-0.0363949574081809,H,E,246,FALSE,0.5586905293176915,FALSE,98.54540899999999,0.803424520770927
GLLDSRLYPSVPVL,weaker,68.54486499999999,PBD 299,D,Y,4,8,W,A,-0.1179663850488238,D,Y,299,FALSE,0.5127966435225048,FALSE,90.17911,0.7600969337577183
GLLKSRLVPSVPVL,weaker,69.00698399999999,PBD 299,K,V,4,8,W,A,-0.04106558854815393,K,V,299,FALSE,0.5127966435225048,FALSE,90.17911,0.7652213910738307
GGPHKDPRLLLLV,weaker,79.149332,PBD 246,H,D,4,6,V,P,-0.04218339298298924,H,D,246,FALSE,0.5586905293176915,FALSE,98.54540899999999,0.8031762494384697
GGPHKAPRLLLLV,weaker,81.306358,PBD 246,H,A,4,6,V,P,0.12259486501648414,H,A,246,FALSE,0.5586905293176915,FALSE,98.54540899999999,0.8250648997763053
DK*LPPKP,weaker,NA,PBD 152,*,K,3,7,P,L,0.16335468062084782,*,K,152,FALSE,0.7613639068369705,FALSE,105.979591,NA
GLLKSRL*PSVPVL,weaker,NA,PBD 299,K,*,4,8,W,A,-0.06708386538691906,K,*,299,FALSE,0.5127966435225048,FALSE,90.17911,NA
GLLDSRLWPSVPVL,weaker,68.58687599999999,PBD 299,D,W,4,8,W,A,-0.1043076526062987,D,W,299,FALSE,0.5127966435225048,FALSE,90.17911,0.7605627955299181
DK*LPPNP,weaker,NA,PBD 152,*,N,3,7,P,L,0.24025657369121584,*,N,152,FALSE,0.7613639068369705,FALSE,105.979591,NA
GLLKSRLYPSVPVL,weaker,68.48185699999999,PBD 299,K,Y,4,8,W,A,-0.09204282030933976,K,Y,299,FALSE,0.5127966435225048,FALSE,90.17911,0.7593982353562815
GGPHKGPRLLLLV,weaker,79.17391099999999,PBD 246,H,G,4,6,V,P,-0.03467637380628551,H,G,246,FALSE,0.5586905293176915,FALSE,98.54540899999999,0.8034256674504238
GLLDSRLCPSVPVL,weaker,68.54486499999999,PBD 299,D,C,4,8,W,A,-0.05856051122965297,D,C,299,FALSE,0.5127966435225048,FALSE,90.17911,0.7600969337577183
DK*LPPTP,weaker,NA,PBD 152,*,T,3,7,P,L,0.14650929540065366,*,T,152,FALSE,0.7613639068369705,FALSE,105.979591,NA
GGPHKVPRLLLLV,weaker,79.546068,PBD 246,H,V,4,6,V,P,-0.10304456602481442,H,V,246,FALSE,0.5586905293176915,FALSE,98.54540899999999,0.8072021701183463
GLLDSRLFPSVPVL,weaker,68.58687599999999,PBD 299,D,F,4,8,W,A,-0.0236490989929957,D,F,299,FALSE,0.5127966435225048,FALSE,90.17911,0.7605627955299181
SKVTHFLGWF,no significant difference,106.49159399999999,PBD 366,T,H,4,5,R,V,0.8287209636369492,T,H,366,FALSE,0.7759614036328946,TRUE,116.71804,0.9123833299462533
DK*LPPRP,weaker,NA,PBD 152,*,R,3,7,P,L,0.1731382252259187,*,R,152,FALSE,0.7613639068369705,FALSE,105.979591,NA
GLLKSRLWPSVPVL,weaker,68.523868,PBD 299,K,W,4,8,W,A,-0.2065313176968552,K,W,299,FALSE,0.5127966435225048,FALSE,90.17911,0.7598640971284812
GLLASRLKPSVPVL,weaker,68.754893,PBD 299,A,K,4,8,W,A,-0.1282665365202331,A,K,299,FALSE,0.5127966435225048,FALSE,90.17911,0.7624259432145649
DK*LPPSP,weaker,NA,PBD 152,*,S,3,7,P,L,0.13816313715566106,*,S,152,FALSE,0.7613639068369705,FALSE,105.979591,NA
GLLKSRLCPSVPVL,weaker,68.48185699999999,PBD 299,K,C,4,8,W,A,-0.14524612761494665,K,C,299,FALSE,0.5127966435225048,FALSE,90.17911,0.7593982353562815
GGPHK*PRLLLLV,weaker,NA,PBD 246,H,*,4,6,V,P,0.21060647287835185,H,*,246,FALSE,0.5586905293176915,FALSE,98.54540899999999,NA
GLLASRLNPSVPVL,weaker,68.775899,PBD 299,A,N,4,8,W,A,-0.04840098975322109,A,N,299,FALSE,0.5127966435225048,FALSE,90.17911,0.7626588796451861
DK*LPPMP,weaker,NA,PBD 152,*,M,3,7,P,L,0.1926652866481366,*,M,152,FALSE,0.7613639068369705,FALSE,105.979591,NA
GGPHKYPRLLLLV,weaker,79.273398,PBD 246,H,Y,4,6,V,P,-0.1361949435594677,H,Y,246,FALSE,0.5586905293176915,FALSE,98.54540899999999,0.8044352223450613
GLLASRLTPSVPVL,weaker,68.901929,PBD 299,A,T,4,8,W,A,-0.04761670963706373,A,T,299,FALSE,0.5127966435225048,FALSE,90.17911,0.7640564316946574
DK*LPPIP,weaker,NA,PBD 152,*,I,3,7,P,L,0.30689637496975897,*,I,152,FALSE,0.7613639068369705,FALSE,105.979591,NA
GLLKSRLFPSVPVL,weaker,68.523868,PBD 299,K,F,4,8,W,A,-0.1437645021656412,K,F,299,FALSE,0.5127966435225048,FALSE,90.17911,0.7598640971284812
DK*LPPQP,weaker,NA,PBD 152,*,Q,3,7,P,L,0.44062601369115384,*,Q,152,FALSE,0.7613639068369705,FALSE,105.979591,NA
GLLNSRLKPSVPVL,weaker,68.50285999999998,PBD 299,N,K,4,8,W,A,-0.11956671625957012,N,K,299,FALSE,0.5127966435225048,FALSE,90.17911,0.7596311385197746
GLLASRLRPSVPVL,weaker,68.85991899999999,PBD 299,A,R,4,8,W,A,-0.03290516080933541,A,R,299,FALSE,0.5127966435225048,FALSE,90.17911,0.7635905810115002
DK*LPPHP,weaker,NA,PBD 152,*,H,3,7,P,L,0.207118504082232,*,H,152,FALSE,0.7613639068369705,FALSE,105.979591,NA
GLLNSRLNPSVPVL,weaker,68.52386599999998,PBD 299,N,N,4,8,W,A,-0.10697547512376834,N,N,299,FALSE,0.5127966435225048,FALSE,90.17911,0.7598640749503958
GGPHKWPRLLLLV,weaker,79.247194,PBD 246,H,W,4,6,V,P,0.0329798169650893,H,W,246,FALSE,0.5586905293176915,FALSE,98.54540899999999,0.8041693144730873
GLLASRLSPSVPVL,weaker,68.880924,PBD 299,A,S,4,8,W,A,-0.06197629226428931,A,S,299,FALSE,0.5127966435225048,FALSE,90.17911,0.7638235063530788
DK*LPPPP,weaker,NA,PBD 152,*,P,3,7,P,L,0.2172302162065255,*,P,152,FALSE,0.7613639068369705,FALSE,105.979591,NA
GLLNSRLTPSVPVL,weaker,68.64989599999998,PBD 299,N,T,4,8,W,A,0.0583869719310644,N,T,299,FALSE,0.5127966435225048,FALSE,90.17911,0.7612616269998671
GGPHKCPRLLLLV,weaker,79.149331,PBD 246,H,C,4,6,V,P,-0.01789007426591517,H,C,246,FALSE,0.5586905293176915,FALSE,98.54540899999999,0.8031762392908635
GLLASRLMPSVPVL,weaker,68.85991899999999,PBD 299,A,M,4,8,W,A,-0.06612557136536171,A,M,299,FALSE,0.5127966435225048,FALSE,90.17911,0.7635905810115002
GLLASRLIPSVPVL,weaker,68.79690399999998,PBD 299,A,I,4,8,W,A,-0.0256770379952378,A,I,299,FALSE,0.5127966435225048,FALSE,90.17911,0.7628918049867646
GLLNSRLRPSVPVL,weaker,68.607886,PBD 299,N,R,4,8,W,A,-0.0304246567037469,N,R,299,FALSE,0.5127966435225048,FALSE,90.17911,0.7607957763167101
GGPHKFPRLLLLV,weaker,79.393997,PBD 246,H,F,4,6,V,P,-0.1474824624071675,H,F,246,FALSE,0.5586905293176915,FALSE,98.54540899999999,0.8056590135010755
GLLASRLQPSVPVL,weaker,68.754893,PBD 299,A,Q,4,8,W,A,-0.02661878052479854,A,Q,299,FALSE,0.5127966435225048,FALSE,90.17911,0.7624259432145649
DK*LPPLP,weaker,NA,PBD 152,*,L,3,7,P,L,0.13037043286573832,*,L,152,FALSE,0.7613639068369705,FALSE,105.979591,NA
GLLNSRLSPSVPVL,weaker,68.628891,PBD 299,N,S,4,8,W,A,-0.01789007426591517,N,S,299,FALSE,0.5127966435225048,FALSE,90.17911,0.7610287016582887
GGPPKKPRLLLLV,weaker,80.600779,PBD 246,P,K,4,6,V,P,0.03660006320399709,P,K,246,FALSE,0.5586905293176915,FALSE,98.54540899999999,0.8179049619653008
GLLASRLHPSVPVL,weaker,68.775899,PBD 299,A,H,4,8,W,A,-0.04200431760262931,A,H,299,FALSE,0.5127966435225048,FALSE,90.17911,0.7626588796451861
GLLNSRLMPSVPVL,weaker,68.607886,PBD 299,N,M,4,8,W,A,0.01122130670629079,N,M,299,FALSE,0.5127966435225048,FALSE,90.17911,0.7607957763167101
GGPPKNPRLLLLV,weaker,80.624545,PBD 246,P,N,4,6,V,P,0.17498648439581788,P,N,246,FALSE,0.5586905293176915,FALSE,98.54540899999999,0.818146129973442
GLLASRLPPSVPVL,weaker,69.76313599999999,PBD 299,A,P,4,8,W,A,0.0960643212445089,A,P,299,FALSE,0.5127966435225048,FALSE,90.17911,0.7736063928774635
DK*LPPEP,weaker,NA,PBD 152,*,E,3,7,P,L,0.26821918783383797,*,E,152,FALSE,0.7613639068369705,FALSE,105.979591,NA
GLLNSRLIPSVPVL,weaker,68.54487099999999,PBD 299,N,I,4,8,W,A,-0.03278706022786038,N,I,299,FALSE,0.5127966435225048,FALSE,90.17911,0.7600970002919744
GGPPKTPRLLLLV,weaker,81.00479599999998,PBD 246,P,T,4,6,V,P,0.35204397665106324,P,T,246,FALSE,0.5586905293176915,FALSE,98.54540899999999,0.822004767365672
DK*LPPDP,weaker,NA,PBD 152,*,D,3,7,P,L,-0.00179823549574687,*,D,152,FALSE,0.7613639068369705,FALSE,105.979591,NA
GLLNSRLQPSVPVL,weaker,68.50285999999998,PBD 299,N,Q,4,8,W,A,-0.06054954046816485,N,Q,299,FALSE,0.5127966435225048,FALSE,90.17911,0.7596311385197746
GGPPKRPRLLLLV,weaker,80.771472,PBD 246,P,R,4,6,V,P,0.1138523506249778,P,R,246,FALSE,0.5586905293176915,FALSE,98.54540899999999,0.8196370873045948
DK*LPPAP,weaker,NA,PBD 152,*,A,3,7,P,L,0.2593578384433673,*,A,152,FALSE,0.7613639068369705,FALSE,105.979591,NA
GLLNSRLHPSVPVL,weaker,68.52386599999998,PBD 299,N,H,4,8,W,A,-0.01352040055164189,N,H,299,FALSE,0.5127966435225048,FALSE,90.17911,0.7598640749503958
GGPPKSPRLLLLV,weaker,80.96969299999999,PBD 246,P,S,4,6,V,P,0.28077579157604615,P,S,246,FALSE,0.5586905293176915,FALSE,98.54540899999999,0.8216485559464267
GLLNSRLPPSVPVL,weaker,69.51110299999999,PBD 299,N,P,4,8,W,A,-0.00961337512778984,N,P,299,FALSE,0.5127966435225048,FALSE,90.17911,0.7708115881826733
GGPPKMPRLLLLV,weaker,80.70537499999999,PBD 246,P,M,4,6,V,P,0.03863095148087524,P,M,246,FALSE,0.5586905293176915,FALSE,98.54540899999999,0.8189663609798402
GLLASRLLPSVPVL,weaker,73.50203299999998,PBD 299,A,L,4,8,W,A,-0.06445562853138766,A,L,299,FALSE,0.5127966435225048,FALSE,90.17911,0.8150671813017448
DK*LPPGP,weaker,NA,PBD 152,*,G,3,7,P,L,0.16020192564930635,*,G,152,FALSE,0.7613639068369705,FALSE,105.979591,NA
GGPPKIPRLLLLV,weaker,80.62467299999999,PBD 246,P,I,4,6,V,P,0.01129079249592485,P,I,246,FALSE,0.5586905293176915,FALSE,98.54540899999999,0.8181474288670312
GGPPKQPRLLLLV,weaker,80.673759,PBD 246,P,Q,4,6,V,P,0.26172576190253616,P,Q,246,FALSE,0.5586905293176915,FALSE,98.54540899999999,0.8186455342632959
GLLASRLEPSVPVL,weaker,68.79690399999998,PBD 299,A,E,4,8,W,A,-0.1497783167761152,A,E,299,FALSE,0.5127966435225048,FALSE,90.17911,0.7628918049867646
SKVRKFLGWF,no significant difference,112.24639299999998,PBD 366,R,K,4,5,R,V,0.7826763853930141,R,K,366,FALSE,0.7759614036328946,TRUE,116.71804,0.9616884673526045
DK*LPPVP,weaker,NA,PBD 152,*,V,3,7,P,L,0.02014615235094772,*,V,152,FALSE,0.7613639068369705,FALSE,105.979591,NA
GGPPKHPRLLLLV,weaker,80.69930599999999,PBD 246,P,H,4,6,V,P,0.2682716883371473,P,H,246,FALSE,0.5586905293176915,FALSE,98.54540899999999,0.8189047751580187
GLLASRLDPSVPVL,weaker,68.79690399999998,PBD 299,A,D,4,8,W,A,-0.06714721742508906,A,D,299,FALSE,0.5127966435225048,FALSE,90.17911,0.7628918049867646
SKVRNFLGWF,weaker,111.607587,PBD 366,R,N,4,5,R,V,0.722260582260307,R,N,366,FALSE,0.7759614036328946,FALSE,116.71804,0.9562153973798737
GLLNSRLLPSVPVL,weaker,73.24999999999999,PBD 299,N,L,4,8,W,A,-0.03442562432028522,N,L,299,FALSE,0.5127966435225048,FALSE,90.17911,0.8122723766069546
GGPPKPPRLLLLV,stronger,95.49566499999999,PBD 246,P,P,4,6,V,P,0.7174741624188762,P,P,246,FALSE,0.5586905293176915,TRUE,98.54540899999999,0.9690523989808596
GLLASRLAPSVPVL,weaker,81.50495399999998,PBD 299,A,A,4,8,W,A,0.04152466637725785,A,A,299,FALSE,0.5127966435225048,FALSE,90.17911,0.9038119138678569
SKVRTFLGWF,stronger,115.440427,PBD 366,R,T,4,5,R,V,0.8209851262408638,R,T,366,FALSE,0.7759614036328946,TRUE,116.71804,0.9890538514868824
DK*LPP*P,weaker,NA,PBD 152,*,*,3,7,P,L,0.1493488611856287,*,*,152,FALSE,0.7613639068369705,FALSE,105.979591,NA
DK*LPPYP,weaker,NA,PBD 152,*,Y,3,7,P,L,0.2980674157903563,*,Y,152,FALSE,0.7613639068369705,FALSE,105.979591,NA
GLLNSRLEPSVPVL,weaker,68.54487099999999,PBD 299,N,E,4,8,W,A,-0.09658832459357888,N,E,299,FALSE,0.5127966435225048,FALSE,90.17911,0.7600970002919744
GLLASRLGPSVPVL,weaker,68.94393899999999,PBD 299,A,G,4,8,W,A,-0.17387019237050758,A,G,299,FALSE,0.5127966435225048,FALSE,90.17911,0.7645222823778145
SKVRRFLGWF,weaker,112.8852,PBD 366,R,R,4,5,R,V,0.737389376962351,R,R,366,FALSE,0.7759614036328946,FALSE,116.71804,0.9671615458929913
GLLNSRLDPSVPVL,weaker,68.54487099999999,PBD 299,N,D,4,8,W,A,-0.1212916448129859,N,D,299,FALSE,0.5127966435225048,FALSE,90.17911,0.7600970002919744
SKVRSFLGWF,weaker,113.52400699999998,PBD 366,R,S,4,5,R,V,0.7237724178182073,R,S,366,FALSE,0.7759614036328946,FALSE,116.71804,0.9726346244333779
GLLNSRLAPSVPVL,weaker,81.25292099999999,PBD 299,N,A,4,8,W,A,-0.00250224557359314,N,A,299,FALSE,0.5127966435225048,FALSE,90.17911,0.9010171091730667
GGPPKLPRLLLLV,weaker,80.820912,PBD 246,P,L,4,6,V,P,0.03046208039958264,P,L,246,FALSE,0.5586905293176915,FALSE,98.54540899999999,0.8201387849534423
GLLASRLVPSVPVL,weaker,69.28002,PBD 299,A,V,4,8,W,A,-0.15805895897282934,A,V,299,FALSE,0.5127966435225048,FALSE,90.17911,0.7682490989321141
SKVRMFLGWF,weaker,111.607587,PBD 366,R,M,4,5,R,V,0.7072893351109842,R,M,366,FALSE,0.7759614036328946,FALSE,116.71804,0.9562153973798737
DKFLPPKP,weaker,80.330444,PBD 152,F,K,3,7,P,L,0.28503915500870364,F,K,152,FALSE,0.7613639068369705,FALSE,105.979591,0.7579803171725771
DK*LPPWP,weaker,NA,PBD 152,*,W,3,7,P,L,0.1769564533978683,*,W,152,FALSE,0.7613639068369705,FALSE,105.979591,NA
SKVRIFLGWF,weaker,114.162813,PBD 366,R,I,4,5,R,V,0.7373690066561144,R,I,366,FALSE,0.7759614036328946,FALSE,116.71804,0.9781076944061089
DKFLPPNP,weaker,80.330444,PBD 152,F,N,3,7,P,L,0.26231988960567676,F,N,152,FALSE,0.7613639068369705,FALSE,105.979591,0.7579803171725771
DK*LPPCP,weaker,NA,PBD 152,*,C,3,7,P,L,0.07598943989538308,*,C,152,FALSE,0.7613639068369705,FALSE,105.979591,NA
GLLNSRLGPSVPVL,weaker,68.69190599999999,PBD 299,N,G,4,8,W,A,-0.12478486083313332,N,G,299,FALSE,0.5127966435225048,FALSE,90.17911,0.7617274776830243
GGPPKEPRLLLLV,weaker,80.57573999999998,PBD 246,P,E,4,6,V,P,0.17012755261412693,P,E,246,FALSE,0.5586905293176915,FALSE,98.54540899999999,0.8176508760545099
GLLASRL*PSVPVL,weaker,NA,PBD 299,A,*,4,8,W,A,-0.10127709299468324,A,*,299,FALSE,0.5127966435225048,FALSE,90.17911,NA
SKVRQFLGWF,no significant difference,112.24639299999998,PBD 366,R,Q,4,5,R,V,0.7718830234013514,R,Q,366,FALSE,0.7759614036328946,FALSE,116.71804,0.9616884673526045
DKFLPPTP,weaker,80.803291,PBD 152,F,T,3,7,P,L,0.2777035352175942,F,T,152,FALSE,0.7613639068369705,FALSE,105.979591,0.7624419969690203
GGPPKDPRLLLLV,weaker,80.55127399999999,PBD 246,P,D,4,6,V,P,0.03202588173337097,P,D,246,FALSE,0.5586905293176915,FALSE,98.54540899999999,0.8174026047220525
GLLASRLYPSVPVL,weaker,68.754893,PBD 299,A,Y,4,8,W,A,-0.09378175466344456,A,Y,299,FALSE,0.5127966435225048,FALSE,90.17911,0.7624259432145649
SKVRHFLGWF,no significant difference,112.24639299999998,PBD 366,R,H,4,5,R,V,0.7339115624320812,R,H,366,FALSE,0.7759614036328946,FALSE,116.71804,0.9616884673526045
DK*LPPFP,weaker,NA,PBD 152,*,F,3,7,P,L,0.16097840087888604,*,F,152,FALSE,0.7613639068369705,FALSE,105.979591,NA
GLLNSRLVPSVPVL,weaker,69.027987,PBD 299,N,V,4,8,W,A,-0.15592752522257397,N,V,299,FALSE,0.5127966435225048,FALSE,90.17911,0.7654542942373239
GGPPKAPRLLLLV,weaker,82.7083,PBD 246,P,A,4,6,V,P,0.4169648309613221,P,A,246,FALSE,0.5586905293176915,FALSE,98.54540899999999,0.8392912550598882
SKVRPFLGWF,weaker,111.607587,PBD 366,R,P,4,5,R,V,0.1993290428201005,R,P,366,FALSE,0.7759614036328946,FALSE,116.71804,0.9562153973798737
DKFLPPRP,weaker,80.330444,PBD 152,F,R,3,7,P,L,0.23386567415736223,F,R,152,FALSE,0.7613639068369705,FALSE,105.979591,0.7579803171725771
DKYLPPKP,weaker,80.330444,PBD 152,Y,K,3,7,P,L,0.3216898032230285,Y,K,152,FALSE,0.7613639068369705,FALSE,105.979591,0.7579803171725771
GGPPKGPRLLLLV,weaker,80.57585299999998,PBD 246,P,G,4,6,V,P,0.07624050610379632,P,G,246,FALSE,0.5586905293176915,FALSE,98.54540899999999,0.8176520227340067
DKFLPPSP,weaker,80.330444,PBD 152,F,S,3,7,P,L,0.17764339041069277,F,S,152,FALSE,0.7613639068369705,FALSE,105.979591,0.7579803171725771
DKYLPPNP,weaker,80.330444,PBD 152,Y,N,3,7,P,L,0.11117260052277082,Y,N,152,FALSE,0.7613639068369705,FALSE,105.979591,0.7579803171725771
GLLNSRL*PSVPVL,weaker,NA,PBD 299,N,*,4,8,W,A,0.1255502091474981,N,*,299,FALSE,0.5127966435225048,FALSE,90.17911,NA
GLLASRLWPSVPVL,weaker,68.79690399999998,PBD 299,A,W,4,8,W,A,-0.07448876432596663,A,W,299,FALSE,0.5127966435225048,FALSE,90.17911,0.7628918049867646
DKFLPPMP,weaker,80.330444,PBD 152,F,M,3,7,P,L,0.1204878999769598,F,M,152,FALSE,0.7613639068369705,FALSE,105.979591,0.7579803171725771
DKYLPPTP,weaker,80.803291,PBD 152,Y,T,3,7,P,L,0.34344580554494125,Y,T,152,FALSE,0.7613639068369705,FALSE,105.979591,0.7624419969690203
GLLNSRLYPSVPVL,weaker,68.50285999999998,PBD 299,N,Y,4,8,W,A,-0.11003849036140628,N,Y,299,FALSE,0.5127966435225048,FALSE,90.17911,0.7596311385197746
GGPPKVPRLLLLV,weaker,80.94801,PBD 246,P,V,4,6,V,P,0.0520206642764187,P,V,246,FALSE,0.5586905293176915,FALSE,98.54540899999999,0.8214285254019292
GLLASRLCPSVPVL,weaker,68.754893,PBD 299,A,C,4,8,W,A,-0.17497274319435338,A,C,299,FALSE,0.5127966435225048,FALSE,90.17911,0.7624259432145649
DKFLPPIP,weaker,81.74898499999999,PBD 152,F,I,3,7,P,L,0.2022920193166784,F,I,152,FALSE,0.7613639068369705,FALSE,105.979591,0.7713653565619063
SKVRLFLGWF,weaker,112.8852,PBD 366,R,L,4,5,R,V,0.6849564982672511,R,L,366,FALSE,0.7759614036328946,FALSE,116.71804,0.9671615458929913
DKFLPPQP,weaker,80.330444,PBD 152,F,Q,3,7,P,L,0.14216106286225805,F,Q,152,FALSE,0.7613639068369705,FALSE,105.979591,0.7579803171725771
DKYLPPRP,weaker,80.330444,PBD 152,Y,R,3,7,P,L,0.17734629415807945,Y,R,152,FALSE,0.7613639068369705,FALSE,105.979591,0.7579803171725771
GGPPK*PRLLLLV,weaker,NA,PBD 246,P,*,4,6,V,P,0.07650820769826579,P,*,246,FALSE,0.5586905293176915,FALSE,98.54540899999999,NA
GLLASRLFPSVPVL,weaker,68.79690399999998,PBD 299,A,F,4,8,W,A,-0.17813074057242684,A,F,299,FALSE,0.5127966435225048,FALSE,90.17911,0.7628918049867646
DKFLPPHP,weaker,80.330444,PBD 152,F,H,3,7,P,L,0.3063913569698873,F,H,152,FALSE,0.7613639068369705,FALSE,105.979591,0.7579803171725771
DKYLPPSP,weaker,80.330444,PBD 152,Y,S,3,7,P,L,0.19972965767942516,Y,S,152,FALSE,0.7613639068369705,FALSE,105.979591,0.7579803171725771
GLLNSRLWPSVPVL,weaker,68.54487099999999,PBD 299,N,W,4,8,W,A,-0.09066774963840343,N,W,299,FALSE,0.5127966435225048,FALSE,90.17911,0.7600970002919744
GGPPKYPRLLLLV,weaker,80.67533999999999,PBD 246,P,Y,4,6,V,P,0.08289438691149147,P,Y,246,FALSE,0.5586905293176915,FALSE,98.54540899999999,0.8186615776286442
SKVREFLGWF,stronger,111.607587,PBD 366,R,E,4,5,R,V,0.8005804921591775,R,E,366,FALSE,0.7759614036328946,TRUE,116.71804,0.9562153973798737
DKYLPPMP,weaker,80.330444,PBD 152,Y,M,3,7,P,L,0.078752167485144,Y,M,152,FALSE,0.7613639068369705,FALSE,105.979591,0.7579803171725771
GLLNSRLCPSVPVL,weaker,68.50285999999998,PBD 299,N,C,4,8,W,A,-0.09494423456522988,N,C,299,FALSE,0.5127966435225048,FALSE,90.17911,0.7596311385197746
SKVRDFLGWF,weaker,111.607587,PBD 366,R,D,4,5,R,V,0.6713655973636214,R,D,366,FALSE,0.7759614036328946,FALSE,116.71804,0.9562153973798737
DKYLPPIP,weaker,81.74898499999999,PBD 152,Y,I,3,7,P,L,0.1955947385832586,Y,I,152,FALSE,0.7613639068369705,FALSE,105.979591,0.7713653565619063
SKVRAFLGWF,weaker,111.607587,PBD 366,R,A,4,5,R,V,0.7037028867931133,R,A,366,FALSE,0.7759614036328946,FALSE,116.71804,0.9562153973798737
DKFLPPLP,weaker,95.225124,PBD 152,F,L,3,7,P,L,0.31074523221627115,F,L,152,FALSE,0.7613639068369705,FALSE,105.979591,0.8985232260426443
DKYLPPQP,weaker,80.330444,PBD 152,Y,Q,3,7,P,L,0.1441958656638358,Y,Q,152,FALSE,0.7613639068369705,FALSE,105.979591,0.7579803171725771
GLLNSRLFPSVPVL,weaker,68.54487099999999,PBD 299,N,F,4,8,W,A,-0.16560414718492317,N,F,299,FALSE,0.5127966435225048,FALSE,90.17911,0.7600970002919744
GGPPKWPRLLLLV,weaker,80.64913599999998,PBD 246,P,W,4,6,V,P,0.06991652403228894,P,W,246,FALSE,0.5586905293176915,FALSE,98.54540899999999,0.8183956697566701
DKYLPPHP,weaker,80.330444,PBD 152,Y,H,3,7,P,L,0.15045070707001473,Y,H,152,FALSE,0.7613639068369705,FALSE,105.979591,0.7579803171725771
GLLTSRLKPSVPVL,weaker,68.67088199999999,PBD 299,T,K,4,8,W,A,0.04453746856432714,T,K,299,FALSE,0.5127966435225048,FALSE,90.17911,0.7614943416496348
GGPPKCPRLLLLV,weaker,80.551273,PBD 246,P,C,4,6,V,P,-0.00321664234823035,P,C,246,FALSE,0.5586905293176915,FALSE,98.54540899999999,0.8174025945744464
SKVRGFLGWF,weaker,111.607587,PBD 366,R,G,4,5,R,V,0.5232491898556473,R,G,366,FALSE,0.7759614036328946,FALSE,116.71804,0.9562153973798737
DKFLPPEP,weaker,80.330444,PBD 152,F,E,3,7,P,L,0.1349403296770698,F,E,152,FALSE,0.7613639068369705,FALSE,105.979591,0.7579803171725771
GLLTSRLNPSVPVL,weaker,68.69188799999999,PBD 299,T,N,4,8,W,A,0.05153700551593335,T,N,299,FALSE,0.5127966435225048,FALSE,90.17911,0.761727278080256
DKFLPPDP,no significant difference,80.330444,PBD 152,F,D,3,7,P,L,0.2795084762143775,F,D,152,FALSE,0.7613639068369705,FALSE,105.979591,0.7579803171725771
GLLTSRLTPSVPVL,weaker,68.81791799999999,PBD 299,T,T,4,8,W,A,0.06397632801717318,T,T,299,FALSE,0.5127966435225048,FALSE,90.17911,0.7631248301297273
GGPPKFPRLLLLV,weaker,80.79593899999999,PBD 246,P,F,4,6,V,P,-0.03590394036983652,P,F,246,FALSE,0.5586905293176915,FALSE,98.54540899999999,0.8198853687846585
SKVRVFLGWF,no significant difference,116.71804,PBD 366,R,V,4,5,R,V,0.7759614036328946,R,V,366,TRUE,0.7759614036328946,TRUE,116.71804,1
DKFLPPAP,weaker,80.330444,PBD 152,F,A,3,7,P,L,0.19100894528991916,F,A,152,FALSE,0.7613639068369705,FALSE,105.979591,0.7579803171725771
DKYLPPLP,weaker,95.225124,PBD 152,Y,L,3,7,P,L,0.3196940418243221,Y,L,152,FALSE,0.7613639068369705,FALSE,105.979591,0.8985232260426443
GLLTSRLRPSVPVL,weaker,68.77590799999999,PBD 299,T,R,4,8,W,A,-0.10338681090795485,T,R,299,FALSE,0.5127966435225048,FALSE,90.17911,0.7626589794465701
SKVR*FLGWF,weaker,NA,PBD 366,R,*,4,5,R,V,0.2047732066862978,R,*,366,FALSE,0.7759614036328946,FALSE,116.71804,NA
DKFLPPGP,weaker,80.330444,PBD 152,F,G,3,7,P,L,0.20059621255410395,F,G,152,FALSE,0.7613639068369705,FALSE,105.979591,0.7579803171725771
DKYLPPEP,weaker,80.330444,PBD 152,Y,E,3,7,P,L,0.16538928565253314,Y,E,152,FALSE,0.7613639068369705,FALSE,105.979591,0.7579803171725771
GLLTSRLSPSVPVL,weaker,68.79691299999999,PBD 299,T,S,4,8,W,A,-0.02421478253363139,T,S,299,FALSE,0.5127966435225048,FALSE,90.17911,0.7628919047881487
SKVRYFLGWF,weaker,111.607587,PBD 366,R,Y,4,5,R,V,0.6442217620257962,R,Y,366,FALSE,0.7759614036328946,FALSE,116.71804,0.9562153973798737
DKYLPPDP,weaker,80.330444,PBD 152,Y,D,3,7,P,L,0.28849667972108956,Y,D,152,FALSE,0.7613639068369705,FALSE,105.979591,0.7579803171725771
GLLTSRLMPSVPVL,weaker,68.77590799999999,PBD 299,T,M,4,8,W,A,-0.03351664136888985,T,M,299,FALSE,0.5127966435225048,FALSE,90.17911,0.7626589794465701
DKFLPPVP,weaker,81.74898499999999,PBD 152,F,V,3,7,P,L,0.2681089613915356,F,V,152,FALSE,0.7613639068369705,FALSE,105.979591,0.7713653565619063
DKYLPPAP,weaker,80.330444,PBD 152,Y,A,3,7,P,L,0.19360365552126843,Y,A,152,FALSE,0.7613639068369705,FALSE,105.979591,0.7579803171725771
GLLTSRLIPSVPVL,weaker,68.712893,PBD 299,T,I,4,8,W,A,-0.01156041530490034,T,I,299,FALSE,0.5127966435225048,FALSE,90.17911,0.7619602034218346
GLLTSRLQPSVPVL,weaker,68.67088199999999,PBD 299,T,Q,4,8,W,A,6.112124414558201e-4,T,Q,299,FALSE,0.5127966435225048,FALSE,90.17911,0.7614943416496348
SKVRWFLGWF,weaker,112.24639299999998,PBD 366,R,W,4,5,R,V,0.5459707289396065,R,W,366,FALSE,0.7759614036328946,FALSE,116.71804,0.9616884673526045
DKFLPP*P,weaker,NA,PBD 152,F,*,3,7,P,L,0.13014809593886476,F,*,152,FALSE,0.7613639068369705,FALSE,105.979591,NA
DKYLPPGP,weaker,80.330444,PBD 152,Y,G,3,7,P,L,0.188733950134391,Y,G,152,FALSE,0.7613639068369705,FALSE,105.979591,0.7579803171725771
GLLTSRLHPSVPVL,weaker,68.69188799999999,PBD 299,T,H,4,8,W,A,0.06497351440234973,T,H,299,FALSE,0.5127966435225048,FALSE,90.17911,0.761727278080256
SKVRCFLGWF,weaker,112.24639299999998,PBD 366,R,C,4,5,R,V,0.7187979328693835,R,C,366,FALSE,0.7759614036328946,FALSE,116.71804,0.9616884673526045
DKFLPPYP,weaker,80.330444,PBD 152,F,Y,3,7,P,L,0.18770129510654693,F,Y,152,FALSE,0.7613639068369705,FALSE,105.979591,0.7579803171725771
GLLTSRLPPSVPVL,weaker,69.67912499999998,PBD 299,T,P,4,8,W,A,0.02428916451288667,T,P,299,FALSE,0.5127966435225048,FALSE,90.17911,0.7726747913125334
DKYLPPVP,weaker,81.74898499999999,PBD 152,Y,V,3,7,P,L,0.1859742719360466,Y,V,152,FALSE,0.7613639068369705,FALSE,105.979591,0.7713653565619063
SKVRFFLGWF,weaker,112.24639299999998,PBD 366,R,F,4,5,R,V,0.5912845795606122,R,F,366,FALSE,0.7759614036328946,FALSE,116.71804,0.9616884673526045
SKVSKFLGWF,no significant difference,106.49159399999999,PBD 366,S,K,4,5,R,V,0.8126489848705704,S,K,366,FALSE,0.7759614036328946,TRUE,116.71804,0.9123833299462533
DKFLPPWP,weaker,80.330444,PBD 152,F,W,3,7,P,L,0.04669526656054812,F,W,152,FALSE,0.7613639068369705,FALSE,105.979591,0.7579803171725771
DKYLPP*P,weaker,NA,PBD 152,Y,*,3,7,P,L,0.01456880554279418,Y,*,152,FALSE,0.7613639068369705,FALSE,105.979591,NA
SKVSNFLGWF,weaker,105.852788,PBD 366,S,N,4,5,R,V,0.7345707948645224,S,N,366,FALSE,0.7759614036328946,FALSE,116.71804,0.9069102599735225
DKFLPPCP,weaker,80.330444,PBD 152,F,C,3,7,P,L,0.12365417046291546,F,C,152,FALSE,0.7613639068369705,FALSE,105.979591,0.7579803171725771
DKYLPPYP,weaker,80.330444,PBD 152,Y,Y,3,7,P,L,0.16504855659855686,Y,Y,152,FALSE,0.7613639068369705,FALSE,105.979591,0.7579803171725771
GLLTSRLLPSVPVL,weaker,73.418022,PBD 299,T,L,4,8,W,A,-0.05365254946896629,T,L,299,FALSE,0.5127966435225048,FALSE,90.17911,0.8141355797368148
SKVSTFLGWF,stronger,109.68562800000001,PBD 366,S,T,4,5,R,V,0.8456507719873068,S,T,366,FALSE,0.7759614036328946,TRUE,116.71804,0.9397487140805312
DKFLPPFP,weaker,80.330444,PBD 152,F,F,3,7,P,L,0.169288488386472,F,F,152,FALSE,0.7613639068369705,FALSE,105.979591,0.7579803171725771
GLLTSRLEPSVPVL,weaker,68.712893,PBD 299,T,E,4,8,W,A,-0.03781643861507401,T,E,299,FALSE,0.5127966435225048,FALSE,90.17911,0.7619602034218346
SKVSRFLGWF,no significant difference,107.130401,PBD 366,S,R,4,5,R,V,0.7496283012626478,S,R,366,FALSE,0.7759614036328946,FALSE,116.71804,0.9178564084866402
DRILPPLP,no significant difference,NA,reference,NA,NA,NA,NA,NA,NA,0.4658499562178194,NA,NA,reference,FALSE,NA,NA,NA,NA
DKYLPPWP,weaker,80.330444,PBD 152,Y,W,3,7,P,L,0.14627509082225634,Y,W,152,FALSE,0.7613639068369705,FALSE,105.979591,0.7579803171725771
GLLTSRLDPSVPVL,weaker,68.712893,PBD 299,T,D,4,8,W,A,-0.0481630150600988,T,D,299,FALSE,0.5127966435225048,FALSE,90.17911,0.7619602034218346
SKVSSFLGWF,weaker,107.76920799999999,PBD 366,S,S,4,5,R,V,0.7257611888348858,S,S,366,FALSE,0.7759614036328946,FALSE,116.71804,0.9233294870270268
APPVPVRYLQRF,no significant difference,NA,reference,NA,NA,NA,NA,NA,NA,0.2337387260318999,NA,NA,reference,FALSE,NA,NA,NA,NA
DKYLPPCP,weaker,80.330444,PBD 152,Y,C,3,7,P,L,0.11626672730521484,Y,C,152,FALSE,0.7613639068369705,FALSE,105.979591,0.7579803171725771
GLLTSRLAPSVPVL,weaker,81.420943,PBD 299,T,A,4,8,W,A,0.01312970466473719,T,A,299,FALSE,0.5127966435225048,FALSE,90.17911,0.9028803123029269
SKVSMFLGWF,no significant difference,105.852788,PBD 366,S,M,4,5,R,V,0.7373513297176739,S,M,366,FALSE,0.7759614036328946,FALSE,116.71804,0.9069102599735225
GPRYWWSGWL,no significant difference,NA,reference,NA,NA,NA,NA,NA,NA,0.7092753186813019,NA,NA,reference,FALSE,NA,NA,NA,NA
SKVSIFLGWF,no significant difference,108.40801399999998,PBD 366,S,I,4,5,R,V,0.7599858990330197,S,I,366,FALSE,0.7759614036328946,FALSE,116.71804,0.9288025569997576
GGPKKKPRLLLLV,weaker,79.44309600000001,PBD 246,K,K,4,6,V,P,-0.01152047311182053,K,K,246,FALSE,0.5586905293176915,FALSE,98.54540899999999,0.8061572508162204
DKYLPPFP,weaker,80.330444,PBD 152,Y,F,3,7,P,L,0.1792168113385788,Y,F,152,FALSE,0.7613639068369705,FALSE,105.979591,0.7579803171725771
GLLTSRLGPSVPVL,weaker,68.859928,PBD 299,T,G,4,8,W,A,-0.1292278089938974,T,G,299,FALSE,0.5127966435225048,FALSE,90.17911,0.7635906808128845
SKVSQFLGWF,no significant difference,106.49159399999999,PBD 366,S,Q,4,5,R,V,0.7695349950915533,S,Q,366,FALSE,0.7759614036328946,FALSE,116.71804,0.9123833299462533
GGPKKNPRLLLLV,weaker,79.466862,PBD 246,K,N,4,6,V,P,0.09928928750866976,K,N,246,FALSE,0.5586905293176915,FALSE,98.54540899999999,0.8063984188243616
SKVSHFLGWF,no significant difference,106.49159399999999,PBD 366,S,H,4,5,R,V,0.7456416135272306,S,H,366,FALSE,0.7759614036328946,FALSE,116.71804,0.9123833299462533
GGPKKTPRLLLLV,weaker,79.847113,PBD 246,K,T,4,6,V,P,0.07875216748514423,K,T,246,FALSE,0.5586905293176915,FALSE,98.54540899999999,0.8102570562165915
GLLTSRLVPSVPVL,weaker,69.19600899999999,PBD 299,T,V,4,8,W,A,-0.13754196393709597,T,V,299,FALSE,0.5127966435225048,FALSE,90.17911,0.767317497367184
SKVSPFLGWF,weaker,105.852788,PBD 366,S,P,4,5,R,V,0.359519685327199,S,P,366,FALSE,0.7759614036328946,FALSE,116.71804,0.9069102599735225
GGPKKRPRLLLLV,weaker,79.61378900000001,PBD 246,K,R,4,6,V,P,0.1025961076663174,K,R,246,FALSE,0.5586905293176915,FALSE,98.54540899999999,0.8078893761555145
GGPKKSPRLLLLV,weaker,79.81201,PBD 246,K,S,4,6,V,P,0.16097840087888604,K,S,246,FALSE,0.5586905293176915,FALSE,98.54540899999999,0.8099008447973463
GLLTSRL*PSVPVL,weaker,NA,PBD 299,T,*,4,8,W,A,0.07308639088166105,T,*,299,FALSE,0.5127966435225048,FALSE,90.17911,NA
GGPKKMPRLLLLV,weaker,79.547692,PBD 246,K,M,4,6,V,P,-0.00859530199480945,K,M,246,FALSE,0.5586905293176915,FALSE,98.54540899999999,0.8072186498307597
GLLTSRLYPSVPVL,weaker,68.67088199999999,PBD 299,T,Y,4,8,W,A,-0.02669487590953611,T,Y,299,FALSE,0.5127966435225048,FALSE,90.17911,0.7614943416496348
GGPKKIPRLLLLV,weaker,79.46699,PBD 246,K,I,4,6,V,P,0.02238186036885139,K,I,246,FALSE,0.5586905293176915,FALSE,98.54540899999999,0.8063997177179507
SKVSLFLGWF,weaker,107.130401,PBD 366,S,L,4,5,R,V,0.7169674757308904,S,L,366,FALSE,0.7759614036328946,FALSE,116.71804,0.9178564084866402
GGPKKQPRLLLLV,no significant difference,79.51607600000001,PBD 246,K,Q,4,6,V,P,0.05536974446209565,K,Q,246,FALSE,0.5586905293176915,FALSE,98.54540899999999,0.8068978231142155
GGPKKHPRLLLLV,weaker,79.541623,PBD 246,K,H,4,6,V,P,0.22805578813602503,K,H,246,FALSE,0.5586905293176915,FALSE,98.54540899999999,0.8071570640089384
GLLTSRLWPSVPVL,weaker,68.712893,PBD 299,T,W,4,8,W,A,-0.09387884813289071,T,W,299,FALSE,0.5127966435225048,FALSE,90.17911,0.7619602034218346
GLLGSRLKPSVPVL,weaker,68.943918,PBD 299,G,K,4,8,W,A,-0.05157642721120516,G,K,299,FALSE,0.5127966435225048,FALSE,90.17911,0.7645220495079182
SKVSEFLGWF,no significant difference,105.852788,PBD 366,S,E,4,5,R,V,0.8250173681868332,S,E,366,FALSE,0.7759614036328946,TRUE,116.71804,0.9069102599735225
GGPKKPPRLLLLV,no significant difference,94.337982,PBD 246,K,P,4,6,V,P,0.6575718792997252,K,P,246,FALSE,0.5586905293176915,TRUE,98.54540899999999,0.9573046878317792
GLLTSRLCPSVPVL,weaker,68.67088199999999,PBD 299,T,C,4,8,W,A,-0.08741146512254144,T,C,299,FALSE,0.5127966435225048,FALSE,90.17911,0.7614943416496348
GLLGSRLNPSVPVL,weaker,68.964924,PBD 299,G,N,4,8,W,A,-0.03451272511596831,G,N,299,FALSE,0.5127966435225048,FALSE,90.17911,0.7647549859385394
SKVSDFLGWF,weaker,105.852788,PBD 366,S,D,4,5,R,V,0.6798290959471339,S,D,366,FALSE,0.7759614036328946,FALSE,116.71804,0.9069102599735225
GLLGSRLTPSVPVL,weaker,69.090954,PBD 299,G,T,4,8,W,A,-0.1039816645778423,G,T,299,FALSE,0.5127966435225048,FALSE,90.17911,0.7661525379880108
SKVSAFLGWF,weaker,105.852788,PBD 366,S,A,4,5,R,V,0.7008874484418635,S,A,366,FALSE,0.7759614036328946,FALSE,116.71804,0.9069102599735225
GLLTSRLFPSVPVL,weaker,68.712893,PBD 299,T,F,4,8,W,A,-0.11155833450678047,T,F,299,FALSE,0.5127966435225048,FALSE,90.17911,0.7619602034218346
GLLGSRLRPSVPVL,weaker,69.04894399999999,PBD 299,G,R,4,8,W,A,-0.16783799302918495,G,R,299,FALSE,0.5127966435225048,FALSE,90.17911,0.7656866873048536
SKVSGFLGWF,weaker,105.852788,PBD 366,S,G,4,5,R,V,0.5660729910284749,S,G,366,FALSE,0.7759614036328946,FALSE,116.71804,0.9069102599735225
GGPKKLPRLLLLV,weaker,79.66322900000002,PBD 246,K,L,4,6,V,P,-0.0861036199964878,K,L,246,FALSE,0.5586905293176915,FALSE,98.54540899999999,0.8083910738043618
GGPRKKPRLLLLV,weaker,79.73386899999998,PBD 246,R,K,4,6,V,P,0.01702539025292857,R,K,246,FALSE,0.5586905293176915,FALSE,98.54540899999999,0.8091079007039281
GLLGSRLSPSVPVL,weaker,69.069949,PBD 299,G,S,4,8,W,A,-0.12268900072519248,G,S,299,FALSE,0.5127966435225048,FALSE,90.17911,0.7659196126464322
GGPRKNPRLLLLV,weaker,79.75763500000001,PBD 246,R,N,4,6,V,P,0.0203946563918379,R,N,246,FALSE,0.5586905293176915,FALSE,98.54540899999999,0.8093490687120697
GLLGSRLMPSVPVL,weaker,69.04894399999999,PBD 299,G,M,4,8,W,A,-0.2435132695747504,G,M,299,FALSE,0.5127966435225048,FALSE,90.17911,0.7656866873048536
SKVSVFLGWF,no significant difference,110.96324099999998,PBD 366,S,V,4,5,R,V,0.7910501363579054,S,V,366,FALSE,0.7759614036328946,TRUE,116.71804,0.9506948625936485
GGPKKEPRLLLLV,weaker,79.41805699999999,PBD 246,K,E,4,6,V,P,0.05489336827598894,K,E,246,FALSE,0.5586905293176915,FALSE,98.54540899999999,0.8059031649054295
GGPRKTPRLLLLV,weaker,80.137886,PBD 246,R,T,4,6,V,P,0.02972751533367739,R,T,246,FALSE,0.5586905293176915,FALSE,98.54540899999999,0.8132077061042996
GLLGSRLIPSVPVL,weaker,68.98592899999998,PBD 299,G,I,4,8,W,A,-0.24060867472079747,G,I,299,FALSE,0.5127966435225048,FALSE,90.17911,0.7649879112801179
GGPKKDPRLLLLV,weaker,79.393591,PBD 246,K,D,4,6,V,P,0.04823985904530524,K,D,246,FALSE,0.5586905293176915,FALSE,98.54540899999999,0.8056548935729722
GLLGSRLQPSVPVL,weaker,68.943918,PBD 299,G,Q,4,8,W,A,-0.04473108503696094,G,Q,299,FALSE,0.5127966435225048,FALSE,90.17911,0.7645220495079182
SKVS*FLGWF,weaker,NA,PBD 366,S,*,4,5,R,V,0.2908672186255517,S,*,366,FALSE,0.7759614036328946,FALSE,116.71804,NA
GGPKKAPRLLLLV,weaker,81.550617,PBD 246,K,A,4,6,V,P,0.24408729764253945,K,A,246,FALSE,0.5586905293176915,FALSE,98.54540899999999,0.8275435439108078
GGPRKRPRLLLLV,weaker,79.90456199999998,PBD 246,R,R,4,6,V,P,-0.01889690246394777,R,R,246,FALSE,0.5586905293176915,FALSE,98.54540899999999,0.8108400260432223
GLLGSRLHPSVPVL,weaker,68.964924,PBD 299,G,H,4,8,W,A,-0.09375430464333157,G,H,299,FALSE,0.5127966435225048,FALSE,90.17911,0.7647549859385394
SKVSYFLGWF,weaker,105.852788,PBD 366,S,Y,4,5,R,V,0.6936202092781125,S,Y,366,FALSE,0.7759614036328946,FALSE,116.71804,0.9069102599735225
GGPRKSPRLLLLV,weaker,80.102783,PBD 246,R,S,4,6,V,P,0.0725841738171307,R,S,246,FALSE,0.5586905293176915,FALSE,98.54540899999999,0.8128514946850544
GLLGSRLPPSVPVL,weaker,69.95216099999999,PBD 299,G,P,4,8,W,A,-0.04954570142535397,G,P,299,FALSE,0.5127966435225048,FALSE,90.17911,0.7757024991708168
GGPKKGPRLLLLV,weaker,79.41816999999999,PBD 246,K,G,4,6,V,P,0.00570470240542956,K,G,246,FALSE,0.5586905293176915,FALSE,98.54540899999999,0.8059043115849263
GGPRKMPRLLLLV,weaker,79.838465,PBD 246,R,M,4,6,V,P,-0.07969202351851656,R,M,246,FALSE,0.5586905293176915,FALSE,98.54540899999999,0.810169299718468
GGPRKIPRLLLLV,weaker,79.757763,PBD 246,R,I,4,6,V,P,-0.06201585991745111,R,I,246,FALSE,0.5586905293176915,FALSE,98.54540899999999,0.8093503676056588
SKVSWFLGWF,weaker,106.49159399999999,PBD 366,S,W,4,5,R,V,0.5583397485214695,S,W,366,FALSE,0.7759614036328946,FALSE,116.71804,0.9123833299462533
GGPKKVPRLLLLV,weaker,79.790327,PBD 246,K,V,4,6,V,P,-0.01930209192620392,K,V,246,FALSE,0.5586905293176915,FALSE,98.54540899999999,0.8096808142528488
GGPRKQPRLLLLV,weaker,79.80684899999999,PBD 246,R,Q,4,6,V,P,0.0583772487644093,R,Q,246,FALSE,0.5586905293176915,FALSE,98.54540899999999,0.8098484730019233
SKVSCFLGWF,weaker,106.49159399999999,PBD 366,S,C,4,5,R,V,0.7353690535175458,S,C,366,FALSE,0.7759614036328946,FALSE,116.71804,0.9123833299462533
GGPRKHPRLLLLV,weaker,79.832396,PBD 246,R,H,4,6,V,P,0.2301390377987149,R,H,246,FALSE,0.5586905293176915,FALSE,98.54540899999999,0.8101077138966465
GLLGSRLLPSVPVL,weaker,73.69105799999998,PBD 299,G,L,4,8,W,A,-0.18374559284182668,G,L,299,FALSE,0.5127966435225048,FALSE,90.17911,0.8171632875950982
GGPKK*PRLLLLV,weaker,NA,PBD 246,K,*,4,6,V,P,0.22528918130090864,K,*,246,FALSE,0.5586905293176915,FALSE,98.54540899999999,NA
GGPRKPPRLLLLV,no significant difference,94.628755,PBD 246,R,P,4,6,V,P,0.5454029328306259,R,P,246,FALSE,0.5586905293176915,FALSE,98.54540899999999,0.9602553377194873
SKVSFFLGWF,weaker,106.49159399999999,PBD 366,S,F,4,5,R,V,0.7047403722707408,S,F,366,FALSE,0.7759614036328946,FALSE,116.71804,0.9123833299462533
GGPKKYPRLLLLV,weaker,79.517657,PBD 246,K,Y,4,6,V,P,-0.05240149979924834,K,Y,246,FALSE,0.5586905293176915,FALSE,98.54540899999999,0.8069138664795638
GLLGSRLEPSVPVL,weaker,68.98592899999998,PBD 299,G,E,4,8,W,A,-0.05010306401130295,G,E,299,FALSE,0.5127966435225048,FALSE,90.17911,0.7649879112801179
SKVMKFLGWF,no significant difference,105.21275,PBD 366,M,K,4,5,R,V,0.8012324996573055,M,K,366,FALSE,0.7759614036328946,TRUE,116.71804,0.9014266346487655
GLLGSRLDPSVPVL,weaker,68.98592899999998,PBD 299,G,D,4,8,W,A,-0.07104670834458907,G,D,299,FALSE,0.5127966435225048,FALSE,90.17911,0.7649879112801179
SKVMNFLGWF,weaker,104.57394399999998,PBD 366,M,N,4,5,R,V,0.7291561473705747,M,N,366,FALSE,0.7759614036328946,FALSE,116.71804,0.8959535646760345
GLLGSRLAPSVPVL,weaker,81.69397899999998,PBD 299,G,A,4,8,W,A,-0.03598787711126329,G,A,299,FALSE,0.5127966435225048,FALSE,90.17911,0.9059080201612102
SKVMTFLGWF,stronger,108.40678399999999,PBD 366,M,T,4,5,R,V,0.8443475335519788,M,T,366,FALSE,0.7759614036328946,TRUE,116.71804,0.9287920187830432
GGPKKWPRLLLLV,weaker,79.49145299999999,PBD 246,K,W,4,6,V,P,-0.06616933593060395,K,W,246,FALSE,0.5586905293176915,FALSE,98.54540899999999,0.8066479586075898
GGPRKLPRLLLLV,weaker,79.95400199999999,PBD 246,R,L,4,6,V,P,-0.09637849754177574,R,L,246,FALSE,0.5586905293176915,FALSE,98.54540899999999,0.8113417236920697
GGPKKCPRLLLLV,weaker,79.39359,PBD 246,K,C,4,6,V,P,0.00528212244563905,K,C,246,FALSE,0.5586905293176915,FALSE,98.54540899999999,0.805654883425366
GLLGSRLGPSVPVL,weaker,69.13296399999999,PBD 299,G,G,4,8,W,A,-0.2145899837478928,G,G,299,FALSE,0.5127966435225048,FALSE,90.17911,0.7666183886711677
SKVMRFLGWF,no significant difference,105.85155699999999,PBD 366,M,R,4,5,R,V,0.7577244064003874,M,R,366,FALSE,0.7759614036328946,FALSE,116.71804,0.9068997131891521
GGPRKEPRLLLLV,weaker,79.70882999999999,PBD 246,R,E,4,6,V,P,0.03698382323423658,R,E,246,FALSE,0.5586905293176915,FALSE,98.54540899999999,0.8088538147931377
SKVMSFLGWF,weaker,106.490364,PBD 366,M,S,4,5,R,V,0.7311048865639616,M,S,366,FALSE,0.7759614036328946,FALSE,116.71804,0.912372791729539
GGPKKFPRLLLLV,weaker,79.638256,PBD 246,K,F,4,6,V,P,0.08824394777844428,K,F,246,FALSE,0.5586905293176915,FALSE,98.54540899999999,0.808137657635578
GGPRKDPRLLLLV,weaker,79.684364,PBD 246,R,D,4,6,V,P,-0.08928162818548674,R,D,246,FALSE,0.5586905293176915,FALSE,98.54540899999999,0.8086055434606803
GLLGSRLVPSVPVL,weaker,69.469045,PBD 299,G,V,4,8,W,A,-0.1916000531776561,G,V,299,FALSE,0.5127966435225048,FALSE,90.17911,0.7703452052254673
SKVMMFLGWF,weaker,104.57394399999998,PBD 366,M,M,4,5,R,V,0.7204972767356841,M,M,366,FALSE,0.7759614036328946,FALSE,116.71804,0.8959535646760345
GGPNKKPRLLLLV,weaker,79.321105,PBD 246,N,K,4,6,V,P,2.225714980201236e-4,N,K,246,FALSE,0.5586905293176915,FALSE,98.54540899999999,0.804919334192423
GGPRKAPRLLLLV,weaker,81.84139,PBD 246,R,A,4,6,V,P,0.23047596688203104,R,A,246,FALSE,0.5586905293176915,FALSE,98.54540899999999,0.8304941937985159
SKVMIFLGWF,no significant difference,107.12916999999999,PBD 366,M,I,4,5,R,V,0.6954522069252068,M,I,366,FALSE,0.7759614036328946,FALSE,116.71804,0.9178458617022697
GGPNKNPRLLLLV,weaker,79.344871,PBD 246,N,N,4,6,V,P,0.00748609035719679,N,N,246,FALSE,0.5586905293176915,FALSE,98.54540899999999,0.8051605022005642
GLLGSRL*PSVPVL,weaker,NA,PBD 299,G,*,4,8,W,A,0.03646223487980948,G,*,299,FALSE,0.5127966435225048,FALSE,90.17911,NA
SKVMQFLGWF,no significant difference,105.21275,PBD 366,M,Q,4,5,R,V,0.7831188511163802,M,Q,366,FALSE,0.7759614036328946,TRUE,116.71804,0.9014266346487655
GGPNKTPRLLLLV,weaker,79.72512199999998,PBD 246,N,T,4,6,V,P,0.07748743774804005,N,T,246,FALSE,0.5586905293176915,FALSE,98.54540899999999,0.8090191395927941
GGPRKGPRLLLLV,weaker,79.70894299999999,PBD 246,R,G,4,6,V,P,-0.15187766213832815,R,G,246,FALSE,0.5586905293176915,FALSE,98.54540899999999,0.8088549614726344
GLLGSRLYPSVPVL,weaker,68.943918,PBD 299,G,Y,4,8,W,A,-0.10057738940600786,G,Y,299,FALSE,0.5127966435225048,FALSE,90.17911,0.7645220495079182
SKVMHFLGWF,no significant difference,105.21275,PBD 366,M,H,4,5,R,V,0.7220281101039272,M,H,366,FALSE,0.7759614036328946,FALSE,116.71804,0.9014266346487655
SKVMPFLGWF,weaker,104.57394399999998,PBD 366,M,P,4,5,R,V,0.38552410277556626,M,P,366,FALSE,0.7759614036328946,FALSE,116.71804,0.8959535646760345
GGPNKRPRLLLLV,weaker,79.491798,PBD 246,N,R,4,6,V,P,-0.02426069120521827,N,R,246,FALSE,0.5586905293176915,FALSE,98.54540899999999,0.8066514595317171
GGPRKVPRLLLLV,weaker,80.0811,PBD 246,R,V,4,6,V,P,-0.13705282032043672,R,V,246,FALSE,0.5586905293176915,FALSE,98.54540899999999,0.8126314641405569
GGPNKSPRLLLLV,weaker,79.69001899999999,PBD 246,N,S,4,6,V,P,-0.01987269191929423,N,S,246,FALSE,0.5586905293176915,FALSE,98.54540899999999,0.8086629281735489
GLLGSRLWPSVPVL,weaker,68.98592899999998,PBD 299,G,W,4,8,W,A,-0.18973069703163545,G,W,299,FALSE,0.5127966435225048,FALSE,90.17911,0.7649879112801179
GGPNKMPRLLLLV,weaker,79.42570099999999,PBD 246,N,M,4,6,V,P,-0.01513087709455183,N,M,246,FALSE,0.5586905293176915,FALSE,98.54540899999999,0.8059807332069624
GGPRK*PRLLLLV,weaker,NA,PBD 246,R,*,4,6,V,P,0.06800470060214163,R,*,246,FALSE,0.5586905293176915,FALSE,98.54540899999999,NA
GLLGSRLCPSVPVL,weaker,68.943918,PBD 299,G,C,4,8,W,A,-0.0372531873230672,G,C,299,FALSE,0.5127966435225048,FALSE,90.17911,0.7645220495079182
GGPNKIPRLLLLV,weaker,79.34499899999999,PBD 246,N,I,4,6,V,P,-0.07427802184188993,N,I,246,FALSE,0.5586905293176915,FALSE,98.54540899999999,0.8051618010941534
GGPRKYPRLLLLV,weaker,79.80843,PBD 246,R,Y,4,6,V,P,-0.09658832459357888,R,Y,246,FALSE,0.5586905293176915,FALSE,98.54540899999999,0.809864516367272
SKVMLFLGWF,weaker,105.85155699999999,PBD 366,M,L,4,5,R,V,0.672724976306663,M,L,366,FALSE,0.7759614036328946,FALSE,116.71804,0.9068997131891521
GGPNKQPRLLLLV,weaker,79.394085,PBD 246,N,Q,4,6,V,P,0.0865973434498035,N,Q,246,FALSE,0.5586905293176915,FALSE,98.54540899999999,0.8056599064904182
GLLGSRLFPSVPVL,weaker,68.98592899999998,PBD 299,G,F,4,8,W,A,-0.17725877554442926,G,F,299,FALSE,0.5127966435225048,FALSE,90.17911,0.7649879112801179
GGPNKHPRLLLLV,weaker,79.419631999999993,PBD 246,N,H,4,6,V,P,0.10538731686740473,N,H,246,FALSE,0.5586905293176915,FALSE,98.54540899999999,0.805919147385141
SKVMEFLGWF,no significant difference,104.57394399999998,PBD 366,M,E,4,5,R,V,0.8288600523291897,M,E,366,FALSE,0.7759614036328946,TRUE,116.71804,0.8959535646760345
GGPNKPPRLLLLV,no significant difference,94.21599099999999,PBD 246,N,P,4,6,V,P,0.4143643236577028,N,P,246,FALSE,0.5586905293176915,FALSE,98.54540899999999,0.9560667712079819
GGPRKWPRLLLLV,weaker,79.782226,PBD 246,R,W,4,6,V,P,-0.15954752163226332,R,W,246,FALSE,0.5586905293176915,FALSE,98.54540899999999,0.8095986084952979
SKVMDFLGWF,weaker,104.57394399999998,PBD 366,M,D,4,5,R,V,0.7033215410362401,M,D,366,FALSE,0.7759614036328946,FALSE,116.71804,0.8959535646760345
GGP*KHPRLLLLV,weaker,NA,PBD 246,*,H,4,6,V,P,0.148340071192788,*,H,246,FALSE,0.5586905293176915,FALSE,98.54540899999999,NA
GGPRKCPRLLLLV,weaker,79.684363,PBD 246,R,C,4,6,V,P,-0.08402102210828924,R,C,246,FALSE,0.5586905293176915,FALSE,98.54540899999999,0.808605533313074
SKVMAFLGWF,weaker,104.57394399999998,PBD 366,M,A,4,5,R,V,0.700981333153544,M,A,366,FALSE,0.7759614036328946,FALSE,116.71804,0.8959535646760345
GGP*KPPRLLLLV,weaker,NA,PBD 246,*,P,4,6,V,P,0.17661849498737228,*,P,246,FALSE,0.5586905293176915,FALSE,98.54540899999999,NA
GGPRKFPRLLLLV,weaker,79.929029,PBD 246,R,F,4,6,V,P,-0.1328993578583751,R,F,246,FALSE,0.5586905293176915,FALSE,98.54540899999999,0.8110883075232861
SKVMGFLGWF,weaker,104.57394399999998,PBD 366,M,G,4,5,R,V,0.5975717053010048,M,G,366,FALSE,0.7759614036328946,FALSE,116.71804,0.8959535646760345
GGPNKLPRLLLLV,weaker,79.541238,PBD 246,N,L,4,6,V,P,-0.06616933593060395,N,L,246,FALSE,0.5586905293176915,FALSE,98.54540899999999,0.8071531571805645
GGP*KRPRLLLLV,weaker,NA,PBD 246,*,R,4,6,V,P,-0.05240149979924834,*,R,246,FALSE,0.5586905293176915,FALSE,98.54540899999999,NA
SKVMVFLGWF,no significant difference,109.68439699999999,PBD 366,M,V,4,5,R,V,0.7380263958792643,M,V,366,FALSE,0.7759614036328946,FALSE,116.71804,0.9397381672961608
GGPNKEPRLLLLV,weaker,79.29606599999998,PBD 246,N,E,4,6,V,P,0.06502178664651193,N,E,246,FALSE,0.5586905293176915,FALSE,98.54540899999999,0.8046652482816321
GGP*KLPRLLLLV,weaker,NA,PBD 246,*,L,4,6,V,P,0.09946173544270216,*,L,246,FALSE,0.5586905293176915,FALSE,98.54540899999999,NA
GGPNKDPRLLLLV,weaker,79.27159999999999,PBD 246,N,D,4,6,V,P,0.01745676181201888,N,D,246,FALSE,0.5586905293176915,FALSE,98.54540899999999,0.8044169769491748
SKVM*FLGWF,weaker,NA,PBD 366,M,*,4,5,R,V,0.19054976137672625,M,*,366,FALSE,0.7759614036328946,FALSE,116.71804,NA
GGPNKAPRLLLLV,weaker,81.428626,PBD 246,N,A,4,6,V,P,0.16734189270231448,N,A,246,FALSE,0.5586905293176915,FALSE,98.54540899999999,0.8263056272870104
GGP*KEPRLLLLV,weaker,NA,PBD 246,*,E,4,6,V,P,0.17238415996841752,*,E,246,FALSE,0.5586905293176915,FALSE,98.54540899999999,NA
SKVMYFLGWF,weaker,104.57394399999998,PBD 366,M,Y,4,5,R,V,0.6771513330872247,M,Y,366,FALSE,0.7759614036328946,FALSE,116.71804,0.8959535646760345
GGP*KDPRLLLLV,no significant difference,NA,PBD 246,*,D,4,6,V,P,0.17192893895954836,*,D,246,FALSE,0.5586905293176915,FALSE,98.54540899999999,NA
GGPNKGPRLLLLV,weaker,79.29617899999998,PBD 246,N,G,4,6,V,P,-0.00951459245394653,N,G,246,FALSE,0.5586905293176915,FALSE,98.54540899999999,0.8046663949611289
GGP*KAPRLLLLV,weaker,NA,PBD 246,*,A,4,6,V,P,0.07490323240807978,*,A,246,FALSE,0.5586905293176915,FALSE,98.54540899999999,NA
SKVMWFLGWF,weaker,105.21275,PBD 366,M,W,4,5,R,V,0.5326671010026159,M,W,366,FALSE,0.7759614036328946,FALSE,116.71804,0.9014266346487655
GGPNKVPRLLLLV,weaker,79.668336,PBD 246,N,V,4,6,V,P,-0.01061432524355052,N,V,246,FALSE,0.5586905293176915,FALSE,98.54540899999999,0.8084428976290514
GGP*KGPRLLLLV,weaker,NA,PBD 246,*,G,4,6,V,P,4.202421185736105e-4,*,G,246,FALSE,0.5586905293176915,FALSE,98.54540899999999,NA
SKVMCFLGWF,no significant difference,105.21275,PBD 366,M,C,4,5,R,V,0.7361563323675052,M,C,366,FALSE,0.7759614036328946,FALSE,116.71804,0.9014266346487655
GGPNK*PRLLLLV,weaker,NA,PBD 246,N,*,4,6,V,P,0.07148243814300007,N,*,246,FALSE,0.5586905293176915,FALSE,98.54540899999999,NA
GGP*KVPRLLLLV,weaker,NA,PBD 246,*,V,4,6,V,P,0.08771924441710141,*,V,246,FALSE,0.5586905293176915,FALSE,98.54540899999999,NA
SKVMFFLGWF,weaker,105.21275,PBD 366,M,F,4,5,R,V,0.6247124160037021,M,F,366,FALSE,0.7759614036328946,FALSE,116.71804,0.9014266346487655
GGPNKYPRLLLLV,weaker,79.39566599999999,PBD 246,N,Y,4,6,V,P,-0.02749298265527305,N,Y,246,FALSE,0.5586905293176915,FALSE,98.54540899999999,0.8056759498557665
SKVIKFLGWF,stronger,109.049282,PBD 366,I,K,4,5,R,V,0.8753827998717773,I,K,366,FALSE,0.7759614036328946,TRUE,116.71804,0.9342967205412291
GGP*K*PRLLLLV,weaker,NA,PBD 246,*,*,4,6,V,P,0.0967148793423047,*,*,246,FALSE,0.5586905293176915,FALSE,98.54540899999999,NA
SKVINFLGWF,no significant difference,108.41047599999999,PBD 366,I,N,4,5,R,V,0.8906418763224656,I,N,366,FALSE,0.7759614036328946,TRUE,116.71804,0.9288236505684981
GGP*KYPRLLLLV,weaker,NA,PBD 246,*,Y,4,6,V,P,0.05071652008943599,*,Y,246,FALSE,0.5586905293176915,FALSE,98.54540899999999,NA
SKVITFLGWF,stronger,112.243316,PBD 366,I,T,4,5,R,V,0.9205243463800982,I,T,366,FALSE,0.7759614036328946,TRUE,116.71804,0.9616621046755068
GGPNKWPRLLLLV,weaker,79.36946199999998,PBD 246,N,W,4,6,V,P,-0.17524211850871868,N,W,246,FALSE,0.5586905293176915,FALSE,98.54540899999999,0.8054100419837924
GGP*KSPRLLLLV,weaker,NA,PBD 246,*,S,4,6,V,P,0.0967148793423047,*,S,246,FALSE,0.5586905293176915,FALSE,98.54540899999999,NA
GGPNKCPRLLLLV,weaker,79.271599,PBD 246,N,C,4,6,V,P,-0.06874360469088826,N,C,246,FALSE,0.5586905293176915,FALSE,98.54540899999999,0.8044169668015686
SKVIRFLGWF,stronger,109.68808899999999,PBD 366,I,R,4,5,R,V,0.849567322921757,I,R,366,FALSE,0.7759614036328946,TRUE,116.71804,0.9397697990816157
GGP*KWPRLLLLV,no significant difference,NA,PBD 246,*,W,4,6,V,P,0.18803757447967032,*,W,246,FALSE,0.5586905293176915,FALSE,98.54540899999999,NA
SKVISFLGWF,stronger,110.326896,PBD 366,I,S,4,5,R,V,0.8529673211730527,I,S,366,FALSE,0.7759614036328946,TRUE,116.71804,0.9452428776220025
GGPNKFPRLLLLV,weaker,79.51626499999999,PBD 246,N,F,4,6,V,P,0.06942886961549688,N,F,246,FALSE,0.5586905293176915,FALSE,98.54540899999999,0.8068997410117806
GGP*KCPRLLLLV,weaker,NA,PBD 246,*,C,4,6,V,P,0.0688549881161102,*,C,246,FALSE,0.5586905293176915,FALSE,98.54540899999999,NA
SKVIMFLGWF,no significant difference,108.41047599999999,PBD 366,I,M,4,5,R,V,0.7963957847155493,I,M,366,FALSE,0.7759614036328946,TRUE,116.71804,0.9288236505684981
GGPTKKPRLLLLV,weaker,79.88144899999999,PBD 246,T,K,4,6,V,P,0.2039354532770906,T,K,246,FALSE,0.5586905293176915,FALSE,98.54540899999999,0.8106054844219074
SKVIIFLGWF,no significant difference,110.965702,PBD 366,I,I,4,5,R,V,0.7920398034340833,I,I,366,FALSE,0.7759614036328946,TRUE,116.71804,0.9507159475947333
GGPTKNPRLLLLV,weaker,79.90521499999998,PBD 246,T,N,4,6,V,P,-0.01656859186819164,T,N,246,FALSE,0.5586905293176915,FALSE,98.54540899999999,0.8108466524300487
GGP*KFPRLLLLV,weaker,NA,PBD 246,*,F,4,6,V,P,0.10892721706655616,*,F,246,FALSE,0.5586905293176915,FALSE,98.54540899999999,NA
SKVIQFLGWF,stronger,109.049282,PBD 366,I,Q,4,5,R,V,0.8588871318893606,I,Q,366,FALSE,0.7759614036328946,TRUE,116.71804,0.9342967205412291
GGPTKTPRLLLLV,weaker,80.285466,PBD 246,T,T,4,6,V,P,0.1353476569077763,T,T,246,FALSE,0.5586905293176915,FALSE,98.54540899999999,0.8147052898222789
GGPYKKPRLLLLV,weaker,79.223077,PBD 246,Y,K,4,6,V,P,-0.01189451251584918,Y,K,246,FALSE,0.5586905293176915,FALSE,98.54540899999999,0.8039245846551818
SKVIHFLGWF,stronger,109.049282,PBD 366,I,H,4,5,R,V,0.8502267050285468,I,H,366,FALSE,0.7759614036328946,TRUE,116.71804,0.9342967205412291
GGPTKRPRLLLLV,weaker,80.05214199999999,PBD 246,T,R,4,6,V,P,0.0749182035566112,T,R,246,FALSE,0.5586905293176915,FALSE,98.54540899999999,0.8123376097612015
GGPYKNPRLLLLV,weaker,79.246843,PBD 246,Y,N,4,6,V,P,-0.11869764017966336,Y,N,246,FALSE,0.5586905293176915,FALSE,98.54540899999999,0.804165752663323
SKVIPFLGWF,weaker,108.41047599999999,PBD 366,I,P,4,5,R,V,0.40684882803639255,I,P,366,FALSE,0.7759614036328946,FALSE,116.71804,0.9288236505684981
GGPTKSPRLLLLV,weaker,80.25036300000001,PBD 246,T,S,4,6,V,P,0.08953586776796729,T,S,246,FALSE,0.5586905293176915,FALSE,98.54540899999999,0.8143490784030336
GGPYKTPRLLLLV,weaker,79.62709399999999,PBD 246,Y,T,4,6,V,P,-0.0335452177845153,Y,T,246,FALSE,0.5586905293176915,FALSE,98.54540899999999,0.8080243900555529
GGPTKMPRLLLLV,weaker,79.986045,PBD 246,T,M,4,6,V,P,0.09352688120463525,T,M,246,FALSE,0.5586905293176915,FALSE,98.54540899999999,0.8116668834364471
GGPTKIPRLLLLV,weaker,79.905343,PBD 246,T,I,4,6,V,P,0.02280620869910399,T,I,246,FALSE,0.5586905293176915,FALSE,98.54540899999999,0.8108479513236381
GGPYKRPRLLLLV,weaker,79.39377,PBD 246,Y,R,4,6,V,P,-0.16042023185539803,Y,R,246,FALSE,0.5586905293176915,FALSE,98.54540899999999,0.8056567099944758
GGPTKQPRLLLLV,weaker,79.95442899999999,PBD 246,T,Q,4,6,V,P,0.15505711752700466,T,Q,246,FALSE,0.5586905293176915,FALSE,98.54540899999999,0.8113460567199026
GGPYKSPRLLLLV,weaker,79.591991,PBD 246,Y,S,4,6,V,P,-0.14073042148228387,Y,S,246,FALSE,0.5586905293176915,FALSE,98.54540899999999,0.8076681786363077
SKVILFLGWF,no significant difference,109.68808899999999,PBD 366,I,L,4,5,R,V,0.7561949880813847,I,L,366,FALSE,0.7759614036328946,FALSE,116.71804,0.9397697990816157
GGPTKHPRLLLLV,weaker,79.97997600000001,PBD 246,T,H,4,6,V,P,0.01544199540522215,T,H,246,FALSE,0.5586905293176915,FALSE,98.54540899999999,0.8116052976146257
GGPYKMPRLLLLV,weaker,79.32767299999999,PBD 246,Y,M,4,6,V,P,-0.14967480254332413,Y,M,246,FALSE,0.5586905293176915,FALSE,98.54540899999999,0.8049859836697212
GGPTKPPRLLLLV,no significant difference,94.776335,PBD 246,T,P,4,6,V,P,0.5645469410809645,T,P,246,FALSE,0.5586905293176915,TRUE,98.54540899999999,0.9617529214374666
GGPYKIPRLLLLV,weaker,79.24697099999999,PBD 246,Y,I,4,6,V,P,-0.21928139822817028,Y,I,246,FALSE,0.5586905293176915,FALSE,98.54540899999999,0.8041670515569121
GLLVSRLKPSVPVL,weaker,69.132943,PBD 299,V,K,4,8,W,A,-0.21360329781463733,V,K,299,FALSE,0.5127966435225048,FALSE,90.17911,0.7666181558012715
SKVIEFLGWF,no significant difference,108.41047599999999,PBD 366,I,E,4,5,R,V,0.8958414333424913,I,E,366,FALSE,0.7759614036328946,TRUE,116.71804,0.9288236505684981
GGPYKQPRLLLLV,weaker,79.296057,PBD 246,Y,Q,4,6,V,P,-0.07298441549363918,Y,Q,246,FALSE,0.5586905293176915,FALSE,98.54540899999999,0.8046651569531769
GLLVSRLNPSVPVL,weaker,69.153949,PBD 299,V,N,4,8,W,A,-0.09428927976915212,V,N,299,FALSE,0.5127966435225048,FALSE,90.17911,0.7668510922318927
SKVIDFLGWF,no significant difference,108.41047599999999,PBD 366,I,D,4,5,R,V,0.8174562718166346,I,D,366,FALSE,0.7759614036328946,TRUE,116.71804,0.9288236505684981
GGPYKHPRLLLLV,weaker,79.321604,PBD 246,Y,H,4,6,V,P,-0.06836089201421634,Y,H,246,FALSE,0.5586905293176915,FALSE,98.54540899999999,0.8049243978478997
GLLVSRLTPSVPVL,weaker,69.279979,PBD 299,V,T,4,8,W,A,-0.15853530700733762,V,T,299,FALSE,0.5127966435225048,FALSE,90.17911,0.7682486442813641
SKVIAFLGWF,no significant difference,108.41047599999999,PBD 366,I,A,4,5,R,V,0.7884347021718869,I,A,366,FALSE,0.7759614036328946,TRUE,116.71804,0.9288236505684981
GGPYKPPRLLLLV,weaker,94.11796299999999,PBD 246,Y,P,4,6,V,P,0.10137352138564308,Y,P,246,FALSE,0.5586905293176915,FALSE,98.54540899999999,0.9550720216707406
GGPTKLPRLLLLV,weaker,80.101582,PBD 246,T,L,4,6,V,P,0.03672937355872462,T,L,246,FALSE,0.5586905293176915,FALSE,98.54540899999999,0.812839307410049
GLLVSRLRPSVPVL,weaker,69.23796899999999,PBD 299,V,R,4,8,W,A,-0.19170503054293445,V,R,299,FALSE,0.5127966435225048,FALSE,90.17911,0.7677827935982069
SKVIGFLGWF,weaker,108.41047599999999,PBD 366,I,G,4,5,R,V,0.6625142561582962,I,G,366,FALSE,0.7759614036328946,FALSE,116.71804,0.9288236505684981
GGPLKKPRLLLLV,weaker,81.230609,PBD 246,L,K,4,6,V,P,-0.08294906900567046,L,K,246,FALSE,0.5586905293176915,FALSE,98.54540899999999,0.8242962287568364
GLLVSRLSPSVPVL,weaker,69.258974,PBD 299,V,S,4,8,W,A,-0.16113335306516446,V,S,299,FALSE,0.5127966435225048,FALSE,90.17911,0.7680157189397855
GGPTKEPRLLLLV,weaker,79.85641,PBD 246,T,E,4,6,V,P,0.06371062463457249,T,E,246,FALSE,0.5586905293176915,FALSE,98.54540899999999,0.8103513985111168
GGPLKNPRLLLLV,weaker,81.254375,PBD 246,L,N,4,6,V,P,0.03481941175815293,L,N,246,FALSE,0.5586905293176915,FALSE,98.54540899999999,0.8245373967649777
GLLVSRLMPSVPVL,weaker,69.23796899999999,PBD 299,V,M,4,8,W,A,-0.2063911327950319,V,M,299,FALSE,0.5127966435225048,FALSE,90.17911,0.7677827935982069
SKVIVFLGWF,stronger,113.520929,PBD 366,I,V,4,5,R,V,0.8249709329597958,I,V,366,FALSE,0.7759614036328946,TRUE,116.71804,0.9726082531886244
GGPTKDPRLLLLV,weaker,79.83194400000001,PBD 246,T,D,4,6,V,P,0.07598431319123633,T,D,246,FALSE,0.5586905293176915,FALSE,98.54540899999999,0.8101031271786595
GGPYKLPRLLLLV,weaker,79.44321000000001,PBD 246,Y,L,4,6,V,P,-0.15176238687253135,Y,L,246,FALSE,0.5586905293176915,FALSE,98.54540899999999,0.8061584076433232
GGPLKTPRLLLLV,weaker,81.63462600000001,PBD 246,L,T,4,6,V,P,-0.00368447370377389,L,T,246,FALSE,0.5586905293176915,FALSE,98.54540899999999,0.8283960341572079
GLLVSRLIPSVPVL,weaker,69.17495399999999,PBD 299,V,I,4,8,W,A,-0.2144738045062363,V,I,299,FALSE,0.5127966435225048,FALSE,90.17911,0.7670840175734712
GGPTKAPRLLLLV,weaker,81.98896999999998,PBD 246,T,A,4,6,V,P,0.3495146948371358,T,A,246,FALSE,0.5586905293176915,FALSE,98.54540899999999,0.8319917775164948
GLLVSRLQPSVPVL,weaker,69.132943,PBD 299,V,Q,4,8,W,A,-0.17298464048729034,V,Q,299,FALSE,0.5127966435225048,FALSE,90.17911,0.7666181558012715
SKVI*FLGWF,weaker,NA,PBD 366,I,*,4,5,R,V,0.27417289745111867,I,*,366,FALSE,0.7759614036328946,FALSE,116.71804,NA
GGPYKEPRLLLLV,weaker,79.19803799999998,PBD 246,Y,E,4,6,V,P,-0.00771368792278631,Y,E,246,FALSE,0.5586905293176915,FALSE,98.54540899999999,0.8036704987443909
GGPLKRPRLLLLV,weaker,81.401302,PBD 246,L,R,4,6,V,P,-0.06115789483788868,L,R,246,FALSE,0.5586905293176915,FALSE,98.54540899999999,0.8260283540961305
GLLVSRLHPSVPVL,weaker,69.153949,PBD 299,V,H,4,8,W,A,-0.11289669097617476,V,H,299,FALSE,0.5127966435225048,FALSE,90.17911,0.7668510922318927
SKVIYFLGWF,no significant difference,108.41047599999999,PBD 366,I,Y,4,5,R,V,0.7051161552121656,I,Y,366,FALSE,0.7759614036328946,FALSE,116.71804,0.9288236505684981
GGPTKGPRLLLLV,weaker,79.856523,PBD 246,T,G,4,6,V,P,-0.15599433790735195,T,G,246,FALSE,0.5586905293176915,FALSE,98.54540899999999,0.8103525451906136
GGPYKDPRLLLLV,weaker,79.173572,PBD 246,Y,D,4,6,V,P,-0.20847751526060665,Y,D,246,FALSE,0.5586905293176915,FALSE,98.54540899999999,0.8034222274119335
GGPLKSPRLLLLV,weaker,81.59952299999999,PBD 246,L,S,4,6,V,P,-0.04721203537384526,L,S,246,FALSE,0.5586905293176915,FALSE,98.54540899999999,0.8280398227379623
GLLVSRLPPSVPVL,weaker,70.14118599999999,PBD 299,V,P,4,8,W,A,-0.01625925347265115,V,P,299,FALSE,0.5127966435225048,FALSE,90.17911,0.7777986054641701
GGPYKAPRLLLLV,weaker,81.330598,PBD 246,Y,A,4,6,V,P,0.0065269680240093,Y,A,246,FALSE,0.5586905293176915,FALSE,98.54540899999999,0.8253108777497692
GGPLKMPRLLLLV,weaker,81.33520499999999,PBD 246,L,M,4,6,V,P,-0.07120634683233854,L,M,246,FALSE,0.5586905293176915,FALSE,98.54540899999999,0.8253576277713759
GGPTKVPRLLLLV,weaker,80.22867999999998,PBD 246,T,V,4,6,V,P,-0.1461408591052878,T,V,246,FALSE,0.5586905293176915,FALSE,98.54540899999999,0.8141290478585358
GGPLKIPRLLLLV,weaker,81.25450299999999,PBD 246,L,I,4,6,V,P,-0.11694603700445312,L,I,246,FALSE,0.5586905293176915,FALSE,98.54540899999999,0.8245386956585669
SKVIWFLGWF,weaker,109.049282,PBD 366,I,W,4,5,R,V,0.6369560139310406,I,W,366,FALSE,0.7759614036328946,FALSE,116.71804,0.9342967205412291
GGPYKGPRLLLLV,weaker,79.19815099999998,PBD 246,Y,G,4,6,V,P,-0.12695168823013742,Y,G,246,FALSE,0.5586905293176915,FALSE,98.54540899999999,0.8036716454238877
GGPLKQPRLLLLV,weaker,81.303589,PBD 246,L,Q,4,6,V,P,-0.01462284865099365,L,Q,246,FALSE,0.5586905293176915,FALSE,98.54540899999999,0.8250368010548316
SKVICFLGWF,no significant difference,109.049282,PBD 366,I,C,4,5,R,V,0.8029294995506484,I,C,366,FALSE,0.7759614036328946,TRUE,116.71804,0.9342967205412291
GGPTK*PRLLLLV,weaker,NA,PBD 246,T,*,4,6,V,P,0.14045809422810313,T,*,246,FALSE,0.5586905293176915,FALSE,98.54540899999999,NA
GGPLKHPRLLLLV,weaker,81.32913599999999,PBD 246,L,H,4,6,V,P,0.03589817095780125,L,H,246,FALSE,0.5586905293176915,FALSE,98.54540899999999,0.8252960419495544
GLLVSRLLPSVPVL,weaker,73.88008299999998,PBD 299,V,L,4,8,W,A,-0.16522006102994247,V,L,299,FALSE,0.5127966435225048,FALSE,90.17911,0.8192593938884515
GGPTKYPRLLLLV,weaker,79.95601,PBD 246,T,Y,4,6,V,P,0.03143561366916216,T,Y,246,FALSE,0.5586905293176915,FALSE,98.54540899999999,0.8113621000852512
GGPYKVPRLLLLV,weaker,79.570308,PBD 246,Y,V,4,6,V,P,-0.17135331594864328,Y,V,246,FALSE,0.5586905293176915,FALSE,98.54540899999999,0.8074481480918102
GGPLKPPRLLLLV,weaker,96.12549499999999,PBD 246,L,P,4,6,V,P,0.4532816997446775,L,P,246,FALSE,0.5586905293176915,FALSE,98.54540899999999,0.9754436657723953
SKVIFFLGWF,weaker,109.049282,PBD 366,I,F,4,5,R,V,0.6676429582946486,I,F,366,FALSE,0.7759614036328946,FALSE,116.71804,0.9342967205412291
GLLVSRLEPSVPVL,weaker,69.17495399999999,PBD 299,V,E,4,8,W,A,-0.06237757618749913,V,E,299,FALSE,0.5127966435225048,FALSE,90.17911,0.7670840175734712
SKVQKFLGWF,no significant difference,105.21275,PBD 366,Q,K,4,5,R,V,0.8131083544597012,Q,K,366,FALSE,0.7759614036328946,TRUE,116.71804,0.9014266346487655
GGPYK*PRLLLLV,weaker,NA,PBD 246,Y,*,4,6,V,P,0.12670459356952127,Y,*,246,FALSE,0.5586905293176915,FALSE,98.54540899999999,NA
GLLVSRLDPSVPVL,weaker,69.17495399999999,PBD 299,V,D,4,8,W,A,-0.08686534084419362,V,D,299,FALSE,0.5127966435225048,FALSE,90.17911,0.7670840175734712
SKVQNFLGWF,no significant difference,104.57394399999998,PBD 366,Q,N,4,5,R,V,0.6805599293126369,Q,N,366,FALSE,0.7759614036328946,FALSE,116.71804,0.8959535646760345
GGPTKWPRLLLLV,weaker,79.929806,PBD 246,T,W,4,6,V,P,-0.08870904352165332,T,W,246,FALSE,0.5586905293176915,FALSE,98.54540899999999,0.8110961922132771
GGPYKYPRLLLLV,weaker,79.29763799999999,PBD 246,Y,Y,4,6,V,P,-0.10603936254539022,Y,Y,246,FALSE,0.5586905293176915,FALSE,98.54540899999999,0.8046812003185252
GLLVSRLAPSVPVL,weaker,81.88300399999999,PBD 299,V,A,4,8,W,A,0.18850386696303573,V,A,299,FALSE,0.5127966435225048,FALSE,90.17911,0.9080041264545635
SKVQTFLGWF,no significant difference,108.40678399999999,PBD 366,Q,T,4,5,R,V,0.8214712011803329,Q,T,366,FALSE,0.7759614036328946,TRUE,116.71804,0.9287920187830432
GGPTKCPRLLLLV,weaker,79.83194299999998,PBD 246,T,C,4,6,V,P,0.02604856221385447,T,C,246,FALSE,0.5586905293176915,FALSE,98.54540899999999,0.8101031170310531
GGPLKLPRLLLLV,weaker,81.450742,PBD 246,L,L,4,6,V,P,-0.091341095863811,L,L,246,FALSE,0.5586905293176915,FALSE,98.54540899999999,0.826530051744978
GLLVSRLGPSVPVL,weaker,69.32198899999999,PBD 299,V,G,4,8,W,A,-0.12781911967991083,V,G,299,FALSE,0.5127966435225048,FALSE,90.17911,0.768714494964521
SKVQRFLGWF,no significant difference,105.85155699999999,PBD 366,Q,R,4,5,R,V,0.7517502198058239,Q,R,366,FALSE,0.7759614036328946,FALSE,116.71804,0.9068997131891521
GGPTKFPRLLLLV,weaker,80.076609,PBD 246,T,F,4,6,V,P,-0.09847009708831844,T,F,246,FALSE,0.5586905293176915,FALSE,98.54540899999999,0.8125858912412653
GGPYKWPRLLLLV,weaker,79.27143399999999,PBD 246,Y,W,4,6,V,P,-0.1012798355493342,Y,W,246,FALSE,0.5586905293176915,FALSE,98.54540899999999,0.8044152924465511
GGPLKEPRLLLLV,weaker,81.20557000000001,PBD 246,L,E,4,6,V,P,-0.02713134943834579,L,E,246,FALSE,0.5586905293176915,FALSE,98.54540899999999,0.8240421428460459
SKVQSFLGWF,weaker,106.490364,PBD 366,Q,S,4,5,R,V,0.7314821557727726,Q,S,366,FALSE,0.7759614036328946,FALSE,116.71804,0.912372791729539
GGPYKCPRLLLLV,weaker,79.173571,PBD 246,Y,C,4,6,V,P,-0.00771368792278606,Y,C,246,FALSE,0.5586905293176915,FALSE,98.54540899999999,0.8034222172643274
GGPLKDPRLLLLV,weaker,81.18110399999999,PBD 246,L,D,4,6,V,P,-0.12152981409939367,L,D,246,FALSE,0.5586905293176915,FALSE,98.54540899999999,0.8237938715135882
GLLVSRLVPSVPVL,weaker,69.65807,PBD 299,V,V,4,8,W,A,-0.183173261731908,V,V,299,FALSE,0.5127966435225048,FALSE,90.17911,0.7724413115188207
SKVQMFLGWF,weaker,104.57394399999998,PBD 366,Q,M,4,5,R,V,0.6927936436070347,Q,M,366,FALSE,0.7759614036328946,FALSE,116.71804,0.8959535646760345
GGPLKAPRLLLLV,weaker,83.33812999999999,PBD 246,L,A,4,6,V,P,0.13052129030565024,L,A,246,FALSE,0.5586905293176915,FALSE,98.54540899999999,0.8456825218514238
SKVQIFLGWF,no significant difference,107.12916999999999,PBD 366,Q,I,4,5,R,V,0.7110010447798227,Q,I,366,FALSE,0.7759614036328946,FALSE,116.71804,0.9178458617022697
GGPYKFPRLLLLV,weaker,79.41823699999999,PBD 246,Y,F,4,6,V,P,-0.23070611160008003,Y,F,246,FALSE,0.5586905293176915,FALSE,98.54540899999999,0.8059049914745394
GLLVSRL*PSVPVL,weaker,NA,PBD 299,V,*,4,8,W,A,-0.16664722737195375,V,*,299,FALSE,0.5127966435225048,FALSE,90.17911,NA
SKVQQFLGWF,no significant difference,105.21275,PBD 366,Q,Q,4,5,R,V,0.7209113323370798,Q,Q,366,FALSE,0.7759614036328946,FALSE,116.71804,0.9014266346487655
GGPSKKPRLLLLV,weaker,80.06063400000001,PBD 246,S,K,4,6,V,P,-0.0599540322080396,S,K,246,FALSE,0.5586905293176915,FALSE,98.54540899999999,0.8124237832327634
GGPLKGPRLLLLV,weaker,81.20568300000001,PBD 246,L,G,4,6,V,P,-0.11578747791902068,L,G,246,FALSE,0.5586905293176915,FALSE,98.54540899999999,0.8240432895255426
GLLVSRLYPSVPVL,weaker,69.132943,PBD 299,V,Y,4,8,W,A,-0.10287462566191125,V,Y,299,FALSE,0.5127966435225048,FALSE,90.17911,0.7666181558012715
SKVQPFLGWF,weaker,104.57394399999998,PBD 366,Q,P,4,5,R,V,0.395397442729871,Q,P,366,FALSE,0.7759614036328946,FALSE,116.71804,0.8959535646760345
GGPSKNPRLLLLV,weaker,80.0844,PBD 246,S,N,4,6,V,P,0.05970473772760741,S,N,246,FALSE,0.5586905293176915,FALSE,98.54540899999999,0.8126649512409047
GGPSKTPRLLLLV,weaker,80.46465099999999,PBD 246,S,T,4,6,V,P,0.01171370382236174,S,T,246,FALSE,0.5586905293176915,FALSE,98.54540899999999,0.8165235886331346
GGPLKVPRLLLLV,weaker,81.57784,PBD 246,L,V,4,6,V,P,-0.10560521014258872,L,V,246,FALSE,0.5586905293176915,FALSE,98.54540899999999,0.8278197921934649
SKVQLFLGWF,weaker,105.85155699999999,PBD 366,Q,L,4,5,R,V,0.6743599128566874,Q,L,366,FALSE,0.7759614036328946,FALSE,116.71804,0.9068997131891521
GLLVSRLWPSVPVL,weaker,69.17495399999999,PBD 299,V,W,4,8,W,A,-0.19228675072674495,V,W,299,FALSE,0.5127966435225048,FALSE,90.17911,0.7670840175734712
GGPSKRPRLLLLV,weaker,80.23132700000001,PBD 246,S,R,4,6,V,P,-0.03620791870754614,S,R,246,FALSE,0.5586905293176915,FALSE,98.54540899999999,0.8141559085720576
GGPLK*PRLLLLV,weaker,NA,PBD 246,L,*,4,6,V,P,0.14879782267560385,L,*,246,FALSE,0.5586905293176915,FALSE,98.54540899999999,NA
GLLVSRLCPSVPVL,weaker,69.132943,PBD 299,V,C,4,8,W,A,-0.1893941229057895,V,C,299,FALSE,0.5127966435225048,FALSE,90.17911,0.7666181558012715
SKVQEFLGWF,no significant difference,104.57394399999998,PBD 366,Q,E,4,5,R,V,0.8276247147792822,Q,E,366,FALSE,0.7759614036328946,TRUE,116.71804,0.8959535646760345
GGPSKSPRLLLLV,weaker,80.429548,PBD 246,S,S,4,6,V,P,0.120185898967157,S,S,246,FALSE,0.5586905293176915,FALSE,98.54540899999999,0.8161673772138893
GGPLKYPRLLLLV,weaker,81.30516999999999,PBD 246,L,Y,4,6,V,P,-0.03609573018478754,L,Y,246,FALSE,0.5586905293176915,FALSE,98.54540899999999,0.8250528444201799
SKVQDFLGWF,no significant difference,104.57394399999998,PBD 366,Q,D,4,5,R,V,0.6588473568844376,Q,D,366,FALSE,0.7759614036328946,FALSE,116.71804,0.8959535646760345
GGPSKMPRLLLLV,weaker,80.16523,PBD 246,S,M,4,6,V,P,0.03110749696947155,S,M,246,FALSE,0.5586905293176915,FALSE,98.54540899999999,0.8134851822473028
GLLVSRLFPSVPVL,weaker,69.17495399999999,PBD 299,V,F,4,8,W,A,-0.27087431981539734,V,F,299,FALSE,0.5127966435225048,FALSE,90.17911,0.7670840175734712
SKVQAFLGWF,weaker,104.57394399999998,PBD 366,Q,A,4,5,R,V,0.6485664008694372,Q,A,366,FALSE,0.7759614036328946,FALSE,116.71804,0.8959535646760345
GGPSKIPRLLLLV,weaker,80.08452799999999,PBD 246,S,I,4,6,V,P,-0.09236154339478228,S,I,246,FALSE,0.5586905293176915,FALSE,98.54540899999999,0.8126662501344938
GGPSKQPRLLLLV,weaker,80.13361400000001,PBD 246,S,Q,4,6,V,P,0.02424614007422157,S,Q,246,FALSE,0.5586905293176915,FALSE,98.54540899999999,0.8131643555307586
GGPLKWPRLLLLV,weaker,81.27896600000001,PBD 246,L,W,4,6,V,P,-0.1996405040644176,L,W,246,FALSE,0.5586905293176915,FALSE,98.54540899999999,0.8247869365482061
SKVQGFLGWF,weaker,104.57394399999998,PBD 366,Q,G,4,5,R,V,0.5402997816316237,Q,G,366,FALSE,0.7759614036328946,FALSE,116.71804,0.8959535646760345
GGPSKHPRLLLLV,weaker,80.159161,PBD 246,S,H,4,6,V,P,0.0164886452144892,S,H,246,FALSE,0.5586905293176915,FALSE,98.54540899999999,0.8134235964254815
GGPLKCPRLLLLV,weaker,81.181103,PBD 246,L,C,4,6,V,P,-0.1748561771738911,L,C,246,FALSE,0.5586905293176915,FALSE,98.54540899999999,0.8237938613659821
GGPSKPPRLLLLV,weaker,94.95551999999999,PBD 246,S,P,4,6,V,P,0.47058120102777334,S,P,246,FALSE,0.5586905293176915,FALSE,98.54540899999999,0.9635712202483223
SKVQVFLGWF,no significant difference,109.68439699999999,PBD 366,Q,V,4,5,R,V,0.7767918024513351,Q,V,366,FALSE,0.7759614036328946,TRUE,116.71804,0.9397381672961608
GLLMSRLKPSVPVL,weaker,68.54486499999999,PBD 299,M,K,4,8,W,A,-0.065409502640802,M,K,299,FALSE,0.5127966435225048,FALSE,90.17911,0.7600969337577183
GGPLKFPRLLLLV,weaker,81.42576899999999,PBD 246,L,F,4,6,V,P,-0.1988088224642026,L,F,246,FALSE,0.5586905293176915,FALSE,98.54540899999999,0.826276635576194
GLLMSRLNPSVPVL,weaker,68.56587099999999,PBD 299,M,N,4,8,W,A,-0.11428430105543552,M,N,299,FALSE,0.5127966435225048,FALSE,90.17911,0.7603298701883395
SKVQ*FLGWF,weaker,NA,PBD 366,Q,*,4,5,R,V,0.18240624337325784,Q,*,366,FALSE,0.7759614036328946,FALSE,116.71804,NA
GLLMSRLTPSVPVL,weaker,68.69190099999999,PBD 299,M,T,4,8,W,A,0.00836009802474156,M,T,299,FALSE,0.5127966435225048,FALSE,90.17911,0.7617274222378109
SKVQYFLGWF,weaker,104.57394399999998,PBD 366,Q,Y,4,5,R,V,0.7104357326852062,Q,Y,366,FALSE,0.7759614036328946,FALSE,116.71804,0.8959535646760345
GGPSKLPRLLLLV,weaker,80.28076700000001,PBD 246,S,L,4,6,V,P,-0.14338703406044886,S,L,246,FALSE,0.5586905293176915,FALSE,98.54540899999999,0.8146576062209049
GLLMSRLRPSVPVL,weaker,68.649891,PBD 299,M,R,4,8,W,A,-0.16811991448546446,M,R,299,FALSE,0.5127966435225048,FALSE,90.17911,0.7612615715546539
GGPSKEPRLLLLV,weaker,80.03559499999999,PBD 246,S,E,4,6,V,P,0.00285713551290678,S,E,246,FALSE,0.5586905293176915,FALSE,98.54540899999999,0.8121696973219725
GLLMSRLSPSVPVL,weaker,68.670896,PBD 299,M,S,4,8,W,A,-0.11066918588217747,M,S,299,FALSE,0.5127966435225048,FALSE,90.17911,0.7614944968962324
SKVQWFLGWF,weaker,105.21275,PBD 366,Q,W,4,5,R,V,0.5550880828935837,Q,W,366,FALSE,0.7759614036328946,FALSE,116.71804,0.9014266346487655
GGPSKDPRLLLLV,weaker,80.011129,PBD 246,S,D,4,6,V,P,-0.05768676742687183,S,D,246,FALSE,0.5586905293176915,FALSE,98.54540899999999,0.8119214259895152
GLLMSRLMPSVPVL,weaker,68.649891,PBD 299,M,M,4,8,W,A,-0.04874458770827961,M,M,299,FALSE,0.5127966435225048,FALSE,90.17911,0.7612615715546539
SKVQCFLGWF,no significant difference,105.21275,PBD 366,Q,C,4,5,R,V,0.730578174836858,Q,C,366,FALSE,0.7759614036328946,FALSE,116.71804,0.9014266346487655
GGPSKAPRLLLLV,weaker,82.168155,PBD 246,S,A,4,6,V,P,0.19304596095680884,S,A,246,FALSE,0.5586905293176915,FALSE,98.54540899999999,0.8338100763273508
GLLMSRLIPSVPVL,weaker,68.58687599999999,PBD 299,M,I,4,8,W,A,-0.01524710947046788,M,I,299,FALSE,0.5127966435225048,FALSE,90.17911,0.7605627955299181
GLLMSRLQPSVPVL,weaker,68.54486499999999,PBD 299,M,Q,4,8,W,A,-0.06874360469088826,M,Q,299,FALSE,0.5127966435225048,FALSE,90.17911,0.7600969337577183
SKVQFFLGWF,weaker,105.21275,PBD 366,Q,F,4,5,R,V,0.6328902284119907,Q,F,366,FALSE,0.7759614036328946,FALSE,116.71804,0.9014266346487655
GGPSKGPRLLLLV,weaker,80.03570799999999,PBD 246,S,G,4,6,V,P,-0.08417196232494832,S,G,246,FALSE,0.5586905293176915,FALSE,98.54540899999999,0.8121708440014693
GLLMSRLHPSVPVL,weaker,68.56587099999999,PBD 299,M,H,4,8,W,A,-0.08187030980602214,M,H,299,FALSE,0.5127966435225048,FALSE,90.17911,0.7603298701883395
SKVHKFLGWF,stronger,105.21275,PBD 366,H,K,4,5,R,V,0.8560415673488982,H,K,366,FALSE,0.7759614036328946,TRUE,116.71804,0.9014266346487655
GLLMSRLPPSVPVL,weaker,69.553108,PBD 299,M,P,4,8,W,A,-0.05331319802876877,M,P,299,FALSE,0.5127966435225048,FALSE,90.17911,0.771277383420617
SKVHNFLGWF,no significant difference,104.57394399999998,PBD 366,H,N,4,5,R,V,0.7421328604324419,H,N,366,FALSE,0.7759614036328946,FALSE,116.71804,0.8959535646760345
GGPSKVPRLLLLV,weaker,80.407865,PBD 246,S,V,4,6,V,P,-0.16191904913623728,S,V,246,FALSE,0.5586905293176915,FALSE,98.54540899999999,0.8159473466693918
SKVHTFLGWF,stronger,108.40678399999999,PBD 366,H,T,4,5,R,V,0.931592221556931,H,T,366,FALSE,0.7759614036328946,TRUE,116.71804,0.9287920187830432
SKVHRFLGWF,no significant difference,105.85155699999999,PBD 366,H,R,4,5,R,V,0.7879143833295765,H,R,366,FALSE,0.7759614036328946,TRUE,116.71804,0.9068997131891521
GGPSK*PRLLLLV,weaker,NA,PBD 246,S,*,4,6,V,P,0.04320853853734952,S,*,246,FALSE,0.5586905293176915,FALSE,98.54540899999999,NA
SKVHSFLGWF,weaker,106.490364,PBD 366,H,S,4,5,R,V,0.7111715452091921,H,S,366,FALSE,0.7759614036328946,FALSE,116.71804,0.912372791729539
GGPSKYPRLLLLV,weaker,80.135195,PBD 246,S,Y,4,6,V,P,-0.10697547512376834,S,Y,246,FALSE,0.5586905293176915,FALSE,98.54540899999999,0.8131803988961069
GLLMSRLLPSVPVL,weaker,73.29200499999999,PBD 299,M,L,4,8,W,A,-0.10883236795812544,M,L,299,FALSE,0.5127966435225048,FALSE,90.17911,0.8127381718448984
SKVHMFLGWF,no significant difference,104.57394399999998,PBD 366,H,M,4,5,R,V,0.7646315522291132,H,M,366,FALSE,0.7759614036328946,FALSE,116.71804,0.8959535646760345
SKVHIFLGWF,no significant difference,107.12916999999999,PBD 366,H,I,4,5,R,V,0.7749406732680816,H,I,366,FALSE,0.7759614036328946,FALSE,116.71804,0.9178458617022697
GLLMSRLEPSVPVL,weaker,68.58687599999999,PBD 299,M,E,4,8,W,A,-0.21315510115879532,M,E,299,FALSE,0.5127966435225048,FALSE,90.17911,0.7605627955299181
SKVHQFLGWF,no significant difference,105.21275,PBD 366,H,Q,4,5,R,V,0.8839588827222128,H,Q,366,FALSE,0.7759614036328946,TRUE,116.71804,0.9014266346487655
GGPSKWPRLLLLV,weaker,80.10899099999999,PBD 246,S,W,4,6,V,P,-0.16113607035275682,S,W,246,FALSE,0.5586905293176915,FALSE,98.54540899999999,0.8129144910241328
GLLMSRLDPSVPVL,weaker,68.58687599999999,PBD 299,M,D,4,8,W,A,0.05295971819344261,M,D,299,FALSE,0.5127966435225048,FALSE,90.17911,0.7605627955299181
SKVHLFLGWF,weaker,105.85155699999999,PBD 366,H,L,4,5,R,V,0.6996262698901096,H,L,366,FALSE,0.7759614036328946,FALSE,116.71804,0.9068997131891521
GGPSKCPRLLLLV,weaker,80.011128,PBD 246,S,C,4,6,V,P,-0.1482163901279628,S,C,246,FALSE,0.5586905293176915,FALSE,98.54540899999999,0.811921415841909
GLLMSRLAPSVPVL,weaker,81.29492599999999,PBD 299,M,A,4,8,W,A,-0.04930277979915686,M,A,299,FALSE,0.5127966435225048,FALSE,90.17911,0.9014829044110104
SKVHEFLGWF,stronger,104.57394399999998,PBD 366,H,E,4,5,R,V,0.8639834436792412,H,E,366,FALSE,0.7759614036328946,TRUE,116.71804,0.8959535646760345
SKVHDFLGWF,no significant difference,104.57394399999998,PBD 366,H,D,4,5,R,V,0.7427299982131064,H,D,366,FALSE,0.7759614036328946,FALSE,116.71804,0.8959535646760345
GGPSKFPRLLLLV,weaker,80.255794,PBD 246,S,F,4,6,V,P,-0.11338770792904022,S,F,246,FALSE,0.5586905293176915,FALSE,98.54540899999999,0.8144041900521211
GLLMSRLGPSVPVL,weaker,68.73391099999999,PBD 299,M,G,4,8,W,A,-0.1969995782682031,M,G,299,FALSE,0.5127966435225048,FALSE,90.17911,0.7621932729209681
SKVHGFLGWF,weaker,104.57394399999998,PBD 366,H,G,4,5,R,V,0.5804434847111577,H,G,366,FALSE,0.7759614036328946,FALSE,116.71804,0.8959535646760345
GLLMSRLVPSVPVL,weaker,69.069992,PBD 299,M,V,4,8,W,A,-0.14707710407585442,M,V,299,FALSE,0.5127966435225048,FALSE,90.17911,0.7659200894752677
SKVHVFLGWF,no significant difference,109.68439699999999,PBD 366,H,V,4,5,R,V,0.845294516956315,H,V,366,FALSE,0.7759614036328946,TRUE,116.71804,0.9397381672961608
GLLMSRL*PSVPVL,weaker,NA,PBD 299,M,*,4,8,W,A,0.03898378694659527,M,*,299,FALSE,0.5127966435225048,FALSE,90.17911,NA
SKVH*FLGWF,weaker,NA,PBD 366,H,*,4,5,R,V,0.19745163141761576,H,*,366,FALSE,0.7759614036328946,FALSE,116.71804,NA
GLLMSRLYPSVPVL,weaker,68.54486499999999,PBD 299,M,Y,4,8,W,A,-0.15176238687253135,M,Y,299,FALSE,0.5127966435225048,FALSE,90.17911,0.7600969337577183
SKVHYFLGWF,weaker,104.57394399999998,PBD 366,H,Y,4,5,R,V,0.6698817402059297,H,Y,366,FALSE,0.7759614036328946,FALSE,116.71804,0.8959535646760345
GLLMSRLWPSVPVL,weaker,68.58687599999999,PBD 299,M,W,4,8,W,A,-0.14575507859390702,M,W,299,FALSE,0.5127966435225048,FALSE,90.17911,0.7605627955299181
GLL*SRLKPSVPVL,weaker,NA,PBD 299,*,K,4,8,W,A,-0.15069174211203631,*,K,299,FALSE,0.5127966435225048,FALSE,90.17911,NA
SKVHWFLGWF,no significant difference,105.21275,PBD 366,H,W,4,5,R,V,0.5378509038396118,H,W,366,FALSE,0.7759614036328946,FALSE,116.71804,0.9014266346487655
GLLMSRLCPSVPVL,weaker,68.54486499999999,PBD 299,M,C,4,8,W,A,-0.18044596080850833,M,C,299,FALSE,0.5127966435225048,FALSE,90.17911,0.7600969337577183
GLL*SRLNPSVPVL,no significant difference,NA,PBD 299,*,N,4,8,W,A,0.08441615873999868,*,N,299,FALSE,0.5127966435225048,FALSE,90.17911,NA
SKVHCFLGWF,no significant difference,105.21275,PBD 366,H,C,4,5,R,V,0.7413038326187147,H,C,366,FALSE,0.7759614036328946,FALSE,116.71804,0.9014266346487655
GLL*SRLTPSVPVL,weaker,NA,PBD 299,*,T,4,8,W,A,0.00548513503279233,*,T,299,FALSE,0.5127966435225048,FALSE,90.17911,NA
GLLMSRLFPSVPVL,weaker,68.58687599999999,PBD 299,M,F,4,8,W,A,-0.21464767886748945,M,F,299,FALSE,0.5127966435225048,FALSE,90.17911,0.7605627955299181
SKVHFFLGWF,weaker,105.21275,PBD 366,H,F,4,5,R,V,0.6930676949489527,H,F,366,FALSE,0.7759614036328946,FALSE,116.71804,0.9014266346487655
GLLISRLKPSVPVL,weaker,68.81790099999999,PBD 299,I,K,4,8,W,A,-0.17952567357499585,I,K,299,FALSE,0.5127966435225048,FALSE,90.17911,0.7631246416160017
GLL*SRLRPSVPVL,weaker,NA,PBD 299,*,R,4,8,W,A,0.05931133372299592,*,R,299,FALSE,0.5127966435225048,FALSE,90.17911,NA
SKVPKFLGWF,weaker,105.21275,PBD 366,P,K,4,5,R,V,0.6712271089544328,P,K,366,FALSE,0.7759614036328946,FALSE,116.71804,0.9014266346487655
GLLISRLNPSVPVL,weaker,68.83890699999999,PBD 299,I,N,4,8,W,A,-0.10790645829241656,I,N,299,FALSE,0.5127966435225048,FALSE,90.17911,0.763357578046623
GGPEKKPRLLLLV,weaker,80.054106,PBD 246,E,K,4,6,V,P,0.04592820429527699,E,K,246,FALSE,0.5586905293176915,FALSE,98.54540899999999,0.8123575396597117
SKVPRFLGWF,weaker,105.85155699999999,PBD 366,P,R,4,5,R,V,0.6413509661281113,P,R,366,FALSE,0.7759614036328946,FALSE,116.71804,0.9068997131891521
GLLISRLTPSVPVL,weaker,68.96493699999999,PBD 299,I,T,4,8,W,A,-0.09679353872392116,I,T,299,FALSE,0.5127966435225048,FALSE,90.17911,0.7647551300960943
GGPEKNPRLLLLV,weaker,80.077872,PBD 246,E,N,4,6,V,P,0.11968269627834446,E,N,246,FALSE,0.5586905293176915,FALSE,98.54540899999999,0.8125987076678529
GLL*SRLMPSVPVL,weaker,NA,PBD 299,*,M,4,8,W,A,0.06092064115981797,*,M,299,FALSE,0.5127966435225048,FALSE,90.17911,NA
SKVPMFLGWF,weaker,104.57394399999998,PBD 366,P,M,4,5,R,V,0.6626039567272456,P,M,366,FALSE,0.7759614036328946,FALSE,116.71804,0.8959535646760345
GGPEKTPRLLLLV,weaker,80.45812299999999,PBD 246,E,T,4,6,V,P,0.01293302003861963,E,T,246,FALSE,0.5586905293176915,FALSE,98.54540899999999,0.8164573450600828
GLL*SRLIPSVPVL,weaker,NA,PBD 299,*,I,4,8,W,A,-0.03934368716259692,*,I,299,FALSE,0.5127966435225048,FALSE,90.17911,NA
SKVPEFLGWF,no significant difference,104.57394399999998,PBD 366,P,E,4,5,R,V,0.7484706552980751,P,E,366,FALSE,0.7759614036328946,FALSE,116.71804,0.8959535646760345
GLLISRLRPSVPVL,weaker,68.92292699999999,PBD 299,I,R,4,8,W,A,-0.1370158536475297,I,R,299,FALSE,0.5127966435225048,FALSE,90.17911,0.7642892794129371
GLL*SRLQPSVPVL,weaker,NA,PBD 299,*,Q,4,8,W,A,0.03445013847525267,*,Q,299,FALSE,0.5127966435225048,FALSE,90.17911,NA
SKVPGFLGWF,weaker,104.57394399999998,PBD 366,P,G,4,5,R,V,0.4981850272005908,P,G,366,FALSE,0.7759614036328946,FALSE,116.71804,0.8959535646760345
GGPEKRPRLLLLV,weaker,80.224799,PBD 246,E,R,4,6,V,P,-0.02003742979524782,E,R,246,FALSE,0.5586905293176915,FALSE,98.54540899999999,0.8140896649990058
GLL*SRLHPSVPVL,weaker,NA,PBD 299,*,H,4,8,W,A,-0.04980749516592581,*,H,299,FALSE,0.5127966435225048,FALSE,90.17911,NA
GLLISRLMPSVPVL,weaker,68.92292699999999,PBD 299,I,M,4,8,W,A,-0.20444016510652224,I,M,299,FALSE,0.5127966435225048,FALSE,90.17911,0.7642892794129371
GGPEKSPRLLLLV,weaker,80.42302,PBD 246,E,S,4,6,V,P,0.1416952519896792,E,S,246,FALSE,0.5586905293176915,FALSE,98.54540899999999,0.8161011336408376
GLL*SRLPPSVPVL,weaker,NA,PBD 299,*,P,4,8,W,A,-0.0194435117960257,*,P,299,FALSE,0.5127966435225048,FALSE,90.17911,NA
SKVPVFLGWF,no significant difference,109.68439699999999,PBD 366,P,V,4,5,R,V,0.7270681699712622,P,V,366,FALSE,0.7759614036328946,FALSE,116.71804,0.9397381672961608
GLLISRLIPSVPVL,weaker,68.859912,PBD 299,I,I,4,8,W,A,-0.1496150313431987,I,I,299,FALSE,0.5127966435225048,FALSE,90.17911,0.7635905033882016
GGPEKMPRLLLLV,weaker,80.15870199999999,PBD 246,E,M,4,6,V,P,-0.03620791870754614,E,M,246,FALSE,0.5586905293176915,FALSE,98.54540899999999,0.8134189386742512
GLLISRLQPSVPVL,weaker,68.81790099999999,PBD 299,I,Q,4,8,W,A,-0.1320960277416263,I,Q,299,FALSE,0.5127966435225048,FALSE,90.17911,0.7631246416160017
GGPEKIPRLLLLV,weaker,80.07799999999999,PBD 246,E,I,4,6,V,P,-0.14077441677445662,E,I,246,FALSE,0.5586905293176915,FALSE,98.54540899999999,0.812600006561442
SKVPYFLGWF,weaker,104.57394399999998,PBD 366,P,Y,4,5,R,V,0.6502727170859653,P,Y,366,FALSE,0.7759614036328946,FALSE,116.71804,0.8959535646760345
GLLISRLHPSVPVL,weaker,68.83890699999999,PBD 299,I,H,4,8,W,A,-0.11539825215134449,I,H,299,FALSE,0.5127966435225048,FALSE,90.17911,0.763357578046623
GGPEKQPRLLLLV,weaker,80.127086,PBD 246,E,Q,4,6,V,P,-0.05747363774489545,E,Q,246,FALSE,0.5586905293176915,FALSE,98.54540899999999,0.8130981119577069
SKVPWFLGWF,weaker,105.21275,PBD 366,P,W,4,5,R,V,0.4052737351099719,P,W,366,FALSE,0.7759614036328946,FALSE,116.71804,0.9014266346487655
GLLISRLPPSVPVL,weaker,69.82614399999999,PBD 299,I,P,4,8,W,A,0.01185966654133333,I,P,299,FALSE,0.5127966435225048,FALSE,90.17911,0.7743050912789002
GGPEKHPRLLLLV,weaker,80.152633,PBD 246,E,H,4,6,V,P,0.1636966850591,E,H,246,FALSE,0.5586905293176915,FALSE,98.54540899999999,0.8133573528524297
SKVPCFLGWF,weaker,105.21275,PBD 366,P,C,4,5,R,V,0.6141636260866414,P,C,366,FALSE,0.7759614036328946,FALSE,116.71804,0.9014266346487655
GGPEKPPRLLLLV,no significant difference,94.94899199999999,PBD 246,E,P,4,6,V,P,0.6338738342002876,E,P,246,FALSE,0.5586905293176915,TRUE,98.54540899999999,0.9635049766752706
SKVPLFLGWF,weaker,105.85155699999999,PBD 366,P,L,4,5,R,V,0.6402956861553195,P,L,366,FALSE,0.7759614036328946,FALSE,116.71804,0.9068997131891521
GLL*SRLEPSVPVL,weaker,NA,PBD 299,*,E,4,8,W,A,0.13578682970626313,*,E,299,FALSE,0.5127966435225048,FALSE,90.17911,NA
GLL*SRLDPSVPVL,weaker,NA,PBD 299,*,D,4,8,W,A,0.07806515260556582,*,D,299,FALSE,0.5127966435225048,FALSE,90.17911,NA
SKVPNFLGWF,weaker,104.57394399999998,PBD 366,P,N,4,5,R,V,0.6322871451765385,P,N,366,FALSE,0.7759614036328946,FALSE,116.71804,0.8959535646760345
GLL*SRLAPSVPVL,weaker,NA,PBD 299,*,A,4,8,W,A,-0.01328643890478733,*,A,299,FALSE,0.5127966435225048,FALSE,90.17911,NA
GGPEKLPRLLLLV,weaker,80.27423900000001,PBD 246,E,L,4,6,V,P,-0.05240149979924834,E,L,246,FALSE,0.5586905293176915,FALSE,98.54540899999999,0.8145913626478531
SKVPSFLGWF,weaker,106.490364,PBD 366,P,S,4,5,R,V,0.6617273926758386,P,S,366,FALSE,0.7759614036328946,FALSE,116.71804,0.912372791729539
GGPVKSPRLLLLV,weaker,84.019437,PBD 246,V,S,4,6,V,P,0.07946316758998441,V,S,246,FALSE,0.5586905293176915,FALSE,98.54540899999999,0.852596156965567
SKVDCFLGWF,no significant difference,105.21275,PBD 366,D,C,4,5,R,V,0.5989286029710712,D,C,366,FALSE,0.7759614036328946,FALSE,116.71804,0.9014266346487655
GGPVKMPRLLLLV,weaker,83.755119,PBD 246,V,M,4,6,V,P,-0.09219002775881964,V,M,246,FALSE,0.5586905293176915,FALSE,98.54540899999999,0.8499139619989806
GGPEKEPRLLLLV,no significant difference,80.02906699999998,PBD 246,E,E,4,6,V,P,0.255143198856602,E,E,246,FALSE,0.5586905293176915,FALSE,98.54540899999999,0.8121034537489209
SKVDLFLGWF,weaker,105.85155699999999,PBD 366,D,L,4,5,R,V,0.576574885658016,D,L,366,FALSE,0.7759614036328946,FALSE,116.71804,0.9068997131891521
GGPVKIPRLLLLV,weaker,83.67441699999999,PBD 246,V,I,4,6,V,P,-0.11514640038477132,V,I,246,FALSE,0.5586905293176915,FALSE,98.54540899999999,0.8490950298861716
GGPEKDPRLLLLV,weaker,80.004601,PBD 246,E,D,4,6,V,P,-0.14158997609853927,E,D,246,FALSE,0.5586905293176915,FALSE,98.54540899999999,0.8118551824164635
SKVDFFLGWF,no significant difference,105.21275,PBD 366,D,F,4,5,R,V,0.4293054664641466,D,F,366,FALSE,0.7759614036328946,FALSE,116.71804,0.9014266346487655
GGPVKQPRLLLLV,weaker,83.72350300000001,PBD 246,V,Q,4,6,V,P,0.03060818647606247,V,Q,246,FALSE,0.5586905293176915,FALSE,98.54540899999999,0.8495931352824363
GGPEKAPRLLLLV,weaker,82.161627,PBD 246,E,A,4,6,V,P,0.3792165068990604,E,A,246,FALSE,0.5586905293176915,FALSE,98.54540899999999,0.8337438327542991
SKVAKFLGWF,no significant difference,105.21275,PBD 366,A,K,4,5,R,V,0.8128998001094085,A,K,366,FALSE,0.7759614036328946,TRUE,116.71804,0.9014266346487655
GGPVKHPRLLLLV,weaker,83.74905,PBD 246,V,H,4,6,V,P,0.04418039288401039,V,H,246,FALSE,0.5586905293176915,FALSE,98.54540899999999,0.8498523761771591
SKVANFLGWF,weaker,104.57394399999998,PBD 366,A,N,4,5,R,V,0.7313733643255607,A,N,366,FALSE,0.7759614036328946,FALSE,116.71804,0.8959535646760345
SKVP*FLGWF,weaker,NA,PBD 366,P,*,4,5,R,V,0.25396738791359286,P,*,366,FALSE,0.7759614036328946,FALSE,116.71804,NA
GGPWKKPRLLLLV,weaker,79.150066,PBD 246,W,K,4,6,V,P,-0.11956671625957012,W,K,246,FALSE,0.5586905293176915,FALSE,98.54540899999999,0.8031836977813954
GGPVKPPRLLLLV,no significant difference,98.54540899999999,PBD 246,V,P,4,6,V,P,0.5586905293176915,V,P,246,TRUE,0.5586905293176915,TRUE,98.54540899999999,1
GGPEKGPRLLLLV,weaker,80.02917999999998,PBD 246,E,G,4,6,V,P,-0.12217353538560152,E,G,246,FALSE,0.5586905293176915,FALSE,98.54540899999999,0.8121046004284176
SKVATFLGWF,stronger,108.40678399999999,PBD 366,A,T,4,5,R,V,0.8761603464103702,A,T,366,FALSE,0.7759614036328946,TRUE,116.71804,0.9287920187830432
GGPWKNPRLLLLV,weaker,79.17383199999999,PBD 246,W,N,4,6,V,P,-0.04177904086844009,W,N,246,FALSE,0.5586905293176915,FALSE,98.54540899999999,0.8034248657895366
GGPWKTPRLLLLV,weaker,79.554083,PBD 246,W,T,4,6,V,P,-0.04442261628354687,W,T,246,FALSE,0.5586905293176915,FALSE,98.54540899999999,0.8072835031817668
GGPVKRPRLLLLV,weaker,83.821216,PBD 246,V,R,4,6,V,P,-0.05111508478610811,V,R,246,FALSE,0.5586905293176915,FALSE,98.54540899999999,0.8505846883237352
GGPEKVPRLLLLV,weaker,80.401337,PBD 246,E,V,4,6,V,P,0.01455334221691815,E,V,246,FALSE,0.5586905293176915,FALSE,98.54540899999999,0.8158811030963401
SKVARFLGWF,no significant difference,105.85155699999999,PBD 366,A,R,4,5,R,V,0.7364375142054095,A,R,366,FALSE,0.7759614036328946,FALSE,116.71804,0.9068997131891521
SKVASFLGWF,weaker,106.490364,PBD 366,A,S,4,5,R,V,0.713112331311394,A,S,366,FALSE,0.7759614036328946,FALSE,116.71804,0.912372791729539
SKVPFFLGWF,weaker,105.21275,PBD 366,P,F,4,5,R,V,0.4702239914343938,P,F,366,FALSE,0.7759614036328946,FALSE,116.71804,0.9014266346487655
GGPWKRPRLLLLV,weaker,79.320759,PBD 246,W,R,4,6,V,P,-0.13919281819941096,W,R,246,FALSE,0.5586905293176915,FALSE,98.54540899999999,0.8049158231206894
GGPVKLPRLLLLV,weaker,83.87065600000001,PBD 246,V,L,4,6,V,P,-0.1207127246451758,V,L,246,FALSE,0.5586905293176915,FALSE,98.54540899999999,0.8510863859725826
GGPEK*PRLLLLV,no significant difference,NA,PBD 246,E,*,4,6,V,P,0.2774637433635614,E,*,246,FALSE,0.5586905293176915,FALSE,98.54540899999999,NA
SKVAMFLGWF,no significant difference,104.57394399999998,PBD 366,A,M,4,5,R,V,0.7347272613654813,A,M,366,FALSE,0.7759614036328946,FALSE,116.71804,0.8959535646760345
GGPWKSPRLLLLV,weaker,79.51898000000001,PBD 246,W,S,4,6,V,P,-0.01830674532112122,W,S,246,FALSE,0.5586905293176915,FALSE,98.54540899999999,0.8069272917625215
GGPEKYPRLLLLV,weaker,80.128667,PBD 246,E,Y,4,6,V,P,-0.02448575365165111,E,Y,246,FALSE,0.5586905293176915,FALSE,98.54540899999999,0.8131141553230552
SKVAIFLGWF,no significant difference,107.12916999999999,PBD 366,A,I,4,5,R,V,0.7631062662760916,A,I,366,FALSE,0.7759614036328946,FALSE,116.71804,0.9178458617022697
GGPWKMPRLLLLV,weaker,79.25466200000001,PBD 246,W,M,4,6,V,P,-0.1982871512704378,W,M,246,FALSE,0.5586905293176915,FALSE,98.54540899999999,0.8042450967959351
GGPVKEPRLLLLV,weaker,83.62548399999999,PBD 246,V,E,4,6,V,P,0.01363688977222815,V,E,246,FALSE,0.5586905293176915,FALSE,98.54540899999999,0.8485984770736503
SKVAQFLGWF,no significant difference,105.21275,PBD 366,A,Q,4,5,R,V,0.8222801565723555,A,Q,366,FALSE,0.7759614036328946,TRUE,116.71804,0.9014266346487655
GGPWKIPRLLLLV,weaker,79.17396000000001,PBD 246,W,I,4,6,V,P,-0.07762177265217189,W,I,246,FALSE,0.5586905293176915,FALSE,98.54540899999999,0.8034261646831261
GGPVKDPRLLLLV,weaker,83.601018,PBD 246,V,D,4,6,V,P,-0.06758157218718877,V,D,246,FALSE,0.5586905293176915,FALSE,98.54540899999999,0.8483502057411929
GGPWKQPRLLLLV,weaker,79.223046,PBD 246,W,Q,4,6,V,P,-0.08294906900567046,W,Q,246,FALSE,0.5586905293176915,FALSE,98.54540899999999,0.8039242700793905
GGPVKAPRLLLLV,weaker,85.758044,PBD 246,V,A,4,6,V,P,0.24708101202313665,V,A,246,FALSE,0.5586905293176915,FALSE,98.54540899999999,0.8702388560790285
GGPEKWPRLLLLV,weaker,80.10246299999999,PBD 246,E,W,4,6,V,P,-0.1012798355493342,E,W,246,FALSE,0.5586905293176915,FALSE,98.54540899999999,0.8128482474510811
GGPWKHPRLLLLV,weaker,79.24859300000001,PBD 246,W,H,4,6,V,P,-0.18180933753586168,W,H,246,FALSE,0.5586905293176915,FALSE,98.54540899999999,0.8041835109741137
GGPEKCPRLLLLV,weaker,80.0046,PBD 246,E,C,4,6,V,P,0.10744596416412357,E,C,246,FALSE,0.5586905293176915,FALSE,98.54540899999999,0.8118551722688573
SKVALFLGWF,weaker,105.85155699999999,PBD 366,A,L,4,5,R,V,0.6803144139371862,A,L,366,FALSE,0.7759614036328946,FALSE,116.71804,0.9068997131891521
GGPWKPPRLLLLV,weaker,94.04495200000001,PBD 246,W,P,4,6,V,P,0.0362523296639679,W,P,246,FALSE,0.5586905293176915,FALSE,98.54540899999999,0.9543311347969545
GGPVKGPRLLLLV,weaker,83.62559699999998,PBD 246,V,G,4,6,V,P,-0.14751536553391725,V,G,246,FALSE,0.5586905293176915,FALSE,98.54540899999999,0.848599623753147
GGPEKFPRLLLLV,weaker,80.24926599999999,PBD 246,E,F,4,6,V,P,-0.11428430105543552,E,F,246,FALSE,0.5586905293176915,FALSE,98.54540899999999,0.8143379464790693
SKVAEFLGWF,no significant difference,104.57394399999998,PBD 366,A,E,4,5,R,V,0.7958704402100365,A,E,366,FALSE,0.7759614036328946,TRUE,116.71804,0.8959535646760345
GGPVKVPRLLLLV,weaker,83.997754,PBD 246,V,V,4,6,V,P,-0.1610720115626571,V,V,246,FALSE,0.5586905293176915,FALSE,98.54540899999999,0.8523761264210695
GGPDKKPRLLLLV,weaker,79.614222,PBD 246,D,K,4,6,V,P,0.07059520895626788,D,K,246,FALSE,0.5586905293176915,FALSE,98.54540899999999,0.8078937700689842
SKVADFLGWF,no significant difference,104.57394399999998,PBD 366,A,D,4,5,R,V,0.747207576895243,A,D,366,FALSE,0.7759614036328946,FALSE,116.71804,0.8959535646760345
GGPDKNPRLLLLV,weaker,79.637987999999993,PBD 246,D,N,4,6,V,P,-0.01672623156872564,D,N,246,FALSE,0.5586905293176915,FALSE,98.54540899999999,0.8081349380771254
SKVAAFLGWF,weaker,104.57394399999998,PBD 366,A,A,4,5,R,V,0.6513938940390969,A,A,366,FALSE,0.7759614036328946,FALSE,116.71804,0.8959535646760345
GGPWKLPRLLLLV,weaker,79.370199,PBD 246,W,L,4,6,V,P,-0.14225423441547452,W,L,246,FALSE,0.5586905293176915,FALSE,98.54540899999999,0.8054175207695369
GGPVK*PRLLLLV,weaker,NA,PBD 246,V,*,4,6,V,P,-0.02146432097755551,V,*,246,FALSE,0.5586905293176915,FALSE,98.54540899999999,NA
GGPDKTPRLLLLV,weaker,80.01823900000001,PBD 246,D,T,4,6,V,P,0.02150166857617273,D,T,246,FALSE,0.5586905293176915,FALSE,98.54540899999999,0.8119935754693556
GGPVKYPRLLLLV,weaker,83.725084,PBD 246,V,Y,4,6,V,P,-0.11832170315455556,V,Y,246,FALSE,0.5586905293176915,FALSE,98.54540899999999,0.8496091786477846
SKVAGFLGWF,weaker,104.57394399999998,PBD 366,A,G,4,5,R,V,0.5120657747640887,A,G,366,FALSE,0.7759614036328946,FALSE,116.71804,0.8959535646760345
GGPWKEPRLLLLV,weaker,79.125027,PBD 246,W,E,4,6,V,P,-0.07559407763584658,W,E,246,FALSE,0.5586905293176915,FALSE,98.54540899999999,0.8029296118706049
GGPDKRPRLLLLV,weaker,79.784915,PBD 246,D,R,4,6,V,P,0.0295260240329016,D,R,246,FALSE,0.5586905293176915,FALSE,98.54540899999999,0.8096258954082782
GGPWKDPRLLLLV,weaker,79.10056100000001,PBD 246,W,D,4,6,V,P,0.01702539025292857,W,D,246,FALSE,0.5586905293176915,FALSE,98.54540899999999,0.8026813405381474
GGPDKSPRLLLLV,weaker,79.98313600000002,PBD 246,D,S,4,6,V,P,0.13554458755448648,D,S,246,FALSE,0.5586905293176915,FALSE,98.54540899999999,0.8116373640501103
SKVAVFLGWF,no significant difference,109.68439699999999,PBD 366,A,V,4,5,R,V,0.777039183327829,A,V,366,FALSE,0.7759614036328946,TRUE,116.71804,0.9397381672961608
GGPWKAPRLLLLV,weaker,81.25758699999999,PBD 246,W,A,4,6,V,P,-0.0786368782656605,W,A,246,FALSE,0.5586905293176915,FALSE,98.54540899999999,0.8245699908759828
GGPVKWPRLLLLV,weaker,83.69887999999999,PBD 246,V,W,4,6,V,P,-0.1809169593452313,V,W,246,FALSE,0.5586905293176915,FALSE,98.54540899999999,0.8493432707758105
GGPDKMPRLLLLV,weaker,79.71881800000001,PBD 246,D,M,4,6,V,P,0.00101605466473116,D,M,246,FALSE,0.5586905293176915,FALSE,98.54540899999999,0.8089551690835239
GGPVKCPRLLLLV,weaker,83.601017,PBD 246,V,C,4,6,V,P,-0.1569045925082502,V,C,246,FALSE,0.5586905293176915,FALSE,98.54540899999999,0.8483501955935867
GGPDKIPRLLLLV,weaker,79.63811600000001,PBD 246,D,I,4,6,V,P,-0.1574796989096469,D,I,246,FALSE,0.5586905293176915,FALSE,98.54540899999999,0.8081362369707149
SKVA*FLGWF,weaker,NA,PBD 366,A,*,4,5,R,V,0.265925463683884,A,*,366,FALSE,0.7759614036328946,FALSE,116.71804,NA
GGPWKGPRLLLLV,weaker,79.12514,PBD 246,W,G,4,6,V,P,-0.1419961809743382,W,G,246,FALSE,0.5586905293176915,FALSE,98.54540899999999,0.8029307585501015
GGPDKQPRLLLLV,weaker,79.687202,PBD 246,D,Q,4,6,V,P,-0.03620791870754614,D,Q,246,FALSE,0.5586905293176915,FALSE,98.54540899999999,0.8086343423669793
SKVAYFLGWF,weaker,104.57394399999998,PBD 366,A,Y,4,5,R,V,0.7170583648715068,A,Y,366,FALSE,0.7759614036328946,FALSE,116.71804,0.8959535646760345
GGPVKFPRLLLLV,weaker,83.845683,PBD 246,V,F,4,6,V,P,-0.1716924628387279,V,F,246,FALSE,0.5586905293176915,FALSE,98.54540899999999,0.8508329698037987
GGPDKHPRLLLLV,weaker,79.71274900000002,PBD 246,D,H,4,6,V,P,0.05020081029578463,D,H,246,FALSE,0.5586905293176915,FALSE,98.54540899999999,0.8088935832617025
GGPWKVPRLLLLV,weaker,79.49729699999999,PBD 246,W,V,4,6,V,P,-0.2263246749563604,W,V,246,FALSE,0.5586905293176915,FALSE,98.54540899999999,0.8067072612180238
GGPVKKPRLLLLV,weaker,83.650523,PBD 246,V,K,4,6,V,P,0.14147156957610152,V,K,246,FALSE,0.5586905293176915,FALSE,98.54540899999999,0.8488525629844411
GGPDKPPRLLLLV,no significant difference,94.50910800000001,PBD 246,D,P,4,6,V,P,0.5597464594170254,D,P,246,FALSE,0.5586905293176915,TRUE,98.54540899999999,0.9590412070845433
GGPVKNPRLLLLV,weaker,83.674289,PBD 246,V,N,4,6,V,P,-0.09958266162657368,V,N,246,FALSE,0.5586905293176915,FALSE,98.54540899999999,0.8490937309925825
SKVAWFLGWF,weaker,105.21275,PBD 366,A,W,4,5,R,V,0.5709052277273314,A,W,366,FALSE,0.7759614036328946,FALSE,116.71804,0.9014266346487655
GGPWK*PRLLLLV,weaker,NA,PBD 246,W,*,4,6,V,P,0.10744596416412357,W,*,246,FALSE,0.5586905293176915,FALSE,98.54540899999999,NA
GGPVKTPRLLLLV,weaker,84.05453999999999,PBD 246,V,T,4,6,V,P,-0.01658513375840342,V,T,246,FALSE,0.5586905293176915,FALSE,98.54540899999999,0.8529523683848123
SKVACFLGWF,weaker,105.21275,PBD 366,A,C,4,5,R,V,0.7174356051677725,A,C,366,FALSE,0.7759614036328946,FALSE,116.71804,0.9014266346487655
GGPWKYPRLLLLV,weaker,79.22462700000001,PBD 246,W,Y,4,6,V,P,-0.21631431454128233,W,Y,246,FALSE,0.5586905293176915,FALSE,98.54540899999999,0.8039403134447392
GGPDKLPRLLLLV,weaker,79.834355,PBD 246,D,L,4,6,V,P,-0.05325675465398451,D,L,246,FALSE,0.5586905293176915,FALSE,98.54540899999999,0.8101275930571257
SKVAFFLGWF,weaker,105.21275,PBD 366,A,F,4,5,R,V,0.6534160414123785,A,F,366,FALSE,0.7759614036328946,FALSE,116.71804,0.9014266346487655
GGPWKWPRLLLLV,weaker,79.198423,PBD 246,W,W,4,6,V,P,-0.2528534607108238,W,W,246,FALSE,0.5586905293176915,FALSE,98.54540899999999,0.803674405572765
GGPDKEPRLLLLV,weaker,79.589183,PBD 246,D,E,4,6,V,P,-0.00184545917200956,D,E,246,FALSE,0.5586905293176915,FALSE,98.54540899999999,0.8076396841581936
GGPMKKPRLLLLV,weaker,79.66823699999999,PBD 246,M,K,4,6,V,P,-0.01571817699930592,M,K,246,FALSE,0.5586905293176915,FALSE,98.54540899999999,0.808441893016041
GGPWKCPRLLLLV,weaker,79.10055999999999,PBD 246,W,C,4,6,V,P,-0.18671424083637825,W,C,246,FALSE,0.5586905293176915,FALSE,98.54540899999999,0.802681330390541
GGPDKDPRLLLLV,weaker,79.56471700000002,PBD 246,D,D,4,6,V,P,-0.02216079202332576,D,D,246,FALSE,0.5586905293176915,FALSE,98.54540899999999,0.8073914128257362
GGPMKNPRLLLLV,weaker,79.69200299999999,PBD 246,M,N,4,6,V,P,-0.11923755328230395,M,N,246,FALSE,0.5586905293176915,FALSE,98.54540899999999,0.8086830610241822
GGPDKAPRLLLLV,weaker,81.72174299999999,PBD 246,D,A,4,6,V,P,0.2518456772057266,D,A,246,FALSE,0.5586905293176915,FALSE,98.54540899999999,0.8292800631635716
GGPMKTPRLLLLV,weaker,80.072254,PBD 246,M,T,4,6,V,P,0.09197806280397933,M,T,246,FALSE,0.5586905293176915,FALSE,98.54540899999999,0.8125416984164123
GGPWKFPRLLLLV,weaker,79.34522600000001,PBD 246,W,F,4,6,V,P,-0.1108187789363556,W,F,246,FALSE,0.5586905293176915,FALSE,98.54540899999999,0.8051641046007533
GGPCKKPRLLLLV,weaker,79.02764799999999,PBD 246,C,K,4,6,V,P,0.05652373770398752,C,K,246,FALSE,0.5586905293176915,FALSE,98.54540899999999,0.8019414481297652
GGPDKGPRLLLLV,weaker,79.589296,PBD 246,D,G,4,6,V,P,-0.17980429144359034,D,G,246,FALSE,0.5586905293176915,FALSE,98.54540899999999,0.8076408308376903
GGPMKRPRLLLLV,weaker,79.83892999999999,PBD 246,M,R,4,6,V,P,-0.091341095863811,M,R,246,FALSE,0.5586905293176915,FALSE,98.54540899999999,0.810174018355335
GGPCKNPRLLLLV,weaker,79.05141400000001,PBD 246,C,N,4,6,V,P,-0.05325675465398451,C,N,246,FALSE,0.5586905293176915,FALSE,98.54540899999999,0.8021826161379066
GGPMKSPRLLLLV,weaker,80.03715100000001,PBD 246,M,S,4,6,V,P,0.1714070938452272,M,S,246,FALSE,0.5586905293176915,FALSE,98.54540899999999,0.8121854869971671
GGPCKTPRLLLLV,weaker,79.431665,PBD 246,C,T,4,6,V,P,-0.03038475271742315,C,T,246,FALSE,0.5586905293176915,FALSE,98.54540899999999,0.8060412535301366
GGPDKVPRLLLLV,weaker,79.96145299999999,PBD 246,D,V,4,6,V,P,-0.09542958704157088,D,V,246,FALSE,0.5586905293176915,FALSE,98.54540899999999,0.8114173335056126
GGPMKMPRLLLLV,weaker,79.772833,PBD 246,M,M,4,6,V,P,-0.06054954046816485,M,M,246,FALSE,0.5586905293176915,FALSE,98.54540899999999,0.8095032920305807
SKVAHFLGWF,no significant difference,105.21275,PBD 366,A,H,4,5,R,V,0.837800322425033,A,H,366,FALSE,0.7759614036328946,TRUE,116.71804,0.9014266346487655
GGPMKIPRLLLLV,weaker,79.692131,PBD 246,M,I,4,6,V,P,-0.17390835006027278,M,I,246,FALSE,0.5586905293176915,FALSE,98.54540899999999,0.8086843599177717
GGPCKRPRLLLLV,weaker,79.198340999999985,PBD 246,C,R,4,6,V,P,-0.00829383666453234,C,R,246,FALSE,0.5586905293176915,FALSE,98.54540899999999,0.8036735734690592
GGPDK*PRLLLLV,weaker,NA,PBD 246,D,*,4,6,V,P,0.12267549738011044,D,*,246,FALSE,0.5586905293176915,FALSE,98.54540899999999,NA
GGPMKQPRLLLLV,weaker,79.74121699999999,PBD 246,M,Q,4,6,V,P,0.03968213676794376,M,Q,246,FALSE,0.5586905293176915,FALSE,98.54540899999999,0.809182465314036
GGPCKSPRLLLLV,weaker,79.396562,PBD 246,C,S,4,6,V,P,-0.04177904086844009,C,S,246,FALSE,0.5586905293176915,FALSE,98.54540899999999,0.8056850421108913
GGPDKYPRLLLLV,weaker,79.68878300000002,PBD 246,D,Y,4,6,V,P,-0.11517618763456056,D,Y,246,FALSE,0.5586905293176915,FALSE,98.54540899999999,0.808650385732328
GGPMKHPRLLLLV,weaker,79.76676400000001,PBD 246,M,H,4,6,V,P,-0.04963685582833023,M,H,246,FALSE,0.5586905293176915,FALSE,98.54540899999999,0.8094417062087592
GGPCKMPRLLLLV,weaker,79.132244,PBD 246,C,M,4,6,V,P,-0.05276768563214516,C,M,246,FALSE,0.5586905293176915,FALSE,98.54540899999999,0.8030028471443049
GGPMKPPRLLLLV,no significant difference,94.563123,PBD 246,M,P,4,6,V,P,0.5263608485857981,M,P,246,FALSE,0.5586905293176915,FALSE,98.54540899999999,0.9595893300316001
GGPCKIPRLLLLV,weaker,79.051542,PBD 246,C,I,4,6,V,P,-0.22427654430485056,C,I,246,FALSE,0.5586905293176915,FALSE,98.54540899999999,0.8021839150314958
GGPCKQPRLLLLV,weaker,79.10062799999999,PBD 246,C,Q,4,6,V,P,-0.06624852803165977,C,Q,246,FALSE,0.5586905293176915,FALSE,98.54540899999999,0.8026820204277603
GGPDKWPRLLLLV,weaker,79.66257900000001,PBD 246,D,W,4,6,V,P,-0.1675759759297492,D,W,246,FALSE,0.5586905293176915,FALSE,98.54540899999999,0.8083844778603538
GGPCKHPRLLLLV,weaker,79.126175,PBD 246,C,H,4,6,V,P,-0.15954752163226332,C,H,246,FALSE,0.5586905293176915,FALSE,98.54540899999999,0.8029412613224834
GGPDKCPRLLLLV,weaker,79.56471599999999,PBD 246,D,C,4,6,V,P,-0.00562524196895571,D,C,246,FALSE,0.5586905293176915,FALSE,98.54540899999999,0.8073914026781298
GGPCKPPRLLLLV,no significant difference,93.922534,PBD 246,C,P,4,6,V,P,0.48011867339782033,C,P,246,FALSE,0.5586905293176915,FALSE,98.54540899999999,0.9530888851453243
GGPMKLPRLLLLV,weaker,79.88837,PBD 246,M,L,4,6,V,P,-0.12546889653099316,M,L,246,FALSE,0.5586905293176915,FALSE,98.54540899999999,0.8106757160041824
GGPDKFPRLLLLV,weaker,79.80938200000001,PBD 246,D,F,4,6,V,P,0.02264518571536767,D,F,246,FALSE,0.5586905293176915,FALSE,98.54540899999999,0.8098741768883421
GGPAKKPRLLLLV,weaker,82.177214,PBD 246,A,K,4,6,V,P,0.25449213395657966,A,K,246,FALSE,0.5586905293176915,FALSE,98.54540899999999,0.8339020034916087
GGPMKEPRLLLLV,weaker,79.643198,PBD 246,M,E,4,6,V,P,-0.06338173991159561,M,E,246,FALSE,0.5586905293176915,FALSE,98.54540899999999,0.8081878071052504
GGPAKNPRLLLLV,weaker,82.20098,PBD 246,A,N,4,6,V,P,-0.04436368322423875,A,N,246,FALSE,0.5586905293176915,FALSE,98.54540899999999,0.83414317149975
GGPMKDPRLLLLV,weaker,79.61873200000001,PBD 246,M,D,4,6,V,P,-0.02003742979524782,M,D,246,FALSE,0.5586905293176915,FALSE,98.54540899999999,0.807939535772793
GGPCKLPRLLLLV,weaker,79.24778099999999,PBD 246,C,L,4,6,V,P,-0.11366667805448138,C,L,246,FALSE,0.5586905293176915,FALSE,98.54540899999999,0.8041752711179067
GGPAKTPRLLLLV,weaker,82.58123099999999,PBD 246,A,T,4,6,V,P,-0.01183984347119384,A,T,246,FALSE,0.5586905293176915,FALSE,98.54540899999999,0.8380018088919798
GGPMKAPRLLLLV,weaker,81.77575799999998,PBD 246,M,A,4,6,V,P,0.229222484034962,M,A,246,FALSE,0.5586905293176915,FALSE,98.54540899999999,0.8298281861106284
GGPCKEPRLLLLV,weaker,79.00260899999999,PBD 246,C,E,4,6,V,P,-0.23294466839838385,C,E,246,FALSE,0.5586905293176915,FALSE,98.54540899999999,0.8016873622189746
GGPAKRPRLLLLV,weaker,82.347907,PBD 246,A,R,4,6,V,P,-0.03756130327865073,A,R,246,FALSE,0.5586905293176915,FALSE,98.54540899999999,0.8356341288309028
GGPMKGPRLLLLV,weaker,79.643311,PBD 246,M,G,4,6,V,P,-0.17539999429902026,M,G,246,FALSE,0.5586905293176915,FALSE,98.54540899999999,0.8081889537847471
GGPCKDPRLLLLV,weaker,78.978143,PBD 246,C,D,4,6,V,P,-0.12553018071606442,C,D,246,FALSE,0.5586905293176915,FALSE,98.54540899999999,0.8014390908865172
GGPAKSPRLLLLV,weaker,82.546128,PBD 246,A,S,4,6,V,P,0.16438203679050073,A,S,246,FALSE,0.5586905293176915,FALSE,98.54540899999999,0.8376455974727347
GGPCKAPRLLLLV,weaker,81.135169,PBD 246,C,A,4,6,V,P,0.09749010660921184,C,A,246,FALSE,0.5586905293176915,FALSE,98.54540899999999,0.8233277412243528
GGPAKMPRLLLLV,weaker,82.28181,PBD 246,A,M,4,6,V,P,-0.1129739429350807,A,M,246,FALSE,0.5586905293176915,FALSE,98.54540899999999,0.8349634025061482
GGPMKVPRLLLLV,weaker,80.01546799999998,PBD 246,M,V,4,6,V,P,0.04123130982055592,M,V,246,FALSE,0.5586905293176915,FALSE,98.54540899999999,0.8119654564526694
GGPAKIPRLLLLV,weaker,82.20110799999999,PBD 246,A,I,4,6,V,P,-0.09135517908322224,A,I,246,FALSE,0.5586905293176915,FALSE,98.54540899999999,0.8341444703933392
GGPCKGPRLLLLV,weaker,79.00272199999999,PBD 246,C,G,4,6,V,P,-0.15428376151201456,C,G,246,FALSE,0.5586905293176915,FALSE,98.54540899999999,0.8016885088984713
GGPAKQPRLLLLV,weaker,82.25019400000001,PBD 246,A,Q,4,6,V,P,0.09423997972177373,A,Q,246,FALSE,0.5586905293176915,FALSE,98.54540899999999,0.8346425757896039
SKVGKFLGWF,no significant difference,105.21275,PBD 366,G,K,4,5,R,V,0.7152282262892324,G,K,366,FALSE,0.7759614036328946,FALSE,116.71804,0.9014266346487655
GGPMK*PRLLLLV,weaker,NA,PBD 246,M,*,4,6,V,P,0.14216106286225805,M,*,246,FALSE,0.5586905293176915,FALSE,98.54540899999999,NA
GGPAKHPRLLLLV,weaker,82.275741,PBD 246,A,H,4,6,V,P,0.1582862800728854,A,H,246,FALSE,0.5586905293176915,FALSE,98.54540899999999,0.8349018166843267
SKVGNFLGWF,weaker,104.57394399999998,PBD 366,G,N,4,5,R,V,0.632618727237708,G,N,366,FALSE,0.7759614036328946,FALSE,116.71804,0.8959535646760345
GGPMKYPRLLLLV,weaker,79.74279800000001,PBD 246,M,Y,4,6,V,P,-0.01672623156872564,M,Y,246,FALSE,0.5586905293176915,FALSE,98.54540899999999,0.8091985086793847
GGPCKVPRLLLLV,weaker,79.374879,PBD 246,C,V,4,6,V,P,-0.2430579769767015,C,V,246,FALSE,0.5586905293176915,FALSE,98.54540899999999,0.8054650115663938
GGP*KKPRLLLLV,weaker,NA,PBD 246,*,K,4,6,V,P,-0.04874458770827961,*,K,246,FALSE,0.5586905293176915,FALSE,98.54540899999999,NA
GGPAKPPRLLLLV,no significant difference,97.07209999999999,PBD 246,A,P,4,6,V,P,0.5840496983522865,A,P,246,FALSE,0.5586905293176915,TRUE,98.54540899999999,0.9850494405071676
SKVGTFLGWF,no significant difference,108.40678399999999,PBD 366,G,T,4,5,R,V,0.7570288333792938,G,T,366,FALSE,0.7759614036328946,FALSE,116.71804,0.9287920187830432
GGP*KNPRLLLLV,weaker,NA,PBD 246,*,N,4,6,V,P,0.0917724593620056,*,N,246,FALSE,0.5586905293176915,FALSE,98.54540899999999,NA
GGPCK*PRLLLLV,weaker,NA,PBD 246,C,*,4,6,V,P,-0.02749298265527305,C,*,246,FALSE,0.5586905293176915,FALSE,98.54540899999999,NA
GGP*KTPRLLLLV,weaker,NA,PBD 246,*,T,4,6,V,P,0.1516827895032624,*,T,246,FALSE,0.5586905293176915,FALSE,98.54540899999999,NA
SKVGRFLGWF,weaker,105.85155699999999,PBD 366,G,R,4,5,R,V,0.6743845321275416,G,R,366,FALSE,0.7759614036328946,FALSE,116.71804,0.9068997131891521
GGPMKWPRLLLLV,weaker,79.716594,PBD 246,M,W,4,6,V,P,-0.01616663719487697,M,W,246,FALSE,0.5586905293176915,FALSE,98.54540899999999,0.8089326008074106
GGPCKYPRLLLLV,weaker,79.102209,PBD 246,C,Y,4,6,V,P,-0.20391333056604471,C,Y,246,FALSE,0.5586905293176915,FALSE,98.54540899999999,0.8026980637931089
SKVGSFLGWF,weaker,106.490364,PBD 366,G,S,4,5,R,V,0.6614989084332291,G,S,366,FALSE,0.7759614036328946,FALSE,116.71804,0.912372791729539
GGPMKCPRLLLLV,weaker,79.61873099999998,PBD 246,M,C,4,6,V,P,0.01849364906966209,M,C,246,FALSE,0.5586905293176915,FALSE,98.54540899999999,0.8079395256251866
GGPAKLPRLLLLV,weaker,82.39734700000001,PBD 246,A,L,4,6,V,P,-0.07160282587741967,A,L,246,FALSE,0.5586905293176915,FALSE,98.54540899999999,0.8361358264797503
SKVGMFLGWF,weaker,104.57394399999998,PBD 366,G,M,4,5,R,V,0.6459020371822286,G,M,366,FALSE,0.7759614036328946,FALSE,116.71804,0.8959535646760345
SKVLKFLGWF,no significant difference,106.49159399999999,PBD 366,L,K,4,5,R,V,0.7688218035192009,L,K,366,FALSE,0.7759614036328946,FALSE,116.71804,0.9123833299462533
SKVGIFLGWF,weaker,107.12916999999999,PBD 366,G,I,4,5,R,V,0.6372223754446875,G,I,366,FALSE,0.7759614036328946,FALSE,116.71804,0.9178458617022697
SKVLNFLGWF,weaker,105.852788,PBD 366,L,N,4,5,R,V,0.6954055078984712,L,N,366,FALSE,0.7759614036328946,FALSE,116.71804,0.9069102599735225
GGPMKFPRLLLLV,weaker,79.863397,PBD 246,M,F,4,6,V,P,-0.05767128698807939,M,F,246,FALSE,0.5586905293176915,FALSE,98.54540899999999,0.8104222998353988
GGPCKWPRLLLLV,weaker,79.076005,PBD 246,C,W,4,6,V,P,-0.17272497612650156,C,W,246,FALSE,0.5586905293176915,FALSE,98.54540899999999,0.8024321559211348
GGP*KMPRLLLLV,weaker,NA,PBD 246,*,M,4,6,V,P,-0.07559407763584658,*,M,246,FALSE,0.5586905293176915,FALSE,98.54540899999999,NA
GGPAKEPRLLLLV,weaker,82.15217499999999,PBD 246,A,E,4,6,V,P,-0.01508701513168226,A,E,246,FALSE,0.5586905293176915,FALSE,98.54540899999999,0.8336479175808179
SKVGQFLGWF,weaker,105.21275,PBD 366,G,Q,4,5,R,V,0.726503522065824,G,Q,366,FALSE,0.7759614036328946,FALSE,116.71804,0.9014266346487655
SKVLTFLGWF,stronger,109.68562800000001,PBD 366,L,T,4,5,R,V,0.8224329799151069,L,T,366,FALSE,0.7759614036328946,TRUE,116.71804,0.9397487140805312
GGPIKKPRLLLLV,weaker,79.80875999999999,PBD 246,I,K,4,6,V,P,-0.05474545692152691,I,K,246,FALSE,0.5586905293176915,FALSE,98.54540899999999,0.8098678650773067
GGPCKCPRLLLLV,weaker,78.978142,PBD 246,C,C,4,6,V,P,-0.01616663719487697,C,C,246,FALSE,0.5586905293176915,FALSE,98.54540899999999,0.801439080738911
GGP*KIPRLLLLV,weaker,NA,PBD 246,*,I,4,6,V,P,-0.01768864733646811,*,I,246,FALSE,0.5586905293176915,FALSE,98.54540899999999,NA
GGPAKDPRLLLLV,weaker,82.127709,PBD 246,A,D,4,6,V,P,-0.04175693809699091,A,D,246,FALSE,0.5586905293176915,FALSE,98.54540899999999,0.8333996462483605
SKVGHFLGWF,no significant difference,105.21275,PBD 366,G,H,4,5,R,V,0.6900950383334,G,H,366,FALSE,0.7759614036328946,FALSE,116.71804,0.9014266346487655
GGPIKNPRLLLLV,weaker,79.83252599999999,PBD 246,I,N,4,6,V,P,0.03404368895364895,I,N,246,FALSE,0.5586905293176915,FALSE,98.54540899999999,0.8101090330854479
GGP*KQPRLLLLV,no significant difference,NA,PBD 246,*,Q,4,6,V,P,0.01122468192441262,*,Q,246,FALSE,0.5586905293176915,FALSE,98.54540899999999,NA
GGPAKAPRLLLLV,weaker,84.284735,PBD 246,A,A,4,6,V,P,0.3225580903278896,A,A,246,FALSE,0.5586905293176915,FALSE,98.54540899999999,0.8552882965861962
SKVGPFLGWF,weaker,104.57394399999998,PBD 366,G,P,4,5,R,V,0.31563197891396333,G,P,366,FALSE,0.7759614036328946,FALSE,116.71804,0.8959535646760345
SKVLRFLGWF,weaker,107.130401,PBD 366,L,R,4,5,R,V,0.7207397140408408,L,R,366,FALSE,0.7759614036328946,FALSE,116.71804,0.9178564084866402
GGPCKFPRLLLLV,weaker,79.222808,PBD 246,C,F,4,6,V,P,-0.1110393697241378,C,F,246,FALSE,0.5586905293176915,FALSE,98.54540899999999,0.803921854949123
SGRKWFKDWL,weaker,79.32999699999999,PBD 363,K,K,4,7,F,S,-0.00330766516869935,K,K,363,FALSE,0.7381315366280661,FALSE,100.260289,0.7912404581239536
SKVLSFLGWF,weaker,107.76920799999999,PBD 366,L,S,4,5,R,V,0.6996328326817686,L,S,366,FALSE,0.7759614036328946,FALSE,116.71804,0.9233294870270268
SGRKWFNDWL,weaker,79.32999699999999,PBD 363,K,N,4,7,F,S,0.14725188543520168,K,N,363,FALSE,0.7381315366280661,FALSE,100.260289,0.7912404581239536
GGPAKGPRLLLLV,weaker,82.15228799999998,PBD 246,A,G,4,6,V,P,-0.12177780844716782,A,G,246,FALSE,0.5586905293176915,FALSE,98.54540899999999,0.8336490642603147
SKVLMFLGWF,weaker,105.852788,PBD 366,L,M,4,5,R,V,0.6590148658792734,L,M,366,FALSE,0.7759614036328946,FALSE,116.71804,0.9069102599735225
SGRKWFTDWL,no significant difference,84.952276,PBD 363,K,T,4,7,F,S,0.7327939737386293,K,T,363,FALSE,0.7381315366280661,FALSE,100.260289,0.8473172863086401
SKVLIFLGWF,weaker,108.40801399999998,PBD 366,L,I,4,5,R,V,0.664681979831746,L,I,366,FALSE,0.7759614036328946,FALSE,116.71804,0.9288025569997576
GGPAKVPRLLLLV,weaker,82.524445,PBD 246,A,V,4,6,V,P,-0.05106421630830432,A,V,246,FALSE,0.5586905293176915,FALSE,98.54540899999999,0.8374255669282372
SKVGLFLGWF,weaker,105.85155699999999,PBD 366,G,L,4,5,R,V,0.6018634997228678,G,L,366,FALSE,0.7759614036328946,FALSE,116.71804,0.9068997131891521
SKVLQFLGWF,no significant difference,106.49159399999999,PBD 366,L,Q,4,5,R,V,0.7207570314516126,L,Q,366,FALSE,0.7759614036328946,FALSE,116.71804,0.9123833299462533
SGRKWFRDWL,weaker,79.32999699999999,PBD 363,K,R,4,7,F,S,0.10581453612810436,K,R,363,FALSE,0.7381315366280661,FALSE,100.260289,0.7912404581239536
SKVLHFLGWF,weaker,106.49159399999999,PBD 366,L,H,4,5,R,V,0.717322517953055,L,H,366,FALSE,0.7759614036328946,FALSE,116.71804,0.9123833299462533
SGRKWFSDWL,no significant difference,93.130135,PBD 363,K,S,4,7,F,S,0.7772060935392079,K,S,363,FALSE,0.7381315366280661,TRUE,100.260289,0.9288835682490402
GGPAK*PRLLLLV,weaker,NA,PBD 246,A,*,4,6,V,P,0.11010388960312188,A,*,246,FALSE,0.5586905293176915,FALSE,98.54540899999999,NA
SKVGEFLGWF,no significant difference,104.57394399999998,PBD 366,G,E,4,5,R,V,0.7720575867400965,G,E,366,FALSE,0.7759614036328946,FALSE,116.71804,0.8959535646760345
SKVLPFLGWF,weaker,105.852788,PBD 366,L,P,4,5,R,V,0.3330984136150982,L,P,366,FALSE,0.7759614036328946,FALSE,116.71804,0.9069102599735225
SGRKWFMDWL,weaker,79.32999699999999,PBD 363,K,M,4,7,F,S,0.11908975057940868,K,M,363,FALSE,0.7381315366280661,FALSE,100.260289,0.7912404581239536
GGPAKYPRLLLLV,weaker,82.251775,PBD 246,A,Y,4,6,V,P,0.01515846409380384,A,Y,246,FALSE,0.5586905293176915,FALSE,98.54540899999999,0.8346586191549522
SKVGDFLGWF,weaker,104.57394399999998,PBD 366,G,D,4,5,R,V,0.6672061031690916,G,D,366,FALSE,0.7759614036328946,FALSE,116.71804,0.8959535646760345
SGRKWFIDWL,weaker,79.32999699999999,PBD 363,K,I,4,7,F,S,0.23437785349773044,K,I,363,FALSE,0.7381315366280661,FALSE,100.260289,0.7912404581239536
SKVGAFLGWF,weaker,104.57394399999998,PBD 366,G,A,4,5,R,V,0.633353163209078,G,A,366,FALSE,0.7759614036328946,FALSE,116.71804,0.8959535646760345
SGRKWFQDWL,weaker,79.32999699999999,PBD 363,K,Q,4,7,F,S,0.02766430704929367,K,Q,363,FALSE,0.7381315366280661,FALSE,100.260289,0.7912404581239536
SKVLLFLGWF,weaker,107.130401,PBD 366,L,L,4,5,R,V,0.5907892087883484,L,L,366,FALSE,0.7759614036328946,FALSE,116.71804,0.9178564084866402
SGRKWFHDWL,weaker,79.32999699999999,PBD 363,K,H,4,7,F,S,0.1583681906242592,K,H,363,FALSE,0.7381315366280661,FALSE,100.260289,0.7912404581239536
GGPAKWPRLLLLV,weaker,82.22557099999999,PBD 246,A,W,4,6,V,P,-0.1813037471407655,A,W,246,FALSE,0.5586905293176915,FALSE,98.54540899999999,0.8343927112829781
SKVGGFLGWF,weaker,104.57394399999998,PBD 366,G,G,4,5,R,V,0.5015284317484391,G,G,366,FALSE,0.7759614036328946,FALSE,116.71804,0.8959535646760345
SKVLEFLGWF,no significant difference,105.852788,PBD 366,L,E,4,5,R,V,0.7949321055160926,L,E,366,FALSE,0.7759614036328946,TRUE,116.71804,0.9069102599735225
SGRMWFKDWL,weaker,79.32999699999999,PBD 363,M,K,4,7,F,S,0.11719202313353892,M,K,363,FALSE,0.7381315366280661,FALSE,100.260289,0.7912404581239536
SGRKWFPDWL,weaker,79.32999699999999,PBD 363,K,P,4,7,F,S,0.1115089369302712,K,P,363,FALSE,0.7381315366280661,FALSE,100.260289,0.7912404581239536
GGPAKCPRLLLLV,weaker,82.127708,PBD 246,A,C,4,6,V,P,-0.00603926878989774,A,C,246,FALSE,0.5586905293176915,FALSE,98.54540899999999,0.8333996361007544
SKVLDFLGWF,weaker,105.852788,PBD 366,L,D,4,5,R,V,0.6537793514149699,L,D,366,FALSE,0.7759614036328946,FALSE,116.71804,0.9069102599735225
SGRMWFNDWL,weaker,79.32999699999999,PBD 363,M,N,4,7,F,S,0.2494706111787057,M,N,363,FALSE,0.7381315366280661,FALSE,100.260289,0.7912404581239536
SKVGVFLGWF,weaker,109.68439699999999,PBD 366,G,V,4,5,R,V,0.7233932439799348,G,V,366,FALSE,0.7759614036328946,FALSE,116.71804,0.9397381672961608
SKVLAFLGWF,weaker,105.852788,PBD 366,L,A,4,5,R,V,0.6585494999950192,L,A,366,FALSE,0.7759614036328946,FALSE,116.71804,0.9069102599735225
SGRMWFTDWL,stronger,84.952276,PBD 363,M,T,4,7,F,S,0.8279257694311069,M,T,363,FALSE,0.7381315366280661,TRUE,100.260289,0.8473172863086401
GGPAKFPRLLLLV,weaker,82.372374,PBD 246,A,F,4,6,V,P,-0.04102577672458409,A,F,246,FALSE,0.5586905293176915,FALSE,98.54540899999999,0.8358824103109664
SKVLGFLGWF,weaker,105.852788,PBD 366,L,G,4,5,R,V,0.5498209519555762,L,G,366,FALSE,0.7759614036328946,FALSE,116.71804,0.9069102599735225
SKVG*FLGWF,weaker,NA,PBD 366,G,*,4,5,R,V,0.2670386709478934,G,*,366,FALSE,0.7759614036328946,FALSE,116.71804,NA
SGRMWFRDWL,weaker,79.32999699999999,PBD 363,M,R,4,7,F,S,0.10225472146814636,M,R,363,FALSE,0.7381315366280661,FALSE,100.260289,0.7912404581239536
SGRKWFLDWL,weaker,79.32999699999999,PBD 363,K,L,4,7,F,S,0.16335468062084807,K,L,363,FALSE,0.7381315366280661,FALSE,100.260289,0.7912404581239536
SKVGYFLGWF,weaker,104.57394399999998,PBD 366,G,Y,4,5,R,V,0.5450181635207398,G,Y,366,FALSE,0.7759614036328946,FALSE,116.71804,0.8959535646760345
SKVLVFLGWF,weaker,110.96324099999998,PBD 366,L,V,4,5,R,V,0.6626390065896001,L,V,366,FALSE,0.7759614036328946,FALSE,116.71804,0.9506948625936485
SGRMWFSDWL,stronger,93.130135,PBD 363,M,S,4,7,F,S,0.8590475730835252,M,S,363,FALSE,0.7381315366280661,TRUE,100.260289,0.9288835682490402
SGRMWFMDWL,weaker,79.32999699999999,PBD 363,M,M,4,7,F,S,0.18442751360645884,M,M,363,FALSE,0.7381315366280661,FALSE,100.260289,0.7912404581239536
SGRKWFEDWL,weaker,79.32999699999999,PBD 363,K,E,4,7,F,S,0.3061321704839144,K,E,363,FALSE,0.7381315366280661,FALSE,100.260289,0.7912404581239536
SKVL*FLGWF,weaker,NA,PBD 366,L,*,4,5,R,V,0.20664092631293596,L,*,366,FALSE,0.7759614036328946,FALSE,116.71804,NA
SGRMWFIDWL,weaker,79.32999699999999,PBD 363,M,I,4,7,F,S,0.13353782189189842,M,I,363,FALSE,0.7381315366280661,FALSE,100.260289,0.7912404581239536
SGRKWFDDWL,weaker,79.32999699999999,PBD 363,K,D,4,7,F,S,0.28106126425885053,K,D,363,FALSE,0.7381315366280661,FALSE,100.260289,0.7912404581239536
SKVGWFLGWF,weaker,105.21275,PBD 366,G,W,4,5,R,V,0.4344466099724672,G,W,366,FALSE,0.7759614036328946,FALSE,116.71804,0.9014266346487655
SKVLYFLGWF,weaker,105.852788,PBD 366,L,Y,4,5,R,V,0.5454816480685589,L,Y,366,FALSE,0.7759614036328946,FALSE,116.71804,0.9069102599735225
SGRMWFQDWL,weaker,79.32999699999999,PBD 363,M,Q,4,7,F,S,0.24430729253873665,M,Q,363,FALSE,0.7381315366280661,FALSE,100.260289,0.7912404581239536
SGRKWFADWL,weaker,79.32999699999999,PBD 363,K,A,4,7,F,S,0.24930154361987755,K,A,363,FALSE,0.7381315366280661,FALSE,100.260289,0.7912404581239536
SKVGCFLGWF,weaker,105.21275,PBD 366,G,C,4,5,R,V,0.6545084106070236,G,C,366,FALSE,0.7759614036328946,FALSE,116.71804,0.9014266346487655
SGRMWFHDWL,weaker,79.32999699999999,PBD 363,M,H,4,7,F,S,0.3314546147567086,M,H,363,FALSE,0.7381315366280661,FALSE,100.260289,0.7912404581239536
SGRMWFPDWL,weaker,79.32999699999999,PBD 363,M,P,4,7,F,S,0.1274679849695834,M,P,363,FALSE,0.7381315366280661,FALSE,100.260289,0.7912404581239536
SGRKWFGDWL,weaker,79.32999699999999,PBD 363,K,G,4,7,F,S,0.2279609892104368,K,G,363,FALSE,0.7381315366280661,FALSE,100.260289,0.7912404581239536
SKVGFFLGWF,weaker,105.21275,PBD 366,G,F,4,5,R,V,0.5636854016729789,G,F,366,FALSE,0.7759614036328946,FALSE,116.71804,0.9014266346487655
SKVLWFLGWF,weaker,106.49159399999999,PBD 366,L,W,4,5,R,V,0.483205816657542,L,W,366,FALSE,0.7759614036328946,FALSE,116.71804,0.9123833299462533
SKVLCFLGWF,weaker,106.49159399999999,PBD 366,L,C,4,5,R,V,0.6749352636170185,L,C,366,FALSE,0.7759614036328946,FALSE,116.71804,0.9123833299462533
SGRKWFVDWL,weaker,79.32999699999999,PBD 363,K,V,4,7,F,S,0.3196359560746387,K,V,363,FALSE,0.7381315366280661,FALSE,100.260289,0.7912404581239536
SKVLFFLGWF,weaker,106.49159399999999,PBD 366,L,F,4,5,R,V,0.5591600326262459,L,F,366,FALSE,0.7759614036328946,FALSE,116.71804,0.9123833299462533
SGRMWFLDWL,weaker,79.32999699999999,PBD 363,M,L,4,7,F,S,0.19064069034765588,M,L,363,FALSE,0.7381315366280661,FALSE,100.260289,0.7912404581239536
SGRKWF*DWL,weaker,NA,PBD 363,K,*,4,7,F,S,0.10049333974557122,K,*,363,FALSE,0.7381315366280661,FALSE,100.260289,NA
SGRKWFYDWL,weaker,79.84111399999999,PBD 363,K,Y,4,7,F,S,0.2665285867890088,K,Y,363,FALSE,0.7381315366280661,FALSE,100.260289,0.7963383588491351
SGRMWFEDWL,weaker,79.32999699999999,PBD 363,M,E,4,7,F,S,0.2092988569450808,M,E,363,FALSE,0.7381315366280661,FALSE,100.260289,0.7912404581239536
SGRMWFDDWL,weaker,79.32999699999999,PBD 363,M,D,4,7,F,S,0.4038888419840864,M,D,363,FALSE,0.7381315366280661,FALSE,100.260289,0.7912404581239536
SGRMWFADWL,weaker,79.32999699999999,PBD 363,M,A,4,7,F,S,0.3197573784860417,M,A,363,FALSE,0.7381315366280661,FALSE,100.260289,0.7912404581239536
SGRKWFWDWL,weaker,79.32999699999999,PBD 363,K,W,4,7,F,S,0.20390979950260668,K,W,363,FALSE,0.7381315366280661,FALSE,100.260289,0.7912404581239536
SGRKWFCDWL,weaker,79.32999699999999,PBD 363,K,C,4,7,F,S,0.31542856581399686,K,C,363,FALSE,0.7381315366280661,FALSE,100.260289,0.7912404581239536
SGRMWFGDWL,weaker,79.32999699999999,PBD 363,M,G,4,7,F,S,0.3531936230303442,M,G,363,FALSE,0.7381315366280661,FALSE,100.260289,0.7912404581239536
SGRKWFFDWL,weaker,79.32999699999999,PBD 363,K,F,4,7,F,S,0.36267664881297,K,F,363,FALSE,0.7381315366280661,FALSE,100.260289,0.7912404581239536
SGRMWFVDWL,weaker,79.32999699999999,PBD 363,M,V,4,7,F,S,0.12486327672155402,M,V,363,FALSE,0.7381315366280661,FALSE,100.260289,0.7912404581239536
SGRNWFKDWL,weaker,79.32999699999999,PBD 363,N,K,4,7,F,S,0.20650282106538664,N,K,363,FALSE,0.7381315366280661,FALSE,100.260289,0.7912404581239536
GGPFKKPRLLLLV,weaker,79.27283999999999,PBD 246,F,K,4,6,V,P,-0.21478788912726737,F,K,246,FALSE,0.5586905293176915,FALSE,98.54540899999999,0.8044295599808206
SGRNWFNDWL,weaker,79.32999699999999,PBD 363,N,N,4,7,F,S,0.08156056205627718,N,N,363,FALSE,0.7381315366280661,FALSE,100.260289,0.7912404581239536
SGRMWF*DWL,weaker,NA,PBD 363,M,*,4,7,F,S,0.09904397464159562,M,*,363,FALSE,0.7381315366280661,FALSE,100.260289,NA
GGPFKNPRLLLLV,weaker,79.29660599999998,PBD 246,F,N,4,6,V,P,-0.01498866001002488,F,N,246,FALSE,0.5586905293176915,FALSE,98.54540899999999,0.8046707279889618
SGRNWFTDWL,no significant difference,84.952276,PBD 363,N,T,4,7,F,S,0.7315290220016588,N,T,363,FALSE,0.7381315366280661,FALSE,100.260289,0.8473172863086401
SGRMWFYDWL,no significant difference,79.84111399999999,PBD 363,M,Y,4,7,F,S,0.3677155537680277,M,Y,363,FALSE,0.7381315366280661,FALSE,100.260289,0.7963383588491351
GGPFKTPRLLLLV,weaker,79.676857,PBD 246,F,T,4,6,V,P,-0.09613973667776304,F,T,246,FALSE,0.5586905293176915,FALSE,98.54540899999999,0.808529365381192
SGRNWFRDWL,weaker,79.32999699999999,PBD 363,N,R,4,7,F,S,0.1121150616408418,N,R,363,FALSE,0.7381315366280661,FALSE,100.260289,0.7912404581239536
GGPFKRPRLLLLV,weaker,79.44353299999999,PBD 246,F,R,4,6,V,P,-0.08614484980222135,F,R,246,FALSE,0.5586905293176915,FALSE,98.54540899999999,0.8061616853201147
SGRNWFSDWL,no significant difference,93.130135,PBD 363,N,S,4,7,F,S,0.7786707922926761,N,S,363,FALSE,0.7381315366280661,TRUE,100.260289,0.9288835682490402
SGRMWFWDWL,weaker,79.32999699999999,PBD 363,M,W,4,7,F,S,0.31615260754006563,M,W,363,FALSE,0.7381315366280661,FALSE,100.260289,0.7912404581239536
GGPFKSPRLLLLV,weaker,79.641754,PBD 246,F,S,4,6,V,P,-0.195808264326654,F,S,246,FALSE,0.5586905293176915,FALSE,98.54540899999999,0.8081731539619468
SGRNWFMDWL,weaker,79.32999699999999,PBD 363,N,M,4,7,F,S,0.05889433589252692,N,M,363,FALSE,0.7381315366280661,FALSE,100.260289,0.7912404581239536
SGRMWFCDWL,weaker,79.32999699999999,PBD 363,M,C,4,7,F,S,0.28300276910579636,M,C,363,FALSE,0.7381315366280661,FALSE,100.260289,0.7912404581239536
GGPFKMPRLLLLV,weaker,79.377436,PBD 246,F,M,4,6,V,P,-0.09082856454552288,F,M,246,FALSE,0.5586905293176915,FALSE,98.54540899999999,0.8054909589953603
SGRNWFIDWL,weaker,79.32999699999999,PBD 363,N,I,4,7,F,S,0.03178465952827289,N,I,363,FALSE,0.7381315366280661,FALSE,100.260289,0.7912404581239536
GGPFKIPRLLLLV,weaker,79.296734,PBD 246,F,I,4,6,V,P,-0.2834873439498149,F,I,246,FALSE,0.5586905293176915,FALSE,98.54540899999999,0.8046720268825512
SGRNWFQDWL,weaker,79.32999699999999,PBD 363,N,Q,4,7,F,S,-0.01025291517366364,N,Q,363,FALSE,0.7381315366280661,FALSE,100.260289,0.7912404581239536
SGRMWFFDWL,weaker,79.32999699999999,PBD 363,M,F,4,7,F,S,0.42563143704507944,M,F,363,FALSE,0.7381315366280661,FALSE,100.260289,0.7912404581239536
GGPFKQPRLLLLV,weaker,79.34581999999999,PBD 246,F,Q,4,6,V,P,0.01702539025292857,F,Q,246,FALSE,0.5586905293176915,FALSE,98.54540899999999,0.8051701322788157
SGRNWFHDWL,weaker,79.32999699999999,PBD 363,N,H,4,7,F,S,0.10744596416412357,N,H,363,FALSE,0.7381315366280661,FALSE,100.260289,0.7912404581239536
SGRIWFKDWL,weaker,80.348591,PBD 363,I,K,4,7,F,S,0.1332020707724555,I,K,363,FALSE,0.7381315366280661,FALSE,100.260289,0.8013999540735415
GGPFKHPRLLLLV,weaker,79.371367,PBD 246,F,H,4,6,V,P,-0.22156227167668,F,H,246,FALSE,0.5586905293176915,FALSE,98.54540899999999,0.8054293731735388
SGRNWFPDWL,weaker,79.32999699999999,PBD 363,N,P,4,7,F,S,0.1330973006059766,N,P,363,FALSE,0.7381315366280661,FALSE,100.260289,0.7912404581239536
SGRIWFNDWL,weaker,80.348591,PBD 363,I,N,4,7,F,S,0.23344770775564205,I,N,363,FALSE,0.7381315366280661,FALSE,100.260289,0.8013999540735415
GGPFKPPRLLLLV,weaker,94.167726,PBD 246,F,P,4,6,V,P,0.02810570311653992,F,P,246,FALSE,0.5586905293176915,FALSE,98.54540899999999,0.9555769969963797
SGRIWFTDWL,no significant difference,85.97087,PBD 363,I,T,4,7,F,S,0.7789794798417404,I,T,363,FALSE,0.7381315366280661,TRUE,100.260289,0.8574767822582279
GGPGKKPRLLLLV,weaker,79.88388099999999,PBD 246,G,K,4,6,V,P,-0.16261998758283053,G,K,246,FALSE,0.5586905293176915,FALSE,98.54540899999999,0.8106301634001032
SGRIWFRDWL,weaker,80.348591,PBD 363,I,R,4,7,F,S,0.03041010557275038,I,R,363,FALSE,0.7381315366280661,FALSE,100.260289,0.8013999540735415
SGRNWFLDWL,weaker,79.32999699999999,PBD 363,N,L,4,7,F,S,0.13971846388752004,N,L,363,FALSE,0.7381315366280661,FALSE,100.260289,0.7912404581239536
GGPGKNPRLLLLV,weaker,79.90764699999998,PBD 246,G,N,4,6,V,P,-0.1258313720005982,G,N,246,FALSE,0.5586905293176915,FALSE,98.54540899999999,0.8108713314082444
SGRIWFSDWL,stronger,94.148729,PBD 363,I,S,4,7,F,S,0.7928630289950261,I,S,363,FALSE,0.7381315366280661,TRUE,100.260289,0.939043064198628
GGPFKLPRLLLLV,weaker,79.49297299999999,PBD 246,F,L,4,6,V,P,-0.1271706807705811,F,L,246,FALSE,0.5586905293176915,FALSE,98.54540899999999,0.806663382968962
GGPGKTPRLLLLV,weaker,80.287898,PBD 246,G,T,4,6,V,P,-0.1304657486838769,G,T,246,FALSE,0.5586905293176915,FALSE,98.54540899999999,0.8147299688004745
SGRIWFMDWL,weaker,80.348591,PBD 363,I,M,4,7,F,S,0.1573236931984158,I,M,363,FALSE,0.7381315366280661,FALSE,100.260289,0.8013999540735415
SGRNWFEDWL,weaker,79.32999699999999,PBD 363,N,E,4,7,F,S,0.2691657306895864,N,E,363,FALSE,0.7381315366280661,FALSE,100.260289,0.7912404581239536
SGRIWFIDWL,weaker,80.348591,PBD 363,I,I,4,7,F,S,0.24936817156305768,I,I,363,FALSE,0.7381315366280661,FALSE,100.260289,0.8013999540735415
GGPFKEPRLLLLV,weaker,79.247801,PBD 246,F,E,4,6,V,P,-0.06708886365501256,F,E,246,FALSE,0.5586905293176915,FALSE,98.54540899999999,0.80417547407003
SGRNWFDDWL,weaker,79.32999699999999,PBD 363,N,D,4,7,F,S,0.3948061452387285,N,D,363,FALSE,0.7381315366280661,FALSE,100.260289,0.7912404581239536
GGPGKRPRLLLLV,weaker,80.05457399999999,PBD 246,G,R,4,6,V,P,-0.10995720735201524,G,R,246,FALSE,0.5586905293176915,FALSE,98.54540899999999,0.8123622887393972
SGRIWFQDWL,weaker,80.348591,PBD 363,I,Q,4,7,F,S,-0.0304246567037469,I,Q,363,FALSE,0.7381315366280661,FALSE,100.260289,0.8013999540735415
GGPFKDPRLLLLV,weaker,79.223335,PBD 246,F,D,4,6,V,P,-0.2879192664664585,F,D,246,FALSE,0.5586905293176915,FALSE,98.54540899999999,0.8039272027375726
SGRNWFADWL,weaker,79.32999699999999,PBD 363,N,A,4,7,F,S,0.17177488195333424,N,A,363,FALSE,0.7381315366280661,FALSE,100.260289,0.7912404581239536
GGPGKSPRLLLLV,weaker,80.252795,PBD 246,G,S,4,6,V,P,8.558983960837748e-4,G,S,246,FALSE,0.5586905293176915,FALSE,98.54540899999999,0.8143737573812293
SGRIWFHDWL,no significant difference,80.348591,PBD 363,I,H,4,7,F,S,0.2998773290777357,I,H,363,FALSE,0.7381315366280661,FALSE,100.260289,0.8013999540735415
GGPFKAPRLLLLV,weaker,81.38036099999998,PBD 246,F,A,4,6,V,P,-0.02981967228260259,F,A,246,FALSE,0.5586905293176915,FALSE,98.54540899999999,0.825815853075408
GGPGKMPRLLLLV,weaker,79.988477,PBD 246,G,M,4,6,V,P,-0.10373510911665264,G,M,246,FALSE,0.5586905293176915,FALSE,98.54540899999999,0.8116915624146429
SGRIWFPDWL,weaker,80.348591,PBD 363,I,P,4,7,F,S,0.08377828355046012,I,P,363,FALSE,0.7381315366280661,FALSE,100.260289,0.8013999540735415
SGRNWFGDWL,weaker,79.32999699999999,PBD 363,N,G,4,7,F,S,0.2307599393567749,N,G,363,FALSE,0.7381315366280661,FALSE,100.260289,0.7912404581239536
GGPGKIPRLLLLV,weaker,79.907775,PBD 246,G,I,4,6,V,P,-0.14846420885262648,G,I,246,FALSE,0.5586905293176915,FALSE,98.54540899999999,0.8108726303018339
GGPFKGPRLLLLV,weaker,79.247914,PBD 246,F,G,4,6,V,P,-0.1327228674736734,F,G,246,FALSE,0.5586905293176915,FALSE,98.54540899999999,0.8041766207495268
GGPGKQPRLLLLV,weaker,79.95686099999999,PBD 246,G,Q,4,6,V,P,-0.08012740376267993,G,Q,246,FALSE,0.5586905293176915,FALSE,98.54540899999999,0.8113707356980983
SKVVKFLGWF,stronger,106.49159399999999,PBD 366,V,K,4,5,R,V,0.9023022577399048,V,K,366,FALSE,0.7759614036328946,TRUE,116.71804,0.9123833299462533
SGRNWFVDWL,weaker,79.32999699999999,PBD 363,N,V,4,7,F,S,0.1871481268692523,N,V,363,FALSE,0.7381315366280661,FALSE,100.260289,0.7912404581239536
GGPGKHPRLLLLV,weaker,79.982408,PBD 246,G,H,4,6,V,P,0.02667131208941325,G,H,246,FALSE,0.5586905293176915,FALSE,98.54540899999999,0.8116299765928214
SKVVNFLGWF,stronger,105.852788,PBD 366,V,N,4,5,R,V,0.856813251175886,V,N,366,FALSE,0.7759614036328946,TRUE,116.71804,0.9069102599735225
SKVEKFLGWF,stronger,105.21275,PBD 366,E,K,4,5,R,V,0.8238163557692101,E,K,366,FALSE,0.7759614036328946,TRUE,116.71804,0.9014266346487655
GGPFKVPRLLLLV,weaker,79.62007099999998,PBD 246,F,V,4,6,V,P,-0.19723836945798484,F,V,246,FALSE,0.5586905293176915,FALSE,98.54540899999999,0.807953123417449
GGPGKPPRLLLLV,weaker,94.778767,PBD 246,G,P,4,6,V,P,0.393362778823953,G,P,246,FALSE,0.5586905293176915,FALSE,98.54540899999999,0.9617776004156623
SKVVTFLGWF,stronger,109.68562800000001,PBD 366,V,T,4,5,R,V,0.9469198389067576,V,T,366,FALSE,0.7759614036328946,TRUE,116.71804,0.9397487140805312
SKVENFLGWF,no significant difference,104.57394399999998,PBD 366,E,N,4,5,R,V,0.7263246921103338,E,N,366,FALSE,0.7759614036328946,FALSE,116.71804,0.8959535646760345
SGRIWFLDWL,weaker,80.348591,PBD 363,I,L,4,7,F,S,0.17152774868300905,I,L,363,FALSE,0.7381315366280661,FALSE,100.260289,0.8013999540735415
SGRNWF*DWL,weaker,NA,PBD 363,N,*,4,7,F,S,0.110269319637932,N,*,363,FALSE,0.7381315366280661,FALSE,100.260289,NA
SKVETFLGWF,stronger,108.40678399999999,PBD 366,E,T,4,5,R,V,0.893630084242367,E,T,366,FALSE,0.7759614036328946,TRUE,116.71804,0.9287920187830432
GGPFK*PRLLLLV,weaker,NA,PBD 246,F,*,4,6,V,P,0.02540693736904096,F,*,246,FALSE,0.5586905293176915,FALSE,98.54540899999999,NA
SGRNWFYDWL,weaker,79.84111399999999,PBD 363,N,Y,4,7,F,S,0.19512216234437305,N,Y,363,FALSE,0.7381315366280661,FALSE,100.260289,0.7963383588491351
SKVVRFLGWF,stronger,107.130401,PBD 366,V,R,4,5,R,V,0.8917786785165503,V,R,366,FALSE,0.7759614036328946,TRUE,116.71804,0.9178564084866402
SGRIWFEDWL,weaker,80.348591,PBD 363,I,E,4,7,F,S,0.16567617156418657,I,E,363,FALSE,0.7381315366280661,FALSE,100.260289,0.8013999540735415
GGPFKYPRLLLLV,weaker,79.347401,PBD 246,F,Y,4,6,V,P,-0.09458397105954208,F,Y,246,FALSE,0.5586905293176915,FALSE,98.54540899999999,0.8051861756441643
SKVVSFLGWF,stronger,107.76920799999999,PBD 366,V,S,4,5,R,V,0.8875846923637924,V,S,366,FALSE,0.7759614036328946,TRUE,116.71804,0.9233294870270268
SKVERFLGWF,no significant difference,105.85155699999999,PBD 366,E,R,4,5,R,V,0.8104336729506049,E,R,366,FALSE,0.7759614036328946,TRUE,116.71804,0.9068997131891521
SGRIWFDDWL,weaker,80.348591,PBD 363,I,D,4,7,F,S,0.32669142695178016,I,D,363,FALSE,0.7381315366280661,FALSE,100.260289,0.8013999540735415
GGPGKLPRLLLLV,weaker,80.10401399999999,PBD 246,G,L,4,6,V,P,-0.1297140308309736,G,L,246,FALSE,0.5586905293176915,FALSE,98.54540899999999,0.8128639863882446
SKVVMFLGWF,stronger,105.852788,PBD 366,V,M,4,5,R,V,0.8305729169255156,V,M,366,FALSE,0.7759614036328946,TRUE,116.71804,0.9069102599735225
SKVESFLGWF,no significant difference,106.490364,PBD 366,E,S,4,5,R,V,0.8080839492704653,E,S,366,FALSE,0.7759614036328946,TRUE,116.71804,0.912372791729539
SGRIWFADWL,weaker,80.348591,PBD 363,I,A,4,7,F,S,0.18215042583812796,I,A,363,FALSE,0.7381315366280661,FALSE,100.260289,0.8013999540735415
SGRNWFWDWL,weaker,79.32999699999999,PBD 363,N,W,4,7,F,S,0.2290079880150175,N,W,363,FALSE,0.7381315366280661,FALSE,100.260289,0.7912404581239536
SKVVIFLGWF,stronger,108.40801399999998,PBD 366,V,I,4,5,R,V,0.8238171467474134,V,I,366,FALSE,0.7759614036328946,TRUE,116.71804,0.9288025569997576
SKVEMFLGWF,no significant difference,104.57394399999998,PBD 366,E,M,4,5,R,V,0.808527395069534,E,M,366,FALSE,0.7759614036328946,TRUE,116.71804,0.8959535646760345
GGPFKWPRLLLLV,weaker,79.321197,PBD 246,F,W,4,6,V,P,-0.2175940648970782,F,W,246,FALSE,0.5586905293176915,FALSE,98.54540899999999,0.8049202677721902
SGRNWFCDWL,weaker,79.32999699999999,PBD 363,N,C,4,7,F,S,0.26803133298455045,N,C,363,FALSE,0.7381315366280661,FALSE,100.260289,0.7912404581239536
GGPGKEPRLLLLV,weaker,79.858842,PBD 246,G,E,4,6,V,P,0.01059040014708321,G,E,246,FALSE,0.5586905293176915,FALSE,98.54540899999999,0.8103760774893126
SKVVQFLGWF,stronger,106.49159399999999,PBD 366,V,Q,4,5,R,V,0.9268461350417786,V,Q,366,FALSE,0.7759614036328946,TRUE,116.71804,0.9123833299462533
SKVEIFLGWF,no significant difference,107.12916999999999,PBD 366,E,I,4,5,R,V,0.8745668698686763,E,I,366,FALSE,0.7759614036328946,TRUE,116.71804,0.9178458617022697
SGRIWFGDWL,weaker,80.348591,PBD 363,I,G,4,7,F,S,0.26603375892731296,I,G,363,FALSE,0.7381315366280661,FALSE,100.260289,0.8013999540735415
GGPFKCPRLLLLV,weaker,79.22333399999998,PBD 246,F,C,4,6,V,P,-0.23164245712181616,F,C,246,FALSE,0.5586905293176915,FALSE,98.54540899999999,0.8039271925899661
GGPGKDPRLLLLV,weaker,79.834376,PBD 246,G,D,4,6,V,P,-0.2019621013780813,G,D,246,FALSE,0.5586905293176915,FALSE,98.54540899999999,0.8101278061568552
SKVVHFLGWF,stronger,106.49159399999999,PBD 366,V,H,4,5,R,V,0.8925164150564909,V,H,366,FALSE,0.7759614036328946,TRUE,116.71804,0.9123833299462533
SKVEQFLGWF,no significant difference,105.21275,PBD 366,E,Q,4,5,R,V,0.8799954660247501,E,Q,366,FALSE,0.7759614036328946,TRUE,116.71804,0.9014266346487655
SGRNWFFDWL,weaker,79.32999699999999,PBD 363,N,F,4,7,F,S,0.33222469244146896,N,F,363,FALSE,0.7381315366280661,FALSE,100.260289,0.7912404581239536
GGPGKAPRLLLLV,weaker,81.99140199999998,PBD 246,G,A,4,6,V,P,0.10356134195238129,G,A,246,FALSE,0.5586905293176915,FALSE,98.54540899999999,0.8320164564946906
SKVVPFLGWF,weaker,105.852788,PBD 366,V,P,4,5,R,V,0.32403075441868456,V,P,366,FALSE,0.7759614036328946,FALSE,116.71804,0.9069102599735225
SKVEHFLGWF,no significant difference,105.21275,PBD 366,E,H,4,5,R,V,0.8673619575902947,E,H,366,FALSE,0.7759614036328946,TRUE,116.71804,0.9014266346487655
SGRIWFVDWL,weaker,80.348591,PBD 363,I,V,4,7,F,S,0.1428844390586251,I,V,363,FALSE,0.7381315366280661,FALSE,100.260289,0.8013999540735415
GGPFKFPRLLLLV,weaker,79.468,PBD 246,F,F,4,6,V,P,-0.2521352077971261,F,F,246,FALSE,0.5586905293176915,FALSE,98.54540899999999,0.8064099668001785
SGRTWFKDWL,weaker,80.348591,PBD 363,T,K,4,7,F,S,0.21683589066903383,T,K,363,FALSE,0.7381315366280661,FALSE,100.260289,0.8013999540735415
SKVEPFLGWF,no significant difference,104.57394399999998,PBD 366,E,P,4,5,R,V,0.2836950866122507,E,P,366,FALSE,0.7759614036328946,FALSE,116.71804,0.8959535646760345
GGGRKPVKDYVVL,weaker,80.04784500000001,PBD 250,K,K,5,8,Y,V,-0.1245385328066008,K,K,250,FALSE,0.40823475510954577,FALSE,94.087798,0.8507781742325398
SGRTWFNDWL,weaker,80.348591,PBD 363,T,N,4,7,F,S,0.2367272433962676,T,N,363,FALSE,0.7381315366280661,FALSE,100.260289,0.8013999540735415
GGPGKGPRLLLLV,weaker,79.858955,PBD 246,G,G,4,6,V,P,-0.1268071978482162,G,G,246,FALSE,0.5586905293176915,FALSE,98.54540899999999,0.8103772241688093
SGRIWF*DWL,weaker,NA,PBD 363,I,*,4,7,F,S,0.04841505179270138,I,*,363,FALSE,0.7381315366280661,FALSE,100.260289,NA
GGGRKPVNDYVVL,weaker,79.97129400000001,PBD 250,K,N,5,8,Y,V,-0.1031996752210292,K,N,250,FALSE,0.40823475510954577,FALSE,94.087798,0.8499645618234153
SGRTWFTDWL,stronger,85.97087,PBD 363,T,T,4,7,F,S,0.8695985843808369,T,T,363,FALSE,0.7381315366280661,TRUE,100.260289,0.8574767822582279
SGRIWFYDWL,weaker,80.859708,PBD 363,I,Y,4,7,F,S,0.30791128624977204,I,Y,363,FALSE,0.7381315366280661,FALSE,100.260289,0.8064978547987229
GGGRKPVTDYVVL,weaker,81.332345,PBD 250,K,T,5,8,Y,V,0.11162262436621428,K,T,250,FALSE,0.40823475510954577,FALSE,94.087798,0.8644303164582511
GGPGKVPRLLLLV,weaker,80.23111199999998,PBD 246,G,V,4,6,V,P,-0.22582771357036524,G,V,246,FALSE,0.5586905293176915,FALSE,98.54540899999999,0.8141537268367316
SKVVLFLGWF,no significant difference,107.130401,PBD 366,V,L,4,5,R,V,0.7817900246010883,V,L,366,FALSE,0.7759614036328946,TRUE,116.71804,0.9178564084866402
SKVELFLGWF,no significant difference,105.85155699999999,PBD 366,E,L,4,5,R,V,0.7795455247556906,E,L,366,FALSE,0.7759614036328946,TRUE,116.71804,0.9068997131891521
SGRTWFRDWL,weaker,80.348591,PBD 363,T,R,4,7,F,S,0.19240967479844523,T,R,363,FALSE,0.7381315366280661,FALSE,100.260289,0.8013999540735415
GGGRKPVRDYVVL,weaker,81.37894800000001,PBD 250,K,R,5,8,Y,V,0.03917616337039329,K,R,250,FALSE,0.40823475510954577,FALSE,94.087798,0.8649256304202166
SGRTWFSDWL,stronger,94.148729,PBD 363,T,S,4,7,F,S,0.8564969746100266,T,S,363,FALSE,0.7381315366280661,TRUE,100.260289,0.939043064198628
GGPGK*PRLLLLV,weaker,NA,PBD 246,G,*,4,6,V,P,0.19138209376728477,G,*,246,FALSE,0.5586905293176915,FALSE,98.54540899999999,NA
SKVVEFLGWF,stronger,105.852788,PBD 366,V,E,4,5,R,V,0.9548974828334246,V,E,366,FALSE,0.7759614036328946,TRUE,116.71804,0.9069102599735225
SKVEEFLGWF,stronger,104.57394399999998,PBD 366,E,E,4,5,R,V,0.8643246224462249,E,E,366,FALSE,0.7759614036328946,TRUE,116.71804,0.8959535646760345
SGRIWFWDWL,weaker,80.348591,PBD 363,I,W,4,7,F,S,0.289882027399942,I,W,363,FALSE,0.7381315366280661,FALSE,100.260289,0.8013999540735415
GGGRKPVSDYVVL,weaker,80.409345,PBD 250,K,S,5,8,Y,V,-0.05747363774489545,K,S,250,FALSE,0.40823475510954577,FALSE,94.087798,0.8546203302579151
SGRTWFMDWL,weaker,80.348591,PBD 363,T,M,4,7,F,S,0.21666703515443672,T,M,363,FALSE,0.7381315366280661,FALSE,100.260289,0.8013999540735415
GGPGKYPRLLLLV,weaker,79.958442,PBD 246,G,Y,4,6,V,P,-0.2208398443518247,G,Y,246,FALSE,0.5586905293176915,FALSE,98.54540899999999,0.8113867790634469
SKVVDFLGWF,stronger,105.852788,PBD 366,V,D,4,5,R,V,0.8423995286108413,V,D,366,FALSE,0.7759614036328946,TRUE,116.71804,0.9069102599735225
SKVEDFLGWF,no significant difference,104.57394399999998,PBD 366,E,D,4,5,R,V,0.7062980212933238,E,D,366,FALSE,0.7759614036328946,FALSE,116.71804,0.8959535646760345
SGRIWFCDWL,weaker,80.348591,PBD 363,I,C,4,7,F,S,0.2497892200224914,I,C,363,FALSE,0.7381315366280661,FALSE,100.260289,0.8013999540735415
GGGRKPVMDYVVL,weaker,80.283377,PBD 250,K,M,5,8,Y,V,-0.21324910385878248,K,M,250,FALSE,0.40823475510954577,FALSE,94.087798,0.8532814956515402
SGRTWFIDWL,weaker,80.348591,PBD 363,T,I,4,7,F,S,0.2513013957295959,T,I,363,FALSE,0.7381315366280661,FALSE,100.260289,0.8013999540735415
SKVVAFLGWF,stronger,105.852788,PBD 366,V,A,4,5,R,V,0.8510334486372844,V,A,366,FALSE,0.7759614036328946,TRUE,116.71804,0.9069102599735225
SKVEAFLGWF,no significant difference,104.57394399999998,PBD 366,E,A,4,5,R,V,0.7431089855700534,E,A,366,FALSE,0.7759614036328946,FALSE,116.71804,0.8959535646760345
GGGRKPVIDYVVL,weaker,82.54863200000001,PBD 250,K,I,5,8,Y,V,0.02150686224964566,K,I,250,FALSE,0.40823475510954577,FALSE,94.087798,0.8773574656301342
SGRTWFQDWL,weaker,80.348591,PBD 363,T,Q,4,7,F,S,0.26532266656749304,T,Q,363,FALSE,0.7381315366280661,FALSE,100.260289,0.8013999540735415
SGRIWFFDWL,weaker,80.348591,PBD 363,I,F,4,7,F,S,0.4318539286295389,I,F,363,FALSE,0.7381315366280661,FALSE,100.260289,0.8013999540735415
GGGRKPVQDYVVL,weaker,80.181909,PBD 250,K,Q,5,8,Y,V,0.09027549810855034,K,Q,250,FALSE,0.40823475510954577,FALSE,94.087798,0.8522030561284897
SGRTWFHDWL,weaker,80.348591,PBD 363,T,H,4,7,F,S,0.28919044556567275,T,H,363,FALSE,0.7381315366280661,FALSE,100.260289,0.8013999540735415
GGPGKWPRLLLLV,weaker,79.932238,PBD 246,G,W,4,6,V,P,-0.25590470300516976,G,W,246,FALSE,0.5586905293176915,FALSE,98.54540899999999,0.8111208711914728
SKVVGFLGWF,weaker,105.852788,PBD 366,V,G,4,5,R,V,0.6902279635785694,V,G,366,FALSE,0.7759614036328946,FALSE,116.71804,0.9069102599735225
SKVEGFLGWF,weaker,104.57394399999998,PBD 366,E,G,4,5,R,V,0.5941709872994985,E,G,366,FALSE,0.7759614036328946,FALSE,116.71804,0.8959535646760345
SGRQWFKDWL,weaker,79.32999699999999,PBD 363,Q,K,4,7,F,S,0.19860182681819177,Q,K,363,FALSE,0.7381315366280661,FALSE,100.260289,0.7912404581239536
GGGRKPVHDYVVL,weaker,79.990401,PBD 250,K,H,5,8,Y,V,0.19064069034765568,K,H,250,FALSE,0.40823475510954577,FALSE,94.087798,0.8501676381032958
SGRTWFPDWL,weaker,80.348591,PBD 363,T,P,4,7,F,S,0.20307510369466336,T,P,363,FALSE,0.7381315366280661,FALSE,100.260289,0.8013999540735415
GGPGKCPRLLLLV,weaker,79.83437499999998,PBD 246,G,C,4,6,V,P,-0.23105267356225984,G,C,246,FALSE,0.5586905293176915,FALSE,98.54540899999999,0.8101277960092488
SGRQWFNDWL,weaker,79.32999699999999,PBD 363,Q,N,4,7,F,S,0.2574411424038981,Q,N,363,FALSE,0.7381315366280661,FALSE,100.260289,0.7912404581239536
GGGRKPVPDYVVL,weaker,81.248636,PBD 250,K,P,5,8,Y,V,0.12267549738011044,K,P,250,FALSE,0.40823475510954577,FALSE,94.087798,0.8635406261713129
SKVVVFLGWF,stronger,110.96324099999998,PBD 366,V,V,4,5,R,V,0.8623607569699345,V,V,366,FALSE,0.7759614036328946,TRUE,116.71804,0.9506948625936485
SKVEVFLGWF,stronger,109.68439699999999,PBD 366,E,V,4,5,R,V,0.8546797152306491,E,V,366,FALSE,0.7759614036328946,TRUE,116.71804,0.9397381672961608
SGRQWFTDWL,no significant difference,84.952276,PBD 363,Q,T,4,7,F,S,0.745091172641499,Q,T,363,FALSE,0.7381315366280661,TRUE,100.260289,0.8473172863086401
GGPGKFPRLLLLV,weaker,80.079041,PBD 246,G,F,4,6,V,P,-0.16555506711666218,G,F,246,FALSE,0.5586905293176915,FALSE,98.54540899999999,0.812610570219461
SKVV*FLGWF,weaker,NA,PBD 366,V,*,4,5,R,V,0.23496892734658417,V,*,366,FALSE,0.7759614036328946,FALSE,116.71804,NA
SKVE*FLGWF,weaker,NA,PBD 366,E,*,4,5,R,V,0.2637784067766966,E,*,366,FALSE,0.7759614036328946,FALSE,116.71804,NA
SGRQWFRDWL,weaker,79.32999699999999,PBD 363,Q,R,4,7,F,S,0.18442751360645884,Q,R,363,FALSE,0.7381315366280661,FALSE,100.260289,0.7912404581239536
GGGRKPVLDYVVL,weaker,80.118334,PBD 250,K,L,5,8,Y,V,0.03057159042896469,K,L,250,FALSE,0.40823475510954577,FALSE,94.087798,0.8515273574581903
SGRTWFLDWL,weaker,80.348591,PBD 363,T,L,4,7,F,S,0.2047456061066878,T,L,363,FALSE,0.7381315366280661,FALSE,100.260289,0.8013999540735415
SKVVYFLGWF,no significant difference,105.852788,PBD 366,V,Y,4,5,R,V,0.7690222418252823,V,Y,366,FALSE,0.7759614036328946,FALSE,116.71804,0.9069102599735225
SKVEYFLGWF,no significant difference,104.57394399999998,PBD 366,E,Y,4,5,R,V,0.7586948512633136,E,Y,366,FALSE,0.7759614036328946,FALSE,116.71804,0.8959535646760345
SGRQWFSDWL,stronger,93.130135,PBD 363,Q,S,4,7,F,S,0.7804271189761883,Q,S,363,FALSE,0.7381315366280661,TRUE,100.260289,0.9288835682490402
SGRQWFMDWL,weaker,79.32999699999999,PBD 363,Q,M,4,7,F,S,0.2028530280719068,Q,M,363,FALSE,0.7381315366280661,FALSE,100.260289,0.7912404581239536
GGGRKPVEDYVVL,weaker,80.342796,PBD 250,K,E,5,8,Y,V,-0.03167028246101276,K,E,250,FALSE,0.40823475510954577,FALSE,94.087798,0.8539130228130113
SGRTWFEDWL,weaker,80.348591,PBD 363,T,E,4,7,F,S,0.3247659165499468,T,E,363,FALSE,0.7381315366280661,FALSE,100.260289,0.8013999540735415
SGRQWFIDWL,weaker,79.32999699999999,PBD 363,Q,I,4,7,F,S,0.32261400018796654,Q,I,363,FALSE,0.7381315366280661,FALSE,100.260289,0.7912404581239536
GGGRKPVDDYVVL,weaker,79.99044300000001,PBD 250,K,D,5,8,Y,V,-0.09890219661280145,K,D,250,FALSE,0.40823475510954577,FALSE,94.087798,0.8501680844948674
SGRTWFDDWL,weaker,80.348591,PBD 363,T,D,4,7,F,S,0.27668480444884963,T,D,363,FALSE,0.7381315366280661,FALSE,100.260289,0.8013999540735415
SKVVWFLGWF,weaker,106.49159399999999,PBD 366,V,W,4,5,R,V,0.7058290419214974,V,W,366,FALSE,0.7759614036328946,FALSE,116.71804,0.9123833299462533
SKVEWFLGWF,no significant difference,105.21275,PBD 366,E,W,4,5,R,V,0.667073779156633,E,W,366,FALSE,0.7759614036328946,FALSE,116.71804,0.9014266346487655
SGRQWFQDWL,weaker,79.32999699999999,PBD 363,Q,Q,4,7,F,S,0.19064069034765588,Q,Q,363,FALSE,0.7381315366280661,FALSE,100.260289,0.7912404581239536
GGGRKPVADYVVL,weaker,83.58028900000001,PBD 250,K,A,5,8,Y,V,0.14047941695557956,K,A,250,FALSE,0.40823475510954577,FALSE,94.087798,0.8883222987108276
SGRTWFADWL,weaker,80.348591,PBD 363,T,A,4,7,F,S,0.24592770637299655,T,A,363,FALSE,0.7381315366280661,FALSE,100.260289,0.8013999540735415
SKVVCFLGWF,stronger,106.49159399999999,PBD 366,V,C,4,5,R,V,0.8376256335559644,V,C,366,FALSE,0.7759614036328946,TRUE,116.71804,0.9123833299462533
SKVECFLGWF,no significant difference,105.21275,PBD 366,E,C,4,5,R,V,0.8093159695217994,E,C,366,FALSE,0.7759614036328946,TRUE,116.71804,0.9014266346487655
SGRQWFHDWL,weaker,79.32999699999999,PBD 363,Q,H,4,7,F,S,0.15462806016711209,Q,H,363,FALSE,0.7381315366280661,FALSE,100.260289,0.7912404581239536
SGRQWFPDWL,weaker,79.32999699999999,PBD 363,Q,P,4,7,F,S,0.26690408484701467,Q,P,363,FALSE,0.7381315366280661,FALSE,100.260289,0.7912404581239536
GGGRKPVGDYVVL,weaker,80.08892800000001,PBD 250,K,G,5,8,Y,V,-0.1278791430508007,K,G,250,FALSE,0.40823475510954577,FALSE,94.087798,0.8512148195879768
SGRTWFGDWL,weaker,80.348591,PBD 363,T,G,4,7,F,S,0.3342244083063567,T,G,363,FALSE,0.7381315366280661,FALSE,100.260289,0.8013999540735415
SKVVFFLGWF,no significant difference,106.49159399999999,PBD 366,V,F,4,5,R,V,0.735735051783569,V,F,366,FALSE,0.7759614036328946,FALSE,116.71804,0.9123833299462533
SKVEFFLGWF,no significant difference,105.21275,PBD 366,E,F,4,5,R,V,0.7477666880456351,E,F,366,FALSE,0.7759614036328946,FALSE,116.71804,0.9014266346487655
SKVDKFLGWF,no significant difference,105.21275,PBD 366,D,K,4,5,R,V,0.6211746732494292,D,K,366,FALSE,0.7759614036328946,FALSE,116.71804,0.9014266346487655
GGGRKPVVDYVVL,weaker,88.02241900000001,PBD 250,K,V,5,8,Y,V,-0.11126623564621368,K,V,250,FALSE,0.40823475510954577,FALSE,94.087798,0.9355349032613135
SGRTWFVDWL,weaker,80.348591,PBD 363,T,V,4,7,F,S,0.23120723113022737,T,V,363,FALSE,0.7381315366280661,FALSE,100.260289,0.8013999540735415
SKVDNFLGWF,weaker,104.57394399999998,PBD 366,D,N,4,5,R,V,0.6328318332558089,D,N,366,FALSE,0.7759614036328946,FALSE,116.71804,0.8959535646760345
SKVDTFLGWF,no significant difference,108.40678399999999,PBD 366,D,T,4,5,R,V,0.7092673726873541,D,T,366,FALSE,0.7759614036328946,FALSE,116.71804,0.9287920187830432
SGRQWFLDWL,weaker,79.32999699999999,PBD 363,Q,L,4,7,F,S,0.18486039028181375,Q,L,363,FALSE,0.7381315366280661,FALSE,100.260289,0.7912404581239536
GGGRKPV*DYVVL,weaker,NA,PBD 250,K,*,5,8,Y,V,-0.06952862171851808,K,*,250,FALSE,0.40823475510954577,FALSE,94.087798,NA
SGRTWF*DWL,weaker,NA,PBD 363,T,*,4,7,F,S,0.2151617425160919,T,*,363,FALSE,0.7381315366280661,FALSE,100.260289,NA
GGGRKPVYDYVVL,weaker,79.97129400000001,PBD 250,K,Y,5,8,Y,V,-0.11430396637173144,K,Y,250,FALSE,0.40823475510954577,FALSE,94.087798,0.8499645618234153
SGRTWFYDWL,weaker,80.859708,PBD 363,T,Y,4,7,F,S,0.20749739210819504,T,Y,363,FALSE,0.7381315366280661,FALSE,100.260289,0.8064978547987229
SKVDRFLGWF,weaker,105.85155699999999,PBD 366,D,R,4,5,R,V,0.6395864360720256,D,R,366,FALSE,0.7759614036328946,FALSE,116.71804,0.9068997131891521
SGRQWFEDWL,weaker,79.32999699999999,PBD 363,Q,E,4,7,F,S,0.3060784501335966,Q,E,363,FALSE,0.7381315366280661,FALSE,100.260289,0.7912404581239536
SKVDSFLGWF,weaker,106.490364,PBD 366,D,S,4,5,R,V,0.5800345889721223,D,S,366,FALSE,0.7759614036328946,FALSE,116.71804,0.912372791729539
SGRQWFDDWL,weaker,79.32999699999999,PBD 363,Q,D,4,7,F,S,0.3448213014929317,Q,D,363,FALSE,0.7381315366280661,FALSE,100.260289,0.7912404581239536
SKVDMFLGWF,weaker,104.57394399999998,PBD 366,D,M,4,5,R,V,0.5985578941527898,D,M,366,FALSE,0.7759614036328946,FALSE,116.71804,0.8959535646760345
SGRQWFADWL,weaker,79.32999699999999,PBD 363,Q,A,4,7,F,S,0.2614862228978466,Q,A,363,FALSE,0.7381315366280661,FALSE,100.260289,0.7912404581239536
GGGRKPVWDYVVL,weaker,79.97129400000001,PBD 250,K,W,5,8,Y,V,-0.21415160843283385,K,W,250,FALSE,0.40823475510954577,FALSE,94.087798,0.8499645618234153
SGRTWFWDWL,weaker,80.348591,PBD 363,T,W,4,7,F,S,0.3849523257799577,T,W,363,FALSE,0.7381315366280661,FALSE,100.260289,0.8013999540735415
SKVDIFLGWF,weaker,107.12916999999999,PBD 366,D,I,4,5,R,V,0.6200948544802298,D,I,366,FALSE,0.7759614036328946,FALSE,116.71804,0.9178458617022697
GGGRKPVCDYVVL,weaker,79.97129400000001,PBD 250,K,C,5,8,Y,V,-0.21928139822817028,K,C,250,FALSE,0.40823475510954577,FALSE,94.087798,0.8499645618234153
SGRTWFCDWL,weaker,80.348591,PBD 363,T,C,4,7,F,S,0.36203158585808026,T,C,363,FALSE,0.7381315366280661,FALSE,100.260289,0.8013999540735415
SKVDQFLGWF,weaker,105.21275,PBD 366,D,Q,4,5,R,V,0.5848761670865542,D,Q,366,FALSE,0.7759614036328946,FALSE,116.71804,0.9014266346487655
SGRQWFGDWL,weaker,79.32999699999999,PBD 363,Q,G,4,7,F,S,0.3508578937407968,Q,G,363,FALSE,0.7381315366280661,FALSE,100.260289,0.7912404581239536
SKVDHFLGWF,no significant difference,105.21275,PBD 366,D,H,4,5,R,V,0.6340315725726176,D,H,366,FALSE,0.7759614036328946,FALSE,116.71804,0.9014266346487655
GGGRKPVFDYVVL,weaker,79.97129400000001,PBD 250,K,F,5,8,Y,V,-0.03785867921943717,K,F,250,FALSE,0.40823475510954577,FALSE,94.087798,0.8499645618234153
SGRTWFFDWL,weaker,80.348591,PBD 363,T,F,4,7,F,S,0.4148084022170144,T,F,363,FALSE,0.7381315366280661,FALSE,100.260289,0.8013999540735415
SKVDPFLGWF,weaker,104.57394399999998,PBD 366,D,P,4,5,R,V,0.16769350849058356,D,P,366,FALSE,0.7759614036328946,FALSE,116.71804,0.8959535646760345
SGRQWFVDWL,weaker,79.32999699999999,PBD 363,Q,V,4,7,F,S,0.1789558320970891,Q,V,363,FALSE,0.7381315366280661,FALSE,100.260289,0.7912404581239536
GGGRNPVKDYVVL,no significant difference,80.04784500000001,PBD 250,N,K,5,8,Y,V,0.24554080755764485,N,K,250,FALSE,0.40823475510954577,FALSE,94.087798,0.8507781742325398
GGGRNPVNDYVVL,weaker,79.97129400000001,PBD 250,N,N,5,8,Y,V,-0.09835877787340558,N,N,250,FALSE,0.40823475510954577,FALSE,94.087798,0.8499645618234153
SGRQWF*DWL,weaker,NA,PBD 363,Q,*,4,7,F,S,0.06464109169036449,Q,*,363,FALSE,0.7381315366280661,FALSE,100.260289,NA
GGGRNPVTDYVVL,weaker,81.332345,PBD 250,N,T,5,8,Y,V,0.04902460363538311,N,T,250,FALSE,0.40823475510954577,FALSE,94.087798,0.8644303164582511
SGRQWFYDWL,weaker,79.84111399999999,PBD 363,Q,Y,4,7,F,S,0.3100794177501345,Q,Y,363,FALSE,0.7381315366280661,FALSE,100.260289,0.7963383588491351
GGGRNPVRDYVVL,weaker,81.37894800000001,PBD 250,N,R,5,8,Y,V,-0.05747363774489545,N,R,250,FALSE,0.40823475510954577,FALSE,94.087798,0.8649256304202166
GGGRNPVSDYVVL,weaker,80.409345,PBD 250,N,S,5,8,Y,V,0.05071652008943599,N,S,250,FALSE,0.40823475510954577,FALSE,94.087798,0.8546203302579151
SKVDEFLGWF,no significant difference,104.57394399999998,PBD 366,D,E,4,5,R,V,0.6002589110879588,D,E,366,FALSE,0.7759614036328946,FALSE,116.71804,0.8959535646760345
SGRQWFWDWL,weaker,79.32999699999999,PBD 363,Q,W,4,7,F,S,0.3300376436989243,Q,W,363,FALSE,0.7381315366280661,FALSE,100.260289,0.7912404581239536
GGGRNPVMDYVVL,weaker,80.283377,PBD 250,N,M,5,8,Y,V,0.04764304702384161,N,M,250,FALSE,0.40823475510954577,FALSE,94.087798,0.8532814956515402
SKVDDFLGWF,weaker,104.57394399999998,PBD 366,D,D,4,5,R,V,0.5320910211852767,D,D,366,FALSE,0.7759614036328946,FALSE,116.71804,0.8959535646760345
SGRQWFCDWL,weaker,79.32999699999999,PBD 363,Q,C,4,7,F,S,0.2144562116776456,Q,C,363,FALSE,0.7381315366280661,FALSE,100.260289,0.7912404581239536
GGGRNPVIDYVVL,weaker,82.54863200000001,PBD 250,N,I,5,8,Y,V,-0.195808264326654,N,I,250,FALSE,0.40823475510954577,FALSE,94.087798,0.8773574656301342
SKVDAFLGWF,weaker,104.57394399999998,PBD 366,D,A,4,5,R,V,0.5263281651181065,D,A,366,FALSE,0.7759614036328946,FALSE,116.71804,0.8959535646760345
GGGRNPVQDYVVL,weaker,80.181909,PBD 250,N,Q,5,8,Y,V,0.00503394094963859,N,Q,250,FALSE,0.40823475510954577,FALSE,94.087798,0.8522030561284897
SGRQWFFDWL,weaker,79.32999699999999,PBD 363,Q,F,4,7,F,S,0.28370323403444614,Q,F,363,FALSE,0.7381315366280661,FALSE,100.260289,0.7912404581239536
GGGRNPVHDYVVL,weaker,79.990401,PBD 250,N,H,5,8,Y,V,0.03534645953550779,N,H,250,FALSE,0.40823475510954577,FALSE,94.087798,0.8501676381032958
SKVDGFLGWF,weaker,104.57394399999998,PBD 366,D,G,4,5,R,V,0.5379997958874932,D,G,366,FALSE,0.7759614036328946,FALSE,116.71804,0.8959535646760345
SGRHWFKDWL,weaker,79.32999699999999,PBD 363,H,K,4,7,F,S,0.10130030037353654,H,K,363,FALSE,0.7381315366280661,FALSE,100.260289,0.7912404581239536
GGGRNPVPDYVVL,weaker,81.248636,PBD 250,N,P,5,8,Y,V,0.12284773392305336,N,P,250,FALSE,0.40823475510954577,FALSE,94.087798,0.8635406261713129
SGRHWFNDWL,weaker,79.32999699999999,PBD 363,H,N,4,7,F,S,0.16034596191364095,H,N,363,FALSE,0.7381315366280661,FALSE,100.260289,0.7912404581239536
SKVDVFLGWF,weaker,109.68439699999999,PBD 366,D,V,4,5,R,V,0.6470260431017261,D,V,366,FALSE,0.7759614036328946,FALSE,116.71804,0.9397381672961608
SGRHWFTDWL,no significant difference,84.952276,PBD 363,H,T,4,7,F,S,0.6753142703898977,H,T,363,FALSE,0.7381315366280661,FALSE,100.260289,0.8473172863086401
GGGRNPVLDYVVL,weaker,80.118334,PBD 250,N,L,5,8,Y,V,0.01008298324056911,N,L,250,FALSE,0.40823475510954577,FALSE,94.087798,0.8515273574581903
SKVD*FLGWF,weaker,NA,PBD 366,D,*,4,5,R,V,0.15232635191913035,D,*,366,FALSE,0.7759614036328946,FALSE,116.71804,NA
SGRHWFRDWL,weaker,79.32999699999999,PBD 363,H,R,4,7,F,S,0.15302884504387573,H,R,363,FALSE,0.7381315366280661,FALSE,100.260289,0.7912404581239536
SKVDYFLGWF,weaker,104.57394399999998,PBD 366,D,Y,4,5,R,V,0.5086575038175531,D,Y,366,FALSE,0.7759614036328946,FALSE,116.71804,0.8959535646760345
SGRHWFSDWL,no significant difference,93.130135,PBD 363,H,S,4,7,F,S,0.7226020067386374,H,S,363,FALSE,0.7381315366280661,FALSE,100.260289,0.9288835682490402
GGGRNPVEDYVVL,weaker,80.342796,PBD 250,N,E,5,8,Y,V,-0.07637131840535889,N,E,250,FALSE,0.40823475510954577,FALSE,94.087798,0.8539130228130113
SGRHWFMDWL,weaker,79.32999699999999,PBD 363,H,M,4,7,F,S,0.2199044713638452,H,M,363,FALSE,0.7381315366280661,FALSE,100.260289,0.7912404581239536
GGGRNPVDDYVVL,weaker,79.99044300000001,PBD 250,N,D,5,8,Y,V,-0.12636378275863286,N,D,250,FALSE,0.40823475510954577,FALSE,94.087798,0.8501680844948674
SGRHWFIDWL,weaker,79.32999699999999,PBD 363,H,I,4,7,F,S,0.09328272711217198,H,I,363,FALSE,0.7381315366280661,FALSE,100.260289,0.7912404581239536
GGGRNPVADYVVL,weaker,83.58028900000001,PBD 250,N,A,5,8,Y,V,0.03794197390650817,N,A,250,FALSE,0.40823475510954577,FALSE,94.087798,0.8883222987108276
SKVDWFLGWF,weaker,105.21275,PBD 366,D,W,4,5,R,V,0.4292471544224687,D,W,366,FALSE,0.7759614036328946,FALSE,116.71804,0.9014266346487655
SGRHWFQDWL,weaker,79.32999699999999,PBD 363,H,Q,4,7,F,S,0.10816165726878628,H,Q,363,FALSE,0.7381315366280661,FALSE,100.260289,0.7912404581239536
SKVCWFLGWF,weaker,105.21275,PBD 366,C,W,4,5,R,V,0.6048153470687169,C,W,366,FALSE,0.7759614036328946,FALSE,116.71804,0.9014266346487655
SGRHWFHDWL,weaker,79.32999699999999,PBD 363,H,H,4,7,F,S,0.14269809833977393,H,H,363,FALSE,0.7381315366280661,FALSE,100.260289,0.7912404581239536
GGGRNPVGDYVVL,weaker,80.08892800000001,PBD 250,N,G,5,8,Y,V,0.0128992194277223,N,G,250,FALSE,0.40823475510954577,FALSE,94.087798,0.8512148195879768
SKVCCFLGWF,no significant difference,105.21275,PBD 366,C,C,4,5,R,V,0.758152032784738,C,C,366,FALSE,0.7759614036328946,FALSE,116.71804,0.9014266346487655
SGRHWFPDWL,weaker,79.32999699999999,PBD 363,H,P,4,7,F,S,0.1811412485860655,H,P,363,FALSE,0.7381315366280661,FALSE,100.260289,0.7912404581239536
SKVCLFLGWF,weaker,105.85155699999999,PBD 366,C,L,4,5,R,V,0.7331141025586013,C,L,366,FALSE,0.7759614036328946,FALSE,116.71804,0.9068997131891521
GGGRNPVVDYVVL,weaker,88.02241900000001,PBD 250,N,V,5,8,Y,V,-0.16330529822885104,N,V,250,FALSE,0.40823475510954577,FALSE,94.087798,0.9355349032613135
SKVCFFLGWF,no significant difference,105.21275,PBD 366,C,F,4,5,R,V,0.6825061543364467,C,F,366,FALSE,0.7759614036328946,FALSE,116.71804,0.9014266346487655
SKV*KFLGWF,weaker,NA,PBD 366,*,K,4,5,R,V,0.21199448997638456,*,K,366,FALSE,0.7759614036328946,FALSE,116.71804,NA
SKV*NFLGWF,weaker,NA,PBD 366,*,N,4,5,R,V,0.2147289104233421,*,N,366,FALSE,0.7759614036328946,FALSE,116.71804,NA
GGGRNPV*DYVVL,weaker,NA,PBD 250,N,*,5,8,Y,V,-0.09774904146674204,N,*,250,FALSE,0.40823475510954577,FALSE,94.087798,NA
SKV*TFLGWF,weaker,NA,PBD 366,*,T,4,5,R,V,0.3970438775813899,*,T,366,FALSE,0.7759614036328946,FALSE,116.71804,NA
SGRHWFLDWL,weaker,79.32999699999999,PBD 363,H,L,4,7,F,S,0.19513366909224583,H,L,363,FALSE,0.7381315366280661,FALSE,100.260289,0.7912404581239536
GGGRNPVYDYVVL,weaker,79.97129400000001,PBD 250,N,Y,5,8,Y,V,-0.08370928668799596,N,Y,250,FALSE,0.40823475510954577,FALSE,94.087798,0.8499645618234153
SKV*RFLGWF,weaker,NA,PBD 366,*,R,4,5,R,V,0.2813632911937287,*,R,366,FALSE,0.7759614036328946,FALSE,116.71804,NA
SGRHWFEDWL,weaker,79.32999699999999,PBD 363,H,E,4,7,F,S,0.292859647068141,H,E,363,FALSE,0.7381315366280661,FALSE,100.260289,0.7912404581239536
SKV*SFLGWF,weaker,NA,PBD 366,*,S,4,5,R,V,0.2811952626634304,*,S,366,FALSE,0.7759614036328946,FALSE,116.71804,NA
SGRHWFDDWL,weaker,79.32999699999999,PBD 363,H,D,4,7,F,S,0.3931518463855856,H,D,363,FALSE,0.7381315366280661,FALSE,100.260289,0.7912404581239536
GGGRNPVWDYVVL,weaker,79.97129400000001,PBD 250,N,W,5,8,Y,V,-0.16214961378103043,N,W,250,FALSE,0.40823475510954577,FALSE,94.087798,0.8499645618234153
SKV*MFLGWF,weaker,NA,PBD 366,*,M,4,5,R,V,0.2777249895646821,*,M,366,FALSE,0.7759614036328946,FALSE,116.71804,NA
SGRHWFADWL,weaker,79.32999699999999,PBD 363,H,A,4,7,F,S,0.20963889053674417,H,A,363,FALSE,0.7381315366280661,FALSE,100.260289,0.7912404581239536
GGGRNPVCDYVVL,weaker,79.97129400000001,PBD 250,N,C,5,8,Y,V,-0.05235822370188822,N,C,250,FALSE,0.40823475510954577,FALSE,94.087798,0.8499645618234153
SKV*IFLGWF,weaker,NA,PBD 366,*,I,4,5,R,V,0.3694083801821482,*,I,366,FALSE,0.7759614036328946,FALSE,116.71804,NA
SKV*QFLGWF,weaker,NA,PBD 366,*,Q,4,5,R,V,0.2484612541445421,*,Q,366,FALSE,0.7759614036328946,FALSE,116.71804,NA
SGRHWFGDWL,weaker,79.32999699999999,PBD 363,H,G,4,7,F,S,0.17995027292573898,H,G,363,FALSE,0.7381315366280661,FALSE,100.260289,0.7912404581239536
GGGRNPVFDYVVL,weaker,79.97129400000001,PBD 250,N,F,5,8,Y,V,-0.12384664037641573,N,F,250,FALSE,0.40823475510954577,FALSE,94.087798,0.8499645618234153
SKV*HFLGWF,weaker,NA,PBD 366,*,H,4,5,R,V,0.38908250190655574,*,H,366,FALSE,0.7759614036328946,FALSE,116.71804,NA
GGGRTPVKDYVVL,weaker,80.161603,PBD 250,T,K,5,8,Y,V,0.05141452198210737,T,K,250,FALSE,0.40823475510954577,FALSE,94.087798,0.8519872364320822
SKV*PFLGWF,weaker,NA,PBD 366,*,P,4,5,R,V,0.13675889802692212,*,P,366,FALSE,0.7759614036328946,FALSE,116.71804,NA
SGRHWFVDWL,weaker,79.32999699999999,PBD 363,H,V,4,7,F,S,0.14693271251275675,H,V,363,FALSE,0.7381315366280661,FALSE,100.260289,0.7912404581239536
GGGRTPVNDYVVL,weaker,80.085052,PBD 250,T,N,5,8,Y,V,0.07059520895626788,T,N,250,FALSE,0.40823475510954577,FALSE,94.087798,0.8511736240229578
SGRRWFKDWL,weaker,79.839294,PBD 363,R,K,4,7,F,S,0.10140412545899452,R,K,363,FALSE,0.7381315366280661,FALSE,100.260289,0.7963202060987475
GGGRTPVRDYVVL,weaker,81.492706,PBD 250,T,R,5,8,Y,V,0.0967148793423047,T,R,250,FALSE,0.40823475510954577,FALSE,94.087798,0.8661346926197592
SGRRWFNDWL,weaker,79.839294,PBD 363,R,N,4,7,F,S,0.15193080161177097,R,N,363,FALSE,0.7381315366280661,FALSE,100.260289,0.7963202060987475
SGRHWF*DWL,weaker,NA,PBD 363,H,*,4,7,F,S,0.04823985904530524,H,*,363,FALSE,0.7381315366280661,FALSE,100.260289,NA
GGGRTPVSDYVVL,weaker,80.523103,PBD 250,T,S,5,8,Y,V,0.0932827271121722,T,S,250,FALSE,0.40823475510954577,FALSE,94.087798,0.8558293924574577
SGRRWFTDWL,no significant difference,85.461573,PBD 363,R,T,4,7,F,S,0.7349444836509094,R,T,363,FALSE,0.7381315366280661,FALSE,100.260289,0.852397034283434
SKV*LFLGWF,weaker,NA,PBD 366,*,L,4,5,R,V,0.22805578813602503,*,L,366,FALSE,0.7759614036328946,FALSE,116.71804,NA
SGRHWFYDWL,weaker,79.84111399999999,PBD 363,H,Y,4,7,F,S,0.14776569911640297,H,Y,363,FALSE,0.7381315366280661,FALSE,100.260289,0.7963383588491351
GGGRTPVMDYVVL,weaker,80.397135,PBD 250,T,M,5,8,Y,V,0.14990693455833476,T,M,250,FALSE,0.40823475510954577,FALSE,94.087798,0.8544905578510829
GGGRTPVIDYVVL,weaker,82.66239,PBD 250,T,I,5,8,Y,V,-0.03681732754262962,T,I,250,FALSE,0.40823475510954577,FALSE,94.087798,0.8785665278296767
SGRRWFRDWL,weaker,79.839294,PBD 363,R,R,4,7,F,S,0.13798101762357382,R,R,363,FALSE,0.7381315366280661,FALSE,100.260289,0.7963202060987475
SKV*EFLGWF,weaker,NA,PBD 366,*,E,4,5,R,V,0.27814611013740737,*,E,366,FALSE,0.7759614036328946,FALSE,116.71804,NA
GGGRTPVQDYVVL,weaker,80.29566700000001,PBD 250,T,Q,5,8,Y,V,0.13194752857530367,T,Q,250,FALSE,0.40823475510954577,FALSE,94.087798,0.8534121183280323
SGRRWFSDWL,no significant difference,93.639432,PBD 363,R,S,4,7,F,S,0.7786228867256367,R,S,363,FALSE,0.7381315366280661,TRUE,100.260289,0.9339633162238341
SKV*DFLGWF,weaker,NA,PBD 366,*,D,4,5,R,V,0.2336442748928708,*,D,366,FALSE,0.7759614036328946,FALSE,116.71804,NA
SGRHWFWDWL,weaker,79.32999699999999,PBD 363,H,W,4,7,F,S,0.2492895733318797,H,W,363,FALSE,0.7381315366280661,FALSE,100.260289,0.7912404581239536
GGGRTPVHDYVVL,weaker,80.10415900000001,PBD 250,T,H,5,8,Y,V,0.11820378653962042,T,H,250,FALSE,0.40823475510954577,FALSE,94.087798,0.8513767003028385
SGRRWFMDWL,weaker,79.839294,PBD 363,R,M,4,7,F,S,0.06794761671306461,R,M,363,FALSE,0.7381315366280661,FALSE,100.260289,0.7963202060987475
SKV*AFLGWF,weaker,NA,PBD 366,*,A,4,5,R,V,0.15964062769723186,*,A,366,FALSE,0.7759614036328946,FALSE,116.71804,NA
SGRHWFCDWL,weaker,79.32999699999999,PBD 363,H,C,4,7,F,S,0.1990048615410399,H,C,363,FALSE,0.7381315366280661,FALSE,100.260289,0.7912404581239536
SGRRWFIDWL,weaker,79.839294,PBD 363,R,I,4,7,F,S,0.19036651059156567,R,I,363,FALSE,0.7381315366280661,FALSE,100.260289,0.7963202060987475
GGGRTPVLDYVVL,weaker,80.23209200000001,PBD 250,T,L,5,8,Y,V,-0.00412864383377762,T,L,250,FALSE,0.40823475510954577,FALSE,94.087798,0.852736419657733
SGRRWFQDWL,weaker,79.839294,PBD 363,R,Q,4,7,F,S,0.14169525198967936,R,Q,363,FALSE,0.7381315366280661,FALSE,100.260289,0.7963202060987475
SKV*GFLGWF,weaker,NA,PBD 366,*,G,4,5,R,V,0.24930490065281816,*,G,366,FALSE,0.7759614036328946,FALSE,116.71804,NA
SGRHWFFDWL,no significant difference,79.32999699999999,PBD 363,H,F,4,7,F,S,0.34141092977562054,H,F,363,FALSE,0.7381315366280661,FALSE,100.260289,0.7912404581239536
GGGRTPVEDYVVL,weaker,80.45655400000001,PBD 250,T,E,5,8,Y,V,0.02815108133969272,T,E,250,FALSE,0.40823475510954577,FALSE,94.087798,0.8551220850125539
SGRRWFHDWL,weaker,79.839294,PBD 363,R,H,4,7,F,S,0.20363063974814585,R,H,363,FALSE,0.7381315366280661,FALSE,100.260289,0.7963202060987475
SGRPWFKDWL,weaker,79.32999699999999,PBD 363,P,K,4,7,F,S,0.23761145428180008,P,K,363,FALSE,0.7381315366280661,FALSE,100.260289,0.7912404581239536
GGGRTPVDDYVVL,weaker,80.104201,PBD 250,T,D,5,8,Y,V,-0.00831800621001475,T,D,250,FALSE,0.40823475510954577,FALSE,94.087798,0.8513771466944098
SGRRWFPDWL,weaker,79.839294,PBD 363,R,P,4,7,F,S,0.17712179357784558,R,P,363,FALSE,0.7381315366280661,FALSE,100.260289,0.7963202060987475
SKV*VFLGWF,weaker,NA,PBD 366,*,V,4,5,R,V,0.2389061428406984,*,V,366,FALSE,0.7759614036328946,FALSE,116.71804,NA
SGRPWFNDWL,weaker,79.32999699999999,PBD 363,P,N,4,7,F,S,0.2268647486387472,P,N,363,FALSE,0.7381315366280661,FALSE,100.260289,0.7912404581239536
GGGRTPVGDYVVL,weaker,80.202686,PBD 250,T,G,5,8,Y,V,0.05058339969261625,T,G,250,FALSE,0.40823475510954577,FALSE,94.087798,0.8524238817875193
SGRPWFTDWL,no significant difference,84.952276,PBD 363,P,T,4,7,F,S,0.6822647398395957,P,T,363,FALSE,0.7381315366280661,FALSE,100.260289,0.8473172863086401
SKV**FLGWF,weaker,NA,PBD 366,*,*,4,5,R,V,0.19882685815571963,*,*,366,FALSE,0.7759614036328946,FALSE,116.71804,NA
GGGRTPVVDYVVL,weaker,88.136177,PBD 250,T,V,5,8,Y,V,0.04063733191539238,T,V,250,FALSE,0.40823475510954577,FALSE,94.087798,0.936743965460856
SKV*YFLGWF,weaker,NA,PBD 366,*,Y,4,5,R,V,0.22627667237016777,*,Y,366,FALSE,0.7759614036328946,FALSE,116.71804,NA
SGRPWFRDWL,weaker,79.32999699999999,PBD 363,P,R,4,7,F,S,0.19945231670643948,P,R,363,FALSE,0.7381315366280661,FALSE,100.260289,0.7912404581239536
SGRRWFLDWL,weaker,79.839294,PBD 363,R,L,4,7,F,S,0.1708148218160511,R,L,363,FALSE,0.7381315366280661,FALSE,100.260289,0.7963202060987475
SGRPWFSDWL,no significant difference,93.130135,PBD 363,P,S,4,7,F,S,0.734566680580202,P,S,363,FALSE,0.7381315366280661,FALSE,100.260289,0.9288835682490402
GGGRTPV*DYVVL,weaker,NA,PBD 250,T,*,5,8,Y,V,0.05419726512010139,T,*,250,FALSE,0.40823475510954577,FALSE,94.087798,NA
SGRPWFMDWL,weaker,79.32999699999999,PBD 363,P,M,4,7,F,S,0.29896946148954817,P,M,363,FALSE,0.7381315366280661,FALSE,100.260289,0.7912404581239536
GGGRTPVYDYVVL,weaker,80.085052,PBD 250,T,Y,5,8,Y,V,-0.05816781855355904,T,Y,250,FALSE,0.40823475510954577,FALSE,94.087798,0.8511736240229578
SGRRWFEDWL,weaker,79.839294,PBD 363,R,E,4,7,F,S,0.1656478972799906,R,E,363,FALSE,0.7381315366280661,FALSE,100.260289,0.7963202060987475
SKV*WFLGWF,weaker,NA,PBD 366,*,W,4,5,R,V,0.2583190670831715,*,W,366,FALSE,0.7759614036328946,FALSE,116.71804,NA
SGRPWFIDWL,weaker,79.32999699999999,PBD 363,P,I,4,7,F,S,0.19988784740925425,P,I,363,FALSE,0.7381315366280661,FALSE,100.260289,0.7912404581239536
GGGRTPVWDYVVL,weaker,80.085052,PBD 250,T,W,5,8,Y,V,0.0036349207954462,T,W,250,FALSE,0.40823475510954577,FALSE,94.087798,0.8511736240229578
SGRRWFDDWL,weaker,79.839294,PBD 363,R,D,4,7,F,S,0.30190988497317006,R,D,363,FALSE,0.7381315366280661,FALSE,100.260289,0.7963202060987475
SKV*CFLGWF,weaker,NA,PBD 366,*,C,4,5,R,V,0.30438557132753397,*,C,366,FALSE,0.7759614036328946,FALSE,116.71804,NA
SGRPWFQDWL,weaker,79.32999699999999,PBD 363,P,Q,4,7,F,S,0.24440308259370672,P,Q,363,FALSE,0.7381315366280661,FALSE,100.260289,0.7912404581239536
GGGRTPVCDYVVL,weaker,80.085052,PBD 250,T,C,5,8,Y,V,-0.01221995974575597,T,C,250,FALSE,0.40823475510954577,FALSE,94.087798,0.8511736240229578
SGRRWFADWL,weaker,79.839294,PBD 363,R,A,4,7,F,S,0.19953762511192225,R,A,363,FALSE,0.7381315366280661,FALSE,100.260289,0.7963202060987475
SGRPWFHDWL,weaker,79.32999699999999,PBD 363,P,H,4,7,F,S,0.10449572801472191,P,H,363,FALSE,0.7381315366280661,FALSE,100.260289,0.7912404581239536
SKV*FFLGWF,weaker,NA,PBD 366,*,F,4,5,R,V,0.22123924058400649,*,F,366,FALSE,0.7759614036328946,FALSE,116.71804,NA
SGREWFKDWL,weaker,79.32999699999999,PBD 363,E,K,4,7,F,S,0.20497291794691097,E,K,363,FALSE,0.7381315366280661,FALSE,100.260289,0.7912404581239536
SGRPWFPDWL,weaker,79.32999699999999,PBD 363,P,P,4,7,F,S,0.250034550391012,P,P,363,FALSE,0.7381315366280661,FALSE,100.260289,0.7912404581239536
GGGRTPVFDYVVL,weaker,80.085052,PBD 250,T,F,5,8,Y,V,-0.09648341106767731,T,F,250,FALSE,0.40823475510954577,FALSE,94.087798,0.8511736240229578
SGRRWFGDWL,weaker,79.839294,PBD 363,R,G,4,7,F,S,0.24483670779146716,R,G,363,FALSE,0.7381315366280661,FALSE,100.260289,0.7963202060987475
SKVYKFLGWF,no significant difference,107.13101599999999,PBD 366,Y,K,4,5,R,V,0.7973210311842781,Y,K,366,FALSE,0.7759614036328946,TRUE,116.71804,0.9178616775949971
SGREWFNDWL,weaker,79.32999699999999,PBD 363,E,N,4,7,F,S,0.2599295436260812,E,N,363,FALSE,0.7381315366280661,FALSE,100.260289,0.7912404581239536
SKVYNFLGWF,no significant difference,106.49221,PBD 366,Y,N,4,5,R,V,0.7714067591167758,Y,N,366,FALSE,0.7759614036328946,FALSE,116.71804,0.9123886076222665
SGREWFTDWL,no significant difference,84.952276,PBD 363,E,T,4,7,F,S,0.7683741460334444,E,T,363,FALSE,0.7381315366280661,TRUE,100.260289,0.8473172863086401
GGGRTPVTDYVVL,no significant difference,81.44610300000001,PBD 250,T,T,5,8,Y,V,0.10744596416412316,T,T,250,FALSE,0.40823475510954577,FALSE,94.087798,0.8656393786577937
SGRRWFVDWL,weaker,79.839294,PBD 363,R,V,4,7,F,S,0.20330573670317423,R,V,363,FALSE,0.7381315366280661,FALSE,100.260289,0.7963202060987475
SKVFKFLGWF,no significant difference,105.852172,PBD 366,F,K,4,5,R,V,0.7567109155194603,F,K,366,FALSE,0.7759614036328946,FALSE,116.71804,0.9069049822975094
SKVYTFLGWF,stronger,110.32505,PBD 366,Y,T,4,5,R,V,0.8570064098059316,Y,T,366,FALSE,0.7759614036328946,TRUE,116.71804,0.9452270617292751
SKVFNFLGWF,no significant difference,105.213366,PBD 366,F,N,4,5,R,V,0.7512787339031823,F,N,366,FALSE,0.7759614036328946,FALSE,116.71804,0.9014319123247785
SGREWFRDWL,weaker,79.32999699999999,PBD 363,E,R,4,7,F,S,0.17917745238593938,E,R,363,FALSE,0.7381315366280661,FALSE,100.260289,0.7912404581239536
SGRPWFLDWL,weaker,79.32999699999999,PBD 363,P,L,4,7,F,S,0.19096713779596705,P,L,363,FALSE,0.7381315366280661,FALSE,100.260289,0.7912404581239536
SGRRWF*DWL,weaker,NA,PBD 363,R,*,4,7,F,S,0.02888479394334625,R,*,363,FALSE,0.7381315366280661,FALSE,100.260289,NA
SKVFTFLGWF,stronger,109.04620599999998,PBD 366,F,T,4,5,R,V,0.817947283409632,F,T,366,FALSE,0.7759614036328946,TRUE,116.71804,0.9342703664317871
SKVYRFLGWF,stronger,107.769823,PBD 366,Y,R,4,5,R,V,0.8065254030507811,Y,R,366,FALSE,0.7759614036328946,TRUE,116.71804,0.9233347561353841
SGREWFSDWL,stronger,93.130135,PBD 363,E,S,4,7,F,S,0.8403809466734554,E,S,363,FALSE,0.7381315366280661,TRUE,100.260289,0.9288835682490402
SGRRWFYDWL,weaker,80.350411,PBD 363,R,Y,4,7,F,S,0.19621145070563417,R,Y,363,FALSE,0.7381315366280661,FALSE,100.260289,0.801418106823929
SKVYSFLGWF,no significant difference,108.40862999999999,PBD 366,Y,S,4,5,R,V,0.764429862242537,Y,S,366,FALSE,0.7759614036328946,FALSE,116.71804,0.9288078346757707
SGREWFMDWL,weaker,79.32999699999999,PBD 363,E,M,4,7,F,S,0.32290413193090245,E,M,363,FALSE,0.7381315366280661,FALSE,100.260289,0.7912404581239536
SGRPWFEDWL,weaker,79.32999699999999,PBD 363,P,E,4,7,F,S,0.31363545066885024,P,E,363,FALSE,0.7381315366280661,FALSE,100.260289,0.7912404581239536
SKVFRFLGWF,no significant difference,106.49097899999998,PBD 366,F,R,4,5,R,V,0.7419483604016875,F,R,366,FALSE,0.7759614036328946,FALSE,116.71804,0.912378060837896
SKVYMFLGWF,no significant difference,106.49221,PBD 366,Y,M,4,5,R,V,0.7573627241227006,Y,M,366,FALSE,0.7759614036328946,FALSE,116.71804,0.9123886076222665
SGREWFIDWL,weaker,79.32999699999999,PBD 363,E,I,4,7,F,S,0.1975156783194428,E,I,363,FALSE,0.7381315366280661,FALSE,100.260289,0.7912404581239536
SGRPWFDDWL,weaker,79.32999699999999,PBD 363,P,D,4,7,F,S,0.30074854361695047,P,D,363,FALSE,0.7381315366280661,FALSE,100.260289,0.7912404581239536
SKVFSFLGWF,no significant difference,107.129786,PBD 366,F,S,4,5,R,V,0.7427593365292336,F,S,366,FALSE,0.7759614036328946,FALSE,116.71804,0.9178511393782829
SKVYIFLGWF,no significant difference,109.047436,PBD 366,Y,I,4,5,R,V,0.6609150481995738,Y,I,366,FALSE,0.7759614036328946,FALSE,116.71804,0.9342809046485017
SGREWFQDWL,weaker,79.32999699999999,PBD 363,E,Q,4,7,F,S,0.11028730737220174,E,Q,363,FALSE,0.7381315366280661,FALSE,100.260289,0.7912404581239536
SGRPWFADWL,weaker,79.32999699999999,PBD 363,P,A,4,7,F,S,0.22862827645267153,P,A,363,FALSE,0.7381315366280661,FALSE,100.260289,0.7912404581239536
SGRRWFWDWL,weaker,79.839294,PBD 363,R,W,4,7,F,S,0.2500681307886254,R,W,363,FALSE,0.7381315366280661,FALSE,100.260289,0.7963202060987475
SKVFMFLGWF,weaker,105.213366,PBD 366,F,M,4,5,R,V,0.6771021409813546,F,M,366,FALSE,0.7759614036328946,FALSE,116.71804,0.9014319123247785
SKVYQFLGWF,no significant difference,107.13101599999999,PBD 366,Y,Q,4,5,R,V,0.8834364174025556,Y,Q,366,FALSE,0.7759614036328946,TRUE,116.71804,0.9178616775949971
SGREWFHDWL,weaker,79.32999699999999,PBD 363,E,H,4,7,F,S,0.21514547835589723,E,H,363,FALSE,0.7381315366280661,FALSE,100.260289,0.7912404581239536
SGRRWFCDWL,weaker,79.839294,PBD 363,R,C,4,7,F,S,0.19498025688934328,R,C,363,FALSE,0.7381315366280661,FALSE,100.260289,0.7963202060987475
SKVFIFLGWF,weaker,107.76859199999998,PBD 366,F,I,4,5,R,V,0.6439568454485455,F,I,366,FALSE,0.7759614036328946,FALSE,116.71804,0.9233242093510137
SKVYHFLGWF,no significant difference,107.13101599999999,PBD 366,Y,H,4,5,R,V,0.7861291182300455,Y,H,366,FALSE,0.7759614036328946,TRUE,116.71804,0.9178616775949971
SGREWFPDWL,weaker,79.32999699999999,PBD 363,E,P,4,7,F,S,0.22667252310787356,E,P,363,FALSE,0.7381315366280661,FALSE,100.260289,0.7912404581239536
SGRPWFGDWL,weaker,79.32999699999999,PBD 363,P,G,4,7,F,S,0.2755994715913219,P,G,363,FALSE,0.7381315366280661,FALSE,100.260289,0.7912404581239536
SKVFQFLGWF,no significant difference,105.852172,PBD 366,F,Q,4,5,R,V,0.7843028839969923,F,Q,366,FALSE,0.7759614036328946,TRUE,116.71804,0.9069049822975094
SKVYPFLGWF,weaker,106.49221,PBD 366,Y,P,4,5,R,V,0.2933514100834304,Y,P,366,FALSE,0.7759614036328946,FALSE,116.71804,0.9123886076222665
SGRRWFFDWL,weaker,79.839294,PBD 363,R,F,4,7,F,S,0.35258672756717163,R,F,363,FALSE,0.7381315366280661,FALSE,100.260289,0.7963202060987475
SKVFHFLGWF,no significant difference,105.852172,PBD 366,F,H,4,5,R,V,0.749447721421265,F,H,366,FALSE,0.7759614036328946,FALSE,116.71804,0.9069049822975094
SGRPWFVDWL,weaker,79.32999699999999,PBD 363,P,V,4,7,F,S,0.2162109546714688,P,V,363,FALSE,0.7381315366280661,FALSE,100.260289,0.7912404581239536
SKVFPFLGWF,weaker,105.213366,PBD 366,F,P,4,5,R,V,0.2813387254735993,F,P,366,FALSE,0.7759614036328946,FALSE,116.71804,0.9014319123247785
SKVYLFLGWF,weaker,107.769823,PBD 366,Y,L,4,5,R,V,0.6764782545877456,Y,L,366,FALSE,0.7759614036328946,FALSE,116.71804,0.9233347561353841
SGREWFLDWL,weaker,79.32999699999999,PBD 363,E,L,4,7,F,S,0.17701791736099853,E,L,363,FALSE,0.7381315366280661,FALSE,100.260289,0.7912404581239536
SGRPWF*DWL,weaker,NA,PBD 363,P,*,4,7,F,S,0.13692627534439075,P,*,363,FALSE,0.7381315366280661,FALSE,100.260289,NA
SGRPWFYDWL,weaker,79.84111399999999,PBD 363,P,Y,4,7,F,S,0.16003843077743404,P,Y,363,FALSE,0.7381315366280661,FALSE,100.260289,0.7963383588491351
SKVYEFLGWF,stronger,106.49221,PBD 366,Y,E,4,5,R,V,0.8693462954315623,Y,E,366,FALSE,0.7759614036328946,TRUE,116.71804,0.9123886076222665
SGREWFEDWL,weaker,79.32999699999999,PBD 363,E,E,4,7,F,S,0.3304294097188861,E,E,363,FALSE,0.7381315366280661,FALSE,100.260289,0.7912404581239536
SKVFLFLGWF,weaker,106.49097899999998,PBD 366,F,L,4,5,R,V,0.6119350254583379,F,L,366,FALSE,0.7759614036328946,FALSE,116.71804,0.912378060837896
SKVYDFLGWF,no significant difference,106.49221,PBD 366,Y,D,4,5,R,V,0.7202378607535057,Y,D,366,FALSE,0.7759614036328946,FALSE,116.71804,0.9123886076222665
SGREWFDDWL,no significant difference,79.32999699999999,PBD 363,E,D,4,7,F,S,0.488135600864136,E,D,363,FALSE,0.7381315366280661,FALSE,100.260289,0.7912404581239536
SKVYAFLGWF,no significant difference,106.49221,PBD 366,Y,A,4,5,R,V,0.7223221789231867,Y,A,366,FALSE,0.7759614036328946,FALSE,116.71804,0.9123886076222665
SGREWFADWL,weaker,79.32999699999999,PBD 363,E,A,4,7,F,S,0.31018657244786263,E,A,363,FALSE,0.7381315366280661,FALSE,100.260289,0.7912404581239536
SGRPWFWDWL,weaker,79.32999699999999,PBD 363,P,W,4,7,F,S,0.15133097627418757,P,W,363,FALSE,0.7381315366280661,FALSE,100.260289,0.7912404581239536
SKVFEFLGWF,no significant difference,105.213366,PBD 366,F,E,4,5,R,V,0.8133724748246691,F,E,366,FALSE,0.7759614036328946,TRUE,116.71804,0.9014319123247785
SGRPWFCDWL,weaker,79.32999699999999,PBD 363,P,C,4,7,F,S,0.20158846294772648,P,C,363,FALSE,0.7381315366280661,FALSE,100.260289,0.7912404581239536
SKVFDFLGWF,no significant difference,105.213366,PBD 366,F,D,4,5,R,V,0.7083159485254702,F,D,366,FALSE,0.7759614036328946,FALSE,116.71804,0.9014319123247785
SKVYGFLGWF,weaker,106.49221,PBD 366,Y,G,4,5,R,V,0.605040763086103,Y,G,366,FALSE,0.7759614036328946,FALSE,116.71804,0.9123886076222665
SGREWFGDWL,weaker,79.32999699999999,PBD 363,E,G,4,7,F,S,0.33748255179059566,E,G,363,FALSE,0.7381315366280661,FALSE,100.260289,0.7912404581239536
SKVFAFLGWF,weaker,105.213366,PBD 366,F,A,4,5,R,V,0.7015265820439109,F,A,366,FALSE,0.7759614036328946,FALSE,116.71804,0.9014319123247785
SGRPWFFDWL,weaker,79.32999699999999,PBD 363,P,F,4,7,F,S,0.26339420819229425,P,F,363,FALSE,0.7381315366280661,FALSE,100.260289,0.7912404581239536
SKVYVFLGWF,no significant difference,111.602663,PBD 366,Y,V,4,5,R,V,0.7367326398951923,Y,V,366,FALSE,0.7759614036328946,FALSE,116.71804,0.9561732102423928
SGREWFVDWL,weaker,79.32999699999999,PBD 363,E,V,4,7,F,S,0.1951167493752671,E,V,363,FALSE,0.7381315366280661,FALSE,100.260289,0.7912404581239536
SKVFGFLGWF,weaker,105.213366,PBD 366,F,G,4,5,R,V,0.5619919944446741,F,G,366,FALSE,0.7759614036328946,FALSE,116.71804,0.9014319123247785
SKVY*FLGWF,weaker,NA,PBD 366,Y,*,4,5,R,V,0.08454025065651186,Y,*,366,FALSE,0.7759614036328946,FALSE,116.71804,NA
SGREWF*DWL,weaker,NA,PBD 363,E,*,4,7,F,S,0.01080563226765529,E,*,363,FALSE,0.7381315366280661,FALSE,100.260289,NA
SKVFVFLGWF,weaker,110.32381899999999,PBD 366,F,V,4,5,R,V,0.7087516193751773,F,V,366,FALSE,0.7759614036328946,FALSE,116.71804,0.9452165149449047
SKVYYFLGWF,weaker,106.49221,PBD 366,Y,Y,4,5,R,V,0.6572166137873134,Y,Y,366,FALSE,0.7759614036328946,FALSE,116.71804,0.9123886076222665
SGREWFYDWL,weaker,79.84111399999999,PBD 363,E,Y,4,7,F,S,0.2733943291189059,E,Y,363,FALSE,0.7381315366280661,FALSE,100.260289,0.7963383588491351
SKVF*FLGWF,weaker,NA,PBD 366,F,*,4,5,R,V,0.1970489445252689,F,*,366,FALSE,0.7759614036328946,FALSE,116.71804,NA
SKVFYFLGWF,weaker,105.213366,PBD 366,F,Y,4,5,R,V,0.6323779642666001,F,Y,366,FALSE,0.7759614036328946,FALSE,116.71804,0.9014319123247785
SKVYWFLGWF,weaker,107.13101599999999,PBD 366,Y,W,4,5,R,V,0.5800253797223764,Y,W,366,FALSE,0.7759614036328946,FALSE,116.71804,0.9178616775949971
SGREWFWDWL,weaker,79.32999699999999,PBD 363,E,W,4,7,F,S,0.31176486322101077,E,W,363,FALSE,0.7381315366280661,FALSE,100.260289,0.7912404581239536
SKVYCFLGWF,no significant difference,107.13101599999999,PBD 366,Y,C,4,5,R,V,0.7322786178458685,Y,C,366,FALSE,0.7759614036328946,FALSE,116.71804,0.9178616775949971
SGREWFCDWL,weaker,79.32999699999999,PBD 363,E,C,4,7,F,S,0.32369656674685127,E,C,363,FALSE,0.7381315366280661,FALSE,100.260289,0.7912404581239536
SKVFWFLGWF,weaker,105.852172,PBD 366,F,W,4,5,R,V,0.4189879368159281,F,W,366,FALSE,0.7759614036328946,FALSE,116.71804,0.9069049822975094
SKVYFFLGWF,weaker,107.13101599999999,PBD 366,Y,F,4,5,R,V,0.6309869877061268,Y,F,366,FALSE,0.7759614036328946,FALSE,116.71804,0.9178616775949971
SGREWFFDWL,weaker,79.32999699999999,PBD 363,E,F,4,7,F,S,0.3144098079578931,E,F,363,FALSE,0.7381315366280661,FALSE,100.260289,0.7912404581239536
GGGRRPVPDYVVL,no significant difference,81.380942,PBD 250,R,P,5,8,Y,V,0.3061321704839145,R,P,250,FALSE,0.40823475510954577,FALSE,94.087798,0.864946823391488
SKVFCFLGWF,no significant difference,105.852172,PBD 366,F,C,4,5,R,V,0.7375759970957062,F,C,366,FALSE,0.7759614036328946,FALSE,116.71804,0.9069049822975094
SGRDWFKDWL,weaker,79.32999699999999,PBD 363,D,K,4,7,F,S,0.1859822981074401,D,K,363,FALSE,0.7381315366280661,FALSE,100.260289,0.7912404581239536
SGRDWFNDWL,weaker,79.32999699999999,PBD 363,D,N,4,7,F,S,0.2731442863906701,D,N,363,FALSE,0.7381315366280661,FALSE,100.260289,0.7912404581239536
SKVFFFLGWF,no significant difference,105.852172,PBD 366,F,F,4,5,R,V,0.5623888280727953,F,F,366,FALSE,0.7759614036328946,FALSE,116.71804,0.9069049822975094
SGRDWFTDWL,no significant difference,84.952276,PBD 363,D,T,4,7,F,S,0.6717655866439456,D,T,363,FALSE,0.7381315366280661,FALSE,100.260289,0.8473172863086401
GGGRMPVPDYVVL,weaker,81.69368800000001,PBD 250,M,P,5,8,Y,V,0.15292887396067914,M,P,250,FALSE,0.40823475510954577,FALSE,94.087798,0.868270803829419
GGGRMPVRDYVVL,weaker,81.824,PBD 250,M,R,5,8,Y,V,-0.04849548862189957,M,R,250,FALSE,0.40823475510954577,FALSE,94.087798,0.8696558080783227
SGRDWFRDWL,weaker,79.32999699999999,PBD 363,D,R,4,7,F,S,0.15475230399805975,D,R,363,FALSE,0.7381315366280661,FALSE,100.260289,0.7912404581239536
SGRDWFSDWL,no significant difference,93.130135,PBD 363,D,S,4,7,F,S,0.764903794811102,D,S,363,FALSE,0.7381315366280661,TRUE,100.260289,0.9288835682490402
GGGRMPVLDYVVL,weaker,80.56338600000001,PBD 250,M,L,5,8,Y,V,-0.1078665773592432,M,L,250,FALSE,0.40823475510954577,FALSE,94.087798,0.8562575351162964
SGRDWFMDWL,weaker,79.32999699999999,PBD 363,D,M,4,7,F,S,0.19503709969922076,D,M,363,FALSE,0.7381315366280661,FALSE,100.260289,0.7912404581239536
SGRDWFIDWL,weaker,79.32999699999999,PBD 363,D,I,4,7,F,S,0.23342379729822765,D,I,363,FALSE,0.7381315366280661,FALSE,100.260289,0.7912404581239536
GGGRMPVEDYVVL,weaker,80.78784800000001,PBD 250,M,E,5,8,Y,V,0.03127222648644754,M,E,250,FALSE,0.40823475510954577,FALSE,94.087798,0.8586432004711174
SGRDWFQDWL,weaker,79.32999699999999,PBD 363,D,Q,4,7,F,S,0.14779328134841402,D,Q,363,FALSE,0.7381315366280661,FALSE,100.260289,0.7912404581239536
GGGRMPVDDYVVL,no significant difference,80.435495,PBD 250,M,D,5,8,Y,V,0.1294975989822565,M,D,250,FALSE,0.40823475510954577,FALSE,94.087798,0.8548982621529733
SGRDWFHDWL,weaker,79.32999699999999,PBD 363,D,H,4,7,F,S,0.26821918783383797,D,H,363,FALSE,0.7381315366280661,FALSE,100.260289,0.7912404581239536
GGGRMPVADYVVL,weaker,84.02534100000001,PBD 250,M,A,5,8,Y,V,0.08164551622714605,M,A,250,FALSE,0.40823475510954577,FALSE,94.087798,0.8930524763689337
SGRDWFPDWL,weaker,79.32999699999999,PBD 363,D,P,4,7,F,S,0.17895630243418334,D,P,363,FALSE,0.7381315366280661,FALSE,100.260289,0.7912404581239536
GGGRMPVGDYVVL,weaker,80.53398,PBD 250,M,G,5,8,Y,V,-0.2361350905298652,M,G,250,FALSE,0.40823475510954577,FALSE,94.087798,0.8559449972460828
GGGRMPVVDYVVL,weaker,88.467471,PBD 250,M,V,5,8,Y,V,0.07629623462759186,M,V,250,FALSE,0.40823475510954577,FALSE,94.087798,0.9402650809194195
SGRDWFLDWL,weaker,79.32999699999999,PBD 363,D,L,4,7,F,S,0.1952579468389354,D,L,363,FALSE,0.7381315366280661,FALSE,100.260289,0.7912404581239536
GGGRMPV*DYVVL,weaker,NA,PBD 250,M,*,5,8,Y,V,-0.01076563747375054,M,*,250,FALSE,0.40823475510954577,FALSE,94.087798,NA
SGRDWFEDWL,weaker,79.32999699999999,PBD 363,D,E,4,7,F,S,0.25511117550630014,D,E,363,FALSE,0.7381315366280661,FALSE,100.260289,0.7912404581239536
GGGRMPVYDYVVL,weaker,80.416346,PBD 250,M,Y,5,8,Y,V,-0.16214961378103043,M,Y,250,FALSE,0.40823475510954577,FALSE,94.087798,0.8546947394815213
SGRDWFDDWL,weaker,79.32999699999999,PBD 363,D,D,4,7,F,S,0.4377207135945472,D,D,363,FALSE,0.7381315366280661,FALSE,100.260289,0.7912404581239536
GGGRMPVSDYVVL,weaker,80.854397,PBD 250,M,S,5,8,Y,V,-0.08701795664492362,M,S,250,FALSE,0.40823475510954577,FALSE,94.087798,0.8593505079160212
SGRDWFADWL,weaker,79.32999699999999,PBD 363,D,A,4,7,F,S,0.2961049880601432,D,A,363,FALSE,0.7381315366280661,FALSE,100.260289,0.7912404581239536
GGGRMPVWDYVVL,no significant difference,80.416346,PBD 250,M,W,5,8,Y,V,-0.04147634776657585,M,W,250,FALSE,0.40823475510954577,FALSE,94.087798,0.8546947394815213
SGRDWFGDWL,weaker,79.32999699999999,PBD 363,D,G,4,7,F,S,0.2382479557420647,D,G,363,FALSE,0.7381315366280661,FALSE,100.260289,0.7912404581239536
GGGRMPVCDYVVL,no significant difference,80.416346,PBD 250,M,C,5,8,Y,V,0.1058739682479739,M,C,250,FALSE,0.40823475510954577,FALSE,94.087798,0.8546947394815213
SGRDWFVDWL,weaker,79.32999699999999,PBD 363,D,V,4,7,F,S,0.12345658418610014,D,V,363,FALSE,0.7381315366280661,FALSE,100.260289,0.7912404581239536
GGGRMPVFDYVVL,weaker,80.416346,PBD 250,M,F,5,8,Y,V,-0.1921723197441524,M,F,250,FALSE,0.40823475510954577,FALSE,94.087798,0.8546947394815213
GGGRIPVKDYVVL,weaker,80.98167000000001,PBD 250,I,K,5,8,Y,V,-0.07038897377727475,I,K,250,FALSE,0.40823475510954577,FALSE,94.087798,0.8607032125462221
SGRDWF*DWL,weaker,NA,PBD 363,D,*,4,7,F,S,0.00261302996449586,D,*,363,FALSE,0.7381315366280661,FALSE,100.260289,NA
GGGRIPVNDYVVL,weaker,80.90511900000001,PBD 250,I,N,5,8,Y,V,-0.07515647867654761,I,N,250,FALSE,0.40823475510954577,FALSE,94.087798,0.8598896001370976
SGRDWFYDWL,weaker,79.84111399999999,PBD 363,D,Y,4,7,F,S,0.22296330871473963,D,Y,363,FALSE,0.7381315366280661,FALSE,100.260289,0.7963383588491351
GGGRIPVTDYVVL,weaker,82.26617,PBD 250,I,T,5,8,Y,V,0.05226003817763816,I,T,250,FALSE,0.40823475510954577,FALSE,94.087798,0.8743553547719333
GGGRIPVRDYVVL,weaker,82.312773000000007,PBD 250,I,R,5,8,Y,V,-0.04717327180755551,I,R,250,FALSE,0.40823475510954577,FALSE,94.087798,0.8748506687338989
SGRDWFWDWL,weaker,79.32999699999999,PBD 363,D,W,4,7,F,S,0.3202733918104933,D,W,363,FALSE,0.7381315366280661,FALSE,100.260289,0.7912404581239536
GGGRIPVSDYVVL,weaker,81.34317,PBD 250,I,S,5,8,Y,V,0.04709899599874474,I,S,250,FALSE,0.40823475510954577,FALSE,94.087798,0.8645453685715973
SGRDWFCDWL,weaker,79.32999699999999,PBD 363,D,C,4,7,F,S,0.20276156366823897,D,C,363,FALSE,0.7381315366280661,FALSE,100.260289,0.7912404581239536
GGGRIPVMDYVVL,weaker,81.217202,PBD 250,I,M,5,8,Y,V,-0.04086311410488601,I,M,250,FALSE,0.40823475510954577,FALSE,94.087798,0.8632065339652225
GGGRIPVIDYVVL,weaker,83.48245700000001,PBD 250,I,I,5,8,Y,V,-0.03526137585179806,I,I,250,FALSE,0.40823475510954577,FALSE,94.087798,0.8872825039438165
SGRDWFFDWL,weaker,79.32999699999999,PBD 363,D,F,4,7,F,S,0.3859876685976613,D,F,363,FALSE,0.7381315366280661,FALSE,100.260289,0.7912404581239536
GGGRIPVQDYVVL,weaker,81.115734,PBD 250,I,Q,5,8,Y,V,-0.02069396042585754,I,Q,250,FALSE,0.40823475510954577,FALSE,94.087798,0.862128094442172
SGRAWFKDWL,weaker,79.32999699999999,PBD 363,A,K,4,7,F,S,0.1399737615832418,A,K,363,FALSE,0.7381315366280661,FALSE,100.260289,0.7912404581239536
GGGRIPVHDYVVL,weaker,80.924226,PBD 250,I,H,5,8,Y,V,-0.07298441549363918,I,H,250,FALSE,0.40823475510954577,FALSE,94.087798,0.8600926764169781
SGRAWFNDWL,weaker,79.32999699999999,PBD 363,A,N,4,7,F,S,0.27578387089885625,A,N,363,FALSE,0.7381315366280661,FALSE,100.260289,0.7912404581239536
GGGRIPVPDYVVL,no significant difference,82.182461,PBD 250,I,P,5,8,Y,V,0.3665863551891716,I,P,250,FALSE,0.40823475510954577,FALSE,94.087798,0.8734656644849952
SGRAWFTDWL,no significant difference,84.952276,PBD 363,A,T,4,7,F,S,0.7609920600027569,A,T,363,FALSE,0.7381315366280661,TRUE,100.260289,0.8473172863086401
SGRAWFRDWL,weaker,79.32999699999999,PBD 363,A,R,4,7,F,S,0.18764353374041937,A,R,363,FALSE,0.7381315366280661,FALSE,100.260289,0.7912404581239536
SGRAWFSDWL,stronger,93.130135,PBD 363,A,S,4,7,F,S,0.8147368002251629,A,S,363,FALSE,0.7381315366280661,TRUE,100.260289,0.9288835682490402
GGGRIPVLDYVVL,weaker,81.052159,PBD 250,I,L,5,8,Y,V,-0.09538662039497192,I,L,250,FALSE,0.40823475510954577,FALSE,94.087798,0.8614523957718725
SGRAWFMDWL,weaker,79.32999699999999,PBD 363,A,M,4,7,F,S,0.20610467583756947,A,M,363,FALSE,0.7381315366280661,FALSE,100.260289,0.7912404581239536
SGRAWFIDWL,weaker,79.32999699999999,PBD 363,A,I,4,7,F,S,0.23585006437043987,A,I,363,FALSE,0.7381315366280661,FALSE,100.260289,0.7912404581239536
GGGRIPVEDYVVL,weaker,81.276621,PBD 250,I,E,5,8,Y,V,0.03567511698966787,I,E,250,FALSE,0.40823475510954577,FALSE,94.087798,0.8638380611266936
SGRAWFQDWL,weaker,79.32999699999999,PBD 363,A,Q,4,7,F,S,0.20667021524631612,A,Q,363,FALSE,0.7381315366280661,FALSE,100.260289,0.7912404581239536
GGGRIPVDDYVVL,weaker,80.92426800000001,PBD 250,I,D,5,8,Y,V,-0.13421354674641178,I,D,250,FALSE,0.40823475510954577,FALSE,94.087798,0.8600931228085495
SGRAWFHDWL,weaker,79.32999699999999,PBD 363,A,H,4,7,F,S,0.2083601198591748,A,H,363,FALSE,0.7381315366280661,FALSE,100.260289,0.7912404581239536
GGGRIPVADYVVL,weaker,84.514114,PBD 250,I,A,5,8,Y,V,0.09659656306460893,I,A,250,FALSE,0.40823475510954577,FALSE,94.087798,0.8982473370245098
SGRAWFPDWL,weaker,79.32999699999999,PBD 363,A,P,4,7,F,S,0.08606260028659818,A,P,363,FALSE,0.7381315366280661,FALSE,100.260289,0.7912404581239536
GGGRIPVGDYVVL,weaker,81.02275300000001,PBD 250,I,G,5,8,Y,V,-0.20713374265900983,I,G,250,FALSE,0.40823475510954577,FALSE,94.087798,0.861139857901659
GGGRIPVVDYVVL,weaker,88.95624400000001,PBD 250,I,V,5,8,Y,V,0.1754690068114714,I,V,250,FALSE,0.40823475510954577,FALSE,94.087798,0.9454599415749958
SGRAWFLDWL,weaker,79.32999699999999,PBD 363,A,L,4,7,F,S,0.20313562081878717,A,L,363,FALSE,0.7381315366280661,FALSE,100.260289,0.7912404581239536
GGGRIPV*DYVVL,weaker,NA,PBD 250,I,*,5,8,Y,V,-0.2418804231505586,I,*,250,FALSE,0.40823475510954577,FALSE,94.087798,NA
SGRAWFEDWL,weaker,79.32999699999999,PBD 363,A,E,4,7,F,S,0.3086481300942142,A,E,363,FALSE,0.7381315366280661,FALSE,100.260289,0.7912404581239536
GGGRIPVYDYVVL,no significant difference,80.90511900000001,PBD 250,I,Y,5,8,Y,V,-0.03609573018478754,I,Y,250,FALSE,0.40823475510954577,FALSE,94.087798,0.8598896001370976
SGRAWFDDWL,weaker,79.32999699999999,PBD 363,A,D,4,7,F,S,0.433936964847516,A,D,363,FALSE,0.7381315366280661,FALSE,100.260289,0.7912404581239536
SGRAWFADWL,weaker,79.32999699999999,PBD 363,A,A,4,7,F,S,0.2673967847423283,A,A,363,FALSE,0.7381315366280661,FALSE,100.260289,0.7912404581239536
GGGRIPVWDYVVL,weaker,80.90511900000001,PBD 250,I,W,5,8,Y,V,-0.04805589199071588,I,W,250,FALSE,0.40823475510954577,FALSE,94.087798,0.8598896001370976
SGRAWFGDWL,weaker,79.32999699999999,PBD 363,A,G,4,7,F,S,0.27771426462746407,A,G,363,FALSE,0.7381315366280661,FALSE,100.260289,0.7912404581239536
GGGRMPVKDYVVL,weaker,80.492897,PBD 250,M,K,5,8,Y,V,-0.05621972797119769,M,K,250,FALSE,0.40823475510954577,FALSE,94.087798,0.8555083518906458
GGGRIPVCDYVVL,weaker,80.90511900000001,PBD 250,I,C,5,8,Y,V,0.05377936197304265,I,C,250,FALSE,0.40823475510954577,FALSE,94.087798,0.8598896001370976
GGGRMPVNDYVVL,weaker,80.416346,PBD 250,M,N,5,8,Y,V,-0.18853394491891448,M,N,250,FALSE,0.40823475510954577,FALSE,94.087798,0.8546947394815213
SGRAWFVDWL,weaker,79.32999699999999,PBD 363,A,V,4,7,F,S,0.21036177191473893,A,V,363,FALSE,0.7381315366280661,FALSE,100.260289,0.7912404581239536
GGGRMPVTDYVVL,weaker,81.77739700000001,PBD 250,M,T,5,8,Y,V,-0.01428116407672134,M,T,250,FALSE,0.40823475510954577,FALSE,94.087798,0.8691604941163572
GGGRIPVFDYVVL,weaker,80.90511900000001,PBD 250,I,F,5,8,Y,V,-0.33365003581062447,I,F,250,FALSE,0.40823475510954577,FALSE,94.087798,0.8598896001370976
GGGRQPVKDYVVL,weaker,80.051246,PBD 250,Q,K,5,8,Y,V,0.06800470060214163,Q,K,250,FALSE,0.40823475510954577,FALSE,94.087798,0.8508143213214534
SGRAWF*DWL,weaker,NA,PBD 363,A,*,4,7,F,S,0.16319587659995896,A,*,363,FALSE,0.7381315366280661,FALSE,100.260289,NA
GGGRQPVWDYVVL,weaker,79.97469500000001,PBD 250,Q,W,5,8,Y,V,0.11253772441993765,Q,W,250,FALSE,0.40823475510954577,FALSE,94.087798,0.8500007089123289
GGGRQPVNDYVVL,weaker,79.97469500000001,PBD 250,Q,N,5,8,Y,V,0.16835188045643965,Q,N,250,FALSE,0.40823475510954577,FALSE,94.087798,0.8500007089123289
SKVWKFLGWF,stronger,106.49159399999999,PBD 366,W,K,4,5,R,V,0.8230700265584383,W,K,366,FALSE,0.7759614036328946,TRUE,116.71804,0.9123833299462533
SGRAWFYDWL,weaker,79.84111399999999,PBD 363,A,Y,4,7,F,S,0.17795634522983023,A,Y,363,FALSE,0.7381315366280661,FALSE,100.260289,0.7963383588491351
GGGRQPVCDYVVL,weaker,79.97469500000001,PBD 250,Q,C,5,8,Y,V,-0.02142433743558757,Q,C,250,FALSE,0.40823475510954577,FALSE,94.087798,0.8500007089123289
GGGRQPVTDYVVL,weaker,81.335746,PBD 250,Q,T,5,8,Y,V,0.12748621021726042,Q,T,250,FALSE,0.40823475510954577,FALSE,94.087798,0.8644664635471647
SKVWNFLGWF,no significant difference,105.852788,PBD 366,W,N,4,5,R,V,0.7508401611112295,W,N,366,FALSE,0.7759614036328946,FALSE,116.71804,0.9069102599735225
GGGRMPVMDYVVL,weaker,80.728429,PBD 250,M,M,5,8,Y,V,-0.08187030980602214,M,M,250,FALSE,0.40823475510954577,FALSE,94.087798,0.8580116733096463
GGGRQPVLDYVVL,weaker,80.121735,PBD 250,Q,L,5,8,Y,V,0.02729755929684012,Q,L,250,FALSE,0.40823475510954577,FALSE,94.087798,0.8515635045471039
SKVWTFLGWF,stronger,109.68562800000001,PBD 366,W,T,4,5,R,V,0.8724337105219577,W,T,366,FALSE,0.7759614036328946,TRUE,116.71804,0.9397487140805312
GGGRMPVIDYVVL,no significant difference,82.993684,PBD 250,M,I,5,8,Y,V,0.13534765690777653,M,I,250,FALSE,0.40823475510954577,FALSE,94.087798,0.8820876432882402
GGGRQPVFDYVVL,weaker,79.97469500000001,PBD 250,Q,F,5,8,Y,V,-0.07997279986166665,Q,F,250,FALSE,0.40823475510954577,FALSE,94.087798,0.8500007089123289
GGGRQPVRDYVVL,weaker,81.382349,PBD 250,Q,R,5,8,Y,V,0.04166485808707208,Q,R,250,FALSE,0.40823475510954577,FALSE,94.087798,0.8649617775091304
SGRAWFWDWL,weaker,79.32999699999999,PBD 363,A,W,4,7,F,S,0.30703375358027574,A,W,363,FALSE,0.7381315366280661,FALSE,100.260289,0.7912404581239536
GGGRMPVQDYVVL,weaker,80.62696100000001,PBD 250,M,Q,5,8,Y,V,0.07394848592631163,M,Q,250,FALSE,0.40823475510954577,FALSE,94.087798,0.8569332337865958
GGGRHPVKDYVVL,weaker,80.362831,PBD 250,H,K,5,8,Y,V,0.11253772441993788,H,K,250,FALSE,0.40823475510954577,FALSE,94.087798,0.85412596222094594
GGGRQPVSDYVVL,weaker,80.412746,PBD 250,Q,S,5,8,Y,V,0.0865973434498035,Q,S,250,FALSE,0.40823475510954577,FALSE,94.087798,0.8546564773468287
SKVWRFLGWF,no significant difference,107.130401,PBD 366,W,R,4,5,R,V,0.7725508981418685,W,R,366,FALSE,0.7759614036328946,FALSE,116.71804,0.9178564084866402
SGRAWFCDWL,weaker,79.32999699999999,PBD 363,A,C,4,7,F,S,0.30671260721168037,A,C,363,FALSE,0.7381315366280661,FALSE,100.260289,0.7912404581239536
GGGRMPVHDYVVL,no significant difference,80.43545300000001,PBD 250,M,H,5,8,Y,V,0.00348417970838787,M,H,250,FALSE,0.40823475510954577,FALSE,94.087798,0.854897815761402
GGGRHPVNDYVVL,weaker,80.28628,PBD 250,H,N,5,8,Y,V,0.11253772441993788,H,N,250,FALSE,0.40823475510954577,FALSE,94.087798,0.8533123498118215
GGGRQPVMDYVVL,weaker,80.286778,PBD 250,Q,M,5,8,Y,V,-0.03620791870754614,Q,M,250,FALSE,0.40823475510954577,FALSE,94.087798,0.8533176427404539
SKVWSFLGWF,no significant difference,107.76920799999999,PBD 366,W,S,4,5,R,V,0.7703123126684531,W,S,366,FALSE,0.7759614036328946,FALSE,116.71804,0.9233294870270268
GGGRHPVTDYVVL,weaker,81.64733100000001,PBD 250,H,T,5,8,Y,V,0.1866183253532725,H,T,250,FALSE,0.40823475510954577,FALSE,94.087798,0.8677781044466574
GGGRQPVIDYVVL,weaker,82.55203300000001,PBD 250,Q,I,5,8,Y,V,0.05295971819344284,Q,I,250,FALSE,0.40823475510954577,FALSE,94.087798,0.8773936127190478
SKVWMFLGWF,weaker,105.852788,PBD 366,W,M,4,5,R,V,0.7344726462241837,W,M,366,FALSE,0.7759614036328946,FALSE,116.71804,0.9069102599735225
SGRAWFFDWL,weaker,79.32999699999999,PBD 363,A,F,4,7,F,S,0.31685514966320666,A,F,363,FALSE,0.7381315366280661,FALSE,100.260289,0.7912404581239536
SGRGWFEDWL,weaker,79.839294,PBD 363,G,E,4,7,F,S,0.17335471742014816,G,E,363,FALSE,0.7381315366280661,FALSE,100.260289,0.7963202060987475
SGRGWFWDWL,weaker,79.839294,PBD 363,G,W,4,7,F,S,0.22651541769735392,G,W,363,FALSE,0.7381315366280661,FALSE,100.260289,0.7963202060987475
GGGRHPVRDYVVL,weaker,81.693934,PBD 250,H,R,5,8,Y,V,0.09828212988234827,H,R,250,FALSE,0.40823475510954577,FALSE,94.087798,0.8682734184086229
SKVWIFLGWF,no significant difference,108.40801399999998,PBD 366,W,I,4,5,R,V,0.6903148609914023,W,I,366,FALSE,0.7759614036328946,FALSE,116.71804,0.9288025569997576
SGRGWFDDWL,weaker,79.839294,PBD 363,G,D,4,7,F,S,0.30080897727904793,G,D,363,FALSE,0.7381315366280661,FALSE,100.260289,0.7963202060987475
SGRGWFCDWL,weaker,79.839294,PBD 363,G,C,4,7,F,S,0.23579145924143555,G,C,363,FALSE,0.7381315366280661,FALSE,100.260289,0.7963202060987475
GGGRHPVSDYVVL,weaker,80.724331,PBD 250,H,S,5,8,Y,V,0.13108218089745116,H,S,250,FALSE,0.40823475510954577,FALSE,94.087798,0.8579681182463214
SKVWQFLGWF,stronger,106.49159399999999,PBD 366,W,Q,4,5,R,V,0.8456275375573082,W,Q,366,FALSE,0.7759614036328946,TRUE,116.71804,0.9123833299462533
SGRGWFADWL,weaker,79.839294,PBD 363,G,A,4,7,F,S,0.18562041241075117,G,A,363,FALSE,0.7381315366280661,FALSE,100.260289,0.7963202060987475
SGRGWFLDWL,weaker,79.839294,PBD 363,G,L,4,7,F,S,0.213886561770398,G,L,363,FALSE,0.7381315366280661,FALSE,100.260289,0.7963202060987475
GGGRHPVMDYVVL,no significant difference,80.598363,PBD 250,H,M,5,8,Y,V,0.06536698096457505,H,M,250,FALSE,0.40823475510954577,FALSE,94.087798,0.8566292836399466
GGGRQPVEDYVVL,weaker,80.346197,PBD 250,Q,E,5,8,Y,V,0.0436475794062004,Q,E,250,FALSE,0.40823475510954577,FALSE,94.087798,0.853949169901925
SKVWHFLGWF,no significant difference,106.49159399999999,PBD 366,W,H,4,5,R,V,0.8117335578864154,W,H,366,FALSE,0.7759614036328946,TRUE,116.71804,0.9123833299462533
SGRGWFFDWL,weaker,79.839294,PBD 363,G,F,4,7,F,S,0.3231489758239834,G,F,363,FALSE,0.7381315366280661,FALSE,100.260289,0.7963202060987475
GGGRHPVIDYVVL,weaker,82.863618,PBD 250,H,I,5,8,Y,V,-0.04721203537384526,H,I,250,FALSE,0.40823475510954577,FALSE,94.087798,0.8807052536185404
GGGRQPVDDYVVL,weaker,79.99384400000001,PBD 250,Q,D,5,8,Y,V,0.10130030037353654,Q,D,250,FALSE,0.40823475510954577,FALSE,94.087798,0.850204231583781
SKVWPFLGWF,weaker,105.852788,PBD 366,W,P,4,5,R,V,0.3224706899926959,W,P,366,FALSE,0.7759614036328946,FALSE,116.71804,0.9069102599735225
SGRGWFGDWL,weaker,79.839294,PBD 363,G,G,4,7,F,S,0.24925545597501997,G,G,363,FALSE,0.7381315366280661,FALSE,100.260289,0.7963202060987475
SGRGWFKDWL,weaker,79.839294,PBD 363,G,K,4,7,F,S,0.1129493703617967,G,K,363,FALSE,0.7381315366280661,FALSE,100.260289,0.7963202060987475
GGGRHPVHDYVVL,weaker,80.30538700000001,PBD 250,H,H,5,8,Y,V,0.09338086522525368,H,H,250,FALSE,0.40823475510954577,FALSE,94.087798,0.8535154260917022
GGGRQPVADYVVL,no significant difference,83.58369,PBD 250,Q,A,5,8,Y,V,0.28612036122026274,Q,A,250,FALSE,0.40823475510954577,FALSE,94.087798,0.8883584457997412
SGRGWFNDWL,weaker,79.839294,PBD 363,G,N,4,7,F,S,0.1927777047076224,G,N,363,FALSE,0.7381315366280661,FALSE,100.260289,0.7963202060987475
GGGRQPVGDYVVL,weaker,80.092329,PBD 250,Q,G,5,8,Y,V,0.01823717259563313,Q,G,250,FALSE,0.40823475510954577,FALSE,94.087798,0.8512509666768905
SGRGWFVDWL,weaker,79.839294,PBD 363,G,V,4,7,F,S,0.1991729357573177,G,V,363,FALSE,0.7381315366280661,FALSE,100.260289,0.7963202060987475
SGRGWFTDWL,no significant difference,85.461573,PBD 363,G,T,4,7,F,S,0.7040713003212855,G,T,363,FALSE,0.7381315366280661,FALSE,100.260289,0.852397034283434
GGGRHPVLDYVVL,weaker,80.43332000000001,PBD 250,H,L,5,8,Y,V,0.0578144485557838,H,L,250,FALSE,0.40823475510954577,FALSE,94.087798,0.8548751454465966
GGGRQPVVDYVVL,weaker,88.02582000000001,PBD 250,Q,V,5,8,Y,V,0.02990300832791222,Q,V,250,FALSE,0.40823475510954577,FALSE,94.087798,0.9355710503502271
SKVWLFLGWF,weaker,107.130401,PBD 366,W,L,4,5,R,V,0.6778194201546657,W,L,366,FALSE,0.7759614036328946,FALSE,116.71804,0.9178564084866402
SGRGWF*DWL,weaker,NA,PBD 363,G,*,4,7,F,S,0.15323022176911566,G,*,363,FALSE,0.7381315366280661,FALSE,100.260289,NA
SGRGWFRDWL,weaker,79.839294,PBD 363,G,R,4,7,F,S,0.13718445158311787,G,R,363,FALSE,0.7381315366280661,FALSE,100.260289,0.7963202060987475
GGGRHPVEDYVVL,weaker,80.65778200000001,PBD 250,H,E,5,8,Y,V,0.04139716235846442,H,E,250,FALSE,0.40823475510954577,FALSE,94.087798,0.8572608108014177
SGRGWFYDWL,weaker,80.350411,PBD 363,G,Y,4,7,F,S,0.14716579731151935,G,Y,363,FALSE,0.7381315366280661,FALSE,100.260289,0.801418106823929
SGRGWFSDWL,no significant difference,93.639432,PBD 363,G,S,4,7,F,S,0.7771750330860552,G,S,363,FALSE,0.7381315366280661,TRUE,100.260289,0.9339633162238341
GGGRHPVDDYVVL,weaker,80.305429,PBD 250,H,D,5,8,Y,V,-0.04027343778726106,H,D,250,FALSE,0.40823475510954577,FALSE,94.087798,0.8535158724832735
GGGRQPV*DYVVL,weaker,NA,PBD 250,Q,*,5,8,Y,V,0.07875216748514423,Q,*,250,FALSE,0.40823475510954577,FALSE,94.087798,NA
SKVWEFLGWF,stronger,105.852788,PBD 366,W,E,4,5,R,V,0.8534113308412973,W,E,366,FALSE,0.7759614036328946,TRUE,116.71804,0.9069102599735225
SGRGWFMDWL,weaker,79.839294,PBD 363,G,M,4,7,F,S,0.18989156005446345,G,M,363,FALSE,0.7381315366280661,FALSE,100.260289,0.7963202060987475
GGGRHPVGDYVVL,weaker,80.403914,PBD 250,H,G,5,8,Y,V,0.0639354615929815,H,G,250,FALSE,0.40823475510954577,FALSE,94.087798,0.854562607576383
GGGRQPVYDYVVL,weaker,79.97469500000001,PBD 250,Q,Y,5,8,Y,V,0.03082526049186167,Q,Y,250,FALSE,0.40823475510954577,FALSE,94.087798,0.8500007089123289
SKVWDFLGWF,weaker,105.852788,PBD 366,W,D,4,5,R,V,0.692751759415342,W,D,366,FALSE,0.7759614036328946,FALSE,116.71804,0.9069102599735225
SGRGWFIDWL,weaker,79.839294,PBD 363,G,I,4,7,F,S,0.24904129235037753,G,I,363,FALSE,0.7381315366280661,FALSE,100.260289,0.7963202060987475
SKVWAFLGWF,weaker,105.852788,PBD 366,W,A,4,5,R,V,0.7135204674802365,W,A,366,FALSE,0.7759614036328946,FALSE,116.71804,0.9069102599735225
SGRGWFQDWL,weaker,79.839294,PBD 363,G,Q,4,7,F,S,0.2060697768696352,G,Q,363,FALSE,0.7381315366280661,FALSE,100.260289,0.7963202060987475
GGGRHPVVDYVVL,weaker,88.337405,PBD 250,H,V,5,8,Y,V,0.07894644806043055,H,V,250,FALSE,0.40823475510954577,FALSE,94.087798,0.9388826912497197
SGRGWFHDWL,weaker,79.839294,PBD 363,G,H,4,7,F,S,0.2074572469312141,G,H,363,FALSE,0.7381315366280661,FALSE,100.260289,0.7963202060987475
SKVCQFLGWF,no significant difference,105.21275,PBD 366,C,Q,4,5,R,V,0.8181688478089727,C,Q,366,FALSE,0.7759614036328946,TRUE,116.71804,0.9014266346487655
SKVWGFLGWF,weaker,105.852788,PBD 366,W,G,4,5,R,V,0.5684745236622126,W,G,366,FALSE,0.7759614036328946,FALSE,116.71804,0.9069102599735225
SGRGWFPDWL,weaker,79.839294,PBD 363,G,P,4,7,F,S,0.09539767531805908,G,P,363,FALSE,0.7381315366280661,FALSE,100.260289,0.7963202060987475
GGGRHPV*DYVVL,weaker,NA,PBD 250,H,*,5,8,Y,V,0.01702539025292857,H,*,250,FALSE,0.40823475510954577,FALSE,94.087798,NA
SKVCHFLGWF,no significant difference,105.21275,PBD 366,C,H,4,5,R,V,0.8352769678268213,C,H,366,FALSE,0.7759614036328946,TRUE,116.71804,0.9014266346487655
GGGRHPVYDYVVL,weaker,80.28628,PBD 250,H,Y,5,8,Y,V,-0.01672623156872564,H,Y,250,FALSE,0.40823475510954577,FALSE,94.087798,0.8533123498118215
SKVCPFLGWF,weaker,104.57394399999998,PBD 366,C,P,4,5,R,V,0.2772300804953989,C,P,366,FALSE,0.7759614036328946,FALSE,116.71804,0.8959535646760345
SKVWVFLGWF,no significant difference,110.96324099999998,PBD 366,W,V,4,5,R,V,0.7783606198008713,W,V,366,FALSE,0.7759614036328946,TRUE,116.71804,0.9506948625936485
SKVCRFLGWF,no significant difference,105.85155699999999,PBD 366,C,R,4,5,R,V,0.8173498372339943,C,R,366,FALSE,0.7759614036328946,TRUE,116.71804,0.9068997131891521
SKVW*FLGWF,weaker,NA,PBD 366,W,*,4,5,R,V,0.26392444150891686,W,*,366,FALSE,0.7759614036328946,FALSE,116.71804,NA
GGGRHPVWDYVVL,weaker,80.28628,PBD 250,H,W,5,8,Y,V,0.07059520895626788,H,W,250,FALSE,0.40823475510954577,FALSE,94.087798,0.8533123498118215
SKVWYFLGWF,weaker,105.852788,PBD 366,W,Y,4,5,R,V,0.6656317488944626,W,Y,366,FALSE,0.7759614036328946,FALSE,116.71804,0.9069102599735225
GGGRHPVCDYVVL,weaker,80.28628,PBD 250,H,C,5,8,Y,V,-0.04040329243540089,H,C,250,FALSE,0.40823475510954577,FALSE,94.087798,0.8533123498118215
GGGRPPVSDYVVL,weaker,80.443528,PBD 250,P,S,5,8,Y,V,0.13192080876509577,P,S,250,FALSE,0.40823475510954577,FALSE,94.087798,0.8549836398551913
GGGRHPVFDYVVL,weaker,80.28628,PBD 250,H,F,5,8,Y,V,-0.10975325911862326,H,F,250,FALSE,0.40823475510954577,FALSE,94.087798,0.8533123498118215
SKVCEFLGWF,stronger,104.57394399999998,PBD 366,C,E,4,5,R,V,0.8852493286653516,C,E,366,FALSE,0.7759614036328946,TRUE,116.71804,0.8959535646760345
SKVWWFLGWF,weaker,106.49159399999999,PBD 366,W,W,4,5,R,V,0.5078016738926454,W,W,366,FALSE,0.7759614036328946,FALSE,116.71804,0.9123833299462533
SKVCDFLGWF,no significant difference,104.57394399999998,PBD 366,C,D,4,5,R,V,0.7542197215857253,C,D,366,FALSE,0.7759614036328946,FALSE,116.71804,0.8959535646760345
SKVWCFLGWF,no significant difference,106.49159399999999,PBD 366,W,C,4,5,R,V,0.7333159134572711,W,C,366,FALSE,0.7759614036328946,FALSE,116.71804,0.9123833299462533
GGGRPPVMDYVVL,weaker,80.31756,PBD 250,P,M,5,8,Y,V,0.01071175830033876,P,M,250,FALSE,0.40823475510954577,FALSE,94.087798,0.8536448052488166
SKVCAFLGWF,no significant difference,104.57394399999998,PBD 366,C,A,4,5,R,V,0.7541678878075091,C,A,366,FALSE,0.7759614036328946,FALSE,116.71804,0.8959535646760345
GGGRPPVIDYVVL,weaker,82.58281500000001,PBD 250,P,I,5,8,Y,V,0.1532575088060505,P,I,250,FALSE,0.40823475510954577,FALSE,94.087798,0.8777207752274105
SKVWFFLGWF,weaker,106.49159399999999,PBD 366,W,F,4,5,R,V,0.6139017586539632,W,F,366,FALSE,0.7759614036328946,FALSE,116.71804,0.9123833299462533
GGGRPPVGDYVVL,weaker,80.12311100000001,PBD 250,P,G,5,8,Y,V,0.12057849371619069,P,G,250,FALSE,0.40823475510954577,FALSE,94.087798,0.8515781291852531
SKVCGFLGWF,weaker,104.57394399999998,PBD 366,C,G,4,5,R,V,0.5855732087656922,C,G,366,FALSE,0.7759614036328946,FALSE,116.71804,0.8959535646760345
SKVCKFLGWF,no significant difference,105.21275,PBD 366,C,K,4,5,R,V,0.840017562535671,C,K,366,FALSE,0.7759614036328946,TRUE,116.71804,0.9014266346487655
GGGRPPVVDYVVL,weaker,88.05660200000001,PBD 250,P,V,5,8,Y,V,0.10500442629812316,P,V,250,FALSE,0.40823475510954577,FALSE,94.087798,0.9358982128585899
SKVCNFLGWF,no significant difference,104.57394399999998,PBD 366,C,N,4,5,R,V,0.7721749209953677,C,N,366,FALSE,0.7759614036328946,FALSE,116.71804,0.8959535646760345
GGGRPPV*DYVVL,weaker,NA,PBD 250,P,*,5,8,Y,V,0.16515966117157949,P,*,250,FALSE,0.40823475510954577,FALSE,94.087798,NA
SKVCVFLGWF,no significant difference,109.68439699999999,PBD 366,C,V,4,5,R,V,0.7845968367078628,C,V,366,FALSE,0.7759614036328946,TRUE,116.71804,0.9397381672961608
SKVCTFLGWF,stronger,108.40678399999999,PBD 366,C,T,4,5,R,V,0.8589104468094358,C,T,366,FALSE,0.7759614036328946,TRUE,116.71804,0.9287920187830432
GGGRPPVLDYVVL,weaker,80.152517,PBD 250,P,L,5,8,Y,V,0.144199935884237,P,L,250,FALSE,0.40823475510954577,FALSE,94.087798,0.8518906670554666
SKVC*FLGWF,weaker,NA,PBD 366,C,*,4,5,R,V,0.22364244901179745,C,*,366,FALSE,0.7759614036328946,FALSE,116.71804,NA
GGGRPPVKDYVVL,weaker,80.08202800000001,PBD 250,P,K,5,8,Y,V,0.15197012953496714,P,K,250,FALSE,0.40823475510954577,FALSE,94.087798,0.8511414838298161
SKVCYFLGWF,no significant difference,104.57394399999998,PBD 366,C,Y,4,5,R,V,0.7209810449126727,C,Y,366,FALSE,0.7759614036328946,FALSE,116.71804,0.8959535646760345
SKVCSFLGWF,no significant difference,106.490364,PBD 366,C,S,4,5,R,V,0.7718648666407423,C,S,366,FALSE,0.7759614036328946,FALSE,116.71804,0.912372791729539
SKVCMFLGWF,no significant difference,104.57394399999998,PBD 366,C,M,4,5,R,V,0.7574332271473467,C,M,366,FALSE,0.7759614036328946,FALSE,116.71804,0.8959535646760345
SKVCIFLGWF,no significant difference,107.12916999999999,PBD 366,C,I,4,5,R,V,0.7577827045207921,C,I,366,FALSE,0.7759614036328946,FALSE,116.71804,0.9178458617022697
GGGRPPVQDYVVL,weaker,80.216092,PBD 250,P,Q,5,8,Y,V,0.10917317876901386,P,Q,250,FALSE,0.40823475510954577,FALSE,94.087798,0.852566365725766
GGGRPPVEDYVVL,weaker,80.376979,PBD 250,P,E,5,8,Y,V,0.04866202502729974,P,E,250,FALSE,0.40823475510954577,FALSE,94.087798,0.8542763324102877
GGGRPPVDDYVVL,no significant difference,80.02462600000001,PBD 250,P,D,5,8,Y,V,0.23767245934639625,P,D,250,FALSE,0.40823475510954577,FALSE,94.087798,0.8505313940921436
