family,aa_seq,dna_seq,codon1,codon2,pos1,pos2,double_mutant,deg1,deg2,max1,max2,pos,deg,max
PRM_0152,DKKLPPKP,GATAAAAAGTTGCCACCTAAGCCATAA,AAG,AAG,3,7,TRUE,K,K,P,L,NA,NA,NA
PRM_0152,DKKLPPNP,GATAAAAAGTTGCCACCTAATCCATAA,AAG,AAT,3,7,TRUE,K,N,P,L,NA,NA,NA
PRM_0152,DKKLPPMP,GATAAAAAGTTGCCACCTATGCCATAA,AAG,ATG,3,7,TRUE,K,M,P,L,NA,NA,NA
PRM_0152,DKKLPPIP,GATAAAAAGTTGCCACCTATTCCATAA,AAG,ATT,3,7,TRUE,K,I,P,L,NA,NA,NA
PRM_0152,DKKLPPRP,GATAAAAAGTTGCCACCTAGGCCATAA,AAG,AGG,3,7,TRUE,K,R,P,L,NA,NA,NA
PRM_0152,DKKLPPSP,GATAAAAAGTTGCCACCTAGTCCATAA,AAG,AGT,3,7,TRUE,K,S,P,L,NA,NA,NA
PRM_0152,DKKLPPTP,GATAAAAAGTTGCCACCTACGCCATAA,AAG,ACG,3,7,TRUE,K,T,P,L,NA,NA,NA
PRM_0152,DKKLPPTP,GATAAAAAGTTGCCACCTACTCCATAA,AAG,ACT,3,7,TRUE,K,T,P,L,NA,NA,NA
PRM_0152,DKKLPP*P,GATAAAAAGTTGCCACCTTAGCCATAA,AAG,TAG,3,7,TRUE,K,*,P,L,NA,NA,NA
PRM_0152,DKKLPPYP,GATAAAAAGTTGCCACCTTATCCATAA,AAG,TAT,3,7,TRUE,K,Y,P,L,NA,NA,NA
PRM_0152,DKKLPPLP,GATAAAAAGTTGCCACCTTTGCCATAA,AAG,TTG,3,7,TRUE,K,L,P,L,NA,NA,NA
PRM_0152,DKKLPPFP,GATAAAAAGTTGCCACCTTTTCCATAA,AAG,TTT,3,7,TRUE,K,F,P,L,NA,NA,NA
PRM_0152,DKKLPPWP,GATAAAAAGTTGCCACCTTGGCCATAA,AAG,TGG,3,7,TRUE,K,W,P,L,NA,NA,NA
PRM_0152,DKKLPPCP,GATAAAAAGTTGCCACCTTGTCCATAA,AAG,TGT,3,7,TRUE,K,C,P,L,NA,NA,NA
PRM_0152,DKKLPPSP,GATAAAAAGTTGCCACCTTCGCCATAA,AAG,TCG,3,7,TRUE,K,S,P,L,NA,NA,NA
PRM_0152,DKKLPPSP,GATAAAAAGTTGCCACCTTCTCCATAA,AAG,TCT,3,7,TRUE,K,S,P,L,NA,NA,NA
PRM_0152,DKKLPPEP,GATAAAAAGTTGCCACCTGAGCCATAA,AAG,GAG,3,7,TRUE,K,E,P,L,NA,NA,NA
PRM_0152,DKKLPPDP,GATAAAAAGTTGCCACCTGATCCATAA,AAG,GAT,3,7,TRUE,K,D,P,L,NA,NA,NA
PRM_0152,DKKLPPVP,GATAAAAAGTTGCCACCTGTGCCATAA,AAG,GTG,3,7,TRUE,K,V,P,L,NA,NA,NA
PRM_0152,DKKLPPVP,GATAAAAAGTTGCCACCTGTTCCATAA,AAG,GTT,3,7,TRUE,K,V,P,L,NA,NA,NA
PRM_0152,DKKLPPGP,GATAAAAAGTTGCCACCTGGGCCATAA,AAG,GGG,3,7,TRUE,K,G,P,L,NA,NA,NA
PRM_0152,DKKLPPGP,GATAAAAAGTTGCCACCTGGTCCATAA,AAG,GGT,3,7,TRUE,K,G,P,L,NA,NA,NA
PRM_0152,DKKLPPAP,GATAAAAAGTTGCCACCTGCGCCATAA,AAG,GCG,3,7,TRUE,K,A,P,L,NA,NA,NA
PRM_0152,DKKLPPAP,GATAAAAAGTTGCCACCTGCTCCATAA,AAG,GCT,3,7,TRUE,K,A,P,L,NA,NA,NA
PRM_0152,DKKLPPQP,GATAAAAAGTTGCCACCTCAGCCATAA,AAG,CAG,3,7,TRUE,K,Q,P,L,NA,NA,NA
PRM_0152,DKKLPPHP,GATAAAAAGTTGCCACCTCATCCATAA,AAG,CAT,3,7,TRUE,K,H,P,L,NA,NA,NA
PRM_0152,DKKLPPLP,GATAAAAAGTTGCCACCTCTGCCATAA,AAG,CTG,3,7,TRUE,K,L,P,L,NA,NA,NA
PRM_0152,DKKLPPLP,GATAAAAAGTTGCCACCTCTTCCATAA,AAG,CTT,3,7,TRUE,K,L,P,L,NA,NA,NA
PRM_0152,DKKLPPRP,GATAAAAAGTTGCCACCTCGGCCATAA,AAG,CGG,3,7,TRUE,K,R,P,L,NA,NA,NA
PRM_0152,DKKLPPRP,GATAAAAAGTTGCCACCTCGTCCATAA,AAG,CGT,3,7,TRUE,K,R,P,L,NA,NA,NA
PRM_0152,DKKLPPPP,GATAAAAAGTTGCCACCTCCGCCATAA,AAG,CCG,3,7,TRUE,K,P,P,L,NA,NA,NA
PRM_0152,DKKLPPPP,GATAAAAAGTTGCCACCTCCTCCATAA,AAG,CCT,3,7,TRUE,K,P,P,L,NA,NA,NA
PRM_0152,DKNLPPKP,GATAAAAATTTGCCACCTAAGCCATAA,AAT,AAG,3,7,TRUE,N,K,P,L,NA,NA,NA
PRM_0152,DKNLPPNP,GATAAAAATTTGCCACCTAATCCATAA,AAT,AAT,3,7,TRUE,N,N,P,L,NA,NA,NA
PRM_0152,DKNLPPMP,GATAAAAATTTGCCACCTATGCCATAA,AAT,ATG,3,7,TRUE,N,M,P,L,NA,NA,NA
PRM_0152,DKNLPPIP,GATAAAAATTTGCCACCTATTCCATAA,AAT,ATT,3,7,TRUE,N,I,P,L,NA,NA,NA
PRM_0152,DKNLPPRP,GATAAAAATTTGCCACCTAGGCCATAA,AAT,AGG,3,7,TRUE,N,R,P,L,NA,NA,NA
PRM_0152,DKNLPPSP,GATAAAAATTTGCCACCTAGTCCATAA,AAT,AGT,3,7,TRUE,N,S,P,L,NA,NA,NA
PRM_0152,DKNLPPTP,GATAAAAATTTGCCACCTACGCCATAA,AAT,ACG,3,7,TRUE,N,T,P,L,NA,NA,NA
PRM_0152,DKNLPPTP,GATAAAAATTTGCCACCTACTCCATAA,AAT,ACT,3,7,TRUE,N,T,P,L,NA,NA,NA
PRM_0152,DKNLPP*P,GATAAAAATTTGCCACCTTAGCCATAA,AAT,TAG,3,7,TRUE,N,*,P,L,NA,NA,NA
PRM_0152,DKNLPPYP,GATAAAAATTTGCCACCTTATCCATAA,AAT,TAT,3,7,TRUE,N,Y,P,L,NA,NA,NA
PRM_0152,DKNLPPLP,GATAAAAATTTGCCACCTTTGCCATAA,AAT,TTG,3,7,TRUE,N,L,P,L,NA,NA,NA
PRM_0152,DKNLPPFP,GATAAAAATTTGCCACCTTTTCCATAA,AAT,TTT,3,7,TRUE,N,F,P,L,NA,NA,NA
PRM_0152,DKNLPPWP,GATAAAAATTTGCCACCTTGGCCATAA,AAT,TGG,3,7,TRUE,N,W,P,L,NA,NA,NA
PRM_0152,DKNLPPCP,GATAAAAATTTGCCACCTTGTCCATAA,AAT,TGT,3,7,TRUE,N,C,P,L,NA,NA,NA
PRM_0152,DKNLPPSP,GATAAAAATTTGCCACCTTCGCCATAA,AAT,TCG,3,7,TRUE,N,S,P,L,NA,NA,NA
PRM_0152,DKNLPPSP,GATAAAAATTTGCCACCTTCTCCATAA,AAT,TCT,3,7,TRUE,N,S,P,L,NA,NA,NA
PRM_0152,DKNLPPEP,GATAAAAATTTGCCACCTGAGCCATAA,AAT,GAG,3,7,TRUE,N,E,P,L,NA,NA,NA
PRM_0152,DKNLPPDP,GATAAAAATTTGCCACCTGATCCATAA,AAT,GAT,3,7,TRUE,N,D,P,L,NA,NA,NA
PRM_0152,DKNLPPVP,GATAAAAATTTGCCACCTGTGCCATAA,AAT,GTG,3,7,TRUE,N,V,P,L,NA,NA,NA
PRM_0152,DKNLPPVP,GATAAAAATTTGCCACCTGTTCCATAA,AAT,GTT,3,7,TRUE,N,V,P,L,NA,NA,NA
PRM_0152,DKNLPPGP,GATAAAAATTTGCCACCTGGGCCATAA,AAT,GGG,3,7,TRUE,N,G,P,L,NA,NA,NA
PRM_0152,DKNLPPGP,GATAAAAATTTGCCACCTGGTCCATAA,AAT,GGT,3,7,TRUE,N,G,P,L,NA,NA,NA
PRM_0152,DKNLPPAP,GATAAAAATTTGCCACCTGCGCCATAA,AAT,GCG,3,7,TRUE,N,A,P,L,NA,NA,NA
PRM_0152,DKNLPPAP,GATAAAAATTTGCCACCTGCTCCATAA,AAT,GCT,3,7,TRUE,N,A,P,L,NA,NA,NA
PRM_0152,DKNLPPQP,GATAAAAATTTGCCACCTCAGCCATAA,AAT,CAG,3,7,TRUE,N,Q,P,L,NA,NA,NA
PRM_0152,DKNLPPHP,GATAAAAATTTGCCACCTCATCCATAA,AAT,CAT,3,7,TRUE,N,H,P,L,NA,NA,NA
PRM_0152,DKNLPPLP,GATAAAAATTTGCCACCTCTGCCATAA,AAT,CTG,3,7,TRUE,N,L,P,L,NA,NA,NA
PRM_0152,DKNLPPLP,GATAAAAATTTGCCACCTCTTCCATAA,AAT,CTT,3,7,TRUE,N,L,P,L,NA,NA,NA
PRM_0152,DKNLPPRP,GATAAAAATTTGCCACCTCGGCCATAA,AAT,CGG,3,7,TRUE,N,R,P,L,NA,NA,NA
PRM_0152,DKNLPPRP,GATAAAAATTTGCCACCTCGTCCATAA,AAT,CGT,3,7,TRUE,N,R,P,L,NA,NA,NA
PRM_0152,DKNLPPPP,GATAAAAATTTGCCACCTCCGCCATAA,AAT,CCG,3,7,TRUE,N,P,P,L,NA,NA,NA
PRM_0152,DKNLPPPP,GATAAAAATTTGCCACCTCCTCCATAA,AAT,CCT,3,7,TRUE,N,P,P,L,NA,NA,NA
PRM_0152,DKMLPPKP,GATAAAATGTTGCCACCTAAGCCATAA,ATG,AAG,3,7,TRUE,M,K,P,L,NA,NA,NA
PRM_0152,DKMLPPNP,GATAAAATGTTGCCACCTAATCCATAA,ATG,AAT,3,7,TRUE,M,N,P,L,NA,NA,NA
PRM_0152,DKMLPPMP,GATAAAATGTTGCCACCTATGCCATAA,ATG,ATG,3,7,TRUE,M,M,P,L,NA,NA,NA
PRM_0152,DKMLPPIP,GATAAAATGTTGCCACCTATTCCATAA,ATG,ATT,3,7,TRUE,M,I,P,L,NA,NA,NA
PRM_0152,DKMLPPRP,GATAAAATGTTGCCACCTAGGCCATAA,ATG,AGG,3,7,TRUE,M,R,P,L,NA,NA,NA
PRM_0152,DKMLPPSP,GATAAAATGTTGCCACCTAGTCCATAA,ATG,AGT,3,7,TRUE,M,S,P,L,NA,NA,NA
PRM_0152,DKMLPPTP,GATAAAATGTTGCCACCTACGCCATAA,ATG,ACG,3,7,TRUE,M,T,P,L,NA,NA,NA
PRM_0152,DKMLPPTP,GATAAAATGTTGCCACCTACTCCATAA,ATG,ACT,3,7,TRUE,M,T,P,L,NA,NA,NA
PRM_0152,DKMLPP*P,GATAAAATGTTGCCACCTTAGCCATAA,ATG,TAG,3,7,TRUE,M,*,P,L,NA,NA,NA
PRM_0152,DKMLPPYP,GATAAAATGTTGCCACCTTATCCATAA,ATG,TAT,3,7,TRUE,M,Y,P,L,NA,NA,NA
PRM_0152,DKMLPPLP,GATAAAATGTTGCCACCTTTGCCATAA,ATG,TTG,3,7,TRUE,M,L,P,L,NA,NA,NA
PRM_0152,DKMLPPFP,GATAAAATGTTGCCACCTTTTCCATAA,ATG,TTT,3,7,TRUE,M,F,P,L,NA,NA,NA
PRM_0152,DKMLPPWP,GATAAAATGTTGCCACCTTGGCCATAA,ATG,TGG,3,7,TRUE,M,W,P,L,NA,NA,NA
PRM_0152,DKMLPPCP,GATAAAATGTTGCCACCTTGTCCATAA,ATG,TGT,3,7,TRUE,M,C,P,L,NA,NA,NA
PRM_0152,DKMLPPSP,GATAAAATGTTGCCACCTTCGCCATAA,ATG,TCG,3,7,TRUE,M,S,P,L,NA,NA,NA
PRM_0152,DKMLPPSP,GATAAAATGTTGCCACCTTCTCCATAA,ATG,TCT,3,7,TRUE,M,S,P,L,NA,NA,NA
PRM_0152,DKMLPPEP,GATAAAATGTTGCCACCTGAGCCATAA,ATG,GAG,3,7,TRUE,M,E,P,L,NA,NA,NA
PRM_0152,DKMLPPDP,GATAAAATGTTGCCACCTGATCCATAA,ATG,GAT,3,7,TRUE,M,D,P,L,NA,NA,NA
PRM_0152,DKMLPPVP,GATAAAATGTTGCCACCTGTGCCATAA,ATG,GTG,3,7,TRUE,M,V,P,L,NA,NA,NA
PRM_0152,DKMLPPVP,GATAAAATGTTGCCACCTGTTCCATAA,ATG,GTT,3,7,TRUE,M,V,P,L,NA,NA,NA
PRM_0152,DKMLPPGP,GATAAAATGTTGCCACCTGGGCCATAA,ATG,GGG,3,7,TRUE,M,G,P,L,NA,NA,NA
PRM_0152,DKMLPPGP,GATAAAATGTTGCCACCTGGTCCATAA,ATG,GGT,3,7,TRUE,M,G,P,L,NA,NA,NA
PRM_0152,DKMLPPAP,GATAAAATGTTGCCACCTGCGCCATAA,ATG,GCG,3,7,TRUE,M,A,P,L,NA,NA,NA
PRM_0152,DKMLPPAP,GATAAAATGTTGCCACCTGCTCCATAA,ATG,GCT,3,7,TRUE,M,A,P,L,NA,NA,NA
PRM_0152,DKMLPPQP,GATAAAATGTTGCCACCTCAGCCATAA,ATG,CAG,3,7,TRUE,M,Q,P,L,NA,NA,NA
PRM_0152,DKMLPPHP,GATAAAATGTTGCCACCTCATCCATAA,ATG,CAT,3,7,TRUE,M,H,P,L,NA,NA,NA
PRM_0152,DKMLPPLP,GATAAAATGTTGCCACCTCTGCCATAA,ATG,CTG,3,7,TRUE,M,L,P,L,NA,NA,NA
PRM_0152,DKMLPPLP,GATAAAATGTTGCCACCTCTTCCATAA,ATG,CTT,3,7,TRUE,M,L,P,L,NA,NA,NA
PRM_0152,DKMLPPRP,GATAAAATGTTGCCACCTCGGCCATAA,ATG,CGG,3,7,TRUE,M,R,P,L,NA,NA,NA
PRM_0152,DKMLPPRP,GATAAAATGTTGCCACCTCGTCCATAA,ATG,CGT,3,7,TRUE,M,R,P,L,NA,NA,NA
PRM_0152,DKMLPPPP,GATAAAATGTTGCCACCTCCGCCATAA,ATG,CCG,3,7,TRUE,M,P,P,L,NA,NA,NA
PRM_0152,DKMLPPPP,GATAAAATGTTGCCACCTCCTCCATAA,ATG,CCT,3,7,TRUE,M,P,P,L,NA,NA,NA
PRM_0152,DKILPPKP,GATAAAATTTTGCCACCTAAGCCATAA,ATT,AAG,3,7,TRUE,I,K,P,L,NA,NA,NA
PRM_0152,DKILPPNP,GATAAAATTTTGCCACCTAATCCATAA,ATT,AAT,3,7,TRUE,I,N,P,L,NA,NA,NA
PRM_0152,DKILPPMP,GATAAAATTTTGCCACCTATGCCATAA,ATT,ATG,3,7,TRUE,I,M,P,L,NA,NA,NA
PRM_0152,DKILPPIP,GATAAAATTTTGCCACCTATTCCATAA,ATT,ATT,3,7,TRUE,I,I,P,L,NA,NA,NA
PRM_0152,DKILPPRP,GATAAAATTTTGCCACCTAGGCCATAA,ATT,AGG,3,7,TRUE,I,R,P,L,NA,NA,NA
PRM_0152,DKILPPSP,GATAAAATTTTGCCACCTAGTCCATAA,ATT,AGT,3,7,TRUE,I,S,P,L,NA,NA,NA
PRM_0152,DKILPPTP,GATAAAATTTTGCCACCTACGCCATAA,ATT,ACG,3,7,TRUE,I,T,P,L,NA,NA,NA
PRM_0152,DKILPPTP,GATAAAATTTTGCCACCTACTCCATAA,ATT,ACT,3,7,TRUE,I,T,P,L,NA,NA,NA
PRM_0152,DKILPP*P,GATAAAATTTTGCCACCTTAGCCATAA,ATT,TAG,3,7,TRUE,I,*,P,L,NA,NA,NA
PRM_0152,DKILPPYP,GATAAAATTTTGCCACCTTATCCATAA,ATT,TAT,3,7,TRUE,I,Y,P,L,NA,NA,NA
PRM_0152,DKILPPLP,GATAAAATTTTGCCACCTTTGCCATAA,ATT,TTG,3,7,TRUE,I,L,P,L,NA,NA,NA
PRM_0152,DKILPPFP,GATAAAATTTTGCCACCTTTTCCATAA,ATT,TTT,3,7,TRUE,I,F,P,L,NA,NA,NA
PRM_0152,DKILPPWP,GATAAAATTTTGCCACCTTGGCCATAA,ATT,TGG,3,7,TRUE,I,W,P,L,NA,NA,NA
PRM_0152,DKILPPCP,GATAAAATTTTGCCACCTTGTCCATAA,ATT,TGT,3,7,TRUE,I,C,P,L,NA,NA,NA
PRM_0152,DKILPPSP,GATAAAATTTTGCCACCTTCGCCATAA,ATT,TCG,3,7,TRUE,I,S,P,L,NA,NA,NA
PRM_0152,DKILPPSP,GATAAAATTTTGCCACCTTCTCCATAA,ATT,TCT,3,7,TRUE,I,S,P,L,NA,NA,NA
PRM_0152,DKILPPEP,GATAAAATTTTGCCACCTGAGCCATAA,ATT,GAG,3,7,TRUE,I,E,P,L,NA,NA,NA
PRM_0152,DKILPPDP,GATAAAATTTTGCCACCTGATCCATAA,ATT,GAT,3,7,TRUE,I,D,P,L,NA,NA,NA
PRM_0152,DKILPPVP,GATAAAATTTTGCCACCTGTGCCATAA,ATT,GTG,3,7,TRUE,I,V,P,L,NA,NA,NA
PRM_0152,DKILPPVP,GATAAAATTTTGCCACCTGTTCCATAA,ATT,GTT,3,7,TRUE,I,V,P,L,NA,NA,NA
PRM_0152,DKILPPGP,GATAAAATTTTGCCACCTGGGCCATAA,ATT,GGG,3,7,TRUE,I,G,P,L,NA,NA,NA
PRM_0152,DKILPPGP,GATAAAATTTTGCCACCTGGTCCATAA,ATT,GGT,3,7,TRUE,I,G,P,L,NA,NA,NA
PRM_0152,DKILPPAP,GATAAAATTTTGCCACCTGCGCCATAA,ATT,GCG,3,7,TRUE,I,A,P,L,NA,NA,NA
PRM_0152,DKILPPAP,GATAAAATTTTGCCACCTGCTCCATAA,ATT,GCT,3,7,TRUE,I,A,P,L,NA,NA,NA
PRM_0152,DKILPPQP,GATAAAATTTTGCCACCTCAGCCATAA,ATT,CAG,3,7,TRUE,I,Q,P,L,NA,NA,NA
PRM_0152,DKILPPHP,GATAAAATTTTGCCACCTCATCCATAA,ATT,CAT,3,7,TRUE,I,H,P,L,NA,NA,NA
PRM_0152,DKILPPLP,GATAAAATTTTGCCACCTCTGCCATAA,ATT,CTG,3,7,TRUE,I,L,P,L,NA,NA,NA
PRM_0152,DKILPPLP,GATAAAATTTTGCCACCTCTTCCATAA,ATT,CTT,3,7,TRUE,I,L,P,L,NA,NA,NA
PRM_0152,DKILPPRP,GATAAAATTTTGCCACCTCGGCCATAA,ATT,CGG,3,7,TRUE,I,R,P,L,NA,NA,NA
PRM_0152,DKILPPRP,GATAAAATTTTGCCACCTCGTCCATAA,ATT,CGT,3,7,TRUE,I,R,P,L,NA,NA,NA
PRM_0152,DKILPPPP,GATAAAATTTTGCCACCTCCGCCATAA,ATT,CCG,3,7,TRUE,I,P,P,L,NA,NA,NA
PRM_0152,DKILPPPP,GATAAAATTTTGCCACCTCCTCCATAA,ATT,CCT,3,7,TRUE,I,P,P,L,NA,NA,NA
PRM_0152,DKRLPPKP,GATAAAAGGTTGCCACCTAAGCCATAA,AGG,AAG,3,7,TRUE,R,K,P,L,NA,NA,NA
PRM_0152,DKRLPPNP,GATAAAAGGTTGCCACCTAATCCATAA,AGG,AAT,3,7,TRUE,R,N,P,L,NA,NA,NA
PRM_0152,DKRLPPMP,GATAAAAGGTTGCCACCTATGCCATAA,AGG,ATG,3,7,TRUE,R,M,P,L,NA,NA,NA
PRM_0152,DKRLPPIP,GATAAAAGGTTGCCACCTATTCCATAA,AGG,ATT,3,7,TRUE,R,I,P,L,NA,NA,NA
PRM_0152,DKRLPPRP,GATAAAAGGTTGCCACCTAGGCCATAA,AGG,AGG,3,7,TRUE,R,R,P,L,NA,NA,NA
PRM_0152,DKRLPPSP,GATAAAAGGTTGCCACCTAGTCCATAA,AGG,AGT,3,7,TRUE,R,S,P,L,NA,NA,NA
PRM_0152,DKRLPPTP,GATAAAAGGTTGCCACCTACGCCATAA,AGG,ACG,3,7,TRUE,R,T,P,L,NA,NA,NA
PRM_0152,DKRLPPTP,GATAAAAGGTTGCCACCTACTCCATAA,AGG,ACT,3,7,TRUE,R,T,P,L,NA,NA,NA
PRM_0152,DKRLPP*P,GATAAAAGGTTGCCACCTTAGCCATAA,AGG,TAG,3,7,TRUE,R,*,P,L,NA,NA,NA
PRM_0152,DKRLPPYP,GATAAAAGGTTGCCACCTTATCCATAA,AGG,TAT,3,7,TRUE,R,Y,P,L,NA,NA,NA
PRM_0152,DKRLPPLP,GATAAAAGGTTGCCACCTTTGCCATAA,AGG,TTG,3,7,TRUE,R,L,P,L,NA,NA,NA
PRM_0152,DKRLPPFP,GATAAAAGGTTGCCACCTTTTCCATAA,AGG,TTT,3,7,TRUE,R,F,P,L,NA,NA,NA
PRM_0152,DKRLPPWP,GATAAAAGGTTGCCACCTTGGCCATAA,AGG,TGG,3,7,TRUE,R,W,P,L,NA,NA,NA
PRM_0152,DKRLPPCP,GATAAAAGGTTGCCACCTTGTCCATAA,AGG,TGT,3,7,TRUE,R,C,P,L,NA,NA,NA
PRM_0152,DKRLPPSP,GATAAAAGGTTGCCACCTTCGCCATAA,AGG,TCG,3,7,TRUE,R,S,P,L,NA,NA,NA
PRM_0152,DKRLPPSP,GATAAAAGGTTGCCACCTTCTCCATAA,AGG,TCT,3,7,TRUE,R,S,P,L,NA,NA,NA
PRM_0152,DKRLPPEP,GATAAAAGGTTGCCACCTGAGCCATAA,AGG,GAG,3,7,TRUE,R,E,P,L,NA,NA,NA
PRM_0152,DKRLPPDP,GATAAAAGGTTGCCACCTGATCCATAA,AGG,GAT,3,7,TRUE,R,D,P,L,NA,NA,NA
PRM_0152,DKRLPPVP,GATAAAAGGTTGCCACCTGTGCCATAA,AGG,GTG,3,7,TRUE,R,V,P,L,NA,NA,NA
PRM_0152,DKRLPPVP,GATAAAAGGTTGCCACCTGTTCCATAA,AGG,GTT,3,7,TRUE,R,V,P,L,NA,NA,NA
PRM_0152,DKRLPPGP,GATAAAAGGTTGCCACCTGGGCCATAA,AGG,GGG,3,7,TRUE,R,G,P,L,NA,NA,NA
PRM_0152,DKRLPPGP,GATAAAAGGTTGCCACCTGGTCCATAA,AGG,GGT,3,7,TRUE,R,G,P,L,NA,NA,NA
PRM_0152,DKRLPPAP,GATAAAAGGTTGCCACCTGCGCCATAA,AGG,GCG,3,7,TRUE,R,A,P,L,NA,NA,NA
PRM_0152,DKRLPPAP,GATAAAAGGTTGCCACCTGCTCCATAA,AGG,GCT,3,7,TRUE,R,A,P,L,NA,NA,NA
PRM_0152,DKRLPPQP,GATAAAAGGTTGCCACCTCAGCCATAA,AGG,CAG,3,7,TRUE,R,Q,P,L,NA,NA,NA
PRM_0152,DKRLPPHP,GATAAAAGGTTGCCACCTCATCCATAA,AGG,CAT,3,7,TRUE,R,H,P,L,NA,NA,NA
PRM_0152,DKRLPPLP,GATAAAAGGTTGCCACCTCTGCCATAA,AGG,CTG,3,7,TRUE,R,L,P,L,NA,NA,NA
PRM_0152,DKRLPPLP,GATAAAAGGTTGCCACCTCTTCCATAA,AGG,CTT,3,7,TRUE,R,L,P,L,NA,NA,NA
PRM_0152,DKRLPPRP,GATAAAAGGTTGCCACCTCGGCCATAA,AGG,CGG,3,7,TRUE,R,R,P,L,NA,NA,NA
PRM_0152,DKRLPPRP,GATAAAAGGTTGCCACCTCGTCCATAA,AGG,CGT,3,7,TRUE,R,R,P,L,NA,NA,NA
PRM_0152,DKRLPPPP,GATAAAAGGTTGCCACCTCCGCCATAA,AGG,CCG,3,7,TRUE,R,P,P,L,NA,NA,NA
PRM_0152,DKRLPPPP,GATAAAAGGTTGCCACCTCCTCCATAA,AGG,CCT,3,7,TRUE,R,P,P,L,NA,NA,NA
PRM_0152,DKSLPPKP,GATAAAAGTTTGCCACCTAAGCCATAA,AGT,AAG,3,7,TRUE,S,K,P,L,NA,NA,NA
PRM_0152,DKSLPPNP,GATAAAAGTTTGCCACCTAATCCATAA,AGT,AAT,3,7,TRUE,S,N,P,L,NA,NA,NA
PRM_0152,DKSLPPMP,GATAAAAGTTTGCCACCTATGCCATAA,AGT,ATG,3,7,TRUE,S,M,P,L,NA,NA,NA
PRM_0152,DKSLPPIP,GATAAAAGTTTGCCACCTATTCCATAA,AGT,ATT,3,7,TRUE,S,I,P,L,NA,NA,NA
PRM_0152,DKSLPPRP,GATAAAAGTTTGCCACCTAGGCCATAA,AGT,AGG,3,7,TRUE,S,R,P,L,NA,NA,NA
PRM_0152,DKSLPPSP,GATAAAAGTTTGCCACCTAGTCCATAA,AGT,AGT,3,7,TRUE,S,S,P,L,NA,NA,NA
PRM_0152,DKSLPPTP,GATAAAAGTTTGCCACCTACGCCATAA,AGT,ACG,3,7,TRUE,S,T,P,L,NA,NA,NA
PRM_0152,DKSLPPTP,GATAAAAGTTTGCCACCTACTCCATAA,AGT,ACT,3,7,TRUE,S,T,P,L,NA,NA,NA
PRM_0152,DKSLPP*P,GATAAAAGTTTGCCACCTTAGCCATAA,AGT,TAG,3,7,TRUE,S,*,P,L,NA,NA,NA
PRM_0152,DKSLPPYP,GATAAAAGTTTGCCACCTTATCCATAA,AGT,TAT,3,7,TRUE,S,Y,P,L,NA,NA,NA
PRM_0152,DKSLPPLP,GATAAAAGTTTGCCACCTTTGCCATAA,AGT,TTG,3,7,TRUE,S,L,P,L,NA,NA,NA
PRM_0152,DKSLPPFP,GATAAAAGTTTGCCACCTTTTCCATAA,AGT,TTT,3,7,TRUE,S,F,P,L,NA,NA,NA
PRM_0152,DKSLPPWP,GATAAAAGTTTGCCACCTTGGCCATAA,AGT,TGG,3,7,TRUE,S,W,P,L,NA,NA,NA
PRM_0152,DKSLPPCP,GATAAAAGTTTGCCACCTTGTCCATAA,AGT,TGT,3,7,TRUE,S,C,P,L,NA,NA,NA
PRM_0152,DKSLPPSP,GATAAAAGTTTGCCACCTTCGCCATAA,AGT,TCG,3,7,TRUE,S,S,P,L,NA,NA,NA
PRM_0152,DKSLPPSP,GATAAAAGTTTGCCACCTTCTCCATAA,AGT,TCT,3,7,TRUE,S,S,P,L,NA,NA,NA
PRM_0152,DKSLPPEP,GATAAAAGTTTGCCACCTGAGCCATAA,AGT,GAG,3,7,TRUE,S,E,P,L,NA,NA,NA
PRM_0152,DKSLPPDP,GATAAAAGTTTGCCACCTGATCCATAA,AGT,GAT,3,7,TRUE,S,D,P,L,NA,NA,NA
PRM_0152,DKSLPPVP,GATAAAAGTTTGCCACCTGTGCCATAA,AGT,GTG,3,7,TRUE,S,V,P,L,NA,NA,NA
PRM_0152,DKSLPPVP,GATAAAAGTTTGCCACCTGTTCCATAA,AGT,GTT,3,7,TRUE,S,V,P,L,NA,NA,NA
PRM_0152,DKSLPPGP,GATAAAAGTTTGCCACCTGGGCCATAA,AGT,GGG,3,7,TRUE,S,G,P,L,NA,NA,NA
PRM_0152,DKSLPPGP,GATAAAAGTTTGCCACCTGGTCCATAA,AGT,GGT,3,7,TRUE,S,G,P,L,NA,NA,NA
PRM_0152,DKSLPPAP,GATAAAAGTTTGCCACCTGCGCCATAA,AGT,GCG,3,7,TRUE,S,A,P,L,NA,NA,NA
PRM_0152,DKSLPPAP,GATAAAAGTTTGCCACCTGCTCCATAA,AGT,GCT,3,7,TRUE,S,A,P,L,NA,NA,NA
PRM_0152,DKSLPPQP,GATAAAAGTTTGCCACCTCAGCCATAA,AGT,CAG,3,7,TRUE,S,Q,P,L,NA,NA,NA
PRM_0152,DKSLPPHP,GATAAAAGTTTGCCACCTCATCCATAA,AGT,CAT,3,7,TRUE,S,H,P,L,NA,NA,NA
PRM_0152,DKSLPPLP,GATAAAAGTTTGCCACCTCTGCCATAA,AGT,CTG,3,7,TRUE,S,L,P,L,NA,NA,NA
PRM_0152,DKSLPPLP,GATAAAAGTTTGCCACCTCTTCCATAA,AGT,CTT,3,7,TRUE,S,L,P,L,NA,NA,NA
PRM_0152,DKSLPPRP,GATAAAAGTTTGCCACCTCGGCCATAA,AGT,CGG,3,7,TRUE,S,R,P,L,NA,NA,NA
PRM_0152,DKSLPPRP,GATAAAAGTTTGCCACCTCGTCCATAA,AGT,CGT,3,7,TRUE,S,R,P,L,NA,NA,NA
PRM_0152,DKSLPPPP,GATAAAAGTTTGCCACCTCCGCCATAA,AGT,CCG,3,7,TRUE,S,P,P,L,NA,NA,NA
PRM_0152,DKSLPPPP,GATAAAAGTTTGCCACCTCCTCCATAA,AGT,CCT,3,7,TRUE,S,P,P,L,NA,NA,NA
PRM_0152,DKTLPPKP,GATAAAACGTTGCCACCTAAGCCATAA,ACG,AAG,3,7,TRUE,T,K,P,L,NA,NA,NA
PRM_0152,DKTLPPNP,GATAAAACGTTGCCACCTAATCCATAA,ACG,AAT,3,7,TRUE,T,N,P,L,NA,NA,NA
PRM_0152,DKTLPPMP,GATAAAACGTTGCCACCTATGCCATAA,ACG,ATG,3,7,TRUE,T,M,P,L,NA,NA,NA
PRM_0152,DKTLPPIP,GATAAAACGTTGCCACCTATTCCATAA,ACG,ATT,3,7,TRUE,T,I,P,L,NA,NA,NA
PRM_0152,DKTLPPRP,GATAAAACGTTGCCACCTAGGCCATAA,ACG,AGG,3,7,TRUE,T,R,P,L,NA,NA,NA
PRM_0152,DKTLPPSP,GATAAAACGTTGCCACCTAGTCCATAA,ACG,AGT,3,7,TRUE,T,S,P,L,NA,NA,NA
PRM_0152,DKTLPPTP,GATAAAACGTTGCCACCTACGCCATAA,ACG,ACG,3,7,TRUE,T,T,P,L,NA,NA,NA
PRM_0152,DKTLPPTP,GATAAAACGTTGCCACCTACTCCATAA,ACG,ACT,3,7,TRUE,T,T,P,L,NA,NA,NA
PRM_0152,DKTLPP*P,GATAAAACGTTGCCACCTTAGCCATAA,ACG,TAG,3,7,TRUE,T,*,P,L,NA,NA,NA
PRM_0152,DKTLPPYP,GATAAAACGTTGCCACCTTATCCATAA,ACG,TAT,3,7,TRUE,T,Y,P,L,NA,NA,NA
PRM_0152,DKTLPPLP,GATAAAACGTTGCCACCTTTGCCATAA,ACG,TTG,3,7,TRUE,T,L,P,L,NA,NA,NA
PRM_0152,DKTLPPFP,GATAAAACGTTGCCACCTTTTCCATAA,ACG,TTT,3,7,TRUE,T,F,P,L,NA,NA,NA
PRM_0152,DKTLPPWP,GATAAAACGTTGCCACCTTGGCCATAA,ACG,TGG,3,7,TRUE,T,W,P,L,NA,NA,NA
PRM_0152,DKTLPPCP,GATAAAACGTTGCCACCTTGTCCATAA,ACG,TGT,3,7,TRUE,T,C,P,L,NA,NA,NA
PRM_0152,DKTLPPSP,GATAAAACGTTGCCACCTTCGCCATAA,ACG,TCG,3,7,TRUE,T,S,P,L,NA,NA,NA
PRM_0152,DKTLPPSP,GATAAAACGTTGCCACCTTCTCCATAA,ACG,TCT,3,7,TRUE,T,S,P,L,NA,NA,NA
PRM_0152,DKTLPPEP,GATAAAACGTTGCCACCTGAGCCATAA,ACG,GAG,3,7,TRUE,T,E,P,L,NA,NA,NA
PRM_0152,DKTLPPDP,GATAAAACGTTGCCACCTGATCCATAA,ACG,GAT,3,7,TRUE,T,D,P,L,NA,NA,NA
PRM_0152,DKTLPPVP,GATAAAACGTTGCCACCTGTGCCATAA,ACG,GTG,3,7,TRUE,T,V,P,L,NA,NA,NA
PRM_0152,DKTLPPVP,GATAAAACGTTGCCACCTGTTCCATAA,ACG,GTT,3,7,TRUE,T,V,P,L,NA,NA,NA
PRM_0152,DKTLPPGP,GATAAAACGTTGCCACCTGGGCCATAA,ACG,GGG,3,7,TRUE,T,G,P,L,NA,NA,NA
PRM_0152,DKTLPPGP,GATAAAACGTTGCCACCTGGTCCATAA,ACG,GGT,3,7,TRUE,T,G,P,L,NA,NA,NA
PRM_0152,DKTLPPAP,GATAAAACGTTGCCACCTGCGCCATAA,ACG,GCG,3,7,TRUE,T,A,P,L,NA,NA,NA
PRM_0152,DKTLPPAP,GATAAAACGTTGCCACCTGCTCCATAA,ACG,GCT,3,7,TRUE,T,A,P,L,NA,NA,NA
PRM_0152,DKTLPPQP,GATAAAACGTTGCCACCTCAGCCATAA,ACG,CAG,3,7,TRUE,T,Q,P,L,NA,NA,NA
PRM_0152,DKTLPPHP,GATAAAACGTTGCCACCTCATCCATAA,ACG,CAT,3,7,TRUE,T,H,P,L,NA,NA,NA
PRM_0152,DKTLPPLP,GATAAAACGTTGCCACCTCTGCCATAA,ACG,CTG,3,7,TRUE,T,L,P,L,NA,NA,NA
PRM_0152,DKTLPPLP,GATAAAACGTTGCCACCTCTTCCATAA,ACG,CTT,3,7,TRUE,T,L,P,L,NA,NA,NA
PRM_0152,DKTLPPRP,GATAAAACGTTGCCACCTCGGCCATAA,ACG,CGG,3,7,TRUE,T,R,P,L,NA,NA,NA
PRM_0152,DKTLPPRP,GATAAAACGTTGCCACCTCGTCCATAA,ACG,CGT,3,7,TRUE,T,R,P,L,NA,NA,NA
PRM_0152,DKTLPPPP,GATAAAACGTTGCCACCTCCGCCATAA,ACG,CCG,3,7,TRUE,T,P,P,L,NA,NA,NA
PRM_0152,DKTLPPPP,GATAAAACGTTGCCACCTCCTCCATAA,ACG,CCT,3,7,TRUE,T,P,P,L,NA,NA,NA
PRM_0152,DKTLPPKP,GATAAAACTTTGCCACCTAAGCCATAA,ACT,AAG,3,7,TRUE,T,K,P,L,NA,NA,NA
PRM_0152,DKTLPPNP,GATAAAACTTTGCCACCTAATCCATAA,ACT,AAT,3,7,TRUE,T,N,P,L,NA,NA,NA
PRM_0152,DKTLPPMP,GATAAAACTTTGCCACCTATGCCATAA,ACT,ATG,3,7,TRUE,T,M,P,L,NA,NA,NA
PRM_0152,DKTLPPIP,GATAAAACTTTGCCACCTATTCCATAA,ACT,ATT,3,7,TRUE,T,I,P,L,NA,NA,NA
PRM_0152,DKTLPPRP,GATAAAACTTTGCCACCTAGGCCATAA,ACT,AGG,3,7,TRUE,T,R,P,L,NA,NA,NA
PRM_0152,DKTLPPSP,GATAAAACTTTGCCACCTAGTCCATAA,ACT,AGT,3,7,TRUE,T,S,P,L,NA,NA,NA
PRM_0152,DKTLPPTP,GATAAAACTTTGCCACCTACGCCATAA,ACT,ACG,3,7,TRUE,T,T,P,L,NA,NA,NA
PRM_0152,DKTLPPTP,GATAAAACTTTGCCACCTACTCCATAA,ACT,ACT,3,7,TRUE,T,T,P,L,NA,NA,NA
PRM_0152,DKTLPP*P,GATAAAACTTTGCCACCTTAGCCATAA,ACT,TAG,3,7,TRUE,T,*,P,L,NA,NA,NA
PRM_0152,DKTLPPYP,GATAAAACTTTGCCACCTTATCCATAA,ACT,TAT,3,7,TRUE,T,Y,P,L,NA,NA,NA
PRM_0152,DKTLPPLP,GATAAAACTTTGCCACCTTTGCCATAA,ACT,TTG,3,7,TRUE,T,L,P,L,NA,NA,NA
PRM_0152,DKTLPPFP,GATAAAACTTTGCCACCTTTTCCATAA,ACT,TTT,3,7,TRUE,T,F,P,L,NA,NA,NA
PRM_0152,DKTLPPWP,GATAAAACTTTGCCACCTTGGCCATAA,ACT,TGG,3,7,TRUE,T,W,P,L,NA,NA,NA
PRM_0152,DKTLPPCP,GATAAAACTTTGCCACCTTGTCCATAA,ACT,TGT,3,7,TRUE,T,C,P,L,NA,NA,NA
PRM_0152,DKTLPPSP,GATAAAACTTTGCCACCTTCGCCATAA,ACT,TCG,3,7,TRUE,T,S,P,L,NA,NA,NA
PRM_0152,DKTLPPSP,GATAAAACTTTGCCACCTTCTCCATAA,ACT,TCT,3,7,TRUE,T,S,P,L,NA,NA,NA
PRM_0152,DKTLPPEP,GATAAAACTTTGCCACCTGAGCCATAA,ACT,GAG,3,7,TRUE,T,E,P,L,NA,NA,NA
PRM_0152,DKTLPPDP,GATAAAACTTTGCCACCTGATCCATAA,ACT,GAT,3,7,TRUE,T,D,P,L,NA,NA,NA
PRM_0152,DKTLPPVP,GATAAAACTTTGCCACCTGTGCCATAA,ACT,GTG,3,7,TRUE,T,V,P,L,NA,NA,NA
PRM_0152,DKTLPPVP,GATAAAACTTTGCCACCTGTTCCATAA,ACT,GTT,3,7,TRUE,T,V,P,L,NA,NA,NA
PRM_0152,DKTLPPGP,GATAAAACTTTGCCACCTGGGCCATAA,ACT,GGG,3,7,TRUE,T,G,P,L,NA,NA,NA
PRM_0152,DKTLPPGP,GATAAAACTTTGCCACCTGGTCCATAA,ACT,GGT,3,7,TRUE,T,G,P,L,NA,NA,NA
PRM_0152,DKTLPPAP,GATAAAACTTTGCCACCTGCGCCATAA,ACT,GCG,3,7,TRUE,T,A,P,L,NA,NA,NA
PRM_0152,DKTLPPAP,GATAAAACTTTGCCACCTGCTCCATAA,ACT,GCT,3,7,TRUE,T,A,P,L,NA,NA,NA
PRM_0152,DKTLPPQP,GATAAAACTTTGCCACCTCAGCCATAA,ACT,CAG,3,7,TRUE,T,Q,P,L,NA,NA,NA
PRM_0152,DKTLPPHP,GATAAAACTTTGCCACCTCATCCATAA,ACT,CAT,3,7,TRUE,T,H,P,L,NA,NA,NA
PRM_0152,DKTLPPLP,GATAAAACTTTGCCACCTCTGCCATAA,ACT,CTG,3,7,TRUE,T,L,P,L,NA,NA,NA
PRM_0152,DKTLPPLP,GATAAAACTTTGCCACCTCTTCCATAA,ACT,CTT,3,7,TRUE,T,L,P,L,NA,NA,NA
PRM_0152,DKTLPPRP,GATAAAACTTTGCCACCTCGGCCATAA,ACT,CGG,3,7,TRUE,T,R,P,L,NA,NA,NA
PRM_0152,DKTLPPRP,GATAAAACTTTGCCACCTCGTCCATAA,ACT,CGT,3,7,TRUE,T,R,P,L,NA,NA,NA
PRM_0152,DKTLPPPP,GATAAAACTTTGCCACCTCCGCCATAA,ACT,CCG,3,7,TRUE,T,P,P,L,NA,NA,NA
PRM_0152,DKTLPPPP,GATAAAACTTTGCCACCTCCTCCATAA,ACT,CCT,3,7,TRUE,T,P,P,L,NA,NA,NA
PRM_0152,DK*LPPKP,GATAAATAGTTGCCACCTAAGCCATAA,TAG,AAG,3,7,TRUE,*,K,P,L,NA,NA,NA
PRM_0152,DK*LPPNP,GATAAATAGTTGCCACCTAATCCATAA,TAG,AAT,3,7,TRUE,*,N,P,L,NA,NA,NA
PRM_0152,DK*LPPMP,GATAAATAGTTGCCACCTATGCCATAA,TAG,ATG,3,7,TRUE,*,M,P,L,NA,NA,NA
PRM_0152,DK*LPPIP,GATAAATAGTTGCCACCTATTCCATAA,TAG,ATT,3,7,TRUE,*,I,P,L,NA,NA,NA
PRM_0152,DK*LPPRP,GATAAATAGTTGCCACCTAGGCCATAA,TAG,AGG,3,7,TRUE,*,R,P,L,NA,NA,NA
PRM_0152,DK*LPPSP,GATAAATAGTTGCCACCTAGTCCATAA,TAG,AGT,3,7,TRUE,*,S,P,L,NA,NA,NA
PRM_0152,DK*LPPTP,GATAAATAGTTGCCACCTACGCCATAA,TAG,ACG,3,7,TRUE,*,T,P,L,NA,NA,NA
PRM_0152,DK*LPPTP,GATAAATAGTTGCCACCTACTCCATAA,TAG,ACT,3,7,TRUE,*,T,P,L,NA,NA,NA
PRM_0152,DK*LPP*P,GATAAATAGTTGCCACCTTAGCCATAA,TAG,TAG,3,7,TRUE,*,*,P,L,NA,NA,NA
PRM_0152,DK*LPPYP,GATAAATAGTTGCCACCTTATCCATAA,TAG,TAT,3,7,TRUE,*,Y,P,L,NA,NA,NA
PRM_0152,DK*LPPLP,GATAAATAGTTGCCACCTTTGCCATAA,TAG,TTG,3,7,TRUE,*,L,P,L,NA,NA,NA
PRM_0152,DK*LPPFP,GATAAATAGTTGCCACCTTTTCCATAA,TAG,TTT,3,7,TRUE,*,F,P,L,NA,NA,NA
PRM_0152,DK*LPPWP,GATAAATAGTTGCCACCTTGGCCATAA,TAG,TGG,3,7,TRUE,*,W,P,L,NA,NA,NA
PRM_0152,DK*LPPCP,GATAAATAGTTGCCACCTTGTCCATAA,TAG,TGT,3,7,TRUE,*,C,P,L,NA,NA,NA
PRM_0152,DK*LPPSP,GATAAATAGTTGCCACCTTCGCCATAA,TAG,TCG,3,7,TRUE,*,S,P,L,NA,NA,NA
PRM_0152,DK*LPPSP,GATAAATAGTTGCCACCTTCTCCATAA,TAG,TCT,3,7,TRUE,*,S,P,L,NA,NA,NA
PRM_0152,DK*LPPEP,GATAAATAGTTGCCACCTGAGCCATAA,TAG,GAG,3,7,TRUE,*,E,P,L,NA,NA,NA
PRM_0152,DK*LPPDP,GATAAATAGTTGCCACCTGATCCATAA,TAG,GAT,3,7,TRUE,*,D,P,L,NA,NA,NA
PRM_0152,DK*LPPVP,GATAAATAGTTGCCACCTGTGCCATAA,TAG,GTG,3,7,TRUE,*,V,P,L,NA,NA,NA
PRM_0152,DK*LPPVP,GATAAATAGTTGCCACCTGTTCCATAA,TAG,GTT,3,7,TRUE,*,V,P,L,NA,NA,NA
PRM_0152,DK*LPPGP,GATAAATAGTTGCCACCTGGGCCATAA,TAG,GGG,3,7,TRUE,*,G,P,L,NA,NA,NA
PRM_0152,DK*LPPGP,GATAAATAGTTGCCACCTGGTCCATAA,TAG,GGT,3,7,TRUE,*,G,P,L,NA,NA,NA
PRM_0152,DK*LPPAP,GATAAATAGTTGCCACCTGCGCCATAA,TAG,GCG,3,7,TRUE,*,A,P,L,NA,NA,NA
PRM_0152,DK*LPPAP,GATAAATAGTTGCCACCTGCTCCATAA,TAG,GCT,3,7,TRUE,*,A,P,L,NA,NA,NA
PRM_0152,DK*LPPQP,GATAAATAGTTGCCACCTCAGCCATAA,TAG,CAG,3,7,TRUE,*,Q,P,L,NA,NA,NA
PRM_0152,DK*LPPHP,GATAAATAGTTGCCACCTCATCCATAA,TAG,CAT,3,7,TRUE,*,H,P,L,NA,NA,NA
PRM_0152,DK*LPPLP,GATAAATAGTTGCCACCTCTGCCATAA,TAG,CTG,3,7,TRUE,*,L,P,L,NA,NA,NA
PRM_0152,DK*LPPLP,GATAAATAGTTGCCACCTCTTCCATAA,TAG,CTT,3,7,TRUE,*,L,P,L,NA,NA,NA
PRM_0152,DK*LPPRP,GATAAATAGTTGCCACCTCGGCCATAA,TAG,CGG,3,7,TRUE,*,R,P,L,NA,NA,NA
PRM_0152,DK*LPPRP,GATAAATAGTTGCCACCTCGTCCATAA,TAG,CGT,3,7,TRUE,*,R,P,L,NA,NA,NA
PRM_0152,DK*LPPPP,GATAAATAGTTGCCACCTCCGCCATAA,TAG,CCG,3,7,TRUE,*,P,P,L,NA,NA,NA
PRM_0152,DK*LPPPP,GATAAATAGTTGCCACCTCCTCCATAA,TAG,CCT,3,7,TRUE,*,P,P,L,NA,NA,NA
PRM_0152,DKYLPPKP,GATAAATATTTGCCACCTAAGCCATAA,TAT,AAG,3,7,TRUE,Y,K,P,L,NA,NA,NA
PRM_0152,DKYLPPNP,GATAAATATTTGCCACCTAATCCATAA,TAT,AAT,3,7,TRUE,Y,N,P,L,NA,NA,NA
PRM_0152,DKYLPPMP,GATAAATATTTGCCACCTATGCCATAA,TAT,ATG,3,7,TRUE,Y,M,P,L,NA,NA,NA
PRM_0152,DKYLPPIP,GATAAATATTTGCCACCTATTCCATAA,TAT,ATT,3,7,TRUE,Y,I,P,L,NA,NA,NA
PRM_0152,DKYLPPRP,GATAAATATTTGCCACCTAGGCCATAA,TAT,AGG,3,7,TRUE,Y,R,P,L,NA,NA,NA
PRM_0152,DKYLPPSP,GATAAATATTTGCCACCTAGTCCATAA,TAT,AGT,3,7,TRUE,Y,S,P,L,NA,NA,NA
PRM_0152,DKYLPPTP,GATAAATATTTGCCACCTACGCCATAA,TAT,ACG,3,7,TRUE,Y,T,P,L,NA,NA,NA
PRM_0152,DKYLPPTP,GATAAATATTTGCCACCTACTCCATAA,TAT,ACT,3,7,TRUE,Y,T,P,L,NA,NA,NA
PRM_0152,DKYLPP*P,GATAAATATTTGCCACCTTAGCCATAA,TAT,TAG,3,7,TRUE,Y,*,P,L,NA,NA,NA
PRM_0152,DKYLPPYP,GATAAATATTTGCCACCTTATCCATAA,TAT,TAT,3,7,TRUE,Y,Y,P,L,NA,NA,NA
PRM_0152,DKYLPPLP,GATAAATATTTGCCACCTTTGCCATAA,TAT,TTG,3,7,TRUE,Y,L,P,L,NA,NA,NA
PRM_0152,DKYLPPFP,GATAAATATTTGCCACCTTTTCCATAA,TAT,TTT,3,7,TRUE,Y,F,P,L,NA,NA,NA
PRM_0152,DKYLPPWP,GATAAATATTTGCCACCTTGGCCATAA,TAT,TGG,3,7,TRUE,Y,W,P,L,NA,NA,NA
PRM_0152,DKYLPPCP,GATAAATATTTGCCACCTTGTCCATAA,TAT,TGT,3,7,TRUE,Y,C,P,L,NA,NA,NA
PRM_0152,DKYLPPSP,GATAAATATTTGCCACCTTCGCCATAA,TAT,TCG,3,7,TRUE,Y,S,P,L,NA,NA,NA
PRM_0152,DKYLPPSP,GATAAATATTTGCCACCTTCTCCATAA,TAT,TCT,3,7,TRUE,Y,S,P,L,NA,NA,NA
PRM_0152,DKYLPPEP,GATAAATATTTGCCACCTGAGCCATAA,TAT,GAG,3,7,TRUE,Y,E,P,L,NA,NA,NA
PRM_0152,DKYLPPDP,GATAAATATTTGCCACCTGATCCATAA,TAT,GAT,3,7,TRUE,Y,D,P,L,NA,NA,NA
PRM_0152,DKYLPPVP,GATAAATATTTGCCACCTGTGCCATAA,TAT,GTG,3,7,TRUE,Y,V,P,L,NA,NA,NA
PRM_0152,DKYLPPVP,GATAAATATTTGCCACCTGTTCCATAA,TAT,GTT,3,7,TRUE,Y,V,P,L,NA,NA,NA
PRM_0152,DKYLPPGP,GATAAATATTTGCCACCTGGGCCATAA,TAT,GGG,3,7,TRUE,Y,G,P,L,NA,NA,NA
PRM_0152,DKYLPPGP,GATAAATATTTGCCACCTGGTCCATAA,TAT,GGT,3,7,TRUE,Y,G,P,L,NA,NA,NA
PRM_0152,DKYLPPAP,GATAAATATTTGCCACCTGCGCCATAA,TAT,GCG,3,7,TRUE,Y,A,P,L,NA,NA,NA
PRM_0152,DKYLPPAP,GATAAATATTTGCCACCTGCTCCATAA,TAT,GCT,3,7,TRUE,Y,A,P,L,NA,NA,NA
PRM_0152,DKYLPPQP,GATAAATATTTGCCACCTCAGCCATAA,TAT,CAG,3,7,TRUE,Y,Q,P,L,NA,NA,NA
PRM_0152,DKYLPPHP,GATAAATATTTGCCACCTCATCCATAA,TAT,CAT,3,7,TRUE,Y,H,P,L,NA,NA,NA
PRM_0152,DKYLPPLP,GATAAATATTTGCCACCTCTGCCATAA,TAT,CTG,3,7,TRUE,Y,L,P,L,NA,NA,NA
PRM_0152,DKYLPPLP,GATAAATATTTGCCACCTCTTCCATAA,TAT,CTT,3,7,TRUE,Y,L,P,L,NA,NA,NA
PRM_0152,DKYLPPRP,GATAAATATTTGCCACCTCGGCCATAA,TAT,CGG,3,7,TRUE,Y,R,P,L,NA,NA,NA
PRM_0152,DKYLPPRP,GATAAATATTTGCCACCTCGTCCATAA,TAT,CGT,3,7,TRUE,Y,R,P,L,NA,NA,NA
PRM_0152,DKYLPPPP,GATAAATATTTGCCACCTCCGCCATAA,TAT,CCG,3,7,TRUE,Y,P,P,L,NA,NA,NA
PRM_0152,DKYLPPPP,GATAAATATTTGCCACCTCCTCCATAA,TAT,CCT,3,7,TRUE,Y,P,P,L,NA,NA,NA
PRM_0152,DKLLPPKP,GATAAATTGTTGCCACCTAAGCCATAA,TTG,AAG,3,7,TRUE,L,K,P,L,NA,NA,NA
PRM_0152,DKLLPPNP,GATAAATTGTTGCCACCTAATCCATAA,TTG,AAT,3,7,TRUE,L,N,P,L,NA,NA,NA
PRM_0152,DKLLPPMP,GATAAATTGTTGCCACCTATGCCATAA,TTG,ATG,3,7,TRUE,L,M,P,L,NA,NA,NA
PRM_0152,DKLLPPIP,GATAAATTGTTGCCACCTATTCCATAA,TTG,ATT,3,7,TRUE,L,I,P,L,NA,NA,NA
PRM_0152,DKLLPPRP,GATAAATTGTTGCCACCTAGGCCATAA,TTG,AGG,3,7,TRUE,L,R,P,L,NA,NA,NA
PRM_0152,DKLLPPSP,GATAAATTGTTGCCACCTAGTCCATAA,TTG,AGT,3,7,TRUE,L,S,P,L,NA,NA,NA
PRM_0152,DKLLPPTP,GATAAATTGTTGCCACCTACGCCATAA,TTG,ACG,3,7,TRUE,L,T,P,L,NA,NA,NA
PRM_0152,DKLLPPTP,GATAAATTGTTGCCACCTACTCCATAA,TTG,ACT,3,7,TRUE,L,T,P,L,NA,NA,NA
PRM_0152,DKLLPP*P,GATAAATTGTTGCCACCTTAGCCATAA,TTG,TAG,3,7,TRUE,L,*,P,L,NA,NA,NA
PRM_0152,DKLLPPYP,GATAAATTGTTGCCACCTTATCCATAA,TTG,TAT,3,7,TRUE,L,Y,P,L,NA,NA,NA
PRM_0152,DKLLPPLP,GATAAATTGTTGCCACCTTTGCCATAA,TTG,TTG,3,7,TRUE,L,L,P,L,NA,NA,NA
PRM_0152,DKLLPPFP,GATAAATTGTTGCCACCTTTTCCATAA,TTG,TTT,3,7,TRUE,L,F,P,L,NA,NA,NA
PRM_0152,DKLLPPWP,GATAAATTGTTGCCACCTTGGCCATAA,TTG,TGG,3,7,TRUE,L,W,P,L,NA,NA,NA
PRM_0152,DKLLPPCP,GATAAATTGTTGCCACCTTGTCCATAA,TTG,TGT,3,7,TRUE,L,C,P,L,NA,NA,NA
PRM_0152,DKLLPPSP,GATAAATTGTTGCCACCTTCGCCATAA,TTG,TCG,3,7,TRUE,L,S,P,L,NA,NA,NA
PRM_0152,DKLLPPSP,GATAAATTGTTGCCACCTTCTCCATAA,TTG,TCT,3,7,TRUE,L,S,P,L,NA,NA,NA
PRM_0152,DKLLPPEP,GATAAATTGTTGCCACCTGAGCCATAA,TTG,GAG,3,7,TRUE,L,E,P,L,NA,NA,NA
PRM_0152,DKLLPPDP,GATAAATTGTTGCCACCTGATCCATAA,TTG,GAT,3,7,TRUE,L,D,P,L,NA,NA,NA
PRM_0152,DKLLPPVP,GATAAATTGTTGCCACCTGTGCCATAA,TTG,GTG,3,7,TRUE,L,V,P,L,NA,NA,NA
PRM_0152,DKLLPPVP,GATAAATTGTTGCCACCTGTTCCATAA,TTG,GTT,3,7,TRUE,L,V,P,L,NA,NA,NA
PRM_0152,DKLLPPGP,GATAAATTGTTGCCACCTGGGCCATAA,TTG,GGG,3,7,TRUE,L,G,P,L,NA,NA,NA
PRM_0152,DKLLPPGP,GATAAATTGTTGCCACCTGGTCCATAA,TTG,GGT,3,7,TRUE,L,G,P,L,NA,NA,NA
PRM_0152,DKLLPPAP,GATAAATTGTTGCCACCTGCGCCATAA,TTG,GCG,3,7,TRUE,L,A,P,L,NA,NA,NA
PRM_0152,DKLLPPAP,GATAAATTGTTGCCACCTGCTCCATAA,TTG,GCT,3,7,TRUE,L,A,P,L,NA,NA,NA
PRM_0152,DKLLPPQP,GATAAATTGTTGCCACCTCAGCCATAA,TTG,CAG,3,7,TRUE,L,Q,P,L,NA,NA,NA
PRM_0152,DKLLPPHP,GATAAATTGTTGCCACCTCATCCATAA,TTG,CAT,3,7,TRUE,L,H,P,L,NA,NA,NA
PRM_0152,DKLLPPLP,GATAAATTGTTGCCACCTCTGCCATAA,TTG,CTG,3,7,TRUE,L,L,P,L,NA,NA,NA
PRM_0152,DKLLPPLP,GATAAATTGTTGCCACCTCTTCCATAA,TTG,CTT,3,7,TRUE,L,L,P,L,NA,NA,NA
PRM_0152,DKLLPPRP,GATAAATTGTTGCCACCTCGGCCATAA,TTG,CGG,3,7,TRUE,L,R,P,L,NA,NA,NA
PRM_0152,DKLLPPRP,GATAAATTGTTGCCACCTCGTCCATAA,TTG,CGT,3,7,TRUE,L,R,P,L,NA,NA,NA
PRM_0152,DKLLPPPP,GATAAATTGTTGCCACCTCCGCCATAA,TTG,CCG,3,7,TRUE,L,P,P,L,NA,NA,NA
PRM_0152,DKLLPPPP,GATAAATTGTTGCCACCTCCTCCATAA,TTG,CCT,3,7,TRUE,L,P,P,L,NA,NA,NA
PRM_0152,DKFLPPKP,GATAAATTTTTGCCACCTAAGCCATAA,TTT,AAG,3,7,TRUE,F,K,P,L,NA,NA,NA
PRM_0152,DKFLPPNP,GATAAATTTTTGCCACCTAATCCATAA,TTT,AAT,3,7,TRUE,F,N,P,L,NA,NA,NA
PRM_0152,DKFLPPMP,GATAAATTTTTGCCACCTATGCCATAA,TTT,ATG,3,7,TRUE,F,M,P,L,NA,NA,NA
PRM_0152,DKFLPPIP,GATAAATTTTTGCCACCTATTCCATAA,TTT,ATT,3,7,TRUE,F,I,P,L,NA,NA,NA
PRM_0152,DKFLPPRP,GATAAATTTTTGCCACCTAGGCCATAA,TTT,AGG,3,7,TRUE,F,R,P,L,NA,NA,NA
PRM_0152,DKFLPPSP,GATAAATTTTTGCCACCTAGTCCATAA,TTT,AGT,3,7,TRUE,F,S,P,L,NA,NA,NA
PRM_0152,DKFLPPTP,GATAAATTTTTGCCACCTACGCCATAA,TTT,ACG,3,7,TRUE,F,T,P,L,NA,NA,NA
PRM_0152,DKFLPPTP,GATAAATTTTTGCCACCTACTCCATAA,TTT,ACT,3,7,TRUE,F,T,P,L,NA,NA,NA
PRM_0152,DKFLPP*P,GATAAATTTTTGCCACCTTAGCCATAA,TTT,TAG,3,7,TRUE,F,*,P,L,NA,NA,NA
PRM_0152,DKFLPPYP,GATAAATTTTTGCCACCTTATCCATAA,TTT,TAT,3,7,TRUE,F,Y,P,L,NA,NA,NA
PRM_0152,DKFLPPLP,GATAAATTTTTGCCACCTTTGCCATAA,TTT,TTG,3,7,TRUE,F,L,P,L,NA,NA,NA
PRM_0152,DKFLPPFP,GATAAATTTTTGCCACCTTTTCCATAA,TTT,TTT,3,7,TRUE,F,F,P,L,NA,NA,NA
PRM_0152,DKFLPPWP,GATAAATTTTTGCCACCTTGGCCATAA,TTT,TGG,3,7,TRUE,F,W,P,L,NA,NA,NA
PRM_0152,DKFLPPCP,GATAAATTTTTGCCACCTTGTCCATAA,TTT,TGT,3,7,TRUE,F,C,P,L,NA,NA,NA
PRM_0152,DKFLPPSP,GATAAATTTTTGCCACCTTCGCCATAA,TTT,TCG,3,7,TRUE,F,S,P,L,NA,NA,NA
PRM_0152,DKFLPPSP,GATAAATTTTTGCCACCTTCTCCATAA,TTT,TCT,3,7,TRUE,F,S,P,L,NA,NA,NA
PRM_0152,DKFLPPEP,GATAAATTTTTGCCACCTGAGCCATAA,TTT,GAG,3,7,TRUE,F,E,P,L,NA,NA,NA
PRM_0152,DKFLPPDP,GATAAATTTTTGCCACCTGATCCATAA,TTT,GAT,3,7,TRUE,F,D,P,L,NA,NA,NA
PRM_0152,DKFLPPVP,GATAAATTTTTGCCACCTGTGCCATAA,TTT,GTG,3,7,TRUE,F,V,P,L,NA,NA,NA
PRM_0152,DKFLPPVP,GATAAATTTTTGCCACCTGTTCCATAA,TTT,GTT,3,7,TRUE,F,V,P,L,NA,NA,NA
PRM_0152,DKFLPPGP,GATAAATTTTTGCCACCTGGGCCATAA,TTT,GGG,3,7,TRUE,F,G,P,L,NA,NA,NA
PRM_0152,DKFLPPGP,GATAAATTTTTGCCACCTGGTCCATAA,TTT,GGT,3,7,TRUE,F,G,P,L,NA,NA,NA
PRM_0152,DKFLPPAP,GATAAATTTTTGCCACCTGCGCCATAA,TTT,GCG,3,7,TRUE,F,A,P,L,NA,NA,NA
PRM_0152,DKFLPPAP,GATAAATTTTTGCCACCTGCTCCATAA,TTT,GCT,3,7,TRUE,F,A,P,L,NA,NA,NA
PRM_0152,DKFLPPQP,GATAAATTTTTGCCACCTCAGCCATAA,TTT,CAG,3,7,TRUE,F,Q,P,L,NA,NA,NA
PRM_0152,DKFLPPHP,GATAAATTTTTGCCACCTCATCCATAA,TTT,CAT,3,7,TRUE,F,H,P,L,NA,NA,NA
PRM_0152,DKFLPPLP,GATAAATTTTTGCCACCTCTGCCATAA,TTT,CTG,3,7,TRUE,F,L,P,L,NA,NA,NA
PRM_0152,DKFLPPLP,GATAAATTTTTGCCACCTCTTCCATAA,TTT,CTT,3,7,TRUE,F,L,P,L,NA,NA,NA
PRM_0152,DKFLPPRP,GATAAATTTTTGCCACCTCGGCCATAA,TTT,CGG,3,7,TRUE,F,R,P,L,NA,NA,NA
PRM_0152,DKFLPPRP,GATAAATTTTTGCCACCTCGTCCATAA,TTT,CGT,3,7,TRUE,F,R,P,L,NA,NA,NA
PRM_0152,DKFLPPPP,GATAAATTTTTGCCACCTCCGCCATAA,TTT,CCG,3,7,TRUE,F,P,P,L,NA,NA,NA
PRM_0152,DKFLPPPP,GATAAATTTTTGCCACCTCCTCCATAA,TTT,CCT,3,7,TRUE,F,P,P,L,NA,NA,NA
PRM_0152,DKWLPPKP,GATAAATGGTTGCCACCTAAGCCATAA,TGG,AAG,3,7,TRUE,W,K,P,L,NA,NA,NA
PRM_0152,DKWLPPNP,GATAAATGGTTGCCACCTAATCCATAA,TGG,AAT,3,7,TRUE,W,N,P,L,NA,NA,NA
PRM_0152,DKWLPPMP,GATAAATGGTTGCCACCTATGCCATAA,TGG,ATG,3,7,TRUE,W,M,P,L,NA,NA,NA
PRM_0152,DKWLPPIP,GATAAATGGTTGCCACCTATTCCATAA,TGG,ATT,3,7,TRUE,W,I,P,L,NA,NA,NA
PRM_0152,DKWLPPRP,GATAAATGGTTGCCACCTAGGCCATAA,TGG,AGG,3,7,TRUE,W,R,P,L,NA,NA,NA
PRM_0152,DKWLPPSP,GATAAATGGTTGCCACCTAGTCCATAA,TGG,AGT,3,7,TRUE,W,S,P,L,NA,NA,NA
PRM_0152,DKWLPPTP,GATAAATGGTTGCCACCTACGCCATAA,TGG,ACG,3,7,TRUE,W,T,P,L,NA,NA,NA
PRM_0152,DKWLPPTP,GATAAATGGTTGCCACCTACTCCATAA,TGG,ACT,3,7,TRUE,W,T,P,L,NA,NA,NA
PRM_0152,DKWLPP*P,GATAAATGGTTGCCACCTTAGCCATAA,TGG,TAG,3,7,TRUE,W,*,P,L,NA,NA,NA
PRM_0152,DKWLPPYP,GATAAATGGTTGCCACCTTATCCATAA,TGG,TAT,3,7,TRUE,W,Y,P,L,NA,NA,NA
PRM_0152,DKWLPPLP,GATAAATGGTTGCCACCTTTGCCATAA,TGG,TTG,3,7,TRUE,W,L,P,L,NA,NA,NA
PRM_0152,DKWLPPFP,GATAAATGGTTGCCACCTTTTCCATAA,TGG,TTT,3,7,TRUE,W,F,P,L,NA,NA,NA
PRM_0152,DKWLPPWP,GATAAATGGTTGCCACCTTGGCCATAA,TGG,TGG,3,7,TRUE,W,W,P,L,NA,NA,NA
PRM_0152,DKWLPPCP,GATAAATGGTTGCCACCTTGTCCATAA,TGG,TGT,3,7,TRUE,W,C,P,L,NA,NA,NA
PRM_0152,DKWLPPSP,GATAAATGGTTGCCACCTTCGCCATAA,TGG,TCG,3,7,TRUE,W,S,P,L,NA,NA,NA
PRM_0152,DKWLPPSP,GATAAATGGTTGCCACCTTCTCCATAA,TGG,TCT,3,7,TRUE,W,S,P,L,NA,NA,NA
PRM_0152,DKWLPPEP,GATAAATGGTTGCCACCTGAGCCATAA,TGG,GAG,3,7,TRUE,W,E,P,L,NA,NA,NA
PRM_0152,DKWLPPDP,GATAAATGGTTGCCACCTGATCCATAA,TGG,GAT,3,7,TRUE,W,D,P,L,NA,NA,NA
PRM_0152,DKWLPPVP,GATAAATGGTTGCCACCTGTGCCATAA,TGG,GTG,3,7,TRUE,W,V,P,L,NA,NA,NA
PRM_0152,DKWLPPVP,GATAAATGGTTGCCACCTGTTCCATAA,TGG,GTT,3,7,TRUE,W,V,P,L,NA,NA,NA
PRM_0152,DKWLPPGP,GATAAATGGTTGCCACCTGGGCCATAA,TGG,GGG,3,7,TRUE,W,G,P,L,NA,NA,NA
PRM_0152,DKWLPPGP,GATAAATGGTTGCCACCTGGTCCATAA,TGG,GGT,3,7,TRUE,W,G,P,L,NA,NA,NA
PRM_0152,DKWLPPAP,GATAAATGGTTGCCACCTGCGCCATAA,TGG,GCG,3,7,TRUE,W,A,P,L,NA,NA,NA
PRM_0152,DKWLPPAP,GATAAATGGTTGCCACCTGCTCCATAA,TGG,GCT,3,7,TRUE,W,A,P,L,NA,NA,NA
PRM_0152,DKWLPPQP,GATAAATGGTTGCCACCTCAGCCATAA,TGG,CAG,3,7,TRUE,W,Q,P,L,NA,NA,NA
PRM_0152,DKWLPPHP,GATAAATGGTTGCCACCTCATCCATAA,TGG,CAT,3,7,TRUE,W,H,P,L,NA,NA,NA
PRM_0152,DKWLPPLP,GATAAATGGTTGCCACCTCTGCCATAA,TGG,CTG,3,7,TRUE,W,L,P,L,NA,NA,NA
PRM_0152,DKWLPPLP,GATAAATGGTTGCCACCTCTTCCATAA,TGG,CTT,3,7,TRUE,W,L,P,L,NA,NA,NA
PRM_0152,DKWLPPRP,GATAAATGGTTGCCACCTCGGCCATAA,TGG,CGG,3,7,TRUE,W,R,P,L,NA,NA,NA
PRM_0152,DKWLPPRP,GATAAATGGTTGCCACCTCGTCCATAA,TGG,CGT,3,7,TRUE,W,R,P,L,NA,NA,NA
PRM_0152,DKWLPPPP,GATAAATGGTTGCCACCTCCGCCATAA,TGG,CCG,3,7,TRUE,W,P,P,L,NA,NA,NA
PRM_0152,DKWLPPPP,GATAAATGGTTGCCACCTCCTCCATAA,TGG,CCT,3,7,TRUE,W,P,P,L,NA,NA,NA
PRM_0152,DKCLPPKP,GATAAATGTTTGCCACCTAAGCCATAA,TGT,AAG,3,7,TRUE,C,K,P,L,NA,NA,NA
PRM_0152,DKCLPPNP,GATAAATGTTTGCCACCTAATCCATAA,TGT,AAT,3,7,TRUE,C,N,P,L,NA,NA,NA
PRM_0152,DKCLPPMP,GATAAATGTTTGCCACCTATGCCATAA,TGT,ATG,3,7,TRUE,C,M,P,L,NA,NA,NA
PRM_0152,DKCLPPIP,GATAAATGTTTGCCACCTATTCCATAA,TGT,ATT,3,7,TRUE,C,I,P,L,NA,NA,NA
PRM_0152,DKCLPPRP,GATAAATGTTTGCCACCTAGGCCATAA,TGT,AGG,3,7,TRUE,C,R,P,L,NA,NA,NA
PRM_0152,DKCLPPSP,GATAAATGTTTGCCACCTAGTCCATAA,TGT,AGT,3,7,TRUE,C,S,P,L,NA,NA,NA
PRM_0152,DKCLPPTP,GATAAATGTTTGCCACCTACGCCATAA,TGT,ACG,3,7,TRUE,C,T,P,L,NA,NA,NA
PRM_0152,DKCLPPTP,GATAAATGTTTGCCACCTACTCCATAA,TGT,ACT,3,7,TRUE,C,T,P,L,NA,NA,NA
PRM_0152,DKCLPP*P,GATAAATGTTTGCCACCTTAGCCATAA,TGT,TAG,3,7,TRUE,C,*,P,L,NA,NA,NA
PRM_0152,DKCLPPYP,GATAAATGTTTGCCACCTTATCCATAA,TGT,TAT,3,7,TRUE,C,Y,P,L,NA,NA,NA
PRM_0152,DKCLPPLP,GATAAATGTTTGCCACCTTTGCCATAA,TGT,TTG,3,7,TRUE,C,L,P,L,NA,NA,NA
PRM_0152,DKCLPPFP,GATAAATGTTTGCCACCTTTTCCATAA,TGT,TTT,3,7,TRUE,C,F,P,L,NA,NA,NA
PRM_0152,DKCLPPWP,GATAAATGTTTGCCACCTTGGCCATAA,TGT,TGG,3,7,TRUE,C,W,P,L,NA,NA,NA
PRM_0152,DKCLPPCP,GATAAATGTTTGCCACCTTGTCCATAA,TGT,TGT,3,7,TRUE,C,C,P,L,NA,NA,NA
PRM_0152,DKCLPPSP,GATAAATGTTTGCCACCTTCGCCATAA,TGT,TCG,3,7,TRUE,C,S,P,L,NA,NA,NA
PRM_0152,DKCLPPSP,GATAAATGTTTGCCACCTTCTCCATAA,TGT,TCT,3,7,TRUE,C,S,P,L,NA,NA,NA
PRM_0152,DKCLPPEP,GATAAATGTTTGCCACCTGAGCCATAA,TGT,GAG,3,7,TRUE,C,E,P,L,NA,NA,NA
PRM_0152,DKCLPPDP,GATAAATGTTTGCCACCTGATCCATAA,TGT,GAT,3,7,TRUE,C,D,P,L,NA,NA,NA
PRM_0152,DKCLPPVP,GATAAATGTTTGCCACCTGTGCCATAA,TGT,GTG,3,7,TRUE,C,V,P,L,NA,NA,NA
PRM_0152,DKCLPPVP,GATAAATGTTTGCCACCTGTTCCATAA,TGT,GTT,3,7,TRUE,C,V,P,L,NA,NA,NA
PRM_0152,DKCLPPGP,GATAAATGTTTGCCACCTGGGCCATAA,TGT,GGG,3,7,TRUE,C,G,P,L,NA,NA,NA
PRM_0152,DKCLPPGP,GATAAATGTTTGCCACCTGGTCCATAA,TGT,GGT,3,7,TRUE,C,G,P,L,NA,NA,NA
PRM_0152,DKCLPPAP,GATAAATGTTTGCCACCTGCGCCATAA,TGT,GCG,3,7,TRUE,C,A,P,L,NA,NA,NA
PRM_0152,DKCLPPAP,GATAAATGTTTGCCACCTGCTCCATAA,TGT,GCT,3,7,TRUE,C,A,P,L,NA,NA,NA
PRM_0152,DKCLPPQP,GATAAATGTTTGCCACCTCAGCCATAA,TGT,CAG,3,7,TRUE,C,Q,P,L,NA,NA,NA
PRM_0152,DKCLPPHP,GATAAATGTTTGCCACCTCATCCATAA,TGT,CAT,3,7,TRUE,C,H,P,L,NA,NA,NA
PRM_0152,DKCLPPLP,GATAAATGTTTGCCACCTCTGCCATAA,TGT,CTG,3,7,TRUE,C,L,P,L,NA,NA,NA
PRM_0152,DKCLPPLP,GATAAATGTTTGCCACCTCTTCCATAA,TGT,CTT,3,7,TRUE,C,L,P,L,NA,NA,NA
PRM_0152,DKCLPPRP,GATAAATGTTTGCCACCTCGGCCATAA,TGT,CGG,3,7,TRUE,C,R,P,L,NA,NA,NA
PRM_0152,DKCLPPRP,GATAAATGTTTGCCACCTCGTCCATAA,TGT,CGT,3,7,TRUE,C,R,P,L,NA,NA,NA
PRM_0152,DKCLPPPP,GATAAATGTTTGCCACCTCCGCCATAA,TGT,CCG,3,7,TRUE,C,P,P,L,NA,NA,NA
PRM_0152,DKCLPPPP,GATAAATGTTTGCCACCTCCTCCATAA,TGT,CCT,3,7,TRUE,C,P,P,L,NA,NA,NA
PRM_0152,DKSLPPKP,GATAAATCGTTGCCACCTAAGCCATAA,TCG,AAG,3,7,TRUE,S,K,P,L,NA,NA,NA
PRM_0152,DKSLPPNP,GATAAATCGTTGCCACCTAATCCATAA,TCG,AAT,3,7,TRUE,S,N,P,L,NA,NA,NA
PRM_0152,DKSLPPMP,GATAAATCGTTGCCACCTATGCCATAA,TCG,ATG,3,7,TRUE,S,M,P,L,NA,NA,NA
PRM_0152,DKSLPPIP,GATAAATCGTTGCCACCTATTCCATAA,TCG,ATT,3,7,TRUE,S,I,P,L,NA,NA,NA
PRM_0152,DKSLPPRP,GATAAATCGTTGCCACCTAGGCCATAA,TCG,AGG,3,7,TRUE,S,R,P,L,NA,NA,NA
PRM_0152,DKSLPPSP,GATAAATCGTTGCCACCTAGTCCATAA,TCG,AGT,3,7,TRUE,S,S,P,L,NA,NA,NA
PRM_0152,DKSLPPTP,GATAAATCGTTGCCACCTACGCCATAA,TCG,ACG,3,7,TRUE,S,T,P,L,NA,NA,NA
PRM_0152,DKSLPPTP,GATAAATCGTTGCCACCTACTCCATAA,TCG,ACT,3,7,TRUE,S,T,P,L,NA,NA,NA
PRM_0152,DKSLPP*P,GATAAATCGTTGCCACCTTAGCCATAA,TCG,TAG,3,7,TRUE,S,*,P,L,NA,NA,NA
PRM_0152,DKSLPPYP,GATAAATCGTTGCCACCTTATCCATAA,TCG,TAT,3,7,TRUE,S,Y,P,L,NA,NA,NA
PRM_0152,DKSLPPLP,GATAAATCGTTGCCACCTTTGCCATAA,TCG,TTG,3,7,TRUE,S,L,P,L,NA,NA,NA
PRM_0152,DKSLPPFP,GATAAATCGTTGCCACCTTTTCCATAA,TCG,TTT,3,7,TRUE,S,F,P,L,NA,NA,NA
PRM_0152,DKSLPPWP,GATAAATCGTTGCCACCTTGGCCATAA,TCG,TGG,3,7,TRUE,S,W,P,L,NA,NA,NA
PRM_0152,DKSLPPCP,GATAAATCGTTGCCACCTTGTCCATAA,TCG,TGT,3,7,TRUE,S,C,P,L,NA,NA,NA
PRM_0152,DKSLPPSP,GATAAATCGTTGCCACCTTCGCCATAA,TCG,TCG,3,7,TRUE,S,S,P,L,NA,NA,NA
PRM_0152,DKSLPPSP,GATAAATCGTTGCCACCTTCTCCATAA,TCG,TCT,3,7,TRUE,S,S,P,L,NA,NA,NA
PRM_0152,DKSLPPEP,GATAAATCGTTGCCACCTGAGCCATAA,TCG,GAG,3,7,TRUE,S,E,P,L,NA,NA,NA
PRM_0152,DKSLPPDP,GATAAATCGTTGCCACCTGATCCATAA,TCG,GAT,3,7,TRUE,S,D,P,L,NA,NA,NA
PRM_0152,DKSLPPVP,GATAAATCGTTGCCACCTGTGCCATAA,TCG,GTG,3,7,TRUE,S,V,P,L,NA,NA,NA
PRM_0152,DKSLPPVP,GATAAATCGTTGCCACCTGTTCCATAA,TCG,GTT,3,7,TRUE,S,V,P,L,NA,NA,NA
PRM_0152,DKSLPPGP,GATAAATCGTTGCCACCTGGGCCATAA,TCG,GGG,3,7,TRUE,S,G,P,L,NA,NA,NA
PRM_0152,DKSLPPGP,GATAAATCGTTGCCACCTGGTCCATAA,TCG,GGT,3,7,TRUE,S,G,P,L,NA,NA,NA
PRM_0152,DKSLPPAP,GATAAATCGTTGCCACCTGCGCCATAA,TCG,GCG,3,7,TRUE,S,A,P,L,NA,NA,NA
PRM_0152,DKSLPPAP,GATAAATCGTTGCCACCTGCTCCATAA,TCG,GCT,3,7,TRUE,S,A,P,L,NA,NA,NA
PRM_0152,DKSLPPQP,GATAAATCGTTGCCACCTCAGCCATAA,TCG,CAG,3,7,TRUE,S,Q,P,L,NA,NA,NA
PRM_0152,DKSLPPHP,GATAAATCGTTGCCACCTCATCCATAA,TCG,CAT,3,7,TRUE,S,H,P,L,NA,NA,NA
PRM_0152,DKSLPPLP,GATAAATCGTTGCCACCTCTGCCATAA,TCG,CTG,3,7,TRUE,S,L,P,L,NA,NA,NA
PRM_0152,DKSLPPLP,GATAAATCGTTGCCACCTCTTCCATAA,TCG,CTT,3,7,TRUE,S,L,P,L,NA,NA,NA
PRM_0152,DKSLPPRP,GATAAATCGTTGCCACCTCGGCCATAA,TCG,CGG,3,7,TRUE,S,R,P,L,NA,NA,NA
PRM_0152,DKSLPPRP,GATAAATCGTTGCCACCTCGTCCATAA,TCG,CGT,3,7,TRUE,S,R,P,L,NA,NA,NA
PRM_0152,DKSLPPPP,GATAAATCGTTGCCACCTCCGCCATAA,TCG,CCG,3,7,TRUE,S,P,P,L,NA,NA,NA
PRM_0152,DKSLPPPP,GATAAATCGTTGCCACCTCCTCCATAA,TCG,CCT,3,7,TRUE,S,P,P,L,NA,NA,NA
PRM_0152,DKSLPPKP,GATAAATCTTTGCCACCTAAGCCATAA,TCT,AAG,3,7,TRUE,S,K,P,L,NA,NA,NA
PRM_0152,DKSLPPNP,GATAAATCTTTGCCACCTAATCCATAA,TCT,AAT,3,7,TRUE,S,N,P,L,NA,NA,NA
PRM_0152,DKSLPPMP,GATAAATCTTTGCCACCTATGCCATAA,TCT,ATG,3,7,TRUE,S,M,P,L,NA,NA,NA
PRM_0152,DKSLPPIP,GATAAATCTTTGCCACCTATTCCATAA,TCT,ATT,3,7,TRUE,S,I,P,L,NA,NA,NA
PRM_0152,DKSLPPRP,GATAAATCTTTGCCACCTAGGCCATAA,TCT,AGG,3,7,TRUE,S,R,P,L,NA,NA,NA
PRM_0152,DKSLPPSP,GATAAATCTTTGCCACCTAGTCCATAA,TCT,AGT,3,7,TRUE,S,S,P,L,NA,NA,NA
PRM_0152,DKSLPPTP,GATAAATCTTTGCCACCTACGCCATAA,TCT,ACG,3,7,TRUE,S,T,P,L,NA,NA,NA
PRM_0152,DKSLPPTP,GATAAATCTTTGCCACCTACTCCATAA,TCT,ACT,3,7,TRUE,S,T,P,L,NA,NA,NA
PRM_0152,DKSLPP*P,GATAAATCTTTGCCACCTTAGCCATAA,TCT,TAG,3,7,TRUE,S,*,P,L,NA,NA,NA
PRM_0152,DKSLPPYP,GATAAATCTTTGCCACCTTATCCATAA,TCT,TAT,3,7,TRUE,S,Y,P,L,NA,NA,NA
PRM_0152,DKSLPPLP,GATAAATCTTTGCCACCTTTGCCATAA,TCT,TTG,3,7,TRUE,S,L,P,L,NA,NA,NA
PRM_0152,DKSLPPFP,GATAAATCTTTGCCACCTTTTCCATAA,TCT,TTT,3,7,TRUE,S,F,P,L,NA,NA,NA
PRM_0152,DKSLPPWP,GATAAATCTTTGCCACCTTGGCCATAA,TCT,TGG,3,7,TRUE,S,W,P,L,NA,NA,NA
PRM_0152,DKSLPPCP,GATAAATCTTTGCCACCTTGTCCATAA,TCT,TGT,3,7,TRUE,S,C,P,L,NA,NA,NA
PRM_0152,DKSLPPSP,GATAAATCTTTGCCACCTTCGCCATAA,TCT,TCG,3,7,TRUE,S,S,P,L,NA,NA,NA
PRM_0152,DKSLPPSP,GATAAATCTTTGCCACCTTCTCCATAA,TCT,TCT,3,7,TRUE,S,S,P,L,NA,NA,NA
PRM_0152,DKSLPPEP,GATAAATCTTTGCCACCTGAGCCATAA,TCT,GAG,3,7,TRUE,S,E,P,L,NA,NA,NA
PRM_0152,DKSLPPDP,GATAAATCTTTGCCACCTGATCCATAA,TCT,GAT,3,7,TRUE,S,D,P,L,NA,NA,NA
PRM_0152,DKSLPPVP,GATAAATCTTTGCCACCTGTGCCATAA,TCT,GTG,3,7,TRUE,S,V,P,L,NA,NA,NA
PRM_0152,DKSLPPVP,GATAAATCTTTGCCACCTGTTCCATAA,TCT,GTT,3,7,TRUE,S,V,P,L,NA,NA,NA
PRM_0152,DKSLPPGP,GATAAATCTTTGCCACCTGGGCCATAA,TCT,GGG,3,7,TRUE,S,G,P,L,NA,NA,NA
PRM_0152,DKSLPPGP,GATAAATCTTTGCCACCTGGTCCATAA,TCT,GGT,3,7,TRUE,S,G,P,L,NA,NA,NA
PRM_0152,DKSLPPAP,GATAAATCTTTGCCACCTGCGCCATAA,TCT,GCG,3,7,TRUE,S,A,P,L,NA,NA,NA
PRM_0152,DKSLPPAP,GATAAATCTTTGCCACCTGCTCCATAA,TCT,GCT,3,7,TRUE,S,A,P,L,NA,NA,NA
PRM_0152,DKSLPPQP,GATAAATCTTTGCCACCTCAGCCATAA,TCT,CAG,3,7,TRUE,S,Q,P,L,NA,NA,NA
PRM_0152,DKSLPPHP,GATAAATCTTTGCCACCTCATCCATAA,TCT,CAT,3,7,TRUE,S,H,P,L,NA,NA,NA
PRM_0152,DKSLPPLP,GATAAATCTTTGCCACCTCTGCCATAA,TCT,CTG,3,7,TRUE,S,L,P,L,NA,NA,NA
PRM_0152,DKSLPPLP,GATAAATCTTTGCCACCTCTTCCATAA,TCT,CTT,3,7,TRUE,S,L,P,L,NA,NA,NA
PRM_0152,DKSLPPRP,GATAAATCTTTGCCACCTCGGCCATAA,TCT,CGG,3,7,TRUE,S,R,P,L,NA,NA,NA
PRM_0152,DKSLPPRP,GATAAATCTTTGCCACCTCGTCCATAA,TCT,CGT,3,7,TRUE,S,R,P,L,NA,NA,NA
PRM_0152,DKSLPPPP,GATAAATCTTTGCCACCTCCGCCATAA,TCT,CCG,3,7,TRUE,S,P,P,L,NA,NA,NA
PRM_0152,DKSLPPPP,GATAAATCTTTGCCACCTCCTCCATAA,TCT,CCT,3,7,TRUE,S,P,P,L,NA,NA,NA
PRM_0152,DKELPPKP,GATAAAGAGTTGCCACCTAAGCCATAA,GAG,AAG,3,7,TRUE,E,K,P,L,NA,NA,NA
PRM_0152,DKELPPNP,GATAAAGAGTTGCCACCTAATCCATAA,GAG,AAT,3,7,TRUE,E,N,P,L,NA,NA,NA
PRM_0152,DKELPPMP,GATAAAGAGTTGCCACCTATGCCATAA,GAG,ATG,3,7,TRUE,E,M,P,L,NA,NA,NA
PRM_0152,DKELPPIP,GATAAAGAGTTGCCACCTATTCCATAA,GAG,ATT,3,7,TRUE,E,I,P,L,NA,NA,NA
PRM_0152,DKELPPRP,GATAAAGAGTTGCCACCTAGGCCATAA,GAG,AGG,3,7,TRUE,E,R,P,L,NA,NA,NA
PRM_0152,DKELPPSP,GATAAAGAGTTGCCACCTAGTCCATAA,GAG,AGT,3,7,TRUE,E,S,P,L,NA,NA,NA
PRM_0152,DKELPPTP,GATAAAGAGTTGCCACCTACGCCATAA,GAG,ACG,3,7,TRUE,E,T,P,L,NA,NA,NA
PRM_0152,DKELPPTP,GATAAAGAGTTGCCACCTACTCCATAA,GAG,ACT,3,7,TRUE,E,T,P,L,NA,NA,NA
PRM_0152,DKELPP*P,GATAAAGAGTTGCCACCTTAGCCATAA,GAG,TAG,3,7,TRUE,E,*,P,L,NA,NA,NA
PRM_0152,DKELPPYP,GATAAAGAGTTGCCACCTTATCCATAA,GAG,TAT,3,7,TRUE,E,Y,P,L,NA,NA,NA
PRM_0152,DKELPPLP,GATAAAGAGTTGCCACCTTTGCCATAA,GAG,TTG,3,7,TRUE,E,L,P,L,NA,NA,NA
PRM_0152,DKELPPFP,GATAAAGAGTTGCCACCTTTTCCATAA,GAG,TTT,3,7,TRUE,E,F,P,L,NA,NA,NA
PRM_0152,DKELPPWP,GATAAAGAGTTGCCACCTTGGCCATAA,GAG,TGG,3,7,TRUE,E,W,P,L,NA,NA,NA
PRM_0152,DKELPPCP,GATAAAGAGTTGCCACCTTGTCCATAA,GAG,TGT,3,7,TRUE,E,C,P,L,NA,NA,NA
PRM_0152,DKELPPSP,GATAAAGAGTTGCCACCTTCGCCATAA,GAG,TCG,3,7,TRUE,E,S,P,L,NA,NA,NA
PRM_0152,DKELPPSP,GATAAAGAGTTGCCACCTTCTCCATAA,GAG,TCT,3,7,TRUE,E,S,P,L,NA,NA,NA
PRM_0152,DKELPPEP,GATAAAGAGTTGCCACCTGAGCCATAA,GAG,GAG,3,7,TRUE,E,E,P,L,NA,NA,NA
PRM_0152,DKELPPDP,GATAAAGAGTTGCCACCTGATCCATAA,GAG,GAT,3,7,TRUE,E,D,P,L,NA,NA,NA
PRM_0152,DKELPPVP,GATAAAGAGTTGCCACCTGTGCCATAA,GAG,GTG,3,7,TRUE,E,V,P,L,NA,NA,NA
PRM_0152,DKELPPVP,GATAAAGAGTTGCCACCTGTTCCATAA,GAG,GTT,3,7,TRUE,E,V,P,L,NA,NA,NA
PRM_0152,DKELPPGP,GATAAAGAGTTGCCACCTGGGCCATAA,GAG,GGG,3,7,TRUE,E,G,P,L,NA,NA,NA
PRM_0152,DKELPPGP,GATAAAGAGTTGCCACCTGGTCCATAA,GAG,GGT,3,7,TRUE,E,G,P,L,NA,NA,NA
PRM_0152,DKELPPAP,GATAAAGAGTTGCCACCTGCGCCATAA,GAG,GCG,3,7,TRUE,E,A,P,L,NA,NA,NA
PRM_0152,DKELPPAP,GATAAAGAGTTGCCACCTGCTCCATAA,GAG,GCT,3,7,TRUE,E,A,P,L,NA,NA,NA
PRM_0152,DKELPPQP,GATAAAGAGTTGCCACCTCAGCCATAA,GAG,CAG,3,7,TRUE,E,Q,P,L,NA,NA,NA
PRM_0152,DKELPPHP,GATAAAGAGTTGCCACCTCATCCATAA,GAG,CAT,3,7,TRUE,E,H,P,L,NA,NA,NA
PRM_0152,DKELPPLP,GATAAAGAGTTGCCACCTCTGCCATAA,GAG,CTG,3,7,TRUE,E,L,P,L,NA,NA,NA
PRM_0152,DKELPPLP,GATAAAGAGTTGCCACCTCTTCCATAA,GAG,CTT,3,7,TRUE,E,L,P,L,NA,NA,NA
PRM_0152,DKELPPRP,GATAAAGAGTTGCCACCTCGGCCATAA,GAG,CGG,3,7,TRUE,E,R,P,L,NA,NA,NA
PRM_0152,DKELPPRP,GATAAAGAGTTGCCACCTCGTCCATAA,GAG,CGT,3,7,TRUE,E,R,P,L,NA,NA,NA
PRM_0152,DKELPPPP,GATAAAGAGTTGCCACCTCCGCCATAA,GAG,CCG,3,7,TRUE,E,P,P,L,NA,NA,NA
PRM_0152,DKELPPPP,GATAAAGAGTTGCCACCTCCTCCATAA,GAG,CCT,3,7,TRUE,E,P,P,L,NA,NA,NA
PRM_0152,DKDLPPKP,GATAAAGATTTGCCACCTAAGCCATAA,GAT,AAG,3,7,TRUE,D,K,P,L,NA,NA,NA
PRM_0152,DKDLPPNP,GATAAAGATTTGCCACCTAATCCATAA,GAT,AAT,3,7,TRUE,D,N,P,L,NA,NA,NA
PRM_0152,DKDLPPMP,GATAAAGATTTGCCACCTATGCCATAA,GAT,ATG,3,7,TRUE,D,M,P,L,NA,NA,NA
PRM_0152,DKDLPPIP,GATAAAGATTTGCCACCTATTCCATAA,GAT,ATT,3,7,TRUE,D,I,P,L,NA,NA,NA
PRM_0152,DKDLPPRP,GATAAAGATTTGCCACCTAGGCCATAA,GAT,AGG,3,7,TRUE,D,R,P,L,NA,NA,NA
PRM_0152,DKDLPPSP,GATAAAGATTTGCCACCTAGTCCATAA,GAT,AGT,3,7,TRUE,D,S,P,L,NA,NA,NA
PRM_0152,DKDLPPTP,GATAAAGATTTGCCACCTACGCCATAA,GAT,ACG,3,7,TRUE,D,T,P,L,NA,NA,NA
PRM_0152,DKDLPPTP,GATAAAGATTTGCCACCTACTCCATAA,GAT,ACT,3,7,TRUE,D,T,P,L,NA,NA,NA
PRM_0152,DKDLPP*P,GATAAAGATTTGCCACCTTAGCCATAA,GAT,TAG,3,7,TRUE,D,*,P,L,NA,NA,NA
PRM_0152,DKDLPPYP,GATAAAGATTTGCCACCTTATCCATAA,GAT,TAT,3,7,TRUE,D,Y,P,L,NA,NA,NA
PRM_0152,DKDLPPLP,GATAAAGATTTGCCACCTTTGCCATAA,GAT,TTG,3,7,TRUE,D,L,P,L,NA,NA,NA
PRM_0152,DKDLPPFP,GATAAAGATTTGCCACCTTTTCCATAA,GAT,TTT,3,7,TRUE,D,F,P,L,NA,NA,NA
PRM_0152,DKDLPPWP,GATAAAGATTTGCCACCTTGGCCATAA,GAT,TGG,3,7,TRUE,D,W,P,L,NA,NA,NA
PRM_0152,DKDLPPCP,GATAAAGATTTGCCACCTTGTCCATAA,GAT,TGT,3,7,TRUE,D,C,P,L,NA,NA,NA
PRM_0152,DKDLPPSP,GATAAAGATTTGCCACCTTCGCCATAA,GAT,TCG,3,7,TRUE,D,S,P,L,NA,NA,NA
PRM_0152,DKDLPPSP,GATAAAGATTTGCCACCTTCTCCATAA,GAT,TCT,3,7,TRUE,D,S,P,L,NA,NA,NA
PRM_0152,DKDLPPEP,GATAAAGATTTGCCACCTGAGCCATAA,GAT,GAG,3,7,TRUE,D,E,P,L,NA,NA,NA
PRM_0152,DKDLPPDP,GATAAAGATTTGCCACCTGATCCATAA,GAT,GAT,3,7,TRUE,D,D,P,L,NA,NA,NA
PRM_0152,DKDLPPVP,GATAAAGATTTGCCACCTGTGCCATAA,GAT,GTG,3,7,TRUE,D,V,P,L,NA,NA,NA
PRM_0152,DKDLPPVP,GATAAAGATTTGCCACCTGTTCCATAA,GAT,GTT,3,7,TRUE,D,V,P,L,NA,NA,NA
PRM_0152,DKDLPPGP,GATAAAGATTTGCCACCTGGGCCATAA,GAT,GGG,3,7,TRUE,D,G,P,L,NA,NA,NA
PRM_0152,DKDLPPGP,GATAAAGATTTGCCACCTGGTCCATAA,GAT,GGT,3,7,TRUE,D,G,P,L,NA,NA,NA
PRM_0152,DKDLPPAP,GATAAAGATTTGCCACCTGCGCCATAA,GAT,GCG,3,7,TRUE,D,A,P,L,NA,NA,NA
PRM_0152,DKDLPPAP,GATAAAGATTTGCCACCTGCTCCATAA,GAT,GCT,3,7,TRUE,D,A,P,L,NA,NA,NA
PRM_0152,DKDLPPQP,GATAAAGATTTGCCACCTCAGCCATAA,GAT,CAG,3,7,TRUE,D,Q,P,L,NA,NA,NA
PRM_0152,DKDLPPHP,GATAAAGATTTGCCACCTCATCCATAA,GAT,CAT,3,7,TRUE,D,H,P,L,NA,NA,NA
PRM_0152,DKDLPPLP,GATAAAGATTTGCCACCTCTGCCATAA,GAT,CTG,3,7,TRUE,D,L,P,L,NA,NA,NA
PRM_0152,DKDLPPLP,GATAAAGATTTGCCACCTCTTCCATAA,GAT,CTT,3,7,TRUE,D,L,P,L,NA,NA,NA
PRM_0152,DKDLPPRP,GATAAAGATTTGCCACCTCGGCCATAA,GAT,CGG,3,7,TRUE,D,R,P,L,NA,NA,NA
PRM_0152,DKDLPPRP,GATAAAGATTTGCCACCTCGTCCATAA,GAT,CGT,3,7,TRUE,D,R,P,L,NA,NA,NA
PRM_0152,DKDLPPPP,GATAAAGATTTGCCACCTCCGCCATAA,GAT,CCG,3,7,TRUE,D,P,P,L,NA,NA,NA
PRM_0152,DKDLPPPP,GATAAAGATTTGCCACCTCCTCCATAA,GAT,CCT,3,7,TRUE,D,P,P,L,NA,NA,NA
PRM_0152,DKVLPPKP,GATAAAGTGTTGCCACCTAAGCCATAA,GTG,AAG,3,7,TRUE,V,K,P,L,NA,NA,NA
PRM_0152,DKVLPPNP,GATAAAGTGTTGCCACCTAATCCATAA,GTG,AAT,3,7,TRUE,V,N,P,L,NA,NA,NA
PRM_0152,DKVLPPMP,GATAAAGTGTTGCCACCTATGCCATAA,GTG,ATG,3,7,TRUE,V,M,P,L,NA,NA,NA
PRM_0152,DKVLPPIP,GATAAAGTGTTGCCACCTATTCCATAA,GTG,ATT,3,7,TRUE,V,I,P,L,NA,NA,NA
PRM_0152,DKVLPPRP,GATAAAGTGTTGCCACCTAGGCCATAA,GTG,AGG,3,7,TRUE,V,R,P,L,NA,NA,NA
PRM_0152,DKVLPPSP,GATAAAGTGTTGCCACCTAGTCCATAA,GTG,AGT,3,7,TRUE,V,S,P,L,NA,NA,NA
PRM_0152,DKVLPPTP,GATAAAGTGTTGCCACCTACGCCATAA,GTG,ACG,3,7,TRUE,V,T,P,L,NA,NA,NA
PRM_0152,DKVLPPTP,GATAAAGTGTTGCCACCTACTCCATAA,GTG,ACT,3,7,TRUE,V,T,P,L,NA,NA,NA
PRM_0152,DKVLPP*P,GATAAAGTGTTGCCACCTTAGCCATAA,GTG,TAG,3,7,TRUE,V,*,P,L,NA,NA,NA
PRM_0152,DKVLPPYP,GATAAAGTGTTGCCACCTTATCCATAA,GTG,TAT,3,7,TRUE,V,Y,P,L,NA,NA,NA
PRM_0152,DKVLPPLP,GATAAAGTGTTGCCACCTTTGCCATAA,GTG,TTG,3,7,TRUE,V,L,P,L,NA,NA,NA
PRM_0152,DKVLPPFP,GATAAAGTGTTGCCACCTTTTCCATAA,GTG,TTT,3,7,TRUE,V,F,P,L,NA,NA,NA
PRM_0152,DKVLPPWP,GATAAAGTGTTGCCACCTTGGCCATAA,GTG,TGG,3,7,TRUE,V,W,P,L,NA,NA,NA
PRM_0152,DKVLPPCP,GATAAAGTGTTGCCACCTTGTCCATAA,GTG,TGT,3,7,TRUE,V,C,P,L,NA,NA,NA
PRM_0152,DKVLPPSP,GATAAAGTGTTGCCACCTTCGCCATAA,GTG,TCG,3,7,TRUE,V,S,P,L,NA,NA,NA
PRM_0152,DKVLPPSP,GATAAAGTGTTGCCACCTTCTCCATAA,GTG,TCT,3,7,TRUE,V,S,P,L,NA,NA,NA
PRM_0152,DKVLPPEP,GATAAAGTGTTGCCACCTGAGCCATAA,GTG,GAG,3,7,TRUE,V,E,P,L,NA,NA,NA
PRM_0152,DKVLPPDP,GATAAAGTGTTGCCACCTGATCCATAA,GTG,GAT,3,7,TRUE,V,D,P,L,NA,NA,NA
PRM_0152,DKVLPPVP,GATAAAGTGTTGCCACCTGTGCCATAA,GTG,GTG,3,7,TRUE,V,V,P,L,NA,NA,NA
PRM_0152,DKVLPPVP,GATAAAGTGTTGCCACCTGTTCCATAA,GTG,GTT,3,7,TRUE,V,V,P,L,NA,NA,NA
PRM_0152,DKVLPPGP,GATAAAGTGTTGCCACCTGGGCCATAA,GTG,GGG,3,7,TRUE,V,G,P,L,NA,NA,NA
PRM_0152,DKVLPPGP,GATAAAGTGTTGCCACCTGGTCCATAA,GTG,GGT,3,7,TRUE,V,G,P,L,NA,NA,NA
PRM_0152,DKVLPPAP,GATAAAGTGTTGCCACCTGCGCCATAA,GTG,GCG,3,7,TRUE,V,A,P,L,NA,NA,NA
PRM_0152,DKVLPPAP,GATAAAGTGTTGCCACCTGCTCCATAA,GTG,GCT,3,7,TRUE,V,A,P,L,NA,NA,NA
PRM_0152,DKVLPPQP,GATAAAGTGTTGCCACCTCAGCCATAA,GTG,CAG,3,7,TRUE,V,Q,P,L,NA,NA,NA
PRM_0152,DKVLPPHP,GATAAAGTGTTGCCACCTCATCCATAA,GTG,CAT,3,7,TRUE,V,H,P,L,NA,NA,NA
PRM_0152,DKVLPPLP,GATAAAGTGTTGCCACCTCTGCCATAA,GTG,CTG,3,7,TRUE,V,L,P,L,NA,NA,NA
PRM_0152,DKVLPPLP,GATAAAGTGTTGCCACCTCTTCCATAA,GTG,CTT,3,7,TRUE,V,L,P,L,NA,NA,NA
PRM_0152,DKVLPPRP,GATAAAGTGTTGCCACCTCGGCCATAA,GTG,CGG,3,7,TRUE,V,R,P,L,NA,NA,NA
PRM_0152,DKVLPPRP,GATAAAGTGTTGCCACCTCGTCCATAA,GTG,CGT,3,7,TRUE,V,R,P,L,NA,NA,NA
PRM_0152,DKVLPPPP,GATAAAGTGTTGCCACCTCCGCCATAA,GTG,CCG,3,7,TRUE,V,P,P,L,NA,NA,NA
PRM_0152,DKVLPPPP,GATAAAGTGTTGCCACCTCCTCCATAA,GTG,CCT,3,7,TRUE,V,P,P,L,NA,NA,NA
PRM_0152,DKVLPPKP,GATAAAGTTTTGCCACCTAAGCCATAA,GTT,AAG,3,7,TRUE,V,K,P,L,NA,NA,NA
PRM_0152,DKVLPPNP,GATAAAGTTTTGCCACCTAATCCATAA,GTT,AAT,3,7,TRUE,V,N,P,L,NA,NA,NA
PRM_0152,DKVLPPMP,GATAAAGTTTTGCCACCTATGCCATAA,GTT,ATG,3,7,TRUE,V,M,P,L,NA,NA,NA
PRM_0152,DKVLPPIP,GATAAAGTTTTGCCACCTATTCCATAA,GTT,ATT,3,7,TRUE,V,I,P,L,NA,NA,NA
PRM_0152,DKVLPPRP,GATAAAGTTTTGCCACCTAGGCCATAA,GTT,AGG,3,7,TRUE,V,R,P,L,NA,NA,NA
PRM_0152,DKVLPPSP,GATAAAGTTTTGCCACCTAGTCCATAA,GTT,AGT,3,7,TRUE,V,S,P,L,NA,NA,NA
PRM_0152,DKVLPPTP,GATAAAGTTTTGCCACCTACGCCATAA,GTT,ACG,3,7,TRUE,V,T,P,L,NA,NA,NA
PRM_0152,DKVLPPTP,GATAAAGTTTTGCCACCTACTCCATAA,GTT,ACT,3,7,TRUE,V,T,P,L,NA,NA,NA
PRM_0152,DKVLPP*P,GATAAAGTTTTGCCACCTTAGCCATAA,GTT,TAG,3,7,TRUE,V,*,P,L,NA,NA,NA
PRM_0152,DKVLPPYP,GATAAAGTTTTGCCACCTTATCCATAA,GTT,TAT,3,7,TRUE,V,Y,P,L,NA,NA,NA
PRM_0152,DKVLPPLP,GATAAAGTTTTGCCACCTTTGCCATAA,GTT,TTG,3,7,TRUE,V,L,P,L,NA,NA,NA
PRM_0152,DKVLPPFP,GATAAAGTTTTGCCACCTTTTCCATAA,GTT,TTT,3,7,TRUE,V,F,P,L,NA,NA,NA
PRM_0152,DKVLPPWP,GATAAAGTTTTGCCACCTTGGCCATAA,GTT,TGG,3,7,TRUE,V,W,P,L,NA,NA,NA
PRM_0152,DKVLPPCP,GATAAAGTTTTGCCACCTTGTCCATAA,GTT,TGT,3,7,TRUE,V,C,P,L,NA,NA,NA
PRM_0152,DKVLPPSP,GATAAAGTTTTGCCACCTTCGCCATAA,GTT,TCG,3,7,TRUE,V,S,P,L,NA,NA,NA
PRM_0152,DKVLPPSP,GATAAAGTTTTGCCACCTTCTCCATAA,GTT,TCT,3,7,TRUE,V,S,P,L,NA,NA,NA
PRM_0152,DKVLPPEP,GATAAAGTTTTGCCACCTGAGCCATAA,GTT,GAG,3,7,TRUE,V,E,P,L,NA,NA,NA
PRM_0152,DKVLPPDP,GATAAAGTTTTGCCACCTGATCCATAA,GTT,GAT,3,7,TRUE,V,D,P,L,NA,NA,NA
PRM_0152,DKVLPPVP,GATAAAGTTTTGCCACCTGTGCCATAA,GTT,GTG,3,7,TRUE,V,V,P,L,NA,NA,NA
PRM_0152,DKVLPPVP,GATAAAGTTTTGCCACCTGTTCCATAA,GTT,GTT,3,7,TRUE,V,V,P,L,NA,NA,NA
PRM_0152,DKVLPPGP,GATAAAGTTTTGCCACCTGGGCCATAA,GTT,GGG,3,7,TRUE,V,G,P,L,NA,NA,NA
PRM_0152,DKVLPPGP,GATAAAGTTTTGCCACCTGGTCCATAA,GTT,GGT,3,7,TRUE,V,G,P,L,NA,NA,NA
PRM_0152,DKVLPPAP,GATAAAGTTTTGCCACCTGCGCCATAA,GTT,GCG,3,7,TRUE,V,A,P,L,NA,NA,NA
PRM_0152,DKVLPPAP,GATAAAGTTTTGCCACCTGCTCCATAA,GTT,GCT,3,7,TRUE,V,A,P,L,NA,NA,NA
PRM_0152,DKVLPPQP,GATAAAGTTTTGCCACCTCAGCCATAA,GTT,CAG,3,7,TRUE,V,Q,P,L,NA,NA,NA
PRM_0152,DKVLPPHP,GATAAAGTTTTGCCACCTCATCCATAA,GTT,CAT,3,7,TRUE,V,H,P,L,NA,NA,NA
PRM_0152,DKVLPPLP,GATAAAGTTTTGCCACCTCTGCCATAA,GTT,CTG,3,7,TRUE,V,L,P,L,NA,NA,NA
PRM_0152,DKVLPPLP,GATAAAGTTTTGCCACCTCTTCCATAA,GTT,CTT,3,7,TRUE,V,L,P,L,NA,NA,NA
PRM_0152,DKVLPPRP,GATAAAGTTTTGCCACCTCGGCCATAA,GTT,CGG,3,7,TRUE,V,R,P,L,NA,NA,NA
PRM_0152,DKVLPPRP,GATAAAGTTTTGCCACCTCGTCCATAA,GTT,CGT,3,7,TRUE,V,R,P,L,NA,NA,NA
PRM_0152,DKVLPPPP,GATAAAGTTTTGCCACCTCCGCCATAA,GTT,CCG,3,7,TRUE,V,P,P,L,NA,NA,NA
PRM_0152,DKVLPPPP,GATAAAGTTTTGCCACCTCCTCCATAA,GTT,CCT,3,7,TRUE,V,P,P,L,NA,NA,NA
PRM_0152,DKGLPPKP,GATAAAGGGTTGCCACCTAAGCCATAA,GGG,AAG,3,7,TRUE,G,K,P,L,NA,NA,NA
PRM_0152,DKGLPPNP,GATAAAGGGTTGCCACCTAATCCATAA,GGG,AAT,3,7,TRUE,G,N,P,L,NA,NA,NA
PRM_0152,DKGLPPMP,GATAAAGGGTTGCCACCTATGCCATAA,GGG,ATG,3,7,TRUE,G,M,P,L,NA,NA,NA
PRM_0152,DKGLPPIP,GATAAAGGGTTGCCACCTATTCCATAA,GGG,ATT,3,7,TRUE,G,I,P,L,NA,NA,NA
PRM_0152,DKGLPPRP,GATAAAGGGTTGCCACCTAGGCCATAA,GGG,AGG,3,7,TRUE,G,R,P,L,NA,NA,NA
PRM_0152,DKGLPPSP,GATAAAGGGTTGCCACCTAGTCCATAA,GGG,AGT,3,7,TRUE,G,S,P,L,NA,NA,NA
PRM_0152,DKGLPPTP,GATAAAGGGTTGCCACCTACGCCATAA,GGG,ACG,3,7,TRUE,G,T,P,L,NA,NA,NA
PRM_0152,DKGLPPTP,GATAAAGGGTTGCCACCTACTCCATAA,GGG,ACT,3,7,TRUE,G,T,P,L,NA,NA,NA
PRM_0152,DKGLPP*P,GATAAAGGGTTGCCACCTTAGCCATAA,GGG,TAG,3,7,TRUE,G,*,P,L,NA,NA,NA
PRM_0152,DKGLPPYP,GATAAAGGGTTGCCACCTTATCCATAA,GGG,TAT,3,7,TRUE,G,Y,P,L,NA,NA,NA
PRM_0152,DKGLPPLP,GATAAAGGGTTGCCACCTTTGCCATAA,GGG,TTG,3,7,TRUE,G,L,P,L,NA,NA,NA
PRM_0152,DKGLPPFP,GATAAAGGGTTGCCACCTTTTCCATAA,GGG,TTT,3,7,TRUE,G,F,P,L,NA,NA,NA
PRM_0152,DKGLPPWP,GATAAAGGGTTGCCACCTTGGCCATAA,GGG,TGG,3,7,TRUE,G,W,P,L,NA,NA,NA
PRM_0152,DKGLPPCP,GATAAAGGGTTGCCACCTTGTCCATAA,GGG,TGT,3,7,TRUE,G,C,P,L,NA,NA,NA
PRM_0152,DKGLPPSP,GATAAAGGGTTGCCACCTTCGCCATAA,GGG,TCG,3,7,TRUE,G,S,P,L,NA,NA,NA
PRM_0152,DKGLPPSP,GATAAAGGGTTGCCACCTTCTCCATAA,GGG,TCT,3,7,TRUE,G,S,P,L,NA,NA,NA
PRM_0152,DKGLPPEP,GATAAAGGGTTGCCACCTGAGCCATAA,GGG,GAG,3,7,TRUE,G,E,P,L,NA,NA,NA
PRM_0152,DKGLPPDP,GATAAAGGGTTGCCACCTGATCCATAA,GGG,GAT,3,7,TRUE,G,D,P,L,NA,NA,NA
PRM_0152,DKGLPPVP,GATAAAGGGTTGCCACCTGTGCCATAA,GGG,GTG,3,7,TRUE,G,V,P,L,NA,NA,NA
PRM_0152,DKGLPPVP,GATAAAGGGTTGCCACCTGTTCCATAA,GGG,GTT,3,7,TRUE,G,V,P,L,NA,NA,NA
PRM_0152,DKGLPPGP,GATAAAGGGTTGCCACCTGGGCCATAA,GGG,GGG,3,7,TRUE,G,G,P,L,NA,NA,NA
PRM_0152,DKGLPPGP,GATAAAGGGTTGCCACCTGGTCCATAA,GGG,GGT,3,7,TRUE,G,G,P,L,NA,NA,NA
PRM_0152,DKGLPPAP,GATAAAGGGTTGCCACCTGCGCCATAA,GGG,GCG,3,7,TRUE,G,A,P,L,NA,NA,NA
PRM_0152,DKGLPPAP,GATAAAGGGTTGCCACCTGCTCCATAA,GGG,GCT,3,7,TRUE,G,A,P,L,NA,NA,NA
PRM_0152,DKGLPPQP,GATAAAGGGTTGCCACCTCAGCCATAA,GGG,CAG,3,7,TRUE,G,Q,P,L,NA,NA,NA
PRM_0152,DKGLPPHP,GATAAAGGGTTGCCACCTCATCCATAA,GGG,CAT,3,7,TRUE,G,H,P,L,NA,NA,NA
PRM_0152,DKGLPPLP,GATAAAGGGTTGCCACCTCTGCCATAA,GGG,CTG,3,7,TRUE,G,L,P,L,NA,NA,NA
PRM_0152,DKGLPPLP,GATAAAGGGTTGCCACCTCTTCCATAA,GGG,CTT,3,7,TRUE,G,L,P,L,NA,NA,NA
PRM_0152,DKGLPPRP,GATAAAGGGTTGCCACCTCGGCCATAA,GGG,CGG,3,7,TRUE,G,R,P,L,NA,NA,NA
PRM_0152,DKGLPPRP,GATAAAGGGTTGCCACCTCGTCCATAA,GGG,CGT,3,7,TRUE,G,R,P,L,NA,NA,NA
PRM_0152,DKGLPPPP,GATAAAGGGTTGCCACCTCCGCCATAA,GGG,CCG,3,7,TRUE,G,P,P,L,NA,NA,NA
PRM_0152,DKGLPPPP,GATAAAGGGTTGCCACCTCCTCCATAA,GGG,CCT,3,7,TRUE,G,P,P,L,NA,NA,NA
PRM_0152,DKGLPPKP,GATAAAGGTTTGCCACCTAAGCCATAA,GGT,AAG,3,7,TRUE,G,K,P,L,NA,NA,NA
PRM_0152,DKGLPPNP,GATAAAGGTTTGCCACCTAATCCATAA,GGT,AAT,3,7,TRUE,G,N,P,L,NA,NA,NA
PRM_0152,DKGLPPMP,GATAAAGGTTTGCCACCTATGCCATAA,GGT,ATG,3,7,TRUE,G,M,P,L,NA,NA,NA
PRM_0152,DKGLPPIP,GATAAAGGTTTGCCACCTATTCCATAA,GGT,ATT,3,7,TRUE,G,I,P,L,NA,NA,NA
PRM_0152,DKGLPPRP,GATAAAGGTTTGCCACCTAGGCCATAA,GGT,AGG,3,7,TRUE,G,R,P,L,NA,NA,NA
PRM_0152,DKGLPPSP,GATAAAGGTTTGCCACCTAGTCCATAA,GGT,AGT,3,7,TRUE,G,S,P,L,NA,NA,NA
PRM_0152,DKGLPPTP,GATAAAGGTTTGCCACCTACGCCATAA,GGT,ACG,3,7,TRUE,G,T,P,L,NA,NA,NA
PRM_0152,DKGLPPTP,GATAAAGGTTTGCCACCTACTCCATAA,GGT,ACT,3,7,TRUE,G,T,P,L,NA,NA,NA
PRM_0152,DKGLPP*P,GATAAAGGTTTGCCACCTTAGCCATAA,GGT,TAG,3,7,TRUE,G,*,P,L,NA,NA,NA
PRM_0152,DKGLPPYP,GATAAAGGTTTGCCACCTTATCCATAA,GGT,TAT,3,7,TRUE,G,Y,P,L,NA,NA,NA
PRM_0152,DKGLPPLP,GATAAAGGTTTGCCACCTTTGCCATAA,GGT,TTG,3,7,TRUE,G,L,P,L,NA,NA,NA
PRM_0152,DKGLPPFP,GATAAAGGTTTGCCACCTTTTCCATAA,GGT,TTT,3,7,TRUE,G,F,P,L,NA,NA,NA
PRM_0152,DKGLPPWP,GATAAAGGTTTGCCACCTTGGCCATAA,GGT,TGG,3,7,TRUE,G,W,P,L,NA,NA,NA
PRM_0152,DKGLPPCP,GATAAAGGTTTGCCACCTTGTCCATAA,GGT,TGT,3,7,TRUE,G,C,P,L,NA,NA,NA
PRM_0152,DKGLPPSP,GATAAAGGTTTGCCACCTTCGCCATAA,GGT,TCG,3,7,TRUE,G,S,P,L,NA,NA,NA
PRM_0152,DKGLPPSP,GATAAAGGTTTGCCACCTTCTCCATAA,GGT,TCT,3,7,TRUE,G,S,P,L,NA,NA,NA
PRM_0152,DKGLPPEP,GATAAAGGTTTGCCACCTGAGCCATAA,GGT,GAG,3,7,TRUE,G,E,P,L,NA,NA,NA
PRM_0152,DKGLPPDP,GATAAAGGTTTGCCACCTGATCCATAA,GGT,GAT,3,7,TRUE,G,D,P,L,NA,NA,NA
PRM_0152,DKGLPPVP,GATAAAGGTTTGCCACCTGTGCCATAA,GGT,GTG,3,7,TRUE,G,V,P,L,NA,NA,NA
PRM_0152,DKGLPPVP,GATAAAGGTTTGCCACCTGTTCCATAA,GGT,GTT,3,7,TRUE,G,V,P,L,NA,NA,NA
PRM_0152,DKGLPPGP,GATAAAGGTTTGCCACCTGGGCCATAA,GGT,GGG,3,7,TRUE,G,G,P,L,NA,NA,NA
PRM_0152,DKGLPPGP,GATAAAGGTTTGCCACCTGGTCCATAA,GGT,GGT,3,7,TRUE,G,G,P,L,NA,NA,NA
PRM_0152,DKGLPPAP,GATAAAGGTTTGCCACCTGCGCCATAA,GGT,GCG,3,7,TRUE,G,A,P,L,NA,NA,NA
PRM_0152,DKGLPPAP,GATAAAGGTTTGCCACCTGCTCCATAA,GGT,GCT,3,7,TRUE,G,A,P,L,NA,NA,NA
PRM_0152,DKGLPPQP,GATAAAGGTTTGCCACCTCAGCCATAA,GGT,CAG,3,7,TRUE,G,Q,P,L,NA,NA,NA
PRM_0152,DKGLPPHP,GATAAAGGTTTGCCACCTCATCCATAA,GGT,CAT,3,7,TRUE,G,H,P,L,NA,NA,NA
PRM_0152,DKGLPPLP,GATAAAGGTTTGCCACCTCTGCCATAA,GGT,CTG,3,7,TRUE,G,L,P,L,NA,NA,NA
PRM_0152,DKGLPPLP,GATAAAGGTTTGCCACCTCTTCCATAA,GGT,CTT,3,7,TRUE,G,L,P,L,NA,NA,NA
PRM_0152,DKGLPPRP,GATAAAGGTTTGCCACCTCGGCCATAA,GGT,CGG,3,7,TRUE,G,R,P,L,NA,NA,NA
PRM_0152,DKGLPPRP,GATAAAGGTTTGCCACCTCGTCCATAA,GGT,CGT,3,7,TRUE,G,R,P,L,NA,NA,NA
PRM_0152,DKGLPPPP,GATAAAGGTTTGCCACCTCCGCCATAA,GGT,CCG,3,7,TRUE,G,P,P,L,NA,NA,NA
PRM_0152,DKGLPPPP,GATAAAGGTTTGCCACCTCCTCCATAA,GGT,CCT,3,7,TRUE,G,P,P,L,NA,NA,NA
PRM_0152,DKALPPKP,GATAAAGCGTTGCCACCTAAGCCATAA,GCG,AAG,3,7,TRUE,A,K,P,L,NA,NA,NA
PRM_0152,DKALPPNP,GATAAAGCGTTGCCACCTAATCCATAA,GCG,AAT,3,7,TRUE,A,N,P,L,NA,NA,NA
PRM_0152,DKALPPMP,GATAAAGCGTTGCCACCTATGCCATAA,GCG,ATG,3,7,TRUE,A,M,P,L,NA,NA,NA
PRM_0152,DKALPPIP,GATAAAGCGTTGCCACCTATTCCATAA,GCG,ATT,3,7,TRUE,A,I,P,L,NA,NA,NA
PRM_0152,DKALPPRP,GATAAAGCGTTGCCACCTAGGCCATAA,GCG,AGG,3,7,TRUE,A,R,P,L,NA,NA,NA
PRM_0152,DKALPPSP,GATAAAGCGTTGCCACCTAGTCCATAA,GCG,AGT,3,7,TRUE,A,S,P,L,NA,NA,NA
PRM_0152,DKALPPTP,GATAAAGCGTTGCCACCTACGCCATAA,GCG,ACG,3,7,TRUE,A,T,P,L,NA,NA,NA
PRM_0152,DKALPPTP,GATAAAGCGTTGCCACCTACTCCATAA,GCG,ACT,3,7,TRUE,A,T,P,L,NA,NA,NA
PRM_0152,DKALPP*P,GATAAAGCGTTGCCACCTTAGCCATAA,GCG,TAG,3,7,TRUE,A,*,P,L,NA,NA,NA
PRM_0152,DKALPPYP,GATAAAGCGTTGCCACCTTATCCATAA,GCG,TAT,3,7,TRUE,A,Y,P,L,NA,NA,NA
PRM_0152,DKALPPLP,GATAAAGCGTTGCCACCTTTGCCATAA,GCG,TTG,3,7,TRUE,A,L,P,L,NA,NA,NA
PRM_0152,DKALPPFP,GATAAAGCGTTGCCACCTTTTCCATAA,GCG,TTT,3,7,TRUE,A,F,P,L,NA,NA,NA
PRM_0152,DKALPPWP,GATAAAGCGTTGCCACCTTGGCCATAA,GCG,TGG,3,7,TRUE,A,W,P,L,NA,NA,NA
PRM_0152,DKALPPCP,GATAAAGCGTTGCCACCTTGTCCATAA,GCG,TGT,3,7,TRUE,A,C,P,L,NA,NA,NA
PRM_0152,DKALPPSP,GATAAAGCGTTGCCACCTTCGCCATAA,GCG,TCG,3,7,TRUE,A,S,P,L,NA,NA,NA
PRM_0152,DKALPPSP,GATAAAGCGTTGCCACCTTCTCCATAA,GCG,TCT,3,7,TRUE,A,S,P,L,NA,NA,NA
PRM_0152,DKALPPEP,GATAAAGCGTTGCCACCTGAGCCATAA,GCG,GAG,3,7,TRUE,A,E,P,L,NA,NA,NA
PRM_0152,DKALPPDP,GATAAAGCGTTGCCACCTGATCCATAA,GCG,GAT,3,7,TRUE,A,D,P,L,NA,NA,NA
PRM_0152,DKALPPVP,GATAAAGCGTTGCCACCTGTGCCATAA,GCG,GTG,3,7,TRUE,A,V,P,L,NA,NA,NA
PRM_0152,DKALPPVP,GATAAAGCGTTGCCACCTGTTCCATAA,GCG,GTT,3,7,TRUE,A,V,P,L,NA,NA,NA
PRM_0152,DKALPPGP,GATAAAGCGTTGCCACCTGGGCCATAA,GCG,GGG,3,7,TRUE,A,G,P,L,NA,NA,NA
PRM_0152,DKALPPGP,GATAAAGCGTTGCCACCTGGTCCATAA,GCG,GGT,3,7,TRUE,A,G,P,L,NA,NA,NA
PRM_0152,DKALPPAP,GATAAAGCGTTGCCACCTGCGCCATAA,GCG,GCG,3,7,TRUE,A,A,P,L,NA,NA,NA
PRM_0152,DKALPPAP,GATAAAGCGTTGCCACCTGCTCCATAA,GCG,GCT,3,7,TRUE,A,A,P,L,NA,NA,NA
PRM_0152,DKALPPQP,GATAAAGCGTTGCCACCTCAGCCATAA,GCG,CAG,3,7,TRUE,A,Q,P,L,NA,NA,NA
PRM_0152,DKALPPHP,GATAAAGCGTTGCCACCTCATCCATAA,GCG,CAT,3,7,TRUE,A,H,P,L,NA,NA,NA
PRM_0152,DKALPPLP,GATAAAGCGTTGCCACCTCTGCCATAA,GCG,CTG,3,7,TRUE,A,L,P,L,NA,NA,NA
PRM_0152,DKALPPLP,GATAAAGCGTTGCCACCTCTTCCATAA,GCG,CTT,3,7,TRUE,A,L,P,L,NA,NA,NA
PRM_0152,DKALPPRP,GATAAAGCGTTGCCACCTCGGCCATAA,GCG,CGG,3,7,TRUE,A,R,P,L,NA,NA,NA
PRM_0152,DKALPPRP,GATAAAGCGTTGCCACCTCGTCCATAA,GCG,CGT,3,7,TRUE,A,R,P,L,NA,NA,NA
PRM_0152,DKALPPPP,GATAAAGCGTTGCCACCTCCGCCATAA,GCG,CCG,3,7,TRUE,A,P,P,L,NA,NA,NA
PRM_0152,DKALPPPP,GATAAAGCGTTGCCACCTCCTCCATAA,GCG,CCT,3,7,TRUE,A,P,P,L,NA,NA,NA
PRM_0152,DKALPPKP,GATAAAGCTTTGCCACCTAAGCCATAA,GCT,AAG,3,7,TRUE,A,K,P,L,NA,NA,NA
PRM_0152,DKALPPNP,GATAAAGCTTTGCCACCTAATCCATAA,GCT,AAT,3,7,TRUE,A,N,P,L,NA,NA,NA
PRM_0152,DKALPPMP,GATAAAGCTTTGCCACCTATGCCATAA,GCT,ATG,3,7,TRUE,A,M,P,L,NA,NA,NA
PRM_0152,DKALPPIP,GATAAAGCTTTGCCACCTATTCCATAA,GCT,ATT,3,7,TRUE,A,I,P,L,NA,NA,NA
PRM_0152,DKALPPRP,GATAAAGCTTTGCCACCTAGGCCATAA,GCT,AGG,3,7,TRUE,A,R,P,L,NA,NA,NA
PRM_0152,DKALPPSP,GATAAAGCTTTGCCACCTAGTCCATAA,GCT,AGT,3,7,TRUE,A,S,P,L,NA,NA,NA
PRM_0152,DKALPPTP,GATAAAGCTTTGCCACCTACGCCATAA,GCT,ACG,3,7,TRUE,A,T,P,L,NA,NA,NA
PRM_0152,DKALPPTP,GATAAAGCTTTGCCACCTACTCCATAA,GCT,ACT,3,7,TRUE,A,T,P,L,NA,NA,NA
PRM_0152,DKALPP*P,GATAAAGCTTTGCCACCTTAGCCATAA,GCT,TAG,3,7,TRUE,A,*,P,L,NA,NA,NA
PRM_0152,DKALPPYP,GATAAAGCTTTGCCACCTTATCCATAA,GCT,TAT,3,7,TRUE,A,Y,P,L,NA,NA,NA
PRM_0152,DKALPPLP,GATAAAGCTTTGCCACCTTTGCCATAA,GCT,TTG,3,7,TRUE,A,L,P,L,NA,NA,NA
PRM_0152,DKALPPFP,GATAAAGCTTTGCCACCTTTTCCATAA,GCT,TTT,3,7,TRUE,A,F,P,L,NA,NA,NA
PRM_0152,DKALPPWP,GATAAAGCTTTGCCACCTTGGCCATAA,GCT,TGG,3,7,TRUE,A,W,P,L,NA,NA,NA
PRM_0152,DKALPPCP,GATAAAGCTTTGCCACCTTGTCCATAA,GCT,TGT,3,7,TRUE,A,C,P,L,NA,NA,NA
PRM_0152,DKALPPSP,GATAAAGCTTTGCCACCTTCGCCATAA,GCT,TCG,3,7,TRUE,A,S,P,L,NA,NA,NA
PRM_0152,DKALPPSP,GATAAAGCTTTGCCACCTTCTCCATAA,GCT,TCT,3,7,TRUE,A,S,P,L,NA,NA,NA
PRM_0152,DKALPPEP,GATAAAGCTTTGCCACCTGAGCCATAA,GCT,GAG,3,7,TRUE,A,E,P,L,NA,NA,NA
PRM_0152,DKALPPDP,GATAAAGCTTTGCCACCTGATCCATAA,GCT,GAT,3,7,TRUE,A,D,P,L,NA,NA,NA
PRM_0152,DKALPPVP,GATAAAGCTTTGCCACCTGTGCCATAA,GCT,GTG,3,7,TRUE,A,V,P,L,NA,NA,NA
PRM_0152,DKALPPVP,GATAAAGCTTTGCCACCTGTTCCATAA,GCT,GTT,3,7,TRUE,A,V,P,L,NA,NA,NA
PRM_0152,DKALPPGP,GATAAAGCTTTGCCACCTGGGCCATAA,GCT,GGG,3,7,TRUE,A,G,P,L,NA,NA,NA
PRM_0152,DKALPPGP,GATAAAGCTTTGCCACCTGGTCCATAA,GCT,GGT,3,7,TRUE,A,G,P,L,NA,NA,NA
PRM_0152,DKALPPAP,GATAAAGCTTTGCCACCTGCGCCATAA,GCT,GCG,3,7,TRUE,A,A,P,L,NA,NA,NA
PRM_0152,DKALPPAP,GATAAAGCTTTGCCACCTGCTCCATAA,GCT,GCT,3,7,TRUE,A,A,P,L,NA,NA,NA
PRM_0152,DKALPPQP,GATAAAGCTTTGCCACCTCAGCCATAA,GCT,CAG,3,7,TRUE,A,Q,P,L,NA,NA,NA
PRM_0152,DKALPPHP,GATAAAGCTTTGCCACCTCATCCATAA,GCT,CAT,3,7,TRUE,A,H,P,L,NA,NA,NA
PRM_0152,DKALPPLP,GATAAAGCTTTGCCACCTCTGCCATAA,GCT,CTG,3,7,TRUE,A,L,P,L,NA,NA,NA
PRM_0152,DKALPPLP,GATAAAGCTTTGCCACCTCTTCCATAA,GCT,CTT,3,7,TRUE,A,L,P,L,NA,NA,NA
PRM_0152,DKALPPRP,GATAAAGCTTTGCCACCTCGGCCATAA,GCT,CGG,3,7,TRUE,A,R,P,L,NA,NA,NA
PRM_0152,DKALPPRP,GATAAAGCTTTGCCACCTCGTCCATAA,GCT,CGT,3,7,TRUE,A,R,P,L,NA,NA,NA
PRM_0152,DKALPPPP,GATAAAGCTTTGCCACCTCCGCCATAA,GCT,CCG,3,7,TRUE,A,P,P,L,NA,NA,NA
PRM_0152,DKALPPPP,GATAAAGCTTTGCCACCTCCTCCATAA,GCT,CCT,3,7,TRUE,A,P,P,L,NA,NA,NA
PRM_0152,DKQLPPKP,GATAAACAGTTGCCACCTAAGCCATAA,CAG,AAG,3,7,TRUE,Q,K,P,L,NA,NA,NA
PRM_0152,DKQLPPNP,GATAAACAGTTGCCACCTAATCCATAA,CAG,AAT,3,7,TRUE,Q,N,P,L,NA,NA,NA
PRM_0152,DKQLPPMP,GATAAACAGTTGCCACCTATGCCATAA,CAG,ATG,3,7,TRUE,Q,M,P,L,NA,NA,NA
PRM_0152,DKQLPPIP,GATAAACAGTTGCCACCTATTCCATAA,CAG,ATT,3,7,TRUE,Q,I,P,L,NA,NA,NA
PRM_0152,DKQLPPRP,GATAAACAGTTGCCACCTAGGCCATAA,CAG,AGG,3,7,TRUE,Q,R,P,L,NA,NA,NA
PRM_0152,DKQLPPSP,GATAAACAGTTGCCACCTAGTCCATAA,CAG,AGT,3,7,TRUE,Q,S,P,L,NA,NA,NA
PRM_0152,DKQLPPTP,GATAAACAGTTGCCACCTACGCCATAA,CAG,ACG,3,7,TRUE,Q,T,P,L,NA,NA,NA
PRM_0152,DKQLPPTP,GATAAACAGTTGCCACCTACTCCATAA,CAG,ACT,3,7,TRUE,Q,T,P,L,NA,NA,NA
PRM_0152,DKQLPP*P,GATAAACAGTTGCCACCTTAGCCATAA,CAG,TAG,3,7,TRUE,Q,*,P,L,NA,NA,NA
PRM_0152,DKQLPPYP,GATAAACAGTTGCCACCTTATCCATAA,CAG,TAT,3,7,TRUE,Q,Y,P,L,NA,NA,NA
PRM_0152,DKQLPPLP,GATAAACAGTTGCCACCTTTGCCATAA,CAG,TTG,3,7,TRUE,Q,L,P,L,NA,NA,NA
PRM_0152,DKQLPPFP,GATAAACAGTTGCCACCTTTTCCATAA,CAG,TTT,3,7,TRUE,Q,F,P,L,NA,NA,NA
PRM_0152,DKQLPPWP,GATAAACAGTTGCCACCTTGGCCATAA,CAG,TGG,3,7,TRUE,Q,W,P,L,NA,NA,NA
PRM_0152,DKQLPPCP,GATAAACAGTTGCCACCTTGTCCATAA,CAG,TGT,3,7,TRUE,Q,C,P,L,NA,NA,NA
PRM_0152,DKQLPPSP,GATAAACAGTTGCCACCTTCGCCATAA,CAG,TCG,3,7,TRUE,Q,S,P,L,NA,NA,NA
PRM_0152,DKQLPPSP,GATAAACAGTTGCCACCTTCTCCATAA,CAG,TCT,3,7,TRUE,Q,S,P,L,NA,NA,NA
PRM_0152,DKQLPPEP,GATAAACAGTTGCCACCTGAGCCATAA,CAG,GAG,3,7,TRUE,Q,E,P,L,NA,NA,NA
PRM_0152,DKQLPPDP,GATAAACAGTTGCCACCTGATCCATAA,CAG,GAT,3,7,TRUE,Q,D,P,L,NA,NA,NA
PRM_0152,DKQLPPVP,GATAAACAGTTGCCACCTGTGCCATAA,CAG,GTG,3,7,TRUE,Q,V,P,L,NA,NA,NA
PRM_0152,DKQLPPVP,GATAAACAGTTGCCACCTGTTCCATAA,CAG,GTT,3,7,TRUE,Q,V,P,L,NA,NA,NA
PRM_0152,DKQLPPGP,GATAAACAGTTGCCACCTGGGCCATAA,CAG,GGG,3,7,TRUE,Q,G,P,L,NA,NA,NA
PRM_0152,DKQLPPGP,GATAAACAGTTGCCACCTGGTCCATAA,CAG,GGT,3,7,TRUE,Q,G,P,L,NA,NA,NA
PRM_0152,DKQLPPAP,GATAAACAGTTGCCACCTGCGCCATAA,CAG,GCG,3,7,TRUE,Q,A,P,L,NA,NA,NA
PRM_0152,DKQLPPAP,GATAAACAGTTGCCACCTGCTCCATAA,CAG,GCT,3,7,TRUE,Q,A,P,L,NA,NA,NA
PRM_0152,DKQLPPQP,GATAAACAGTTGCCACCTCAGCCATAA,CAG,CAG,3,7,TRUE,Q,Q,P,L,NA,NA,NA
PRM_0152,DKQLPPHP,GATAAACAGTTGCCACCTCATCCATAA,CAG,CAT,3,7,TRUE,Q,H,P,L,NA,NA,NA
PRM_0152,DKQLPPLP,GATAAACAGTTGCCACCTCTGCCATAA,CAG,CTG,3,7,TRUE,Q,L,P,L,NA,NA,NA
PRM_0152,DKQLPPLP,GATAAACAGTTGCCACCTCTTCCATAA,CAG,CTT,3,7,TRUE,Q,L,P,L,NA,NA,NA
PRM_0152,DKQLPPRP,GATAAACAGTTGCCACCTCGGCCATAA,CAG,CGG,3,7,TRUE,Q,R,P,L,NA,NA,NA
PRM_0152,DKQLPPRP,GATAAACAGTTGCCACCTCGTCCATAA,CAG,CGT,3,7,TRUE,Q,R,P,L,NA,NA,NA
PRM_0152,DKQLPPPP,GATAAACAGTTGCCACCTCCGCCATAA,CAG,CCG,3,7,TRUE,Q,P,P,L,NA,NA,NA
PRM_0152,DKQLPPPP,GATAAACAGTTGCCACCTCCTCCATAA,CAG,CCT,3,7,TRUE,Q,P,P,L,NA,NA,NA
PRM_0152,DKHLPPKP,GATAAACATTTGCCACCTAAGCCATAA,CAT,AAG,3,7,TRUE,H,K,P,L,NA,NA,NA
PRM_0152,DKHLPPNP,GATAAACATTTGCCACCTAATCCATAA,CAT,AAT,3,7,TRUE,H,N,P,L,NA,NA,NA
PRM_0152,DKHLPPMP,GATAAACATTTGCCACCTATGCCATAA,CAT,ATG,3,7,TRUE,H,M,P,L,NA,NA,NA
PRM_0152,DKHLPPIP,GATAAACATTTGCCACCTATTCCATAA,CAT,ATT,3,7,TRUE,H,I,P,L,NA,NA,NA
PRM_0152,DKHLPPRP,GATAAACATTTGCCACCTAGGCCATAA,CAT,AGG,3,7,TRUE,H,R,P,L,NA,NA,NA
PRM_0152,DKHLPPSP,GATAAACATTTGCCACCTAGTCCATAA,CAT,AGT,3,7,TRUE,H,S,P,L,NA,NA,NA
PRM_0152,DKHLPPTP,GATAAACATTTGCCACCTACGCCATAA,CAT,ACG,3,7,TRUE,H,T,P,L,NA,NA,NA
PRM_0152,DKHLPPTP,GATAAACATTTGCCACCTACTCCATAA,CAT,ACT,3,7,TRUE,H,T,P,L,NA,NA,NA
PRM_0152,DKHLPP*P,GATAAACATTTGCCACCTTAGCCATAA,CAT,TAG,3,7,TRUE,H,*,P,L,NA,NA,NA
PRM_0152,DKHLPPYP,GATAAACATTTGCCACCTTATCCATAA,CAT,TAT,3,7,TRUE,H,Y,P,L,NA,NA,NA
PRM_0152,DKHLPPLP,GATAAACATTTGCCACCTTTGCCATAA,CAT,TTG,3,7,TRUE,H,L,P,L,NA,NA,NA
PRM_0152,DKHLPPFP,GATAAACATTTGCCACCTTTTCCATAA,CAT,TTT,3,7,TRUE,H,F,P,L,NA,NA,NA
PRM_0152,DKHLPPWP,GATAAACATTTGCCACCTTGGCCATAA,CAT,TGG,3,7,TRUE,H,W,P,L,NA,NA,NA
PRM_0152,DKHLPPCP,GATAAACATTTGCCACCTTGTCCATAA,CAT,TGT,3,7,TRUE,H,C,P,L,NA,NA,NA
PRM_0152,DKHLPPSP,GATAAACATTTGCCACCTTCGCCATAA,CAT,TCG,3,7,TRUE,H,S,P,L,NA,NA,NA
PRM_0152,DKHLPPSP,GATAAACATTTGCCACCTTCTCCATAA,CAT,TCT,3,7,TRUE,H,S,P,L,NA,NA,NA
PRM_0152,DKHLPPEP,GATAAACATTTGCCACCTGAGCCATAA,CAT,GAG,3,7,TRUE,H,E,P,L,NA,NA,NA
PRM_0152,DKHLPPDP,GATAAACATTTGCCACCTGATCCATAA,CAT,GAT,3,7,TRUE,H,D,P,L,NA,NA,NA
PRM_0152,DKHLPPVP,GATAAACATTTGCCACCTGTGCCATAA,CAT,GTG,3,7,TRUE,H,V,P,L,NA,NA,NA
PRM_0152,DKHLPPVP,GATAAACATTTGCCACCTGTTCCATAA,CAT,GTT,3,7,TRUE,H,V,P,L,NA,NA,NA
PRM_0152,DKHLPPGP,GATAAACATTTGCCACCTGGGCCATAA,CAT,GGG,3,7,TRUE,H,G,P,L,NA,NA,NA
PRM_0152,DKHLPPGP,GATAAACATTTGCCACCTGGTCCATAA,CAT,GGT,3,7,TRUE,H,G,P,L,NA,NA,NA
PRM_0152,DKHLPPAP,GATAAACATTTGCCACCTGCGCCATAA,CAT,GCG,3,7,TRUE,H,A,P,L,NA,NA,NA
PRM_0152,DKHLPPAP,GATAAACATTTGCCACCTGCTCCATAA,CAT,GCT,3,7,TRUE,H,A,P,L,NA,NA,NA
PRM_0152,DKHLPPQP,GATAAACATTTGCCACCTCAGCCATAA,CAT,CAG,3,7,TRUE,H,Q,P,L,NA,NA,NA
PRM_0152,DKHLPPHP,GATAAACATTTGCCACCTCATCCATAA,CAT,CAT,3,7,TRUE,H,H,P,L,NA,NA,NA
PRM_0152,DKHLPPLP,GATAAACATTTGCCACCTCTGCCATAA,CAT,CTG,3,7,TRUE,H,L,P,L,NA,NA,NA
PRM_0152,DKHLPPLP,GATAAACATTTGCCACCTCTTCCATAA,CAT,CTT,3,7,TRUE,H,L,P,L,NA,NA,NA
PRM_0152,DKHLPPRP,GATAAACATTTGCCACCTCGGCCATAA,CAT,CGG,3,7,TRUE,H,R,P,L,NA,NA,NA
PRM_0152,DKHLPPRP,GATAAACATTTGCCACCTCGTCCATAA,CAT,CGT,3,7,TRUE,H,R,P,L,NA,NA,NA
PRM_0152,DKHLPPPP,GATAAACATTTGCCACCTCCGCCATAA,CAT,CCG,3,7,TRUE,H,P,P,L,NA,NA,NA
PRM_0152,DKHLPPPP,GATAAACATTTGCCACCTCCTCCATAA,CAT,CCT,3,7,TRUE,H,P,P,L,NA,NA,NA
PRM_0152,DKLLPPKP,GATAAACTGTTGCCACCTAAGCCATAA,CTG,AAG,3,7,TRUE,L,K,P,L,NA,NA,NA
PRM_0152,DKLLPPNP,GATAAACTGTTGCCACCTAATCCATAA,CTG,AAT,3,7,TRUE,L,N,P,L,NA,NA,NA
PRM_0152,DKLLPPMP,GATAAACTGTTGCCACCTATGCCATAA,CTG,ATG,3,7,TRUE,L,M,P,L,NA,NA,NA
PRM_0152,DKLLPPIP,GATAAACTGTTGCCACCTATTCCATAA,CTG,ATT,3,7,TRUE,L,I,P,L,NA,NA,NA
PRM_0152,DKLLPPRP,GATAAACTGTTGCCACCTAGGCCATAA,CTG,AGG,3,7,TRUE,L,R,P,L,NA,NA,NA
PRM_0152,DKLLPPSP,GATAAACTGTTGCCACCTAGTCCATAA,CTG,AGT,3,7,TRUE,L,S,P,L,NA,NA,NA
PRM_0152,DKLLPPTP,GATAAACTGTTGCCACCTACGCCATAA,CTG,ACG,3,7,TRUE,L,T,P,L,NA,NA,NA
PRM_0152,DKLLPPTP,GATAAACTGTTGCCACCTACTCCATAA,CTG,ACT,3,7,TRUE,L,T,P,L,NA,NA,NA
PRM_0152,DKLLPP*P,GATAAACTGTTGCCACCTTAGCCATAA,CTG,TAG,3,7,TRUE,L,*,P,L,NA,NA,NA
PRM_0152,DKLLPPYP,GATAAACTGTTGCCACCTTATCCATAA,CTG,TAT,3,7,TRUE,L,Y,P,L,NA,NA,NA
PRM_0152,DKLLPPLP,GATAAACTGTTGCCACCTTTGCCATAA,CTG,TTG,3,7,TRUE,L,L,P,L,NA,NA,NA
PRM_0152,DKLLPPFP,GATAAACTGTTGCCACCTTTTCCATAA,CTG,TTT,3,7,TRUE,L,F,P,L,NA,NA,NA
PRM_0152,DKLLPPWP,GATAAACTGTTGCCACCTTGGCCATAA,CTG,TGG,3,7,TRUE,L,W,P,L,NA,NA,NA
PRM_0152,DKLLPPCP,GATAAACTGTTGCCACCTTGTCCATAA,CTG,TGT,3,7,TRUE,L,C,P,L,NA,NA,NA
PRM_0152,DKLLPPSP,GATAAACTGTTGCCACCTTCGCCATAA,CTG,TCG,3,7,TRUE,L,S,P,L,NA,NA,NA
PRM_0152,DKLLPPSP,GATAAACTGTTGCCACCTTCTCCATAA,CTG,TCT,3,7,TRUE,L,S,P,L,NA,NA,NA
PRM_0152,DKLLPPEP,GATAAACTGTTGCCACCTGAGCCATAA,CTG,GAG,3,7,TRUE,L,E,P,L,NA,NA,NA
PRM_0152,DKLLPPDP,GATAAACTGTTGCCACCTGATCCATAA,CTG,GAT,3,7,TRUE,L,D,P,L,NA,NA,NA
PRM_0152,DKLLPPVP,GATAAACTGTTGCCACCTGTGCCATAA,CTG,GTG,3,7,TRUE,L,V,P,L,NA,NA,NA
PRM_0152,DKLLPPVP,GATAAACTGTTGCCACCTGTTCCATAA,CTG,GTT,3,7,TRUE,L,V,P,L,NA,NA,NA
PRM_0152,DKLLPPGP,GATAAACTGTTGCCACCTGGGCCATAA,CTG,GGG,3,7,TRUE,L,G,P,L,NA,NA,NA
PRM_0152,DKLLPPGP,GATAAACTGTTGCCACCTGGTCCATAA,CTG,GGT,3,7,TRUE,L,G,P,L,NA,NA,NA
PRM_0152,DKLLPPAP,GATAAACTGTTGCCACCTGCGCCATAA,CTG,GCG,3,7,TRUE,L,A,P,L,NA,NA,NA
PRM_0152,DKLLPPAP,GATAAACTGTTGCCACCTGCTCCATAA,CTG,GCT,3,7,TRUE,L,A,P,L,NA,NA,NA
PRM_0152,DKLLPPQP,GATAAACTGTTGCCACCTCAGCCATAA,CTG,CAG,3,7,TRUE,L,Q,P,L,NA,NA,NA
PRM_0152,DKLLPPHP,GATAAACTGTTGCCACCTCATCCATAA,CTG,CAT,3,7,TRUE,L,H,P,L,NA,NA,NA
PRM_0152,DKLLPPLP,GATAAACTGTTGCCACCTCTGCCATAA,CTG,CTG,3,7,TRUE,L,L,P,L,NA,NA,NA
PRM_0152,DKLLPPLP,GATAAACTGTTGCCACCTCTTCCATAA,CTG,CTT,3,7,TRUE,L,L,P,L,NA,NA,NA
PRM_0152,DKLLPPRP,GATAAACTGTTGCCACCTCGGCCATAA,CTG,CGG,3,7,TRUE,L,R,P,L,NA,NA,NA
PRM_0152,DKLLPPRP,GATAAACTGTTGCCACCTCGTCCATAA,CTG,CGT,3,7,TRUE,L,R,P,L,NA,NA,NA
PRM_0152,DKLLPPPP,GATAAACTGTTGCCACCTCCGCCATAA,CTG,CCG,3,7,TRUE,L,P,P,L,NA,NA,NA
PRM_0152,DKLLPPPP,GATAAACTGTTGCCACCTCCTCCATAA,CTG,CCT,3,7,TRUE,L,P,P,L,NA,NA,NA
PRM_0152,DKLLPPKP,GATAAACTTTTGCCACCTAAGCCATAA,CTT,AAG,3,7,TRUE,L,K,P,L,NA,NA,NA
PRM_0152,DKLLPPNP,GATAAACTTTTGCCACCTAATCCATAA,CTT,AAT,3,7,TRUE,L,N,P,L,NA,NA,NA
PRM_0152,DKLLPPMP,GATAAACTTTTGCCACCTATGCCATAA,CTT,ATG,3,7,TRUE,L,M,P,L,NA,NA,NA
PRM_0152,DKLLPPIP,GATAAACTTTTGCCACCTATTCCATAA,CTT,ATT,3,7,TRUE,L,I,P,L,NA,NA,NA
PRM_0152,DKLLPPRP,GATAAACTTTTGCCACCTAGGCCATAA,CTT,AGG,3,7,TRUE,L,R,P,L,NA,NA,NA
PRM_0152,DKLLPPSP,GATAAACTTTTGCCACCTAGTCCATAA,CTT,AGT,3,7,TRUE,L,S,P,L,NA,NA,NA
PRM_0152,DKLLPPTP,GATAAACTTTTGCCACCTACGCCATAA,CTT,ACG,3,7,TRUE,L,T,P,L,NA,NA,NA
PRM_0152,DKLLPPTP,GATAAACTTTTGCCACCTACTCCATAA,CTT,ACT,3,7,TRUE,L,T,P,L,NA,NA,NA
PRM_0152,DKLLPP*P,GATAAACTTTTGCCACCTTAGCCATAA,CTT,TAG,3,7,TRUE,L,*,P,L,NA,NA,NA
PRM_0152,DKLLPPYP,GATAAACTTTTGCCACCTTATCCATAA,CTT,TAT,3,7,TRUE,L,Y,P,L,NA,NA,NA
PRM_0152,DKLLPPLP,GATAAACTTTTGCCACCTTTGCCATAA,CTT,TTG,3,7,TRUE,L,L,P,L,NA,NA,NA
PRM_0152,DKLLPPFP,GATAAACTTTTGCCACCTTTTCCATAA,CTT,TTT,3,7,TRUE,L,F,P,L,NA,NA,NA
PRM_0152,DKLLPPWP,GATAAACTTTTGCCACCTTGGCCATAA,CTT,TGG,3,7,TRUE,L,W,P,L,NA,NA,NA
PRM_0152,DKLLPPCP,GATAAACTTTTGCCACCTTGTCCATAA,CTT,TGT,3,7,TRUE,L,C,P,L,NA,NA,NA
PRM_0152,DKLLPPSP,GATAAACTTTTGCCACCTTCGCCATAA,CTT,TCG,3,7,TRUE,L,S,P,L,NA,NA,NA
PRM_0152,DKLLPPSP,GATAAACTTTTGCCACCTTCTCCATAA,CTT,TCT,3,7,TRUE,L,S,P,L,NA,NA,NA
PRM_0152,DKLLPPEP,GATAAACTTTTGCCACCTGAGCCATAA,CTT,GAG,3,7,TRUE,L,E,P,L,NA,NA,NA
PRM_0152,DKLLPPDP,GATAAACTTTTGCCACCTGATCCATAA,CTT,GAT,3,7,TRUE,L,D,P,L,NA,NA,NA
PRM_0152,DKLLPPVP,GATAAACTTTTGCCACCTGTGCCATAA,CTT,GTG,3,7,TRUE,L,V,P,L,NA,NA,NA
PRM_0152,DKLLPPVP,GATAAACTTTTGCCACCTGTTCCATAA,CTT,GTT,3,7,TRUE,L,V,P,L,NA,NA,NA
PRM_0152,DKLLPPGP,GATAAACTTTTGCCACCTGGGCCATAA,CTT,GGG,3,7,TRUE,L,G,P,L,NA,NA,NA
PRM_0152,DKLLPPGP,GATAAACTTTTGCCACCTGGTCCATAA,CTT,GGT,3,7,TRUE,L,G,P,L,NA,NA,NA
PRM_0152,DKLLPPAP,GATAAACTTTTGCCACCTGCGCCATAA,CTT,GCG,3,7,TRUE,L,A,P,L,NA,NA,NA
PRM_0152,DKLLPPAP,GATAAACTTTTGCCACCTGCTCCATAA,CTT,GCT,3,7,TRUE,L,A,P,L,NA,NA,NA
PRM_0152,DKLLPPQP,GATAAACTTTTGCCACCTCAGCCATAA,CTT,CAG,3,7,TRUE,L,Q,P,L,NA,NA,NA
PRM_0152,DKLLPPHP,GATAAACTTTTGCCACCTCATCCATAA,CTT,CAT,3,7,TRUE,L,H,P,L,NA,NA,NA
PRM_0152,DKLLPPLP,GATAAACTTTTGCCACCTCTGCCATAA,CTT,CTG,3,7,TRUE,L,L,P,L,NA,NA,NA
PRM_0152,DKLLPPLP,GATAAACTTTTGCCACCTCTTCCATAA,CTT,CTT,3,7,TRUE,L,L,P,L,NA,NA,NA
PRM_0152,DKLLPPRP,GATAAACTTTTGCCACCTCGGCCATAA,CTT,CGG,3,7,TRUE,L,R,P,L,NA,NA,NA
PRM_0152,DKLLPPRP,GATAAACTTTTGCCACCTCGTCCATAA,CTT,CGT,3,7,TRUE,L,R,P,L,NA,NA,NA
PRM_0152,DKLLPPPP,GATAAACTTTTGCCACCTCCGCCATAA,CTT,CCG,3,7,TRUE,L,P,P,L,NA,NA,NA
PRM_0152,DKLLPPPP,GATAAACTTTTGCCACCTCCTCCATAA,CTT,CCT,3,7,TRUE,L,P,P,L,NA,NA,NA
PRM_0152,DKRLPPKP,GATAAACGGTTGCCACCTAAGCCATAA,CGG,AAG,3,7,TRUE,R,K,P,L,NA,NA,NA
PRM_0152,DKRLPPNP,GATAAACGGTTGCCACCTAATCCATAA,CGG,AAT,3,7,TRUE,R,N,P,L,NA,NA,NA
PRM_0152,DKRLPPMP,GATAAACGGTTGCCACCTATGCCATAA,CGG,ATG,3,7,TRUE,R,M,P,L,NA,NA,NA
PRM_0152,DKRLPPIP,GATAAACGGTTGCCACCTATTCCATAA,CGG,ATT,3,7,TRUE,R,I,P,L,NA,NA,NA
PRM_0152,DKRLPPRP,GATAAACGGTTGCCACCTAGGCCATAA,CGG,AGG,3,7,TRUE,R,R,P,L,NA,NA,NA
PRM_0152,DKRLPPSP,GATAAACGGTTGCCACCTAGTCCATAA,CGG,AGT,3,7,TRUE,R,S,P,L,NA,NA,NA
PRM_0152,DKRLPPTP,GATAAACGGTTGCCACCTACGCCATAA,CGG,ACG,3,7,TRUE,R,T,P,L,NA,NA,NA
PRM_0152,DKRLPPTP,GATAAACGGTTGCCACCTACTCCATAA,CGG,ACT,3,7,TRUE,R,T,P,L,NA,NA,NA
PRM_0152,DKRLPP*P,GATAAACGGTTGCCACCTTAGCCATAA,CGG,TAG,3,7,TRUE,R,*,P,L,NA,NA,NA
PRM_0152,DKRLPPYP,GATAAACGGTTGCCACCTTATCCATAA,CGG,TAT,3,7,TRUE,R,Y,P,L,NA,NA,NA
PRM_0152,DKRLPPLP,GATAAACGGTTGCCACCTTTGCCATAA,CGG,TTG,3,7,TRUE,R,L,P,L,NA,NA,NA
PRM_0152,DKRLPPFP,GATAAACGGTTGCCACCTTTTCCATAA,CGG,TTT,3,7,TRUE,R,F,P,L,NA,NA,NA
PRM_0152,DKRLPPWP,GATAAACGGTTGCCACCTTGGCCATAA,CGG,TGG,3,7,TRUE,R,W,P,L,NA,NA,NA
PRM_0152,DKRLPPCP,GATAAACGGTTGCCACCTTGTCCATAA,CGG,TGT,3,7,TRUE,R,C,P,L,NA,NA,NA
PRM_0152,DKRLPPSP,GATAAACGGTTGCCACCTTCGCCATAA,CGG,TCG,3,7,TRUE,R,S,P,L,NA,NA,NA
PRM_0152,DKRLPPSP,GATAAACGGTTGCCACCTTCTCCATAA,CGG,TCT,3,7,TRUE,R,S,P,L,NA,NA,NA
PRM_0152,DKRLPPEP,GATAAACGGTTGCCACCTGAGCCATAA,CGG,GAG,3,7,TRUE,R,E,P,L,NA,NA,NA
PRM_0152,DKRLPPDP,GATAAACGGTTGCCACCTGATCCATAA,CGG,GAT,3,7,TRUE,R,D,P,L,NA,NA,NA
PRM_0152,DKRLPPVP,GATAAACGGTTGCCACCTGTGCCATAA,CGG,GTG,3,7,TRUE,R,V,P,L,NA,NA,NA
PRM_0152,DKRLPPVP,GATAAACGGTTGCCACCTGTTCCATAA,CGG,GTT,3,7,TRUE,R,V,P,L,NA,NA,NA
PRM_0152,DKRLPPGP,GATAAACGGTTGCCACCTGGGCCATAA,CGG,GGG,3,7,TRUE,R,G,P,L,NA,NA,NA
PRM_0152,DKRLPPGP,GATAAACGGTTGCCACCTGGTCCATAA,CGG,GGT,3,7,TRUE,R,G,P,L,NA,NA,NA
PRM_0152,DKRLPPAP,GATAAACGGTTGCCACCTGCGCCATAA,CGG,GCG,3,7,TRUE,R,A,P,L,NA,NA,NA
PRM_0152,DKRLPPAP,GATAAACGGTTGCCACCTGCTCCATAA,CGG,GCT,3,7,TRUE,R,A,P,L,NA,NA,NA
PRM_0152,DKRLPPQP,GATAAACGGTTGCCACCTCAGCCATAA,CGG,CAG,3,7,TRUE,R,Q,P,L,NA,NA,NA
PRM_0152,DKRLPPHP,GATAAACGGTTGCCACCTCATCCATAA,CGG,CAT,3,7,TRUE,R,H,P,L,NA,NA,NA
PRM_0152,DKRLPPLP,GATAAACGGTTGCCACCTCTGCCATAA,CGG,CTG,3,7,TRUE,R,L,P,L,NA,NA,NA
PRM_0152,DKRLPPLP,GATAAACGGTTGCCACCTCTTCCATAA,CGG,CTT,3,7,TRUE,R,L,P,L,NA,NA,NA
PRM_0152,DKRLPPRP,GATAAACGGTTGCCACCTCGGCCATAA,CGG,CGG,3,7,TRUE,R,R,P,L,NA,NA,NA
PRM_0152,DKRLPPRP,GATAAACGGTTGCCACCTCGTCCATAA,CGG,CGT,3,7,TRUE,R,R,P,L,NA,NA,NA
PRM_0152,DKRLPPPP,GATAAACGGTTGCCACCTCCGCCATAA,CGG,CCG,3,7,TRUE,R,P,P,L,NA,NA,NA
PRM_0152,DKRLPPPP,GATAAACGGTTGCCACCTCCTCCATAA,CGG,CCT,3,7,TRUE,R,P,P,L,NA,NA,NA
PRM_0152,DKRLPPKP,GATAAACGTTTGCCACCTAAGCCATAA,CGT,AAG,3,7,TRUE,R,K,P,L,NA,NA,NA
PRM_0152,DKRLPPNP,GATAAACGTTTGCCACCTAATCCATAA,CGT,AAT,3,7,TRUE,R,N,P,L,NA,NA,NA
PRM_0152,DKRLPPMP,GATAAACGTTTGCCACCTATGCCATAA,CGT,ATG,3,7,TRUE,R,M,P,L,NA,NA,NA
PRM_0152,DKRLPPIP,GATAAACGTTTGCCACCTATTCCATAA,CGT,ATT,3,7,TRUE,R,I,P,L,NA,NA,NA
PRM_0152,DKRLPPRP,GATAAACGTTTGCCACCTAGGCCATAA,CGT,AGG,3,7,TRUE,R,R,P,L,NA,NA,NA
PRM_0152,DKRLPPSP,GATAAACGTTTGCCACCTAGTCCATAA,CGT,AGT,3,7,TRUE,R,S,P,L,NA,NA,NA
PRM_0152,DKRLPPTP,GATAAACGTTTGCCACCTACGCCATAA,CGT,ACG,3,7,TRUE,R,T,P,L,NA,NA,NA
PRM_0152,DKRLPPTP,GATAAACGTTTGCCACCTACTCCATAA,CGT,ACT,3,7,TRUE,R,T,P,L,NA,NA,NA
PRM_0152,DKRLPP*P,GATAAACGTTTGCCACCTTAGCCATAA,CGT,TAG,3,7,TRUE,R,*,P,L,NA,NA,NA
PRM_0152,DKRLPPYP,GATAAACGTTTGCCACCTTATCCATAA,CGT,TAT,3,7,TRUE,R,Y,P,L,NA,NA,NA
PRM_0152,DKRLPPLP,GATAAACGTTTGCCACCTTTGCCATAA,CGT,TTG,3,7,TRUE,R,L,P,L,NA,NA,NA
PRM_0152,DKRLPPFP,GATAAACGTTTGCCACCTTTTCCATAA,CGT,TTT,3,7,TRUE,R,F,P,L,NA,NA,NA
PRM_0152,DKRLPPWP,GATAAACGTTTGCCACCTTGGCCATAA,CGT,TGG,3,7,TRUE,R,W,P,L,NA,NA,NA
PRM_0152,DKRLPPCP,GATAAACGTTTGCCACCTTGTCCATAA,CGT,TGT,3,7,TRUE,R,C,P,L,NA,NA,NA
PRM_0152,DKRLPPSP,GATAAACGTTTGCCACCTTCGCCATAA,CGT,TCG,3,7,TRUE,R,S,P,L,NA,NA,NA
PRM_0152,DKRLPPSP,GATAAACGTTTGCCACCTTCTCCATAA,CGT,TCT,3,7,TRUE,R,S,P,L,NA,NA,NA
PRM_0152,DKRLPPEP,GATAAACGTTTGCCACCTGAGCCATAA,CGT,GAG,3,7,TRUE,R,E,P,L,NA,NA,NA
PRM_0152,DKRLPPDP,GATAAACGTTTGCCACCTGATCCATAA,CGT,GAT,3,7,TRUE,R,D,P,L,NA,NA,NA
PRM_0152,DKRLPPVP,GATAAACGTTTGCCACCTGTGCCATAA,CGT,GTG,3,7,TRUE,R,V,P,L,NA,NA,NA
PRM_0152,DKRLPPVP,GATAAACGTTTGCCACCTGTTCCATAA,CGT,GTT,3,7,TRUE,R,V,P,L,NA,NA,NA
PRM_0152,DKRLPPGP,GATAAACGTTTGCCACCTGGGCCATAA,CGT,GGG,3,7,TRUE,R,G,P,L,NA,NA,NA
PRM_0152,DKRLPPGP,GATAAACGTTTGCCACCTGGTCCATAA,CGT,GGT,3,7,TRUE,R,G,P,L,NA,NA,NA
PRM_0152,DKRLPPAP,GATAAACGTTTGCCACCTGCGCCATAA,CGT,GCG,3,7,TRUE,R,A,P,L,NA,NA,NA
PRM_0152,DKRLPPAP,GATAAACGTTTGCCACCTGCTCCATAA,CGT,GCT,3,7,TRUE,R,A,P,L,NA,NA,NA
PRM_0152,DKRLPPQP,GATAAACGTTTGCCACCTCAGCCATAA,CGT,CAG,3,7,TRUE,R,Q,P,L,NA,NA,NA
PRM_0152,DKRLPPHP,GATAAACGTTTGCCACCTCATCCATAA,CGT,CAT,3,7,TRUE,R,H,P,L,NA,NA,NA
PRM_0152,DKRLPPLP,GATAAACGTTTGCCACCTCTGCCATAA,CGT,CTG,3,7,TRUE,R,L,P,L,NA,NA,NA
PRM_0152,DKRLPPLP,GATAAACGTTTGCCACCTCTTCCATAA,CGT,CTT,3,7,TRUE,R,L,P,L,NA,NA,NA
PRM_0152,DKRLPPRP,GATAAACGTTTGCCACCTCGGCCATAA,CGT,CGG,3,7,TRUE,R,R,P,L,NA,NA,NA
PRM_0152,DKRLPPRP,GATAAACGTTTGCCACCTCGTCCATAA,CGT,CGT,3,7,TRUE,R,R,P,L,NA,NA,NA
PRM_0152,DKRLPPPP,GATAAACGTTTGCCACCTCCGCCATAA,CGT,CCG,3,7,TRUE,R,P,P,L,NA,NA,NA
PRM_0152,DKRLPPPP,GATAAACGTTTGCCACCTCCTCCATAA,CGT,CCT,3,7,TRUE,R,P,P,L,NA,NA,NA
PRM_0152,DKPLPPKP,GATAAACCGTTGCCACCTAAGCCATAA,CCG,AAG,3,7,TRUE,P,K,P,L,NA,NA,NA
PRM_0152,DKPLPPNP,GATAAACCGTTGCCACCTAATCCATAA,CCG,AAT,3,7,TRUE,P,N,P,L,NA,NA,NA
PRM_0152,DKPLPPMP,GATAAACCGTTGCCACCTATGCCATAA,CCG,ATG,3,7,TRUE,P,M,P,L,NA,NA,NA
PRM_0152,DKPLPPIP,GATAAACCGTTGCCACCTATTCCATAA,CCG,ATT,3,7,TRUE,P,I,P,L,NA,NA,NA
PRM_0152,DKPLPPRP,GATAAACCGTTGCCACCTAGGCCATAA,CCG,AGG,3,7,TRUE,P,R,P,L,NA,NA,NA
PRM_0152,DKPLPPSP,GATAAACCGTTGCCACCTAGTCCATAA,CCG,AGT,3,7,TRUE,P,S,P,L,NA,NA,NA
PRM_0152,DKPLPPTP,GATAAACCGTTGCCACCTACGCCATAA,CCG,ACG,3,7,TRUE,P,T,P,L,NA,NA,NA
PRM_0152,DKPLPPTP,GATAAACCGTTGCCACCTACTCCATAA,CCG,ACT,3,7,TRUE,P,T,P,L,NA,NA,NA
PRM_0152,DKPLPP*P,GATAAACCGTTGCCACCTTAGCCATAA,CCG,TAG,3,7,TRUE,P,*,P,L,NA,NA,NA
PRM_0152,DKPLPPYP,GATAAACCGTTGCCACCTTATCCATAA,CCG,TAT,3,7,TRUE,P,Y,P,L,NA,NA,NA
PRM_0152,DKPLPPLP,GATAAACCGTTGCCACCTTTGCCATAA,CCG,TTG,3,7,TRUE,P,L,P,L,NA,NA,NA
PRM_0152,DKPLPPFP,GATAAACCGTTGCCACCTTTTCCATAA,CCG,TTT,3,7,TRUE,P,F,P,L,NA,NA,NA
PRM_0152,DKPLPPWP,GATAAACCGTTGCCACCTTGGCCATAA,CCG,TGG,3,7,TRUE,P,W,P,L,NA,NA,NA
PRM_0152,DKPLPPCP,GATAAACCGTTGCCACCTTGTCCATAA,CCG,TGT,3,7,TRUE,P,C,P,L,NA,NA,NA
PRM_0152,DKPLPPSP,GATAAACCGTTGCCACCTTCGCCATAA,CCG,TCG,3,7,TRUE,P,S,P,L,NA,NA,NA
PRM_0152,DKPLPPSP,GATAAACCGTTGCCACCTTCTCCATAA,CCG,TCT,3,7,TRUE,P,S,P,L,NA,NA,NA
PRM_0152,DKPLPPEP,GATAAACCGTTGCCACCTGAGCCATAA,CCG,GAG,3,7,TRUE,P,E,P,L,NA,NA,NA
PRM_0152,DKPLPPDP,GATAAACCGTTGCCACCTGATCCATAA,CCG,GAT,3,7,TRUE,P,D,P,L,NA,NA,NA
PRM_0152,DKPLPPVP,GATAAACCGTTGCCACCTGTGCCATAA,CCG,GTG,3,7,TRUE,P,V,P,L,NA,NA,NA
PRM_0152,DKPLPPVP,GATAAACCGTTGCCACCTGTTCCATAA,CCG,GTT,3,7,TRUE,P,V,P,L,NA,NA,NA
PRM_0152,DKPLPPGP,GATAAACCGTTGCCACCTGGGCCATAA,CCG,GGG,3,7,TRUE,P,G,P,L,NA,NA,NA
PRM_0152,DKPLPPGP,GATAAACCGTTGCCACCTGGTCCATAA,CCG,GGT,3,7,TRUE,P,G,P,L,NA,NA,NA
PRM_0152,DKPLPPAP,GATAAACCGTTGCCACCTGCGCCATAA,CCG,GCG,3,7,TRUE,P,A,P,L,NA,NA,NA
PRM_0152,DKPLPPAP,GATAAACCGTTGCCACCTGCTCCATAA,CCG,GCT,3,7,TRUE,P,A,P,L,NA,NA,NA
PRM_0152,DKPLPPQP,GATAAACCGTTGCCACCTCAGCCATAA,CCG,CAG,3,7,TRUE,P,Q,P,L,NA,NA,NA
PRM_0152,DKPLPPHP,GATAAACCGTTGCCACCTCATCCATAA,CCG,CAT,3,7,TRUE,P,H,P,L,NA,NA,NA
PRM_0152,DKPLPPLP,GATAAACCGTTGCCACCTCTGCCATAA,CCG,CTG,3,7,TRUE,P,L,P,L,NA,NA,NA
PRM_0152,DKPLPPLP,GATAAACCGTTGCCACCTCTTCCATAA,CCG,CTT,3,7,TRUE,P,L,P,L,NA,NA,NA
PRM_0152,DKPLPPRP,GATAAACCGTTGCCACCTCGGCCATAA,CCG,CGG,3,7,TRUE,P,R,P,L,NA,NA,NA
PRM_0152,DKPLPPRP,GATAAACCGTTGCCACCTCGTCCATAA,CCG,CGT,3,7,TRUE,P,R,P,L,NA,NA,NA
PRM_0152,DKPLPPPP,GATAAACCGTTGCCACCTCCGCCATAA,CCG,CCG,3,7,TRUE,P,P,P,L,NA,NA,NA
PRM_0152,DKPLPPPP,GATAAACCGTTGCCACCTCCTCCATAA,CCG,CCT,3,7,TRUE,P,P,P,L,NA,NA,NA
PRM_0152,DKPLPPKP,GATAAACCTTTGCCACCTAAGCCATAA,CCT,AAG,3,7,TRUE,P,K,P,L,NA,NA,NA
PRM_0152,DKPLPPNP,GATAAACCTTTGCCACCTAATCCATAA,CCT,AAT,3,7,TRUE,P,N,P,L,NA,NA,NA
PRM_0152,DKPLPPMP,GATAAACCTTTGCCACCTATGCCATAA,CCT,ATG,3,7,TRUE,P,M,P,L,NA,NA,NA
PRM_0152,DKPLPPIP,GATAAACCTTTGCCACCTATTCCATAA,CCT,ATT,3,7,TRUE,P,I,P,L,NA,NA,NA
PRM_0152,DKPLPPRP,GATAAACCTTTGCCACCTAGGCCATAA,CCT,AGG,3,7,TRUE,P,R,P,L,NA,NA,NA
PRM_0152,DKPLPPSP,GATAAACCTTTGCCACCTAGTCCATAA,CCT,AGT,3,7,TRUE,P,S,P,L,NA,NA,NA
PRM_0152,DKPLPPTP,GATAAACCTTTGCCACCTACGCCATAA,CCT,ACG,3,7,TRUE,P,T,P,L,NA,NA,NA
PRM_0152,DKPLPPTP,GATAAACCTTTGCCACCTACTCCATAA,CCT,ACT,3,7,TRUE,P,T,P,L,NA,NA,NA
PRM_0152,DKPLPP*P,GATAAACCTTTGCCACCTTAGCCATAA,CCT,TAG,3,7,TRUE,P,*,P,L,NA,NA,NA
PRM_0152,DKPLPPYP,GATAAACCTTTGCCACCTTATCCATAA,CCT,TAT,3,7,TRUE,P,Y,P,L,NA,NA,NA
PRM_0152,DKPLPPLP,GATAAACCTTTGCCACCTTTGCCATAA,CCT,TTG,3,7,TRUE,P,L,P,L,NA,NA,NA
PRM_0152,DKPLPPFP,GATAAACCTTTGCCACCTTTTCCATAA,CCT,TTT,3,7,TRUE,P,F,P,L,NA,NA,NA
PRM_0152,DKPLPPWP,GATAAACCTTTGCCACCTTGGCCATAA,CCT,TGG,3,7,TRUE,P,W,P,L,NA,NA,NA
PRM_0152,DKPLPPCP,GATAAACCTTTGCCACCTTGTCCATAA,CCT,TGT,3,7,TRUE,P,C,P,L,NA,NA,NA
PRM_0152,DKPLPPSP,GATAAACCTTTGCCACCTTCGCCATAA,CCT,TCG,3,7,TRUE,P,S,P,L,NA,NA,NA
PRM_0152,DKPLPPSP,GATAAACCTTTGCCACCTTCTCCATAA,CCT,TCT,3,7,TRUE,P,S,P,L,NA,NA,NA
PRM_0152,DKPLPPEP,GATAAACCTTTGCCACCTGAGCCATAA,CCT,GAG,3,7,TRUE,P,E,P,L,NA,NA,NA
PRM_0152,DKPLPPDP,GATAAACCTTTGCCACCTGATCCATAA,CCT,GAT,3,7,TRUE,P,D,P,L,NA,NA,NA
PRM_0152,DKPLPPVP,GATAAACCTTTGCCACCTGTGCCATAA,CCT,GTG,3,7,TRUE,P,V,P,L,NA,NA,NA
PRM_0152,DKPLPPVP,GATAAACCTTTGCCACCTGTTCCATAA,CCT,GTT,3,7,TRUE,P,V,P,L,NA,NA,NA
PRM_0152,DKPLPPGP,GATAAACCTTTGCCACCTGGGCCATAA,CCT,GGG,3,7,TRUE,P,G,P,L,NA,NA,NA
PRM_0152,DKPLPPGP,GATAAACCTTTGCCACCTGGTCCATAA,CCT,GGT,3,7,TRUE,P,G,P,L,NA,NA,NA
PRM_0152,DKPLPPAP,GATAAACCTTTGCCACCTGCGCCATAA,CCT,GCG,3,7,TRUE,P,A,P,L,NA,NA,NA
PRM_0152,DKPLPPAP,GATAAACCTTTGCCACCTGCTCCATAA,CCT,GCT,3,7,TRUE,P,A,P,L,NA,NA,NA
PRM_0152,DKPLPPQP,GATAAACCTTTGCCACCTCAGCCATAA,CCT,CAG,3,7,TRUE,P,Q,P,L,NA,NA,NA
PRM_0152,DKPLPPHP,GATAAACCTTTGCCACCTCATCCATAA,CCT,CAT,3,7,TRUE,P,H,P,L,NA,NA,NA
PRM_0152,DKPLPPLP,GATAAACCTTTGCCACCTCTGCCATAA,CCT,CTG,3,7,TRUE,P,L,P,L,NA,NA,NA
PRM_0152,DKPLPPLP,GATAAACCTTTGCCACCTCTTCCATAA,CCT,CTT,3,7,TRUE,P,L,P,L,NA,NA,NA
PRM_0152,DKPLPPRP,GATAAACCTTTGCCACCTCGGCCATAA,CCT,CGG,3,7,TRUE,P,R,P,L,NA,NA,NA
PRM_0152,DKPLPPRP,GATAAACCTTTGCCACCTCGTCCATAA,CCT,CGT,3,7,TRUE,P,R,P,L,NA,NA,NA
PRM_0152,DKPLPPPP,GATAAACCTTTGCCACCTCCGCCATAA,CCT,CCG,3,7,TRUE,P,P,P,L,NA,NA,NA
PRM_0152,DKPLPPPP,GATAAACCTTTGCCACCTCCTCCATAA,CCT,CCT,3,7,TRUE,P,P,P,L,NA,NA,NA
PRM_0246,GGPKKKPRLLLLV,GGTGGACCAAAGAAAAAGCCAAGATTGTTATTGTTAGTTTAA,AAG,AAG,4,6,TRUE,K,K,V,P,NA,NA,NA
PRM_0246,GGPKKNPRLLLLV,GGTGGACCAAAGAAAAATCCAAGATTGTTATTGTTAGTTTAA,AAG,AAT,4,6,TRUE,K,N,V,P,NA,NA,NA
PRM_0246,GGPKKMPRLLLLV,GGTGGACCAAAGAAAATGCCAAGATTGTTATTGTTAGTTTAA,AAG,ATG,4,6,TRUE,K,M,V,P,NA,NA,NA
PRM_0246,GGPKKIPRLLLLV,GGTGGACCAAAGAAAATTCCAAGATTGTTATTGTTAGTTTAA,AAG,ATT,4,6,TRUE,K,I,V,P,NA,NA,NA
PRM_0246,GGPKKRPRLLLLV,GGTGGACCAAAGAAAAGGCCAAGATTGTTATTGTTAGTTTAA,AAG,AGG,4,6,TRUE,K,R,V,P,NA,NA,NA
PRM_0246,GGPKKSPRLLLLV,GGTGGACCAAAGAAAAGTCCAAGATTGTTATTGTTAGTTTAA,AAG,AGT,4,6,TRUE,K,S,V,P,NA,NA,NA
PRM_0246,GGPKKTPRLLLLV,GGTGGACCAAAGAAAACGCCAAGATTGTTATTGTTAGTTTAA,AAG,ACG,4,6,TRUE,K,T,V,P,NA,NA,NA
PRM_0246,GGPKKTPRLLLLV,GGTGGACCAAAGAAAACTCCAAGATTGTTATTGTTAGTTTAA,AAG,ACT,4,6,TRUE,K,T,V,P,NA,NA,NA
PRM_0246,GGPKK*PRLLLLV,GGTGGACCAAAGAAATAGCCAAGATTGTTATTGTTAGTTTAA,AAG,TAG,4,6,TRUE,K,*,V,P,NA,NA,NA
PRM_0246,GGPKKYPRLLLLV,GGTGGACCAAAGAAATATCCAAGATTGTTATTGTTAGTTTAA,AAG,TAT,4,6,TRUE,K,Y,V,P,NA,NA,NA
PRM_0246,GGPKKLPRLLLLV,GGTGGACCAAAGAAATTGCCAAGATTGTTATTGTTAGTTTAA,AAG,TTG,4,6,TRUE,K,L,V,P,NA,NA,NA
PRM_0246,GGPKKFPRLLLLV,GGTGGACCAAAGAAATTTCCAAGATTGTTATTGTTAGTTTAA,AAG,TTT,4,6,TRUE,K,F,V,P,NA,NA,NA
PRM_0246,GGPKKWPRLLLLV,GGTGGACCAAAGAAATGGCCAAGATTGTTATTGTTAGTTTAA,AAG,TGG,4,6,TRUE,K,W,V,P,NA,NA,NA
PRM_0246,GGPKKCPRLLLLV,GGTGGACCAAAGAAATGTCCAAGATTGTTATTGTTAGTTTAA,AAG,TGT,4,6,TRUE,K,C,V,P,NA,NA,NA
PRM_0246,GGPKKSPRLLLLV,GGTGGACCAAAGAAATCGCCAAGATTGTTATTGTTAGTTTAA,AAG,TCG,4,6,TRUE,K,S,V,P,NA,NA,NA
PRM_0246,GGPKKSPRLLLLV,GGTGGACCAAAGAAATCTCCAAGATTGTTATTGTTAGTTTAA,AAG,TCT,4,6,TRUE,K,S,V,P,NA,NA,NA
PRM_0246,GGPKKEPRLLLLV,GGTGGACCAAAGAAAGAGCCAAGATTGTTATTGTTAGTTTAA,AAG,GAG,4,6,TRUE,K,E,V,P,NA,NA,NA
PRM_0246,GGPKKDPRLLLLV,GGTGGACCAAAGAAAGATCCAAGATTGTTATTGTTAGTTTAA,AAG,GAT,4,6,TRUE,K,D,V,P,NA,NA,NA
PRM_0246,GGPKKVPRLLLLV,GGTGGACCAAAGAAAGTGCCAAGATTGTTATTGTTAGTTTAA,AAG,GTG,4,6,TRUE,K,V,V,P,NA,NA,NA
PRM_0246,GGPKKVPRLLLLV,GGTGGACCAAAGAAAGTTCCAAGATTGTTATTGTTAGTTTAA,AAG,GTT,4,6,TRUE,K,V,V,P,NA,NA,NA
PRM_0246,GGPKKGPRLLLLV,GGTGGACCAAAGAAAGGGCCAAGATTGTTATTGTTAGTTTAA,AAG,GGG,4,6,TRUE,K,G,V,P,NA,NA,NA
PRM_0246,GGPKKGPRLLLLV,GGTGGACCAAAGAAAGGTCCAAGATTGTTATTGTTAGTTTAA,AAG,GGT,4,6,TRUE,K,G,V,P,NA,NA,NA
PRM_0246,GGPKKAPRLLLLV,GGTGGACCAAAGAAAGCGCCAAGATTGTTATTGTTAGTTTAA,AAG,GCG,4,6,TRUE,K,A,V,P,NA,NA,NA
PRM_0246,GGPKKAPRLLLLV,GGTGGACCAAAGAAAGCTCCAAGATTGTTATTGTTAGTTTAA,AAG,GCT,4,6,TRUE,K,A,V,P,NA,NA,NA
PRM_0246,GGPKKQPRLLLLV,GGTGGACCAAAGAAACAGCCAAGATTGTTATTGTTAGTTTAA,AAG,CAG,4,6,TRUE,K,Q,V,P,NA,NA,NA
PRM_0246,GGPKKHPRLLLLV,GGTGGACCAAAGAAACATCCAAGATTGTTATTGTTAGTTTAA,AAG,CAT,4,6,TRUE,K,H,V,P,NA,NA,NA
PRM_0246,GGPKKLPRLLLLV,GGTGGACCAAAGAAACTGCCAAGATTGTTATTGTTAGTTTAA,AAG,CTG,4,6,TRUE,K,L,V,P,NA,NA,NA
PRM_0246,GGPKKLPRLLLLV,GGTGGACCAAAGAAACTTCCAAGATTGTTATTGTTAGTTTAA,AAG,CTT,4,6,TRUE,K,L,V,P,NA,NA,NA
PRM_0246,GGPKKRPRLLLLV,GGTGGACCAAAGAAACGGCCAAGATTGTTATTGTTAGTTTAA,AAG,CGG,4,6,TRUE,K,R,V,P,NA,NA,NA
PRM_0246,GGPKKRPRLLLLV,GGTGGACCAAAGAAACGTCCAAGATTGTTATTGTTAGTTTAA,AAG,CGT,4,6,TRUE,K,R,V,P,NA,NA,NA
PRM_0246,GGPKKPPRLLLLV,GGTGGACCAAAGAAACCGCCAAGATTGTTATTGTTAGTTTAA,AAG,CCG,4,6,TRUE,K,P,V,P,NA,NA,NA
PRM_0246,GGPKKPPRLLLLV,GGTGGACCAAAGAAACCTCCAAGATTGTTATTGTTAGTTTAA,AAG,CCT,4,6,TRUE,K,P,V,P,NA,NA,NA
PRM_0246,GGPNKKPRLLLLV,GGTGGACCAAATAAAAAGCCAAGATTGTTATTGTTAGTTTAA,AAT,AAG,4,6,TRUE,N,K,V,P,NA,NA,NA
PRM_0246,GGPNKNPRLLLLV,GGTGGACCAAATAAAAATCCAAGATTGTTATTGTTAGTTTAA,AAT,AAT,4,6,TRUE,N,N,V,P,NA,NA,NA
PRM_0246,GGPNKMPRLLLLV,GGTGGACCAAATAAAATGCCAAGATTGTTATTGTTAGTTTAA,AAT,ATG,4,6,TRUE,N,M,V,P,NA,NA,NA
PRM_0246,GGPNKIPRLLLLV,GGTGGACCAAATAAAATTCCAAGATTGTTATTGTTAGTTTAA,AAT,ATT,4,6,TRUE,N,I,V,P,NA,NA,NA
PRM_0246,GGPNKRPRLLLLV,GGTGGACCAAATAAAAGGCCAAGATTGTTATTGTTAGTTTAA,AAT,AGG,4,6,TRUE,N,R,V,P,NA,NA,NA
PRM_0246,GGPNKSPRLLLLV,GGTGGACCAAATAAAAGTCCAAGATTGTTATTGTTAGTTTAA,AAT,AGT,4,6,TRUE,N,S,V,P,NA,NA,NA
PRM_0246,GGPNKTPRLLLLV,GGTGGACCAAATAAAACGCCAAGATTGTTATTGTTAGTTTAA,AAT,ACG,4,6,TRUE,N,T,V,P,NA,NA,NA
PRM_0246,GGPNKTPRLLLLV,GGTGGACCAAATAAAACTCCAAGATTGTTATTGTTAGTTTAA,AAT,ACT,4,6,TRUE,N,T,V,P,NA,NA,NA
PRM_0246,GGPNK*PRLLLLV,GGTGGACCAAATAAATAGCCAAGATTGTTATTGTTAGTTTAA,AAT,TAG,4,6,TRUE,N,*,V,P,NA,NA,NA
PRM_0246,GGPNKYPRLLLLV,GGTGGACCAAATAAATATCCAAGATTGTTATTGTTAGTTTAA,AAT,TAT,4,6,TRUE,N,Y,V,P,NA,NA,NA
PRM_0246,GGPNKLPRLLLLV,GGTGGACCAAATAAATTGCCAAGATTGTTATTGTTAGTTTAA,AAT,TTG,4,6,TRUE,N,L,V,P,NA,NA,NA
PRM_0246,GGPNKFPRLLLLV,GGTGGACCAAATAAATTTCCAAGATTGTTATTGTTAGTTTAA,AAT,TTT,4,6,TRUE,N,F,V,P,NA,NA,NA
PRM_0246,GGPNKWPRLLLLV,GGTGGACCAAATAAATGGCCAAGATTGTTATTGTTAGTTTAA,AAT,TGG,4,6,TRUE,N,W,V,P,NA,NA,NA
PRM_0246,GGPNKCPRLLLLV,GGTGGACCAAATAAATGTCCAAGATTGTTATTGTTAGTTTAA,AAT,TGT,4,6,TRUE,N,C,V,P,NA,NA,NA
PRM_0246,GGPNKSPRLLLLV,GGTGGACCAAATAAATCGCCAAGATTGTTATTGTTAGTTTAA,AAT,TCG,4,6,TRUE,N,S,V,P,NA,NA,NA
PRM_0246,GGPNKSPRLLLLV,GGTGGACCAAATAAATCTCCAAGATTGTTATTGTTAGTTTAA,AAT,TCT,4,6,TRUE,N,S,V,P,NA,NA,NA
PRM_0246,GGPNKEPRLLLLV,GGTGGACCAAATAAAGAGCCAAGATTGTTATTGTTAGTTTAA,AAT,GAG,4,6,TRUE,N,E,V,P,NA,NA,NA
PRM_0246,GGPNKDPRLLLLV,GGTGGACCAAATAAAGATCCAAGATTGTTATTGTTAGTTTAA,AAT,GAT,4,6,TRUE,N,D,V,P,NA,NA,NA
PRM_0246,GGPNKVPRLLLLV,GGTGGACCAAATAAAGTGCCAAGATTGTTATTGTTAGTTTAA,AAT,GTG,4,6,TRUE,N,V,V,P,NA,NA,NA
PRM_0246,GGPNKVPRLLLLV,GGTGGACCAAATAAAGTTCCAAGATTGTTATTGTTAGTTTAA,AAT,GTT,4,6,TRUE,N,V,V,P,NA,NA,NA
PRM_0246,GGPNKGPRLLLLV,GGTGGACCAAATAAAGGGCCAAGATTGTTATTGTTAGTTTAA,AAT,GGG,4,6,TRUE,N,G,V,P,NA,NA,NA
PRM_0246,GGPNKGPRLLLLV,GGTGGACCAAATAAAGGTCCAAGATTGTTATTGTTAGTTTAA,AAT,GGT,4,6,TRUE,N,G,V,P,NA,NA,NA
PRM_0246,GGPNKAPRLLLLV,GGTGGACCAAATAAAGCGCCAAGATTGTTATTGTTAGTTTAA,AAT,GCG,4,6,TRUE,N,A,V,P,NA,NA,NA
PRM_0246,GGPNKAPRLLLLV,GGTGGACCAAATAAAGCTCCAAGATTGTTATTGTTAGTTTAA,AAT,GCT,4,6,TRUE,N,A,V,P,NA,NA,NA
PRM_0246,GGPNKQPRLLLLV,GGTGGACCAAATAAACAGCCAAGATTGTTATTGTTAGTTTAA,AAT,CAG,4,6,TRUE,N,Q,V,P,NA,NA,NA
PRM_0246,GGPNKHPRLLLLV,GGTGGACCAAATAAACATCCAAGATTGTTATTGTTAGTTTAA,AAT,CAT,4,6,TRUE,N,H,V,P,NA,NA,NA
PRM_0246,GGPNKLPRLLLLV,GGTGGACCAAATAAACTGCCAAGATTGTTATTGTTAGTTTAA,AAT,CTG,4,6,TRUE,N,L,V,P,NA,NA,NA
PRM_0246,GGPNKLPRLLLLV,GGTGGACCAAATAAACTTCCAAGATTGTTATTGTTAGTTTAA,AAT,CTT,4,6,TRUE,N,L,V,P,NA,NA,NA
PRM_0246,GGPNKRPRLLLLV,GGTGGACCAAATAAACGGCCAAGATTGTTATTGTTAGTTTAA,AAT,CGG,4,6,TRUE,N,R,V,P,NA,NA,NA
PRM_0246,GGPNKRPRLLLLV,GGTGGACCAAATAAACGTCCAAGATTGTTATTGTTAGTTTAA,AAT,CGT,4,6,TRUE,N,R,V,P,NA,NA,NA
PRM_0246,GGPNKPPRLLLLV,GGTGGACCAAATAAACCGCCAAGATTGTTATTGTTAGTTTAA,AAT,CCG,4,6,TRUE,N,P,V,P,NA,NA,NA
PRM_0246,GGPNKPPRLLLLV,GGTGGACCAAATAAACCTCCAAGATTGTTATTGTTAGTTTAA,AAT,CCT,4,6,TRUE,N,P,V,P,NA,NA,NA
PRM_0246,GGPMKKPRLLLLV,GGTGGACCAATGAAAAAGCCAAGATTGTTATTGTTAGTTTAA,ATG,AAG,4,6,TRUE,M,K,V,P,NA,NA,NA
PRM_0246,GGPMKNPRLLLLV,GGTGGACCAATGAAAAATCCAAGATTGTTATTGTTAGTTTAA,ATG,AAT,4,6,TRUE,M,N,V,P,NA,NA,NA
PRM_0246,GGPMKMPRLLLLV,GGTGGACCAATGAAAATGCCAAGATTGTTATTGTTAGTTTAA,ATG,ATG,4,6,TRUE,M,M,V,P,NA,NA,NA
PRM_0246,GGPMKIPRLLLLV,GGTGGACCAATGAAAATTCCAAGATTGTTATTGTTAGTTTAA,ATG,ATT,4,6,TRUE,M,I,V,P,NA,NA,NA
PRM_0246,GGPMKRPRLLLLV,GGTGGACCAATGAAAAGGCCAAGATTGTTATTGTTAGTTTAA,ATG,AGG,4,6,TRUE,M,R,V,P,NA,NA,NA
PRM_0246,GGPMKSPRLLLLV,GGTGGACCAATGAAAAGTCCAAGATTGTTATTGTTAGTTTAA,ATG,AGT,4,6,TRUE,M,S,V,P,NA,NA,NA
PRM_0246,GGPMKTPRLLLLV,GGTGGACCAATGAAAACGCCAAGATTGTTATTGTTAGTTTAA,ATG,ACG,4,6,TRUE,M,T,V,P,NA,NA,NA
PRM_0246,GGPMKTPRLLLLV,GGTGGACCAATGAAAACTCCAAGATTGTTATTGTTAGTTTAA,ATG,ACT,4,6,TRUE,M,T,V,P,NA,NA,NA
PRM_0246,GGPMK*PRLLLLV,GGTGGACCAATGAAATAGCCAAGATTGTTATTGTTAGTTTAA,ATG,TAG,4,6,TRUE,M,*,V,P,NA,NA,NA
PRM_0246,GGPMKYPRLLLLV,GGTGGACCAATGAAATATCCAAGATTGTTATTGTTAGTTTAA,ATG,TAT,4,6,TRUE,M,Y,V,P,NA,NA,NA
PRM_0246,GGPMKLPRLLLLV,GGTGGACCAATGAAATTGCCAAGATTGTTATTGTTAGTTTAA,ATG,TTG,4,6,TRUE,M,L,V,P,NA,NA,NA
PRM_0246,GGPMKFPRLLLLV,GGTGGACCAATGAAATTTCCAAGATTGTTATTGTTAGTTTAA,ATG,TTT,4,6,TRUE,M,F,V,P,NA,NA,NA
PRM_0246,GGPMKWPRLLLLV,GGTGGACCAATGAAATGGCCAAGATTGTTATTGTTAGTTTAA,ATG,TGG,4,6,TRUE,M,W,V,P,NA,NA,NA
PRM_0246,GGPMKCPRLLLLV,GGTGGACCAATGAAATGTCCAAGATTGTTATTGTTAGTTTAA,ATG,TGT,4,6,TRUE,M,C,V,P,NA,NA,NA
PRM_0246,GGPMKSPRLLLLV,GGTGGACCAATGAAATCGCCAAGATTGTTATTGTTAGTTTAA,ATG,TCG,4,6,TRUE,M,S,V,P,NA,NA,NA
PRM_0246,GGPMKSPRLLLLV,GGTGGACCAATGAAATCTCCAAGATTGTTATTGTTAGTTTAA,ATG,TCT,4,6,TRUE,M,S,V,P,NA,NA,NA
PRM_0246,GGPMKEPRLLLLV,GGTGGACCAATGAAAGAGCCAAGATTGTTATTGTTAGTTTAA,ATG,GAG,4,6,TRUE,M,E,V,P,NA,NA,NA
PRM_0246,GGPMKDPRLLLLV,GGTGGACCAATGAAAGATCCAAGATTGTTATTGTTAGTTTAA,ATG,GAT,4,6,TRUE,M,D,V,P,NA,NA,NA
PRM_0246,GGPMKVPRLLLLV,GGTGGACCAATGAAAGTGCCAAGATTGTTATTGTTAGTTTAA,ATG,GTG,4,6,TRUE,M,V,V,P,NA,NA,NA
PRM_0246,GGPMKVPRLLLLV,GGTGGACCAATGAAAGTTCCAAGATTGTTATTGTTAGTTTAA,ATG,GTT,4,6,TRUE,M,V,V,P,NA,NA,NA
PRM_0246,GGPMKGPRLLLLV,GGTGGACCAATGAAAGGGCCAAGATTGTTATTGTTAGTTTAA,ATG,GGG,4,6,TRUE,M,G,V,P,NA,NA,NA
PRM_0246,GGPMKGPRLLLLV,GGTGGACCAATGAAAGGTCCAAGATTGTTATTGTTAGTTTAA,ATG,GGT,4,6,TRUE,M,G,V,P,NA,NA,NA
PRM_0246,GGPMKAPRLLLLV,GGTGGACCAATGAAAGCGCCAAGATTGTTATTGTTAGTTTAA,ATG,GCG,4,6,TRUE,M,A,V,P,NA,NA,NA
PRM_0246,GGPMKAPRLLLLV,GGTGGACCAATGAAAGCTCCAAGATTGTTATTGTTAGTTTAA,ATG,GCT,4,6,TRUE,M,A,V,P,NA,NA,NA
PRM_0246,GGPMKQPRLLLLV,GGTGGACCAATGAAACAGCCAAGATTGTTATTGTTAGTTTAA,ATG,CAG,4,6,TRUE,M,Q,V,P,NA,NA,NA
PRM_0246,GGPMKHPRLLLLV,GGTGGACCAATGAAACATCCAAGATTGTTATTGTTAGTTTAA,ATG,CAT,4,6,TRUE,M,H,V,P,NA,NA,NA
PRM_0246,GGPMKLPRLLLLV,GGTGGACCAATGAAACTGCCAAGATTGTTATTGTTAGTTTAA,ATG,CTG,4,6,TRUE,M,L,V,P,NA,NA,NA
PRM_0246,GGPMKLPRLLLLV,GGTGGACCAATGAAACTTCCAAGATTGTTATTGTTAGTTTAA,ATG,CTT,4,6,TRUE,M,L,V,P,NA,NA,NA
PRM_0246,GGPMKRPRLLLLV,GGTGGACCAATGAAACGGCCAAGATTGTTATTGTTAGTTTAA,ATG,CGG,4,6,TRUE,M,R,V,P,NA,NA,NA
PRM_0246,GGPMKRPRLLLLV,GGTGGACCAATGAAACGTCCAAGATTGTTATTGTTAGTTTAA,ATG,CGT,4,6,TRUE,M,R,V,P,NA,NA,NA
PRM_0246,GGPMKPPRLLLLV,GGTGGACCAATGAAACCGCCAAGATTGTTATTGTTAGTTTAA,ATG,CCG,4,6,TRUE,M,P,V,P,NA,NA,NA
PRM_0246,GGPMKPPRLLLLV,GGTGGACCAATGAAACCTCCAAGATTGTTATTGTTAGTTTAA,ATG,CCT,4,6,TRUE,M,P,V,P,NA,NA,NA
PRM_0246,GGPIKKPRLLLLV,GGTGGACCAATTAAAAAGCCAAGATTGTTATTGTTAGTTTAA,ATT,AAG,4,6,TRUE,I,K,V,P,NA,NA,NA
PRM_0246,GGPIKNPRLLLLV,GGTGGACCAATTAAAAATCCAAGATTGTTATTGTTAGTTTAA,ATT,AAT,4,6,TRUE,I,N,V,P,NA,NA,NA
PRM_0246,GGPIKMPRLLLLV,GGTGGACCAATTAAAATGCCAAGATTGTTATTGTTAGTTTAA,ATT,ATG,4,6,TRUE,I,M,V,P,NA,NA,NA
PRM_0246,GGPIKIPRLLLLV,GGTGGACCAATTAAAATTCCAAGATTGTTATTGTTAGTTTAA,ATT,ATT,4,6,TRUE,I,I,V,P,NA,NA,NA
PRM_0246,GGPIKRPRLLLLV,GGTGGACCAATTAAAAGGCCAAGATTGTTATTGTTAGTTTAA,ATT,AGG,4,6,TRUE,I,R,V,P,NA,NA,NA
PRM_0246,GGPIKSPRLLLLV,GGTGGACCAATTAAAAGTCCAAGATTGTTATTGTTAGTTTAA,ATT,AGT,4,6,TRUE,I,S,V,P,NA,NA,NA
PRM_0246,GGPIKTPRLLLLV,GGTGGACCAATTAAAACGCCAAGATTGTTATTGTTAGTTTAA,ATT,ACG,4,6,TRUE,I,T,V,P,NA,NA,NA
PRM_0246,GGPIKTPRLLLLV,GGTGGACCAATTAAAACTCCAAGATTGTTATTGTTAGTTTAA,ATT,ACT,4,6,TRUE,I,T,V,P,NA,NA,NA
PRM_0246,GGPIK*PRLLLLV,GGTGGACCAATTAAATAGCCAAGATTGTTATTGTTAGTTTAA,ATT,TAG,4,6,TRUE,I,*,V,P,NA,NA,NA
PRM_0246,GGPIKYPRLLLLV,GGTGGACCAATTAAATATCCAAGATTGTTATTGTTAGTTTAA,ATT,TAT,4,6,TRUE,I,Y,V,P,NA,NA,NA
PRM_0246,GGPIKLPRLLLLV,GGTGGACCAATTAAATTGCCAAGATTGTTATTGTTAGTTTAA,ATT,TTG,4,6,TRUE,I,L,V,P,NA,NA,NA
PRM_0246,GGPIKFPRLLLLV,GGTGGACCAATTAAATTTCCAAGATTGTTATTGTTAGTTTAA,ATT,TTT,4,6,TRUE,I,F,V,P,NA,NA,NA
PRM_0246,GGPIKWPRLLLLV,GGTGGACCAATTAAATGGCCAAGATTGTTATTGTTAGTTTAA,ATT,TGG,4,6,TRUE,I,W,V,P,NA,NA,NA
PRM_0246,GGPIKCPRLLLLV,GGTGGACCAATTAAATGTCCAAGATTGTTATTGTTAGTTTAA,ATT,TGT,4,6,TRUE,I,C,V,P,NA,NA,NA
PRM_0246,GGPIKSPRLLLLV,GGTGGACCAATTAAATCGCCAAGATTGTTATTGTTAGTTTAA,ATT,TCG,4,6,TRUE,I,S,V,P,NA,NA,NA
PRM_0246,GGPIKSPRLLLLV,GGTGGACCAATTAAATCTCCAAGATTGTTATTGTTAGTTTAA,ATT,TCT,4,6,TRUE,I,S,V,P,NA,NA,NA
PRM_0246,GGPIKEPRLLLLV,GGTGGACCAATTAAAGAGCCAAGATTGTTATTGTTAGTTTAA,ATT,GAG,4,6,TRUE,I,E,V,P,NA,NA,NA
PRM_0246,GGPIKDPRLLLLV,GGTGGACCAATTAAAGATCCAAGATTGTTATTGTTAGTTTAA,ATT,GAT,4,6,TRUE,I,D,V,P,NA,NA,NA
PRM_0246,GGPIKVPRLLLLV,GGTGGACCAATTAAAGTGCCAAGATTGTTATTGTTAGTTTAA,ATT,GTG,4,6,TRUE,I,V,V,P,NA,NA,NA
PRM_0246,GGPIKVPRLLLLV,GGTGGACCAATTAAAGTTCCAAGATTGTTATTGTTAGTTTAA,ATT,GTT,4,6,TRUE,I,V,V,P,NA,NA,NA
PRM_0246,GGPIKGPRLLLLV,GGTGGACCAATTAAAGGGCCAAGATTGTTATTGTTAGTTTAA,ATT,GGG,4,6,TRUE,I,G,V,P,NA,NA,NA
PRM_0246,GGPIKGPRLLLLV,GGTGGACCAATTAAAGGTCCAAGATTGTTATTGTTAGTTTAA,ATT,GGT,4,6,TRUE,I,G,V,P,NA,NA,NA
PRM_0246,GGPIKAPRLLLLV,GGTGGACCAATTAAAGCGCCAAGATTGTTATTGTTAGTTTAA,ATT,GCG,4,6,TRUE,I,A,V,P,NA,NA,NA
PRM_0246,GGPIKAPRLLLLV,GGTGGACCAATTAAAGCTCCAAGATTGTTATTGTTAGTTTAA,ATT,GCT,4,6,TRUE,I,A,V,P,NA,NA,NA
PRM_0246,GGPIKQPRLLLLV,GGTGGACCAATTAAACAGCCAAGATTGTTATTGTTAGTTTAA,ATT,CAG,4,6,TRUE,I,Q,V,P,NA,NA,NA
PRM_0246,GGPIKHPRLLLLV,GGTGGACCAATTAAACATCCAAGATTGTTATTGTTAGTTTAA,ATT,CAT,4,6,TRUE,I,H,V,P,NA,NA,NA
PRM_0246,GGPIKLPRLLLLV,GGTGGACCAATTAAACTGCCAAGATTGTTATTGTTAGTTTAA,ATT,CTG,4,6,TRUE,I,L,V,P,NA,NA,NA
PRM_0246,GGPIKLPRLLLLV,GGTGGACCAATTAAACTTCCAAGATTGTTATTGTTAGTTTAA,ATT,CTT,4,6,TRUE,I,L,V,P,NA,NA,NA
PRM_0246,GGPIKRPRLLLLV,GGTGGACCAATTAAACGGCCAAGATTGTTATTGTTAGTTTAA,ATT,CGG,4,6,TRUE,I,R,V,P,NA,NA,NA
PRM_0246,GGPIKRPRLLLLV,GGTGGACCAATTAAACGTCCAAGATTGTTATTGTTAGTTTAA,ATT,CGT,4,6,TRUE,I,R,V,P,NA,NA,NA
PRM_0246,GGPIKPPRLLLLV,GGTGGACCAATTAAACCGCCAAGATTGTTATTGTTAGTTTAA,ATT,CCG,4,6,TRUE,I,P,V,P,NA,NA,NA
PRM_0246,GGPIKPPRLLLLV,GGTGGACCAATTAAACCTCCAAGATTGTTATTGTTAGTTTAA,ATT,CCT,4,6,TRUE,I,P,V,P,NA,NA,NA
PRM_0246,GGPRKKPRLLLLV,GGTGGACCAAGGAAAAAGCCAAGATTGTTATTGTTAGTTTAA,AGG,AAG,4,6,TRUE,R,K,V,P,NA,NA,NA
PRM_0246,GGPRKNPRLLLLV,GGTGGACCAAGGAAAAATCCAAGATTGTTATTGTTAGTTTAA,AGG,AAT,4,6,TRUE,R,N,V,P,NA,NA,NA
PRM_0246,GGPRKMPRLLLLV,GGTGGACCAAGGAAAATGCCAAGATTGTTATTGTTAGTTTAA,AGG,ATG,4,6,TRUE,R,M,V,P,NA,NA,NA
PRM_0246,GGPRKIPRLLLLV,GGTGGACCAAGGAAAATTCCAAGATTGTTATTGTTAGTTTAA,AGG,ATT,4,6,TRUE,R,I,V,P,NA,NA,NA
PRM_0246,GGPRKRPRLLLLV,GGTGGACCAAGGAAAAGGCCAAGATTGTTATTGTTAGTTTAA,AGG,AGG,4,6,TRUE,R,R,V,P,NA,NA,NA
PRM_0246,GGPRKSPRLLLLV,GGTGGACCAAGGAAAAGTCCAAGATTGTTATTGTTAGTTTAA,AGG,AGT,4,6,TRUE,R,S,V,P,NA,NA,NA
PRM_0246,GGPRKTPRLLLLV,GGTGGACCAAGGAAAACGCCAAGATTGTTATTGTTAGTTTAA,AGG,ACG,4,6,TRUE,R,T,V,P,NA,NA,NA
PRM_0246,GGPRKTPRLLLLV,GGTGGACCAAGGAAAACTCCAAGATTGTTATTGTTAGTTTAA,AGG,ACT,4,6,TRUE,R,T,V,P,NA,NA,NA
PRM_0246,GGPRK*PRLLLLV,GGTGGACCAAGGAAATAGCCAAGATTGTTATTGTTAGTTTAA,AGG,TAG,4,6,TRUE,R,*,V,P,NA,NA,NA
PRM_0246,GGPRKYPRLLLLV,GGTGGACCAAGGAAATATCCAAGATTGTTATTGTTAGTTTAA,AGG,TAT,4,6,TRUE,R,Y,V,P,NA,NA,NA
PRM_0246,GGPRKLPRLLLLV,GGTGGACCAAGGAAATTGCCAAGATTGTTATTGTTAGTTTAA,AGG,TTG,4,6,TRUE,R,L,V,P,NA,NA,NA
PRM_0246,GGPRKFPRLLLLV,GGTGGACCAAGGAAATTTCCAAGATTGTTATTGTTAGTTTAA,AGG,TTT,4,6,TRUE,R,F,V,P,NA,NA,NA
PRM_0246,GGPRKWPRLLLLV,GGTGGACCAAGGAAATGGCCAAGATTGTTATTGTTAGTTTAA,AGG,TGG,4,6,TRUE,R,W,V,P,NA,NA,NA
PRM_0246,GGPRKCPRLLLLV,GGTGGACCAAGGAAATGTCCAAGATTGTTATTGTTAGTTTAA,AGG,TGT,4,6,TRUE,R,C,V,P,NA,NA,NA
PRM_0246,GGPRKSPRLLLLV,GGTGGACCAAGGAAATCGCCAAGATTGTTATTGTTAGTTTAA,AGG,TCG,4,6,TRUE,R,S,V,P,NA,NA,NA
PRM_0246,GGPRKSPRLLLLV,GGTGGACCAAGGAAATCTCCAAGATTGTTATTGTTAGTTTAA,AGG,TCT,4,6,TRUE,R,S,V,P,NA,NA,NA
PRM_0246,GGPRKEPRLLLLV,GGTGGACCAAGGAAAGAGCCAAGATTGTTATTGTTAGTTTAA,AGG,GAG,4,6,TRUE,R,E,V,P,NA,NA,NA
PRM_0246,GGPRKDPRLLLLV,GGTGGACCAAGGAAAGATCCAAGATTGTTATTGTTAGTTTAA,AGG,GAT,4,6,TRUE,R,D,V,P,NA,NA,NA
PRM_0246,GGPRKVPRLLLLV,GGTGGACCAAGGAAAGTGCCAAGATTGTTATTGTTAGTTTAA,AGG,GTG,4,6,TRUE,R,V,V,P,NA,NA,NA
PRM_0246,GGPRKVPRLLLLV,GGTGGACCAAGGAAAGTTCCAAGATTGTTATTGTTAGTTTAA,AGG,GTT,4,6,TRUE,R,V,V,P,NA,NA,NA
PRM_0246,GGPRKGPRLLLLV,GGTGGACCAAGGAAAGGGCCAAGATTGTTATTGTTAGTTTAA,AGG,GGG,4,6,TRUE,R,G,V,P,NA,NA,NA
PRM_0246,GGPRKGPRLLLLV,GGTGGACCAAGGAAAGGTCCAAGATTGTTATTGTTAGTTTAA,AGG,GGT,4,6,TRUE,R,G,V,P,NA,NA,NA
PRM_0246,GGPRKAPRLLLLV,GGTGGACCAAGGAAAGCGCCAAGATTGTTATTGTTAGTTTAA,AGG,GCG,4,6,TRUE,R,A,V,P,NA,NA,NA
PRM_0246,GGPRKAPRLLLLV,GGTGGACCAAGGAAAGCTCCAAGATTGTTATTGTTAGTTTAA,AGG,GCT,4,6,TRUE,R,A,V,P,NA,NA,NA
PRM_0246,GGPRKQPRLLLLV,GGTGGACCAAGGAAACAGCCAAGATTGTTATTGTTAGTTTAA,AGG,CAG,4,6,TRUE,R,Q,V,P,NA,NA,NA
PRM_0246,GGPRKHPRLLLLV,GGTGGACCAAGGAAACATCCAAGATTGTTATTGTTAGTTTAA,AGG,CAT,4,6,TRUE,R,H,V,P,NA,NA,NA
PRM_0246,GGPRKLPRLLLLV,GGTGGACCAAGGAAACTGCCAAGATTGTTATTGTTAGTTTAA,AGG,CTG,4,6,TRUE,R,L,V,P,NA,NA,NA
PRM_0246,GGPRKLPRLLLLV,GGTGGACCAAGGAAACTTCCAAGATTGTTATTGTTAGTTTAA,AGG,CTT,4,6,TRUE,R,L,V,P,NA,NA,NA
PRM_0246,GGPRKRPRLLLLV,GGTGGACCAAGGAAACGGCCAAGATTGTTATTGTTAGTTTAA,AGG,CGG,4,6,TRUE,R,R,V,P,NA,NA,NA
PRM_0246,GGPRKRPRLLLLV,GGTGGACCAAGGAAACGTCCAAGATTGTTATTGTTAGTTTAA,AGG,CGT,4,6,TRUE,R,R,V,P,NA,NA,NA
PRM_0246,GGPRKPPRLLLLV,GGTGGACCAAGGAAACCGCCAAGATTGTTATTGTTAGTTTAA,AGG,CCG,4,6,TRUE,R,P,V,P,NA,NA,NA
PRM_0246,GGPRKPPRLLLLV,GGTGGACCAAGGAAACCTCCAAGATTGTTATTGTTAGTTTAA,AGG,CCT,4,6,TRUE,R,P,V,P,NA,NA,NA
PRM_0246,GGPSKKPRLLLLV,GGTGGACCAAGTAAAAAGCCAAGATTGTTATTGTTAGTTTAA,AGT,AAG,4,6,TRUE,S,K,V,P,NA,NA,NA
PRM_0246,GGPSKNPRLLLLV,GGTGGACCAAGTAAAAATCCAAGATTGTTATTGTTAGTTTAA,AGT,AAT,4,6,TRUE,S,N,V,P,NA,NA,NA
PRM_0246,GGPSKMPRLLLLV,GGTGGACCAAGTAAAATGCCAAGATTGTTATTGTTAGTTTAA,AGT,ATG,4,6,TRUE,S,M,V,P,NA,NA,NA
PRM_0246,GGPSKIPRLLLLV,GGTGGACCAAGTAAAATTCCAAGATTGTTATTGTTAGTTTAA,AGT,ATT,4,6,TRUE,S,I,V,P,NA,NA,NA
PRM_0246,GGPSKRPRLLLLV,GGTGGACCAAGTAAAAGGCCAAGATTGTTATTGTTAGTTTAA,AGT,AGG,4,6,TRUE,S,R,V,P,NA,NA,NA
PRM_0246,GGPSKSPRLLLLV,GGTGGACCAAGTAAAAGTCCAAGATTGTTATTGTTAGTTTAA,AGT,AGT,4,6,TRUE,S,S,V,P,NA,NA,NA
PRM_0246,GGPSKTPRLLLLV,GGTGGACCAAGTAAAACGCCAAGATTGTTATTGTTAGTTTAA,AGT,ACG,4,6,TRUE,S,T,V,P,NA,NA,NA
PRM_0246,GGPSKTPRLLLLV,GGTGGACCAAGTAAAACTCCAAGATTGTTATTGTTAGTTTAA,AGT,ACT,4,6,TRUE,S,T,V,P,NA,NA,NA
PRM_0246,GGPSK*PRLLLLV,GGTGGACCAAGTAAATAGCCAAGATTGTTATTGTTAGTTTAA,AGT,TAG,4,6,TRUE,S,*,V,P,NA,NA,NA
PRM_0246,GGPSKYPRLLLLV,GGTGGACCAAGTAAATATCCAAGATTGTTATTGTTAGTTTAA,AGT,TAT,4,6,TRUE,S,Y,V,P,NA,NA,NA
PRM_0246,GGPSKLPRLLLLV,GGTGGACCAAGTAAATTGCCAAGATTGTTATTGTTAGTTTAA,AGT,TTG,4,6,TRUE,S,L,V,P,NA,NA,NA
PRM_0246,GGPSKFPRLLLLV,GGTGGACCAAGTAAATTTCCAAGATTGTTATTGTTAGTTTAA,AGT,TTT,4,6,TRUE,S,F,V,P,NA,NA,NA
PRM_0246,GGPSKWPRLLLLV,GGTGGACCAAGTAAATGGCCAAGATTGTTATTGTTAGTTTAA,AGT,TGG,4,6,TRUE,S,W,V,P,NA,NA,NA
PRM_0246,GGPSKCPRLLLLV,GGTGGACCAAGTAAATGTCCAAGATTGTTATTGTTAGTTTAA,AGT,TGT,4,6,TRUE,S,C,V,P,NA,NA,NA
PRM_0246,GGPSKSPRLLLLV,GGTGGACCAAGTAAATCGCCAAGATTGTTATTGTTAGTTTAA,AGT,TCG,4,6,TRUE,S,S,V,P,NA,NA,NA
PRM_0246,GGPSKSPRLLLLV,GGTGGACCAAGTAAATCTCCAAGATTGTTATTGTTAGTTTAA,AGT,TCT,4,6,TRUE,S,S,V,P,NA,NA,NA
PRM_0246,GGPSKEPRLLLLV,GGTGGACCAAGTAAAGAGCCAAGATTGTTATTGTTAGTTTAA,AGT,GAG,4,6,TRUE,S,E,V,P,NA,NA,NA
PRM_0246,GGPSKDPRLLLLV,GGTGGACCAAGTAAAGATCCAAGATTGTTATTGTTAGTTTAA,AGT,GAT,4,6,TRUE,S,D,V,P,NA,NA,NA
PRM_0246,GGPSKVPRLLLLV,GGTGGACCAAGTAAAGTGCCAAGATTGTTATTGTTAGTTTAA,AGT,GTG,4,6,TRUE,S,V,V,P,NA,NA,NA
PRM_0246,GGPSKVPRLLLLV,GGTGGACCAAGTAAAGTTCCAAGATTGTTATTGTTAGTTTAA,AGT,GTT,4,6,TRUE,S,V,V,P,NA,NA,NA
PRM_0246,GGPSKGPRLLLLV,GGTGGACCAAGTAAAGGGCCAAGATTGTTATTGTTAGTTTAA,AGT,GGG,4,6,TRUE,S,G,V,P,NA,NA,NA
PRM_0246,GGPSKGPRLLLLV,GGTGGACCAAGTAAAGGTCCAAGATTGTTATTGTTAGTTTAA,AGT,GGT,4,6,TRUE,S,G,V,P,NA,NA,NA
PRM_0246,GGPSKAPRLLLLV,GGTGGACCAAGTAAAGCGCCAAGATTGTTATTGTTAGTTTAA,AGT,GCG,4,6,TRUE,S,A,V,P,NA,NA,NA
PRM_0246,GGPSKAPRLLLLV,GGTGGACCAAGTAAAGCTCCAAGATTGTTATTGTTAGTTTAA,AGT,GCT,4,6,TRUE,S,A,V,P,NA,NA,NA
PRM_0246,GGPSKQPRLLLLV,GGTGGACCAAGTAAACAGCCAAGATTGTTATTGTTAGTTTAA,AGT,CAG,4,6,TRUE,S,Q,V,P,NA,NA,NA
PRM_0246,GGPSKHPRLLLLV,GGTGGACCAAGTAAACATCCAAGATTGTTATTGTTAGTTTAA,AGT,CAT,4,6,TRUE,S,H,V,P,NA,NA,NA
PRM_0246,GGPSKLPRLLLLV,GGTGGACCAAGTAAACTGCCAAGATTGTTATTGTTAGTTTAA,AGT,CTG,4,6,TRUE,S,L,V,P,NA,NA,NA
PRM_0246,GGPSKLPRLLLLV,GGTGGACCAAGTAAACTTCCAAGATTGTTATTGTTAGTTTAA,AGT,CTT,4,6,TRUE,S,L,V,P,NA,NA,NA
PRM_0246,GGPSKRPRLLLLV,GGTGGACCAAGTAAACGGCCAAGATTGTTATTGTTAGTTTAA,AGT,CGG,4,6,TRUE,S,R,V,P,NA,NA,NA
PRM_0246,GGPSKRPRLLLLV,GGTGGACCAAGTAAACGTCCAAGATTGTTATTGTTAGTTTAA,AGT,CGT,4,6,TRUE,S,R,V,P,NA,NA,NA
PRM_0246,GGPSKPPRLLLLV,GGTGGACCAAGTAAACCGCCAAGATTGTTATTGTTAGTTTAA,AGT,CCG,4,6,TRUE,S,P,V,P,NA,NA,NA
PRM_0246,GGPSKPPRLLLLV,GGTGGACCAAGTAAACCTCCAAGATTGTTATTGTTAGTTTAA,AGT,CCT,4,6,TRUE,S,P,V,P,NA,NA,NA
PRM_0246,GGPTKKPRLLLLV,GGTGGACCAACGAAAAAGCCAAGATTGTTATTGTTAGTTTAA,ACG,AAG,4,6,TRUE,T,K,V,P,NA,NA,NA
PRM_0246,GGPTKNPRLLLLV,GGTGGACCAACGAAAAATCCAAGATTGTTATTGTTAGTTTAA,ACG,AAT,4,6,TRUE,T,N,V,P,NA,NA,NA
PRM_0246,GGPTKMPRLLLLV,GGTGGACCAACGAAAATGCCAAGATTGTTATTGTTAGTTTAA,ACG,ATG,4,6,TRUE,T,M,V,P,NA,NA,NA
PRM_0246,GGPTKIPRLLLLV,GGTGGACCAACGAAAATTCCAAGATTGTTATTGTTAGTTTAA,ACG,ATT,4,6,TRUE,T,I,V,P,NA,NA,NA
PRM_0246,GGPTKRPRLLLLV,GGTGGACCAACGAAAAGGCCAAGATTGTTATTGTTAGTTTAA,ACG,AGG,4,6,TRUE,T,R,V,P,NA,NA,NA
PRM_0246,GGPTKSPRLLLLV,GGTGGACCAACGAAAAGTCCAAGATTGTTATTGTTAGTTTAA,ACG,AGT,4,6,TRUE,T,S,V,P,NA,NA,NA
PRM_0246,GGPTKTPRLLLLV,GGTGGACCAACGAAAACGCCAAGATTGTTATTGTTAGTTTAA,ACG,ACG,4,6,TRUE,T,T,V,P,NA,NA,NA
PRM_0246,GGPTKTPRLLLLV,GGTGGACCAACGAAAACTCCAAGATTGTTATTGTTAGTTTAA,ACG,ACT,4,6,TRUE,T,T,V,P,NA,NA,NA
PRM_0246,GGPTK*PRLLLLV,GGTGGACCAACGAAATAGCCAAGATTGTTATTGTTAGTTTAA,ACG,TAG,4,6,TRUE,T,*,V,P,NA,NA,NA
PRM_0246,GGPTKYPRLLLLV,GGTGGACCAACGAAATATCCAAGATTGTTATTGTTAGTTTAA,ACG,TAT,4,6,TRUE,T,Y,V,P,NA,NA,NA
PRM_0246,GGPTKLPRLLLLV,GGTGGACCAACGAAATTGCCAAGATTGTTATTGTTAGTTTAA,ACG,TTG,4,6,TRUE,T,L,V,P,NA,NA,NA
PRM_0246,GGPTKFPRLLLLV,GGTGGACCAACGAAATTTCCAAGATTGTTATTGTTAGTTTAA,ACG,TTT,4,6,TRUE,T,F,V,P,NA,NA,NA
PRM_0246,GGPTKWPRLLLLV,GGTGGACCAACGAAATGGCCAAGATTGTTATTGTTAGTTTAA,ACG,TGG,4,6,TRUE,T,W,V,P,NA,NA,NA
PRM_0246,GGPTKCPRLLLLV,GGTGGACCAACGAAATGTCCAAGATTGTTATTGTTAGTTTAA,ACG,TGT,4,6,TRUE,T,C,V,P,NA,NA,NA
PRM_0246,GGPTKSPRLLLLV,GGTGGACCAACGAAATCGCCAAGATTGTTATTGTTAGTTTAA,ACG,TCG,4,6,TRUE,T,S,V,P,NA,NA,NA
PRM_0246,GGPTKSPRLLLLV,GGTGGACCAACGAAATCTCCAAGATTGTTATTGTTAGTTTAA,ACG,TCT,4,6,TRUE,T,S,V,P,NA,NA,NA
PRM_0246,GGPTKEPRLLLLV,GGTGGACCAACGAAAGAGCCAAGATTGTTATTGTTAGTTTAA,ACG,GAG,4,6,TRUE,T,E,V,P,NA,NA,NA
PRM_0246,GGPTKDPRLLLLV,GGTGGACCAACGAAAGATCCAAGATTGTTATTGTTAGTTTAA,ACG,GAT,4,6,TRUE,T,D,V,P,NA,NA,NA
PRM_0246,GGPTKVPRLLLLV,GGTGGACCAACGAAAGTGCCAAGATTGTTATTGTTAGTTTAA,ACG,GTG,4,6,TRUE,T,V,V,P,NA,NA,NA
PRM_0246,GGPTKVPRLLLLV,GGTGGACCAACGAAAGTTCCAAGATTGTTATTGTTAGTTTAA,ACG,GTT,4,6,TRUE,T,V,V,P,NA,NA,NA
PRM_0246,GGPTKGPRLLLLV,GGTGGACCAACGAAAGGGCCAAGATTGTTATTGTTAGTTTAA,ACG,GGG,4,6,TRUE,T,G,V,P,NA,NA,NA
PRM_0246,GGPTKGPRLLLLV,GGTGGACCAACGAAAGGTCCAAGATTGTTATTGTTAGTTTAA,ACG,GGT,4,6,TRUE,T,G,V,P,NA,NA,NA
PRM_0246,GGPTKAPRLLLLV,GGTGGACCAACGAAAGCGCCAAGATTGTTATTGTTAGTTTAA,ACG,GCG,4,6,TRUE,T,A,V,P,NA,NA,NA
PRM_0246,GGPTKAPRLLLLV,GGTGGACCAACGAAAGCTCCAAGATTGTTATTGTTAGTTTAA,ACG,GCT,4,6,TRUE,T,A,V,P,NA,NA,NA
PRM_0246,GGPTKQPRLLLLV,GGTGGACCAACGAAACAGCCAAGATTGTTATTGTTAGTTTAA,ACG,CAG,4,6,TRUE,T,Q,V,P,NA,NA,NA
PRM_0246,GGPTKHPRLLLLV,GGTGGACCAACGAAACATCCAAGATTGTTATTGTTAGTTTAA,ACG,CAT,4,6,TRUE,T,H,V,P,NA,NA,NA
PRM_0246,GGPTKLPRLLLLV,GGTGGACCAACGAAACTGCCAAGATTGTTATTGTTAGTTTAA,ACG,CTG,4,6,TRUE,T,L,V,P,NA,NA,NA
PRM_0246,GGPTKLPRLLLLV,GGTGGACCAACGAAACTTCCAAGATTGTTATTGTTAGTTTAA,ACG,CTT,4,6,TRUE,T,L,V,P,NA,NA,NA
PRM_0246,GGPTKRPRLLLLV,GGTGGACCAACGAAACGGCCAAGATTGTTATTGTTAGTTTAA,ACG,CGG,4,6,TRUE,T,R,V,P,NA,NA,NA
PRM_0246,GGPTKRPRLLLLV,GGTGGACCAACGAAACGTCCAAGATTGTTATTGTTAGTTTAA,ACG,CGT,4,6,TRUE,T,R,V,P,NA,NA,NA
PRM_0246,GGPTKPPRLLLLV,GGTGGACCAACGAAACCGCCAAGATTGTTATTGTTAGTTTAA,ACG,CCG,4,6,TRUE,T,P,V,P,NA,NA,NA
PRM_0246,GGPTKPPRLLLLV,GGTGGACCAACGAAACCTCCAAGATTGTTATTGTTAGTTTAA,ACG,CCT,4,6,TRUE,T,P,V,P,NA,NA,NA
PRM_0246,GGPTKKPRLLLLV,GGTGGACCAACTAAAAAGCCAAGATTGTTATTGTTAGTTTAA,ACT,AAG,4,6,TRUE,T,K,V,P,NA,NA,NA
PRM_0246,GGPTKNPRLLLLV,GGTGGACCAACTAAAAATCCAAGATTGTTATTGTTAGTTTAA,ACT,AAT,4,6,TRUE,T,N,V,P,NA,NA,NA
PRM_0246,GGPTKMPRLLLLV,GGTGGACCAACTAAAATGCCAAGATTGTTATTGTTAGTTTAA,ACT,ATG,4,6,TRUE,T,M,V,P,NA,NA,NA
PRM_0246,GGPTKIPRLLLLV,GGTGGACCAACTAAAATTCCAAGATTGTTATTGTTAGTTTAA,ACT,ATT,4,6,TRUE,T,I,V,P,NA,NA,NA
PRM_0246,GGPTKRPRLLLLV,GGTGGACCAACTAAAAGGCCAAGATTGTTATTGTTAGTTTAA,ACT,AGG,4,6,TRUE,T,R,V,P,NA,NA,NA
PRM_0246,GGPTKSPRLLLLV,GGTGGACCAACTAAAAGTCCAAGATTGTTATTGTTAGTTTAA,ACT,AGT,4,6,TRUE,T,S,V,P,NA,NA,NA
PRM_0246,GGPTKTPRLLLLV,GGTGGACCAACTAAAACGCCAAGATTGTTATTGTTAGTTTAA,ACT,ACG,4,6,TRUE,T,T,V,P,NA,NA,NA
PRM_0246,GGPTKTPRLLLLV,GGTGGACCAACTAAAACTCCAAGATTGTTATTGTTAGTTTAA,ACT,ACT,4,6,TRUE,T,T,V,P,NA,NA,NA
PRM_0246,GGPTK*PRLLLLV,GGTGGACCAACTAAATAGCCAAGATTGTTATTGTTAGTTTAA,ACT,TAG,4,6,TRUE,T,*,V,P,NA,NA,NA
PRM_0246,GGPTKYPRLLLLV,GGTGGACCAACTAAATATCCAAGATTGTTATTGTTAGTTTAA,ACT,TAT,4,6,TRUE,T,Y,V,P,NA,NA,NA
PRM_0246,GGPTKLPRLLLLV,GGTGGACCAACTAAATTGCCAAGATTGTTATTGTTAGTTTAA,ACT,TTG,4,6,TRUE,T,L,V,P,NA,NA,NA
PRM_0246,GGPTKFPRLLLLV,GGTGGACCAACTAAATTTCCAAGATTGTTATTGTTAGTTTAA,ACT,TTT,4,6,TRUE,T,F,V,P,NA,NA,NA
PRM_0246,GGPTKWPRLLLLV,GGTGGACCAACTAAATGGCCAAGATTGTTATTGTTAGTTTAA,ACT,TGG,4,6,TRUE,T,W,V,P,NA,NA,NA
PRM_0246,GGPTKCPRLLLLV,GGTGGACCAACTAAATGTCCAAGATTGTTATTGTTAGTTTAA,ACT,TGT,4,6,TRUE,T,C,V,P,NA,NA,NA
PRM_0246,GGPTKSPRLLLLV,GGTGGACCAACTAAATCGCCAAGATTGTTATTGTTAGTTTAA,ACT,TCG,4,6,TRUE,T,S,V,P,NA,NA,NA
PRM_0246,GGPTKSPRLLLLV,GGTGGACCAACTAAATCTCCAAGATTGTTATTGTTAGTTTAA,ACT,TCT,4,6,TRUE,T,S,V,P,NA,NA,NA
PRM_0246,GGPTKEPRLLLLV,GGTGGACCAACTAAAGAGCCAAGATTGTTATTGTTAGTTTAA,ACT,GAG,4,6,TRUE,T,E,V,P,NA,NA,NA
PRM_0246,GGPTKDPRLLLLV,GGTGGACCAACTAAAGATCCAAGATTGTTATTGTTAGTTTAA,ACT,GAT,4,6,TRUE,T,D,V,P,NA,NA,NA
PRM_0246,GGPTKVPRLLLLV,GGTGGACCAACTAAAGTGCCAAGATTGTTATTGTTAGTTTAA,ACT,GTG,4,6,TRUE,T,V,V,P,NA,NA,NA
PRM_0246,GGPTKVPRLLLLV,GGTGGACCAACTAAAGTTCCAAGATTGTTATTGTTAGTTTAA,ACT,GTT,4,6,TRUE,T,V,V,P,NA,NA,NA
PRM_0246,GGPTKGPRLLLLV,GGTGGACCAACTAAAGGGCCAAGATTGTTATTGTTAGTTTAA,ACT,GGG,4,6,TRUE,T,G,V,P,NA,NA,NA
PRM_0246,GGPTKGPRLLLLV,GGTGGACCAACTAAAGGTCCAAGATTGTTATTGTTAGTTTAA,ACT,GGT,4,6,TRUE,T,G,V,P,NA,NA,NA
PRM_0246,GGPTKAPRLLLLV,GGTGGACCAACTAAAGCGCCAAGATTGTTATTGTTAGTTTAA,ACT,GCG,4,6,TRUE,T,A,V,P,NA,NA,NA
PRM_0246,GGPTKAPRLLLLV,GGTGGACCAACTAAAGCTCCAAGATTGTTATTGTTAGTTTAA,ACT,GCT,4,6,TRUE,T,A,V,P,NA,NA,NA
PRM_0246,GGPTKQPRLLLLV,GGTGGACCAACTAAACAGCCAAGATTGTTATTGTTAGTTTAA,ACT,CAG,4,6,TRUE,T,Q,V,P,NA,NA,NA
PRM_0246,GGPTKHPRLLLLV,GGTGGACCAACTAAACATCCAAGATTGTTATTGTTAGTTTAA,ACT,CAT,4,6,TRUE,T,H,V,P,NA,NA,NA
PRM_0246,GGPTKLPRLLLLV,GGTGGACCAACTAAACTGCCAAGATTGTTATTGTTAGTTTAA,ACT,CTG,4,6,TRUE,T,L,V,P,NA,NA,NA
PRM_0246,GGPTKLPRLLLLV,GGTGGACCAACTAAACTTCCAAGATTGTTATTGTTAGTTTAA,ACT,CTT,4,6,TRUE,T,L,V,P,NA,NA,NA
PRM_0246,GGPTKRPRLLLLV,GGTGGACCAACTAAACGGCCAAGATTGTTATTGTTAGTTTAA,ACT,CGG,4,6,TRUE,T,R,V,P,NA,NA,NA
PRM_0246,GGPTKRPRLLLLV,GGTGGACCAACTAAACGTCCAAGATTGTTATTGTTAGTTTAA,ACT,CGT,4,6,TRUE,T,R,V,P,NA,NA,NA
PRM_0246,GGPTKPPRLLLLV,GGTGGACCAACTAAACCGCCAAGATTGTTATTGTTAGTTTAA,ACT,CCG,4,6,TRUE,T,P,V,P,NA,NA,NA
PRM_0246,GGPTKPPRLLLLV,GGTGGACCAACTAAACCTCCAAGATTGTTATTGTTAGTTTAA,ACT,CCT,4,6,TRUE,T,P,V,P,NA,NA,NA
PRM_0246,GGP*KKPRLLLLV,GGTGGACCATAGAAAAAGCCAAGATTGTTATTGTTAGTTTAA,TAG,AAG,4,6,TRUE,*,K,V,P,NA,NA,NA
PRM_0246,GGP*KNPRLLLLV,GGTGGACCATAGAAAAATCCAAGATTGTTATTGTTAGTTTAA,TAG,AAT,4,6,TRUE,*,N,V,P,NA,NA,NA
PRM_0246,GGP*KMPRLLLLV,GGTGGACCATAGAAAATGCCAAGATTGTTATTGTTAGTTTAA,TAG,ATG,4,6,TRUE,*,M,V,P,NA,NA,NA
PRM_0246,GGP*KIPRLLLLV,GGTGGACCATAGAAAATTCCAAGATTGTTATTGTTAGTTTAA,TAG,ATT,4,6,TRUE,*,I,V,P,NA,NA,NA
PRM_0246,GGP*KRPRLLLLV,GGTGGACCATAGAAAAGGCCAAGATTGTTATTGTTAGTTTAA,TAG,AGG,4,6,TRUE,*,R,V,P,NA,NA,NA
PRM_0246,GGP*KSPRLLLLV,GGTGGACCATAGAAAAGTCCAAGATTGTTATTGTTAGTTTAA,TAG,AGT,4,6,TRUE,*,S,V,P,NA,NA,NA
PRM_0246,GGP*KTPRLLLLV,GGTGGACCATAGAAAACGCCAAGATTGTTATTGTTAGTTTAA,TAG,ACG,4,6,TRUE,*,T,V,P,NA,NA,NA
PRM_0246,GGP*KTPRLLLLV,GGTGGACCATAGAAAACTCCAAGATTGTTATTGTTAGTTTAA,TAG,ACT,4,6,TRUE,*,T,V,P,NA,NA,NA
PRM_0246,GGP*K*PRLLLLV,GGTGGACCATAGAAATAGCCAAGATTGTTATTGTTAGTTTAA,TAG,TAG,4,6,TRUE,*,*,V,P,NA,NA,NA
PRM_0246,GGP*KYPRLLLLV,GGTGGACCATAGAAATATCCAAGATTGTTATTGTTAGTTTAA,TAG,TAT,4,6,TRUE,*,Y,V,P,NA,NA,NA
PRM_0246,GGP*KLPRLLLLV,GGTGGACCATAGAAATTGCCAAGATTGTTATTGTTAGTTTAA,TAG,TTG,4,6,TRUE,*,L,V,P,NA,NA,NA
PRM_0246,GGP*KFPRLLLLV,GGTGGACCATAGAAATTTCCAAGATTGTTATTGTTAGTTTAA,TAG,TTT,4,6,TRUE,*,F,V,P,NA,NA,NA
PRM_0246,GGP*KWPRLLLLV,GGTGGACCATAGAAATGGCCAAGATTGTTATTGTTAGTTTAA,TAG,TGG,4,6,TRUE,*,W,V,P,NA,NA,NA
PRM_0246,GGP*KCPRLLLLV,GGTGGACCATAGAAATGTCCAAGATTGTTATTGTTAGTTTAA,TAG,TGT,4,6,TRUE,*,C,V,P,NA,NA,NA
PRM_0246,GGP*KSPRLLLLV,GGTGGACCATAGAAATCGCCAAGATTGTTATTGTTAGTTTAA,TAG,TCG,4,6,TRUE,*,S,V,P,NA,NA,NA
PRM_0246,GGP*KSPRLLLLV,GGTGGACCATAGAAATCTCCAAGATTGTTATTGTTAGTTTAA,TAG,TCT,4,6,TRUE,*,S,V,P,NA,NA,NA
PRM_0246,GGP*KEPRLLLLV,GGTGGACCATAGAAAGAGCCAAGATTGTTATTGTTAGTTTAA,TAG,GAG,4,6,TRUE,*,E,V,P,NA,NA,NA
PRM_0246,GGP*KDPRLLLLV,GGTGGACCATAGAAAGATCCAAGATTGTTATTGTTAGTTTAA,TAG,GAT,4,6,TRUE,*,D,V,P,NA,NA,NA
PRM_0246,GGP*KVPRLLLLV,GGTGGACCATAGAAAGTGCCAAGATTGTTATTGTTAGTTTAA,TAG,GTG,4,6,TRUE,*,V,V,P,NA,NA,NA
PRM_0246,GGP*KVPRLLLLV,GGTGGACCATAGAAAGTTCCAAGATTGTTATTGTTAGTTTAA,TAG,GTT,4,6,TRUE,*,V,V,P,NA,NA,NA
PRM_0246,GGP*KGPRLLLLV,GGTGGACCATAGAAAGGGCCAAGATTGTTATTGTTAGTTTAA,TAG,GGG,4,6,TRUE,*,G,V,P,NA,NA,NA
PRM_0246,GGP*KGPRLLLLV,GGTGGACCATAGAAAGGTCCAAGATTGTTATTGTTAGTTTAA,TAG,GGT,4,6,TRUE,*,G,V,P,NA,NA,NA
PRM_0246,GGP*KAPRLLLLV,GGTGGACCATAGAAAGCGCCAAGATTGTTATTGTTAGTTTAA,TAG,GCG,4,6,TRUE,*,A,V,P,NA,NA,NA
PRM_0246,GGP*KAPRLLLLV,GGTGGACCATAGAAAGCTCCAAGATTGTTATTGTTAGTTTAA,TAG,GCT,4,6,TRUE,*,A,V,P,NA,NA,NA
PRM_0246,GGP*KQPRLLLLV,GGTGGACCATAGAAACAGCCAAGATTGTTATTGTTAGTTTAA,TAG,CAG,4,6,TRUE,*,Q,V,P,NA,NA,NA
PRM_0246,GGP*KHPRLLLLV,GGTGGACCATAGAAACATCCAAGATTGTTATTGTTAGTTTAA,TAG,CAT,4,6,TRUE,*,H,V,P,NA,NA,NA
PRM_0246,GGP*KLPRLLLLV,GGTGGACCATAGAAACTGCCAAGATTGTTATTGTTAGTTTAA,TAG,CTG,4,6,TRUE,*,L,V,P,NA,NA,NA
PRM_0246,GGP*KLPRLLLLV,GGTGGACCATAGAAACTTCCAAGATTGTTATTGTTAGTTTAA,TAG,CTT,4,6,TRUE,*,L,V,P,NA,NA,NA
PRM_0246,GGP*KRPRLLLLV,GGTGGACCATAGAAACGGCCAAGATTGTTATTGTTAGTTTAA,TAG,CGG,4,6,TRUE,*,R,V,P,NA,NA,NA
PRM_0246,GGP*KRPRLLLLV,GGTGGACCATAGAAACGTCCAAGATTGTTATTGTTAGTTTAA,TAG,CGT,4,6,TRUE,*,R,V,P,NA,NA,NA
PRM_0246,GGP*KPPRLLLLV,GGTGGACCATAGAAACCGCCAAGATTGTTATTGTTAGTTTAA,TAG,CCG,4,6,TRUE,*,P,V,P,NA,NA,NA
PRM_0246,GGP*KPPRLLLLV,GGTGGACCATAGAAACCTCCAAGATTGTTATTGTTAGTTTAA,TAG,CCT,4,6,TRUE,*,P,V,P,NA,NA,NA
PRM_0246,GGPYKKPRLLLLV,GGTGGACCATATAAAAAGCCAAGATTGTTATTGTTAGTTTAA,TAT,AAG,4,6,TRUE,Y,K,V,P,NA,NA,NA
PRM_0246,GGPYKNPRLLLLV,GGTGGACCATATAAAAATCCAAGATTGTTATTGTTAGTTTAA,TAT,AAT,4,6,TRUE,Y,N,V,P,NA,NA,NA
PRM_0246,GGPYKMPRLLLLV,GGTGGACCATATAAAATGCCAAGATTGTTATTGTTAGTTTAA,TAT,ATG,4,6,TRUE,Y,M,V,P,NA,NA,NA
PRM_0246,GGPYKIPRLLLLV,GGTGGACCATATAAAATTCCAAGATTGTTATTGTTAGTTTAA,TAT,ATT,4,6,TRUE,Y,I,V,P,NA,NA,NA
PRM_0246,GGPYKRPRLLLLV,GGTGGACCATATAAAAGGCCAAGATTGTTATTGTTAGTTTAA,TAT,AGG,4,6,TRUE,Y,R,V,P,NA,NA,NA
PRM_0246,GGPYKSPRLLLLV,GGTGGACCATATAAAAGTCCAAGATTGTTATTGTTAGTTTAA,TAT,AGT,4,6,TRUE,Y,S,V,P,NA,NA,NA
PRM_0246,GGPYKTPRLLLLV,GGTGGACCATATAAAACGCCAAGATTGTTATTGTTAGTTTAA,TAT,ACG,4,6,TRUE,Y,T,V,P,NA,NA,NA
PRM_0246,GGPYKTPRLLLLV,GGTGGACCATATAAAACTCCAAGATTGTTATTGTTAGTTTAA,TAT,ACT,4,6,TRUE,Y,T,V,P,NA,NA,NA
PRM_0246,GGPYK*PRLLLLV,GGTGGACCATATAAATAGCCAAGATTGTTATTGTTAGTTTAA,TAT,TAG,4,6,TRUE,Y,*,V,P,NA,NA,NA
PRM_0246,GGPYKYPRLLLLV,GGTGGACCATATAAATATCCAAGATTGTTATTGTTAGTTTAA,TAT,TAT,4,6,TRUE,Y,Y,V,P,NA,NA,NA
PRM_0246,GGPYKLPRLLLLV,GGTGGACCATATAAATTGCCAAGATTGTTATTGTTAGTTTAA,TAT,TTG,4,6,TRUE,Y,L,V,P,NA,NA,NA
PRM_0246,GGPYKFPRLLLLV,GGTGGACCATATAAATTTCCAAGATTGTTATTGTTAGTTTAA,TAT,TTT,4,6,TRUE,Y,F,V,P,NA,NA,NA
PRM_0246,GGPYKWPRLLLLV,GGTGGACCATATAAATGGCCAAGATTGTTATTGTTAGTTTAA,TAT,TGG,4,6,TRUE,Y,W,V,P,NA,NA,NA
PRM_0246,GGPYKCPRLLLLV,GGTGGACCATATAAATGTCCAAGATTGTTATTGTTAGTTTAA,TAT,TGT,4,6,TRUE,Y,C,V,P,NA,NA,NA
PRM_0246,GGPYKSPRLLLLV,GGTGGACCATATAAATCGCCAAGATTGTTATTGTTAGTTTAA,TAT,TCG,4,6,TRUE,Y,S,V,P,NA,NA,NA
PRM_0246,GGPYKSPRLLLLV,GGTGGACCATATAAATCTCCAAGATTGTTATTGTTAGTTTAA,TAT,TCT,4,6,TRUE,Y,S,V,P,NA,NA,NA
PRM_0246,GGPYKEPRLLLLV,GGTGGACCATATAAAGAGCCAAGATTGTTATTGTTAGTTTAA,TAT,GAG,4,6,TRUE,Y,E,V,P,NA,NA,NA
PRM_0246,GGPYKDPRLLLLV,GGTGGACCATATAAAGATCCAAGATTGTTATTGTTAGTTTAA,TAT,GAT,4,6,TRUE,Y,D,V,P,NA,NA,NA
PRM_0246,GGPYKVPRLLLLV,GGTGGACCATATAAAGTGCCAAGATTGTTATTGTTAGTTTAA,TAT,GTG,4,6,TRUE,Y,V,V,P,NA,NA,NA
PRM_0246,GGPYKVPRLLLLV,GGTGGACCATATAAAGTTCCAAGATTGTTATTGTTAGTTTAA,TAT,GTT,4,6,TRUE,Y,V,V,P,NA,NA,NA
PRM_0246,GGPYKGPRLLLLV,GGTGGACCATATAAAGGGCCAAGATTGTTATTGTTAGTTTAA,TAT,GGG,4,6,TRUE,Y,G,V,P,NA,NA,NA
PRM_0246,GGPYKGPRLLLLV,GGTGGACCATATAAAGGTCCAAGATTGTTATTGTTAGTTTAA,TAT,GGT,4,6,TRUE,Y,G,V,P,NA,NA,NA
PRM_0246,GGPYKAPRLLLLV,GGTGGACCATATAAAGCGCCAAGATTGTTATTGTTAGTTTAA,TAT,GCG,4,6,TRUE,Y,A,V,P,NA,NA,NA
PRM_0246,GGPYKAPRLLLLV,GGTGGACCATATAAAGCTCCAAGATTGTTATTGTTAGTTTAA,TAT,GCT,4,6,TRUE,Y,A,V,P,NA,NA,NA
PRM_0246,GGPYKQPRLLLLV,GGTGGACCATATAAACAGCCAAGATTGTTATTGTTAGTTTAA,TAT,CAG,4,6,TRUE,Y,Q,V,P,NA,NA,NA
PRM_0246,GGPYKHPRLLLLV,GGTGGACCATATAAACATCCAAGATTGTTATTGTTAGTTTAA,TAT,CAT,4,6,TRUE,Y,H,V,P,NA,NA,NA
PRM_0246,GGPYKLPRLLLLV,GGTGGACCATATAAACTGCCAAGATTGTTATTGTTAGTTTAA,TAT,CTG,4,6,TRUE,Y,L,V,P,NA,NA,NA
PRM_0246,GGPYKLPRLLLLV,GGTGGACCATATAAACTTCCAAGATTGTTATTGTTAGTTTAA,TAT,CTT,4,6,TRUE,Y,L,V,P,NA,NA,NA
PRM_0246,GGPYKRPRLLLLV,GGTGGACCATATAAACGGCCAAGATTGTTATTGTTAGTTTAA,TAT,CGG,4,6,TRUE,Y,R,V,P,NA,NA,NA
PRM_0246,GGPYKRPRLLLLV,GGTGGACCATATAAACGTCCAAGATTGTTATTGTTAGTTTAA,TAT,CGT,4,6,TRUE,Y,R,V,P,NA,NA,NA
PRM_0246,GGPYKPPRLLLLV,GGTGGACCATATAAACCGCCAAGATTGTTATTGTTAGTTTAA,TAT,CCG,4,6,TRUE,Y,P,V,P,NA,NA,NA
PRM_0246,GGPYKPPRLLLLV,GGTGGACCATATAAACCTCCAAGATTGTTATTGTTAGTTTAA,TAT,CCT,4,6,TRUE,Y,P,V,P,NA,NA,NA
PRM_0246,GGPLKKPRLLLLV,GGTGGACCATTGAAAAAGCCAAGATTGTTATTGTTAGTTTAA,TTG,AAG,4,6,TRUE,L,K,V,P,NA,NA,NA
PRM_0246,GGPLKNPRLLLLV,GGTGGACCATTGAAAAATCCAAGATTGTTATTGTTAGTTTAA,TTG,AAT,4,6,TRUE,L,N,V,P,NA,NA,NA
PRM_0246,GGPLKMPRLLLLV,GGTGGACCATTGAAAATGCCAAGATTGTTATTGTTAGTTTAA,TTG,ATG,4,6,TRUE,L,M,V,P,NA,NA,NA
PRM_0246,GGPLKIPRLLLLV,GGTGGACCATTGAAAATTCCAAGATTGTTATTGTTAGTTTAA,TTG,ATT,4,6,TRUE,L,I,V,P,NA,NA,NA
PRM_0246,GGPLKRPRLLLLV,GGTGGACCATTGAAAAGGCCAAGATTGTTATTGTTAGTTTAA,TTG,AGG,4,6,TRUE,L,R,V,P,NA,NA,NA
PRM_0246,GGPLKSPRLLLLV,GGTGGACCATTGAAAAGTCCAAGATTGTTATTGTTAGTTTAA,TTG,AGT,4,6,TRUE,L,S,V,P,NA,NA,NA
PRM_0246,GGPLKTPRLLLLV,GGTGGACCATTGAAAACGCCAAGATTGTTATTGTTAGTTTAA,TTG,ACG,4,6,TRUE,L,T,V,P,NA,NA,NA
PRM_0246,GGPLKTPRLLLLV,GGTGGACCATTGAAAACTCCAAGATTGTTATTGTTAGTTTAA,TTG,ACT,4,6,TRUE,L,T,V,P,NA,NA,NA
PRM_0246,GGPLK*PRLLLLV,GGTGGACCATTGAAATAGCCAAGATTGTTATTGTTAGTTTAA,TTG,TAG,4,6,TRUE,L,*,V,P,NA,NA,NA
PRM_0246,GGPLKYPRLLLLV,GGTGGACCATTGAAATATCCAAGATTGTTATTGTTAGTTTAA,TTG,TAT,4,6,TRUE,L,Y,V,P,NA,NA,NA
PRM_0246,GGPLKLPRLLLLV,GGTGGACCATTGAAATTGCCAAGATTGTTATTGTTAGTTTAA,TTG,TTG,4,6,TRUE,L,L,V,P,NA,NA,NA
PRM_0246,GGPLKFPRLLLLV,GGTGGACCATTGAAATTTCCAAGATTGTTATTGTTAGTTTAA,TTG,TTT,4,6,TRUE,L,F,V,P,NA,NA,NA
PRM_0246,GGPLKWPRLLLLV,GGTGGACCATTGAAATGGCCAAGATTGTTATTGTTAGTTTAA,TTG,TGG,4,6,TRUE,L,W,V,P,NA,NA,NA
PRM_0246,GGPLKCPRLLLLV,GGTGGACCATTGAAATGTCCAAGATTGTTATTGTTAGTTTAA,TTG,TGT,4,6,TRUE,L,C,V,P,NA,NA,NA
PRM_0246,GGPLKSPRLLLLV,GGTGGACCATTGAAATCGCCAAGATTGTTATTGTTAGTTTAA,TTG,TCG,4,6,TRUE,L,S,V,P,NA,NA,NA
PRM_0246,GGPLKSPRLLLLV,GGTGGACCATTGAAATCTCCAAGATTGTTATTGTTAGTTTAA,TTG,TCT,4,6,TRUE,L,S,V,P,NA,NA,NA
PRM_0246,GGPLKEPRLLLLV,GGTGGACCATTGAAAGAGCCAAGATTGTTATTGTTAGTTTAA,TTG,GAG,4,6,TRUE,L,E,V,P,NA,NA,NA
PRM_0246,GGPLKDPRLLLLV,GGTGGACCATTGAAAGATCCAAGATTGTTATTGTTAGTTTAA,TTG,GAT,4,6,TRUE,L,D,V,P,NA,NA,NA
PRM_0246,GGPLKVPRLLLLV,GGTGGACCATTGAAAGTGCCAAGATTGTTATTGTTAGTTTAA,TTG,GTG,4,6,TRUE,L,V,V,P,NA,NA,NA
PRM_0246,GGPLKVPRLLLLV,GGTGGACCATTGAAAGTTCCAAGATTGTTATTGTTAGTTTAA,TTG,GTT,4,6,TRUE,L,V,V,P,NA,NA,NA
PRM_0246,GGPLKGPRLLLLV,GGTGGACCATTGAAAGGGCCAAGATTGTTATTGTTAGTTTAA,TTG,GGG,4,6,TRUE,L,G,V,P,NA,NA,NA
PRM_0246,GGPLKGPRLLLLV,GGTGGACCATTGAAAGGTCCAAGATTGTTATTGTTAGTTTAA,TTG,GGT,4,6,TRUE,L,G,V,P,NA,NA,NA
PRM_0246,GGPLKAPRLLLLV,GGTGGACCATTGAAAGCGCCAAGATTGTTATTGTTAGTTTAA,TTG,GCG,4,6,TRUE,L,A,V,P,NA,NA,NA
PRM_0246,GGPLKAPRLLLLV,GGTGGACCATTGAAAGCTCCAAGATTGTTATTGTTAGTTTAA,TTG,GCT,4,6,TRUE,L,A,V,P,NA,NA,NA
PRM_0246,GGPLKQPRLLLLV,GGTGGACCATTGAAACAGCCAAGATTGTTATTGTTAGTTTAA,TTG,CAG,4,6,TRUE,L,Q,V,P,NA,NA,NA
PRM_0246,GGPLKHPRLLLLV,GGTGGACCATTGAAACATCCAAGATTGTTATTGTTAGTTTAA,TTG,CAT,4,6,TRUE,L,H,V,P,NA,NA,NA
PRM_0246,GGPLKLPRLLLLV,GGTGGACCATTGAAACTGCCAAGATTGTTATTGTTAGTTTAA,TTG,CTG,4,6,TRUE,L,L,V,P,NA,NA,NA
PRM_0246,GGPLKLPRLLLLV,GGTGGACCATTGAAACTTCCAAGATTGTTATTGTTAGTTTAA,TTG,CTT,4,6,TRUE,L,L,V,P,NA,NA,NA
PRM_0246,GGPLKRPRLLLLV,GGTGGACCATTGAAACGGCCAAGATTGTTATTGTTAGTTTAA,TTG,CGG,4,6,TRUE,L,R,V,P,NA,NA,NA
PRM_0246,GGPLKRPRLLLLV,GGTGGACCATTGAAACGTCCAAGATTGTTATTGTTAGTTTAA,TTG,CGT,4,6,TRUE,L,R,V,P,NA,NA,NA
PRM_0246,GGPLKPPRLLLLV,GGTGGACCATTGAAACCGCCAAGATTGTTATTGTTAGTTTAA,TTG,CCG,4,6,TRUE,L,P,V,P,NA,NA,NA
PRM_0246,GGPLKPPRLLLLV,GGTGGACCATTGAAACCTCCAAGATTGTTATTGTTAGTTTAA,TTG,CCT,4,6,TRUE,L,P,V,P,NA,NA,NA
PRM_0246,GGPFKKPRLLLLV,GGTGGACCATTTAAAAAGCCAAGATTGTTATTGTTAGTTTAA,TTT,AAG,4,6,TRUE,F,K,V,P,NA,NA,NA
PRM_0246,GGPFKNPRLLLLV,GGTGGACCATTTAAAAATCCAAGATTGTTATTGTTAGTTTAA,TTT,AAT,4,6,TRUE,F,N,V,P,NA,NA,NA
PRM_0246,GGPFKMPRLLLLV,GGTGGACCATTTAAAATGCCAAGATTGTTATTGTTAGTTTAA,TTT,ATG,4,6,TRUE,F,M,V,P,NA,NA,NA
PRM_0246,GGPFKIPRLLLLV,GGTGGACCATTTAAAATTCCAAGATTGTTATTGTTAGTTTAA,TTT,ATT,4,6,TRUE,F,I,V,P,NA,NA,NA
PRM_0246,GGPFKRPRLLLLV,GGTGGACCATTTAAAAGGCCAAGATTGTTATTGTTAGTTTAA,TTT,AGG,4,6,TRUE,F,R,V,P,NA,NA,NA
PRM_0246,GGPFKSPRLLLLV,GGTGGACCATTTAAAAGTCCAAGATTGTTATTGTTAGTTTAA,TTT,AGT,4,6,TRUE,F,S,V,P,NA,NA,NA
PRM_0246,GGPFKTPRLLLLV,GGTGGACCATTTAAAACGCCAAGATTGTTATTGTTAGTTTAA,TTT,ACG,4,6,TRUE,F,T,V,P,NA,NA,NA
PRM_0246,GGPFKTPRLLLLV,GGTGGACCATTTAAAACTCCAAGATTGTTATTGTTAGTTTAA,TTT,ACT,4,6,TRUE,F,T,V,P,NA,NA,NA
PRM_0246,GGPFK*PRLLLLV,GGTGGACCATTTAAATAGCCAAGATTGTTATTGTTAGTTTAA,TTT,TAG,4,6,TRUE,F,*,V,P,NA,NA,NA
PRM_0246,GGPFKYPRLLLLV,GGTGGACCATTTAAATATCCAAGATTGTTATTGTTAGTTTAA,TTT,TAT,4,6,TRUE,F,Y,V,P,NA,NA,NA
PRM_0246,GGPFKLPRLLLLV,GGTGGACCATTTAAATTGCCAAGATTGTTATTGTTAGTTTAA,TTT,TTG,4,6,TRUE,F,L,V,P,NA,NA,NA
PRM_0246,GGPFKFPRLLLLV,GGTGGACCATTTAAATTTCCAAGATTGTTATTGTTAGTTTAA,TTT,TTT,4,6,TRUE,F,F,V,P,NA,NA,NA
PRM_0246,GGPFKWPRLLLLV,GGTGGACCATTTAAATGGCCAAGATTGTTATTGTTAGTTTAA,TTT,TGG,4,6,TRUE,F,W,V,P,NA,NA,NA
PRM_0246,GGPFKCPRLLLLV,GGTGGACCATTTAAATGTCCAAGATTGTTATTGTTAGTTTAA,TTT,TGT,4,6,TRUE,F,C,V,P,NA,NA,NA
PRM_0246,GGPFKSPRLLLLV,GGTGGACCATTTAAATCGCCAAGATTGTTATTGTTAGTTTAA,TTT,TCG,4,6,TRUE,F,S,V,P,NA,NA,NA
PRM_0246,GGPFKSPRLLLLV,GGTGGACCATTTAAATCTCCAAGATTGTTATTGTTAGTTTAA,TTT,TCT,4,6,TRUE,F,S,V,P,NA,NA,NA
PRM_0246,GGPFKEPRLLLLV,GGTGGACCATTTAAAGAGCCAAGATTGTTATTGTTAGTTTAA,TTT,GAG,4,6,TRUE,F,E,V,P,NA,NA,NA
PRM_0246,GGPFKDPRLLLLV,GGTGGACCATTTAAAGATCCAAGATTGTTATTGTTAGTTTAA,TTT,GAT,4,6,TRUE,F,D,V,P,NA,NA,NA
PRM_0246,GGPFKVPRLLLLV,GGTGGACCATTTAAAGTGCCAAGATTGTTATTGTTAGTTTAA,TTT,GTG,4,6,TRUE,F,V,V,P,NA,NA,NA
PRM_0246,GGPFKVPRLLLLV,GGTGGACCATTTAAAGTTCCAAGATTGTTATTGTTAGTTTAA,TTT,GTT,4,6,TRUE,F,V,V,P,NA,NA,NA
PRM_0246,GGPFKGPRLLLLV,GGTGGACCATTTAAAGGGCCAAGATTGTTATTGTTAGTTTAA,TTT,GGG,4,6,TRUE,F,G,V,P,NA,NA,NA
PRM_0246,GGPFKGPRLLLLV,GGTGGACCATTTAAAGGTCCAAGATTGTTATTGTTAGTTTAA,TTT,GGT,4,6,TRUE,F,G,V,P,NA,NA,NA
PRM_0246,GGPFKAPRLLLLV,GGTGGACCATTTAAAGCGCCAAGATTGTTATTGTTAGTTTAA,TTT,GCG,4,6,TRUE,F,A,V,P,NA,NA,NA
PRM_0246,GGPFKAPRLLLLV,GGTGGACCATTTAAAGCTCCAAGATTGTTATTGTTAGTTTAA,TTT,GCT,4,6,TRUE,F,A,V,P,NA,NA,NA
PRM_0246,GGPFKQPRLLLLV,GGTGGACCATTTAAACAGCCAAGATTGTTATTGTTAGTTTAA,TTT,CAG,4,6,TRUE,F,Q,V,P,NA,NA,NA
PRM_0246,GGPFKHPRLLLLV,GGTGGACCATTTAAACATCCAAGATTGTTATTGTTAGTTTAA,TTT,CAT,4,6,TRUE,F,H,V,P,NA,NA,NA
PRM_0246,GGPFKLPRLLLLV,GGTGGACCATTTAAACTGCCAAGATTGTTATTGTTAGTTTAA,TTT,CTG,4,6,TRUE,F,L,V,P,NA,NA,NA
PRM_0246,GGPFKLPRLLLLV,GGTGGACCATTTAAACTTCCAAGATTGTTATTGTTAGTTTAA,TTT,CTT,4,6,TRUE,F,L,V,P,NA,NA,NA
PRM_0246,GGPFKRPRLLLLV,GGTGGACCATTTAAACGGCCAAGATTGTTATTGTTAGTTTAA,TTT,CGG,4,6,TRUE,F,R,V,P,NA,NA,NA
PRM_0246,GGPFKRPRLLLLV,GGTGGACCATTTAAACGTCCAAGATTGTTATTGTTAGTTTAA,TTT,CGT,4,6,TRUE,F,R,V,P,NA,NA,NA
PRM_0246,GGPFKPPRLLLLV,GGTGGACCATTTAAACCGCCAAGATTGTTATTGTTAGTTTAA,TTT,CCG,4,6,TRUE,F,P,V,P,NA,NA,NA
PRM_0246,GGPFKPPRLLLLV,GGTGGACCATTTAAACCTCCAAGATTGTTATTGTTAGTTTAA,TTT,CCT,4,6,TRUE,F,P,V,P,NA,NA,NA
PRM_0246,GGPWKKPRLLLLV,GGTGGACCATGGAAAAAGCCAAGATTGTTATTGTTAGTTTAA,TGG,AAG,4,6,TRUE,W,K,V,P,NA,NA,NA
PRM_0246,GGPWKNPRLLLLV,GGTGGACCATGGAAAAATCCAAGATTGTTATTGTTAGTTTAA,TGG,AAT,4,6,TRUE,W,N,V,P,NA,NA,NA
PRM_0246,GGPWKMPRLLLLV,GGTGGACCATGGAAAATGCCAAGATTGTTATTGTTAGTTTAA,TGG,ATG,4,6,TRUE,W,M,V,P,NA,NA,NA
PRM_0246,GGPWKIPRLLLLV,GGTGGACCATGGAAAATTCCAAGATTGTTATTGTTAGTTTAA,TGG,ATT,4,6,TRUE,W,I,V,P,NA,NA,NA
PRM_0246,GGPWKRPRLLLLV,GGTGGACCATGGAAAAGGCCAAGATTGTTATTGTTAGTTTAA,TGG,AGG,4,6,TRUE,W,R,V,P,NA,NA,NA
PRM_0246,GGPWKSPRLLLLV,GGTGGACCATGGAAAAGTCCAAGATTGTTATTGTTAGTTTAA,TGG,AGT,4,6,TRUE,W,S,V,P,NA,NA,NA
PRM_0246,GGPWKTPRLLLLV,GGTGGACCATGGAAAACGCCAAGATTGTTATTGTTAGTTTAA,TGG,ACG,4,6,TRUE,W,T,V,P,NA,NA,NA
PRM_0246,GGPWKTPRLLLLV,GGTGGACCATGGAAAACTCCAAGATTGTTATTGTTAGTTTAA,TGG,ACT,4,6,TRUE,W,T,V,P,NA,NA,NA
PRM_0246,GGPWK*PRLLLLV,GGTGGACCATGGAAATAGCCAAGATTGTTATTGTTAGTTTAA,TGG,TAG,4,6,TRUE,W,*,V,P,NA,NA,NA
PRM_0246,GGPWKYPRLLLLV,GGTGGACCATGGAAATATCCAAGATTGTTATTGTTAGTTTAA,TGG,TAT,4,6,TRUE,W,Y,V,P,NA,NA,NA
PRM_0246,GGPWKLPRLLLLV,GGTGGACCATGGAAATTGCCAAGATTGTTATTGTTAGTTTAA,TGG,TTG,4,6,TRUE,W,L,V,P,NA,NA,NA
PRM_0246,GGPWKFPRLLLLV,GGTGGACCATGGAAATTTCCAAGATTGTTATTGTTAGTTTAA,TGG,TTT,4,6,TRUE,W,F,V,P,NA,NA,NA
PRM_0246,GGPWKWPRLLLLV,GGTGGACCATGGAAATGGCCAAGATTGTTATTGTTAGTTTAA,TGG,TGG,4,6,TRUE,W,W,V,P,NA,NA,NA
PRM_0246,GGPWKCPRLLLLV,GGTGGACCATGGAAATGTCCAAGATTGTTATTGTTAGTTTAA,TGG,TGT,4,6,TRUE,W,C,V,P,NA,NA,NA
PRM_0246,GGPWKSPRLLLLV,GGTGGACCATGGAAATCGCCAAGATTGTTATTGTTAGTTTAA,TGG,TCG,4,6,TRUE,W,S,V,P,NA,NA,NA
PRM_0246,GGPWKSPRLLLLV,GGTGGACCATGGAAATCTCCAAGATTGTTATTGTTAGTTTAA,TGG,TCT,4,6,TRUE,W,S,V,P,NA,NA,NA
PRM_0246,GGPWKEPRLLLLV,GGTGGACCATGGAAAGAGCCAAGATTGTTATTGTTAGTTTAA,TGG,GAG,4,6,TRUE,W,E,V,P,NA,NA,NA
PRM_0246,GGPWKDPRLLLLV,GGTGGACCATGGAAAGATCCAAGATTGTTATTGTTAGTTTAA,TGG,GAT,4,6,TRUE,W,D,V,P,NA,NA,NA
PRM_0246,GGPWKVPRLLLLV,GGTGGACCATGGAAAGTGCCAAGATTGTTATTGTTAGTTTAA,TGG,GTG,4,6,TRUE,W,V,V,P,NA,NA,NA
PRM_0246,GGPWKVPRLLLLV,GGTGGACCATGGAAAGTTCCAAGATTGTTATTGTTAGTTTAA,TGG,GTT,4,6,TRUE,W,V,V,P,NA,NA,NA
PRM_0246,GGPWKGPRLLLLV,GGTGGACCATGGAAAGGGCCAAGATTGTTATTGTTAGTTTAA,TGG,GGG,4,6,TRUE,W,G,V,P,NA,NA,NA
PRM_0246,GGPWKGPRLLLLV,GGTGGACCATGGAAAGGTCCAAGATTGTTATTGTTAGTTTAA,TGG,GGT,4,6,TRUE,W,G,V,P,NA,NA,NA
PRM_0246,GGPWKAPRLLLLV,GGTGGACCATGGAAAGCGCCAAGATTGTTATTGTTAGTTTAA,TGG,GCG,4,6,TRUE,W,A,V,P,NA,NA,NA
PRM_0246,GGPWKAPRLLLLV,GGTGGACCATGGAAAGCTCCAAGATTGTTATTGTTAGTTTAA,TGG,GCT,4,6,TRUE,W,A,V,P,NA,NA,NA
PRM_0246,GGPWKQPRLLLLV,GGTGGACCATGGAAACAGCCAAGATTGTTATTGTTAGTTTAA,TGG,CAG,4,6,TRUE,W,Q,V,P,NA,NA,NA
PRM_0246,GGPWKHPRLLLLV,GGTGGACCATGGAAACATCCAAGATTGTTATTGTTAGTTTAA,TGG,CAT,4,6,TRUE,W,H,V,P,NA,NA,NA
PRM_0246,GGPWKLPRLLLLV,GGTGGACCATGGAAACTGCCAAGATTGTTATTGTTAGTTTAA,TGG,CTG,4,6,TRUE,W,L,V,P,NA,NA,NA
PRM_0246,GGPWKLPRLLLLV,GGTGGACCATGGAAACTTCCAAGATTGTTATTGTTAGTTTAA,TGG,CTT,4,6,TRUE,W,L,V,P,NA,NA,NA
PRM_0246,GGPWKRPRLLLLV,GGTGGACCATGGAAACGGCCAAGATTGTTATTGTTAGTTTAA,TGG,CGG,4,6,TRUE,W,R,V,P,NA,NA,NA
PRM_0246,GGPWKRPRLLLLV,GGTGGACCATGGAAACGTCCAAGATTGTTATTGTTAGTTTAA,TGG,CGT,4,6,TRUE,W,R,V,P,NA,NA,NA
PRM_0246,GGPWKPPRLLLLV,GGTGGACCATGGAAACCGCCAAGATTGTTATTGTTAGTTTAA,TGG,CCG,4,6,TRUE,W,P,V,P,NA,NA,NA
PRM_0246,GGPWKPPRLLLLV,GGTGGACCATGGAAACCTCCAAGATTGTTATTGTTAGTTTAA,TGG,CCT,4,6,TRUE,W,P,V,P,NA,NA,NA
PRM_0246,GGPCKKPRLLLLV,GGTGGACCATGTAAAAAGCCAAGATTGTTATTGTTAGTTTAA,TGT,AAG,4,6,TRUE,C,K,V,P,NA,NA,NA
PRM_0246,GGPCKNPRLLLLV,GGTGGACCATGTAAAAATCCAAGATTGTTATTGTTAGTTTAA,TGT,AAT,4,6,TRUE,C,N,V,P,NA,NA,NA
PRM_0246,GGPCKMPRLLLLV,GGTGGACCATGTAAAATGCCAAGATTGTTATTGTTAGTTTAA,TGT,ATG,4,6,TRUE,C,M,V,P,NA,NA,NA
PRM_0246,GGPCKIPRLLLLV,GGTGGACCATGTAAAATTCCAAGATTGTTATTGTTAGTTTAA,TGT,ATT,4,6,TRUE,C,I,V,P,NA,NA,NA
PRM_0246,GGPCKRPRLLLLV,GGTGGACCATGTAAAAGGCCAAGATTGTTATTGTTAGTTTAA,TGT,AGG,4,6,TRUE,C,R,V,P,NA,NA,NA
PRM_0246,GGPCKSPRLLLLV,GGTGGACCATGTAAAAGTCCAAGATTGTTATTGTTAGTTTAA,TGT,AGT,4,6,TRUE,C,S,V,P,NA,NA,NA
PRM_0246,GGPCKTPRLLLLV,GGTGGACCATGTAAAACGCCAAGATTGTTATTGTTAGTTTAA,TGT,ACG,4,6,TRUE,C,T,V,P,NA,NA,NA
PRM_0246,GGPCKTPRLLLLV,GGTGGACCATGTAAAACTCCAAGATTGTTATTGTTAGTTTAA,TGT,ACT,4,6,TRUE,C,T,V,P,NA,NA,NA
PRM_0246,GGPCK*PRLLLLV,GGTGGACCATGTAAATAGCCAAGATTGTTATTGTTAGTTTAA,TGT,TAG,4,6,TRUE,C,*,V,P,NA,NA,NA
PRM_0246,GGPCKYPRLLLLV,GGTGGACCATGTAAATATCCAAGATTGTTATTGTTAGTTTAA,TGT,TAT,4,6,TRUE,C,Y,V,P,NA,NA,NA
PRM_0246,GGPCKLPRLLLLV,GGTGGACCATGTAAATTGCCAAGATTGTTATTGTTAGTTTAA,TGT,TTG,4,6,TRUE,C,L,V,P,NA,NA,NA
PRM_0246,GGPCKFPRLLLLV,GGTGGACCATGTAAATTTCCAAGATTGTTATTGTTAGTTTAA,TGT,TTT,4,6,TRUE,C,F,V,P,NA,NA,NA
PRM_0246,GGPCKWPRLLLLV,GGTGGACCATGTAAATGGCCAAGATTGTTATTGTTAGTTTAA,TGT,TGG,4,6,TRUE,C,W,V,P,NA,NA,NA
PRM_0246,GGPCKCPRLLLLV,GGTGGACCATGTAAATGTCCAAGATTGTTATTGTTAGTTTAA,TGT,TGT,4,6,TRUE,C,C,V,P,NA,NA,NA
PRM_0246,GGPCKSPRLLLLV,GGTGGACCATGTAAATCGCCAAGATTGTTATTGTTAGTTTAA,TGT,TCG,4,6,TRUE,C,S,V,P,NA,NA,NA
PRM_0246,GGPCKSPRLLLLV,GGTGGACCATGTAAATCTCCAAGATTGTTATTGTTAGTTTAA,TGT,TCT,4,6,TRUE,C,S,V,P,NA,NA,NA
PRM_0246,GGPCKEPRLLLLV,GGTGGACCATGTAAAGAGCCAAGATTGTTATTGTTAGTTTAA,TGT,GAG,4,6,TRUE,C,E,V,P,NA,NA,NA
PRM_0246,GGPCKDPRLLLLV,GGTGGACCATGTAAAGATCCAAGATTGTTATTGTTAGTTTAA,TGT,GAT,4,6,TRUE,C,D,V,P,NA,NA,NA
PRM_0246,GGPCKVPRLLLLV,GGTGGACCATGTAAAGTGCCAAGATTGTTATTGTTAGTTTAA,TGT,GTG,4,6,TRUE,C,V,V,P,NA,NA,NA
PRM_0246,GGPCKVPRLLLLV,GGTGGACCATGTAAAGTTCCAAGATTGTTATTGTTAGTTTAA,TGT,GTT,4,6,TRUE,C,V,V,P,NA,NA,NA
PRM_0246,GGPCKGPRLLLLV,GGTGGACCATGTAAAGGGCCAAGATTGTTATTGTTAGTTTAA,TGT,GGG,4,6,TRUE,C,G,V,P,NA,NA,NA
PRM_0246,GGPCKGPRLLLLV,GGTGGACCATGTAAAGGTCCAAGATTGTTATTGTTAGTTTAA,TGT,GGT,4,6,TRUE,C,G,V,P,NA,NA,NA
PRM_0246,GGPCKAPRLLLLV,GGTGGACCATGTAAAGCGCCAAGATTGTTATTGTTAGTTTAA,TGT,GCG,4,6,TRUE,C,A,V,P,NA,NA,NA
PRM_0246,GGPCKAPRLLLLV,GGTGGACCATGTAAAGCTCCAAGATTGTTATTGTTAGTTTAA,TGT,GCT,4,6,TRUE,C,A,V,P,NA,NA,NA
PRM_0246,GGPCKQPRLLLLV,GGTGGACCATGTAAACAGCCAAGATTGTTATTGTTAGTTTAA,TGT,CAG,4,6,TRUE,C,Q,V,P,NA,NA,NA
PRM_0246,GGPCKHPRLLLLV,GGTGGACCATGTAAACATCCAAGATTGTTATTGTTAGTTTAA,TGT,CAT,4,6,TRUE,C,H,V,P,NA,NA,NA
PRM_0246,GGPCKLPRLLLLV,GGTGGACCATGTAAACTGCCAAGATTGTTATTGTTAGTTTAA,TGT,CTG,4,6,TRUE,C,L,V,P,NA,NA,NA
PRM_0246,GGPCKLPRLLLLV,GGTGGACCATGTAAACTTCCAAGATTGTTATTGTTAGTTTAA,TGT,CTT,4,6,TRUE,C,L,V,P,NA,NA,NA
PRM_0246,GGPCKRPRLLLLV,GGTGGACCATGTAAACGGCCAAGATTGTTATTGTTAGTTTAA,TGT,CGG,4,6,TRUE,C,R,V,P,NA,NA,NA
PRM_0246,GGPCKRPRLLLLV,GGTGGACCATGTAAACGTCCAAGATTGTTATTGTTAGTTTAA,TGT,CGT,4,6,TRUE,C,R,V,P,NA,NA,NA
PRM_0246,GGPCKPPRLLLLV,GGTGGACCATGTAAACCGCCAAGATTGTTATTGTTAGTTTAA,TGT,CCG,4,6,TRUE,C,P,V,P,NA,NA,NA
PRM_0246,GGPCKPPRLLLLV,GGTGGACCATGTAAACCTCCAAGATTGTTATTGTTAGTTTAA,TGT,CCT,4,6,TRUE,C,P,V,P,NA,NA,NA
PRM_0246,GGPSKKPRLLLLV,GGTGGACCATCGAAAAAGCCAAGATTGTTATTGTTAGTTTAA,TCG,AAG,4,6,TRUE,S,K,V,P,NA,NA,NA
PRM_0246,GGPSKNPRLLLLV,GGTGGACCATCGAAAAATCCAAGATTGTTATTGTTAGTTTAA,TCG,AAT,4,6,TRUE,S,N,V,P,NA,NA,NA
PRM_0246,GGPSKMPRLLLLV,GGTGGACCATCGAAAATGCCAAGATTGTTATTGTTAGTTTAA,TCG,ATG,4,6,TRUE,S,M,V,P,NA,NA,NA
PRM_0246,GGPSKIPRLLLLV,GGTGGACCATCGAAAATTCCAAGATTGTTATTGTTAGTTTAA,TCG,ATT,4,6,TRUE,S,I,V,P,NA,NA,NA
PRM_0246,GGPSKRPRLLLLV,GGTGGACCATCGAAAAGGCCAAGATTGTTATTGTTAGTTTAA,TCG,AGG,4,6,TRUE,S,R,V,P,NA,NA,NA
PRM_0246,GGPSKSPRLLLLV,GGTGGACCATCGAAAAGTCCAAGATTGTTATTGTTAGTTTAA,TCG,AGT,4,6,TRUE,S,S,V,P,NA,NA,NA
PRM_0246,GGPSKTPRLLLLV,GGTGGACCATCGAAAACGCCAAGATTGTTATTGTTAGTTTAA,TCG,ACG,4,6,TRUE,S,T,V,P,NA,NA,NA
PRM_0246,GGPSKTPRLLLLV,GGTGGACCATCGAAAACTCCAAGATTGTTATTGTTAGTTTAA,TCG,ACT,4,6,TRUE,S,T,V,P,NA,NA,NA
PRM_0246,GGPSK*PRLLLLV,GGTGGACCATCGAAATAGCCAAGATTGTTATTGTTAGTTTAA,TCG,TAG,4,6,TRUE,S,*,V,P,NA,NA,NA
PRM_0246,GGPSKYPRLLLLV,GGTGGACCATCGAAATATCCAAGATTGTTATTGTTAGTTTAA,TCG,TAT,4,6,TRUE,S,Y,V,P,NA,NA,NA
PRM_0246,GGPSKLPRLLLLV,GGTGGACCATCGAAATTGCCAAGATTGTTATTGTTAGTTTAA,TCG,TTG,4,6,TRUE,S,L,V,P,NA,NA,NA
PRM_0246,GGPSKFPRLLLLV,GGTGGACCATCGAAATTTCCAAGATTGTTATTGTTAGTTTAA,TCG,TTT,4,6,TRUE,S,F,V,P,NA,NA,NA
PRM_0246,GGPSKWPRLLLLV,GGTGGACCATCGAAATGGCCAAGATTGTTATTGTTAGTTTAA,TCG,TGG,4,6,TRUE,S,W,V,P,NA,NA,NA
PRM_0246,GGPSKCPRLLLLV,GGTGGACCATCGAAATGTCCAAGATTGTTATTGTTAGTTTAA,TCG,TGT,4,6,TRUE,S,C,V,P,NA,NA,NA
PRM_0246,GGPSKSPRLLLLV,GGTGGACCATCGAAATCGCCAAGATTGTTATTGTTAGTTTAA,TCG,TCG,4,6,TRUE,S,S,V,P,NA,NA,NA
PRM_0246,GGPSKSPRLLLLV,GGTGGACCATCGAAATCTCCAAGATTGTTATTGTTAGTTTAA,TCG,TCT,4,6,TRUE,S,S,V,P,NA,NA,NA
PRM_0246,GGPSKEPRLLLLV,GGTGGACCATCGAAAGAGCCAAGATTGTTATTGTTAGTTTAA,TCG,GAG,4,6,TRUE,S,E,V,P,NA,NA,NA
PRM_0246,GGPSKDPRLLLLV,GGTGGACCATCGAAAGATCCAAGATTGTTATTGTTAGTTTAA,TCG,GAT,4,6,TRUE,S,D,V,P,NA,NA,NA
PRM_0246,GGPSKVPRLLLLV,GGTGGACCATCGAAAGTGCCAAGATTGTTATTGTTAGTTTAA,TCG,GTG,4,6,TRUE,S,V,V,P,NA,NA,NA
PRM_0246,GGPSKVPRLLLLV,GGTGGACCATCGAAAGTTCCAAGATTGTTATTGTTAGTTTAA,TCG,GTT,4,6,TRUE,S,V,V,P,NA,NA,NA
PRM_0246,GGPSKGPRLLLLV,GGTGGACCATCGAAAGGGCCAAGATTGTTATTGTTAGTTTAA,TCG,GGG,4,6,TRUE,S,G,V,P,NA,NA,NA
PRM_0246,GGPSKGPRLLLLV,GGTGGACCATCGAAAGGTCCAAGATTGTTATTGTTAGTTTAA,TCG,GGT,4,6,TRUE,S,G,V,P,NA,NA,NA
PRM_0246,GGPSKAPRLLLLV,GGTGGACCATCGAAAGCGCCAAGATTGTTATTGTTAGTTTAA,TCG,GCG,4,6,TRUE,S,A,V,P,NA,NA,NA
PRM_0246,GGPSKAPRLLLLV,GGTGGACCATCGAAAGCTCCAAGATTGTTATTGTTAGTTTAA,TCG,GCT,4,6,TRUE,S,A,V,P,NA,NA,NA
PRM_0246,GGPSKQPRLLLLV,GGTGGACCATCGAAACAGCCAAGATTGTTATTGTTAGTTTAA,TCG,CAG,4,6,TRUE,S,Q,V,P,NA,NA,NA
PRM_0246,GGPSKHPRLLLLV,GGTGGACCATCGAAACATCCAAGATTGTTATTGTTAGTTTAA,TCG,CAT,4,6,TRUE,S,H,V,P,NA,NA,NA
PRM_0246,GGPSKLPRLLLLV,GGTGGACCATCGAAACTGCCAAGATTGTTATTGTTAGTTTAA,TCG,CTG,4,6,TRUE,S,L,V,P,NA,NA,NA
PRM_0246,GGPSKLPRLLLLV,GGTGGACCATCGAAACTTCCAAGATTGTTATTGTTAGTTTAA,TCG,CTT,4,6,TRUE,S,L,V,P,NA,NA,NA
PRM_0246,GGPSKRPRLLLLV,GGTGGACCATCGAAACGGCCAAGATTGTTATTGTTAGTTTAA,TCG,CGG,4,6,TRUE,S,R,V,P,NA,NA,NA
PRM_0246,GGPSKRPRLLLLV,GGTGGACCATCGAAACGTCCAAGATTGTTATTGTTAGTTTAA,TCG,CGT,4,6,TRUE,S,R,V,P,NA,NA,NA
PRM_0246,GGPSKPPRLLLLV,GGTGGACCATCGAAACCGCCAAGATTGTTATTGTTAGTTTAA,TCG,CCG,4,6,TRUE,S,P,V,P,NA,NA,NA
PRM_0246,GGPSKPPRLLLLV,GGTGGACCATCGAAACCTCCAAGATTGTTATTGTTAGTTTAA,TCG,CCT,4,6,TRUE,S,P,V,P,NA,NA,NA
PRM_0246,GGPSKKPRLLLLV,GGTGGACCATCTAAAAAGCCAAGATTGTTATTGTTAGTTTAA,TCT,AAG,4,6,TRUE,S,K,V,P,NA,NA,NA
PRM_0246,GGPSKNPRLLLLV,GGTGGACCATCTAAAAATCCAAGATTGTTATTGTTAGTTTAA,TCT,AAT,4,6,TRUE,S,N,V,P,NA,NA,NA
PRM_0246,GGPSKMPRLLLLV,GGTGGACCATCTAAAATGCCAAGATTGTTATTGTTAGTTTAA,TCT,ATG,4,6,TRUE,S,M,V,P,NA,NA,NA
PRM_0246,GGPSKIPRLLLLV,GGTGGACCATCTAAAATTCCAAGATTGTTATTGTTAGTTTAA,TCT,ATT,4,6,TRUE,S,I,V,P,NA,NA,NA
PRM_0246,GGPSKRPRLLLLV,GGTGGACCATCTAAAAGGCCAAGATTGTTATTGTTAGTTTAA,TCT,AGG,4,6,TRUE,S,R,V,P,NA,NA,NA
PRM_0246,GGPSKSPRLLLLV,GGTGGACCATCTAAAAGTCCAAGATTGTTATTGTTAGTTTAA,TCT,AGT,4,6,TRUE,S,S,V,P,NA,NA,NA
PRM_0246,GGPSKTPRLLLLV,GGTGGACCATCTAAAACGCCAAGATTGTTATTGTTAGTTTAA,TCT,ACG,4,6,TRUE,S,T,V,P,NA,NA,NA
PRM_0246,GGPSKTPRLLLLV,GGTGGACCATCTAAAACTCCAAGATTGTTATTGTTAGTTTAA,TCT,ACT,4,6,TRUE,S,T,V,P,NA,NA,NA
PRM_0246,GGPSK*PRLLLLV,GGTGGACCATCTAAATAGCCAAGATTGTTATTGTTAGTTTAA,TCT,TAG,4,6,TRUE,S,*,V,P,NA,NA,NA
PRM_0246,GGPSKYPRLLLLV,GGTGGACCATCTAAATATCCAAGATTGTTATTGTTAGTTTAA,TCT,TAT,4,6,TRUE,S,Y,V,P,NA,NA,NA
PRM_0246,GGPSKLPRLLLLV,GGTGGACCATCTAAATTGCCAAGATTGTTATTGTTAGTTTAA,TCT,TTG,4,6,TRUE,S,L,V,P,NA,NA,NA
PRM_0246,GGPSKFPRLLLLV,GGTGGACCATCTAAATTTCCAAGATTGTTATTGTTAGTTTAA,TCT,TTT,4,6,TRUE,S,F,V,P,NA,NA,NA
PRM_0246,GGPSKWPRLLLLV,GGTGGACCATCTAAATGGCCAAGATTGTTATTGTTAGTTTAA,TCT,TGG,4,6,TRUE,S,W,V,P,NA,NA,NA
PRM_0246,GGPSKCPRLLLLV,GGTGGACCATCTAAATGTCCAAGATTGTTATTGTTAGTTTAA,TCT,TGT,4,6,TRUE,S,C,V,P,NA,NA,NA
PRM_0246,GGPSKSPRLLLLV,GGTGGACCATCTAAATCGCCAAGATTGTTATTGTTAGTTTAA,TCT,TCG,4,6,TRUE,S,S,V,P,NA,NA,NA
PRM_0246,GGPSKSPRLLLLV,GGTGGACCATCTAAATCTCCAAGATTGTTATTGTTAGTTTAA,TCT,TCT,4,6,TRUE,S,S,V,P,NA,NA,NA
PRM_0246,GGPSKEPRLLLLV,GGTGGACCATCTAAAGAGCCAAGATTGTTATTGTTAGTTTAA,TCT,GAG,4,6,TRUE,S,E,V,P,NA,NA,NA
PRM_0246,GGPSKDPRLLLLV,GGTGGACCATCTAAAGATCCAAGATTGTTATTGTTAGTTTAA,TCT,GAT,4,6,TRUE,S,D,V,P,NA,NA,NA
PRM_0246,GGPSKVPRLLLLV,GGTGGACCATCTAAAGTGCCAAGATTGTTATTGTTAGTTTAA,TCT,GTG,4,6,TRUE,S,V,V,P,NA,NA,NA
PRM_0246,GGPSKVPRLLLLV,GGTGGACCATCTAAAGTTCCAAGATTGTTATTGTTAGTTTAA,TCT,GTT,4,6,TRUE,S,V,V,P,NA,NA,NA
PRM_0246,GGPSKGPRLLLLV,GGTGGACCATCTAAAGGGCCAAGATTGTTATTGTTAGTTTAA,TCT,GGG,4,6,TRUE,S,G,V,P,NA,NA,NA
PRM_0246,GGPSKGPRLLLLV,GGTGGACCATCTAAAGGTCCAAGATTGTTATTGTTAGTTTAA,TCT,GGT,4,6,TRUE,S,G,V,P,NA,NA,NA
PRM_0246,GGPSKAPRLLLLV,GGTGGACCATCTAAAGCGCCAAGATTGTTATTGTTAGTTTAA,TCT,GCG,4,6,TRUE,S,A,V,P,NA,NA,NA
PRM_0246,GGPSKAPRLLLLV,GGTGGACCATCTAAAGCTCCAAGATTGTTATTGTTAGTTTAA,TCT,GCT,4,6,TRUE,S,A,V,P,NA,NA,NA
PRM_0246,GGPSKQPRLLLLV,GGTGGACCATCTAAACAGCCAAGATTGTTATTGTTAGTTTAA,TCT,CAG,4,6,TRUE,S,Q,V,P,NA,NA,NA
PRM_0246,GGPSKHPRLLLLV,GGTGGACCATCTAAACATCCAAGATTGTTATTGTTAGTTTAA,TCT,CAT,4,6,TRUE,S,H,V,P,NA,NA,NA
PRM_0246,GGPSKLPRLLLLV,GGTGGACCATCTAAACTGCCAAGATTGTTATTGTTAGTTTAA,TCT,CTG,4,6,TRUE,S,L,V,P,NA,NA,NA
PRM_0246,GGPSKLPRLLLLV,GGTGGACCATCTAAACTTCCAAGATTGTTATTGTTAGTTTAA,TCT,CTT,4,6,TRUE,S,L,V,P,NA,NA,NA
PRM_0246,GGPSKRPRLLLLV,GGTGGACCATCTAAACGGCCAAGATTGTTATTGTTAGTTTAA,TCT,CGG,4,6,TRUE,S,R,V,P,NA,NA,NA
PRM_0246,GGPSKRPRLLLLV,GGTGGACCATCTAAACGTCCAAGATTGTTATTGTTAGTTTAA,TCT,CGT,4,6,TRUE,S,R,V,P,NA,NA,NA
PRM_0246,GGPSKPPRLLLLV,GGTGGACCATCTAAACCGCCAAGATTGTTATTGTTAGTTTAA,TCT,CCG,4,6,TRUE,S,P,V,P,NA,NA,NA
PRM_0246,GGPSKPPRLLLLV,GGTGGACCATCTAAACCTCCAAGATTGTTATTGTTAGTTTAA,TCT,CCT,4,6,TRUE,S,P,V,P,NA,NA,NA
PRM_0246,GGPEKKPRLLLLV,GGTGGACCAGAGAAAAAGCCAAGATTGTTATTGTTAGTTTAA,GAG,AAG,4,6,TRUE,E,K,V,P,NA,NA,NA
PRM_0246,GGPEKNPRLLLLV,GGTGGACCAGAGAAAAATCCAAGATTGTTATTGTTAGTTTAA,GAG,AAT,4,6,TRUE,E,N,V,P,NA,NA,NA
PRM_0246,GGPEKMPRLLLLV,GGTGGACCAGAGAAAATGCCAAGATTGTTATTGTTAGTTTAA,GAG,ATG,4,6,TRUE,E,M,V,P,NA,NA,NA
PRM_0246,GGPEKIPRLLLLV,GGTGGACCAGAGAAAATTCCAAGATTGTTATTGTTAGTTTAA,GAG,ATT,4,6,TRUE,E,I,V,P,NA,NA,NA
PRM_0246,GGPEKRPRLLLLV,GGTGGACCAGAGAAAAGGCCAAGATTGTTATTGTTAGTTTAA,GAG,AGG,4,6,TRUE,E,R,V,P,NA,NA,NA
PRM_0246,GGPEKSPRLLLLV,GGTGGACCAGAGAAAAGTCCAAGATTGTTATTGTTAGTTTAA,GAG,AGT,4,6,TRUE,E,S,V,P,NA,NA,NA
PRM_0246,GGPEKTPRLLLLV,GGTGGACCAGAGAAAACGCCAAGATTGTTATTGTTAGTTTAA,GAG,ACG,4,6,TRUE,E,T,V,P,NA,NA,NA
PRM_0246,GGPEKTPRLLLLV,GGTGGACCAGAGAAAACTCCAAGATTGTTATTGTTAGTTTAA,GAG,ACT,4,6,TRUE,E,T,V,P,NA,NA,NA
PRM_0246,GGPEK*PRLLLLV,GGTGGACCAGAGAAATAGCCAAGATTGTTATTGTTAGTTTAA,GAG,TAG,4,6,TRUE,E,*,V,P,NA,NA,NA
PRM_0246,GGPEKYPRLLLLV,GGTGGACCAGAGAAATATCCAAGATTGTTATTGTTAGTTTAA,GAG,TAT,4,6,TRUE,E,Y,V,P,NA,NA,NA
PRM_0246,GGPEKLPRLLLLV,GGTGGACCAGAGAAATTGCCAAGATTGTTATTGTTAGTTTAA,GAG,TTG,4,6,TRUE,E,L,V,P,NA,NA,NA
PRM_0246,GGPEKFPRLLLLV,GGTGGACCAGAGAAATTTCCAAGATTGTTATTGTTAGTTTAA,GAG,TTT,4,6,TRUE,E,F,V,P,NA,NA,NA
PRM_0246,GGPEKWPRLLLLV,GGTGGACCAGAGAAATGGCCAAGATTGTTATTGTTAGTTTAA,GAG,TGG,4,6,TRUE,E,W,V,P,NA,NA,NA
PRM_0246,GGPEKCPRLLLLV,GGTGGACCAGAGAAATGTCCAAGATTGTTATTGTTAGTTTAA,GAG,TGT,4,6,TRUE,E,C,V,P,NA,NA,NA
PRM_0246,GGPEKSPRLLLLV,GGTGGACCAGAGAAATCGCCAAGATTGTTATTGTTAGTTTAA,GAG,TCG,4,6,TRUE,E,S,V,P,NA,NA,NA
PRM_0246,GGPEKSPRLLLLV,GGTGGACCAGAGAAATCTCCAAGATTGTTATTGTTAGTTTAA,GAG,TCT,4,6,TRUE,E,S,V,P,NA,NA,NA
PRM_0246,GGPEKEPRLLLLV,GGTGGACCAGAGAAAGAGCCAAGATTGTTATTGTTAGTTTAA,GAG,GAG,4,6,TRUE,E,E,V,P,NA,NA,NA
PRM_0246,GGPEKDPRLLLLV,GGTGGACCAGAGAAAGATCCAAGATTGTTATTGTTAGTTTAA,GAG,GAT,4,6,TRUE,E,D,V,P,NA,NA,NA
PRM_0246,GGPEKVPRLLLLV,GGTGGACCAGAGAAAGTGCCAAGATTGTTATTGTTAGTTTAA,GAG,GTG,4,6,TRUE,E,V,V,P,NA,NA,NA
PRM_0246,GGPEKVPRLLLLV,GGTGGACCAGAGAAAGTTCCAAGATTGTTATTGTTAGTTTAA,GAG,GTT,4,6,TRUE,E,V,V,P,NA,NA,NA
PRM_0246,GGPEKGPRLLLLV,GGTGGACCAGAGAAAGGGCCAAGATTGTTATTGTTAGTTTAA,GAG,GGG,4,6,TRUE,E,G,V,P,NA,NA,NA
PRM_0246,GGPEKGPRLLLLV,GGTGGACCAGAGAAAGGTCCAAGATTGTTATTGTTAGTTTAA,GAG,GGT,4,6,TRUE,E,G,V,P,NA,NA,NA
PRM_0246,GGPEKAPRLLLLV,GGTGGACCAGAGAAAGCGCCAAGATTGTTATTGTTAGTTTAA,GAG,GCG,4,6,TRUE,E,A,V,P,NA,NA,NA
PRM_0246,GGPEKAPRLLLLV,GGTGGACCAGAGAAAGCTCCAAGATTGTTATTGTTAGTTTAA,GAG,GCT,4,6,TRUE,E,A,V,P,NA,NA,NA
PRM_0246,GGPEKQPRLLLLV,GGTGGACCAGAGAAACAGCCAAGATTGTTATTGTTAGTTTAA,GAG,CAG,4,6,TRUE,E,Q,V,P,NA,NA,NA
PRM_0246,GGPEKHPRLLLLV,GGTGGACCAGAGAAACATCCAAGATTGTTATTGTTAGTTTAA,GAG,CAT,4,6,TRUE,E,H,V,P,NA,NA,NA
PRM_0246,GGPEKLPRLLLLV,GGTGGACCAGAGAAACTGCCAAGATTGTTATTGTTAGTTTAA,GAG,CTG,4,6,TRUE,E,L,V,P,NA,NA,NA
PRM_0246,GGPEKLPRLLLLV,GGTGGACCAGAGAAACTTCCAAGATTGTTATTGTTAGTTTAA,GAG,CTT,4,6,TRUE,E,L,V,P,NA,NA,NA
PRM_0246,GGPEKRPRLLLLV,GGTGGACCAGAGAAACGGCCAAGATTGTTATTGTTAGTTTAA,GAG,CGG,4,6,TRUE,E,R,V,P,NA,NA,NA
PRM_0246,GGPEKRPRLLLLV,GGTGGACCAGAGAAACGTCCAAGATTGTTATTGTTAGTTTAA,GAG,CGT,4,6,TRUE,E,R,V,P,NA,NA,NA
PRM_0246,GGPEKPPRLLLLV,GGTGGACCAGAGAAACCGCCAAGATTGTTATTGTTAGTTTAA,GAG,CCG,4,6,TRUE,E,P,V,P,NA,NA,NA
PRM_0246,GGPEKPPRLLLLV,GGTGGACCAGAGAAACCTCCAAGATTGTTATTGTTAGTTTAA,GAG,CCT,4,6,TRUE,E,P,V,P,NA,NA,NA
PRM_0246,GGPDKKPRLLLLV,GGTGGACCAGATAAAAAGCCAAGATTGTTATTGTTAGTTTAA,GAT,AAG,4,6,TRUE,D,K,V,P,NA,NA,NA
PRM_0246,GGPDKNPRLLLLV,GGTGGACCAGATAAAAATCCAAGATTGTTATTGTTAGTTTAA,GAT,AAT,4,6,TRUE,D,N,V,P,NA,NA,NA
PRM_0246,GGPDKMPRLLLLV,GGTGGACCAGATAAAATGCCAAGATTGTTATTGTTAGTTTAA,GAT,ATG,4,6,TRUE,D,M,V,P,NA,NA,NA
PRM_0246,GGPDKIPRLLLLV,GGTGGACCAGATAAAATTCCAAGATTGTTATTGTTAGTTTAA,GAT,ATT,4,6,TRUE,D,I,V,P,NA,NA,NA
PRM_0246,GGPDKRPRLLLLV,GGTGGACCAGATAAAAGGCCAAGATTGTTATTGTTAGTTTAA,GAT,AGG,4,6,TRUE,D,R,V,P,NA,NA,NA
PRM_0246,GGPDKSPRLLLLV,GGTGGACCAGATAAAAGTCCAAGATTGTTATTGTTAGTTTAA,GAT,AGT,4,6,TRUE,D,S,V,P,NA,NA,NA
PRM_0246,GGPDKTPRLLLLV,GGTGGACCAGATAAAACGCCAAGATTGTTATTGTTAGTTTAA,GAT,ACG,4,6,TRUE,D,T,V,P,NA,NA,NA
PRM_0246,GGPDKTPRLLLLV,GGTGGACCAGATAAAACTCCAAGATTGTTATTGTTAGTTTAA,GAT,ACT,4,6,TRUE,D,T,V,P,NA,NA,NA
PRM_0246,GGPDK*PRLLLLV,GGTGGACCAGATAAATAGCCAAGATTGTTATTGTTAGTTTAA,GAT,TAG,4,6,TRUE,D,*,V,P,NA,NA,NA
PRM_0246,GGPDKYPRLLLLV,GGTGGACCAGATAAATATCCAAGATTGTTATTGTTAGTTTAA,GAT,TAT,4,6,TRUE,D,Y,V,P,NA,NA,NA
PRM_0246,GGPDKLPRLLLLV,GGTGGACCAGATAAATTGCCAAGATTGTTATTGTTAGTTTAA,GAT,TTG,4,6,TRUE,D,L,V,P,NA,NA,NA
PRM_0246,GGPDKFPRLLLLV,GGTGGACCAGATAAATTTCCAAGATTGTTATTGTTAGTTTAA,GAT,TTT,4,6,TRUE,D,F,V,P,NA,NA,NA
PRM_0246,GGPDKWPRLLLLV,GGTGGACCAGATAAATGGCCAAGATTGTTATTGTTAGTTTAA,GAT,TGG,4,6,TRUE,D,W,V,P,NA,NA,NA
PRM_0246,GGPDKCPRLLLLV,GGTGGACCAGATAAATGTCCAAGATTGTTATTGTTAGTTTAA,GAT,TGT,4,6,TRUE,D,C,V,P,NA,NA,NA
PRM_0246,GGPDKSPRLLLLV,GGTGGACCAGATAAATCGCCAAGATTGTTATTGTTAGTTTAA,GAT,TCG,4,6,TRUE,D,S,V,P,NA,NA,NA
PRM_0246,GGPDKSPRLLLLV,GGTGGACCAGATAAATCTCCAAGATTGTTATTGTTAGTTTAA,GAT,TCT,4,6,TRUE,D,S,V,P,NA,NA,NA
PRM_0246,GGPDKEPRLLLLV,GGTGGACCAGATAAAGAGCCAAGATTGTTATTGTTAGTTTAA,GAT,GAG,4,6,TRUE,D,E,V,P,NA,NA,NA
PRM_0246,GGPDKDPRLLLLV,GGTGGACCAGATAAAGATCCAAGATTGTTATTGTTAGTTTAA,GAT,GAT,4,6,TRUE,D,D,V,P,NA,NA,NA
PRM_0246,GGPDKVPRLLLLV,GGTGGACCAGATAAAGTGCCAAGATTGTTATTGTTAGTTTAA,GAT,GTG,4,6,TRUE,D,V,V,P,NA,NA,NA
PRM_0246,GGPDKVPRLLLLV,GGTGGACCAGATAAAGTTCCAAGATTGTTATTGTTAGTTTAA,GAT,GTT,4,6,TRUE,D,V,V,P,NA,NA,NA
PRM_0246,GGPDKGPRLLLLV,GGTGGACCAGATAAAGGGCCAAGATTGTTATTGTTAGTTTAA,GAT,GGG,4,6,TRUE,D,G,V,P,NA,NA,NA
PRM_0246,GGPDKGPRLLLLV,GGTGGACCAGATAAAGGTCCAAGATTGTTATTGTTAGTTTAA,GAT,GGT,4,6,TRUE,D,G,V,P,NA,NA,NA
PRM_0246,GGPDKAPRLLLLV,GGTGGACCAGATAAAGCGCCAAGATTGTTATTGTTAGTTTAA,GAT,GCG,4,6,TRUE,D,A,V,P,NA,NA,NA
PRM_0246,GGPDKAPRLLLLV,GGTGGACCAGATAAAGCTCCAAGATTGTTATTGTTAGTTTAA,GAT,GCT,4,6,TRUE,D,A,V,P,NA,NA,NA
PRM_0246,GGPDKQPRLLLLV,GGTGGACCAGATAAACAGCCAAGATTGTTATTGTTAGTTTAA,GAT,CAG,4,6,TRUE,D,Q,V,P,NA,NA,NA
PRM_0246,GGPDKHPRLLLLV,GGTGGACCAGATAAACATCCAAGATTGTTATTGTTAGTTTAA,GAT,CAT,4,6,TRUE,D,H,V,P,NA,NA,NA
PRM_0246,GGPDKLPRLLLLV,GGTGGACCAGATAAACTGCCAAGATTGTTATTGTTAGTTTAA,GAT,CTG,4,6,TRUE,D,L,V,P,NA,NA,NA
PRM_0246,GGPDKLPRLLLLV,GGTGGACCAGATAAACTTCCAAGATTGTTATTGTTAGTTTAA,GAT,CTT,4,6,TRUE,D,L,V,P,NA,NA,NA
PRM_0246,GGPDKRPRLLLLV,GGTGGACCAGATAAACGGCCAAGATTGTTATTGTTAGTTTAA,GAT,CGG,4,6,TRUE,D,R,V,P,NA,NA,NA
PRM_0246,GGPDKRPRLLLLV,GGTGGACCAGATAAACGTCCAAGATTGTTATTGTTAGTTTAA,GAT,CGT,4,6,TRUE,D,R,V,P,NA,NA,NA
PRM_0246,GGPDKPPRLLLLV,GGTGGACCAGATAAACCGCCAAGATTGTTATTGTTAGTTTAA,GAT,CCG,4,6,TRUE,D,P,V,P,NA,NA,NA
PRM_0246,GGPDKPPRLLLLV,GGTGGACCAGATAAACCTCCAAGATTGTTATTGTTAGTTTAA,GAT,CCT,4,6,TRUE,D,P,V,P,NA,NA,NA
PRM_0246,GGPVKKPRLLLLV,GGTGGACCAGTGAAAAAGCCAAGATTGTTATTGTTAGTTTAA,GTG,AAG,4,6,TRUE,V,K,V,P,NA,NA,NA
PRM_0246,GGPVKNPRLLLLV,GGTGGACCAGTGAAAAATCCAAGATTGTTATTGTTAGTTTAA,GTG,AAT,4,6,TRUE,V,N,V,P,NA,NA,NA
PRM_0246,GGPVKMPRLLLLV,GGTGGACCAGTGAAAATGCCAAGATTGTTATTGTTAGTTTAA,GTG,ATG,4,6,TRUE,V,M,V,P,NA,NA,NA
PRM_0246,GGPVKIPRLLLLV,GGTGGACCAGTGAAAATTCCAAGATTGTTATTGTTAGTTTAA,GTG,ATT,4,6,TRUE,V,I,V,P,NA,NA,NA
PRM_0246,GGPVKRPRLLLLV,GGTGGACCAGTGAAAAGGCCAAGATTGTTATTGTTAGTTTAA,GTG,AGG,4,6,TRUE,V,R,V,P,NA,NA,NA
PRM_0246,GGPVKSPRLLLLV,GGTGGACCAGTGAAAAGTCCAAGATTGTTATTGTTAGTTTAA,GTG,AGT,4,6,TRUE,V,S,V,P,NA,NA,NA
PRM_0246,GGPVKTPRLLLLV,GGTGGACCAGTGAAAACGCCAAGATTGTTATTGTTAGTTTAA,GTG,ACG,4,6,TRUE,V,T,V,P,NA,NA,NA
PRM_0246,GGPVKTPRLLLLV,GGTGGACCAGTGAAAACTCCAAGATTGTTATTGTTAGTTTAA,GTG,ACT,4,6,TRUE,V,T,V,P,NA,NA,NA
PRM_0246,GGPVK*PRLLLLV,GGTGGACCAGTGAAATAGCCAAGATTGTTATTGTTAGTTTAA,GTG,TAG,4,6,TRUE,V,*,V,P,NA,NA,NA
PRM_0246,GGPVKYPRLLLLV,GGTGGACCAGTGAAATATCCAAGATTGTTATTGTTAGTTTAA,GTG,TAT,4,6,TRUE,V,Y,V,P,NA,NA,NA
PRM_0246,GGPVKLPRLLLLV,GGTGGACCAGTGAAATTGCCAAGATTGTTATTGTTAGTTTAA,GTG,TTG,4,6,TRUE,V,L,V,P,NA,NA,NA
PRM_0246,GGPVKFPRLLLLV,GGTGGACCAGTGAAATTTCCAAGATTGTTATTGTTAGTTTAA,GTG,TTT,4,6,TRUE,V,F,V,P,NA,NA,NA
PRM_0246,GGPVKWPRLLLLV,GGTGGACCAGTGAAATGGCCAAGATTGTTATTGTTAGTTTAA,GTG,TGG,4,6,TRUE,V,W,V,P,NA,NA,NA
PRM_0246,GGPVKCPRLLLLV,GGTGGACCAGTGAAATGTCCAAGATTGTTATTGTTAGTTTAA,GTG,TGT,4,6,TRUE,V,C,V,P,NA,NA,NA
PRM_0246,GGPVKSPRLLLLV,GGTGGACCAGTGAAATCGCCAAGATTGTTATTGTTAGTTTAA,GTG,TCG,4,6,TRUE,V,S,V,P,NA,NA,NA
PRM_0246,GGPVKSPRLLLLV,GGTGGACCAGTGAAATCTCCAAGATTGTTATTGTTAGTTTAA,GTG,TCT,4,6,TRUE,V,S,V,P,NA,NA,NA
PRM_0246,GGPVKEPRLLLLV,GGTGGACCAGTGAAAGAGCCAAGATTGTTATTGTTAGTTTAA,GTG,GAG,4,6,TRUE,V,E,V,P,NA,NA,NA
PRM_0246,GGPVKDPRLLLLV,GGTGGACCAGTGAAAGATCCAAGATTGTTATTGTTAGTTTAA,GTG,GAT,4,6,TRUE,V,D,V,P,NA,NA,NA
PRM_0246,GGPVKVPRLLLLV,GGTGGACCAGTGAAAGTGCCAAGATTGTTATTGTTAGTTTAA,GTG,GTG,4,6,TRUE,V,V,V,P,NA,NA,NA
PRM_0246,GGPVKVPRLLLLV,GGTGGACCAGTGAAAGTTCCAAGATTGTTATTGTTAGTTTAA,GTG,GTT,4,6,TRUE,V,V,V,P,NA,NA,NA
PRM_0246,GGPVKGPRLLLLV,GGTGGACCAGTGAAAGGGCCAAGATTGTTATTGTTAGTTTAA,GTG,GGG,4,6,TRUE,V,G,V,P,NA,NA,NA
PRM_0246,GGPVKGPRLLLLV,GGTGGACCAGTGAAAGGTCCAAGATTGTTATTGTTAGTTTAA,GTG,GGT,4,6,TRUE,V,G,V,P,NA,NA,NA
PRM_0246,GGPVKAPRLLLLV,GGTGGACCAGTGAAAGCGCCAAGATTGTTATTGTTAGTTTAA,GTG,GCG,4,6,TRUE,V,A,V,P,NA,NA,NA
PRM_0246,GGPVKAPRLLLLV,GGTGGACCAGTGAAAGCTCCAAGATTGTTATTGTTAGTTTAA,GTG,GCT,4,6,TRUE,V,A,V,P,NA,NA,NA
PRM_0246,GGPVKQPRLLLLV,GGTGGACCAGTGAAACAGCCAAGATTGTTATTGTTAGTTTAA,GTG,CAG,4,6,TRUE,V,Q,V,P,NA,NA,NA
PRM_0246,GGPVKHPRLLLLV,GGTGGACCAGTGAAACATCCAAGATTGTTATTGTTAGTTTAA,GTG,CAT,4,6,TRUE,V,H,V,P,NA,NA,NA
PRM_0246,GGPVKLPRLLLLV,GGTGGACCAGTGAAACTGCCAAGATTGTTATTGTTAGTTTAA,GTG,CTG,4,6,TRUE,V,L,V,P,NA,NA,NA
PRM_0246,GGPVKLPRLLLLV,GGTGGACCAGTGAAACTTCCAAGATTGTTATTGTTAGTTTAA,GTG,CTT,4,6,TRUE,V,L,V,P,NA,NA,NA
PRM_0246,GGPVKRPRLLLLV,GGTGGACCAGTGAAACGGCCAAGATTGTTATTGTTAGTTTAA,GTG,CGG,4,6,TRUE,V,R,V,P,NA,NA,NA
PRM_0246,GGPVKRPRLLLLV,GGTGGACCAGTGAAACGTCCAAGATTGTTATTGTTAGTTTAA,GTG,CGT,4,6,TRUE,V,R,V,P,NA,NA,NA
PRM_0246,GGPVKPPRLLLLV,GGTGGACCAGTGAAACCGCCAAGATTGTTATTGTTAGTTTAA,GTG,CCG,4,6,TRUE,V,P,V,P,NA,NA,NA
PRM_0246,GGPVKPPRLLLLV,GGTGGACCAGTGAAACCTCCAAGATTGTTATTGTTAGTTTAA,GTG,CCT,4,6,TRUE,V,P,V,P,NA,NA,NA
PRM_0246,GGPVKKPRLLLLV,GGTGGACCAGTTAAAAAGCCAAGATTGTTATTGTTAGTTTAA,GTT,AAG,4,6,TRUE,V,K,V,P,NA,NA,NA
PRM_0246,GGPVKNPRLLLLV,GGTGGACCAGTTAAAAATCCAAGATTGTTATTGTTAGTTTAA,GTT,AAT,4,6,TRUE,V,N,V,P,NA,NA,NA
PRM_0246,GGPVKMPRLLLLV,GGTGGACCAGTTAAAATGCCAAGATTGTTATTGTTAGTTTAA,GTT,ATG,4,6,TRUE,V,M,V,P,NA,NA,NA
PRM_0246,GGPVKIPRLLLLV,GGTGGACCAGTTAAAATTCCAAGATTGTTATTGTTAGTTTAA,GTT,ATT,4,6,TRUE,V,I,V,P,NA,NA,NA
PRM_0246,GGPVKRPRLLLLV,GGTGGACCAGTTAAAAGGCCAAGATTGTTATTGTTAGTTTAA,GTT,AGG,4,6,TRUE,V,R,V,P,NA,NA,NA
PRM_0246,GGPVKSPRLLLLV,GGTGGACCAGTTAAAAGTCCAAGATTGTTATTGTTAGTTTAA,GTT,AGT,4,6,TRUE,V,S,V,P,NA,NA,NA
PRM_0246,GGPVKTPRLLLLV,GGTGGACCAGTTAAAACGCCAAGATTGTTATTGTTAGTTTAA,GTT,ACG,4,6,TRUE,V,T,V,P,NA,NA,NA
PRM_0246,GGPVKTPRLLLLV,GGTGGACCAGTTAAAACTCCAAGATTGTTATTGTTAGTTTAA,GTT,ACT,4,6,TRUE,V,T,V,P,NA,NA,NA
PRM_0246,GGPVK*PRLLLLV,GGTGGACCAGTTAAATAGCCAAGATTGTTATTGTTAGTTTAA,GTT,TAG,4,6,TRUE,V,*,V,P,NA,NA,NA
PRM_0246,GGPVKYPRLLLLV,GGTGGACCAGTTAAATATCCAAGATTGTTATTGTTAGTTTAA,GTT,TAT,4,6,TRUE,V,Y,V,P,NA,NA,NA
PRM_0246,GGPVKLPRLLLLV,GGTGGACCAGTTAAATTGCCAAGATTGTTATTGTTAGTTTAA,GTT,TTG,4,6,TRUE,V,L,V,P,NA,NA,NA
PRM_0246,GGPVKFPRLLLLV,GGTGGACCAGTTAAATTTCCAAGATTGTTATTGTTAGTTTAA,GTT,TTT,4,6,TRUE,V,F,V,P,NA,NA,NA
PRM_0246,GGPVKWPRLLLLV,GGTGGACCAGTTAAATGGCCAAGATTGTTATTGTTAGTTTAA,GTT,TGG,4,6,TRUE,V,W,V,P,NA,NA,NA
PRM_0246,GGPVKCPRLLLLV,GGTGGACCAGTTAAATGTCCAAGATTGTTATTGTTAGTTTAA,GTT,TGT,4,6,TRUE,V,C,V,P,NA,NA,NA
PRM_0246,GGPVKSPRLLLLV,GGTGGACCAGTTAAATCGCCAAGATTGTTATTGTTAGTTTAA,GTT,TCG,4,6,TRUE,V,S,V,P,NA,NA,NA
PRM_0246,GGPVKSPRLLLLV,GGTGGACCAGTTAAATCTCCAAGATTGTTATTGTTAGTTTAA,GTT,TCT,4,6,TRUE,V,S,V,P,NA,NA,NA
PRM_0246,GGPVKEPRLLLLV,GGTGGACCAGTTAAAGAGCCAAGATTGTTATTGTTAGTTTAA,GTT,GAG,4,6,TRUE,V,E,V,P,NA,NA,NA
PRM_0246,GGPVKDPRLLLLV,GGTGGACCAGTTAAAGATCCAAGATTGTTATTGTTAGTTTAA,GTT,GAT,4,6,TRUE,V,D,V,P,NA,NA,NA
PRM_0246,GGPVKVPRLLLLV,GGTGGACCAGTTAAAGTGCCAAGATTGTTATTGTTAGTTTAA,GTT,GTG,4,6,TRUE,V,V,V,P,NA,NA,NA
PRM_0246,GGPVKVPRLLLLV,GGTGGACCAGTTAAAGTTCCAAGATTGTTATTGTTAGTTTAA,GTT,GTT,4,6,TRUE,V,V,V,P,NA,NA,NA
PRM_0246,GGPVKGPRLLLLV,GGTGGACCAGTTAAAGGGCCAAGATTGTTATTGTTAGTTTAA,GTT,GGG,4,6,TRUE,V,G,V,P,NA,NA,NA
PRM_0246,GGPVKGPRLLLLV,GGTGGACCAGTTAAAGGTCCAAGATTGTTATTGTTAGTTTAA,GTT,GGT,4,6,TRUE,V,G,V,P,NA,NA,NA
PRM_0246,GGPVKAPRLLLLV,GGTGGACCAGTTAAAGCGCCAAGATTGTTATTGTTAGTTTAA,GTT,GCG,4,6,TRUE,V,A,V,P,NA,NA,NA
PRM_0246,GGPVKAPRLLLLV,GGTGGACCAGTTAAAGCTCCAAGATTGTTATTGTTAGTTTAA,GTT,GCT,4,6,TRUE,V,A,V,P,NA,NA,NA
PRM_0246,GGPVKQPRLLLLV,GGTGGACCAGTTAAACAGCCAAGATTGTTATTGTTAGTTTAA,GTT,CAG,4,6,TRUE,V,Q,V,P,NA,NA,NA
PRM_0246,GGPVKHPRLLLLV,GGTGGACCAGTTAAACATCCAAGATTGTTATTGTTAGTTTAA,GTT,CAT,4,6,TRUE,V,H,V,P,NA,NA,NA
PRM_0246,GGPVKLPRLLLLV,GGTGGACCAGTTAAACTGCCAAGATTGTTATTGTTAGTTTAA,GTT,CTG,4,6,TRUE,V,L,V,P,NA,NA,NA
PRM_0246,GGPVKLPRLLLLV,GGTGGACCAGTTAAACTTCCAAGATTGTTATTGTTAGTTTAA,GTT,CTT,4,6,TRUE,V,L,V,P,NA,NA,NA
PRM_0246,GGPVKRPRLLLLV,GGTGGACCAGTTAAACGGCCAAGATTGTTATTGTTAGTTTAA,GTT,CGG,4,6,TRUE,V,R,V,P,NA,NA,NA
PRM_0246,GGPVKRPRLLLLV,GGTGGACCAGTTAAACGTCCAAGATTGTTATTGTTAGTTTAA,GTT,CGT,4,6,TRUE,V,R,V,P,NA,NA,NA
PRM_0246,GGPVKPPRLLLLV,GGTGGACCAGTTAAACCGCCAAGATTGTTATTGTTAGTTTAA,GTT,CCG,4,6,TRUE,V,P,V,P,NA,NA,NA
PRM_0246,GGPVKPPRLLLLV,GGTGGACCAGTTAAACCTCCAAGATTGTTATTGTTAGTTTAA,GTT,CCT,4,6,TRUE,V,P,V,P,NA,NA,NA
PRM_0246,GGPGKKPRLLLLV,GGTGGACCAGGGAAAAAGCCAAGATTGTTATTGTTAGTTTAA,GGG,AAG,4,6,TRUE,G,K,V,P,NA,NA,NA
PRM_0246,GGPGKNPRLLLLV,GGTGGACCAGGGAAAAATCCAAGATTGTTATTGTTAGTTTAA,GGG,AAT,4,6,TRUE,G,N,V,P,NA,NA,NA
PRM_0246,GGPGKMPRLLLLV,GGTGGACCAGGGAAAATGCCAAGATTGTTATTGTTAGTTTAA,GGG,ATG,4,6,TRUE,G,M,V,P,NA,NA,NA
PRM_0246,GGPGKIPRLLLLV,GGTGGACCAGGGAAAATTCCAAGATTGTTATTGTTAGTTTAA,GGG,ATT,4,6,TRUE,G,I,V,P,NA,NA,NA
PRM_0246,GGPGKRPRLLLLV,GGTGGACCAGGGAAAAGGCCAAGATTGTTATTGTTAGTTTAA,GGG,AGG,4,6,TRUE,G,R,V,P,NA,NA,NA
PRM_0246,GGPGKSPRLLLLV,GGTGGACCAGGGAAAAGTCCAAGATTGTTATTGTTAGTTTAA,GGG,AGT,4,6,TRUE,G,S,V,P,NA,NA,NA
PRM_0246,GGPGKTPRLLLLV,GGTGGACCAGGGAAAACGCCAAGATTGTTATTGTTAGTTTAA,GGG,ACG,4,6,TRUE,G,T,V,P,NA,NA,NA
PRM_0246,GGPGKTPRLLLLV,GGTGGACCAGGGAAAACTCCAAGATTGTTATTGTTAGTTTAA,GGG,ACT,4,6,TRUE,G,T,V,P,NA,NA,NA
PRM_0246,GGPGK*PRLLLLV,GGTGGACCAGGGAAATAGCCAAGATTGTTATTGTTAGTTTAA,GGG,TAG,4,6,TRUE,G,*,V,P,NA,NA,NA
PRM_0246,GGPGKYPRLLLLV,GGTGGACCAGGGAAATATCCAAGATTGTTATTGTTAGTTTAA,GGG,TAT,4,6,TRUE,G,Y,V,P,NA,NA,NA
PRM_0246,GGPGKLPRLLLLV,GGTGGACCAGGGAAATTGCCAAGATTGTTATTGTTAGTTTAA,GGG,TTG,4,6,TRUE,G,L,V,P,NA,NA,NA
PRM_0246,GGPGKFPRLLLLV,GGTGGACCAGGGAAATTTCCAAGATTGTTATTGTTAGTTTAA,GGG,TTT,4,6,TRUE,G,F,V,P,NA,NA,NA
PRM_0246,GGPGKWPRLLLLV,GGTGGACCAGGGAAATGGCCAAGATTGTTATTGTTAGTTTAA,GGG,TGG,4,6,TRUE,G,W,V,P,NA,NA,NA
PRM_0246,GGPGKCPRLLLLV,GGTGGACCAGGGAAATGTCCAAGATTGTTATTGTTAGTTTAA,GGG,TGT,4,6,TRUE,G,C,V,P,NA,NA,NA
PRM_0246,GGPGKSPRLLLLV,GGTGGACCAGGGAAATCGCCAAGATTGTTATTGTTAGTTTAA,GGG,TCG,4,6,TRUE,G,S,V,P,NA,NA,NA
PRM_0246,GGPGKSPRLLLLV,GGTGGACCAGGGAAATCTCCAAGATTGTTATTGTTAGTTTAA,GGG,TCT,4,6,TRUE,G,S,V,P,NA,NA,NA
PRM_0246,GGPGKEPRLLLLV,GGTGGACCAGGGAAAGAGCCAAGATTGTTATTGTTAGTTTAA,GGG,GAG,4,6,TRUE,G,E,V,P,NA,NA,NA
PRM_0246,GGPGKDPRLLLLV,GGTGGACCAGGGAAAGATCCAAGATTGTTATTGTTAGTTTAA,GGG,GAT,4,6,TRUE,G,D,V,P,NA,NA,NA
PRM_0246,GGPGKVPRLLLLV,GGTGGACCAGGGAAAGTGCCAAGATTGTTATTGTTAGTTTAA,GGG,GTG,4,6,TRUE,G,V,V,P,NA,NA,NA
PRM_0246,GGPGKVPRLLLLV,GGTGGACCAGGGAAAGTTCCAAGATTGTTATTGTTAGTTTAA,GGG,GTT,4,6,TRUE,G,V,V,P,NA,NA,NA
PRM_0246,GGPGKGPRLLLLV,GGTGGACCAGGGAAAGGGCCAAGATTGTTATTGTTAGTTTAA,GGG,GGG,4,6,TRUE,G,G,V,P,NA,NA,NA
PRM_0246,GGPGKGPRLLLLV,GGTGGACCAGGGAAAGGTCCAAGATTGTTATTGTTAGTTTAA,GGG,GGT,4,6,TRUE,G,G,V,P,NA,NA,NA
PRM_0246,GGPGKAPRLLLLV,GGTGGACCAGGGAAAGCGCCAAGATTGTTATTGTTAGTTTAA,GGG,GCG,4,6,TRUE,G,A,V,P,NA,NA,NA
PRM_0246,GGPGKAPRLLLLV,GGTGGACCAGGGAAAGCTCCAAGATTGTTATTGTTAGTTTAA,GGG,GCT,4,6,TRUE,G,A,V,P,NA,NA,NA
PRM_0246,GGPGKQPRLLLLV,GGTGGACCAGGGAAACAGCCAAGATTGTTATTGTTAGTTTAA,GGG,CAG,4,6,TRUE,G,Q,V,P,NA,NA,NA
PRM_0246,GGPGKHPRLLLLV,GGTGGACCAGGGAAACATCCAAGATTGTTATTGTTAGTTTAA,GGG,CAT,4,6,TRUE,G,H,V,P,NA,NA,NA
PRM_0246,GGPGKLPRLLLLV,GGTGGACCAGGGAAACTGCCAAGATTGTTATTGTTAGTTTAA,GGG,CTG,4,6,TRUE,G,L,V,P,NA,NA,NA
PRM_0246,GGPGKLPRLLLLV,GGTGGACCAGGGAAACTTCCAAGATTGTTATTGTTAGTTTAA,GGG,CTT,4,6,TRUE,G,L,V,P,NA,NA,NA
PRM_0246,GGPGKRPRLLLLV,GGTGGACCAGGGAAACGGCCAAGATTGTTATTGTTAGTTTAA,GGG,CGG,4,6,TRUE,G,R,V,P,NA,NA,NA
PRM_0246,GGPGKRPRLLLLV,GGTGGACCAGGGAAACGTCCAAGATTGTTATTGTTAGTTTAA,GGG,CGT,4,6,TRUE,G,R,V,P,NA,NA,NA
PRM_0246,GGPGKPPRLLLLV,GGTGGACCAGGGAAACCGCCAAGATTGTTATTGTTAGTTTAA,GGG,CCG,4,6,TRUE,G,P,V,P,NA,NA,NA
PRM_0246,GGPGKPPRLLLLV,GGTGGACCAGGGAAACCTCCAAGATTGTTATTGTTAGTTTAA,GGG,CCT,4,6,TRUE,G,P,V,P,NA,NA,NA
PRM_0246,GGPGKKPRLLLLV,GGTGGACCAGGTAAAAAGCCAAGATTGTTATTGTTAGTTTAA,GGT,AAG,4,6,TRUE,G,K,V,P,NA,NA,NA
PRM_0246,GGPGKNPRLLLLV,GGTGGACCAGGTAAAAATCCAAGATTGTTATTGTTAGTTTAA,GGT,AAT,4,6,TRUE,G,N,V,P,NA,NA,NA
PRM_0246,GGPGKMPRLLLLV,GGTGGACCAGGTAAAATGCCAAGATTGTTATTGTTAGTTTAA,GGT,ATG,4,6,TRUE,G,M,V,P,NA,NA,NA
PRM_0246,GGPGKIPRLLLLV,GGTGGACCAGGTAAAATTCCAAGATTGTTATTGTTAGTTTAA,GGT,ATT,4,6,TRUE,G,I,V,P,NA,NA,NA
PRM_0246,GGPGKRPRLLLLV,GGTGGACCAGGTAAAAGGCCAAGATTGTTATTGTTAGTTTAA,GGT,AGG,4,6,TRUE,G,R,V,P,NA,NA,NA
PRM_0246,GGPGKSPRLLLLV,GGTGGACCAGGTAAAAGTCCAAGATTGTTATTGTTAGTTTAA,GGT,AGT,4,6,TRUE,G,S,V,P,NA,NA,NA
PRM_0246,GGPGKTPRLLLLV,GGTGGACCAGGTAAAACGCCAAGATTGTTATTGTTAGTTTAA,GGT,ACG,4,6,TRUE,G,T,V,P,NA,NA,NA
PRM_0246,GGPGKTPRLLLLV,GGTGGACCAGGTAAAACTCCAAGATTGTTATTGTTAGTTTAA,GGT,ACT,4,6,TRUE,G,T,V,P,NA,NA,NA
PRM_0246,GGPGK*PRLLLLV,GGTGGACCAGGTAAATAGCCAAGATTGTTATTGTTAGTTTAA,GGT,TAG,4,6,TRUE,G,*,V,P,NA,NA,NA
PRM_0246,GGPGKYPRLLLLV,GGTGGACCAGGTAAATATCCAAGATTGTTATTGTTAGTTTAA,GGT,TAT,4,6,TRUE,G,Y,V,P,NA,NA,NA
PRM_0246,GGPGKLPRLLLLV,GGTGGACCAGGTAAATTGCCAAGATTGTTATTGTTAGTTTAA,GGT,TTG,4,6,TRUE,G,L,V,P,NA,NA,NA
PRM_0246,GGPGKFPRLLLLV,GGTGGACCAGGTAAATTTCCAAGATTGTTATTGTTAGTTTAA,GGT,TTT,4,6,TRUE,G,F,V,P,NA,NA,NA
PRM_0246,GGPGKWPRLLLLV,GGTGGACCAGGTAAATGGCCAAGATTGTTATTGTTAGTTTAA,GGT,TGG,4,6,TRUE,G,W,V,P,NA,NA,NA
PRM_0246,GGPGKCPRLLLLV,GGTGGACCAGGTAAATGTCCAAGATTGTTATTGTTAGTTTAA,GGT,TGT,4,6,TRUE,G,C,V,P,NA,NA,NA
PRM_0246,GGPGKSPRLLLLV,GGTGGACCAGGTAAATCGCCAAGATTGTTATTGTTAGTTTAA,GGT,TCG,4,6,TRUE,G,S,V,P,NA,NA,NA
PRM_0246,GGPGKSPRLLLLV,GGTGGACCAGGTAAATCTCCAAGATTGTTATTGTTAGTTTAA,GGT,TCT,4,6,TRUE,G,S,V,P,NA,NA,NA
PRM_0246,GGPGKEPRLLLLV,GGTGGACCAGGTAAAGAGCCAAGATTGTTATTGTTAGTTTAA,GGT,GAG,4,6,TRUE,G,E,V,P,NA,NA,NA
PRM_0246,GGPGKDPRLLLLV,GGTGGACCAGGTAAAGATCCAAGATTGTTATTGTTAGTTTAA,GGT,GAT,4,6,TRUE,G,D,V,P,NA,NA,NA
PRM_0246,GGPGKVPRLLLLV,GGTGGACCAGGTAAAGTGCCAAGATTGTTATTGTTAGTTTAA,GGT,GTG,4,6,TRUE,G,V,V,P,NA,NA,NA
PRM_0246,GGPGKVPRLLLLV,GGTGGACCAGGTAAAGTTCCAAGATTGTTATTGTTAGTTTAA,GGT,GTT,4,6,TRUE,G,V,V,P,NA,NA,NA
PRM_0246,GGPGKGPRLLLLV,GGTGGACCAGGTAAAGGGCCAAGATTGTTATTGTTAGTTTAA,GGT,GGG,4,6,TRUE,G,G,V,P,NA,NA,NA
PRM_0246,GGPGKGPRLLLLV,GGTGGACCAGGTAAAGGTCCAAGATTGTTATTGTTAGTTTAA,GGT,GGT,4,6,TRUE,G,G,V,P,NA,NA,NA
PRM_0246,GGPGKAPRLLLLV,GGTGGACCAGGTAAAGCGCCAAGATTGTTATTGTTAGTTTAA,GGT,GCG,4,6,TRUE,G,A,V,P,NA,NA,NA
PRM_0246,GGPGKAPRLLLLV,GGTGGACCAGGTAAAGCTCCAAGATTGTTATTGTTAGTTTAA,GGT,GCT,4,6,TRUE,G,A,V,P,NA,NA,NA
PRM_0246,GGPGKQPRLLLLV,GGTGGACCAGGTAAACAGCCAAGATTGTTATTGTTAGTTTAA,GGT,CAG,4,6,TRUE,G,Q,V,P,NA,NA,NA
PRM_0246,GGPGKHPRLLLLV,GGTGGACCAGGTAAACATCCAAGATTGTTATTGTTAGTTTAA,GGT,CAT,4,6,TRUE,G,H,V,P,NA,NA,NA
PRM_0246,GGPGKLPRLLLLV,GGTGGACCAGGTAAACTGCCAAGATTGTTATTGTTAGTTTAA,GGT,CTG,4,6,TRUE,G,L,V,P,NA,NA,NA
PRM_0246,GGPGKLPRLLLLV,GGTGGACCAGGTAAACTTCCAAGATTGTTATTGTTAGTTTAA,GGT,CTT,4,6,TRUE,G,L,V,P,NA,NA,NA
PRM_0246,GGPGKRPRLLLLV,GGTGGACCAGGTAAACGGCCAAGATTGTTATTGTTAGTTTAA,GGT,CGG,4,6,TRUE,G,R,V,P,NA,NA,NA
PRM_0246,GGPGKRPRLLLLV,GGTGGACCAGGTAAACGTCCAAGATTGTTATTGTTAGTTTAA,GGT,CGT,4,6,TRUE,G,R,V,P,NA,NA,NA
PRM_0246,GGPGKPPRLLLLV,GGTGGACCAGGTAAACCGCCAAGATTGTTATTGTTAGTTTAA,GGT,CCG,4,6,TRUE,G,P,V,P,NA,NA,NA
PRM_0246,GGPGKPPRLLLLV,GGTGGACCAGGTAAACCTCCAAGATTGTTATTGTTAGTTTAA,GGT,CCT,4,6,TRUE,G,P,V,P,NA,NA,NA
PRM_0246,GGPAKKPRLLLLV,GGTGGACCAGCGAAAAAGCCAAGATTGTTATTGTTAGTTTAA,GCG,AAG,4,6,TRUE,A,K,V,P,NA,NA,NA
PRM_0246,GGPAKNPRLLLLV,GGTGGACCAGCGAAAAATCCAAGATTGTTATTGTTAGTTTAA,GCG,AAT,4,6,TRUE,A,N,V,P,NA,NA,NA
PRM_0246,GGPAKMPRLLLLV,GGTGGACCAGCGAAAATGCCAAGATTGTTATTGTTAGTTTAA,GCG,ATG,4,6,TRUE,A,M,V,P,NA,NA,NA
PRM_0246,GGPAKIPRLLLLV,GGTGGACCAGCGAAAATTCCAAGATTGTTATTGTTAGTTTAA,GCG,ATT,4,6,TRUE,A,I,V,P,NA,NA,NA
PRM_0246,GGPAKRPRLLLLV,GGTGGACCAGCGAAAAGGCCAAGATTGTTATTGTTAGTTTAA,GCG,AGG,4,6,TRUE,A,R,V,P,NA,NA,NA
PRM_0246,GGPAKSPRLLLLV,GGTGGACCAGCGAAAAGTCCAAGATTGTTATTGTTAGTTTAA,GCG,AGT,4,6,TRUE,A,S,V,P,NA,NA,NA
PRM_0246,GGPAKTPRLLLLV,GGTGGACCAGCGAAAACGCCAAGATTGTTATTGTTAGTTTAA,GCG,ACG,4,6,TRUE,A,T,V,P,NA,NA,NA
PRM_0246,GGPAKTPRLLLLV,GGTGGACCAGCGAAAACTCCAAGATTGTTATTGTTAGTTTAA,GCG,ACT,4,6,TRUE,A,T,V,P,NA,NA,NA
PRM_0246,GGPAK*PRLLLLV,GGTGGACCAGCGAAATAGCCAAGATTGTTATTGTTAGTTTAA,GCG,TAG,4,6,TRUE,A,*,V,P,NA,NA,NA
PRM_0246,GGPAKYPRLLLLV,GGTGGACCAGCGAAATATCCAAGATTGTTATTGTTAGTTTAA,GCG,TAT,4,6,TRUE,A,Y,V,P,NA,NA,NA
PRM_0246,GGPAKLPRLLLLV,GGTGGACCAGCGAAATTGCCAAGATTGTTATTGTTAGTTTAA,GCG,TTG,4,6,TRUE,A,L,V,P,NA,NA,NA
PRM_0246,GGPAKFPRLLLLV,GGTGGACCAGCGAAATTTCCAAGATTGTTATTGTTAGTTTAA,GCG,TTT,4,6,TRUE,A,F,V,P,NA,NA,NA
PRM_0246,GGPAKWPRLLLLV,GGTGGACCAGCGAAATGGCCAAGATTGTTATTGTTAGTTTAA,GCG,TGG,4,6,TRUE,A,W,V,P,NA,NA,NA
PRM_0246,GGPAKCPRLLLLV,GGTGGACCAGCGAAATGTCCAAGATTGTTATTGTTAGTTTAA,GCG,TGT,4,6,TRUE,A,C,V,P,NA,NA,NA
PRM_0246,GGPAKSPRLLLLV,GGTGGACCAGCGAAATCGCCAAGATTGTTATTGTTAGTTTAA,GCG,TCG,4,6,TRUE,A,S,V,P,NA,NA,NA
PRM_0246,GGPAKSPRLLLLV,GGTGGACCAGCGAAATCTCCAAGATTGTTATTGTTAGTTTAA,GCG,TCT,4,6,TRUE,A,S,V,P,NA,NA,NA
PRM_0246,GGPAKEPRLLLLV,GGTGGACCAGCGAAAGAGCCAAGATTGTTATTGTTAGTTTAA,GCG,GAG,4,6,TRUE,A,E,V,P,NA,NA,NA
PRM_0246,GGPAKDPRLLLLV,GGTGGACCAGCGAAAGATCCAAGATTGTTATTGTTAGTTTAA,GCG,GAT,4,6,TRUE,A,D,V,P,NA,NA,NA
PRM_0246,GGPAKVPRLLLLV,GGTGGACCAGCGAAAGTGCCAAGATTGTTATTGTTAGTTTAA,GCG,GTG,4,6,TRUE,A,V,V,P,NA,NA,NA
PRM_0246,GGPAKVPRLLLLV,GGTGGACCAGCGAAAGTTCCAAGATTGTTATTGTTAGTTTAA,GCG,GTT,4,6,TRUE,A,V,V,P,NA,NA,NA
PRM_0246,GGPAKGPRLLLLV,GGTGGACCAGCGAAAGGGCCAAGATTGTTATTGTTAGTTTAA,GCG,GGG,4,6,TRUE,A,G,V,P,NA,NA,NA
PRM_0246,GGPAKGPRLLLLV,GGTGGACCAGCGAAAGGTCCAAGATTGTTATTGTTAGTTTAA,GCG,GGT,4,6,TRUE,A,G,V,P,NA,NA,NA
PRM_0246,GGPAKAPRLLLLV,GGTGGACCAGCGAAAGCGCCAAGATTGTTATTGTTAGTTTAA,GCG,GCG,4,6,TRUE,A,A,V,P,NA,NA,NA
PRM_0246,GGPAKAPRLLLLV,GGTGGACCAGCGAAAGCTCCAAGATTGTTATTGTTAGTTTAA,GCG,GCT,4,6,TRUE,A,A,V,P,NA,NA,NA
PRM_0246,GGPAKQPRLLLLV,GGTGGACCAGCGAAACAGCCAAGATTGTTATTGTTAGTTTAA,GCG,CAG,4,6,TRUE,A,Q,V,P,NA,NA,NA
PRM_0246,GGPAKHPRLLLLV,GGTGGACCAGCGAAACATCCAAGATTGTTATTGTTAGTTTAA,GCG,CAT,4,6,TRUE,A,H,V,P,NA,NA,NA
PRM_0246,GGPAKLPRLLLLV,GGTGGACCAGCGAAACTGCCAAGATTGTTATTGTTAGTTTAA,GCG,CTG,4,6,TRUE,A,L,V,P,NA,NA,NA
PRM_0246,GGPAKLPRLLLLV,GGTGGACCAGCGAAACTTCCAAGATTGTTATTGTTAGTTTAA,GCG,CTT,4,6,TRUE,A,L,V,P,NA,NA,NA
PRM_0246,GGPAKRPRLLLLV,GGTGGACCAGCGAAACGGCCAAGATTGTTATTGTTAGTTTAA,GCG,CGG,4,6,TRUE,A,R,V,P,NA,NA,NA
PRM_0246,GGPAKRPRLLLLV,GGTGGACCAGCGAAACGTCCAAGATTGTTATTGTTAGTTTAA,GCG,CGT,4,6,TRUE,A,R,V,P,NA,NA,NA
PRM_0246,GGPAKPPRLLLLV,GGTGGACCAGCGAAACCGCCAAGATTGTTATTGTTAGTTTAA,GCG,CCG,4,6,TRUE,A,P,V,P,NA,NA,NA
PRM_0246,GGPAKPPRLLLLV,GGTGGACCAGCGAAACCTCCAAGATTGTTATTGTTAGTTTAA,GCG,CCT,4,6,TRUE,A,P,V,P,NA,NA,NA
PRM_0246,GGPAKKPRLLLLV,GGTGGACCAGCTAAAAAGCCAAGATTGTTATTGTTAGTTTAA,GCT,AAG,4,6,TRUE,A,K,V,P,NA,NA,NA
PRM_0246,GGPAKNPRLLLLV,GGTGGACCAGCTAAAAATCCAAGATTGTTATTGTTAGTTTAA,GCT,AAT,4,6,TRUE,A,N,V,P,NA,NA,NA
PRM_0246,GGPAKMPRLLLLV,GGTGGACCAGCTAAAATGCCAAGATTGTTATTGTTAGTTTAA,GCT,ATG,4,6,TRUE,A,M,V,P,NA,NA,NA
PRM_0246,GGPAKIPRLLLLV,GGTGGACCAGCTAAAATTCCAAGATTGTTATTGTTAGTTTAA,GCT,ATT,4,6,TRUE,A,I,V,P,NA,NA,NA
PRM_0246,GGPAKRPRLLLLV,GGTGGACCAGCTAAAAGGCCAAGATTGTTATTGTTAGTTTAA,GCT,AGG,4,6,TRUE,A,R,V,P,NA,NA,NA
PRM_0246,GGPAKSPRLLLLV,GGTGGACCAGCTAAAAGTCCAAGATTGTTATTGTTAGTTTAA,GCT,AGT,4,6,TRUE,A,S,V,P,NA,NA,NA
PRM_0246,GGPAKTPRLLLLV,GGTGGACCAGCTAAAACGCCAAGATTGTTATTGTTAGTTTAA,GCT,ACG,4,6,TRUE,A,T,V,P,NA,NA,NA
PRM_0246,GGPAKTPRLLLLV,GGTGGACCAGCTAAAACTCCAAGATTGTTATTGTTAGTTTAA,GCT,ACT,4,6,TRUE,A,T,V,P,NA,NA,NA
PRM_0246,GGPAK*PRLLLLV,GGTGGACCAGCTAAATAGCCAAGATTGTTATTGTTAGTTTAA,GCT,TAG,4,6,TRUE,A,*,V,P,NA,NA,NA
PRM_0246,GGPAKYPRLLLLV,GGTGGACCAGCTAAATATCCAAGATTGTTATTGTTAGTTTAA,GCT,TAT,4,6,TRUE,A,Y,V,P,NA,NA,NA
PRM_0246,GGPAKLPRLLLLV,GGTGGACCAGCTAAATTGCCAAGATTGTTATTGTTAGTTTAA,GCT,TTG,4,6,TRUE,A,L,V,P,NA,NA,NA
PRM_0246,GGPAKFPRLLLLV,GGTGGACCAGCTAAATTTCCAAGATTGTTATTGTTAGTTTAA,GCT,TTT,4,6,TRUE,A,F,V,P,NA,NA,NA
PRM_0246,GGPAKWPRLLLLV,GGTGGACCAGCTAAATGGCCAAGATTGTTATTGTTAGTTTAA,GCT,TGG,4,6,TRUE,A,W,V,P,NA,NA,NA
PRM_0246,GGPAKCPRLLLLV,GGTGGACCAGCTAAATGTCCAAGATTGTTATTGTTAGTTTAA,GCT,TGT,4,6,TRUE,A,C,V,P,NA,NA,NA
PRM_0246,GGPAKSPRLLLLV,GGTGGACCAGCTAAATCGCCAAGATTGTTATTGTTAGTTTAA,GCT,TCG,4,6,TRUE,A,S,V,P,NA,NA,NA
PRM_0246,GGPAKSPRLLLLV,GGTGGACCAGCTAAATCTCCAAGATTGTTATTGTTAGTTTAA,GCT,TCT,4,6,TRUE,A,S,V,P,NA,NA,NA
PRM_0246,GGPAKEPRLLLLV,GGTGGACCAGCTAAAGAGCCAAGATTGTTATTGTTAGTTTAA,GCT,GAG,4,6,TRUE,A,E,V,P,NA,NA,NA
PRM_0246,GGPAKDPRLLLLV,GGTGGACCAGCTAAAGATCCAAGATTGTTATTGTTAGTTTAA,GCT,GAT,4,6,TRUE,A,D,V,P,NA,NA,NA
PRM_0246,GGPAKVPRLLLLV,GGTGGACCAGCTAAAGTGCCAAGATTGTTATTGTTAGTTTAA,GCT,GTG,4,6,TRUE,A,V,V,P,NA,NA,NA
PRM_0246,GGPAKVPRLLLLV,GGTGGACCAGCTAAAGTTCCAAGATTGTTATTGTTAGTTTAA,GCT,GTT,4,6,TRUE,A,V,V,P,NA,NA,NA
PRM_0246,GGPAKGPRLLLLV,GGTGGACCAGCTAAAGGGCCAAGATTGTTATTGTTAGTTTAA,GCT,GGG,4,6,TRUE,A,G,V,P,NA,NA,NA
PRM_0246,GGPAKGPRLLLLV,GGTGGACCAGCTAAAGGTCCAAGATTGTTATTGTTAGTTTAA,GCT,GGT,4,6,TRUE,A,G,V,P,NA,NA,NA
PRM_0246,GGPAKAPRLLLLV,GGTGGACCAGCTAAAGCGCCAAGATTGTTATTGTTAGTTTAA,GCT,GCG,4,6,TRUE,A,A,V,P,NA,NA,NA
PRM_0246,GGPAKAPRLLLLV,GGTGGACCAGCTAAAGCTCCAAGATTGTTATTGTTAGTTTAA,GCT,GCT,4,6,TRUE,A,A,V,P,NA,NA,NA
PRM_0246,GGPAKQPRLLLLV,GGTGGACCAGCTAAACAGCCAAGATTGTTATTGTTAGTTTAA,GCT,CAG,4,6,TRUE,A,Q,V,P,NA,NA,NA
PRM_0246,GGPAKHPRLLLLV,GGTGGACCAGCTAAACATCCAAGATTGTTATTGTTAGTTTAA,GCT,CAT,4,6,TRUE,A,H,V,P,NA,NA,NA
PRM_0246,GGPAKLPRLLLLV,GGTGGACCAGCTAAACTGCCAAGATTGTTATTGTTAGTTTAA,GCT,CTG,4,6,TRUE,A,L,V,P,NA,NA,NA
PRM_0246,GGPAKLPRLLLLV,GGTGGACCAGCTAAACTTCCAAGATTGTTATTGTTAGTTTAA,GCT,CTT,4,6,TRUE,A,L,V,P,NA,NA,NA
PRM_0246,GGPAKRPRLLLLV,GGTGGACCAGCTAAACGGCCAAGATTGTTATTGTTAGTTTAA,GCT,CGG,4,6,TRUE,A,R,V,P,NA,NA,NA
PRM_0246,GGPAKRPRLLLLV,GGTGGACCAGCTAAACGTCCAAGATTGTTATTGTTAGTTTAA,GCT,CGT,4,6,TRUE,A,R,V,P,NA,NA,NA
PRM_0246,GGPAKPPRLLLLV,GGTGGACCAGCTAAACCGCCAAGATTGTTATTGTTAGTTTAA,GCT,CCG,4,6,TRUE,A,P,V,P,NA,NA,NA
PRM_0246,GGPAKPPRLLLLV,GGTGGACCAGCTAAACCTCCAAGATTGTTATTGTTAGTTTAA,GCT,CCT,4,6,TRUE,A,P,V,P,NA,NA,NA
PRM_0246,GGPQKKPRLLLLV,GGTGGACCACAGAAAAAGCCAAGATTGTTATTGTTAGTTTAA,CAG,AAG,4,6,TRUE,Q,K,V,P,NA,NA,NA
PRM_0246,GGPQKNPRLLLLV,GGTGGACCACAGAAAAATCCAAGATTGTTATTGTTAGTTTAA,CAG,AAT,4,6,TRUE,Q,N,V,P,NA,NA,NA
PRM_0246,GGPQKMPRLLLLV,GGTGGACCACAGAAAATGCCAAGATTGTTATTGTTAGTTTAA,CAG,ATG,4,6,TRUE,Q,M,V,P,NA,NA,NA
PRM_0246,GGPQKIPRLLLLV,GGTGGACCACAGAAAATTCCAAGATTGTTATTGTTAGTTTAA,CAG,ATT,4,6,TRUE,Q,I,V,P,NA,NA,NA
PRM_0246,GGPQKRPRLLLLV,GGTGGACCACAGAAAAGGCCAAGATTGTTATTGTTAGTTTAA,CAG,AGG,4,6,TRUE,Q,R,V,P,NA,NA,NA
PRM_0246,GGPQKSPRLLLLV,GGTGGACCACAGAAAAGTCCAAGATTGTTATTGTTAGTTTAA,CAG,AGT,4,6,TRUE,Q,S,V,P,NA,NA,NA
PRM_0246,GGPQKTPRLLLLV,GGTGGACCACAGAAAACGCCAAGATTGTTATTGTTAGTTTAA,CAG,ACG,4,6,TRUE,Q,T,V,P,NA,NA,NA
PRM_0246,GGPQKTPRLLLLV,GGTGGACCACAGAAAACTCCAAGATTGTTATTGTTAGTTTAA,CAG,ACT,4,6,TRUE,Q,T,V,P,NA,NA,NA
PRM_0246,GGPQK*PRLLLLV,GGTGGACCACAGAAATAGCCAAGATTGTTATTGTTAGTTTAA,CAG,TAG,4,6,TRUE,Q,*,V,P,NA,NA,NA
PRM_0246,GGPQKYPRLLLLV,GGTGGACCACAGAAATATCCAAGATTGTTATTGTTAGTTTAA,CAG,TAT,4,6,TRUE,Q,Y,V,P,NA,NA,NA
PRM_0246,GGPQKLPRLLLLV,GGTGGACCACAGAAATTGCCAAGATTGTTATTGTTAGTTTAA,CAG,TTG,4,6,TRUE,Q,L,V,P,NA,NA,NA
PRM_0246,GGPQKFPRLLLLV,GGTGGACCACAGAAATTTCCAAGATTGTTATTGTTAGTTTAA,CAG,TTT,4,6,TRUE,Q,F,V,P,NA,NA,NA
PRM_0246,GGPQKWPRLLLLV,GGTGGACCACAGAAATGGCCAAGATTGTTATTGTTAGTTTAA,CAG,TGG,4,6,TRUE,Q,W,V,P,NA,NA,NA
PRM_0246,GGPQKCPRLLLLV,GGTGGACCACAGAAATGTCCAAGATTGTTATTGTTAGTTTAA,CAG,TGT,4,6,TRUE,Q,C,V,P,NA,NA,NA
PRM_0246,GGPQKSPRLLLLV,GGTGGACCACAGAAATCGCCAAGATTGTTATTGTTAGTTTAA,CAG,TCG,4,6,TRUE,Q,S,V,P,NA,NA,NA
PRM_0246,GGPQKSPRLLLLV,GGTGGACCACAGAAATCTCCAAGATTGTTATTGTTAGTTTAA,CAG,TCT,4,6,TRUE,Q,S,V,P,NA,NA,NA
PRM_0246,GGPQKEPRLLLLV,GGTGGACCACAGAAAGAGCCAAGATTGTTATTGTTAGTTTAA,CAG,GAG,4,6,TRUE,Q,E,V,P,NA,NA,NA
PRM_0246,GGPQKDPRLLLLV,GGTGGACCACAGAAAGATCCAAGATTGTTATTGTTAGTTTAA,CAG,GAT,4,6,TRUE,Q,D,V,P,NA,NA,NA
PRM_0246,GGPQKVPRLLLLV,GGTGGACCACAGAAAGTGCCAAGATTGTTATTGTTAGTTTAA,CAG,GTG,4,6,TRUE,Q,V,V,P,NA,NA,NA
PRM_0246,GGPQKVPRLLLLV,GGTGGACCACAGAAAGTTCCAAGATTGTTATTGTTAGTTTAA,CAG,GTT,4,6,TRUE,Q,V,V,P,NA,NA,NA
PRM_0246,GGPQKGPRLLLLV,GGTGGACCACAGAAAGGGCCAAGATTGTTATTGTTAGTTTAA,CAG,GGG,4,6,TRUE,Q,G,V,P,NA,NA,NA
PRM_0246,GGPQKGPRLLLLV,GGTGGACCACAGAAAGGTCCAAGATTGTTATTGTTAGTTTAA,CAG,GGT,4,6,TRUE,Q,G,V,P,NA,NA,NA
PRM_0246,GGPQKAPRLLLLV,GGTGGACCACAGAAAGCGCCAAGATTGTTATTGTTAGTTTAA,CAG,GCG,4,6,TRUE,Q,A,V,P,NA,NA,NA
PRM_0246,GGPQKAPRLLLLV,GGTGGACCACAGAAAGCTCCAAGATTGTTATTGTTAGTTTAA,CAG,GCT,4,6,TRUE,Q,A,V,P,NA,NA,NA
PRM_0246,GGPQKQPRLLLLV,GGTGGACCACAGAAACAGCCAAGATTGTTATTGTTAGTTTAA,CAG,CAG,4,6,TRUE,Q,Q,V,P,NA,NA,NA
PRM_0246,GGPQKHPRLLLLV,GGTGGACCACAGAAACATCCAAGATTGTTATTGTTAGTTTAA,CAG,CAT,4,6,TRUE,Q,H,V,P,NA,NA,NA
PRM_0246,GGPQKLPRLLLLV,GGTGGACCACAGAAACTGCCAAGATTGTTATTGTTAGTTTAA,CAG,CTG,4,6,TRUE,Q,L,V,P,NA,NA,NA
PRM_0246,GGPQKLPRLLLLV,GGTGGACCACAGAAACTTCCAAGATTGTTATTGTTAGTTTAA,CAG,CTT,4,6,TRUE,Q,L,V,P,NA,NA,NA
PRM_0246,GGPQKRPRLLLLV,GGTGGACCACAGAAACGGCCAAGATTGTTATTGTTAGTTTAA,CAG,CGG,4,6,TRUE,Q,R,V,P,NA,NA,NA
PRM_0246,GGPQKRPRLLLLV,GGTGGACCACAGAAACGTCCAAGATTGTTATTGTTAGTTTAA,CAG,CGT,4,6,TRUE,Q,R,V,P,NA,NA,NA
PRM_0246,GGPQKPPRLLLLV,GGTGGACCACAGAAACCGCCAAGATTGTTATTGTTAGTTTAA,CAG,CCG,4,6,TRUE,Q,P,V,P,NA,NA,NA
PRM_0246,GGPQKPPRLLLLV,GGTGGACCACAGAAACCTCCAAGATTGTTATTGTTAGTTTAA,CAG,CCT,4,6,TRUE,Q,P,V,P,NA,NA,NA
PRM_0246,GGPHKKPRLLLLV,GGTGGACCACATAAAAAGCCAAGATTGTTATTGTTAGTTTAA,CAT,AAG,4,6,TRUE,H,K,V,P,NA,NA,NA
PRM_0246,GGPHKNPRLLLLV,GGTGGACCACATAAAAATCCAAGATTGTTATTGTTAGTTTAA,CAT,AAT,4,6,TRUE,H,N,V,P,NA,NA,NA
PRM_0246,GGPHKMPRLLLLV,GGTGGACCACATAAAATGCCAAGATTGTTATTGTTAGTTTAA,CAT,ATG,4,6,TRUE,H,M,V,P,NA,NA,NA
PRM_0246,GGPHKIPRLLLLV,GGTGGACCACATAAAATTCCAAGATTGTTATTGTTAGTTTAA,CAT,ATT,4,6,TRUE,H,I,V,P,NA,NA,NA
PRM_0246,GGPHKRPRLLLLV,GGTGGACCACATAAAAGGCCAAGATTGTTATTGTTAGTTTAA,CAT,AGG,4,6,TRUE,H,R,V,P,NA,NA,NA
PRM_0246,GGPHKSPRLLLLV,GGTGGACCACATAAAAGTCCAAGATTGTTATTGTTAGTTTAA,CAT,AGT,4,6,TRUE,H,S,V,P,NA,NA,NA
PRM_0246,GGPHKTPRLLLLV,GGTGGACCACATAAAACGCCAAGATTGTTATTGTTAGTTTAA,CAT,ACG,4,6,TRUE,H,T,V,P,NA,NA,NA
PRM_0246,GGPHKTPRLLLLV,GGTGGACCACATAAAACTCCAAGATTGTTATTGTTAGTTTAA,CAT,ACT,4,6,TRUE,H,T,V,P,NA,NA,NA
PRM_0246,GGPHK*PRLLLLV,GGTGGACCACATAAATAGCCAAGATTGTTATTGTTAGTTTAA,CAT,TAG,4,6,TRUE,H,*,V,P,NA,NA,NA
PRM_0246,GGPHKYPRLLLLV,GGTGGACCACATAAATATCCAAGATTGTTATTGTTAGTTTAA,CAT,TAT,4,6,TRUE,H,Y,V,P,NA,NA,NA
PRM_0246,GGPHKLPRLLLLV,GGTGGACCACATAAATTGCCAAGATTGTTATTGTTAGTTTAA,CAT,TTG,4,6,TRUE,H,L,V,P,NA,NA,NA
PRM_0246,GGPHKFPRLLLLV,GGTGGACCACATAAATTTCCAAGATTGTTATTGTTAGTTTAA,CAT,TTT,4,6,TRUE,H,F,V,P,NA,NA,NA
PRM_0246,GGPHKWPRLLLLV,GGTGGACCACATAAATGGCCAAGATTGTTATTGTTAGTTTAA,CAT,TGG,4,6,TRUE,H,W,V,P,NA,NA,NA
PRM_0246,GGPHKCPRLLLLV,GGTGGACCACATAAATGTCCAAGATTGTTATTGTTAGTTTAA,CAT,TGT,4,6,TRUE,H,C,V,P,NA,NA,NA
PRM_0246,GGPHKSPRLLLLV,GGTGGACCACATAAATCGCCAAGATTGTTATTGTTAGTTTAA,CAT,TCG,4,6,TRUE,H,S,V,P,NA,NA,NA
PRM_0246,GGPHKSPRLLLLV,GGTGGACCACATAAATCTCCAAGATTGTTATTGTTAGTTTAA,CAT,TCT,4,6,TRUE,H,S,V,P,NA,NA,NA
PRM_0246,GGPHKEPRLLLLV,GGTGGACCACATAAAGAGCCAAGATTGTTATTGTTAGTTTAA,CAT,GAG,4,6,TRUE,H,E,V,P,NA,NA,NA
PRM_0246,GGPHKDPRLLLLV,GGTGGACCACATAAAGATCCAAGATTGTTATTGTTAGTTTAA,CAT,GAT,4,6,TRUE,H,D,V,P,NA,NA,NA
PRM_0246,GGPHKVPRLLLLV,GGTGGACCACATAAAGTGCCAAGATTGTTATTGTTAGTTTAA,CAT,GTG,4,6,TRUE,H,V,V,P,NA,NA,NA
PRM_0246,GGPHKVPRLLLLV,GGTGGACCACATAAAGTTCCAAGATTGTTATTGTTAGTTTAA,CAT,GTT,4,6,TRUE,H,V,V,P,NA,NA,NA
PRM_0246,GGPHKGPRLLLLV,GGTGGACCACATAAAGGGCCAAGATTGTTATTGTTAGTTTAA,CAT,GGG,4,6,TRUE,H,G,V,P,NA,NA,NA
PRM_0246,GGPHKGPRLLLLV,GGTGGACCACATAAAGGTCCAAGATTGTTATTGTTAGTTTAA,CAT,GGT,4,6,TRUE,H,G,V,P,NA,NA,NA
PRM_0246,GGPHKAPRLLLLV,GGTGGACCACATAAAGCGCCAAGATTGTTATTGTTAGTTTAA,CAT,GCG,4,6,TRUE,H,A,V,P,NA,NA,NA
PRM_0246,GGPHKAPRLLLLV,GGTGGACCACATAAAGCTCCAAGATTGTTATTGTTAGTTTAA,CAT,GCT,4,6,TRUE,H,A,V,P,NA,NA,NA
PRM_0246,GGPHKQPRLLLLV,GGTGGACCACATAAACAGCCAAGATTGTTATTGTTAGTTTAA,CAT,CAG,4,6,TRUE,H,Q,V,P,NA,NA,NA
PRM_0246,GGPHKHPRLLLLV,GGTGGACCACATAAACATCCAAGATTGTTATTGTTAGTTTAA,CAT,CAT,4,6,TRUE,H,H,V,P,NA,NA,NA
PRM_0246,GGPHKLPRLLLLV,GGTGGACCACATAAACTGCCAAGATTGTTATTGTTAGTTTAA,CAT,CTG,4,6,TRUE,H,L,V,P,NA,NA,NA
PRM_0246,GGPHKLPRLLLLV,GGTGGACCACATAAACTTCCAAGATTGTTATTGTTAGTTTAA,CAT,CTT,4,6,TRUE,H,L,V,P,NA,NA,NA
PRM_0246,GGPHKRPRLLLLV,GGTGGACCACATAAACGGCCAAGATTGTTATTGTTAGTTTAA,CAT,CGG,4,6,TRUE,H,R,V,P,NA,NA,NA
PRM_0246,GGPHKRPRLLLLV,GGTGGACCACATAAACGTCCAAGATTGTTATTGTTAGTTTAA,CAT,CGT,4,6,TRUE,H,R,V,P,NA,NA,NA
PRM_0246,GGPHKPPRLLLLV,GGTGGACCACATAAACCGCCAAGATTGTTATTGTTAGTTTAA,CAT,CCG,4,6,TRUE,H,P,V,P,NA,NA,NA
PRM_0246,GGPHKPPRLLLLV,GGTGGACCACATAAACCTCCAAGATTGTTATTGTTAGTTTAA,CAT,CCT,4,6,TRUE,H,P,V,P,NA,NA,NA
PRM_0246,GGPLKKPRLLLLV,GGTGGACCACTGAAAAAGCCAAGATTGTTATTGTTAGTTTAA,CTG,AAG,4,6,TRUE,L,K,V,P,NA,NA,NA
PRM_0246,GGPLKNPRLLLLV,GGTGGACCACTGAAAAATCCAAGATTGTTATTGTTAGTTTAA,CTG,AAT,4,6,TRUE,L,N,V,P,NA,NA,NA
PRM_0246,GGPLKMPRLLLLV,GGTGGACCACTGAAAATGCCAAGATTGTTATTGTTAGTTTAA,CTG,ATG,4,6,TRUE,L,M,V,P,NA,NA,NA
PRM_0246,GGPLKIPRLLLLV,GGTGGACCACTGAAAATTCCAAGATTGTTATTGTTAGTTTAA,CTG,ATT,4,6,TRUE,L,I,V,P,NA,NA,NA
PRM_0246,GGPLKRPRLLLLV,GGTGGACCACTGAAAAGGCCAAGATTGTTATTGTTAGTTTAA,CTG,AGG,4,6,TRUE,L,R,V,P,NA,NA,NA
PRM_0246,GGPLKSPRLLLLV,GGTGGACCACTGAAAAGTCCAAGATTGTTATTGTTAGTTTAA,CTG,AGT,4,6,TRUE,L,S,V,P,NA,NA,NA
PRM_0246,GGPLKTPRLLLLV,GGTGGACCACTGAAAACGCCAAGATTGTTATTGTTAGTTTAA,CTG,ACG,4,6,TRUE,L,T,V,P,NA,NA,NA
PRM_0246,GGPLKTPRLLLLV,GGTGGACCACTGAAAACTCCAAGATTGTTATTGTTAGTTTAA,CTG,ACT,4,6,TRUE,L,T,V,P,NA,NA,NA
PRM_0246,GGPLK*PRLLLLV,GGTGGACCACTGAAATAGCCAAGATTGTTATTGTTAGTTTAA,CTG,TAG,4,6,TRUE,L,*,V,P,NA,NA,NA
PRM_0246,GGPLKYPRLLLLV,GGTGGACCACTGAAATATCCAAGATTGTTATTGTTAGTTTAA,CTG,TAT,4,6,TRUE,L,Y,V,P,NA,NA,NA
PRM_0246,GGPLKLPRLLLLV,GGTGGACCACTGAAATTGCCAAGATTGTTATTGTTAGTTTAA,CTG,TTG,4,6,TRUE,L,L,V,P,NA,NA,NA
PRM_0246,GGPLKFPRLLLLV,GGTGGACCACTGAAATTTCCAAGATTGTTATTGTTAGTTTAA,CTG,TTT,4,6,TRUE,L,F,V,P,NA,NA,NA
PRM_0246,GGPLKWPRLLLLV,GGTGGACCACTGAAATGGCCAAGATTGTTATTGTTAGTTTAA,CTG,TGG,4,6,TRUE,L,W,V,P,NA,NA,NA
PRM_0246,GGPLKCPRLLLLV,GGTGGACCACTGAAATGTCCAAGATTGTTATTGTTAGTTTAA,CTG,TGT,4,6,TRUE,L,C,V,P,NA,NA,NA
PRM_0246,GGPLKSPRLLLLV,GGTGGACCACTGAAATCGCCAAGATTGTTATTGTTAGTTTAA,CTG,TCG,4,6,TRUE,L,S,V,P,NA,NA,NA
PRM_0246,GGPLKSPRLLLLV,GGTGGACCACTGAAATCTCCAAGATTGTTATTGTTAGTTTAA,CTG,TCT,4,6,TRUE,L,S,V,P,NA,NA,NA
PRM_0246,GGPLKEPRLLLLV,GGTGGACCACTGAAAGAGCCAAGATTGTTATTGTTAGTTTAA,CTG,GAG,4,6,TRUE,L,E,V,P,NA,NA,NA
PRM_0246,GGPLKDPRLLLLV,GGTGGACCACTGAAAGATCCAAGATTGTTATTGTTAGTTTAA,CTG,GAT,4,6,TRUE,L,D,V,P,NA,NA,NA
PRM_0246,GGPLKVPRLLLLV,GGTGGACCACTGAAAGTGCCAAGATTGTTATTGTTAGTTTAA,CTG,GTG,4,6,TRUE,L,V,V,P,NA,NA,NA
PRM_0246,GGPLKVPRLLLLV,GGTGGACCACTGAAAGTTCCAAGATTGTTATTGTTAGTTTAA,CTG,GTT,4,6,TRUE,L,V,V,P,NA,NA,NA
PRM_0246,GGPLKGPRLLLLV,GGTGGACCACTGAAAGGGCCAAGATTGTTATTGTTAGTTTAA,CTG,GGG,4,6,TRUE,L,G,V,P,NA,NA,NA
PRM_0246,GGPLKGPRLLLLV,GGTGGACCACTGAAAGGTCCAAGATTGTTATTGTTAGTTTAA,CTG,GGT,4,6,TRUE,L,G,V,P,NA,NA,NA
PRM_0246,GGPLKAPRLLLLV,GGTGGACCACTGAAAGCGCCAAGATTGTTATTGTTAGTTTAA,CTG,GCG,4,6,TRUE,L,A,V,P,NA,NA,NA
PRM_0246,GGPLKAPRLLLLV,GGTGGACCACTGAAAGCTCCAAGATTGTTATTGTTAGTTTAA,CTG,GCT,4,6,TRUE,L,A,V,P,NA,NA,NA
PRM_0246,GGPLKQPRLLLLV,GGTGGACCACTGAAACAGCCAAGATTGTTATTGTTAGTTTAA,CTG,CAG,4,6,TRUE,L,Q,V,P,NA,NA,NA
PRM_0246,GGPLKHPRLLLLV,GGTGGACCACTGAAACATCCAAGATTGTTATTGTTAGTTTAA,CTG,CAT,4,6,TRUE,L,H,V,P,NA,NA,NA
PRM_0246,GGPLKLPRLLLLV,GGTGGACCACTGAAACTGCCAAGATTGTTATTGTTAGTTTAA,CTG,CTG,4,6,TRUE,L,L,V,P,NA,NA,NA
PRM_0246,GGPLKLPRLLLLV,GGTGGACCACTGAAACTTCCAAGATTGTTATTGTTAGTTTAA,CTG,CTT,4,6,TRUE,L,L,V,P,NA,NA,NA
PRM_0246,GGPLKRPRLLLLV,GGTGGACCACTGAAACGGCCAAGATTGTTATTGTTAGTTTAA,CTG,CGG,4,6,TRUE,L,R,V,P,NA,NA,NA
PRM_0246,GGPLKRPRLLLLV,GGTGGACCACTGAAACGTCCAAGATTGTTATTGTTAGTTTAA,CTG,CGT,4,6,TRUE,L,R,V,P,NA,NA,NA
PRM_0246,GGPLKPPRLLLLV,GGTGGACCACTGAAACCGCCAAGATTGTTATTGTTAGTTTAA,CTG,CCG,4,6,TRUE,L,P,V,P,NA,NA,NA
PRM_0246,GGPLKPPRLLLLV,GGTGGACCACTGAAACCTCCAAGATTGTTATTGTTAGTTTAA,CTG,CCT,4,6,TRUE,L,P,V,P,NA,NA,NA
PRM_0246,GGPLKKPRLLLLV,GGTGGACCACTTAAAAAGCCAAGATTGTTATTGTTAGTTTAA,CTT,AAG,4,6,TRUE,L,K,V,P,NA,NA,NA
PRM_0246,GGPLKNPRLLLLV,GGTGGACCACTTAAAAATCCAAGATTGTTATTGTTAGTTTAA,CTT,AAT,4,6,TRUE,L,N,V,P,NA,NA,NA
PRM_0246,GGPLKMPRLLLLV,GGTGGACCACTTAAAATGCCAAGATTGTTATTGTTAGTTTAA,CTT,ATG,4,6,TRUE,L,M,V,P,NA,NA,NA
PRM_0246,GGPLKIPRLLLLV,GGTGGACCACTTAAAATTCCAAGATTGTTATTGTTAGTTTAA,CTT,ATT,4,6,TRUE,L,I,V,P,NA,NA,NA
PRM_0246,GGPLKRPRLLLLV,GGTGGACCACTTAAAAGGCCAAGATTGTTATTGTTAGTTTAA,CTT,AGG,4,6,TRUE,L,R,V,P,NA,NA,NA
PRM_0246,GGPLKSPRLLLLV,GGTGGACCACTTAAAAGTCCAAGATTGTTATTGTTAGTTTAA,CTT,AGT,4,6,TRUE,L,S,V,P,NA,NA,NA
PRM_0246,GGPLKTPRLLLLV,GGTGGACCACTTAAAACGCCAAGATTGTTATTGTTAGTTTAA,CTT,ACG,4,6,TRUE,L,T,V,P,NA,NA,NA
PRM_0246,GGPLKTPRLLLLV,GGTGGACCACTTAAAACTCCAAGATTGTTATTGTTAGTTTAA,CTT,ACT,4,6,TRUE,L,T,V,P,NA,NA,NA
PRM_0246,GGPLK*PRLLLLV,GGTGGACCACTTAAATAGCCAAGATTGTTATTGTTAGTTTAA,CTT,TAG,4,6,TRUE,L,*,V,P,NA,NA,NA
PRM_0246,GGPLKYPRLLLLV,GGTGGACCACTTAAATATCCAAGATTGTTATTGTTAGTTTAA,CTT,TAT,4,6,TRUE,L,Y,V,P,NA,NA,NA
PRM_0246,GGPLKLPRLLLLV,GGTGGACCACTTAAATTGCCAAGATTGTTATTGTTAGTTTAA,CTT,TTG,4,6,TRUE,L,L,V,P,NA,NA,NA
PRM_0246,GGPLKFPRLLLLV,GGTGGACCACTTAAATTTCCAAGATTGTTATTGTTAGTTTAA,CTT,TTT,4,6,TRUE,L,F,V,P,NA,NA,NA
PRM_0246,GGPLKWPRLLLLV,GGTGGACCACTTAAATGGCCAAGATTGTTATTGTTAGTTTAA,CTT,TGG,4,6,TRUE,L,W,V,P,NA,NA,NA
PRM_0246,GGPLKCPRLLLLV,GGTGGACCACTTAAATGTCCAAGATTGTTATTGTTAGTTTAA,CTT,TGT,4,6,TRUE,L,C,V,P,NA,NA,NA
PRM_0246,GGPLKSPRLLLLV,GGTGGACCACTTAAATCGCCAAGATTGTTATTGTTAGTTTAA,CTT,TCG,4,6,TRUE,L,S,V,P,NA,NA,NA
PRM_0246,GGPLKSPRLLLLV,GGTGGACCACTTAAATCTCCAAGATTGTTATTGTTAGTTTAA,CTT,TCT,4,6,TRUE,L,S,V,P,NA,NA,NA
PRM_0246,GGPLKEPRLLLLV,GGTGGACCACTTAAAGAGCCAAGATTGTTATTGTTAGTTTAA,CTT,GAG,4,6,TRUE,L,E,V,P,NA,NA,NA
PRM_0246,GGPLKDPRLLLLV,GGTGGACCACTTAAAGATCCAAGATTGTTATTGTTAGTTTAA,CTT,GAT,4,6,TRUE,L,D,V,P,NA,NA,NA
PRM_0246,GGPLKVPRLLLLV,GGTGGACCACTTAAAGTGCCAAGATTGTTATTGTTAGTTTAA,CTT,GTG,4,6,TRUE,L,V,V,P,NA,NA,NA
PRM_0246,GGPLKVPRLLLLV,GGTGGACCACTTAAAGTTCCAAGATTGTTATTGTTAGTTTAA,CTT,GTT,4,6,TRUE,L,V,V,P,NA,NA,NA
PRM_0246,GGPLKGPRLLLLV,GGTGGACCACTTAAAGGGCCAAGATTGTTATTGTTAGTTTAA,CTT,GGG,4,6,TRUE,L,G,V,P,NA,NA,NA
PRM_0246,GGPLKGPRLLLLV,GGTGGACCACTTAAAGGTCCAAGATTGTTATTGTTAGTTTAA,CTT,GGT,4,6,TRUE,L,G,V,P,NA,NA,NA
PRM_0246,GGPLKAPRLLLLV,GGTGGACCACTTAAAGCGCCAAGATTGTTATTGTTAGTTTAA,CTT,GCG,4,6,TRUE,L,A,V,P,NA,NA,NA
PRM_0246,GGPLKAPRLLLLV,GGTGGACCACTTAAAGCTCCAAGATTGTTATTGTTAGTTTAA,CTT,GCT,4,6,TRUE,L,A,V,P,NA,NA,NA
PRM_0246,GGPLKQPRLLLLV,GGTGGACCACTTAAACAGCCAAGATTGTTATTGTTAGTTTAA,CTT,CAG,4,6,TRUE,L,Q,V,P,NA,NA,NA
PRM_0246,GGPLKHPRLLLLV,GGTGGACCACTTAAACATCCAAGATTGTTATTGTTAGTTTAA,CTT,CAT,4,6,TRUE,L,H,V,P,NA,NA,NA
PRM_0246,GGPLKLPRLLLLV,GGTGGACCACTTAAACTGCCAAGATTGTTATTGTTAGTTTAA,CTT,CTG,4,6,TRUE,L,L,V,P,NA,NA,NA
PRM_0246,GGPLKLPRLLLLV,GGTGGACCACTTAAACTTCCAAGATTGTTATTGTTAGTTTAA,CTT,CTT,4,6,TRUE,L,L,V,P,NA,NA,NA
PRM_0246,GGPLKRPRLLLLV,GGTGGACCACTTAAACGGCCAAGATTGTTATTGTTAGTTTAA,CTT,CGG,4,6,TRUE,L,R,V,P,NA,NA,NA
PRM_0246,GGPLKRPRLLLLV,GGTGGACCACTTAAACGTCCAAGATTGTTATTGTTAGTTTAA,CTT,CGT,4,6,TRUE,L,R,V,P,NA,NA,NA
PRM_0246,GGPLKPPRLLLLV,GGTGGACCACTTAAACCGCCAAGATTGTTATTGTTAGTTTAA,CTT,CCG,4,6,TRUE,L,P,V,P,NA,NA,NA
PRM_0246,GGPLKPPRLLLLV,GGTGGACCACTTAAACCTCCAAGATTGTTATTGTTAGTTTAA,CTT,CCT,4,6,TRUE,L,P,V,P,NA,NA,NA
PRM_0246,GGPRKKPRLLLLV,GGTGGACCACGGAAAAAGCCAAGATTGTTATTGTTAGTTTAA,CGG,AAG,4,6,TRUE,R,K,V,P,NA,NA,NA
PRM_0246,GGPRKNPRLLLLV,GGTGGACCACGGAAAAATCCAAGATTGTTATTGTTAGTTTAA,CGG,AAT,4,6,TRUE,R,N,V,P,NA,NA,NA
PRM_0246,GGPRKMPRLLLLV,GGTGGACCACGGAAAATGCCAAGATTGTTATTGTTAGTTTAA,CGG,ATG,4,6,TRUE,R,M,V,P,NA,NA,NA
PRM_0246,GGPRKIPRLLLLV,GGTGGACCACGGAAAATTCCAAGATTGTTATTGTTAGTTTAA,CGG,ATT,4,6,TRUE,R,I,V,P,NA,NA,NA
PRM_0246,GGPRKRPRLLLLV,GGTGGACCACGGAAAAGGCCAAGATTGTTATTGTTAGTTTAA,CGG,AGG,4,6,TRUE,R,R,V,P,NA,NA,NA
PRM_0246,GGPRKSPRLLLLV,GGTGGACCACGGAAAAGTCCAAGATTGTTATTGTTAGTTTAA,CGG,AGT,4,6,TRUE,R,S,V,P,NA,NA,NA
PRM_0246,GGPRKTPRLLLLV,GGTGGACCACGGAAAACGCCAAGATTGTTATTGTTAGTTTAA,CGG,ACG,4,6,TRUE,R,T,V,P,NA,NA,NA
PRM_0246,GGPRKTPRLLLLV,GGTGGACCACGGAAAACTCCAAGATTGTTATTGTTAGTTTAA,CGG,ACT,4,6,TRUE,R,T,V,P,NA,NA,NA
PRM_0246,GGPRK*PRLLLLV,GGTGGACCACGGAAATAGCCAAGATTGTTATTGTTAGTTTAA,CGG,TAG,4,6,TRUE,R,*,V,P,NA,NA,NA
PRM_0246,GGPRKYPRLLLLV,GGTGGACCACGGAAATATCCAAGATTGTTATTGTTAGTTTAA,CGG,TAT,4,6,TRUE,R,Y,V,P,NA,NA,NA
PRM_0246,GGPRKLPRLLLLV,GGTGGACCACGGAAATTGCCAAGATTGTTATTGTTAGTTTAA,CGG,TTG,4,6,TRUE,R,L,V,P,NA,NA,NA
PRM_0246,GGPRKFPRLLLLV,GGTGGACCACGGAAATTTCCAAGATTGTTATTGTTAGTTTAA,CGG,TTT,4,6,TRUE,R,F,V,P,NA,NA,NA
PRM_0246,GGPRKWPRLLLLV,GGTGGACCACGGAAATGGCCAAGATTGTTATTGTTAGTTTAA,CGG,TGG,4,6,TRUE,R,W,V,P,NA,NA,NA
PRM_0246,GGPRKCPRLLLLV,GGTGGACCACGGAAATGTCCAAGATTGTTATTGTTAGTTTAA,CGG,TGT,4,6,TRUE,R,C,V,P,NA,NA,NA
PRM_0246,GGPRKSPRLLLLV,GGTGGACCACGGAAATCGCCAAGATTGTTATTGTTAGTTTAA,CGG,TCG,4,6,TRUE,R,S,V,P,NA,NA,NA
PRM_0246,GGPRKSPRLLLLV,GGTGGACCACGGAAATCTCCAAGATTGTTATTGTTAGTTTAA,CGG,TCT,4,6,TRUE,R,S,V,P,NA,NA,NA
PRM_0246,GGPRKEPRLLLLV,GGTGGACCACGGAAAGAGCCAAGATTGTTATTGTTAGTTTAA,CGG,GAG,4,6,TRUE,R,E,V,P,NA,NA,NA
PRM_0246,GGPRKDPRLLLLV,GGTGGACCACGGAAAGATCCAAGATTGTTATTGTTAGTTTAA,CGG,GAT,4,6,TRUE,R,D,V,P,NA,NA,NA
PRM_0246,GGPRKVPRLLLLV,GGTGGACCACGGAAAGTGCCAAGATTGTTATTGTTAGTTTAA,CGG,GTG,4,6,TRUE,R,V,V,P,NA,NA,NA
PRM_0246,GGPRKVPRLLLLV,GGTGGACCACGGAAAGTTCCAAGATTGTTATTGTTAGTTTAA,CGG,GTT,4,6,TRUE,R,V,V,P,NA,NA,NA
PRM_0246,GGPRKGPRLLLLV,GGTGGACCACGGAAAGGGCCAAGATTGTTATTGTTAGTTTAA,CGG,GGG,4,6,TRUE,R,G,V,P,NA,NA,NA
PRM_0246,GGPRKGPRLLLLV,GGTGGACCACGGAAAGGTCCAAGATTGTTATTGTTAGTTTAA,CGG,GGT,4,6,TRUE,R,G,V,P,NA,NA,NA
PRM_0246,GGPRKAPRLLLLV,GGTGGACCACGGAAAGCGCCAAGATTGTTATTGTTAGTTTAA,CGG,GCG,4,6,TRUE,R,A,V,P,NA,NA,NA
PRM_0246,GGPRKAPRLLLLV,GGTGGACCACGGAAAGCTCCAAGATTGTTATTGTTAGTTTAA,CGG,GCT,4,6,TRUE,R,A,V,P,NA,NA,NA
PRM_0246,GGPRKQPRLLLLV,GGTGGACCACGGAAACAGCCAAGATTGTTATTGTTAGTTTAA,CGG,CAG,4,6,TRUE,R,Q,V,P,NA,NA,NA
PRM_0246,GGPRKHPRLLLLV,GGTGGACCACGGAAACATCCAAGATTGTTATTGTTAGTTTAA,CGG,CAT,4,6,TRUE,R,H,V,P,NA,NA,NA
PRM_0246,GGPRKLPRLLLLV,GGTGGACCACGGAAACTGCCAAGATTGTTATTGTTAGTTTAA,CGG,CTG,4,6,TRUE,R,L,V,P,NA,NA,NA
PRM_0246,GGPRKLPRLLLLV,GGTGGACCACGGAAACTTCCAAGATTGTTATTGTTAGTTTAA,CGG,CTT,4,6,TRUE,R,L,V,P,NA,NA,NA
PRM_0246,GGPRKRPRLLLLV,GGTGGACCACGGAAACGGCCAAGATTGTTATTGTTAGTTTAA,CGG,CGG,4,6,TRUE,R,R,V,P,NA,NA,NA
PRM_0246,GGPRKRPRLLLLV,GGTGGACCACGGAAACGTCCAAGATTGTTATTGTTAGTTTAA,CGG,CGT,4,6,TRUE,R,R,V,P,NA,NA,NA
PRM_0246,GGPRKPPRLLLLV,GGTGGACCACGGAAACCGCCAAGATTGTTATTGTTAGTTTAA,CGG,CCG,4,6,TRUE,R,P,V,P,NA,NA,NA
PRM_0246,GGPRKPPRLLLLV,GGTGGACCACGGAAACCTCCAAGATTGTTATTGTTAGTTTAA,CGG,CCT,4,6,TRUE,R,P,V,P,NA,NA,NA
PRM_0246,GGPRKKPRLLLLV,GGTGGACCACGTAAAAAGCCAAGATTGTTATTGTTAGTTTAA,CGT,AAG,4,6,TRUE,R,K,V,P,NA,NA,NA
PRM_0246,GGPRKNPRLLLLV,GGTGGACCACGTAAAAATCCAAGATTGTTATTGTTAGTTTAA,CGT,AAT,4,6,TRUE,R,N,V,P,NA,NA,NA
PRM_0246,GGPRKMPRLLLLV,GGTGGACCACGTAAAATGCCAAGATTGTTATTGTTAGTTTAA,CGT,ATG,4,6,TRUE,R,M,V,P,NA,NA,NA
PRM_0246,GGPRKIPRLLLLV,GGTGGACCACGTAAAATTCCAAGATTGTTATTGTTAGTTTAA,CGT,ATT,4,6,TRUE,R,I,V,P,NA,NA,NA
PRM_0246,GGPRKRPRLLLLV,GGTGGACCACGTAAAAGGCCAAGATTGTTATTGTTAGTTTAA,CGT,AGG,4,6,TRUE,R,R,V,P,NA,NA,NA
PRM_0246,GGPRKSPRLLLLV,GGTGGACCACGTAAAAGTCCAAGATTGTTATTGTTAGTTTAA,CGT,AGT,4,6,TRUE,R,S,V,P,NA,NA,NA
PRM_0246,GGPRKTPRLLLLV,GGTGGACCACGTAAAACGCCAAGATTGTTATTGTTAGTTTAA,CGT,ACG,4,6,TRUE,R,T,V,P,NA,NA,NA
PRM_0246,GGPRKTPRLLLLV,GGTGGACCACGTAAAACTCCAAGATTGTTATTGTTAGTTTAA,CGT,ACT,4,6,TRUE,R,T,V,P,NA,NA,NA
PRM_0246,GGPRK*PRLLLLV,GGTGGACCACGTAAATAGCCAAGATTGTTATTGTTAGTTTAA,CGT,TAG,4,6,TRUE,R,*,V,P,NA,NA,NA
PRM_0246,GGPRKYPRLLLLV,GGTGGACCACGTAAATATCCAAGATTGTTATTGTTAGTTTAA,CGT,TAT,4,6,TRUE,R,Y,V,P,NA,NA,NA
PRM_0246,GGPRKLPRLLLLV,GGTGGACCACGTAAATTGCCAAGATTGTTATTGTTAGTTTAA,CGT,TTG,4,6,TRUE,R,L,V,P,NA,NA,NA
PRM_0246,GGPRKFPRLLLLV,GGTGGACCACGTAAATTTCCAAGATTGTTATTGTTAGTTTAA,CGT,TTT,4,6,TRUE,R,F,V,P,NA,NA,NA
PRM_0246,GGPRKWPRLLLLV,GGTGGACCACGTAAATGGCCAAGATTGTTATTGTTAGTTTAA,CGT,TGG,4,6,TRUE,R,W,V,P,NA,NA,NA
PRM_0246,GGPRKCPRLLLLV,GGTGGACCACGTAAATGTCCAAGATTGTTATTGTTAGTTTAA,CGT,TGT,4,6,TRUE,R,C,V,P,NA,NA,NA
PRM_0246,GGPRKSPRLLLLV,GGTGGACCACGTAAATCGCCAAGATTGTTATTGTTAGTTTAA,CGT,TCG,4,6,TRUE,R,S,V,P,NA,NA,NA
PRM_0246,GGPRKSPRLLLLV,GGTGGACCACGTAAATCTCCAAGATTGTTATTGTTAGTTTAA,CGT,TCT,4,6,TRUE,R,S,V,P,NA,NA,NA
PRM_0246,GGPRKEPRLLLLV,GGTGGACCACGTAAAGAGCCAAGATTGTTATTGTTAGTTTAA,CGT,GAG,4,6,TRUE,R,E,V,P,NA,NA,NA
PRM_0246,GGPRKDPRLLLLV,GGTGGACCACGTAAAGATCCAAGATTGTTATTGTTAGTTTAA,CGT,GAT,4,6,TRUE,R,D,V,P,NA,NA,NA
PRM_0246,GGPRKVPRLLLLV,GGTGGACCACGTAAAGTGCCAAGATTGTTATTGTTAGTTTAA,CGT,GTG,4,6,TRUE,R,V,V,P,NA,NA,NA
PRM_0246,GGPRKVPRLLLLV,GGTGGACCACGTAAAGTTCCAAGATTGTTATTGTTAGTTTAA,CGT,GTT,4,6,TRUE,R,V,V,P,NA,NA,NA
PRM_0246,GGPRKGPRLLLLV,GGTGGACCACGTAAAGGGCCAAGATTGTTATTGTTAGTTTAA,CGT,GGG,4,6,TRUE,R,G,V,P,NA,NA,NA
PRM_0246,GGPRKGPRLLLLV,GGTGGACCACGTAAAGGTCCAAGATTGTTATTGTTAGTTTAA,CGT,GGT,4,6,TRUE,R,G,V,P,NA,NA,NA
PRM_0246,GGPRKAPRLLLLV,GGTGGACCACGTAAAGCGCCAAGATTGTTATTGTTAGTTTAA,CGT,GCG,4,6,TRUE,R,A,V,P,NA,NA,NA
PRM_0246,GGPRKAPRLLLLV,GGTGGACCACGTAAAGCTCCAAGATTGTTATTGTTAGTTTAA,CGT,GCT,4,6,TRUE,R,A,V,P,NA,NA,NA
PRM_0246,GGPRKQPRLLLLV,GGTGGACCACGTAAACAGCCAAGATTGTTATTGTTAGTTTAA,CGT,CAG,4,6,TRUE,R,Q,V,P,NA,NA,NA
PRM_0246,GGPRKHPRLLLLV,GGTGGACCACGTAAACATCCAAGATTGTTATTGTTAGTTTAA,CGT,CAT,4,6,TRUE,R,H,V,P,NA,NA,NA
PRM_0246,GGPRKLPRLLLLV,GGTGGACCACGTAAACTGCCAAGATTGTTATTGTTAGTTTAA,CGT,CTG,4,6,TRUE,R,L,V,P,NA,NA,NA
PRM_0246,GGPRKLPRLLLLV,GGTGGACCACGTAAACTTCCAAGATTGTTATTGTTAGTTTAA,CGT,CTT,4,6,TRUE,R,L,V,P,NA,NA,NA
PRM_0246,GGPRKRPRLLLLV,GGTGGACCACGTAAACGGCCAAGATTGTTATTGTTAGTTTAA,CGT,CGG,4,6,TRUE,R,R,V,P,NA,NA,NA
PRM_0246,GGPRKRPRLLLLV,GGTGGACCACGTAAACGTCCAAGATTGTTATTGTTAGTTTAA,CGT,CGT,4,6,TRUE,R,R,V,P,NA,NA,NA
PRM_0246,GGPRKPPRLLLLV,GGTGGACCACGTAAACCGCCAAGATTGTTATTGTTAGTTTAA,CGT,CCG,4,6,TRUE,R,P,V,P,NA,NA,NA
PRM_0246,GGPRKPPRLLLLV,GGTGGACCACGTAAACCTCCAAGATTGTTATTGTTAGTTTAA,CGT,CCT,4,6,TRUE,R,P,V,P,NA,NA,NA
PRM_0246,GGPPKKPRLLLLV,GGTGGACCACCGAAAAAGCCAAGATTGTTATTGTTAGTTTAA,CCG,AAG,4,6,TRUE,P,K,V,P,NA,NA,NA
PRM_0246,GGPPKNPRLLLLV,GGTGGACCACCGAAAAATCCAAGATTGTTATTGTTAGTTTAA,CCG,AAT,4,6,TRUE,P,N,V,P,NA,NA,NA
PRM_0246,GGPPKMPRLLLLV,GGTGGACCACCGAAAATGCCAAGATTGTTATTGTTAGTTTAA,CCG,ATG,4,6,TRUE,P,M,V,P,NA,NA,NA
PRM_0246,GGPPKIPRLLLLV,GGTGGACCACCGAAAATTCCAAGATTGTTATTGTTAGTTTAA,CCG,ATT,4,6,TRUE,P,I,V,P,NA,NA,NA
PRM_0246,GGPPKRPRLLLLV,GGTGGACCACCGAAAAGGCCAAGATTGTTATTGTTAGTTTAA,CCG,AGG,4,6,TRUE,P,R,V,P,NA,NA,NA
PRM_0246,GGPPKSPRLLLLV,GGTGGACCACCGAAAAGTCCAAGATTGTTATTGTTAGTTTAA,CCG,AGT,4,6,TRUE,P,S,V,P,NA,NA,NA
PRM_0246,GGPPKTPRLLLLV,GGTGGACCACCGAAAACGCCAAGATTGTTATTGTTAGTTTAA,CCG,ACG,4,6,TRUE,P,T,V,P,NA,NA,NA
PRM_0246,GGPPKTPRLLLLV,GGTGGACCACCGAAAACTCCAAGATTGTTATTGTTAGTTTAA,CCG,ACT,4,6,TRUE,P,T,V,P,NA,NA,NA
PRM_0246,GGPPK*PRLLLLV,GGTGGACCACCGAAATAGCCAAGATTGTTATTGTTAGTTTAA,CCG,TAG,4,6,TRUE,P,*,V,P,NA,NA,NA
PRM_0246,GGPPKYPRLLLLV,GGTGGACCACCGAAATATCCAAGATTGTTATTGTTAGTTTAA,CCG,TAT,4,6,TRUE,P,Y,V,P,NA,NA,NA
PRM_0246,GGPPKLPRLLLLV,GGTGGACCACCGAAATTGCCAAGATTGTTATTGTTAGTTTAA,CCG,TTG,4,6,TRUE,P,L,V,P,NA,NA,NA
PRM_0246,GGPPKFPRLLLLV,GGTGGACCACCGAAATTTCCAAGATTGTTATTGTTAGTTTAA,CCG,TTT,4,6,TRUE,P,F,V,P,NA,NA,NA
PRM_0246,GGPPKWPRLLLLV,GGTGGACCACCGAAATGGCCAAGATTGTTATTGTTAGTTTAA,CCG,TGG,4,6,TRUE,P,W,V,P,NA,NA,NA
PRM_0246,GGPPKCPRLLLLV,GGTGGACCACCGAAATGTCCAAGATTGTTATTGTTAGTTTAA,CCG,TGT,4,6,TRUE,P,C,V,P,NA,NA,NA
PRM_0246,GGPPKSPRLLLLV,GGTGGACCACCGAAATCGCCAAGATTGTTATTGTTAGTTTAA,CCG,TCG,4,6,TRUE,P,S,V,P,NA,NA,NA
PRM_0246,GGPPKSPRLLLLV,GGTGGACCACCGAAATCTCCAAGATTGTTATTGTTAGTTTAA,CCG,TCT,4,6,TRUE,P,S,V,P,NA,NA,NA
PRM_0246,GGPPKEPRLLLLV,GGTGGACCACCGAAAGAGCCAAGATTGTTATTGTTAGTTTAA,CCG,GAG,4,6,TRUE,P,E,V,P,NA,NA,NA
PRM_0246,GGPPKDPRLLLLV,GGTGGACCACCGAAAGATCCAAGATTGTTATTGTTAGTTTAA,CCG,GAT,4,6,TRUE,P,D,V,P,NA,NA,NA
PRM_0246,GGPPKVPRLLLLV,GGTGGACCACCGAAAGTGCCAAGATTGTTATTGTTAGTTTAA,CCG,GTG,4,6,TRUE,P,V,V,P,NA,NA,NA
PRM_0246,GGPPKVPRLLLLV,GGTGGACCACCGAAAGTTCCAAGATTGTTATTGTTAGTTTAA,CCG,GTT,4,6,TRUE,P,V,V,P,NA,NA,NA
PRM_0246,GGPPKGPRLLLLV,GGTGGACCACCGAAAGGGCCAAGATTGTTATTGTTAGTTTAA,CCG,GGG,4,6,TRUE,P,G,V,P,NA,NA,NA
PRM_0246,GGPPKGPRLLLLV,GGTGGACCACCGAAAGGTCCAAGATTGTTATTGTTAGTTTAA,CCG,GGT,4,6,TRUE,P,G,V,P,NA,NA,NA
PRM_0246,GGPPKAPRLLLLV,GGTGGACCACCGAAAGCGCCAAGATTGTTATTGTTAGTTTAA,CCG,GCG,4,6,TRUE,P,A,V,P,NA,NA,NA
PRM_0246,GGPPKAPRLLLLV,GGTGGACCACCGAAAGCTCCAAGATTGTTATTGTTAGTTTAA,CCG,GCT,4,6,TRUE,P,A,V,P,NA,NA,NA
PRM_0246,GGPPKQPRLLLLV,GGTGGACCACCGAAACAGCCAAGATTGTTATTGTTAGTTTAA,CCG,CAG,4,6,TRUE,P,Q,V,P,NA,NA,NA
PRM_0246,GGPPKHPRLLLLV,GGTGGACCACCGAAACATCCAAGATTGTTATTGTTAGTTTAA,CCG,CAT,4,6,TRUE,P,H,V,P,NA,NA,NA
PRM_0246,GGPPKLPRLLLLV,GGTGGACCACCGAAACTGCCAAGATTGTTATTGTTAGTTTAA,CCG,CTG,4,6,TRUE,P,L,V,P,NA,NA,NA
PRM_0246,GGPPKLPRLLLLV,GGTGGACCACCGAAACTTCCAAGATTGTTATTGTTAGTTTAA,CCG,CTT,4,6,TRUE,P,L,V,P,NA,NA,NA
PRM_0246,GGPPKRPRLLLLV,GGTGGACCACCGAAACGGCCAAGATTGTTATTGTTAGTTTAA,CCG,CGG,4,6,TRUE,P,R,V,P,NA,NA,NA
PRM_0246,GGPPKRPRLLLLV,GGTGGACCACCGAAACGTCCAAGATTGTTATTGTTAGTTTAA,CCG,CGT,4,6,TRUE,P,R,V,P,NA,NA,NA
PRM_0246,GGPPKPPRLLLLV,GGTGGACCACCGAAACCGCCAAGATTGTTATTGTTAGTTTAA,CCG,CCG,4,6,TRUE,P,P,V,P,NA,NA,NA
PRM_0246,GGPPKPPRLLLLV,GGTGGACCACCGAAACCTCCAAGATTGTTATTGTTAGTTTAA,CCG,CCT,4,6,TRUE,P,P,V,P,NA,NA,NA
PRM_0246,GGPPKKPRLLLLV,GGTGGACCACCTAAAAAGCCAAGATTGTTATTGTTAGTTTAA,CCT,AAG,4,6,TRUE,P,K,V,P,NA,NA,NA
PRM_0246,GGPPKNPRLLLLV,GGTGGACCACCTAAAAATCCAAGATTGTTATTGTTAGTTTAA,CCT,AAT,4,6,TRUE,P,N,V,P,NA,NA,NA
PRM_0246,GGPPKMPRLLLLV,GGTGGACCACCTAAAATGCCAAGATTGTTATTGTTAGTTTAA,CCT,ATG,4,6,TRUE,P,M,V,P,NA,NA,NA
PRM_0246,GGPPKIPRLLLLV,GGTGGACCACCTAAAATTCCAAGATTGTTATTGTTAGTTTAA,CCT,ATT,4,6,TRUE,P,I,V,P,NA,NA,NA
PRM_0246,GGPPKRPRLLLLV,GGTGGACCACCTAAAAGGCCAAGATTGTTATTGTTAGTTTAA,CCT,AGG,4,6,TRUE,P,R,V,P,NA,NA,NA
PRM_0246,GGPPKSPRLLLLV,GGTGGACCACCTAAAAGTCCAAGATTGTTATTGTTAGTTTAA,CCT,AGT,4,6,TRUE,P,S,V,P,NA,NA,NA
PRM_0246,GGPPKTPRLLLLV,GGTGGACCACCTAAAACGCCAAGATTGTTATTGTTAGTTTAA,CCT,ACG,4,6,TRUE,P,T,V,P,NA,NA,NA
PRM_0246,GGPPKTPRLLLLV,GGTGGACCACCTAAAACTCCAAGATTGTTATTGTTAGTTTAA,CCT,ACT,4,6,TRUE,P,T,V,P,NA,NA,NA
PRM_0246,GGPPK*PRLLLLV,GGTGGACCACCTAAATAGCCAAGATTGTTATTGTTAGTTTAA,CCT,TAG,4,6,TRUE,P,*,V,P,NA,NA,NA
PRM_0246,GGPPKYPRLLLLV,GGTGGACCACCTAAATATCCAAGATTGTTATTGTTAGTTTAA,CCT,TAT,4,6,TRUE,P,Y,V,P,NA,NA,NA
PRM_0246,GGPPKLPRLLLLV,GGTGGACCACCTAAATTGCCAAGATTGTTATTGTTAGTTTAA,CCT,TTG,4,6,TRUE,P,L,V,P,NA,NA,NA
PRM_0246,GGPPKFPRLLLLV,GGTGGACCACCTAAATTTCCAAGATTGTTATTGTTAGTTTAA,CCT,TTT,4,6,TRUE,P,F,V,P,NA,NA,NA
PRM_0246,GGPPKWPRLLLLV,GGTGGACCACCTAAATGGCCAAGATTGTTATTGTTAGTTTAA,CCT,TGG,4,6,TRUE,P,W,V,P,NA,NA,NA
PRM_0246,GGPPKCPRLLLLV,GGTGGACCACCTAAATGTCCAAGATTGTTATTGTTAGTTTAA,CCT,TGT,4,6,TRUE,P,C,V,P,NA,NA,NA
PRM_0246,GGPPKSPRLLLLV,GGTGGACCACCTAAATCGCCAAGATTGTTATTGTTAGTTTAA,CCT,TCG,4,6,TRUE,P,S,V,P,NA,NA,NA
PRM_0246,GGPPKSPRLLLLV,GGTGGACCACCTAAATCTCCAAGATTGTTATTGTTAGTTTAA,CCT,TCT,4,6,TRUE,P,S,V,P,NA,NA,NA
PRM_0246,GGPPKEPRLLLLV,GGTGGACCACCTAAAGAGCCAAGATTGTTATTGTTAGTTTAA,CCT,GAG,4,6,TRUE,P,E,V,P,NA,NA,NA
PRM_0246,GGPPKDPRLLLLV,GGTGGACCACCTAAAGATCCAAGATTGTTATTGTTAGTTTAA,CCT,GAT,4,6,TRUE,P,D,V,P,NA,NA,NA
PRM_0246,GGPPKVPRLLLLV,GGTGGACCACCTAAAGTGCCAAGATTGTTATTGTTAGTTTAA,CCT,GTG,4,6,TRUE,P,V,V,P,NA,NA,NA
PRM_0246,GGPPKVPRLLLLV,GGTGGACCACCTAAAGTTCCAAGATTGTTATTGTTAGTTTAA,CCT,GTT,4,6,TRUE,P,V,V,P,NA,NA,NA
PRM_0246,GGPPKGPRLLLLV,GGTGGACCACCTAAAGGGCCAAGATTGTTATTGTTAGTTTAA,CCT,GGG,4,6,TRUE,P,G,V,P,NA,NA,NA
PRM_0246,GGPPKGPRLLLLV,GGTGGACCACCTAAAGGTCCAAGATTGTTATTGTTAGTTTAA,CCT,GGT,4,6,TRUE,P,G,V,P,NA,NA,NA
PRM_0246,GGPPKAPRLLLLV,GGTGGACCACCTAAAGCGCCAAGATTGTTATTGTTAGTTTAA,CCT,GCG,4,6,TRUE,P,A,V,P,NA,NA,NA
PRM_0246,GGPPKAPRLLLLV,GGTGGACCACCTAAAGCTCCAAGATTGTTATTGTTAGTTTAA,CCT,GCT,4,6,TRUE,P,A,V,P,NA,NA,NA
PRM_0246,GGPPKQPRLLLLV,GGTGGACCACCTAAACAGCCAAGATTGTTATTGTTAGTTTAA,CCT,CAG,4,6,TRUE,P,Q,V,P,NA,NA,NA
PRM_0246,GGPPKHPRLLLLV,GGTGGACCACCTAAACATCCAAGATTGTTATTGTTAGTTTAA,CCT,CAT,4,6,TRUE,P,H,V,P,NA,NA,NA
PRM_0246,GGPPKLPRLLLLV,GGTGGACCACCTAAACTGCCAAGATTGTTATTGTTAGTTTAA,CCT,CTG,4,6,TRUE,P,L,V,P,NA,NA,NA
PRM_0246,GGPPKLPRLLLLV,GGTGGACCACCTAAACTTCCAAGATTGTTATTGTTAGTTTAA,CCT,CTT,4,6,TRUE,P,L,V,P,NA,NA,NA
PRM_0246,GGPPKRPRLLLLV,GGTGGACCACCTAAACGGCCAAGATTGTTATTGTTAGTTTAA,CCT,CGG,4,6,TRUE,P,R,V,P,NA,NA,NA
PRM_0246,GGPPKRPRLLLLV,GGTGGACCACCTAAACGTCCAAGATTGTTATTGTTAGTTTAA,CCT,CGT,4,6,TRUE,P,R,V,P,NA,NA,NA
PRM_0246,GGPPKPPRLLLLV,GGTGGACCACCTAAACCGCCAAGATTGTTATTGTTAGTTTAA,CCT,CCG,4,6,TRUE,P,P,V,P,NA,NA,NA
PRM_0246,GGPPKPPRLLLLV,GGTGGACCACCTAAACCTCCAAGATTGTTATTGTTAGTTTAA,CCT,CCT,4,6,TRUE,P,P,V,P,NA,NA,NA
PRM_0250,GGGRKPVKDYVVL,GGTGGAGGTAGAAAGCCAGTTAAGGATTATGTTGTCTTGTAA,AAG,AAG,5,8,TRUE,K,K,Y,V,NA,NA,NA
PRM_0250,GGGRKPVNDYVVL,GGTGGAGGTAGAAAGCCAGTTAATGATTATGTTGTCTTGTAA,AAG,AAT,5,8,TRUE,K,N,Y,V,NA,NA,NA
PRM_0250,GGGRKPVMDYVVL,GGTGGAGGTAGAAAGCCAGTTATGGATTATGTTGTCTTGTAA,AAG,ATG,5,8,TRUE,K,M,Y,V,NA,NA,NA
PRM_0250,GGGRKPVIDYVVL,GGTGGAGGTAGAAAGCCAGTTATTGATTATGTTGTCTTGTAA,AAG,ATT,5,8,TRUE,K,I,Y,V,NA,NA,NA
PRM_0250,GGGRKPVRDYVVL,GGTGGAGGTAGAAAGCCAGTTAGGGATTATGTTGTCTTGTAA,AAG,AGG,5,8,TRUE,K,R,Y,V,NA,NA,NA
PRM_0250,GGGRKPVSDYVVL,GGTGGAGGTAGAAAGCCAGTTAGTGATTATGTTGTCTTGTAA,AAG,AGT,5,8,TRUE,K,S,Y,V,NA,NA,NA
PRM_0250,GGGRKPVTDYVVL,GGTGGAGGTAGAAAGCCAGTTACGGATTATGTTGTCTTGTAA,AAG,ACG,5,8,TRUE,K,T,Y,V,NA,NA,NA
PRM_0250,GGGRKPVTDYVVL,GGTGGAGGTAGAAAGCCAGTTACTGATTATGTTGTCTTGTAA,AAG,ACT,5,8,TRUE,K,T,Y,V,NA,NA,NA
PRM_0250,GGGRKPV*DYVVL,GGTGGAGGTAGAAAGCCAGTTTAGGATTATGTTGTCTTGTAA,AAG,TAG,5,8,TRUE,K,*,Y,V,NA,NA,NA
PRM_0250,GGGRKPVYDYVVL,GGTGGAGGTAGAAAGCCAGTTTATGATTATGTTGTCTTGTAA,AAG,TAT,5,8,TRUE,K,Y,Y,V,NA,NA,NA
PRM_0250,GGGRKPVLDYVVL,GGTGGAGGTAGAAAGCCAGTTTTGGATTATGTTGTCTTGTAA,AAG,TTG,5,8,TRUE,K,L,Y,V,NA,NA,NA
PRM_0250,GGGRKPVFDYVVL,GGTGGAGGTAGAAAGCCAGTTTTTGATTATGTTGTCTTGTAA,AAG,TTT,5,8,TRUE,K,F,Y,V,NA,NA,NA
PRM_0250,GGGRKPVWDYVVL,GGTGGAGGTAGAAAGCCAGTTTGGGATTATGTTGTCTTGTAA,AAG,TGG,5,8,TRUE,K,W,Y,V,NA,NA,NA
PRM_0250,GGGRKPVCDYVVL,GGTGGAGGTAGAAAGCCAGTTTGTGATTATGTTGTCTTGTAA,AAG,TGT,5,8,TRUE,K,C,Y,V,NA,NA,NA
PRM_0250,GGGRKPVSDYVVL,GGTGGAGGTAGAAAGCCAGTTTCGGATTATGTTGTCTTGTAA,AAG,TCG,5,8,TRUE,K,S,Y,V,NA,NA,NA
PRM_0250,GGGRKPVSDYVVL,GGTGGAGGTAGAAAGCCAGTTTCTGATTATGTTGTCTTGTAA,AAG,TCT,5,8,TRUE,K,S,Y,V,NA,NA,NA
PRM_0250,GGGRKPVEDYVVL,GGTGGAGGTAGAAAGCCAGTTGAGGATTATGTTGTCTTGTAA,AAG,GAG,5,8,TRUE,K,E,Y,V,NA,NA,NA
PRM_0250,GGGRKPVDDYVVL,GGTGGAGGTAGAAAGCCAGTTGATGATTATGTTGTCTTGTAA,AAG,GAT,5,8,TRUE,K,D,Y,V,NA,NA,NA
PRM_0250,GGGRKPVVDYVVL,GGTGGAGGTAGAAAGCCAGTTGTGGATTATGTTGTCTTGTAA,AAG,GTG,5,8,TRUE,K,V,Y,V,NA,NA,NA
PRM_0250,GGGRKPVVDYVVL,GGTGGAGGTAGAAAGCCAGTTGTTGATTATGTTGTCTTGTAA,AAG,GTT,5,8,TRUE,K,V,Y,V,NA,NA,NA
PRM_0250,GGGRKPVGDYVVL,GGTGGAGGTAGAAAGCCAGTTGGGGATTATGTTGTCTTGTAA,AAG,GGG,5,8,TRUE,K,G,Y,V,NA,NA,NA
PRM_0250,GGGRKPVGDYVVL,GGTGGAGGTAGAAAGCCAGTTGGTGATTATGTTGTCTTGTAA,AAG,GGT,5,8,TRUE,K,G,Y,V,NA,NA,NA
PRM_0250,GGGRKPVADYVVL,GGTGGAGGTAGAAAGCCAGTTGCGGATTATGTTGTCTTGTAA,AAG,GCG,5,8,TRUE,K,A,Y,V,NA,NA,NA
PRM_0250,GGGRKPVADYVVL,GGTGGAGGTAGAAAGCCAGTTGCTGATTATGTTGTCTTGTAA,AAG,GCT,5,8,TRUE,K,A,Y,V,NA,NA,NA
PRM_0250,GGGRKPVQDYVVL,GGTGGAGGTAGAAAGCCAGTTCAGGATTATGTTGTCTTGTAA,AAG,CAG,5,8,TRUE,K,Q,Y,V,NA,NA,NA
PRM_0250,GGGRKPVHDYVVL,GGTGGAGGTAGAAAGCCAGTTCATGATTATGTTGTCTTGTAA,AAG,CAT,5,8,TRUE,K,H,Y,V,NA,NA,NA
PRM_0250,GGGRKPVLDYVVL,GGTGGAGGTAGAAAGCCAGTTCTGGATTATGTTGTCTTGTAA,AAG,CTG,5,8,TRUE,K,L,Y,V,NA,NA,NA
PRM_0250,GGGRKPVLDYVVL,GGTGGAGGTAGAAAGCCAGTTCTTGATTATGTTGTCTTGTAA,AAG,CTT,5,8,TRUE,K,L,Y,V,NA,NA,NA
PRM_0250,GGGRKPVRDYVVL,GGTGGAGGTAGAAAGCCAGTTCGGGATTATGTTGTCTTGTAA,AAG,CGG,5,8,TRUE,K,R,Y,V,NA,NA,NA
PRM_0250,GGGRKPVRDYVVL,GGTGGAGGTAGAAAGCCAGTTCGTGATTATGTTGTCTTGTAA,AAG,CGT,5,8,TRUE,K,R,Y,V,NA,NA,NA
PRM_0250,GGGRKPVPDYVVL,GGTGGAGGTAGAAAGCCAGTTCCGGATTATGTTGTCTTGTAA,AAG,CCG,5,8,TRUE,K,P,Y,V,NA,NA,NA
PRM_0250,GGGRKPVPDYVVL,GGTGGAGGTAGAAAGCCAGTTCCTGATTATGTTGTCTTGTAA,AAG,CCT,5,8,TRUE,K,P,Y,V,NA,NA,NA
PRM_0250,GGGRNPVKDYVVL,GGTGGAGGTAGAAATCCAGTTAAGGATTATGTTGTCTTGTAA,AAT,AAG,5,8,TRUE,N,K,Y,V,NA,NA,NA
PRM_0250,GGGRNPVNDYVVL,GGTGGAGGTAGAAATCCAGTTAATGATTATGTTGTCTTGTAA,AAT,AAT,5,8,TRUE,N,N,Y,V,NA,NA,NA
PRM_0250,GGGRNPVMDYVVL,GGTGGAGGTAGAAATCCAGTTATGGATTATGTTGTCTTGTAA,AAT,ATG,5,8,TRUE,N,M,Y,V,NA,NA,NA
PRM_0250,GGGRNPVIDYVVL,GGTGGAGGTAGAAATCCAGTTATTGATTATGTTGTCTTGTAA,AAT,ATT,5,8,TRUE,N,I,Y,V,NA,NA,NA
PRM_0250,GGGRNPVRDYVVL,GGTGGAGGTAGAAATCCAGTTAGGGATTATGTTGTCTTGTAA,AAT,AGG,5,8,TRUE,N,R,Y,V,NA,NA,NA
PRM_0250,GGGRNPVSDYVVL,GGTGGAGGTAGAAATCCAGTTAGTGATTATGTTGTCTTGTAA,AAT,AGT,5,8,TRUE,N,S,Y,V,NA,NA,NA
PRM_0250,GGGRNPVTDYVVL,GGTGGAGGTAGAAATCCAGTTACGGATTATGTTGTCTTGTAA,AAT,ACG,5,8,TRUE,N,T,Y,V,NA,NA,NA
PRM_0250,GGGRNPVTDYVVL,GGTGGAGGTAGAAATCCAGTTACTGATTATGTTGTCTTGTAA,AAT,ACT,5,8,TRUE,N,T,Y,V,NA,NA,NA
PRM_0250,GGGRNPV*DYVVL,GGTGGAGGTAGAAATCCAGTTTAGGATTATGTTGTCTTGTAA,AAT,TAG,5,8,TRUE,N,*,Y,V,NA,NA,NA
PRM_0250,GGGRNPVYDYVVL,GGTGGAGGTAGAAATCCAGTTTATGATTATGTTGTCTTGTAA,AAT,TAT,5,8,TRUE,N,Y,Y,V,NA,NA,NA
PRM_0250,GGGRNPVLDYVVL,GGTGGAGGTAGAAATCCAGTTTTGGATTATGTTGTCTTGTAA,AAT,TTG,5,8,TRUE,N,L,Y,V,NA,NA,NA
PRM_0250,GGGRNPVFDYVVL,GGTGGAGGTAGAAATCCAGTTTTTGATTATGTTGTCTTGTAA,AAT,TTT,5,8,TRUE,N,F,Y,V,NA,NA,NA
PRM_0250,GGGRNPVWDYVVL,GGTGGAGGTAGAAATCCAGTTTGGGATTATGTTGTCTTGTAA,AAT,TGG,5,8,TRUE,N,W,Y,V,NA,NA,NA
PRM_0250,GGGRNPVCDYVVL,GGTGGAGGTAGAAATCCAGTTTGTGATTATGTTGTCTTGTAA,AAT,TGT,5,8,TRUE,N,C,Y,V,NA,NA,NA
PRM_0250,GGGRNPVSDYVVL,GGTGGAGGTAGAAATCCAGTTTCGGATTATGTTGTCTTGTAA,AAT,TCG,5,8,TRUE,N,S,Y,V,NA,NA,NA
PRM_0250,GGGRNPVSDYVVL,GGTGGAGGTAGAAATCCAGTTTCTGATTATGTTGTCTTGTAA,AAT,TCT,5,8,TRUE,N,S,Y,V,NA,NA,NA
PRM_0250,GGGRNPVEDYVVL,GGTGGAGGTAGAAATCCAGTTGAGGATTATGTTGTCTTGTAA,AAT,GAG,5,8,TRUE,N,E,Y,V,NA,NA,NA
PRM_0250,GGGRNPVDDYVVL,GGTGGAGGTAGAAATCCAGTTGATGATTATGTTGTCTTGTAA,AAT,GAT,5,8,TRUE,N,D,Y,V,NA,NA,NA
PRM_0250,GGGRNPVVDYVVL,GGTGGAGGTAGAAATCCAGTTGTGGATTATGTTGTCTTGTAA,AAT,GTG,5,8,TRUE,N,V,Y,V,NA,NA,NA
PRM_0250,GGGRNPVVDYVVL,GGTGGAGGTAGAAATCCAGTTGTTGATTATGTTGTCTTGTAA,AAT,GTT,5,8,TRUE,N,V,Y,V,NA,NA,NA
PRM_0250,GGGRNPVGDYVVL,GGTGGAGGTAGAAATCCAGTTGGGGATTATGTTGTCTTGTAA,AAT,GGG,5,8,TRUE,N,G,Y,V,NA,NA,NA
PRM_0250,GGGRNPVGDYVVL,GGTGGAGGTAGAAATCCAGTTGGTGATTATGTTGTCTTGTAA,AAT,GGT,5,8,TRUE,N,G,Y,V,NA,NA,NA
PRM_0250,GGGRNPVADYVVL,GGTGGAGGTAGAAATCCAGTTGCGGATTATGTTGTCTTGTAA,AAT,GCG,5,8,TRUE,N,A,Y,V,NA,NA,NA
PRM_0250,GGGRNPVADYVVL,GGTGGAGGTAGAAATCCAGTTGCTGATTATGTTGTCTTGTAA,AAT,GCT,5,8,TRUE,N,A,Y,V,NA,NA,NA
PRM_0250,GGGRNPVQDYVVL,GGTGGAGGTAGAAATCCAGTTCAGGATTATGTTGTCTTGTAA,AAT,CAG,5,8,TRUE,N,Q,Y,V,NA,NA,NA
PRM_0250,GGGRNPVHDYVVL,GGTGGAGGTAGAAATCCAGTTCATGATTATGTTGTCTTGTAA,AAT,CAT,5,8,TRUE,N,H,Y,V,NA,NA,NA
PRM_0250,GGGRNPVLDYVVL,GGTGGAGGTAGAAATCCAGTTCTGGATTATGTTGTCTTGTAA,AAT,CTG,5,8,TRUE,N,L,Y,V,NA,NA,NA
PRM_0250,GGGRNPVLDYVVL,GGTGGAGGTAGAAATCCAGTTCTTGATTATGTTGTCTTGTAA,AAT,CTT,5,8,TRUE,N,L,Y,V,NA,NA,NA
PRM_0250,GGGRNPVRDYVVL,GGTGGAGGTAGAAATCCAGTTCGGGATTATGTTGTCTTGTAA,AAT,CGG,5,8,TRUE,N,R,Y,V,NA,NA,NA
PRM_0250,GGGRNPVRDYVVL,GGTGGAGGTAGAAATCCAGTTCGTGATTATGTTGTCTTGTAA,AAT,CGT,5,8,TRUE,N,R,Y,V,NA,NA,NA
PRM_0250,GGGRNPVPDYVVL,GGTGGAGGTAGAAATCCAGTTCCGGATTATGTTGTCTTGTAA,AAT,CCG,5,8,TRUE,N,P,Y,V,NA,NA,NA
PRM_0250,GGGRNPVPDYVVL,GGTGGAGGTAGAAATCCAGTTCCTGATTATGTTGTCTTGTAA,AAT,CCT,5,8,TRUE,N,P,Y,V,NA,NA,NA
PRM_0250,GGGRMPVKDYVVL,GGTGGAGGTAGAATGCCAGTTAAGGATTATGTTGTCTTGTAA,ATG,AAG,5,8,TRUE,M,K,Y,V,NA,NA,NA
PRM_0250,GGGRMPVNDYVVL,GGTGGAGGTAGAATGCCAGTTAATGATTATGTTGTCTTGTAA,ATG,AAT,5,8,TRUE,M,N,Y,V,NA,NA,NA
PRM_0250,GGGRMPVMDYVVL,GGTGGAGGTAGAATGCCAGTTATGGATTATGTTGTCTTGTAA,ATG,ATG,5,8,TRUE,M,M,Y,V,NA,NA,NA
PRM_0250,GGGRMPVIDYVVL,GGTGGAGGTAGAATGCCAGTTATTGATTATGTTGTCTTGTAA,ATG,ATT,5,8,TRUE,M,I,Y,V,NA,NA,NA
PRM_0250,GGGRMPVRDYVVL,GGTGGAGGTAGAATGCCAGTTAGGGATTATGTTGTCTTGTAA,ATG,AGG,5,8,TRUE,M,R,Y,V,NA,NA,NA
PRM_0250,GGGRMPVSDYVVL,GGTGGAGGTAGAATGCCAGTTAGTGATTATGTTGTCTTGTAA,ATG,AGT,5,8,TRUE,M,S,Y,V,NA,NA,NA
PRM_0250,GGGRMPVTDYVVL,GGTGGAGGTAGAATGCCAGTTACGGATTATGTTGTCTTGTAA,ATG,ACG,5,8,TRUE,M,T,Y,V,NA,NA,NA
PRM_0250,GGGRMPVTDYVVL,GGTGGAGGTAGAATGCCAGTTACTGATTATGTTGTCTTGTAA,ATG,ACT,5,8,TRUE,M,T,Y,V,NA,NA,NA
PRM_0250,GGGRMPV*DYVVL,GGTGGAGGTAGAATGCCAGTTTAGGATTATGTTGTCTTGTAA,ATG,TAG,5,8,TRUE,M,*,Y,V,NA,NA,NA
PRM_0250,GGGRMPVYDYVVL,GGTGGAGGTAGAATGCCAGTTTATGATTATGTTGTCTTGTAA,ATG,TAT,5,8,TRUE,M,Y,Y,V,NA,NA,NA
PRM_0250,GGGRMPVLDYVVL,GGTGGAGGTAGAATGCCAGTTTTGGATTATGTTGTCTTGTAA,ATG,TTG,5,8,TRUE,M,L,Y,V,NA,NA,NA
PRM_0250,GGGRMPVFDYVVL,GGTGGAGGTAGAATGCCAGTTTTTGATTATGTTGTCTTGTAA,ATG,TTT,5,8,TRUE,M,F,Y,V,NA,NA,NA
PRM_0250,GGGRMPVWDYVVL,GGTGGAGGTAGAATGCCAGTTTGGGATTATGTTGTCTTGTAA,ATG,TGG,5,8,TRUE,M,W,Y,V,NA,NA,NA
PRM_0250,GGGRMPVCDYVVL,GGTGGAGGTAGAATGCCAGTTTGTGATTATGTTGTCTTGTAA,ATG,TGT,5,8,TRUE,M,C,Y,V,NA,NA,NA
PRM_0250,GGGRMPVSDYVVL,GGTGGAGGTAGAATGCCAGTTTCGGATTATGTTGTCTTGTAA,ATG,TCG,5,8,TRUE,M,S,Y,V,NA,NA,NA
PRM_0250,GGGRMPVSDYVVL,GGTGGAGGTAGAATGCCAGTTTCTGATTATGTTGTCTTGTAA,ATG,TCT,5,8,TRUE,M,S,Y,V,NA,NA,NA
PRM_0250,GGGRMPVEDYVVL,GGTGGAGGTAGAATGCCAGTTGAGGATTATGTTGTCTTGTAA,ATG,GAG,5,8,TRUE,M,E,Y,V,NA,NA,NA
PRM_0250,GGGRMPVDDYVVL,GGTGGAGGTAGAATGCCAGTTGATGATTATGTTGTCTTGTAA,ATG,GAT,5,8,TRUE,M,D,Y,V,NA,NA,NA
PRM_0250,GGGRMPVVDYVVL,GGTGGAGGTAGAATGCCAGTTGTGGATTATGTTGTCTTGTAA,ATG,GTG,5,8,TRUE,M,V,Y,V,NA,NA,NA
PRM_0250,GGGRMPVVDYVVL,GGTGGAGGTAGAATGCCAGTTGTTGATTATGTTGTCTTGTAA,ATG,GTT,5,8,TRUE,M,V,Y,V,NA,NA,NA
PRM_0250,GGGRMPVGDYVVL,GGTGGAGGTAGAATGCCAGTTGGGGATTATGTTGTCTTGTAA,ATG,GGG,5,8,TRUE,M,G,Y,V,NA,NA,NA
PRM_0250,GGGRMPVGDYVVL,GGTGGAGGTAGAATGCCAGTTGGTGATTATGTTGTCTTGTAA,ATG,GGT,5,8,TRUE,M,G,Y,V,NA,NA,NA
PRM_0250,GGGRMPVADYVVL,GGTGGAGGTAGAATGCCAGTTGCGGATTATGTTGTCTTGTAA,ATG,GCG,5,8,TRUE,M,A,Y,V,NA,NA,NA
PRM_0250,GGGRMPVADYVVL,GGTGGAGGTAGAATGCCAGTTGCTGATTATGTTGTCTTGTAA,ATG,GCT,5,8,TRUE,M,A,Y,V,NA,NA,NA
PRM_0250,GGGRMPVQDYVVL,GGTGGAGGTAGAATGCCAGTTCAGGATTATGTTGTCTTGTAA,ATG,CAG,5,8,TRUE,M,Q,Y,V,NA,NA,NA
PRM_0250,GGGRMPVHDYVVL,GGTGGAGGTAGAATGCCAGTTCATGATTATGTTGTCTTGTAA,ATG,CAT,5,8,TRUE,M,H,Y,V,NA,NA,NA
PRM_0250,GGGRMPVLDYVVL,GGTGGAGGTAGAATGCCAGTTCTGGATTATGTTGTCTTGTAA,ATG,CTG,5,8,TRUE,M,L,Y,V,NA,NA,NA
PRM_0250,GGGRMPVLDYVVL,GGTGGAGGTAGAATGCCAGTTCTTGATTATGTTGTCTTGTAA,ATG,CTT,5,8,TRUE,M,L,Y,V,NA,NA,NA
PRM_0250,GGGRMPVRDYVVL,GGTGGAGGTAGAATGCCAGTTCGGGATTATGTTGTCTTGTAA,ATG,CGG,5,8,TRUE,M,R,Y,V,NA,NA,NA
PRM_0250,GGGRMPVRDYVVL,GGTGGAGGTAGAATGCCAGTTCGTGATTATGTTGTCTTGTAA,ATG,CGT,5,8,TRUE,M,R,Y,V,NA,NA,NA
PRM_0250,GGGRMPVPDYVVL,GGTGGAGGTAGAATGCCAGTTCCGGATTATGTTGTCTTGTAA,ATG,CCG,5,8,TRUE,M,P,Y,V,NA,NA,NA
PRM_0250,GGGRMPVPDYVVL,GGTGGAGGTAGAATGCCAGTTCCTGATTATGTTGTCTTGTAA,ATG,CCT,5,8,TRUE,M,P,Y,V,NA,NA,NA
PRM_0250,GGGRIPVKDYVVL,GGTGGAGGTAGAATTCCAGTTAAGGATTATGTTGTCTTGTAA,ATT,AAG,5,8,TRUE,I,K,Y,V,NA,NA,NA
PRM_0250,GGGRIPVNDYVVL,GGTGGAGGTAGAATTCCAGTTAATGATTATGTTGTCTTGTAA,ATT,AAT,5,8,TRUE,I,N,Y,V,NA,NA,NA
PRM_0250,GGGRIPVMDYVVL,GGTGGAGGTAGAATTCCAGTTATGGATTATGTTGTCTTGTAA,ATT,ATG,5,8,TRUE,I,M,Y,V,NA,NA,NA
PRM_0250,GGGRIPVIDYVVL,GGTGGAGGTAGAATTCCAGTTATTGATTATGTTGTCTTGTAA,ATT,ATT,5,8,TRUE,I,I,Y,V,NA,NA,NA
PRM_0250,GGGRIPVRDYVVL,GGTGGAGGTAGAATTCCAGTTAGGGATTATGTTGTCTTGTAA,ATT,AGG,5,8,TRUE,I,R,Y,V,NA,NA,NA
PRM_0250,GGGRIPVSDYVVL,GGTGGAGGTAGAATTCCAGTTAGTGATTATGTTGTCTTGTAA,ATT,AGT,5,8,TRUE,I,S,Y,V,NA,NA,NA
PRM_0250,GGGRIPVTDYVVL,GGTGGAGGTAGAATTCCAGTTACGGATTATGTTGTCTTGTAA,ATT,ACG,5,8,TRUE,I,T,Y,V,NA,NA,NA
PRM_0250,GGGRIPVTDYVVL,GGTGGAGGTAGAATTCCAGTTACTGATTATGTTGTCTTGTAA,ATT,ACT,5,8,TRUE,I,T,Y,V,NA,NA,NA
PRM_0250,GGGRIPV*DYVVL,GGTGGAGGTAGAATTCCAGTTTAGGATTATGTTGTCTTGTAA,ATT,TAG,5,8,TRUE,I,*,Y,V,NA,NA,NA
PRM_0250,GGGRIPVYDYVVL,GGTGGAGGTAGAATTCCAGTTTATGATTATGTTGTCTTGTAA,ATT,TAT,5,8,TRUE,I,Y,Y,V,NA,NA,NA
PRM_0250,GGGRIPVLDYVVL,GGTGGAGGTAGAATTCCAGTTTTGGATTATGTTGTCTTGTAA,ATT,TTG,5,8,TRUE,I,L,Y,V,NA,NA,NA
PRM_0250,GGGRIPVFDYVVL,GGTGGAGGTAGAATTCCAGTTTTTGATTATGTTGTCTTGTAA,ATT,TTT,5,8,TRUE,I,F,Y,V,NA,NA,NA
PRM_0250,GGGRIPVWDYVVL,GGTGGAGGTAGAATTCCAGTTTGGGATTATGTTGTCTTGTAA,ATT,TGG,5,8,TRUE,I,W,Y,V,NA,NA,NA
PRM_0250,GGGRIPVCDYVVL,GGTGGAGGTAGAATTCCAGTTTGTGATTATGTTGTCTTGTAA,ATT,TGT,5,8,TRUE,I,C,Y,V,NA,NA,NA
PRM_0250,GGGRIPVSDYVVL,GGTGGAGGTAGAATTCCAGTTTCGGATTATGTTGTCTTGTAA,ATT,TCG,5,8,TRUE,I,S,Y,V,NA,NA,NA
PRM_0250,GGGRIPVSDYVVL,GGTGGAGGTAGAATTCCAGTTTCTGATTATGTTGTCTTGTAA,ATT,TCT,5,8,TRUE,I,S,Y,V,NA,NA,NA
PRM_0250,GGGRIPVEDYVVL,GGTGGAGGTAGAATTCCAGTTGAGGATTATGTTGTCTTGTAA,ATT,GAG,5,8,TRUE,I,E,Y,V,NA,NA,NA
PRM_0250,GGGRIPVDDYVVL,GGTGGAGGTAGAATTCCAGTTGATGATTATGTTGTCTTGTAA,ATT,GAT,5,8,TRUE,I,D,Y,V,NA,NA,NA
PRM_0250,GGGRIPVVDYVVL,GGTGGAGGTAGAATTCCAGTTGTGGATTATGTTGTCTTGTAA,ATT,GTG,5,8,TRUE,I,V,Y,V,NA,NA,NA
PRM_0250,GGGRIPVVDYVVL,GGTGGAGGTAGAATTCCAGTTGTTGATTATGTTGTCTTGTAA,ATT,GTT,5,8,TRUE,I,V,Y,V,NA,NA,NA
PRM_0250,GGGRIPVGDYVVL,GGTGGAGGTAGAATTCCAGTTGGGGATTATGTTGTCTTGTAA,ATT,GGG,5,8,TRUE,I,G,Y,V,NA,NA,NA
PRM_0250,GGGRIPVGDYVVL,GGTGGAGGTAGAATTCCAGTTGGTGATTATGTTGTCTTGTAA,ATT,GGT,5,8,TRUE,I,G,Y,V,NA,NA,NA
PRM_0250,GGGRIPVADYVVL,GGTGGAGGTAGAATTCCAGTTGCGGATTATGTTGTCTTGTAA,ATT,GCG,5,8,TRUE,I,A,Y,V,NA,NA,NA
PRM_0250,GGGRIPVADYVVL,GGTGGAGGTAGAATTCCAGTTGCTGATTATGTTGTCTTGTAA,ATT,GCT,5,8,TRUE,I,A,Y,V,NA,NA,NA
PRM_0250,GGGRIPVQDYVVL,GGTGGAGGTAGAATTCCAGTTCAGGATTATGTTGTCTTGTAA,ATT,CAG,5,8,TRUE,I,Q,Y,V,NA,NA,NA
PRM_0250,GGGRIPVHDYVVL,GGTGGAGGTAGAATTCCAGTTCATGATTATGTTGTCTTGTAA,ATT,CAT,5,8,TRUE,I,H,Y,V,NA,NA,NA
PRM_0250,GGGRIPVLDYVVL,GGTGGAGGTAGAATTCCAGTTCTGGATTATGTTGTCTTGTAA,ATT,CTG,5,8,TRUE,I,L,Y,V,NA,NA,NA
PRM_0250,GGGRIPVLDYVVL,GGTGGAGGTAGAATTCCAGTTCTTGATTATGTTGTCTTGTAA,ATT,CTT,5,8,TRUE,I,L,Y,V,NA,NA,NA
PRM_0250,GGGRIPVRDYVVL,GGTGGAGGTAGAATTCCAGTTCGGGATTATGTTGTCTTGTAA,ATT,CGG,5,8,TRUE,I,R,Y,V,NA,NA,NA
PRM_0250,GGGRIPVRDYVVL,GGTGGAGGTAGAATTCCAGTTCGTGATTATGTTGTCTTGTAA,ATT,CGT,5,8,TRUE,I,R,Y,V,NA,NA,NA
PRM_0250,GGGRIPVPDYVVL,GGTGGAGGTAGAATTCCAGTTCCGGATTATGTTGTCTTGTAA,ATT,CCG,5,8,TRUE,I,P,Y,V,NA,NA,NA
PRM_0250,GGGRIPVPDYVVL,GGTGGAGGTAGAATTCCAGTTCCTGATTATGTTGTCTTGTAA,ATT,CCT,5,8,TRUE,I,P,Y,V,NA,NA,NA
PRM_0250,GGGRRPVKDYVVL,GGTGGAGGTAGAAGGCCAGTTAAGGATTATGTTGTCTTGTAA,AGG,AAG,5,8,TRUE,R,K,Y,V,NA,NA,NA
PRM_0250,GGGRRPVNDYVVL,GGTGGAGGTAGAAGGCCAGTTAATGATTATGTTGTCTTGTAA,AGG,AAT,5,8,TRUE,R,N,Y,V,NA,NA,NA
PRM_0250,GGGRRPVMDYVVL,GGTGGAGGTAGAAGGCCAGTTATGGATTATGTTGTCTTGTAA,AGG,ATG,5,8,TRUE,R,M,Y,V,NA,NA,NA
PRM_0250,GGGRRPVIDYVVL,GGTGGAGGTAGAAGGCCAGTTATTGATTATGTTGTCTTGTAA,AGG,ATT,5,8,TRUE,R,I,Y,V,NA,NA,NA
PRM_0250,GGGRRPVRDYVVL,GGTGGAGGTAGAAGGCCAGTTAGGGATTATGTTGTCTTGTAA,AGG,AGG,5,8,TRUE,R,R,Y,V,NA,NA,NA
PRM_0250,GGGRRPVSDYVVL,GGTGGAGGTAGAAGGCCAGTTAGTGATTATGTTGTCTTGTAA,AGG,AGT,5,8,TRUE,R,S,Y,V,NA,NA,NA
PRM_0250,GGGRRPVTDYVVL,GGTGGAGGTAGAAGGCCAGTTACGGATTATGTTGTCTTGTAA,AGG,ACG,5,8,TRUE,R,T,Y,V,NA,NA,NA
PRM_0250,GGGRRPVTDYVVL,GGTGGAGGTAGAAGGCCAGTTACTGATTATGTTGTCTTGTAA,AGG,ACT,5,8,TRUE,R,T,Y,V,NA,NA,NA
PRM_0250,GGGRRPV*DYVVL,GGTGGAGGTAGAAGGCCAGTTTAGGATTATGTTGTCTTGTAA,AGG,TAG,5,8,TRUE,R,*,Y,V,NA,NA,NA
PRM_0250,GGGRRPVYDYVVL,GGTGGAGGTAGAAGGCCAGTTTATGATTATGTTGTCTTGTAA,AGG,TAT,5,8,TRUE,R,Y,Y,V,NA,NA,NA
PRM_0250,GGGRRPVLDYVVL,GGTGGAGGTAGAAGGCCAGTTTTGGATTATGTTGTCTTGTAA,AGG,TTG,5,8,TRUE,R,L,Y,V,NA,NA,NA
PRM_0250,GGGRRPVFDYVVL,GGTGGAGGTAGAAGGCCAGTTTTTGATTATGTTGTCTTGTAA,AGG,TTT,5,8,TRUE,R,F,Y,V,NA,NA,NA
PRM_0250,GGGRRPVWDYVVL,GGTGGAGGTAGAAGGCCAGTTTGGGATTATGTTGTCTTGTAA,AGG,TGG,5,8,TRUE,R,W,Y,V,NA,NA,NA
PRM_0250,GGGRRPVCDYVVL,GGTGGAGGTAGAAGGCCAGTTTGTGATTATGTTGTCTTGTAA,AGG,TGT,5,8,TRUE,R,C,Y,V,NA,NA,NA
PRM_0250,GGGRRPVSDYVVL,GGTGGAGGTAGAAGGCCAGTTTCGGATTATGTTGTCTTGTAA,AGG,TCG,5,8,TRUE,R,S,Y,V,NA,NA,NA
PRM_0250,GGGRRPVSDYVVL,GGTGGAGGTAGAAGGCCAGTTTCTGATTATGTTGTCTTGTAA,AGG,TCT,5,8,TRUE,R,S,Y,V,NA,NA,NA
PRM_0250,GGGRRPVEDYVVL,GGTGGAGGTAGAAGGCCAGTTGAGGATTATGTTGTCTTGTAA,AGG,GAG,5,8,TRUE,R,E,Y,V,NA,NA,NA
PRM_0250,GGGRRPVDDYVVL,GGTGGAGGTAGAAGGCCAGTTGATGATTATGTTGTCTTGTAA,AGG,GAT,5,8,TRUE,R,D,Y,V,NA,NA,NA
PRM_0250,GGGRRPVVDYVVL,GGTGGAGGTAGAAGGCCAGTTGTGGATTATGTTGTCTTGTAA,AGG,GTG,5,8,TRUE,R,V,Y,V,NA,NA,NA
PRM_0250,GGGRRPVVDYVVL,GGTGGAGGTAGAAGGCCAGTTGTTGATTATGTTGTCTTGTAA,AGG,GTT,5,8,TRUE,R,V,Y,V,NA,NA,NA
PRM_0250,GGGRRPVGDYVVL,GGTGGAGGTAGAAGGCCAGTTGGGGATTATGTTGTCTTGTAA,AGG,GGG,5,8,TRUE,R,G,Y,V,NA,NA,NA
PRM_0250,GGGRRPVGDYVVL,GGTGGAGGTAGAAGGCCAGTTGGTGATTATGTTGTCTTGTAA,AGG,GGT,5,8,TRUE,R,G,Y,V,NA,NA,NA
PRM_0250,GGGRRPVADYVVL,GGTGGAGGTAGAAGGCCAGTTGCGGATTATGTTGTCTTGTAA,AGG,GCG,5,8,TRUE,R,A,Y,V,NA,NA,NA
PRM_0250,GGGRRPVADYVVL,GGTGGAGGTAGAAGGCCAGTTGCTGATTATGTTGTCTTGTAA,AGG,GCT,5,8,TRUE,R,A,Y,V,NA,NA,NA
PRM_0250,GGGRRPVQDYVVL,GGTGGAGGTAGAAGGCCAGTTCAGGATTATGTTGTCTTGTAA,AGG,CAG,5,8,TRUE,R,Q,Y,V,NA,NA,NA
PRM_0250,GGGRRPVHDYVVL,GGTGGAGGTAGAAGGCCAGTTCATGATTATGTTGTCTTGTAA,AGG,CAT,5,8,TRUE,R,H,Y,V,NA,NA,NA
PRM_0250,GGGRRPVLDYVVL,GGTGGAGGTAGAAGGCCAGTTCTGGATTATGTTGTCTTGTAA,AGG,CTG,5,8,TRUE,R,L,Y,V,NA,NA,NA
PRM_0250,GGGRRPVLDYVVL,GGTGGAGGTAGAAGGCCAGTTCTTGATTATGTTGTCTTGTAA,AGG,CTT,5,8,TRUE,R,L,Y,V,NA,NA,NA
PRM_0250,GGGRRPVRDYVVL,GGTGGAGGTAGAAGGCCAGTTCGGGATTATGTTGTCTTGTAA,AGG,CGG,5,8,TRUE,R,R,Y,V,NA,NA,NA
PRM_0250,GGGRRPVRDYVVL,GGTGGAGGTAGAAGGCCAGTTCGTGATTATGTTGTCTTGTAA,AGG,CGT,5,8,TRUE,R,R,Y,V,NA,NA,NA
PRM_0250,GGGRRPVPDYVVL,GGTGGAGGTAGAAGGCCAGTTCCGGATTATGTTGTCTTGTAA,AGG,CCG,5,8,TRUE,R,P,Y,V,NA,NA,NA
PRM_0250,GGGRRPVPDYVVL,GGTGGAGGTAGAAGGCCAGTTCCTGATTATGTTGTCTTGTAA,AGG,CCT,5,8,TRUE,R,P,Y,V,NA,NA,NA
PRM_0250,GGGRSPVKDYVVL,GGTGGAGGTAGAAGTCCAGTTAAGGATTATGTTGTCTTGTAA,AGT,AAG,5,8,TRUE,S,K,Y,V,NA,NA,NA
PRM_0250,GGGRSPVNDYVVL,GGTGGAGGTAGAAGTCCAGTTAATGATTATGTTGTCTTGTAA,AGT,AAT,5,8,TRUE,S,N,Y,V,NA,NA,NA
PRM_0250,GGGRSPVMDYVVL,GGTGGAGGTAGAAGTCCAGTTATGGATTATGTTGTCTTGTAA,AGT,ATG,5,8,TRUE,S,M,Y,V,NA,NA,NA
PRM_0250,GGGRSPVIDYVVL,GGTGGAGGTAGAAGTCCAGTTATTGATTATGTTGTCTTGTAA,AGT,ATT,5,8,TRUE,S,I,Y,V,NA,NA,NA
PRM_0250,GGGRSPVRDYVVL,GGTGGAGGTAGAAGTCCAGTTAGGGATTATGTTGTCTTGTAA,AGT,AGG,5,8,TRUE,S,R,Y,V,NA,NA,NA
PRM_0250,GGGRSPVSDYVVL,GGTGGAGGTAGAAGTCCAGTTAGTGATTATGTTGTCTTGTAA,AGT,AGT,5,8,TRUE,S,S,Y,V,NA,NA,NA
PRM_0250,GGGRSPVTDYVVL,GGTGGAGGTAGAAGTCCAGTTACGGATTATGTTGTCTTGTAA,AGT,ACG,5,8,TRUE,S,T,Y,V,NA,NA,NA
PRM_0250,GGGRSPVTDYVVL,GGTGGAGGTAGAAGTCCAGTTACTGATTATGTTGTCTTGTAA,AGT,ACT,5,8,TRUE,S,T,Y,V,NA,NA,NA
PRM_0250,GGGRSPV*DYVVL,GGTGGAGGTAGAAGTCCAGTTTAGGATTATGTTGTCTTGTAA,AGT,TAG,5,8,TRUE,S,*,Y,V,NA,NA,NA
PRM_0250,GGGRSPVYDYVVL,GGTGGAGGTAGAAGTCCAGTTTATGATTATGTTGTCTTGTAA,AGT,TAT,5,8,TRUE,S,Y,Y,V,NA,NA,NA
PRM_0250,GGGRSPVLDYVVL,GGTGGAGGTAGAAGTCCAGTTTTGGATTATGTTGTCTTGTAA,AGT,TTG,5,8,TRUE,S,L,Y,V,NA,NA,NA
PRM_0250,GGGRSPVFDYVVL,GGTGGAGGTAGAAGTCCAGTTTTTGATTATGTTGTCTTGTAA,AGT,TTT,5,8,TRUE,S,F,Y,V,NA,NA,NA
PRM_0250,GGGRSPVWDYVVL,GGTGGAGGTAGAAGTCCAGTTTGGGATTATGTTGTCTTGTAA,AGT,TGG,5,8,TRUE,S,W,Y,V,NA,NA,NA
PRM_0250,GGGRSPVCDYVVL,GGTGGAGGTAGAAGTCCAGTTTGTGATTATGTTGTCTTGTAA,AGT,TGT,5,8,TRUE,S,C,Y,V,NA,NA,NA
PRM_0250,GGGRSPVSDYVVL,GGTGGAGGTAGAAGTCCAGTTTCGGATTATGTTGTCTTGTAA,AGT,TCG,5,8,TRUE,S,S,Y,V,NA,NA,NA
PRM_0250,GGGRSPVSDYVVL,GGTGGAGGTAGAAGTCCAGTTTCTGATTATGTTGTCTTGTAA,AGT,TCT,5,8,TRUE,S,S,Y,V,NA,NA,NA
PRM_0250,GGGRSPVEDYVVL,GGTGGAGGTAGAAGTCCAGTTGAGGATTATGTTGTCTTGTAA,AGT,GAG,5,8,TRUE,S,E,Y,V,NA,NA,NA
PRM_0250,GGGRSPVDDYVVL,GGTGGAGGTAGAAGTCCAGTTGATGATTATGTTGTCTTGTAA,AGT,GAT,5,8,TRUE,S,D,Y,V,NA,NA,NA
PRM_0250,GGGRSPVVDYVVL,GGTGGAGGTAGAAGTCCAGTTGTGGATTATGTTGTCTTGTAA,AGT,GTG,5,8,TRUE,S,V,Y,V,NA,NA,NA
PRM_0250,GGGRSPVVDYVVL,GGTGGAGGTAGAAGTCCAGTTGTTGATTATGTTGTCTTGTAA,AGT,GTT,5,8,TRUE,S,V,Y,V,NA,NA,NA
PRM_0250,GGGRSPVGDYVVL,GGTGGAGGTAGAAGTCCAGTTGGGGATTATGTTGTCTTGTAA,AGT,GGG,5,8,TRUE,S,G,Y,V,NA,NA,NA
PRM_0250,GGGRSPVGDYVVL,GGTGGAGGTAGAAGTCCAGTTGGTGATTATGTTGTCTTGTAA,AGT,GGT,5,8,TRUE,S,G,Y,V,NA,NA,NA
PRM_0250,GGGRSPVADYVVL,GGTGGAGGTAGAAGTCCAGTTGCGGATTATGTTGTCTTGTAA,AGT,GCG,5,8,TRUE,S,A,Y,V,NA,NA,NA
PRM_0250,GGGRSPVADYVVL,GGTGGAGGTAGAAGTCCAGTTGCTGATTATGTTGTCTTGTAA,AGT,GCT,5,8,TRUE,S,A,Y,V,NA,NA,NA
PRM_0250,GGGRSPVQDYVVL,GGTGGAGGTAGAAGTCCAGTTCAGGATTATGTTGTCTTGTAA,AGT,CAG,5,8,TRUE,S,Q,Y,V,NA,NA,NA
PRM_0250,GGGRSPVHDYVVL,GGTGGAGGTAGAAGTCCAGTTCATGATTATGTTGTCTTGTAA,AGT,CAT,5,8,TRUE,S,H,Y,V,NA,NA,NA
PRM_0250,GGGRSPVLDYVVL,GGTGGAGGTAGAAGTCCAGTTCTGGATTATGTTGTCTTGTAA,AGT,CTG,5,8,TRUE,S,L,Y,V,NA,NA,NA
PRM_0250,GGGRSPVLDYVVL,GGTGGAGGTAGAAGTCCAGTTCTTGATTATGTTGTCTTGTAA,AGT,CTT,5,8,TRUE,S,L,Y,V,NA,NA,NA
PRM_0250,GGGRSPVRDYVVL,GGTGGAGGTAGAAGTCCAGTTCGGGATTATGTTGTCTTGTAA,AGT,CGG,5,8,TRUE,S,R,Y,V,NA,NA,NA
PRM_0250,GGGRSPVRDYVVL,GGTGGAGGTAGAAGTCCAGTTCGTGATTATGTTGTCTTGTAA,AGT,CGT,5,8,TRUE,S,R,Y,V,NA,NA,NA
PRM_0250,GGGRSPVPDYVVL,GGTGGAGGTAGAAGTCCAGTTCCGGATTATGTTGTCTTGTAA,AGT,CCG,5,8,TRUE,S,P,Y,V,NA,NA,NA
PRM_0250,GGGRSPVPDYVVL,GGTGGAGGTAGAAGTCCAGTTCCTGATTATGTTGTCTTGTAA,AGT,CCT,5,8,TRUE,S,P,Y,V,NA,NA,NA
PRM_0250,GGGRTPVKDYVVL,GGTGGAGGTAGAACGCCAGTTAAGGATTATGTTGTCTTGTAA,ACG,AAG,5,8,TRUE,T,K,Y,V,NA,NA,NA
PRM_0250,GGGRTPVNDYVVL,GGTGGAGGTAGAACGCCAGTTAATGATTATGTTGTCTTGTAA,ACG,AAT,5,8,TRUE,T,N,Y,V,NA,NA,NA
PRM_0250,GGGRTPVMDYVVL,GGTGGAGGTAGAACGCCAGTTATGGATTATGTTGTCTTGTAA,ACG,ATG,5,8,TRUE,T,M,Y,V,NA,NA,NA
PRM_0250,GGGRTPVIDYVVL,GGTGGAGGTAGAACGCCAGTTATTGATTATGTTGTCTTGTAA,ACG,ATT,5,8,TRUE,T,I,Y,V,NA,NA,NA
PRM_0250,GGGRTPVRDYVVL,GGTGGAGGTAGAACGCCAGTTAGGGATTATGTTGTCTTGTAA,ACG,AGG,5,8,TRUE,T,R,Y,V,NA,NA,NA
PRM_0250,GGGRTPVSDYVVL,GGTGGAGGTAGAACGCCAGTTAGTGATTATGTTGTCTTGTAA,ACG,AGT,5,8,TRUE,T,S,Y,V,NA,NA,NA
PRM_0250,GGGRTPVTDYVVL,GGTGGAGGTAGAACGCCAGTTACGGATTATGTTGTCTTGTAA,ACG,ACG,5,8,TRUE,T,T,Y,V,NA,NA,NA
PRM_0250,GGGRTPVTDYVVL,GGTGGAGGTAGAACGCCAGTTACTGATTATGTTGTCTTGTAA,ACG,ACT,5,8,TRUE,T,T,Y,V,NA,NA,NA
PRM_0250,GGGRTPV*DYVVL,GGTGGAGGTAGAACGCCAGTTTAGGATTATGTTGTCTTGTAA,ACG,TAG,5,8,TRUE,T,*,Y,V,NA,NA,NA
PRM_0250,GGGRTPVYDYVVL,GGTGGAGGTAGAACGCCAGTTTATGATTATGTTGTCTTGTAA,ACG,TAT,5,8,TRUE,T,Y,Y,V,NA,NA,NA
PRM_0250,GGGRTPVLDYVVL,GGTGGAGGTAGAACGCCAGTTTTGGATTATGTTGTCTTGTAA,ACG,TTG,5,8,TRUE,T,L,Y,V,NA,NA,NA
PRM_0250,GGGRTPVFDYVVL,GGTGGAGGTAGAACGCCAGTTTTTGATTATGTTGTCTTGTAA,ACG,TTT,5,8,TRUE,T,F,Y,V,NA,NA,NA
PRM_0250,GGGRTPVWDYVVL,GGTGGAGGTAGAACGCCAGTTTGGGATTATGTTGTCTTGTAA,ACG,TGG,5,8,TRUE,T,W,Y,V,NA,NA,NA
PRM_0250,GGGRTPVCDYVVL,GGTGGAGGTAGAACGCCAGTTTGTGATTATGTTGTCTTGTAA,ACG,TGT,5,8,TRUE,T,C,Y,V,NA,NA,NA
PRM_0250,GGGRTPVSDYVVL,GGTGGAGGTAGAACGCCAGTTTCGGATTATGTTGTCTTGTAA,ACG,TCG,5,8,TRUE,T,S,Y,V,NA,NA,NA
PRM_0250,GGGRTPVSDYVVL,GGTGGAGGTAGAACGCCAGTTTCTGATTATGTTGTCTTGTAA,ACG,TCT,5,8,TRUE,T,S,Y,V,NA,NA,NA
PRM_0250,GGGRTPVEDYVVL,GGTGGAGGTAGAACGCCAGTTGAGGATTATGTTGTCTTGTAA,ACG,GAG,5,8,TRUE,T,E,Y,V,NA,NA,NA
PRM_0250,GGGRTPVDDYVVL,GGTGGAGGTAGAACGCCAGTTGATGATTATGTTGTCTTGTAA,ACG,GAT,5,8,TRUE,T,D,Y,V,NA,NA,NA
PRM_0250,GGGRTPVVDYVVL,GGTGGAGGTAGAACGCCAGTTGTGGATTATGTTGTCTTGTAA,ACG,GTG,5,8,TRUE,T,V,Y,V,NA,NA,NA
PRM_0250,GGGRTPVVDYVVL,GGTGGAGGTAGAACGCCAGTTGTTGATTATGTTGTCTTGTAA,ACG,GTT,5,8,TRUE,T,V,Y,V,NA,NA,NA
PRM_0250,GGGRTPVGDYVVL,GGTGGAGGTAGAACGCCAGTTGGGGATTATGTTGTCTTGTAA,ACG,GGG,5,8,TRUE,T,G,Y,V,NA,NA,NA
PRM_0250,GGGRTPVGDYVVL,GGTGGAGGTAGAACGCCAGTTGGTGATTATGTTGTCTTGTAA,ACG,GGT,5,8,TRUE,T,G,Y,V,NA,NA,NA
PRM_0250,GGGRTPVADYVVL,GGTGGAGGTAGAACGCCAGTTGCGGATTATGTTGTCTTGTAA,ACG,GCG,5,8,TRUE,T,A,Y,V,NA,NA,NA
PRM_0250,GGGRTPVADYVVL,GGTGGAGGTAGAACGCCAGTTGCTGATTATGTTGTCTTGTAA,ACG,GCT,5,8,TRUE,T,A,Y,V,NA,NA,NA
PRM_0250,GGGRTPVQDYVVL,GGTGGAGGTAGAACGCCAGTTCAGGATTATGTTGTCTTGTAA,ACG,CAG,5,8,TRUE,T,Q,Y,V,NA,NA,NA
PRM_0250,GGGRTPVHDYVVL,GGTGGAGGTAGAACGCCAGTTCATGATTATGTTGTCTTGTAA,ACG,CAT,5,8,TRUE,T,H,Y,V,NA,NA,NA
PRM_0250,GGGRTPVLDYVVL,GGTGGAGGTAGAACGCCAGTTCTGGATTATGTTGTCTTGTAA,ACG,CTG,5,8,TRUE,T,L,Y,V,NA,NA,NA
PRM_0250,GGGRTPVLDYVVL,GGTGGAGGTAGAACGCCAGTTCTTGATTATGTTGTCTTGTAA,ACG,CTT,5,8,TRUE,T,L,Y,V,NA,NA,NA
PRM_0250,GGGRTPVRDYVVL,GGTGGAGGTAGAACGCCAGTTCGGGATTATGTTGTCTTGTAA,ACG,CGG,5,8,TRUE,T,R,Y,V,NA,NA,NA
PRM_0250,GGGRTPVRDYVVL,GGTGGAGGTAGAACGCCAGTTCGTGATTATGTTGTCTTGTAA,ACG,CGT,5,8,TRUE,T,R,Y,V,NA,NA,NA
PRM_0250,GGGRTPVPDYVVL,GGTGGAGGTAGAACGCCAGTTCCGGATTATGTTGTCTTGTAA,ACG,CCG,5,8,TRUE,T,P,Y,V,NA,NA,NA
PRM_0250,GGGRTPVPDYVVL,GGTGGAGGTAGAACGCCAGTTCCTGATTATGTTGTCTTGTAA,ACG,CCT,5,8,TRUE,T,P,Y,V,NA,NA,NA
PRM_0250,GGGRTPVKDYVVL,GGTGGAGGTAGAACTCCAGTTAAGGATTATGTTGTCTTGTAA,ACT,AAG,5,8,TRUE,T,K,Y,V,NA,NA,NA
PRM_0250,GGGRTPVNDYVVL,GGTGGAGGTAGAACTCCAGTTAATGATTATGTTGTCTTGTAA,ACT,AAT,5,8,TRUE,T,N,Y,V,NA,NA,NA
PRM_0250,GGGRTPVMDYVVL,GGTGGAGGTAGAACTCCAGTTATGGATTATGTTGTCTTGTAA,ACT,ATG,5,8,TRUE,T,M,Y,V,NA,NA,NA
PRM_0250,GGGRTPVIDYVVL,GGTGGAGGTAGAACTCCAGTTATTGATTATGTTGTCTTGTAA,ACT,ATT,5,8,TRUE,T,I,Y,V,NA,NA,NA
PRM_0250,GGGRTPVRDYVVL,GGTGGAGGTAGAACTCCAGTTAGGGATTATGTTGTCTTGTAA,ACT,AGG,5,8,TRUE,T,R,Y,V,NA,NA,NA
PRM_0250,GGGRTPVSDYVVL,GGTGGAGGTAGAACTCCAGTTAGTGATTATGTTGTCTTGTAA,ACT,AGT,5,8,TRUE,T,S,Y,V,NA,NA,NA
PRM_0250,GGGRTPVTDYVVL,GGTGGAGGTAGAACTCCAGTTACGGATTATGTTGTCTTGTAA,ACT,ACG,5,8,TRUE,T,T,Y,V,NA,NA,NA
PRM_0250,GGGRTPVTDYVVL,GGTGGAGGTAGAACTCCAGTTACTGATTATGTTGTCTTGTAA,ACT,ACT,5,8,TRUE,T,T,Y,V,NA,NA,NA
PRM_0250,GGGRTPV*DYVVL,GGTGGAGGTAGAACTCCAGTTTAGGATTATGTTGTCTTGTAA,ACT,TAG,5,8,TRUE,T,*,Y,V,NA,NA,NA
PRM_0250,GGGRTPVYDYVVL,GGTGGAGGTAGAACTCCAGTTTATGATTATGTTGTCTTGTAA,ACT,TAT,5,8,TRUE,T,Y,Y,V,NA,NA,NA
PRM_0250,GGGRTPVLDYVVL,GGTGGAGGTAGAACTCCAGTTTTGGATTATGTTGTCTTGTAA,ACT,TTG,5,8,TRUE,T,L,Y,V,NA,NA,NA
PRM_0250,GGGRTPVFDYVVL,GGTGGAGGTAGAACTCCAGTTTTTGATTATGTTGTCTTGTAA,ACT,TTT,5,8,TRUE,T,F,Y,V,NA,NA,NA
PRM_0250,GGGRTPVWDYVVL,GGTGGAGGTAGAACTCCAGTTTGGGATTATGTTGTCTTGTAA,ACT,TGG,5,8,TRUE,T,W,Y,V,NA,NA,NA
PRM_0250,GGGRTPVCDYVVL,GGTGGAGGTAGAACTCCAGTTTGTGATTATGTTGTCTTGTAA,ACT,TGT,5,8,TRUE,T,C,Y,V,NA,NA,NA
PRM_0250,GGGRTPVSDYVVL,GGTGGAGGTAGAACTCCAGTTTCGGATTATGTTGTCTTGTAA,ACT,TCG,5,8,TRUE,T,S,Y,V,NA,NA,NA
PRM_0250,GGGRTPVSDYVVL,GGTGGAGGTAGAACTCCAGTTTCTGATTATGTTGTCTTGTAA,ACT,TCT,5,8,TRUE,T,S,Y,V,NA,NA,NA
PRM_0250,GGGRTPVEDYVVL,GGTGGAGGTAGAACTCCAGTTGAGGATTATGTTGTCTTGTAA,ACT,GAG,5,8,TRUE,T,E,Y,V,NA,NA,NA
PRM_0250,GGGRTPVDDYVVL,GGTGGAGGTAGAACTCCAGTTGATGATTATGTTGTCTTGTAA,ACT,GAT,5,8,TRUE,T,D,Y,V,NA,NA,NA
PRM_0250,GGGRTPVVDYVVL,GGTGGAGGTAGAACTCCAGTTGTGGATTATGTTGTCTTGTAA,ACT,GTG,5,8,TRUE,T,V,Y,V,NA,NA,NA
PRM_0250,GGGRTPVVDYVVL,GGTGGAGGTAGAACTCCAGTTGTTGATTATGTTGTCTTGTAA,ACT,GTT,5,8,TRUE,T,V,Y,V,NA,NA,NA
PRM_0250,GGGRTPVGDYVVL,GGTGGAGGTAGAACTCCAGTTGGGGATTATGTTGTCTTGTAA,ACT,GGG,5,8,TRUE,T,G,Y,V,NA,NA,NA
PRM_0250,GGGRTPVGDYVVL,GGTGGAGGTAGAACTCCAGTTGGTGATTATGTTGTCTTGTAA,ACT,GGT,5,8,TRUE,T,G,Y,V,NA,NA,NA
PRM_0250,GGGRTPVADYVVL,GGTGGAGGTAGAACTCCAGTTGCGGATTATGTTGTCTTGTAA,ACT,GCG,5,8,TRUE,T,A,Y,V,NA,NA,NA
PRM_0250,GGGRTPVADYVVL,GGTGGAGGTAGAACTCCAGTTGCTGATTATGTTGTCTTGTAA,ACT,GCT,5,8,TRUE,T,A,Y,V,NA,NA,NA
PRM_0250,GGGRTPVQDYVVL,GGTGGAGGTAGAACTCCAGTTCAGGATTATGTTGTCTTGTAA,ACT,CAG,5,8,TRUE,T,Q,Y,V,NA,NA,NA
PRM_0250,GGGRTPVHDYVVL,GGTGGAGGTAGAACTCCAGTTCATGATTATGTTGTCTTGTAA,ACT,CAT,5,8,TRUE,T,H,Y,V,NA,NA,NA
PRM_0250,GGGRTPVLDYVVL,GGTGGAGGTAGAACTCCAGTTCTGGATTATGTTGTCTTGTAA,ACT,CTG,5,8,TRUE,T,L,Y,V,NA,NA,NA
PRM_0250,GGGRTPVLDYVVL,GGTGGAGGTAGAACTCCAGTTCTTGATTATGTTGTCTTGTAA,ACT,CTT,5,8,TRUE,T,L,Y,V,NA,NA,NA
PRM_0250,GGGRTPVRDYVVL,GGTGGAGGTAGAACTCCAGTTCGGGATTATGTTGTCTTGTAA,ACT,CGG,5,8,TRUE,T,R,Y,V,NA,NA,NA
PRM_0250,GGGRTPVRDYVVL,GGTGGAGGTAGAACTCCAGTTCGTGATTATGTTGTCTTGTAA,ACT,CGT,5,8,TRUE,T,R,Y,V,NA,NA,NA
PRM_0250,GGGRTPVPDYVVL,GGTGGAGGTAGAACTCCAGTTCCGGATTATGTTGTCTTGTAA,ACT,CCG,5,8,TRUE,T,P,Y,V,NA,NA,NA
PRM_0250,GGGRTPVPDYVVL,GGTGGAGGTAGAACTCCAGTTCCTGATTATGTTGTCTTGTAA,ACT,CCT,5,8,TRUE,T,P,Y,V,NA,NA,NA
PRM_0250,GGGR*PVKDYVVL,GGTGGAGGTAGATAGCCAGTTAAGGATTATGTTGTCTTGTAA,TAG,AAG,5,8,TRUE,*,K,Y,V,NA,NA,NA
PRM_0250,GGGR*PVNDYVVL,GGTGGAGGTAGATAGCCAGTTAATGATTATGTTGTCTTGTAA,TAG,AAT,5,8,TRUE,*,N,Y,V,NA,NA,NA
PRM_0250,GGGR*PVMDYVVL,GGTGGAGGTAGATAGCCAGTTATGGATTATGTTGTCTTGTAA,TAG,ATG,5,8,TRUE,*,M,Y,V,NA,NA,NA
PRM_0250,GGGR*PVIDYVVL,GGTGGAGGTAGATAGCCAGTTATTGATTATGTTGTCTTGTAA,TAG,ATT,5,8,TRUE,*,I,Y,V,NA,NA,NA
PRM_0250,GGGR*PVRDYVVL,GGTGGAGGTAGATAGCCAGTTAGGGATTATGTTGTCTTGTAA,TAG,AGG,5,8,TRUE,*,R,Y,V,NA,NA,NA
PRM_0250,GGGR*PVSDYVVL,GGTGGAGGTAGATAGCCAGTTAGTGATTATGTTGTCTTGTAA,TAG,AGT,5,8,TRUE,*,S,Y,V,NA,NA,NA
PRM_0250,GGGR*PVTDYVVL,GGTGGAGGTAGATAGCCAGTTACGGATTATGTTGTCTTGTAA,TAG,ACG,5,8,TRUE,*,T,Y,V,NA,NA,NA
PRM_0250,GGGR*PVTDYVVL,GGTGGAGGTAGATAGCCAGTTACTGATTATGTTGTCTTGTAA,TAG,ACT,5,8,TRUE,*,T,Y,V,NA,NA,NA
PRM_0250,GGGR*PV*DYVVL,GGTGGAGGTAGATAGCCAGTTTAGGATTATGTTGTCTTGTAA,TAG,TAG,5,8,TRUE,*,*,Y,V,NA,NA,NA
PRM_0250,GGGR*PVYDYVVL,GGTGGAGGTAGATAGCCAGTTTATGATTATGTTGTCTTGTAA,TAG,TAT,5,8,TRUE,*,Y,Y,V,NA,NA,NA
PRM_0250,GGGR*PVLDYVVL,GGTGGAGGTAGATAGCCAGTTTTGGATTATGTTGTCTTGTAA,TAG,TTG,5,8,TRUE,*,L,Y,V,NA,NA,NA
PRM_0250,GGGR*PVFDYVVL,GGTGGAGGTAGATAGCCAGTTTTTGATTATGTTGTCTTGTAA,TAG,TTT,5,8,TRUE,*,F,Y,V,NA,NA,NA
PRM_0250,GGGR*PVWDYVVL,GGTGGAGGTAGATAGCCAGTTTGGGATTATGTTGTCTTGTAA,TAG,TGG,5,8,TRUE,*,W,Y,V,NA,NA,NA
PRM_0250,GGGR*PVCDYVVL,GGTGGAGGTAGATAGCCAGTTTGTGATTATGTTGTCTTGTAA,TAG,TGT,5,8,TRUE,*,C,Y,V,NA,NA,NA
PRM_0250,GGGR*PVSDYVVL,GGTGGAGGTAGATAGCCAGTTTCGGATTATGTTGTCTTGTAA,TAG,TCG,5,8,TRUE,*,S,Y,V,NA,NA,NA
PRM_0250,GGGR*PVSDYVVL,GGTGGAGGTAGATAGCCAGTTTCTGATTATGTTGTCTTGTAA,TAG,TCT,5,8,TRUE,*,S,Y,V,NA,NA,NA
PRM_0250,GGGR*PVEDYVVL,GGTGGAGGTAGATAGCCAGTTGAGGATTATGTTGTCTTGTAA,TAG,GAG,5,8,TRUE,*,E,Y,V,NA,NA,NA
PRM_0250,GGGR*PVDDYVVL,GGTGGAGGTAGATAGCCAGTTGATGATTATGTTGTCTTGTAA,TAG,GAT,5,8,TRUE,*,D,Y,V,NA,NA,NA
PRM_0250,GGGR*PVVDYVVL,GGTGGAGGTAGATAGCCAGTTGTGGATTATGTTGTCTTGTAA,TAG,GTG,5,8,TRUE,*,V,Y,V,NA,NA,NA
PRM_0250,GGGR*PVVDYVVL,GGTGGAGGTAGATAGCCAGTTGTTGATTATGTTGTCTTGTAA,TAG,GTT,5,8,TRUE,*,V,Y,V,NA,NA,NA
PRM_0250,GGGR*PVGDYVVL,GGTGGAGGTAGATAGCCAGTTGGGGATTATGTTGTCTTGTAA,TAG,GGG,5,8,TRUE,*,G,Y,V,NA,NA,NA
PRM_0250,GGGR*PVGDYVVL,GGTGGAGGTAGATAGCCAGTTGGTGATTATGTTGTCTTGTAA,TAG,GGT,5,8,TRUE,*,G,Y,V,NA,NA,NA
PRM_0250,GGGR*PVADYVVL,GGTGGAGGTAGATAGCCAGTTGCGGATTATGTTGTCTTGTAA,TAG,GCG,5,8,TRUE,*,A,Y,V,NA,NA,NA
PRM_0250,GGGR*PVADYVVL,GGTGGAGGTAGATAGCCAGTTGCTGATTATGTTGTCTTGTAA,TAG,GCT,5,8,TRUE,*,A,Y,V,NA,NA,NA
PRM_0250,GGGR*PVQDYVVL,GGTGGAGGTAGATAGCCAGTTCAGGATTATGTTGTCTTGTAA,TAG,CAG,5,8,TRUE,*,Q,Y,V,NA,NA,NA
PRM_0250,GGGR*PVHDYVVL,GGTGGAGGTAGATAGCCAGTTCATGATTATGTTGTCTTGTAA,TAG,CAT,5,8,TRUE,*,H,Y,V,NA,NA,NA
PRM_0250,GGGR*PVLDYVVL,GGTGGAGGTAGATAGCCAGTTCTGGATTATGTTGTCTTGTAA,TAG,CTG,5,8,TRUE,*,L,Y,V,NA,NA,NA
PRM_0250,GGGR*PVLDYVVL,GGTGGAGGTAGATAGCCAGTTCTTGATTATGTTGTCTTGTAA,TAG,CTT,5,8,TRUE,*,L,Y,V,NA,NA,NA
PRM_0250,GGGR*PVRDYVVL,GGTGGAGGTAGATAGCCAGTTCGGGATTATGTTGTCTTGTAA,TAG,CGG,5,8,TRUE,*,R,Y,V,NA,NA,NA
PRM_0250,GGGR*PVRDYVVL,GGTGGAGGTAGATAGCCAGTTCGTGATTATGTTGTCTTGTAA,TAG,CGT,5,8,TRUE,*,R,Y,V,NA,NA,NA
PRM_0250,GGGR*PVPDYVVL,GGTGGAGGTAGATAGCCAGTTCCGGATTATGTTGTCTTGTAA,TAG,CCG,5,8,TRUE,*,P,Y,V,NA,NA,NA
PRM_0250,GGGR*PVPDYVVL,GGTGGAGGTAGATAGCCAGTTCCTGATTATGTTGTCTTGTAA,TAG,CCT,5,8,TRUE,*,P,Y,V,NA,NA,NA
PRM_0250,GGGRYPVKDYVVL,GGTGGAGGTAGATATCCAGTTAAGGATTATGTTGTCTTGTAA,TAT,AAG,5,8,TRUE,Y,K,Y,V,NA,NA,NA
PRM_0250,GGGRYPVNDYVVL,GGTGGAGGTAGATATCCAGTTAATGATTATGTTGTCTTGTAA,TAT,AAT,5,8,TRUE,Y,N,Y,V,NA,NA,NA
PRM_0250,GGGRYPVMDYVVL,GGTGGAGGTAGATATCCAGTTATGGATTATGTTGTCTTGTAA,TAT,ATG,5,8,TRUE,Y,M,Y,V,NA,NA,NA
PRM_0250,GGGRYPVIDYVVL,GGTGGAGGTAGATATCCAGTTATTGATTATGTTGTCTTGTAA,TAT,ATT,5,8,TRUE,Y,I,Y,V,NA,NA,NA
PRM_0250,GGGRYPVRDYVVL,GGTGGAGGTAGATATCCAGTTAGGGATTATGTTGTCTTGTAA,TAT,AGG,5,8,TRUE,Y,R,Y,V,NA,NA,NA
PRM_0250,GGGRYPVSDYVVL,GGTGGAGGTAGATATCCAGTTAGTGATTATGTTGTCTTGTAA,TAT,AGT,5,8,TRUE,Y,S,Y,V,NA,NA,NA
PRM_0250,GGGRYPVTDYVVL,GGTGGAGGTAGATATCCAGTTACGGATTATGTTGTCTTGTAA,TAT,ACG,5,8,TRUE,Y,T,Y,V,NA,NA,NA
PRM_0250,GGGRYPVTDYVVL,GGTGGAGGTAGATATCCAGTTACTGATTATGTTGTCTTGTAA,TAT,ACT,5,8,TRUE,Y,T,Y,V,NA,NA,NA
PRM_0250,GGGRYPV*DYVVL,GGTGGAGGTAGATATCCAGTTTAGGATTATGTTGTCTTGTAA,TAT,TAG,5,8,TRUE,Y,*,Y,V,NA,NA,NA
PRM_0250,GGGRYPVYDYVVL,GGTGGAGGTAGATATCCAGTTTATGATTATGTTGTCTTGTAA,TAT,TAT,5,8,TRUE,Y,Y,Y,V,NA,NA,NA
PRM_0250,GGGRYPVLDYVVL,GGTGGAGGTAGATATCCAGTTTTGGATTATGTTGTCTTGTAA,TAT,TTG,5,8,TRUE,Y,L,Y,V,NA,NA,NA
PRM_0250,GGGRYPVFDYVVL,GGTGGAGGTAGATATCCAGTTTTTGATTATGTTGTCTTGTAA,TAT,TTT,5,8,TRUE,Y,F,Y,V,NA,NA,NA
PRM_0250,GGGRYPVWDYVVL,GGTGGAGGTAGATATCCAGTTTGGGATTATGTTGTCTTGTAA,TAT,TGG,5,8,TRUE,Y,W,Y,V,NA,NA,NA
PRM_0250,GGGRYPVCDYVVL,GGTGGAGGTAGATATCCAGTTTGTGATTATGTTGTCTTGTAA,TAT,TGT,5,8,TRUE,Y,C,Y,V,NA,NA,NA
PRM_0250,GGGRYPVSDYVVL,GGTGGAGGTAGATATCCAGTTTCGGATTATGTTGTCTTGTAA,TAT,TCG,5,8,TRUE,Y,S,Y,V,NA,NA,NA
PRM_0250,GGGRYPVSDYVVL,GGTGGAGGTAGATATCCAGTTTCTGATTATGTTGTCTTGTAA,TAT,TCT,5,8,TRUE,Y,S,Y,V,NA,NA,NA
PRM_0250,GGGRYPVEDYVVL,GGTGGAGGTAGATATCCAGTTGAGGATTATGTTGTCTTGTAA,TAT,GAG,5,8,TRUE,Y,E,Y,V,NA,NA,NA
PRM_0250,GGGRYPVDDYVVL,GGTGGAGGTAGATATCCAGTTGATGATTATGTTGTCTTGTAA,TAT,GAT,5,8,TRUE,Y,D,Y,V,NA,NA,NA
PRM_0250,GGGRYPVVDYVVL,GGTGGAGGTAGATATCCAGTTGTGGATTATGTTGTCTTGTAA,TAT,GTG,5,8,TRUE,Y,V,Y,V,NA,NA,NA
PRM_0250,GGGRYPVVDYVVL,GGTGGAGGTAGATATCCAGTTGTTGATTATGTTGTCTTGTAA,TAT,GTT,5,8,TRUE,Y,V,Y,V,NA,NA,NA
PRM_0250,GGGRYPVGDYVVL,GGTGGAGGTAGATATCCAGTTGGGGATTATGTTGTCTTGTAA,TAT,GGG,5,8,TRUE,Y,G,Y,V,NA,NA,NA
PRM_0250,GGGRYPVGDYVVL,GGTGGAGGTAGATATCCAGTTGGTGATTATGTTGTCTTGTAA,TAT,GGT,5,8,TRUE,Y,G,Y,V,NA,NA,NA
PRM_0250,GGGRYPVADYVVL,GGTGGAGGTAGATATCCAGTTGCGGATTATGTTGTCTTGTAA,TAT,GCG,5,8,TRUE,Y,A,Y,V,NA,NA,NA
PRM_0250,GGGRYPVADYVVL,GGTGGAGGTAGATATCCAGTTGCTGATTATGTTGTCTTGTAA,TAT,GCT,5,8,TRUE,Y,A,Y,V,NA,NA,NA
PRM_0250,GGGRYPVQDYVVL,GGTGGAGGTAGATATCCAGTTCAGGATTATGTTGTCTTGTAA,TAT,CAG,5,8,TRUE,Y,Q,Y,V,NA,NA,NA
PRM_0250,GGGRYPVHDYVVL,GGTGGAGGTAGATATCCAGTTCATGATTATGTTGTCTTGTAA,TAT,CAT,5,8,TRUE,Y,H,Y,V,NA,NA,NA
PRM_0250,GGGRYPVLDYVVL,GGTGGAGGTAGATATCCAGTTCTGGATTATGTTGTCTTGTAA,TAT,CTG,5,8,TRUE,Y,L,Y,V,NA,NA,NA
PRM_0250,GGGRYPVLDYVVL,GGTGGAGGTAGATATCCAGTTCTTGATTATGTTGTCTTGTAA,TAT,CTT,5,8,TRUE,Y,L,Y,V,NA,NA,NA
PRM_0250,GGGRYPVRDYVVL,GGTGGAGGTAGATATCCAGTTCGGGATTATGTTGTCTTGTAA,TAT,CGG,5,8,TRUE,Y,R,Y,V,NA,NA,NA
PRM_0250,GGGRYPVRDYVVL,GGTGGAGGTAGATATCCAGTTCGTGATTATGTTGTCTTGTAA,TAT,CGT,5,8,TRUE,Y,R,Y,V,NA,NA,NA
PRM_0250,GGGRYPVPDYVVL,GGTGGAGGTAGATATCCAGTTCCGGATTATGTTGTCTTGTAA,TAT,CCG,5,8,TRUE,Y,P,Y,V,NA,NA,NA
PRM_0250,GGGRYPVPDYVVL,GGTGGAGGTAGATATCCAGTTCCTGATTATGTTGTCTTGTAA,TAT,CCT,5,8,TRUE,Y,P,Y,V,NA,NA,NA
PRM_0250,GGGRLPVKDYVVL,GGTGGAGGTAGATTGCCAGTTAAGGATTATGTTGTCTTGTAA,TTG,AAG,5,8,TRUE,L,K,Y,V,NA,NA,NA
PRM_0250,GGGRLPVNDYVVL,GGTGGAGGTAGATTGCCAGTTAATGATTATGTTGTCTTGTAA,TTG,AAT,5,8,TRUE,L,N,Y,V,NA,NA,NA
PRM_0250,GGGRLPVMDYVVL,GGTGGAGGTAGATTGCCAGTTATGGATTATGTTGTCTTGTAA,TTG,ATG,5,8,TRUE,L,M,Y,V,NA,NA,NA
PRM_0250,GGGRLPVIDYVVL,GGTGGAGGTAGATTGCCAGTTATTGATTATGTTGTCTTGTAA,TTG,ATT,5,8,TRUE,L,I,Y,V,NA,NA,NA
PRM_0250,GGGRLPVRDYVVL,GGTGGAGGTAGATTGCCAGTTAGGGATTATGTTGTCTTGTAA,TTG,AGG,5,8,TRUE,L,R,Y,V,NA,NA,NA
PRM_0250,GGGRLPVSDYVVL,GGTGGAGGTAGATTGCCAGTTAGTGATTATGTTGTCTTGTAA,TTG,AGT,5,8,TRUE,L,S,Y,V,NA,NA,NA
PRM_0250,GGGRLPVTDYVVL,GGTGGAGGTAGATTGCCAGTTACGGATTATGTTGTCTTGTAA,TTG,ACG,5,8,TRUE,L,T,Y,V,NA,NA,NA
PRM_0250,GGGRLPVTDYVVL,GGTGGAGGTAGATTGCCAGTTACTGATTATGTTGTCTTGTAA,TTG,ACT,5,8,TRUE,L,T,Y,V,NA,NA,NA
PRM_0250,GGGRLPV*DYVVL,GGTGGAGGTAGATTGCCAGTTTAGGATTATGTTGTCTTGTAA,TTG,TAG,5,8,TRUE,L,*,Y,V,NA,NA,NA
PRM_0250,GGGRLPVYDYVVL,GGTGGAGGTAGATTGCCAGTTTATGATTATGTTGTCTTGTAA,TTG,TAT,5,8,TRUE,L,Y,Y,V,NA,NA,NA
PRM_0250,GGGRLPVLDYVVL,GGTGGAGGTAGATTGCCAGTTTTGGATTATGTTGTCTTGTAA,TTG,TTG,5,8,TRUE,L,L,Y,V,NA,NA,NA
PRM_0250,GGGRLPVFDYVVL,GGTGGAGGTAGATTGCCAGTTTTTGATTATGTTGTCTTGTAA,TTG,TTT,5,8,TRUE,L,F,Y,V,NA,NA,NA
PRM_0250,GGGRLPVWDYVVL,GGTGGAGGTAGATTGCCAGTTTGGGATTATGTTGTCTTGTAA,TTG,TGG,5,8,TRUE,L,W,Y,V,NA,NA,NA
PRM_0250,GGGRLPVCDYVVL,GGTGGAGGTAGATTGCCAGTTTGTGATTATGTTGTCTTGTAA,TTG,TGT,5,8,TRUE,L,C,Y,V,NA,NA,NA
PRM_0250,GGGRLPVSDYVVL,GGTGGAGGTAGATTGCCAGTTTCGGATTATGTTGTCTTGTAA,TTG,TCG,5,8,TRUE,L,S,Y,V,NA,NA,NA
PRM_0250,GGGRLPVSDYVVL,GGTGGAGGTAGATTGCCAGTTTCTGATTATGTTGTCTTGTAA,TTG,TCT,5,8,TRUE,L,S,Y,V,NA,NA,NA
PRM_0250,GGGRLPVEDYVVL,GGTGGAGGTAGATTGCCAGTTGAGGATTATGTTGTCTTGTAA,TTG,GAG,5,8,TRUE,L,E,Y,V,NA,NA,NA
PRM_0250,GGGRLPVDDYVVL,GGTGGAGGTAGATTGCCAGTTGATGATTATGTTGTCTTGTAA,TTG,GAT,5,8,TRUE,L,D,Y,V,NA,NA,NA
PRM_0250,GGGRLPVVDYVVL,GGTGGAGGTAGATTGCCAGTTGTGGATTATGTTGTCTTGTAA,TTG,GTG,5,8,TRUE,L,V,Y,V,NA,NA,NA
PRM_0250,GGGRLPVVDYVVL,GGTGGAGGTAGATTGCCAGTTGTTGATTATGTTGTCTTGTAA,TTG,GTT,5,8,TRUE,L,V,Y,V,NA,NA,NA
PRM_0250,GGGRLPVGDYVVL,GGTGGAGGTAGATTGCCAGTTGGGGATTATGTTGTCTTGTAA,TTG,GGG,5,8,TRUE,L,G,Y,V,NA,NA,NA
PRM_0250,GGGRLPVGDYVVL,GGTGGAGGTAGATTGCCAGTTGGTGATTATGTTGTCTTGTAA,TTG,GGT,5,8,TRUE,L,G,Y,V,NA,NA,NA
PRM_0250,GGGRLPVADYVVL,GGTGGAGGTAGATTGCCAGTTGCGGATTATGTTGTCTTGTAA,TTG,GCG,5,8,TRUE,L,A,Y,V,NA,NA,NA
PRM_0250,GGGRLPVADYVVL,GGTGGAGGTAGATTGCCAGTTGCTGATTATGTTGTCTTGTAA,TTG,GCT,5,8,TRUE,L,A,Y,V,NA,NA,NA
PRM_0250,GGGRLPVQDYVVL,GGTGGAGGTAGATTGCCAGTTCAGGATTATGTTGTCTTGTAA,TTG,CAG,5,8,TRUE,L,Q,Y,V,NA,NA,NA
PRM_0250,GGGRLPVHDYVVL,GGTGGAGGTAGATTGCCAGTTCATGATTATGTTGTCTTGTAA,TTG,CAT,5,8,TRUE,L,H,Y,V,NA,NA,NA
PRM_0250,GGGRLPVLDYVVL,GGTGGAGGTAGATTGCCAGTTCTGGATTATGTTGTCTTGTAA,TTG,CTG,5,8,TRUE,L,L,Y,V,NA,NA,NA
PRM_0250,GGGRLPVLDYVVL,GGTGGAGGTAGATTGCCAGTTCTTGATTATGTTGTCTTGTAA,TTG,CTT,5,8,TRUE,L,L,Y,V,NA,NA,NA
PRM_0250,GGGRLPVRDYVVL,GGTGGAGGTAGATTGCCAGTTCGGGATTATGTTGTCTTGTAA,TTG,CGG,5,8,TRUE,L,R,Y,V,NA,NA,NA
PRM_0250,GGGRLPVRDYVVL,GGTGGAGGTAGATTGCCAGTTCGTGATTATGTTGTCTTGTAA,TTG,CGT,5,8,TRUE,L,R,Y,V,NA,NA,NA
PRM_0250,GGGRLPVPDYVVL,GGTGGAGGTAGATTGCCAGTTCCGGATTATGTTGTCTTGTAA,TTG,CCG,5,8,TRUE,L,P,Y,V,NA,NA,NA
PRM_0250,GGGRLPVPDYVVL,GGTGGAGGTAGATTGCCAGTTCCTGATTATGTTGTCTTGTAA,TTG,CCT,5,8,TRUE,L,P,Y,V,NA,NA,NA
PRM_0250,GGGRFPVKDYVVL,GGTGGAGGTAGATTTCCAGTTAAGGATTATGTTGTCTTGTAA,TTT,AAG,5,8,TRUE,F,K,Y,V,NA,NA,NA
PRM_0250,GGGRFPVNDYVVL,GGTGGAGGTAGATTTCCAGTTAATGATTATGTTGTCTTGTAA,TTT,AAT,5,8,TRUE,F,N,Y,V,NA,NA,NA
PRM_0250,GGGRFPVMDYVVL,GGTGGAGGTAGATTTCCAGTTATGGATTATGTTGTCTTGTAA,TTT,ATG,5,8,TRUE,F,M,Y,V,NA,NA,NA
PRM_0250,GGGRFPVIDYVVL,GGTGGAGGTAGATTTCCAGTTATTGATTATGTTGTCTTGTAA,TTT,ATT,5,8,TRUE,F,I,Y,V,NA,NA,NA
PRM_0250,GGGRFPVRDYVVL,GGTGGAGGTAGATTTCCAGTTAGGGATTATGTTGTCTTGTAA,TTT,AGG,5,8,TRUE,F,R,Y,V,NA,NA,NA
PRM_0250,GGGRFPVSDYVVL,GGTGGAGGTAGATTTCCAGTTAGTGATTATGTTGTCTTGTAA,TTT,AGT,5,8,TRUE,F,S,Y,V,NA,NA,NA
PRM_0250,GGGRFPVTDYVVL,GGTGGAGGTAGATTTCCAGTTACGGATTATGTTGTCTTGTAA,TTT,ACG,5,8,TRUE,F,T,Y,V,NA,NA,NA
PRM_0250,GGGRFPVTDYVVL,GGTGGAGGTAGATTTCCAGTTACTGATTATGTTGTCTTGTAA,TTT,ACT,5,8,TRUE,F,T,Y,V,NA,NA,NA
PRM_0250,GGGRFPV*DYVVL,GGTGGAGGTAGATTTCCAGTTTAGGATTATGTTGTCTTGTAA,TTT,TAG,5,8,TRUE,F,*,Y,V,NA,NA,NA
PRM_0250,GGGRFPVYDYVVL,GGTGGAGGTAGATTTCCAGTTTATGATTATGTTGTCTTGTAA,TTT,TAT,5,8,TRUE,F,Y,Y,V,NA,NA,NA
PRM_0250,GGGRFPVLDYVVL,GGTGGAGGTAGATTTCCAGTTTTGGATTATGTTGTCTTGTAA,TTT,TTG,5,8,TRUE,F,L,Y,V,NA,NA,NA
PRM_0250,GGGRFPVFDYVVL,GGTGGAGGTAGATTTCCAGTTTTTGATTATGTTGTCTTGTAA,TTT,TTT,5,8,TRUE,F,F,Y,V,NA,NA,NA
PRM_0250,GGGRFPVWDYVVL,GGTGGAGGTAGATTTCCAGTTTGGGATTATGTTGTCTTGTAA,TTT,TGG,5,8,TRUE,F,W,Y,V,NA,NA,NA
PRM_0250,GGGRFPVCDYVVL,GGTGGAGGTAGATTTCCAGTTTGTGATTATGTTGTCTTGTAA,TTT,TGT,5,8,TRUE,F,C,Y,V,NA,NA,NA
PRM_0250,GGGRFPVSDYVVL,GGTGGAGGTAGATTTCCAGTTTCGGATTATGTTGTCTTGTAA,TTT,TCG,5,8,TRUE,F,S,Y,V,NA,NA,NA
PRM_0250,GGGRFPVSDYVVL,GGTGGAGGTAGATTTCCAGTTTCTGATTATGTTGTCTTGTAA,TTT,TCT,5,8,TRUE,F,S,Y,V,NA,NA,NA
PRM_0250,GGGRFPVEDYVVL,GGTGGAGGTAGATTTCCAGTTGAGGATTATGTTGTCTTGTAA,TTT,GAG,5,8,TRUE,F,E,Y,V,NA,NA,NA
PRM_0250,GGGRFPVDDYVVL,GGTGGAGGTAGATTTCCAGTTGATGATTATGTTGTCTTGTAA,TTT,GAT,5,8,TRUE,F,D,Y,V,NA,NA,NA
PRM_0250,GGGRFPVVDYVVL,GGTGGAGGTAGATTTCCAGTTGTGGATTATGTTGTCTTGTAA,TTT,GTG,5,8,TRUE,F,V,Y,V,NA,NA,NA
PRM_0250,GGGRFPVVDYVVL,GGTGGAGGTAGATTTCCAGTTGTTGATTATGTTGTCTTGTAA,TTT,GTT,5,8,TRUE,F,V,Y,V,NA,NA,NA
PRM_0250,GGGRFPVGDYVVL,GGTGGAGGTAGATTTCCAGTTGGGGATTATGTTGTCTTGTAA,TTT,GGG,5,8,TRUE,F,G,Y,V,NA,NA,NA
PRM_0250,GGGRFPVGDYVVL,GGTGGAGGTAGATTTCCAGTTGGTGATTATGTTGTCTTGTAA,TTT,GGT,5,8,TRUE,F,G,Y,V,NA,NA,NA
PRM_0250,GGGRFPVADYVVL,GGTGGAGGTAGATTTCCAGTTGCGGATTATGTTGTCTTGTAA,TTT,GCG,5,8,TRUE,F,A,Y,V,NA,NA,NA
PRM_0250,GGGRFPVADYVVL,GGTGGAGGTAGATTTCCAGTTGCTGATTATGTTGTCTTGTAA,TTT,GCT,5,8,TRUE,F,A,Y,V,NA,NA,NA
PRM_0250,GGGRFPVQDYVVL,GGTGGAGGTAGATTTCCAGTTCAGGATTATGTTGTCTTGTAA,TTT,CAG,5,8,TRUE,F,Q,Y,V,NA,NA,NA
PRM_0250,GGGRFPVHDYVVL,GGTGGAGGTAGATTTCCAGTTCATGATTATGTTGTCTTGTAA,TTT,CAT,5,8,TRUE,F,H,Y,V,NA,NA,NA
PRM_0250,GGGRFPVLDYVVL,GGTGGAGGTAGATTTCCAGTTCTGGATTATGTTGTCTTGTAA,TTT,CTG,5,8,TRUE,F,L,Y,V,NA,NA,NA
PRM_0250,GGGRFPVLDYVVL,GGTGGAGGTAGATTTCCAGTTCTTGATTATGTTGTCTTGTAA,TTT,CTT,5,8,TRUE,F,L,Y,V,NA,NA,NA
PRM_0250,GGGRFPVRDYVVL,GGTGGAGGTAGATTTCCAGTTCGGGATTATGTTGTCTTGTAA,TTT,CGG,5,8,TRUE,F,R,Y,V,NA,NA,NA
PRM_0250,GGGRFPVRDYVVL,GGTGGAGGTAGATTTCCAGTTCGTGATTATGTTGTCTTGTAA,TTT,CGT,5,8,TRUE,F,R,Y,V,NA,NA,NA
PRM_0250,GGGRFPVPDYVVL,GGTGGAGGTAGATTTCCAGTTCCGGATTATGTTGTCTTGTAA,TTT,CCG,5,8,TRUE,F,P,Y,V,NA,NA,NA
PRM_0250,GGGRFPVPDYVVL,GGTGGAGGTAGATTTCCAGTTCCTGATTATGTTGTCTTGTAA,TTT,CCT,5,8,TRUE,F,P,Y,V,NA,NA,NA
PRM_0250,GGGRWPVKDYVVL,GGTGGAGGTAGATGGCCAGTTAAGGATTATGTTGTCTTGTAA,TGG,AAG,5,8,TRUE,W,K,Y,V,NA,NA,NA
PRM_0250,GGGRWPVNDYVVL,GGTGGAGGTAGATGGCCAGTTAATGATTATGTTGTCTTGTAA,TGG,AAT,5,8,TRUE,W,N,Y,V,NA,NA,NA
PRM_0250,GGGRWPVMDYVVL,GGTGGAGGTAGATGGCCAGTTATGGATTATGTTGTCTTGTAA,TGG,ATG,5,8,TRUE,W,M,Y,V,NA,NA,NA
PRM_0250,GGGRWPVIDYVVL,GGTGGAGGTAGATGGCCAGTTATTGATTATGTTGTCTTGTAA,TGG,ATT,5,8,TRUE,W,I,Y,V,NA,NA,NA
PRM_0250,GGGRWPVRDYVVL,GGTGGAGGTAGATGGCCAGTTAGGGATTATGTTGTCTTGTAA,TGG,AGG,5,8,TRUE,W,R,Y,V,NA,NA,NA
PRM_0250,GGGRWPVSDYVVL,GGTGGAGGTAGATGGCCAGTTAGTGATTATGTTGTCTTGTAA,TGG,AGT,5,8,TRUE,W,S,Y,V,NA,NA,NA
PRM_0250,GGGRWPVTDYVVL,GGTGGAGGTAGATGGCCAGTTACGGATTATGTTGTCTTGTAA,TGG,ACG,5,8,TRUE,W,T,Y,V,NA,NA,NA
PRM_0250,GGGRWPVTDYVVL,GGTGGAGGTAGATGGCCAGTTACTGATTATGTTGTCTTGTAA,TGG,ACT,5,8,TRUE,W,T,Y,V,NA,NA,NA
PRM_0250,GGGRWPV*DYVVL,GGTGGAGGTAGATGGCCAGTTTAGGATTATGTTGTCTTGTAA,TGG,TAG,5,8,TRUE,W,*,Y,V,NA,NA,NA
PRM_0250,GGGRWPVYDYVVL,GGTGGAGGTAGATGGCCAGTTTATGATTATGTTGTCTTGTAA,TGG,TAT,5,8,TRUE,W,Y,Y,V,NA,NA,NA
PRM_0250,GGGRWPVLDYVVL,GGTGGAGGTAGATGGCCAGTTTTGGATTATGTTGTCTTGTAA,TGG,TTG,5,8,TRUE,W,L,Y,V,NA,NA,NA
PRM_0250,GGGRWPVFDYVVL,GGTGGAGGTAGATGGCCAGTTTTTGATTATGTTGTCTTGTAA,TGG,TTT,5,8,TRUE,W,F,Y,V,NA,NA,NA
PRM_0250,GGGRWPVWDYVVL,GGTGGAGGTAGATGGCCAGTTTGGGATTATGTTGTCTTGTAA,TGG,TGG,5,8,TRUE,W,W,Y,V,NA,NA,NA
PRM_0250,GGGRWPVCDYVVL,GGTGGAGGTAGATGGCCAGTTTGTGATTATGTTGTCTTGTAA,TGG,TGT,5,8,TRUE,W,C,Y,V,NA,NA,NA
PRM_0250,GGGRWPVSDYVVL,GGTGGAGGTAGATGGCCAGTTTCGGATTATGTTGTCTTGTAA,TGG,TCG,5,8,TRUE,W,S,Y,V,NA,NA,NA
PRM_0250,GGGRWPVSDYVVL,GGTGGAGGTAGATGGCCAGTTTCTGATTATGTTGTCTTGTAA,TGG,TCT,5,8,TRUE,W,S,Y,V,NA,NA,NA
PRM_0250,GGGRWPVEDYVVL,GGTGGAGGTAGATGGCCAGTTGAGGATTATGTTGTCTTGTAA,TGG,GAG,5,8,TRUE,W,E,Y,V,NA,NA,NA
PRM_0250,GGGRWPVDDYVVL,GGTGGAGGTAGATGGCCAGTTGATGATTATGTTGTCTTGTAA,TGG,GAT,5,8,TRUE,W,D,Y,V,NA,NA,NA
PRM_0250,GGGRWPVVDYVVL,GGTGGAGGTAGATGGCCAGTTGTGGATTATGTTGTCTTGTAA,TGG,GTG,5,8,TRUE,W,V,Y,V,NA,NA,NA
PRM_0250,GGGRWPVVDYVVL,GGTGGAGGTAGATGGCCAGTTGTTGATTATGTTGTCTTGTAA,TGG,GTT,5,8,TRUE,W,V,Y,V,NA,NA,NA
PRM_0250,GGGRWPVGDYVVL,GGTGGAGGTAGATGGCCAGTTGGGGATTATGTTGTCTTGTAA,TGG,GGG,5,8,TRUE,W,G,Y,V,NA,NA,NA
PRM_0250,GGGRWPVGDYVVL,GGTGGAGGTAGATGGCCAGTTGGTGATTATGTTGTCTTGTAA,TGG,GGT,5,8,TRUE,W,G,Y,V,NA,NA,NA
PRM_0250,GGGRWPVADYVVL,GGTGGAGGTAGATGGCCAGTTGCGGATTATGTTGTCTTGTAA,TGG,GCG,5,8,TRUE,W,A,Y,V,NA,NA,NA
PRM_0250,GGGRWPVADYVVL,GGTGGAGGTAGATGGCCAGTTGCTGATTATGTTGTCTTGTAA,TGG,GCT,5,8,TRUE,W,A,Y,V,NA,NA,NA
PRM_0250,GGGRWPVQDYVVL,GGTGGAGGTAGATGGCCAGTTCAGGATTATGTTGTCTTGTAA,TGG,CAG,5,8,TRUE,W,Q,Y,V,NA,NA,NA
PRM_0250,GGGRWPVHDYVVL,GGTGGAGGTAGATGGCCAGTTCATGATTATGTTGTCTTGTAA,TGG,CAT,5,8,TRUE,W,H,Y,V,NA,NA,NA
PRM_0250,GGGRWPVLDYVVL,GGTGGAGGTAGATGGCCAGTTCTGGATTATGTTGTCTTGTAA,TGG,CTG,5,8,TRUE,W,L,Y,V,NA,NA,NA
PRM_0250,GGGRWPVLDYVVL,GGTGGAGGTAGATGGCCAGTTCTTGATTATGTTGTCTTGTAA,TGG,CTT,5,8,TRUE,W,L,Y,V,NA,NA,NA
PRM_0250,GGGRWPVRDYVVL,GGTGGAGGTAGATGGCCAGTTCGGGATTATGTTGTCTTGTAA,TGG,CGG,5,8,TRUE,W,R,Y,V,NA,NA,NA
PRM_0250,GGGRWPVRDYVVL,GGTGGAGGTAGATGGCCAGTTCGTGATTATGTTGTCTTGTAA,TGG,CGT,5,8,TRUE,W,R,Y,V,NA,NA,NA
PRM_0250,GGGRWPVPDYVVL,GGTGGAGGTAGATGGCCAGTTCCGGATTATGTTGTCTTGTAA,TGG,CCG,5,8,TRUE,W,P,Y,V,NA,NA,NA
PRM_0250,GGGRWPVPDYVVL,GGTGGAGGTAGATGGCCAGTTCCTGATTATGTTGTCTTGTAA,TGG,CCT,5,8,TRUE,W,P,Y,V,NA,NA,NA
PRM_0250,GGGRCPVKDYVVL,GGTGGAGGTAGATGTCCAGTTAAGGATTATGTTGTCTTGTAA,TGT,AAG,5,8,TRUE,C,K,Y,V,NA,NA,NA
PRM_0250,GGGRCPVNDYVVL,GGTGGAGGTAGATGTCCAGTTAATGATTATGTTGTCTTGTAA,TGT,AAT,5,8,TRUE,C,N,Y,V,NA,NA,NA
PRM_0250,GGGRCPVMDYVVL,GGTGGAGGTAGATGTCCAGTTATGGATTATGTTGTCTTGTAA,TGT,ATG,5,8,TRUE,C,M,Y,V,NA,NA,NA
PRM_0250,GGGRCPVIDYVVL,GGTGGAGGTAGATGTCCAGTTATTGATTATGTTGTCTTGTAA,TGT,ATT,5,8,TRUE,C,I,Y,V,NA,NA,NA
PRM_0250,GGGRCPVRDYVVL,GGTGGAGGTAGATGTCCAGTTAGGGATTATGTTGTCTTGTAA,TGT,AGG,5,8,TRUE,C,R,Y,V,NA,NA,NA
PRM_0250,GGGRCPVSDYVVL,GGTGGAGGTAGATGTCCAGTTAGTGATTATGTTGTCTTGTAA,TGT,AGT,5,8,TRUE,C,S,Y,V,NA,NA,NA
PRM_0250,GGGRCPVTDYVVL,GGTGGAGGTAGATGTCCAGTTACGGATTATGTTGTCTTGTAA,TGT,ACG,5,8,TRUE,C,T,Y,V,NA,NA,NA
PRM_0250,GGGRCPVTDYVVL,GGTGGAGGTAGATGTCCAGTTACTGATTATGTTGTCTTGTAA,TGT,ACT,5,8,TRUE,C,T,Y,V,NA,NA,NA
PRM_0250,GGGRCPV*DYVVL,GGTGGAGGTAGATGTCCAGTTTAGGATTATGTTGTCTTGTAA,TGT,TAG,5,8,TRUE,C,*,Y,V,NA,NA,NA
PRM_0250,GGGRCPVYDYVVL,GGTGGAGGTAGATGTCCAGTTTATGATTATGTTGTCTTGTAA,TGT,TAT,5,8,TRUE,C,Y,Y,V,NA,NA,NA
PRM_0250,GGGRCPVLDYVVL,GGTGGAGGTAGATGTCCAGTTTTGGATTATGTTGTCTTGTAA,TGT,TTG,5,8,TRUE,C,L,Y,V,NA,NA,NA
PRM_0250,GGGRCPVFDYVVL,GGTGGAGGTAGATGTCCAGTTTTTGATTATGTTGTCTTGTAA,TGT,TTT,5,8,TRUE,C,F,Y,V,NA,NA,NA
PRM_0250,GGGRCPVWDYVVL,GGTGGAGGTAGATGTCCAGTTTGGGATTATGTTGTCTTGTAA,TGT,TGG,5,8,TRUE,C,W,Y,V,NA,NA,NA
PRM_0250,GGGRCPVCDYVVL,GGTGGAGGTAGATGTCCAGTTTGTGATTATGTTGTCTTGTAA,TGT,TGT,5,8,TRUE,C,C,Y,V,NA,NA,NA
PRM_0250,GGGRCPVSDYVVL,GGTGGAGGTAGATGTCCAGTTTCGGATTATGTTGTCTTGTAA,TGT,TCG,5,8,TRUE,C,S,Y,V,NA,NA,NA
PRM_0250,GGGRCPVSDYVVL,GGTGGAGGTAGATGTCCAGTTTCTGATTATGTTGTCTTGTAA,TGT,TCT,5,8,TRUE,C,S,Y,V,NA,NA,NA
PRM_0250,GGGRCPVEDYVVL,GGTGGAGGTAGATGTCCAGTTGAGGATTATGTTGTCTTGTAA,TGT,GAG,5,8,TRUE,C,E,Y,V,NA,NA,NA
PRM_0250,GGGRCPVDDYVVL,GGTGGAGGTAGATGTCCAGTTGATGATTATGTTGTCTTGTAA,TGT,GAT,5,8,TRUE,C,D,Y,V,NA,NA,NA
PRM_0250,GGGRCPVVDYVVL,GGTGGAGGTAGATGTCCAGTTGTGGATTATGTTGTCTTGTAA,TGT,GTG,5,8,TRUE,C,V,Y,V,NA,NA,NA
PRM_0250,GGGRCPVVDYVVL,GGTGGAGGTAGATGTCCAGTTGTTGATTATGTTGTCTTGTAA,TGT,GTT,5,8,TRUE,C,V,Y,V,NA,NA,NA
PRM_0250,GGGRCPVGDYVVL,GGTGGAGGTAGATGTCCAGTTGGGGATTATGTTGTCTTGTAA,TGT,GGG,5,8,TRUE,C,G,Y,V,NA,NA,NA
PRM_0250,GGGRCPVGDYVVL,GGTGGAGGTAGATGTCCAGTTGGTGATTATGTTGTCTTGTAA,TGT,GGT,5,8,TRUE,C,G,Y,V,NA,NA,NA
PRM_0250,GGGRCPVADYVVL,GGTGGAGGTAGATGTCCAGTTGCGGATTATGTTGTCTTGTAA,TGT,GCG,5,8,TRUE,C,A,Y,V,NA,NA,NA
PRM_0250,GGGRCPVADYVVL,GGTGGAGGTAGATGTCCAGTTGCTGATTATGTTGTCTTGTAA,TGT,GCT,5,8,TRUE,C,A,Y,V,NA,NA,NA
PRM_0250,GGGRCPVQDYVVL,GGTGGAGGTAGATGTCCAGTTCAGGATTATGTTGTCTTGTAA,TGT,CAG,5,8,TRUE,C,Q,Y,V,NA,NA,NA
PRM_0250,GGGRCPVHDYVVL,GGTGGAGGTAGATGTCCAGTTCATGATTATGTTGTCTTGTAA,TGT,CAT,5,8,TRUE,C,H,Y,V,NA,NA,NA
PRM_0250,GGGRCPVLDYVVL,GGTGGAGGTAGATGTCCAGTTCTGGATTATGTTGTCTTGTAA,TGT,CTG,5,8,TRUE,C,L,Y,V,NA,NA,NA
PRM_0250,GGGRCPVLDYVVL,GGTGGAGGTAGATGTCCAGTTCTTGATTATGTTGTCTTGTAA,TGT,CTT,5,8,TRUE,C,L,Y,V,NA,NA,NA
PRM_0250,GGGRCPVRDYVVL,GGTGGAGGTAGATGTCCAGTTCGGGATTATGTTGTCTTGTAA,TGT,CGG,5,8,TRUE,C,R,Y,V,NA,NA,NA
PRM_0250,GGGRCPVRDYVVL,GGTGGAGGTAGATGTCCAGTTCGTGATTATGTTGTCTTGTAA,TGT,CGT,5,8,TRUE,C,R,Y,V,NA,NA,NA
PRM_0250,GGGRCPVPDYVVL,GGTGGAGGTAGATGTCCAGTTCCGGATTATGTTGTCTTGTAA,TGT,CCG,5,8,TRUE,C,P,Y,V,NA,NA,NA
PRM_0250,GGGRCPVPDYVVL,GGTGGAGGTAGATGTCCAGTTCCTGATTATGTTGTCTTGTAA,TGT,CCT,5,8,TRUE,C,P,Y,V,NA,NA,NA
PRM_0250,GGGRSPVKDYVVL,GGTGGAGGTAGATCGCCAGTTAAGGATTATGTTGTCTTGTAA,TCG,AAG,5,8,TRUE,S,K,Y,V,NA,NA,NA
PRM_0250,GGGRSPVNDYVVL,GGTGGAGGTAGATCGCCAGTTAATGATTATGTTGTCTTGTAA,TCG,AAT,5,8,TRUE,S,N,Y,V,NA,NA,NA
PRM_0250,GGGRSPVMDYVVL,GGTGGAGGTAGATCGCCAGTTATGGATTATGTTGTCTTGTAA,TCG,ATG,5,8,TRUE,S,M,Y,V,NA,NA,NA
PRM_0250,GGGRSPVIDYVVL,GGTGGAGGTAGATCGCCAGTTATTGATTATGTTGTCTTGTAA,TCG,ATT,5,8,TRUE,S,I,Y,V,NA,NA,NA
PRM_0250,GGGRSPVRDYVVL,GGTGGAGGTAGATCGCCAGTTAGGGATTATGTTGTCTTGTAA,TCG,AGG,5,8,TRUE,S,R,Y,V,NA,NA,NA
PRM_0250,GGGRSPVSDYVVL,GGTGGAGGTAGATCGCCAGTTAGTGATTATGTTGTCTTGTAA,TCG,AGT,5,8,TRUE,S,S,Y,V,NA,NA,NA
PRM_0250,GGGRSPVTDYVVL,GGTGGAGGTAGATCGCCAGTTACGGATTATGTTGTCTTGTAA,TCG,ACG,5,8,TRUE,S,T,Y,V,NA,NA,NA
PRM_0250,GGGRSPVTDYVVL,GGTGGAGGTAGATCGCCAGTTACTGATTATGTTGTCTTGTAA,TCG,ACT,5,8,TRUE,S,T,Y,V,NA,NA,NA
PRM_0250,GGGRSPV*DYVVL,GGTGGAGGTAGATCGCCAGTTTAGGATTATGTTGTCTTGTAA,TCG,TAG,5,8,TRUE,S,*,Y,V,NA,NA,NA
PRM_0250,GGGRSPVYDYVVL,GGTGGAGGTAGATCGCCAGTTTATGATTATGTTGTCTTGTAA,TCG,TAT,5,8,TRUE,S,Y,Y,V,NA,NA,NA
PRM_0250,GGGRSPVLDYVVL,GGTGGAGGTAGATCGCCAGTTTTGGATTATGTTGTCTTGTAA,TCG,TTG,5,8,TRUE,S,L,Y,V,NA,NA,NA
PRM_0250,GGGRSPVFDYVVL,GGTGGAGGTAGATCGCCAGTTTTTGATTATGTTGTCTTGTAA,TCG,TTT,5,8,TRUE,S,F,Y,V,NA,NA,NA
PRM_0250,GGGRSPVWDYVVL,GGTGGAGGTAGATCGCCAGTTTGGGATTATGTTGTCTTGTAA,TCG,TGG,5,8,TRUE,S,W,Y,V,NA,NA,NA
PRM_0250,GGGRSPVCDYVVL,GGTGGAGGTAGATCGCCAGTTTGTGATTATGTTGTCTTGTAA,TCG,TGT,5,8,TRUE,S,C,Y,V,NA,NA,NA
PRM_0250,GGGRSPVSDYVVL,GGTGGAGGTAGATCGCCAGTTTCGGATTATGTTGTCTTGTAA,TCG,TCG,5,8,TRUE,S,S,Y,V,NA,NA,NA
PRM_0250,GGGRSPVSDYVVL,GGTGGAGGTAGATCGCCAGTTTCTGATTATGTTGTCTTGTAA,TCG,TCT,5,8,TRUE,S,S,Y,V,NA,NA,NA
PRM_0250,GGGRSPVEDYVVL,GGTGGAGGTAGATCGCCAGTTGAGGATTATGTTGTCTTGTAA,TCG,GAG,5,8,TRUE,S,E,Y,V,NA,NA,NA
PRM_0250,GGGRSPVDDYVVL,GGTGGAGGTAGATCGCCAGTTGATGATTATGTTGTCTTGTAA,TCG,GAT,5,8,TRUE,S,D,Y,V,NA,NA,NA
PRM_0250,GGGRSPVVDYVVL,GGTGGAGGTAGATCGCCAGTTGTGGATTATGTTGTCTTGTAA,TCG,GTG,5,8,TRUE,S,V,Y,V,NA,NA,NA
PRM_0250,GGGRSPVVDYVVL,GGTGGAGGTAGATCGCCAGTTGTTGATTATGTTGTCTTGTAA,TCG,GTT,5,8,TRUE,S,V,Y,V,NA,NA,NA
PRM_0250,GGGRSPVGDYVVL,GGTGGAGGTAGATCGCCAGTTGGGGATTATGTTGTCTTGTAA,TCG,GGG,5,8,TRUE,S,G,Y,V,NA,NA,NA
PRM_0250,GGGRSPVGDYVVL,GGTGGAGGTAGATCGCCAGTTGGTGATTATGTTGTCTTGTAA,TCG,GGT,5,8,TRUE,S,G,Y,V,NA,NA,NA
PRM_0250,GGGRSPVADYVVL,GGTGGAGGTAGATCGCCAGTTGCGGATTATGTTGTCTTGTAA,TCG,GCG,5,8,TRUE,S,A,Y,V,NA,NA,NA
PRM_0250,GGGRSPVADYVVL,GGTGGAGGTAGATCGCCAGTTGCTGATTATGTTGTCTTGTAA,TCG,GCT,5,8,TRUE,S,A,Y,V,NA,NA,NA
PRM_0250,GGGRSPVQDYVVL,GGTGGAGGTAGATCGCCAGTTCAGGATTATGTTGTCTTGTAA,TCG,CAG,5,8,TRUE,S,Q,Y,V,NA,NA,NA
PRM_0250,GGGRSPVHDYVVL,GGTGGAGGTAGATCGCCAGTTCATGATTATGTTGTCTTGTAA,TCG,CAT,5,8,TRUE,S,H,Y,V,NA,NA,NA
PRM_0250,GGGRSPVLDYVVL,GGTGGAGGTAGATCGCCAGTTCTGGATTATGTTGTCTTGTAA,TCG,CTG,5,8,TRUE,S,L,Y,V,NA,NA,NA
PRM_0250,GGGRSPVLDYVVL,GGTGGAGGTAGATCGCCAGTTCTTGATTATGTTGTCTTGTAA,TCG,CTT,5,8,TRUE,S,L,Y,V,NA,NA,NA
PRM_0250,GGGRSPVRDYVVL,GGTGGAGGTAGATCGCCAGTTCGGGATTATGTTGTCTTGTAA,TCG,CGG,5,8,TRUE,S,R,Y,V,NA,NA,NA
PRM_0250,GGGRSPVRDYVVL,GGTGGAGGTAGATCGCCAGTTCGTGATTATGTTGTCTTGTAA,TCG,CGT,5,8,TRUE,S,R,Y,V,NA,NA,NA
PRM_0250,GGGRSPVPDYVVL,GGTGGAGGTAGATCGCCAGTTCCGGATTATGTTGTCTTGTAA,TCG,CCG,5,8,TRUE,S,P,Y,V,NA,NA,NA
PRM_0250,GGGRSPVPDYVVL,GGTGGAGGTAGATCGCCAGTTCCTGATTATGTTGTCTTGTAA,TCG,CCT,5,8,TRUE,S,P,Y,V,NA,NA,NA
PRM_0250,GGGRSPVKDYVVL,GGTGGAGGTAGATCTCCAGTTAAGGATTATGTTGTCTTGTAA,TCT,AAG,5,8,TRUE,S,K,Y,V,NA,NA,NA
PRM_0250,GGGRSPVNDYVVL,GGTGGAGGTAGATCTCCAGTTAATGATTATGTTGTCTTGTAA,TCT,AAT,5,8,TRUE,S,N,Y,V,NA,NA,NA
PRM_0250,GGGRSPVMDYVVL,GGTGGAGGTAGATCTCCAGTTATGGATTATGTTGTCTTGTAA,TCT,ATG,5,8,TRUE,S,M,Y,V,NA,NA,NA
PRM_0250,GGGRSPVIDYVVL,GGTGGAGGTAGATCTCCAGTTATTGATTATGTTGTCTTGTAA,TCT,ATT,5,8,TRUE,S,I,Y,V,NA,NA,NA
PRM_0250,GGGRSPVRDYVVL,GGTGGAGGTAGATCTCCAGTTAGGGATTATGTTGTCTTGTAA,TCT,AGG,5,8,TRUE,S,R,Y,V,NA,NA,NA
PRM_0250,GGGRSPVSDYVVL,GGTGGAGGTAGATCTCCAGTTAGTGATTATGTTGTCTTGTAA,TCT,AGT,5,8,TRUE,S,S,Y,V,NA,NA,NA
PRM_0250,GGGRSPVTDYVVL,GGTGGAGGTAGATCTCCAGTTACGGATTATGTTGTCTTGTAA,TCT,ACG,5,8,TRUE,S,T,Y,V,NA,NA,NA
PRM_0250,GGGRSPVTDYVVL,GGTGGAGGTAGATCTCCAGTTACTGATTATGTTGTCTTGTAA,TCT,ACT,5,8,TRUE,S,T,Y,V,NA,NA,NA
PRM_0250,GGGRSPV*DYVVL,GGTGGAGGTAGATCTCCAGTTTAGGATTATGTTGTCTTGTAA,TCT,TAG,5,8,TRUE,S,*,Y,V,NA,NA,NA
PRM_0250,GGGRSPVYDYVVL,GGTGGAGGTAGATCTCCAGTTTATGATTATGTTGTCTTGTAA,TCT,TAT,5,8,TRUE,S,Y,Y,V,NA,NA,NA
PRM_0250,GGGRSPVLDYVVL,GGTGGAGGTAGATCTCCAGTTTTGGATTATGTTGTCTTGTAA,TCT,TTG,5,8,TRUE,S,L,Y,V,NA,NA,NA
PRM_0250,GGGRSPVFDYVVL,GGTGGAGGTAGATCTCCAGTTTTTGATTATGTTGTCTTGTAA,TCT,TTT,5,8,TRUE,S,F,Y,V,NA,NA,NA
PRM_0250,GGGRSPVWDYVVL,GGTGGAGGTAGATCTCCAGTTTGGGATTATGTTGTCTTGTAA,TCT,TGG,5,8,TRUE,S,W,Y,V,NA,NA,NA
PRM_0250,GGGRSPVCDYVVL,GGTGGAGGTAGATCTCCAGTTTGTGATTATGTTGTCTTGTAA,TCT,TGT,5,8,TRUE,S,C,Y,V,NA,NA,NA
PRM_0250,GGGRSPVSDYVVL,GGTGGAGGTAGATCTCCAGTTTCGGATTATGTTGTCTTGTAA,TCT,TCG,5,8,TRUE,S,S,Y,V,NA,NA,NA
PRM_0250,GGGRSPVSDYVVL,GGTGGAGGTAGATCTCCAGTTTCTGATTATGTTGTCTTGTAA,TCT,TCT,5,8,TRUE,S,S,Y,V,NA,NA,NA
PRM_0250,GGGRSPVEDYVVL,GGTGGAGGTAGATCTCCAGTTGAGGATTATGTTGTCTTGTAA,TCT,GAG,5,8,TRUE,S,E,Y,V,NA,NA,NA
PRM_0250,GGGRSPVDDYVVL,GGTGGAGGTAGATCTCCAGTTGATGATTATGTTGTCTTGTAA,TCT,GAT,5,8,TRUE,S,D,Y,V,NA,NA,NA
PRM_0250,GGGRSPVVDYVVL,GGTGGAGGTAGATCTCCAGTTGTGGATTATGTTGTCTTGTAA,TCT,GTG,5,8,TRUE,S,V,Y,V,NA,NA,NA
PRM_0250,GGGRSPVVDYVVL,GGTGGAGGTAGATCTCCAGTTGTTGATTATGTTGTCTTGTAA,TCT,GTT,5,8,TRUE,S,V,Y,V,NA,NA,NA
PRM_0250,GGGRSPVGDYVVL,GGTGGAGGTAGATCTCCAGTTGGGGATTATGTTGTCTTGTAA,TCT,GGG,5,8,TRUE,S,G,Y,V,NA,NA,NA
PRM_0250,GGGRSPVGDYVVL,GGTGGAGGTAGATCTCCAGTTGGTGATTATGTTGTCTTGTAA,TCT,GGT,5,8,TRUE,S,G,Y,V,NA,NA,NA
PRM_0250,GGGRSPVADYVVL,GGTGGAGGTAGATCTCCAGTTGCGGATTATGTTGTCTTGTAA,TCT,GCG,5,8,TRUE,S,A,Y,V,NA,NA,NA
PRM_0250,GGGRSPVADYVVL,GGTGGAGGTAGATCTCCAGTTGCTGATTATGTTGTCTTGTAA,TCT,GCT,5,8,TRUE,S,A,Y,V,NA,NA,NA
PRM_0250,GGGRSPVQDYVVL,GGTGGAGGTAGATCTCCAGTTCAGGATTATGTTGTCTTGTAA,TCT,CAG,5,8,TRUE,S,Q,Y,V,NA,NA,NA
PRM_0250,GGGRSPVHDYVVL,GGTGGAGGTAGATCTCCAGTTCATGATTATGTTGTCTTGTAA,TCT,CAT,5,8,TRUE,S,H,Y,V,NA,NA,NA
PRM_0250,GGGRSPVLDYVVL,GGTGGAGGTAGATCTCCAGTTCTGGATTATGTTGTCTTGTAA,TCT,CTG,5,8,TRUE,S,L,Y,V,NA,NA,NA
PRM_0250,GGGRSPVLDYVVL,GGTGGAGGTAGATCTCCAGTTCTTGATTATGTTGTCTTGTAA,TCT,CTT,5,8,TRUE,S,L,Y,V,NA,NA,NA
PRM_0250,GGGRSPVRDYVVL,GGTGGAGGTAGATCTCCAGTTCGGGATTATGTTGTCTTGTAA,TCT,CGG,5,8,TRUE,S,R,Y,V,NA,NA,NA
PRM_0250,GGGRSPVRDYVVL,GGTGGAGGTAGATCTCCAGTTCGTGATTATGTTGTCTTGTAA,TCT,CGT,5,8,TRUE,S,R,Y,V,NA,NA,NA
PRM_0250,GGGRSPVPDYVVL,GGTGGAGGTAGATCTCCAGTTCCGGATTATGTTGTCTTGTAA,TCT,CCG,5,8,TRUE,S,P,Y,V,NA,NA,NA
PRM_0250,GGGRSPVPDYVVL,GGTGGAGGTAGATCTCCAGTTCCTGATTATGTTGTCTTGTAA,TCT,CCT,5,8,TRUE,S,P,Y,V,NA,NA,NA
PRM_0250,GGGREPVKDYVVL,GGTGGAGGTAGAGAGCCAGTTAAGGATTATGTTGTCTTGTAA,GAG,AAG,5,8,TRUE,E,K,Y,V,NA,NA,NA
PRM_0250,GGGREPVNDYVVL,GGTGGAGGTAGAGAGCCAGTTAATGATTATGTTGTCTTGTAA,GAG,AAT,5,8,TRUE,E,N,Y,V,NA,NA,NA
PRM_0250,GGGREPVMDYVVL,GGTGGAGGTAGAGAGCCAGTTATGGATTATGTTGTCTTGTAA,GAG,ATG,5,8,TRUE,E,M,Y,V,NA,NA,NA
PRM_0250,GGGREPVIDYVVL,GGTGGAGGTAGAGAGCCAGTTATTGATTATGTTGTCTTGTAA,GAG,ATT,5,8,TRUE,E,I,Y,V,NA,NA,NA
PRM_0250,GGGREPVRDYVVL,GGTGGAGGTAGAGAGCCAGTTAGGGATTATGTTGTCTTGTAA,GAG,AGG,5,8,TRUE,E,R,Y,V,NA,NA,NA
PRM_0250,GGGREPVSDYVVL,GGTGGAGGTAGAGAGCCAGTTAGTGATTATGTTGTCTTGTAA,GAG,AGT,5,8,TRUE,E,S,Y,V,NA,NA,NA
PRM_0250,GGGREPVTDYVVL,GGTGGAGGTAGAGAGCCAGTTACGGATTATGTTGTCTTGTAA,GAG,ACG,5,8,TRUE,E,T,Y,V,NA,NA,NA
PRM_0250,GGGREPVTDYVVL,GGTGGAGGTAGAGAGCCAGTTACTGATTATGTTGTCTTGTAA,GAG,ACT,5,8,TRUE,E,T,Y,V,NA,NA,NA
PRM_0250,GGGREPV*DYVVL,GGTGGAGGTAGAGAGCCAGTTTAGGATTATGTTGTCTTGTAA,GAG,TAG,5,8,TRUE,E,*,Y,V,NA,NA,NA
PRM_0250,GGGREPVYDYVVL,GGTGGAGGTAGAGAGCCAGTTTATGATTATGTTGTCTTGTAA,GAG,TAT,5,8,TRUE,E,Y,Y,V,NA,NA,NA
PRM_0250,GGGREPVLDYVVL,GGTGGAGGTAGAGAGCCAGTTTTGGATTATGTTGTCTTGTAA,GAG,TTG,5,8,TRUE,E,L,Y,V,NA,NA,NA
PRM_0250,GGGREPVFDYVVL,GGTGGAGGTAGAGAGCCAGTTTTTGATTATGTTGTCTTGTAA,GAG,TTT,5,8,TRUE,E,F,Y,V,NA,NA,NA
PRM_0250,GGGREPVWDYVVL,GGTGGAGGTAGAGAGCCAGTTTGGGATTATGTTGTCTTGTAA,GAG,TGG,5,8,TRUE,E,W,Y,V,NA,NA,NA
PRM_0250,GGGREPVCDYVVL,GGTGGAGGTAGAGAGCCAGTTTGTGATTATGTTGTCTTGTAA,GAG,TGT,5,8,TRUE,E,C,Y,V,NA,NA,NA
PRM_0250,GGGREPVSDYVVL,GGTGGAGGTAGAGAGCCAGTTTCGGATTATGTTGTCTTGTAA,GAG,TCG,5,8,TRUE,E,S,Y,V,NA,NA,NA
PRM_0250,GGGREPVSDYVVL,GGTGGAGGTAGAGAGCCAGTTTCTGATTATGTTGTCTTGTAA,GAG,TCT,5,8,TRUE,E,S,Y,V,NA,NA,NA
PRM_0250,GGGREPVEDYVVL,GGTGGAGGTAGAGAGCCAGTTGAGGATTATGTTGTCTTGTAA,GAG,GAG,5,8,TRUE,E,E,Y,V,NA,NA,NA
PRM_0250,GGGREPVDDYVVL,GGTGGAGGTAGAGAGCCAGTTGATGATTATGTTGTCTTGTAA,GAG,GAT,5,8,TRUE,E,D,Y,V,NA,NA,NA
PRM_0250,GGGREPVVDYVVL,GGTGGAGGTAGAGAGCCAGTTGTGGATTATGTTGTCTTGTAA,GAG,GTG,5,8,TRUE,E,V,Y,V,NA,NA,NA
PRM_0250,GGGREPVVDYVVL,GGTGGAGGTAGAGAGCCAGTTGTTGATTATGTTGTCTTGTAA,GAG,GTT,5,8,TRUE,E,V,Y,V,NA,NA,NA
PRM_0250,GGGREPVGDYVVL,GGTGGAGGTAGAGAGCCAGTTGGGGATTATGTTGTCTTGTAA,GAG,GGG,5,8,TRUE,E,G,Y,V,NA,NA,NA
PRM_0250,GGGREPVGDYVVL,GGTGGAGGTAGAGAGCCAGTTGGTGATTATGTTGTCTTGTAA,GAG,GGT,5,8,TRUE,E,G,Y,V,NA,NA,NA
PRM_0250,GGGREPVADYVVL,GGTGGAGGTAGAGAGCCAGTTGCGGATTATGTTGTCTTGTAA,GAG,GCG,5,8,TRUE,E,A,Y,V,NA,NA,NA
PRM_0250,GGGREPVADYVVL,GGTGGAGGTAGAGAGCCAGTTGCTGATTATGTTGTCTTGTAA,GAG,GCT,5,8,TRUE,E,A,Y,V,NA,NA,NA
PRM_0250,GGGREPVQDYVVL,GGTGGAGGTAGAGAGCCAGTTCAGGATTATGTTGTCTTGTAA,GAG,CAG,5,8,TRUE,E,Q,Y,V,NA,NA,NA
PRM_0250,GGGREPVHDYVVL,GGTGGAGGTAGAGAGCCAGTTCATGATTATGTTGTCTTGTAA,GAG,CAT,5,8,TRUE,E,H,Y,V,NA,NA,NA
PRM_0250,GGGREPVLDYVVL,GGTGGAGGTAGAGAGCCAGTTCTGGATTATGTTGTCTTGTAA,GAG,CTG,5,8,TRUE,E,L,Y,V,NA,NA,NA
PRM_0250,GGGREPVLDYVVL,GGTGGAGGTAGAGAGCCAGTTCTTGATTATGTTGTCTTGTAA,GAG,CTT,5,8,TRUE,E,L,Y,V,NA,NA,NA
PRM_0250,GGGREPVRDYVVL,GGTGGAGGTAGAGAGCCAGTTCGGGATTATGTTGTCTTGTAA,GAG,CGG,5,8,TRUE,E,R,Y,V,NA,NA,NA
PRM_0250,GGGREPVRDYVVL,GGTGGAGGTAGAGAGCCAGTTCGTGATTATGTTGTCTTGTAA,GAG,CGT,5,8,TRUE,E,R,Y,V,NA,NA,NA
PRM_0250,GGGREPVPDYVVL,GGTGGAGGTAGAGAGCCAGTTCCGGATTATGTTGTCTTGTAA,GAG,CCG,5,8,TRUE,E,P,Y,V,NA,NA,NA
PRM_0250,GGGREPVPDYVVL,GGTGGAGGTAGAGAGCCAGTTCCTGATTATGTTGTCTTGTAA,GAG,CCT,5,8,TRUE,E,P,Y,V,NA,NA,NA
PRM_0250,GGGRDPVKDYVVL,GGTGGAGGTAGAGATCCAGTTAAGGATTATGTTGTCTTGTAA,GAT,AAG,5,8,TRUE,D,K,Y,V,NA,NA,NA
PRM_0250,GGGRDPVNDYVVL,GGTGGAGGTAGAGATCCAGTTAATGATTATGTTGTCTTGTAA,GAT,AAT,5,8,TRUE,D,N,Y,V,NA,NA,NA
PRM_0250,GGGRDPVMDYVVL,GGTGGAGGTAGAGATCCAGTTATGGATTATGTTGTCTTGTAA,GAT,ATG,5,8,TRUE,D,M,Y,V,NA,NA,NA
PRM_0250,GGGRDPVIDYVVL,GGTGGAGGTAGAGATCCAGTTATTGATTATGTTGTCTTGTAA,GAT,ATT,5,8,TRUE,D,I,Y,V,NA,NA,NA
PRM_0250,GGGRDPVRDYVVL,GGTGGAGGTAGAGATCCAGTTAGGGATTATGTTGTCTTGTAA,GAT,AGG,5,8,TRUE,D,R,Y,V,NA,NA,NA
PRM_0250,GGGRDPVSDYVVL,GGTGGAGGTAGAGATCCAGTTAGTGATTATGTTGTCTTGTAA,GAT,AGT,5,8,TRUE,D,S,Y,V,NA,NA,NA
PRM_0250,GGGRDPVTDYVVL,GGTGGAGGTAGAGATCCAGTTACGGATTATGTTGTCTTGTAA,GAT,ACG,5,8,TRUE,D,T,Y,V,NA,NA,NA
PRM_0250,GGGRDPVTDYVVL,GGTGGAGGTAGAGATCCAGTTACTGATTATGTTGTCTTGTAA,GAT,ACT,5,8,TRUE,D,T,Y,V,NA,NA,NA
PRM_0250,GGGRDPV*DYVVL,GGTGGAGGTAGAGATCCAGTTTAGGATTATGTTGTCTTGTAA,GAT,TAG,5,8,TRUE,D,*,Y,V,NA,NA,NA
PRM_0250,GGGRDPVYDYVVL,GGTGGAGGTAGAGATCCAGTTTATGATTATGTTGTCTTGTAA,GAT,TAT,5,8,TRUE,D,Y,Y,V,NA,NA,NA
PRM_0250,GGGRDPVLDYVVL,GGTGGAGGTAGAGATCCAGTTTTGGATTATGTTGTCTTGTAA,GAT,TTG,5,8,TRUE,D,L,Y,V,NA,NA,NA
PRM_0250,GGGRDPVFDYVVL,GGTGGAGGTAGAGATCCAGTTTTTGATTATGTTGTCTTGTAA,GAT,TTT,5,8,TRUE,D,F,Y,V,NA,NA,NA
PRM_0250,GGGRDPVWDYVVL,GGTGGAGGTAGAGATCCAGTTTGGGATTATGTTGTCTTGTAA,GAT,TGG,5,8,TRUE,D,W,Y,V,NA,NA,NA
PRM_0250,GGGRDPVCDYVVL,GGTGGAGGTAGAGATCCAGTTTGTGATTATGTTGTCTTGTAA,GAT,TGT,5,8,TRUE,D,C,Y,V,NA,NA,NA
PRM_0250,GGGRDPVSDYVVL,GGTGGAGGTAGAGATCCAGTTTCGGATTATGTTGTCTTGTAA,GAT,TCG,5,8,TRUE,D,S,Y,V,NA,NA,NA
PRM_0250,GGGRDPVSDYVVL,GGTGGAGGTAGAGATCCAGTTTCTGATTATGTTGTCTTGTAA,GAT,TCT,5,8,TRUE,D,S,Y,V,NA,NA,NA
PRM_0250,GGGRDPVEDYVVL,GGTGGAGGTAGAGATCCAGTTGAGGATTATGTTGTCTTGTAA,GAT,GAG,5,8,TRUE,D,E,Y,V,NA,NA,NA
PRM_0250,GGGRDPVDDYVVL,GGTGGAGGTAGAGATCCAGTTGATGATTATGTTGTCTTGTAA,GAT,GAT,5,8,TRUE,D,D,Y,V,NA,NA,NA
PRM_0250,GGGRDPVVDYVVL,GGTGGAGGTAGAGATCCAGTTGTGGATTATGTTGTCTTGTAA,GAT,GTG,5,8,TRUE,D,V,Y,V,NA,NA,NA
PRM_0250,GGGRDPVVDYVVL,GGTGGAGGTAGAGATCCAGTTGTTGATTATGTTGTCTTGTAA,GAT,GTT,5,8,TRUE,D,V,Y,V,NA,NA,NA
PRM_0250,GGGRDPVGDYVVL,GGTGGAGGTAGAGATCCAGTTGGGGATTATGTTGTCTTGTAA,GAT,GGG,5,8,TRUE,D,G,Y,V,NA,NA,NA
PRM_0250,GGGRDPVGDYVVL,GGTGGAGGTAGAGATCCAGTTGGTGATTATGTTGTCTTGTAA,GAT,GGT,5,8,TRUE,D,G,Y,V,NA,NA,NA
PRM_0250,GGGRDPVADYVVL,GGTGGAGGTAGAGATCCAGTTGCGGATTATGTTGTCTTGTAA,GAT,GCG,5,8,TRUE,D,A,Y,V,NA,NA,NA
PRM_0250,GGGRDPVADYVVL,GGTGGAGGTAGAGATCCAGTTGCTGATTATGTTGTCTTGTAA,GAT,GCT,5,8,TRUE,D,A,Y,V,NA,NA,NA
PRM_0250,GGGRDPVQDYVVL,GGTGGAGGTAGAGATCCAGTTCAGGATTATGTTGTCTTGTAA,GAT,CAG,5,8,TRUE,D,Q,Y,V,NA,NA,NA
PRM_0250,GGGRDPVHDYVVL,GGTGGAGGTAGAGATCCAGTTCATGATTATGTTGTCTTGTAA,GAT,CAT,5,8,TRUE,D,H,Y,V,NA,NA,NA
PRM_0250,GGGRDPVLDYVVL,GGTGGAGGTAGAGATCCAGTTCTGGATTATGTTGTCTTGTAA,GAT,CTG,5,8,TRUE,D,L,Y,V,NA,NA,NA
PRM_0250,GGGRDPVLDYVVL,GGTGGAGGTAGAGATCCAGTTCTTGATTATGTTGTCTTGTAA,GAT,CTT,5,8,TRUE,D,L,Y,V,NA,NA,NA
PRM_0250,GGGRDPVRDYVVL,GGTGGAGGTAGAGATCCAGTTCGGGATTATGTTGTCTTGTAA,GAT,CGG,5,8,TRUE,D,R,Y,V,NA,NA,NA
PRM_0250,GGGRDPVRDYVVL,GGTGGAGGTAGAGATCCAGTTCGTGATTATGTTGTCTTGTAA,GAT,CGT,5,8,TRUE,D,R,Y,V,NA,NA,NA
PRM_0250,GGGRDPVPDYVVL,GGTGGAGGTAGAGATCCAGTTCCGGATTATGTTGTCTTGTAA,GAT,CCG,5,8,TRUE,D,P,Y,V,NA,NA,NA
PRM_0250,GGGRDPVPDYVVL,GGTGGAGGTAGAGATCCAGTTCCTGATTATGTTGTCTTGTAA,GAT,CCT,5,8,TRUE,D,P,Y,V,NA,NA,NA
PRM_0250,GGGRVPVKDYVVL,GGTGGAGGTAGAGTGCCAGTTAAGGATTATGTTGTCTTGTAA,GTG,AAG,5,8,TRUE,V,K,Y,V,NA,NA,NA
PRM_0250,GGGRVPVNDYVVL,GGTGGAGGTAGAGTGCCAGTTAATGATTATGTTGTCTTGTAA,GTG,AAT,5,8,TRUE,V,N,Y,V,NA,NA,NA
PRM_0250,GGGRVPVMDYVVL,GGTGGAGGTAGAGTGCCAGTTATGGATTATGTTGTCTTGTAA,GTG,ATG,5,8,TRUE,V,M,Y,V,NA,NA,NA
PRM_0250,GGGRVPVIDYVVL,GGTGGAGGTAGAGTGCCAGTTATTGATTATGTTGTCTTGTAA,GTG,ATT,5,8,TRUE,V,I,Y,V,NA,NA,NA
PRM_0250,GGGRVPVRDYVVL,GGTGGAGGTAGAGTGCCAGTTAGGGATTATGTTGTCTTGTAA,GTG,AGG,5,8,TRUE,V,R,Y,V,NA,NA,NA
PRM_0250,GGGRVPVSDYVVL,GGTGGAGGTAGAGTGCCAGTTAGTGATTATGTTGTCTTGTAA,GTG,AGT,5,8,TRUE,V,S,Y,V,NA,NA,NA
PRM_0250,GGGRVPVTDYVVL,GGTGGAGGTAGAGTGCCAGTTACGGATTATGTTGTCTTGTAA,GTG,ACG,5,8,TRUE,V,T,Y,V,NA,NA,NA
PRM_0250,GGGRVPVTDYVVL,GGTGGAGGTAGAGTGCCAGTTACTGATTATGTTGTCTTGTAA,GTG,ACT,5,8,TRUE,V,T,Y,V,NA,NA,NA
PRM_0250,GGGRVPV*DYVVL,GGTGGAGGTAGAGTGCCAGTTTAGGATTATGTTGTCTTGTAA,GTG,TAG,5,8,TRUE,V,*,Y,V,NA,NA,NA
PRM_0250,GGGRVPVYDYVVL,GGTGGAGGTAGAGTGCCAGTTTATGATTATGTTGTCTTGTAA,GTG,TAT,5,8,TRUE,V,Y,Y,V,NA,NA,NA
PRM_0250,GGGRVPVLDYVVL,GGTGGAGGTAGAGTGCCAGTTTTGGATTATGTTGTCTTGTAA,GTG,TTG,5,8,TRUE,V,L,Y,V,NA,NA,NA
PRM_0250,GGGRVPVFDYVVL,GGTGGAGGTAGAGTGCCAGTTTTTGATTATGTTGTCTTGTAA,GTG,TTT,5,8,TRUE,V,F,Y,V,NA,NA,NA
PRM_0250,GGGRVPVWDYVVL,GGTGGAGGTAGAGTGCCAGTTTGGGATTATGTTGTCTTGTAA,GTG,TGG,5,8,TRUE,V,W,Y,V,NA,NA,NA
PRM_0250,GGGRVPVCDYVVL,GGTGGAGGTAGAGTGCCAGTTTGTGATTATGTTGTCTTGTAA,GTG,TGT,5,8,TRUE,V,C,Y,V,NA,NA,NA
PRM_0250,GGGRVPVSDYVVL,GGTGGAGGTAGAGTGCCAGTTTCGGATTATGTTGTCTTGTAA,GTG,TCG,5,8,TRUE,V,S,Y,V,NA,NA,NA
PRM_0250,GGGRVPVSDYVVL,GGTGGAGGTAGAGTGCCAGTTTCTGATTATGTTGTCTTGTAA,GTG,TCT,5,8,TRUE,V,S,Y,V,NA,NA,NA
PRM_0250,GGGRVPVEDYVVL,GGTGGAGGTAGAGTGCCAGTTGAGGATTATGTTGTCTTGTAA,GTG,GAG,5,8,TRUE,V,E,Y,V,NA,NA,NA
PRM_0250,GGGRVPVDDYVVL,GGTGGAGGTAGAGTGCCAGTTGATGATTATGTTGTCTTGTAA,GTG,GAT,5,8,TRUE,V,D,Y,V,NA,NA,NA
PRM_0250,GGGRVPVVDYVVL,GGTGGAGGTAGAGTGCCAGTTGTGGATTATGTTGTCTTGTAA,GTG,GTG,5,8,TRUE,V,V,Y,V,NA,NA,NA
PRM_0250,GGGRVPVVDYVVL,GGTGGAGGTAGAGTGCCAGTTGTTGATTATGTTGTCTTGTAA,GTG,GTT,5,8,TRUE,V,V,Y,V,NA,NA,NA
PRM_0250,GGGRVPVGDYVVL,GGTGGAGGTAGAGTGCCAGTTGGGGATTATGTTGTCTTGTAA,GTG,GGG,5,8,TRUE,V,G,Y,V,NA,NA,NA
PRM_0250,GGGRVPVGDYVVL,GGTGGAGGTAGAGTGCCAGTTGGTGATTATGTTGTCTTGTAA,GTG,GGT,5,8,TRUE,V,G,Y,V,NA,NA,NA
PRM_0250,GGGRVPVADYVVL,GGTGGAGGTAGAGTGCCAGTTGCGGATTATGTTGTCTTGTAA,GTG,GCG,5,8,TRUE,V,A,Y,V,NA,NA,NA
PRM_0250,GGGRVPVADYVVL,GGTGGAGGTAGAGTGCCAGTTGCTGATTATGTTGTCTTGTAA,GTG,GCT,5,8,TRUE,V,A,Y,V,NA,NA,NA
PRM_0250,GGGRVPVQDYVVL,GGTGGAGGTAGAGTGCCAGTTCAGGATTATGTTGTCTTGTAA,GTG,CAG,5,8,TRUE,V,Q,Y,V,NA,NA,NA
PRM_0250,GGGRVPVHDYVVL,GGTGGAGGTAGAGTGCCAGTTCATGATTATGTTGTCTTGTAA,GTG,CAT,5,8,TRUE,V,H,Y,V,NA,NA,NA
PRM_0250,GGGRVPVLDYVVL,GGTGGAGGTAGAGTGCCAGTTCTGGATTATGTTGTCTTGTAA,GTG,CTG,5,8,TRUE,V,L,Y,V,NA,NA,NA
PRM_0250,GGGRVPVLDYVVL,GGTGGAGGTAGAGTGCCAGTTCTTGATTATGTTGTCTTGTAA,GTG,CTT,5,8,TRUE,V,L,Y,V,NA,NA,NA
PRM_0250,GGGRVPVRDYVVL,GGTGGAGGTAGAGTGCCAGTTCGGGATTATGTTGTCTTGTAA,GTG,CGG,5,8,TRUE,V,R,Y,V,NA,NA,NA
PRM_0250,GGGRVPVRDYVVL,GGTGGAGGTAGAGTGCCAGTTCGTGATTATGTTGTCTTGTAA,GTG,CGT,5,8,TRUE,V,R,Y,V,NA,NA,NA
PRM_0250,GGGRVPVPDYVVL,GGTGGAGGTAGAGTGCCAGTTCCGGATTATGTTGTCTTGTAA,GTG,CCG,5,8,TRUE,V,P,Y,V,NA,NA,NA
PRM_0250,GGGRVPVPDYVVL,GGTGGAGGTAGAGTGCCAGTTCCTGATTATGTTGTCTTGTAA,GTG,CCT,5,8,TRUE,V,P,Y,V,NA,NA,NA
PRM_0250,GGGRVPVKDYVVL,GGTGGAGGTAGAGTTCCAGTTAAGGATTATGTTGTCTTGTAA,GTT,AAG,5,8,TRUE,V,K,Y,V,NA,NA,NA
PRM_0250,GGGRVPVNDYVVL,GGTGGAGGTAGAGTTCCAGTTAATGATTATGTTGTCTTGTAA,GTT,AAT,5,8,TRUE,V,N,Y,V,NA,NA,NA
PRM_0250,GGGRVPVMDYVVL,GGTGGAGGTAGAGTTCCAGTTATGGATTATGTTGTCTTGTAA,GTT,ATG,5,8,TRUE,V,M,Y,V,NA,NA,NA
PRM_0250,GGGRVPVIDYVVL,GGTGGAGGTAGAGTTCCAGTTATTGATTATGTTGTCTTGTAA,GTT,ATT,5,8,TRUE,V,I,Y,V,NA,NA,NA
PRM_0250,GGGRVPVRDYVVL,GGTGGAGGTAGAGTTCCAGTTAGGGATTATGTTGTCTTGTAA,GTT,AGG,5,8,TRUE,V,R,Y,V,NA,NA,NA
PRM_0250,GGGRVPVSDYVVL,GGTGGAGGTAGAGTTCCAGTTAGTGATTATGTTGTCTTGTAA,GTT,AGT,5,8,TRUE,V,S,Y,V,NA,NA,NA
PRM_0250,GGGRVPVTDYVVL,GGTGGAGGTAGAGTTCCAGTTACGGATTATGTTGTCTTGTAA,GTT,ACG,5,8,TRUE,V,T,Y,V,NA,NA,NA
PRM_0250,GGGRVPVTDYVVL,GGTGGAGGTAGAGTTCCAGTTACTGATTATGTTGTCTTGTAA,GTT,ACT,5,8,TRUE,V,T,Y,V,NA,NA,NA
PRM_0250,GGGRVPV*DYVVL,GGTGGAGGTAGAGTTCCAGTTTAGGATTATGTTGTCTTGTAA,GTT,TAG,5,8,TRUE,V,*,Y,V,NA,NA,NA
PRM_0250,GGGRVPVYDYVVL,GGTGGAGGTAGAGTTCCAGTTTATGATTATGTTGTCTTGTAA,GTT,TAT,5,8,TRUE,V,Y,Y,V,NA,NA,NA
PRM_0250,GGGRVPVLDYVVL,GGTGGAGGTAGAGTTCCAGTTTTGGATTATGTTGTCTTGTAA,GTT,TTG,5,8,TRUE,V,L,Y,V,NA,NA,NA
PRM_0250,GGGRVPVFDYVVL,GGTGGAGGTAGAGTTCCAGTTTTTGATTATGTTGTCTTGTAA,GTT,TTT,5,8,TRUE,V,F,Y,V,NA,NA,NA
PRM_0250,GGGRVPVWDYVVL,GGTGGAGGTAGAGTTCCAGTTTGGGATTATGTTGTCTTGTAA,GTT,TGG,5,8,TRUE,V,W,Y,V,NA,NA,NA
PRM_0250,GGGRVPVCDYVVL,GGTGGAGGTAGAGTTCCAGTTTGTGATTATGTTGTCTTGTAA,GTT,TGT,5,8,TRUE,V,C,Y,V,NA,NA,NA
PRM_0250,GGGRVPVSDYVVL,GGTGGAGGTAGAGTTCCAGTTTCGGATTATGTTGTCTTGTAA,GTT,TCG,5,8,TRUE,V,S,Y,V,NA,NA,NA
PRM_0250,GGGRVPVSDYVVL,GGTGGAGGTAGAGTTCCAGTTTCTGATTATGTTGTCTTGTAA,GTT,TCT,5,8,TRUE,V,S,Y,V,NA,NA,NA
PRM_0250,GGGRVPVEDYVVL,GGTGGAGGTAGAGTTCCAGTTGAGGATTATGTTGTCTTGTAA,GTT,GAG,5,8,TRUE,V,E,Y,V,NA,NA,NA
PRM_0250,GGGRVPVDDYVVL,GGTGGAGGTAGAGTTCCAGTTGATGATTATGTTGTCTTGTAA,GTT,GAT,5,8,TRUE,V,D,Y,V,NA,NA,NA
PRM_0250,GGGRVPVVDYVVL,GGTGGAGGTAGAGTTCCAGTTGTGGATTATGTTGTCTTGTAA,GTT,GTG,5,8,TRUE,V,V,Y,V,NA,NA,NA
PRM_0250,GGGRVPVVDYVVL,GGTGGAGGTAGAGTTCCAGTTGTTGATTATGTTGTCTTGTAA,GTT,GTT,5,8,TRUE,V,V,Y,V,NA,NA,NA
PRM_0250,GGGRVPVGDYVVL,GGTGGAGGTAGAGTTCCAGTTGGGGATTATGTTGTCTTGTAA,GTT,GGG,5,8,TRUE,V,G,Y,V,NA,NA,NA
PRM_0250,GGGRVPVGDYVVL,GGTGGAGGTAGAGTTCCAGTTGGTGATTATGTTGTCTTGTAA,GTT,GGT,5,8,TRUE,V,G,Y,V,NA,NA,NA
PRM_0250,GGGRVPVADYVVL,GGTGGAGGTAGAGTTCCAGTTGCGGATTATGTTGTCTTGTAA,GTT,GCG,5,8,TRUE,V,A,Y,V,NA,NA,NA
PRM_0250,GGGRVPVADYVVL,GGTGGAGGTAGAGTTCCAGTTGCTGATTATGTTGTCTTGTAA,GTT,GCT,5,8,TRUE,V,A,Y,V,NA,NA,NA
PRM_0250,GGGRVPVQDYVVL,GGTGGAGGTAGAGTTCCAGTTCAGGATTATGTTGTCTTGTAA,GTT,CAG,5,8,TRUE,V,Q,Y,V,NA,NA,NA
PRM_0250,GGGRVPVHDYVVL,GGTGGAGGTAGAGTTCCAGTTCATGATTATGTTGTCTTGTAA,GTT,CAT,5,8,TRUE,V,H,Y,V,NA,NA,NA
PRM_0250,GGGRVPVLDYVVL,GGTGGAGGTAGAGTTCCAGTTCTGGATTATGTTGTCTTGTAA,GTT,CTG,5,8,TRUE,V,L,Y,V,NA,NA,NA
PRM_0250,GGGRVPVLDYVVL,GGTGGAGGTAGAGTTCCAGTTCTTGATTATGTTGTCTTGTAA,GTT,CTT,5,8,TRUE,V,L,Y,V,NA,NA,NA
PRM_0250,GGGRVPVRDYVVL,GGTGGAGGTAGAGTTCCAGTTCGGGATTATGTTGTCTTGTAA,GTT,CGG,5,8,TRUE,V,R,Y,V,NA,NA,NA
PRM_0250,GGGRVPVRDYVVL,GGTGGAGGTAGAGTTCCAGTTCGTGATTATGTTGTCTTGTAA,GTT,CGT,5,8,TRUE,V,R,Y,V,NA,NA,NA
PRM_0250,GGGRVPVPDYVVL,GGTGGAGGTAGAGTTCCAGTTCCGGATTATGTTGTCTTGTAA,GTT,CCG,5,8,TRUE,V,P,Y,V,NA,NA,NA
PRM_0250,GGGRVPVPDYVVL,GGTGGAGGTAGAGTTCCAGTTCCTGATTATGTTGTCTTGTAA,GTT,CCT,5,8,TRUE,V,P,Y,V,NA,NA,NA
PRM_0250,GGGRGPVKDYVVL,GGTGGAGGTAGAGGGCCAGTTAAGGATTATGTTGTCTTGTAA,GGG,AAG,5,8,TRUE,G,K,Y,V,NA,NA,NA
PRM_0250,GGGRGPVNDYVVL,GGTGGAGGTAGAGGGCCAGTTAATGATTATGTTGTCTTGTAA,GGG,AAT,5,8,TRUE,G,N,Y,V,NA,NA,NA
PRM_0250,GGGRGPVMDYVVL,GGTGGAGGTAGAGGGCCAGTTATGGATTATGTTGTCTTGTAA,GGG,ATG,5,8,TRUE,G,M,Y,V,NA,NA,NA
PRM_0250,GGGRGPVIDYVVL,GGTGGAGGTAGAGGGCCAGTTATTGATTATGTTGTCTTGTAA,GGG,ATT,5,8,TRUE,G,I,Y,V,NA,NA,NA
PRM_0250,GGGRGPVRDYVVL,GGTGGAGGTAGAGGGCCAGTTAGGGATTATGTTGTCTTGTAA,GGG,AGG,5,8,TRUE,G,R,Y,V,NA,NA,NA
PRM_0250,GGGRGPVSDYVVL,GGTGGAGGTAGAGGGCCAGTTAGTGATTATGTTGTCTTGTAA,GGG,AGT,5,8,TRUE,G,S,Y,V,NA,NA,NA
PRM_0250,GGGRGPVTDYVVL,GGTGGAGGTAGAGGGCCAGTTACGGATTATGTTGTCTTGTAA,GGG,ACG,5,8,TRUE,G,T,Y,V,NA,NA,NA
PRM_0250,GGGRGPVTDYVVL,GGTGGAGGTAGAGGGCCAGTTACTGATTATGTTGTCTTGTAA,GGG,ACT,5,8,TRUE,G,T,Y,V,NA,NA,NA
PRM_0250,GGGRGPV*DYVVL,GGTGGAGGTAGAGGGCCAGTTTAGGATTATGTTGTCTTGTAA,GGG,TAG,5,8,TRUE,G,*,Y,V,NA,NA,NA
PRM_0250,GGGRGPVYDYVVL,GGTGGAGGTAGAGGGCCAGTTTATGATTATGTTGTCTTGTAA,GGG,TAT,5,8,TRUE,G,Y,Y,V,NA,NA,NA
PRM_0250,GGGRGPVLDYVVL,GGTGGAGGTAGAGGGCCAGTTTTGGATTATGTTGTCTTGTAA,GGG,TTG,5,8,TRUE,G,L,Y,V,NA,NA,NA
PRM_0250,GGGRGPVFDYVVL,GGTGGAGGTAGAGGGCCAGTTTTTGATTATGTTGTCTTGTAA,GGG,TTT,5,8,TRUE,G,F,Y,V,NA,NA,NA
PRM_0250,GGGRGPVWDYVVL,GGTGGAGGTAGAGGGCCAGTTTGGGATTATGTTGTCTTGTAA,GGG,TGG,5,8,TRUE,G,W,Y,V,NA,NA,NA
PRM_0250,GGGRGPVCDYVVL,GGTGGAGGTAGAGGGCCAGTTTGTGATTATGTTGTCTTGTAA,GGG,TGT,5,8,TRUE,G,C,Y,V,NA,NA,NA
PRM_0250,GGGRGPVSDYVVL,GGTGGAGGTAGAGGGCCAGTTTCGGATTATGTTGTCTTGTAA,GGG,TCG,5,8,TRUE,G,S,Y,V,NA,NA,NA
PRM_0250,GGGRGPVSDYVVL,GGTGGAGGTAGAGGGCCAGTTTCTGATTATGTTGTCTTGTAA,GGG,TCT,5,8,TRUE,G,S,Y,V,NA,NA,NA
PRM_0250,GGGRGPVEDYVVL,GGTGGAGGTAGAGGGCCAGTTGAGGATTATGTTGTCTTGTAA,GGG,GAG,5,8,TRUE,G,E,Y,V,NA,NA,NA
PRM_0250,GGGRGPVDDYVVL,GGTGGAGGTAGAGGGCCAGTTGATGATTATGTTGTCTTGTAA,GGG,GAT,5,8,TRUE,G,D,Y,V,NA,NA,NA
PRM_0250,GGGRGPVVDYVVL,GGTGGAGGTAGAGGGCCAGTTGTGGATTATGTTGTCTTGTAA,GGG,GTG,5,8,TRUE,G,V,Y,V,NA,NA,NA
PRM_0250,GGGRGPVVDYVVL,GGTGGAGGTAGAGGGCCAGTTGTTGATTATGTTGTCTTGTAA,GGG,GTT,5,8,TRUE,G,V,Y,V,NA,NA,NA
PRM_0250,GGGRGPVGDYVVL,GGTGGAGGTAGAGGGCCAGTTGGGGATTATGTTGTCTTGTAA,GGG,GGG,5,8,TRUE,G,G,Y,V,NA,NA,NA
PRM_0250,GGGRGPVGDYVVL,GGTGGAGGTAGAGGGCCAGTTGGTGATTATGTTGTCTTGTAA,GGG,GGT,5,8,TRUE,G,G,Y,V,NA,NA,NA
PRM_0250,GGGRGPVADYVVL,GGTGGAGGTAGAGGGCCAGTTGCGGATTATGTTGTCTTGTAA,GGG,GCG,5,8,TRUE,G,A,Y,V,NA,NA,NA
PRM_0250,GGGRGPVADYVVL,GGTGGAGGTAGAGGGCCAGTTGCTGATTATGTTGTCTTGTAA,GGG,GCT,5,8,TRUE,G,A,Y,V,NA,NA,NA
PRM_0250,GGGRGPVQDYVVL,GGTGGAGGTAGAGGGCCAGTTCAGGATTATGTTGTCTTGTAA,GGG,CAG,5,8,TRUE,G,Q,Y,V,NA,NA,NA
PRM_0250,GGGRGPVHDYVVL,GGTGGAGGTAGAGGGCCAGTTCATGATTATGTTGTCTTGTAA,GGG,CAT,5,8,TRUE,G,H,Y,V,NA,NA,NA
PRM_0250,GGGRGPVLDYVVL,GGTGGAGGTAGAGGGCCAGTTCTGGATTATGTTGTCTTGTAA,GGG,CTG,5,8,TRUE,G,L,Y,V,NA,NA,NA
PRM_0250,GGGRGPVLDYVVL,GGTGGAGGTAGAGGGCCAGTTCTTGATTATGTTGTCTTGTAA,GGG,CTT,5,8,TRUE,G,L,Y,V,NA,NA,NA
PRM_0250,GGGRGPVRDYVVL,GGTGGAGGTAGAGGGCCAGTTCGGGATTATGTTGTCTTGTAA,GGG,CGG,5,8,TRUE,G,R,Y,V,NA,NA,NA
PRM_0250,GGGRGPVRDYVVL,GGTGGAGGTAGAGGGCCAGTTCGTGATTATGTTGTCTTGTAA,GGG,CGT,5,8,TRUE,G,R,Y,V,NA,NA,NA
PRM_0250,GGGRGPVPDYVVL,GGTGGAGGTAGAGGGCCAGTTCCGGATTATGTTGTCTTGTAA,GGG,CCG,5,8,TRUE,G,P,Y,V,NA,NA,NA
PRM_0250,GGGRGPVPDYVVL,GGTGGAGGTAGAGGGCCAGTTCCTGATTATGTTGTCTTGTAA,GGG,CCT,5,8,TRUE,G,P,Y,V,NA,NA,NA
PRM_0250,GGGRGPVKDYVVL,GGTGGAGGTAGAGGTCCAGTTAAGGATTATGTTGTCTTGTAA,GGT,AAG,5,8,TRUE,G,K,Y,V,NA,NA,NA
PRM_0250,GGGRGPVNDYVVL,GGTGGAGGTAGAGGTCCAGTTAATGATTATGTTGTCTTGTAA,GGT,AAT,5,8,TRUE,G,N,Y,V,NA,NA,NA
PRM_0250,GGGRGPVMDYVVL,GGTGGAGGTAGAGGTCCAGTTATGGATTATGTTGTCTTGTAA,GGT,ATG,5,8,TRUE,G,M,Y,V,NA,NA,NA
PRM_0250,GGGRGPVIDYVVL,GGTGGAGGTAGAGGTCCAGTTATTGATTATGTTGTCTTGTAA,GGT,ATT,5,8,TRUE,G,I,Y,V,NA,NA,NA
PRM_0250,GGGRGPVRDYVVL,GGTGGAGGTAGAGGTCCAGTTAGGGATTATGTTGTCTTGTAA,GGT,AGG,5,8,TRUE,G,R,Y,V,NA,NA,NA
PRM_0250,GGGRGPVSDYVVL,GGTGGAGGTAGAGGTCCAGTTAGTGATTATGTTGTCTTGTAA,GGT,AGT,5,8,TRUE,G,S,Y,V,NA,NA,NA
PRM_0250,GGGRGPVTDYVVL,GGTGGAGGTAGAGGTCCAGTTACGGATTATGTTGTCTTGTAA,GGT,ACG,5,8,TRUE,G,T,Y,V,NA,NA,NA
PRM_0250,GGGRGPVTDYVVL,GGTGGAGGTAGAGGTCCAGTTACTGATTATGTTGTCTTGTAA,GGT,ACT,5,8,TRUE,G,T,Y,V,NA,NA,NA
PRM_0250,GGGRGPV*DYVVL,GGTGGAGGTAGAGGTCCAGTTTAGGATTATGTTGTCTTGTAA,GGT,TAG,5,8,TRUE,G,*,Y,V,NA,NA,NA
PRM_0250,GGGRGPVYDYVVL,GGTGGAGGTAGAGGTCCAGTTTATGATTATGTTGTCTTGTAA,GGT,TAT,5,8,TRUE,G,Y,Y,V,NA,NA,NA
PRM_0250,GGGRGPVLDYVVL,GGTGGAGGTAGAGGTCCAGTTTTGGATTATGTTGTCTTGTAA,GGT,TTG,5,8,TRUE,G,L,Y,V,NA,NA,NA
PRM_0250,GGGRGPVFDYVVL,GGTGGAGGTAGAGGTCCAGTTTTTGATTATGTTGTCTTGTAA,GGT,TTT,5,8,TRUE,G,F,Y,V,NA,NA,NA
PRM_0250,GGGRGPVWDYVVL,GGTGGAGGTAGAGGTCCAGTTTGGGATTATGTTGTCTTGTAA,GGT,TGG,5,8,TRUE,G,W,Y,V,NA,NA,NA
PRM_0250,GGGRGPVCDYVVL,GGTGGAGGTAGAGGTCCAGTTTGTGATTATGTTGTCTTGTAA,GGT,TGT,5,8,TRUE,G,C,Y,V,NA,NA,NA
PRM_0250,GGGRGPVSDYVVL,GGTGGAGGTAGAGGTCCAGTTTCGGATTATGTTGTCTTGTAA,GGT,TCG,5,8,TRUE,G,S,Y,V,NA,NA,NA
PRM_0250,GGGRGPVSDYVVL,GGTGGAGGTAGAGGTCCAGTTTCTGATTATGTTGTCTTGTAA,GGT,TCT,5,8,TRUE,G,S,Y,V,NA,NA,NA
PRM_0250,GGGRGPVEDYVVL,GGTGGAGGTAGAGGTCCAGTTGAGGATTATGTTGTCTTGTAA,GGT,GAG,5,8,TRUE,G,E,Y,V,NA,NA,NA
PRM_0250,GGGRGPVDDYVVL,GGTGGAGGTAGAGGTCCAGTTGATGATTATGTTGTCTTGTAA,GGT,GAT,5,8,TRUE,G,D,Y,V,NA,NA,NA
PRM_0250,GGGRGPVVDYVVL,GGTGGAGGTAGAGGTCCAGTTGTGGATTATGTTGTCTTGTAA,GGT,GTG,5,8,TRUE,G,V,Y,V,NA,NA,NA
PRM_0250,GGGRGPVVDYVVL,GGTGGAGGTAGAGGTCCAGTTGTTGATTATGTTGTCTTGTAA,GGT,GTT,5,8,TRUE,G,V,Y,V,NA,NA,NA
PRM_0250,GGGRGPVGDYVVL,GGTGGAGGTAGAGGTCCAGTTGGGGATTATGTTGTCTTGTAA,GGT,GGG,5,8,TRUE,G,G,Y,V,NA,NA,NA
PRM_0250,GGGRGPVGDYVVL,GGTGGAGGTAGAGGTCCAGTTGGTGATTATGTTGTCTTGTAA,GGT,GGT,5,8,TRUE,G,G,Y,V,NA,NA,NA
PRM_0250,GGGRGPVADYVVL,GGTGGAGGTAGAGGTCCAGTTGCGGATTATGTTGTCTTGTAA,GGT,GCG,5,8,TRUE,G,A,Y,V,NA,NA,NA
PRM_0250,GGGRGPVADYVVL,GGTGGAGGTAGAGGTCCAGTTGCTGATTATGTTGTCTTGTAA,GGT,GCT,5,8,TRUE,G,A,Y,V,NA,NA,NA
PRM_0250,GGGRGPVQDYVVL,GGTGGAGGTAGAGGTCCAGTTCAGGATTATGTTGTCTTGTAA,GGT,CAG,5,8,TRUE,G,Q,Y,V,NA,NA,NA
PRM_0250,GGGRGPVHDYVVL,GGTGGAGGTAGAGGTCCAGTTCATGATTATGTTGTCTTGTAA,GGT,CAT,5,8,TRUE,G,H,Y,V,NA,NA,NA
PRM_0250,GGGRGPVLDYVVL,GGTGGAGGTAGAGGTCCAGTTCTGGATTATGTTGTCTTGTAA,GGT,CTG,5,8,TRUE,G,L,Y,V,NA,NA,NA
PRM_0250,GGGRGPVLDYVVL,GGTGGAGGTAGAGGTCCAGTTCTTGATTATGTTGTCTTGTAA,GGT,CTT,5,8,TRUE,G,L,Y,V,NA,NA,NA
PRM_0250,GGGRGPVRDYVVL,GGTGGAGGTAGAGGTCCAGTTCGGGATTATGTTGTCTTGTAA,GGT,CGG,5,8,TRUE,G,R,Y,V,NA,NA,NA
PRM_0250,GGGRGPVRDYVVL,GGTGGAGGTAGAGGTCCAGTTCGTGATTATGTTGTCTTGTAA,GGT,CGT,5,8,TRUE,G,R,Y,V,NA,NA,NA
PRM_0250,GGGRGPVPDYVVL,GGTGGAGGTAGAGGTCCAGTTCCGGATTATGTTGTCTTGTAA,GGT,CCG,5,8,TRUE,G,P,Y,V,NA,NA,NA
PRM_0250,GGGRGPVPDYVVL,GGTGGAGGTAGAGGTCCAGTTCCTGATTATGTTGTCTTGTAA,GGT,CCT,5,8,TRUE,G,P,Y,V,NA,NA,NA
PRM_0250,GGGRAPVKDYVVL,GGTGGAGGTAGAGCGCCAGTTAAGGATTATGTTGTCTTGTAA,GCG,AAG,5,8,TRUE,A,K,Y,V,NA,NA,NA
PRM_0250,GGGRAPVNDYVVL,GGTGGAGGTAGAGCGCCAGTTAATGATTATGTTGTCTTGTAA,GCG,AAT,5,8,TRUE,A,N,Y,V,NA,NA,NA
PRM_0250,GGGRAPVMDYVVL,GGTGGAGGTAGAGCGCCAGTTATGGATTATGTTGTCTTGTAA,GCG,ATG,5,8,TRUE,A,M,Y,V,NA,NA,NA
PRM_0250,GGGRAPVIDYVVL,GGTGGAGGTAGAGCGCCAGTTATTGATTATGTTGTCTTGTAA,GCG,ATT,5,8,TRUE,A,I,Y,V,NA,NA,NA
PRM_0250,GGGRAPVRDYVVL,GGTGGAGGTAGAGCGCCAGTTAGGGATTATGTTGTCTTGTAA,GCG,AGG,5,8,TRUE,A,R,Y,V,NA,NA,NA
PRM_0250,GGGRAPVSDYVVL,GGTGGAGGTAGAGCGCCAGTTAGTGATTATGTTGTCTTGTAA,GCG,AGT,5,8,TRUE,A,S,Y,V,NA,NA,NA
PRM_0250,GGGRAPVTDYVVL,GGTGGAGGTAGAGCGCCAGTTACGGATTATGTTGTCTTGTAA,GCG,ACG,5,8,TRUE,A,T,Y,V,NA,NA,NA
PRM_0250,GGGRAPVTDYVVL,GGTGGAGGTAGAGCGCCAGTTACTGATTATGTTGTCTTGTAA,GCG,ACT,5,8,TRUE,A,T,Y,V,NA,NA,NA
PRM_0250,GGGRAPV*DYVVL,GGTGGAGGTAGAGCGCCAGTTTAGGATTATGTTGTCTTGTAA,GCG,TAG,5,8,TRUE,A,*,Y,V,NA,NA,NA
PRM_0250,GGGRAPVYDYVVL,GGTGGAGGTAGAGCGCCAGTTTATGATTATGTTGTCTTGTAA,GCG,TAT,5,8,TRUE,A,Y,Y,V,NA,NA,NA
PRM_0250,GGGRAPVLDYVVL,GGTGGAGGTAGAGCGCCAGTTTTGGATTATGTTGTCTTGTAA,GCG,TTG,5,8,TRUE,A,L,Y,V,NA,NA,NA
PRM_0250,GGGRAPVFDYVVL,GGTGGAGGTAGAGCGCCAGTTTTTGATTATGTTGTCTTGTAA,GCG,TTT,5,8,TRUE,A,F,Y,V,NA,NA,NA
PRM_0250,GGGRAPVWDYVVL,GGTGGAGGTAGAGCGCCAGTTTGGGATTATGTTGTCTTGTAA,GCG,TGG,5,8,TRUE,A,W,Y,V,NA,NA,NA
PRM_0250,GGGRAPVCDYVVL,GGTGGAGGTAGAGCGCCAGTTTGTGATTATGTTGTCTTGTAA,GCG,TGT,5,8,TRUE,A,C,Y,V,NA,NA,NA
PRM_0250,GGGRAPVSDYVVL,GGTGGAGGTAGAGCGCCAGTTTCGGATTATGTTGTCTTGTAA,GCG,TCG,5,8,TRUE,A,S,Y,V,NA,NA,NA
PRM_0250,GGGRAPVSDYVVL,GGTGGAGGTAGAGCGCCAGTTTCTGATTATGTTGTCTTGTAA,GCG,TCT,5,8,TRUE,A,S,Y,V,NA,NA,NA
PRM_0250,GGGRAPVEDYVVL,GGTGGAGGTAGAGCGCCAGTTGAGGATTATGTTGTCTTGTAA,GCG,GAG,5,8,TRUE,A,E,Y,V,NA,NA,NA
PRM_0250,GGGRAPVDDYVVL,GGTGGAGGTAGAGCGCCAGTTGATGATTATGTTGTCTTGTAA,GCG,GAT,5,8,TRUE,A,D,Y,V,NA,NA,NA
PRM_0250,GGGRAPVVDYVVL,GGTGGAGGTAGAGCGCCAGTTGTGGATTATGTTGTCTTGTAA,GCG,GTG,5,8,TRUE,A,V,Y,V,NA,NA,NA
PRM_0250,GGGRAPVVDYVVL,GGTGGAGGTAGAGCGCCAGTTGTTGATTATGTTGTCTTGTAA,GCG,GTT,5,8,TRUE,A,V,Y,V,NA,NA,NA
PRM_0250,GGGRAPVGDYVVL,GGTGGAGGTAGAGCGCCAGTTGGGGATTATGTTGTCTTGTAA,GCG,GGG,5,8,TRUE,A,G,Y,V,NA,NA,NA
PRM_0250,GGGRAPVGDYVVL,GGTGGAGGTAGAGCGCCAGTTGGTGATTATGTTGTCTTGTAA,GCG,GGT,5,8,TRUE,A,G,Y,V,NA,NA,NA
PRM_0250,GGGRAPVADYVVL,GGTGGAGGTAGAGCGCCAGTTGCGGATTATGTTGTCTTGTAA,GCG,GCG,5,8,TRUE,A,A,Y,V,NA,NA,NA
PRM_0250,GGGRAPVADYVVL,GGTGGAGGTAGAGCGCCAGTTGCTGATTATGTTGTCTTGTAA,GCG,GCT,5,8,TRUE,A,A,Y,V,NA,NA,NA
PRM_0250,GGGRAPVQDYVVL,GGTGGAGGTAGAGCGCCAGTTCAGGATTATGTTGTCTTGTAA,GCG,CAG,5,8,TRUE,A,Q,Y,V,NA,NA,NA
PRM_0250,GGGRAPVHDYVVL,GGTGGAGGTAGAGCGCCAGTTCATGATTATGTTGTCTTGTAA,GCG,CAT,5,8,TRUE,A,H,Y,V,NA,NA,NA
PRM_0250,GGGRAPVLDYVVL,GGTGGAGGTAGAGCGCCAGTTCTGGATTATGTTGTCTTGTAA,GCG,CTG,5,8,TRUE,A,L,Y,V,NA,NA,NA
PRM_0250,GGGRAPVLDYVVL,GGTGGAGGTAGAGCGCCAGTTCTTGATTATGTTGTCTTGTAA,GCG,CTT,5,8,TRUE,A,L,Y,V,NA,NA,NA
PRM_0250,GGGRAPVRDYVVL,GGTGGAGGTAGAGCGCCAGTTCGGGATTATGTTGTCTTGTAA,GCG,CGG,5,8,TRUE,A,R,Y,V,NA,NA,NA
PRM_0250,GGGRAPVRDYVVL,GGTGGAGGTAGAGCGCCAGTTCGTGATTATGTTGTCTTGTAA,GCG,CGT,5,8,TRUE,A,R,Y,V,NA,NA,NA
PRM_0250,GGGRAPVPDYVVL,GGTGGAGGTAGAGCGCCAGTTCCGGATTATGTTGTCTTGTAA,GCG,CCG,5,8,TRUE,A,P,Y,V,NA,NA,NA
PRM_0250,GGGRAPVPDYVVL,GGTGGAGGTAGAGCGCCAGTTCCTGATTATGTTGTCTTGTAA,GCG,CCT,5,8,TRUE,A,P,Y,V,NA,NA,NA
PRM_0250,GGGRAPVKDYVVL,GGTGGAGGTAGAGCTCCAGTTAAGGATTATGTTGTCTTGTAA,GCT,AAG,5,8,TRUE,A,K,Y,V,NA,NA,NA
PRM_0250,GGGRAPVNDYVVL,GGTGGAGGTAGAGCTCCAGTTAATGATTATGTTGTCTTGTAA,GCT,AAT,5,8,TRUE,A,N,Y,V,NA,NA,NA
PRM_0250,GGGRAPVMDYVVL,GGTGGAGGTAGAGCTCCAGTTATGGATTATGTTGTCTTGTAA,GCT,ATG,5,8,TRUE,A,M,Y,V,NA,NA,NA
PRM_0250,GGGRAPVIDYVVL,GGTGGAGGTAGAGCTCCAGTTATTGATTATGTTGTCTTGTAA,GCT,ATT,5,8,TRUE,A,I,Y,V,NA,NA,NA
PRM_0250,GGGRAPVRDYVVL,GGTGGAGGTAGAGCTCCAGTTAGGGATTATGTTGTCTTGTAA,GCT,AGG,5,8,TRUE,A,R,Y,V,NA,NA,NA
PRM_0250,GGGRAPVSDYVVL,GGTGGAGGTAGAGCTCCAGTTAGTGATTATGTTGTCTTGTAA,GCT,AGT,5,8,TRUE,A,S,Y,V,NA,NA,NA
PRM_0250,GGGRAPVTDYVVL,GGTGGAGGTAGAGCTCCAGTTACGGATTATGTTGTCTTGTAA,GCT,ACG,5,8,TRUE,A,T,Y,V,NA,NA,NA
PRM_0250,GGGRAPVTDYVVL,GGTGGAGGTAGAGCTCCAGTTACTGATTATGTTGTCTTGTAA,GCT,ACT,5,8,TRUE,A,T,Y,V,NA,NA,NA
PRM_0250,GGGRAPV*DYVVL,GGTGGAGGTAGAGCTCCAGTTTAGGATTATGTTGTCTTGTAA,GCT,TAG,5,8,TRUE,A,*,Y,V,NA,NA,NA
PRM_0250,GGGRAPVYDYVVL,GGTGGAGGTAGAGCTCCAGTTTATGATTATGTTGTCTTGTAA,GCT,TAT,5,8,TRUE,A,Y,Y,V,NA,NA,NA
PRM_0250,GGGRAPVLDYVVL,GGTGGAGGTAGAGCTCCAGTTTTGGATTATGTTGTCTTGTAA,GCT,TTG,5,8,TRUE,A,L,Y,V,NA,NA,NA
PRM_0250,GGGRAPVFDYVVL,GGTGGAGGTAGAGCTCCAGTTTTTGATTATGTTGTCTTGTAA,GCT,TTT,5,8,TRUE,A,F,Y,V,NA,NA,NA
PRM_0250,GGGRAPVWDYVVL,GGTGGAGGTAGAGCTCCAGTTTGGGATTATGTTGTCTTGTAA,GCT,TGG,5,8,TRUE,A,W,Y,V,NA,NA,NA
PRM_0250,GGGRAPVCDYVVL,GGTGGAGGTAGAGCTCCAGTTTGTGATTATGTTGTCTTGTAA,GCT,TGT,5,8,TRUE,A,C,Y,V,NA,NA,NA
PRM_0250,GGGRAPVSDYVVL,GGTGGAGGTAGAGCTCCAGTTTCGGATTATGTTGTCTTGTAA,GCT,TCG,5,8,TRUE,A,S,Y,V,NA,NA,NA
PRM_0250,GGGRAPVSDYVVL,GGTGGAGGTAGAGCTCCAGTTTCTGATTATGTTGTCTTGTAA,GCT,TCT,5,8,TRUE,A,S,Y,V,NA,NA,NA
PRM_0250,GGGRAPVEDYVVL,GGTGGAGGTAGAGCTCCAGTTGAGGATTATGTTGTCTTGTAA,GCT,GAG,5,8,TRUE,A,E,Y,V,NA,NA,NA
PRM_0250,GGGRAPVDDYVVL,GGTGGAGGTAGAGCTCCAGTTGATGATTATGTTGTCTTGTAA,GCT,GAT,5,8,TRUE,A,D,Y,V,NA,NA,NA
PRM_0250,GGGRAPVVDYVVL,GGTGGAGGTAGAGCTCCAGTTGTGGATTATGTTGTCTTGTAA,GCT,GTG,5,8,TRUE,A,V,Y,V,NA,NA,NA
PRM_0250,GGGRAPVVDYVVL,GGTGGAGGTAGAGCTCCAGTTGTTGATTATGTTGTCTTGTAA,GCT,GTT,5,8,TRUE,A,V,Y,V,NA,NA,NA
PRM_0250,GGGRAPVGDYVVL,GGTGGAGGTAGAGCTCCAGTTGGGGATTATGTTGTCTTGTAA,GCT,GGG,5,8,TRUE,A,G,Y,V,NA,NA,NA
PRM_0250,GGGRAPVGDYVVL,GGTGGAGGTAGAGCTCCAGTTGGTGATTATGTTGTCTTGTAA,GCT,GGT,5,8,TRUE,A,G,Y,V,NA,NA,NA
PRM_0250,GGGRAPVADYVVL,GGTGGAGGTAGAGCTCCAGTTGCGGATTATGTTGTCTTGTAA,GCT,GCG,5,8,TRUE,A,A,Y,V,NA,NA,NA
PRM_0250,GGGRAPVADYVVL,GGTGGAGGTAGAGCTCCAGTTGCTGATTATGTTGTCTTGTAA,GCT,GCT,5,8,TRUE,A,A,Y,V,NA,NA,NA
PRM_0250,GGGRAPVQDYVVL,GGTGGAGGTAGAGCTCCAGTTCAGGATTATGTTGTCTTGTAA,GCT,CAG,5,8,TRUE,A,Q,Y,V,NA,NA,NA
PRM_0250,GGGRAPVHDYVVL,GGTGGAGGTAGAGCTCCAGTTCATGATTATGTTGTCTTGTAA,GCT,CAT,5,8,TRUE,A,H,Y,V,NA,NA,NA
PRM_0250,GGGRAPVLDYVVL,GGTGGAGGTAGAGCTCCAGTTCTGGATTATGTTGTCTTGTAA,GCT,CTG,5,8,TRUE,A,L,Y,V,NA,NA,NA
PRM_0250,GGGRAPVLDYVVL,GGTGGAGGTAGAGCTCCAGTTCTTGATTATGTTGTCTTGTAA,GCT,CTT,5,8,TRUE,A,L,Y,V,NA,NA,NA
PRM_0250,GGGRAPVRDYVVL,GGTGGAGGTAGAGCTCCAGTTCGGGATTATGTTGTCTTGTAA,GCT,CGG,5,8,TRUE,A,R,Y,V,NA,NA,NA
PRM_0250,GGGRAPVRDYVVL,GGTGGAGGTAGAGCTCCAGTTCGTGATTATGTTGTCTTGTAA,GCT,CGT,5,8,TRUE,A,R,Y,V,NA,NA,NA
PRM_0250,GGGRAPVPDYVVL,GGTGGAGGTAGAGCTCCAGTTCCGGATTATGTTGTCTTGTAA,GCT,CCG,5,8,TRUE,A,P,Y,V,NA,NA,NA
PRM_0250,GGGRAPVPDYVVL,GGTGGAGGTAGAGCTCCAGTTCCTGATTATGTTGTCTTGTAA,GCT,CCT,5,8,TRUE,A,P,Y,V,NA,NA,NA
PRM_0250,GGGRQPVKDYVVL,GGTGGAGGTAGACAGCCAGTTAAGGATTATGTTGTCTTGTAA,CAG,AAG,5,8,TRUE,Q,K,Y,V,NA,NA,NA
PRM_0250,GGGRQPVNDYVVL,GGTGGAGGTAGACAGCCAGTTAATGATTATGTTGTCTTGTAA,CAG,AAT,5,8,TRUE,Q,N,Y,V,NA,NA,NA
PRM_0250,GGGRQPVMDYVVL,GGTGGAGGTAGACAGCCAGTTATGGATTATGTTGTCTTGTAA,CAG,ATG,5,8,TRUE,Q,M,Y,V,NA,NA,NA
PRM_0250,GGGRQPVIDYVVL,GGTGGAGGTAGACAGCCAGTTATTGATTATGTTGTCTTGTAA,CAG,ATT,5,8,TRUE,Q,I,Y,V,NA,NA,NA
PRM_0250,GGGRQPVRDYVVL,GGTGGAGGTAGACAGCCAGTTAGGGATTATGTTGTCTTGTAA,CAG,AGG,5,8,TRUE,Q,R,Y,V,NA,NA,NA
PRM_0250,GGGRQPVSDYVVL,GGTGGAGGTAGACAGCCAGTTAGTGATTATGTTGTCTTGTAA,CAG,AGT,5,8,TRUE,Q,S,Y,V,NA,NA,NA
PRM_0250,GGGRQPVTDYVVL,GGTGGAGGTAGACAGCCAGTTACGGATTATGTTGTCTTGTAA,CAG,ACG,5,8,TRUE,Q,T,Y,V,NA,NA,NA
PRM_0250,GGGRQPVTDYVVL,GGTGGAGGTAGACAGCCAGTTACTGATTATGTTGTCTTGTAA,CAG,ACT,5,8,TRUE,Q,T,Y,V,NA,NA,NA
PRM_0250,GGGRQPV*DYVVL,GGTGGAGGTAGACAGCCAGTTTAGGATTATGTTGTCTTGTAA,CAG,TAG,5,8,TRUE,Q,*,Y,V,NA,NA,NA
PRM_0250,GGGRQPVYDYVVL,GGTGGAGGTAGACAGCCAGTTTATGATTATGTTGTCTTGTAA,CAG,TAT,5,8,TRUE,Q,Y,Y,V,NA,NA,NA
PRM_0250,GGGRQPVLDYVVL,GGTGGAGGTAGACAGCCAGTTTTGGATTATGTTGTCTTGTAA,CAG,TTG,5,8,TRUE,Q,L,Y,V,NA,NA,NA
PRM_0250,GGGRQPVFDYVVL,GGTGGAGGTAGACAGCCAGTTTTTGATTATGTTGTCTTGTAA,CAG,TTT,5,8,TRUE,Q,F,Y,V,NA,NA,NA
PRM_0250,GGGRQPVWDYVVL,GGTGGAGGTAGACAGCCAGTTTGGGATTATGTTGTCTTGTAA,CAG,TGG,5,8,TRUE,Q,W,Y,V,NA,NA,NA
PRM_0250,GGGRQPVCDYVVL,GGTGGAGGTAGACAGCCAGTTTGTGATTATGTTGTCTTGTAA,CAG,TGT,5,8,TRUE,Q,C,Y,V,NA,NA,NA
PRM_0250,GGGRQPVSDYVVL,GGTGGAGGTAGACAGCCAGTTTCGGATTATGTTGTCTTGTAA,CAG,TCG,5,8,TRUE,Q,S,Y,V,NA,NA,NA
PRM_0250,GGGRQPVSDYVVL,GGTGGAGGTAGACAGCCAGTTTCTGATTATGTTGTCTTGTAA,CAG,TCT,5,8,TRUE,Q,S,Y,V,NA,NA,NA
PRM_0250,GGGRQPVEDYVVL,GGTGGAGGTAGACAGCCAGTTGAGGATTATGTTGTCTTGTAA,CAG,GAG,5,8,TRUE,Q,E,Y,V,NA,NA,NA
PRM_0250,GGGRQPVDDYVVL,GGTGGAGGTAGACAGCCAGTTGATGATTATGTTGTCTTGTAA,CAG,GAT,5,8,TRUE,Q,D,Y,V,NA,NA,NA
PRM_0250,GGGRQPVVDYVVL,GGTGGAGGTAGACAGCCAGTTGTGGATTATGTTGTCTTGTAA,CAG,GTG,5,8,TRUE,Q,V,Y,V,NA,NA,NA
PRM_0250,GGGRQPVVDYVVL,GGTGGAGGTAGACAGCCAGTTGTTGATTATGTTGTCTTGTAA,CAG,GTT,5,8,TRUE,Q,V,Y,V,NA,NA,NA
PRM_0250,GGGRQPVGDYVVL,GGTGGAGGTAGACAGCCAGTTGGGGATTATGTTGTCTTGTAA,CAG,GGG,5,8,TRUE,Q,G,Y,V,NA,NA,NA
PRM_0250,GGGRQPVGDYVVL,GGTGGAGGTAGACAGCCAGTTGGTGATTATGTTGTCTTGTAA,CAG,GGT,5,8,TRUE,Q,G,Y,V,NA,NA,NA
PRM_0250,GGGRQPVADYVVL,GGTGGAGGTAGACAGCCAGTTGCGGATTATGTTGTCTTGTAA,CAG,GCG,5,8,TRUE,Q,A,Y,V,NA,NA,NA
PRM_0250,GGGRQPVADYVVL,GGTGGAGGTAGACAGCCAGTTGCTGATTATGTTGTCTTGTAA,CAG,GCT,5,8,TRUE,Q,A,Y,V,NA,NA,NA
PRM_0250,GGGRQPVQDYVVL,GGTGGAGGTAGACAGCCAGTTCAGGATTATGTTGTCTTGTAA,CAG,CAG,5,8,TRUE,Q,Q,Y,V,NA,NA,NA
PRM_0250,GGGRQPVHDYVVL,GGTGGAGGTAGACAGCCAGTTCATGATTATGTTGTCTTGTAA,CAG,CAT,5,8,TRUE,Q,H,Y,V,NA,NA,NA
PRM_0250,GGGRQPVLDYVVL,GGTGGAGGTAGACAGCCAGTTCTGGATTATGTTGTCTTGTAA,CAG,CTG,5,8,TRUE,Q,L,Y,V,NA,NA,NA
PRM_0250,GGGRQPVLDYVVL,GGTGGAGGTAGACAGCCAGTTCTTGATTATGTTGTCTTGTAA,CAG,CTT,5,8,TRUE,Q,L,Y,V,NA,NA,NA
PRM_0250,GGGRQPVRDYVVL,GGTGGAGGTAGACAGCCAGTTCGGGATTATGTTGTCTTGTAA,CAG,CGG,5,8,TRUE,Q,R,Y,V,NA,NA,NA
PRM_0250,GGGRQPVRDYVVL,GGTGGAGGTAGACAGCCAGTTCGTGATTATGTTGTCTTGTAA,CAG,CGT,5,8,TRUE,Q,R,Y,V,NA,NA,NA
PRM_0250,GGGRQPVPDYVVL,GGTGGAGGTAGACAGCCAGTTCCGGATTATGTTGTCTTGTAA,CAG,CCG,5,8,TRUE,Q,P,Y,V,NA,NA,NA
PRM_0250,GGGRQPVPDYVVL,GGTGGAGGTAGACAGCCAGTTCCTGATTATGTTGTCTTGTAA,CAG,CCT,5,8,TRUE,Q,P,Y,V,NA,NA,NA
PRM_0250,GGGRHPVKDYVVL,GGTGGAGGTAGACATCCAGTTAAGGATTATGTTGTCTTGTAA,CAT,AAG,5,8,TRUE,H,K,Y,V,NA,NA,NA
PRM_0250,GGGRHPVNDYVVL,GGTGGAGGTAGACATCCAGTTAATGATTATGTTGTCTTGTAA,CAT,AAT,5,8,TRUE,H,N,Y,V,NA,NA,NA
PRM_0250,GGGRHPVMDYVVL,GGTGGAGGTAGACATCCAGTTATGGATTATGTTGTCTTGTAA,CAT,ATG,5,8,TRUE,H,M,Y,V,NA,NA,NA
PRM_0250,GGGRHPVIDYVVL,GGTGGAGGTAGACATCCAGTTATTGATTATGTTGTCTTGTAA,CAT,ATT,5,8,TRUE,H,I,Y,V,NA,NA,NA
PRM_0250,GGGRHPVRDYVVL,GGTGGAGGTAGACATCCAGTTAGGGATTATGTTGTCTTGTAA,CAT,AGG,5,8,TRUE,H,R,Y,V,NA,NA,NA
PRM_0250,GGGRHPVSDYVVL,GGTGGAGGTAGACATCCAGTTAGTGATTATGTTGTCTTGTAA,CAT,AGT,5,8,TRUE,H,S,Y,V,NA,NA,NA
PRM_0250,GGGRHPVTDYVVL,GGTGGAGGTAGACATCCAGTTACGGATTATGTTGTCTTGTAA,CAT,ACG,5,8,TRUE,H,T,Y,V,NA,NA,NA
PRM_0250,GGGRHPVTDYVVL,GGTGGAGGTAGACATCCAGTTACTGATTATGTTGTCTTGTAA,CAT,ACT,5,8,TRUE,H,T,Y,V,NA,NA,NA
PRM_0250,GGGRHPV*DYVVL,GGTGGAGGTAGACATCCAGTTTAGGATTATGTTGTCTTGTAA,CAT,TAG,5,8,TRUE,H,*,Y,V,NA,NA,NA
PRM_0250,GGGRHPVYDYVVL,GGTGGAGGTAGACATCCAGTTTATGATTATGTTGTCTTGTAA,CAT,TAT,5,8,TRUE,H,Y,Y,V,NA,NA,NA
PRM_0250,GGGRHPVLDYVVL,GGTGGAGGTAGACATCCAGTTTTGGATTATGTTGTCTTGTAA,CAT,TTG,5,8,TRUE,H,L,Y,V,NA,NA,NA
PRM_0250,GGGRHPVFDYVVL,GGTGGAGGTAGACATCCAGTTTTTGATTATGTTGTCTTGTAA,CAT,TTT,5,8,TRUE,H,F,Y,V,NA,NA,NA
PRM_0250,GGGRHPVWDYVVL,GGTGGAGGTAGACATCCAGTTTGGGATTATGTTGTCTTGTAA,CAT,TGG,5,8,TRUE,H,W,Y,V,NA,NA,NA
PRM_0250,GGGRHPVCDYVVL,GGTGGAGGTAGACATCCAGTTTGTGATTATGTTGTCTTGTAA,CAT,TGT,5,8,TRUE,H,C,Y,V,NA,NA,NA
PRM_0250,GGGRHPVSDYVVL,GGTGGAGGTAGACATCCAGTTTCGGATTATGTTGTCTTGTAA,CAT,TCG,5,8,TRUE,H,S,Y,V,NA,NA,NA
PRM_0250,GGGRHPVSDYVVL,GGTGGAGGTAGACATCCAGTTTCTGATTATGTTGTCTTGTAA,CAT,TCT,5,8,TRUE,H,S,Y,V,NA,NA,NA
PRM_0250,GGGRHPVEDYVVL,GGTGGAGGTAGACATCCAGTTGAGGATTATGTTGTCTTGTAA,CAT,GAG,5,8,TRUE,H,E,Y,V,NA,NA,NA
PRM_0250,GGGRHPVDDYVVL,GGTGGAGGTAGACATCCAGTTGATGATTATGTTGTCTTGTAA,CAT,GAT,5,8,TRUE,H,D,Y,V,NA,NA,NA
PRM_0250,GGGRHPVVDYVVL,GGTGGAGGTAGACATCCAGTTGTGGATTATGTTGTCTTGTAA,CAT,GTG,5,8,TRUE,H,V,Y,V,NA,NA,NA
PRM_0250,GGGRHPVVDYVVL,GGTGGAGGTAGACATCCAGTTGTTGATTATGTTGTCTTGTAA,CAT,GTT,5,8,TRUE,H,V,Y,V,NA,NA,NA
PRM_0250,GGGRHPVGDYVVL,GGTGGAGGTAGACATCCAGTTGGGGATTATGTTGTCTTGTAA,CAT,GGG,5,8,TRUE,H,G,Y,V,NA,NA,NA
PRM_0250,GGGRHPVGDYVVL,GGTGGAGGTAGACATCCAGTTGGTGATTATGTTGTCTTGTAA,CAT,GGT,5,8,TRUE,H,G,Y,V,NA,NA,NA
PRM_0250,GGGRHPVADYVVL,GGTGGAGGTAGACATCCAGTTGCGGATTATGTTGTCTTGTAA,CAT,GCG,5,8,TRUE,H,A,Y,V,NA,NA,NA
PRM_0250,GGGRHPVADYVVL,GGTGGAGGTAGACATCCAGTTGCTGATTATGTTGTCTTGTAA,CAT,GCT,5,8,TRUE,H,A,Y,V,NA,NA,NA
PRM_0250,GGGRHPVQDYVVL,GGTGGAGGTAGACATCCAGTTCAGGATTATGTTGTCTTGTAA,CAT,CAG,5,8,TRUE,H,Q,Y,V,NA,NA,NA
PRM_0250,GGGRHPVHDYVVL,GGTGGAGGTAGACATCCAGTTCATGATTATGTTGTCTTGTAA,CAT,CAT,5,8,TRUE,H,H,Y,V,NA,NA,NA
PRM_0250,GGGRHPVLDYVVL,GGTGGAGGTAGACATCCAGTTCTGGATTATGTTGTCTTGTAA,CAT,CTG,5,8,TRUE,H,L,Y,V,NA,NA,NA
PRM_0250,GGGRHPVLDYVVL,GGTGGAGGTAGACATCCAGTTCTTGATTATGTTGTCTTGTAA,CAT,CTT,5,8,TRUE,H,L,Y,V,NA,NA,NA
PRM_0250,GGGRHPVRDYVVL,GGTGGAGGTAGACATCCAGTTCGGGATTATGTTGTCTTGTAA,CAT,CGG,5,8,TRUE,H,R,Y,V,NA,NA,NA
PRM_0250,GGGRHPVRDYVVL,GGTGGAGGTAGACATCCAGTTCGTGATTATGTTGTCTTGTAA,CAT,CGT,5,8,TRUE,H,R,Y,V,NA,NA,NA
PRM_0250,GGGRHPVPDYVVL,GGTGGAGGTAGACATCCAGTTCCGGATTATGTTGTCTTGTAA,CAT,CCG,5,8,TRUE,H,P,Y,V,NA,NA,NA
PRM_0250,GGGRHPVPDYVVL,GGTGGAGGTAGACATCCAGTTCCTGATTATGTTGTCTTGTAA,CAT,CCT,5,8,TRUE,H,P,Y,V,NA,NA,NA
PRM_0250,GGGRLPVKDYVVL,GGTGGAGGTAGACTGCCAGTTAAGGATTATGTTGTCTTGTAA,CTG,AAG,5,8,TRUE,L,K,Y,V,NA,NA,NA
PRM_0250,GGGRLPVNDYVVL,GGTGGAGGTAGACTGCCAGTTAATGATTATGTTGTCTTGTAA,CTG,AAT,5,8,TRUE,L,N,Y,V,NA,NA,NA
PRM_0250,GGGRLPVMDYVVL,GGTGGAGGTAGACTGCCAGTTATGGATTATGTTGTCTTGTAA,CTG,ATG,5,8,TRUE,L,M,Y,V,NA,NA,NA
PRM_0250,GGGRLPVIDYVVL,GGTGGAGGTAGACTGCCAGTTATTGATTATGTTGTCTTGTAA,CTG,ATT,5,8,TRUE,L,I,Y,V,NA,NA,NA
PRM_0250,GGGRLPVRDYVVL,GGTGGAGGTAGACTGCCAGTTAGGGATTATGTTGTCTTGTAA,CTG,AGG,5,8,TRUE,L,R,Y,V,NA,NA,NA
PRM_0250,GGGRLPVSDYVVL,GGTGGAGGTAGACTGCCAGTTAGTGATTATGTTGTCTTGTAA,CTG,AGT,5,8,TRUE,L,S,Y,V,NA,NA,NA
PRM_0250,GGGRLPVTDYVVL,GGTGGAGGTAGACTGCCAGTTACGGATTATGTTGTCTTGTAA,CTG,ACG,5,8,TRUE,L,T,Y,V,NA,NA,NA
PRM_0250,GGGRLPVTDYVVL,GGTGGAGGTAGACTGCCAGTTACTGATTATGTTGTCTTGTAA,CTG,ACT,5,8,TRUE,L,T,Y,V,NA,NA,NA
PRM_0250,GGGRLPV*DYVVL,GGTGGAGGTAGACTGCCAGTTTAGGATTATGTTGTCTTGTAA,CTG,TAG,5,8,TRUE,L,*,Y,V,NA,NA,NA
PRM_0250,GGGRLPVYDYVVL,GGTGGAGGTAGACTGCCAGTTTATGATTATGTTGTCTTGTAA,CTG,TAT,5,8,TRUE,L,Y,Y,V,NA,NA,NA
PRM_0250,GGGRLPVLDYVVL,GGTGGAGGTAGACTGCCAGTTTTGGATTATGTTGTCTTGTAA,CTG,TTG,5,8,TRUE,L,L,Y,V,NA,NA,NA
PRM_0250,GGGRLPVFDYVVL,GGTGGAGGTAGACTGCCAGTTTTTGATTATGTTGTCTTGTAA,CTG,TTT,5,8,TRUE,L,F,Y,V,NA,NA,NA
PRM_0250,GGGRLPVWDYVVL,GGTGGAGGTAGACTGCCAGTTTGGGATTATGTTGTCTTGTAA,CTG,TGG,5,8,TRUE,L,W,Y,V,NA,NA,NA
PRM_0250,GGGRLPVCDYVVL,GGTGGAGGTAGACTGCCAGTTTGTGATTATGTTGTCTTGTAA,CTG,TGT,5,8,TRUE,L,C,Y,V,NA,NA,NA
PRM_0250,GGGRLPVSDYVVL,GGTGGAGGTAGACTGCCAGTTTCGGATTATGTTGTCTTGTAA,CTG,TCG,5,8,TRUE,L,S,Y,V,NA,NA,NA
PRM_0250,GGGRLPVSDYVVL,GGTGGAGGTAGACTGCCAGTTTCTGATTATGTTGTCTTGTAA,CTG,TCT,5,8,TRUE,L,S,Y,V,NA,NA,NA
PRM_0250,GGGRLPVEDYVVL,GGTGGAGGTAGACTGCCAGTTGAGGATTATGTTGTCTTGTAA,CTG,GAG,5,8,TRUE,L,E,Y,V,NA,NA,NA
PRM_0250,GGGRLPVDDYVVL,GGTGGAGGTAGACTGCCAGTTGATGATTATGTTGTCTTGTAA,CTG,GAT,5,8,TRUE,L,D,Y,V,NA,NA,NA
PRM_0250,GGGRLPVVDYVVL,GGTGGAGGTAGACTGCCAGTTGTGGATTATGTTGTCTTGTAA,CTG,GTG,5,8,TRUE,L,V,Y,V,NA,NA,NA
PRM_0250,GGGRLPVVDYVVL,GGTGGAGGTAGACTGCCAGTTGTTGATTATGTTGTCTTGTAA,CTG,GTT,5,8,TRUE,L,V,Y,V,NA,NA,NA
PRM_0250,GGGRLPVGDYVVL,GGTGGAGGTAGACTGCCAGTTGGGGATTATGTTGTCTTGTAA,CTG,GGG,5,8,TRUE,L,G,Y,V,NA,NA,NA
PRM_0250,GGGRLPVGDYVVL,GGTGGAGGTAGACTGCCAGTTGGTGATTATGTTGTCTTGTAA,CTG,GGT,5,8,TRUE,L,G,Y,V,NA,NA,NA
PRM_0250,GGGRLPVADYVVL,GGTGGAGGTAGACTGCCAGTTGCGGATTATGTTGTCTTGTAA,CTG,GCG,5,8,TRUE,L,A,Y,V,NA,NA,NA
PRM_0250,GGGRLPVADYVVL,GGTGGAGGTAGACTGCCAGTTGCTGATTATGTTGTCTTGTAA,CTG,GCT,5,8,TRUE,L,A,Y,V,NA,NA,NA
PRM_0250,GGGRLPVQDYVVL,GGTGGAGGTAGACTGCCAGTTCAGGATTATGTTGTCTTGTAA,CTG,CAG,5,8,TRUE,L,Q,Y,V,NA,NA,NA
PRM_0250,GGGRLPVHDYVVL,GGTGGAGGTAGACTGCCAGTTCATGATTATGTTGTCTTGTAA,CTG,CAT,5,8,TRUE,L,H,Y,V,NA,NA,NA
PRM_0250,GGGRLPVLDYVVL,GGTGGAGGTAGACTGCCAGTTCTGGATTATGTTGTCTTGTAA,CTG,CTG,5,8,TRUE,L,L,Y,V,NA,NA,NA
PRM_0250,GGGRLPVLDYVVL,GGTGGAGGTAGACTGCCAGTTCTTGATTATGTTGTCTTGTAA,CTG,CTT,5,8,TRUE,L,L,Y,V,NA,NA,NA
PRM_0250,GGGRLPVRDYVVL,GGTGGAGGTAGACTGCCAGTTCGGGATTATGTTGTCTTGTAA,CTG,CGG,5,8,TRUE,L,R,Y,V,NA,NA,NA
PRM_0250,GGGRLPVRDYVVL,GGTGGAGGTAGACTGCCAGTTCGTGATTATGTTGTCTTGTAA,CTG,CGT,5,8,TRUE,L,R,Y,V,NA,NA,NA
PRM_0250,GGGRLPVPDYVVL,GGTGGAGGTAGACTGCCAGTTCCGGATTATGTTGTCTTGTAA,CTG,CCG,5,8,TRUE,L,P,Y,V,NA,NA,NA
PRM_0250,GGGRLPVPDYVVL,GGTGGAGGTAGACTGCCAGTTCCTGATTATGTTGTCTTGTAA,CTG,CCT,5,8,TRUE,L,P,Y,V,NA,NA,NA
PRM_0250,GGGRLPVKDYVVL,GGTGGAGGTAGACTTCCAGTTAAGGATTATGTTGTCTTGTAA,CTT,AAG,5,8,TRUE,L,K,Y,V,NA,NA,NA
PRM_0250,GGGRLPVNDYVVL,GGTGGAGGTAGACTTCCAGTTAATGATTATGTTGTCTTGTAA,CTT,AAT,5,8,TRUE,L,N,Y,V,NA,NA,NA
PRM_0250,GGGRLPVMDYVVL,GGTGGAGGTAGACTTCCAGTTATGGATTATGTTGTCTTGTAA,CTT,ATG,5,8,TRUE,L,M,Y,V,NA,NA,NA
PRM_0250,GGGRLPVIDYVVL,GGTGGAGGTAGACTTCCAGTTATTGATTATGTTGTCTTGTAA,CTT,ATT,5,8,TRUE,L,I,Y,V,NA,NA,NA
PRM_0250,GGGRLPVRDYVVL,GGTGGAGGTAGACTTCCAGTTAGGGATTATGTTGTCTTGTAA,CTT,AGG,5,8,TRUE,L,R,Y,V,NA,NA,NA
PRM_0250,GGGRLPVSDYVVL,GGTGGAGGTAGACTTCCAGTTAGTGATTATGTTGTCTTGTAA,CTT,AGT,5,8,TRUE,L,S,Y,V,NA,NA,NA
PRM_0250,GGGRLPVTDYVVL,GGTGGAGGTAGACTTCCAGTTACGGATTATGTTGTCTTGTAA,CTT,ACG,5,8,TRUE,L,T,Y,V,NA,NA,NA
PRM_0250,GGGRLPVTDYVVL,GGTGGAGGTAGACTTCCAGTTACTGATTATGTTGTCTTGTAA,CTT,ACT,5,8,TRUE,L,T,Y,V,NA,NA,NA
PRM_0250,GGGRLPV*DYVVL,GGTGGAGGTAGACTTCCAGTTTAGGATTATGTTGTCTTGTAA,CTT,TAG,5,8,TRUE,L,*,Y,V,NA,NA,NA
PRM_0250,GGGRLPVYDYVVL,GGTGGAGGTAGACTTCCAGTTTATGATTATGTTGTCTTGTAA,CTT,TAT,5,8,TRUE,L,Y,Y,V,NA,NA,NA
PRM_0250,GGGRLPVLDYVVL,GGTGGAGGTAGACTTCCAGTTTTGGATTATGTTGTCTTGTAA,CTT,TTG,5,8,TRUE,L,L,Y,V,NA,NA,NA
PRM_0250,GGGRLPVFDYVVL,GGTGGAGGTAGACTTCCAGTTTTTGATTATGTTGTCTTGTAA,CTT,TTT,5,8,TRUE,L,F,Y,V,NA,NA,NA
PRM_0250,GGGRLPVWDYVVL,GGTGGAGGTAGACTTCCAGTTTGGGATTATGTTGTCTTGTAA,CTT,TGG,5,8,TRUE,L,W,Y,V,NA,NA,NA
PRM_0250,GGGRLPVCDYVVL,GGTGGAGGTAGACTTCCAGTTTGTGATTATGTTGTCTTGTAA,CTT,TGT,5,8,TRUE,L,C,Y,V,NA,NA,NA
PRM_0250,GGGRLPVSDYVVL,GGTGGAGGTAGACTTCCAGTTTCGGATTATGTTGTCTTGTAA,CTT,TCG,5,8,TRUE,L,S,Y,V,NA,NA,NA
PRM_0250,GGGRLPVSDYVVL,GGTGGAGGTAGACTTCCAGTTTCTGATTATGTTGTCTTGTAA,CTT,TCT,5,8,TRUE,L,S,Y,V,NA,NA,NA
PRM_0250,GGGRLPVEDYVVL,GGTGGAGGTAGACTTCCAGTTGAGGATTATGTTGTCTTGTAA,CTT,GAG,5,8,TRUE,L,E,Y,V,NA,NA,NA
PRM_0250,GGGRLPVDDYVVL,GGTGGAGGTAGACTTCCAGTTGATGATTATGTTGTCTTGTAA,CTT,GAT,5,8,TRUE,L,D,Y,V,NA,NA,NA
PRM_0250,GGGRLPVVDYVVL,GGTGGAGGTAGACTTCCAGTTGTGGATTATGTTGTCTTGTAA,CTT,GTG,5,8,TRUE,L,V,Y,V,NA,NA,NA
PRM_0250,GGGRLPVVDYVVL,GGTGGAGGTAGACTTCCAGTTGTTGATTATGTTGTCTTGTAA,CTT,GTT,5,8,TRUE,L,V,Y,V,NA,NA,NA
PRM_0250,GGGRLPVGDYVVL,GGTGGAGGTAGACTTCCAGTTGGGGATTATGTTGTCTTGTAA,CTT,GGG,5,8,TRUE,L,G,Y,V,NA,NA,NA
PRM_0250,GGGRLPVGDYVVL,GGTGGAGGTAGACTTCCAGTTGGTGATTATGTTGTCTTGTAA,CTT,GGT,5,8,TRUE,L,G,Y,V,NA,NA,NA
PRM_0250,GGGRLPVADYVVL,GGTGGAGGTAGACTTCCAGTTGCGGATTATGTTGTCTTGTAA,CTT,GCG,5,8,TRUE,L,A,Y,V,NA,NA,NA
PRM_0250,GGGRLPVADYVVL,GGTGGAGGTAGACTTCCAGTTGCTGATTATGTTGTCTTGTAA,CTT,GCT,5,8,TRUE,L,A,Y,V,NA,NA,NA
PRM_0250,GGGRLPVQDYVVL,GGTGGAGGTAGACTTCCAGTTCAGGATTATGTTGTCTTGTAA,CTT,CAG,5,8,TRUE,L,Q,Y,V,NA,NA,NA
PRM_0250,GGGRLPVHDYVVL,GGTGGAGGTAGACTTCCAGTTCATGATTATGTTGTCTTGTAA,CTT,CAT,5,8,TRUE,L,H,Y,V,NA,NA,NA
PRM_0250,GGGRLPVLDYVVL,GGTGGAGGTAGACTTCCAGTTCTGGATTATGTTGTCTTGTAA,CTT,CTG,5,8,TRUE,L,L,Y,V,NA,NA,NA
PRM_0250,GGGRLPVLDYVVL,GGTGGAGGTAGACTTCCAGTTCTTGATTATGTTGTCTTGTAA,CTT,CTT,5,8,TRUE,L,L,Y,V,NA,NA,NA
PRM_0250,GGGRLPVRDYVVL,GGTGGAGGTAGACTTCCAGTTCGGGATTATGTTGTCTTGTAA,CTT,CGG,5,8,TRUE,L,R,Y,V,NA,NA,NA
PRM_0250,GGGRLPVRDYVVL,GGTGGAGGTAGACTTCCAGTTCGTGATTATGTTGTCTTGTAA,CTT,CGT,5,8,TRUE,L,R,Y,V,NA,NA,NA
PRM_0250,GGGRLPVPDYVVL,GGTGGAGGTAGACTTCCAGTTCCGGATTATGTTGTCTTGTAA,CTT,CCG,5,8,TRUE,L,P,Y,V,NA,NA,NA
PRM_0250,GGGRLPVPDYVVL,GGTGGAGGTAGACTTCCAGTTCCTGATTATGTTGTCTTGTAA,CTT,CCT,5,8,TRUE,L,P,Y,V,NA,NA,NA
PRM_0250,GGGRRPVKDYVVL,GGTGGAGGTAGACGGCCAGTTAAGGATTATGTTGTCTTGTAA,CGG,AAG,5,8,TRUE,R,K,Y,V,NA,NA,NA
PRM_0250,GGGRRPVNDYVVL,GGTGGAGGTAGACGGCCAGTTAATGATTATGTTGTCTTGTAA,CGG,AAT,5,8,TRUE,R,N,Y,V,NA,NA,NA
PRM_0250,GGGRRPVMDYVVL,GGTGGAGGTAGACGGCCAGTTATGGATTATGTTGTCTTGTAA,CGG,ATG,5,8,TRUE,R,M,Y,V,NA,NA,NA
PRM_0250,GGGRRPVIDYVVL,GGTGGAGGTAGACGGCCAGTTATTGATTATGTTGTCTTGTAA,CGG,ATT,5,8,TRUE,R,I,Y,V,NA,NA,NA
PRM_0250,GGGRRPVRDYVVL,GGTGGAGGTAGACGGCCAGTTAGGGATTATGTTGTCTTGTAA,CGG,AGG,5,8,TRUE,R,R,Y,V,NA,NA,NA
PRM_0250,GGGRRPVSDYVVL,GGTGGAGGTAGACGGCCAGTTAGTGATTATGTTGTCTTGTAA,CGG,AGT,5,8,TRUE,R,S,Y,V,NA,NA,NA
PRM_0250,GGGRRPVTDYVVL,GGTGGAGGTAGACGGCCAGTTACGGATTATGTTGTCTTGTAA,CGG,ACG,5,8,TRUE,R,T,Y,V,NA,NA,NA
PRM_0250,GGGRRPVTDYVVL,GGTGGAGGTAGACGGCCAGTTACTGATTATGTTGTCTTGTAA,CGG,ACT,5,8,TRUE,R,T,Y,V,NA,NA,NA
PRM_0250,GGGRRPV*DYVVL,GGTGGAGGTAGACGGCCAGTTTAGGATTATGTTGTCTTGTAA,CGG,TAG,5,8,TRUE,R,*,Y,V,NA,NA,NA
PRM_0250,GGGRRPVYDYVVL,GGTGGAGGTAGACGGCCAGTTTATGATTATGTTGTCTTGTAA,CGG,TAT,5,8,TRUE,R,Y,Y,V,NA,NA,NA
PRM_0250,GGGRRPVLDYVVL,GGTGGAGGTAGACGGCCAGTTTTGGATTATGTTGTCTTGTAA,CGG,TTG,5,8,TRUE,R,L,Y,V,NA,NA,NA
PRM_0250,GGGRRPVFDYVVL,GGTGGAGGTAGACGGCCAGTTTTTGATTATGTTGTCTTGTAA,CGG,TTT,5,8,TRUE,R,F,Y,V,NA,NA,NA
PRM_0250,GGGRRPVWDYVVL,GGTGGAGGTAGACGGCCAGTTTGGGATTATGTTGTCTTGTAA,CGG,TGG,5,8,TRUE,R,W,Y,V,NA,NA,NA
PRM_0250,GGGRRPVCDYVVL,GGTGGAGGTAGACGGCCAGTTTGTGATTATGTTGTCTTGTAA,CGG,TGT,5,8,TRUE,R,C,Y,V,NA,NA,NA
PRM_0250,GGGRRPVSDYVVL,GGTGGAGGTAGACGGCCAGTTTCGGATTATGTTGTCTTGTAA,CGG,TCG,5,8,TRUE,R,S,Y,V,NA,NA,NA
PRM_0250,GGGRRPVSDYVVL,GGTGGAGGTAGACGGCCAGTTTCTGATTATGTTGTCTTGTAA,CGG,TCT,5,8,TRUE,R,S,Y,V,NA,NA,NA
PRM_0250,GGGRRPVEDYVVL,GGTGGAGGTAGACGGCCAGTTGAGGATTATGTTGTCTTGTAA,CGG,GAG,5,8,TRUE,R,E,Y,V,NA,NA,NA
PRM_0250,GGGRRPVDDYVVL,GGTGGAGGTAGACGGCCAGTTGATGATTATGTTGTCTTGTAA,CGG,GAT,5,8,TRUE,R,D,Y,V,NA,NA,NA
PRM_0250,GGGRRPVVDYVVL,GGTGGAGGTAGACGGCCAGTTGTGGATTATGTTGTCTTGTAA,CGG,GTG,5,8,TRUE,R,V,Y,V,NA,NA,NA
PRM_0250,GGGRRPVVDYVVL,GGTGGAGGTAGACGGCCAGTTGTTGATTATGTTGTCTTGTAA,CGG,GTT,5,8,TRUE,R,V,Y,V,NA,NA,NA
PRM_0250,GGGRRPVGDYVVL,GGTGGAGGTAGACGGCCAGTTGGGGATTATGTTGTCTTGTAA,CGG,GGG,5,8,TRUE,R,G,Y,V,NA,NA,NA
PRM_0250,GGGRRPVGDYVVL,GGTGGAGGTAGACGGCCAGTTGGTGATTATGTTGTCTTGTAA,CGG,GGT,5,8,TRUE,R,G,Y,V,NA,NA,NA
PRM_0250,GGGRRPVADYVVL,GGTGGAGGTAGACGGCCAGTTGCGGATTATGTTGTCTTGTAA,CGG,GCG,5,8,TRUE,R,A,Y,V,NA,NA,NA
PRM_0250,GGGRRPVADYVVL,GGTGGAGGTAGACGGCCAGTTGCTGATTATGTTGTCTTGTAA,CGG,GCT,5,8,TRUE,R,A,Y,V,NA,NA,NA
PRM_0250,GGGRRPVQDYVVL,GGTGGAGGTAGACGGCCAGTTCAGGATTATGTTGTCTTGTAA,CGG,CAG,5,8,TRUE,R,Q,Y,V,NA,NA,NA
PRM_0250,GGGRRPVHDYVVL,GGTGGAGGTAGACGGCCAGTTCATGATTATGTTGTCTTGTAA,CGG,CAT,5,8,TRUE,R,H,Y,V,NA,NA,NA
PRM_0250,GGGRRPVLDYVVL,GGTGGAGGTAGACGGCCAGTTCTGGATTATGTTGTCTTGTAA,CGG,CTG,5,8,TRUE,R,L,Y,V,NA,NA,NA
PRM_0250,GGGRRPVLDYVVL,GGTGGAGGTAGACGGCCAGTTCTTGATTATGTTGTCTTGTAA,CGG,CTT,5,8,TRUE,R,L,Y,V,NA,NA,NA
PRM_0250,GGGRRPVRDYVVL,GGTGGAGGTAGACGGCCAGTTCGGGATTATGTTGTCTTGTAA,CGG,CGG,5,8,TRUE,R,R,Y,V,NA,NA,NA
PRM_0250,GGGRRPVRDYVVL,GGTGGAGGTAGACGGCCAGTTCGTGATTATGTTGTCTTGTAA,CGG,CGT,5,8,TRUE,R,R,Y,V,NA,NA,NA
PRM_0250,GGGRRPVPDYVVL,GGTGGAGGTAGACGGCCAGTTCCGGATTATGTTGTCTTGTAA,CGG,CCG,5,8,TRUE,R,P,Y,V,NA,NA,NA
PRM_0250,GGGRRPVPDYVVL,GGTGGAGGTAGACGGCCAGTTCCTGATTATGTTGTCTTGTAA,CGG,CCT,5,8,TRUE,R,P,Y,V,NA,NA,NA
PRM_0250,GGGRRPVKDYVVL,GGTGGAGGTAGACGTCCAGTTAAGGATTATGTTGTCTTGTAA,CGT,AAG,5,8,TRUE,R,K,Y,V,NA,NA,NA
PRM_0250,GGGRRPVNDYVVL,GGTGGAGGTAGACGTCCAGTTAATGATTATGTTGTCTTGTAA,CGT,AAT,5,8,TRUE,R,N,Y,V,NA,NA,NA
PRM_0250,GGGRRPVMDYVVL,GGTGGAGGTAGACGTCCAGTTATGGATTATGTTGTCTTGTAA,CGT,ATG,5,8,TRUE,R,M,Y,V,NA,NA,NA
PRM_0250,GGGRRPVIDYVVL,GGTGGAGGTAGACGTCCAGTTATTGATTATGTTGTCTTGTAA,CGT,ATT,5,8,TRUE,R,I,Y,V,NA,NA,NA
PRM_0250,GGGRRPVRDYVVL,GGTGGAGGTAGACGTCCAGTTAGGGATTATGTTGTCTTGTAA,CGT,AGG,5,8,TRUE,R,R,Y,V,NA,NA,NA
PRM_0250,GGGRRPVSDYVVL,GGTGGAGGTAGACGTCCAGTTAGTGATTATGTTGTCTTGTAA,CGT,AGT,5,8,TRUE,R,S,Y,V,NA,NA,NA
PRM_0250,GGGRRPVTDYVVL,GGTGGAGGTAGACGTCCAGTTACGGATTATGTTGTCTTGTAA,CGT,ACG,5,8,TRUE,R,T,Y,V,NA,NA,NA
PRM_0250,GGGRRPVTDYVVL,GGTGGAGGTAGACGTCCAGTTACTGATTATGTTGTCTTGTAA,CGT,ACT,5,8,TRUE,R,T,Y,V,NA,NA,NA
PRM_0250,GGGRRPV*DYVVL,GGTGGAGGTAGACGTCCAGTTTAGGATTATGTTGTCTTGTAA,CGT,TAG,5,8,TRUE,R,*,Y,V,NA,NA,NA
PRM_0250,GGGRRPVYDYVVL,GGTGGAGGTAGACGTCCAGTTTATGATTATGTTGTCTTGTAA,CGT,TAT,5,8,TRUE,R,Y,Y,V,NA,NA,NA
PRM_0250,GGGRRPVLDYVVL,GGTGGAGGTAGACGTCCAGTTTTGGATTATGTTGTCTTGTAA,CGT,TTG,5,8,TRUE,R,L,Y,V,NA,NA,NA
PRM_0250,GGGRRPVFDYVVL,GGTGGAGGTAGACGTCCAGTTTTTGATTATGTTGTCTTGTAA,CGT,TTT,5,8,TRUE,R,F,Y,V,NA,NA,NA
PRM_0250,GGGRRPVWDYVVL,GGTGGAGGTAGACGTCCAGTTTGGGATTATGTTGTCTTGTAA,CGT,TGG,5,8,TRUE,R,W,Y,V,NA,NA,NA
PRM_0250,GGGRRPVCDYVVL,GGTGGAGGTAGACGTCCAGTTTGTGATTATGTTGTCTTGTAA,CGT,TGT,5,8,TRUE,R,C,Y,V,NA,NA,NA
PRM_0250,GGGRRPVSDYVVL,GGTGGAGGTAGACGTCCAGTTTCGGATTATGTTGTCTTGTAA,CGT,TCG,5,8,TRUE,R,S,Y,V,NA,NA,NA
PRM_0250,GGGRRPVSDYVVL,GGTGGAGGTAGACGTCCAGTTTCTGATTATGTTGTCTTGTAA,CGT,TCT,5,8,TRUE,R,S,Y,V,NA,NA,NA
PRM_0250,GGGRRPVEDYVVL,GGTGGAGGTAGACGTCCAGTTGAGGATTATGTTGTCTTGTAA,CGT,GAG,5,8,TRUE,R,E,Y,V,NA,NA,NA
PRM_0250,GGGRRPVDDYVVL,GGTGGAGGTAGACGTCCAGTTGATGATTATGTTGTCTTGTAA,CGT,GAT,5,8,TRUE,R,D,Y,V,NA,NA,NA
PRM_0250,GGGRRPVVDYVVL,GGTGGAGGTAGACGTCCAGTTGTGGATTATGTTGTCTTGTAA,CGT,GTG,5,8,TRUE,R,V,Y,V,NA,NA,NA
PRM_0250,GGGRRPVVDYVVL,GGTGGAGGTAGACGTCCAGTTGTTGATTATGTTGTCTTGTAA,CGT,GTT,5,8,TRUE,R,V,Y,V,NA,NA,NA
PRM_0250,GGGRRPVGDYVVL,GGTGGAGGTAGACGTCCAGTTGGGGATTATGTTGTCTTGTAA,CGT,GGG,5,8,TRUE,R,G,Y,V,NA,NA,NA
PRM_0250,GGGRRPVGDYVVL,GGTGGAGGTAGACGTCCAGTTGGTGATTATGTTGTCTTGTAA,CGT,GGT,5,8,TRUE,R,G,Y,V,NA,NA,NA
PRM_0250,GGGRRPVADYVVL,GGTGGAGGTAGACGTCCAGTTGCGGATTATGTTGTCTTGTAA,CGT,GCG,5,8,TRUE,R,A,Y,V,NA,NA,NA
PRM_0250,GGGRRPVADYVVL,GGTGGAGGTAGACGTCCAGTTGCTGATTATGTTGTCTTGTAA,CGT,GCT,5,8,TRUE,R,A,Y,V,NA,NA,NA
PRM_0250,GGGRRPVQDYVVL,GGTGGAGGTAGACGTCCAGTTCAGGATTATGTTGTCTTGTAA,CGT,CAG,5,8,TRUE,R,Q,Y,V,NA,NA,NA
PRM_0250,GGGRRPVHDYVVL,GGTGGAGGTAGACGTCCAGTTCATGATTATGTTGTCTTGTAA,CGT,CAT,5,8,TRUE,R,H,Y,V,NA,NA,NA
PRM_0250,GGGRRPVLDYVVL,GGTGGAGGTAGACGTCCAGTTCTGGATTATGTTGTCTTGTAA,CGT,CTG,5,8,TRUE,R,L,Y,V,NA,NA,NA
PRM_0250,GGGRRPVLDYVVL,GGTGGAGGTAGACGTCCAGTTCTTGATTATGTTGTCTTGTAA,CGT,CTT,5,8,TRUE,R,L,Y,V,NA,NA,NA
PRM_0250,GGGRRPVRDYVVL,GGTGGAGGTAGACGTCCAGTTCGGGATTATGTTGTCTTGTAA,CGT,CGG,5,8,TRUE,R,R,Y,V,NA,NA,NA
PRM_0250,GGGRRPVRDYVVL,GGTGGAGGTAGACGTCCAGTTCGTGATTATGTTGTCTTGTAA,CGT,CGT,5,8,TRUE,R,R,Y,V,NA,NA,NA
PRM_0250,GGGRRPVPDYVVL,GGTGGAGGTAGACGTCCAGTTCCGGATTATGTTGTCTTGTAA,CGT,CCG,5,8,TRUE,R,P,Y,V,NA,NA,NA
PRM_0250,GGGRRPVPDYVVL,GGTGGAGGTAGACGTCCAGTTCCTGATTATGTTGTCTTGTAA,CGT,CCT,5,8,TRUE,R,P,Y,V,NA,NA,NA
PRM_0250,GGGRPPVKDYVVL,GGTGGAGGTAGACCGCCAGTTAAGGATTATGTTGTCTTGTAA,CCG,AAG,5,8,TRUE,P,K,Y,V,NA,NA,NA
PRM_0250,GGGRPPVNDYVVL,GGTGGAGGTAGACCGCCAGTTAATGATTATGTTGTCTTGTAA,CCG,AAT,5,8,TRUE,P,N,Y,V,NA,NA,NA
PRM_0250,GGGRPPVMDYVVL,GGTGGAGGTAGACCGCCAGTTATGGATTATGTTGTCTTGTAA,CCG,ATG,5,8,TRUE,P,M,Y,V,NA,NA,NA
PRM_0250,GGGRPPVIDYVVL,GGTGGAGGTAGACCGCCAGTTATTGATTATGTTGTCTTGTAA,CCG,ATT,5,8,TRUE,P,I,Y,V,NA,NA,NA
PRM_0250,GGGRPPVRDYVVL,GGTGGAGGTAGACCGCCAGTTAGGGATTATGTTGTCTTGTAA,CCG,AGG,5,8,TRUE,P,R,Y,V,NA,NA,NA
PRM_0250,GGGRPPVSDYVVL,GGTGGAGGTAGACCGCCAGTTAGTGATTATGTTGTCTTGTAA,CCG,AGT,5,8,TRUE,P,S,Y,V,NA,NA,NA
PRM_0250,GGGRPPVTDYVVL,GGTGGAGGTAGACCGCCAGTTACGGATTATGTTGTCTTGTAA,CCG,ACG,5,8,TRUE,P,T,Y,V,NA,NA,NA
PRM_0250,GGGRPPVTDYVVL,GGTGGAGGTAGACCGCCAGTTACTGATTATGTTGTCTTGTAA,CCG,ACT,5,8,TRUE,P,T,Y,V,NA,NA,NA
PRM_0250,GGGRPPV*DYVVL,GGTGGAGGTAGACCGCCAGTTTAGGATTATGTTGTCTTGTAA,CCG,TAG,5,8,TRUE,P,*,Y,V,NA,NA,NA
PRM_0250,GGGRPPVYDYVVL,GGTGGAGGTAGACCGCCAGTTTATGATTATGTTGTCTTGTAA,CCG,TAT,5,8,TRUE,P,Y,Y,V,NA,NA,NA
PRM_0250,GGGRPPVLDYVVL,GGTGGAGGTAGACCGCCAGTTTTGGATTATGTTGTCTTGTAA,CCG,TTG,5,8,TRUE,P,L,Y,V,NA,NA,NA
PRM_0250,GGGRPPVFDYVVL,GGTGGAGGTAGACCGCCAGTTTTTGATTATGTTGTCTTGTAA,CCG,TTT,5,8,TRUE,P,F,Y,V,NA,NA,NA
PRM_0250,GGGRPPVWDYVVL,GGTGGAGGTAGACCGCCAGTTTGGGATTATGTTGTCTTGTAA,CCG,TGG,5,8,TRUE,P,W,Y,V,NA,NA,NA
PRM_0250,GGGRPPVCDYVVL,GGTGGAGGTAGACCGCCAGTTTGTGATTATGTTGTCTTGTAA,CCG,TGT,5,8,TRUE,P,C,Y,V,NA,NA,NA
PRM_0250,GGGRPPVSDYVVL,GGTGGAGGTAGACCGCCAGTTTCGGATTATGTTGTCTTGTAA,CCG,TCG,5,8,TRUE,P,S,Y,V,NA,NA,NA
PRM_0250,GGGRPPVSDYVVL,GGTGGAGGTAGACCGCCAGTTTCTGATTATGTTGTCTTGTAA,CCG,TCT,5,8,TRUE,P,S,Y,V,NA,NA,NA
PRM_0250,GGGRPPVEDYVVL,GGTGGAGGTAGACCGCCAGTTGAGGATTATGTTGTCTTGTAA,CCG,GAG,5,8,TRUE,P,E,Y,V,NA,NA,NA
PRM_0250,GGGRPPVDDYVVL,GGTGGAGGTAGACCGCCAGTTGATGATTATGTTGTCTTGTAA,CCG,GAT,5,8,TRUE,P,D,Y,V,NA,NA,NA
PRM_0250,GGGRPPVVDYVVL,GGTGGAGGTAGACCGCCAGTTGTGGATTATGTTGTCTTGTAA,CCG,GTG,5,8,TRUE,P,V,Y,V,NA,NA,NA
PRM_0250,GGGRPPVVDYVVL,GGTGGAGGTAGACCGCCAGTTGTTGATTATGTTGTCTTGTAA,CCG,GTT,5,8,TRUE,P,V,Y,V,NA,NA,NA
PRM_0250,GGGRPPVGDYVVL,GGTGGAGGTAGACCGCCAGTTGGGGATTATGTTGTCTTGTAA,CCG,GGG,5,8,TRUE,P,G,Y,V,NA,NA,NA
PRM_0250,GGGRPPVGDYVVL,GGTGGAGGTAGACCGCCAGTTGGTGATTATGTTGTCTTGTAA,CCG,GGT,5,8,TRUE,P,G,Y,V,NA,NA,NA
PRM_0250,GGGRPPVADYVVL,GGTGGAGGTAGACCGCCAGTTGCGGATTATGTTGTCTTGTAA,CCG,GCG,5,8,TRUE,P,A,Y,V,NA,NA,NA
PRM_0250,GGGRPPVADYVVL,GGTGGAGGTAGACCGCCAGTTGCTGATTATGTTGTCTTGTAA,CCG,GCT,5,8,TRUE,P,A,Y,V,NA,NA,NA
PRM_0250,GGGRPPVQDYVVL,GGTGGAGGTAGACCGCCAGTTCAGGATTATGTTGTCTTGTAA,CCG,CAG,5,8,TRUE,P,Q,Y,V,NA,NA,NA
PRM_0250,GGGRPPVHDYVVL,GGTGGAGGTAGACCGCCAGTTCATGATTATGTTGTCTTGTAA,CCG,CAT,5,8,TRUE,P,H,Y,V,NA,NA,NA
PRM_0250,GGGRPPVLDYVVL,GGTGGAGGTAGACCGCCAGTTCTGGATTATGTTGTCTTGTAA,CCG,CTG,5,8,TRUE,P,L,Y,V,NA,NA,NA
PRM_0250,GGGRPPVLDYVVL,GGTGGAGGTAGACCGCCAGTTCTTGATTATGTTGTCTTGTAA,CCG,CTT,5,8,TRUE,P,L,Y,V,NA,NA,NA
PRM_0250,GGGRPPVRDYVVL,GGTGGAGGTAGACCGCCAGTTCGGGATTATGTTGTCTTGTAA,CCG,CGG,5,8,TRUE,P,R,Y,V,NA,NA,NA
PRM_0250,GGGRPPVRDYVVL,GGTGGAGGTAGACCGCCAGTTCGTGATTATGTTGTCTTGTAA,CCG,CGT,5,8,TRUE,P,R,Y,V,NA,NA,NA
PRM_0250,GGGRPPVPDYVVL,GGTGGAGGTAGACCGCCAGTTCCGGATTATGTTGTCTTGTAA,CCG,CCG,5,8,TRUE,P,P,Y,V,NA,NA,NA
PRM_0250,GGGRPPVPDYVVL,GGTGGAGGTAGACCGCCAGTTCCTGATTATGTTGTCTTGTAA,CCG,CCT,5,8,TRUE,P,P,Y,V,NA,NA,NA
PRM_0250,GGGRPPVKDYVVL,GGTGGAGGTAGACCTCCAGTTAAGGATTATGTTGTCTTGTAA,CCT,AAG,5,8,TRUE,P,K,Y,V,NA,NA,NA
PRM_0250,GGGRPPVNDYVVL,GGTGGAGGTAGACCTCCAGTTAATGATTATGTTGTCTTGTAA,CCT,AAT,5,8,TRUE,P,N,Y,V,NA,NA,NA
PRM_0250,GGGRPPVMDYVVL,GGTGGAGGTAGACCTCCAGTTATGGATTATGTTGTCTTGTAA,CCT,ATG,5,8,TRUE,P,M,Y,V,NA,NA,NA
PRM_0250,GGGRPPVIDYVVL,GGTGGAGGTAGACCTCCAGTTATTGATTATGTTGTCTTGTAA,CCT,ATT,5,8,TRUE,P,I,Y,V,NA,NA,NA
PRM_0250,GGGRPPVRDYVVL,GGTGGAGGTAGACCTCCAGTTAGGGATTATGTTGTCTTGTAA,CCT,AGG,5,8,TRUE,P,R,Y,V,NA,NA,NA
PRM_0250,GGGRPPVSDYVVL,GGTGGAGGTAGACCTCCAGTTAGTGATTATGTTGTCTTGTAA,CCT,AGT,5,8,TRUE,P,S,Y,V,NA,NA,NA
PRM_0250,GGGRPPVTDYVVL,GGTGGAGGTAGACCTCCAGTTACGGATTATGTTGTCTTGTAA,CCT,ACG,5,8,TRUE,P,T,Y,V,NA,NA,NA
PRM_0250,GGGRPPVTDYVVL,GGTGGAGGTAGACCTCCAGTTACTGATTATGTTGTCTTGTAA,CCT,ACT,5,8,TRUE,P,T,Y,V,NA,NA,NA
PRM_0250,GGGRPPV*DYVVL,GGTGGAGGTAGACCTCCAGTTTAGGATTATGTTGTCTTGTAA,CCT,TAG,5,8,TRUE,P,*,Y,V,NA,NA,NA
PRM_0250,GGGRPPVYDYVVL,GGTGGAGGTAGACCTCCAGTTTATGATTATGTTGTCTTGTAA,CCT,TAT,5,8,TRUE,P,Y,Y,V,NA,NA,NA
PRM_0250,GGGRPPVLDYVVL,GGTGGAGGTAGACCTCCAGTTTTGGATTATGTTGTCTTGTAA,CCT,TTG,5,8,TRUE,P,L,Y,V,NA,NA,NA
PRM_0250,GGGRPPVFDYVVL,GGTGGAGGTAGACCTCCAGTTTTTGATTATGTTGTCTTGTAA,CCT,TTT,5,8,TRUE,P,F,Y,V,NA,NA,NA
PRM_0250,GGGRPPVWDYVVL,GGTGGAGGTAGACCTCCAGTTTGGGATTATGTTGTCTTGTAA,CCT,TGG,5,8,TRUE,P,W,Y,V,NA,NA,NA
PRM_0250,GGGRPPVCDYVVL,GGTGGAGGTAGACCTCCAGTTTGTGATTATGTTGTCTTGTAA,CCT,TGT,5,8,TRUE,P,C,Y,V,NA,NA,NA
PRM_0250,GGGRPPVSDYVVL,GGTGGAGGTAGACCTCCAGTTTCGGATTATGTTGTCTTGTAA,CCT,TCG,5,8,TRUE,P,S,Y,V,NA,NA,NA
PRM_0250,GGGRPPVSDYVVL,GGTGGAGGTAGACCTCCAGTTTCTGATTATGTTGTCTTGTAA,CCT,TCT,5,8,TRUE,P,S,Y,V,NA,NA,NA
PRM_0250,GGGRPPVEDYVVL,GGTGGAGGTAGACCTCCAGTTGAGGATTATGTTGTCTTGTAA,CCT,GAG,5,8,TRUE,P,E,Y,V,NA,NA,NA
PRM_0250,GGGRPPVDDYVVL,GGTGGAGGTAGACCTCCAGTTGATGATTATGTTGTCTTGTAA,CCT,GAT,5,8,TRUE,P,D,Y,V,NA,NA,NA
PRM_0250,GGGRPPVVDYVVL,GGTGGAGGTAGACCTCCAGTTGTGGATTATGTTGTCTTGTAA,CCT,GTG,5,8,TRUE,P,V,Y,V,NA,NA,NA
PRM_0250,GGGRPPVVDYVVL,GGTGGAGGTAGACCTCCAGTTGTTGATTATGTTGTCTTGTAA,CCT,GTT,5,8,TRUE,P,V,Y,V,NA,NA,NA
PRM_0250,GGGRPPVGDYVVL,GGTGGAGGTAGACCTCCAGTTGGGGATTATGTTGTCTTGTAA,CCT,GGG,5,8,TRUE,P,G,Y,V,NA,NA,NA
PRM_0250,GGGRPPVGDYVVL,GGTGGAGGTAGACCTCCAGTTGGTGATTATGTTGTCTTGTAA,CCT,GGT,5,8,TRUE,P,G,Y,V,NA,NA,NA
PRM_0250,GGGRPPVADYVVL,GGTGGAGGTAGACCTCCAGTTGCGGATTATGTTGTCTTGTAA,CCT,GCG,5,8,TRUE,P,A,Y,V,NA,NA,NA
PRM_0250,GGGRPPVADYVVL,GGTGGAGGTAGACCTCCAGTTGCTGATTATGTTGTCTTGTAA,CCT,GCT,5,8,TRUE,P,A,Y,V,NA,NA,NA
PRM_0250,GGGRPPVQDYVVL,GGTGGAGGTAGACCTCCAGTTCAGGATTATGTTGTCTTGTAA,CCT,CAG,5,8,TRUE,P,Q,Y,V,NA,NA,NA
PRM_0250,GGGRPPVHDYVVL,GGTGGAGGTAGACCTCCAGTTCATGATTATGTTGTCTTGTAA,CCT,CAT,5,8,TRUE,P,H,Y,V,NA,NA,NA
PRM_0250,GGGRPPVLDYVVL,GGTGGAGGTAGACCTCCAGTTCTGGATTATGTTGTCTTGTAA,CCT,CTG,5,8,TRUE,P,L,Y,V,NA,NA,NA
PRM_0250,GGGRPPVLDYVVL,GGTGGAGGTAGACCTCCAGTTCTTGATTATGTTGTCTTGTAA,CCT,CTT,5,8,TRUE,P,L,Y,V,NA,NA,NA
PRM_0250,GGGRPPVRDYVVL,GGTGGAGGTAGACCTCCAGTTCGGGATTATGTTGTCTTGTAA,CCT,CGG,5,8,TRUE,P,R,Y,V,NA,NA,NA
PRM_0250,GGGRPPVRDYVVL,GGTGGAGGTAGACCTCCAGTTCGTGATTATGTTGTCTTGTAA,CCT,CGT,5,8,TRUE,P,R,Y,V,NA,NA,NA
PRM_0250,GGGRPPVPDYVVL,GGTGGAGGTAGACCTCCAGTTCCGGATTATGTTGTCTTGTAA,CCT,CCG,5,8,TRUE,P,P,Y,V,NA,NA,NA
PRM_0250,GGGRPPVPDYVVL,GGTGGAGGTAGACCTCCAGTTCCTGATTATGTTGTCTTGTAA,CCT,CCT,5,8,TRUE,P,P,Y,V,NA,NA,NA
PRM_0299,GLLKSRLKPSVPVL,GGTTTGTTAAAGTCTAGATTGAAGCCATCTGTTCCAGTTTTGTAA,AAG,AAG,4,8,TRUE,K,K,W,A,NA,NA,NA
PRM_0299,GLLKSRLNPSVPVL,GGTTTGTTAAAGTCTAGATTGAATCCATCTGTTCCAGTTTTGTAA,AAG,AAT,4,8,TRUE,K,N,W,A,NA,NA,NA
PRM_0299,GLLKSRLMPSVPVL,GGTTTGTTAAAGTCTAGATTGATGCCATCTGTTCCAGTTTTGTAA,AAG,ATG,4,8,TRUE,K,M,W,A,NA,NA,NA
PRM_0299,GLLKSRLIPSVPVL,GGTTTGTTAAAGTCTAGATTGATTCCATCTGTTCCAGTTTTGTAA,AAG,ATT,4,8,TRUE,K,I,W,A,NA,NA,NA
PRM_0299,GLLKSRLRPSVPVL,GGTTTGTTAAAGTCTAGATTGAGGCCATCTGTTCCAGTTTTGTAA,AAG,AGG,4,8,TRUE,K,R,W,A,NA,NA,NA
PRM_0299,GLLKSRLSPSVPVL,GGTTTGTTAAAGTCTAGATTGAGTCCATCTGTTCCAGTTTTGTAA,AAG,AGT,4,8,TRUE,K,S,W,A,NA,NA,NA
PRM_0299,GLLKSRLTPSVPVL,GGTTTGTTAAAGTCTAGATTGACGCCATCTGTTCCAGTTTTGTAA,AAG,ACG,4,8,TRUE,K,T,W,A,NA,NA,NA
PRM_0299,GLLKSRLTPSVPVL,GGTTTGTTAAAGTCTAGATTGACTCCATCTGTTCCAGTTTTGTAA,AAG,ACT,4,8,TRUE,K,T,W,A,NA,NA,NA
PRM_0299,GLLKSRL*PSVPVL,GGTTTGTTAAAGTCTAGATTGTAGCCATCTGTTCCAGTTTTGTAA,AAG,TAG,4,8,TRUE,K,*,W,A,NA,NA,NA
PRM_0299,GLLKSRLYPSVPVL,GGTTTGTTAAAGTCTAGATTGTATCCATCTGTTCCAGTTTTGTAA,AAG,TAT,4,8,TRUE,K,Y,W,A,NA,NA,NA
PRM_0299,GLLKSRLLPSVPVL,GGTTTGTTAAAGTCTAGATTGTTGCCATCTGTTCCAGTTTTGTAA,AAG,TTG,4,8,TRUE,K,L,W,A,NA,NA,NA
PRM_0299,GLLKSRLFPSVPVL,GGTTTGTTAAAGTCTAGATTGTTTCCATCTGTTCCAGTTTTGTAA,AAG,TTT,4,8,TRUE,K,F,W,A,NA,NA,NA
PRM_0299,GLLKSRLWPSVPVL,GGTTTGTTAAAGTCTAGATTGTGGCCATCTGTTCCAGTTTTGTAA,AAG,TGG,4,8,TRUE,K,W,W,A,NA,NA,NA
PRM_0299,GLLKSRLCPSVPVL,GGTTTGTTAAAGTCTAGATTGTGTCCATCTGTTCCAGTTTTGTAA,AAG,TGT,4,8,TRUE,K,C,W,A,NA,NA,NA
PRM_0299,GLLKSRLSPSVPVL,GGTTTGTTAAAGTCTAGATTGTCGCCATCTGTTCCAGTTTTGTAA,AAG,TCG,4,8,TRUE,K,S,W,A,NA,NA,NA
PRM_0299,GLLKSRLSPSVPVL,GGTTTGTTAAAGTCTAGATTGTCTCCATCTGTTCCAGTTTTGTAA,AAG,TCT,4,8,TRUE,K,S,W,A,NA,NA,NA
PRM_0299,GLLKSRLEPSVPVL,GGTTTGTTAAAGTCTAGATTGGAGCCATCTGTTCCAGTTTTGTAA,AAG,GAG,4,8,TRUE,K,E,W,A,NA,NA,NA
PRM_0299,GLLKSRLDPSVPVL,GGTTTGTTAAAGTCTAGATTGGATCCATCTGTTCCAGTTTTGTAA,AAG,GAT,4,8,TRUE,K,D,W,A,NA,NA,NA
PRM_0299,GLLKSRLVPSVPVL,GGTTTGTTAAAGTCTAGATTGGTGCCATCTGTTCCAGTTTTGTAA,AAG,GTG,4,8,TRUE,K,V,W,A,NA,NA,NA
PRM_0299,GLLKSRLVPSVPVL,GGTTTGTTAAAGTCTAGATTGGTTCCATCTGTTCCAGTTTTGTAA,AAG,GTT,4,8,TRUE,K,V,W,A,NA,NA,NA
PRM_0299,GLLKSRLGPSVPVL,GGTTTGTTAAAGTCTAGATTGGGGCCATCTGTTCCAGTTTTGTAA,AAG,GGG,4,8,TRUE,K,G,W,A,NA,NA,NA
PRM_0299,GLLKSRLGPSVPVL,GGTTTGTTAAAGTCTAGATTGGGTCCATCTGTTCCAGTTTTGTAA,AAG,GGT,4,8,TRUE,K,G,W,A,NA,NA,NA
PRM_0299,GLLKSRLAPSVPVL,GGTTTGTTAAAGTCTAGATTGGCGCCATCTGTTCCAGTTTTGTAA,AAG,GCG,4,8,TRUE,K,A,W,A,NA,NA,NA
PRM_0299,GLLKSRLAPSVPVL,GGTTTGTTAAAGTCTAGATTGGCTCCATCTGTTCCAGTTTTGTAA,AAG,GCT,4,8,TRUE,K,A,W,A,NA,NA,NA
PRM_0299,GLLKSRLQPSVPVL,GGTTTGTTAAAGTCTAGATTGCAGCCATCTGTTCCAGTTTTGTAA,AAG,CAG,4,8,TRUE,K,Q,W,A,NA,NA,NA
PRM_0299,GLLKSRLHPSVPVL,GGTTTGTTAAAGTCTAGATTGCATCCATCTGTTCCAGTTTTGTAA,AAG,CAT,4,8,TRUE,K,H,W,A,NA,NA,NA
PRM_0299,GLLKSRLLPSVPVL,GGTTTGTTAAAGTCTAGATTGCTGCCATCTGTTCCAGTTTTGTAA,AAG,CTG,4,8,TRUE,K,L,W,A,NA,NA,NA
PRM_0299,GLLKSRLLPSVPVL,GGTTTGTTAAAGTCTAGATTGCTTCCATCTGTTCCAGTTTTGTAA,AAG,CTT,4,8,TRUE,K,L,W,A,NA,NA,NA
PRM_0299,GLLKSRLRPSVPVL,GGTTTGTTAAAGTCTAGATTGCGGCCATCTGTTCCAGTTTTGTAA,AAG,CGG,4,8,TRUE,K,R,W,A,NA,NA,NA
PRM_0299,GLLKSRLRPSVPVL,GGTTTGTTAAAGTCTAGATTGCGTCCATCTGTTCCAGTTTTGTAA,AAG,CGT,4,8,TRUE,K,R,W,A,NA,NA,NA
PRM_0299,GLLKSRLPPSVPVL,GGTTTGTTAAAGTCTAGATTGCCGCCATCTGTTCCAGTTTTGTAA,AAG,CCG,4,8,TRUE,K,P,W,A,NA,NA,NA
PRM_0299,GLLKSRLPPSVPVL,GGTTTGTTAAAGTCTAGATTGCCTCCATCTGTTCCAGTTTTGTAA,AAG,CCT,4,8,TRUE,K,P,W,A,NA,NA,NA
PRM_0299,GLLNSRLKPSVPVL,GGTTTGTTAAATTCTAGATTGAAGCCATCTGTTCCAGTTTTGTAA,AAT,AAG,4,8,TRUE,N,K,W,A,NA,NA,NA
PRM_0299,GLLNSRLNPSVPVL,GGTTTGTTAAATTCTAGATTGAATCCATCTGTTCCAGTTTTGTAA,AAT,AAT,4,8,TRUE,N,N,W,A,NA,NA,NA
PRM_0299,GLLNSRLMPSVPVL,GGTTTGTTAAATTCTAGATTGATGCCATCTGTTCCAGTTTTGTAA,AAT,ATG,4,8,TRUE,N,M,W,A,NA,NA,NA
PRM_0299,GLLNSRLIPSVPVL,GGTTTGTTAAATTCTAGATTGATTCCATCTGTTCCAGTTTTGTAA,AAT,ATT,4,8,TRUE,N,I,W,A,NA,NA,NA
PRM_0299,GLLNSRLRPSVPVL,GGTTTGTTAAATTCTAGATTGAGGCCATCTGTTCCAGTTTTGTAA,AAT,AGG,4,8,TRUE,N,R,W,A,NA,NA,NA
PRM_0299,GLLNSRLSPSVPVL,GGTTTGTTAAATTCTAGATTGAGTCCATCTGTTCCAGTTTTGTAA,AAT,AGT,4,8,TRUE,N,S,W,A,NA,NA,NA
PRM_0299,GLLNSRLTPSVPVL,GGTTTGTTAAATTCTAGATTGACGCCATCTGTTCCAGTTTTGTAA,AAT,ACG,4,8,TRUE,N,T,W,A,NA,NA,NA
PRM_0299,GLLNSRLTPSVPVL,GGTTTGTTAAATTCTAGATTGACTCCATCTGTTCCAGTTTTGTAA,AAT,ACT,4,8,TRUE,N,T,W,A,NA,NA,NA
PRM_0299,GLLNSRL*PSVPVL,GGTTTGTTAAATTCTAGATTGTAGCCATCTGTTCCAGTTTTGTAA,AAT,TAG,4,8,TRUE,N,*,W,A,NA,NA,NA
PRM_0299,GLLNSRLYPSVPVL,GGTTTGTTAAATTCTAGATTGTATCCATCTGTTCCAGTTTTGTAA,AAT,TAT,4,8,TRUE,N,Y,W,A,NA,NA,NA
PRM_0299,GLLNSRLLPSVPVL,GGTTTGTTAAATTCTAGATTGTTGCCATCTGTTCCAGTTTTGTAA,AAT,TTG,4,8,TRUE,N,L,W,A,NA,NA,NA
PRM_0299,GLLNSRLFPSVPVL,GGTTTGTTAAATTCTAGATTGTTTCCATCTGTTCCAGTTTTGTAA,AAT,TTT,4,8,TRUE,N,F,W,A,NA,NA,NA
PRM_0299,GLLNSRLWPSVPVL,GGTTTGTTAAATTCTAGATTGTGGCCATCTGTTCCAGTTTTGTAA,AAT,TGG,4,8,TRUE,N,W,W,A,NA,NA,NA
PRM_0299,GLLNSRLCPSVPVL,GGTTTGTTAAATTCTAGATTGTGTCCATCTGTTCCAGTTTTGTAA,AAT,TGT,4,8,TRUE,N,C,W,A,NA,NA,NA
PRM_0299,GLLNSRLSPSVPVL,GGTTTGTTAAATTCTAGATTGTCGCCATCTGTTCCAGTTTTGTAA,AAT,TCG,4,8,TRUE,N,S,W,A,NA,NA,NA
PRM_0299,GLLNSRLSPSVPVL,GGTTTGTTAAATTCTAGATTGTCTCCATCTGTTCCAGTTTTGTAA,AAT,TCT,4,8,TRUE,N,S,W,A,NA,NA,NA
PRM_0299,GLLNSRLEPSVPVL,GGTTTGTTAAATTCTAGATTGGAGCCATCTGTTCCAGTTTTGTAA,AAT,GAG,4,8,TRUE,N,E,W,A,NA,NA,NA
PRM_0299,GLLNSRLDPSVPVL,GGTTTGTTAAATTCTAGATTGGATCCATCTGTTCCAGTTTTGTAA,AAT,GAT,4,8,TRUE,N,D,W,A,NA,NA,NA
PRM_0299,GLLNSRLVPSVPVL,GGTTTGTTAAATTCTAGATTGGTGCCATCTGTTCCAGTTTTGTAA,AAT,GTG,4,8,TRUE,N,V,W,A,NA,NA,NA
PRM_0299,GLLNSRLVPSVPVL,GGTTTGTTAAATTCTAGATTGGTTCCATCTGTTCCAGTTTTGTAA,AAT,GTT,4,8,TRUE,N,V,W,A,NA,NA,NA
PRM_0299,GLLNSRLGPSVPVL,GGTTTGTTAAATTCTAGATTGGGGCCATCTGTTCCAGTTTTGTAA,AAT,GGG,4,8,TRUE,N,G,W,A,NA,NA,NA
PRM_0299,GLLNSRLGPSVPVL,GGTTTGTTAAATTCTAGATTGGGTCCATCTGTTCCAGTTTTGTAA,AAT,GGT,4,8,TRUE,N,G,W,A,NA,NA,NA
PRM_0299,GLLNSRLAPSVPVL,GGTTTGTTAAATTCTAGATTGGCGCCATCTGTTCCAGTTTTGTAA,AAT,GCG,4,8,TRUE,N,A,W,A,NA,NA,NA
PRM_0299,GLLNSRLAPSVPVL,GGTTTGTTAAATTCTAGATTGGCTCCATCTGTTCCAGTTTTGTAA,AAT,GCT,4,8,TRUE,N,A,W,A,NA,NA,NA
PRM_0299,GLLNSRLQPSVPVL,GGTTTGTTAAATTCTAGATTGCAGCCATCTGTTCCAGTTTTGTAA,AAT,CAG,4,8,TRUE,N,Q,W,A,NA,NA,NA
PRM_0299,GLLNSRLHPSVPVL,GGTTTGTTAAATTCTAGATTGCATCCATCTGTTCCAGTTTTGTAA,AAT,CAT,4,8,TRUE,N,H,W,A,NA,NA,NA
PRM_0299,GLLNSRLLPSVPVL,GGTTTGTTAAATTCTAGATTGCTGCCATCTGTTCCAGTTTTGTAA,AAT,CTG,4,8,TRUE,N,L,W,A,NA,NA,NA
PRM_0299,GLLNSRLLPSVPVL,GGTTTGTTAAATTCTAGATTGCTTCCATCTGTTCCAGTTTTGTAA,AAT,CTT,4,8,TRUE,N,L,W,A,NA,NA,NA
PRM_0299,GLLNSRLRPSVPVL,GGTTTGTTAAATTCTAGATTGCGGCCATCTGTTCCAGTTTTGTAA,AAT,CGG,4,8,TRUE,N,R,W,A,NA,NA,NA
PRM_0299,GLLNSRLRPSVPVL,GGTTTGTTAAATTCTAGATTGCGTCCATCTGTTCCAGTTTTGTAA,AAT,CGT,4,8,TRUE,N,R,W,A,NA,NA,NA
PRM_0299,GLLNSRLPPSVPVL,GGTTTGTTAAATTCTAGATTGCCGCCATCTGTTCCAGTTTTGTAA,AAT,CCG,4,8,TRUE,N,P,W,A,NA,NA,NA
PRM_0299,GLLNSRLPPSVPVL,GGTTTGTTAAATTCTAGATTGCCTCCATCTGTTCCAGTTTTGTAA,AAT,CCT,4,8,TRUE,N,P,W,A,NA,NA,NA
PRM_0299,GLLMSRLKPSVPVL,GGTTTGTTAATGTCTAGATTGAAGCCATCTGTTCCAGTTTTGTAA,ATG,AAG,4,8,TRUE,M,K,W,A,NA,NA,NA
PRM_0299,GLLMSRLNPSVPVL,GGTTTGTTAATGTCTAGATTGAATCCATCTGTTCCAGTTTTGTAA,ATG,AAT,4,8,TRUE,M,N,W,A,NA,NA,NA
PRM_0299,GLLMSRLMPSVPVL,GGTTTGTTAATGTCTAGATTGATGCCATCTGTTCCAGTTTTGTAA,ATG,ATG,4,8,TRUE,M,M,W,A,NA,NA,NA
PRM_0299,GLLMSRLIPSVPVL,GGTTTGTTAATGTCTAGATTGATTCCATCTGTTCCAGTTTTGTAA,ATG,ATT,4,8,TRUE,M,I,W,A,NA,NA,NA
PRM_0299,GLLMSRLRPSVPVL,GGTTTGTTAATGTCTAGATTGAGGCCATCTGTTCCAGTTTTGTAA,ATG,AGG,4,8,TRUE,M,R,W,A,NA,NA,NA
PRM_0299,GLLMSRLSPSVPVL,GGTTTGTTAATGTCTAGATTGAGTCCATCTGTTCCAGTTTTGTAA,ATG,AGT,4,8,TRUE,M,S,W,A,NA,NA,NA
PRM_0299,GLLMSRLTPSVPVL,GGTTTGTTAATGTCTAGATTGACGCCATCTGTTCCAGTTTTGTAA,ATG,ACG,4,8,TRUE,M,T,W,A,NA,NA,NA
PRM_0299,GLLMSRLTPSVPVL,GGTTTGTTAATGTCTAGATTGACTCCATCTGTTCCAGTTTTGTAA,ATG,ACT,4,8,TRUE,M,T,W,A,NA,NA,NA
PRM_0299,GLLMSRL*PSVPVL,GGTTTGTTAATGTCTAGATTGTAGCCATCTGTTCCAGTTTTGTAA,ATG,TAG,4,8,TRUE,M,*,W,A,NA,NA,NA
PRM_0299,GLLMSRLYPSVPVL,GGTTTGTTAATGTCTAGATTGTATCCATCTGTTCCAGTTTTGTAA,ATG,TAT,4,8,TRUE,M,Y,W,A,NA,NA,NA
PRM_0299,GLLMSRLLPSVPVL,GGTTTGTTAATGTCTAGATTGTTGCCATCTGTTCCAGTTTTGTAA,ATG,TTG,4,8,TRUE,M,L,W,A,NA,NA,NA
PRM_0299,GLLMSRLFPSVPVL,GGTTTGTTAATGTCTAGATTGTTTCCATCTGTTCCAGTTTTGTAA,ATG,TTT,4,8,TRUE,M,F,W,A,NA,NA,NA
PRM_0299,GLLMSRLWPSVPVL,GGTTTGTTAATGTCTAGATTGTGGCCATCTGTTCCAGTTTTGTAA,ATG,TGG,4,8,TRUE,M,W,W,A,NA,NA,NA
PRM_0299,GLLMSRLCPSVPVL,GGTTTGTTAATGTCTAGATTGTGTCCATCTGTTCCAGTTTTGTAA,ATG,TGT,4,8,TRUE,M,C,W,A,NA,NA,NA
PRM_0299,GLLMSRLSPSVPVL,GGTTTGTTAATGTCTAGATTGTCGCCATCTGTTCCAGTTTTGTAA,ATG,TCG,4,8,TRUE,M,S,W,A,NA,NA,NA
PRM_0299,GLLMSRLSPSVPVL,GGTTTGTTAATGTCTAGATTGTCTCCATCTGTTCCAGTTTTGTAA,ATG,TCT,4,8,TRUE,M,S,W,A,NA,NA,NA
PRM_0299,GLLMSRLEPSVPVL,GGTTTGTTAATGTCTAGATTGGAGCCATCTGTTCCAGTTTTGTAA,ATG,GAG,4,8,TRUE,M,E,W,A,NA,NA,NA
PRM_0299,GLLMSRLDPSVPVL,GGTTTGTTAATGTCTAGATTGGATCCATCTGTTCCAGTTTTGTAA,ATG,GAT,4,8,TRUE,M,D,W,A,NA,NA,NA
PRM_0299,GLLMSRLVPSVPVL,GGTTTGTTAATGTCTAGATTGGTGCCATCTGTTCCAGTTTTGTAA,ATG,GTG,4,8,TRUE,M,V,W,A,NA,NA,NA
PRM_0299,GLLMSRLVPSVPVL,GGTTTGTTAATGTCTAGATTGGTTCCATCTGTTCCAGTTTTGTAA,ATG,GTT,4,8,TRUE,M,V,W,A,NA,NA,NA
PRM_0299,GLLMSRLGPSVPVL,GGTTTGTTAATGTCTAGATTGGGGCCATCTGTTCCAGTTTTGTAA,ATG,GGG,4,8,TRUE,M,G,W,A,NA,NA,NA
PRM_0299,GLLMSRLGPSVPVL,GGTTTGTTAATGTCTAGATTGGGTCCATCTGTTCCAGTTTTGTAA,ATG,GGT,4,8,TRUE,M,G,W,A,NA,NA,NA
PRM_0299,GLLMSRLAPSVPVL,GGTTTGTTAATGTCTAGATTGGCGCCATCTGTTCCAGTTTTGTAA,ATG,GCG,4,8,TRUE,M,A,W,A,NA,NA,NA
PRM_0299,GLLMSRLAPSVPVL,GGTTTGTTAATGTCTAGATTGGCTCCATCTGTTCCAGTTTTGTAA,ATG,GCT,4,8,TRUE,M,A,W,A,NA,NA,NA
PRM_0299,GLLMSRLQPSVPVL,GGTTTGTTAATGTCTAGATTGCAGCCATCTGTTCCAGTTTTGTAA,ATG,CAG,4,8,TRUE,M,Q,W,A,NA,NA,NA
PRM_0299,GLLMSRLHPSVPVL,GGTTTGTTAATGTCTAGATTGCATCCATCTGTTCCAGTTTTGTAA,ATG,CAT,4,8,TRUE,M,H,W,A,NA,NA,NA
PRM_0299,GLLMSRLLPSVPVL,GGTTTGTTAATGTCTAGATTGCTGCCATCTGTTCCAGTTTTGTAA,ATG,CTG,4,8,TRUE,M,L,W,A,NA,NA,NA
PRM_0299,GLLMSRLLPSVPVL,GGTTTGTTAATGTCTAGATTGCTTCCATCTGTTCCAGTTTTGTAA,ATG,CTT,4,8,TRUE,M,L,W,A,NA,NA,NA
PRM_0299,GLLMSRLRPSVPVL,GGTTTGTTAATGTCTAGATTGCGGCCATCTGTTCCAGTTTTGTAA,ATG,CGG,4,8,TRUE,M,R,W,A,NA,NA,NA
PRM_0299,GLLMSRLRPSVPVL,GGTTTGTTAATGTCTAGATTGCGTCCATCTGTTCCAGTTTTGTAA,ATG,CGT,4,8,TRUE,M,R,W,A,NA,NA,NA
PRM_0299,GLLMSRLPPSVPVL,GGTTTGTTAATGTCTAGATTGCCGCCATCTGTTCCAGTTTTGTAA,ATG,CCG,4,8,TRUE,M,P,W,A,NA,NA,NA
PRM_0299,GLLMSRLPPSVPVL,GGTTTGTTAATGTCTAGATTGCCTCCATCTGTTCCAGTTTTGTAA,ATG,CCT,4,8,TRUE,M,P,W,A,NA,NA,NA
PRM_0299,GLLISRLKPSVPVL,GGTTTGTTAATTTCTAGATTGAAGCCATCTGTTCCAGTTTTGTAA,ATT,AAG,4,8,TRUE,I,K,W,A,NA,NA,NA
PRM_0299,GLLISRLNPSVPVL,GGTTTGTTAATTTCTAGATTGAATCCATCTGTTCCAGTTTTGTAA,ATT,AAT,4,8,TRUE,I,N,W,A,NA,NA,NA
PRM_0299,GLLISRLMPSVPVL,GGTTTGTTAATTTCTAGATTGATGCCATCTGTTCCAGTTTTGTAA,ATT,ATG,4,8,TRUE,I,M,W,A,NA,NA,NA
PRM_0299,GLLISRLIPSVPVL,GGTTTGTTAATTTCTAGATTGATTCCATCTGTTCCAGTTTTGTAA,ATT,ATT,4,8,TRUE,I,I,W,A,NA,NA,NA
PRM_0299,GLLISRLRPSVPVL,GGTTTGTTAATTTCTAGATTGAGGCCATCTGTTCCAGTTTTGTAA,ATT,AGG,4,8,TRUE,I,R,W,A,NA,NA,NA
PRM_0299,GLLISRLSPSVPVL,GGTTTGTTAATTTCTAGATTGAGTCCATCTGTTCCAGTTTTGTAA,ATT,AGT,4,8,TRUE,I,S,W,A,NA,NA,NA
PRM_0299,GLLISRLTPSVPVL,GGTTTGTTAATTTCTAGATTGACGCCATCTGTTCCAGTTTTGTAA,ATT,ACG,4,8,TRUE,I,T,W,A,NA,NA,NA
PRM_0299,GLLISRLTPSVPVL,GGTTTGTTAATTTCTAGATTGACTCCATCTGTTCCAGTTTTGTAA,ATT,ACT,4,8,TRUE,I,T,W,A,NA,NA,NA
PRM_0299,GLLISRL*PSVPVL,GGTTTGTTAATTTCTAGATTGTAGCCATCTGTTCCAGTTTTGTAA,ATT,TAG,4,8,TRUE,I,*,W,A,NA,NA,NA
PRM_0299,GLLISRLYPSVPVL,GGTTTGTTAATTTCTAGATTGTATCCATCTGTTCCAGTTTTGTAA,ATT,TAT,4,8,TRUE,I,Y,W,A,NA,NA,NA
PRM_0299,GLLISRLLPSVPVL,GGTTTGTTAATTTCTAGATTGTTGCCATCTGTTCCAGTTTTGTAA,ATT,TTG,4,8,TRUE,I,L,W,A,NA,NA,NA
PRM_0299,GLLISRLFPSVPVL,GGTTTGTTAATTTCTAGATTGTTTCCATCTGTTCCAGTTTTGTAA,ATT,TTT,4,8,TRUE,I,F,W,A,NA,NA,NA
PRM_0299,GLLISRLWPSVPVL,GGTTTGTTAATTTCTAGATTGTGGCCATCTGTTCCAGTTTTGTAA,ATT,TGG,4,8,TRUE,I,W,W,A,NA,NA,NA
PRM_0299,GLLISRLCPSVPVL,GGTTTGTTAATTTCTAGATTGTGTCCATCTGTTCCAGTTTTGTAA,ATT,TGT,4,8,TRUE,I,C,W,A,NA,NA,NA
PRM_0299,GLLISRLSPSVPVL,GGTTTGTTAATTTCTAGATTGTCGCCATCTGTTCCAGTTTTGTAA,ATT,TCG,4,8,TRUE,I,S,W,A,NA,NA,NA
PRM_0299,GLLISRLSPSVPVL,GGTTTGTTAATTTCTAGATTGTCTCCATCTGTTCCAGTTTTGTAA,ATT,TCT,4,8,TRUE,I,S,W,A,NA,NA,NA
PRM_0299,GLLISRLEPSVPVL,GGTTTGTTAATTTCTAGATTGGAGCCATCTGTTCCAGTTTTGTAA,ATT,GAG,4,8,TRUE,I,E,W,A,NA,NA,NA
PRM_0299,GLLISRLDPSVPVL,GGTTTGTTAATTTCTAGATTGGATCCATCTGTTCCAGTTTTGTAA,ATT,GAT,4,8,TRUE,I,D,W,A,NA,NA,NA
PRM_0299,GLLISRLVPSVPVL,GGTTTGTTAATTTCTAGATTGGTGCCATCTGTTCCAGTTTTGTAA,ATT,GTG,4,8,TRUE,I,V,W,A,NA,NA,NA
PRM_0299,GLLISRLVPSVPVL,GGTTTGTTAATTTCTAGATTGGTTCCATCTGTTCCAGTTTTGTAA,ATT,GTT,4,8,TRUE,I,V,W,A,NA,NA,NA
PRM_0299,GLLISRLGPSVPVL,GGTTTGTTAATTTCTAGATTGGGGCCATCTGTTCCAGTTTTGTAA,ATT,GGG,4,8,TRUE,I,G,W,A,NA,NA,NA
PRM_0299,GLLISRLGPSVPVL,GGTTTGTTAATTTCTAGATTGGGTCCATCTGTTCCAGTTTTGTAA,ATT,GGT,4,8,TRUE,I,G,W,A,NA,NA,NA
PRM_0299,GLLISRLAPSVPVL,GGTTTGTTAATTTCTAGATTGGCGCCATCTGTTCCAGTTTTGTAA,ATT,GCG,4,8,TRUE,I,A,W,A,NA,NA,NA
PRM_0299,GLLISRLAPSVPVL,GGTTTGTTAATTTCTAGATTGGCTCCATCTGTTCCAGTTTTGTAA,ATT,GCT,4,8,TRUE,I,A,W,A,NA,NA,NA
PRM_0299,GLLISRLQPSVPVL,GGTTTGTTAATTTCTAGATTGCAGCCATCTGTTCCAGTTTTGTAA,ATT,CAG,4,8,TRUE,I,Q,W,A,NA,NA,NA
PRM_0299,GLLISRLHPSVPVL,GGTTTGTTAATTTCTAGATTGCATCCATCTGTTCCAGTTTTGTAA,ATT,CAT,4,8,TRUE,I,H,W,A,NA,NA,NA
PRM_0299,GLLISRLLPSVPVL,GGTTTGTTAATTTCTAGATTGCTGCCATCTGTTCCAGTTTTGTAA,ATT,CTG,4,8,TRUE,I,L,W,A,NA,NA,NA
PRM_0299,GLLISRLLPSVPVL,GGTTTGTTAATTTCTAGATTGCTTCCATCTGTTCCAGTTTTGTAA,ATT,CTT,4,8,TRUE,I,L,W,A,NA,NA,NA
PRM_0299,GLLISRLRPSVPVL,GGTTTGTTAATTTCTAGATTGCGGCCATCTGTTCCAGTTTTGTAA,ATT,CGG,4,8,TRUE,I,R,W,A,NA,NA,NA
PRM_0299,GLLISRLRPSVPVL,GGTTTGTTAATTTCTAGATTGCGTCCATCTGTTCCAGTTTTGTAA,ATT,CGT,4,8,TRUE,I,R,W,A,NA,NA,NA
PRM_0299,GLLISRLPPSVPVL,GGTTTGTTAATTTCTAGATTGCCGCCATCTGTTCCAGTTTTGTAA,ATT,CCG,4,8,TRUE,I,P,W,A,NA,NA,NA
PRM_0299,GLLISRLPPSVPVL,GGTTTGTTAATTTCTAGATTGCCTCCATCTGTTCCAGTTTTGTAA,ATT,CCT,4,8,TRUE,I,P,W,A,NA,NA,NA
PRM_0299,GLLRSRLKPSVPVL,GGTTTGTTAAGGTCTAGATTGAAGCCATCTGTTCCAGTTTTGTAA,AGG,AAG,4,8,TRUE,R,K,W,A,NA,NA,NA
PRM_0299,GLLRSRLNPSVPVL,GGTTTGTTAAGGTCTAGATTGAATCCATCTGTTCCAGTTTTGTAA,AGG,AAT,4,8,TRUE,R,N,W,A,NA,NA,NA
PRM_0299,GLLRSRLMPSVPVL,GGTTTGTTAAGGTCTAGATTGATGCCATCTGTTCCAGTTTTGTAA,AGG,ATG,4,8,TRUE,R,M,W,A,NA,NA,NA
PRM_0299,GLLRSRLIPSVPVL,GGTTTGTTAAGGTCTAGATTGATTCCATCTGTTCCAGTTTTGTAA,AGG,ATT,4,8,TRUE,R,I,W,A,NA,NA,NA
PRM_0299,GLLRSRLRPSVPVL,GGTTTGTTAAGGTCTAGATTGAGGCCATCTGTTCCAGTTTTGTAA,AGG,AGG,4,8,TRUE,R,R,W,A,NA,NA,NA
PRM_0299,GLLRSRLSPSVPVL,GGTTTGTTAAGGTCTAGATTGAGTCCATCTGTTCCAGTTTTGTAA,AGG,AGT,4,8,TRUE,R,S,W,A,NA,NA,NA
PRM_0299,GLLRSRLTPSVPVL,GGTTTGTTAAGGTCTAGATTGACGCCATCTGTTCCAGTTTTGTAA,AGG,ACG,4,8,TRUE,R,T,W,A,NA,NA,NA
PRM_0299,GLLRSRLTPSVPVL,GGTTTGTTAAGGTCTAGATTGACTCCATCTGTTCCAGTTTTGTAA,AGG,ACT,4,8,TRUE,R,T,W,A,NA,NA,NA
PRM_0299,GLLRSRL*PSVPVL,GGTTTGTTAAGGTCTAGATTGTAGCCATCTGTTCCAGTTTTGTAA,AGG,TAG,4,8,TRUE,R,*,W,A,NA,NA,NA
PRM_0299,GLLRSRLYPSVPVL,GGTTTGTTAAGGTCTAGATTGTATCCATCTGTTCCAGTTTTGTAA,AGG,TAT,4,8,TRUE,R,Y,W,A,NA,NA,NA
PRM_0299,GLLRSRLLPSVPVL,GGTTTGTTAAGGTCTAGATTGTTGCCATCTGTTCCAGTTTTGTAA,AGG,TTG,4,8,TRUE,R,L,W,A,NA,NA,NA
PRM_0299,GLLRSRLFPSVPVL,GGTTTGTTAAGGTCTAGATTGTTTCCATCTGTTCCAGTTTTGTAA,AGG,TTT,4,8,TRUE,R,F,W,A,NA,NA,NA
PRM_0299,GLLRSRLWPSVPVL,GGTTTGTTAAGGTCTAGATTGTGGCCATCTGTTCCAGTTTTGTAA,AGG,TGG,4,8,TRUE,R,W,W,A,NA,NA,NA
PRM_0299,GLLRSRLCPSVPVL,GGTTTGTTAAGGTCTAGATTGTGTCCATCTGTTCCAGTTTTGTAA,AGG,TGT,4,8,TRUE,R,C,W,A,NA,NA,NA
PRM_0299,GLLRSRLSPSVPVL,GGTTTGTTAAGGTCTAGATTGTCGCCATCTGTTCCAGTTTTGTAA,AGG,TCG,4,8,TRUE,R,S,W,A,NA,NA,NA
PRM_0299,GLLRSRLSPSVPVL,GGTTTGTTAAGGTCTAGATTGTCTCCATCTGTTCCAGTTTTGTAA,AGG,TCT,4,8,TRUE,R,S,W,A,NA,NA,NA
PRM_0299,GLLRSRLEPSVPVL,GGTTTGTTAAGGTCTAGATTGGAGCCATCTGTTCCAGTTTTGTAA,AGG,GAG,4,8,TRUE,R,E,W,A,NA,NA,NA
PRM_0299,GLLRSRLDPSVPVL,GGTTTGTTAAGGTCTAGATTGGATCCATCTGTTCCAGTTTTGTAA,AGG,GAT,4,8,TRUE,R,D,W,A,NA,NA,NA
PRM_0299,GLLRSRLVPSVPVL,GGTTTGTTAAGGTCTAGATTGGTGCCATCTGTTCCAGTTTTGTAA,AGG,GTG,4,8,TRUE,R,V,W,A,NA,NA,NA
PRM_0299,GLLRSRLVPSVPVL,GGTTTGTTAAGGTCTAGATTGGTTCCATCTGTTCCAGTTTTGTAA,AGG,GTT,4,8,TRUE,R,V,W,A,NA,NA,NA
PRM_0299,GLLRSRLGPSVPVL,GGTTTGTTAAGGTCTAGATTGGGGCCATCTGTTCCAGTTTTGTAA,AGG,GGG,4,8,TRUE,R,G,W,A,NA,NA,NA
PRM_0299,GLLRSRLGPSVPVL,GGTTTGTTAAGGTCTAGATTGGGTCCATCTGTTCCAGTTTTGTAA,AGG,GGT,4,8,TRUE,R,G,W,A,NA,NA,NA
PRM_0299,GLLRSRLAPSVPVL,GGTTTGTTAAGGTCTAGATTGGCGCCATCTGTTCCAGTTTTGTAA,AGG,GCG,4,8,TRUE,R,A,W,A,NA,NA,NA
PRM_0299,GLLRSRLAPSVPVL,GGTTTGTTAAGGTCTAGATTGGCTCCATCTGTTCCAGTTTTGTAA,AGG,GCT,4,8,TRUE,R,A,W,A,NA,NA,NA
PRM_0299,GLLRSRLQPSVPVL,GGTTTGTTAAGGTCTAGATTGCAGCCATCTGTTCCAGTTTTGTAA,AGG,CAG,4,8,TRUE,R,Q,W,A,NA,NA,NA
PRM_0299,GLLRSRLHPSVPVL,GGTTTGTTAAGGTCTAGATTGCATCCATCTGTTCCAGTTTTGTAA,AGG,CAT,4,8,TRUE,R,H,W,A,NA,NA,NA
PRM_0299,GLLRSRLLPSVPVL,GGTTTGTTAAGGTCTAGATTGCTGCCATCTGTTCCAGTTTTGTAA,AGG,CTG,4,8,TRUE,R,L,W,A,NA,NA,NA
PRM_0299,GLLRSRLLPSVPVL,GGTTTGTTAAGGTCTAGATTGCTTCCATCTGTTCCAGTTTTGTAA,AGG,CTT,4,8,TRUE,R,L,W,A,NA,NA,NA
PRM_0299,GLLRSRLRPSVPVL,GGTTTGTTAAGGTCTAGATTGCGGCCATCTGTTCCAGTTTTGTAA,AGG,CGG,4,8,TRUE,R,R,W,A,NA,NA,NA
PRM_0299,GLLRSRLRPSVPVL,GGTTTGTTAAGGTCTAGATTGCGTCCATCTGTTCCAGTTTTGTAA,AGG,CGT,4,8,TRUE,R,R,W,A,NA,NA,NA
PRM_0299,GLLRSRLPPSVPVL,GGTTTGTTAAGGTCTAGATTGCCGCCATCTGTTCCAGTTTTGTAA,AGG,CCG,4,8,TRUE,R,P,W,A,NA,NA,NA
PRM_0299,GLLRSRLPPSVPVL,GGTTTGTTAAGGTCTAGATTGCCTCCATCTGTTCCAGTTTTGTAA,AGG,CCT,4,8,TRUE,R,P,W,A,NA,NA,NA
PRM_0299,GLLSSRLKPSVPVL,GGTTTGTTAAGTTCTAGATTGAAGCCATCTGTTCCAGTTTTGTAA,AGT,AAG,4,8,TRUE,S,K,W,A,NA,NA,NA
PRM_0299,GLLSSRLNPSVPVL,GGTTTGTTAAGTTCTAGATTGAATCCATCTGTTCCAGTTTTGTAA,AGT,AAT,4,8,TRUE,S,N,W,A,NA,NA,NA
PRM_0299,GLLSSRLMPSVPVL,GGTTTGTTAAGTTCTAGATTGATGCCATCTGTTCCAGTTTTGTAA,AGT,ATG,4,8,TRUE,S,M,W,A,NA,NA,NA
PRM_0299,GLLSSRLIPSVPVL,GGTTTGTTAAGTTCTAGATTGATTCCATCTGTTCCAGTTTTGTAA,AGT,ATT,4,8,TRUE,S,I,W,A,NA,NA,NA
PRM_0299,GLLSSRLRPSVPVL,GGTTTGTTAAGTTCTAGATTGAGGCCATCTGTTCCAGTTTTGTAA,AGT,AGG,4,8,TRUE,S,R,W,A,NA,NA,NA
PRM_0299,GLLSSRLSPSVPVL,GGTTTGTTAAGTTCTAGATTGAGTCCATCTGTTCCAGTTTTGTAA,AGT,AGT,4,8,TRUE,S,S,W,A,NA,NA,NA
PRM_0299,GLLSSRLTPSVPVL,GGTTTGTTAAGTTCTAGATTGACGCCATCTGTTCCAGTTTTGTAA,AGT,ACG,4,8,TRUE,S,T,W,A,NA,NA,NA
PRM_0299,GLLSSRLTPSVPVL,GGTTTGTTAAGTTCTAGATTGACTCCATCTGTTCCAGTTTTGTAA,AGT,ACT,4,8,TRUE,S,T,W,A,NA,NA,NA
PRM_0299,GLLSSRL*PSVPVL,GGTTTGTTAAGTTCTAGATTGTAGCCATCTGTTCCAGTTTTGTAA,AGT,TAG,4,8,TRUE,S,*,W,A,NA,NA,NA
PRM_0299,GLLSSRLYPSVPVL,GGTTTGTTAAGTTCTAGATTGTATCCATCTGTTCCAGTTTTGTAA,AGT,TAT,4,8,TRUE,S,Y,W,A,NA,NA,NA
PRM_0299,GLLSSRLLPSVPVL,GGTTTGTTAAGTTCTAGATTGTTGCCATCTGTTCCAGTTTTGTAA,AGT,TTG,4,8,TRUE,S,L,W,A,NA,NA,NA
PRM_0299,GLLSSRLFPSVPVL,GGTTTGTTAAGTTCTAGATTGTTTCCATCTGTTCCAGTTTTGTAA,AGT,TTT,4,8,TRUE,S,F,W,A,NA,NA,NA
PRM_0299,GLLSSRLWPSVPVL,GGTTTGTTAAGTTCTAGATTGTGGCCATCTGTTCCAGTTTTGTAA,AGT,TGG,4,8,TRUE,S,W,W,A,NA,NA,NA
PRM_0299,GLLSSRLCPSVPVL,GGTTTGTTAAGTTCTAGATTGTGTCCATCTGTTCCAGTTTTGTAA,AGT,TGT,4,8,TRUE,S,C,W,A,NA,NA,NA
PRM_0299,GLLSSRLSPSVPVL,GGTTTGTTAAGTTCTAGATTGTCGCCATCTGTTCCAGTTTTGTAA,AGT,TCG,4,8,TRUE,S,S,W,A,NA,NA,NA
PRM_0299,GLLSSRLSPSVPVL,GGTTTGTTAAGTTCTAGATTGTCTCCATCTGTTCCAGTTTTGTAA,AGT,TCT,4,8,TRUE,S,S,W,A,NA,NA,NA
PRM_0299,GLLSSRLEPSVPVL,GGTTTGTTAAGTTCTAGATTGGAGCCATCTGTTCCAGTTTTGTAA,AGT,GAG,4,8,TRUE,S,E,W,A,NA,NA,NA
PRM_0299,GLLSSRLDPSVPVL,GGTTTGTTAAGTTCTAGATTGGATCCATCTGTTCCAGTTTTGTAA,AGT,GAT,4,8,TRUE,S,D,W,A,NA,NA,NA
PRM_0299,GLLSSRLVPSVPVL,GGTTTGTTAAGTTCTAGATTGGTGCCATCTGTTCCAGTTTTGTAA,AGT,GTG,4,8,TRUE,S,V,W,A,NA,NA,NA
PRM_0299,GLLSSRLVPSVPVL,GGTTTGTTAAGTTCTAGATTGGTTCCATCTGTTCCAGTTTTGTAA,AGT,GTT,4,8,TRUE,S,V,W,A,NA,NA,NA
PRM_0299,GLLSSRLGPSVPVL,GGTTTGTTAAGTTCTAGATTGGGGCCATCTGTTCCAGTTTTGTAA,AGT,GGG,4,8,TRUE,S,G,W,A,NA,NA,NA
PRM_0299,GLLSSRLGPSVPVL,GGTTTGTTAAGTTCTAGATTGGGTCCATCTGTTCCAGTTTTGTAA,AGT,GGT,4,8,TRUE,S,G,W,A,NA,NA,NA
PRM_0299,GLLSSRLAPSVPVL,GGTTTGTTAAGTTCTAGATTGGCGCCATCTGTTCCAGTTTTGTAA,AGT,GCG,4,8,TRUE,S,A,W,A,NA,NA,NA
PRM_0299,GLLSSRLAPSVPVL,GGTTTGTTAAGTTCTAGATTGGCTCCATCTGTTCCAGTTTTGTAA,AGT,GCT,4,8,TRUE,S,A,W,A,NA,NA,NA
PRM_0299,GLLSSRLQPSVPVL,GGTTTGTTAAGTTCTAGATTGCAGCCATCTGTTCCAGTTTTGTAA,AGT,CAG,4,8,TRUE,S,Q,W,A,NA,NA,NA
PRM_0299,GLLSSRLHPSVPVL,GGTTTGTTAAGTTCTAGATTGCATCCATCTGTTCCAGTTTTGTAA,AGT,CAT,4,8,TRUE,S,H,W,A,NA,NA,NA
PRM_0299,GLLSSRLLPSVPVL,GGTTTGTTAAGTTCTAGATTGCTGCCATCTGTTCCAGTTTTGTAA,AGT,CTG,4,8,TRUE,S,L,W,A,NA,NA,NA
PRM_0299,GLLSSRLLPSVPVL,GGTTTGTTAAGTTCTAGATTGCTTCCATCTGTTCCAGTTTTGTAA,AGT,CTT,4,8,TRUE,S,L,W,A,NA,NA,NA
PRM_0299,GLLSSRLRPSVPVL,GGTTTGTTAAGTTCTAGATTGCGGCCATCTGTTCCAGTTTTGTAA,AGT,CGG,4,8,TRUE,S,R,W,A,NA,NA,NA
PRM_0299,GLLSSRLRPSVPVL,GGTTTGTTAAGTTCTAGATTGCGTCCATCTGTTCCAGTTTTGTAA,AGT,CGT,4,8,TRUE,S,R,W,A,NA,NA,NA
PRM_0299,GLLSSRLPPSVPVL,GGTTTGTTAAGTTCTAGATTGCCGCCATCTGTTCCAGTTTTGTAA,AGT,CCG,4,8,TRUE,S,P,W,A,NA,NA,NA
PRM_0299,GLLSSRLPPSVPVL,GGTTTGTTAAGTTCTAGATTGCCTCCATCTGTTCCAGTTTTGTAA,AGT,CCT,4,8,TRUE,S,P,W,A,NA,NA,NA
PRM_0299,GLLTSRLKPSVPVL,GGTTTGTTAACGTCTAGATTGAAGCCATCTGTTCCAGTTTTGTAA,ACG,AAG,4,8,TRUE,T,K,W,A,NA,NA,NA
PRM_0299,GLLTSRLNPSVPVL,GGTTTGTTAACGTCTAGATTGAATCCATCTGTTCCAGTTTTGTAA,ACG,AAT,4,8,TRUE,T,N,W,A,NA,NA,NA
PRM_0299,GLLTSRLMPSVPVL,GGTTTGTTAACGTCTAGATTGATGCCATCTGTTCCAGTTTTGTAA,ACG,ATG,4,8,TRUE,T,M,W,A,NA,NA,NA
PRM_0299,GLLTSRLIPSVPVL,GGTTTGTTAACGTCTAGATTGATTCCATCTGTTCCAGTTTTGTAA,ACG,ATT,4,8,TRUE,T,I,W,A,NA,NA,NA
PRM_0299,GLLTSRLRPSVPVL,GGTTTGTTAACGTCTAGATTGAGGCCATCTGTTCCAGTTTTGTAA,ACG,AGG,4,8,TRUE,T,R,W,A,NA,NA,NA
PRM_0299,GLLTSRLSPSVPVL,GGTTTGTTAACGTCTAGATTGAGTCCATCTGTTCCAGTTTTGTAA,ACG,AGT,4,8,TRUE,T,S,W,A,NA,NA,NA
PRM_0299,GLLTSRLTPSVPVL,GGTTTGTTAACGTCTAGATTGACGCCATCTGTTCCAGTTTTGTAA,ACG,ACG,4,8,TRUE,T,T,W,A,NA,NA,NA
PRM_0299,GLLTSRLTPSVPVL,GGTTTGTTAACGTCTAGATTGACTCCATCTGTTCCAGTTTTGTAA,ACG,ACT,4,8,TRUE,T,T,W,A,NA,NA,NA
PRM_0299,GLLTSRL*PSVPVL,GGTTTGTTAACGTCTAGATTGTAGCCATCTGTTCCAGTTTTGTAA,ACG,TAG,4,8,TRUE,T,*,W,A,NA,NA,NA
PRM_0299,GLLTSRLYPSVPVL,GGTTTGTTAACGTCTAGATTGTATCCATCTGTTCCAGTTTTGTAA,ACG,TAT,4,8,TRUE,T,Y,W,A,NA,NA,NA
PRM_0299,GLLTSRLLPSVPVL,GGTTTGTTAACGTCTAGATTGTTGCCATCTGTTCCAGTTTTGTAA,ACG,TTG,4,8,TRUE,T,L,W,A,NA,NA,NA
PRM_0299,GLLTSRLFPSVPVL,GGTTTGTTAACGTCTAGATTGTTTCCATCTGTTCCAGTTTTGTAA,ACG,TTT,4,8,TRUE,T,F,W,A,NA,NA,NA
PRM_0299,GLLTSRLWPSVPVL,GGTTTGTTAACGTCTAGATTGTGGCCATCTGTTCCAGTTTTGTAA,ACG,TGG,4,8,TRUE,T,W,W,A,NA,NA,NA
PRM_0299,GLLTSRLCPSVPVL,GGTTTGTTAACGTCTAGATTGTGTCCATCTGTTCCAGTTTTGTAA,ACG,TGT,4,8,TRUE,T,C,W,A,NA,NA,NA
PRM_0299,GLLTSRLSPSVPVL,GGTTTGTTAACGTCTAGATTGTCGCCATCTGTTCCAGTTTTGTAA,ACG,TCG,4,8,TRUE,T,S,W,A,NA,NA,NA
PRM_0299,GLLTSRLSPSVPVL,GGTTTGTTAACGTCTAGATTGTCTCCATCTGTTCCAGTTTTGTAA,ACG,TCT,4,8,TRUE,T,S,W,A,NA,NA,NA
PRM_0299,GLLTSRLEPSVPVL,GGTTTGTTAACGTCTAGATTGGAGCCATCTGTTCCAGTTTTGTAA,ACG,GAG,4,8,TRUE,T,E,W,A,NA,NA,NA
PRM_0299,GLLTSRLDPSVPVL,GGTTTGTTAACGTCTAGATTGGATCCATCTGTTCCAGTTTTGTAA,ACG,GAT,4,8,TRUE,T,D,W,A,NA,NA,NA
PRM_0299,GLLTSRLVPSVPVL,GGTTTGTTAACGTCTAGATTGGTGCCATCTGTTCCAGTTTTGTAA,ACG,GTG,4,8,TRUE,T,V,W,A,NA,NA,NA
PRM_0299,GLLTSRLVPSVPVL,GGTTTGTTAACGTCTAGATTGGTTCCATCTGTTCCAGTTTTGTAA,ACG,GTT,4,8,TRUE,T,V,W,A,NA,NA,NA
PRM_0299,GLLTSRLGPSVPVL,GGTTTGTTAACGTCTAGATTGGGGCCATCTGTTCCAGTTTTGTAA,ACG,GGG,4,8,TRUE,T,G,W,A,NA,NA,NA
PRM_0299,GLLTSRLGPSVPVL,GGTTTGTTAACGTCTAGATTGGGTCCATCTGTTCCAGTTTTGTAA,ACG,GGT,4,8,TRUE,T,G,W,A,NA,NA,NA
PRM_0299,GLLTSRLAPSVPVL,GGTTTGTTAACGTCTAGATTGGCGCCATCTGTTCCAGTTTTGTAA,ACG,GCG,4,8,TRUE,T,A,W,A,NA,NA,NA
PRM_0299,GLLTSRLAPSVPVL,GGTTTGTTAACGTCTAGATTGGCTCCATCTGTTCCAGTTTTGTAA,ACG,GCT,4,8,TRUE,T,A,W,A,NA,NA,NA
PRM_0299,GLLTSRLQPSVPVL,GGTTTGTTAACGTCTAGATTGCAGCCATCTGTTCCAGTTTTGTAA,ACG,CAG,4,8,TRUE,T,Q,W,A,NA,NA,NA
PRM_0299,GLLTSRLHPSVPVL,GGTTTGTTAACGTCTAGATTGCATCCATCTGTTCCAGTTTTGTAA,ACG,CAT,4,8,TRUE,T,H,W,A,NA,NA,NA
PRM_0299,GLLTSRLLPSVPVL,GGTTTGTTAACGTCTAGATTGCTGCCATCTGTTCCAGTTTTGTAA,ACG,CTG,4,8,TRUE,T,L,W,A,NA,NA,NA
PRM_0299,GLLTSRLLPSVPVL,GGTTTGTTAACGTCTAGATTGCTTCCATCTGTTCCAGTTTTGTAA,ACG,CTT,4,8,TRUE,T,L,W,A,NA,NA,NA
PRM_0299,GLLTSRLRPSVPVL,GGTTTGTTAACGTCTAGATTGCGGCCATCTGTTCCAGTTTTGTAA,ACG,CGG,4,8,TRUE,T,R,W,A,NA,NA,NA
PRM_0299,GLLTSRLRPSVPVL,GGTTTGTTAACGTCTAGATTGCGTCCATCTGTTCCAGTTTTGTAA,ACG,CGT,4,8,TRUE,T,R,W,A,NA,NA,NA
PRM_0299,GLLTSRLPPSVPVL,GGTTTGTTAACGTCTAGATTGCCGCCATCTGTTCCAGTTTTGTAA,ACG,CCG,4,8,TRUE,T,P,W,A,NA,NA,NA
PRM_0299,GLLTSRLPPSVPVL,GGTTTGTTAACGTCTAGATTGCCTCCATCTGTTCCAGTTTTGTAA,ACG,CCT,4,8,TRUE,T,P,W,A,NA,NA,NA
PRM_0299,GLLTSRLKPSVPVL,GGTTTGTTAACTTCTAGATTGAAGCCATCTGTTCCAGTTTTGTAA,ACT,AAG,4,8,TRUE,T,K,W,A,NA,NA,NA
PRM_0299,GLLTSRLNPSVPVL,GGTTTGTTAACTTCTAGATTGAATCCATCTGTTCCAGTTTTGTAA,ACT,AAT,4,8,TRUE,T,N,W,A,NA,NA,NA
PRM_0299,GLLTSRLMPSVPVL,GGTTTGTTAACTTCTAGATTGATGCCATCTGTTCCAGTTTTGTAA,ACT,ATG,4,8,TRUE,T,M,W,A,NA,NA,NA
PRM_0299,GLLTSRLIPSVPVL,GGTTTGTTAACTTCTAGATTGATTCCATCTGTTCCAGTTTTGTAA,ACT,ATT,4,8,TRUE,T,I,W,A,NA,NA,NA
PRM_0299,GLLTSRLRPSVPVL,GGTTTGTTAACTTCTAGATTGAGGCCATCTGTTCCAGTTTTGTAA,ACT,AGG,4,8,TRUE,T,R,W,A,NA,NA,NA
PRM_0299,GLLTSRLSPSVPVL,GGTTTGTTAACTTCTAGATTGAGTCCATCTGTTCCAGTTTTGTAA,ACT,AGT,4,8,TRUE,T,S,W,A,NA,NA,NA
PRM_0299,GLLTSRLTPSVPVL,GGTTTGTTAACTTCTAGATTGACGCCATCTGTTCCAGTTTTGTAA,ACT,ACG,4,8,TRUE,T,T,W,A,NA,NA,NA
PRM_0299,GLLTSRLTPSVPVL,GGTTTGTTAACTTCTAGATTGACTCCATCTGTTCCAGTTTTGTAA,ACT,ACT,4,8,TRUE,T,T,W,A,NA,NA,NA
PRM_0299,GLLTSRL*PSVPVL,GGTTTGTTAACTTCTAGATTGTAGCCATCTGTTCCAGTTTTGTAA,ACT,TAG,4,8,TRUE,T,*,W,A,NA,NA,NA
PRM_0299,GLLTSRLYPSVPVL,GGTTTGTTAACTTCTAGATTGTATCCATCTGTTCCAGTTTTGTAA,ACT,TAT,4,8,TRUE,T,Y,W,A,NA,NA,NA
PRM_0299,GLLTSRLLPSVPVL,GGTTTGTTAACTTCTAGATTGTTGCCATCTGTTCCAGTTTTGTAA,ACT,TTG,4,8,TRUE,T,L,W,A,NA,NA,NA
PRM_0299,GLLTSRLFPSVPVL,GGTTTGTTAACTTCTAGATTGTTTCCATCTGTTCCAGTTTTGTAA,ACT,TTT,4,8,TRUE,T,F,W,A,NA,NA,NA
PRM_0299,GLLTSRLWPSVPVL,GGTTTGTTAACTTCTAGATTGTGGCCATCTGTTCCAGTTTTGTAA,ACT,TGG,4,8,TRUE,T,W,W,A,NA,NA,NA
PRM_0299,GLLTSRLCPSVPVL,GGTTTGTTAACTTCTAGATTGTGTCCATCTGTTCCAGTTTTGTAA,ACT,TGT,4,8,TRUE,T,C,W,A,NA,NA,NA
PRM_0299,GLLTSRLSPSVPVL,GGTTTGTTAACTTCTAGATTGTCGCCATCTGTTCCAGTTTTGTAA,ACT,TCG,4,8,TRUE,T,S,W,A,NA,NA,NA
PRM_0299,GLLTSRLSPSVPVL,GGTTTGTTAACTTCTAGATTGTCTCCATCTGTTCCAGTTTTGTAA,ACT,TCT,4,8,TRUE,T,S,W,A,NA,NA,NA
PRM_0299,GLLTSRLEPSVPVL,GGTTTGTTAACTTCTAGATTGGAGCCATCTGTTCCAGTTTTGTAA,ACT,GAG,4,8,TRUE,T,E,W,A,NA,NA,NA
PRM_0299,GLLTSRLDPSVPVL,GGTTTGTTAACTTCTAGATTGGATCCATCTGTTCCAGTTTTGTAA,ACT,GAT,4,8,TRUE,T,D,W,A,NA,NA,NA
PRM_0299,GLLTSRLVPSVPVL,GGTTTGTTAACTTCTAGATTGGTGCCATCTGTTCCAGTTTTGTAA,ACT,GTG,4,8,TRUE,T,V,W,A,NA,NA,NA
PRM_0299,GLLTSRLVPSVPVL,GGTTTGTTAACTTCTAGATTGGTTCCATCTGTTCCAGTTTTGTAA,ACT,GTT,4,8,TRUE,T,V,W,A,NA,NA,NA
PRM_0299,GLLTSRLGPSVPVL,GGTTTGTTAACTTCTAGATTGGGGCCATCTGTTCCAGTTTTGTAA,ACT,GGG,4,8,TRUE,T,G,W,A,NA,NA,NA
PRM_0299,GLLTSRLGPSVPVL,GGTTTGTTAACTTCTAGATTGGGTCCATCTGTTCCAGTTTTGTAA,ACT,GGT,4,8,TRUE,T,G,W,A,NA,NA,NA
PRM_0299,GLLTSRLAPSVPVL,GGTTTGTTAACTTCTAGATTGGCGCCATCTGTTCCAGTTTTGTAA,ACT,GCG,4,8,TRUE,T,A,W,A,NA,NA,NA
PRM_0299,GLLTSRLAPSVPVL,GGTTTGTTAACTTCTAGATTGGCTCCATCTGTTCCAGTTTTGTAA,ACT,GCT,4,8,TRUE,T,A,W,A,NA,NA,NA
PRM_0299,GLLTSRLQPSVPVL,GGTTTGTTAACTTCTAGATTGCAGCCATCTGTTCCAGTTTTGTAA,ACT,CAG,4,8,TRUE,T,Q,W,A,NA,NA,NA
PRM_0299,GLLTSRLHPSVPVL,GGTTTGTTAACTTCTAGATTGCATCCATCTGTTCCAGTTTTGTAA,ACT,CAT,4,8,TRUE,T,H,W,A,NA,NA,NA
PRM_0299,GLLTSRLLPSVPVL,GGTTTGTTAACTTCTAGATTGCTGCCATCTGTTCCAGTTTTGTAA,ACT,CTG,4,8,TRUE,T,L,W,A,NA,NA,NA
PRM_0299,GLLTSRLLPSVPVL,GGTTTGTTAACTTCTAGATTGCTTCCATCTGTTCCAGTTTTGTAA,ACT,CTT,4,8,TRUE,T,L,W,A,NA,NA,NA
PRM_0299,GLLTSRLRPSVPVL,GGTTTGTTAACTTCTAGATTGCGGCCATCTGTTCCAGTTTTGTAA,ACT,CGG,4,8,TRUE,T,R,W,A,NA,NA,NA
PRM_0299,GLLTSRLRPSVPVL,GGTTTGTTAACTTCTAGATTGCGTCCATCTGTTCCAGTTTTGTAA,ACT,CGT,4,8,TRUE,T,R,W,A,NA,NA,NA
PRM_0299,GLLTSRLPPSVPVL,GGTTTGTTAACTTCTAGATTGCCGCCATCTGTTCCAGTTTTGTAA,ACT,CCG,4,8,TRUE,T,P,W,A,NA,NA,NA
PRM_0299,GLLTSRLPPSVPVL,GGTTTGTTAACTTCTAGATTGCCTCCATCTGTTCCAGTTTTGTAA,ACT,CCT,4,8,TRUE,T,P,W,A,NA,NA,NA
PRM_0299,GLL*SRLKPSVPVL,GGTTTGTTATAGTCTAGATTGAAGCCATCTGTTCCAGTTTTGTAA,TAG,AAG,4,8,TRUE,*,K,W,A,NA,NA,NA
PRM_0299,GLL*SRLNPSVPVL,GGTTTGTTATAGTCTAGATTGAATCCATCTGTTCCAGTTTTGTAA,TAG,AAT,4,8,TRUE,*,N,W,A,NA,NA,NA
PRM_0299,GLL*SRLMPSVPVL,GGTTTGTTATAGTCTAGATTGATGCCATCTGTTCCAGTTTTGTAA,TAG,ATG,4,8,TRUE,*,M,W,A,NA,NA,NA
PRM_0299,GLL*SRLIPSVPVL,GGTTTGTTATAGTCTAGATTGATTCCATCTGTTCCAGTTTTGTAA,TAG,ATT,4,8,TRUE,*,I,W,A,NA,NA,NA
PRM_0299,GLL*SRLRPSVPVL,GGTTTGTTATAGTCTAGATTGAGGCCATCTGTTCCAGTTTTGTAA,TAG,AGG,4,8,TRUE,*,R,W,A,NA,NA,NA
PRM_0299,GLL*SRLSPSVPVL,GGTTTGTTATAGTCTAGATTGAGTCCATCTGTTCCAGTTTTGTAA,TAG,AGT,4,8,TRUE,*,S,W,A,NA,NA,NA
PRM_0299,GLL*SRLTPSVPVL,GGTTTGTTATAGTCTAGATTGACGCCATCTGTTCCAGTTTTGTAA,TAG,ACG,4,8,TRUE,*,T,W,A,NA,NA,NA
PRM_0299,GLL*SRLTPSVPVL,GGTTTGTTATAGTCTAGATTGACTCCATCTGTTCCAGTTTTGTAA,TAG,ACT,4,8,TRUE,*,T,W,A,NA,NA,NA
PRM_0299,GLL*SRL*PSVPVL,GGTTTGTTATAGTCTAGATTGTAGCCATCTGTTCCAGTTTTGTAA,TAG,TAG,4,8,TRUE,*,*,W,A,NA,NA,NA
PRM_0299,GLL*SRLYPSVPVL,GGTTTGTTATAGTCTAGATTGTATCCATCTGTTCCAGTTTTGTAA,TAG,TAT,4,8,TRUE,*,Y,W,A,NA,NA,NA
PRM_0299,GLL*SRLLPSVPVL,GGTTTGTTATAGTCTAGATTGTTGCCATCTGTTCCAGTTTTGTAA,TAG,TTG,4,8,TRUE,*,L,W,A,NA,NA,NA
PRM_0299,GLL*SRLFPSVPVL,GGTTTGTTATAGTCTAGATTGTTTCCATCTGTTCCAGTTTTGTAA,TAG,TTT,4,8,TRUE,*,F,W,A,NA,NA,NA
PRM_0299,GLL*SRLWPSVPVL,GGTTTGTTATAGTCTAGATTGTGGCCATCTGTTCCAGTTTTGTAA,TAG,TGG,4,8,TRUE,*,W,W,A,NA,NA,NA
PRM_0299,GLL*SRLCPSVPVL,GGTTTGTTATAGTCTAGATTGTGTCCATCTGTTCCAGTTTTGTAA,TAG,TGT,4,8,TRUE,*,C,W,A,NA,NA,NA
PRM_0299,GLL*SRLSPSVPVL,GGTTTGTTATAGTCTAGATTGTCGCCATCTGTTCCAGTTTTGTAA,TAG,TCG,4,8,TRUE,*,S,W,A,NA,NA,NA
PRM_0299,GLL*SRLSPSVPVL,GGTTTGTTATAGTCTAGATTGTCTCCATCTGTTCCAGTTTTGTAA,TAG,TCT,4,8,TRUE,*,S,W,A,NA,NA,NA
PRM_0299,GLL*SRLEPSVPVL,GGTTTGTTATAGTCTAGATTGGAGCCATCTGTTCCAGTTTTGTAA,TAG,GAG,4,8,TRUE,*,E,W,A,NA,NA,NA
PRM_0299,GLL*SRLDPSVPVL,GGTTTGTTATAGTCTAGATTGGATCCATCTGTTCCAGTTTTGTAA,TAG,GAT,4,8,TRUE,*,D,W,A,NA,NA,NA
PRM_0299,GLL*SRLVPSVPVL,GGTTTGTTATAGTCTAGATTGGTGCCATCTGTTCCAGTTTTGTAA,TAG,GTG,4,8,TRUE,*,V,W,A,NA,NA,NA
PRM_0299,GLL*SRLVPSVPVL,GGTTTGTTATAGTCTAGATTGGTTCCATCTGTTCCAGTTTTGTAA,TAG,GTT,4,8,TRUE,*,V,W,A,NA,NA,NA
PRM_0299,GLL*SRLGPSVPVL,GGTTTGTTATAGTCTAGATTGGGGCCATCTGTTCCAGTTTTGTAA,TAG,GGG,4,8,TRUE,*,G,W,A,NA,NA,NA
PRM_0299,GLL*SRLGPSVPVL,GGTTTGTTATAGTCTAGATTGGGTCCATCTGTTCCAGTTTTGTAA,TAG,GGT,4,8,TRUE,*,G,W,A,NA,NA,NA
PRM_0299,GLL*SRLAPSVPVL,GGTTTGTTATAGTCTAGATTGGCGCCATCTGTTCCAGTTTTGTAA,TAG,GCG,4,8,TRUE,*,A,W,A,NA,NA,NA
PRM_0299,GLL*SRLAPSVPVL,GGTTTGTTATAGTCTAGATTGGCTCCATCTGTTCCAGTTTTGTAA,TAG,GCT,4,8,TRUE,*,A,W,A,NA,NA,NA
PRM_0299,GLL*SRLQPSVPVL,GGTTTGTTATAGTCTAGATTGCAGCCATCTGTTCCAGTTTTGTAA,TAG,CAG,4,8,TRUE,*,Q,W,A,NA,NA,NA
PRM_0299,GLL*SRLHPSVPVL,GGTTTGTTATAGTCTAGATTGCATCCATCTGTTCCAGTTTTGTAA,TAG,CAT,4,8,TRUE,*,H,W,A,NA,NA,NA
PRM_0299,GLL*SRLLPSVPVL,GGTTTGTTATAGTCTAGATTGCTGCCATCTGTTCCAGTTTTGTAA,TAG,CTG,4,8,TRUE,*,L,W,A,NA,NA,NA
PRM_0299,GLL*SRLLPSVPVL,GGTTTGTTATAGTCTAGATTGCTTCCATCTGTTCCAGTTTTGTAA,TAG,CTT,4,8,TRUE,*,L,W,A,NA,NA,NA
PRM_0299,GLL*SRLRPSVPVL,GGTTTGTTATAGTCTAGATTGCGGCCATCTGTTCCAGTTTTGTAA,TAG,CGG,4,8,TRUE,*,R,W,A,NA,NA,NA
PRM_0299,GLL*SRLRPSVPVL,GGTTTGTTATAGTCTAGATTGCGTCCATCTGTTCCAGTTTTGTAA,TAG,CGT,4,8,TRUE,*,R,W,A,NA,NA,NA
PRM_0299,GLL*SRLPPSVPVL,GGTTTGTTATAGTCTAGATTGCCGCCATCTGTTCCAGTTTTGTAA,TAG,CCG,4,8,TRUE,*,P,W,A,NA,NA,NA
PRM_0299,GLL*SRLPPSVPVL,GGTTTGTTATAGTCTAGATTGCCTCCATCTGTTCCAGTTTTGTAA,TAG,CCT,4,8,TRUE,*,P,W,A,NA,NA,NA
PRM_0299,GLLYSRLKPSVPVL,GGTTTGTTATATTCTAGATTGAAGCCATCTGTTCCAGTTTTGTAA,TAT,AAG,4,8,TRUE,Y,K,W,A,NA,NA,NA
PRM_0299,GLLYSRLNPSVPVL,GGTTTGTTATATTCTAGATTGAATCCATCTGTTCCAGTTTTGTAA,TAT,AAT,4,8,TRUE,Y,N,W,A,NA,NA,NA
PRM_0299,GLLYSRLMPSVPVL,GGTTTGTTATATTCTAGATTGATGCCATCTGTTCCAGTTTTGTAA,TAT,ATG,4,8,TRUE,Y,M,W,A,NA,NA,NA
PRM_0299,GLLYSRLIPSVPVL,GGTTTGTTATATTCTAGATTGATTCCATCTGTTCCAGTTTTGTAA,TAT,ATT,4,8,TRUE,Y,I,W,A,NA,NA,NA
PRM_0299,GLLYSRLRPSVPVL,GGTTTGTTATATTCTAGATTGAGGCCATCTGTTCCAGTTTTGTAA,TAT,AGG,4,8,TRUE,Y,R,W,A,NA,NA,NA
PRM_0299,GLLYSRLSPSVPVL,GGTTTGTTATATTCTAGATTGAGTCCATCTGTTCCAGTTTTGTAA,TAT,AGT,4,8,TRUE,Y,S,W,A,NA,NA,NA
PRM_0299,GLLYSRLTPSVPVL,GGTTTGTTATATTCTAGATTGACGCCATCTGTTCCAGTTTTGTAA,TAT,ACG,4,8,TRUE,Y,T,W,A,NA,NA,NA
PRM_0299,GLLYSRLTPSVPVL,GGTTTGTTATATTCTAGATTGACTCCATCTGTTCCAGTTTTGTAA,TAT,ACT,4,8,TRUE,Y,T,W,A,NA,NA,NA
PRM_0299,GLLYSRL*PSVPVL,GGTTTGTTATATTCTAGATTGTAGCCATCTGTTCCAGTTTTGTAA,TAT,TAG,4,8,TRUE,Y,*,W,A,NA,NA,NA
PRM_0299,GLLYSRLYPSVPVL,GGTTTGTTATATTCTAGATTGTATCCATCTGTTCCAGTTTTGTAA,TAT,TAT,4,8,TRUE,Y,Y,W,A,NA,NA,NA
PRM_0299,GLLYSRLLPSVPVL,GGTTTGTTATATTCTAGATTGTTGCCATCTGTTCCAGTTTTGTAA,TAT,TTG,4,8,TRUE,Y,L,W,A,NA,NA,NA
PRM_0299,GLLYSRLFPSVPVL,GGTTTGTTATATTCTAGATTGTTTCCATCTGTTCCAGTTTTGTAA,TAT,TTT,4,8,TRUE,Y,F,W,A,NA,NA,NA
PRM_0299,GLLYSRLWPSVPVL,GGTTTGTTATATTCTAGATTGTGGCCATCTGTTCCAGTTTTGTAA,TAT,TGG,4,8,TRUE,Y,W,W,A,NA,NA,NA
PRM_0299,GLLYSRLCPSVPVL,GGTTTGTTATATTCTAGATTGTGTCCATCTGTTCCAGTTTTGTAA,TAT,TGT,4,8,TRUE,Y,C,W,A,NA,NA,NA
PRM_0299,GLLYSRLSPSVPVL,GGTTTGTTATATTCTAGATTGTCGCCATCTGTTCCAGTTTTGTAA,TAT,TCG,4,8,TRUE,Y,S,W,A,NA,NA,NA
PRM_0299,GLLYSRLSPSVPVL,GGTTTGTTATATTCTAGATTGTCTCCATCTGTTCCAGTTTTGTAA,TAT,TCT,4,8,TRUE,Y,S,W,A,NA,NA,NA
PRM_0299,GLLYSRLEPSVPVL,GGTTTGTTATATTCTAGATTGGAGCCATCTGTTCCAGTTTTGTAA,TAT,GAG,4,8,TRUE,Y,E,W,A,NA,NA,NA
PRM_0299,GLLYSRLDPSVPVL,GGTTTGTTATATTCTAGATTGGATCCATCTGTTCCAGTTTTGTAA,TAT,GAT,4,8,TRUE,Y,D,W,A,NA,NA,NA
PRM_0299,GLLYSRLVPSVPVL,GGTTTGTTATATTCTAGATTGGTGCCATCTGTTCCAGTTTTGTAA,TAT,GTG,4,8,TRUE,Y,V,W,A,NA,NA,NA
PRM_0299,GLLYSRLVPSVPVL,GGTTTGTTATATTCTAGATTGGTTCCATCTGTTCCAGTTTTGTAA,TAT,GTT,4,8,TRUE,Y,V,W,A,NA,NA,NA
PRM_0299,GLLYSRLGPSVPVL,GGTTTGTTATATTCTAGATTGGGGCCATCTGTTCCAGTTTTGTAA,TAT,GGG,4,8,TRUE,Y,G,W,A,NA,NA,NA
PRM_0299,GLLYSRLGPSVPVL,GGTTTGTTATATTCTAGATTGGGTCCATCTGTTCCAGTTTTGTAA,TAT,GGT,4,8,TRUE,Y,G,W,A,NA,NA,NA
PRM_0299,GLLYSRLAPSVPVL,GGTTTGTTATATTCTAGATTGGCGCCATCTGTTCCAGTTTTGTAA,TAT,GCG,4,8,TRUE,Y,A,W,A,NA,NA,NA
PRM_0299,GLLYSRLAPSVPVL,GGTTTGTTATATTCTAGATTGGCTCCATCTGTTCCAGTTTTGTAA,TAT,GCT,4,8,TRUE,Y,A,W,A,NA,NA,NA
PRM_0299,GLLYSRLQPSVPVL,GGTTTGTTATATTCTAGATTGCAGCCATCTGTTCCAGTTTTGTAA,TAT,CAG,4,8,TRUE,Y,Q,W,A,NA,NA,NA
PRM_0299,GLLYSRLHPSVPVL,GGTTTGTTATATTCTAGATTGCATCCATCTGTTCCAGTTTTGTAA,TAT,CAT,4,8,TRUE,Y,H,W,A,NA,NA,NA
PRM_0299,GLLYSRLLPSVPVL,GGTTTGTTATATTCTAGATTGCTGCCATCTGTTCCAGTTTTGTAA,TAT,CTG,4,8,TRUE,Y,L,W,A,NA,NA,NA
PRM_0299,GLLYSRLLPSVPVL,GGTTTGTTATATTCTAGATTGCTTCCATCTGTTCCAGTTTTGTAA,TAT,CTT,4,8,TRUE,Y,L,W,A,NA,NA,NA
PRM_0299,GLLYSRLRPSVPVL,GGTTTGTTATATTCTAGATTGCGGCCATCTGTTCCAGTTTTGTAA,TAT,CGG,4,8,TRUE,Y,R,W,A,NA,NA,NA
PRM_0299,GLLYSRLRPSVPVL,GGTTTGTTATATTCTAGATTGCGTCCATCTGTTCCAGTTTTGTAA,TAT,CGT,4,8,TRUE,Y,R,W,A,NA,NA,NA
PRM_0299,GLLYSRLPPSVPVL,GGTTTGTTATATTCTAGATTGCCGCCATCTGTTCCAGTTTTGTAA,TAT,CCG,4,8,TRUE,Y,P,W,A,NA,NA,NA
PRM_0299,GLLYSRLPPSVPVL,GGTTTGTTATATTCTAGATTGCCTCCATCTGTTCCAGTTTTGTAA,TAT,CCT,4,8,TRUE,Y,P,W,A,NA,NA,NA
PRM_0299,GLLLSRLKPSVPVL,GGTTTGTTATTGTCTAGATTGAAGCCATCTGTTCCAGTTTTGTAA,TTG,AAG,4,8,TRUE,L,K,W,A,NA,NA,NA
PRM_0299,GLLLSRLNPSVPVL,GGTTTGTTATTGTCTAGATTGAATCCATCTGTTCCAGTTTTGTAA,TTG,AAT,4,8,TRUE,L,N,W,A,NA,NA,NA
PRM_0299,GLLLSRLMPSVPVL,GGTTTGTTATTGTCTAGATTGATGCCATCTGTTCCAGTTTTGTAA,TTG,ATG,4,8,TRUE,L,M,W,A,NA,NA,NA
PRM_0299,GLLLSRLIPSVPVL,GGTTTGTTATTGTCTAGATTGATTCCATCTGTTCCAGTTTTGTAA,TTG,ATT,4,8,TRUE,L,I,W,A,NA,NA,NA
PRM_0299,GLLLSRLRPSVPVL,GGTTTGTTATTGTCTAGATTGAGGCCATCTGTTCCAGTTTTGTAA,TTG,AGG,4,8,TRUE,L,R,W,A,NA,NA,NA
PRM_0299,GLLLSRLSPSVPVL,GGTTTGTTATTGTCTAGATTGAGTCCATCTGTTCCAGTTTTGTAA,TTG,AGT,4,8,TRUE,L,S,W,A,NA,NA,NA
PRM_0299,GLLLSRLTPSVPVL,GGTTTGTTATTGTCTAGATTGACGCCATCTGTTCCAGTTTTGTAA,TTG,ACG,4,8,TRUE,L,T,W,A,NA,NA,NA
PRM_0299,GLLLSRLTPSVPVL,GGTTTGTTATTGTCTAGATTGACTCCATCTGTTCCAGTTTTGTAA,TTG,ACT,4,8,TRUE,L,T,W,A,NA,NA,NA
PRM_0299,GLLLSRL*PSVPVL,GGTTTGTTATTGTCTAGATTGTAGCCATCTGTTCCAGTTTTGTAA,TTG,TAG,4,8,TRUE,L,*,W,A,NA,NA,NA
PRM_0299,GLLLSRLYPSVPVL,GGTTTGTTATTGTCTAGATTGTATCCATCTGTTCCAGTTTTGTAA,TTG,TAT,4,8,TRUE,L,Y,W,A,NA,NA,NA
PRM_0299,GLLLSRLLPSVPVL,GGTTTGTTATTGTCTAGATTGTTGCCATCTGTTCCAGTTTTGTAA,TTG,TTG,4,8,TRUE,L,L,W,A,NA,NA,NA
PRM_0299,GLLLSRLFPSVPVL,GGTTTGTTATTGTCTAGATTGTTTCCATCTGTTCCAGTTTTGTAA,TTG,TTT,4,8,TRUE,L,F,W,A,NA,NA,NA
PRM_0299,GLLLSRLWPSVPVL,GGTTTGTTATTGTCTAGATTGTGGCCATCTGTTCCAGTTTTGTAA,TTG,TGG,4,8,TRUE,L,W,W,A,NA,NA,NA
PRM_0299,GLLLSRLCPSVPVL,GGTTTGTTATTGTCTAGATTGTGTCCATCTGTTCCAGTTTTGTAA,TTG,TGT,4,8,TRUE,L,C,W,A,NA,NA,NA
PRM_0299,GLLLSRLSPSVPVL,GGTTTGTTATTGTCTAGATTGTCGCCATCTGTTCCAGTTTTGTAA,TTG,TCG,4,8,TRUE,L,S,W,A,NA,NA,NA
PRM_0299,GLLLSRLSPSVPVL,GGTTTGTTATTGTCTAGATTGTCTCCATCTGTTCCAGTTTTGTAA,TTG,TCT,4,8,TRUE,L,S,W,A,NA,NA,NA
PRM_0299,GLLLSRLEPSVPVL,GGTTTGTTATTGTCTAGATTGGAGCCATCTGTTCCAGTTTTGTAA,TTG,GAG,4,8,TRUE,L,E,W,A,NA,NA,NA
PRM_0299,GLLLSRLDPSVPVL,GGTTTGTTATTGTCTAGATTGGATCCATCTGTTCCAGTTTTGTAA,TTG,GAT,4,8,TRUE,L,D,W,A,NA,NA,NA
PRM_0299,GLLLSRLVPSVPVL,GGTTTGTTATTGTCTAGATTGGTGCCATCTGTTCCAGTTTTGTAA,TTG,GTG,4,8,TRUE,L,V,W,A,NA,NA,NA
PRM_0299,GLLLSRLVPSVPVL,GGTTTGTTATTGTCTAGATTGGTTCCATCTGTTCCAGTTTTGTAA,TTG,GTT,4,8,TRUE,L,V,W,A,NA,NA,NA
PRM_0299,GLLLSRLGPSVPVL,GGTTTGTTATTGTCTAGATTGGGGCCATCTGTTCCAGTTTTGTAA,TTG,GGG,4,8,TRUE,L,G,W,A,NA,NA,NA
PRM_0299,GLLLSRLGPSVPVL,GGTTTGTTATTGTCTAGATTGGGTCCATCTGTTCCAGTTTTGTAA,TTG,GGT,4,8,TRUE,L,G,W,A,NA,NA,NA
PRM_0299,GLLLSRLAPSVPVL,GGTTTGTTATTGTCTAGATTGGCGCCATCTGTTCCAGTTTTGTAA,TTG,GCG,4,8,TRUE,L,A,W,A,NA,NA,NA
PRM_0299,GLLLSRLAPSVPVL,GGTTTGTTATTGTCTAGATTGGCTCCATCTGTTCCAGTTTTGTAA,TTG,GCT,4,8,TRUE,L,A,W,A,NA,NA,NA
PRM_0299,GLLLSRLQPSVPVL,GGTTTGTTATTGTCTAGATTGCAGCCATCTGTTCCAGTTTTGTAA,TTG,CAG,4,8,TRUE,L,Q,W,A,NA,NA,NA
PRM_0299,GLLLSRLHPSVPVL,GGTTTGTTATTGTCTAGATTGCATCCATCTGTTCCAGTTTTGTAA,TTG,CAT,4,8,TRUE,L,H,W,A,NA,NA,NA
PRM_0299,GLLLSRLLPSVPVL,GGTTTGTTATTGTCTAGATTGCTGCCATCTGTTCCAGTTTTGTAA,TTG,CTG,4,8,TRUE,L,L,W,A,NA,NA,NA
PRM_0299,GLLLSRLLPSVPVL,GGTTTGTTATTGTCTAGATTGCTTCCATCTGTTCCAGTTTTGTAA,TTG,CTT,4,8,TRUE,L,L,W,A,NA,NA,NA
PRM_0299,GLLLSRLRPSVPVL,GGTTTGTTATTGTCTAGATTGCGGCCATCTGTTCCAGTTTTGTAA,TTG,CGG,4,8,TRUE,L,R,W,A,NA,NA,NA
PRM_0299,GLLLSRLRPSVPVL,GGTTTGTTATTGTCTAGATTGCGTCCATCTGTTCCAGTTTTGTAA,TTG,CGT,4,8,TRUE,L,R,W,A,NA,NA,NA
PRM_0299,GLLLSRLPPSVPVL,GGTTTGTTATTGTCTAGATTGCCGCCATCTGTTCCAGTTTTGTAA,TTG,CCG,4,8,TRUE,L,P,W,A,NA,NA,NA
PRM_0299,GLLLSRLPPSVPVL,GGTTTGTTATTGTCTAGATTGCCTCCATCTGTTCCAGTTTTGTAA,TTG,CCT,4,8,TRUE,L,P,W,A,NA,NA,NA
PRM_0299,GLLFSRLKPSVPVL,GGTTTGTTATTTTCTAGATTGAAGCCATCTGTTCCAGTTTTGTAA,TTT,AAG,4,8,TRUE,F,K,W,A,NA,NA,NA
PRM_0299,GLLFSRLNPSVPVL,GGTTTGTTATTTTCTAGATTGAATCCATCTGTTCCAGTTTTGTAA,TTT,AAT,4,8,TRUE,F,N,W,A,NA,NA,NA
PRM_0299,GLLFSRLMPSVPVL,GGTTTGTTATTTTCTAGATTGATGCCATCTGTTCCAGTTTTGTAA,TTT,ATG,4,8,TRUE,F,M,W,A,NA,NA,NA
PRM_0299,GLLFSRLIPSVPVL,GGTTTGTTATTTTCTAGATTGATTCCATCTGTTCCAGTTTTGTAA,TTT,ATT,4,8,TRUE,F,I,W,A,NA,NA,NA
PRM_0299,GLLFSRLRPSVPVL,GGTTTGTTATTTTCTAGATTGAGGCCATCTGTTCCAGTTTTGTAA,TTT,AGG,4,8,TRUE,F,R,W,A,NA,NA,NA
PRM_0299,GLLFSRLSPSVPVL,GGTTTGTTATTTTCTAGATTGAGTCCATCTGTTCCAGTTTTGTAA,TTT,AGT,4,8,TRUE,F,S,W,A,NA,NA,NA
PRM_0299,GLLFSRLTPSVPVL,GGTTTGTTATTTTCTAGATTGACGCCATCTGTTCCAGTTTTGTAA,TTT,ACG,4,8,TRUE,F,T,W,A,NA,NA,NA
PRM_0299,GLLFSRLTPSVPVL,GGTTTGTTATTTTCTAGATTGACTCCATCTGTTCCAGTTTTGTAA,TTT,ACT,4,8,TRUE,F,T,W,A,NA,NA,NA
PRM_0299,GLLFSRL*PSVPVL,GGTTTGTTATTTTCTAGATTGTAGCCATCTGTTCCAGTTTTGTAA,TTT,TAG,4,8,TRUE,F,*,W,A,NA,NA,NA
PRM_0299,GLLFSRLYPSVPVL,GGTTTGTTATTTTCTAGATTGTATCCATCTGTTCCAGTTTTGTAA,TTT,TAT,4,8,TRUE,F,Y,W,A,NA,NA,NA
PRM_0299,GLLFSRLLPSVPVL,GGTTTGTTATTTTCTAGATTGTTGCCATCTGTTCCAGTTTTGTAA,TTT,TTG,4,8,TRUE,F,L,W,A,NA,NA,NA
PRM_0299,GLLFSRLFPSVPVL,GGTTTGTTATTTTCTAGATTGTTTCCATCTGTTCCAGTTTTGTAA,TTT,TTT,4,8,TRUE,F,F,W,A,NA,NA,NA
PRM_0299,GLLFSRLWPSVPVL,GGTTTGTTATTTTCTAGATTGTGGCCATCTGTTCCAGTTTTGTAA,TTT,TGG,4,8,TRUE,F,W,W,A,NA,NA,NA
PRM_0299,GLLFSRLCPSVPVL,GGTTTGTTATTTTCTAGATTGTGTCCATCTGTTCCAGTTTTGTAA,TTT,TGT,4,8,TRUE,F,C,W,A,NA,NA,NA
PRM_0299,GLLFSRLSPSVPVL,GGTTTGTTATTTTCTAGATTGTCGCCATCTGTTCCAGTTTTGTAA,TTT,TCG,4,8,TRUE,F,S,W,A,NA,NA,NA
PRM_0299,GLLFSRLSPSVPVL,GGTTTGTTATTTTCTAGATTGTCTCCATCTGTTCCAGTTTTGTAA,TTT,TCT,4,8,TRUE,F,S,W,A,NA,NA,NA
PRM_0299,GLLFSRLEPSVPVL,GGTTTGTTATTTTCTAGATTGGAGCCATCTGTTCCAGTTTTGTAA,TTT,GAG,4,8,TRUE,F,E,W,A,NA,NA,NA
PRM_0299,GLLFSRLDPSVPVL,GGTTTGTTATTTTCTAGATTGGATCCATCTGTTCCAGTTTTGTAA,TTT,GAT,4,8,TRUE,F,D,W,A,NA,NA,NA
PRM_0299,GLLFSRLVPSVPVL,GGTTTGTTATTTTCTAGATTGGTGCCATCTGTTCCAGTTTTGTAA,TTT,GTG,4,8,TRUE,F,V,W,A,NA,NA,NA
PRM_0299,GLLFSRLVPSVPVL,GGTTTGTTATTTTCTAGATTGGTTCCATCTGTTCCAGTTTTGTAA,TTT,GTT,4,8,TRUE,F,V,W,A,NA,NA,NA
PRM_0299,GLLFSRLGPSVPVL,GGTTTGTTATTTTCTAGATTGGGGCCATCTGTTCCAGTTTTGTAA,TTT,GGG,4,8,TRUE,F,G,W,A,NA,NA,NA
PRM_0299,GLLFSRLGPSVPVL,GGTTTGTTATTTTCTAGATTGGGTCCATCTGTTCCAGTTTTGTAA,TTT,GGT,4,8,TRUE,F,G,W,A,NA,NA,NA
PRM_0299,GLLFSRLAPSVPVL,GGTTTGTTATTTTCTAGATTGGCGCCATCTGTTCCAGTTTTGTAA,TTT,GCG,4,8,TRUE,F,A,W,A,NA,NA,NA
PRM_0299,GLLFSRLAPSVPVL,GGTTTGTTATTTTCTAGATTGGCTCCATCTGTTCCAGTTTTGTAA,TTT,GCT,4,8,TRUE,F,A,W,A,NA,NA,NA
PRM_0299,GLLFSRLQPSVPVL,GGTTTGTTATTTTCTAGATTGCAGCCATCTGTTCCAGTTTTGTAA,TTT,CAG,4,8,TRUE,F,Q,W,A,NA,NA,NA
PRM_0299,GLLFSRLHPSVPVL,GGTTTGTTATTTTCTAGATTGCATCCATCTGTTCCAGTTTTGTAA,TTT,CAT,4,8,TRUE,F,H,W,A,NA,NA,NA
PRM_0299,GLLFSRLLPSVPVL,GGTTTGTTATTTTCTAGATTGCTGCCATCTGTTCCAGTTTTGTAA,TTT,CTG,4,8,TRUE,F,L,W,A,NA,NA,NA
PRM_0299,GLLFSRLLPSVPVL,GGTTTGTTATTTTCTAGATTGCTTCCATCTGTTCCAGTTTTGTAA,TTT,CTT,4,8,TRUE,F,L,W,A,NA,NA,NA
PRM_0299,GLLFSRLRPSVPVL,GGTTTGTTATTTTCTAGATTGCGGCCATCTGTTCCAGTTTTGTAA,TTT,CGG,4,8,TRUE,F,R,W,A,NA,NA,NA
PRM_0299,GLLFSRLRPSVPVL,GGTTTGTTATTTTCTAGATTGCGTCCATCTGTTCCAGTTTTGTAA,TTT,CGT,4,8,TRUE,F,R,W,A,NA,NA,NA
PRM_0299,GLLFSRLPPSVPVL,GGTTTGTTATTTTCTAGATTGCCGCCATCTGTTCCAGTTTTGTAA,TTT,CCG,4,8,TRUE,F,P,W,A,NA,NA,NA
PRM_0299,GLLFSRLPPSVPVL,GGTTTGTTATTTTCTAGATTGCCTCCATCTGTTCCAGTTTTGTAA,TTT,CCT,4,8,TRUE,F,P,W,A,NA,NA,NA
PRM_0299,GLLWSRLKPSVPVL,GGTTTGTTATGGTCTAGATTGAAGCCATCTGTTCCAGTTTTGTAA,TGG,AAG,4,8,TRUE,W,K,W,A,NA,NA,NA
PRM_0299,GLLWSRLNPSVPVL,GGTTTGTTATGGTCTAGATTGAATCCATCTGTTCCAGTTTTGTAA,TGG,AAT,4,8,TRUE,W,N,W,A,NA,NA,NA
PRM_0299,GLLWSRLMPSVPVL,GGTTTGTTATGGTCTAGATTGATGCCATCTGTTCCAGTTTTGTAA,TGG,ATG,4,8,TRUE,W,M,W,A,NA,NA,NA
PRM_0299,GLLWSRLIPSVPVL,GGTTTGTTATGGTCTAGATTGATTCCATCTGTTCCAGTTTTGTAA,TGG,ATT,4,8,TRUE,W,I,W,A,NA,NA,NA
PRM_0299,GLLWSRLRPSVPVL,GGTTTGTTATGGTCTAGATTGAGGCCATCTGTTCCAGTTTTGTAA,TGG,AGG,4,8,TRUE,W,R,W,A,NA,NA,NA
PRM_0299,GLLWSRLSPSVPVL,GGTTTGTTATGGTCTAGATTGAGTCCATCTGTTCCAGTTTTGTAA,TGG,AGT,4,8,TRUE,W,S,W,A,NA,NA,NA
PRM_0299,GLLWSRLTPSVPVL,GGTTTGTTATGGTCTAGATTGACGCCATCTGTTCCAGTTTTGTAA,TGG,ACG,4,8,TRUE,W,T,W,A,NA,NA,NA
PRM_0299,GLLWSRLTPSVPVL,GGTTTGTTATGGTCTAGATTGACTCCATCTGTTCCAGTTTTGTAA,TGG,ACT,4,8,TRUE,W,T,W,A,NA,NA,NA
PRM_0299,GLLWSRL*PSVPVL,GGTTTGTTATGGTCTAGATTGTAGCCATCTGTTCCAGTTTTGTAA,TGG,TAG,4,8,TRUE,W,*,W,A,NA,NA,NA
PRM_0299,GLLWSRLYPSVPVL,GGTTTGTTATGGTCTAGATTGTATCCATCTGTTCCAGTTTTGTAA,TGG,TAT,4,8,TRUE,W,Y,W,A,NA,NA,NA
PRM_0299,GLLWSRLLPSVPVL,GGTTTGTTATGGTCTAGATTGTTGCCATCTGTTCCAGTTTTGTAA,TGG,TTG,4,8,TRUE,W,L,W,A,NA,NA,NA
PRM_0299,GLLWSRLFPSVPVL,GGTTTGTTATGGTCTAGATTGTTTCCATCTGTTCCAGTTTTGTAA,TGG,TTT,4,8,TRUE,W,F,W,A,NA,NA,NA
PRM_0299,GLLWSRLWPSVPVL,GGTTTGTTATGGTCTAGATTGTGGCCATCTGTTCCAGTTTTGTAA,TGG,TGG,4,8,TRUE,W,W,W,A,NA,NA,NA
PRM_0299,GLLWSRLCPSVPVL,GGTTTGTTATGGTCTAGATTGTGTCCATCTGTTCCAGTTTTGTAA,TGG,TGT,4,8,TRUE,W,C,W,A,NA,NA,NA
PRM_0299,GLLWSRLSPSVPVL,GGTTTGTTATGGTCTAGATTGTCGCCATCTGTTCCAGTTTTGTAA,TGG,TCG,4,8,TRUE,W,S,W,A,NA,NA,NA
PRM_0299,GLLWSRLSPSVPVL,GGTTTGTTATGGTCTAGATTGTCTCCATCTGTTCCAGTTTTGTAA,TGG,TCT,4,8,TRUE,W,S,W,A,NA,NA,NA
PRM_0299,GLLWSRLEPSVPVL,GGTTTGTTATGGTCTAGATTGGAGCCATCTGTTCCAGTTTTGTAA,TGG,GAG,4,8,TRUE,W,E,W,A,NA,NA,NA
PRM_0299,GLLWSRLDPSVPVL,GGTTTGTTATGGTCTAGATTGGATCCATCTGTTCCAGTTTTGTAA,TGG,GAT,4,8,TRUE,W,D,W,A,NA,NA,NA
PRM_0299,GLLWSRLVPSVPVL,GGTTTGTTATGGTCTAGATTGGTGCCATCTGTTCCAGTTTTGTAA,TGG,GTG,4,8,TRUE,W,V,W,A,NA,NA,NA
PRM_0299,GLLWSRLVPSVPVL,GGTTTGTTATGGTCTAGATTGGTTCCATCTGTTCCAGTTTTGTAA,TGG,GTT,4,8,TRUE,W,V,W,A,NA,NA,NA
PRM_0299,GLLWSRLGPSVPVL,GGTTTGTTATGGTCTAGATTGGGGCCATCTGTTCCAGTTTTGTAA,TGG,GGG,4,8,TRUE,W,G,W,A,NA,NA,NA
PRM_0299,GLLWSRLGPSVPVL,GGTTTGTTATGGTCTAGATTGGGTCCATCTGTTCCAGTTTTGTAA,TGG,GGT,4,8,TRUE,W,G,W,A,NA,NA,NA
PRM_0299,GLLWSRLAPSVPVL,GGTTTGTTATGGTCTAGATTGGCGCCATCTGTTCCAGTTTTGTAA,TGG,GCG,4,8,TRUE,W,A,W,A,NA,NA,NA
PRM_0299,GLLWSRLAPSVPVL,GGTTTGTTATGGTCTAGATTGGCTCCATCTGTTCCAGTTTTGTAA,TGG,GCT,4,8,TRUE,W,A,W,A,NA,NA,NA
PRM_0299,GLLWSRLQPSVPVL,GGTTTGTTATGGTCTAGATTGCAGCCATCTGTTCCAGTTTTGTAA,TGG,CAG,4,8,TRUE,W,Q,W,A,NA,NA,NA
PRM_0299,GLLWSRLHPSVPVL,GGTTTGTTATGGTCTAGATTGCATCCATCTGTTCCAGTTTTGTAA,TGG,CAT,4,8,TRUE,W,H,W,A,NA,NA,NA
PRM_0299,GLLWSRLLPSVPVL,GGTTTGTTATGGTCTAGATTGCTGCCATCTGTTCCAGTTTTGTAA,TGG,CTG,4,8,TRUE,W,L,W,A,NA,NA,NA
PRM_0299,GLLWSRLLPSVPVL,GGTTTGTTATGGTCTAGATTGCTTCCATCTGTTCCAGTTTTGTAA,TGG,CTT,4,8,TRUE,W,L,W,A,NA,NA,NA
PRM_0299,GLLWSRLRPSVPVL,GGTTTGTTATGGTCTAGATTGCGGCCATCTGTTCCAGTTTTGTAA,TGG,CGG,4,8,TRUE,W,R,W,A,NA,NA,NA
PRM_0299,GLLWSRLRPSVPVL,GGTTTGTTATGGTCTAGATTGCGTCCATCTGTTCCAGTTTTGTAA,TGG,CGT,4,8,TRUE,W,R,W,A,NA,NA,NA
PRM_0299,GLLWSRLPPSVPVL,GGTTTGTTATGGTCTAGATTGCCGCCATCTGTTCCAGTTTTGTAA,TGG,CCG,4,8,TRUE,W,P,W,A,NA,NA,NA
PRM_0299,GLLWSRLPPSVPVL,GGTTTGTTATGGTCTAGATTGCCTCCATCTGTTCCAGTTTTGTAA,TGG,CCT,4,8,TRUE,W,P,W,A,NA,NA,NA
PRM_0299,GLLCSRLKPSVPVL,GGTTTGTTATGTTCTAGATTGAAGCCATCTGTTCCAGTTTTGTAA,TGT,AAG,4,8,TRUE,C,K,W,A,NA,NA,NA
PRM_0299,GLLCSRLNPSVPVL,GGTTTGTTATGTTCTAGATTGAATCCATCTGTTCCAGTTTTGTAA,TGT,AAT,4,8,TRUE,C,N,W,A,NA,NA,NA
PRM_0299,GLLCSRLMPSVPVL,GGTTTGTTATGTTCTAGATTGATGCCATCTGTTCCAGTTTTGTAA,TGT,ATG,4,8,TRUE,C,M,W,A,NA,NA,NA
PRM_0299,GLLCSRLIPSVPVL,GGTTTGTTATGTTCTAGATTGATTCCATCTGTTCCAGTTTTGTAA,TGT,ATT,4,8,TRUE,C,I,W,A,NA,NA,NA
PRM_0299,GLLCSRLRPSVPVL,GGTTTGTTATGTTCTAGATTGAGGCCATCTGTTCCAGTTTTGTAA,TGT,AGG,4,8,TRUE,C,R,W,A,NA,NA,NA
PRM_0299,GLLCSRLSPSVPVL,GGTTTGTTATGTTCTAGATTGAGTCCATCTGTTCCAGTTTTGTAA,TGT,AGT,4,8,TRUE,C,S,W,A,NA,NA,NA
PRM_0299,GLLCSRLTPSVPVL,GGTTTGTTATGTTCTAGATTGACGCCATCTGTTCCAGTTTTGTAA,TGT,ACG,4,8,TRUE,C,T,W,A,NA,NA,NA
PRM_0299,GLLCSRLTPSVPVL,GGTTTGTTATGTTCTAGATTGACTCCATCTGTTCCAGTTTTGTAA,TGT,ACT,4,8,TRUE,C,T,W,A,NA,NA,NA
PRM_0299,GLLCSRL*PSVPVL,GGTTTGTTATGTTCTAGATTGTAGCCATCTGTTCCAGTTTTGTAA,TGT,TAG,4,8,TRUE,C,*,W,A,NA,NA,NA
PRM_0299,GLLCSRLYPSVPVL,GGTTTGTTATGTTCTAGATTGTATCCATCTGTTCCAGTTTTGTAA,TGT,TAT,4,8,TRUE,C,Y,W,A,NA,NA,NA
PRM_0299,GLLCSRLLPSVPVL,GGTTTGTTATGTTCTAGATTGTTGCCATCTGTTCCAGTTTTGTAA,TGT,TTG,4,8,TRUE,C,L,W,A,NA,NA,NA
PRM_0299,GLLCSRLFPSVPVL,GGTTTGTTATGTTCTAGATTGTTTCCATCTGTTCCAGTTTTGTAA,TGT,TTT,4,8,TRUE,C,F,W,A,NA,NA,NA
PRM_0299,GLLCSRLWPSVPVL,GGTTTGTTATGTTCTAGATTGTGGCCATCTGTTCCAGTTTTGTAA,TGT,TGG,4,8,TRUE,C,W,W,A,NA,NA,NA
PRM_0299,GLLCSRLCPSVPVL,GGTTTGTTATGTTCTAGATTGTGTCCATCTGTTCCAGTTTTGTAA,TGT,TGT,4,8,TRUE,C,C,W,A,NA,NA,NA
PRM_0299,GLLCSRLSPSVPVL,GGTTTGTTATGTTCTAGATTGTCGCCATCTGTTCCAGTTTTGTAA,TGT,TCG,4,8,TRUE,C,S,W,A,NA,NA,NA
PRM_0299,GLLCSRLSPSVPVL,GGTTTGTTATGTTCTAGATTGTCTCCATCTGTTCCAGTTTTGTAA,TGT,TCT,4,8,TRUE,C,S,W,A,NA,NA,NA
PRM_0299,GLLCSRLEPSVPVL,GGTTTGTTATGTTCTAGATTGGAGCCATCTGTTCCAGTTTTGTAA,TGT,GAG,4,8,TRUE,C,E,W,A,NA,NA,NA
PRM_0299,GLLCSRLDPSVPVL,GGTTTGTTATGTTCTAGATTGGATCCATCTGTTCCAGTTTTGTAA,TGT,GAT,4,8,TRUE,C,D,W,A,NA,NA,NA
PRM_0299,GLLCSRLVPSVPVL,GGTTTGTTATGTTCTAGATTGGTGCCATCTGTTCCAGTTTTGTAA,TGT,GTG,4,8,TRUE,C,V,W,A,NA,NA,NA
PRM_0299,GLLCSRLVPSVPVL,GGTTTGTTATGTTCTAGATTGGTTCCATCTGTTCCAGTTTTGTAA,TGT,GTT,4,8,TRUE,C,V,W,A,NA,NA,NA
PRM_0299,GLLCSRLGPSVPVL,GGTTTGTTATGTTCTAGATTGGGGCCATCTGTTCCAGTTTTGTAA,TGT,GGG,4,8,TRUE,C,G,W,A,NA,NA,NA
PRM_0299,GLLCSRLGPSVPVL,GGTTTGTTATGTTCTAGATTGGGTCCATCTGTTCCAGTTTTGTAA,TGT,GGT,4,8,TRUE,C,G,W,A,NA,NA,NA
PRM_0299,GLLCSRLAPSVPVL,GGTTTGTTATGTTCTAGATTGGCGCCATCTGTTCCAGTTTTGTAA,TGT,GCG,4,8,TRUE,C,A,W,A,NA,NA,NA
PRM_0299,GLLCSRLAPSVPVL,GGTTTGTTATGTTCTAGATTGGCTCCATCTGTTCCAGTTTTGTAA,TGT,GCT,4,8,TRUE,C,A,W,A,NA,NA,NA
PRM_0299,GLLCSRLQPSVPVL,GGTTTGTTATGTTCTAGATTGCAGCCATCTGTTCCAGTTTTGTAA,TGT,CAG,4,8,TRUE,C,Q,W,A,NA,NA,NA
PRM_0299,GLLCSRLHPSVPVL,GGTTTGTTATGTTCTAGATTGCATCCATCTGTTCCAGTTTTGTAA,TGT,CAT,4,8,TRUE,C,H,W,A,NA,NA,NA
PRM_0299,GLLCSRLLPSVPVL,GGTTTGTTATGTTCTAGATTGCTGCCATCTGTTCCAGTTTTGTAA,TGT,CTG,4,8,TRUE,C,L,W,A,NA,NA,NA
PRM_0299,GLLCSRLLPSVPVL,GGTTTGTTATGTTCTAGATTGCTTCCATCTGTTCCAGTTTTGTAA,TGT,CTT,4,8,TRUE,C,L,W,A,NA,NA,NA
PRM_0299,GLLCSRLRPSVPVL,GGTTTGTTATGTTCTAGATTGCGGCCATCTGTTCCAGTTTTGTAA,TGT,CGG,4,8,TRUE,C,R,W,A,NA,NA,NA
PRM_0299,GLLCSRLRPSVPVL,GGTTTGTTATGTTCTAGATTGCGTCCATCTGTTCCAGTTTTGTAA,TGT,CGT,4,8,TRUE,C,R,W,A,NA,NA,NA
PRM_0299,GLLCSRLPPSVPVL,GGTTTGTTATGTTCTAGATTGCCGCCATCTGTTCCAGTTTTGTAA,TGT,CCG,4,8,TRUE,C,P,W,A,NA,NA,NA
PRM_0299,GLLCSRLPPSVPVL,GGTTTGTTATGTTCTAGATTGCCTCCATCTGTTCCAGTTTTGTAA,TGT,CCT,4,8,TRUE,C,P,W,A,NA,NA,NA
PRM_0299,GLLSSRLKPSVPVL,GGTTTGTTATCGTCTAGATTGAAGCCATCTGTTCCAGTTTTGTAA,TCG,AAG,4,8,TRUE,S,K,W,A,NA,NA,NA
PRM_0299,GLLSSRLNPSVPVL,GGTTTGTTATCGTCTAGATTGAATCCATCTGTTCCAGTTTTGTAA,TCG,AAT,4,8,TRUE,S,N,W,A,NA,NA,NA
PRM_0299,GLLSSRLMPSVPVL,GGTTTGTTATCGTCTAGATTGATGCCATCTGTTCCAGTTTTGTAA,TCG,ATG,4,8,TRUE,S,M,W,A,NA,NA,NA
PRM_0299,GLLSSRLIPSVPVL,GGTTTGTTATCGTCTAGATTGATTCCATCTGTTCCAGTTTTGTAA,TCG,ATT,4,8,TRUE,S,I,W,A,NA,NA,NA
PRM_0299,GLLSSRLRPSVPVL,GGTTTGTTATCGTCTAGATTGAGGCCATCTGTTCCAGTTTTGTAA,TCG,AGG,4,8,TRUE,S,R,W,A,NA,NA,NA
PRM_0299,GLLSSRLSPSVPVL,GGTTTGTTATCGTCTAGATTGAGTCCATCTGTTCCAGTTTTGTAA,TCG,AGT,4,8,TRUE,S,S,W,A,NA,NA,NA
PRM_0299,GLLSSRLTPSVPVL,GGTTTGTTATCGTCTAGATTGACGCCATCTGTTCCAGTTTTGTAA,TCG,ACG,4,8,TRUE,S,T,W,A,NA,NA,NA
PRM_0299,GLLSSRLTPSVPVL,GGTTTGTTATCGTCTAGATTGACTCCATCTGTTCCAGTTTTGTAA,TCG,ACT,4,8,TRUE,S,T,W,A,NA,NA,NA
PRM_0299,GLLSSRL*PSVPVL,GGTTTGTTATCGTCTAGATTGTAGCCATCTGTTCCAGTTTTGTAA,TCG,TAG,4,8,TRUE,S,*,W,A,NA,NA,NA
PRM_0299,GLLSSRLYPSVPVL,GGTTTGTTATCGTCTAGATTGTATCCATCTGTTCCAGTTTTGTAA,TCG,TAT,4,8,TRUE,S,Y,W,A,NA,NA,NA
PRM_0299,GLLSSRLLPSVPVL,GGTTTGTTATCGTCTAGATTGTTGCCATCTGTTCCAGTTTTGTAA,TCG,TTG,4,8,TRUE,S,L,W,A,NA,NA,NA
PRM_0299,GLLSSRLFPSVPVL,GGTTTGTTATCGTCTAGATTGTTTCCATCTGTTCCAGTTTTGTAA,TCG,TTT,4,8,TRUE,S,F,W,A,NA,NA,NA
PRM_0299,GLLSSRLWPSVPVL,GGTTTGTTATCGTCTAGATTGTGGCCATCTGTTCCAGTTTTGTAA,TCG,TGG,4,8,TRUE,S,W,W,A,NA,NA,NA
PRM_0299,GLLSSRLCPSVPVL,GGTTTGTTATCGTCTAGATTGTGTCCATCTGTTCCAGTTTTGTAA,TCG,TGT,4,8,TRUE,S,C,W,A,NA,NA,NA
PRM_0299,GLLSSRLSPSVPVL,GGTTTGTTATCGTCTAGATTGTCGCCATCTGTTCCAGTTTTGTAA,TCG,TCG,4,8,TRUE,S,S,W,A,NA,NA,NA
PRM_0299,GLLSSRLSPSVPVL,GGTTTGTTATCGTCTAGATTGTCTCCATCTGTTCCAGTTTTGTAA,TCG,TCT,4,8,TRUE,S,S,W,A,NA,NA,NA
PRM_0299,GLLSSRLEPSVPVL,GGTTTGTTATCGTCTAGATTGGAGCCATCTGTTCCAGTTTTGTAA,TCG,GAG,4,8,TRUE,S,E,W,A,NA,NA,NA
PRM_0299,GLLSSRLDPSVPVL,GGTTTGTTATCGTCTAGATTGGATCCATCTGTTCCAGTTTTGTAA,TCG,GAT,4,8,TRUE,S,D,W,A,NA,NA,NA
PRM_0299,GLLSSRLVPSVPVL,GGTTTGTTATCGTCTAGATTGGTGCCATCTGTTCCAGTTTTGTAA,TCG,GTG,4,8,TRUE,S,V,W,A,NA,NA,NA
PRM_0299,GLLSSRLVPSVPVL,GGTTTGTTATCGTCTAGATTGGTTCCATCTGTTCCAGTTTTGTAA,TCG,GTT,4,8,TRUE,S,V,W,A,NA,NA,NA
PRM_0299,GLLSSRLGPSVPVL,GGTTTGTTATCGTCTAGATTGGGGCCATCTGTTCCAGTTTTGTAA,TCG,GGG,4,8,TRUE,S,G,W,A,NA,NA,NA
PRM_0299,GLLSSRLGPSVPVL,GGTTTGTTATCGTCTAGATTGGGTCCATCTGTTCCAGTTTTGTAA,TCG,GGT,4,8,TRUE,S,G,W,A,NA,NA,NA
PRM_0299,GLLSSRLAPSVPVL,GGTTTGTTATCGTCTAGATTGGCGCCATCTGTTCCAGTTTTGTAA,TCG,GCG,4,8,TRUE,S,A,W,A,NA,NA,NA
PRM_0299,GLLSSRLAPSVPVL,GGTTTGTTATCGTCTAGATTGGCTCCATCTGTTCCAGTTTTGTAA,TCG,GCT,4,8,TRUE,S,A,W,A,NA,NA,NA
PRM_0299,GLLSSRLQPSVPVL,GGTTTGTTATCGTCTAGATTGCAGCCATCTGTTCCAGTTTTGTAA,TCG,CAG,4,8,TRUE,S,Q,W,A,NA,NA,NA
PRM_0299,GLLSSRLHPSVPVL,GGTTTGTTATCGTCTAGATTGCATCCATCTGTTCCAGTTTTGTAA,TCG,CAT,4,8,TRUE,S,H,W,A,NA,NA,NA
PRM_0299,GLLSSRLLPSVPVL,GGTTTGTTATCGTCTAGATTGCTGCCATCTGTTCCAGTTTTGTAA,TCG,CTG,4,8,TRUE,S,L,W,A,NA,NA,NA
PRM_0299,GLLSSRLLPSVPVL,GGTTTGTTATCGTCTAGATTGCTTCCATCTGTTCCAGTTTTGTAA,TCG,CTT,4,8,TRUE,S,L,W,A,NA,NA,NA
PRM_0299,GLLSSRLRPSVPVL,GGTTTGTTATCGTCTAGATTGCGGCCATCTGTTCCAGTTTTGTAA,TCG,CGG,4,8,TRUE,S,R,W,A,NA,NA,NA
PRM_0299,GLLSSRLRPSVPVL,GGTTTGTTATCGTCTAGATTGCGTCCATCTGTTCCAGTTTTGTAA,TCG,CGT,4,8,TRUE,S,R,W,A,NA,NA,NA
PRM_0299,GLLSSRLPPSVPVL,GGTTTGTTATCGTCTAGATTGCCGCCATCTGTTCCAGTTTTGTAA,TCG,CCG,4,8,TRUE,S,P,W,A,NA,NA,NA
PRM_0299,GLLSSRLPPSVPVL,GGTTTGTTATCGTCTAGATTGCCTCCATCTGTTCCAGTTTTGTAA,TCG,CCT,4,8,TRUE,S,P,W,A,NA,NA,NA
PRM_0299,GLLSSRLKPSVPVL,GGTTTGTTATCTTCTAGATTGAAGCCATCTGTTCCAGTTTTGTAA,TCT,AAG,4,8,TRUE,S,K,W,A,NA,NA,NA
PRM_0299,GLLSSRLNPSVPVL,GGTTTGTTATCTTCTAGATTGAATCCATCTGTTCCAGTTTTGTAA,TCT,AAT,4,8,TRUE,S,N,W,A,NA,NA,NA
PRM_0299,GLLSSRLMPSVPVL,GGTTTGTTATCTTCTAGATTGATGCCATCTGTTCCAGTTTTGTAA,TCT,ATG,4,8,TRUE,S,M,W,A,NA,NA,NA
PRM_0299,GLLSSRLIPSVPVL,GGTTTGTTATCTTCTAGATTGATTCCATCTGTTCCAGTTTTGTAA,TCT,ATT,4,8,TRUE,S,I,W,A,NA,NA,NA
PRM_0299,GLLSSRLRPSVPVL,GGTTTGTTATCTTCTAGATTGAGGCCATCTGTTCCAGTTTTGTAA,TCT,AGG,4,8,TRUE,S,R,W,A,NA,NA,NA
PRM_0299,GLLSSRLSPSVPVL,GGTTTGTTATCTTCTAGATTGAGTCCATCTGTTCCAGTTTTGTAA,TCT,AGT,4,8,TRUE,S,S,W,A,NA,NA,NA
PRM_0299,GLLSSRLTPSVPVL,GGTTTGTTATCTTCTAGATTGACGCCATCTGTTCCAGTTTTGTAA,TCT,ACG,4,8,TRUE,S,T,W,A,NA,NA,NA
PRM_0299,GLLSSRLTPSVPVL,GGTTTGTTATCTTCTAGATTGACTCCATCTGTTCCAGTTTTGTAA,TCT,ACT,4,8,TRUE,S,T,W,A,NA,NA,NA
PRM_0299,GLLSSRL*PSVPVL,GGTTTGTTATCTTCTAGATTGTAGCCATCTGTTCCAGTTTTGTAA,TCT,TAG,4,8,TRUE,S,*,W,A,NA,NA,NA
PRM_0299,GLLSSRLYPSVPVL,GGTTTGTTATCTTCTAGATTGTATCCATCTGTTCCAGTTTTGTAA,TCT,TAT,4,8,TRUE,S,Y,W,A,NA,NA,NA
PRM_0299,GLLSSRLLPSVPVL,GGTTTGTTATCTTCTAGATTGTTGCCATCTGTTCCAGTTTTGTAA,TCT,TTG,4,8,TRUE,S,L,W,A,NA,NA,NA
PRM_0299,GLLSSRLFPSVPVL,GGTTTGTTATCTTCTAGATTGTTTCCATCTGTTCCAGTTTTGTAA,TCT,TTT,4,8,TRUE,S,F,W,A,NA,NA,NA
PRM_0299,GLLSSRLWPSVPVL,GGTTTGTTATCTTCTAGATTGTGGCCATCTGTTCCAGTTTTGTAA,TCT,TGG,4,8,TRUE,S,W,W,A,NA,NA,NA
PRM_0299,GLLSSRLCPSVPVL,GGTTTGTTATCTTCTAGATTGTGTCCATCTGTTCCAGTTTTGTAA,TCT,TGT,4,8,TRUE,S,C,W,A,NA,NA,NA
PRM_0299,GLLSSRLSPSVPVL,GGTTTGTTATCTTCTAGATTGTCGCCATCTGTTCCAGTTTTGTAA,TCT,TCG,4,8,TRUE,S,S,W,A,NA,NA,NA
PRM_0299,GLLSSRLSPSVPVL,GGTTTGTTATCTTCTAGATTGTCTCCATCTGTTCCAGTTTTGTAA,TCT,TCT,4,8,TRUE,S,S,W,A,NA,NA,NA
PRM_0299,GLLSSRLEPSVPVL,GGTTTGTTATCTTCTAGATTGGAGCCATCTGTTCCAGTTTTGTAA,TCT,GAG,4,8,TRUE,S,E,W,A,NA,NA,NA
PRM_0299,GLLSSRLDPSVPVL,GGTTTGTTATCTTCTAGATTGGATCCATCTGTTCCAGTTTTGTAA,TCT,GAT,4,8,TRUE,S,D,W,A,NA,NA,NA
PRM_0299,GLLSSRLVPSVPVL,GGTTTGTTATCTTCTAGATTGGTGCCATCTGTTCCAGTTTTGTAA,TCT,GTG,4,8,TRUE,S,V,W,A,NA,NA,NA
PRM_0299,GLLSSRLVPSVPVL,GGTTTGTTATCTTCTAGATTGGTTCCATCTGTTCCAGTTTTGTAA,TCT,GTT,4,8,TRUE,S,V,W,A,NA,NA,NA
PRM_0299,GLLSSRLGPSVPVL,GGTTTGTTATCTTCTAGATTGGGGCCATCTGTTCCAGTTTTGTAA,TCT,GGG,4,8,TRUE,S,G,W,A,NA,NA,NA
PRM_0299,GLLSSRLGPSVPVL,GGTTTGTTATCTTCTAGATTGGGTCCATCTGTTCCAGTTTTGTAA,TCT,GGT,4,8,TRUE,S,G,W,A,NA,NA,NA
PRM_0299,GLLSSRLAPSVPVL,GGTTTGTTATCTTCTAGATTGGCGCCATCTGTTCCAGTTTTGTAA,TCT,GCG,4,8,TRUE,S,A,W,A,NA,NA,NA
PRM_0299,GLLSSRLAPSVPVL,GGTTTGTTATCTTCTAGATTGGCTCCATCTGTTCCAGTTTTGTAA,TCT,GCT,4,8,TRUE,S,A,W,A,NA,NA,NA
PRM_0299,GLLSSRLQPSVPVL,GGTTTGTTATCTTCTAGATTGCAGCCATCTGTTCCAGTTTTGTAA,TCT,CAG,4,8,TRUE,S,Q,W,A,NA,NA,NA
PRM_0299,GLLSSRLHPSVPVL,GGTTTGTTATCTTCTAGATTGCATCCATCTGTTCCAGTTTTGTAA,TCT,CAT,4,8,TRUE,S,H,W,A,NA,NA,NA
PRM_0299,GLLSSRLLPSVPVL,GGTTTGTTATCTTCTAGATTGCTGCCATCTGTTCCAGTTTTGTAA,TCT,CTG,4,8,TRUE,S,L,W,A,NA,NA,NA
PRM_0299,GLLSSRLLPSVPVL,GGTTTGTTATCTTCTAGATTGCTTCCATCTGTTCCAGTTTTGTAA,TCT,CTT,4,8,TRUE,S,L,W,A,NA,NA,NA
PRM_0299,GLLSSRLRPSVPVL,GGTTTGTTATCTTCTAGATTGCGGCCATCTGTTCCAGTTTTGTAA,TCT,CGG,4,8,TRUE,S,R,W,A,NA,NA,NA
PRM_0299,GLLSSRLRPSVPVL,GGTTTGTTATCTTCTAGATTGCGTCCATCTGTTCCAGTTTTGTAA,TCT,CGT,4,8,TRUE,S,R,W,A,NA,NA,NA
PRM_0299,GLLSSRLPPSVPVL,GGTTTGTTATCTTCTAGATTGCCGCCATCTGTTCCAGTTTTGTAA,TCT,CCG,4,8,TRUE,S,P,W,A,NA,NA,NA
PRM_0299,GLLSSRLPPSVPVL,GGTTTGTTATCTTCTAGATTGCCTCCATCTGTTCCAGTTTTGTAA,TCT,CCT,4,8,TRUE,S,P,W,A,NA,NA,NA
PRM_0299,GLLESRLKPSVPVL,GGTTTGTTAGAGTCTAGATTGAAGCCATCTGTTCCAGTTTTGTAA,GAG,AAG,4,8,TRUE,E,K,W,A,NA,NA,NA
PRM_0299,GLLESRLNPSVPVL,GGTTTGTTAGAGTCTAGATTGAATCCATCTGTTCCAGTTTTGTAA,GAG,AAT,4,8,TRUE,E,N,W,A,NA,NA,NA
PRM_0299,GLLESRLMPSVPVL,GGTTTGTTAGAGTCTAGATTGATGCCATCTGTTCCAGTTTTGTAA,GAG,ATG,4,8,TRUE,E,M,W,A,NA,NA,NA
PRM_0299,GLLESRLIPSVPVL,GGTTTGTTAGAGTCTAGATTGATTCCATCTGTTCCAGTTTTGTAA,GAG,ATT,4,8,TRUE,E,I,W,A,NA,NA,NA
PRM_0299,GLLESRLRPSVPVL,GGTTTGTTAGAGTCTAGATTGAGGCCATCTGTTCCAGTTTTGTAA,GAG,AGG,4,8,TRUE,E,R,W,A,NA,NA,NA
PRM_0299,GLLESRLSPSVPVL,GGTTTGTTAGAGTCTAGATTGAGTCCATCTGTTCCAGTTTTGTAA,GAG,AGT,4,8,TRUE,E,S,W,A,NA,NA,NA
PRM_0299,GLLESRLTPSVPVL,GGTTTGTTAGAGTCTAGATTGACGCCATCTGTTCCAGTTTTGTAA,GAG,ACG,4,8,TRUE,E,T,W,A,NA,NA,NA
PRM_0299,GLLESRLTPSVPVL,GGTTTGTTAGAGTCTAGATTGACTCCATCTGTTCCAGTTTTGTAA,GAG,ACT,4,8,TRUE,E,T,W,A,NA,NA,NA
PRM_0299,GLLESRL*PSVPVL,GGTTTGTTAGAGTCTAGATTGTAGCCATCTGTTCCAGTTTTGTAA,GAG,TAG,4,8,TRUE,E,*,W,A,NA,NA,NA
PRM_0299,GLLESRLYPSVPVL,GGTTTGTTAGAGTCTAGATTGTATCCATCTGTTCCAGTTTTGTAA,GAG,TAT,4,8,TRUE,E,Y,W,A,NA,NA,NA
PRM_0299,GLLESRLLPSVPVL,GGTTTGTTAGAGTCTAGATTGTTGCCATCTGTTCCAGTTTTGTAA,GAG,TTG,4,8,TRUE,E,L,W,A,NA,NA,NA
PRM_0299,GLLESRLFPSVPVL,GGTTTGTTAGAGTCTAGATTGTTTCCATCTGTTCCAGTTTTGTAA,GAG,TTT,4,8,TRUE,E,F,W,A,NA,NA,NA
PRM_0299,GLLESRLWPSVPVL,GGTTTGTTAGAGTCTAGATTGTGGCCATCTGTTCCAGTTTTGTAA,GAG,TGG,4,8,TRUE,E,W,W,A,NA,NA,NA
PRM_0299,GLLESRLCPSVPVL,GGTTTGTTAGAGTCTAGATTGTGTCCATCTGTTCCAGTTTTGTAA,GAG,TGT,4,8,TRUE,E,C,W,A,NA,NA,NA
PRM_0299,GLLESRLSPSVPVL,GGTTTGTTAGAGTCTAGATTGTCGCCATCTGTTCCAGTTTTGTAA,GAG,TCG,4,8,TRUE,E,S,W,A,NA,NA,NA
PRM_0299,GLLESRLSPSVPVL,GGTTTGTTAGAGTCTAGATTGTCTCCATCTGTTCCAGTTTTGTAA,GAG,TCT,4,8,TRUE,E,S,W,A,NA,NA,NA
PRM_0299,GLLESRLEPSVPVL,GGTTTGTTAGAGTCTAGATTGGAGCCATCTGTTCCAGTTTTGTAA,GAG,GAG,4,8,TRUE,E,E,W,A,NA,NA,NA
PRM_0299,GLLESRLDPSVPVL,GGTTTGTTAGAGTCTAGATTGGATCCATCTGTTCCAGTTTTGTAA,GAG,GAT,4,8,TRUE,E,D,W,A,NA,NA,NA
PRM_0299,GLLESRLVPSVPVL,GGTTTGTTAGAGTCTAGATTGGTGCCATCTGTTCCAGTTTTGTAA,GAG,GTG,4,8,TRUE,E,V,W,A,NA,NA,NA
PRM_0299,GLLESRLVPSVPVL,GGTTTGTTAGAGTCTAGATTGGTTCCATCTGTTCCAGTTTTGTAA,GAG,GTT,4,8,TRUE,E,V,W,A,NA,NA,NA
PRM_0299,GLLESRLGPSVPVL,GGTTTGTTAGAGTCTAGATTGGGGCCATCTGTTCCAGTTTTGTAA,GAG,GGG,4,8,TRUE,E,G,W,A,NA,NA,NA
PRM_0299,GLLESRLGPSVPVL,GGTTTGTTAGAGTCTAGATTGGGTCCATCTGTTCCAGTTTTGTAA,GAG,GGT,4,8,TRUE,E,G,W,A,NA,NA,NA
PRM_0299,GLLESRLAPSVPVL,GGTTTGTTAGAGTCTAGATTGGCGCCATCTGTTCCAGTTTTGTAA,GAG,GCG,4,8,TRUE,E,A,W,A,NA,NA,NA
PRM_0299,GLLESRLAPSVPVL,GGTTTGTTAGAGTCTAGATTGGCTCCATCTGTTCCAGTTTTGTAA,GAG,GCT,4,8,TRUE,E,A,W,A,NA,NA,NA
PRM_0299,GLLESRLQPSVPVL,GGTTTGTTAGAGTCTAGATTGCAGCCATCTGTTCCAGTTTTGTAA,GAG,CAG,4,8,TRUE,E,Q,W,A,NA,NA,NA
PRM_0299,GLLESRLHPSVPVL,GGTTTGTTAGAGTCTAGATTGCATCCATCTGTTCCAGTTTTGTAA,GAG,CAT,4,8,TRUE,E,H,W,A,NA,NA,NA
PRM_0299,GLLESRLLPSVPVL,GGTTTGTTAGAGTCTAGATTGCTGCCATCTGTTCCAGTTTTGTAA,GAG,CTG,4,8,TRUE,E,L,W,A,NA,NA,NA
PRM_0299,GLLESRLLPSVPVL,GGTTTGTTAGAGTCTAGATTGCTTCCATCTGTTCCAGTTTTGTAA,GAG,CTT,4,8,TRUE,E,L,W,A,NA,NA,NA
PRM_0299,GLLESRLRPSVPVL,GGTTTGTTAGAGTCTAGATTGCGGCCATCTGTTCCAGTTTTGTAA,GAG,CGG,4,8,TRUE,E,R,W,A,NA,NA,NA
PRM_0299,GLLESRLRPSVPVL,GGTTTGTTAGAGTCTAGATTGCGTCCATCTGTTCCAGTTTTGTAA,GAG,CGT,4,8,TRUE,E,R,W,A,NA,NA,NA
PRM_0299,GLLESRLPPSVPVL,GGTTTGTTAGAGTCTAGATTGCCGCCATCTGTTCCAGTTTTGTAA,GAG,CCG,4,8,TRUE,E,P,W,A,NA,NA,NA
PRM_0299,GLLESRLPPSVPVL,GGTTTGTTAGAGTCTAGATTGCCTCCATCTGTTCCAGTTTTGTAA,GAG,CCT,4,8,TRUE,E,P,W,A,NA,NA,NA
PRM_0299,GLLDSRLKPSVPVL,GGTTTGTTAGATTCTAGATTGAAGCCATCTGTTCCAGTTTTGTAA,GAT,AAG,4,8,TRUE,D,K,W,A,NA,NA,NA
PRM_0299,GLLDSRLNPSVPVL,GGTTTGTTAGATTCTAGATTGAATCCATCTGTTCCAGTTTTGTAA,GAT,AAT,4,8,TRUE,D,N,W,A,NA,NA,NA
PRM_0299,GLLDSRLMPSVPVL,GGTTTGTTAGATTCTAGATTGATGCCATCTGTTCCAGTTTTGTAA,GAT,ATG,4,8,TRUE,D,M,W,A,NA,NA,NA
PRM_0299,GLLDSRLIPSVPVL,GGTTTGTTAGATTCTAGATTGATTCCATCTGTTCCAGTTTTGTAA,GAT,ATT,4,8,TRUE,D,I,W,A,NA,NA,NA
PRM_0299,GLLDSRLRPSVPVL,GGTTTGTTAGATTCTAGATTGAGGCCATCTGTTCCAGTTTTGTAA,GAT,AGG,4,8,TRUE,D,R,W,A,NA,NA,NA
PRM_0299,GLLDSRLSPSVPVL,GGTTTGTTAGATTCTAGATTGAGTCCATCTGTTCCAGTTTTGTAA,GAT,AGT,4,8,TRUE,D,S,W,A,NA,NA,NA
PRM_0299,GLLDSRLTPSVPVL,GGTTTGTTAGATTCTAGATTGACGCCATCTGTTCCAGTTTTGTAA,GAT,ACG,4,8,TRUE,D,T,W,A,NA,NA,NA
PRM_0299,GLLDSRLTPSVPVL,GGTTTGTTAGATTCTAGATTGACTCCATCTGTTCCAGTTTTGTAA,GAT,ACT,4,8,TRUE,D,T,W,A,NA,NA,NA
PRM_0299,GLLDSRL*PSVPVL,GGTTTGTTAGATTCTAGATTGTAGCCATCTGTTCCAGTTTTGTAA,GAT,TAG,4,8,TRUE,D,*,W,A,NA,NA,NA
PRM_0299,GLLDSRLYPSVPVL,GGTTTGTTAGATTCTAGATTGTATCCATCTGTTCCAGTTTTGTAA,GAT,TAT,4,8,TRUE,D,Y,W,A,NA,NA,NA
PRM_0299,GLLDSRLLPSVPVL,GGTTTGTTAGATTCTAGATTGTTGCCATCTGTTCCAGTTTTGTAA,GAT,TTG,4,8,TRUE,D,L,W,A,NA,NA,NA
PRM_0299,GLLDSRLFPSVPVL,GGTTTGTTAGATTCTAGATTGTTTCCATCTGTTCCAGTTTTGTAA,GAT,TTT,4,8,TRUE,D,F,W,A,NA,NA,NA
PRM_0299,GLLDSRLWPSVPVL,GGTTTGTTAGATTCTAGATTGTGGCCATCTGTTCCAGTTTTGTAA,GAT,TGG,4,8,TRUE,D,W,W,A,NA,NA,NA
PRM_0299,GLLDSRLCPSVPVL,GGTTTGTTAGATTCTAGATTGTGTCCATCTGTTCCAGTTTTGTAA,GAT,TGT,4,8,TRUE,D,C,W,A,NA,NA,NA
PRM_0299,GLLDSRLSPSVPVL,GGTTTGTTAGATTCTAGATTGTCGCCATCTGTTCCAGTTTTGTAA,GAT,TCG,4,8,TRUE,D,S,W,A,NA,NA,NA
PRM_0299,GLLDSRLSPSVPVL,GGTTTGTTAGATTCTAGATTGTCTCCATCTGTTCCAGTTTTGTAA,GAT,TCT,4,8,TRUE,D,S,W,A,NA,NA,NA
PRM_0299,GLLDSRLEPSVPVL,GGTTTGTTAGATTCTAGATTGGAGCCATCTGTTCCAGTTTTGTAA,GAT,GAG,4,8,TRUE,D,E,W,A,NA,NA,NA
PRM_0299,GLLDSRLDPSVPVL,GGTTTGTTAGATTCTAGATTGGATCCATCTGTTCCAGTTTTGTAA,GAT,GAT,4,8,TRUE,D,D,W,A,NA,NA,NA
PRM_0299,GLLDSRLVPSVPVL,GGTTTGTTAGATTCTAGATTGGTGCCATCTGTTCCAGTTTTGTAA,GAT,GTG,4,8,TRUE,D,V,W,A,NA,NA,NA
PRM_0299,GLLDSRLVPSVPVL,GGTTTGTTAGATTCTAGATTGGTTCCATCTGTTCCAGTTTTGTAA,GAT,GTT,4,8,TRUE,D,V,W,A,NA,NA,NA
PRM_0299,GLLDSRLGPSVPVL,GGTTTGTTAGATTCTAGATTGGGGCCATCTGTTCCAGTTTTGTAA,GAT,GGG,4,8,TRUE,D,G,W,A,NA,NA,NA
PRM_0299,GLLDSRLGPSVPVL,GGTTTGTTAGATTCTAGATTGGGTCCATCTGTTCCAGTTTTGTAA,GAT,GGT,4,8,TRUE,D,G,W,A,NA,NA,NA
PRM_0299,GLLDSRLAPSVPVL,GGTTTGTTAGATTCTAGATTGGCGCCATCTGTTCCAGTTTTGTAA,GAT,GCG,4,8,TRUE,D,A,W,A,NA,NA,NA
PRM_0299,GLLDSRLAPSVPVL,GGTTTGTTAGATTCTAGATTGGCTCCATCTGTTCCAGTTTTGTAA,GAT,GCT,4,8,TRUE,D,A,W,A,NA,NA,NA
PRM_0299,GLLDSRLQPSVPVL,GGTTTGTTAGATTCTAGATTGCAGCCATCTGTTCCAGTTTTGTAA,GAT,CAG,4,8,TRUE,D,Q,W,A,NA,NA,NA
PRM_0299,GLLDSRLHPSVPVL,GGTTTGTTAGATTCTAGATTGCATCCATCTGTTCCAGTTTTGTAA,GAT,CAT,4,8,TRUE,D,H,W,A,NA,NA,NA
PRM_0299,GLLDSRLLPSVPVL,GGTTTGTTAGATTCTAGATTGCTGCCATCTGTTCCAGTTTTGTAA,GAT,CTG,4,8,TRUE,D,L,W,A,NA,NA,NA
PRM_0299,GLLDSRLLPSVPVL,GGTTTGTTAGATTCTAGATTGCTTCCATCTGTTCCAGTTTTGTAA,GAT,CTT,4,8,TRUE,D,L,W,A,NA,NA,NA
PRM_0299,GLLDSRLRPSVPVL,GGTTTGTTAGATTCTAGATTGCGGCCATCTGTTCCAGTTTTGTAA,GAT,CGG,4,8,TRUE,D,R,W,A,NA,NA,NA
PRM_0299,GLLDSRLRPSVPVL,GGTTTGTTAGATTCTAGATTGCGTCCATCTGTTCCAGTTTTGTAA,GAT,CGT,4,8,TRUE,D,R,W,A,NA,NA,NA
PRM_0299,GLLDSRLPPSVPVL,GGTTTGTTAGATTCTAGATTGCCGCCATCTGTTCCAGTTTTGTAA,GAT,CCG,4,8,TRUE,D,P,W,A,NA,NA,NA
PRM_0299,GLLDSRLPPSVPVL,GGTTTGTTAGATTCTAGATTGCCTCCATCTGTTCCAGTTTTGTAA,GAT,CCT,4,8,TRUE,D,P,W,A,NA,NA,NA
PRM_0299,GLLVSRLKPSVPVL,GGTTTGTTAGTGTCTAGATTGAAGCCATCTGTTCCAGTTTTGTAA,GTG,AAG,4,8,TRUE,V,K,W,A,NA,NA,NA
PRM_0299,GLLVSRLNPSVPVL,GGTTTGTTAGTGTCTAGATTGAATCCATCTGTTCCAGTTTTGTAA,GTG,AAT,4,8,TRUE,V,N,W,A,NA,NA,NA
PRM_0299,GLLVSRLMPSVPVL,GGTTTGTTAGTGTCTAGATTGATGCCATCTGTTCCAGTTTTGTAA,GTG,ATG,4,8,TRUE,V,M,W,A,NA,NA,NA
PRM_0299,GLLVSRLIPSVPVL,GGTTTGTTAGTGTCTAGATTGATTCCATCTGTTCCAGTTTTGTAA,GTG,ATT,4,8,TRUE,V,I,W,A,NA,NA,NA
PRM_0299,GLLVSRLRPSVPVL,GGTTTGTTAGTGTCTAGATTGAGGCCATCTGTTCCAGTTTTGTAA,GTG,AGG,4,8,TRUE,V,R,W,A,NA,NA,NA
PRM_0299,GLLVSRLSPSVPVL,GGTTTGTTAGTGTCTAGATTGAGTCCATCTGTTCCAGTTTTGTAA,GTG,AGT,4,8,TRUE,V,S,W,A,NA,NA,NA
PRM_0299,GLLVSRLTPSVPVL,GGTTTGTTAGTGTCTAGATTGACGCCATCTGTTCCAGTTTTGTAA,GTG,ACG,4,8,TRUE,V,T,W,A,NA,NA,NA
PRM_0299,GLLVSRLTPSVPVL,GGTTTGTTAGTGTCTAGATTGACTCCATCTGTTCCAGTTTTGTAA,GTG,ACT,4,8,TRUE,V,T,W,A,NA,NA,NA
PRM_0299,GLLVSRL*PSVPVL,GGTTTGTTAGTGTCTAGATTGTAGCCATCTGTTCCAGTTTTGTAA,GTG,TAG,4,8,TRUE,V,*,W,A,NA,NA,NA
PRM_0299,GLLVSRLYPSVPVL,GGTTTGTTAGTGTCTAGATTGTATCCATCTGTTCCAGTTTTGTAA,GTG,TAT,4,8,TRUE,V,Y,W,A,NA,NA,NA
PRM_0299,GLLVSRLLPSVPVL,GGTTTGTTAGTGTCTAGATTGTTGCCATCTGTTCCAGTTTTGTAA,GTG,TTG,4,8,TRUE,V,L,W,A,NA,NA,NA
PRM_0299,GLLVSRLFPSVPVL,GGTTTGTTAGTGTCTAGATTGTTTCCATCTGTTCCAGTTTTGTAA,GTG,TTT,4,8,TRUE,V,F,W,A,NA,NA,NA
PRM_0299,GLLVSRLWPSVPVL,GGTTTGTTAGTGTCTAGATTGTGGCCATCTGTTCCAGTTTTGTAA,GTG,TGG,4,8,TRUE,V,W,W,A,NA,NA,NA
PRM_0299,GLLVSRLCPSVPVL,GGTTTGTTAGTGTCTAGATTGTGTCCATCTGTTCCAGTTTTGTAA,GTG,TGT,4,8,TRUE,V,C,W,A,NA,NA,NA
PRM_0299,GLLVSRLSPSVPVL,GGTTTGTTAGTGTCTAGATTGTCGCCATCTGTTCCAGTTTTGTAA,GTG,TCG,4,8,TRUE,V,S,W,A,NA,NA,NA
PRM_0299,GLLVSRLSPSVPVL,GGTTTGTTAGTGTCTAGATTGTCTCCATCTGTTCCAGTTTTGTAA,GTG,TCT,4,8,TRUE,V,S,W,A,NA,NA,NA
PRM_0299,GLLVSRLEPSVPVL,GGTTTGTTAGTGTCTAGATTGGAGCCATCTGTTCCAGTTTTGTAA,GTG,GAG,4,8,TRUE,V,E,W,A,NA,NA,NA
PRM_0299,GLLVSRLDPSVPVL,GGTTTGTTAGTGTCTAGATTGGATCCATCTGTTCCAGTTTTGTAA,GTG,GAT,4,8,TRUE,V,D,W,A,NA,NA,NA
PRM_0299,GLLVSRLVPSVPVL,GGTTTGTTAGTGTCTAGATTGGTGCCATCTGTTCCAGTTTTGTAA,GTG,GTG,4,8,TRUE,V,V,W,A,NA,NA,NA
PRM_0299,GLLVSRLVPSVPVL,GGTTTGTTAGTGTCTAGATTGGTTCCATCTGTTCCAGTTTTGTAA,GTG,GTT,4,8,TRUE,V,V,W,A,NA,NA,NA
PRM_0299,GLLVSRLGPSVPVL,GGTTTGTTAGTGTCTAGATTGGGGCCATCTGTTCCAGTTTTGTAA,GTG,GGG,4,8,TRUE,V,G,W,A,NA,NA,NA
PRM_0299,GLLVSRLGPSVPVL,GGTTTGTTAGTGTCTAGATTGGGTCCATCTGTTCCAGTTTTGTAA,GTG,GGT,4,8,TRUE,V,G,W,A,NA,NA,NA
PRM_0299,GLLVSRLAPSVPVL,GGTTTGTTAGTGTCTAGATTGGCGCCATCTGTTCCAGTTTTGTAA,GTG,GCG,4,8,TRUE,V,A,W,A,NA,NA,NA
PRM_0299,GLLVSRLAPSVPVL,GGTTTGTTAGTGTCTAGATTGGCTCCATCTGTTCCAGTTTTGTAA,GTG,GCT,4,8,TRUE,V,A,W,A,NA,NA,NA
PRM_0299,GLLVSRLQPSVPVL,GGTTTGTTAGTGTCTAGATTGCAGCCATCTGTTCCAGTTTTGTAA,GTG,CAG,4,8,TRUE,V,Q,W,A,NA,NA,NA
PRM_0299,GLLVSRLHPSVPVL,GGTTTGTTAGTGTCTAGATTGCATCCATCTGTTCCAGTTTTGTAA,GTG,CAT,4,8,TRUE,V,H,W,A,NA,NA,NA
PRM_0299,GLLVSRLLPSVPVL,GGTTTGTTAGTGTCTAGATTGCTGCCATCTGTTCCAGTTTTGTAA,GTG,CTG,4,8,TRUE,V,L,W,A,NA,NA,NA
PRM_0299,GLLVSRLLPSVPVL,GGTTTGTTAGTGTCTAGATTGCTTCCATCTGTTCCAGTTTTGTAA,GTG,CTT,4,8,TRUE,V,L,W,A,NA,NA,NA
PRM_0299,GLLVSRLRPSVPVL,GGTTTGTTAGTGTCTAGATTGCGGCCATCTGTTCCAGTTTTGTAA,GTG,CGG,4,8,TRUE,V,R,W,A,NA,NA,NA
PRM_0299,GLLVSRLRPSVPVL,GGTTTGTTAGTGTCTAGATTGCGTCCATCTGTTCCAGTTTTGTAA,GTG,CGT,4,8,TRUE,V,R,W,A,NA,NA,NA
PRM_0299,GLLVSRLPPSVPVL,GGTTTGTTAGTGTCTAGATTGCCGCCATCTGTTCCAGTTTTGTAA,GTG,CCG,4,8,TRUE,V,P,W,A,NA,NA,NA
PRM_0299,GLLVSRLPPSVPVL,GGTTTGTTAGTGTCTAGATTGCCTCCATCTGTTCCAGTTTTGTAA,GTG,CCT,4,8,TRUE,V,P,W,A,NA,NA,NA
PRM_0299,GLLVSRLKPSVPVL,GGTTTGTTAGTTTCTAGATTGAAGCCATCTGTTCCAGTTTTGTAA,GTT,AAG,4,8,TRUE,V,K,W,A,NA,NA,NA
PRM_0299,GLLVSRLNPSVPVL,GGTTTGTTAGTTTCTAGATTGAATCCATCTGTTCCAGTTTTGTAA,GTT,AAT,4,8,TRUE,V,N,W,A,NA,NA,NA
PRM_0299,GLLVSRLMPSVPVL,GGTTTGTTAGTTTCTAGATTGATGCCATCTGTTCCAGTTTTGTAA,GTT,ATG,4,8,TRUE,V,M,W,A,NA,NA,NA
PRM_0299,GLLVSRLIPSVPVL,GGTTTGTTAGTTTCTAGATTGATTCCATCTGTTCCAGTTTTGTAA,GTT,ATT,4,8,TRUE,V,I,W,A,NA,NA,NA
PRM_0299,GLLVSRLRPSVPVL,GGTTTGTTAGTTTCTAGATTGAGGCCATCTGTTCCAGTTTTGTAA,GTT,AGG,4,8,TRUE,V,R,W,A,NA,NA,NA
PRM_0299,GLLVSRLSPSVPVL,GGTTTGTTAGTTTCTAGATTGAGTCCATCTGTTCCAGTTTTGTAA,GTT,AGT,4,8,TRUE,V,S,W,A,NA,NA,NA
PRM_0299,GLLVSRLTPSVPVL,GGTTTGTTAGTTTCTAGATTGACGCCATCTGTTCCAGTTTTGTAA,GTT,ACG,4,8,TRUE,V,T,W,A,NA,NA,NA
PRM_0299,GLLVSRLTPSVPVL,GGTTTGTTAGTTTCTAGATTGACTCCATCTGTTCCAGTTTTGTAA,GTT,ACT,4,8,TRUE,V,T,W,A,NA,NA,NA
PRM_0299,GLLVSRL*PSVPVL,GGTTTGTTAGTTTCTAGATTGTAGCCATCTGTTCCAGTTTTGTAA,GTT,TAG,4,8,TRUE,V,*,W,A,NA,NA,NA
PRM_0299,GLLVSRLYPSVPVL,GGTTTGTTAGTTTCTAGATTGTATCCATCTGTTCCAGTTTTGTAA,GTT,TAT,4,8,TRUE,V,Y,W,A,NA,NA,NA
PRM_0299,GLLVSRLLPSVPVL,GGTTTGTTAGTTTCTAGATTGTTGCCATCTGTTCCAGTTTTGTAA,GTT,TTG,4,8,TRUE,V,L,W,A,NA,NA,NA
PRM_0299,GLLVSRLFPSVPVL,GGTTTGTTAGTTTCTAGATTGTTTCCATCTGTTCCAGTTTTGTAA,GTT,TTT,4,8,TRUE,V,F,W,A,NA,NA,NA
PRM_0299,GLLVSRLWPSVPVL,GGTTTGTTAGTTTCTAGATTGTGGCCATCTGTTCCAGTTTTGTAA,GTT,TGG,4,8,TRUE,V,W,W,A,NA,NA,NA
PRM_0299,GLLVSRLCPSVPVL,GGTTTGTTAGTTTCTAGATTGTGTCCATCTGTTCCAGTTTTGTAA,GTT,TGT,4,8,TRUE,V,C,W,A,NA,NA,NA
PRM_0299,GLLVSRLSPSVPVL,GGTTTGTTAGTTTCTAGATTGTCGCCATCTGTTCCAGTTTTGTAA,GTT,TCG,4,8,TRUE,V,S,W,A,NA,NA,NA
PRM_0299,GLLVSRLSPSVPVL,GGTTTGTTAGTTTCTAGATTGTCTCCATCTGTTCCAGTTTTGTAA,GTT,TCT,4,8,TRUE,V,S,W,A,NA,NA,NA
PRM_0299,GLLVSRLEPSVPVL,GGTTTGTTAGTTTCTAGATTGGAGCCATCTGTTCCAGTTTTGTAA,GTT,GAG,4,8,TRUE,V,E,W,A,NA,NA,NA
PRM_0299,GLLVSRLDPSVPVL,GGTTTGTTAGTTTCTAGATTGGATCCATCTGTTCCAGTTTTGTAA,GTT,GAT,4,8,TRUE,V,D,W,A,NA,NA,NA
PRM_0299,GLLVSRLVPSVPVL,GGTTTGTTAGTTTCTAGATTGGTGCCATCTGTTCCAGTTTTGTAA,GTT,GTG,4,8,TRUE,V,V,W,A,NA,NA,NA
PRM_0299,GLLVSRLVPSVPVL,GGTTTGTTAGTTTCTAGATTGGTTCCATCTGTTCCAGTTTTGTAA,GTT,GTT,4,8,TRUE,V,V,W,A,NA,NA,NA
PRM_0299,GLLVSRLGPSVPVL,GGTTTGTTAGTTTCTAGATTGGGGCCATCTGTTCCAGTTTTGTAA,GTT,GGG,4,8,TRUE,V,G,W,A,NA,NA,NA
PRM_0299,GLLVSRLGPSVPVL,GGTTTGTTAGTTTCTAGATTGGGTCCATCTGTTCCAGTTTTGTAA,GTT,GGT,4,8,TRUE,V,G,W,A,NA,NA,NA
PRM_0299,GLLVSRLAPSVPVL,GGTTTGTTAGTTTCTAGATTGGCGCCATCTGTTCCAGTTTTGTAA,GTT,GCG,4,8,TRUE,V,A,W,A,NA,NA,NA
PRM_0299,GLLVSRLAPSVPVL,GGTTTGTTAGTTTCTAGATTGGCTCCATCTGTTCCAGTTTTGTAA,GTT,GCT,4,8,TRUE,V,A,W,A,NA,NA,NA
PRM_0299,GLLVSRLQPSVPVL,GGTTTGTTAGTTTCTAGATTGCAGCCATCTGTTCCAGTTTTGTAA,GTT,CAG,4,8,TRUE,V,Q,W,A,NA,NA,NA
PRM_0299,GLLVSRLHPSVPVL,GGTTTGTTAGTTTCTAGATTGCATCCATCTGTTCCAGTTTTGTAA,GTT,CAT,4,8,TRUE,V,H,W,A,NA,NA,NA
PRM_0299,GLLVSRLLPSVPVL,GGTTTGTTAGTTTCTAGATTGCTGCCATCTGTTCCAGTTTTGTAA,GTT,CTG,4,8,TRUE,V,L,W,A,NA,NA,NA
PRM_0299,GLLVSRLLPSVPVL,GGTTTGTTAGTTTCTAGATTGCTTCCATCTGTTCCAGTTTTGTAA,GTT,CTT,4,8,TRUE,V,L,W,A,NA,NA,NA
PRM_0299,GLLVSRLRPSVPVL,GGTTTGTTAGTTTCTAGATTGCGGCCATCTGTTCCAGTTTTGTAA,GTT,CGG,4,8,TRUE,V,R,W,A,NA,NA,NA
PRM_0299,GLLVSRLRPSVPVL,GGTTTGTTAGTTTCTAGATTGCGTCCATCTGTTCCAGTTTTGTAA,GTT,CGT,4,8,TRUE,V,R,W,A,NA,NA,NA
PRM_0299,GLLVSRLPPSVPVL,GGTTTGTTAGTTTCTAGATTGCCGCCATCTGTTCCAGTTTTGTAA,GTT,CCG,4,8,TRUE,V,P,W,A,NA,NA,NA
PRM_0299,GLLVSRLPPSVPVL,GGTTTGTTAGTTTCTAGATTGCCTCCATCTGTTCCAGTTTTGTAA,GTT,CCT,4,8,TRUE,V,P,W,A,NA,NA,NA
PRM_0299,GLLGSRLKPSVPVL,GGTTTGTTAGGGTCTAGATTGAAGCCATCTGTTCCAGTTTTGTAA,GGG,AAG,4,8,TRUE,G,K,W,A,NA,NA,NA
PRM_0299,GLLGSRLNPSVPVL,GGTTTGTTAGGGTCTAGATTGAATCCATCTGTTCCAGTTTTGTAA,GGG,AAT,4,8,TRUE,G,N,W,A,NA,NA,NA
PRM_0299,GLLGSRLMPSVPVL,GGTTTGTTAGGGTCTAGATTGATGCCATCTGTTCCAGTTTTGTAA,GGG,ATG,4,8,TRUE,G,M,W,A,NA,NA,NA
PRM_0299,GLLGSRLIPSVPVL,GGTTTGTTAGGGTCTAGATTGATTCCATCTGTTCCAGTTTTGTAA,GGG,ATT,4,8,TRUE,G,I,W,A,NA,NA,NA
PRM_0299,GLLGSRLRPSVPVL,GGTTTGTTAGGGTCTAGATTGAGGCCATCTGTTCCAGTTTTGTAA,GGG,AGG,4,8,TRUE,G,R,W,A,NA,NA,NA
PRM_0299,GLLGSRLSPSVPVL,GGTTTGTTAGGGTCTAGATTGAGTCCATCTGTTCCAGTTTTGTAA,GGG,AGT,4,8,TRUE,G,S,W,A,NA,NA,NA
PRM_0299,GLLGSRLTPSVPVL,GGTTTGTTAGGGTCTAGATTGACGCCATCTGTTCCAGTTTTGTAA,GGG,ACG,4,8,TRUE,G,T,W,A,NA,NA,NA
PRM_0299,GLLGSRLTPSVPVL,GGTTTGTTAGGGTCTAGATTGACTCCATCTGTTCCAGTTTTGTAA,GGG,ACT,4,8,TRUE,G,T,W,A,NA,NA,NA
PRM_0299,GLLGSRL*PSVPVL,GGTTTGTTAGGGTCTAGATTGTAGCCATCTGTTCCAGTTTTGTAA,GGG,TAG,4,8,TRUE,G,*,W,A,NA,NA,NA
PRM_0299,GLLGSRLYPSVPVL,GGTTTGTTAGGGTCTAGATTGTATCCATCTGTTCCAGTTTTGTAA,GGG,TAT,4,8,TRUE,G,Y,W,A,NA,NA,NA
PRM_0299,GLLGSRLLPSVPVL,GGTTTGTTAGGGTCTAGATTGTTGCCATCTGTTCCAGTTTTGTAA,GGG,TTG,4,8,TRUE,G,L,W,A,NA,NA,NA
PRM_0299,GLLGSRLFPSVPVL,GGTTTGTTAGGGTCTAGATTGTTTCCATCTGTTCCAGTTTTGTAA,GGG,TTT,4,8,TRUE,G,F,W,A,NA,NA,NA
PRM_0299,GLLGSRLWPSVPVL,GGTTTGTTAGGGTCTAGATTGTGGCCATCTGTTCCAGTTTTGTAA,GGG,TGG,4,8,TRUE,G,W,W,A,NA,NA,NA
PRM_0299,GLLGSRLCPSVPVL,GGTTTGTTAGGGTCTAGATTGTGTCCATCTGTTCCAGTTTTGTAA,GGG,TGT,4,8,TRUE,G,C,W,A,NA,NA,NA
PRM_0299,GLLGSRLSPSVPVL,GGTTTGTTAGGGTCTAGATTGTCGCCATCTGTTCCAGTTTTGTAA,GGG,TCG,4,8,TRUE,G,S,W,A,NA,NA,NA
PRM_0299,GLLGSRLSPSVPVL,GGTTTGTTAGGGTCTAGATTGTCTCCATCTGTTCCAGTTTTGTAA,GGG,TCT,4,8,TRUE,G,S,W,A,NA,NA,NA
PRM_0299,GLLGSRLEPSVPVL,GGTTTGTTAGGGTCTAGATTGGAGCCATCTGTTCCAGTTTTGTAA,GGG,GAG,4,8,TRUE,G,E,W,A,NA,NA,NA
PRM_0299,GLLGSRLDPSVPVL,GGTTTGTTAGGGTCTAGATTGGATCCATCTGTTCCAGTTTTGTAA,GGG,GAT,4,8,TRUE,G,D,W,A,NA,NA,NA
PRM_0299,GLLGSRLVPSVPVL,GGTTTGTTAGGGTCTAGATTGGTGCCATCTGTTCCAGTTTTGTAA,GGG,GTG,4,8,TRUE,G,V,W,A,NA,NA,NA
PRM_0299,GLLGSRLVPSVPVL,GGTTTGTTAGGGTCTAGATTGGTTCCATCTGTTCCAGTTTTGTAA,GGG,GTT,4,8,TRUE,G,V,W,A,NA,NA,NA
PRM_0299,GLLGSRLGPSVPVL,GGTTTGTTAGGGTCTAGATTGGGGCCATCTGTTCCAGTTTTGTAA,GGG,GGG,4,8,TRUE,G,G,W,A,NA,NA,NA
PRM_0299,GLLGSRLGPSVPVL,GGTTTGTTAGGGTCTAGATTGGGTCCATCTGTTCCAGTTTTGTAA,GGG,GGT,4,8,TRUE,G,G,W,A,NA,NA,NA
PRM_0299,GLLGSRLAPSVPVL,GGTTTGTTAGGGTCTAGATTGGCGCCATCTGTTCCAGTTTTGTAA,GGG,GCG,4,8,TRUE,G,A,W,A,NA,NA,NA
PRM_0299,GLLGSRLAPSVPVL,GGTTTGTTAGGGTCTAGATTGGCTCCATCTGTTCCAGTTTTGTAA,GGG,GCT,4,8,TRUE,G,A,W,A,NA,NA,NA
PRM_0299,GLLGSRLQPSVPVL,GGTTTGTTAGGGTCTAGATTGCAGCCATCTGTTCCAGTTTTGTAA,GGG,CAG,4,8,TRUE,G,Q,W,A,NA,NA,NA
PRM_0299,GLLGSRLHPSVPVL,GGTTTGTTAGGGTCTAGATTGCATCCATCTGTTCCAGTTTTGTAA,GGG,CAT,4,8,TRUE,G,H,W,A,NA,NA,NA
PRM_0299,GLLGSRLLPSVPVL,GGTTTGTTAGGGTCTAGATTGCTGCCATCTGTTCCAGTTTTGTAA,GGG,CTG,4,8,TRUE,G,L,W,A,NA,NA,NA
PRM_0299,GLLGSRLLPSVPVL,GGTTTGTTAGGGTCTAGATTGCTTCCATCTGTTCCAGTTTTGTAA,GGG,CTT,4,8,TRUE,G,L,W,A,NA,NA,NA
PRM_0299,GLLGSRLRPSVPVL,GGTTTGTTAGGGTCTAGATTGCGGCCATCTGTTCCAGTTTTGTAA,GGG,CGG,4,8,TRUE,G,R,W,A,NA,NA,NA
PRM_0299,GLLGSRLRPSVPVL,GGTTTGTTAGGGTCTAGATTGCGTCCATCTGTTCCAGTTTTGTAA,GGG,CGT,4,8,TRUE,G,R,W,A,NA,NA,NA
PRM_0299,GLLGSRLPPSVPVL,GGTTTGTTAGGGTCTAGATTGCCGCCATCTGTTCCAGTTTTGTAA,GGG,CCG,4,8,TRUE,G,P,W,A,NA,NA,NA
PRM_0299,GLLGSRLPPSVPVL,GGTTTGTTAGGGTCTAGATTGCCTCCATCTGTTCCAGTTTTGTAA,GGG,CCT,4,8,TRUE,G,P,W,A,NA,NA,NA
PRM_0299,GLLGSRLKPSVPVL,GGTTTGTTAGGTTCTAGATTGAAGCCATCTGTTCCAGTTTTGTAA,GGT,AAG,4,8,TRUE,G,K,W,A,NA,NA,NA
PRM_0299,GLLGSRLNPSVPVL,GGTTTGTTAGGTTCTAGATTGAATCCATCTGTTCCAGTTTTGTAA,GGT,AAT,4,8,TRUE,G,N,W,A,NA,NA,NA
PRM_0299,GLLGSRLMPSVPVL,GGTTTGTTAGGTTCTAGATTGATGCCATCTGTTCCAGTTTTGTAA,GGT,ATG,4,8,TRUE,G,M,W,A,NA,NA,NA
PRM_0299,GLLGSRLIPSVPVL,GGTTTGTTAGGTTCTAGATTGATTCCATCTGTTCCAGTTTTGTAA,GGT,ATT,4,8,TRUE,G,I,W,A,NA,NA,NA
PRM_0299,GLLGSRLRPSVPVL,GGTTTGTTAGGTTCTAGATTGAGGCCATCTGTTCCAGTTTTGTAA,GGT,AGG,4,8,TRUE,G,R,W,A,NA,NA,NA
PRM_0299,GLLGSRLSPSVPVL,GGTTTGTTAGGTTCTAGATTGAGTCCATCTGTTCCAGTTTTGTAA,GGT,AGT,4,8,TRUE,G,S,W,A,NA,NA,NA
PRM_0299,GLLGSRLTPSVPVL,GGTTTGTTAGGTTCTAGATTGACGCCATCTGTTCCAGTTTTGTAA,GGT,ACG,4,8,TRUE,G,T,W,A,NA,NA,NA
PRM_0299,GLLGSRLTPSVPVL,GGTTTGTTAGGTTCTAGATTGACTCCATCTGTTCCAGTTTTGTAA,GGT,ACT,4,8,TRUE,G,T,W,A,NA,NA,NA
PRM_0299,GLLGSRL*PSVPVL,GGTTTGTTAGGTTCTAGATTGTAGCCATCTGTTCCAGTTTTGTAA,GGT,TAG,4,8,TRUE,G,*,W,A,NA,NA,NA
PRM_0299,GLLGSRLYPSVPVL,GGTTTGTTAGGTTCTAGATTGTATCCATCTGTTCCAGTTTTGTAA,GGT,TAT,4,8,TRUE,G,Y,W,A,NA,NA,NA
PRM_0299,GLLGSRLLPSVPVL,GGTTTGTTAGGTTCTAGATTGTTGCCATCTGTTCCAGTTTTGTAA,GGT,TTG,4,8,TRUE,G,L,W,A,NA,NA,NA
PRM_0299,GLLGSRLFPSVPVL,GGTTTGTTAGGTTCTAGATTGTTTCCATCTGTTCCAGTTTTGTAA,GGT,TTT,4,8,TRUE,G,F,W,A,NA,NA,NA
PRM_0299,GLLGSRLWPSVPVL,GGTTTGTTAGGTTCTAGATTGTGGCCATCTGTTCCAGTTTTGTAA,GGT,TGG,4,8,TRUE,G,W,W,A,NA,NA,NA
PRM_0299,GLLGSRLCPSVPVL,GGTTTGTTAGGTTCTAGATTGTGTCCATCTGTTCCAGTTTTGTAA,GGT,TGT,4,8,TRUE,G,C,W,A,NA,NA,NA
PRM_0299,GLLGSRLSPSVPVL,GGTTTGTTAGGTTCTAGATTGTCGCCATCTGTTCCAGTTTTGTAA,GGT,TCG,4,8,TRUE,G,S,W,A,NA,NA,NA
PRM_0299,GLLGSRLSPSVPVL,GGTTTGTTAGGTTCTAGATTGTCTCCATCTGTTCCAGTTTTGTAA,GGT,TCT,4,8,TRUE,G,S,W,A,NA,NA,NA
PRM_0299,GLLGSRLEPSVPVL,GGTTTGTTAGGTTCTAGATTGGAGCCATCTGTTCCAGTTTTGTAA,GGT,GAG,4,8,TRUE,G,E,W,A,NA,NA,NA
PRM_0299,GLLGSRLDPSVPVL,GGTTTGTTAGGTTCTAGATTGGATCCATCTGTTCCAGTTTTGTAA,GGT,GAT,4,8,TRUE,G,D,W,A,NA,NA,NA
PRM_0299,GLLGSRLVPSVPVL,GGTTTGTTAGGTTCTAGATTGGTGCCATCTGTTCCAGTTTTGTAA,GGT,GTG,4,8,TRUE,G,V,W,A,NA,NA,NA
PRM_0299,GLLGSRLVPSVPVL,GGTTTGTTAGGTTCTAGATTGGTTCCATCTGTTCCAGTTTTGTAA,GGT,GTT,4,8,TRUE,G,V,W,A,NA,NA,NA
PRM_0299,GLLGSRLGPSVPVL,GGTTTGTTAGGTTCTAGATTGGGGCCATCTGTTCCAGTTTTGTAA,GGT,GGG,4,8,TRUE,G,G,W,A,NA,NA,NA
PRM_0299,GLLGSRLGPSVPVL,GGTTTGTTAGGTTCTAGATTGGGTCCATCTGTTCCAGTTTTGTAA,GGT,GGT,4,8,TRUE,G,G,W,A,NA,NA,NA
PRM_0299,GLLGSRLAPSVPVL,GGTTTGTTAGGTTCTAGATTGGCGCCATCTGTTCCAGTTTTGTAA,GGT,GCG,4,8,TRUE,G,A,W,A,NA,NA,NA
PRM_0299,GLLGSRLAPSVPVL,GGTTTGTTAGGTTCTAGATTGGCTCCATCTGTTCCAGTTTTGTAA,GGT,GCT,4,8,TRUE,G,A,W,A,NA,NA,NA
PRM_0299,GLLGSRLQPSVPVL,GGTTTGTTAGGTTCTAGATTGCAGCCATCTGTTCCAGTTTTGTAA,GGT,CAG,4,8,TRUE,G,Q,W,A,NA,NA,NA
PRM_0299,GLLGSRLHPSVPVL,GGTTTGTTAGGTTCTAGATTGCATCCATCTGTTCCAGTTTTGTAA,GGT,CAT,4,8,TRUE,G,H,W,A,NA,NA,NA
PRM_0299,GLLGSRLLPSVPVL,GGTTTGTTAGGTTCTAGATTGCTGCCATCTGTTCCAGTTTTGTAA,GGT,CTG,4,8,TRUE,G,L,W,A,NA,NA,NA
PRM_0299,GLLGSRLLPSVPVL,GGTTTGTTAGGTTCTAGATTGCTTCCATCTGTTCCAGTTTTGTAA,GGT,CTT,4,8,TRUE,G,L,W,A,NA,NA,NA
PRM_0299,GLLGSRLRPSVPVL,GGTTTGTTAGGTTCTAGATTGCGGCCATCTGTTCCAGTTTTGTAA,GGT,CGG,4,8,TRUE,G,R,W,A,NA,NA,NA
PRM_0299,GLLGSRLRPSVPVL,GGTTTGTTAGGTTCTAGATTGCGTCCATCTGTTCCAGTTTTGTAA,GGT,CGT,4,8,TRUE,G,R,W,A,NA,NA,NA
PRM_0299,GLLGSRLPPSVPVL,GGTTTGTTAGGTTCTAGATTGCCGCCATCTGTTCCAGTTTTGTAA,GGT,CCG,4,8,TRUE,G,P,W,A,NA,NA,NA
PRM_0299,GLLGSRLPPSVPVL,GGTTTGTTAGGTTCTAGATTGCCTCCATCTGTTCCAGTTTTGTAA,GGT,CCT,4,8,TRUE,G,P,W,A,NA,NA,NA
PRM_0299,GLLASRLKPSVPVL,GGTTTGTTAGCGTCTAGATTGAAGCCATCTGTTCCAGTTTTGTAA,GCG,AAG,4,8,TRUE,A,K,W,A,NA,NA,NA
PRM_0299,GLLASRLNPSVPVL,GGTTTGTTAGCGTCTAGATTGAATCCATCTGTTCCAGTTTTGTAA,GCG,AAT,4,8,TRUE,A,N,W,A,NA,NA,NA
PRM_0299,GLLASRLMPSVPVL,GGTTTGTTAGCGTCTAGATTGATGCCATCTGTTCCAGTTTTGTAA,GCG,ATG,4,8,TRUE,A,M,W,A,NA,NA,NA
PRM_0299,GLLASRLIPSVPVL,GGTTTGTTAGCGTCTAGATTGATTCCATCTGTTCCAGTTTTGTAA,GCG,ATT,4,8,TRUE,A,I,W,A,NA,NA,NA
PRM_0299,GLLASRLRPSVPVL,GGTTTGTTAGCGTCTAGATTGAGGCCATCTGTTCCAGTTTTGTAA,GCG,AGG,4,8,TRUE,A,R,W,A,NA,NA,NA
PRM_0299,GLLASRLSPSVPVL,GGTTTGTTAGCGTCTAGATTGAGTCCATCTGTTCCAGTTTTGTAA,GCG,AGT,4,8,TRUE,A,S,W,A,NA,NA,NA
PRM_0299,GLLASRLTPSVPVL,GGTTTGTTAGCGTCTAGATTGACGCCATCTGTTCCAGTTTTGTAA,GCG,ACG,4,8,TRUE,A,T,W,A,NA,NA,NA
PRM_0299,GLLASRLTPSVPVL,GGTTTGTTAGCGTCTAGATTGACTCCATCTGTTCCAGTTTTGTAA,GCG,ACT,4,8,TRUE,A,T,W,A,NA,NA,NA
PRM_0299,GLLASRL*PSVPVL,GGTTTGTTAGCGTCTAGATTGTAGCCATCTGTTCCAGTTTTGTAA,GCG,TAG,4,8,TRUE,A,*,W,A,NA,NA,NA
PRM_0299,GLLASRLYPSVPVL,GGTTTGTTAGCGTCTAGATTGTATCCATCTGTTCCAGTTTTGTAA,GCG,TAT,4,8,TRUE,A,Y,W,A,NA,NA,NA
PRM_0299,GLLASRLLPSVPVL,GGTTTGTTAGCGTCTAGATTGTTGCCATCTGTTCCAGTTTTGTAA,GCG,TTG,4,8,TRUE,A,L,W,A,NA,NA,NA
PRM_0299,GLLASRLFPSVPVL,GGTTTGTTAGCGTCTAGATTGTTTCCATCTGTTCCAGTTTTGTAA,GCG,TTT,4,8,TRUE,A,F,W,A,NA,NA,NA
PRM_0299,GLLASRLWPSVPVL,GGTTTGTTAGCGTCTAGATTGTGGCCATCTGTTCCAGTTTTGTAA,GCG,TGG,4,8,TRUE,A,W,W,A,NA,NA,NA
PRM_0299,GLLASRLCPSVPVL,GGTTTGTTAGCGTCTAGATTGTGTCCATCTGTTCCAGTTTTGTAA,GCG,TGT,4,8,TRUE,A,C,W,A,NA,NA,NA
PRM_0299,GLLASRLSPSVPVL,GGTTTGTTAGCGTCTAGATTGTCGCCATCTGTTCCAGTTTTGTAA,GCG,TCG,4,8,TRUE,A,S,W,A,NA,NA,NA
PRM_0299,GLLASRLSPSVPVL,GGTTTGTTAGCGTCTAGATTGTCTCCATCTGTTCCAGTTTTGTAA,GCG,TCT,4,8,TRUE,A,S,W,A,NA,NA,NA
PRM_0299,GLLASRLEPSVPVL,GGTTTGTTAGCGTCTAGATTGGAGCCATCTGTTCCAGTTTTGTAA,GCG,GAG,4,8,TRUE,A,E,W,A,NA,NA,NA
PRM_0299,GLLASRLDPSVPVL,GGTTTGTTAGCGTCTAGATTGGATCCATCTGTTCCAGTTTTGTAA,GCG,GAT,4,8,TRUE,A,D,W,A,NA,NA,NA
PRM_0299,GLLASRLVPSVPVL,GGTTTGTTAGCGTCTAGATTGGTGCCATCTGTTCCAGTTTTGTAA,GCG,GTG,4,8,TRUE,A,V,W,A,NA,NA,NA
PRM_0299,GLLASRLVPSVPVL,GGTTTGTTAGCGTCTAGATTGGTTCCATCTGTTCCAGTTTTGTAA,GCG,GTT,4,8,TRUE,A,V,W,A,NA,NA,NA
PRM_0299,GLLASRLGPSVPVL,GGTTTGTTAGCGTCTAGATTGGGGCCATCTGTTCCAGTTTTGTAA,GCG,GGG,4,8,TRUE,A,G,W,A,NA,NA,NA
PRM_0299,GLLASRLGPSVPVL,GGTTTGTTAGCGTCTAGATTGGGTCCATCTGTTCCAGTTTTGTAA,GCG,GGT,4,8,TRUE,A,G,W,A,NA,NA,NA
PRM_0299,GLLASRLAPSVPVL,GGTTTGTTAGCGTCTAGATTGGCGCCATCTGTTCCAGTTTTGTAA,GCG,GCG,4,8,TRUE,A,A,W,A,NA,NA,NA
PRM_0299,GLLASRLAPSVPVL,GGTTTGTTAGCGTCTAGATTGGCTCCATCTGTTCCAGTTTTGTAA,GCG,GCT,4,8,TRUE,A,A,W,A,NA,NA,NA
PRM_0299,GLLASRLQPSVPVL,GGTTTGTTAGCGTCTAGATTGCAGCCATCTGTTCCAGTTTTGTAA,GCG,CAG,4,8,TRUE,A,Q,W,A,NA,NA,NA
PRM_0299,GLLASRLHPSVPVL,GGTTTGTTAGCGTCTAGATTGCATCCATCTGTTCCAGTTTTGTAA,GCG,CAT,4,8,TRUE,A,H,W,A,NA,NA,NA
PRM_0299,GLLASRLLPSVPVL,GGTTTGTTAGCGTCTAGATTGCTGCCATCTGTTCCAGTTTTGTAA,GCG,CTG,4,8,TRUE,A,L,W,A,NA,NA,NA
PRM_0299,GLLASRLLPSVPVL,GGTTTGTTAGCGTCTAGATTGCTTCCATCTGTTCCAGTTTTGTAA,GCG,CTT,4,8,TRUE,A,L,W,A,NA,NA,NA
PRM_0299,GLLASRLRPSVPVL,GGTTTGTTAGCGTCTAGATTGCGGCCATCTGTTCCAGTTTTGTAA,GCG,CGG,4,8,TRUE,A,R,W,A,NA,NA,NA
PRM_0299,GLLASRLRPSVPVL,GGTTTGTTAGCGTCTAGATTGCGTCCATCTGTTCCAGTTTTGTAA,GCG,CGT,4,8,TRUE,A,R,W,A,NA,NA,NA
PRM_0299,GLLASRLPPSVPVL,GGTTTGTTAGCGTCTAGATTGCCGCCATCTGTTCCAGTTTTGTAA,GCG,CCG,4,8,TRUE,A,P,W,A,NA,NA,NA
PRM_0299,GLLASRLPPSVPVL,GGTTTGTTAGCGTCTAGATTGCCTCCATCTGTTCCAGTTTTGTAA,GCG,CCT,4,8,TRUE,A,P,W,A,NA,NA,NA
PRM_0299,GLLASRLKPSVPVL,GGTTTGTTAGCTTCTAGATTGAAGCCATCTGTTCCAGTTTTGTAA,GCT,AAG,4,8,TRUE,A,K,W,A,NA,NA,NA
PRM_0299,GLLASRLNPSVPVL,GGTTTGTTAGCTTCTAGATTGAATCCATCTGTTCCAGTTTTGTAA,GCT,AAT,4,8,TRUE,A,N,W,A,NA,NA,NA
PRM_0299,GLLASRLMPSVPVL,GGTTTGTTAGCTTCTAGATTGATGCCATCTGTTCCAGTTTTGTAA,GCT,ATG,4,8,TRUE,A,M,W,A,NA,NA,NA
PRM_0299,GLLASRLIPSVPVL,GGTTTGTTAGCTTCTAGATTGATTCCATCTGTTCCAGTTTTGTAA,GCT,ATT,4,8,TRUE,A,I,W,A,NA,NA,NA
PRM_0299,GLLASRLRPSVPVL,GGTTTGTTAGCTTCTAGATTGAGGCCATCTGTTCCAGTTTTGTAA,GCT,AGG,4,8,TRUE,A,R,W,A,NA,NA,NA
PRM_0299,GLLASRLSPSVPVL,GGTTTGTTAGCTTCTAGATTGAGTCCATCTGTTCCAGTTTTGTAA,GCT,AGT,4,8,TRUE,A,S,W,A,NA,NA,NA
PRM_0299,GLLASRLTPSVPVL,GGTTTGTTAGCTTCTAGATTGACGCCATCTGTTCCAGTTTTGTAA,GCT,ACG,4,8,TRUE,A,T,W,A,NA,NA,NA
PRM_0299,GLLASRLTPSVPVL,GGTTTGTTAGCTTCTAGATTGACTCCATCTGTTCCAGTTTTGTAA,GCT,ACT,4,8,TRUE,A,T,W,A,NA,NA,NA
PRM_0299,GLLASRL*PSVPVL,GGTTTGTTAGCTTCTAGATTGTAGCCATCTGTTCCAGTTTTGTAA,GCT,TAG,4,8,TRUE,A,*,W,A,NA,NA,NA
PRM_0299,GLLASRLYPSVPVL,GGTTTGTTAGCTTCTAGATTGTATCCATCTGTTCCAGTTTTGTAA,GCT,TAT,4,8,TRUE,A,Y,W,A,NA,NA,NA
PRM_0299,GLLASRLLPSVPVL,GGTTTGTTAGCTTCTAGATTGTTGCCATCTGTTCCAGTTTTGTAA,GCT,TTG,4,8,TRUE,A,L,W,A,NA,NA,NA
PRM_0299,GLLASRLFPSVPVL,GGTTTGTTAGCTTCTAGATTGTTTCCATCTGTTCCAGTTTTGTAA,GCT,TTT,4,8,TRUE,A,F,W,A,NA,NA,NA
PRM_0299,GLLASRLWPSVPVL,GGTTTGTTAGCTTCTAGATTGTGGCCATCTGTTCCAGTTTTGTAA,GCT,TGG,4,8,TRUE,A,W,W,A,NA,NA,NA
PRM_0299,GLLASRLCPSVPVL,GGTTTGTTAGCTTCTAGATTGTGTCCATCTGTTCCAGTTTTGTAA,GCT,TGT,4,8,TRUE,A,C,W,A,NA,NA,NA
PRM_0299,GLLASRLSPSVPVL,GGTTTGTTAGCTTCTAGATTGTCGCCATCTGTTCCAGTTTTGTAA,GCT,TCG,4,8,TRUE,A,S,W,A,NA,NA,NA
PRM_0299,GLLASRLSPSVPVL,GGTTTGTTAGCTTCTAGATTGTCTCCATCTGTTCCAGTTTTGTAA,GCT,TCT,4,8,TRUE,A,S,W,A,NA,NA,NA
PRM_0299,GLLASRLEPSVPVL,GGTTTGTTAGCTTCTAGATTGGAGCCATCTGTTCCAGTTTTGTAA,GCT,GAG,4,8,TRUE,A,E,W,A,NA,NA,NA
PRM_0299,GLLASRLDPSVPVL,GGTTTGTTAGCTTCTAGATTGGATCCATCTGTTCCAGTTTTGTAA,GCT,GAT,4,8,TRUE,A,D,W,A,NA,NA,NA
PRM_0299,GLLASRLVPSVPVL,GGTTTGTTAGCTTCTAGATTGGTGCCATCTGTTCCAGTTTTGTAA,GCT,GTG,4,8,TRUE,A,V,W,A,NA,NA,NA
PRM_0299,GLLASRLVPSVPVL,GGTTTGTTAGCTTCTAGATTGGTTCCATCTGTTCCAGTTTTGTAA,GCT,GTT,4,8,TRUE,A,V,W,A,NA,NA,NA
PRM_0299,GLLASRLGPSVPVL,GGTTTGTTAGCTTCTAGATTGGGGCCATCTGTTCCAGTTTTGTAA,GCT,GGG,4,8,TRUE,A,G,W,A,NA,NA,NA
PRM_0299,GLLASRLGPSVPVL,GGTTTGTTAGCTTCTAGATTGGGTCCATCTGTTCCAGTTTTGTAA,GCT,GGT,4,8,TRUE,A,G,W,A,NA,NA,NA
PRM_0299,GLLASRLAPSVPVL,GGTTTGTTAGCTTCTAGATTGGCGCCATCTGTTCCAGTTTTGTAA,GCT,GCG,4,8,TRUE,A,A,W,A,NA,NA,NA
PRM_0299,GLLASRLAPSVPVL,GGTTTGTTAGCTTCTAGATTGGCTCCATCTGTTCCAGTTTTGTAA,GCT,GCT,4,8,TRUE,A,A,W,A,NA,NA,NA
PRM_0299,GLLASRLQPSVPVL,GGTTTGTTAGCTTCTAGATTGCAGCCATCTGTTCCAGTTTTGTAA,GCT,CAG,4,8,TRUE,A,Q,W,A,NA,NA,NA
PRM_0299,GLLASRLHPSVPVL,GGTTTGTTAGCTTCTAGATTGCATCCATCTGTTCCAGTTTTGTAA,GCT,CAT,4,8,TRUE,A,H,W,A,NA,NA,NA
PRM_0299,GLLASRLLPSVPVL,GGTTTGTTAGCTTCTAGATTGCTGCCATCTGTTCCAGTTTTGTAA,GCT,CTG,4,8,TRUE,A,L,W,A,NA,NA,NA
PRM_0299,GLLASRLLPSVPVL,GGTTTGTTAGCTTCTAGATTGCTTCCATCTGTTCCAGTTTTGTAA,GCT,CTT,4,8,TRUE,A,L,W,A,NA,NA,NA
PRM_0299,GLLASRLRPSVPVL,GGTTTGTTAGCTTCTAGATTGCGGCCATCTGTTCCAGTTTTGTAA,GCT,CGG,4,8,TRUE,A,R,W,A,NA,NA,NA
PRM_0299,GLLASRLRPSVPVL,GGTTTGTTAGCTTCTAGATTGCGTCCATCTGTTCCAGTTTTGTAA,GCT,CGT,4,8,TRUE,A,R,W,A,NA,NA,NA
PRM_0299,GLLASRLPPSVPVL,GGTTTGTTAGCTTCTAGATTGCCGCCATCTGTTCCAGTTTTGTAA,GCT,CCG,4,8,TRUE,A,P,W,A,NA,NA,NA
PRM_0299,GLLASRLPPSVPVL,GGTTTGTTAGCTTCTAGATTGCCTCCATCTGTTCCAGTTTTGTAA,GCT,CCT,4,8,TRUE,A,P,W,A,NA,NA,NA
PRM_0299,GLLQSRLKPSVPVL,GGTTTGTTACAGTCTAGATTGAAGCCATCTGTTCCAGTTTTGTAA,CAG,AAG,4,8,TRUE,Q,K,W,A,NA,NA,NA
PRM_0299,GLLQSRLNPSVPVL,GGTTTGTTACAGTCTAGATTGAATCCATCTGTTCCAGTTTTGTAA,CAG,AAT,4,8,TRUE,Q,N,W,A,NA,NA,NA
PRM_0299,GLLQSRLMPSVPVL,GGTTTGTTACAGTCTAGATTGATGCCATCTGTTCCAGTTTTGTAA,CAG,ATG,4,8,TRUE,Q,M,W,A,NA,NA,NA
PRM_0299,GLLQSRLIPSVPVL,GGTTTGTTACAGTCTAGATTGATTCCATCTGTTCCAGTTTTGTAA,CAG,ATT,4,8,TRUE,Q,I,W,A,NA,NA,NA
PRM_0299,GLLQSRLRPSVPVL,GGTTTGTTACAGTCTAGATTGAGGCCATCTGTTCCAGTTTTGTAA,CAG,AGG,4,8,TRUE,Q,R,W,A,NA,NA,NA
PRM_0299,GLLQSRLSPSVPVL,GGTTTGTTACAGTCTAGATTGAGTCCATCTGTTCCAGTTTTGTAA,CAG,AGT,4,8,TRUE,Q,S,W,A,NA,NA,NA
PRM_0299,GLLQSRLTPSVPVL,GGTTTGTTACAGTCTAGATTGACGCCATCTGTTCCAGTTTTGTAA,CAG,ACG,4,8,TRUE,Q,T,W,A,NA,NA,NA
PRM_0299,GLLQSRLTPSVPVL,GGTTTGTTACAGTCTAGATTGACTCCATCTGTTCCAGTTTTGTAA,CAG,ACT,4,8,TRUE,Q,T,W,A,NA,NA,NA
PRM_0299,GLLQSRL*PSVPVL,GGTTTGTTACAGTCTAGATTGTAGCCATCTGTTCCAGTTTTGTAA,CAG,TAG,4,8,TRUE,Q,*,W,A,NA,NA,NA
PRM_0299,GLLQSRLYPSVPVL,GGTTTGTTACAGTCTAGATTGTATCCATCTGTTCCAGTTTTGTAA,CAG,TAT,4,8,TRUE,Q,Y,W,A,NA,NA,NA
PRM_0299,GLLQSRLLPSVPVL,GGTTTGTTACAGTCTAGATTGTTGCCATCTGTTCCAGTTTTGTAA,CAG,TTG,4,8,TRUE,Q,L,W,A,NA,NA,NA
PRM_0299,GLLQSRLFPSVPVL,GGTTTGTTACAGTCTAGATTGTTTCCATCTGTTCCAGTTTTGTAA,CAG,TTT,4,8,TRUE,Q,F,W,A,NA,NA,NA
PRM_0299,GLLQSRLWPSVPVL,GGTTTGTTACAGTCTAGATTGTGGCCATCTGTTCCAGTTTTGTAA,CAG,TGG,4,8,TRUE,Q,W,W,A,NA,NA,NA
PRM_0299,GLLQSRLCPSVPVL,GGTTTGTTACAGTCTAGATTGTGTCCATCTGTTCCAGTTTTGTAA,CAG,TGT,4,8,TRUE,Q,C,W,A,NA,NA,NA
PRM_0299,GLLQSRLSPSVPVL,GGTTTGTTACAGTCTAGATTGTCGCCATCTGTTCCAGTTTTGTAA,CAG,TCG,4,8,TRUE,Q,S,W,A,NA,NA,NA
PRM_0299,GLLQSRLSPSVPVL,GGTTTGTTACAGTCTAGATTGTCTCCATCTGTTCCAGTTTTGTAA,CAG,TCT,4,8,TRUE,Q,S,W,A,NA,NA,NA
PRM_0299,GLLQSRLEPSVPVL,GGTTTGTTACAGTCTAGATTGGAGCCATCTGTTCCAGTTTTGTAA,CAG,GAG,4,8,TRUE,Q,E,W,A,NA,NA,NA
PRM_0299,GLLQSRLDPSVPVL,GGTTTGTTACAGTCTAGATTGGATCCATCTGTTCCAGTTTTGTAA,CAG,GAT,4,8,TRUE,Q,D,W,A,NA,NA,NA
PRM_0299,GLLQSRLVPSVPVL,GGTTTGTTACAGTCTAGATTGGTGCCATCTGTTCCAGTTTTGTAA,CAG,GTG,4,8,TRUE,Q,V,W,A,NA,NA,NA
PRM_0299,GLLQSRLVPSVPVL,GGTTTGTTACAGTCTAGATTGGTTCCATCTGTTCCAGTTTTGTAA,CAG,GTT,4,8,TRUE,Q,V,W,A,NA,NA,NA
PRM_0299,GLLQSRLGPSVPVL,GGTTTGTTACAGTCTAGATTGGGGCCATCTGTTCCAGTTTTGTAA,CAG,GGG,4,8,TRUE,Q,G,W,A,NA,NA,NA
PRM_0299,GLLQSRLGPSVPVL,GGTTTGTTACAGTCTAGATTGGGTCCATCTGTTCCAGTTTTGTAA,CAG,GGT,4,8,TRUE,Q,G,W,A,NA,NA,NA
PRM_0299,GLLQSRLAPSVPVL,GGTTTGTTACAGTCTAGATTGGCGCCATCTGTTCCAGTTTTGTAA,CAG,GCG,4,8,TRUE,Q,A,W,A,NA,NA,NA
PRM_0299,GLLQSRLAPSVPVL,GGTTTGTTACAGTCTAGATTGGCTCCATCTGTTCCAGTTTTGTAA,CAG,GCT,4,8,TRUE,Q,A,W,A,NA,NA,NA
PRM_0299,GLLQSRLQPSVPVL,GGTTTGTTACAGTCTAGATTGCAGCCATCTGTTCCAGTTTTGTAA,CAG,CAG,4,8,TRUE,Q,Q,W,A,NA,NA,NA
PRM_0299,GLLQSRLHPSVPVL,GGTTTGTTACAGTCTAGATTGCATCCATCTGTTCCAGTTTTGTAA,CAG,CAT,4,8,TRUE,Q,H,W,A,NA,NA,NA
PRM_0299,GLLQSRLLPSVPVL,GGTTTGTTACAGTCTAGATTGCTGCCATCTGTTCCAGTTTTGTAA,CAG,CTG,4,8,TRUE,Q,L,W,A,NA,NA,NA
PRM_0299,GLLQSRLLPSVPVL,GGTTTGTTACAGTCTAGATTGCTTCCATCTGTTCCAGTTTTGTAA,CAG,CTT,4,8,TRUE,Q,L,W,A,NA,NA,NA
PRM_0299,GLLQSRLRPSVPVL,GGTTTGTTACAGTCTAGATTGCGGCCATCTGTTCCAGTTTTGTAA,CAG,CGG,4,8,TRUE,Q,R,W,A,NA,NA,NA
PRM_0299,GLLQSRLRPSVPVL,GGTTTGTTACAGTCTAGATTGCGTCCATCTGTTCCAGTTTTGTAA,CAG,CGT,4,8,TRUE,Q,R,W,A,NA,NA,NA
PRM_0299,GLLQSRLPPSVPVL,GGTTTGTTACAGTCTAGATTGCCGCCATCTGTTCCAGTTTTGTAA,CAG,CCG,4,8,TRUE,Q,P,W,A,NA,NA,NA
PRM_0299,GLLQSRLPPSVPVL,GGTTTGTTACAGTCTAGATTGCCTCCATCTGTTCCAGTTTTGTAA,CAG,CCT,4,8,TRUE,Q,P,W,A,NA,NA,NA
PRM_0299,GLLHSRLKPSVPVL,GGTTTGTTACATTCTAGATTGAAGCCATCTGTTCCAGTTTTGTAA,CAT,AAG,4,8,TRUE,H,K,W,A,NA,NA,NA
PRM_0299,GLLHSRLNPSVPVL,GGTTTGTTACATTCTAGATTGAATCCATCTGTTCCAGTTTTGTAA,CAT,AAT,4,8,TRUE,H,N,W,A,NA,NA,NA
PRM_0299,GLLHSRLMPSVPVL,GGTTTGTTACATTCTAGATTGATGCCATCTGTTCCAGTTTTGTAA,CAT,ATG,4,8,TRUE,H,M,W,A,NA,NA,NA
PRM_0299,GLLHSRLIPSVPVL,GGTTTGTTACATTCTAGATTGATTCCATCTGTTCCAGTTTTGTAA,CAT,ATT,4,8,TRUE,H,I,W,A,NA,NA,NA
PRM_0299,GLLHSRLRPSVPVL,GGTTTGTTACATTCTAGATTGAGGCCATCTGTTCCAGTTTTGTAA,CAT,AGG,4,8,TRUE,H,R,W,A,NA,NA,NA
PRM_0299,GLLHSRLSPSVPVL,GGTTTGTTACATTCTAGATTGAGTCCATCTGTTCCAGTTTTGTAA,CAT,AGT,4,8,TRUE,H,S,W,A,NA,NA,NA
PRM_0299,GLLHSRLTPSVPVL,GGTTTGTTACATTCTAGATTGACGCCATCTGTTCCAGTTTTGTAA,CAT,ACG,4,8,TRUE,H,T,W,A,NA,NA,NA
PRM_0299,GLLHSRLTPSVPVL,GGTTTGTTACATTCTAGATTGACTCCATCTGTTCCAGTTTTGTAA,CAT,ACT,4,8,TRUE,H,T,W,A,NA,NA,NA
PRM_0299,GLLHSRL*PSVPVL,GGTTTGTTACATTCTAGATTGTAGCCATCTGTTCCAGTTTTGTAA,CAT,TAG,4,8,TRUE,H,*,W,A,NA,NA,NA
PRM_0299,GLLHSRLYPSVPVL,GGTTTGTTACATTCTAGATTGTATCCATCTGTTCCAGTTTTGTAA,CAT,TAT,4,8,TRUE,H,Y,W,A,NA,NA,NA
PRM_0299,GLLHSRLLPSVPVL,GGTTTGTTACATTCTAGATTGTTGCCATCTGTTCCAGTTTTGTAA,CAT,TTG,4,8,TRUE,H,L,W,A,NA,NA,NA
PRM_0299,GLLHSRLFPSVPVL,GGTTTGTTACATTCTAGATTGTTTCCATCTGTTCCAGTTTTGTAA,CAT,TTT,4,8,TRUE,H,F,W,A,NA,NA,NA
PRM_0299,GLLHSRLWPSVPVL,GGTTTGTTACATTCTAGATTGTGGCCATCTGTTCCAGTTTTGTAA,CAT,TGG,4,8,TRUE,H,W,W,A,NA,NA,NA
PRM_0299,GLLHSRLCPSVPVL,GGTTTGTTACATTCTAGATTGTGTCCATCTGTTCCAGTTTTGTAA,CAT,TGT,4,8,TRUE,H,C,W,A,NA,NA,NA
PRM_0299,GLLHSRLSPSVPVL,GGTTTGTTACATTCTAGATTGTCGCCATCTGTTCCAGTTTTGTAA,CAT,TCG,4,8,TRUE,H,S,W,A,NA,NA,NA
PRM_0299,GLLHSRLSPSVPVL,GGTTTGTTACATTCTAGATTGTCTCCATCTGTTCCAGTTTTGTAA,CAT,TCT,4,8,TRUE,H,S,W,A,NA,NA,NA
PRM_0299,GLLHSRLEPSVPVL,GGTTTGTTACATTCTAGATTGGAGCCATCTGTTCCAGTTTTGTAA,CAT,GAG,4,8,TRUE,H,E,W,A,NA,NA,NA
PRM_0299,GLLHSRLDPSVPVL,GGTTTGTTACATTCTAGATTGGATCCATCTGTTCCAGTTTTGTAA,CAT,GAT,4,8,TRUE,H,D,W,A,NA,NA,NA
PRM_0299,GLLHSRLVPSVPVL,GGTTTGTTACATTCTAGATTGGTGCCATCTGTTCCAGTTTTGTAA,CAT,GTG,4,8,TRUE,H,V,W,A,NA,NA,NA
PRM_0299,GLLHSRLVPSVPVL,GGTTTGTTACATTCTAGATTGGTTCCATCTGTTCCAGTTTTGTAA,CAT,GTT,4,8,TRUE,H,V,W,A,NA,NA,NA
PRM_0299,GLLHSRLGPSVPVL,GGTTTGTTACATTCTAGATTGGGGCCATCTGTTCCAGTTTTGTAA,CAT,GGG,4,8,TRUE,H,G,W,A,NA,NA,NA
PRM_0299,GLLHSRLGPSVPVL,GGTTTGTTACATTCTAGATTGGGTCCATCTGTTCCAGTTTTGTAA,CAT,GGT,4,8,TRUE,H,G,W,A,NA,NA,NA
PRM_0299,GLLHSRLAPSVPVL,GGTTTGTTACATTCTAGATTGGCGCCATCTGTTCCAGTTTTGTAA,CAT,GCG,4,8,TRUE,H,A,W,A,NA,NA,NA
PRM_0299,GLLHSRLAPSVPVL,GGTTTGTTACATTCTAGATTGGCTCCATCTGTTCCAGTTTTGTAA,CAT,GCT,4,8,TRUE,H,A,W,A,NA,NA,NA
PRM_0299,GLLHSRLQPSVPVL,GGTTTGTTACATTCTAGATTGCAGCCATCTGTTCCAGTTTTGTAA,CAT,CAG,4,8,TRUE,H,Q,W,A,NA,NA,NA
PRM_0299,GLLHSRLHPSVPVL,GGTTTGTTACATTCTAGATTGCATCCATCTGTTCCAGTTTTGTAA,CAT,CAT,4,8,TRUE,H,H,W,A,NA,NA,NA
PRM_0299,GLLHSRLLPSVPVL,GGTTTGTTACATTCTAGATTGCTGCCATCTGTTCCAGTTTTGTAA,CAT,CTG,4,8,TRUE,H,L,W,A,NA,NA,NA
PRM_0299,GLLHSRLLPSVPVL,GGTTTGTTACATTCTAGATTGCTTCCATCTGTTCCAGTTTTGTAA,CAT,CTT,4,8,TRUE,H,L,W,A,NA,NA,NA
PRM_0299,GLLHSRLRPSVPVL,GGTTTGTTACATTCTAGATTGCGGCCATCTGTTCCAGTTTTGTAA,CAT,CGG,4,8,TRUE,H,R,W,A,NA,NA,NA
PRM_0299,GLLHSRLRPSVPVL,GGTTTGTTACATTCTAGATTGCGTCCATCTGTTCCAGTTTTGTAA,CAT,CGT,4,8,TRUE,H,R,W,A,NA,NA,NA
PRM_0299,GLLHSRLPPSVPVL,GGTTTGTTACATTCTAGATTGCCGCCATCTGTTCCAGTTTTGTAA,CAT,CCG,4,8,TRUE,H,P,W,A,NA,NA,NA
PRM_0299,GLLHSRLPPSVPVL,GGTTTGTTACATTCTAGATTGCCTCCATCTGTTCCAGTTTTGTAA,CAT,CCT,4,8,TRUE,H,P,W,A,NA,NA,NA
PRM_0299,GLLLSRLKPSVPVL,GGTTTGTTACTGTCTAGATTGAAGCCATCTGTTCCAGTTTTGTAA,CTG,AAG,4,8,TRUE,L,K,W,A,NA,NA,NA
PRM_0299,GLLLSRLNPSVPVL,GGTTTGTTACTGTCTAGATTGAATCCATCTGTTCCAGTTTTGTAA,CTG,AAT,4,8,TRUE,L,N,W,A,NA,NA,NA
PRM_0299,GLLLSRLMPSVPVL,GGTTTGTTACTGTCTAGATTGATGCCATCTGTTCCAGTTTTGTAA,CTG,ATG,4,8,TRUE,L,M,W,A,NA,NA,NA
PRM_0299,GLLLSRLIPSVPVL,GGTTTGTTACTGTCTAGATTGATTCCATCTGTTCCAGTTTTGTAA,CTG,ATT,4,8,TRUE,L,I,W,A,NA,NA,NA
PRM_0299,GLLLSRLRPSVPVL,GGTTTGTTACTGTCTAGATTGAGGCCATCTGTTCCAGTTTTGTAA,CTG,AGG,4,8,TRUE,L,R,W,A,NA,NA,NA
PRM_0299,GLLLSRLSPSVPVL,GGTTTGTTACTGTCTAGATTGAGTCCATCTGTTCCAGTTTTGTAA,CTG,AGT,4,8,TRUE,L,S,W,A,NA,NA,NA
PRM_0299,GLLLSRLTPSVPVL,GGTTTGTTACTGTCTAGATTGACGCCATCTGTTCCAGTTTTGTAA,CTG,ACG,4,8,TRUE,L,T,W,A,NA,NA,NA
PRM_0299,GLLLSRLTPSVPVL,GGTTTGTTACTGTCTAGATTGACTCCATCTGTTCCAGTTTTGTAA,CTG,ACT,4,8,TRUE,L,T,W,A,NA,NA,NA
PRM_0299,GLLLSRL*PSVPVL,GGTTTGTTACTGTCTAGATTGTAGCCATCTGTTCCAGTTTTGTAA,CTG,TAG,4,8,TRUE,L,*,W,A,NA,NA,NA
PRM_0299,GLLLSRLYPSVPVL,GGTTTGTTACTGTCTAGATTGTATCCATCTGTTCCAGTTTTGTAA,CTG,TAT,4,8,TRUE,L,Y,W,A,NA,NA,NA
PRM_0299,GLLLSRLLPSVPVL,GGTTTGTTACTGTCTAGATTGTTGCCATCTGTTCCAGTTTTGTAA,CTG,TTG,4,8,TRUE,L,L,W,A,NA,NA,NA
PRM_0299,GLLLSRLFPSVPVL,GGTTTGTTACTGTCTAGATTGTTTCCATCTGTTCCAGTTTTGTAA,CTG,TTT,4,8,TRUE,L,F,W,A,NA,NA,NA
PRM_0299,GLLLSRLWPSVPVL,GGTTTGTTACTGTCTAGATTGTGGCCATCTGTTCCAGTTTTGTAA,CTG,TGG,4,8,TRUE,L,W,W,A,NA,NA,NA
PRM_0299,GLLLSRLCPSVPVL,GGTTTGTTACTGTCTAGATTGTGTCCATCTGTTCCAGTTTTGTAA,CTG,TGT,4,8,TRUE,L,C,W,A,NA,NA,NA
PRM_0299,GLLLSRLSPSVPVL,GGTTTGTTACTGTCTAGATTGTCGCCATCTGTTCCAGTTTTGTAA,CTG,TCG,4,8,TRUE,L,S,W,A,NA,NA,NA
PRM_0299,GLLLSRLSPSVPVL,GGTTTGTTACTGTCTAGATTGTCTCCATCTGTTCCAGTTTTGTAA,CTG,TCT,4,8,TRUE,L,S,W,A,NA,NA,NA
PRM_0299,GLLLSRLEPSVPVL,GGTTTGTTACTGTCTAGATTGGAGCCATCTGTTCCAGTTTTGTAA,CTG,GAG,4,8,TRUE,L,E,W,A,NA,NA,NA
PRM_0299,GLLLSRLDPSVPVL,GGTTTGTTACTGTCTAGATTGGATCCATCTGTTCCAGTTTTGTAA,CTG,GAT,4,8,TRUE,L,D,W,A,NA,NA,NA
PRM_0299,GLLLSRLVPSVPVL,GGTTTGTTACTGTCTAGATTGGTGCCATCTGTTCCAGTTTTGTAA,CTG,GTG,4,8,TRUE,L,V,W,A,NA,NA,NA
PRM_0299,GLLLSRLVPSVPVL,GGTTTGTTACTGTCTAGATTGGTTCCATCTGTTCCAGTTTTGTAA,CTG,GTT,4,8,TRUE,L,V,W,A,NA,NA,NA
PRM_0299,GLLLSRLGPSVPVL,GGTTTGTTACTGTCTAGATTGGGGCCATCTGTTCCAGTTTTGTAA,CTG,GGG,4,8,TRUE,L,G,W,A,NA,NA,NA
PRM_0299,GLLLSRLGPSVPVL,GGTTTGTTACTGTCTAGATTGGGTCCATCTGTTCCAGTTTTGTAA,CTG,GGT,4,8,TRUE,L,G,W,A,NA,NA,NA
PRM_0299,GLLLSRLAPSVPVL,GGTTTGTTACTGTCTAGATTGGCGCCATCTGTTCCAGTTTTGTAA,CTG,GCG,4,8,TRUE,L,A,W,A,NA,NA,NA
PRM_0299,GLLLSRLAPSVPVL,GGTTTGTTACTGTCTAGATTGGCTCCATCTGTTCCAGTTTTGTAA,CTG,GCT,4,8,TRUE,L,A,W,A,NA,NA,NA
PRM_0299,GLLLSRLQPSVPVL,GGTTTGTTACTGTCTAGATTGCAGCCATCTGTTCCAGTTTTGTAA,CTG,CAG,4,8,TRUE,L,Q,W,A,NA,NA,NA
PRM_0299,GLLLSRLHPSVPVL,GGTTTGTTACTGTCTAGATTGCATCCATCTGTTCCAGTTTTGTAA,CTG,CAT,4,8,TRUE,L,H,W,A,NA,NA,NA
PRM_0299,GLLLSRLLPSVPVL,GGTTTGTTACTGTCTAGATTGCTGCCATCTGTTCCAGTTTTGTAA,CTG,CTG,4,8,TRUE,L,L,W,A,NA,NA,NA
PRM_0299,GLLLSRLLPSVPVL,GGTTTGTTACTGTCTAGATTGCTTCCATCTGTTCCAGTTTTGTAA,CTG,CTT,4,8,TRUE,L,L,W,A,NA,NA,NA
PRM_0299,GLLLSRLRPSVPVL,GGTTTGTTACTGTCTAGATTGCGGCCATCTGTTCCAGTTTTGTAA,CTG,CGG,4,8,TRUE,L,R,W,A,NA,NA,NA
PRM_0299,GLLLSRLRPSVPVL,GGTTTGTTACTGTCTAGATTGCGTCCATCTGTTCCAGTTTTGTAA,CTG,CGT,4,8,TRUE,L,R,W,A,NA,NA,NA
PRM_0299,GLLLSRLPPSVPVL,GGTTTGTTACTGTCTAGATTGCCGCCATCTGTTCCAGTTTTGTAA,CTG,CCG,4,8,TRUE,L,P,W,A,NA,NA,NA
PRM_0299,GLLLSRLPPSVPVL,GGTTTGTTACTGTCTAGATTGCCTCCATCTGTTCCAGTTTTGTAA,CTG,CCT,4,8,TRUE,L,P,W,A,NA,NA,NA
PRM_0299,GLLLSRLKPSVPVL,GGTTTGTTACTTTCTAGATTGAAGCCATCTGTTCCAGTTTTGTAA,CTT,AAG,4,8,TRUE,L,K,W,A,NA,NA,NA
PRM_0299,GLLLSRLNPSVPVL,GGTTTGTTACTTTCTAGATTGAATCCATCTGTTCCAGTTTTGTAA,CTT,AAT,4,8,TRUE,L,N,W,A,NA,NA,NA
PRM_0299,GLLLSRLMPSVPVL,GGTTTGTTACTTTCTAGATTGATGCCATCTGTTCCAGTTTTGTAA,CTT,ATG,4,8,TRUE,L,M,W,A,NA,NA,NA
PRM_0299,GLLLSRLIPSVPVL,GGTTTGTTACTTTCTAGATTGATTCCATCTGTTCCAGTTTTGTAA,CTT,ATT,4,8,TRUE,L,I,W,A,NA,NA,NA
PRM_0299,GLLLSRLRPSVPVL,GGTTTGTTACTTTCTAGATTGAGGCCATCTGTTCCAGTTTTGTAA,CTT,AGG,4,8,TRUE,L,R,W,A,NA,NA,NA
PRM_0299,GLLLSRLSPSVPVL,GGTTTGTTACTTTCTAGATTGAGTCCATCTGTTCCAGTTTTGTAA,CTT,AGT,4,8,TRUE,L,S,W,A,NA,NA,NA
PRM_0299,GLLLSRLTPSVPVL,GGTTTGTTACTTTCTAGATTGACGCCATCTGTTCCAGTTTTGTAA,CTT,ACG,4,8,TRUE,L,T,W,A,NA,NA,NA
PRM_0299,GLLLSRLTPSVPVL,GGTTTGTTACTTTCTAGATTGACTCCATCTGTTCCAGTTTTGTAA,CTT,ACT,4,8,TRUE,L,T,W,A,NA,NA,NA
PRM_0299,GLLLSRL*PSVPVL,GGTTTGTTACTTTCTAGATTGTAGCCATCTGTTCCAGTTTTGTAA,CTT,TAG,4,8,TRUE,L,*,W,A,NA,NA,NA
PRM_0299,GLLLSRLYPSVPVL,GGTTTGTTACTTTCTAGATTGTATCCATCTGTTCCAGTTTTGTAA,CTT,TAT,4,8,TRUE,L,Y,W,A,NA,NA,NA
PRM_0299,GLLLSRLLPSVPVL,GGTTTGTTACTTTCTAGATTGTTGCCATCTGTTCCAGTTTTGTAA,CTT,TTG,4,8,TRUE,L,L,W,A,NA,NA,NA
PRM_0299,GLLLSRLFPSVPVL,GGTTTGTTACTTTCTAGATTGTTTCCATCTGTTCCAGTTTTGTAA,CTT,TTT,4,8,TRUE,L,F,W,A,NA,NA,NA
PRM_0299,GLLLSRLWPSVPVL,GGTTTGTTACTTTCTAGATTGTGGCCATCTGTTCCAGTTTTGTAA,CTT,TGG,4,8,TRUE,L,W,W,A,NA,NA,NA
PRM_0299,GLLLSRLCPSVPVL,GGTTTGTTACTTTCTAGATTGTGTCCATCTGTTCCAGTTTTGTAA,CTT,TGT,4,8,TRUE,L,C,W,A,NA,NA,NA
PRM_0299,GLLLSRLSPSVPVL,GGTTTGTTACTTTCTAGATTGTCGCCATCTGTTCCAGTTTTGTAA,CTT,TCG,4,8,TRUE,L,S,W,A,NA,NA,NA
PRM_0299,GLLLSRLSPSVPVL,GGTTTGTTACTTTCTAGATTGTCTCCATCTGTTCCAGTTTTGTAA,CTT,TCT,4,8,TRUE,L,S,W,A,NA,NA,NA
PRM_0299,GLLLSRLEPSVPVL,GGTTTGTTACTTTCTAGATTGGAGCCATCTGTTCCAGTTTTGTAA,CTT,GAG,4,8,TRUE,L,E,W,A,NA,NA,NA
PRM_0299,GLLLSRLDPSVPVL,GGTTTGTTACTTTCTAGATTGGATCCATCTGTTCCAGTTTTGTAA,CTT,GAT,4,8,TRUE,L,D,W,A,NA,NA,NA
PRM_0299,GLLLSRLVPSVPVL,GGTTTGTTACTTTCTAGATTGGTGCCATCTGTTCCAGTTTTGTAA,CTT,GTG,4,8,TRUE,L,V,W,A,NA,NA,NA
PRM_0299,GLLLSRLVPSVPVL,GGTTTGTTACTTTCTAGATTGGTTCCATCTGTTCCAGTTTTGTAA,CTT,GTT,4,8,TRUE,L,V,W,A,NA,NA,NA
PRM_0299,GLLLSRLGPSVPVL,GGTTTGTTACTTTCTAGATTGGGGCCATCTGTTCCAGTTTTGTAA,CTT,GGG,4,8,TRUE,L,G,W,A,NA,NA,NA
PRM_0299,GLLLSRLGPSVPVL,GGTTTGTTACTTTCTAGATTGGGTCCATCTGTTCCAGTTTTGTAA,CTT,GGT,4,8,TRUE,L,G,W,A,NA,NA,NA
PRM_0299,GLLLSRLAPSVPVL,GGTTTGTTACTTTCTAGATTGGCGCCATCTGTTCCAGTTTTGTAA,CTT,GCG,4,8,TRUE,L,A,W,A,NA,NA,NA
PRM_0299,GLLLSRLAPSVPVL,GGTTTGTTACTTTCTAGATTGGCTCCATCTGTTCCAGTTTTGTAA,CTT,GCT,4,8,TRUE,L,A,W,A,NA,NA,NA
PRM_0299,GLLLSRLQPSVPVL,GGTTTGTTACTTTCTAGATTGCAGCCATCTGTTCCAGTTTTGTAA,CTT,CAG,4,8,TRUE,L,Q,W,A,NA,NA,NA
PRM_0299,GLLLSRLHPSVPVL,GGTTTGTTACTTTCTAGATTGCATCCATCTGTTCCAGTTTTGTAA,CTT,CAT,4,8,TRUE,L,H,W,A,NA,NA,NA
PRM_0299,GLLLSRLLPSVPVL,GGTTTGTTACTTTCTAGATTGCTGCCATCTGTTCCAGTTTTGTAA,CTT,CTG,4,8,TRUE,L,L,W,A,NA,NA,NA
PRM_0299,GLLLSRLLPSVPVL,GGTTTGTTACTTTCTAGATTGCTTCCATCTGTTCCAGTTTTGTAA,CTT,CTT,4,8,TRUE,L,L,W,A,NA,NA,NA
PRM_0299,GLLLSRLRPSVPVL,GGTTTGTTACTTTCTAGATTGCGGCCATCTGTTCCAGTTTTGTAA,CTT,CGG,4,8,TRUE,L,R,W,A,NA,NA,NA
PRM_0299,GLLLSRLRPSVPVL,GGTTTGTTACTTTCTAGATTGCGTCCATCTGTTCCAGTTTTGTAA,CTT,CGT,4,8,TRUE,L,R,W,A,NA,NA,NA
PRM_0299,GLLLSRLPPSVPVL,GGTTTGTTACTTTCTAGATTGCCGCCATCTGTTCCAGTTTTGTAA,CTT,CCG,4,8,TRUE,L,P,W,A,NA,NA,NA
PRM_0299,GLLLSRLPPSVPVL,GGTTTGTTACTTTCTAGATTGCCTCCATCTGTTCCAGTTTTGTAA,CTT,CCT,4,8,TRUE,L,P,W,A,NA,NA,NA
PRM_0299,GLLRSRLKPSVPVL,GGTTTGTTACGGTCTAGATTGAAGCCATCTGTTCCAGTTTTGTAA,CGG,AAG,4,8,TRUE,R,K,W,A,NA,NA,NA
PRM_0299,GLLRSRLNPSVPVL,GGTTTGTTACGGTCTAGATTGAATCCATCTGTTCCAGTTTTGTAA,CGG,AAT,4,8,TRUE,R,N,W,A,NA,NA,NA
PRM_0299,GLLRSRLMPSVPVL,GGTTTGTTACGGTCTAGATTGATGCCATCTGTTCCAGTTTTGTAA,CGG,ATG,4,8,TRUE,R,M,W,A,NA,NA,NA
PRM_0299,GLLRSRLIPSVPVL,GGTTTGTTACGGTCTAGATTGATTCCATCTGTTCCAGTTTTGTAA,CGG,ATT,4,8,TRUE,R,I,W,A,NA,NA,NA
PRM_0299,GLLRSRLRPSVPVL,GGTTTGTTACGGTCTAGATTGAGGCCATCTGTTCCAGTTTTGTAA,CGG,AGG,4,8,TRUE,R,R,W,A,NA,NA,NA
PRM_0299,GLLRSRLSPSVPVL,GGTTTGTTACGGTCTAGATTGAGTCCATCTGTTCCAGTTTTGTAA,CGG,AGT,4,8,TRUE,R,S,W,A,NA,NA,NA
PRM_0299,GLLRSRLTPSVPVL,GGTTTGTTACGGTCTAGATTGACGCCATCTGTTCCAGTTTTGTAA,CGG,ACG,4,8,TRUE,R,T,W,A,NA,NA,NA
PRM_0299,GLLRSRLTPSVPVL,GGTTTGTTACGGTCTAGATTGACTCCATCTGTTCCAGTTTTGTAA,CGG,ACT,4,8,TRUE,R,T,W,A,NA,NA,NA
PRM_0299,GLLRSRL*PSVPVL,GGTTTGTTACGGTCTAGATTGTAGCCATCTGTTCCAGTTTTGTAA,CGG,TAG,4,8,TRUE,R,*,W,A,NA,NA,NA
PRM_0299,GLLRSRLYPSVPVL,GGTTTGTTACGGTCTAGATTGTATCCATCTGTTCCAGTTTTGTAA,CGG,TAT,4,8,TRUE,R,Y,W,A,NA,NA,NA
PRM_0299,GLLRSRLLPSVPVL,GGTTTGTTACGGTCTAGATTGTTGCCATCTGTTCCAGTTTTGTAA,CGG,TTG,4,8,TRUE,R,L,W,A,NA,NA,NA
PRM_0299,GLLRSRLFPSVPVL,GGTTTGTTACGGTCTAGATTGTTTCCATCTGTTCCAGTTTTGTAA,CGG,TTT,4,8,TRUE,R,F,W,A,NA,NA,NA
PRM_0299,GLLRSRLWPSVPVL,GGTTTGTTACGGTCTAGATTGTGGCCATCTGTTCCAGTTTTGTAA,CGG,TGG,4,8,TRUE,R,W,W,A,NA,NA,NA
PRM_0299,GLLRSRLCPSVPVL,GGTTTGTTACGGTCTAGATTGTGTCCATCTGTTCCAGTTTTGTAA,CGG,TGT,4,8,TRUE,R,C,W,A,NA,NA,NA
PRM_0299,GLLRSRLSPSVPVL,GGTTTGTTACGGTCTAGATTGTCGCCATCTGTTCCAGTTTTGTAA,CGG,TCG,4,8,TRUE,R,S,W,A,NA,NA,NA
PRM_0299,GLLRSRLSPSVPVL,GGTTTGTTACGGTCTAGATTGTCTCCATCTGTTCCAGTTTTGTAA,CGG,TCT,4,8,TRUE,R,S,W,A,NA,NA,NA
PRM_0299,GLLRSRLEPSVPVL,GGTTTGTTACGGTCTAGATTGGAGCCATCTGTTCCAGTTTTGTAA,CGG,GAG,4,8,TRUE,R,E,W,A,NA,NA,NA
PRM_0299,GLLRSRLDPSVPVL,GGTTTGTTACGGTCTAGATTGGATCCATCTGTTCCAGTTTTGTAA,CGG,GAT,4,8,TRUE,R,D,W,A,NA,NA,NA
PRM_0299,GLLRSRLVPSVPVL,GGTTTGTTACGGTCTAGATTGGTGCCATCTGTTCCAGTTTTGTAA,CGG,GTG,4,8,TRUE,R,V,W,A,NA,NA,NA
PRM_0299,GLLRSRLVPSVPVL,GGTTTGTTACGGTCTAGATTGGTTCCATCTGTTCCAGTTTTGTAA,CGG,GTT,4,8,TRUE,R,V,W,A,NA,NA,NA
PRM_0299,GLLRSRLGPSVPVL,GGTTTGTTACGGTCTAGATTGGGGCCATCTGTTCCAGTTTTGTAA,CGG,GGG,4,8,TRUE,R,G,W,A,NA,NA,NA
PRM_0299,GLLRSRLGPSVPVL,GGTTTGTTACGGTCTAGATTGGGTCCATCTGTTCCAGTTTTGTAA,CGG,GGT,4,8,TRUE,R,G,W,A,NA,NA,NA
PRM_0299,GLLRSRLAPSVPVL,GGTTTGTTACGGTCTAGATTGGCGCCATCTGTTCCAGTTTTGTAA,CGG,GCG,4,8,TRUE,R,A,W,A,NA,NA,NA
PRM_0299,GLLRSRLAPSVPVL,GGTTTGTTACGGTCTAGATTGGCTCCATCTGTTCCAGTTTTGTAA,CGG,GCT,4,8,TRUE,R,A,W,A,NA,NA,NA
PRM_0299,GLLRSRLQPSVPVL,GGTTTGTTACGGTCTAGATTGCAGCCATCTGTTCCAGTTTTGTAA,CGG,CAG,4,8,TRUE,R,Q,W,A,NA,NA,NA
PRM_0299,GLLRSRLHPSVPVL,GGTTTGTTACGGTCTAGATTGCATCCATCTGTTCCAGTTTTGTAA,CGG,CAT,4,8,TRUE,R,H,W,A,NA,NA,NA
PRM_0299,GLLRSRLLPSVPVL,GGTTTGTTACGGTCTAGATTGCTGCCATCTGTTCCAGTTTTGTAA,CGG,CTG,4,8,TRUE,R,L,W,A,NA,NA,NA
PRM_0299,GLLRSRLLPSVPVL,GGTTTGTTACGGTCTAGATTGCTTCCATCTGTTCCAGTTTTGTAA,CGG,CTT,4,8,TRUE,R,L,W,A,NA,NA,NA
PRM_0299,GLLRSRLRPSVPVL,GGTTTGTTACGGTCTAGATTGCGGCCATCTGTTCCAGTTTTGTAA,CGG,CGG,4,8,TRUE,R,R,W,A,NA,NA,NA
PRM_0299,GLLRSRLRPSVPVL,GGTTTGTTACGGTCTAGATTGCGTCCATCTGTTCCAGTTTTGTAA,CGG,CGT,4,8,TRUE,R,R,W,A,NA,NA,NA
PRM_0299,GLLRSRLPPSVPVL,GGTTTGTTACGGTCTAGATTGCCGCCATCTGTTCCAGTTTTGTAA,CGG,CCG,4,8,TRUE,R,P,W,A,NA,NA,NA
PRM_0299,GLLRSRLPPSVPVL,GGTTTGTTACGGTCTAGATTGCCTCCATCTGTTCCAGTTTTGTAA,CGG,CCT,4,8,TRUE,R,P,W,A,NA,NA,NA
PRM_0299,GLLRSRLKPSVPVL,GGTTTGTTACGTTCTAGATTGAAGCCATCTGTTCCAGTTTTGTAA,CGT,AAG,4,8,TRUE,R,K,W,A,NA,NA,NA
PRM_0299,GLLRSRLNPSVPVL,GGTTTGTTACGTTCTAGATTGAATCCATCTGTTCCAGTTTTGTAA,CGT,AAT,4,8,TRUE,R,N,W,A,NA,NA,NA
PRM_0299,GLLRSRLMPSVPVL,GGTTTGTTACGTTCTAGATTGATGCCATCTGTTCCAGTTTTGTAA,CGT,ATG,4,8,TRUE,R,M,W,A,NA,NA,NA
PRM_0299,GLLRSRLIPSVPVL,GGTTTGTTACGTTCTAGATTGATTCCATCTGTTCCAGTTTTGTAA,CGT,ATT,4,8,TRUE,R,I,W,A,NA,NA,NA
PRM_0299,GLLRSRLRPSVPVL,GGTTTGTTACGTTCTAGATTGAGGCCATCTGTTCCAGTTTTGTAA,CGT,AGG,4,8,TRUE,R,R,W,A,NA,NA,NA
PRM_0299,GLLRSRLSPSVPVL,GGTTTGTTACGTTCTAGATTGAGTCCATCTGTTCCAGTTTTGTAA,CGT,AGT,4,8,TRUE,R,S,W,A,NA,NA,NA
PRM_0299,GLLRSRLTPSVPVL,GGTTTGTTACGTTCTAGATTGACGCCATCTGTTCCAGTTTTGTAA,CGT,ACG,4,8,TRUE,R,T,W,A,NA,NA,NA
PRM_0299,GLLRSRLTPSVPVL,GGTTTGTTACGTTCTAGATTGACTCCATCTGTTCCAGTTTTGTAA,CGT,ACT,4,8,TRUE,R,T,W,A,NA,NA,NA
PRM_0299,GLLRSRL*PSVPVL,GGTTTGTTACGTTCTAGATTGTAGCCATCTGTTCCAGTTTTGTAA,CGT,TAG,4,8,TRUE,R,*,W,A,NA,NA,NA
PRM_0299,GLLRSRLYPSVPVL,GGTTTGTTACGTTCTAGATTGTATCCATCTGTTCCAGTTTTGTAA,CGT,TAT,4,8,TRUE,R,Y,W,A,NA,NA,NA
PRM_0299,GLLRSRLLPSVPVL,GGTTTGTTACGTTCTAGATTGTTGCCATCTGTTCCAGTTTTGTAA,CGT,TTG,4,8,TRUE,R,L,W,A,NA,NA,NA
PRM_0299,GLLRSRLFPSVPVL,GGTTTGTTACGTTCTAGATTGTTTCCATCTGTTCCAGTTTTGTAA,CGT,TTT,4,8,TRUE,R,F,W,A,NA,NA,NA
PRM_0299,GLLRSRLWPSVPVL,GGTTTGTTACGTTCTAGATTGTGGCCATCTGTTCCAGTTTTGTAA,CGT,TGG,4,8,TRUE,R,W,W,A,NA,NA,NA
PRM_0299,GLLRSRLCPSVPVL,GGTTTGTTACGTTCTAGATTGTGTCCATCTGTTCCAGTTTTGTAA,CGT,TGT,4,8,TRUE,R,C,W,A,NA,NA,NA
PRM_0299,GLLRSRLSPSVPVL,GGTTTGTTACGTTCTAGATTGTCGCCATCTGTTCCAGTTTTGTAA,CGT,TCG,4,8,TRUE,R,S,W,A,NA,NA,NA
PRM_0299,GLLRSRLSPSVPVL,GGTTTGTTACGTTCTAGATTGTCTCCATCTGTTCCAGTTTTGTAA,CGT,TCT,4,8,TRUE,R,S,W,A,NA,NA,NA
PRM_0299,GLLRSRLEPSVPVL,GGTTTGTTACGTTCTAGATTGGAGCCATCTGTTCCAGTTTTGTAA,CGT,GAG,4,8,TRUE,R,E,W,A,NA,NA,NA
PRM_0299,GLLRSRLDPSVPVL,GGTTTGTTACGTTCTAGATTGGATCCATCTGTTCCAGTTTTGTAA,CGT,GAT,4,8,TRUE,R,D,W,A,NA,NA,NA
PRM_0299,GLLRSRLVPSVPVL,GGTTTGTTACGTTCTAGATTGGTGCCATCTGTTCCAGTTTTGTAA,CGT,GTG,4,8,TRUE,R,V,W,A,NA,NA,NA
PRM_0299,GLLRSRLVPSVPVL,GGTTTGTTACGTTCTAGATTGGTTCCATCTGTTCCAGTTTTGTAA,CGT,GTT,4,8,TRUE,R,V,W,A,NA,NA,NA
PRM_0299,GLLRSRLGPSVPVL,GGTTTGTTACGTTCTAGATTGGGGCCATCTGTTCCAGTTTTGTAA,CGT,GGG,4,8,TRUE,R,G,W,A,NA,NA,NA
PRM_0299,GLLRSRLGPSVPVL,GGTTTGTTACGTTCTAGATTGGGTCCATCTGTTCCAGTTTTGTAA,CGT,GGT,4,8,TRUE,R,G,W,A,NA,NA,NA
PRM_0299,GLLRSRLAPSVPVL,GGTTTGTTACGTTCTAGATTGGCGCCATCTGTTCCAGTTTTGTAA,CGT,GCG,4,8,TRUE,R,A,W,A,NA,NA,NA
PRM_0299,GLLRSRLAPSVPVL,GGTTTGTTACGTTCTAGATTGGCTCCATCTGTTCCAGTTTTGTAA,CGT,GCT,4,8,TRUE,R,A,W,A,NA,NA,NA
PRM_0299,GLLRSRLQPSVPVL,GGTTTGTTACGTTCTAGATTGCAGCCATCTGTTCCAGTTTTGTAA,CGT,CAG,4,8,TRUE,R,Q,W,A,NA,NA,NA
PRM_0299,GLLRSRLHPSVPVL,GGTTTGTTACGTTCTAGATTGCATCCATCTGTTCCAGTTTTGTAA,CGT,CAT,4,8,TRUE,R,H,W,A,NA,NA,NA
PRM_0299,GLLRSRLLPSVPVL,GGTTTGTTACGTTCTAGATTGCTGCCATCTGTTCCAGTTTTGTAA,CGT,CTG,4,8,TRUE,R,L,W,A,NA,NA,NA
PRM_0299,GLLRSRLLPSVPVL,GGTTTGTTACGTTCTAGATTGCTTCCATCTGTTCCAGTTTTGTAA,CGT,CTT,4,8,TRUE,R,L,W,A,NA,NA,NA
PRM_0299,GLLRSRLRPSVPVL,GGTTTGTTACGTTCTAGATTGCGGCCATCTGTTCCAGTTTTGTAA,CGT,CGG,4,8,TRUE,R,R,W,A,NA,NA,NA
PRM_0299,GLLRSRLRPSVPVL,GGTTTGTTACGTTCTAGATTGCGTCCATCTGTTCCAGTTTTGTAA,CGT,CGT,4,8,TRUE,R,R,W,A,NA,NA,NA
PRM_0299,GLLRSRLPPSVPVL,GGTTTGTTACGTTCTAGATTGCCGCCATCTGTTCCAGTTTTGTAA,CGT,CCG,4,8,TRUE,R,P,W,A,NA,NA,NA
PRM_0299,GLLRSRLPPSVPVL,GGTTTGTTACGTTCTAGATTGCCTCCATCTGTTCCAGTTTTGTAA,CGT,CCT,4,8,TRUE,R,P,W,A,NA,NA,NA
PRM_0299,GLLPSRLKPSVPVL,GGTTTGTTACCGTCTAGATTGAAGCCATCTGTTCCAGTTTTGTAA,CCG,AAG,4,8,TRUE,P,K,W,A,NA,NA,NA
PRM_0299,GLLPSRLNPSVPVL,GGTTTGTTACCGTCTAGATTGAATCCATCTGTTCCAGTTTTGTAA,CCG,AAT,4,8,TRUE,P,N,W,A,NA,NA,NA
PRM_0299,GLLPSRLMPSVPVL,GGTTTGTTACCGTCTAGATTGATGCCATCTGTTCCAGTTTTGTAA,CCG,ATG,4,8,TRUE,P,M,W,A,NA,NA,NA
PRM_0299,GLLPSRLIPSVPVL,GGTTTGTTACCGTCTAGATTGATTCCATCTGTTCCAGTTTTGTAA,CCG,ATT,4,8,TRUE,P,I,W,A,NA,NA,NA
PRM_0299,GLLPSRLRPSVPVL,GGTTTGTTACCGTCTAGATTGAGGCCATCTGTTCCAGTTTTGTAA,CCG,AGG,4,8,TRUE,P,R,W,A,NA,NA,NA
PRM_0299,GLLPSRLSPSVPVL,GGTTTGTTACCGTCTAGATTGAGTCCATCTGTTCCAGTTTTGTAA,CCG,AGT,4,8,TRUE,P,S,W,A,NA,NA,NA
PRM_0299,GLLPSRLTPSVPVL,GGTTTGTTACCGTCTAGATTGACGCCATCTGTTCCAGTTTTGTAA,CCG,ACG,4,8,TRUE,P,T,W,A,NA,NA,NA
PRM_0299,GLLPSRLTPSVPVL,GGTTTGTTACCGTCTAGATTGACTCCATCTGTTCCAGTTTTGTAA,CCG,ACT,4,8,TRUE,P,T,W,A,NA,NA,NA
PRM_0299,GLLPSRL*PSVPVL,GGTTTGTTACCGTCTAGATTGTAGCCATCTGTTCCAGTTTTGTAA,CCG,TAG,4,8,TRUE,P,*,W,A,NA,NA,NA
PRM_0299,GLLPSRLYPSVPVL,GGTTTGTTACCGTCTAGATTGTATCCATCTGTTCCAGTTTTGTAA,CCG,TAT,4,8,TRUE,P,Y,W,A,NA,NA,NA
PRM_0299,GLLPSRLLPSVPVL,GGTTTGTTACCGTCTAGATTGTTGCCATCTGTTCCAGTTTTGTAA,CCG,TTG,4,8,TRUE,P,L,W,A,NA,NA,NA
PRM_0299,GLLPSRLFPSVPVL,GGTTTGTTACCGTCTAGATTGTTTCCATCTGTTCCAGTTTTGTAA,CCG,TTT,4,8,TRUE,P,F,W,A,NA,NA,NA
PRM_0299,GLLPSRLWPSVPVL,GGTTTGTTACCGTCTAGATTGTGGCCATCTGTTCCAGTTTTGTAA,CCG,TGG,4,8,TRUE,P,W,W,A,NA,NA,NA
PRM_0299,GLLPSRLCPSVPVL,GGTTTGTTACCGTCTAGATTGTGTCCATCTGTTCCAGTTTTGTAA,CCG,TGT,4,8,TRUE,P,C,W,A,NA,NA,NA
PRM_0299,GLLPSRLSPSVPVL,GGTTTGTTACCGTCTAGATTGTCGCCATCTGTTCCAGTTTTGTAA,CCG,TCG,4,8,TRUE,P,S,W,A,NA,NA,NA
PRM_0299,GLLPSRLSPSVPVL,GGTTTGTTACCGTCTAGATTGTCTCCATCTGTTCCAGTTTTGTAA,CCG,TCT,4,8,TRUE,P,S,W,A,NA,NA,NA
PRM_0299,GLLPSRLEPSVPVL,GGTTTGTTACCGTCTAGATTGGAGCCATCTGTTCCAGTTTTGTAA,CCG,GAG,4,8,TRUE,P,E,W,A,NA,NA,NA
PRM_0299,GLLPSRLDPSVPVL,GGTTTGTTACCGTCTAGATTGGATCCATCTGTTCCAGTTTTGTAA,CCG,GAT,4,8,TRUE,P,D,W,A,NA,NA,NA
PRM_0299,GLLPSRLVPSVPVL,GGTTTGTTACCGTCTAGATTGGTGCCATCTGTTCCAGTTTTGTAA,CCG,GTG,4,8,TRUE,P,V,W,A,NA,NA,NA
PRM_0299,GLLPSRLVPSVPVL,GGTTTGTTACCGTCTAGATTGGTTCCATCTGTTCCAGTTTTGTAA,CCG,GTT,4,8,TRUE,P,V,W,A,NA,NA,NA
PRM_0299,GLLPSRLGPSVPVL,GGTTTGTTACCGTCTAGATTGGGGCCATCTGTTCCAGTTTTGTAA,CCG,GGG,4,8,TRUE,P,G,W,A,NA,NA,NA
PRM_0299,GLLPSRLGPSVPVL,GGTTTGTTACCGTCTAGATTGGGTCCATCTGTTCCAGTTTTGTAA,CCG,GGT,4,8,TRUE,P,G,W,A,NA,NA,NA
PRM_0299,GLLPSRLAPSVPVL,GGTTTGTTACCGTCTAGATTGGCGCCATCTGTTCCAGTTTTGTAA,CCG,GCG,4,8,TRUE,P,A,W,A,NA,NA,NA
PRM_0299,GLLPSRLAPSVPVL,GGTTTGTTACCGTCTAGATTGGCTCCATCTGTTCCAGTTTTGTAA,CCG,GCT,4,8,TRUE,P,A,W,A,NA,NA,NA
PRM_0299,GLLPSRLQPSVPVL,GGTTTGTTACCGTCTAGATTGCAGCCATCTGTTCCAGTTTTGTAA,CCG,CAG,4,8,TRUE,P,Q,W,A,NA,NA,NA
PRM_0299,GLLPSRLHPSVPVL,GGTTTGTTACCGTCTAGATTGCATCCATCTGTTCCAGTTTTGTAA,CCG,CAT,4,8,TRUE,P,H,W,A,NA,NA,NA
PRM_0299,GLLPSRLLPSVPVL,GGTTTGTTACCGTCTAGATTGCTGCCATCTGTTCCAGTTTTGTAA,CCG,CTG,4,8,TRUE,P,L,W,A,NA,NA,NA
PRM_0299,GLLPSRLLPSVPVL,GGTTTGTTACCGTCTAGATTGCTTCCATCTGTTCCAGTTTTGTAA,CCG,CTT,4,8,TRUE,P,L,W,A,NA,NA,NA
PRM_0299,GLLPSRLRPSVPVL,GGTTTGTTACCGTCTAGATTGCGGCCATCTGTTCCAGTTTTGTAA,CCG,CGG,4,8,TRUE,P,R,W,A,NA,NA,NA
PRM_0299,GLLPSRLRPSVPVL,GGTTTGTTACCGTCTAGATTGCGTCCATCTGTTCCAGTTTTGTAA,CCG,CGT,4,8,TRUE,P,R,W,A,NA,NA,NA
PRM_0299,GLLPSRLPPSVPVL,GGTTTGTTACCGTCTAGATTGCCGCCATCTGTTCCAGTTTTGTAA,CCG,CCG,4,8,TRUE,P,P,W,A,NA,NA,NA
PRM_0299,GLLPSRLPPSVPVL,GGTTTGTTACCGTCTAGATTGCCTCCATCTGTTCCAGTTTTGTAA,CCG,CCT,4,8,TRUE,P,P,W,A,NA,NA,NA
PRM_0299,GLLPSRLKPSVPVL,GGTTTGTTACCTTCTAGATTGAAGCCATCTGTTCCAGTTTTGTAA,CCT,AAG,4,8,TRUE,P,K,W,A,NA,NA,NA
PRM_0299,GLLPSRLNPSVPVL,GGTTTGTTACCTTCTAGATTGAATCCATCTGTTCCAGTTTTGTAA,CCT,AAT,4,8,TRUE,P,N,W,A,NA,NA,NA
PRM_0299,GLLPSRLMPSVPVL,GGTTTGTTACCTTCTAGATTGATGCCATCTGTTCCAGTTTTGTAA,CCT,ATG,4,8,TRUE,P,M,W,A,NA,NA,NA
PRM_0299,GLLPSRLIPSVPVL,GGTTTGTTACCTTCTAGATTGATTCCATCTGTTCCAGTTTTGTAA,CCT,ATT,4,8,TRUE,P,I,W,A,NA,NA,NA
PRM_0299,GLLPSRLRPSVPVL,GGTTTGTTACCTTCTAGATTGAGGCCATCTGTTCCAGTTTTGTAA,CCT,AGG,4,8,TRUE,P,R,W,A,NA,NA,NA
PRM_0299,GLLPSRLSPSVPVL,GGTTTGTTACCTTCTAGATTGAGTCCATCTGTTCCAGTTTTGTAA,CCT,AGT,4,8,TRUE,P,S,W,A,NA,NA,NA
PRM_0299,GLLPSRLTPSVPVL,GGTTTGTTACCTTCTAGATTGACGCCATCTGTTCCAGTTTTGTAA,CCT,ACG,4,8,TRUE,P,T,W,A,NA,NA,NA
PRM_0299,GLLPSRLTPSVPVL,GGTTTGTTACCTTCTAGATTGACTCCATCTGTTCCAGTTTTGTAA,CCT,ACT,4,8,TRUE,P,T,W,A,NA,NA,NA
PRM_0299,GLLPSRL*PSVPVL,GGTTTGTTACCTTCTAGATTGTAGCCATCTGTTCCAGTTTTGTAA,CCT,TAG,4,8,TRUE,P,*,W,A,NA,NA,NA
PRM_0299,GLLPSRLYPSVPVL,GGTTTGTTACCTTCTAGATTGTATCCATCTGTTCCAGTTTTGTAA,CCT,TAT,4,8,TRUE,P,Y,W,A,NA,NA,NA
PRM_0299,GLLPSRLLPSVPVL,GGTTTGTTACCTTCTAGATTGTTGCCATCTGTTCCAGTTTTGTAA,CCT,TTG,4,8,TRUE,P,L,W,A,NA,NA,NA
PRM_0299,GLLPSRLFPSVPVL,GGTTTGTTACCTTCTAGATTGTTTCCATCTGTTCCAGTTTTGTAA,CCT,TTT,4,8,TRUE,P,F,W,A,NA,NA,NA
PRM_0299,GLLPSRLWPSVPVL,GGTTTGTTACCTTCTAGATTGTGGCCATCTGTTCCAGTTTTGTAA,CCT,TGG,4,8,TRUE,P,W,W,A,NA,NA,NA
PRM_0299,GLLPSRLCPSVPVL,GGTTTGTTACCTTCTAGATTGTGTCCATCTGTTCCAGTTTTGTAA,CCT,TGT,4,8,TRUE,P,C,W,A,NA,NA,NA
PRM_0299,GLLPSRLSPSVPVL,GGTTTGTTACCTTCTAGATTGTCGCCATCTGTTCCAGTTTTGTAA,CCT,TCG,4,8,TRUE,P,S,W,A,NA,NA,NA
PRM_0299,GLLPSRLSPSVPVL,GGTTTGTTACCTTCTAGATTGTCTCCATCTGTTCCAGTTTTGTAA,CCT,TCT,4,8,TRUE,P,S,W,A,NA,NA,NA
PRM_0299,GLLPSRLEPSVPVL,GGTTTGTTACCTTCTAGATTGGAGCCATCTGTTCCAGTTTTGTAA,CCT,GAG,4,8,TRUE,P,E,W,A,NA,NA,NA
PRM_0299,GLLPSRLDPSVPVL,GGTTTGTTACCTTCTAGATTGGATCCATCTGTTCCAGTTTTGTAA,CCT,GAT,4,8,TRUE,P,D,W,A,NA,NA,NA
PRM_0299,GLLPSRLVPSVPVL,GGTTTGTTACCTTCTAGATTGGTGCCATCTGTTCCAGTTTTGTAA,CCT,GTG,4,8,TRUE,P,V,W,A,NA,NA,NA
PRM_0299,GLLPSRLVPSVPVL,GGTTTGTTACCTTCTAGATTGGTTCCATCTGTTCCAGTTTTGTAA,CCT,GTT,4,8,TRUE,P,V,W,A,NA,NA,NA
PRM_0299,GLLPSRLGPSVPVL,GGTTTGTTACCTTCTAGATTGGGGCCATCTGTTCCAGTTTTGTAA,CCT,GGG,4,8,TRUE,P,G,W,A,NA,NA,NA
PRM_0299,GLLPSRLGPSVPVL,GGTTTGTTACCTTCTAGATTGGGTCCATCTGTTCCAGTTTTGTAA,CCT,GGT,4,8,TRUE,P,G,W,A,NA,NA,NA
PRM_0299,GLLPSRLAPSVPVL,GGTTTGTTACCTTCTAGATTGGCGCCATCTGTTCCAGTTTTGTAA,CCT,GCG,4,8,TRUE,P,A,W,A,NA,NA,NA
PRM_0299,GLLPSRLAPSVPVL,GGTTTGTTACCTTCTAGATTGGCTCCATCTGTTCCAGTTTTGTAA,CCT,GCT,4,8,TRUE,P,A,W,A,NA,NA,NA
PRM_0299,GLLPSRLQPSVPVL,GGTTTGTTACCTTCTAGATTGCAGCCATCTGTTCCAGTTTTGTAA,CCT,CAG,4,8,TRUE,P,Q,W,A,NA,NA,NA
PRM_0299,GLLPSRLHPSVPVL,GGTTTGTTACCTTCTAGATTGCATCCATCTGTTCCAGTTTTGTAA,CCT,CAT,4,8,TRUE,P,H,W,A,NA,NA,NA
PRM_0299,GLLPSRLLPSVPVL,GGTTTGTTACCTTCTAGATTGCTGCCATCTGTTCCAGTTTTGTAA,CCT,CTG,4,8,TRUE,P,L,W,A,NA,NA,NA
PRM_0299,GLLPSRLLPSVPVL,GGTTTGTTACCTTCTAGATTGCTTCCATCTGTTCCAGTTTTGTAA,CCT,CTT,4,8,TRUE,P,L,W,A,NA,NA,NA
PRM_0299,GLLPSRLRPSVPVL,GGTTTGTTACCTTCTAGATTGCGGCCATCTGTTCCAGTTTTGTAA,CCT,CGG,4,8,TRUE,P,R,W,A,NA,NA,NA
PRM_0299,GLLPSRLRPSVPVL,GGTTTGTTACCTTCTAGATTGCGTCCATCTGTTCCAGTTTTGTAA,CCT,CGT,4,8,TRUE,P,R,W,A,NA,NA,NA
PRM_0299,GLLPSRLPPSVPVL,GGTTTGTTACCTTCTAGATTGCCGCCATCTGTTCCAGTTTTGTAA,CCT,CCG,4,8,TRUE,P,P,W,A,NA,NA,NA
PRM_0299,GLLPSRLPPSVPVL,GGTTTGTTACCTTCTAGATTGCCTCCATCTGTTCCAGTTTTGTAA,CCT,CCT,4,8,TRUE,P,P,W,A,NA,NA,NA
PRM_0363,SGRKWFKDWL,TCTGGTAGAAAGTGGTTCAAGGATTGGTTGTAA,AAG,AAG,4,7,TRUE,K,K,F,S,NA,NA,NA
PRM_0363,SGRKWFNDWL,TCTGGTAGAAAGTGGTTCAATGATTGGTTGTAA,AAG,AAT,4,7,TRUE,K,N,F,S,NA,NA,NA
PRM_0363,SGRKWFMDWL,TCTGGTAGAAAGTGGTTCATGGATTGGTTGTAA,AAG,ATG,4,7,TRUE,K,M,F,S,NA,NA,NA
PRM_0363,SGRKWFIDWL,TCTGGTAGAAAGTGGTTCATTGATTGGTTGTAA,AAG,ATT,4,7,TRUE,K,I,F,S,NA,NA,NA
PRM_0363,SGRKWFRDWL,TCTGGTAGAAAGTGGTTCAGGGATTGGTTGTAA,AAG,AGG,4,7,TRUE,K,R,F,S,NA,NA,NA
PRM_0363,SGRKWFSDWL,TCTGGTAGAAAGTGGTTCAGTGATTGGTTGTAA,AAG,AGT,4,7,FALSE,K,S,F,S,NA,NA,NA
PRM_0363,SGRKWFTDWL,TCTGGTAGAAAGTGGTTCACGGATTGGTTGTAA,AAG,ACG,4,7,TRUE,K,T,F,S,NA,NA,NA
PRM_0363,SGRKWFTDWL,TCTGGTAGAAAGTGGTTCACTGATTGGTTGTAA,AAG,ACT,4,7,TRUE,K,T,F,S,NA,NA,NA
PRM_0363,SGRKWF*DWL,TCTGGTAGAAAGTGGTTCTAGGATTGGTTGTAA,AAG,TAG,4,7,TRUE,K,*,F,S,NA,NA,NA
PRM_0363,SGRKWFYDWL,TCTGGTAGAAAGTGGTTCTATGATTGGTTGTAA,AAG,TAT,4,7,TRUE,K,Y,F,S,NA,NA,NA
PRM_0363,SGRKWFLDWL,TCTGGTAGAAAGTGGTTCTTGGATTGGTTGTAA,AAG,TTG,4,7,TRUE,K,L,F,S,NA,NA,NA
PRM_0363,SGRKWFFDWL,TCTGGTAGAAAGTGGTTCTTTGATTGGTTGTAA,AAG,TTT,4,7,TRUE,K,F,F,S,NA,NA,NA
PRM_0363,SGRKWFWDWL,TCTGGTAGAAAGTGGTTCTGGGATTGGTTGTAA,AAG,TGG,4,7,TRUE,K,W,F,S,NA,NA,NA
PRM_0363,SGRKWFCDWL,TCTGGTAGAAAGTGGTTCTGTGATTGGTTGTAA,AAG,TGT,4,7,TRUE,K,C,F,S,NA,NA,NA
PRM_0363,SGRKWFSDWL,TCTGGTAGAAAGTGGTTCTCGGATTGGTTGTAA,AAG,TCG,4,7,FALSE,K,S,F,S,NA,NA,NA
PRM_0363,SGRKWFSDWL,TCTGGTAGAAAGTGGTTCTCTGATTGGTTGTAA,AAG,TCT,4,7,FALSE,K,S,F,S,NA,NA,NA
PRM_0363,SGRKWFEDWL,TCTGGTAGAAAGTGGTTCGAGGATTGGTTGTAA,AAG,GAG,4,7,TRUE,K,E,F,S,NA,NA,NA
PRM_0363,SGRKWFDDWL,TCTGGTAGAAAGTGGTTCGATGATTGGTTGTAA,AAG,GAT,4,7,TRUE,K,D,F,S,NA,NA,NA
PRM_0363,SGRKWFVDWL,TCTGGTAGAAAGTGGTTCGTGGATTGGTTGTAA,AAG,GTG,4,7,TRUE,K,V,F,S,NA,NA,NA
PRM_0363,SGRKWFVDWL,TCTGGTAGAAAGTGGTTCGTTGATTGGTTGTAA,AAG,GTT,4,7,TRUE,K,V,F,S,NA,NA,NA
PRM_0363,SGRKWFGDWL,TCTGGTAGAAAGTGGTTCGGGGATTGGTTGTAA,AAG,GGG,4,7,TRUE,K,G,F,S,NA,NA,NA
PRM_0363,SGRKWFGDWL,TCTGGTAGAAAGTGGTTCGGTGATTGGTTGTAA,AAG,GGT,4,7,TRUE,K,G,F,S,NA,NA,NA
PRM_0363,SGRKWFADWL,TCTGGTAGAAAGTGGTTCGCGGATTGGTTGTAA,AAG,GCG,4,7,TRUE,K,A,F,S,NA,NA,NA
PRM_0363,SGRKWFADWL,TCTGGTAGAAAGTGGTTCGCTGATTGGTTGTAA,AAG,GCT,4,7,TRUE,K,A,F,S,NA,NA,NA
PRM_0363,SGRKWFQDWL,TCTGGTAGAAAGTGGTTCCAGGATTGGTTGTAA,AAG,CAG,4,7,TRUE,K,Q,F,S,NA,NA,NA
PRM_0363,SGRKWFHDWL,TCTGGTAGAAAGTGGTTCCATGATTGGTTGTAA,AAG,CAT,4,7,TRUE,K,H,F,S,NA,NA,NA
PRM_0363,SGRKWFLDWL,TCTGGTAGAAAGTGGTTCCTGGATTGGTTGTAA,AAG,CTG,4,7,TRUE,K,L,F,S,NA,NA,NA
PRM_0363,SGRKWFLDWL,TCTGGTAGAAAGTGGTTCCTTGATTGGTTGTAA,AAG,CTT,4,7,TRUE,K,L,F,S,NA,NA,NA
PRM_0363,SGRKWFRDWL,TCTGGTAGAAAGTGGTTCCGGGATTGGTTGTAA,AAG,CGG,4,7,TRUE,K,R,F,S,NA,NA,NA
PRM_0363,SGRKWFRDWL,TCTGGTAGAAAGTGGTTCCGTGATTGGTTGTAA,AAG,CGT,4,7,TRUE,K,R,F,S,NA,NA,NA
PRM_0363,SGRKWFPDWL,TCTGGTAGAAAGTGGTTCCCGGATTGGTTGTAA,AAG,CCG,4,7,TRUE,K,P,F,S,NA,NA,NA
PRM_0363,SGRKWFPDWL,TCTGGTAGAAAGTGGTTCCCTGATTGGTTGTAA,AAG,CCT,4,7,TRUE,K,P,F,S,NA,NA,NA
PRM_0363,SGRNWFKDWL,TCTGGTAGAAATTGGTTCAAGGATTGGTTGTAA,AAT,AAG,4,7,TRUE,N,K,F,S,NA,NA,NA
PRM_0363,SGRNWFNDWL,TCTGGTAGAAATTGGTTCAATGATTGGTTGTAA,AAT,AAT,4,7,TRUE,N,N,F,S,NA,NA,NA
PRM_0363,SGRNWFMDWL,TCTGGTAGAAATTGGTTCATGGATTGGTTGTAA,AAT,ATG,4,7,TRUE,N,M,F,S,NA,NA,NA
PRM_0363,SGRNWFIDWL,TCTGGTAGAAATTGGTTCATTGATTGGTTGTAA,AAT,ATT,4,7,TRUE,N,I,F,S,NA,NA,NA
PRM_0363,SGRNWFRDWL,TCTGGTAGAAATTGGTTCAGGGATTGGTTGTAA,AAT,AGG,4,7,TRUE,N,R,F,S,NA,NA,NA
PRM_0363,SGRNWFSDWL,TCTGGTAGAAATTGGTTCAGTGATTGGTTGTAA,AAT,AGT,4,7,FALSE,N,S,F,S,NA,NA,NA
PRM_0363,SGRNWFTDWL,TCTGGTAGAAATTGGTTCACGGATTGGTTGTAA,AAT,ACG,4,7,TRUE,N,T,F,S,NA,NA,NA
PRM_0363,SGRNWFTDWL,TCTGGTAGAAATTGGTTCACTGATTGGTTGTAA,AAT,ACT,4,7,TRUE,N,T,F,S,NA,NA,NA
PRM_0363,SGRNWF*DWL,TCTGGTAGAAATTGGTTCTAGGATTGGTTGTAA,AAT,TAG,4,7,TRUE,N,*,F,S,NA,NA,NA
PRM_0363,SGRNWFYDWL,TCTGGTAGAAATTGGTTCTATGATTGGTTGTAA,AAT,TAT,4,7,TRUE,N,Y,F,S,NA,NA,NA
PRM_0363,SGRNWFLDWL,TCTGGTAGAAATTGGTTCTTGGATTGGTTGTAA,AAT,TTG,4,7,TRUE,N,L,F,S,NA,NA,NA
PRM_0363,SGRNWFFDWL,TCTGGTAGAAATTGGTTCTTTGATTGGTTGTAA,AAT,TTT,4,7,TRUE,N,F,F,S,NA,NA,NA
PRM_0363,SGRNWFWDWL,TCTGGTAGAAATTGGTTCTGGGATTGGTTGTAA,AAT,TGG,4,7,TRUE,N,W,F,S,NA,NA,NA
PRM_0363,SGRNWFCDWL,TCTGGTAGAAATTGGTTCTGTGATTGGTTGTAA,AAT,TGT,4,7,TRUE,N,C,F,S,NA,NA,NA
PRM_0363,SGRNWFSDWL,TCTGGTAGAAATTGGTTCTCGGATTGGTTGTAA,AAT,TCG,4,7,FALSE,N,S,F,S,NA,NA,NA
PRM_0363,SGRNWFSDWL,TCTGGTAGAAATTGGTTCTCTGATTGGTTGTAA,AAT,TCT,4,7,FALSE,N,S,F,S,NA,NA,NA
PRM_0363,SGRNWFEDWL,TCTGGTAGAAATTGGTTCGAGGATTGGTTGTAA,AAT,GAG,4,7,TRUE,N,E,F,S,NA,NA,NA
PRM_0363,SGRNWFDDWL,TCTGGTAGAAATTGGTTCGATGATTGGTTGTAA,AAT,GAT,4,7,TRUE,N,D,F,S,NA,NA,NA
PRM_0363,SGRNWFVDWL,TCTGGTAGAAATTGGTTCGTGGATTGGTTGTAA,AAT,GTG,4,7,TRUE,N,V,F,S,NA,NA,NA
PRM_0363,SGRNWFVDWL,TCTGGTAGAAATTGGTTCGTTGATTGGTTGTAA,AAT,GTT,4,7,TRUE,N,V,F,S,NA,NA,NA
PRM_0363,SGRNWFGDWL,TCTGGTAGAAATTGGTTCGGGGATTGGTTGTAA,AAT,GGG,4,7,TRUE,N,G,F,S,NA,NA,NA
PRM_0363,SGRNWFGDWL,TCTGGTAGAAATTGGTTCGGTGATTGGTTGTAA,AAT,GGT,4,7,TRUE,N,G,F,S,NA,NA,NA
PRM_0363,SGRNWFADWL,TCTGGTAGAAATTGGTTCGCGGATTGGTTGTAA,AAT,GCG,4,7,TRUE,N,A,F,S,NA,NA,NA
PRM_0363,SGRNWFADWL,TCTGGTAGAAATTGGTTCGCTGATTGGTTGTAA,AAT,GCT,4,7,TRUE,N,A,F,S,NA,NA,NA
PRM_0363,SGRNWFQDWL,TCTGGTAGAAATTGGTTCCAGGATTGGTTGTAA,AAT,CAG,4,7,TRUE,N,Q,F,S,NA,NA,NA
PRM_0363,SGRNWFHDWL,TCTGGTAGAAATTGGTTCCATGATTGGTTGTAA,AAT,CAT,4,7,TRUE,N,H,F,S,NA,NA,NA
PRM_0363,SGRNWFLDWL,TCTGGTAGAAATTGGTTCCTGGATTGGTTGTAA,AAT,CTG,4,7,TRUE,N,L,F,S,NA,NA,NA
PRM_0363,SGRNWFLDWL,TCTGGTAGAAATTGGTTCCTTGATTGGTTGTAA,AAT,CTT,4,7,TRUE,N,L,F,S,NA,NA,NA
PRM_0363,SGRNWFRDWL,TCTGGTAGAAATTGGTTCCGGGATTGGTTGTAA,AAT,CGG,4,7,TRUE,N,R,F,S,NA,NA,NA
PRM_0363,SGRNWFRDWL,TCTGGTAGAAATTGGTTCCGTGATTGGTTGTAA,AAT,CGT,4,7,TRUE,N,R,F,S,NA,NA,NA
PRM_0363,SGRNWFPDWL,TCTGGTAGAAATTGGTTCCCGGATTGGTTGTAA,AAT,CCG,4,7,TRUE,N,P,F,S,NA,NA,NA
PRM_0363,SGRNWFPDWL,TCTGGTAGAAATTGGTTCCCTGATTGGTTGTAA,AAT,CCT,4,7,TRUE,N,P,F,S,NA,NA,NA
PRM_0363,SGRMWFKDWL,TCTGGTAGAATGTGGTTCAAGGATTGGTTGTAA,ATG,AAG,4,7,TRUE,M,K,F,S,NA,NA,NA
PRM_0363,SGRMWFNDWL,TCTGGTAGAATGTGGTTCAATGATTGGTTGTAA,ATG,AAT,4,7,TRUE,M,N,F,S,NA,NA,NA
PRM_0363,SGRMWFMDWL,TCTGGTAGAATGTGGTTCATGGATTGGTTGTAA,ATG,ATG,4,7,TRUE,M,M,F,S,NA,NA,NA
PRM_0363,SGRMWFIDWL,TCTGGTAGAATGTGGTTCATTGATTGGTTGTAA,ATG,ATT,4,7,TRUE,M,I,F,S,NA,NA,NA
PRM_0363,SGRMWFRDWL,TCTGGTAGAATGTGGTTCAGGGATTGGTTGTAA,ATG,AGG,4,7,TRUE,M,R,F,S,NA,NA,NA
PRM_0363,SGRMWFSDWL,TCTGGTAGAATGTGGTTCAGTGATTGGTTGTAA,ATG,AGT,4,7,FALSE,M,S,F,S,NA,NA,NA
PRM_0363,SGRMWFTDWL,TCTGGTAGAATGTGGTTCACGGATTGGTTGTAA,ATG,ACG,4,7,TRUE,M,T,F,S,NA,NA,NA
PRM_0363,SGRMWFTDWL,TCTGGTAGAATGTGGTTCACTGATTGGTTGTAA,ATG,ACT,4,7,TRUE,M,T,F,S,NA,NA,NA
PRM_0363,SGRMWF*DWL,TCTGGTAGAATGTGGTTCTAGGATTGGTTGTAA,ATG,TAG,4,7,TRUE,M,*,F,S,NA,NA,NA
PRM_0363,SGRMWFYDWL,TCTGGTAGAATGTGGTTCTATGATTGGTTGTAA,ATG,TAT,4,7,TRUE,M,Y,F,S,NA,NA,NA
PRM_0363,SGRMWFLDWL,TCTGGTAGAATGTGGTTCTTGGATTGGTTGTAA,ATG,TTG,4,7,TRUE,M,L,F,S,NA,NA,NA
PRM_0363,SGRMWFFDWL,TCTGGTAGAATGTGGTTCTTTGATTGGTTGTAA,ATG,TTT,4,7,TRUE,M,F,F,S,NA,NA,NA
PRM_0363,SGRMWFWDWL,TCTGGTAGAATGTGGTTCTGGGATTGGTTGTAA,ATG,TGG,4,7,TRUE,M,W,F,S,NA,NA,NA
PRM_0363,SGRMWFCDWL,TCTGGTAGAATGTGGTTCTGTGATTGGTTGTAA,ATG,TGT,4,7,TRUE,M,C,F,S,NA,NA,NA
PRM_0363,SGRMWFSDWL,TCTGGTAGAATGTGGTTCTCGGATTGGTTGTAA,ATG,TCG,4,7,FALSE,M,S,F,S,NA,NA,NA
PRM_0363,SGRMWFSDWL,TCTGGTAGAATGTGGTTCTCTGATTGGTTGTAA,ATG,TCT,4,7,FALSE,M,S,F,S,NA,NA,NA
PRM_0363,SGRMWFEDWL,TCTGGTAGAATGTGGTTCGAGGATTGGTTGTAA,ATG,GAG,4,7,TRUE,M,E,F,S,NA,NA,NA
PRM_0363,SGRMWFDDWL,TCTGGTAGAATGTGGTTCGATGATTGGTTGTAA,ATG,GAT,4,7,TRUE,M,D,F,S,NA,NA,NA
PRM_0363,SGRMWFVDWL,TCTGGTAGAATGTGGTTCGTGGATTGGTTGTAA,ATG,GTG,4,7,TRUE,M,V,F,S,NA,NA,NA
PRM_0363,SGRMWFVDWL,TCTGGTAGAATGTGGTTCGTTGATTGGTTGTAA,ATG,GTT,4,7,TRUE,M,V,F,S,NA,NA,NA
PRM_0363,SGRMWFGDWL,TCTGGTAGAATGTGGTTCGGGGATTGGTTGTAA,ATG,GGG,4,7,TRUE,M,G,F,S,NA,NA,NA
PRM_0363,SGRMWFGDWL,TCTGGTAGAATGTGGTTCGGTGATTGGTTGTAA,ATG,GGT,4,7,TRUE,M,G,F,S,NA,NA,NA
PRM_0363,SGRMWFADWL,TCTGGTAGAATGTGGTTCGCGGATTGGTTGTAA,ATG,GCG,4,7,TRUE,M,A,F,S,NA,NA,NA
PRM_0363,SGRMWFADWL,TCTGGTAGAATGTGGTTCGCTGATTGGTTGTAA,ATG,GCT,4,7,TRUE,M,A,F,S,NA,NA,NA
PRM_0363,SGRMWFQDWL,TCTGGTAGAATGTGGTTCCAGGATTGGTTGTAA,ATG,CAG,4,7,TRUE,M,Q,F,S,NA,NA,NA
PRM_0363,SGRMWFHDWL,TCTGGTAGAATGTGGTTCCATGATTGGTTGTAA,ATG,CAT,4,7,TRUE,M,H,F,S,NA,NA,NA
PRM_0363,SGRMWFLDWL,TCTGGTAGAATGTGGTTCCTGGATTGGTTGTAA,ATG,CTG,4,7,TRUE,M,L,F,S,NA,NA,NA
PRM_0363,SGRMWFLDWL,TCTGGTAGAATGTGGTTCCTTGATTGGTTGTAA,ATG,CTT,4,7,TRUE,M,L,F,S,NA,NA,NA
PRM_0363,SGRMWFRDWL,TCTGGTAGAATGTGGTTCCGGGATTGGTTGTAA,ATG,CGG,4,7,TRUE,M,R,F,S,NA,NA,NA
PRM_0363,SGRMWFRDWL,TCTGGTAGAATGTGGTTCCGTGATTGGTTGTAA,ATG,CGT,4,7,TRUE,M,R,F,S,NA,NA,NA
PRM_0363,SGRMWFPDWL,TCTGGTAGAATGTGGTTCCCGGATTGGTTGTAA,ATG,CCG,4,7,TRUE,M,P,F,S,NA,NA,NA
PRM_0363,SGRMWFPDWL,TCTGGTAGAATGTGGTTCCCTGATTGGTTGTAA,ATG,CCT,4,7,TRUE,M,P,F,S,NA,NA,NA
PRM_0363,SGRIWFKDWL,TCTGGTAGAATTTGGTTCAAGGATTGGTTGTAA,ATT,AAG,4,7,TRUE,I,K,F,S,NA,NA,NA
PRM_0363,SGRIWFNDWL,TCTGGTAGAATTTGGTTCAATGATTGGTTGTAA,ATT,AAT,4,7,TRUE,I,N,F,S,NA,NA,NA
PRM_0363,SGRIWFMDWL,TCTGGTAGAATTTGGTTCATGGATTGGTTGTAA,ATT,ATG,4,7,TRUE,I,M,F,S,NA,NA,NA
PRM_0363,SGRIWFIDWL,TCTGGTAGAATTTGGTTCATTGATTGGTTGTAA,ATT,ATT,4,7,TRUE,I,I,F,S,NA,NA,NA
PRM_0363,SGRIWFRDWL,TCTGGTAGAATTTGGTTCAGGGATTGGTTGTAA,ATT,AGG,4,7,TRUE,I,R,F,S,NA,NA,NA
PRM_0363,SGRIWFSDWL,TCTGGTAGAATTTGGTTCAGTGATTGGTTGTAA,ATT,AGT,4,7,FALSE,I,S,F,S,NA,NA,NA
PRM_0363,SGRIWFTDWL,TCTGGTAGAATTTGGTTCACGGATTGGTTGTAA,ATT,ACG,4,7,TRUE,I,T,F,S,NA,NA,NA
PRM_0363,SGRIWFTDWL,TCTGGTAGAATTTGGTTCACTGATTGGTTGTAA,ATT,ACT,4,7,TRUE,I,T,F,S,NA,NA,NA
PRM_0363,SGRIWF*DWL,TCTGGTAGAATTTGGTTCTAGGATTGGTTGTAA,ATT,TAG,4,7,TRUE,I,*,F,S,NA,NA,NA
PRM_0363,SGRIWFYDWL,TCTGGTAGAATTTGGTTCTATGATTGGTTGTAA,ATT,TAT,4,7,TRUE,I,Y,F,S,NA,NA,NA
PRM_0363,SGRIWFLDWL,TCTGGTAGAATTTGGTTCTTGGATTGGTTGTAA,ATT,TTG,4,7,TRUE,I,L,F,S,NA,NA,NA
PRM_0363,SGRIWFFDWL,TCTGGTAGAATTTGGTTCTTTGATTGGTTGTAA,ATT,TTT,4,7,TRUE,I,F,F,S,NA,NA,NA
PRM_0363,SGRIWFWDWL,TCTGGTAGAATTTGGTTCTGGGATTGGTTGTAA,ATT,TGG,4,7,TRUE,I,W,F,S,NA,NA,NA
PRM_0363,SGRIWFCDWL,TCTGGTAGAATTTGGTTCTGTGATTGGTTGTAA,ATT,TGT,4,7,TRUE,I,C,F,S,NA,NA,NA
PRM_0363,SGRIWFSDWL,TCTGGTAGAATTTGGTTCTCGGATTGGTTGTAA,ATT,TCG,4,7,FALSE,I,S,F,S,NA,NA,NA
PRM_0363,SGRIWFSDWL,TCTGGTAGAATTTGGTTCTCTGATTGGTTGTAA,ATT,TCT,4,7,FALSE,I,S,F,S,NA,NA,NA
PRM_0363,SGRIWFEDWL,TCTGGTAGAATTTGGTTCGAGGATTGGTTGTAA,ATT,GAG,4,7,TRUE,I,E,F,S,NA,NA,NA
PRM_0363,SGRIWFDDWL,TCTGGTAGAATTTGGTTCGATGATTGGTTGTAA,ATT,GAT,4,7,TRUE,I,D,F,S,NA,NA,NA
PRM_0363,SGRIWFVDWL,TCTGGTAGAATTTGGTTCGTGGATTGGTTGTAA,ATT,GTG,4,7,TRUE,I,V,F,S,NA,NA,NA
PRM_0363,SGRIWFVDWL,TCTGGTAGAATTTGGTTCGTTGATTGGTTGTAA,ATT,GTT,4,7,TRUE,I,V,F,S,NA,NA,NA
PRM_0363,SGRIWFGDWL,TCTGGTAGAATTTGGTTCGGGGATTGGTTGTAA,ATT,GGG,4,7,TRUE,I,G,F,S,NA,NA,NA
PRM_0363,SGRIWFGDWL,TCTGGTAGAATTTGGTTCGGTGATTGGTTGTAA,ATT,GGT,4,7,TRUE,I,G,F,S,NA,NA,NA
PRM_0363,SGRIWFADWL,TCTGGTAGAATTTGGTTCGCGGATTGGTTGTAA,ATT,GCG,4,7,TRUE,I,A,F,S,NA,NA,NA
PRM_0363,SGRIWFADWL,TCTGGTAGAATTTGGTTCGCTGATTGGTTGTAA,ATT,GCT,4,7,TRUE,I,A,F,S,NA,NA,NA
PRM_0363,SGRIWFQDWL,TCTGGTAGAATTTGGTTCCAGGATTGGTTGTAA,ATT,CAG,4,7,TRUE,I,Q,F,S,NA,NA,NA
PRM_0363,SGRIWFHDWL,TCTGGTAGAATTTGGTTCCATGATTGGTTGTAA,ATT,CAT,4,7,TRUE,I,H,F,S,NA,NA,NA
PRM_0363,SGRIWFLDWL,TCTGGTAGAATTTGGTTCCTGGATTGGTTGTAA,ATT,CTG,4,7,TRUE,I,L,F,S,NA,NA,NA
PRM_0363,SGRIWFLDWL,TCTGGTAGAATTTGGTTCCTTGATTGGTTGTAA,ATT,CTT,4,7,TRUE,I,L,F,S,NA,NA,NA
PRM_0363,SGRIWFRDWL,TCTGGTAGAATTTGGTTCCGGGATTGGTTGTAA,ATT,CGG,4,7,TRUE,I,R,F,S,NA,NA,NA
PRM_0363,SGRIWFRDWL,TCTGGTAGAATTTGGTTCCGTGATTGGTTGTAA,ATT,CGT,4,7,TRUE,I,R,F,S,NA,NA,NA
PRM_0363,SGRIWFPDWL,TCTGGTAGAATTTGGTTCCCGGATTGGTTGTAA,ATT,CCG,4,7,TRUE,I,P,F,S,NA,NA,NA
PRM_0363,SGRIWFPDWL,TCTGGTAGAATTTGGTTCCCTGATTGGTTGTAA,ATT,CCT,4,7,TRUE,I,P,F,S,NA,NA,NA
PRM_0363,SGRRWFKDWL,TCTGGTAGAAGGTGGTTCAAGGATTGGTTGTAA,AGG,AAG,4,7,TRUE,R,K,F,S,NA,NA,NA
PRM_0363,SGRRWFNDWL,TCTGGTAGAAGGTGGTTCAATGATTGGTTGTAA,AGG,AAT,4,7,TRUE,R,N,F,S,NA,NA,NA
PRM_0363,SGRRWFMDWL,TCTGGTAGAAGGTGGTTCATGGATTGGTTGTAA,AGG,ATG,4,7,TRUE,R,M,F,S,NA,NA,NA
PRM_0363,SGRRWFIDWL,TCTGGTAGAAGGTGGTTCATTGATTGGTTGTAA,AGG,ATT,4,7,TRUE,R,I,F,S,NA,NA,NA
PRM_0363,SGRRWFRDWL,TCTGGTAGAAGGTGGTTCAGGGATTGGTTGTAA,AGG,AGG,4,7,TRUE,R,R,F,S,NA,NA,NA
PRM_0363,SGRRWFSDWL,TCTGGTAGAAGGTGGTTCAGTGATTGGTTGTAA,AGG,AGT,4,7,FALSE,R,S,F,S,NA,NA,NA
PRM_0363,SGRRWFTDWL,TCTGGTAGAAGGTGGTTCACGGATTGGTTGTAA,AGG,ACG,4,7,TRUE,R,T,F,S,NA,NA,NA
PRM_0363,SGRRWFTDWL,TCTGGTAGAAGGTGGTTCACTGATTGGTTGTAA,AGG,ACT,4,7,TRUE,R,T,F,S,NA,NA,NA
PRM_0363,SGRRWF*DWL,TCTGGTAGAAGGTGGTTCTAGGATTGGTTGTAA,AGG,TAG,4,7,TRUE,R,*,F,S,NA,NA,NA
PRM_0363,SGRRWFYDWL,TCTGGTAGAAGGTGGTTCTATGATTGGTTGTAA,AGG,TAT,4,7,TRUE,R,Y,F,S,NA,NA,NA
PRM_0363,SGRRWFLDWL,TCTGGTAGAAGGTGGTTCTTGGATTGGTTGTAA,AGG,TTG,4,7,TRUE,R,L,F,S,NA,NA,NA
PRM_0363,SGRRWFFDWL,TCTGGTAGAAGGTGGTTCTTTGATTGGTTGTAA,AGG,TTT,4,7,TRUE,R,F,F,S,NA,NA,NA
PRM_0363,SGRRWFWDWL,TCTGGTAGAAGGTGGTTCTGGGATTGGTTGTAA,AGG,TGG,4,7,TRUE,R,W,F,S,NA,NA,NA
PRM_0363,SGRRWFCDWL,TCTGGTAGAAGGTGGTTCTGTGATTGGTTGTAA,AGG,TGT,4,7,TRUE,R,C,F,S,NA,NA,NA
PRM_0363,SGRRWFSDWL,TCTGGTAGAAGGTGGTTCTCGGATTGGTTGTAA,AGG,TCG,4,7,FALSE,R,S,F,S,NA,NA,NA
PRM_0363,SGRRWFSDWL,TCTGGTAGAAGGTGGTTCTCTGATTGGTTGTAA,AGG,TCT,4,7,FALSE,R,S,F,S,NA,NA,NA
PRM_0363,SGRRWFEDWL,TCTGGTAGAAGGTGGTTCGAGGATTGGTTGTAA,AGG,GAG,4,7,TRUE,R,E,F,S,NA,NA,NA
PRM_0363,SGRRWFDDWL,TCTGGTAGAAGGTGGTTCGATGATTGGTTGTAA,AGG,GAT,4,7,TRUE,R,D,F,S,NA,NA,NA
PRM_0363,SGRRWFVDWL,TCTGGTAGAAGGTGGTTCGTGGATTGGTTGTAA,AGG,GTG,4,7,TRUE,R,V,F,S,NA,NA,NA
PRM_0363,SGRRWFVDWL,TCTGGTAGAAGGTGGTTCGTTGATTGGTTGTAA,AGG,GTT,4,7,TRUE,R,V,F,S,NA,NA,NA
PRM_0363,SGRRWFGDWL,TCTGGTAGAAGGTGGTTCGGGGATTGGTTGTAA,AGG,GGG,4,7,TRUE,R,G,F,S,NA,NA,NA
PRM_0363,SGRRWFGDWL,TCTGGTAGAAGGTGGTTCGGTGATTGGTTGTAA,AGG,GGT,4,7,TRUE,R,G,F,S,NA,NA,NA
PRM_0363,SGRRWFADWL,TCTGGTAGAAGGTGGTTCGCGGATTGGTTGTAA,AGG,GCG,4,7,TRUE,R,A,F,S,NA,NA,NA
PRM_0363,SGRRWFADWL,TCTGGTAGAAGGTGGTTCGCTGATTGGTTGTAA,AGG,GCT,4,7,TRUE,R,A,F,S,NA,NA,NA
PRM_0363,SGRRWFQDWL,TCTGGTAGAAGGTGGTTCCAGGATTGGTTGTAA,AGG,CAG,4,7,TRUE,R,Q,F,S,NA,NA,NA
PRM_0363,SGRRWFHDWL,TCTGGTAGAAGGTGGTTCCATGATTGGTTGTAA,AGG,CAT,4,7,TRUE,R,H,F,S,NA,NA,NA
PRM_0363,SGRRWFLDWL,TCTGGTAGAAGGTGGTTCCTGGATTGGTTGTAA,AGG,CTG,4,7,TRUE,R,L,F,S,NA,NA,NA
PRM_0363,SGRRWFLDWL,TCTGGTAGAAGGTGGTTCCTTGATTGGTTGTAA,AGG,CTT,4,7,TRUE,R,L,F,S,NA,NA,NA
PRM_0363,SGRRWFRDWL,TCTGGTAGAAGGTGGTTCCGGGATTGGTTGTAA,AGG,CGG,4,7,TRUE,R,R,F,S,NA,NA,NA
PRM_0363,SGRRWFRDWL,TCTGGTAGAAGGTGGTTCCGTGATTGGTTGTAA,AGG,CGT,4,7,TRUE,R,R,F,S,NA,NA,NA
PRM_0363,SGRRWFPDWL,TCTGGTAGAAGGTGGTTCCCGGATTGGTTGTAA,AGG,CCG,4,7,TRUE,R,P,F,S,NA,NA,NA
PRM_0363,SGRRWFPDWL,TCTGGTAGAAGGTGGTTCCCTGATTGGTTGTAA,AGG,CCT,4,7,TRUE,R,P,F,S,NA,NA,NA
PRM_0363,SGRSWFKDWL,TCTGGTAGAAGTTGGTTCAAGGATTGGTTGTAA,AGT,AAG,4,7,TRUE,S,K,F,S,NA,NA,NA
PRM_0363,SGRSWFNDWL,TCTGGTAGAAGTTGGTTCAATGATTGGTTGTAA,AGT,AAT,4,7,TRUE,S,N,F,S,NA,NA,NA
PRM_0363,SGRSWFMDWL,TCTGGTAGAAGTTGGTTCATGGATTGGTTGTAA,AGT,ATG,4,7,TRUE,S,M,F,S,NA,NA,NA
PRM_0363,SGRSWFIDWL,TCTGGTAGAAGTTGGTTCATTGATTGGTTGTAA,AGT,ATT,4,7,TRUE,S,I,F,S,NA,NA,NA
PRM_0363,SGRSWFRDWL,TCTGGTAGAAGTTGGTTCAGGGATTGGTTGTAA,AGT,AGG,4,7,TRUE,S,R,F,S,NA,NA,NA
PRM_0363,SGRSWFSDWL,TCTGGTAGAAGTTGGTTCAGTGATTGGTTGTAA,AGT,AGT,4,7,FALSE,S,S,F,S,NA,NA,NA
PRM_0363,SGRSWFTDWL,TCTGGTAGAAGTTGGTTCACGGATTGGTTGTAA,AGT,ACG,4,7,TRUE,S,T,F,S,NA,NA,NA
PRM_0363,SGRSWFTDWL,TCTGGTAGAAGTTGGTTCACTGATTGGTTGTAA,AGT,ACT,4,7,TRUE,S,T,F,S,NA,NA,NA
PRM_0363,SGRSWF*DWL,TCTGGTAGAAGTTGGTTCTAGGATTGGTTGTAA,AGT,TAG,4,7,TRUE,S,*,F,S,NA,NA,NA
PRM_0363,SGRSWFYDWL,TCTGGTAGAAGTTGGTTCTATGATTGGTTGTAA,AGT,TAT,4,7,TRUE,S,Y,F,S,NA,NA,NA
PRM_0363,SGRSWFLDWL,TCTGGTAGAAGTTGGTTCTTGGATTGGTTGTAA,AGT,TTG,4,7,TRUE,S,L,F,S,NA,NA,NA
PRM_0363,SGRSWFFDWL,TCTGGTAGAAGTTGGTTCTTTGATTGGTTGTAA,AGT,TTT,4,7,TRUE,S,F,F,S,NA,NA,NA
PRM_0363,SGRSWFWDWL,TCTGGTAGAAGTTGGTTCTGGGATTGGTTGTAA,AGT,TGG,4,7,TRUE,S,W,F,S,NA,NA,NA
PRM_0363,SGRSWFCDWL,TCTGGTAGAAGTTGGTTCTGTGATTGGTTGTAA,AGT,TGT,4,7,TRUE,S,C,F,S,NA,NA,NA
PRM_0363,SGRSWFSDWL,TCTGGTAGAAGTTGGTTCTCGGATTGGTTGTAA,AGT,TCG,4,7,FALSE,S,S,F,S,NA,NA,NA
PRM_0363,SGRSWFSDWL,TCTGGTAGAAGTTGGTTCTCTGATTGGTTGTAA,AGT,TCT,4,7,FALSE,S,S,F,S,NA,NA,NA
PRM_0363,SGRSWFEDWL,TCTGGTAGAAGTTGGTTCGAGGATTGGTTGTAA,AGT,GAG,4,7,TRUE,S,E,F,S,NA,NA,NA
PRM_0363,SGRSWFDDWL,TCTGGTAGAAGTTGGTTCGATGATTGGTTGTAA,AGT,GAT,4,7,TRUE,S,D,F,S,NA,NA,NA
PRM_0363,SGRSWFVDWL,TCTGGTAGAAGTTGGTTCGTGGATTGGTTGTAA,AGT,GTG,4,7,TRUE,S,V,F,S,NA,NA,NA
PRM_0363,SGRSWFVDWL,TCTGGTAGAAGTTGGTTCGTTGATTGGTTGTAA,AGT,GTT,4,7,TRUE,S,V,F,S,NA,NA,NA
PRM_0363,SGRSWFGDWL,TCTGGTAGAAGTTGGTTCGGGGATTGGTTGTAA,AGT,GGG,4,7,TRUE,S,G,F,S,NA,NA,NA
PRM_0363,SGRSWFGDWL,TCTGGTAGAAGTTGGTTCGGTGATTGGTTGTAA,AGT,GGT,4,7,TRUE,S,G,F,S,NA,NA,NA
PRM_0363,SGRSWFADWL,TCTGGTAGAAGTTGGTTCGCGGATTGGTTGTAA,AGT,GCG,4,7,TRUE,S,A,F,S,NA,NA,NA
PRM_0363,SGRSWFADWL,TCTGGTAGAAGTTGGTTCGCTGATTGGTTGTAA,AGT,GCT,4,7,TRUE,S,A,F,S,NA,NA,NA
PRM_0363,SGRSWFQDWL,TCTGGTAGAAGTTGGTTCCAGGATTGGTTGTAA,AGT,CAG,4,7,TRUE,S,Q,F,S,NA,NA,NA
PRM_0363,SGRSWFHDWL,TCTGGTAGAAGTTGGTTCCATGATTGGTTGTAA,AGT,CAT,4,7,TRUE,S,H,F,S,NA,NA,NA
PRM_0363,SGRSWFLDWL,TCTGGTAGAAGTTGGTTCCTGGATTGGTTGTAA,AGT,CTG,4,7,TRUE,S,L,F,S,NA,NA,NA
PRM_0363,SGRSWFLDWL,TCTGGTAGAAGTTGGTTCCTTGATTGGTTGTAA,AGT,CTT,4,7,TRUE,S,L,F,S,NA,NA,NA
PRM_0363,SGRSWFRDWL,TCTGGTAGAAGTTGGTTCCGGGATTGGTTGTAA,AGT,CGG,4,7,TRUE,S,R,F,S,NA,NA,NA
PRM_0363,SGRSWFRDWL,TCTGGTAGAAGTTGGTTCCGTGATTGGTTGTAA,AGT,CGT,4,7,TRUE,S,R,F,S,NA,NA,NA
PRM_0363,SGRSWFPDWL,TCTGGTAGAAGTTGGTTCCCGGATTGGTTGTAA,AGT,CCG,4,7,TRUE,S,P,F,S,NA,NA,NA
PRM_0363,SGRSWFPDWL,TCTGGTAGAAGTTGGTTCCCTGATTGGTTGTAA,AGT,CCT,4,7,TRUE,S,P,F,S,NA,NA,NA
PRM_0363,SGRTWFKDWL,TCTGGTAGAACGTGGTTCAAGGATTGGTTGTAA,ACG,AAG,4,7,TRUE,T,K,F,S,NA,NA,NA
PRM_0363,SGRTWFNDWL,TCTGGTAGAACGTGGTTCAATGATTGGTTGTAA,ACG,AAT,4,7,TRUE,T,N,F,S,NA,NA,NA
PRM_0363,SGRTWFMDWL,TCTGGTAGAACGTGGTTCATGGATTGGTTGTAA,ACG,ATG,4,7,TRUE,T,M,F,S,NA,NA,NA
PRM_0363,SGRTWFIDWL,TCTGGTAGAACGTGGTTCATTGATTGGTTGTAA,ACG,ATT,4,7,TRUE,T,I,F,S,NA,NA,NA
PRM_0363,SGRTWFRDWL,TCTGGTAGAACGTGGTTCAGGGATTGGTTGTAA,ACG,AGG,4,7,TRUE,T,R,F,S,NA,NA,NA
PRM_0363,SGRTWFSDWL,TCTGGTAGAACGTGGTTCAGTGATTGGTTGTAA,ACG,AGT,4,7,FALSE,T,S,F,S,NA,NA,NA
PRM_0363,SGRTWFTDWL,TCTGGTAGAACGTGGTTCACGGATTGGTTGTAA,ACG,ACG,4,7,TRUE,T,T,F,S,NA,NA,NA
PRM_0363,SGRTWFTDWL,TCTGGTAGAACGTGGTTCACTGATTGGTTGTAA,ACG,ACT,4,7,TRUE,T,T,F,S,NA,NA,NA
PRM_0363,SGRTWF*DWL,TCTGGTAGAACGTGGTTCTAGGATTGGTTGTAA,ACG,TAG,4,7,TRUE,T,*,F,S,NA,NA,NA
PRM_0363,SGRTWFYDWL,TCTGGTAGAACGTGGTTCTATGATTGGTTGTAA,ACG,TAT,4,7,TRUE,T,Y,F,S,NA,NA,NA
PRM_0363,SGRTWFLDWL,TCTGGTAGAACGTGGTTCTTGGATTGGTTGTAA,ACG,TTG,4,7,TRUE,T,L,F,S,NA,NA,NA
PRM_0363,SGRTWFFDWL,TCTGGTAGAACGTGGTTCTTTGATTGGTTGTAA,ACG,TTT,4,7,TRUE,T,F,F,S,NA,NA,NA
PRM_0363,SGRTWFWDWL,TCTGGTAGAACGTGGTTCTGGGATTGGTTGTAA,ACG,TGG,4,7,TRUE,T,W,F,S,NA,NA,NA
PRM_0363,SGRTWFCDWL,TCTGGTAGAACGTGGTTCTGTGATTGGTTGTAA,ACG,TGT,4,7,TRUE,T,C,F,S,NA,NA,NA
PRM_0363,SGRTWFSDWL,TCTGGTAGAACGTGGTTCTCGGATTGGTTGTAA,ACG,TCG,4,7,FALSE,T,S,F,S,NA,NA,NA
PRM_0363,SGRTWFSDWL,TCTGGTAGAACGTGGTTCTCTGATTGGTTGTAA,ACG,TCT,4,7,FALSE,T,S,F,S,NA,NA,NA
PRM_0363,SGRTWFEDWL,TCTGGTAGAACGTGGTTCGAGGATTGGTTGTAA,ACG,GAG,4,7,TRUE,T,E,F,S,NA,NA,NA
PRM_0363,SGRTWFDDWL,TCTGGTAGAACGTGGTTCGATGATTGGTTGTAA,ACG,GAT,4,7,TRUE,T,D,F,S,NA,NA,NA
PRM_0363,SGRTWFVDWL,TCTGGTAGAACGTGGTTCGTGGATTGGTTGTAA,ACG,GTG,4,7,TRUE,T,V,F,S,NA,NA,NA
PRM_0363,SGRTWFVDWL,TCTGGTAGAACGTGGTTCGTTGATTGGTTGTAA,ACG,GTT,4,7,TRUE,T,V,F,S,NA,NA,NA
PRM_0363,SGRTWFGDWL,TCTGGTAGAACGTGGTTCGGGGATTGGTTGTAA,ACG,GGG,4,7,TRUE,T,G,F,S,NA,NA,NA
PRM_0363,SGRTWFGDWL,TCTGGTAGAACGTGGTTCGGTGATTGGTTGTAA,ACG,GGT,4,7,TRUE,T,G,F,S,NA,NA,NA
PRM_0363,SGRTWFADWL,TCTGGTAGAACGTGGTTCGCGGATTGGTTGTAA,ACG,GCG,4,7,TRUE,T,A,F,S,NA,NA,NA
PRM_0363,SGRTWFADWL,TCTGGTAGAACGTGGTTCGCTGATTGGTTGTAA,ACG,GCT,4,7,TRUE,T,A,F,S,NA,NA,NA
PRM_0363,SGRTWFQDWL,TCTGGTAGAACGTGGTTCCAGGATTGGTTGTAA,ACG,CAG,4,7,TRUE,T,Q,F,S,NA,NA,NA
PRM_0363,SGRTWFHDWL,TCTGGTAGAACGTGGTTCCATGATTGGTTGTAA,ACG,CAT,4,7,TRUE,T,H,F,S,NA,NA,NA
PRM_0363,SGRTWFLDWL,TCTGGTAGAACGTGGTTCCTGGATTGGTTGTAA,ACG,CTG,4,7,TRUE,T,L,F,S,NA,NA,NA
PRM_0363,SGRTWFLDWL,TCTGGTAGAACGTGGTTCCTTGATTGGTTGTAA,ACG,CTT,4,7,TRUE,T,L,F,S,NA,NA,NA
PRM_0363,SGRTWFRDWL,TCTGGTAGAACGTGGTTCCGGGATTGGTTGTAA,ACG,CGG,4,7,TRUE,T,R,F,S,NA,NA,NA
PRM_0363,SGRTWFRDWL,TCTGGTAGAACGTGGTTCCGTGATTGGTTGTAA,ACG,CGT,4,7,TRUE,T,R,F,S,NA,NA,NA
PRM_0363,SGRTWFPDWL,TCTGGTAGAACGTGGTTCCCGGATTGGTTGTAA,ACG,CCG,4,7,TRUE,T,P,F,S,NA,NA,NA
PRM_0363,SGRTWFPDWL,TCTGGTAGAACGTGGTTCCCTGATTGGTTGTAA,ACG,CCT,4,7,TRUE,T,P,F,S,NA,NA,NA
PRM_0363,SGRTWFKDWL,TCTGGTAGAACTTGGTTCAAGGATTGGTTGTAA,ACT,AAG,4,7,TRUE,T,K,F,S,NA,NA,NA
PRM_0363,SGRTWFNDWL,TCTGGTAGAACTTGGTTCAATGATTGGTTGTAA,ACT,AAT,4,7,TRUE,T,N,F,S,NA,NA,NA
PRM_0363,SGRTWFMDWL,TCTGGTAGAACTTGGTTCATGGATTGGTTGTAA,ACT,ATG,4,7,TRUE,T,M,F,S,NA,NA,NA
PRM_0363,SGRTWFIDWL,TCTGGTAGAACTTGGTTCATTGATTGGTTGTAA,ACT,ATT,4,7,TRUE,T,I,F,S,NA,NA,NA
PRM_0363,SGRTWFRDWL,TCTGGTAGAACTTGGTTCAGGGATTGGTTGTAA,ACT,AGG,4,7,TRUE,T,R,F,S,NA,NA,NA
PRM_0363,SGRTWFSDWL,TCTGGTAGAACTTGGTTCAGTGATTGGTTGTAA,ACT,AGT,4,7,FALSE,T,S,F,S,NA,NA,NA
PRM_0363,SGRTWFTDWL,TCTGGTAGAACTTGGTTCACGGATTGGTTGTAA,ACT,ACG,4,7,TRUE,T,T,F,S,NA,NA,NA
PRM_0363,SGRTWFTDWL,TCTGGTAGAACTTGGTTCACTGATTGGTTGTAA,ACT,ACT,4,7,TRUE,T,T,F,S,NA,NA,NA
PRM_0363,SGRTWF*DWL,TCTGGTAGAACTTGGTTCTAGGATTGGTTGTAA,ACT,TAG,4,7,TRUE,T,*,F,S,NA,NA,NA
PRM_0363,SGRTWFYDWL,TCTGGTAGAACTTGGTTCTATGATTGGTTGTAA,ACT,TAT,4,7,TRUE,T,Y,F,S,NA,NA,NA
PRM_0363,SGRTWFLDWL,TCTGGTAGAACTTGGTTCTTGGATTGGTTGTAA,ACT,TTG,4,7,TRUE,T,L,F,S,NA,NA,NA
PRM_0363,SGRTWFFDWL,TCTGGTAGAACTTGGTTCTTTGATTGGTTGTAA,ACT,TTT,4,7,TRUE,T,F,F,S,NA,NA,NA
PRM_0363,SGRTWFWDWL,TCTGGTAGAACTTGGTTCTGGGATTGGTTGTAA,ACT,TGG,4,7,TRUE,T,W,F,S,NA,NA,NA
PRM_0363,SGRTWFCDWL,TCTGGTAGAACTTGGTTCTGTGATTGGTTGTAA,ACT,TGT,4,7,TRUE,T,C,F,S,NA,NA,NA
PRM_0363,SGRTWFSDWL,TCTGGTAGAACTTGGTTCTCGGATTGGTTGTAA,ACT,TCG,4,7,FALSE,T,S,F,S,NA,NA,NA
PRM_0363,SGRTWFSDWL,TCTGGTAGAACTTGGTTCTCTGATTGGTTGTAA,ACT,TCT,4,7,FALSE,T,S,F,S,NA,NA,NA
PRM_0363,SGRTWFEDWL,TCTGGTAGAACTTGGTTCGAGGATTGGTTGTAA,ACT,GAG,4,7,TRUE,T,E,F,S,NA,NA,NA
PRM_0363,SGRTWFDDWL,TCTGGTAGAACTTGGTTCGATGATTGGTTGTAA,ACT,GAT,4,7,TRUE,T,D,F,S,NA,NA,NA
PRM_0363,SGRTWFVDWL,TCTGGTAGAACTTGGTTCGTGGATTGGTTGTAA,ACT,GTG,4,7,TRUE,T,V,F,S,NA,NA,NA
PRM_0363,SGRTWFVDWL,TCTGGTAGAACTTGGTTCGTTGATTGGTTGTAA,ACT,GTT,4,7,TRUE,T,V,F,S,NA,NA,NA
PRM_0363,SGRTWFGDWL,TCTGGTAGAACTTGGTTCGGGGATTGGTTGTAA,ACT,GGG,4,7,TRUE,T,G,F,S,NA,NA,NA
PRM_0363,SGRTWFGDWL,TCTGGTAGAACTTGGTTCGGTGATTGGTTGTAA,ACT,GGT,4,7,TRUE,T,G,F,S,NA,NA,NA
PRM_0363,SGRTWFADWL,TCTGGTAGAACTTGGTTCGCGGATTGGTTGTAA,ACT,GCG,4,7,TRUE,T,A,F,S,NA,NA,NA
PRM_0363,SGRTWFADWL,TCTGGTAGAACTTGGTTCGCTGATTGGTTGTAA,ACT,GCT,4,7,TRUE,T,A,F,S,NA,NA,NA
PRM_0363,SGRTWFQDWL,TCTGGTAGAACTTGGTTCCAGGATTGGTTGTAA,ACT,CAG,4,7,TRUE,T,Q,F,S,NA,NA,NA
PRM_0363,SGRTWFHDWL,TCTGGTAGAACTTGGTTCCATGATTGGTTGTAA,ACT,CAT,4,7,TRUE,T,H,F,S,NA,NA,NA
PRM_0363,SGRTWFLDWL,TCTGGTAGAACTTGGTTCCTGGATTGGTTGTAA,ACT,CTG,4,7,TRUE,T,L,F,S,NA,NA,NA
PRM_0363,SGRTWFLDWL,TCTGGTAGAACTTGGTTCCTTGATTGGTTGTAA,ACT,CTT,4,7,TRUE,T,L,F,S,NA,NA,NA
PRM_0363,SGRTWFRDWL,TCTGGTAGAACTTGGTTCCGGGATTGGTTGTAA,ACT,CGG,4,7,TRUE,T,R,F,S,NA,NA,NA
PRM_0363,SGRTWFRDWL,TCTGGTAGAACTTGGTTCCGTGATTGGTTGTAA,ACT,CGT,4,7,TRUE,T,R,F,S,NA,NA,NA
PRM_0363,SGRTWFPDWL,TCTGGTAGAACTTGGTTCCCGGATTGGTTGTAA,ACT,CCG,4,7,TRUE,T,P,F,S,NA,NA,NA
PRM_0363,SGRTWFPDWL,TCTGGTAGAACTTGGTTCCCTGATTGGTTGTAA,ACT,CCT,4,7,TRUE,T,P,F,S,NA,NA,NA
PRM_0363,SGR*WFKDWL,TCTGGTAGATAGTGGTTCAAGGATTGGTTGTAA,TAG,AAG,4,7,TRUE,*,K,F,S,NA,NA,NA
PRM_0363,SGR*WFNDWL,TCTGGTAGATAGTGGTTCAATGATTGGTTGTAA,TAG,AAT,4,7,TRUE,*,N,F,S,NA,NA,NA
PRM_0363,SGR*WFMDWL,TCTGGTAGATAGTGGTTCATGGATTGGTTGTAA,TAG,ATG,4,7,TRUE,*,M,F,S,NA,NA,NA
PRM_0363,SGR*WFIDWL,TCTGGTAGATAGTGGTTCATTGATTGGTTGTAA,TAG,ATT,4,7,TRUE,*,I,F,S,NA,NA,NA
PRM_0363,SGR*WFRDWL,TCTGGTAGATAGTGGTTCAGGGATTGGTTGTAA,TAG,AGG,4,7,TRUE,*,R,F,S,NA,NA,NA
PRM_0363,SGR*WFSDWL,TCTGGTAGATAGTGGTTCAGTGATTGGTTGTAA,TAG,AGT,4,7,FALSE,*,S,F,S,NA,NA,NA
PRM_0363,SGR*WFTDWL,TCTGGTAGATAGTGGTTCACGGATTGGTTGTAA,TAG,ACG,4,7,TRUE,*,T,F,S,NA,NA,NA
PRM_0363,SGR*WFTDWL,TCTGGTAGATAGTGGTTCACTGATTGGTTGTAA,TAG,ACT,4,7,TRUE,*,T,F,S,NA,NA,NA
PRM_0363,SGR*WF*DWL,TCTGGTAGATAGTGGTTCTAGGATTGGTTGTAA,TAG,TAG,4,7,TRUE,*,*,F,S,NA,NA,NA
PRM_0363,SGR*WFYDWL,TCTGGTAGATAGTGGTTCTATGATTGGTTGTAA,TAG,TAT,4,7,TRUE,*,Y,F,S,NA,NA,NA
PRM_0363,SGR*WFLDWL,TCTGGTAGATAGTGGTTCTTGGATTGGTTGTAA,TAG,TTG,4,7,TRUE,*,L,F,S,NA,NA,NA
PRM_0363,SGR*WFFDWL,TCTGGTAGATAGTGGTTCTTTGATTGGTTGTAA,TAG,TTT,4,7,TRUE,*,F,F,S,NA,NA,NA
PRM_0363,SGR*WFWDWL,TCTGGTAGATAGTGGTTCTGGGATTGGTTGTAA,TAG,TGG,4,7,TRUE,*,W,F,S,NA,NA,NA
PRM_0363,SGR*WFCDWL,TCTGGTAGATAGTGGTTCTGTGATTGGTTGTAA,TAG,TGT,4,7,TRUE,*,C,F,S,NA,NA,NA
PRM_0363,SGR*WFSDWL,TCTGGTAGATAGTGGTTCTCGGATTGGTTGTAA,TAG,TCG,4,7,FALSE,*,S,F,S,NA,NA,NA
PRM_0363,SGR*WFSDWL,TCTGGTAGATAGTGGTTCTCTGATTGGTTGTAA,TAG,TCT,4,7,FALSE,*,S,F,S,NA,NA,NA
PRM_0363,SGR*WFEDWL,TCTGGTAGATAGTGGTTCGAGGATTGGTTGTAA,TAG,GAG,4,7,TRUE,*,E,F,S,NA,NA,NA
PRM_0363,SGR*WFDDWL,TCTGGTAGATAGTGGTTCGATGATTGGTTGTAA,TAG,GAT,4,7,TRUE,*,D,F,S,NA,NA,NA
PRM_0363,SGR*WFVDWL,TCTGGTAGATAGTGGTTCGTGGATTGGTTGTAA,TAG,GTG,4,7,TRUE,*,V,F,S,NA,NA,NA
PRM_0363,SGR*WFVDWL,TCTGGTAGATAGTGGTTCGTTGATTGGTTGTAA,TAG,GTT,4,7,TRUE,*,V,F,S,NA,NA,NA
PRM_0363,SGR*WFGDWL,TCTGGTAGATAGTGGTTCGGGGATTGGTTGTAA,TAG,GGG,4,7,TRUE,*,G,F,S,NA,NA,NA
PRM_0363,SGR*WFGDWL,TCTGGTAGATAGTGGTTCGGTGATTGGTTGTAA,TAG,GGT,4,7,TRUE,*,G,F,S,NA,NA,NA
PRM_0363,SGR*WFADWL,TCTGGTAGATAGTGGTTCGCGGATTGGTTGTAA,TAG,GCG,4,7,TRUE,*,A,F,S,NA,NA,NA
PRM_0363,SGR*WFADWL,TCTGGTAGATAGTGGTTCGCTGATTGGTTGTAA,TAG,GCT,4,7,TRUE,*,A,F,S,NA,NA,NA
PRM_0363,SGR*WFQDWL,TCTGGTAGATAGTGGTTCCAGGATTGGTTGTAA,TAG,CAG,4,7,TRUE,*,Q,F,S,NA,NA,NA
PRM_0363,SGR*WFHDWL,TCTGGTAGATAGTGGTTCCATGATTGGTTGTAA,TAG,CAT,4,7,TRUE,*,H,F,S,NA,NA,NA
PRM_0363,SGR*WFLDWL,TCTGGTAGATAGTGGTTCCTGGATTGGTTGTAA,TAG,CTG,4,7,TRUE,*,L,F,S,NA,NA,NA
PRM_0363,SGR*WFLDWL,TCTGGTAGATAGTGGTTCCTTGATTGGTTGTAA,TAG,CTT,4,7,TRUE,*,L,F,S,NA,NA,NA
PRM_0363,SGR*WFRDWL,TCTGGTAGATAGTGGTTCCGGGATTGGTTGTAA,TAG,CGG,4,7,TRUE,*,R,F,S,NA,NA,NA
PRM_0363,SGR*WFRDWL,TCTGGTAGATAGTGGTTCCGTGATTGGTTGTAA,TAG,CGT,4,7,TRUE,*,R,F,S,NA,NA,NA
PRM_0363,SGR*WFPDWL,TCTGGTAGATAGTGGTTCCCGGATTGGTTGTAA,TAG,CCG,4,7,TRUE,*,P,F,S,NA,NA,NA
PRM_0363,SGR*WFPDWL,TCTGGTAGATAGTGGTTCCCTGATTGGTTGTAA,TAG,CCT,4,7,TRUE,*,P,F,S,NA,NA,NA
PRM_0363,SGRYWFKDWL,TCTGGTAGATATTGGTTCAAGGATTGGTTGTAA,TAT,AAG,4,7,TRUE,Y,K,F,S,NA,NA,NA
PRM_0363,SGRYWFNDWL,TCTGGTAGATATTGGTTCAATGATTGGTTGTAA,TAT,AAT,4,7,TRUE,Y,N,F,S,NA,NA,NA
PRM_0363,SGRYWFMDWL,TCTGGTAGATATTGGTTCATGGATTGGTTGTAA,TAT,ATG,4,7,TRUE,Y,M,F,S,NA,NA,NA
PRM_0363,SGRYWFIDWL,TCTGGTAGATATTGGTTCATTGATTGGTTGTAA,TAT,ATT,4,7,TRUE,Y,I,F,S,NA,NA,NA
PRM_0363,SGRYWFRDWL,TCTGGTAGATATTGGTTCAGGGATTGGTTGTAA,TAT,AGG,4,7,TRUE,Y,R,F,S,NA,NA,NA
PRM_0363,SGRYWFSDWL,TCTGGTAGATATTGGTTCAGTGATTGGTTGTAA,TAT,AGT,4,7,FALSE,Y,S,F,S,NA,NA,NA
PRM_0363,SGRYWFTDWL,TCTGGTAGATATTGGTTCACGGATTGGTTGTAA,TAT,ACG,4,7,TRUE,Y,T,F,S,NA,NA,NA
PRM_0363,SGRYWFTDWL,TCTGGTAGATATTGGTTCACTGATTGGTTGTAA,TAT,ACT,4,7,TRUE,Y,T,F,S,NA,NA,NA
PRM_0363,SGRYWF*DWL,TCTGGTAGATATTGGTTCTAGGATTGGTTGTAA,TAT,TAG,4,7,TRUE,Y,*,F,S,NA,NA,NA
PRM_0363,SGRYWFYDWL,TCTGGTAGATATTGGTTCTATGATTGGTTGTAA,TAT,TAT,4,7,TRUE,Y,Y,F,S,NA,NA,NA
PRM_0363,SGRYWFLDWL,TCTGGTAGATATTGGTTCTTGGATTGGTTGTAA,TAT,TTG,4,7,TRUE,Y,L,F,S,NA,NA,NA
PRM_0363,SGRYWFFDWL,TCTGGTAGATATTGGTTCTTTGATTGGTTGTAA,TAT,TTT,4,7,TRUE,Y,F,F,S,NA,NA,NA
PRM_0363,SGRYWFWDWL,TCTGGTAGATATTGGTTCTGGGATTGGTTGTAA,TAT,TGG,4,7,TRUE,Y,W,F,S,NA,NA,NA
PRM_0363,SGRYWFCDWL,TCTGGTAGATATTGGTTCTGTGATTGGTTGTAA,TAT,TGT,4,7,TRUE,Y,C,F,S,NA,NA,NA
PRM_0363,SGRYWFSDWL,TCTGGTAGATATTGGTTCTCGGATTGGTTGTAA,TAT,TCG,4,7,FALSE,Y,S,F,S,NA,NA,NA
PRM_0363,SGRYWFSDWL,TCTGGTAGATATTGGTTCTCTGATTGGTTGTAA,TAT,TCT,4,7,FALSE,Y,S,F,S,NA,NA,NA
PRM_0363,SGRYWFEDWL,TCTGGTAGATATTGGTTCGAGGATTGGTTGTAA,TAT,GAG,4,7,TRUE,Y,E,F,S,NA,NA,NA
PRM_0363,SGRYWFDDWL,TCTGGTAGATATTGGTTCGATGATTGGTTGTAA,TAT,GAT,4,7,TRUE,Y,D,F,S,NA,NA,NA
PRM_0363,SGRYWFVDWL,TCTGGTAGATATTGGTTCGTGGATTGGTTGTAA,TAT,GTG,4,7,TRUE,Y,V,F,S,NA,NA,NA
PRM_0363,SGRYWFVDWL,TCTGGTAGATATTGGTTCGTTGATTGGTTGTAA,TAT,GTT,4,7,TRUE,Y,V,F,S,NA,NA,NA
PRM_0363,SGRYWFGDWL,TCTGGTAGATATTGGTTCGGGGATTGGTTGTAA,TAT,GGG,4,7,TRUE,Y,G,F,S,NA,NA,NA
PRM_0363,SGRYWFGDWL,TCTGGTAGATATTGGTTCGGTGATTGGTTGTAA,TAT,GGT,4,7,TRUE,Y,G,F,S,NA,NA,NA
PRM_0363,SGRYWFADWL,TCTGGTAGATATTGGTTCGCGGATTGGTTGTAA,TAT,GCG,4,7,TRUE,Y,A,F,S,NA,NA,NA
PRM_0363,SGRYWFADWL,TCTGGTAGATATTGGTTCGCTGATTGGTTGTAA,TAT,GCT,4,7,TRUE,Y,A,F,S,NA,NA,NA
PRM_0363,SGRYWFQDWL,TCTGGTAGATATTGGTTCCAGGATTGGTTGTAA,TAT,CAG,4,7,TRUE,Y,Q,F,S,NA,NA,NA
PRM_0363,SGRYWFHDWL,TCTGGTAGATATTGGTTCCATGATTGGTTGTAA,TAT,CAT,4,7,TRUE,Y,H,F,S,NA,NA,NA
PRM_0363,SGRYWFLDWL,TCTGGTAGATATTGGTTCCTGGATTGGTTGTAA,TAT,CTG,4,7,TRUE,Y,L,F,S,NA,NA,NA
PRM_0363,SGRYWFLDWL,TCTGGTAGATATTGGTTCCTTGATTGGTTGTAA,TAT,CTT,4,7,TRUE,Y,L,F,S,NA,NA,NA
PRM_0363,SGRYWFRDWL,TCTGGTAGATATTGGTTCCGGGATTGGTTGTAA,TAT,CGG,4,7,TRUE,Y,R,F,S,NA,NA,NA
PRM_0363,SGRYWFRDWL,TCTGGTAGATATTGGTTCCGTGATTGGTTGTAA,TAT,CGT,4,7,TRUE,Y,R,F,S,NA,NA,NA
PRM_0363,SGRYWFPDWL,TCTGGTAGATATTGGTTCCCGGATTGGTTGTAA,TAT,CCG,4,7,TRUE,Y,P,F,S,NA,NA,NA
PRM_0363,SGRYWFPDWL,TCTGGTAGATATTGGTTCCCTGATTGGTTGTAA,TAT,CCT,4,7,TRUE,Y,P,F,S,NA,NA,NA
PRM_0363,SGRLWFKDWL,TCTGGTAGATTGTGGTTCAAGGATTGGTTGTAA,TTG,AAG,4,7,TRUE,L,K,F,S,NA,NA,NA
PRM_0363,SGRLWFNDWL,TCTGGTAGATTGTGGTTCAATGATTGGTTGTAA,TTG,AAT,4,7,TRUE,L,N,F,S,NA,NA,NA
PRM_0363,SGRLWFMDWL,TCTGGTAGATTGTGGTTCATGGATTGGTTGTAA,TTG,ATG,4,7,TRUE,L,M,F,S,NA,NA,NA
PRM_0363,SGRLWFIDWL,TCTGGTAGATTGTGGTTCATTGATTGGTTGTAA,TTG,ATT,4,7,TRUE,L,I,F,S,NA,NA,NA
PRM_0363,SGRLWFRDWL,TCTGGTAGATTGTGGTTCAGGGATTGGTTGTAA,TTG,AGG,4,7,TRUE,L,R,F,S,NA,NA,NA
PRM_0363,SGRLWFSDWL,TCTGGTAGATTGTGGTTCAGTGATTGGTTGTAA,TTG,AGT,4,7,FALSE,L,S,F,S,NA,NA,NA
PRM_0363,SGRLWFTDWL,TCTGGTAGATTGTGGTTCACGGATTGGTTGTAA,TTG,ACG,4,7,TRUE,L,T,F,S,NA,NA,NA
PRM_0363,SGRLWFTDWL,TCTGGTAGATTGTGGTTCACTGATTGGTTGTAA,TTG,ACT,4,7,TRUE,L,T,F,S,NA,NA,NA
PRM_0363,SGRLWF*DWL,TCTGGTAGATTGTGGTTCTAGGATTGGTTGTAA,TTG,TAG,4,7,TRUE,L,*,F,S,NA,NA,NA
PRM_0363,SGRLWFYDWL,TCTGGTAGATTGTGGTTCTATGATTGGTTGTAA,TTG,TAT,4,7,TRUE,L,Y,F,S,NA,NA,NA
PRM_0363,SGRLWFLDWL,TCTGGTAGATTGTGGTTCTTGGATTGGTTGTAA,TTG,TTG,4,7,TRUE,L,L,F,S,NA,NA,NA
PRM_0363,SGRLWFFDWL,TCTGGTAGATTGTGGTTCTTTGATTGGTTGTAA,TTG,TTT,4,7,TRUE,L,F,F,S,NA,NA,NA
PRM_0363,SGRLWFWDWL,TCTGGTAGATTGTGGTTCTGGGATTGGTTGTAA,TTG,TGG,4,7,TRUE,L,W,F,S,NA,NA,NA
PRM_0363,SGRLWFCDWL,TCTGGTAGATTGTGGTTCTGTGATTGGTTGTAA,TTG,TGT,4,7,TRUE,L,C,F,S,NA,NA,NA
PRM_0363,SGRLWFSDWL,TCTGGTAGATTGTGGTTCTCGGATTGGTTGTAA,TTG,TCG,4,7,FALSE,L,S,F,S,NA,NA,NA
PRM_0363,SGRLWFSDWL,TCTGGTAGATTGTGGTTCTCTGATTGGTTGTAA,TTG,TCT,4,7,FALSE,L,S,F,S,NA,NA,NA
PRM_0363,SGRLWFEDWL,TCTGGTAGATTGTGGTTCGAGGATTGGTTGTAA,TTG,GAG,4,7,TRUE,L,E,F,S,NA,NA,NA
PRM_0363,SGRLWFDDWL,TCTGGTAGATTGTGGTTCGATGATTGGTTGTAA,TTG,GAT,4,7,TRUE,L,D,F,S,NA,NA,NA
PRM_0363,SGRLWFVDWL,TCTGGTAGATTGTGGTTCGTGGATTGGTTGTAA,TTG,GTG,4,7,TRUE,L,V,F,S,NA,NA,NA
PRM_0363,SGRLWFVDWL,TCTGGTAGATTGTGGTTCGTTGATTGGTTGTAA,TTG,GTT,4,7,TRUE,L,V,F,S,NA,NA,NA
PRM_0363,SGRLWFGDWL,TCTGGTAGATTGTGGTTCGGGGATTGGTTGTAA,TTG,GGG,4,7,TRUE,L,G,F,S,NA,NA,NA
PRM_0363,SGRLWFGDWL,TCTGGTAGATTGTGGTTCGGTGATTGGTTGTAA,TTG,GGT,4,7,TRUE,L,G,F,S,NA,NA,NA
PRM_0363,SGRLWFADWL,TCTGGTAGATTGTGGTTCGCGGATTGGTTGTAA,TTG,GCG,4,7,TRUE,L,A,F,S,NA,NA,NA
PRM_0363,SGRLWFADWL,TCTGGTAGATTGTGGTTCGCTGATTGGTTGTAA,TTG,GCT,4,7,TRUE,L,A,F,S,NA,NA,NA
PRM_0363,SGRLWFQDWL,TCTGGTAGATTGTGGTTCCAGGATTGGTTGTAA,TTG,CAG,4,7,TRUE,L,Q,F,S,NA,NA,NA
PRM_0363,SGRLWFHDWL,TCTGGTAGATTGTGGTTCCATGATTGGTTGTAA,TTG,CAT,4,7,TRUE,L,H,F,S,NA,NA,NA
PRM_0363,SGRLWFLDWL,TCTGGTAGATTGTGGTTCCTGGATTGGTTGTAA,TTG,CTG,4,7,TRUE,L,L,F,S,NA,NA,NA
PRM_0363,SGRLWFLDWL,TCTGGTAGATTGTGGTTCCTTGATTGGTTGTAA,TTG,CTT,4,7,TRUE,L,L,F,S,NA,NA,NA
PRM_0363,SGRLWFRDWL,TCTGGTAGATTGTGGTTCCGGGATTGGTTGTAA,TTG,CGG,4,7,TRUE,L,R,F,S,NA,NA,NA
PRM_0363,SGRLWFRDWL,TCTGGTAGATTGTGGTTCCGTGATTGGTTGTAA,TTG,CGT,4,7,TRUE,L,R,F,S,NA,NA,NA
PRM_0363,SGRLWFPDWL,TCTGGTAGATTGTGGTTCCCGGATTGGTTGTAA,TTG,CCG,4,7,TRUE,L,P,F,S,NA,NA,NA
PRM_0363,SGRLWFPDWL,TCTGGTAGATTGTGGTTCCCTGATTGGTTGTAA,TTG,CCT,4,7,TRUE,L,P,F,S,NA,NA,NA
PRM_0363,SGRFWFKDWL,TCTGGTAGATTTTGGTTCAAGGATTGGTTGTAA,TTT,AAG,4,7,FALSE,F,K,F,S,NA,NA,NA
PRM_0363,SGRFWFNDWL,TCTGGTAGATTTTGGTTCAATGATTGGTTGTAA,TTT,AAT,4,7,FALSE,F,N,F,S,NA,NA,NA
PRM_0363,SGRFWFMDWL,TCTGGTAGATTTTGGTTCATGGATTGGTTGTAA,TTT,ATG,4,7,FALSE,F,M,F,S,NA,NA,NA
PRM_0363,SGRFWFIDWL,TCTGGTAGATTTTGGTTCATTGATTGGTTGTAA,TTT,ATT,4,7,FALSE,F,I,F,S,NA,NA,NA
PRM_0363,SGRFWFRDWL,TCTGGTAGATTTTGGTTCAGGGATTGGTTGTAA,TTT,AGG,4,7,FALSE,F,R,F,S,NA,NA,NA
PRM_0363,SGRFWFSDWL,TCTGGTAGATTTTGGTTCAGTGATTGGTTGTAA,TTT,AGT,4,7,FALSE,F,S,F,S,NA,NA,NA
PRM_0363,SGRFWFTDWL,TCTGGTAGATTTTGGTTCACGGATTGGTTGTAA,TTT,ACG,4,7,FALSE,F,T,F,S,NA,NA,NA
PRM_0363,SGRFWFTDWL,TCTGGTAGATTTTGGTTCACTGATTGGTTGTAA,TTT,ACT,4,7,FALSE,F,T,F,S,NA,NA,NA
PRM_0363,SGRFWF*DWL,TCTGGTAGATTTTGGTTCTAGGATTGGTTGTAA,TTT,TAG,4,7,FALSE,F,*,F,S,NA,NA,NA
PRM_0363,SGRFWFYDWL,TCTGGTAGATTTTGGTTCTATGATTGGTTGTAA,TTT,TAT,4,7,FALSE,F,Y,F,S,NA,NA,NA
PRM_0363,SGRFWFLDWL,TCTGGTAGATTTTGGTTCTTGGATTGGTTGTAA,TTT,TTG,4,7,FALSE,F,L,F,S,NA,NA,NA
PRM_0363,SGRFWFFDWL,TCTGGTAGATTTTGGTTCTTTGATTGGTTGTAA,TTT,TTT,4,7,FALSE,F,F,F,S,NA,NA,NA
PRM_0363,SGRFWFWDWL,TCTGGTAGATTTTGGTTCTGGGATTGGTTGTAA,TTT,TGG,4,7,FALSE,F,W,F,S,NA,NA,NA
PRM_0363,SGRFWFCDWL,TCTGGTAGATTTTGGTTCTGTGATTGGTTGTAA,TTT,TGT,4,7,FALSE,F,C,F,S,NA,NA,NA
PRM_0363,SGRFWFSDWL,TCTGGTAGATTTTGGTTCTCGGATTGGTTGTAA,TTT,TCG,4,7,FALSE,F,S,F,S,NA,NA,NA
PRM_0363,SGRFWFSDWL,TCTGGTAGATTTTGGTTCTCTGATTGGTTGTAA,TTT,TCT,4,7,FALSE,F,S,F,S,NA,NA,NA
PRM_0363,SGRFWFEDWL,TCTGGTAGATTTTGGTTCGAGGATTGGTTGTAA,TTT,GAG,4,7,FALSE,F,E,F,S,NA,NA,NA
PRM_0363,SGRFWFDDWL,TCTGGTAGATTTTGGTTCGATGATTGGTTGTAA,TTT,GAT,4,7,FALSE,F,D,F,S,NA,NA,NA
PRM_0363,SGRFWFVDWL,TCTGGTAGATTTTGGTTCGTGGATTGGTTGTAA,TTT,GTG,4,7,FALSE,F,V,F,S,NA,NA,NA
PRM_0363,SGRFWFVDWL,TCTGGTAGATTTTGGTTCGTTGATTGGTTGTAA,TTT,GTT,4,7,FALSE,F,V,F,S,NA,NA,NA
PRM_0363,SGRFWFGDWL,TCTGGTAGATTTTGGTTCGGGGATTGGTTGTAA,TTT,GGG,4,7,FALSE,F,G,F,S,NA,NA,NA
PRM_0363,SGRFWFGDWL,TCTGGTAGATTTTGGTTCGGTGATTGGTTGTAA,TTT,GGT,4,7,FALSE,F,G,F,S,NA,NA,NA
PRM_0363,SGRFWFADWL,TCTGGTAGATTTTGGTTCGCGGATTGGTTGTAA,TTT,GCG,4,7,FALSE,F,A,F,S,NA,NA,NA
PRM_0363,SGRFWFADWL,TCTGGTAGATTTTGGTTCGCTGATTGGTTGTAA,TTT,GCT,4,7,FALSE,F,A,F,S,NA,NA,NA
PRM_0363,SGRFWFQDWL,TCTGGTAGATTTTGGTTCCAGGATTGGTTGTAA,TTT,CAG,4,7,FALSE,F,Q,F,S,NA,NA,NA
PRM_0363,SGRFWFHDWL,TCTGGTAGATTTTGGTTCCATGATTGGTTGTAA,TTT,CAT,4,7,FALSE,F,H,F,S,NA,NA,NA
PRM_0363,SGRFWFLDWL,TCTGGTAGATTTTGGTTCCTGGATTGGTTGTAA,TTT,CTG,4,7,FALSE,F,L,F,S,NA,NA,NA
PRM_0363,SGRFWFLDWL,TCTGGTAGATTTTGGTTCCTTGATTGGTTGTAA,TTT,CTT,4,7,FALSE,F,L,F,S,NA,NA,NA
PRM_0363,SGRFWFRDWL,TCTGGTAGATTTTGGTTCCGGGATTGGTTGTAA,TTT,CGG,4,7,FALSE,F,R,F,S,NA,NA,NA
PRM_0363,SGRFWFRDWL,TCTGGTAGATTTTGGTTCCGTGATTGGTTGTAA,TTT,CGT,4,7,FALSE,F,R,F,S,NA,NA,NA
PRM_0363,SGRFWFPDWL,TCTGGTAGATTTTGGTTCCCGGATTGGTTGTAA,TTT,CCG,4,7,FALSE,F,P,F,S,NA,NA,NA
PRM_0363,SGRFWFPDWL,TCTGGTAGATTTTGGTTCCCTGATTGGTTGTAA,TTT,CCT,4,7,FALSE,F,P,F,S,NA,NA,NA
PRM_0363,SGRWWFKDWL,TCTGGTAGATGGTGGTTCAAGGATTGGTTGTAA,TGG,AAG,4,7,TRUE,W,K,F,S,NA,NA,NA
PRM_0363,SGRWWFNDWL,TCTGGTAGATGGTGGTTCAATGATTGGTTGTAA,TGG,AAT,4,7,TRUE,W,N,F,S,NA,NA,NA
PRM_0363,SGRWWFMDWL,TCTGGTAGATGGTGGTTCATGGATTGGTTGTAA,TGG,ATG,4,7,TRUE,W,M,F,S,NA,NA,NA
PRM_0363,SGRWWFIDWL,TCTGGTAGATGGTGGTTCATTGATTGGTTGTAA,TGG,ATT,4,7,TRUE,W,I,F,S,NA,NA,NA
PRM_0363,SGRWWFRDWL,TCTGGTAGATGGTGGTTCAGGGATTGGTTGTAA,TGG,AGG,4,7,TRUE,W,R,F,S,NA,NA,NA
PRM_0363,SGRWWFSDWL,TCTGGTAGATGGTGGTTCAGTGATTGGTTGTAA,TGG,AGT,4,7,FALSE,W,S,F,S,NA,NA,NA
PRM_0363,SGRWWFTDWL,TCTGGTAGATGGTGGTTCACGGATTGGTTGTAA,TGG,ACG,4,7,TRUE,W,T,F,S,NA,NA,NA
PRM_0363,SGRWWFTDWL,TCTGGTAGATGGTGGTTCACTGATTGGTTGTAA,TGG,ACT,4,7,TRUE,W,T,F,S,NA,NA,NA
PRM_0363,SGRWWF*DWL,TCTGGTAGATGGTGGTTCTAGGATTGGTTGTAA,TGG,TAG,4,7,TRUE,W,*,F,S,NA,NA,NA
PRM_0363,SGRWWFYDWL,TCTGGTAGATGGTGGTTCTATGATTGGTTGTAA,TGG,TAT,4,7,TRUE,W,Y,F,S,NA,NA,NA
PRM_0363,SGRWWFLDWL,TCTGGTAGATGGTGGTTCTTGGATTGGTTGTAA,TGG,TTG,4,7,TRUE,W,L,F,S,NA,NA,NA
PRM_0363,SGRWWFFDWL,TCTGGTAGATGGTGGTTCTTTGATTGGTTGTAA,TGG,TTT,4,7,TRUE,W,F,F,S,NA,NA,NA
PRM_0363,SGRWWFWDWL,TCTGGTAGATGGTGGTTCTGGGATTGGTTGTAA,TGG,TGG,4,7,TRUE,W,W,F,S,NA,NA,NA
PRM_0363,SGRWWFCDWL,TCTGGTAGATGGTGGTTCTGTGATTGGTTGTAA,TGG,TGT,4,7,TRUE,W,C,F,S,NA,NA,NA
PRM_0363,SGRWWFSDWL,TCTGGTAGATGGTGGTTCTCGGATTGGTTGTAA,TGG,TCG,4,7,FALSE,W,S,F,S,NA,NA,NA
PRM_0363,SGRWWFSDWL,TCTGGTAGATGGTGGTTCTCTGATTGGTTGTAA,TGG,TCT,4,7,FALSE,W,S,F,S,NA,NA,NA
PRM_0363,SGRWWFEDWL,TCTGGTAGATGGTGGTTCGAGGATTGGTTGTAA,TGG,GAG,4,7,TRUE,W,E,F,S,NA,NA,NA
PRM_0363,SGRWWFDDWL,TCTGGTAGATGGTGGTTCGATGATTGGTTGTAA,TGG,GAT,4,7,TRUE,W,D,F,S,NA,NA,NA
PRM_0363,SGRWWFVDWL,TCTGGTAGATGGTGGTTCGTGGATTGGTTGTAA,TGG,GTG,4,7,TRUE,W,V,F,S,NA,NA,NA
PRM_0363,SGRWWFVDWL,TCTGGTAGATGGTGGTTCGTTGATTGGTTGTAA,TGG,GTT,4,7,TRUE,W,V,F,S,NA,NA,NA
PRM_0363,SGRWWFGDWL,TCTGGTAGATGGTGGTTCGGGGATTGGTTGTAA,TGG,GGG,4,7,TRUE,W,G,F,S,NA,NA,NA
PRM_0363,SGRWWFGDWL,TCTGGTAGATGGTGGTTCGGTGATTGGTTGTAA,TGG,GGT,4,7,TRUE,W,G,F,S,NA,NA,NA
PRM_0363,SGRWWFADWL,TCTGGTAGATGGTGGTTCGCGGATTGGTTGTAA,TGG,GCG,4,7,TRUE,W,A,F,S,NA,NA,NA
PRM_0363,SGRWWFADWL,TCTGGTAGATGGTGGTTCGCTGATTGGTTGTAA,TGG,GCT,4,7,TRUE,W,A,F,S,NA,NA,NA
PRM_0363,SGRWWFQDWL,TCTGGTAGATGGTGGTTCCAGGATTGGTTGTAA,TGG,CAG,4,7,TRUE,W,Q,F,S,NA,NA,NA
PRM_0363,SGRWWFHDWL,TCTGGTAGATGGTGGTTCCATGATTGGTTGTAA,TGG,CAT,4,7,TRUE,W,H,F,S,NA,NA,NA
PRM_0363,SGRWWFLDWL,TCTGGTAGATGGTGGTTCCTGGATTGGTTGTAA,TGG,CTG,4,7,TRUE,W,L,F,S,NA,NA,NA
PRM_0363,SGRWWFLDWL,TCTGGTAGATGGTGGTTCCTTGATTGGTTGTAA,TGG,CTT,4,7,TRUE,W,L,F,S,NA,NA,NA
PRM_0363,SGRWWFRDWL,TCTGGTAGATGGTGGTTCCGGGATTGGTTGTAA,TGG,CGG,4,7,TRUE,W,R,F,S,NA,NA,NA
PRM_0363,SGRWWFRDWL,TCTGGTAGATGGTGGTTCCGTGATTGGTTGTAA,TGG,CGT,4,7,TRUE,W,R,F,S,NA,NA,NA
PRM_0363,SGRWWFPDWL,TCTGGTAGATGGTGGTTCCCGGATTGGTTGTAA,TGG,CCG,4,7,TRUE,W,P,F,S,NA,NA,NA
PRM_0363,SGRWWFPDWL,TCTGGTAGATGGTGGTTCCCTGATTGGTTGTAA,TGG,CCT,4,7,TRUE,W,P,F,S,NA,NA,NA
PRM_0363,SGRCWFKDWL,TCTGGTAGATGTTGGTTCAAGGATTGGTTGTAA,TGT,AAG,4,7,TRUE,C,K,F,S,NA,NA,NA
PRM_0363,SGRCWFNDWL,TCTGGTAGATGTTGGTTCAATGATTGGTTGTAA,TGT,AAT,4,7,TRUE,C,N,F,S,NA,NA,NA
PRM_0363,SGRCWFMDWL,TCTGGTAGATGTTGGTTCATGGATTGGTTGTAA,TGT,ATG,4,7,TRUE,C,M,F,S,NA,NA,NA
PRM_0363,SGRCWFIDWL,TCTGGTAGATGTTGGTTCATTGATTGGTTGTAA,TGT,ATT,4,7,TRUE,C,I,F,S,NA,NA,NA
PRM_0363,SGRCWFRDWL,TCTGGTAGATGTTGGTTCAGGGATTGGTTGTAA,TGT,AGG,4,7,TRUE,C,R,F,S,NA,NA,NA
PRM_0363,SGRCWFSDWL,TCTGGTAGATGTTGGTTCAGTGATTGGTTGTAA,TGT,AGT,4,7,FALSE,C,S,F,S,NA,NA,NA
PRM_0363,SGRCWFTDWL,TCTGGTAGATGTTGGTTCACGGATTGGTTGTAA,TGT,ACG,4,7,TRUE,C,T,F,S,NA,NA,NA
PRM_0363,SGRCWFTDWL,TCTGGTAGATGTTGGTTCACTGATTGGTTGTAA,TGT,ACT,4,7,TRUE,C,T,F,S,NA,NA,NA
PRM_0363,SGRCWF*DWL,TCTGGTAGATGTTGGTTCTAGGATTGGTTGTAA,TGT,TAG,4,7,TRUE,C,*,F,S,NA,NA,NA
PRM_0363,SGRCWFYDWL,TCTGGTAGATGTTGGTTCTATGATTGGTTGTAA,TGT,TAT,4,7,TRUE,C,Y,F,S,NA,NA,NA
PRM_0363,SGRCWFLDWL,TCTGGTAGATGTTGGTTCTTGGATTGGTTGTAA,TGT,TTG,4,7,TRUE,C,L,F,S,NA,NA,NA
PRM_0363,SGRCWFFDWL,TCTGGTAGATGTTGGTTCTTTGATTGGTTGTAA,TGT,TTT,4,7,TRUE,C,F,F,S,NA,NA,NA
PRM_0363,SGRCWFWDWL,TCTGGTAGATGTTGGTTCTGGGATTGGTTGTAA,TGT,TGG,4,7,TRUE,C,W,F,S,NA,NA,NA
PRM_0363,SGRCWFCDWL,TCTGGTAGATGTTGGTTCTGTGATTGGTTGTAA,TGT,TGT,4,7,TRUE,C,C,F,S,NA,NA,NA
PRM_0363,SGRCWFSDWL,TCTGGTAGATGTTGGTTCTCGGATTGGTTGTAA,TGT,TCG,4,7,FALSE,C,S,F,S,NA,NA,NA
PRM_0363,SGRCWFSDWL,TCTGGTAGATGTTGGTTCTCTGATTGGTTGTAA,TGT,TCT,4,7,FALSE,C,S,F,S,NA,NA,NA
PRM_0363,SGRCWFEDWL,TCTGGTAGATGTTGGTTCGAGGATTGGTTGTAA,TGT,GAG,4,7,TRUE,C,E,F,S,NA,NA,NA
PRM_0363,SGRCWFDDWL,TCTGGTAGATGTTGGTTCGATGATTGGTTGTAA,TGT,GAT,4,7,TRUE,C,D,F,S,NA,NA,NA
PRM_0363,SGRCWFVDWL,TCTGGTAGATGTTGGTTCGTGGATTGGTTGTAA,TGT,GTG,4,7,TRUE,C,V,F,S,NA,NA,NA
PRM_0363,SGRCWFVDWL,TCTGGTAGATGTTGGTTCGTTGATTGGTTGTAA,TGT,GTT,4,7,TRUE,C,V,F,S,NA,NA,NA
PRM_0363,SGRCWFGDWL,TCTGGTAGATGTTGGTTCGGGGATTGGTTGTAA,TGT,GGG,4,7,TRUE,C,G,F,S,NA,NA,NA
PRM_0363,SGRCWFGDWL,TCTGGTAGATGTTGGTTCGGTGATTGGTTGTAA,TGT,GGT,4,7,TRUE,C,G,F,S,NA,NA,NA
PRM_0363,SGRCWFADWL,TCTGGTAGATGTTGGTTCGCGGATTGGTTGTAA,TGT,GCG,4,7,TRUE,C,A,F,S,NA,NA,NA
PRM_0363,SGRCWFADWL,TCTGGTAGATGTTGGTTCGCTGATTGGTTGTAA,TGT,GCT,4,7,TRUE,C,A,F,S,NA,NA,NA
PRM_0363,SGRCWFQDWL,TCTGGTAGATGTTGGTTCCAGGATTGGTTGTAA,TGT,CAG,4,7,TRUE,C,Q,F,S,NA,NA,NA
PRM_0363,SGRCWFHDWL,TCTGGTAGATGTTGGTTCCATGATTGGTTGTAA,TGT,CAT,4,7,TRUE,C,H,F,S,NA,NA,NA
PRM_0363,SGRCWFLDWL,TCTGGTAGATGTTGGTTCCTGGATTGGTTGTAA,TGT,CTG,4,7,TRUE,C,L,F,S,NA,NA,NA
PRM_0363,SGRCWFLDWL,TCTGGTAGATGTTGGTTCCTTGATTGGTTGTAA,TGT,CTT,4,7,TRUE,C,L,F,S,NA,NA,NA
PRM_0363,SGRCWFRDWL,TCTGGTAGATGTTGGTTCCGGGATTGGTTGTAA,TGT,CGG,4,7,TRUE,C,R,F,S,NA,NA,NA
PRM_0363,SGRCWFRDWL,TCTGGTAGATGTTGGTTCCGTGATTGGTTGTAA,TGT,CGT,4,7,TRUE,C,R,F,S,NA,NA,NA
PRM_0363,SGRCWFPDWL,TCTGGTAGATGTTGGTTCCCGGATTGGTTGTAA,TGT,CCG,4,7,TRUE,C,P,F,S,NA,NA,NA
PRM_0363,SGRCWFPDWL,TCTGGTAGATGTTGGTTCCCTGATTGGTTGTAA,TGT,CCT,4,7,TRUE,C,P,F,S,NA,NA,NA
PRM_0363,SGRSWFKDWL,TCTGGTAGATCGTGGTTCAAGGATTGGTTGTAA,TCG,AAG,4,7,TRUE,S,K,F,S,NA,NA,NA
PRM_0363,SGRSWFNDWL,TCTGGTAGATCGTGGTTCAATGATTGGTTGTAA,TCG,AAT,4,7,TRUE,S,N,F,S,NA,NA,NA
PRM_0363,SGRSWFMDWL,TCTGGTAGATCGTGGTTCATGGATTGGTTGTAA,TCG,ATG,4,7,TRUE,S,M,F,S,NA,NA,NA
PRM_0363,SGRSWFIDWL,TCTGGTAGATCGTGGTTCATTGATTGGTTGTAA,TCG,ATT,4,7,TRUE,S,I,F,S,NA,NA,NA
PRM_0363,SGRSWFRDWL,TCTGGTAGATCGTGGTTCAGGGATTGGTTGTAA,TCG,AGG,4,7,TRUE,S,R,F,S,NA,NA,NA
PRM_0363,SGRSWFSDWL,TCTGGTAGATCGTGGTTCAGTGATTGGTTGTAA,TCG,AGT,4,7,FALSE,S,S,F,S,NA,NA,NA
PRM_0363,SGRSWFTDWL,TCTGGTAGATCGTGGTTCACGGATTGGTTGTAA,TCG,ACG,4,7,TRUE,S,T,F,S,NA,NA,NA
PRM_0363,SGRSWFTDWL,TCTGGTAGATCGTGGTTCACTGATTGGTTGTAA,TCG,ACT,4,7,TRUE,S,T,F,S,NA,NA,NA
PRM_0363,SGRSWF*DWL,TCTGGTAGATCGTGGTTCTAGGATTGGTTGTAA,TCG,TAG,4,7,TRUE,S,*,F,S,NA,NA,NA
PRM_0363,SGRSWFYDWL,TCTGGTAGATCGTGGTTCTATGATTGGTTGTAA,TCG,TAT,4,7,TRUE,S,Y,F,S,NA,NA,NA
PRM_0363,SGRSWFLDWL,TCTGGTAGATCGTGGTTCTTGGATTGGTTGTAA,TCG,TTG,4,7,TRUE,S,L,F,S,NA,NA,NA
PRM_0363,SGRSWFFDWL,TCTGGTAGATCGTGGTTCTTTGATTGGTTGTAA,TCG,TTT,4,7,TRUE,S,F,F,S,NA,NA,NA
PRM_0363,SGRSWFWDWL,TCTGGTAGATCGTGGTTCTGGGATTGGTTGTAA,TCG,TGG,4,7,TRUE,S,W,F,S,NA,NA,NA
PRM_0363,SGRSWFCDWL,TCTGGTAGATCGTGGTTCTGTGATTGGTTGTAA,TCG,TGT,4,7,TRUE,S,C,F,S,NA,NA,NA
PRM_0363,SGRSWFSDWL,TCTGGTAGATCGTGGTTCTCGGATTGGTTGTAA,TCG,TCG,4,7,FALSE,S,S,F,S,NA,NA,NA
PRM_0363,SGRSWFSDWL,TCTGGTAGATCGTGGTTCTCTGATTGGTTGTAA,TCG,TCT,4,7,FALSE,S,S,F,S,NA,NA,NA
PRM_0363,SGRSWFEDWL,TCTGGTAGATCGTGGTTCGAGGATTGGTTGTAA,TCG,GAG,4,7,TRUE,S,E,F,S,NA,NA,NA
PRM_0363,SGRSWFDDWL,TCTGGTAGATCGTGGTTCGATGATTGGTTGTAA,TCG,GAT,4,7,TRUE,S,D,F,S,NA,NA,NA
PRM_0363,SGRSWFVDWL,TCTGGTAGATCGTGGTTCGTGGATTGGTTGTAA,TCG,GTG,4,7,TRUE,S,V,F,S,NA,NA,NA
PRM_0363,SGRSWFVDWL,TCTGGTAGATCGTGGTTCGTTGATTGGTTGTAA,TCG,GTT,4,7,TRUE,S,V,F,S,NA,NA,NA
PRM_0363,SGRSWFGDWL,TCTGGTAGATCGTGGTTCGGGGATTGGTTGTAA,TCG,GGG,4,7,TRUE,S,G,F,S,NA,NA,NA
PRM_0363,SGRSWFGDWL,TCTGGTAGATCGTGGTTCGGTGATTGGTTGTAA,TCG,GGT,4,7,TRUE,S,G,F,S,NA,NA,NA
PRM_0363,SGRSWFADWL,TCTGGTAGATCGTGGTTCGCGGATTGGTTGTAA,TCG,GCG,4,7,TRUE,S,A,F,S,NA,NA,NA
PRM_0363,SGRSWFADWL,TCTGGTAGATCGTGGTTCGCTGATTGGTTGTAA,TCG,GCT,4,7,TRUE,S,A,F,S,NA,NA,NA
PRM_0363,SGRSWFQDWL,TCTGGTAGATCGTGGTTCCAGGATTGGTTGTAA,TCG,CAG,4,7,TRUE,S,Q,F,S,NA,NA,NA
PRM_0363,SGRSWFHDWL,TCTGGTAGATCGTGGTTCCATGATTGGTTGTAA,TCG,CAT,4,7,TRUE,S,H,F,S,NA,NA,NA
PRM_0363,SGRSWFLDWL,TCTGGTAGATCGTGGTTCCTGGATTGGTTGTAA,TCG,CTG,4,7,TRUE,S,L,F,S,NA,NA,NA
PRM_0363,SGRSWFLDWL,TCTGGTAGATCGTGGTTCCTTGATTGGTTGTAA,TCG,CTT,4,7,TRUE,S,L,F,S,NA,NA,NA
PRM_0363,SGRSWFRDWL,TCTGGTAGATCGTGGTTCCGGGATTGGTTGTAA,TCG,CGG,4,7,TRUE,S,R,F,S,NA,NA,NA
PRM_0363,SGRSWFRDWL,TCTGGTAGATCGTGGTTCCGTGATTGGTTGTAA,TCG,CGT,4,7,TRUE,S,R,F,S,NA,NA,NA
PRM_0363,SGRSWFPDWL,TCTGGTAGATCGTGGTTCCCGGATTGGTTGTAA,TCG,CCG,4,7,TRUE,S,P,F,S,NA,NA,NA
PRM_0363,SGRSWFPDWL,TCTGGTAGATCGTGGTTCCCTGATTGGTTGTAA,TCG,CCT,4,7,TRUE,S,P,F,S,NA,NA,NA
PRM_0363,SGRSWFKDWL,TCTGGTAGATCTTGGTTCAAGGATTGGTTGTAA,TCT,AAG,4,7,TRUE,S,K,F,S,NA,NA,NA
PRM_0363,SGRSWFNDWL,TCTGGTAGATCTTGGTTCAATGATTGGTTGTAA,TCT,AAT,4,7,TRUE,S,N,F,S,NA,NA,NA
PRM_0363,SGRSWFMDWL,TCTGGTAGATCTTGGTTCATGGATTGGTTGTAA,TCT,ATG,4,7,TRUE,S,M,F,S,NA,NA,NA
PRM_0363,SGRSWFIDWL,TCTGGTAGATCTTGGTTCATTGATTGGTTGTAA,TCT,ATT,4,7,TRUE,S,I,F,S,NA,NA,NA
PRM_0363,SGRSWFRDWL,TCTGGTAGATCTTGGTTCAGGGATTGGTTGTAA,TCT,AGG,4,7,TRUE,S,R,F,S,NA,NA,NA
PRM_0363,SGRSWFSDWL,TCTGGTAGATCTTGGTTCAGTGATTGGTTGTAA,TCT,AGT,4,7,FALSE,S,S,F,S,NA,NA,NA
PRM_0363,SGRSWFTDWL,TCTGGTAGATCTTGGTTCACGGATTGGTTGTAA,TCT,ACG,4,7,TRUE,S,T,F,S,NA,NA,NA
PRM_0363,SGRSWFTDWL,TCTGGTAGATCTTGGTTCACTGATTGGTTGTAA,TCT,ACT,4,7,TRUE,S,T,F,S,NA,NA,NA
PRM_0363,SGRSWF*DWL,TCTGGTAGATCTTGGTTCTAGGATTGGTTGTAA,TCT,TAG,4,7,TRUE,S,*,F,S,NA,NA,NA
PRM_0363,SGRSWFYDWL,TCTGGTAGATCTTGGTTCTATGATTGGTTGTAA,TCT,TAT,4,7,TRUE,S,Y,F,S,NA,NA,NA
PRM_0363,SGRSWFLDWL,TCTGGTAGATCTTGGTTCTTGGATTGGTTGTAA,TCT,TTG,4,7,TRUE,S,L,F,S,NA,NA,NA
PRM_0363,SGRSWFFDWL,TCTGGTAGATCTTGGTTCTTTGATTGGTTGTAA,TCT,TTT,4,7,TRUE,S,F,F,S,NA,NA,NA
PRM_0363,SGRSWFWDWL,TCTGGTAGATCTTGGTTCTGGGATTGGTTGTAA,TCT,TGG,4,7,TRUE,S,W,F,S,NA,NA,NA
PRM_0363,SGRSWFCDWL,TCTGGTAGATCTTGGTTCTGTGATTGGTTGTAA,TCT,TGT,4,7,TRUE,S,C,F,S,NA,NA,NA
PRM_0363,SGRSWFSDWL,TCTGGTAGATCTTGGTTCTCGGATTGGTTGTAA,TCT,TCG,4,7,FALSE,S,S,F,S,NA,NA,NA
PRM_0363,SGRSWFSDWL,TCTGGTAGATCTTGGTTCTCTGATTGGTTGTAA,TCT,TCT,4,7,FALSE,S,S,F,S,NA,NA,NA
PRM_0363,SGRSWFEDWL,TCTGGTAGATCTTGGTTCGAGGATTGGTTGTAA,TCT,GAG,4,7,TRUE,S,E,F,S,NA,NA,NA
PRM_0363,SGRSWFDDWL,TCTGGTAGATCTTGGTTCGATGATTGGTTGTAA,TCT,GAT,4,7,TRUE,S,D,F,S,NA,NA,NA
PRM_0363,SGRSWFVDWL,TCTGGTAGATCTTGGTTCGTGGATTGGTTGTAA,TCT,GTG,4,7,TRUE,S,V,F,S,NA,NA,NA
PRM_0363,SGRSWFVDWL,TCTGGTAGATCTTGGTTCGTTGATTGGTTGTAA,TCT,GTT,4,7,TRUE,S,V,F,S,NA,NA,NA
PRM_0363,SGRSWFGDWL,TCTGGTAGATCTTGGTTCGGGGATTGGTTGTAA,TCT,GGG,4,7,TRUE,S,G,F,S,NA,NA,NA
PRM_0363,SGRSWFGDWL,TCTGGTAGATCTTGGTTCGGTGATTGGTTGTAA,TCT,GGT,4,7,TRUE,S,G,F,S,NA,NA,NA
PRM_0363,SGRSWFADWL,TCTGGTAGATCTTGGTTCGCGGATTGGTTGTAA,TCT,GCG,4,7,TRUE,S,A,F,S,NA,NA,NA
PRM_0363,SGRSWFADWL,TCTGGTAGATCTTGGTTCGCTGATTGGTTGTAA,TCT,GCT,4,7,TRUE,S,A,F,S,NA,NA,NA
PRM_0363,SGRSWFQDWL,TCTGGTAGATCTTGGTTCCAGGATTGGTTGTAA,TCT,CAG,4,7,TRUE,S,Q,F,S,NA,NA,NA
PRM_0363,SGRSWFHDWL,TCTGGTAGATCTTGGTTCCATGATTGGTTGTAA,TCT,CAT,4,7,TRUE,S,H,F,S,NA,NA,NA
PRM_0363,SGRSWFLDWL,TCTGGTAGATCTTGGTTCCTGGATTGGTTGTAA,TCT,CTG,4,7,TRUE,S,L,F,S,NA,NA,NA
PRM_0363,SGRSWFLDWL,TCTGGTAGATCTTGGTTCCTTGATTGGTTGTAA,TCT,CTT,4,7,TRUE,S,L,F,S,NA,NA,NA
PRM_0363,SGRSWFRDWL,TCTGGTAGATCTTGGTTCCGGGATTGGTTGTAA,TCT,CGG,4,7,TRUE,S,R,F,S,NA,NA,NA
PRM_0363,SGRSWFRDWL,TCTGGTAGATCTTGGTTCCGTGATTGGTTGTAA,TCT,CGT,4,7,TRUE,S,R,F,S,NA,NA,NA
PRM_0363,SGRSWFPDWL,TCTGGTAGATCTTGGTTCCCGGATTGGTTGTAA,TCT,CCG,4,7,TRUE,S,P,F,S,NA,NA,NA
PRM_0363,SGRSWFPDWL,TCTGGTAGATCTTGGTTCCCTGATTGGTTGTAA,TCT,CCT,4,7,TRUE,S,P,F,S,NA,NA,NA
PRM_0363,SGREWFKDWL,TCTGGTAGAGAGTGGTTCAAGGATTGGTTGTAA,GAG,AAG,4,7,TRUE,E,K,F,S,NA,NA,NA
PRM_0363,SGREWFNDWL,TCTGGTAGAGAGTGGTTCAATGATTGGTTGTAA,GAG,AAT,4,7,TRUE,E,N,F,S,NA,NA,NA
PRM_0363,SGREWFMDWL,TCTGGTAGAGAGTGGTTCATGGATTGGTTGTAA,GAG,ATG,4,7,TRUE,E,M,F,S,NA,NA,NA
PRM_0363,SGREWFIDWL,TCTGGTAGAGAGTGGTTCATTGATTGGTTGTAA,GAG,ATT,4,7,TRUE,E,I,F,S,NA,NA,NA
PRM_0363,SGREWFRDWL,TCTGGTAGAGAGTGGTTCAGGGATTGGTTGTAA,GAG,AGG,4,7,TRUE,E,R,F,S,NA,NA,NA
PRM_0363,SGREWFSDWL,TCTGGTAGAGAGTGGTTCAGTGATTGGTTGTAA,GAG,AGT,4,7,FALSE,E,S,F,S,NA,NA,NA
PRM_0363,SGREWFTDWL,TCTGGTAGAGAGTGGTTCACGGATTGGTTGTAA,GAG,ACG,4,7,TRUE,E,T,F,S,NA,NA,NA
PRM_0363,SGREWFTDWL,TCTGGTAGAGAGTGGTTCACTGATTGGTTGTAA,GAG,ACT,4,7,TRUE,E,T,F,S,NA,NA,NA
PRM_0363,SGREWF*DWL,TCTGGTAGAGAGTGGTTCTAGGATTGGTTGTAA,GAG,TAG,4,7,TRUE,E,*,F,S,NA,NA,NA
PRM_0363,SGREWFYDWL,TCTGGTAGAGAGTGGTTCTATGATTGGTTGTAA,GAG,TAT,4,7,TRUE,E,Y,F,S,NA,NA,NA
PRM_0363,SGREWFLDWL,TCTGGTAGAGAGTGGTTCTTGGATTGGTTGTAA,GAG,TTG,4,7,TRUE,E,L,F,S,NA,NA,NA
PRM_0363,SGREWFFDWL,TCTGGTAGAGAGTGGTTCTTTGATTGGTTGTAA,GAG,TTT,4,7,TRUE,E,F,F,S,NA,NA,NA
PRM_0363,SGREWFWDWL,TCTGGTAGAGAGTGGTTCTGGGATTGGTTGTAA,GAG,TGG,4,7,TRUE,E,W,F,S,NA,NA,NA
PRM_0363,SGREWFCDWL,TCTGGTAGAGAGTGGTTCTGTGATTGGTTGTAA,GAG,TGT,4,7,TRUE,E,C,F,S,NA,NA,NA
PRM_0363,SGREWFSDWL,TCTGGTAGAGAGTGGTTCTCGGATTGGTTGTAA,GAG,TCG,4,7,FALSE,E,S,F,S,NA,NA,NA
PRM_0363,SGREWFSDWL,TCTGGTAGAGAGTGGTTCTCTGATTGGTTGTAA,GAG,TCT,4,7,FALSE,E,S,F,S,NA,NA,NA
PRM_0363,SGREWFEDWL,TCTGGTAGAGAGTGGTTCGAGGATTGGTTGTAA,GAG,GAG,4,7,TRUE,E,E,F,S,NA,NA,NA
PRM_0363,SGREWFDDWL,TCTGGTAGAGAGTGGTTCGATGATTGGTTGTAA,GAG,GAT,4,7,TRUE,E,D,F,S,NA,NA,NA
PRM_0363,SGREWFVDWL,TCTGGTAGAGAGTGGTTCGTGGATTGGTTGTAA,GAG,GTG,4,7,TRUE,E,V,F,S,NA,NA,NA
PRM_0363,SGREWFVDWL,TCTGGTAGAGAGTGGTTCGTTGATTGGTTGTAA,GAG,GTT,4,7,TRUE,E,V,F,S,NA,NA,NA
PRM_0363,SGREWFGDWL,TCTGGTAGAGAGTGGTTCGGGGATTGGTTGTAA,GAG,GGG,4,7,TRUE,E,G,F,S,NA,NA,NA
PRM_0363,SGREWFGDWL,TCTGGTAGAGAGTGGTTCGGTGATTGGTTGTAA,GAG,GGT,4,7,TRUE,E,G,F,S,NA,NA,NA
PRM_0363,SGREWFADWL,TCTGGTAGAGAGTGGTTCGCGGATTGGTTGTAA,GAG,GCG,4,7,TRUE,E,A,F,S,NA,NA,NA
PRM_0363,SGREWFADWL,TCTGGTAGAGAGTGGTTCGCTGATTGGTTGTAA,GAG,GCT,4,7,TRUE,E,A,F,S,NA,NA,NA
PRM_0363,SGREWFQDWL,TCTGGTAGAGAGTGGTTCCAGGATTGGTTGTAA,GAG,CAG,4,7,TRUE,E,Q,F,S,NA,NA,NA
PRM_0363,SGREWFHDWL,TCTGGTAGAGAGTGGTTCCATGATTGGTTGTAA,GAG,CAT,4,7,TRUE,E,H,F,S,NA,NA,NA
PRM_0363,SGREWFLDWL,TCTGGTAGAGAGTGGTTCCTGGATTGGTTGTAA,GAG,CTG,4,7,TRUE,E,L,F,S,NA,NA,NA
PRM_0363,SGREWFLDWL,TCTGGTAGAGAGTGGTTCCTTGATTGGTTGTAA,GAG,CTT,4,7,TRUE,E,L,F,S,NA,NA,NA
PRM_0363,SGREWFRDWL,TCTGGTAGAGAGTGGTTCCGGGATTGGTTGTAA,GAG,CGG,4,7,TRUE,E,R,F,S,NA,NA,NA
PRM_0363,SGREWFRDWL,TCTGGTAGAGAGTGGTTCCGTGATTGGTTGTAA,GAG,CGT,4,7,TRUE,E,R,F,S,NA,NA,NA
PRM_0363,SGREWFPDWL,TCTGGTAGAGAGTGGTTCCCGGATTGGTTGTAA,GAG,CCG,4,7,TRUE,E,P,F,S,NA,NA,NA
PRM_0363,SGREWFPDWL,TCTGGTAGAGAGTGGTTCCCTGATTGGTTGTAA,GAG,CCT,4,7,TRUE,E,P,F,S,NA,NA,NA
PRM_0363,SGRDWFKDWL,TCTGGTAGAGATTGGTTCAAGGATTGGTTGTAA,GAT,AAG,4,7,TRUE,D,K,F,S,NA,NA,NA
PRM_0363,SGRDWFNDWL,TCTGGTAGAGATTGGTTCAATGATTGGTTGTAA,GAT,AAT,4,7,TRUE,D,N,F,S,NA,NA,NA
PRM_0363,SGRDWFMDWL,TCTGGTAGAGATTGGTTCATGGATTGGTTGTAA,GAT,ATG,4,7,TRUE,D,M,F,S,NA,NA,NA
PRM_0363,SGRDWFIDWL,TCTGGTAGAGATTGGTTCATTGATTGGTTGTAA,GAT,ATT,4,7,TRUE,D,I,F,S,NA,NA,NA
PRM_0363,SGRDWFRDWL,TCTGGTAGAGATTGGTTCAGGGATTGGTTGTAA,GAT,AGG,4,7,TRUE,D,R,F,S,NA,NA,NA
PRM_0363,SGRDWFSDWL,TCTGGTAGAGATTGGTTCAGTGATTGGTTGTAA,GAT,AGT,4,7,FALSE,D,S,F,S,NA,NA,NA
PRM_0363,SGRDWFTDWL,TCTGGTAGAGATTGGTTCACGGATTGGTTGTAA,GAT,ACG,4,7,TRUE,D,T,F,S,NA,NA,NA
PRM_0363,SGRDWFTDWL,TCTGGTAGAGATTGGTTCACTGATTGGTTGTAA,GAT,ACT,4,7,TRUE,D,T,F,S,NA,NA,NA
PRM_0363,SGRDWF*DWL,TCTGGTAGAGATTGGTTCTAGGATTGGTTGTAA,GAT,TAG,4,7,TRUE,D,*,F,S,NA,NA,NA
PRM_0363,SGRDWFYDWL,TCTGGTAGAGATTGGTTCTATGATTGGTTGTAA,GAT,TAT,4,7,TRUE,D,Y,F,S,NA,NA,NA
PRM_0363,SGRDWFLDWL,TCTGGTAGAGATTGGTTCTTGGATTGGTTGTAA,GAT,TTG,4,7,TRUE,D,L,F,S,NA,NA,NA
PRM_0363,SGRDWFFDWL,TCTGGTAGAGATTGGTTCTTTGATTGGTTGTAA,GAT,TTT,4,7,TRUE,D,F,F,S,NA,NA,NA
PRM_0363,SGRDWFWDWL,TCTGGTAGAGATTGGTTCTGGGATTGGTTGTAA,GAT,TGG,4,7,TRUE,D,W,F,S,NA,NA,NA
PRM_0363,SGRDWFCDWL,TCTGGTAGAGATTGGTTCTGTGATTGGTTGTAA,GAT,TGT,4,7,TRUE,D,C,F,S,NA,NA,NA
PRM_0363,SGRDWFSDWL,TCTGGTAGAGATTGGTTCTCGGATTGGTTGTAA,GAT,TCG,4,7,FALSE,D,S,F,S,NA,NA,NA
PRM_0363,SGRDWFSDWL,TCTGGTAGAGATTGGTTCTCTGATTGGTTGTAA,GAT,TCT,4,7,FALSE,D,S,F,S,NA,NA,NA
PRM_0363,SGRDWFEDWL,TCTGGTAGAGATTGGTTCGAGGATTGGTTGTAA,GAT,GAG,4,7,TRUE,D,E,F,S,NA,NA,NA
PRM_0363,SGRDWFDDWL,TCTGGTAGAGATTGGTTCGATGATTGGTTGTAA,GAT,GAT,4,7,TRUE,D,D,F,S,NA,NA,NA
PRM_0363,SGRDWFVDWL,TCTGGTAGAGATTGGTTCGTGGATTGGTTGTAA,GAT,GTG,4,7,TRUE,D,V,F,S,NA,NA,NA
PRM_0363,SGRDWFVDWL,TCTGGTAGAGATTGGTTCGTTGATTGGTTGTAA,GAT,GTT,4,7,TRUE,D,V,F,S,NA,NA,NA
PRM_0363,SGRDWFGDWL,TCTGGTAGAGATTGGTTCGGGGATTGGTTGTAA,GAT,GGG,4,7,TRUE,D,G,F,S,NA,NA,NA
PRM_0363,SGRDWFGDWL,TCTGGTAGAGATTGGTTCGGTGATTGGTTGTAA,GAT,GGT,4,7,TRUE,D,G,F,S,NA,NA,NA
PRM_0363,SGRDWFADWL,TCTGGTAGAGATTGGTTCGCGGATTGGTTGTAA,GAT,GCG,4,7,TRUE,D,A,F,S,NA,NA,NA
PRM_0363,SGRDWFADWL,TCTGGTAGAGATTGGTTCGCTGATTGGTTGTAA,GAT,GCT,4,7,TRUE,D,A,F,S,NA,NA,NA
PRM_0363,SGRDWFQDWL,TCTGGTAGAGATTGGTTCCAGGATTGGTTGTAA,GAT,CAG,4,7,TRUE,D,Q,F,S,NA,NA,NA
PRM_0363,SGRDWFHDWL,TCTGGTAGAGATTGGTTCCATGATTGGTTGTAA,GAT,CAT,4,7,TRUE,D,H,F,S,NA,NA,NA
PRM_0363,SGRDWFLDWL,TCTGGTAGAGATTGGTTCCTGGATTGGTTGTAA,GAT,CTG,4,7,TRUE,D,L,F,S,NA,NA,NA
PRM_0363,SGRDWFLDWL,TCTGGTAGAGATTGGTTCCTTGATTGGTTGTAA,GAT,CTT,4,7,TRUE,D,L,F,S,NA,NA,NA
PRM_0363,SGRDWFRDWL,TCTGGTAGAGATTGGTTCCGGGATTGGTTGTAA,GAT,CGG,4,7,TRUE,D,R,F,S,NA,NA,NA
PRM_0363,SGRDWFRDWL,TCTGGTAGAGATTGGTTCCGTGATTGGTTGTAA,GAT,CGT,4,7,TRUE,D,R,F,S,NA,NA,NA
PRM_0363,SGRDWFPDWL,TCTGGTAGAGATTGGTTCCCGGATTGGTTGTAA,GAT,CCG,4,7,TRUE,D,P,F,S,NA,NA,NA
PRM_0363,SGRDWFPDWL,TCTGGTAGAGATTGGTTCCCTGATTGGTTGTAA,GAT,CCT,4,7,TRUE,D,P,F,S,NA,NA,NA
PRM_0363,SGRVWFKDWL,TCTGGTAGAGTGTGGTTCAAGGATTGGTTGTAA,GTG,AAG,4,7,TRUE,V,K,F,S,NA,NA,NA
PRM_0363,SGRVWFNDWL,TCTGGTAGAGTGTGGTTCAATGATTGGTTGTAA,GTG,AAT,4,7,TRUE,V,N,F,S,NA,NA,NA
PRM_0363,SGRVWFMDWL,TCTGGTAGAGTGTGGTTCATGGATTGGTTGTAA,GTG,ATG,4,7,TRUE,V,M,F,S,NA,NA,NA
PRM_0363,SGRVWFIDWL,TCTGGTAGAGTGTGGTTCATTGATTGGTTGTAA,GTG,ATT,4,7,TRUE,V,I,F,S,NA,NA,NA
PRM_0363,SGRVWFRDWL,TCTGGTAGAGTGTGGTTCAGGGATTGGTTGTAA,GTG,AGG,4,7,TRUE,V,R,F,S,NA,NA,NA
PRM_0363,SGRVWFSDWL,TCTGGTAGAGTGTGGTTCAGTGATTGGTTGTAA,GTG,AGT,4,7,FALSE,V,S,F,S,NA,NA,NA
PRM_0363,SGRVWFTDWL,TCTGGTAGAGTGTGGTTCACGGATTGGTTGTAA,GTG,ACG,4,7,TRUE,V,T,F,S,NA,NA,NA
PRM_0363,SGRVWFTDWL,TCTGGTAGAGTGTGGTTCACTGATTGGTTGTAA,GTG,ACT,4,7,TRUE,V,T,F,S,NA,NA,NA
PRM_0363,SGRVWF*DWL,TCTGGTAGAGTGTGGTTCTAGGATTGGTTGTAA,GTG,TAG,4,7,TRUE,V,*,F,S,NA,NA,NA
PRM_0363,SGRVWFYDWL,TCTGGTAGAGTGTGGTTCTATGATTGGTTGTAA,GTG,TAT,4,7,TRUE,V,Y,F,S,NA,NA,NA
PRM_0363,SGRVWFLDWL,TCTGGTAGAGTGTGGTTCTTGGATTGGTTGTAA,GTG,TTG,4,7,TRUE,V,L,F,S,NA,NA,NA
PRM_0363,SGRVWFFDWL,TCTGGTAGAGTGTGGTTCTTTGATTGGTTGTAA,GTG,TTT,4,7,TRUE,V,F,F,S,NA,NA,NA
PRM_0363,SGRVWFWDWL,TCTGGTAGAGTGTGGTTCTGGGATTGGTTGTAA,GTG,TGG,4,7,TRUE,V,W,F,S,NA,NA,NA
PRM_0363,SGRVWFCDWL,TCTGGTAGAGTGTGGTTCTGTGATTGGTTGTAA,GTG,TGT,4,7,TRUE,V,C,F,S,NA,NA,NA
PRM_0363,SGRVWFSDWL,TCTGGTAGAGTGTGGTTCTCGGATTGGTTGTAA,GTG,TCG,4,7,FALSE,V,S,F,S,NA,NA,NA
PRM_0363,SGRVWFSDWL,TCTGGTAGAGTGTGGTTCTCTGATTGGTTGTAA,GTG,TCT,4,7,FALSE,V,S,F,S,NA,NA,NA
PRM_0363,SGRVWFEDWL,TCTGGTAGAGTGTGGTTCGAGGATTGGTTGTAA,GTG,GAG,4,7,TRUE,V,E,F,S,NA,NA,NA
PRM_0363,SGRVWFDDWL,TCTGGTAGAGTGTGGTTCGATGATTGGTTGTAA,GTG,GAT,4,7,TRUE,V,D,F,S,NA,NA,NA
PRM_0363,SGRVWFVDWL,TCTGGTAGAGTGTGGTTCGTGGATTGGTTGTAA,GTG,GTG,4,7,TRUE,V,V,F,S,NA,NA,NA
PRM_0363,SGRVWFVDWL,TCTGGTAGAGTGTGGTTCGTTGATTGGTTGTAA,GTG,GTT,4,7,TRUE,V,V,F,S,NA,NA,NA
PRM_0363,SGRVWFGDWL,TCTGGTAGAGTGTGGTTCGGGGATTGGTTGTAA,GTG,GGG,4,7,TRUE,V,G,F,S,NA,NA,NA
PRM_0363,SGRVWFGDWL,TCTGGTAGAGTGTGGTTCGGTGATTGGTTGTAA,GTG,GGT,4,7,TRUE,V,G,F,S,NA,NA,NA
PRM_0363,SGRVWFADWL,TCTGGTAGAGTGTGGTTCGCGGATTGGTTGTAA,GTG,GCG,4,7,TRUE,V,A,F,S,NA,NA,NA
PRM_0363,SGRVWFADWL,TCTGGTAGAGTGTGGTTCGCTGATTGGTTGTAA,GTG,GCT,4,7,TRUE,V,A,F,S,NA,NA,NA
PRM_0363,SGRVWFQDWL,TCTGGTAGAGTGTGGTTCCAGGATTGGTTGTAA,GTG,CAG,4,7,TRUE,V,Q,F,S,NA,NA,NA
PRM_0363,SGRVWFHDWL,TCTGGTAGAGTGTGGTTCCATGATTGGTTGTAA,GTG,CAT,4,7,TRUE,V,H,F,S,NA,NA,NA
PRM_0363,SGRVWFLDWL,TCTGGTAGAGTGTGGTTCCTGGATTGGTTGTAA,GTG,CTG,4,7,TRUE,V,L,F,S,NA,NA,NA
PRM_0363,SGRVWFLDWL,TCTGGTAGAGTGTGGTTCCTTGATTGGTTGTAA,GTG,CTT,4,7,TRUE,V,L,F,S,NA,NA,NA
PRM_0363,SGRVWFRDWL,TCTGGTAGAGTGTGGTTCCGGGATTGGTTGTAA,GTG,CGG,4,7,TRUE,V,R,F,S,NA,NA,NA
PRM_0363,SGRVWFRDWL,TCTGGTAGAGTGTGGTTCCGTGATTGGTTGTAA,GTG,CGT,4,7,TRUE,V,R,F,S,NA,NA,NA
PRM_0363,SGRVWFPDWL,TCTGGTAGAGTGTGGTTCCCGGATTGGTTGTAA,GTG,CCG,4,7,TRUE,V,P,F,S,NA,NA,NA
PRM_0363,SGRVWFPDWL,TCTGGTAGAGTGTGGTTCCCTGATTGGTTGTAA,GTG,CCT,4,7,TRUE,V,P,F,S,NA,NA,NA
PRM_0363,SGRVWFKDWL,TCTGGTAGAGTTTGGTTCAAGGATTGGTTGTAA,GTT,AAG,4,7,TRUE,V,K,F,S,NA,NA,NA
PRM_0363,SGRVWFNDWL,TCTGGTAGAGTTTGGTTCAATGATTGGTTGTAA,GTT,AAT,4,7,TRUE,V,N,F,S,NA,NA,NA
PRM_0363,SGRVWFMDWL,TCTGGTAGAGTTTGGTTCATGGATTGGTTGTAA,GTT,ATG,4,7,TRUE,V,M,F,S,NA,NA,NA
PRM_0363,SGRVWFIDWL,TCTGGTAGAGTTTGGTTCATTGATTGGTTGTAA,GTT,ATT,4,7,TRUE,V,I,F,S,NA,NA,NA
PRM_0363,SGRVWFRDWL,TCTGGTAGAGTTTGGTTCAGGGATTGGTTGTAA,GTT,AGG,4,7,TRUE,V,R,F,S,NA,NA,NA
PRM_0363,SGRVWFSDWL,TCTGGTAGAGTTTGGTTCAGTGATTGGTTGTAA,GTT,AGT,4,7,FALSE,V,S,F,S,NA,NA,NA
PRM_0363,SGRVWFTDWL,TCTGGTAGAGTTTGGTTCACGGATTGGTTGTAA,GTT,ACG,4,7,TRUE,V,T,F,S,NA,NA,NA
PRM_0363,SGRVWFTDWL,TCTGGTAGAGTTTGGTTCACTGATTGGTTGTAA,GTT,ACT,4,7,TRUE,V,T,F,S,NA,NA,NA
PRM_0363,SGRVWF*DWL,TCTGGTAGAGTTTGGTTCTAGGATTGGTTGTAA,GTT,TAG,4,7,TRUE,V,*,F,S,NA,NA,NA
PRM_0363,SGRVWFYDWL,TCTGGTAGAGTTTGGTTCTATGATTGGTTGTAA,GTT,TAT,4,7,TRUE,V,Y,F,S,NA,NA,NA
PRM_0363,SGRVWFLDWL,TCTGGTAGAGTTTGGTTCTTGGATTGGTTGTAA,GTT,TTG,4,7,TRUE,V,L,F,S,NA,NA,NA
PRM_0363,SGRVWFFDWL,TCTGGTAGAGTTTGGTTCTTTGATTGGTTGTAA,GTT,TTT,4,7,TRUE,V,F,F,S,NA,NA,NA
PRM_0363,SGRVWFWDWL,TCTGGTAGAGTTTGGTTCTGGGATTGGTTGTAA,GTT,TGG,4,7,TRUE,V,W,F,S,NA,NA,NA
PRM_0363,SGRVWFCDWL,TCTGGTAGAGTTTGGTTCTGTGATTGGTTGTAA,GTT,TGT,4,7,TRUE,V,C,F,S,NA,NA,NA
PRM_0363,SGRVWFSDWL,TCTGGTAGAGTTTGGTTCTCGGATTGGTTGTAA,GTT,TCG,4,7,FALSE,V,S,F,S,NA,NA,NA
PRM_0363,SGRVWFSDWL,TCTGGTAGAGTTTGGTTCTCTGATTGGTTGTAA,GTT,TCT,4,7,FALSE,V,S,F,S,NA,NA,NA
PRM_0363,SGRVWFEDWL,TCTGGTAGAGTTTGGTTCGAGGATTGGTTGTAA,GTT,GAG,4,7,TRUE,V,E,F,S,NA,NA,NA
PRM_0363,SGRVWFDDWL,TCTGGTAGAGTTTGGTTCGATGATTGGTTGTAA,GTT,GAT,4,7,TRUE,V,D,F,S,NA,NA,NA
PRM_0363,SGRVWFVDWL,TCTGGTAGAGTTTGGTTCGTGGATTGGTTGTAA,GTT,GTG,4,7,TRUE,V,V,F,S,NA,NA,NA
PRM_0363,SGRVWFVDWL,TCTGGTAGAGTTTGGTTCGTTGATTGGTTGTAA,GTT,GTT,4,7,TRUE,V,V,F,S,NA,NA,NA
PRM_0363,SGRVWFGDWL,TCTGGTAGAGTTTGGTTCGGGGATTGGTTGTAA,GTT,GGG,4,7,TRUE,V,G,F,S,NA,NA,NA
PRM_0363,SGRVWFGDWL,TCTGGTAGAGTTTGGTTCGGTGATTGGTTGTAA,GTT,GGT,4,7,TRUE,V,G,F,S,NA,NA,NA
PRM_0363,SGRVWFADWL,TCTGGTAGAGTTTGGTTCGCGGATTGGTTGTAA,GTT,GCG,4,7,TRUE,V,A,F,S,NA,NA,NA
PRM_0363,SGRVWFADWL,TCTGGTAGAGTTTGGTTCGCTGATTGGTTGTAA,GTT,GCT,4,7,TRUE,V,A,F,S,NA,NA,NA
PRM_0363,SGRVWFQDWL,TCTGGTAGAGTTTGGTTCCAGGATTGGTTGTAA,GTT,CAG,4,7,TRUE,V,Q,F,S,NA,NA,NA
PRM_0363,SGRVWFHDWL,TCTGGTAGAGTTTGGTTCCATGATTGGTTGTAA,GTT,CAT,4,7,TRUE,V,H,F,S,NA,NA,NA
PRM_0363,SGRVWFLDWL,TCTGGTAGAGTTTGGTTCCTGGATTGGTTGTAA,GTT,CTG,4,7,TRUE,V,L,F,S,NA,NA,NA
PRM_0363,SGRVWFLDWL,TCTGGTAGAGTTTGGTTCCTTGATTGGTTGTAA,GTT,CTT,4,7,TRUE,V,L,F,S,NA,NA,NA
PRM_0363,SGRVWFRDWL,TCTGGTAGAGTTTGGTTCCGGGATTGGTTGTAA,GTT,CGG,4,7,TRUE,V,R,F,S,NA,NA,NA
PRM_0363,SGRVWFRDWL,TCTGGTAGAGTTTGGTTCCGTGATTGGTTGTAA,GTT,CGT,4,7,TRUE,V,R,F,S,NA,NA,NA
PRM_0363,SGRVWFPDWL,TCTGGTAGAGTTTGGTTCCCGGATTGGTTGTAA,GTT,CCG,4,7,TRUE,V,P,F,S,NA,NA,NA
PRM_0363,SGRVWFPDWL,TCTGGTAGAGTTTGGTTCCCTGATTGGTTGTAA,GTT,CCT,4,7,TRUE,V,P,F,S,NA,NA,NA
PRM_0363,SGRGWFKDWL,TCTGGTAGAGGGTGGTTCAAGGATTGGTTGTAA,GGG,AAG,4,7,TRUE,G,K,F,S,NA,NA,NA
PRM_0363,SGRGWFNDWL,TCTGGTAGAGGGTGGTTCAATGATTGGTTGTAA,GGG,AAT,4,7,TRUE,G,N,F,S,NA,NA,NA
PRM_0363,SGRGWFMDWL,TCTGGTAGAGGGTGGTTCATGGATTGGTTGTAA,GGG,ATG,4,7,TRUE,G,M,F,S,NA,NA,NA
PRM_0363,SGRGWFIDWL,TCTGGTAGAGGGTGGTTCATTGATTGGTTGTAA,GGG,ATT,4,7,TRUE,G,I,F,S,NA,NA,NA
PRM_0363,SGRGWFRDWL,TCTGGTAGAGGGTGGTTCAGGGATTGGTTGTAA,GGG,AGG,4,7,TRUE,G,R,F,S,NA,NA,NA
PRM_0363,SGRGWFSDWL,TCTGGTAGAGGGTGGTTCAGTGATTGGTTGTAA,GGG,AGT,4,7,FALSE,G,S,F,S,NA,NA,NA
PRM_0363,SGRGWFTDWL,TCTGGTAGAGGGTGGTTCACGGATTGGTTGTAA,GGG,ACG,4,7,TRUE,G,T,F,S,NA,NA,NA
PRM_0363,SGRGWFTDWL,TCTGGTAGAGGGTGGTTCACTGATTGGTTGTAA,GGG,ACT,4,7,TRUE,G,T,F,S,NA,NA,NA
PRM_0363,SGRGWF*DWL,TCTGGTAGAGGGTGGTTCTAGGATTGGTTGTAA,GGG,TAG,4,7,TRUE,G,*,F,S,NA,NA,NA
PRM_0363,SGRGWFYDWL,TCTGGTAGAGGGTGGTTCTATGATTGGTTGTAA,GGG,TAT,4,7,TRUE,G,Y,F,S,NA,NA,NA
PRM_0363,SGRGWFLDWL,TCTGGTAGAGGGTGGTTCTTGGATTGGTTGTAA,GGG,TTG,4,7,TRUE,G,L,F,S,NA,NA,NA
PRM_0363,SGRGWFFDWL,TCTGGTAGAGGGTGGTTCTTTGATTGGTTGTAA,GGG,TTT,4,7,TRUE,G,F,F,S,NA,NA,NA
PRM_0363,SGRGWFWDWL,TCTGGTAGAGGGTGGTTCTGGGATTGGTTGTAA,GGG,TGG,4,7,TRUE,G,W,F,S,NA,NA,NA
PRM_0363,SGRGWFCDWL,TCTGGTAGAGGGTGGTTCTGTGATTGGTTGTAA,GGG,TGT,4,7,TRUE,G,C,F,S,NA,NA,NA
PRM_0363,SGRGWFSDWL,TCTGGTAGAGGGTGGTTCTCGGATTGGTTGTAA,GGG,TCG,4,7,FALSE,G,S,F,S,NA,NA,NA
PRM_0363,SGRGWFSDWL,TCTGGTAGAGGGTGGTTCTCTGATTGGTTGTAA,GGG,TCT,4,7,FALSE,G,S,F,S,NA,NA,NA
PRM_0363,SGRGWFEDWL,TCTGGTAGAGGGTGGTTCGAGGATTGGTTGTAA,GGG,GAG,4,7,TRUE,G,E,F,S,NA,NA,NA
PRM_0363,SGRGWFDDWL,TCTGGTAGAGGGTGGTTCGATGATTGGTTGTAA,GGG,GAT,4,7,TRUE,G,D,F,S,NA,NA,NA
PRM_0363,SGRGWFVDWL,TCTGGTAGAGGGTGGTTCGTGGATTGGTTGTAA,GGG,GTG,4,7,TRUE,G,V,F,S,NA,NA,NA
PRM_0363,SGRGWFVDWL,TCTGGTAGAGGGTGGTTCGTTGATTGGTTGTAA,GGG,GTT,4,7,TRUE,G,V,F,S,NA,NA,NA
PRM_0363,SGRGWFGDWL,TCTGGTAGAGGGTGGTTCGGGGATTGGTTGTAA,GGG,GGG,4,7,TRUE,G,G,F,S,NA,NA,NA
PRM_0363,SGRGWFGDWL,TCTGGTAGAGGGTGGTTCGGTGATTGGTTGTAA,GGG,GGT,4,7,TRUE,G,G,F,S,NA,NA,NA
PRM_0363,SGRGWFADWL,TCTGGTAGAGGGTGGTTCGCGGATTGGTTGTAA,GGG,GCG,4,7,TRUE,G,A,F,S,NA,NA,NA
PRM_0363,SGRGWFADWL,TCTGGTAGAGGGTGGTTCGCTGATTGGTTGTAA,GGG,GCT,4,7,TRUE,G,A,F,S,NA,NA,NA
PRM_0363,SGRGWFQDWL,TCTGGTAGAGGGTGGTTCCAGGATTGGTTGTAA,GGG,CAG,4,7,TRUE,G,Q,F,S,NA,NA,NA
PRM_0363,SGRGWFHDWL,TCTGGTAGAGGGTGGTTCCATGATTGGTTGTAA,GGG,CAT,4,7,TRUE,G,H,F,S,NA,NA,NA
PRM_0363,SGRGWFLDWL,TCTGGTAGAGGGTGGTTCCTGGATTGGTTGTAA,GGG,CTG,4,7,TRUE,G,L,F,S,NA,NA,NA
PRM_0363,SGRGWFLDWL,TCTGGTAGAGGGTGGTTCCTTGATTGGTTGTAA,GGG,CTT,4,7,TRUE,G,L,F,S,NA,NA,NA
PRM_0363,SGRGWFRDWL,TCTGGTAGAGGGTGGTTCCGGGATTGGTTGTAA,GGG,CGG,4,7,TRUE,G,R,F,S,NA,NA,NA
PRM_0363,SGRGWFRDWL,TCTGGTAGAGGGTGGTTCCGTGATTGGTTGTAA,GGG,CGT,4,7,TRUE,G,R,F,S,NA,NA,NA
PRM_0363,SGRGWFPDWL,TCTGGTAGAGGGTGGTTCCCGGATTGGTTGTAA,GGG,CCG,4,7,TRUE,G,P,F,S,NA,NA,NA
PRM_0363,SGRGWFPDWL,TCTGGTAGAGGGTGGTTCCCTGATTGGTTGTAA,GGG,CCT,4,7,TRUE,G,P,F,S,NA,NA,NA
PRM_0363,SGRGWFKDWL,TCTGGTAGAGGTTGGTTCAAGGATTGGTTGTAA,GGT,AAG,4,7,TRUE,G,K,F,S,NA,NA,NA
PRM_0363,SGRGWFNDWL,TCTGGTAGAGGTTGGTTCAATGATTGGTTGTAA,GGT,AAT,4,7,TRUE,G,N,F,S,NA,NA,NA
PRM_0363,SGRGWFMDWL,TCTGGTAGAGGTTGGTTCATGGATTGGTTGTAA,GGT,ATG,4,7,TRUE,G,M,F,S,NA,NA,NA
PRM_0363,SGRGWFIDWL,TCTGGTAGAGGTTGGTTCATTGATTGGTTGTAA,GGT,ATT,4,7,TRUE,G,I,F,S,NA,NA,NA
PRM_0363,SGRGWFRDWL,TCTGGTAGAGGTTGGTTCAGGGATTGGTTGTAA,GGT,AGG,4,7,TRUE,G,R,F,S,NA,NA,NA
PRM_0363,SGRGWFSDWL,TCTGGTAGAGGTTGGTTCAGTGATTGGTTGTAA,GGT,AGT,4,7,FALSE,G,S,F,S,NA,NA,NA
PRM_0363,SGRGWFTDWL,TCTGGTAGAGGTTGGTTCACGGATTGGTTGTAA,GGT,ACG,4,7,TRUE,G,T,F,S,NA,NA,NA
PRM_0363,SGRGWFTDWL,TCTGGTAGAGGTTGGTTCACTGATTGGTTGTAA,GGT,ACT,4,7,TRUE,G,T,F,S,NA,NA,NA
PRM_0363,SGRGWF*DWL,TCTGGTAGAGGTTGGTTCTAGGATTGGTTGTAA,GGT,TAG,4,7,TRUE,G,*,F,S,NA,NA,NA
PRM_0363,SGRGWFYDWL,TCTGGTAGAGGTTGGTTCTATGATTGGTTGTAA,GGT,TAT,4,7,TRUE,G,Y,F,S,NA,NA,NA
PRM_0363,SGRGWFLDWL,TCTGGTAGAGGTTGGTTCTTGGATTGGTTGTAA,GGT,TTG,4,7,TRUE,G,L,F,S,NA,NA,NA
PRM_0363,SGRGWFFDWL,TCTGGTAGAGGTTGGTTCTTTGATTGGTTGTAA,GGT,TTT,4,7,TRUE,G,F,F,S,NA,NA,NA
PRM_0363,SGRGWFWDWL,TCTGGTAGAGGTTGGTTCTGGGATTGGTTGTAA,GGT,TGG,4,7,TRUE,G,W,F,S,NA,NA,NA
PRM_0363,SGRGWFCDWL,TCTGGTAGAGGTTGGTTCTGTGATTGGTTGTAA,GGT,TGT,4,7,TRUE,G,C,F,S,NA,NA,NA
PRM_0363,SGRGWFSDWL,TCTGGTAGAGGTTGGTTCTCGGATTGGTTGTAA,GGT,TCG,4,7,FALSE,G,S,F,S,NA,NA,NA
PRM_0363,SGRGWFSDWL,TCTGGTAGAGGTTGGTTCTCTGATTGGTTGTAA,GGT,TCT,4,7,FALSE,G,S,F,S,NA,NA,NA
PRM_0363,SGRGWFEDWL,TCTGGTAGAGGTTGGTTCGAGGATTGGTTGTAA,GGT,GAG,4,7,TRUE,G,E,F,S,NA,NA,NA
PRM_0363,SGRGWFDDWL,TCTGGTAGAGGTTGGTTCGATGATTGGTTGTAA,GGT,GAT,4,7,TRUE,G,D,F,S,NA,NA,NA
PRM_0363,SGRGWFVDWL,TCTGGTAGAGGTTGGTTCGTGGATTGGTTGTAA,GGT,GTG,4,7,TRUE,G,V,F,S,NA,NA,NA
PRM_0363,SGRGWFVDWL,TCTGGTAGAGGTTGGTTCGTTGATTGGTTGTAA,GGT,GTT,4,7,TRUE,G,V,F,S,NA,NA,NA
PRM_0363,SGRGWFGDWL,TCTGGTAGAGGTTGGTTCGGGGATTGGTTGTAA,GGT,GGG,4,7,TRUE,G,G,F,S,NA,NA,NA
PRM_0363,SGRGWFGDWL,TCTGGTAGAGGTTGGTTCGGTGATTGGTTGTAA,GGT,GGT,4,7,TRUE,G,G,F,S,NA,NA,NA
PRM_0363,SGRGWFADWL,TCTGGTAGAGGTTGGTTCGCGGATTGGTTGTAA,GGT,GCG,4,7,TRUE,G,A,F,S,NA,NA,NA
PRM_0363,SGRGWFADWL,TCTGGTAGAGGTTGGTTCGCTGATTGGTTGTAA,GGT,GCT,4,7,TRUE,G,A,F,S,NA,NA,NA
PRM_0363,SGRGWFQDWL,TCTGGTAGAGGTTGGTTCCAGGATTGGTTGTAA,GGT,CAG,4,7,TRUE,G,Q,F,S,NA,NA,NA
PRM_0363,SGRGWFHDWL,TCTGGTAGAGGTTGGTTCCATGATTGGTTGTAA,GGT,CAT,4,7,TRUE,G,H,F,S,NA,NA,NA
PRM_0363,SGRGWFLDWL,TCTGGTAGAGGTTGGTTCCTGGATTGGTTGTAA,GGT,CTG,4,7,TRUE,G,L,F,S,NA,NA,NA
PRM_0363,SGRGWFLDWL,TCTGGTAGAGGTTGGTTCCTTGATTGGTTGTAA,GGT,CTT,4,7,TRUE,G,L,F,S,NA,NA,NA
PRM_0363,SGRGWFRDWL,TCTGGTAGAGGTTGGTTCCGGGATTGGTTGTAA,GGT,CGG,4,7,TRUE,G,R,F,S,NA,NA,NA
PRM_0363,SGRGWFRDWL,TCTGGTAGAGGTTGGTTCCGTGATTGGTTGTAA,GGT,CGT,4,7,TRUE,G,R,F,S,NA,NA,NA
PRM_0363,SGRGWFPDWL,TCTGGTAGAGGTTGGTTCCCGGATTGGTTGTAA,GGT,CCG,4,7,TRUE,G,P,F,S,NA,NA,NA
PRM_0363,SGRGWFPDWL,TCTGGTAGAGGTTGGTTCCCTGATTGGTTGTAA,GGT,CCT,4,7,TRUE,G,P,F,S,NA,NA,NA
PRM_0363,SGRAWFKDWL,TCTGGTAGAGCGTGGTTCAAGGATTGGTTGTAA,GCG,AAG,4,7,TRUE,A,K,F,S,NA,NA,NA
PRM_0363,SGRAWFNDWL,TCTGGTAGAGCGTGGTTCAATGATTGGTTGTAA,GCG,AAT,4,7,TRUE,A,N,F,S,NA,NA,NA
PRM_0363,SGRAWFMDWL,TCTGGTAGAGCGTGGTTCATGGATTGGTTGTAA,GCG,ATG,4,7,TRUE,A,M,F,S,NA,NA,NA
PRM_0363,SGRAWFIDWL,TCTGGTAGAGCGTGGTTCATTGATTGGTTGTAA,GCG,ATT,4,7,TRUE,A,I,F,S,NA,NA,NA
PRM_0363,SGRAWFRDWL,TCTGGTAGAGCGTGGTTCAGGGATTGGTTGTAA,GCG,AGG,4,7,TRUE,A,R,F,S,NA,NA,NA
PRM_0363,SGRAWFSDWL,TCTGGTAGAGCGTGGTTCAGTGATTGGTTGTAA,GCG,AGT,4,7,FALSE,A,S,F,S,NA,NA,NA
PRM_0363,SGRAWFTDWL,TCTGGTAGAGCGTGGTTCACGGATTGGTTGTAA,GCG,ACG,4,7,TRUE,A,T,F,S,NA,NA,NA
PRM_0363,SGRAWFTDWL,TCTGGTAGAGCGTGGTTCACTGATTGGTTGTAA,GCG,ACT,4,7,TRUE,A,T,F,S,NA,NA,NA
PRM_0363,SGRAWF*DWL,TCTGGTAGAGCGTGGTTCTAGGATTGGTTGTAA,GCG,TAG,4,7,TRUE,A,*,F,S,NA,NA,NA
PRM_0363,SGRAWFYDWL,TCTGGTAGAGCGTGGTTCTATGATTGGTTGTAA,GCG,TAT,4,7,TRUE,A,Y,F,S,NA,NA,NA
PRM_0363,SGRAWFLDWL,TCTGGTAGAGCGTGGTTCTTGGATTGGTTGTAA,GCG,TTG,4,7,TRUE,A,L,F,S,NA,NA,NA
PRM_0363,SGRAWFFDWL,TCTGGTAGAGCGTGGTTCTTTGATTGGTTGTAA,GCG,TTT,4,7,TRUE,A,F,F,S,NA,NA,NA
PRM_0363,SGRAWFWDWL,TCTGGTAGAGCGTGGTTCTGGGATTGGTTGTAA,GCG,TGG,4,7,TRUE,A,W,F,S,NA,NA,NA
PRM_0363,SGRAWFCDWL,TCTGGTAGAGCGTGGTTCTGTGATTGGTTGTAA,GCG,TGT,4,7,TRUE,A,C,F,S,NA,NA,NA
PRM_0363,SGRAWFSDWL,TCTGGTAGAGCGTGGTTCTCGGATTGGTTGTAA,GCG,TCG,4,7,FALSE,A,S,F,S,NA,NA,NA
PRM_0363,SGRAWFSDWL,TCTGGTAGAGCGTGGTTCTCTGATTGGTTGTAA,GCG,TCT,4,7,FALSE,A,S,F,S,NA,NA,NA
PRM_0363,SGRAWFEDWL,TCTGGTAGAGCGTGGTTCGAGGATTGGTTGTAA,GCG,GAG,4,7,TRUE,A,E,F,S,NA,NA,NA
PRM_0363,SGRAWFDDWL,TCTGGTAGAGCGTGGTTCGATGATTGGTTGTAA,GCG,GAT,4,7,TRUE,A,D,F,S,NA,NA,NA
PRM_0363,SGRAWFVDWL,TCTGGTAGAGCGTGGTTCGTGGATTGGTTGTAA,GCG,GTG,4,7,TRUE,A,V,F,S,NA,NA,NA
PRM_0363,SGRAWFVDWL,TCTGGTAGAGCGTGGTTCGTTGATTGGTTGTAA,GCG,GTT,4,7,TRUE,A,V,F,S,NA,NA,NA
PRM_0363,SGRAWFGDWL,TCTGGTAGAGCGTGGTTCGGGGATTGGTTGTAA,GCG,GGG,4,7,TRUE,A,G,F,S,NA,NA,NA
PRM_0363,SGRAWFGDWL,TCTGGTAGAGCGTGGTTCGGTGATTGGTTGTAA,GCG,GGT,4,7,TRUE,A,G,F,S,NA,NA,NA
PRM_0363,SGRAWFADWL,TCTGGTAGAGCGTGGTTCGCGGATTGGTTGTAA,GCG,GCG,4,7,TRUE,A,A,F,S,NA,NA,NA
PRM_0363,SGRAWFADWL,TCTGGTAGAGCGTGGTTCGCTGATTGGTTGTAA,GCG,GCT,4,7,TRUE,A,A,F,S,NA,NA,NA
PRM_0363,SGRAWFQDWL,TCTGGTAGAGCGTGGTTCCAGGATTGGTTGTAA,GCG,CAG,4,7,TRUE,A,Q,F,S,NA,NA,NA
PRM_0363,SGRAWFHDWL,TCTGGTAGAGCGTGGTTCCATGATTGGTTGTAA,GCG,CAT,4,7,TRUE,A,H,F,S,NA,NA,NA
PRM_0363,SGRAWFLDWL,TCTGGTAGAGCGTGGTTCCTGGATTGGTTGTAA,GCG,CTG,4,7,TRUE,A,L,F,S,NA,NA,NA
PRM_0363,SGRAWFLDWL,TCTGGTAGAGCGTGGTTCCTTGATTGGTTGTAA,GCG,CTT,4,7,TRUE,A,L,F,S,NA,NA,NA
PRM_0363,SGRAWFRDWL,TCTGGTAGAGCGTGGTTCCGGGATTGGTTGTAA,GCG,CGG,4,7,TRUE,A,R,F,S,NA,NA,NA
PRM_0363,SGRAWFRDWL,TCTGGTAGAGCGTGGTTCCGTGATTGGTTGTAA,GCG,CGT,4,7,TRUE,A,R,F,S,NA,NA,NA
PRM_0363,SGRAWFPDWL,TCTGGTAGAGCGTGGTTCCCGGATTGGTTGTAA,GCG,CCG,4,7,TRUE,A,P,F,S,NA,NA,NA
PRM_0363,SGRAWFPDWL,TCTGGTAGAGCGTGGTTCCCTGATTGGTTGTAA,GCG,CCT,4,7,TRUE,A,P,F,S,NA,NA,NA
PRM_0363,SGRAWFKDWL,TCTGGTAGAGCTTGGTTCAAGGATTGGTTGTAA,GCT,AAG,4,7,TRUE,A,K,F,S,NA,NA,NA
PRM_0363,SGRAWFNDWL,TCTGGTAGAGCTTGGTTCAATGATTGGTTGTAA,GCT,AAT,4,7,TRUE,A,N,F,S,NA,NA,NA
PRM_0363,SGRAWFMDWL,TCTGGTAGAGCTTGGTTCATGGATTGGTTGTAA,GCT,ATG,4,7,TRUE,A,M,F,S,NA,NA,NA
PRM_0363,SGRAWFIDWL,TCTGGTAGAGCTTGGTTCATTGATTGGTTGTAA,GCT,ATT,4,7,TRUE,A,I,F,S,NA,NA,NA
PRM_0363,SGRAWFRDWL,TCTGGTAGAGCTTGGTTCAGGGATTGGTTGTAA,GCT,AGG,4,7,TRUE,A,R,F,S,NA,NA,NA
PRM_0363,SGRAWFSDWL,TCTGGTAGAGCTTGGTTCAGTGATTGGTTGTAA,GCT,AGT,4,7,FALSE,A,S,F,S,NA,NA,NA
PRM_0363,SGRAWFTDWL,TCTGGTAGAGCTTGGTTCACGGATTGGTTGTAA,GCT,ACG,4,7,TRUE,A,T,F,S,NA,NA,NA
PRM_0363,SGRAWFTDWL,TCTGGTAGAGCTTGGTTCACTGATTGGTTGTAA,GCT,ACT,4,7,TRUE,A,T,F,S,NA,NA,NA
PRM_0363,SGRAWF*DWL,TCTGGTAGAGCTTGGTTCTAGGATTGGTTGTAA,GCT,TAG,4,7,TRUE,A,*,F,S,NA,NA,NA
PRM_0363,SGRAWFYDWL,TCTGGTAGAGCTTGGTTCTATGATTGGTTGTAA,GCT,TAT,4,7,TRUE,A,Y,F,S,NA,NA,NA
PRM_0363,SGRAWFLDWL,TCTGGTAGAGCTTGGTTCTTGGATTGGTTGTAA,GCT,TTG,4,7,TRUE,A,L,F,S,NA,NA,NA
PRM_0363,SGRAWFFDWL,TCTGGTAGAGCTTGGTTCTTTGATTGGTTGTAA,GCT,TTT,4,7,TRUE,A,F,F,S,NA,NA,NA
PRM_0363,SGRAWFWDWL,TCTGGTAGAGCTTGGTTCTGGGATTGGTTGTAA,GCT,TGG,4,7,TRUE,A,W,F,S,NA,NA,NA
PRM_0363,SGRAWFCDWL,TCTGGTAGAGCTTGGTTCTGTGATTGGTTGTAA,GCT,TGT,4,7,TRUE,A,C,F,S,NA,NA,NA
PRM_0363,SGRAWFSDWL,TCTGGTAGAGCTTGGTTCTCGGATTGGTTGTAA,GCT,TCG,4,7,FALSE,A,S,F,S,NA,NA,NA
PRM_0363,SGRAWFSDWL,TCTGGTAGAGCTTGGTTCTCTGATTGGTTGTAA,GCT,TCT,4,7,FALSE,A,S,F,S,NA,NA,NA
PRM_0363,SGRAWFEDWL,TCTGGTAGAGCTTGGTTCGAGGATTGGTTGTAA,GCT,GAG,4,7,TRUE,A,E,F,S,NA,NA,NA
PRM_0363,SGRAWFDDWL,TCTGGTAGAGCTTGGTTCGATGATTGGTTGTAA,GCT,GAT,4,7,TRUE,A,D,F,S,NA,NA,NA
PRM_0363,SGRAWFVDWL,TCTGGTAGAGCTTGGTTCGTGGATTGGTTGTAA,GCT,GTG,4,7,TRUE,A,V,F,S,NA,NA,NA
PRM_0363,SGRAWFVDWL,TCTGGTAGAGCTTGGTTCGTTGATTGGTTGTAA,GCT,GTT,4,7,TRUE,A,V,F,S,NA,NA,NA
PRM_0363,SGRAWFGDWL,TCTGGTAGAGCTTGGTTCGGGGATTGGTTGTAA,GCT,GGG,4,7,TRUE,A,G,F,S,NA,NA,NA
PRM_0363,SGRAWFGDWL,TCTGGTAGAGCTTGGTTCGGTGATTGGTTGTAA,GCT,GGT,4,7,TRUE,A,G,F,S,NA,NA,NA
PRM_0363,SGRAWFADWL,TCTGGTAGAGCTTGGTTCGCGGATTGGTTGTAA,GCT,GCG,4,7,TRUE,A,A,F,S,NA,NA,NA
PRM_0363,SGRAWFADWL,TCTGGTAGAGCTTGGTTCGCTGATTGGTTGTAA,GCT,GCT,4,7,TRUE,A,A,F,S,NA,NA,NA
PRM_0363,SGRAWFQDWL,TCTGGTAGAGCTTGGTTCCAGGATTGGTTGTAA,GCT,CAG,4,7,TRUE,A,Q,F,S,NA,NA,NA
PRM_0363,SGRAWFHDWL,TCTGGTAGAGCTTGGTTCCATGATTGGTTGTAA,GCT,CAT,4,7,TRUE,A,H,F,S,NA,NA,NA
PRM_0363,SGRAWFLDWL,TCTGGTAGAGCTTGGTTCCTGGATTGGTTGTAA,GCT,CTG,4,7,TRUE,A,L,F,S,NA,NA,NA
PRM_0363,SGRAWFLDWL,TCTGGTAGAGCTTGGTTCCTTGATTGGTTGTAA,GCT,CTT,4,7,TRUE,A,L,F,S,NA,NA,NA
PRM_0363,SGRAWFRDWL,TCTGGTAGAGCTTGGTTCCGGGATTGGTTGTAA,GCT,CGG,4,7,TRUE,A,R,F,S,NA,NA,NA
PRM_0363,SGRAWFRDWL,TCTGGTAGAGCTTGGTTCCGTGATTGGTTGTAA,GCT,CGT,4,7,TRUE,A,R,F,S,NA,NA,NA
PRM_0363,SGRAWFPDWL,TCTGGTAGAGCTTGGTTCCCGGATTGGTTGTAA,GCT,CCG,4,7,TRUE,A,P,F,S,NA,NA,NA
PRM_0363,SGRAWFPDWL,TCTGGTAGAGCTTGGTTCCCTGATTGGTTGTAA,GCT,CCT,4,7,TRUE,A,P,F,S,NA,NA,NA
PRM_0363,SGRQWFKDWL,TCTGGTAGACAGTGGTTCAAGGATTGGTTGTAA,CAG,AAG,4,7,TRUE,Q,K,F,S,NA,NA,NA
PRM_0363,SGRQWFNDWL,TCTGGTAGACAGTGGTTCAATGATTGGTTGTAA,CAG,AAT,4,7,TRUE,Q,N,F,S,NA,NA,NA
PRM_0363,SGRQWFMDWL,TCTGGTAGACAGTGGTTCATGGATTGGTTGTAA,CAG,ATG,4,7,TRUE,Q,M,F,S,NA,NA,NA
PRM_0363,SGRQWFIDWL,TCTGGTAGACAGTGGTTCATTGATTGGTTGTAA,CAG,ATT,4,7,TRUE,Q,I,F,S,NA,NA,NA
PRM_0363,SGRQWFRDWL,TCTGGTAGACAGTGGTTCAGGGATTGGTTGTAA,CAG,AGG,4,7,TRUE,Q,R,F,S,NA,NA,NA
PRM_0363,SGRQWFSDWL,TCTGGTAGACAGTGGTTCAGTGATTGGTTGTAA,CAG,AGT,4,7,FALSE,Q,S,F,S,NA,NA,NA
PRM_0363,SGRQWFTDWL,TCTGGTAGACAGTGGTTCACGGATTGGTTGTAA,CAG,ACG,4,7,TRUE,Q,T,F,S,NA,NA,NA
PRM_0363,SGRQWFTDWL,TCTGGTAGACAGTGGTTCACTGATTGGTTGTAA,CAG,ACT,4,7,TRUE,Q,T,F,S,NA,NA,NA
PRM_0363,SGRQWF*DWL,TCTGGTAGACAGTGGTTCTAGGATTGGTTGTAA,CAG,TAG,4,7,TRUE,Q,*,F,S,NA,NA,NA
PRM_0363,SGRQWFYDWL,TCTGGTAGACAGTGGTTCTATGATTGGTTGTAA,CAG,TAT,4,7,TRUE,Q,Y,F,S,NA,NA,NA
PRM_0363,SGRQWFLDWL,TCTGGTAGACAGTGGTTCTTGGATTGGTTGTAA,CAG,TTG,4,7,TRUE,Q,L,F,S,NA,NA,NA
PRM_0363,SGRQWFFDWL,TCTGGTAGACAGTGGTTCTTTGATTGGTTGTAA,CAG,TTT,4,7,TRUE,Q,F,F,S,NA,NA,NA
PRM_0363,SGRQWFWDWL,TCTGGTAGACAGTGGTTCTGGGATTGGTTGTAA,CAG,TGG,4,7,TRUE,Q,W,F,S,NA,NA,NA
PRM_0363,SGRQWFCDWL,TCTGGTAGACAGTGGTTCTGTGATTGGTTGTAA,CAG,TGT,4,7,TRUE,Q,C,F,S,NA,NA,NA
PRM_0363,SGRQWFSDWL,TCTGGTAGACAGTGGTTCTCGGATTGGTTGTAA,CAG,TCG,4,7,FALSE,Q,S,F,S,NA,NA,NA
PRM_0363,SGRQWFSDWL,TCTGGTAGACAGTGGTTCTCTGATTGGTTGTAA,CAG,TCT,4,7,FALSE,Q,S,F,S,NA,NA,NA
PRM_0363,SGRQWFEDWL,TCTGGTAGACAGTGGTTCGAGGATTGGTTGTAA,CAG,GAG,4,7,TRUE,Q,E,F,S,NA,NA,NA
PRM_0363,SGRQWFDDWL,TCTGGTAGACAGTGGTTCGATGATTGGTTGTAA,CAG,GAT,4,7,TRUE,Q,D,F,S,NA,NA,NA
PRM_0363,SGRQWFVDWL,TCTGGTAGACAGTGGTTCGTGGATTGGTTGTAA,CAG,GTG,4,7,TRUE,Q,V,F,S,NA,NA,NA
PRM_0363,SGRQWFVDWL,TCTGGTAGACAGTGGTTCGTTGATTGGTTGTAA,CAG,GTT,4,7,TRUE,Q,V,F,S,NA,NA,NA
PRM_0363,SGRQWFGDWL,TCTGGTAGACAGTGGTTCGGGGATTGGTTGTAA,CAG,GGG,4,7,TRUE,Q,G,F,S,NA,NA,NA
PRM_0363,SGRQWFGDWL,TCTGGTAGACAGTGGTTCGGTGATTGGTTGTAA,CAG,GGT,4,7,TRUE,Q,G,F,S,NA,NA,NA
PRM_0363,SGRQWFADWL,TCTGGTAGACAGTGGTTCGCGGATTGGTTGTAA,CAG,GCG,4,7,TRUE,Q,A,F,S,NA,NA,NA
PRM_0363,SGRQWFADWL,TCTGGTAGACAGTGGTTCGCTGATTGGTTGTAA,CAG,GCT,4,7,TRUE,Q,A,F,S,NA,NA,NA
PRM_0363,SGRQWFQDWL,TCTGGTAGACAGTGGTTCCAGGATTGGTTGTAA,CAG,CAG,4,7,TRUE,Q,Q,F,S,NA,NA,NA
PRM_0363,SGRQWFHDWL,TCTGGTAGACAGTGGTTCCATGATTGGTTGTAA,CAG,CAT,4,7,TRUE,Q,H,F,S,NA,NA,NA
PRM_0363,SGRQWFLDWL,TCTGGTAGACAGTGGTTCCTGGATTGGTTGTAA,CAG,CTG,4,7,TRUE,Q,L,F,S,NA,NA,NA
PRM_0363,SGRQWFLDWL,TCTGGTAGACAGTGGTTCCTTGATTGGTTGTAA,CAG,CTT,4,7,TRUE,Q,L,F,S,NA,NA,NA
PRM_0363,SGRQWFRDWL,TCTGGTAGACAGTGGTTCCGGGATTGGTTGTAA,CAG,CGG,4,7,TRUE,Q,R,F,S,NA,NA,NA
PRM_0363,SGRQWFRDWL,TCTGGTAGACAGTGGTTCCGTGATTGGTTGTAA,CAG,CGT,4,7,TRUE,Q,R,F,S,NA,NA,NA
PRM_0363,SGRQWFPDWL,TCTGGTAGACAGTGGTTCCCGGATTGGTTGTAA,CAG,CCG,4,7,TRUE,Q,P,F,S,NA,NA,NA
PRM_0363,SGRQWFPDWL,TCTGGTAGACAGTGGTTCCCTGATTGGTTGTAA,CAG,CCT,4,7,TRUE,Q,P,F,S,NA,NA,NA
PRM_0363,SGRHWFKDWL,TCTGGTAGACATTGGTTCAAGGATTGGTTGTAA,CAT,AAG,4,7,TRUE,H,K,F,S,NA,NA,NA
PRM_0363,SGRHWFNDWL,TCTGGTAGACATTGGTTCAATGATTGGTTGTAA,CAT,AAT,4,7,TRUE,H,N,F,S,NA,NA,NA
PRM_0363,SGRHWFMDWL,TCTGGTAGACATTGGTTCATGGATTGGTTGTAA,CAT,ATG,4,7,TRUE,H,M,F,S,NA,NA,NA
PRM_0363,SGRHWFIDWL,TCTGGTAGACATTGGTTCATTGATTGGTTGTAA,CAT,ATT,4,7,TRUE,H,I,F,S,NA,NA,NA
PRM_0363,SGRHWFRDWL,TCTGGTAGACATTGGTTCAGGGATTGGTTGTAA,CAT,AGG,4,7,TRUE,H,R,F,S,NA,NA,NA
PRM_0363,SGRHWFSDWL,TCTGGTAGACATTGGTTCAGTGATTGGTTGTAA,CAT,AGT,4,7,FALSE,H,S,F,S,NA,NA,NA
PRM_0363,SGRHWFTDWL,TCTGGTAGACATTGGTTCACGGATTGGTTGTAA,CAT,ACG,4,7,TRUE,H,T,F,S,NA,NA,NA
PRM_0363,SGRHWFTDWL,TCTGGTAGACATTGGTTCACTGATTGGTTGTAA,CAT,ACT,4,7,TRUE,H,T,F,S,NA,NA,NA
PRM_0363,SGRHWF*DWL,TCTGGTAGACATTGGTTCTAGGATTGGTTGTAA,CAT,TAG,4,7,TRUE,H,*,F,S,NA,NA,NA
PRM_0363,SGRHWFYDWL,TCTGGTAGACATTGGTTCTATGATTGGTTGTAA,CAT,TAT,4,7,TRUE,H,Y,F,S,NA,NA,NA
PRM_0363,SGRHWFLDWL,TCTGGTAGACATTGGTTCTTGGATTGGTTGTAA,CAT,TTG,4,7,TRUE,H,L,F,S,NA,NA,NA
PRM_0363,SGRHWFFDWL,TCTGGTAGACATTGGTTCTTTGATTGGTTGTAA,CAT,TTT,4,7,TRUE,H,F,F,S,NA,NA,NA
PRM_0363,SGRHWFWDWL,TCTGGTAGACATTGGTTCTGGGATTGGTTGTAA,CAT,TGG,4,7,TRUE,H,W,F,S,NA,NA,NA
PRM_0363,SGRHWFCDWL,TCTGGTAGACATTGGTTCTGTGATTGGTTGTAA,CAT,TGT,4,7,TRUE,H,C,F,S,NA,NA,NA
PRM_0363,SGRHWFSDWL,TCTGGTAGACATTGGTTCTCGGATTGGTTGTAA,CAT,TCG,4,7,FALSE,H,S,F,S,NA,NA,NA
PRM_0363,SGRHWFSDWL,TCTGGTAGACATTGGTTCTCTGATTGGTTGTAA,CAT,TCT,4,7,FALSE,H,S,F,S,NA,NA,NA
PRM_0363,SGRHWFEDWL,TCTGGTAGACATTGGTTCGAGGATTGGTTGTAA,CAT,GAG,4,7,TRUE,H,E,F,S,NA,NA,NA
PRM_0363,SGRHWFDDWL,TCTGGTAGACATTGGTTCGATGATTGGTTGTAA,CAT,GAT,4,7,TRUE,H,D,F,S,NA,NA,NA
PRM_0363,SGRHWFVDWL,TCTGGTAGACATTGGTTCGTGGATTGGTTGTAA,CAT,GTG,4,7,TRUE,H,V,F,S,NA,NA,NA
PRM_0363,SGRHWFVDWL,TCTGGTAGACATTGGTTCGTTGATTGGTTGTAA,CAT,GTT,4,7,TRUE,H,V,F,S,NA,NA,NA
PRM_0363,SGRHWFGDWL,TCTGGTAGACATTGGTTCGGGGATTGGTTGTAA,CAT,GGG,4,7,TRUE,H,G,F,S,NA,NA,NA
PRM_0363,SGRHWFGDWL,TCTGGTAGACATTGGTTCGGTGATTGGTTGTAA,CAT,GGT,4,7,TRUE,H,G,F,S,NA,NA,NA
PRM_0363,SGRHWFADWL,TCTGGTAGACATTGGTTCGCGGATTGGTTGTAA,CAT,GCG,4,7,TRUE,H,A,F,S,NA,NA,NA
PRM_0363,SGRHWFADWL,TCTGGTAGACATTGGTTCGCTGATTGGTTGTAA,CAT,GCT,4,7,TRUE,H,A,F,S,NA,NA,NA
PRM_0363,SGRHWFQDWL,TCTGGTAGACATTGGTTCCAGGATTGGTTGTAA,CAT,CAG,4,7,TRUE,H,Q,F,S,NA,NA,NA
PRM_0363,SGRHWFHDWL,TCTGGTAGACATTGGTTCCATGATTGGTTGTAA,CAT,CAT,4,7,TRUE,H,H,F,S,NA,NA,NA
PRM_0363,SGRHWFLDWL,TCTGGTAGACATTGGTTCCTGGATTGGTTGTAA,CAT,CTG,4,7,TRUE,H,L,F,S,NA,NA,NA
PRM_0363,SGRHWFLDWL,TCTGGTAGACATTGGTTCCTTGATTGGTTGTAA,CAT,CTT,4,7,TRUE,H,L,F,S,NA,NA,NA
PRM_0363,SGRHWFRDWL,TCTGGTAGACATTGGTTCCGGGATTGGTTGTAA,CAT,CGG,4,7,TRUE,H,R,F,S,NA,NA,NA
PRM_0363,SGRHWFRDWL,TCTGGTAGACATTGGTTCCGTGATTGGTTGTAA,CAT,CGT,4,7,TRUE,H,R,F,S,NA,NA,NA
PRM_0363,SGRHWFPDWL,TCTGGTAGACATTGGTTCCCGGATTGGTTGTAA,CAT,CCG,4,7,TRUE,H,P,F,S,NA,NA,NA
PRM_0363,SGRHWFPDWL,TCTGGTAGACATTGGTTCCCTGATTGGTTGTAA,CAT,CCT,4,7,TRUE,H,P,F,S,NA,NA,NA
PRM_0363,SGRLWFKDWL,TCTGGTAGACTGTGGTTCAAGGATTGGTTGTAA,CTG,AAG,4,7,TRUE,L,K,F,S,NA,NA,NA
PRM_0363,SGRLWFNDWL,TCTGGTAGACTGTGGTTCAATGATTGGTTGTAA,CTG,AAT,4,7,TRUE,L,N,F,S,NA,NA,NA
PRM_0363,SGRLWFMDWL,TCTGGTAGACTGTGGTTCATGGATTGGTTGTAA,CTG,ATG,4,7,TRUE,L,M,F,S,NA,NA,NA
PRM_0363,SGRLWFIDWL,TCTGGTAGACTGTGGTTCATTGATTGGTTGTAA,CTG,ATT,4,7,TRUE,L,I,F,S,NA,NA,NA
PRM_0363,SGRLWFRDWL,TCTGGTAGACTGTGGTTCAGGGATTGGTTGTAA,CTG,AGG,4,7,TRUE,L,R,F,S,NA,NA,NA
PRM_0363,SGRLWFSDWL,TCTGGTAGACTGTGGTTCAGTGATTGGTTGTAA,CTG,AGT,4,7,FALSE,L,S,F,S,NA,NA,NA
PRM_0363,SGRLWFTDWL,TCTGGTAGACTGTGGTTCACGGATTGGTTGTAA,CTG,ACG,4,7,TRUE,L,T,F,S,NA,NA,NA
PRM_0363,SGRLWFTDWL,TCTGGTAGACTGTGGTTCACTGATTGGTTGTAA,CTG,ACT,4,7,TRUE,L,T,F,S,NA,NA,NA
PRM_0363,SGRLWF*DWL,TCTGGTAGACTGTGGTTCTAGGATTGGTTGTAA,CTG,TAG,4,7,TRUE,L,*,F,S,NA,NA,NA
PRM_0363,SGRLWFYDWL,TCTGGTAGACTGTGGTTCTATGATTGGTTGTAA,CTG,TAT,4,7,TRUE,L,Y,F,S,NA,NA,NA
PRM_0363,SGRLWFLDWL,TCTGGTAGACTGTGGTTCTTGGATTGGTTGTAA,CTG,TTG,4,7,TRUE,L,L,F,S,NA,NA,NA
PRM_0363,SGRLWFFDWL,TCTGGTAGACTGTGGTTCTTTGATTGGTTGTAA,CTG,TTT,4,7,TRUE,L,F,F,S,NA,NA,NA
PRM_0363,SGRLWFWDWL,TCTGGTAGACTGTGGTTCTGGGATTGGTTGTAA,CTG,TGG,4,7,TRUE,L,W,F,S,NA,NA,NA
PRM_0363,SGRLWFCDWL,TCTGGTAGACTGTGGTTCTGTGATTGGTTGTAA,CTG,TGT,4,7,TRUE,L,C,F,S,NA,NA,NA
PRM_0363,SGRLWFSDWL,TCTGGTAGACTGTGGTTCTCGGATTGGTTGTAA,CTG,TCG,4,7,FALSE,L,S,F,S,NA,NA,NA
PRM_0363,SGRLWFSDWL,TCTGGTAGACTGTGGTTCTCTGATTGGTTGTAA,CTG,TCT,4,7,FALSE,L,S,F,S,NA,NA,NA
PRM_0363,SGRLWFEDWL,TCTGGTAGACTGTGGTTCGAGGATTGGTTGTAA,CTG,GAG,4,7,TRUE,L,E,F,S,NA,NA,NA
PRM_0363,SGRLWFDDWL,TCTGGTAGACTGTGGTTCGATGATTGGTTGTAA,CTG,GAT,4,7,TRUE,L,D,F,S,NA,NA,NA
PRM_0363,SGRLWFVDWL,TCTGGTAGACTGTGGTTCGTGGATTGGTTGTAA,CTG,GTG,4,7,TRUE,L,V,F,S,NA,NA,NA
PRM_0363,SGRLWFVDWL,TCTGGTAGACTGTGGTTCGTTGATTGGTTGTAA,CTG,GTT,4,7,TRUE,L,V,F,S,NA,NA,NA
PRM_0363,SGRLWFGDWL,TCTGGTAGACTGTGGTTCGGGGATTGGTTGTAA,CTG,GGG,4,7,TRUE,L,G,F,S,NA,NA,NA
PRM_0363,SGRLWFGDWL,TCTGGTAGACTGTGGTTCGGTGATTGGTTGTAA,CTG,GGT,4,7,TRUE,L,G,F,S,NA,NA,NA
PRM_0363,SGRLWFADWL,TCTGGTAGACTGTGGTTCGCGGATTGGTTGTAA,CTG,GCG,4,7,TRUE,L,A,F,S,NA,NA,NA
PRM_0363,SGRLWFADWL,TCTGGTAGACTGTGGTTCGCTGATTGGTTGTAA,CTG,GCT,4,7,TRUE,L,A,F,S,NA,NA,NA
PRM_0363,SGRLWFQDWL,TCTGGTAGACTGTGGTTCCAGGATTGGTTGTAA,CTG,CAG,4,7,TRUE,L,Q,F,S,NA,NA,NA
PRM_0363,SGRLWFHDWL,TCTGGTAGACTGTGGTTCCATGATTGGTTGTAA,CTG,CAT,4,7,TRUE,L,H,F,S,NA,NA,NA
PRM_0363,SGRLWFLDWL,TCTGGTAGACTGTGGTTCCTGGATTGGTTGTAA,CTG,CTG,4,7,TRUE,L,L,F,S,NA,NA,NA
PRM_0363,SGRLWFLDWL,TCTGGTAGACTGTGGTTCCTTGATTGGTTGTAA,CTG,CTT,4,7,TRUE,L,L,F,S,NA,NA,NA
PRM_0363,SGRLWFRDWL,TCTGGTAGACTGTGGTTCCGGGATTGGTTGTAA,CTG,CGG,4,7,TRUE,L,R,F,S,NA,NA,NA
PRM_0363,SGRLWFRDWL,TCTGGTAGACTGTGGTTCCGTGATTGGTTGTAA,CTG,CGT,4,7,TRUE,L,R,F,S,NA,NA,NA
PRM_0363,SGRLWFPDWL,TCTGGTAGACTGTGGTTCCCGGATTGGTTGTAA,CTG,CCG,4,7,TRUE,L,P,F,S,NA,NA,NA
PRM_0363,SGRLWFPDWL,TCTGGTAGACTGTGGTTCCCTGATTGGTTGTAA,CTG,CCT,4,7,TRUE,L,P,F,S,NA,NA,NA
PRM_0363,SGRLWFKDWL,TCTGGTAGACTTTGGTTCAAGGATTGGTTGTAA,CTT,AAG,4,7,TRUE,L,K,F,S,NA,NA,NA
PRM_0363,SGRLWFNDWL,TCTGGTAGACTTTGGTTCAATGATTGGTTGTAA,CTT,AAT,4,7,TRUE,L,N,F,S,NA,NA,NA
PRM_0363,SGRLWFMDWL,TCTGGTAGACTTTGGTTCATGGATTGGTTGTAA,CTT,ATG,4,7,TRUE,L,M,F,S,NA,NA,NA
PRM_0363,SGRLWFIDWL,TCTGGTAGACTTTGGTTCATTGATTGGTTGTAA,CTT,ATT,4,7,TRUE,L,I,F,S,NA,NA,NA
PRM_0363,SGRLWFRDWL,TCTGGTAGACTTTGGTTCAGGGATTGGTTGTAA,CTT,AGG,4,7,TRUE,L,R,F,S,NA,NA,NA
PRM_0363,SGRLWFSDWL,TCTGGTAGACTTTGGTTCAGTGATTGGTTGTAA,CTT,AGT,4,7,FALSE,L,S,F,S,NA,NA,NA
PRM_0363,SGRLWFTDWL,TCTGGTAGACTTTGGTTCACGGATTGGTTGTAA,CTT,ACG,4,7,TRUE,L,T,F,S,NA,NA,NA
PRM_0363,SGRLWFTDWL,TCTGGTAGACTTTGGTTCACTGATTGGTTGTAA,CTT,ACT,4,7,TRUE,L,T,F,S,NA,NA,NA
PRM_0363,SGRLWF*DWL,TCTGGTAGACTTTGGTTCTAGGATTGGTTGTAA,CTT,TAG,4,7,TRUE,L,*,F,S,NA,NA,NA
PRM_0363,SGRLWFYDWL,TCTGGTAGACTTTGGTTCTATGATTGGTTGTAA,CTT,TAT,4,7,TRUE,L,Y,F,S,NA,NA,NA
PRM_0363,SGRLWFLDWL,TCTGGTAGACTTTGGTTCTTGGATTGGTTGTAA,CTT,TTG,4,7,TRUE,L,L,F,S,NA,NA,NA
PRM_0363,SGRLWFFDWL,TCTGGTAGACTTTGGTTCTTTGATTGGTTGTAA,CTT,TTT,4,7,TRUE,L,F,F,S,NA,NA,NA
PRM_0363,SGRLWFWDWL,TCTGGTAGACTTTGGTTCTGGGATTGGTTGTAA,CTT,TGG,4,7,TRUE,L,W,F,S,NA,NA,NA
PRM_0363,SGRLWFCDWL,TCTGGTAGACTTTGGTTCTGTGATTGGTTGTAA,CTT,TGT,4,7,TRUE,L,C,F,S,NA,NA,NA
PRM_0363,SGRLWFSDWL,TCTGGTAGACTTTGGTTCTCGGATTGGTTGTAA,CTT,TCG,4,7,FALSE,L,S,F,S,NA,NA,NA
PRM_0363,SGRLWFSDWL,TCTGGTAGACTTTGGTTCTCTGATTGGTTGTAA,CTT,TCT,4,7,FALSE,L,S,F,S,NA,NA,NA
PRM_0363,SGRLWFEDWL,TCTGGTAGACTTTGGTTCGAGGATTGGTTGTAA,CTT,GAG,4,7,TRUE,L,E,F,S,NA,NA,NA
PRM_0363,SGRLWFDDWL,TCTGGTAGACTTTGGTTCGATGATTGGTTGTAA,CTT,GAT,4,7,TRUE,L,D,F,S,NA,NA,NA
PRM_0363,SGRLWFVDWL,TCTGGTAGACTTTGGTTCGTGGATTGGTTGTAA,CTT,GTG,4,7,TRUE,L,V,F,S,NA,NA,NA
PRM_0363,SGRLWFVDWL,TCTGGTAGACTTTGGTTCGTTGATTGGTTGTAA,CTT,GTT,4,7,TRUE,L,V,F,S,NA,NA,NA
PRM_0363,SGRLWFGDWL,TCTGGTAGACTTTGGTTCGGGGATTGGTTGTAA,CTT,GGG,4,7,TRUE,L,G,F,S,NA,NA,NA
PRM_0363,SGRLWFGDWL,TCTGGTAGACTTTGGTTCGGTGATTGGTTGTAA,CTT,GGT,4,7,TRUE,L,G,F,S,NA,NA,NA
PRM_0363,SGRLWFADWL,TCTGGTAGACTTTGGTTCGCGGATTGGTTGTAA,CTT,GCG,4,7,TRUE,L,A,F,S,NA,NA,NA
PRM_0363,SGRLWFADWL,TCTGGTAGACTTTGGTTCGCTGATTGGTTGTAA,CTT,GCT,4,7,TRUE,L,A,F,S,NA,NA,NA
PRM_0363,SGRLWFQDWL,TCTGGTAGACTTTGGTTCCAGGATTGGTTGTAA,CTT,CAG,4,7,TRUE,L,Q,F,S,NA,NA,NA
PRM_0363,SGRLWFHDWL,TCTGGTAGACTTTGGTTCCATGATTGGTTGTAA,CTT,CAT,4,7,TRUE,L,H,F,S,NA,NA,NA
PRM_0363,SGRLWFLDWL,TCTGGTAGACTTTGGTTCCTGGATTGGTTGTAA,CTT,CTG,4,7,TRUE,L,L,F,S,NA,NA,NA
PRM_0363,SGRLWFLDWL,TCTGGTAGACTTTGGTTCCTTGATTGGTTGTAA,CTT,CTT,4,7,TRUE,L,L,F,S,NA,NA,NA
PRM_0363,SGRLWFRDWL,TCTGGTAGACTTTGGTTCCGGGATTGGTTGTAA,CTT,CGG,4,7,TRUE,L,R,F,S,NA,NA,NA
PRM_0363,SGRLWFRDWL,TCTGGTAGACTTTGGTTCCGTGATTGGTTGTAA,CTT,CGT,4,7,TRUE,L,R,F,S,NA,NA,NA
PRM_0363,SGRLWFPDWL,TCTGGTAGACTTTGGTTCCCGGATTGGTTGTAA,CTT,CCG,4,7,TRUE,L,P,F,S,NA,NA,NA
PRM_0363,SGRLWFPDWL,TCTGGTAGACTTTGGTTCCCTGATTGGTTGTAA,CTT,CCT,4,7,TRUE,L,P,F,S,NA,NA,NA
PRM_0363,SGRRWFKDWL,TCTGGTAGACGGTGGTTCAAGGATTGGTTGTAA,CGG,AAG,4,7,TRUE,R,K,F,S,NA,NA,NA
PRM_0363,SGRRWFNDWL,TCTGGTAGACGGTGGTTCAATGATTGGTTGTAA,CGG,AAT,4,7,TRUE,R,N,F,S,NA,NA,NA
PRM_0363,SGRRWFMDWL,TCTGGTAGACGGTGGTTCATGGATTGGTTGTAA,CGG,ATG,4,7,TRUE,R,M,F,S,NA,NA,NA
PRM_0363,SGRRWFIDWL,TCTGGTAGACGGTGGTTCATTGATTGGTTGTAA,CGG,ATT,4,7,TRUE,R,I,F,S,NA,NA,NA
PRM_0363,SGRRWFRDWL,TCTGGTAGACGGTGGTTCAGGGATTGGTTGTAA,CGG,AGG,4,7,TRUE,R,R,F,S,NA,NA,NA
PRM_0363,SGRRWFSDWL,TCTGGTAGACGGTGGTTCAGTGATTGGTTGTAA,CGG,AGT,4,7,FALSE,R,S,F,S,NA,NA,NA
PRM_0363,SGRRWFTDWL,TCTGGTAGACGGTGGTTCACGGATTGGTTGTAA,CGG,ACG,4,7,TRUE,R,T,F,S,NA,NA,NA
PRM_0363,SGRRWFTDWL,TCTGGTAGACGGTGGTTCACTGATTGGTTGTAA,CGG,ACT,4,7,TRUE,R,T,F,S,NA,NA,NA
PRM_0363,SGRRWF*DWL,TCTGGTAGACGGTGGTTCTAGGATTGGTTGTAA,CGG,TAG,4,7,TRUE,R,*,F,S,NA,NA,NA
PRM_0363,SGRRWFYDWL,TCTGGTAGACGGTGGTTCTATGATTGGTTGTAA,CGG,TAT,4,7,TRUE,R,Y,F,S,NA,NA,NA
PRM_0363,SGRRWFLDWL,TCTGGTAGACGGTGGTTCTTGGATTGGTTGTAA,CGG,TTG,4,7,TRUE,R,L,F,S,NA,NA,NA
PRM_0363,SGRRWFFDWL,TCTGGTAGACGGTGGTTCTTTGATTGGTTGTAA,CGG,TTT,4,7,TRUE,R,F,F,S,NA,NA,NA
PRM_0363,SGRRWFWDWL,TCTGGTAGACGGTGGTTCTGGGATTGGTTGTAA,CGG,TGG,4,7,TRUE,R,W,F,S,NA,NA,NA
PRM_0363,SGRRWFCDWL,TCTGGTAGACGGTGGTTCTGTGATTGGTTGTAA,CGG,TGT,4,7,TRUE,R,C,F,S,NA,NA,NA
PRM_0363,SGRRWFSDWL,TCTGGTAGACGGTGGTTCTCGGATTGGTTGTAA,CGG,TCG,4,7,FALSE,R,S,F,S,NA,NA,NA
PRM_0363,SGRRWFSDWL,TCTGGTAGACGGTGGTTCTCTGATTGGTTGTAA,CGG,TCT,4,7,FALSE,R,S,F,S,NA,NA,NA
PRM_0363,SGRRWFEDWL,TCTGGTAGACGGTGGTTCGAGGATTGGTTGTAA,CGG,GAG,4,7,TRUE,R,E,F,S,NA,NA,NA
PRM_0363,SGRRWFDDWL,TCTGGTAGACGGTGGTTCGATGATTGGTTGTAA,CGG,GAT,4,7,TRUE,R,D,F,S,NA,NA,NA
PRM_0363,SGRRWFVDWL,TCTGGTAGACGGTGGTTCGTGGATTGGTTGTAA,CGG,GTG,4,7,TRUE,R,V,F,S,NA,NA,NA
PRM_0363,SGRRWFVDWL,TCTGGTAGACGGTGGTTCGTTGATTGGTTGTAA,CGG,GTT,4,7,TRUE,R,V,F,S,NA,NA,NA
PRM_0363,SGRRWFGDWL,TCTGGTAGACGGTGGTTCGGGGATTGGTTGTAA,CGG,GGG,4,7,TRUE,R,G,F,S,NA,NA,NA
PRM_0363,SGRRWFGDWL,TCTGGTAGACGGTGGTTCGGTGATTGGTTGTAA,CGG,GGT,4,7,TRUE,R,G,F,S,NA,NA,NA
PRM_0363,SGRRWFADWL,TCTGGTAGACGGTGGTTCGCGGATTGGTTGTAA,CGG,GCG,4,7,TRUE,R,A,F,S,NA,NA,NA
PRM_0363,SGRRWFADWL,TCTGGTAGACGGTGGTTCGCTGATTGGTTGTAA,CGG,GCT,4,7,TRUE,R,A,F,S,NA,NA,NA
PRM_0363,SGRRWFQDWL,TCTGGTAGACGGTGGTTCCAGGATTGGTTGTAA,CGG,CAG,4,7,TRUE,R,Q,F,S,NA,NA,NA
PRM_0363,SGRRWFHDWL,TCTGGTAGACGGTGGTTCCATGATTGGTTGTAA,CGG,CAT,4,7,TRUE,R,H,F,S,NA,NA,NA
PRM_0363,SGRRWFLDWL,TCTGGTAGACGGTGGTTCCTGGATTGGTTGTAA,CGG,CTG,4,7,TRUE,R,L,F,S,NA,NA,NA
PRM_0363,SGRRWFLDWL,TCTGGTAGACGGTGGTTCCTTGATTGGTTGTAA,CGG,CTT,4,7,TRUE,R,L,F,S,NA,NA,NA
PRM_0363,SGRRWFRDWL,TCTGGTAGACGGTGGTTCCGGGATTGGTTGTAA,CGG,CGG,4,7,TRUE,R,R,F,S,NA,NA,NA
PRM_0363,SGRRWFRDWL,TCTGGTAGACGGTGGTTCCGTGATTGGTTGTAA,CGG,CGT,4,7,TRUE,R,R,F,S,NA,NA,NA
PRM_0363,SGRRWFPDWL,TCTGGTAGACGGTGGTTCCCGGATTGGTTGTAA,CGG,CCG,4,7,TRUE,R,P,F,S,NA,NA,NA
PRM_0363,SGRRWFPDWL,TCTGGTAGACGGTGGTTCCCTGATTGGTTGTAA,CGG,CCT,4,7,TRUE,R,P,F,S,NA,NA,NA
PRM_0363,SGRRWFKDWL,TCTGGTAGACGTTGGTTCAAGGATTGGTTGTAA,CGT,AAG,4,7,TRUE,R,K,F,S,NA,NA,NA
PRM_0363,SGRRWFNDWL,TCTGGTAGACGTTGGTTCAATGATTGGTTGTAA,CGT,AAT,4,7,TRUE,R,N,F,S,NA,NA,NA
PRM_0363,SGRRWFMDWL,TCTGGTAGACGTTGGTTCATGGATTGGTTGTAA,CGT,ATG,4,7,TRUE,R,M,F,S,NA,NA,NA
PRM_0363,SGRRWFIDWL,TCTGGTAGACGTTGGTTCATTGATTGGTTGTAA,CGT,ATT,4,7,TRUE,R,I,F,S,NA,NA,NA
PRM_0363,SGRRWFRDWL,TCTGGTAGACGTTGGTTCAGGGATTGGTTGTAA,CGT,AGG,4,7,TRUE,R,R,F,S,NA,NA,NA
PRM_0363,SGRRWFSDWL,TCTGGTAGACGTTGGTTCAGTGATTGGTTGTAA,CGT,AGT,4,7,FALSE,R,S,F,S,NA,NA,NA
PRM_0363,SGRRWFTDWL,TCTGGTAGACGTTGGTTCACGGATTGGTTGTAA,CGT,ACG,4,7,TRUE,R,T,F,S,NA,NA,NA
PRM_0363,SGRRWFTDWL,TCTGGTAGACGTTGGTTCACTGATTGGTTGTAA,CGT,ACT,4,7,TRUE,R,T,F,S,NA,NA,NA
PRM_0363,SGRRWF*DWL,TCTGGTAGACGTTGGTTCTAGGATTGGTTGTAA,CGT,TAG,4,7,TRUE,R,*,F,S,NA,NA,NA
PRM_0363,SGRRWFYDWL,TCTGGTAGACGTTGGTTCTATGATTGGTTGTAA,CGT,TAT,4,7,TRUE,R,Y,F,S,NA,NA,NA
PRM_0363,SGRRWFLDWL,TCTGGTAGACGTTGGTTCTTGGATTGGTTGTAA,CGT,TTG,4,7,TRUE,R,L,F,S,NA,NA,NA
PRM_0363,SGRRWFFDWL,TCTGGTAGACGTTGGTTCTTTGATTGGTTGTAA,CGT,TTT,4,7,TRUE,R,F,F,S,NA,NA,NA
PRM_0363,SGRRWFWDWL,TCTGGTAGACGTTGGTTCTGGGATTGGTTGTAA,CGT,TGG,4,7,TRUE,R,W,F,S,NA,NA,NA
PRM_0363,SGRRWFCDWL,TCTGGTAGACGTTGGTTCTGTGATTGGTTGTAA,CGT,TGT,4,7,TRUE,R,C,F,S,NA,NA,NA
PRM_0363,SGRRWFSDWL,TCTGGTAGACGTTGGTTCTCGGATTGGTTGTAA,CGT,TCG,4,7,FALSE,R,S,F,S,NA,NA,NA
PRM_0363,SGRRWFSDWL,TCTGGTAGACGTTGGTTCTCTGATTGGTTGTAA,CGT,TCT,4,7,FALSE,R,S,F,S,NA,NA,NA
PRM_0363,SGRRWFEDWL,TCTGGTAGACGTTGGTTCGAGGATTGGTTGTAA,CGT,GAG,4,7,TRUE,R,E,F,S,NA,NA,NA
PRM_0363,SGRRWFDDWL,TCTGGTAGACGTTGGTTCGATGATTGGTTGTAA,CGT,GAT,4,7,TRUE,R,D,F,S,NA,NA,NA
PRM_0363,SGRRWFVDWL,TCTGGTAGACGTTGGTTCGTGGATTGGTTGTAA,CGT,GTG,4,7,TRUE,R,V,F,S,NA,NA,NA
PRM_0363,SGRRWFVDWL,TCTGGTAGACGTTGGTTCGTTGATTGGTTGTAA,CGT,GTT,4,7,TRUE,R,V,F,S,NA,NA,NA
PRM_0363,SGRRWFGDWL,TCTGGTAGACGTTGGTTCGGGGATTGGTTGTAA,CGT,GGG,4,7,TRUE,R,G,F,S,NA,NA,NA
PRM_0363,SGRRWFGDWL,TCTGGTAGACGTTGGTTCGGTGATTGGTTGTAA,CGT,GGT,4,7,TRUE,R,G,F,S,NA,NA,NA
PRM_0363,SGRRWFADWL,TCTGGTAGACGTTGGTTCGCGGATTGGTTGTAA,CGT,GCG,4,7,TRUE,R,A,F,S,NA,NA,NA
PRM_0363,SGRRWFADWL,TCTGGTAGACGTTGGTTCGCTGATTGGTTGTAA,CGT,GCT,4,7,TRUE,R,A,F,S,NA,NA,NA
PRM_0363,SGRRWFQDWL,TCTGGTAGACGTTGGTTCCAGGATTGGTTGTAA,CGT,CAG,4,7,TRUE,R,Q,F,S,NA,NA,NA
PRM_0363,SGRRWFHDWL,TCTGGTAGACGTTGGTTCCATGATTGGTTGTAA,CGT,CAT,4,7,TRUE,R,H,F,S,NA,NA,NA
PRM_0363,SGRRWFLDWL,TCTGGTAGACGTTGGTTCCTGGATTGGTTGTAA,CGT,CTG,4,7,TRUE,R,L,F,S,NA,NA,NA
PRM_0363,SGRRWFLDWL,TCTGGTAGACGTTGGTTCCTTGATTGGTTGTAA,CGT,CTT,4,7,TRUE,R,L,F,S,NA,NA,NA
PRM_0363,SGRRWFRDWL,TCTGGTAGACGTTGGTTCCGGGATTGGTTGTAA,CGT,CGG,4,7,TRUE,R,R,F,S,NA,NA,NA
PRM_0363,SGRRWFRDWL,TCTGGTAGACGTTGGTTCCGTGATTGGTTGTAA,CGT,CGT,4,7,TRUE,R,R,F,S,NA,NA,NA
PRM_0363,SGRRWFPDWL,TCTGGTAGACGTTGGTTCCCGGATTGGTTGTAA,CGT,CCG,4,7,TRUE,R,P,F,S,NA,NA,NA
PRM_0363,SGRRWFPDWL,TCTGGTAGACGTTGGTTCCCTGATTGGTTGTAA,CGT,CCT,4,7,TRUE,R,P,F,S,NA,NA,NA
PRM_0363,SGRPWFKDWL,TCTGGTAGACCGTGGTTCAAGGATTGGTTGTAA,CCG,AAG,4,7,TRUE,P,K,F,S,NA,NA,NA
PRM_0363,SGRPWFNDWL,TCTGGTAGACCGTGGTTCAATGATTGGTTGTAA,CCG,AAT,4,7,TRUE,P,N,F,S,NA,NA,NA
PRM_0363,SGRPWFMDWL,TCTGGTAGACCGTGGTTCATGGATTGGTTGTAA,CCG,ATG,4,7,TRUE,P,M,F,S,NA,NA,NA
PRM_0363,SGRPWFIDWL,TCTGGTAGACCGTGGTTCATTGATTGGTTGTAA,CCG,ATT,4,7,TRUE,P,I,F,S,NA,NA,NA
PRM_0363,SGRPWFRDWL,TCTGGTAGACCGTGGTTCAGGGATTGGTTGTAA,CCG,AGG,4,7,TRUE,P,R,F,S,NA,NA,NA
PRM_0363,SGRPWFSDWL,TCTGGTAGACCGTGGTTCAGTGATTGGTTGTAA,CCG,AGT,4,7,FALSE,P,S,F,S,NA,NA,NA
PRM_0363,SGRPWFTDWL,TCTGGTAGACCGTGGTTCACGGATTGGTTGTAA,CCG,ACG,4,7,TRUE,P,T,F,S,NA,NA,NA
PRM_0363,SGRPWFTDWL,TCTGGTAGACCGTGGTTCACTGATTGGTTGTAA,CCG,ACT,4,7,TRUE,P,T,F,S,NA,NA,NA
PRM_0363,SGRPWF*DWL,TCTGGTAGACCGTGGTTCTAGGATTGGTTGTAA,CCG,TAG,4,7,TRUE,P,*,F,S,NA,NA,NA
PRM_0363,SGRPWFYDWL,TCTGGTAGACCGTGGTTCTATGATTGGTTGTAA,CCG,TAT,4,7,TRUE,P,Y,F,S,NA,NA,NA
PRM_0363,SGRPWFLDWL,TCTGGTAGACCGTGGTTCTTGGATTGGTTGTAA,CCG,TTG,4,7,TRUE,P,L,F,S,NA,NA,NA
PRM_0363,SGRPWFFDWL,TCTGGTAGACCGTGGTTCTTTGATTGGTTGTAA,CCG,TTT,4,7,TRUE,P,F,F,S,NA,NA,NA
PRM_0363,SGRPWFWDWL,TCTGGTAGACCGTGGTTCTGGGATTGGTTGTAA,CCG,TGG,4,7,TRUE,P,W,F,S,NA,NA,NA
PRM_0363,SGRPWFCDWL,TCTGGTAGACCGTGGTTCTGTGATTGGTTGTAA,CCG,TGT,4,7,TRUE,P,C,F,S,NA,NA,NA
PRM_0363,SGRPWFSDWL,TCTGGTAGACCGTGGTTCTCGGATTGGTTGTAA,CCG,TCG,4,7,FALSE,P,S,F,S,NA,NA,NA
PRM_0363,SGRPWFSDWL,TCTGGTAGACCGTGGTTCTCTGATTGGTTGTAA,CCG,TCT,4,7,FALSE,P,S,F,S,NA,NA,NA
PRM_0363,SGRPWFEDWL,TCTGGTAGACCGTGGTTCGAGGATTGGTTGTAA,CCG,GAG,4,7,TRUE,P,E,F,S,NA,NA,NA
PRM_0363,SGRPWFDDWL,TCTGGTAGACCGTGGTTCGATGATTGGTTGTAA,CCG,GAT,4,7,TRUE,P,D,F,S,NA,NA,NA
PRM_0363,SGRPWFVDWL,TCTGGTAGACCGTGGTTCGTGGATTGGTTGTAA,CCG,GTG,4,7,TRUE,P,V,F,S,NA,NA,NA
PRM_0363,SGRPWFVDWL,TCTGGTAGACCGTGGTTCGTTGATTGGTTGTAA,CCG,GTT,4,7,TRUE,P,V,F,S,NA,NA,NA
PRM_0363,SGRPWFGDWL,TCTGGTAGACCGTGGTTCGGGGATTGGTTGTAA,CCG,GGG,4,7,TRUE,P,G,F,S,NA,NA,NA
PRM_0363,SGRPWFGDWL,TCTGGTAGACCGTGGTTCGGTGATTGGTTGTAA,CCG,GGT,4,7,TRUE,P,G,F,S,NA,NA,NA
PRM_0363,SGRPWFADWL,TCTGGTAGACCGTGGTTCGCGGATTGGTTGTAA,CCG,GCG,4,7,TRUE,P,A,F,S,NA,NA,NA
PRM_0363,SGRPWFADWL,TCTGGTAGACCGTGGTTCGCTGATTGGTTGTAA,CCG,GCT,4,7,TRUE,P,A,F,S,NA,NA,NA
PRM_0363,SGRPWFQDWL,TCTGGTAGACCGTGGTTCCAGGATTGGTTGTAA,CCG,CAG,4,7,TRUE,P,Q,F,S,NA,NA,NA
PRM_0363,SGRPWFHDWL,TCTGGTAGACCGTGGTTCCATGATTGGTTGTAA,CCG,CAT,4,7,TRUE,P,H,F,S,NA,NA,NA
PRM_0363,SGRPWFLDWL,TCTGGTAGACCGTGGTTCCTGGATTGGTTGTAA,CCG,CTG,4,7,TRUE,P,L,F,S,NA,NA,NA
PRM_0363,SGRPWFLDWL,TCTGGTAGACCGTGGTTCCTTGATTGGTTGTAA,CCG,CTT,4,7,TRUE,P,L,F,S,NA,NA,NA
PRM_0363,SGRPWFRDWL,TCTGGTAGACCGTGGTTCCGGGATTGGTTGTAA,CCG,CGG,4,7,TRUE,P,R,F,S,NA,NA,NA
PRM_0363,SGRPWFRDWL,TCTGGTAGACCGTGGTTCCGTGATTGGTTGTAA,CCG,CGT,4,7,TRUE,P,R,F,S,NA,NA,NA
PRM_0363,SGRPWFPDWL,TCTGGTAGACCGTGGTTCCCGGATTGGTTGTAA,CCG,CCG,4,7,TRUE,P,P,F,S,NA,NA,NA
PRM_0363,SGRPWFPDWL,TCTGGTAGACCGTGGTTCCCTGATTGGTTGTAA,CCG,CCT,4,7,TRUE,P,P,F,S,NA,NA,NA
PRM_0363,SGRPWFKDWL,TCTGGTAGACCTTGGTTCAAGGATTGGTTGTAA,CCT,AAG,4,7,TRUE,P,K,F,S,NA,NA,NA
PRM_0363,SGRPWFNDWL,TCTGGTAGACCTTGGTTCAATGATTGGTTGTAA,CCT,AAT,4,7,TRUE,P,N,F,S,NA,NA,NA
PRM_0363,SGRPWFMDWL,TCTGGTAGACCTTGGTTCATGGATTGGTTGTAA,CCT,ATG,4,7,TRUE,P,M,F,S,NA,NA,NA
PRM_0363,SGRPWFIDWL,TCTGGTAGACCTTGGTTCATTGATTGGTTGTAA,CCT,ATT,4,7,TRUE,P,I,F,S,NA,NA,NA
PRM_0363,SGRPWFRDWL,TCTGGTAGACCTTGGTTCAGGGATTGGTTGTAA,CCT,AGG,4,7,TRUE,P,R,F,S,NA,NA,NA
PRM_0363,SGRPWFSDWL,TCTGGTAGACCTTGGTTCAGTGATTGGTTGTAA,CCT,AGT,4,7,FALSE,P,S,F,S,NA,NA,NA
PRM_0363,SGRPWFTDWL,TCTGGTAGACCTTGGTTCACGGATTGGTTGTAA,CCT,ACG,4,7,TRUE,P,T,F,S,NA,NA,NA
PRM_0363,SGRPWFTDWL,TCTGGTAGACCTTGGTTCACTGATTGGTTGTAA,CCT,ACT,4,7,TRUE,P,T,F,S,NA,NA,NA
PRM_0363,SGRPWF*DWL,TCTGGTAGACCTTGGTTCTAGGATTGGTTGTAA,CCT,TAG,4,7,TRUE,P,*,F,S,NA,NA,NA
PRM_0363,SGRPWFYDWL,TCTGGTAGACCTTGGTTCTATGATTGGTTGTAA,CCT,TAT,4,7,TRUE,P,Y,F,S,NA,NA,NA
PRM_0363,SGRPWFLDWL,TCTGGTAGACCTTGGTTCTTGGATTGGTTGTAA,CCT,TTG,4,7,TRUE,P,L,F,S,NA,NA,NA
PRM_0363,SGRPWFFDWL,TCTGGTAGACCTTGGTTCTTTGATTGGTTGTAA,CCT,TTT,4,7,TRUE,P,F,F,S,NA,NA,NA
PRM_0363,SGRPWFWDWL,TCTGGTAGACCTTGGTTCTGGGATTGGTTGTAA,CCT,TGG,4,7,TRUE,P,W,F,S,NA,NA,NA
PRM_0363,SGRPWFCDWL,TCTGGTAGACCTTGGTTCTGTGATTGGTTGTAA,CCT,TGT,4,7,TRUE,P,C,F,S,NA,NA,NA
PRM_0363,SGRPWFSDWL,TCTGGTAGACCTTGGTTCTCGGATTGGTTGTAA,CCT,TCG,4,7,FALSE,P,S,F,S,NA,NA,NA
PRM_0363,SGRPWFSDWL,TCTGGTAGACCTTGGTTCTCTGATTGGTTGTAA,CCT,TCT,4,7,FALSE,P,S,F,S,NA,NA,NA
PRM_0363,SGRPWFEDWL,TCTGGTAGACCTTGGTTCGAGGATTGGTTGTAA,CCT,GAG,4,7,TRUE,P,E,F,S,NA,NA,NA
PRM_0363,SGRPWFDDWL,TCTGGTAGACCTTGGTTCGATGATTGGTTGTAA,CCT,GAT,4,7,TRUE,P,D,F,S,NA,NA,NA
PRM_0363,SGRPWFVDWL,TCTGGTAGACCTTGGTTCGTGGATTGGTTGTAA,CCT,GTG,4,7,TRUE,P,V,F,S,NA,NA,NA
PRM_0363,SGRPWFVDWL,TCTGGTAGACCTTGGTTCGTTGATTGGTTGTAA,CCT,GTT,4,7,TRUE,P,V,F,S,NA,NA,NA
PRM_0363,SGRPWFGDWL,TCTGGTAGACCTTGGTTCGGGGATTGGTTGTAA,CCT,GGG,4,7,TRUE,P,G,F,S,NA,NA,NA
PRM_0363,SGRPWFGDWL,TCTGGTAGACCTTGGTTCGGTGATTGGTTGTAA,CCT,GGT,4,7,TRUE,P,G,F,S,NA,NA,NA
PRM_0363,SGRPWFADWL,TCTGGTAGACCTTGGTTCGCGGATTGGTTGTAA,CCT,GCG,4,7,TRUE,P,A,F,S,NA,NA,NA
PRM_0363,SGRPWFADWL,TCTGGTAGACCTTGGTTCGCTGATTGGTTGTAA,CCT,GCT,4,7,TRUE,P,A,F,S,NA,NA,NA
PRM_0363,SGRPWFQDWL,TCTGGTAGACCTTGGTTCCAGGATTGGTTGTAA,CCT,CAG,4,7,TRUE,P,Q,F,S,NA,NA,NA
PRM_0363,SGRPWFHDWL,TCTGGTAGACCTTGGTTCCATGATTGGTTGTAA,CCT,CAT,4,7,TRUE,P,H,F,S,NA,NA,NA
PRM_0363,SGRPWFLDWL,TCTGGTAGACCTTGGTTCCTGGATTGGTTGTAA,CCT,CTG,4,7,TRUE,P,L,F,S,NA,NA,NA
PRM_0363,SGRPWFLDWL,TCTGGTAGACCTTGGTTCCTTGATTGGTTGTAA,CCT,CTT,4,7,TRUE,P,L,F,S,NA,NA,NA
PRM_0363,SGRPWFRDWL,TCTGGTAGACCTTGGTTCCGGGATTGGTTGTAA,CCT,CGG,4,7,TRUE,P,R,F,S,NA,NA,NA
PRM_0363,SGRPWFRDWL,TCTGGTAGACCTTGGTTCCGTGATTGGTTGTAA,CCT,CGT,4,7,TRUE,P,R,F,S,NA,NA,NA
PRM_0363,SGRPWFPDWL,TCTGGTAGACCTTGGTTCCCGGATTGGTTGTAA,CCT,CCG,4,7,TRUE,P,P,F,S,NA,NA,NA
PRM_0363,SGRPWFPDWL,TCTGGTAGACCTTGGTTCCCTGATTGGTTGTAA,CCT,CCT,4,7,TRUE,P,P,F,S,NA,NA,NA
PRM_0366,SKVKKFLGWF,TCTAAAGTTAAGAAGTTCTTGGGTTGGTTCTAA,AAG,AAG,4,5,TRUE,K,K,R,V,NA,NA,NA
PRM_0366,SKVKNFLGWF,TCTAAAGTTAAGAATTTCTTGGGTTGGTTCTAA,AAG,AAT,4,5,TRUE,K,N,R,V,NA,NA,NA
PRM_0366,SKVKMFLGWF,TCTAAAGTTAAGATGTTCTTGGGTTGGTTCTAA,AAG,ATG,4,5,TRUE,K,M,R,V,NA,NA,NA
PRM_0366,SKVKIFLGWF,TCTAAAGTTAAGATTTTCTTGGGTTGGTTCTAA,AAG,ATT,4,5,TRUE,K,I,R,V,NA,NA,NA
PRM_0366,SKVKRFLGWF,TCTAAAGTTAAGAGGTTCTTGGGTTGGTTCTAA,AAG,AGG,4,5,TRUE,K,R,R,V,NA,NA,NA
PRM_0366,SKVKSFLGWF,TCTAAAGTTAAGAGTTTCTTGGGTTGGTTCTAA,AAG,AGT,4,5,TRUE,K,S,R,V,NA,NA,NA
PRM_0366,SKVKTFLGWF,TCTAAAGTTAAGACGTTCTTGGGTTGGTTCTAA,AAG,ACG,4,5,TRUE,K,T,R,V,NA,NA,NA
PRM_0366,SKVKTFLGWF,TCTAAAGTTAAGACTTTCTTGGGTTGGTTCTAA,AAG,ACT,4,5,TRUE,K,T,R,V,NA,NA,NA
PRM_0366,SKVK*FLGWF,TCTAAAGTTAAGTAGTTCTTGGGTTGGTTCTAA,AAG,TAG,4,5,TRUE,K,*,R,V,NA,NA,NA
PRM_0366,SKVKYFLGWF,TCTAAAGTTAAGTATTTCTTGGGTTGGTTCTAA,AAG,TAT,4,5,TRUE,K,Y,R,V,NA,NA,NA
PRM_0366,SKVKLFLGWF,TCTAAAGTTAAGTTGTTCTTGGGTTGGTTCTAA,AAG,TTG,4,5,TRUE,K,L,R,V,NA,NA,NA
PRM_0366,SKVKFFLGWF,TCTAAAGTTAAGTTTTTCTTGGGTTGGTTCTAA,AAG,TTT,4,5,TRUE,K,F,R,V,NA,NA,NA
PRM_0366,SKVKWFLGWF,TCTAAAGTTAAGTGGTTCTTGGGTTGGTTCTAA,AAG,TGG,4,5,TRUE,K,W,R,V,NA,NA,NA
PRM_0366,SKVKCFLGWF,TCTAAAGTTAAGTGTTTCTTGGGTTGGTTCTAA,AAG,TGT,4,5,TRUE,K,C,R,V,NA,NA,NA
PRM_0366,SKVKSFLGWF,TCTAAAGTTAAGTCGTTCTTGGGTTGGTTCTAA,AAG,TCG,4,5,TRUE,K,S,R,V,NA,NA,NA
PRM_0366,SKVKSFLGWF,TCTAAAGTTAAGTCTTTCTTGGGTTGGTTCTAA,AAG,TCT,4,5,TRUE,K,S,R,V,NA,NA,NA
PRM_0366,SKVKEFLGWF,TCTAAAGTTAAGGAGTTCTTGGGTTGGTTCTAA,AAG,GAG,4,5,TRUE,K,E,R,V,NA,NA,NA
PRM_0366,SKVKDFLGWF,TCTAAAGTTAAGGATTTCTTGGGTTGGTTCTAA,AAG,GAT,4,5,TRUE,K,D,R,V,NA,NA,NA
PRM_0366,SKVKVFLGWF,TCTAAAGTTAAGGTGTTCTTGGGTTGGTTCTAA,AAG,GTG,4,5,FALSE,K,V,R,V,NA,NA,NA
PRM_0366,SKVKVFLGWF,TCTAAAGTTAAGGTTTTCTTGGGTTGGTTCTAA,AAG,GTT,4,5,FALSE,K,V,R,V,NA,NA,NA
PRM_0366,SKVKGFLGWF,TCTAAAGTTAAGGGGTTCTTGGGTTGGTTCTAA,AAG,GGG,4,5,TRUE,K,G,R,V,NA,NA,NA
PRM_0366,SKVKGFLGWF,TCTAAAGTTAAGGGTTTCTTGGGTTGGTTCTAA,AAG,GGT,4,5,TRUE,K,G,R,V,NA,NA,NA
PRM_0366,SKVKAFLGWF,TCTAAAGTTAAGGCGTTCTTGGGTTGGTTCTAA,AAG,GCG,4,5,TRUE,K,A,R,V,NA,NA,NA
PRM_0366,SKVKAFLGWF,TCTAAAGTTAAGGCTTTCTTGGGTTGGTTCTAA,AAG,GCT,4,5,TRUE,K,A,R,V,NA,NA,NA
PRM_0366,SKVKQFLGWF,TCTAAAGTTAAGCAGTTCTTGGGTTGGTTCTAA,AAG,CAG,4,5,TRUE,K,Q,R,V,NA,NA,NA
PRM_0366,SKVKHFLGWF,TCTAAAGTTAAGCATTTCTTGGGTTGGTTCTAA,AAG,CAT,4,5,TRUE,K,H,R,V,NA,NA,NA
PRM_0366,SKVKLFLGWF,TCTAAAGTTAAGCTGTTCTTGGGTTGGTTCTAA,AAG,CTG,4,5,TRUE,K,L,R,V,NA,NA,NA
PRM_0366,SKVKLFLGWF,TCTAAAGTTAAGCTTTTCTTGGGTTGGTTCTAA,AAG,CTT,4,5,TRUE,K,L,R,V,NA,NA,NA
PRM_0366,SKVKRFLGWF,TCTAAAGTTAAGCGGTTCTTGGGTTGGTTCTAA,AAG,CGG,4,5,TRUE,K,R,R,V,NA,NA,NA
PRM_0366,SKVKRFLGWF,TCTAAAGTTAAGCGTTTCTTGGGTTGGTTCTAA,AAG,CGT,4,5,TRUE,K,R,R,V,NA,NA,NA
PRM_0366,SKVKPFLGWF,TCTAAAGTTAAGCCGTTCTTGGGTTGGTTCTAA,AAG,CCG,4,5,TRUE,K,P,R,V,NA,NA,NA
PRM_0366,SKVKPFLGWF,TCTAAAGTTAAGCCTTTCTTGGGTTGGTTCTAA,AAG,CCT,4,5,TRUE,K,P,R,V,NA,NA,NA
PRM_0366,SKVNKFLGWF,TCTAAAGTTAATAAGTTCTTGGGTTGGTTCTAA,AAT,AAG,4,5,TRUE,N,K,R,V,NA,NA,NA
PRM_0366,SKVNNFLGWF,TCTAAAGTTAATAATTTCTTGGGTTGGTTCTAA,AAT,AAT,4,5,TRUE,N,N,R,V,NA,NA,NA
PRM_0366,SKVNMFLGWF,TCTAAAGTTAATATGTTCTTGGGTTGGTTCTAA,AAT,ATG,4,5,TRUE,N,M,R,V,NA,NA,NA
PRM_0366,SKVNIFLGWF,TCTAAAGTTAATATTTTCTTGGGTTGGTTCTAA,AAT,ATT,4,5,TRUE,N,I,R,V,NA,NA,NA
PRM_0366,SKVNRFLGWF,TCTAAAGTTAATAGGTTCTTGGGTTGGTTCTAA,AAT,AGG,4,5,TRUE,N,R,R,V,NA,NA,NA
PRM_0366,SKVNSFLGWF,TCTAAAGTTAATAGTTTCTTGGGTTGGTTCTAA,AAT,AGT,4,5,TRUE,N,S,R,V,NA,NA,NA
PRM_0366,SKVNTFLGWF,TCTAAAGTTAATACGTTCTTGGGTTGGTTCTAA,AAT,ACG,4,5,TRUE,N,T,R,V,NA,NA,NA
PRM_0366,SKVNTFLGWF,TCTAAAGTTAATACTTTCTTGGGTTGGTTCTAA,AAT,ACT,4,5,TRUE,N,T,R,V,NA,NA,NA
PRM_0366,SKVN*FLGWF,TCTAAAGTTAATTAGTTCTTGGGTTGGTTCTAA,AAT,TAG,4,5,TRUE,N,*,R,V,NA,NA,NA
PRM_0366,SKVNYFLGWF,TCTAAAGTTAATTATTTCTTGGGTTGGTTCTAA,AAT,TAT,4,5,TRUE,N,Y,R,V,NA,NA,NA
PRM_0366,SKVNLFLGWF,TCTAAAGTTAATTTGTTCTTGGGTTGGTTCTAA,AAT,TTG,4,5,TRUE,N,L,R,V,NA,NA,NA
PRM_0366,SKVNFFLGWF,TCTAAAGTTAATTTTTTCTTGGGTTGGTTCTAA,AAT,TTT,4,5,TRUE,N,F,R,V,NA,NA,NA
PRM_0366,SKVNWFLGWF,TCTAAAGTTAATTGGTTCTTGGGTTGGTTCTAA,AAT,TGG,4,5,TRUE,N,W,R,V,NA,NA,NA
PRM_0366,SKVNCFLGWF,TCTAAAGTTAATTGTTTCTTGGGTTGGTTCTAA,AAT,TGT,4,5,TRUE,N,C,R,V,NA,NA,NA
PRM_0366,SKVNSFLGWF,TCTAAAGTTAATTCGTTCTTGGGTTGGTTCTAA,AAT,TCG,4,5,TRUE,N,S,R,V,NA,NA,NA
PRM_0366,SKVNSFLGWF,TCTAAAGTTAATTCTTTCTTGGGTTGGTTCTAA,AAT,TCT,4,5,TRUE,N,S,R,V,NA,NA,NA
PRM_0366,SKVNEFLGWF,TCTAAAGTTAATGAGTTCTTGGGTTGGTTCTAA,AAT,GAG,4,5,TRUE,N,E,R,V,NA,NA,NA
PRM_0366,SKVNDFLGWF,TCTAAAGTTAATGATTTCTTGGGTTGGTTCTAA,AAT,GAT,4,5,TRUE,N,D,R,V,NA,NA,NA
PRM_0366,SKVNVFLGWF,TCTAAAGTTAATGTGTTCTTGGGTTGGTTCTAA,AAT,GTG,4,5,FALSE,N,V,R,V,NA,NA,NA
PRM_0366,SKVNVFLGWF,TCTAAAGTTAATGTTTTCTTGGGTTGGTTCTAA,AAT,GTT,4,5,FALSE,N,V,R,V,NA,NA,NA
PRM_0366,SKVNGFLGWF,TCTAAAGTTAATGGGTTCTTGGGTTGGTTCTAA,AAT,GGG,4,5,TRUE,N,G,R,V,NA,NA,NA
PRM_0366,SKVNGFLGWF,TCTAAAGTTAATGGTTTCTTGGGTTGGTTCTAA,AAT,GGT,4,5,TRUE,N,G,R,V,NA,NA,NA
PRM_0366,SKVNAFLGWF,TCTAAAGTTAATGCGTTCTTGGGTTGGTTCTAA,AAT,GCG,4,5,TRUE,N,A,R,V,NA,NA,NA
PRM_0366,SKVNAFLGWF,TCTAAAGTTAATGCTTTCTTGGGTTGGTTCTAA,AAT,GCT,4,5,TRUE,N,A,R,V,NA,NA,NA
PRM_0366,SKVNQFLGWF,TCTAAAGTTAATCAGTTCTTGGGTTGGTTCTAA,AAT,CAG,4,5,TRUE,N,Q,R,V,NA,NA,NA
PRM_0366,SKVNHFLGWF,TCTAAAGTTAATCATTTCTTGGGTTGGTTCTAA,AAT,CAT,4,5,TRUE,N,H,R,V,NA,NA,NA
PRM_0366,SKVNLFLGWF,TCTAAAGTTAATCTGTTCTTGGGTTGGTTCTAA,AAT,CTG,4,5,TRUE,N,L,R,V,NA,NA,NA
PRM_0366,SKVNLFLGWF,TCTAAAGTTAATCTTTTCTTGGGTTGGTTCTAA,AAT,CTT,4,5,TRUE,N,L,R,V,NA,NA,NA
PRM_0366,SKVNRFLGWF,TCTAAAGTTAATCGGTTCTTGGGTTGGTTCTAA,AAT,CGG,4,5,TRUE,N,R,R,V,NA,NA,NA
PRM_0366,SKVNRFLGWF,TCTAAAGTTAATCGTTTCTTGGGTTGGTTCTAA,AAT,CGT,4,5,TRUE,N,R,R,V,NA,NA,NA
PRM_0366,SKVNPFLGWF,TCTAAAGTTAATCCGTTCTTGGGTTGGTTCTAA,AAT,CCG,4,5,TRUE,N,P,R,V,NA,NA,NA
PRM_0366,SKVNPFLGWF,TCTAAAGTTAATCCTTTCTTGGGTTGGTTCTAA,AAT,CCT,4,5,TRUE,N,P,R,V,NA,NA,NA
PRM_0366,SKVMKFLGWF,TCTAAAGTTATGAAGTTCTTGGGTTGGTTCTAA,ATG,AAG,4,5,TRUE,M,K,R,V,NA,NA,NA
PRM_0366,SKVMNFLGWF,TCTAAAGTTATGAATTTCTTGGGTTGGTTCTAA,ATG,AAT,4,5,TRUE,M,N,R,V,NA,NA,NA
PRM_0366,SKVMMFLGWF,TCTAAAGTTATGATGTTCTTGGGTTGGTTCTAA,ATG,ATG,4,5,TRUE,M,M,R,V,NA,NA,NA
PRM_0366,SKVMIFLGWF,TCTAAAGTTATGATTTTCTTGGGTTGGTTCTAA,ATG,ATT,4,5,TRUE,M,I,R,V,NA,NA,NA
PRM_0366,SKVMRFLGWF,TCTAAAGTTATGAGGTTCTTGGGTTGGTTCTAA,ATG,AGG,4,5,TRUE,M,R,R,V,NA,NA,NA
PRM_0366,SKVMSFLGWF,TCTAAAGTTATGAGTTTCTTGGGTTGGTTCTAA,ATG,AGT,4,5,TRUE,M,S,R,V,NA,NA,NA
PRM_0366,SKVMTFLGWF,TCTAAAGTTATGACGTTCTTGGGTTGGTTCTAA,ATG,ACG,4,5,TRUE,M,T,R,V,NA,NA,NA
PRM_0366,SKVMTFLGWF,TCTAAAGTTATGACTTTCTTGGGTTGGTTCTAA,ATG,ACT,4,5,TRUE,M,T,R,V,NA,NA,NA
PRM_0366,SKVM*FLGWF,TCTAAAGTTATGTAGTTCTTGGGTTGGTTCTAA,ATG,TAG,4,5,TRUE,M,*,R,V,NA,NA,NA
PRM_0366,SKVMYFLGWF,TCTAAAGTTATGTATTTCTTGGGTTGGTTCTAA,ATG,TAT,4,5,TRUE,M,Y,R,V,NA,NA,NA
PRM_0366,SKVMLFLGWF,TCTAAAGTTATGTTGTTCTTGGGTTGGTTCTAA,ATG,TTG,4,5,TRUE,M,L,R,V,NA,NA,NA
PRM_0366,SKVMFFLGWF,TCTAAAGTTATGTTTTTCTTGGGTTGGTTCTAA,ATG,TTT,4,5,TRUE,M,F,R,V,NA,NA,NA
PRM_0366,SKVMWFLGWF,TCTAAAGTTATGTGGTTCTTGGGTTGGTTCTAA,ATG,TGG,4,5,TRUE,M,W,R,V,NA,NA,NA
PRM_0366,SKVMCFLGWF,TCTAAAGTTATGTGTTTCTTGGGTTGGTTCTAA,ATG,TGT,4,5,TRUE,M,C,R,V,NA,NA,NA
PRM_0366,SKVMSFLGWF,TCTAAAGTTATGTCGTTCTTGGGTTGGTTCTAA,ATG,TCG,4,5,TRUE,M,S,R,V,NA,NA,NA
PRM_0366,SKVMSFLGWF,TCTAAAGTTATGTCTTTCTTGGGTTGGTTCTAA,ATG,TCT,4,5,TRUE,M,S,R,V,NA,NA,NA
PRM_0366,SKVMEFLGWF,TCTAAAGTTATGGAGTTCTTGGGTTGGTTCTAA,ATG,GAG,4,5,TRUE,M,E,R,V,NA,NA,NA
PRM_0366,SKVMDFLGWF,TCTAAAGTTATGGATTTCTTGGGTTGGTTCTAA,ATG,GAT,4,5,TRUE,M,D,R,V,NA,NA,NA
PRM_0366,SKVMVFLGWF,TCTAAAGTTATGGTGTTCTTGGGTTGGTTCTAA,ATG,GTG,4,5,FALSE,M,V,R,V,NA,NA,NA
PRM_0366,SKVMVFLGWF,TCTAAAGTTATGGTTTTCTTGGGTTGGTTCTAA,ATG,GTT,4,5,FALSE,M,V,R,V,NA,NA,NA
PRM_0366,SKVMGFLGWF,TCTAAAGTTATGGGGTTCTTGGGTTGGTTCTAA,ATG,GGG,4,5,TRUE,M,G,R,V,NA,NA,NA
PRM_0366,SKVMGFLGWF,TCTAAAGTTATGGGTTTCTTGGGTTGGTTCTAA,ATG,GGT,4,5,TRUE,M,G,R,V,NA,NA,NA
PRM_0366,SKVMAFLGWF,TCTAAAGTTATGGCGTTCTTGGGTTGGTTCTAA,ATG,GCG,4,5,TRUE,M,A,R,V,NA,NA,NA
PRM_0366,SKVMAFLGWF,TCTAAAGTTATGGCTTTCTTGGGTTGGTTCTAA,ATG,GCT,4,5,TRUE,M,A,R,V,NA,NA,NA
PRM_0366,SKVMQFLGWF,TCTAAAGTTATGCAGTTCTTGGGTTGGTTCTAA,ATG,CAG,4,5,TRUE,M,Q,R,V,NA,NA,NA
PRM_0366,SKVMHFLGWF,TCTAAAGTTATGCATTTCTTGGGTTGGTTCTAA,ATG,CAT,4,5,TRUE,M,H,R,V,NA,NA,NA
PRM_0366,SKVMLFLGWF,TCTAAAGTTATGCTGTTCTTGGGTTGGTTCTAA,ATG,CTG,4,5,TRUE,M,L,R,V,NA,NA,NA
PRM_0366,SKVMLFLGWF,TCTAAAGTTATGCTTTTCTTGGGTTGGTTCTAA,ATG,CTT,4,5,TRUE,M,L,R,V,NA,NA,NA
PRM_0366,SKVMRFLGWF,TCTAAAGTTATGCGGTTCTTGGGTTGGTTCTAA,ATG,CGG,4,5,TRUE,M,R,R,V,NA,NA,NA
PRM_0366,SKVMRFLGWF,TCTAAAGTTATGCGTTTCTTGGGTTGGTTCTAA,ATG,CGT,4,5,TRUE,M,R,R,V,NA,NA,NA
PRM_0366,SKVMPFLGWF,TCTAAAGTTATGCCGTTCTTGGGTTGGTTCTAA,ATG,CCG,4,5,TRUE,M,P,R,V,NA,NA,NA
PRM_0366,SKVMPFLGWF,TCTAAAGTTATGCCTTTCTTGGGTTGGTTCTAA,ATG,CCT,4,5,TRUE,M,P,R,V,NA,NA,NA
PRM_0366,SKVIKFLGWF,TCTAAAGTTATTAAGTTCTTGGGTTGGTTCTAA,ATT,AAG,4,5,TRUE,I,K,R,V,NA,NA,NA
PRM_0366,SKVINFLGWF,TCTAAAGTTATTAATTTCTTGGGTTGGTTCTAA,ATT,AAT,4,5,TRUE,I,N,R,V,NA,NA,NA
PRM_0366,SKVIMFLGWF,TCTAAAGTTATTATGTTCTTGGGTTGGTTCTAA,ATT,ATG,4,5,TRUE,I,M,R,V,NA,NA,NA
PRM_0366,SKVIIFLGWF,TCTAAAGTTATTATTTTCTTGGGTTGGTTCTAA,ATT,ATT,4,5,TRUE,I,I,R,V,NA,NA,NA
PRM_0366,SKVIRFLGWF,TCTAAAGTTATTAGGTTCTTGGGTTGGTTCTAA,ATT,AGG,4,5,TRUE,I,R,R,V,NA,NA,NA
PRM_0366,SKVISFLGWF,TCTAAAGTTATTAGTTTCTTGGGTTGGTTCTAA,ATT,AGT,4,5,TRUE,I,S,R,V,NA,NA,NA
PRM_0366,SKVITFLGWF,TCTAAAGTTATTACGTTCTTGGGTTGGTTCTAA,ATT,ACG,4,5,TRUE,I,T,R,V,NA,NA,NA
PRM_0366,SKVITFLGWF,TCTAAAGTTATTACTTTCTTGGGTTGGTTCTAA,ATT,ACT,4,5,TRUE,I,T,R,V,NA,NA,NA
PRM_0366,SKVI*FLGWF,TCTAAAGTTATTTAGTTCTTGGGTTGGTTCTAA,ATT,TAG,4,5,TRUE,I,*,R,V,NA,NA,NA
PRM_0366,SKVIYFLGWF,TCTAAAGTTATTTATTTCTTGGGTTGGTTCTAA,ATT,TAT,4,5,TRUE,I,Y,R,V,NA,NA,NA
PRM_0366,SKVILFLGWF,TCTAAAGTTATTTTGTTCTTGGGTTGGTTCTAA,ATT,TTG,4,5,TRUE,I,L,R,V,NA,NA,NA
PRM_0366,SKVIFFLGWF,TCTAAAGTTATTTTTTTCTTGGGTTGGTTCTAA,ATT,TTT,4,5,TRUE,I,F,R,V,NA,NA,NA
PRM_0366,SKVIWFLGWF,TCTAAAGTTATTTGGTTCTTGGGTTGGTTCTAA,ATT,TGG,4,5,TRUE,I,W,R,V,NA,NA,NA
PRM_0366,SKVICFLGWF,TCTAAAGTTATTTGTTTCTTGGGTTGGTTCTAA,ATT,TGT,4,5,TRUE,I,C,R,V,NA,NA,NA
PRM_0366,SKVISFLGWF,TCTAAAGTTATTTCGTTCTTGGGTTGGTTCTAA,ATT,TCG,4,5,TRUE,I,S,R,V,NA,NA,NA
PRM_0366,SKVISFLGWF,TCTAAAGTTATTTCTTTCTTGGGTTGGTTCTAA,ATT,TCT,4,5,TRUE,I,S,R,V,NA,NA,NA
PRM_0366,SKVIEFLGWF,TCTAAAGTTATTGAGTTCTTGGGTTGGTTCTAA,ATT,GAG,4,5,TRUE,I,E,R,V,NA,NA,NA
PRM_0366,SKVIDFLGWF,TCTAAAGTTATTGATTTCTTGGGTTGGTTCTAA,ATT,GAT,4,5,TRUE,I,D,R,V,NA,NA,NA
PRM_0366,SKVIVFLGWF,TCTAAAGTTATTGTGTTCTTGGGTTGGTTCTAA,ATT,GTG,4,5,FALSE,I,V,R,V,NA,NA,NA
PRM_0366,SKVIVFLGWF,TCTAAAGTTATTGTTTTCTTGGGTTGGTTCTAA,ATT,GTT,4,5,FALSE,I,V,R,V,NA,NA,NA
PRM_0366,SKVIGFLGWF,TCTAAAGTTATTGGGTTCTTGGGTTGGTTCTAA,ATT,GGG,4,5,TRUE,I,G,R,V,NA,NA,NA
PRM_0366,SKVIGFLGWF,TCTAAAGTTATTGGTTTCTTGGGTTGGTTCTAA,ATT,GGT,4,5,TRUE,I,G,R,V,NA,NA,NA
PRM_0366,SKVIAFLGWF,TCTAAAGTTATTGCGTTCTTGGGTTGGTTCTAA,ATT,GCG,4,5,TRUE,I,A,R,V,NA,NA,NA
PRM_0366,SKVIAFLGWF,TCTAAAGTTATTGCTTTCTTGGGTTGGTTCTAA,ATT,GCT,4,5,TRUE,I,A,R,V,NA,NA,NA
PRM_0366,SKVIQFLGWF,TCTAAAGTTATTCAGTTCTTGGGTTGGTTCTAA,ATT,CAG,4,5,TRUE,I,Q,R,V,NA,NA,NA
PRM_0366,SKVIHFLGWF,TCTAAAGTTATTCATTTCTTGGGTTGGTTCTAA,ATT,CAT,4,5,TRUE,I,H,R,V,NA,NA,NA
PRM_0366,SKVILFLGWF,TCTAAAGTTATTCTGTTCTTGGGTTGGTTCTAA,ATT,CTG,4,5,TRUE,I,L,R,V,NA,NA,NA
PRM_0366,SKVILFLGWF,TCTAAAGTTATTCTTTTCTTGGGTTGGTTCTAA,ATT,CTT,4,5,TRUE,I,L,R,V,NA,NA,NA
PRM_0366,SKVIRFLGWF,TCTAAAGTTATTCGGTTCTTGGGTTGGTTCTAA,ATT,CGG,4,5,TRUE,I,R,R,V,NA,NA,NA
PRM_0366,SKVIRFLGWF,TCTAAAGTTATTCGTTTCTTGGGTTGGTTCTAA,ATT,CGT,4,5,TRUE,I,R,R,V,NA,NA,NA
PRM_0366,SKVIPFLGWF,TCTAAAGTTATTCCGTTCTTGGGTTGGTTCTAA,ATT,CCG,4,5,TRUE,I,P,R,V,NA,NA,NA
PRM_0366,SKVIPFLGWF,TCTAAAGTTATTCCTTTCTTGGGTTGGTTCTAA,ATT,CCT,4,5,TRUE,I,P,R,V,NA,NA,NA
PRM_0366,SKVRKFLGWF,TCTAAAGTTAGGAAGTTCTTGGGTTGGTTCTAA,AGG,AAG,4,5,FALSE,R,K,R,V,NA,NA,NA
PRM_0366,SKVRNFLGWF,TCTAAAGTTAGGAATTTCTTGGGTTGGTTCTAA,AGG,AAT,4,5,FALSE,R,N,R,V,NA,NA,NA
PRM_0366,SKVRMFLGWF,TCTAAAGTTAGGATGTTCTTGGGTTGGTTCTAA,AGG,ATG,4,5,FALSE,R,M,R,V,NA,NA,NA
PRM_0366,SKVRIFLGWF,TCTAAAGTTAGGATTTTCTTGGGTTGGTTCTAA,AGG,ATT,4,5,FALSE,R,I,R,V,NA,NA,NA
PRM_0366,SKVRRFLGWF,TCTAAAGTTAGGAGGTTCTTGGGTTGGTTCTAA,AGG,AGG,4,5,FALSE,R,R,R,V,NA,NA,NA
PRM_0366,SKVRSFLGWF,TCTAAAGTTAGGAGTTTCTTGGGTTGGTTCTAA,AGG,AGT,4,5,FALSE,R,S,R,V,NA,NA,NA
PRM_0366,SKVRTFLGWF,TCTAAAGTTAGGACGTTCTTGGGTTGGTTCTAA,AGG,ACG,4,5,FALSE,R,T,R,V,NA,NA,NA
PRM_0366,SKVRTFLGWF,TCTAAAGTTAGGACTTTCTTGGGTTGGTTCTAA,AGG,ACT,4,5,FALSE,R,T,R,V,NA,NA,NA
PRM_0366,SKVR*FLGWF,TCTAAAGTTAGGTAGTTCTTGGGTTGGTTCTAA,AGG,TAG,4,5,FALSE,R,*,R,V,NA,NA,NA
PRM_0366,SKVRYFLGWF,TCTAAAGTTAGGTATTTCTTGGGTTGGTTCTAA,AGG,TAT,4,5,FALSE,R,Y,R,V,NA,NA,NA
PRM_0366,SKVRLFLGWF,TCTAAAGTTAGGTTGTTCTTGGGTTGGTTCTAA,AGG,TTG,4,5,FALSE,R,L,R,V,NA,NA,NA
PRM_0366,SKVRFFLGWF,TCTAAAGTTAGGTTTTTCTTGGGTTGGTTCTAA,AGG,TTT,4,5,FALSE,R,F,R,V,NA,NA,NA
PRM_0366,SKVRWFLGWF,TCTAAAGTTAGGTGGTTCTTGGGTTGGTTCTAA,AGG,TGG,4,5,FALSE,R,W,R,V,NA,NA,NA
PRM_0366,SKVRCFLGWF,TCTAAAGTTAGGTGTTTCTTGGGTTGGTTCTAA,AGG,TGT,4,5,FALSE,R,C,R,V,NA,NA,NA
PRM_0366,SKVRSFLGWF,TCTAAAGTTAGGTCGTTCTTGGGTTGGTTCTAA,AGG,TCG,4,5,FALSE,R,S,R,V,NA,NA,NA
PRM_0366,SKVRSFLGWF,TCTAAAGTTAGGTCTTTCTTGGGTTGGTTCTAA,AGG,TCT,4,5,FALSE,R,S,R,V,NA,NA,NA
PRM_0366,SKVREFLGWF,TCTAAAGTTAGGGAGTTCTTGGGTTGGTTCTAA,AGG,GAG,4,5,FALSE,R,E,R,V,NA,NA,NA
PRM_0366,SKVRDFLGWF,TCTAAAGTTAGGGATTTCTTGGGTTGGTTCTAA,AGG,GAT,4,5,FALSE,R,D,R,V,NA,NA,NA
PRM_0366,SKVRVFLGWF,TCTAAAGTTAGGGTGTTCTTGGGTTGGTTCTAA,AGG,GTG,4,5,FALSE,R,V,R,V,NA,NA,NA
PRM_0366,SKVRVFLGWF,TCTAAAGTTAGGGTTTTCTTGGGTTGGTTCTAA,AGG,GTT,4,5,FALSE,R,V,R,V,NA,NA,NA
PRM_0366,SKVRGFLGWF,TCTAAAGTTAGGGGGTTCTTGGGTTGGTTCTAA,AGG,GGG,4,5,FALSE,R,G,R,V,NA,NA,NA
PRM_0366,SKVRGFLGWF,TCTAAAGTTAGGGGTTTCTTGGGTTGGTTCTAA,AGG,GGT,4,5,FALSE,R,G,R,V,NA,NA,NA
PRM_0366,SKVRAFLGWF,TCTAAAGTTAGGGCGTTCTTGGGTTGGTTCTAA,AGG,GCG,4,5,FALSE,R,A,R,V,NA,NA,NA
PRM_0366,SKVRAFLGWF,TCTAAAGTTAGGGCTTTCTTGGGTTGGTTCTAA,AGG,GCT,4,5,FALSE,R,A,R,V,NA,NA,NA
PRM_0366,SKVRQFLGWF,TCTAAAGTTAGGCAGTTCTTGGGTTGGTTCTAA,AGG,CAG,4,5,FALSE,R,Q,R,V,NA,NA,NA
PRM_0366,SKVRHFLGWF,TCTAAAGTTAGGCATTTCTTGGGTTGGTTCTAA,AGG,CAT,4,5,FALSE,R,H,R,V,NA,NA,NA
PRM_0366,SKVRLFLGWF,TCTAAAGTTAGGCTGTTCTTGGGTTGGTTCTAA,AGG,CTG,4,5,FALSE,R,L,R,V,NA,NA,NA
PRM_0366,SKVRLFLGWF,TCTAAAGTTAGGCTTTTCTTGGGTTGGTTCTAA,AGG,CTT,4,5,FALSE,R,L,R,V,NA,NA,NA
PRM_0366,SKVRRFLGWF,TCTAAAGTTAGGCGGTTCTTGGGTTGGTTCTAA,AGG,CGG,4,5,FALSE,R,R,R,V,NA,NA,NA
PRM_0366,SKVRRFLGWF,TCTAAAGTTAGGCGTTTCTTGGGTTGGTTCTAA,AGG,CGT,4,5,FALSE,R,R,R,V,NA,NA,NA
PRM_0366,SKVRPFLGWF,TCTAAAGTTAGGCCGTTCTTGGGTTGGTTCTAA,AGG,CCG,4,5,FALSE,R,P,R,V,NA,NA,NA
PRM_0366,SKVRPFLGWF,TCTAAAGTTAGGCCTTTCTTGGGTTGGTTCTAA,AGG,CCT,4,5,FALSE,R,P,R,V,NA,NA,NA
PRM_0366,SKVSKFLGWF,TCTAAAGTTAGTAAGTTCTTGGGTTGGTTCTAA,AGT,AAG,4,5,TRUE,S,K,R,V,NA,NA,NA
PRM_0366,SKVSNFLGWF,TCTAAAGTTAGTAATTTCTTGGGTTGGTTCTAA,AGT,AAT,4,5,TRUE,S,N,R,V,NA,NA,NA
PRM_0366,SKVSMFLGWF,TCTAAAGTTAGTATGTTCTTGGGTTGGTTCTAA,AGT,ATG,4,5,TRUE,S,M,R,V,NA,NA,NA
PRM_0366,SKVSIFLGWF,TCTAAAGTTAGTATTTTCTTGGGTTGGTTCTAA,AGT,ATT,4,5,TRUE,S,I,R,V,NA,NA,NA
PRM_0366,SKVSRFLGWF,TCTAAAGTTAGTAGGTTCTTGGGTTGGTTCTAA,AGT,AGG,4,5,TRUE,S,R,R,V,NA,NA,NA
PRM_0366,SKVSSFLGWF,TCTAAAGTTAGTAGTTTCTTGGGTTGGTTCTAA,AGT,AGT,4,5,TRUE,S,S,R,V,NA,NA,NA
PRM_0366,SKVSTFLGWF,TCTAAAGTTAGTACGTTCTTGGGTTGGTTCTAA,AGT,ACG,4,5,TRUE,S,T,R,V,NA,NA,NA
PRM_0366,SKVSTFLGWF,TCTAAAGTTAGTACTTTCTTGGGTTGGTTCTAA,AGT,ACT,4,5,TRUE,S,T,R,V,NA,NA,NA
PRM_0366,SKVS*FLGWF,TCTAAAGTTAGTTAGTTCTTGGGTTGGTTCTAA,AGT,TAG,4,5,TRUE,S,*,R,V,NA,NA,NA
PRM_0366,SKVSYFLGWF,TCTAAAGTTAGTTATTTCTTGGGTTGGTTCTAA,AGT,TAT,4,5,TRUE,S,Y,R,V,NA,NA,NA
PRM_0366,SKVSLFLGWF,TCTAAAGTTAGTTTGTTCTTGGGTTGGTTCTAA,AGT,TTG,4,5,TRUE,S,L,R,V,NA,NA,NA
PRM_0366,SKVSFFLGWF,TCTAAAGTTAGTTTTTTCTTGGGTTGGTTCTAA,AGT,TTT,4,5,TRUE,S,F,R,V,NA,NA,NA
PRM_0366,SKVSWFLGWF,TCTAAAGTTAGTTGGTTCTTGGGTTGGTTCTAA,AGT,TGG,4,5,TRUE,S,W,R,V,NA,NA,NA
PRM_0366,SKVSCFLGWF,TCTAAAGTTAGTTGTTTCTTGGGTTGGTTCTAA,AGT,TGT,4,5,TRUE,S,C,R,V,NA,NA,NA
PRM_0366,SKVSSFLGWF,TCTAAAGTTAGTTCGTTCTTGGGTTGGTTCTAA,AGT,TCG,4,5,TRUE,S,S,R,V,NA,NA,NA
PRM_0366,SKVSSFLGWF,TCTAAAGTTAGTTCTTTCTTGGGTTGGTTCTAA,AGT,TCT,4,5,TRUE,S,S,R,V,NA,NA,NA
PRM_0366,SKVSEFLGWF,TCTAAAGTTAGTGAGTTCTTGGGTTGGTTCTAA,AGT,GAG,4,5,TRUE,S,E,R,V,NA,NA,NA
PRM_0366,SKVSDFLGWF,TCTAAAGTTAGTGATTTCTTGGGTTGGTTCTAA,AGT,GAT,4,5,TRUE,S,D,R,V,NA,NA,NA
PRM_0366,SKVSVFLGWF,TCTAAAGTTAGTGTGTTCTTGGGTTGGTTCTAA,AGT,GTG,4,5,FALSE,S,V,R,V,NA,NA,NA
PRM_0366,SKVSVFLGWF,TCTAAAGTTAGTGTTTTCTTGGGTTGGTTCTAA,AGT,GTT,4,5,FALSE,S,V,R,V,NA,NA,NA
PRM_0366,SKVSGFLGWF,TCTAAAGTTAGTGGGTTCTTGGGTTGGTTCTAA,AGT,GGG,4,5,TRUE,S,G,R,V,NA,NA,NA
PRM_0366,SKVSGFLGWF,TCTAAAGTTAGTGGTTTCTTGGGTTGGTTCTAA,AGT,GGT,4,5,TRUE,S,G,R,V,NA,NA,NA
PRM_0366,SKVSAFLGWF,TCTAAAGTTAGTGCGTTCTTGGGTTGGTTCTAA,AGT,GCG,4,5,TRUE,S,A,R,V,NA,NA,NA
PRM_0366,SKVSAFLGWF,TCTAAAGTTAGTGCTTTCTTGGGTTGGTTCTAA,AGT,GCT,4,5,TRUE,S,A,R,V,NA,NA,NA
PRM_0366,SKVSQFLGWF,TCTAAAGTTAGTCAGTTCTTGGGTTGGTTCTAA,AGT,CAG,4,5,TRUE,S,Q,R,V,NA,NA,NA
PRM_0366,SKVSHFLGWF,TCTAAAGTTAGTCATTTCTTGGGTTGGTTCTAA,AGT,CAT,4,5,TRUE,S,H,R,V,NA,NA,NA
PRM_0366,SKVSLFLGWF,TCTAAAGTTAGTCTGTTCTTGGGTTGGTTCTAA,AGT,CTG,4,5,TRUE,S,L,R,V,NA,NA,NA
PRM_0366,SKVSLFLGWF,TCTAAAGTTAGTCTTTTCTTGGGTTGGTTCTAA,AGT,CTT,4,5,TRUE,S,L,R,V,NA,NA,NA
PRM_0366,SKVSRFLGWF,TCTAAAGTTAGTCGGTTCTTGGGTTGGTTCTAA,AGT,CGG,4,5,TRUE,S,R,R,V,NA,NA,NA
PRM_0366,SKVSRFLGWF,TCTAAAGTTAGTCGTTTCTTGGGTTGGTTCTAA,AGT,CGT,4,5,TRUE,S,R,R,V,NA,NA,NA
PRM_0366,SKVSPFLGWF,TCTAAAGTTAGTCCGTTCTTGGGTTGGTTCTAA,AGT,CCG,4,5,TRUE,S,P,R,V,NA,NA,NA
PRM_0366,SKVSPFLGWF,TCTAAAGTTAGTCCTTTCTTGGGTTGGTTCTAA,AGT,CCT,4,5,TRUE,S,P,R,V,NA,NA,NA
PRM_0366,SKVTKFLGWF,TCTAAAGTTACGAAGTTCTTGGGTTGGTTCTAA,ACG,AAG,4,5,TRUE,T,K,R,V,NA,NA,NA
PRM_0366,SKVTNFLGWF,TCTAAAGTTACGAATTTCTTGGGTTGGTTCTAA,ACG,AAT,4,5,TRUE,T,N,R,V,NA,NA,NA
PRM_0366,SKVTMFLGWF,TCTAAAGTTACGATGTTCTTGGGTTGGTTCTAA,ACG,ATG,4,5,TRUE,T,M,R,V,NA,NA,NA
PRM_0366,SKVTIFLGWF,TCTAAAGTTACGATTTTCTTGGGTTGGTTCTAA,ACG,ATT,4,5,TRUE,T,I,R,V,NA,NA,NA
PRM_0366,SKVTRFLGWF,TCTAAAGTTACGAGGTTCTTGGGTTGGTTCTAA,ACG,AGG,4,5,TRUE,T,R,R,V,NA,NA,NA
PRM_0366,SKVTSFLGWF,TCTAAAGTTACGAGTTTCTTGGGTTGGTTCTAA,ACG,AGT,4,5,TRUE,T,S,R,V,NA,NA,NA
PRM_0366,SKVTTFLGWF,TCTAAAGTTACGACGTTCTTGGGTTGGTTCTAA,ACG,ACG,4,5,TRUE,T,T,R,V,NA,NA,NA
PRM_0366,SKVTTFLGWF,TCTAAAGTTACGACTTTCTTGGGTTGGTTCTAA,ACG,ACT,4,5,TRUE,T,T,R,V,NA,NA,NA
PRM_0366,SKVT*FLGWF,TCTAAAGTTACGTAGTTCTTGGGTTGGTTCTAA,ACG,TAG,4,5,TRUE,T,*,R,V,NA,NA,NA
PRM_0366,SKVTYFLGWF,TCTAAAGTTACGTATTTCTTGGGTTGGTTCTAA,ACG,TAT,4,5,TRUE,T,Y,R,V,NA,NA,NA
PRM_0366,SKVTLFLGWF,TCTAAAGTTACGTTGTTCTTGGGTTGGTTCTAA,ACG,TTG,4,5,TRUE,T,L,R,V,NA,NA,NA
PRM_0366,SKVTFFLGWF,TCTAAAGTTACGTTTTTCTTGGGTTGGTTCTAA,ACG,TTT,4,5,TRUE,T,F,R,V,NA,NA,NA
PRM_0366,SKVTWFLGWF,TCTAAAGTTACGTGGTTCTTGGGTTGGTTCTAA,ACG,TGG,4,5,TRUE,T,W,R,V,NA,NA,NA
PRM_0366,SKVTCFLGWF,TCTAAAGTTACGTGTTTCTTGGGTTGGTTCTAA,ACG,TGT,4,5,TRUE,T,C,R,V,NA,NA,NA
PRM_0366,SKVTSFLGWF,TCTAAAGTTACGTCGTTCTTGGGTTGGTTCTAA,ACG,TCG,4,5,TRUE,T,S,R,V,NA,NA,NA
PRM_0366,SKVTSFLGWF,TCTAAAGTTACGTCTTTCTTGGGTTGGTTCTAA,ACG,TCT,4,5,TRUE,T,S,R,V,NA,NA,NA
PRM_0366,SKVTEFLGWF,TCTAAAGTTACGGAGTTCTTGGGTTGGTTCTAA,ACG,GAG,4,5,TRUE,T,E,R,V,NA,NA,NA
PRM_0366,SKVTDFLGWF,TCTAAAGTTACGGATTTCTTGGGTTGGTTCTAA,ACG,GAT,4,5,TRUE,T,D,R,V,NA,NA,NA
PRM_0366,SKVTVFLGWF,TCTAAAGTTACGGTGTTCTTGGGTTGGTTCTAA,ACG,GTG,4,5,FALSE,T,V,R,V,NA,NA,NA
PRM_0366,SKVTVFLGWF,TCTAAAGTTACGGTTTTCTTGGGTTGGTTCTAA,ACG,GTT,4,5,FALSE,T,V,R,V,NA,NA,NA
PRM_0366,SKVTGFLGWF,TCTAAAGTTACGGGGTTCTTGGGTTGGTTCTAA,ACG,GGG,4,5,TRUE,T,G,R,V,NA,NA,NA
PRM_0366,SKVTGFLGWF,TCTAAAGTTACGGGTTTCTTGGGTTGGTTCTAA,ACG,GGT,4,5,TRUE,T,G,R,V,NA,NA,NA
PRM_0366,SKVTAFLGWF,TCTAAAGTTACGGCGTTCTTGGGTTGGTTCTAA,ACG,GCG,4,5,TRUE,T,A,R,V,NA,NA,NA
PRM_0366,SKVTAFLGWF,TCTAAAGTTACGGCTTTCTTGGGTTGGTTCTAA,ACG,GCT,4,5,TRUE,T,A,R,V,NA,NA,NA
PRM_0366,SKVTQFLGWF,TCTAAAGTTACGCAGTTCTTGGGTTGGTTCTAA,ACG,CAG,4,5,TRUE,T,Q,R,V,NA,NA,NA
PRM_0366,SKVTHFLGWF,TCTAAAGTTACGCATTTCTTGGGTTGGTTCTAA,ACG,CAT,4,5,TRUE,T,H,R,V,NA,NA,NA
PRM_0366,SKVTLFLGWF,TCTAAAGTTACGCTGTTCTTGGGTTGGTTCTAA,ACG,CTG,4,5,TRUE,T,L,R,V,NA,NA,NA
PRM_0366,SKVTLFLGWF,TCTAAAGTTACGCTTTTCTTGGGTTGGTTCTAA,ACG,CTT,4,5,TRUE,T,L,R,V,NA,NA,NA
PRM_0366,SKVTRFLGWF,TCTAAAGTTACGCGGTTCTTGGGTTGGTTCTAA,ACG,CGG,4,5,TRUE,T,R,R,V,NA,NA,NA
PRM_0366,SKVTRFLGWF,TCTAAAGTTACGCGTTTCTTGGGTTGGTTCTAA,ACG,CGT,4,5,TRUE,T,R,R,V,NA,NA,NA
PRM_0366,SKVTPFLGWF,TCTAAAGTTACGCCGTTCTTGGGTTGGTTCTAA,ACG,CCG,4,5,TRUE,T,P,R,V,NA,NA,NA
PRM_0366,SKVTPFLGWF,TCTAAAGTTACGCCTTTCTTGGGTTGGTTCTAA,ACG,CCT,4,5,TRUE,T,P,R,V,NA,NA,NA
PRM_0366,SKVTKFLGWF,TCTAAAGTTACTAAGTTCTTGGGTTGGTTCTAA,ACT,AAG,4,5,TRUE,T,K,R,V,NA,NA,NA
PRM_0366,SKVTNFLGWF,TCTAAAGTTACTAATTTCTTGGGTTGGTTCTAA,ACT,AAT,4,5,TRUE,T,N,R,V,NA,NA,NA
PRM_0366,SKVTMFLGWF,TCTAAAGTTACTATGTTCTTGGGTTGGTTCTAA,ACT,ATG,4,5,TRUE,T,M,R,V,NA,NA,NA
PRM_0366,SKVTIFLGWF,TCTAAAGTTACTATTTTCTTGGGTTGGTTCTAA,ACT,ATT,4,5,TRUE,T,I,R,V,NA,NA,NA
PRM_0366,SKVTRFLGWF,TCTAAAGTTACTAGGTTCTTGGGTTGGTTCTAA,ACT,AGG,4,5,TRUE,T,R,R,V,NA,NA,NA
PRM_0366,SKVTSFLGWF,TCTAAAGTTACTAGTTTCTTGGGTTGGTTCTAA,ACT,AGT,4,5,TRUE,T,S,R,V,NA,NA,NA
PRM_0366,SKVTTFLGWF,TCTAAAGTTACTACGTTCTTGGGTTGGTTCTAA,ACT,ACG,4,5,TRUE,T,T,R,V,NA,NA,NA
PRM_0366,SKVTTFLGWF,TCTAAAGTTACTACTTTCTTGGGTTGGTTCTAA,ACT,ACT,4,5,TRUE,T,T,R,V,NA,NA,NA
PRM_0366,SKVT*FLGWF,TCTAAAGTTACTTAGTTCTTGGGTTGGTTCTAA,ACT,TAG,4,5,TRUE,T,*,R,V,NA,NA,NA
PRM_0366,SKVTYFLGWF,TCTAAAGTTACTTATTTCTTGGGTTGGTTCTAA,ACT,TAT,4,5,TRUE,T,Y,R,V,NA,NA,NA
PRM_0366,SKVTLFLGWF,TCTAAAGTTACTTTGTTCTTGGGTTGGTTCTAA,ACT,TTG,4,5,TRUE,T,L,R,V,NA,NA,NA
PRM_0366,SKVTFFLGWF,TCTAAAGTTACTTTTTTCTTGGGTTGGTTCTAA,ACT,TTT,4,5,TRUE,T,F,R,V,NA,NA,NA
PRM_0366,SKVTWFLGWF,TCTAAAGTTACTTGGTTCTTGGGTTGGTTCTAA,ACT,TGG,4,5,TRUE,T,W,R,V,NA,NA,NA
PRM_0366,SKVTCFLGWF,TCTAAAGTTACTTGTTTCTTGGGTTGGTTCTAA,ACT,TGT,4,5,TRUE,T,C,R,V,NA,NA,NA
PRM_0366,SKVTSFLGWF,TCTAAAGTTACTTCGTTCTTGGGTTGGTTCTAA,ACT,TCG,4,5,TRUE,T,S,R,V,NA,NA,NA
PRM_0366,SKVTSFLGWF,TCTAAAGTTACTTCTTTCTTGGGTTGGTTCTAA,ACT,TCT,4,5,TRUE,T,S,R,V,NA,NA,NA
PRM_0366,SKVTEFLGWF,TCTAAAGTTACTGAGTTCTTGGGTTGGTTCTAA,ACT,GAG,4,5,TRUE,T,E,R,V,NA,NA,NA
PRM_0366,SKVTDFLGWF,TCTAAAGTTACTGATTTCTTGGGTTGGTTCTAA,ACT,GAT,4,5,TRUE,T,D,R,V,NA,NA,NA
PRM_0366,SKVTVFLGWF,TCTAAAGTTACTGTGTTCTTGGGTTGGTTCTAA,ACT,GTG,4,5,FALSE,T,V,R,V,NA,NA,NA
PRM_0366,SKVTVFLGWF,TCTAAAGTTACTGTTTTCTTGGGTTGGTTCTAA,ACT,GTT,4,5,FALSE,T,V,R,V,NA,NA,NA
PRM_0366,SKVTGFLGWF,TCTAAAGTTACTGGGTTCTTGGGTTGGTTCTAA,ACT,GGG,4,5,TRUE,T,G,R,V,NA,NA,NA
PRM_0366,SKVTGFLGWF,TCTAAAGTTACTGGTTTCTTGGGTTGGTTCTAA,ACT,GGT,4,5,TRUE,T,G,R,V,NA,NA,NA
PRM_0366,SKVTAFLGWF,TCTAAAGTTACTGCGTTCTTGGGTTGGTTCTAA,ACT,GCG,4,5,TRUE,T,A,R,V,NA,NA,NA
PRM_0366,SKVTAFLGWF,TCTAAAGTTACTGCTTTCTTGGGTTGGTTCTAA,ACT,GCT,4,5,TRUE,T,A,R,V,NA,NA,NA
PRM_0366,SKVTQFLGWF,TCTAAAGTTACTCAGTTCTTGGGTTGGTTCTAA,ACT,CAG,4,5,TRUE,T,Q,R,V,NA,NA,NA
PRM_0366,SKVTHFLGWF,TCTAAAGTTACTCATTTCTTGGGTTGGTTCTAA,ACT,CAT,4,5,TRUE,T,H,R,V,NA,NA,NA
PRM_0366,SKVTLFLGWF,TCTAAAGTTACTCTGTTCTTGGGTTGGTTCTAA,ACT,CTG,4,5,TRUE,T,L,R,V,NA,NA,NA
PRM_0366,SKVTLFLGWF,TCTAAAGTTACTCTTTTCTTGGGTTGGTTCTAA,ACT,CTT,4,5,TRUE,T,L,R,V,NA,NA,NA
PRM_0366,SKVTRFLGWF,TCTAAAGTTACTCGGTTCTTGGGTTGGTTCTAA,ACT,CGG,4,5,TRUE,T,R,R,V,NA,NA,NA
PRM_0366,SKVTRFLGWF,TCTAAAGTTACTCGTTTCTTGGGTTGGTTCTAA,ACT,CGT,4,5,TRUE,T,R,R,V,NA,NA,NA
PRM_0366,SKVTPFLGWF,TCTAAAGTTACTCCGTTCTTGGGTTGGTTCTAA,ACT,CCG,4,5,TRUE,T,P,R,V,NA,NA,NA
PRM_0366,SKVTPFLGWF,TCTAAAGTTACTCCTTTCTTGGGTTGGTTCTAA,ACT,CCT,4,5,TRUE,T,P,R,V,NA,NA,NA
PRM_0366,SKV*KFLGWF,TCTAAAGTTTAGAAGTTCTTGGGTTGGTTCTAA,TAG,AAG,4,5,TRUE,*,K,R,V,NA,NA,NA
PRM_0366,SKV*NFLGWF,TCTAAAGTTTAGAATTTCTTGGGTTGGTTCTAA,TAG,AAT,4,5,TRUE,*,N,R,V,NA,NA,NA
PRM_0366,SKV*MFLGWF,TCTAAAGTTTAGATGTTCTTGGGTTGGTTCTAA,TAG,ATG,4,5,TRUE,*,M,R,V,NA,NA,NA
PRM_0366,SKV*IFLGWF,TCTAAAGTTTAGATTTTCTTGGGTTGGTTCTAA,TAG,ATT,4,5,TRUE,*,I,R,V,NA,NA,NA
PRM_0366,SKV*RFLGWF,TCTAAAGTTTAGAGGTTCTTGGGTTGGTTCTAA,TAG,AGG,4,5,TRUE,*,R,R,V,NA,NA,NA
PRM_0366,SKV*SFLGWF,TCTAAAGTTTAGAGTTTCTTGGGTTGGTTCTAA,TAG,AGT,4,5,TRUE,*,S,R,V,NA,NA,NA
PRM_0366,SKV*TFLGWF,TCTAAAGTTTAGACGTTCTTGGGTTGGTTCTAA,TAG,ACG,4,5,TRUE,*,T,R,V,NA,NA,NA
PRM_0366,SKV*TFLGWF,TCTAAAGTTTAGACTTTCTTGGGTTGGTTCTAA,TAG,ACT,4,5,TRUE,*,T,R,V,NA,NA,NA
PRM_0366,SKV**FLGWF,TCTAAAGTTTAGTAGTTCTTGGGTTGGTTCTAA,TAG,TAG,4,5,TRUE,*,*,R,V,NA,NA,NA
PRM_0366,SKV*YFLGWF,TCTAAAGTTTAGTATTTCTTGGGTTGGTTCTAA,TAG,TAT,4,5,TRUE,*,Y,R,V,NA,NA,NA
PRM_0366,SKV*LFLGWF,TCTAAAGTTTAGTTGTTCTTGGGTTGGTTCTAA,TAG,TTG,4,5,TRUE,*,L,R,V,NA,NA,NA
PRM_0366,SKV*FFLGWF,TCTAAAGTTTAGTTTTTCTTGGGTTGGTTCTAA,TAG,TTT,4,5,TRUE,*,F,R,V,NA,NA,NA
PRM_0366,SKV*WFLGWF,TCTAAAGTTTAGTGGTTCTTGGGTTGGTTCTAA,TAG,TGG,4,5,TRUE,*,W,R,V,NA,NA,NA
PRM_0366,SKV*CFLGWF,TCTAAAGTTTAGTGTTTCTTGGGTTGGTTCTAA,TAG,TGT,4,5,TRUE,*,C,R,V,NA,NA,NA
PRM_0366,SKV*SFLGWF,TCTAAAGTTTAGTCGTTCTTGGGTTGGTTCTAA,TAG,TCG,4,5,TRUE,*,S,R,V,NA,NA,NA
PRM_0366,SKV*SFLGWF,TCTAAAGTTTAGTCTTTCTTGGGTTGGTTCTAA,TAG,TCT,4,5,TRUE,*,S,R,V,NA,NA,NA
PRM_0366,SKV*EFLGWF,TCTAAAGTTTAGGAGTTCTTGGGTTGGTTCTAA,TAG,GAG,4,5,TRUE,*,E,R,V,NA,NA,NA
PRM_0366,SKV*DFLGWF,TCTAAAGTTTAGGATTTCTTGGGTTGGTTCTAA,TAG,GAT,4,5,TRUE,*,D,R,V,NA,NA,NA
PRM_0366,SKV*VFLGWF,TCTAAAGTTTAGGTGTTCTTGGGTTGGTTCTAA,TAG,GTG,4,5,FALSE,*,V,R,V,NA,NA,NA
PRM_0366,SKV*VFLGWF,TCTAAAGTTTAGGTTTTCTTGGGTTGGTTCTAA,TAG,GTT,4,5,FALSE,*,V,R,V,NA,NA,NA
PRM_0366,SKV*GFLGWF,TCTAAAGTTTAGGGGTTCTTGGGTTGGTTCTAA,TAG,GGG,4,5,TRUE,*,G,R,V,NA,NA,NA
PRM_0366,SKV*GFLGWF,TCTAAAGTTTAGGGTTTCTTGGGTTGGTTCTAA,TAG,GGT,4,5,TRUE,*,G,R,V,NA,NA,NA
PRM_0366,SKV*AFLGWF,TCTAAAGTTTAGGCGTTCTTGGGTTGGTTCTAA,TAG,GCG,4,5,TRUE,*,A,R,V,NA,NA,NA
PRM_0366,SKV*AFLGWF,TCTAAAGTTTAGGCTTTCTTGGGTTGGTTCTAA,TAG,GCT,4,5,TRUE,*,A,R,V,NA,NA,NA
PRM_0366,SKV*QFLGWF,TCTAAAGTTTAGCAGTTCTTGGGTTGGTTCTAA,TAG,CAG,4,5,TRUE,*,Q,R,V,NA,NA,NA
PRM_0366,SKV*HFLGWF,TCTAAAGTTTAGCATTTCTTGGGTTGGTTCTAA,TAG,CAT,4,5,TRUE,*,H,R,V,NA,NA,NA
PRM_0366,SKV*LFLGWF,TCTAAAGTTTAGCTGTTCTTGGGTTGGTTCTAA,TAG,CTG,4,5,TRUE,*,L,R,V,NA,NA,NA
PRM_0366,SKV*LFLGWF,TCTAAAGTTTAGCTTTTCTTGGGTTGGTTCTAA,TAG,CTT,4,5,TRUE,*,L,R,V,NA,NA,NA
PRM_0366,SKV*RFLGWF,TCTAAAGTTTAGCGGTTCTTGGGTTGGTTCTAA,TAG,CGG,4,5,TRUE,*,R,R,V,NA,NA,NA
PRM_0366,SKV*RFLGWF,TCTAAAGTTTAGCGTTTCTTGGGTTGGTTCTAA,TAG,CGT,4,5,TRUE,*,R,R,V,NA,NA,NA
PRM_0366,SKV*PFLGWF,TCTAAAGTTTAGCCGTTCTTGGGTTGGTTCTAA,TAG,CCG,4,5,TRUE,*,P,R,V,NA,NA,NA
PRM_0366,SKV*PFLGWF,TCTAAAGTTTAGCCTTTCTTGGGTTGGTTCTAA,TAG,CCT,4,5,TRUE,*,P,R,V,NA,NA,NA
PRM_0366,SKVYKFLGWF,TCTAAAGTTTATAAGTTCTTGGGTTGGTTCTAA,TAT,AAG,4,5,TRUE,Y,K,R,V,NA,NA,NA
PRM_0366,SKVYNFLGWF,TCTAAAGTTTATAATTTCTTGGGTTGGTTCTAA,TAT,AAT,4,5,TRUE,Y,N,R,V,NA,NA,NA
PRM_0366,SKVYMFLGWF,TCTAAAGTTTATATGTTCTTGGGTTGGTTCTAA,TAT,ATG,4,5,TRUE,Y,M,R,V,NA,NA,NA
PRM_0366,SKVYIFLGWF,TCTAAAGTTTATATTTTCTTGGGTTGGTTCTAA,TAT,ATT,4,5,TRUE,Y,I,R,V,NA,NA,NA
PRM_0366,SKVYRFLGWF,TCTAAAGTTTATAGGTTCTTGGGTTGGTTCTAA,TAT,AGG,4,5,TRUE,Y,R,R,V,NA,NA,NA
PRM_0366,SKVYSFLGWF,TCTAAAGTTTATAGTTTCTTGGGTTGGTTCTAA,TAT,AGT,4,5,TRUE,Y,S,R,V,NA,NA,NA
PRM_0366,SKVYTFLGWF,TCTAAAGTTTATACGTTCTTGGGTTGGTTCTAA,TAT,ACG,4,5,TRUE,Y,T,R,V,NA,NA,NA
PRM_0366,SKVYTFLGWF,TCTAAAGTTTATACTTTCTTGGGTTGGTTCTAA,TAT,ACT,4,5,TRUE,Y,T,R,V,NA,NA,NA
PRM_0366,SKVY*FLGWF,TCTAAAGTTTATTAGTTCTTGGGTTGGTTCTAA,TAT,TAG,4,5,TRUE,Y,*,R,V,NA,NA,NA
PRM_0366,SKVYYFLGWF,TCTAAAGTTTATTATTTCTTGGGTTGGTTCTAA,TAT,TAT,4,5,TRUE,Y,Y,R,V,NA,NA,NA
PRM_0366,SKVYLFLGWF,TCTAAAGTTTATTTGTTCTTGGGTTGGTTCTAA,TAT,TTG,4,5,TRUE,Y,L,R,V,NA,NA,NA
PRM_0366,SKVYFFLGWF,TCTAAAGTTTATTTTTTCTTGGGTTGGTTCTAA,TAT,TTT,4,5,TRUE,Y,F,R,V,NA,NA,NA
PRM_0366,SKVYWFLGWF,TCTAAAGTTTATTGGTTCTTGGGTTGGTTCTAA,TAT,TGG,4,5,TRUE,Y,W,R,V,NA,NA,NA
PRM_0366,SKVYCFLGWF,TCTAAAGTTTATTGTTTCTTGGGTTGGTTCTAA,TAT,TGT,4,5,TRUE,Y,C,R,V,NA,NA,NA
PRM_0366,SKVYSFLGWF,TCTAAAGTTTATTCGTTCTTGGGTTGGTTCTAA,TAT,TCG,4,5,TRUE,Y,S,R,V,NA,NA,NA
PRM_0366,SKVYSFLGWF,TCTAAAGTTTATTCTTTCTTGGGTTGGTTCTAA,TAT,TCT,4,5,TRUE,Y,S,R,V,NA,NA,NA
PRM_0366,SKVYEFLGWF,TCTAAAGTTTATGAGTTCTTGGGTTGGTTCTAA,TAT,GAG,4,5,TRUE,Y,E,R,V,NA,NA,NA
PRM_0366,SKVYDFLGWF,TCTAAAGTTTATGATTTCTTGGGTTGGTTCTAA,TAT,GAT,4,5,TRUE,Y,D,R,V,NA,NA,NA
PRM_0366,SKVYVFLGWF,TCTAAAGTTTATGTGTTCTTGGGTTGGTTCTAA,TAT,GTG,4,5,FALSE,Y,V,R,V,NA,NA,NA
PRM_0366,SKVYVFLGWF,TCTAAAGTTTATGTTTTCTTGGGTTGGTTCTAA,TAT,GTT,4,5,FALSE,Y,V,R,V,NA,NA,NA
PRM_0366,SKVYGFLGWF,TCTAAAGTTTATGGGTTCTTGGGTTGGTTCTAA,TAT,GGG,4,5,TRUE,Y,G,R,V,NA,NA,NA
PRM_0366,SKVYGFLGWF,TCTAAAGTTTATGGTTTCTTGGGTTGGTTCTAA,TAT,GGT,4,5,TRUE,Y,G,R,V,NA,NA,NA
PRM_0366,SKVYAFLGWF,TCTAAAGTTTATGCGTTCTTGGGTTGGTTCTAA,TAT,GCG,4,5,TRUE,Y,A,R,V,NA,NA,NA
PRM_0366,SKVYAFLGWF,TCTAAAGTTTATGCTTTCTTGGGTTGGTTCTAA,TAT,GCT,4,5,TRUE,Y,A,R,V,NA,NA,NA
PRM_0366,SKVYQFLGWF,TCTAAAGTTTATCAGTTCTTGGGTTGGTTCTAA,TAT,CAG,4,5,TRUE,Y,Q,R,V,NA,NA,NA
PRM_0366,SKVYHFLGWF,TCTAAAGTTTATCATTTCTTGGGTTGGTTCTAA,TAT,CAT,4,5,TRUE,Y,H,R,V,NA,NA,NA
PRM_0366,SKVYLFLGWF,TCTAAAGTTTATCTGTTCTTGGGTTGGTTCTAA,TAT,CTG,4,5,TRUE,Y,L,R,V,NA,NA,NA
PRM_0366,SKVYLFLGWF,TCTAAAGTTTATCTTTTCTTGGGTTGGTTCTAA,TAT,CTT,4,5,TRUE,Y,L,R,V,NA,NA,NA
PRM_0366,SKVYRFLGWF,TCTAAAGTTTATCGGTTCTTGGGTTGGTTCTAA,TAT,CGG,4,5,TRUE,Y,R,R,V,NA,NA,NA
PRM_0366,SKVYRFLGWF,TCTAAAGTTTATCGTTTCTTGGGTTGGTTCTAA,TAT,CGT,4,5,TRUE,Y,R,R,V,NA,NA,NA
PRM_0366,SKVYPFLGWF,TCTAAAGTTTATCCGTTCTTGGGTTGGTTCTAA,TAT,CCG,4,5,TRUE,Y,P,R,V,NA,NA,NA
PRM_0366,SKVYPFLGWF,TCTAAAGTTTATCCTTTCTTGGGTTGGTTCTAA,TAT,CCT,4,5,TRUE,Y,P,R,V,NA,NA,NA
PRM_0366,SKVLKFLGWF,TCTAAAGTTTTGAAGTTCTTGGGTTGGTTCTAA,TTG,AAG,4,5,TRUE,L,K,R,V,NA,NA,NA
PRM_0366,SKVLNFLGWF,TCTAAAGTTTTGAATTTCTTGGGTTGGTTCTAA,TTG,AAT,4,5,TRUE,L,N,R,V,NA,NA,NA
PRM_0366,SKVLMFLGWF,TCTAAAGTTTTGATGTTCTTGGGTTGGTTCTAA,TTG,ATG,4,5,TRUE,L,M,R,V,NA,NA,NA
PRM_0366,SKVLIFLGWF,TCTAAAGTTTTGATTTTCTTGGGTTGGTTCTAA,TTG,ATT,4,5,TRUE,L,I,R,V,NA,NA,NA
PRM_0366,SKVLRFLGWF,TCTAAAGTTTTGAGGTTCTTGGGTTGGTTCTAA,TTG,AGG,4,5,TRUE,L,R,R,V,NA,NA,NA
PRM_0366,SKVLSFLGWF,TCTAAAGTTTTGAGTTTCTTGGGTTGGTTCTAA,TTG,AGT,4,5,TRUE,L,S,R,V,NA,NA,NA
PRM_0366,SKVLTFLGWF,TCTAAAGTTTTGACGTTCTTGGGTTGGTTCTAA,TTG,ACG,4,5,TRUE,L,T,R,V,NA,NA,NA
PRM_0366,SKVLTFLGWF,TCTAAAGTTTTGACTTTCTTGGGTTGGTTCTAA,TTG,ACT,4,5,TRUE,L,T,R,V,NA,NA,NA
PRM_0366,SKVL*FLGWF,TCTAAAGTTTTGTAGTTCTTGGGTTGGTTCTAA,TTG,TAG,4,5,TRUE,L,*,R,V,NA,NA,NA
PRM_0366,SKVLYFLGWF,TCTAAAGTTTTGTATTTCTTGGGTTGGTTCTAA,TTG,TAT,4,5,TRUE,L,Y,R,V,NA,NA,NA
PRM_0366,SKVLLFLGWF,TCTAAAGTTTTGTTGTTCTTGGGTTGGTTCTAA,TTG,TTG,4,5,TRUE,L,L,R,V,NA,NA,NA
PRM_0366,SKVLFFLGWF,TCTAAAGTTTTGTTTTTCTTGGGTTGGTTCTAA,TTG,TTT,4,5,TRUE,L,F,R,V,NA,NA,NA
PRM_0366,SKVLWFLGWF,TCTAAAGTTTTGTGGTTCTTGGGTTGGTTCTAA,TTG,TGG,4,5,TRUE,L,W,R,V,NA,NA,NA
PRM_0366,SKVLCFLGWF,TCTAAAGTTTTGTGTTTCTTGGGTTGGTTCTAA,TTG,TGT,4,5,TRUE,L,C,R,V,NA,NA,NA
PRM_0366,SKVLSFLGWF,TCTAAAGTTTTGTCGTTCTTGGGTTGGTTCTAA,TTG,TCG,4,5,TRUE,L,S,R,V,NA,NA,NA
PRM_0366,SKVLSFLGWF,TCTAAAGTTTTGTCTTTCTTGGGTTGGTTCTAA,TTG,TCT,4,5,TRUE,L,S,R,V,NA,NA,NA
PRM_0366,SKVLEFLGWF,TCTAAAGTTTTGGAGTTCTTGGGTTGGTTCTAA,TTG,GAG,4,5,TRUE,L,E,R,V,NA,NA,NA
PRM_0366,SKVLDFLGWF,TCTAAAGTTTTGGATTTCTTGGGTTGGTTCTAA,TTG,GAT,4,5,TRUE,L,D,R,V,NA,NA,NA
PRM_0366,SKVLVFLGWF,TCTAAAGTTTTGGTGTTCTTGGGTTGGTTCTAA,TTG,GTG,4,5,FALSE,L,V,R,V,NA,NA,NA
PRM_0366,SKVLVFLGWF,TCTAAAGTTTTGGTTTTCTTGGGTTGGTTCTAA,TTG,GTT,4,5,FALSE,L,V,R,V,NA,NA,NA
PRM_0366,SKVLGFLGWF,TCTAAAGTTTTGGGGTTCTTGGGTTGGTTCTAA,TTG,GGG,4,5,TRUE,L,G,R,V,NA,NA,NA
PRM_0366,SKVLGFLGWF,TCTAAAGTTTTGGGTTTCTTGGGTTGGTTCTAA,TTG,GGT,4,5,TRUE,L,G,R,V,NA,NA,NA
PRM_0366,SKVLAFLGWF,TCTAAAGTTTTGGCGTTCTTGGGTTGGTTCTAA,TTG,GCG,4,5,TRUE,L,A,R,V,NA,NA,NA
PRM_0366,SKVLAFLGWF,TCTAAAGTTTTGGCTTTCTTGGGTTGGTTCTAA,TTG,GCT,4,5,TRUE,L,A,R,V,NA,NA,NA
PRM_0366,SKVLQFLGWF,TCTAAAGTTTTGCAGTTCTTGGGTTGGTTCTAA,TTG,CAG,4,5,TRUE,L,Q,R,V,NA,NA,NA
PRM_0366,SKVLHFLGWF,TCTAAAGTTTTGCATTTCTTGGGTTGGTTCTAA,TTG,CAT,4,5,TRUE,L,H,R,V,NA,NA,NA
PRM_0366,SKVLLFLGWF,TCTAAAGTTTTGCTGTTCTTGGGTTGGTTCTAA,TTG,CTG,4,5,TRUE,L,L,R,V,NA,NA,NA
PRM_0366,SKVLLFLGWF,TCTAAAGTTTTGCTTTTCTTGGGTTGGTTCTAA,TTG,CTT,4,5,TRUE,L,L,R,V,NA,NA,NA
PRM_0366,SKVLRFLGWF,TCTAAAGTTTTGCGGTTCTTGGGTTGGTTCTAA,TTG,CGG,4,5,TRUE,L,R,R,V,NA,NA,NA
PRM_0366,SKVLRFLGWF,TCTAAAGTTTTGCGTTTCTTGGGTTGGTTCTAA,TTG,CGT,4,5,TRUE,L,R,R,V,NA,NA,NA
PRM_0366,SKVLPFLGWF,TCTAAAGTTTTGCCGTTCTTGGGTTGGTTCTAA,TTG,CCG,4,5,TRUE,L,P,R,V,NA,NA,NA
PRM_0366,SKVLPFLGWF,TCTAAAGTTTTGCCTTTCTTGGGTTGGTTCTAA,TTG,CCT,4,5,TRUE,L,P,R,V,NA,NA,NA
PRM_0366,SKVFKFLGWF,TCTAAAGTTTTTAAGTTCTTGGGTTGGTTCTAA,TTT,AAG,4,5,TRUE,F,K,R,V,NA,NA,NA
PRM_0366,SKVFNFLGWF,TCTAAAGTTTTTAATTTCTTGGGTTGGTTCTAA,TTT,AAT,4,5,TRUE,F,N,R,V,NA,NA,NA
PRM_0366,SKVFMFLGWF,TCTAAAGTTTTTATGTTCTTGGGTTGGTTCTAA,TTT,ATG,4,5,TRUE,F,M,R,V,NA,NA,NA
PRM_0366,SKVFIFLGWF,TCTAAAGTTTTTATTTTCTTGGGTTGGTTCTAA,TTT,ATT,4,5,TRUE,F,I,R,V,NA,NA,NA
PRM_0366,SKVFRFLGWF,TCTAAAGTTTTTAGGTTCTTGGGTTGGTTCTAA,TTT,AGG,4,5,TRUE,F,R,R,V,NA,NA,NA
PRM_0366,SKVFSFLGWF,TCTAAAGTTTTTAGTTTCTTGGGTTGGTTCTAA,TTT,AGT,4,5,TRUE,F,S,R,V,NA,NA,NA
PRM_0366,SKVFTFLGWF,TCTAAAGTTTTTACGTTCTTGGGTTGGTTCTAA,TTT,ACG,4,5,TRUE,F,T,R,V,NA,NA,NA
PRM_0366,SKVFTFLGWF,TCTAAAGTTTTTACTTTCTTGGGTTGGTTCTAA,TTT,ACT,4,5,TRUE,F,T,R,V,NA,NA,NA
PRM_0366,SKVF*FLGWF,TCTAAAGTTTTTTAGTTCTTGGGTTGGTTCTAA,TTT,TAG,4,5,TRUE,F,*,R,V,NA,NA,NA
PRM_0366,SKVFYFLGWF,TCTAAAGTTTTTTATTTCTTGGGTTGGTTCTAA,TTT,TAT,4,5,TRUE,F,Y,R,V,NA,NA,NA
PRM_0366,SKVFLFLGWF,TCTAAAGTTTTTTTGTTCTTGGGTTGGTTCTAA,TTT,TTG,4,5,TRUE,F,L,R,V,NA,NA,NA
PRM_0366,SKVFFFLGWF,TCTAAAGTTTTTTTTTTCTTGGGTTGGTTCTAA,TTT,TTT,4,5,TRUE,F,F,R,V,NA,NA,NA
PRM_0366,SKVFWFLGWF,TCTAAAGTTTTTTGGTTCTTGGGTTGGTTCTAA,TTT,TGG,4,5,TRUE,F,W,R,V,NA,NA,NA
PRM_0366,SKVFCFLGWF,TCTAAAGTTTTTTGTTTCTTGGGTTGGTTCTAA,TTT,TGT,4,5,TRUE,F,C,R,V,NA,NA,NA
PRM_0366,SKVFSFLGWF,TCTAAAGTTTTTTCGTTCTTGGGTTGGTTCTAA,TTT,TCG,4,5,TRUE,F,S,R,V,NA,NA,NA
PRM_0366,SKVFSFLGWF,TCTAAAGTTTTTTCTTTCTTGGGTTGGTTCTAA,TTT,TCT,4,5,TRUE,F,S,R,V,NA,NA,NA
PRM_0366,SKVFEFLGWF,TCTAAAGTTTTTGAGTTCTTGGGTTGGTTCTAA,TTT,GAG,4,5,TRUE,F,E,R,V,NA,NA,NA
PRM_0366,SKVFDFLGWF,TCTAAAGTTTTTGATTTCTTGGGTTGGTTCTAA,TTT,GAT,4,5,TRUE,F,D,R,V,NA,NA,NA
PRM_0366,SKVFVFLGWF,TCTAAAGTTTTTGTGTTCTTGGGTTGGTTCTAA,TTT,GTG,4,5,FALSE,F,V,R,V,NA,NA,NA
PRM_0366,SKVFVFLGWF,TCTAAAGTTTTTGTTTTCTTGGGTTGGTTCTAA,TTT,GTT,4,5,FALSE,F,V,R,V,NA,NA,NA
PRM_0366,SKVFGFLGWF,TCTAAAGTTTTTGGGTTCTTGGGTTGGTTCTAA,TTT,GGG,4,5,TRUE,F,G,R,V,NA,NA,NA
PRM_0366,SKVFGFLGWF,TCTAAAGTTTTTGGTTTCTTGGGTTGGTTCTAA,TTT,GGT,4,5,TRUE,F,G,R,V,NA,NA,NA
PRM_0366,SKVFAFLGWF,TCTAAAGTTTTTGCGTTCTTGGGTTGGTTCTAA,TTT,GCG,4,5,TRUE,F,A,R,V,NA,NA,NA
PRM_0366,SKVFAFLGWF,TCTAAAGTTTTTGCTTTCTTGGGTTGGTTCTAA,TTT,GCT,4,5,TRUE,F,A,R,V,NA,NA,NA
PRM_0366,SKVFQFLGWF,TCTAAAGTTTTTCAGTTCTTGGGTTGGTTCTAA,TTT,CAG,4,5,TRUE,F,Q,R,V,NA,NA,NA
PRM_0366,SKVFHFLGWF,TCTAAAGTTTTTCATTTCTTGGGTTGGTTCTAA,TTT,CAT,4,5,TRUE,F,H,R,V,NA,NA,NA
PRM_0366,SKVFLFLGWF,TCTAAAGTTTTTCTGTTCTTGGGTTGGTTCTAA,TTT,CTG,4,5,TRUE,F,L,R,V,NA,NA,NA
PRM_0366,SKVFLFLGWF,TCTAAAGTTTTTCTTTTCTTGGGTTGGTTCTAA,TTT,CTT,4,5,TRUE,F,L,R,V,NA,NA,NA
PRM_0366,SKVFRFLGWF,TCTAAAGTTTTTCGGTTCTTGGGTTGGTTCTAA,TTT,CGG,4,5,TRUE,F,R,R,V,NA,NA,NA
PRM_0366,SKVFRFLGWF,TCTAAAGTTTTTCGTTTCTTGGGTTGGTTCTAA,TTT,CGT,4,5,TRUE,F,R,R,V,NA,NA,NA
PRM_0366,SKVFPFLGWF,TCTAAAGTTTTTCCGTTCTTGGGTTGGTTCTAA,TTT,CCG,4,5,TRUE,F,P,R,V,NA,NA,NA
PRM_0366,SKVFPFLGWF,TCTAAAGTTTTTCCTTTCTTGGGTTGGTTCTAA,TTT,CCT,4,5,TRUE,F,P,R,V,NA,NA,NA
PRM_0366,SKVWKFLGWF,TCTAAAGTTTGGAAGTTCTTGGGTTGGTTCTAA,TGG,AAG,4,5,TRUE,W,K,R,V,NA,NA,NA
PRM_0366,SKVWNFLGWF,TCTAAAGTTTGGAATTTCTTGGGTTGGTTCTAA,TGG,AAT,4,5,TRUE,W,N,R,V,NA,NA,NA
PRM_0366,SKVWMFLGWF,TCTAAAGTTTGGATGTTCTTGGGTTGGTTCTAA,TGG,ATG,4,5,TRUE,W,M,R,V,NA,NA,NA
PRM_0366,SKVWIFLGWF,TCTAAAGTTTGGATTTTCTTGGGTTGGTTCTAA,TGG,ATT,4,5,TRUE,W,I,R,V,NA,NA,NA
PRM_0366,SKVWRFLGWF,TCTAAAGTTTGGAGGTTCTTGGGTTGGTTCTAA,TGG,AGG,4,5,TRUE,W,R,R,V,NA,NA,NA
PRM_0366,SKVWSFLGWF,TCTAAAGTTTGGAGTTTCTTGGGTTGGTTCTAA,TGG,AGT,4,5,TRUE,W,S,R,V,NA,NA,NA
PRM_0366,SKVWTFLGWF,TCTAAAGTTTGGACGTTCTTGGGTTGGTTCTAA,TGG,ACG,4,5,TRUE,W,T,R,V,NA,NA,NA
PRM_0366,SKVWTFLGWF,TCTAAAGTTTGGACTTTCTTGGGTTGGTTCTAA,TGG,ACT,4,5,TRUE,W,T,R,V,NA,NA,NA
PRM_0366,SKVW*FLGWF,TCTAAAGTTTGGTAGTTCTTGGGTTGGTTCTAA,TGG,TAG,4,5,TRUE,W,*,R,V,NA,NA,NA
PRM_0366,SKVWYFLGWF,TCTAAAGTTTGGTATTTCTTGGGTTGGTTCTAA,TGG,TAT,4,5,TRUE,W,Y,R,V,NA,NA,NA
PRM_0366,SKVWLFLGWF,TCTAAAGTTTGGTTGTTCTTGGGTTGGTTCTAA,TGG,TTG,4,5,TRUE,W,L,R,V,NA,NA,NA
PRM_0366,SKVWFFLGWF,TCTAAAGTTTGGTTTTTCTTGGGTTGGTTCTAA,TGG,TTT,4,5,TRUE,W,F,R,V,NA,NA,NA
PRM_0366,SKVWWFLGWF,TCTAAAGTTTGGTGGTTCTTGGGTTGGTTCTAA,TGG,TGG,4,5,TRUE,W,W,R,V,NA,NA,NA
PRM_0366,SKVWCFLGWF,TCTAAAGTTTGGTGTTTCTTGGGTTGGTTCTAA,TGG,TGT,4,5,TRUE,W,C,R,V,NA,NA,NA
PRM_0366,SKVWSFLGWF,TCTAAAGTTTGGTCGTTCTTGGGTTGGTTCTAA,TGG,TCG,4,5,TRUE,W,S,R,V,NA,NA,NA
PRM_0366,SKVWSFLGWF,TCTAAAGTTTGGTCTTTCTTGGGTTGGTTCTAA,TGG,TCT,4,5,TRUE,W,S,R,V,NA,NA,NA
PRM_0366,SKVWEFLGWF,TCTAAAGTTTGGGAGTTCTTGGGTTGGTTCTAA,TGG,GAG,4,5,TRUE,W,E,R,V,NA,NA,NA
PRM_0366,SKVWDFLGWF,TCTAAAGTTTGGGATTTCTTGGGTTGGTTCTAA,TGG,GAT,4,5,TRUE,W,D,R,V,NA,NA,NA
PRM_0366,SKVWVFLGWF,TCTAAAGTTTGGGTGTTCTTGGGTTGGTTCTAA,TGG,GTG,4,5,FALSE,W,V,R,V,NA,NA,NA
PRM_0366,SKVWVFLGWF,TCTAAAGTTTGGGTTTTCTTGGGTTGGTTCTAA,TGG,GTT,4,5,FALSE,W,V,R,V,NA,NA,NA
PRM_0366,SKVWGFLGWF,TCTAAAGTTTGGGGGTTCTTGGGTTGGTTCTAA,TGG,GGG,4,5,TRUE,W,G,R,V,NA,NA,NA
PRM_0366,SKVWGFLGWF,TCTAAAGTTTGGGGTTTCTTGGGTTGGTTCTAA,TGG,GGT,4,5,TRUE,W,G,R,V,NA,NA,NA
PRM_0366,SKVWAFLGWF,TCTAAAGTTTGGGCGTTCTTGGGTTGGTTCTAA,TGG,GCG,4,5,TRUE,W,A,R,V,NA,NA,NA
PRM_0366,SKVWAFLGWF,TCTAAAGTTTGGGCTTTCTTGGGTTGGTTCTAA,TGG,GCT,4,5,TRUE,W,A,R,V,NA,NA,NA
PRM_0366,SKVWQFLGWF,TCTAAAGTTTGGCAGTTCTTGGGTTGGTTCTAA,TGG,CAG,4,5,TRUE,W,Q,R,V,NA,NA,NA
PRM_0366,SKVWHFLGWF,TCTAAAGTTTGGCATTTCTTGGGTTGGTTCTAA,TGG,CAT,4,5,TRUE,W,H,R,V,NA,NA,NA
PRM_0366,SKVWLFLGWF,TCTAAAGTTTGGCTGTTCTTGGGTTGGTTCTAA,TGG,CTG,4,5,TRUE,W,L,R,V,NA,NA,NA
PRM_0366,SKVWLFLGWF,TCTAAAGTTTGGCTTTTCTTGGGTTGGTTCTAA,TGG,CTT,4,5,TRUE,W,L,R,V,NA,NA,NA
PRM_0366,SKVWRFLGWF,TCTAAAGTTTGGCGGTTCTTGGGTTGGTTCTAA,TGG,CGG,4,5,TRUE,W,R,R,V,NA,NA,NA
PRM_0366,SKVWRFLGWF,TCTAAAGTTTGGCGTTTCTTGGGTTGGTTCTAA,TGG,CGT,4,5,TRUE,W,R,R,V,NA,NA,NA
PRM_0366,SKVWPFLGWF,TCTAAAGTTTGGCCGTTCTTGGGTTGGTTCTAA,TGG,CCG,4,5,TRUE,W,P,R,V,NA,NA,NA
PRM_0366,SKVWPFLGWF,TCTAAAGTTTGGCCTTTCTTGGGTTGGTTCTAA,TGG,CCT,4,5,TRUE,W,P,R,V,NA,NA,NA
PRM_0366,SKVCKFLGWF,TCTAAAGTTTGTAAGTTCTTGGGTTGGTTCTAA,TGT,AAG,4,5,TRUE,C,K,R,V,NA,NA,NA
PRM_0366,SKVCNFLGWF,TCTAAAGTTTGTAATTTCTTGGGTTGGTTCTAA,TGT,AAT,4,5,TRUE,C,N,R,V,NA,NA,NA
PRM_0366,SKVCMFLGWF,TCTAAAGTTTGTATGTTCTTGGGTTGGTTCTAA,TGT,ATG,4,5,TRUE,C,M,R,V,NA,NA,NA
PRM_0366,SKVCIFLGWF,TCTAAAGTTTGTATTTTCTTGGGTTGGTTCTAA,TGT,ATT,4,5,TRUE,C,I,R,V,NA,NA,NA
PRM_0366,SKVCRFLGWF,TCTAAAGTTTGTAGGTTCTTGGGTTGGTTCTAA,TGT,AGG,4,5,TRUE,C,R,R,V,NA,NA,NA
PRM_0366,SKVCSFLGWF,TCTAAAGTTTGTAGTTTCTTGGGTTGGTTCTAA,TGT,AGT,4,5,TRUE,C,S,R,V,NA,NA,NA
PRM_0366,SKVCTFLGWF,TCTAAAGTTTGTACGTTCTTGGGTTGGTTCTAA,TGT,ACG,4,5,TRUE,C,T,R,V,NA,NA,NA
PRM_0366,SKVCTFLGWF,TCTAAAGTTTGTACTTTCTTGGGTTGGTTCTAA,TGT,ACT,4,5,TRUE,C,T,R,V,NA,NA,NA
PRM_0366,SKVC*FLGWF,TCTAAAGTTTGTTAGTTCTTGGGTTGGTTCTAA,TGT,TAG,4,5,TRUE,C,*,R,V,NA,NA,NA
PRM_0366,SKVCYFLGWF,TCTAAAGTTTGTTATTTCTTGGGTTGGTTCTAA,TGT,TAT,4,5,TRUE,C,Y,R,V,NA,NA,NA
PRM_0366,SKVCLFLGWF,TCTAAAGTTTGTTTGTTCTTGGGTTGGTTCTAA,TGT,TTG,4,5,TRUE,C,L,R,V,NA,NA,NA
PRM_0366,SKVCFFLGWF,TCTAAAGTTTGTTTTTTCTTGGGTTGGTTCTAA,TGT,TTT,4,5,TRUE,C,F,R,V,NA,NA,NA
PRM_0366,SKVCWFLGWF,TCTAAAGTTTGTTGGTTCTTGGGTTGGTTCTAA,TGT,TGG,4,5,TRUE,C,W,R,V,NA,NA,NA
PRM_0366,SKVCCFLGWF,TCTAAAGTTTGTTGTTTCTTGGGTTGGTTCTAA,TGT,TGT,4,5,TRUE,C,C,R,V,NA,NA,NA
PRM_0366,SKVCSFLGWF,TCTAAAGTTTGTTCGTTCTTGGGTTGGTTCTAA,TGT,TCG,4,5,TRUE,C,S,R,V,NA,NA,NA
PRM_0366,SKVCSFLGWF,TCTAAAGTTTGTTCTTTCTTGGGTTGGTTCTAA,TGT,TCT,4,5,TRUE,C,S,R,V,NA,NA,NA
PRM_0366,SKVCEFLGWF,TCTAAAGTTTGTGAGTTCTTGGGTTGGTTCTAA,TGT,GAG,4,5,TRUE,C,E,R,V,NA,NA,NA
PRM_0366,SKVCDFLGWF,TCTAAAGTTTGTGATTTCTTGGGTTGGTTCTAA,TGT,GAT,4,5,TRUE,C,D,R,V,NA,NA,NA
PRM_0366,SKVCVFLGWF,TCTAAAGTTTGTGTGTTCTTGGGTTGGTTCTAA,TGT,GTG,4,5,FALSE,C,V,R,V,NA,NA,NA
PRM_0366,SKVCVFLGWF,TCTAAAGTTTGTGTTTTCTTGGGTTGGTTCTAA,TGT,GTT,4,5,FALSE,C,V,R,V,NA,NA,NA
PRM_0366,SKVCGFLGWF,TCTAAAGTTTGTGGGTTCTTGGGTTGGTTCTAA,TGT,GGG,4,5,TRUE,C,G,R,V,NA,NA,NA
PRM_0366,SKVCGFLGWF,TCTAAAGTTTGTGGTTTCTTGGGTTGGTTCTAA,TGT,GGT,4,5,TRUE,C,G,R,V,NA,NA,NA
PRM_0366,SKVCAFLGWF,TCTAAAGTTTGTGCGTTCTTGGGTTGGTTCTAA,TGT,GCG,4,5,TRUE,C,A,R,V,NA,NA,NA
PRM_0366,SKVCAFLGWF,TCTAAAGTTTGTGCTTTCTTGGGTTGGTTCTAA,TGT,GCT,4,5,TRUE,C,A,R,V,NA,NA,NA
PRM_0366,SKVCQFLGWF,TCTAAAGTTTGTCAGTTCTTGGGTTGGTTCTAA,TGT,CAG,4,5,TRUE,C,Q,R,V,NA,NA,NA
PRM_0366,SKVCHFLGWF,TCTAAAGTTTGTCATTTCTTGGGTTGGTTCTAA,TGT,CAT,4,5,TRUE,C,H,R,V,NA,NA,NA
PRM_0366,SKVCLFLGWF,TCTAAAGTTTGTCTGTTCTTGGGTTGGTTCTAA,TGT,CTG,4,5,TRUE,C,L,R,V,NA,NA,NA
PRM_0366,SKVCLFLGWF,TCTAAAGTTTGTCTTTTCTTGGGTTGGTTCTAA,TGT,CTT,4,5,TRUE,C,L,R,V,NA,NA,NA
PRM_0366,SKVCRFLGWF,TCTAAAGTTTGTCGGTTCTTGGGTTGGTTCTAA,TGT,CGG,4,5,TRUE,C,R,R,V,NA,NA,NA
PRM_0366,SKVCRFLGWF,TCTAAAGTTTGTCGTTTCTTGGGTTGGTTCTAA,TGT,CGT,4,5,TRUE,C,R,R,V,NA,NA,NA
PRM_0366,SKVCPFLGWF,TCTAAAGTTTGTCCGTTCTTGGGTTGGTTCTAA,TGT,CCG,4,5,TRUE,C,P,R,V,NA,NA,NA
PRM_0366,SKVCPFLGWF,TCTAAAGTTTGTCCTTTCTTGGGTTGGTTCTAA,TGT,CCT,4,5,TRUE,C,P,R,V,NA,NA,NA
PRM_0366,SKVSKFLGWF,TCTAAAGTTTCGAAGTTCTTGGGTTGGTTCTAA,TCG,AAG,4,5,TRUE,S,K,R,V,NA,NA,NA
PRM_0366,SKVSNFLGWF,TCTAAAGTTTCGAATTTCTTGGGTTGGTTCTAA,TCG,AAT,4,5,TRUE,S,N,R,V,NA,NA,NA
PRM_0366,SKVSMFLGWF,TCTAAAGTTTCGATGTTCTTGGGTTGGTTCTAA,TCG,ATG,4,5,TRUE,S,M,R,V,NA,NA,NA
PRM_0366,SKVSIFLGWF,TCTAAAGTTTCGATTTTCTTGGGTTGGTTCTAA,TCG,ATT,4,5,TRUE,S,I,R,V,NA,NA,NA
PRM_0366,SKVSRFLGWF,TCTAAAGTTTCGAGGTTCTTGGGTTGGTTCTAA,TCG,AGG,4,5,TRUE,S,R,R,V,NA,NA,NA
PRM_0366,SKVSSFLGWF,TCTAAAGTTTCGAGTTTCTTGGGTTGGTTCTAA,TCG,AGT,4,5,TRUE,S,S,R,V,NA,NA,NA
PRM_0366,SKVSTFLGWF,TCTAAAGTTTCGACGTTCTTGGGTTGGTTCTAA,TCG,ACG,4,5,TRUE,S,T,R,V,NA,NA,NA
PRM_0366,SKVSTFLGWF,TCTAAAGTTTCGACTTTCTTGGGTTGGTTCTAA,TCG,ACT,4,5,TRUE,S,T,R,V,NA,NA,NA
PRM_0366,SKVS*FLGWF,TCTAAAGTTTCGTAGTTCTTGGGTTGGTTCTAA,TCG,TAG,4,5,TRUE,S,*,R,V,NA,NA,NA
PRM_0366,SKVSYFLGWF,TCTAAAGTTTCGTATTTCTTGGGTTGGTTCTAA,TCG,TAT,4,5,TRUE,S,Y,R,V,NA,NA,NA
PRM_0366,SKVSLFLGWF,TCTAAAGTTTCGTTGTTCTTGGGTTGGTTCTAA,TCG,TTG,4,5,TRUE,S,L,R,V,NA,NA,NA
PRM_0366,SKVSFFLGWF,TCTAAAGTTTCGTTTTTCTTGGGTTGGTTCTAA,TCG,TTT,4,5,TRUE,S,F,R,V,NA,NA,NA
PRM_0366,SKVSWFLGWF,TCTAAAGTTTCGTGGTTCTTGGGTTGGTTCTAA,TCG,TGG,4,5,TRUE,S,W,R,V,NA,NA,NA
PRM_0366,SKVSCFLGWF,TCTAAAGTTTCGTGTTTCTTGGGTTGGTTCTAA,TCG,TGT,4,5,TRUE,S,C,R,V,NA,NA,NA
PRM_0366,SKVSSFLGWF,TCTAAAGTTTCGTCGTTCTTGGGTTGGTTCTAA,TCG,TCG,4,5,TRUE,S,S,R,V,NA,NA,NA
PRM_0366,SKVSSFLGWF,TCTAAAGTTTCGTCTTTCTTGGGTTGGTTCTAA,TCG,TCT,4,5,TRUE,S,S,R,V,NA,NA,NA
PRM_0366,SKVSEFLGWF,TCTAAAGTTTCGGAGTTCTTGGGTTGGTTCTAA,TCG,GAG,4,5,TRUE,S,E,R,V,NA,NA,NA
PRM_0366,SKVSDFLGWF,TCTAAAGTTTCGGATTTCTTGGGTTGGTTCTAA,TCG,GAT,4,5,TRUE,S,D,R,V,NA,NA,NA
PRM_0366,SKVSVFLGWF,TCTAAAGTTTCGGTGTTCTTGGGTTGGTTCTAA,TCG,GTG,4,5,FALSE,S,V,R,V,NA,NA,NA
PRM_0366,SKVSVFLGWF,TCTAAAGTTTCGGTTTTCTTGGGTTGGTTCTAA,TCG,GTT,4,5,FALSE,S,V,R,V,NA,NA,NA
PRM_0366,SKVSGFLGWF,TCTAAAGTTTCGGGGTTCTTGGGTTGGTTCTAA,TCG,GGG,4,5,TRUE,S,G,R,V,NA,NA,NA
PRM_0366,SKVSGFLGWF,TCTAAAGTTTCGGGTTTCTTGGGTTGGTTCTAA,TCG,GGT,4,5,TRUE,S,G,R,V,NA,NA,NA
PRM_0366,SKVSAFLGWF,TCTAAAGTTTCGGCGTTCTTGGGTTGGTTCTAA,TCG,GCG,4,5,TRUE,S,A,R,V,NA,NA,NA
PRM_0366,SKVSAFLGWF,TCTAAAGTTTCGGCTTTCTTGGGTTGGTTCTAA,TCG,GCT,4,5,TRUE,S,A,R,V,NA,NA,NA
PRM_0366,SKVSQFLGWF,TCTAAAGTTTCGCAGTTCTTGGGTTGGTTCTAA,TCG,CAG,4,5,TRUE,S,Q,R,V,NA,NA,NA
PRM_0366,SKVSHFLGWF,TCTAAAGTTTCGCATTTCTTGGGTTGGTTCTAA,TCG,CAT,4,5,TRUE,S,H,R,V,NA,NA,NA
PRM_0366,SKVSLFLGWF,TCTAAAGTTTCGCTGTTCTTGGGTTGGTTCTAA,TCG,CTG,4,5,TRUE,S,L,R,V,NA,NA,NA
PRM_0366,SKVSLFLGWF,TCTAAAGTTTCGCTTTTCTTGGGTTGGTTCTAA,TCG,CTT,4,5,TRUE,S,L,R,V,NA,NA,NA
PRM_0366,SKVSRFLGWF,TCTAAAGTTTCGCGGTTCTTGGGTTGGTTCTAA,TCG,CGG,4,5,TRUE,S,R,R,V,NA,NA,NA
PRM_0366,SKVSRFLGWF,TCTAAAGTTTCGCGTTTCTTGGGTTGGTTCTAA,TCG,CGT,4,5,TRUE,S,R,R,V,NA,NA,NA
PRM_0366,SKVSPFLGWF,TCTAAAGTTTCGCCGTTCTTGGGTTGGTTCTAA,TCG,CCG,4,5,TRUE,S,P,R,V,NA,NA,NA
PRM_0366,SKVSPFLGWF,TCTAAAGTTTCGCCTTTCTTGGGTTGGTTCTAA,TCG,CCT,4,5,TRUE,S,P,R,V,NA,NA,NA
PRM_0366,SKVSKFLGWF,TCTAAAGTTTCTAAGTTCTTGGGTTGGTTCTAA,TCT,AAG,4,5,TRUE,S,K,R,V,NA,NA,NA
PRM_0366,SKVSNFLGWF,TCTAAAGTTTCTAATTTCTTGGGTTGGTTCTAA,TCT,AAT,4,5,TRUE,S,N,R,V,NA,NA,NA
PRM_0366,SKVSMFLGWF,TCTAAAGTTTCTATGTTCTTGGGTTGGTTCTAA,TCT,ATG,4,5,TRUE,S,M,R,V,NA,NA,NA
PRM_0366,SKVSIFLGWF,TCTAAAGTTTCTATTTTCTTGGGTTGGTTCTAA,TCT,ATT,4,5,TRUE,S,I,R,V,NA,NA,NA
PRM_0366,SKVSRFLGWF,TCTAAAGTTTCTAGGTTCTTGGGTTGGTTCTAA,TCT,AGG,4,5,TRUE,S,R,R,V,NA,NA,NA
PRM_0366,SKVSSFLGWF,TCTAAAGTTTCTAGTTTCTTGGGTTGGTTCTAA,TCT,AGT,4,5,TRUE,S,S,R,V,NA,NA,NA
PRM_0366,SKVSTFLGWF,TCTAAAGTTTCTACGTTCTTGGGTTGGTTCTAA,TCT,ACG,4,5,TRUE,S,T,R,V,NA,NA,NA
PRM_0366,SKVSTFLGWF,TCTAAAGTTTCTACTTTCTTGGGTTGGTTCTAA,TCT,ACT,4,5,TRUE,S,T,R,V,NA,NA,NA
PRM_0366,SKVS*FLGWF,TCTAAAGTTTCTTAGTTCTTGGGTTGGTTCTAA,TCT,TAG,4,5,TRUE,S,*,R,V,NA,NA,NA
PRM_0366,SKVSYFLGWF,TCTAAAGTTTCTTATTTCTTGGGTTGGTTCTAA,TCT,TAT,4,5,TRUE,S,Y,R,V,NA,NA,NA
PRM_0366,SKVSLFLGWF,TCTAAAGTTTCTTTGTTCTTGGGTTGGTTCTAA,TCT,TTG,4,5,TRUE,S,L,R,V,NA,NA,NA
PRM_0366,SKVSFFLGWF,TCTAAAGTTTCTTTTTTCTTGGGTTGGTTCTAA,TCT,TTT,4,5,TRUE,S,F,R,V,NA,NA,NA
PRM_0366,SKVSWFLGWF,TCTAAAGTTTCTTGGTTCTTGGGTTGGTTCTAA,TCT,TGG,4,5,TRUE,S,W,R,V,NA,NA,NA
PRM_0366,SKVSCFLGWF,TCTAAAGTTTCTTGTTTCTTGGGTTGGTTCTAA,TCT,TGT,4,5,TRUE,S,C,R,V,NA,NA,NA
PRM_0366,SKVSSFLGWF,TCTAAAGTTTCTTCGTTCTTGGGTTGGTTCTAA,TCT,TCG,4,5,TRUE,S,S,R,V,NA,NA,NA
PRM_0366,SKVSSFLGWF,TCTAAAGTTTCTTCTTTCTTGGGTTGGTTCTAA,TCT,TCT,4,5,TRUE,S,S,R,V,NA,NA,NA
PRM_0366,SKVSEFLGWF,TCTAAAGTTTCTGAGTTCTTGGGTTGGTTCTAA,TCT,GAG,4,5,TRUE,S,E,R,V,NA,NA,NA
PRM_0366,SKVSDFLGWF,TCTAAAGTTTCTGATTTCTTGGGTTGGTTCTAA,TCT,GAT,4,5,TRUE,S,D,R,V,NA,NA,NA
PRM_0366,SKVSVFLGWF,TCTAAAGTTTCTGTGTTCTTGGGTTGGTTCTAA,TCT,GTG,4,5,FALSE,S,V,R,V,NA,NA,NA
PRM_0366,SKVSVFLGWF,TCTAAAGTTTCTGTTTTCTTGGGTTGGTTCTAA,TCT,GTT,4,5,FALSE,S,V,R,V,NA,NA,NA
PRM_0366,SKVSGFLGWF,TCTAAAGTTTCTGGGTTCTTGGGTTGGTTCTAA,TCT,GGG,4,5,TRUE,S,G,R,V,NA,NA,NA
PRM_0366,SKVSGFLGWF,TCTAAAGTTTCTGGTTTCTTGGGTTGGTTCTAA,TCT,GGT,4,5,TRUE,S,G,R,V,NA,NA,NA
PRM_0366,SKVSAFLGWF,TCTAAAGTTTCTGCGTTCTTGGGTTGGTTCTAA,TCT,GCG,4,5,TRUE,S,A,R,V,NA,NA,NA
PRM_0366,SKVSAFLGWF,TCTAAAGTTTCTGCTTTCTTGGGTTGGTTCTAA,TCT,GCT,4,5,TRUE,S,A,R,V,NA,NA,NA
PRM_0366,SKVSQFLGWF,TCTAAAGTTTCTCAGTTCTTGGGTTGGTTCTAA,TCT,CAG,4,5,TRUE,S,Q,R,V,NA,NA,NA
PRM_0366,SKVSHFLGWF,TCTAAAGTTTCTCATTTCTTGGGTTGGTTCTAA,TCT,CAT,4,5,TRUE,S,H,R,V,NA,NA,NA
PRM_0366,SKVSLFLGWF,TCTAAAGTTTCTCTGTTCTTGGGTTGGTTCTAA,TCT,CTG,4,5,TRUE,S,L,R,V,NA,NA,NA
PRM_0366,SKVSLFLGWF,TCTAAAGTTTCTCTTTTCTTGGGTTGGTTCTAA,TCT,CTT,4,5,TRUE,S,L,R,V,NA,NA,NA
PRM_0366,SKVSRFLGWF,TCTAAAGTTTCTCGGTTCTTGGGTTGGTTCTAA,TCT,CGG,4,5,TRUE,S,R,R,V,NA,NA,NA
PRM_0366,SKVSRFLGWF,TCTAAAGTTTCTCGTTTCTTGGGTTGGTTCTAA,TCT,CGT,4,5,TRUE,S,R,R,V,NA,NA,NA
PRM_0366,SKVSPFLGWF,TCTAAAGTTTCTCCGTTCTTGGGTTGGTTCTAA,TCT,CCG,4,5,TRUE,S,P,R,V,NA,NA,NA
PRM_0366,SKVSPFLGWF,TCTAAAGTTTCTCCTTTCTTGGGTTGGTTCTAA,TCT,CCT,4,5,TRUE,S,P,R,V,NA,NA,NA
PRM_0366,SKVEKFLGWF,TCTAAAGTTGAGAAGTTCTTGGGTTGGTTCTAA,GAG,AAG,4,5,TRUE,E,K,R,V,NA,NA,NA
PRM_0366,SKVENFLGWF,TCTAAAGTTGAGAATTTCTTGGGTTGGTTCTAA,GAG,AAT,4,5,TRUE,E,N,R,V,NA,NA,NA
PRM_0366,SKVEMFLGWF,TCTAAAGTTGAGATGTTCTTGGGTTGGTTCTAA,GAG,ATG,4,5,TRUE,E,M,R,V,NA,NA,NA
PRM_0366,SKVEIFLGWF,TCTAAAGTTGAGATTTTCTTGGGTTGGTTCTAA,GAG,ATT,4,5,TRUE,E,I,R,V,NA,NA,NA
PRM_0366,SKVERFLGWF,TCTAAAGTTGAGAGGTTCTTGGGTTGGTTCTAA,GAG,AGG,4,5,TRUE,E,R,R,V,NA,NA,NA
PRM_0366,SKVESFLGWF,TCTAAAGTTGAGAGTTTCTTGGGTTGGTTCTAA,GAG,AGT,4,5,TRUE,E,S,R,V,NA,NA,NA
PRM_0366,SKVETFLGWF,TCTAAAGTTGAGACGTTCTTGGGTTGGTTCTAA,GAG,ACG,4,5,TRUE,E,T,R,V,NA,NA,NA
PRM_0366,SKVETFLGWF,TCTAAAGTTGAGACTTTCTTGGGTTGGTTCTAA,GAG,ACT,4,5,TRUE,E,T,R,V,NA,NA,NA
PRM_0366,SKVE*FLGWF,TCTAAAGTTGAGTAGTTCTTGGGTTGGTTCTAA,GAG,TAG,4,5,TRUE,E,*,R,V,NA,NA,NA
PRM_0366,SKVEYFLGWF,TCTAAAGTTGAGTATTTCTTGGGTTGGTTCTAA,GAG,TAT,4,5,TRUE,E,Y,R,V,NA,NA,NA
PRM_0366,SKVELFLGWF,TCTAAAGTTGAGTTGTTCTTGGGTTGGTTCTAA,GAG,TTG,4,5,TRUE,E,L,R,V,NA,NA,NA
PRM_0366,SKVEFFLGWF,TCTAAAGTTGAGTTTTTCTTGGGTTGGTTCTAA,GAG,TTT,4,5,TRUE,E,F,R,V,NA,NA,NA
PRM_0366,SKVEWFLGWF,TCTAAAGTTGAGTGGTTCTTGGGTTGGTTCTAA,GAG,TGG,4,5,TRUE,E,W,R,V,NA,NA,NA
PRM_0366,SKVECFLGWF,TCTAAAGTTGAGTGTTTCTTGGGTTGGTTCTAA,GAG,TGT,4,5,TRUE,E,C,R,V,NA,NA,NA
PRM_0366,SKVESFLGWF,TCTAAAGTTGAGTCGTTCTTGGGTTGGTTCTAA,GAG,TCG,4,5,TRUE,E,S,R,V,NA,NA,NA
PRM_0366,SKVESFLGWF,TCTAAAGTTGAGTCTTTCTTGGGTTGGTTCTAA,GAG,TCT,4,5,TRUE,E,S,R,V,NA,NA,NA
PRM_0366,SKVEEFLGWF,TCTAAAGTTGAGGAGTTCTTGGGTTGGTTCTAA,GAG,GAG,4,5,TRUE,E,E,R,V,NA,NA,NA
PRM_0366,SKVEDFLGWF,TCTAAAGTTGAGGATTTCTTGGGTTGGTTCTAA,GAG,GAT,4,5,TRUE,E,D,R,V,NA,NA,NA
PRM_0366,SKVEVFLGWF,TCTAAAGTTGAGGTGTTCTTGGGTTGGTTCTAA,GAG,GTG,4,5,FALSE,E,V,R,V,NA,NA,NA
PRM_0366,SKVEVFLGWF,TCTAAAGTTGAGGTTTTCTTGGGTTGGTTCTAA,GAG,GTT,4,5,FALSE,E,V,R,V,NA,NA,NA
PRM_0366,SKVEGFLGWF,TCTAAAGTTGAGGGGTTCTTGGGTTGGTTCTAA,GAG,GGG,4,5,TRUE,E,G,R,V,NA,NA,NA
PRM_0366,SKVEGFLGWF,TCTAAAGTTGAGGGTTTCTTGGGTTGGTTCTAA,GAG,GGT,4,5,TRUE,E,G,R,V,NA,NA,NA
PRM_0366,SKVEAFLGWF,TCTAAAGTTGAGGCGTTCTTGGGTTGGTTCTAA,GAG,GCG,4,5,TRUE,E,A,R,V,NA,NA,NA
PRM_0366,SKVEAFLGWF,TCTAAAGTTGAGGCTTTCTTGGGTTGGTTCTAA,GAG,GCT,4,5,TRUE,E,A,R,V,NA,NA,NA
PRM_0366,SKVEQFLGWF,TCTAAAGTTGAGCAGTTCTTGGGTTGGTTCTAA,GAG,CAG,4,5,TRUE,E,Q,R,V,NA,NA,NA
PRM_0366,SKVEHFLGWF,TCTAAAGTTGAGCATTTCTTGGGTTGGTTCTAA,GAG,CAT,4,5,TRUE,E,H,R,V,NA,NA,NA
PRM_0366,SKVELFLGWF,TCTAAAGTTGAGCTGTTCTTGGGTTGGTTCTAA,GAG,CTG,4,5,TRUE,E,L,R,V,NA,NA,NA
PRM_0366,SKVELFLGWF,TCTAAAGTTGAGCTTTTCTTGGGTTGGTTCTAA,GAG,CTT,4,5,TRUE,E,L,R,V,NA,NA,NA
PRM_0366,SKVERFLGWF,TCTAAAGTTGAGCGGTTCTTGGGTTGGTTCTAA,GAG,CGG,4,5,TRUE,E,R,R,V,NA,NA,NA
PRM_0366,SKVERFLGWF,TCTAAAGTTGAGCGTTTCTTGGGTTGGTTCTAA,GAG,CGT,4,5,TRUE,E,R,R,V,NA,NA,NA
PRM_0366,SKVEPFLGWF,TCTAAAGTTGAGCCGTTCTTGGGTTGGTTCTAA,GAG,CCG,4,5,TRUE,E,P,R,V,NA,NA,NA
PRM_0366,SKVEPFLGWF,TCTAAAGTTGAGCCTTTCTTGGGTTGGTTCTAA,GAG,CCT,4,5,TRUE,E,P,R,V,NA,NA,NA
PRM_0366,SKVDKFLGWF,TCTAAAGTTGATAAGTTCTTGGGTTGGTTCTAA,GAT,AAG,4,5,TRUE,D,K,R,V,NA,NA,NA
PRM_0366,SKVDNFLGWF,TCTAAAGTTGATAATTTCTTGGGTTGGTTCTAA,GAT,AAT,4,5,TRUE,D,N,R,V,NA,NA,NA
PRM_0366,SKVDMFLGWF,TCTAAAGTTGATATGTTCTTGGGTTGGTTCTAA,GAT,ATG,4,5,TRUE,D,M,R,V,NA,NA,NA
PRM_0366,SKVDIFLGWF,TCTAAAGTTGATATTTTCTTGGGTTGGTTCTAA,GAT,ATT,4,5,TRUE,D,I,R,V,NA,NA,NA
PRM_0366,SKVDRFLGWF,TCTAAAGTTGATAGGTTCTTGGGTTGGTTCTAA,GAT,AGG,4,5,TRUE,D,R,R,V,NA,NA,NA
PRM_0366,SKVDSFLGWF,TCTAAAGTTGATAGTTTCTTGGGTTGGTTCTAA,GAT,AGT,4,5,TRUE,D,S,R,V,NA,NA,NA
PRM_0366,SKVDTFLGWF,TCTAAAGTTGATACGTTCTTGGGTTGGTTCTAA,GAT,ACG,4,5,TRUE,D,T,R,V,NA,NA,NA
PRM_0366,SKVDTFLGWF,TCTAAAGTTGATACTTTCTTGGGTTGGTTCTAA,GAT,ACT,4,5,TRUE,D,T,R,V,NA,NA,NA
PRM_0366,SKVD*FLGWF,TCTAAAGTTGATTAGTTCTTGGGTTGGTTCTAA,GAT,TAG,4,5,TRUE,D,*,R,V,NA,NA,NA
PRM_0366,SKVDYFLGWF,TCTAAAGTTGATTATTTCTTGGGTTGGTTCTAA,GAT,TAT,4,5,TRUE,D,Y,R,V,NA,NA,NA
PRM_0366,SKVDLFLGWF,TCTAAAGTTGATTTGTTCTTGGGTTGGTTCTAA,GAT,TTG,4,5,TRUE,D,L,R,V,NA,NA,NA
PRM_0366,SKVDFFLGWF,TCTAAAGTTGATTTTTTCTTGGGTTGGTTCTAA,GAT,TTT,4,5,TRUE,D,F,R,V,NA,NA,NA
PRM_0366,SKVDWFLGWF,TCTAAAGTTGATTGGTTCTTGGGTTGGTTCTAA,GAT,TGG,4,5,TRUE,D,W,R,V,NA,NA,NA
PRM_0366,SKVDCFLGWF,TCTAAAGTTGATTGTTTCTTGGGTTGGTTCTAA,GAT,TGT,4,5,TRUE,D,C,R,V,NA,NA,NA
PRM_0366,SKVDSFLGWF,TCTAAAGTTGATTCGTTCTTGGGTTGGTTCTAA,GAT,TCG,4,5,TRUE,D,S,R,V,NA,NA,NA
PRM_0366,SKVDSFLGWF,TCTAAAGTTGATTCTTTCTTGGGTTGGTTCTAA,GAT,TCT,4,5,TRUE,D,S,R,V,NA,NA,NA
PRM_0366,SKVDEFLGWF,TCTAAAGTTGATGAGTTCTTGGGTTGGTTCTAA,GAT,GAG,4,5,TRUE,D,E,R,V,NA,NA,NA
PRM_0366,SKVDDFLGWF,TCTAAAGTTGATGATTTCTTGGGTTGGTTCTAA,GAT,GAT,4,5,TRUE,D,D,R,V,NA,NA,NA
PRM_0366,SKVDVFLGWF,TCTAAAGTTGATGTGTTCTTGGGTTGGTTCTAA,GAT,GTG,4,5,FALSE,D,V,R,V,NA,NA,NA
PRM_0366,SKVDVFLGWF,TCTAAAGTTGATGTTTTCTTGGGTTGGTTCTAA,GAT,GTT,4,5,FALSE,D,V,R,V,NA,NA,NA
PRM_0366,SKVDGFLGWF,TCTAAAGTTGATGGGTTCTTGGGTTGGTTCTAA,GAT,GGG,4,5,TRUE,D,G,R,V,NA,NA,NA
PRM_0366,SKVDGFLGWF,TCTAAAGTTGATGGTTTCTTGGGTTGGTTCTAA,GAT,GGT,4,5,TRUE,D,G,R,V,NA,NA,NA
PRM_0366,SKVDAFLGWF,TCTAAAGTTGATGCGTTCTTGGGTTGGTTCTAA,GAT,GCG,4,5,TRUE,D,A,R,V,NA,NA,NA
PRM_0366,SKVDAFLGWF,TCTAAAGTTGATGCTTTCTTGGGTTGGTTCTAA,GAT,GCT,4,5,TRUE,D,A,R,V,NA,NA,NA
PRM_0366,SKVDQFLGWF,TCTAAAGTTGATCAGTTCTTGGGTTGGTTCTAA,GAT,CAG,4,5,TRUE,D,Q,R,V,NA,NA,NA
PRM_0366,SKVDHFLGWF,TCTAAAGTTGATCATTTCTTGGGTTGGTTCTAA,GAT,CAT,4,5,TRUE,D,H,R,V,NA,NA,NA
PRM_0366,SKVDLFLGWF,TCTAAAGTTGATCTGTTCTTGGGTTGGTTCTAA,GAT,CTG,4,5,TRUE,D,L,R,V,NA,NA,NA
PRM_0366,SKVDLFLGWF,TCTAAAGTTGATCTTTTCTTGGGTTGGTTCTAA,GAT,CTT,4,5,TRUE,D,L,R,V,NA,NA,NA
PRM_0366,SKVDRFLGWF,TCTAAAGTTGATCGGTTCTTGGGTTGGTTCTAA,GAT,CGG,4,5,TRUE,D,R,R,V,NA,NA,NA
PRM_0366,SKVDRFLGWF,TCTAAAGTTGATCGTTTCTTGGGTTGGTTCTAA,GAT,CGT,4,5,TRUE,D,R,R,V,NA,NA,NA
PRM_0366,SKVDPFLGWF,TCTAAAGTTGATCCGTTCTTGGGTTGGTTCTAA,GAT,CCG,4,5,TRUE,D,P,R,V,NA,NA,NA
PRM_0366,SKVDPFLGWF,TCTAAAGTTGATCCTTTCTTGGGTTGGTTCTAA,GAT,CCT,4,5,TRUE,D,P,R,V,NA,NA,NA
PRM_0366,SKVVKFLGWF,TCTAAAGTTGTGAAGTTCTTGGGTTGGTTCTAA,GTG,AAG,4,5,TRUE,V,K,R,V,NA,NA,NA
PRM_0366,SKVVNFLGWF,TCTAAAGTTGTGAATTTCTTGGGTTGGTTCTAA,GTG,AAT,4,5,TRUE,V,N,R,V,NA,NA,NA
PRM_0366,SKVVMFLGWF,TCTAAAGTTGTGATGTTCTTGGGTTGGTTCTAA,GTG,ATG,4,5,TRUE,V,M,R,V,NA,NA,NA
PRM_0366,SKVVIFLGWF,TCTAAAGTTGTGATTTTCTTGGGTTGGTTCTAA,GTG,ATT,4,5,TRUE,V,I,R,V,NA,NA,NA
PRM_0366,SKVVRFLGWF,TCTAAAGTTGTGAGGTTCTTGGGTTGGTTCTAA,GTG,AGG,4,5,TRUE,V,R,R,V,NA,NA,NA
PRM_0366,SKVVSFLGWF,TCTAAAGTTGTGAGTTTCTTGGGTTGGTTCTAA,GTG,AGT,4,5,TRUE,V,S,R,V,NA,NA,NA
PRM_0366,SKVVTFLGWF,TCTAAAGTTGTGACGTTCTTGGGTTGGTTCTAA,GTG,ACG,4,5,TRUE,V,T,R,V,NA,NA,NA
PRM_0366,SKVVTFLGWF,TCTAAAGTTGTGACTTTCTTGGGTTGGTTCTAA,GTG,ACT,4,5,TRUE,V,T,R,V,NA,NA,NA
PRM_0366,SKVV*FLGWF,TCTAAAGTTGTGTAGTTCTTGGGTTGGTTCTAA,GTG,TAG,4,5,TRUE,V,*,R,V,NA,NA,NA
PRM_0366,SKVVYFLGWF,TCTAAAGTTGTGTATTTCTTGGGTTGGTTCTAA,GTG,TAT,4,5,TRUE,V,Y,R,V,NA,NA,NA
PRM_0366,SKVVLFLGWF,TCTAAAGTTGTGTTGTTCTTGGGTTGGTTCTAA,GTG,TTG,4,5,TRUE,V,L,R,V,NA,NA,NA
PRM_0366,SKVVFFLGWF,TCTAAAGTTGTGTTTTTCTTGGGTTGGTTCTAA,GTG,TTT,4,5,TRUE,V,F,R,V,NA,NA,NA
PRM_0366,SKVVWFLGWF,TCTAAAGTTGTGTGGTTCTTGGGTTGGTTCTAA,GTG,TGG,4,5,TRUE,V,W,R,V,NA,NA,NA
PRM_0366,SKVVCFLGWF,TCTAAAGTTGTGTGTTTCTTGGGTTGGTTCTAA,GTG,TGT,4,5,TRUE,V,C,R,V,NA,NA,NA
PRM_0366,SKVVSFLGWF,TCTAAAGTTGTGTCGTTCTTGGGTTGGTTCTAA,GTG,TCG,4,5,TRUE,V,S,R,V,NA,NA,NA
PRM_0366,SKVVSFLGWF,TCTAAAGTTGTGTCTTTCTTGGGTTGGTTCTAA,GTG,TCT,4,5,TRUE,V,S,R,V,NA,NA,NA
PRM_0366,SKVVEFLGWF,TCTAAAGTTGTGGAGTTCTTGGGTTGGTTCTAA,GTG,GAG,4,5,TRUE,V,E,R,V,NA,NA,NA
PRM_0366,SKVVDFLGWF,TCTAAAGTTGTGGATTTCTTGGGTTGGTTCTAA,GTG,GAT,4,5,TRUE,V,D,R,V,NA,NA,NA
PRM_0366,SKVVVFLGWF,TCTAAAGTTGTGGTGTTCTTGGGTTGGTTCTAA,GTG,GTG,4,5,FALSE,V,V,R,V,NA,NA,NA
PRM_0366,SKVVVFLGWF,TCTAAAGTTGTGGTTTTCTTGGGTTGGTTCTAA,GTG,GTT,4,5,FALSE,V,V,R,V,NA,NA,NA
PRM_0366,SKVVGFLGWF,TCTAAAGTTGTGGGGTTCTTGGGTTGGTTCTAA,GTG,GGG,4,5,TRUE,V,G,R,V,NA,NA,NA
PRM_0366,SKVVGFLGWF,TCTAAAGTTGTGGGTTTCTTGGGTTGGTTCTAA,GTG,GGT,4,5,TRUE,V,G,R,V,NA,NA,NA
PRM_0366,SKVVAFLGWF,TCTAAAGTTGTGGCGTTCTTGGGTTGGTTCTAA,GTG,GCG,4,5,TRUE,V,A,R,V,NA,NA,NA
PRM_0366,SKVVAFLGWF,TCTAAAGTTGTGGCTTTCTTGGGTTGGTTCTAA,GTG,GCT,4,5,TRUE,V,A,R,V,NA,NA,NA
PRM_0366,SKVVQFLGWF,TCTAAAGTTGTGCAGTTCTTGGGTTGGTTCTAA,GTG,CAG,4,5,TRUE,V,Q,R,V,NA,NA,NA
PRM_0366,SKVVHFLGWF,TCTAAAGTTGTGCATTTCTTGGGTTGGTTCTAA,GTG,CAT,4,5,TRUE,V,H,R,V,NA,NA,NA
PRM_0366,SKVVLFLGWF,TCTAAAGTTGTGCTGTTCTTGGGTTGGTTCTAA,GTG,CTG,4,5,TRUE,V,L,R,V,NA,NA,NA
PRM_0366,SKVVLFLGWF,TCTAAAGTTGTGCTTTTCTTGGGTTGGTTCTAA,GTG,CTT,4,5,TRUE,V,L,R,V,NA,NA,NA
PRM_0366,SKVVRFLGWF,TCTAAAGTTGTGCGGTTCTTGGGTTGGTTCTAA,GTG,CGG,4,5,TRUE,V,R,R,V,NA,NA,NA
PRM_0366,SKVVRFLGWF,TCTAAAGTTGTGCGTTTCTTGGGTTGGTTCTAA,GTG,CGT,4,5,TRUE,V,R,R,V,NA,NA,NA
PRM_0366,SKVVPFLGWF,TCTAAAGTTGTGCCGTTCTTGGGTTGGTTCTAA,GTG,CCG,4,5,TRUE,V,P,R,V,NA,NA,NA
PRM_0366,SKVVPFLGWF,TCTAAAGTTGTGCCTTTCTTGGGTTGGTTCTAA,GTG,CCT,4,5,TRUE,V,P,R,V,NA,NA,NA
PRM_0366,SKVVKFLGWF,TCTAAAGTTGTTAAGTTCTTGGGTTGGTTCTAA,GTT,AAG,4,5,TRUE,V,K,R,V,NA,NA,NA
PRM_0366,SKVVNFLGWF,TCTAAAGTTGTTAATTTCTTGGGTTGGTTCTAA,GTT,AAT,4,5,TRUE,V,N,R,V,NA,NA,NA
PRM_0366,SKVVMFLGWF,TCTAAAGTTGTTATGTTCTTGGGTTGGTTCTAA,GTT,ATG,4,5,TRUE,V,M,R,V,NA,NA,NA
PRM_0366,SKVVIFLGWF,TCTAAAGTTGTTATTTTCTTGGGTTGGTTCTAA,GTT,ATT,4,5,TRUE,V,I,R,V,NA,NA,NA
PRM_0366,SKVVRFLGWF,TCTAAAGTTGTTAGGTTCTTGGGTTGGTTCTAA,GTT,AGG,4,5,TRUE,V,R,R,V,NA,NA,NA
PRM_0366,SKVVSFLGWF,TCTAAAGTTGTTAGTTTCTTGGGTTGGTTCTAA,GTT,AGT,4,5,TRUE,V,S,R,V,NA,NA,NA
PRM_0366,SKVVTFLGWF,TCTAAAGTTGTTACGTTCTTGGGTTGGTTCTAA,GTT,ACG,4,5,TRUE,V,T,R,V,NA,NA,NA
PRM_0366,SKVVTFLGWF,TCTAAAGTTGTTACTTTCTTGGGTTGGTTCTAA,GTT,ACT,4,5,TRUE,V,T,R,V,NA,NA,NA
PRM_0366,SKVV*FLGWF,TCTAAAGTTGTTTAGTTCTTGGGTTGGTTCTAA,GTT,TAG,4,5,TRUE,V,*,R,V,NA,NA,NA
PRM_0366,SKVVYFLGWF,TCTAAAGTTGTTTATTTCTTGGGTTGGTTCTAA,GTT,TAT,4,5,TRUE,V,Y,R,V,NA,NA,NA
PRM_0366,SKVVLFLGWF,TCTAAAGTTGTTTTGTTCTTGGGTTGGTTCTAA,GTT,TTG,4,5,TRUE,V,L,R,V,NA,NA,NA
PRM_0366,SKVVFFLGWF,TCTAAAGTTGTTTTTTTCTTGGGTTGGTTCTAA,GTT,TTT,4,5,TRUE,V,F,R,V,NA,NA,NA
PRM_0366,SKVVWFLGWF,TCTAAAGTTGTTTGGTTCTTGGGTTGGTTCTAA,GTT,TGG,4,5,TRUE,V,W,R,V,NA,NA,NA
PRM_0366,SKVVCFLGWF,TCTAAAGTTGTTTGTTTCTTGGGTTGGTTCTAA,GTT,TGT,4,5,TRUE,V,C,R,V,NA,NA,NA
PRM_0366,SKVVSFLGWF,TCTAAAGTTGTTTCGTTCTTGGGTTGGTTCTAA,GTT,TCG,4,5,TRUE,V,S,R,V,NA,NA,NA
PRM_0366,SKVVSFLGWF,TCTAAAGTTGTTTCTTTCTTGGGTTGGTTCTAA,GTT,TCT,4,5,TRUE,V,S,R,V,NA,NA,NA
PRM_0366,SKVVEFLGWF,TCTAAAGTTGTTGAGTTCTTGGGTTGGTTCTAA,GTT,GAG,4,5,TRUE,V,E,R,V,NA,NA,NA
PRM_0366,SKVVDFLGWF,TCTAAAGTTGTTGATTTCTTGGGTTGGTTCTAA,GTT,GAT,4,5,TRUE,V,D,R,V,NA,NA,NA
PRM_0366,SKVVVFLGWF,TCTAAAGTTGTTGTGTTCTTGGGTTGGTTCTAA,GTT,GTG,4,5,FALSE,V,V,R,V,NA,NA,NA
PRM_0366,SKVVVFLGWF,TCTAAAGTTGTTGTTTTCTTGGGTTGGTTCTAA,GTT,GTT,4,5,FALSE,V,V,R,V,NA,NA,NA
PRM_0366,SKVVGFLGWF,TCTAAAGTTGTTGGGTTCTTGGGTTGGTTCTAA,GTT,GGG,4,5,TRUE,V,G,R,V,NA,NA,NA
PRM_0366,SKVVGFLGWF,TCTAAAGTTGTTGGTTTCTTGGGTTGGTTCTAA,GTT,GGT,4,5,TRUE,V,G,R,V,NA,NA,NA
PRM_0366,SKVVAFLGWF,TCTAAAGTTGTTGCGTTCTTGGGTTGGTTCTAA,GTT,GCG,4,5,TRUE,V,A,R,V,NA,NA,NA
PRM_0366,SKVVAFLGWF,TCTAAAGTTGTTGCTTTCTTGGGTTGGTTCTAA,GTT,GCT,4,5,TRUE,V,A,R,V,NA,NA,NA
PRM_0366,SKVVQFLGWF,TCTAAAGTTGTTCAGTTCTTGGGTTGGTTCTAA,GTT,CAG,4,5,TRUE,V,Q,R,V,NA,NA,NA
PRM_0366,SKVVHFLGWF,TCTAAAGTTGTTCATTTCTTGGGTTGGTTCTAA,GTT,CAT,4,5,TRUE,V,H,R,V,NA,NA,NA
PRM_0366,SKVVLFLGWF,TCTAAAGTTGTTCTGTTCTTGGGTTGGTTCTAA,GTT,CTG,4,5,TRUE,V,L,R,V,NA,NA,NA
PRM_0366,SKVVLFLGWF,TCTAAAGTTGTTCTTTTCTTGGGTTGGTTCTAA,GTT,CTT,4,5,TRUE,V,L,R,V,NA,NA,NA
PRM_0366,SKVVRFLGWF,TCTAAAGTTGTTCGGTTCTTGGGTTGGTTCTAA,GTT,CGG,4,5,TRUE,V,R,R,V,NA,NA,NA
PRM_0366,SKVVRFLGWF,TCTAAAGTTGTTCGTTTCTTGGGTTGGTTCTAA,GTT,CGT,4,5,TRUE,V,R,R,V,NA,NA,NA
PRM_0366,SKVVPFLGWF,TCTAAAGTTGTTCCGTTCTTGGGTTGGTTCTAA,GTT,CCG,4,5,TRUE,V,P,R,V,NA,NA,NA
PRM_0366,SKVVPFLGWF,TCTAAAGTTGTTCCTTTCTTGGGTTGGTTCTAA,GTT,CCT,4,5,TRUE,V,P,R,V,NA,NA,NA
PRM_0366,SKVGKFLGWF,TCTAAAGTTGGGAAGTTCTTGGGTTGGTTCTAA,GGG,AAG,4,5,TRUE,G,K,R,V,NA,NA,NA
PRM_0366,SKVGNFLGWF,TCTAAAGTTGGGAATTTCTTGGGTTGGTTCTAA,GGG,AAT,4,5,TRUE,G,N,R,V,NA,NA,NA
PRM_0366,SKVGMFLGWF,TCTAAAGTTGGGATGTTCTTGGGTTGGTTCTAA,GGG,ATG,4,5,TRUE,G,M,R,V,NA,NA,NA
PRM_0366,SKVGIFLGWF,TCTAAAGTTGGGATTTTCTTGGGTTGGTTCTAA,GGG,ATT,4,5,TRUE,G,I,R,V,NA,NA,NA
PRM_0366,SKVGRFLGWF,TCTAAAGTTGGGAGGTTCTTGGGTTGGTTCTAA,GGG,AGG,4,5,TRUE,G,R,R,V,NA,NA,NA
PRM_0366,SKVGSFLGWF,TCTAAAGTTGGGAGTTTCTTGGGTTGGTTCTAA,GGG,AGT,4,5,TRUE,G,S,R,V,NA,NA,NA
PRM_0366,SKVGTFLGWF,TCTAAAGTTGGGACGTTCTTGGGTTGGTTCTAA,GGG,ACG,4,5,TRUE,G,T,R,V,NA,NA,NA
PRM_0366,SKVGTFLGWF,TCTAAAGTTGGGACTTTCTTGGGTTGGTTCTAA,GGG,ACT,4,5,TRUE,G,T,R,V,NA,NA,NA
PRM_0366,SKVG*FLGWF,TCTAAAGTTGGGTAGTTCTTGGGTTGGTTCTAA,GGG,TAG,4,5,TRUE,G,*,R,V,NA,NA,NA
PRM_0366,SKVGYFLGWF,TCTAAAGTTGGGTATTTCTTGGGTTGGTTCTAA,GGG,TAT,4,5,TRUE,G,Y,R,V,NA,NA,NA
PRM_0366,SKVGLFLGWF,TCTAAAGTTGGGTTGTTCTTGGGTTGGTTCTAA,GGG,TTG,4,5,TRUE,G,L,R,V,NA,NA,NA
PRM_0366,SKVGFFLGWF,TCTAAAGTTGGGTTTTTCTTGGGTTGGTTCTAA,GGG,TTT,4,5,TRUE,G,F,R,V,NA,NA,NA
PRM_0366,SKVGWFLGWF,TCTAAAGTTGGGTGGTTCTTGGGTTGGTTCTAA,GGG,TGG,4,5,TRUE,G,W,R,V,NA,NA,NA
PRM_0366,SKVGCFLGWF,TCTAAAGTTGGGTGTTTCTTGGGTTGGTTCTAA,GGG,TGT,4,5,TRUE,G,C,R,V,NA,NA,NA
PRM_0366,SKVGSFLGWF,TCTAAAGTTGGGTCGTTCTTGGGTTGGTTCTAA,GGG,TCG,4,5,TRUE,G,S,R,V,NA,NA,NA
PRM_0366,SKVGSFLGWF,TCTAAAGTTGGGTCTTTCTTGGGTTGGTTCTAA,GGG,TCT,4,5,TRUE,G,S,R,V,NA,NA,NA
PRM_0366,SKVGEFLGWF,TCTAAAGTTGGGGAGTTCTTGGGTTGGTTCTAA,GGG,GAG,4,5,TRUE,G,E,R,V,NA,NA,NA
PRM_0366,SKVGDFLGWF,TCTAAAGTTGGGGATTTCTTGGGTTGGTTCTAA,GGG,GAT,4,5,TRUE,G,D,R,V,NA,NA,NA
PRM_0366,SKVGVFLGWF,TCTAAAGTTGGGGTGTTCTTGGGTTGGTTCTAA,GGG,GTG,4,5,FALSE,G,V,R,V,NA,NA,NA
PRM_0366,SKVGVFLGWF,TCTAAAGTTGGGGTTTTCTTGGGTTGGTTCTAA,GGG,GTT,4,5,FALSE,G,V,R,V,NA,NA,NA
PRM_0366,SKVGGFLGWF,TCTAAAGTTGGGGGGTTCTTGGGTTGGTTCTAA,GGG,GGG,4,5,TRUE,G,G,R,V,NA,NA,NA
PRM_0366,SKVGGFLGWF,TCTAAAGTTGGGGGTTTCTTGGGTTGGTTCTAA,GGG,GGT,4,5,TRUE,G,G,R,V,NA,NA,NA
PRM_0366,SKVGAFLGWF,TCTAAAGTTGGGGCGTTCTTGGGTTGGTTCTAA,GGG,GCG,4,5,TRUE,G,A,R,V,NA,NA,NA
PRM_0366,SKVGAFLGWF,TCTAAAGTTGGGGCTTTCTTGGGTTGGTTCTAA,GGG,GCT,4,5,TRUE,G,A,R,V,NA,NA,NA
PRM_0366,SKVGQFLGWF,TCTAAAGTTGGGCAGTTCTTGGGTTGGTTCTAA,GGG,CAG,4,5,TRUE,G,Q,R,V,NA,NA,NA
PRM_0366,SKVGHFLGWF,TCTAAAGTTGGGCATTTCTTGGGTTGGTTCTAA,GGG,CAT,4,5,TRUE,G,H,R,V,NA,NA,NA
PRM_0366,SKVGLFLGWF,TCTAAAGTTGGGCTGTTCTTGGGTTGGTTCTAA,GGG,CTG,4,5,TRUE,G,L,R,V,NA,NA,NA
PRM_0366,SKVGLFLGWF,TCTAAAGTTGGGCTTTTCTTGGGTTGGTTCTAA,GGG,CTT,4,5,TRUE,G,L,R,V,NA,NA,NA
PRM_0366,SKVGRFLGWF,TCTAAAGTTGGGCGGTTCTTGGGTTGGTTCTAA,GGG,CGG,4,5,TRUE,G,R,R,V,NA,NA,NA
PRM_0366,SKVGRFLGWF,TCTAAAGTTGGGCGTTTCTTGGGTTGGTTCTAA,GGG,CGT,4,5,TRUE,G,R,R,V,NA,NA,NA
PRM_0366,SKVGPFLGWF,TCTAAAGTTGGGCCGTTCTTGGGTTGGTTCTAA,GGG,CCG,4,5,TRUE,G,P,R,V,NA,NA,NA
PRM_0366,SKVGPFLGWF,TCTAAAGTTGGGCCTTTCTTGGGTTGGTTCTAA,GGG,CCT,4,5,TRUE,G,P,R,V,NA,NA,NA
PRM_0366,SKVGKFLGWF,TCTAAAGTTGGTAAGTTCTTGGGTTGGTTCTAA,GGT,AAG,4,5,TRUE,G,K,R,V,NA,NA,NA
PRM_0366,SKVGNFLGWF,TCTAAAGTTGGTAATTTCTTGGGTTGGTTCTAA,GGT,AAT,4,5,TRUE,G,N,R,V,NA,NA,NA
PRM_0366,SKVGMFLGWF,TCTAAAGTTGGTATGTTCTTGGGTTGGTTCTAA,GGT,ATG,4,5,TRUE,G,M,R,V,NA,NA,NA
PRM_0366,SKVGIFLGWF,TCTAAAGTTGGTATTTTCTTGGGTTGGTTCTAA,GGT,ATT,4,5,TRUE,G,I,R,V,NA,NA,NA
PRM_0366,SKVGRFLGWF,TCTAAAGTTGGTAGGTTCTTGGGTTGGTTCTAA,GGT,AGG,4,5,TRUE,G,R,R,V,NA,NA,NA
PRM_0366,SKVGSFLGWF,TCTAAAGTTGGTAGTTTCTTGGGTTGGTTCTAA,GGT,AGT,4,5,TRUE,G,S,R,V,NA,NA,NA
PRM_0366,SKVGTFLGWF,TCTAAAGTTGGTACGTTCTTGGGTTGGTTCTAA,GGT,ACG,4,5,TRUE,G,T,R,V,NA,NA,NA
PRM_0366,SKVGTFLGWF,TCTAAAGTTGGTACTTTCTTGGGTTGGTTCTAA,GGT,ACT,4,5,TRUE,G,T,R,V,NA,NA,NA
PRM_0366,SKVG*FLGWF,TCTAAAGTTGGTTAGTTCTTGGGTTGGTTCTAA,GGT,TAG,4,5,TRUE,G,*,R,V,NA,NA,NA
PRM_0366,SKVGYFLGWF,TCTAAAGTTGGTTATTTCTTGGGTTGGTTCTAA,GGT,TAT,4,5,TRUE,G,Y,R,V,NA,NA,NA
PRM_0366,SKVGLFLGWF,TCTAAAGTTGGTTTGTTCTTGGGTTGGTTCTAA,GGT,TTG,4,5,TRUE,G,L,R,V,NA,NA,NA
PRM_0366,SKVGFFLGWF,TCTAAAGTTGGTTTTTTCTTGGGTTGGTTCTAA,GGT,TTT,4,5,TRUE,G,F,R,V,NA,NA,NA
PRM_0366,SKVGWFLGWF,TCTAAAGTTGGTTGGTTCTTGGGTTGGTTCTAA,GGT,TGG,4,5,TRUE,G,W,R,V,NA,NA,NA
PRM_0366,SKVGCFLGWF,TCTAAAGTTGGTTGTTTCTTGGGTTGGTTCTAA,GGT,TGT,4,5,TRUE,G,C,R,V,NA,NA,NA
PRM_0366,SKVGSFLGWF,TCTAAAGTTGGTTCGTTCTTGGGTTGGTTCTAA,GGT,TCG,4,5,TRUE,G,S,R,V,NA,NA,NA
PRM_0366,SKVGSFLGWF,TCTAAAGTTGGTTCTTTCTTGGGTTGGTTCTAA,GGT,TCT,4,5,TRUE,G,S,R,V,NA,NA,NA
PRM_0366,SKVGEFLGWF,TCTAAAGTTGGTGAGTTCTTGGGTTGGTTCTAA,GGT,GAG,4,5,TRUE,G,E,R,V,NA,NA,NA
PRM_0366,SKVGDFLGWF,TCTAAAGTTGGTGATTTCTTGGGTTGGTTCTAA,GGT,GAT,4,5,TRUE,G,D,R,V,NA,NA,NA
PRM_0366,SKVGVFLGWF,TCTAAAGTTGGTGTGTTCTTGGGTTGGTTCTAA,GGT,GTG,4,5,FALSE,G,V,R,V,NA,NA,NA
PRM_0366,SKVGVFLGWF,TCTAAAGTTGGTGTTTTCTTGGGTTGGTTCTAA,GGT,GTT,4,5,FALSE,G,V,R,V,NA,NA,NA
PRM_0366,SKVGGFLGWF,TCTAAAGTTGGTGGGTTCTTGGGTTGGTTCTAA,GGT,GGG,4,5,TRUE,G,G,R,V,NA,NA,NA
PRM_0366,SKVGGFLGWF,TCTAAAGTTGGTGGTTTCTTGGGTTGGTTCTAA,GGT,GGT,4,5,TRUE,G,G,R,V,NA,NA,NA
PRM_0366,SKVGAFLGWF,TCTAAAGTTGGTGCGTTCTTGGGTTGGTTCTAA,GGT,GCG,4,5,TRUE,G,A,R,V,NA,NA,NA
PRM_0366,SKVGAFLGWF,TCTAAAGTTGGTGCTTTCTTGGGTTGGTTCTAA,GGT,GCT,4,5,TRUE,G,A,R,V,NA,NA,NA
PRM_0366,SKVGQFLGWF,TCTAAAGTTGGTCAGTTCTTGGGTTGGTTCTAA,GGT,CAG,4,5,TRUE,G,Q,R,V,NA,NA,NA
PRM_0366,SKVGHFLGWF,TCTAAAGTTGGTCATTTCTTGGGTTGGTTCTAA,GGT,CAT,4,5,TRUE,G,H,R,V,NA,NA,NA
PRM_0366,SKVGLFLGWF,TCTAAAGTTGGTCTGTTCTTGGGTTGGTTCTAA,GGT,CTG,4,5,TRUE,G,L,R,V,NA,NA,NA
PRM_0366,SKVGLFLGWF,TCTAAAGTTGGTCTTTTCTTGGGTTGGTTCTAA,GGT,CTT,4,5,TRUE,G,L,R,V,NA,NA,NA
PRM_0366,SKVGRFLGWF,TCTAAAGTTGGTCGGTTCTTGGGTTGGTTCTAA,GGT,CGG,4,5,TRUE,G,R,R,V,NA,NA,NA
PRM_0366,SKVGRFLGWF,TCTAAAGTTGGTCGTTTCTTGGGTTGGTTCTAA,GGT,CGT,4,5,TRUE,G,R,R,V,NA,NA,NA
PRM_0366,SKVGPFLGWF,TCTAAAGTTGGTCCGTTCTTGGGTTGGTTCTAA,GGT,CCG,4,5,TRUE,G,P,R,V,NA,NA,NA
PRM_0366,SKVGPFLGWF,TCTAAAGTTGGTCCTTTCTTGGGTTGGTTCTAA,GGT,CCT,4,5,TRUE,G,P,R,V,NA,NA,NA
PRM_0366,SKVAKFLGWF,TCTAAAGTTGCGAAGTTCTTGGGTTGGTTCTAA,GCG,AAG,4,5,TRUE,A,K,R,V,NA,NA,NA
PRM_0366,SKVANFLGWF,TCTAAAGTTGCGAATTTCTTGGGTTGGTTCTAA,GCG,AAT,4,5,TRUE,A,N,R,V,NA,NA,NA
PRM_0366,SKVAMFLGWF,TCTAAAGTTGCGATGTTCTTGGGTTGGTTCTAA,GCG,ATG,4,5,TRUE,A,M,R,V,NA,NA,NA
PRM_0366,SKVAIFLGWF,TCTAAAGTTGCGATTTTCTTGGGTTGGTTCTAA,GCG,ATT,4,5,TRUE,A,I,R,V,NA,NA,NA
PRM_0366,SKVARFLGWF,TCTAAAGTTGCGAGGTTCTTGGGTTGGTTCTAA,GCG,AGG,4,5,TRUE,A,R,R,V,NA,NA,NA
PRM_0366,SKVASFLGWF,TCTAAAGTTGCGAGTTTCTTGGGTTGGTTCTAA,GCG,AGT,4,5,TRUE,A,S,R,V,NA,NA,NA
PRM_0366,SKVATFLGWF,TCTAAAGTTGCGACGTTCTTGGGTTGGTTCTAA,GCG,ACG,4,5,TRUE,A,T,R,V,NA,NA,NA
PRM_0366,SKVATFLGWF,TCTAAAGTTGCGACTTTCTTGGGTTGGTTCTAA,GCG,ACT,4,5,TRUE,A,T,R,V,NA,NA,NA
PRM_0366,SKVA*FLGWF,TCTAAAGTTGCGTAGTTCTTGGGTTGGTTCTAA,GCG,TAG,4,5,TRUE,A,*,R,V,NA,NA,NA
PRM_0366,SKVAYFLGWF,TCTAAAGTTGCGTATTTCTTGGGTTGGTTCTAA,GCG,TAT,4,5,TRUE,A,Y,R,V,NA,NA,NA
PRM_0366,SKVALFLGWF,TCTAAAGTTGCGTTGTTCTTGGGTTGGTTCTAA,GCG,TTG,4,5,TRUE,A,L,R,V,NA,NA,NA
PRM_0366,SKVAFFLGWF,TCTAAAGTTGCGTTTTTCTTGGGTTGGTTCTAA,GCG,TTT,4,5,TRUE,A,F,R,V,NA,NA,NA
PRM_0366,SKVAWFLGWF,TCTAAAGTTGCGTGGTTCTTGGGTTGGTTCTAA,GCG,TGG,4,5,TRUE,A,W,R,V,NA,NA,NA
PRM_0366,SKVACFLGWF,TCTAAAGTTGCGTGTTTCTTGGGTTGGTTCTAA,GCG,TGT,4,5,TRUE,A,C,R,V,NA,NA,NA
PRM_0366,SKVASFLGWF,TCTAAAGTTGCGTCGTTCTTGGGTTGGTTCTAA,GCG,TCG,4,5,TRUE,A,S,R,V,NA,NA,NA
PRM_0366,SKVASFLGWF,TCTAAAGTTGCGTCTTTCTTGGGTTGGTTCTAA,GCG,TCT,4,5,TRUE,A,S,R,V,NA,NA,NA
PRM_0366,SKVAEFLGWF,TCTAAAGTTGCGGAGTTCTTGGGTTGGTTCTAA,GCG,GAG,4,5,TRUE,A,E,R,V,NA,NA,NA
PRM_0366,SKVADFLGWF,TCTAAAGTTGCGGATTTCTTGGGTTGGTTCTAA,GCG,GAT,4,5,TRUE,A,D,R,V,NA,NA,NA
PRM_0366,SKVAVFLGWF,TCTAAAGTTGCGGTGTTCTTGGGTTGGTTCTAA,GCG,GTG,4,5,FALSE,A,V,R,V,NA,NA,NA
PRM_0366,SKVAVFLGWF,TCTAAAGTTGCGGTTTTCTTGGGTTGGTTCTAA,GCG,GTT,4,5,FALSE,A,V,R,V,NA,NA,NA
PRM_0366,SKVAGFLGWF,TCTAAAGTTGCGGGGTTCTTGGGTTGGTTCTAA,GCG,GGG,4,5,TRUE,A,G,R,V,NA,NA,NA
PRM_0366,SKVAGFLGWF,TCTAAAGTTGCGGGTTTCTTGGGTTGGTTCTAA,GCG,GGT,4,5,TRUE,A,G,R,V,NA,NA,NA
PRM_0366,SKVAAFLGWF,TCTAAAGTTGCGGCGTTCTTGGGTTGGTTCTAA,GCG,GCG,4,5,TRUE,A,A,R,V,NA,NA,NA
PRM_0366,SKVAAFLGWF,TCTAAAGTTGCGGCTTTCTTGGGTTGGTTCTAA,GCG,GCT,4,5,TRUE,A,A,R,V,NA,NA,NA
PRM_0366,SKVAQFLGWF,TCTAAAGTTGCGCAGTTCTTGGGTTGGTTCTAA,GCG,CAG,4,5,TRUE,A,Q,R,V,NA,NA,NA
PRM_0366,SKVAHFLGWF,TCTAAAGTTGCGCATTTCTTGGGTTGGTTCTAA,GCG,CAT,4,5,TRUE,A,H,R,V,NA,NA,NA
PRM_0366,SKVALFLGWF,TCTAAAGTTGCGCTGTTCTTGGGTTGGTTCTAA,GCG,CTG,4,5,TRUE,A,L,R,V,NA,NA,NA
PRM_0366,SKVALFLGWF,TCTAAAGTTGCGCTTTTCTTGGGTTGGTTCTAA,GCG,CTT,4,5,TRUE,A,L,R,V,NA,NA,NA
PRM_0366,SKVARFLGWF,TCTAAAGTTGCGCGGTTCTTGGGTTGGTTCTAA,GCG,CGG,4,5,TRUE,A,R,R,V,NA,NA,NA
PRM_0366,SKVARFLGWF,TCTAAAGTTGCGCGTTTCTTGGGTTGGTTCTAA,GCG,CGT,4,5,TRUE,A,R,R,V,NA,NA,NA
PRM_0366,SKVAPFLGWF,TCTAAAGTTGCGCCGTTCTTGGGTTGGTTCTAA,GCG,CCG,4,5,TRUE,A,P,R,V,NA,NA,NA
PRM_0366,SKVAPFLGWF,TCTAAAGTTGCGCCTTTCTTGGGTTGGTTCTAA,GCG,CCT,4,5,TRUE,A,P,R,V,NA,NA,NA
PRM_0366,SKVAKFLGWF,TCTAAAGTTGCTAAGTTCTTGGGTTGGTTCTAA,GCT,AAG,4,5,TRUE,A,K,R,V,NA,NA,NA
PRM_0366,SKVANFLGWF,TCTAAAGTTGCTAATTTCTTGGGTTGGTTCTAA,GCT,AAT,4,5,TRUE,A,N,R,V,NA,NA,NA
PRM_0366,SKVAMFLGWF,TCTAAAGTTGCTATGTTCTTGGGTTGGTTCTAA,GCT,ATG,4,5,TRUE,A,M,R,V,NA,NA,NA
PRM_0366,SKVAIFLGWF,TCTAAAGTTGCTATTTTCTTGGGTTGGTTCTAA,GCT,ATT,4,5,TRUE,A,I,R,V,NA,NA,NA
PRM_0366,SKVARFLGWF,TCTAAAGTTGCTAGGTTCTTGGGTTGGTTCTAA,GCT,AGG,4,5,TRUE,A,R,R,V,NA,NA,NA
PRM_0366,SKVASFLGWF,TCTAAAGTTGCTAGTTTCTTGGGTTGGTTCTAA,GCT,AGT,4,5,TRUE,A,S,R,V,NA,NA,NA
PRM_0366,SKVATFLGWF,TCTAAAGTTGCTACGTTCTTGGGTTGGTTCTAA,GCT,ACG,4,5,TRUE,A,T,R,V,NA,NA,NA
PRM_0366,SKVATFLGWF,TCTAAAGTTGCTACTTTCTTGGGTTGGTTCTAA,GCT,ACT,4,5,TRUE,A,T,R,V,NA,NA,NA
PRM_0366,SKVA*FLGWF,TCTAAAGTTGCTTAGTTCTTGGGTTGGTTCTAA,GCT,TAG,4,5,TRUE,A,*,R,V,NA,NA,NA
PRM_0366,SKVAYFLGWF,TCTAAAGTTGCTTATTTCTTGGGTTGGTTCTAA,GCT,TAT,4,5,TRUE,A,Y,R,V,NA,NA,NA
PRM_0366,SKVALFLGWF,TCTAAAGTTGCTTTGTTCTTGGGTTGGTTCTAA,GCT,TTG,4,5,TRUE,A,L,R,V,NA,NA,NA
PRM_0366,SKVAFFLGWF,TCTAAAGTTGCTTTTTTCTTGGGTTGGTTCTAA,GCT,TTT,4,5,TRUE,A,F,R,V,NA,NA,NA
PRM_0366,SKVAWFLGWF,TCTAAAGTTGCTTGGTTCTTGGGTTGGTTCTAA,GCT,TGG,4,5,TRUE,A,W,R,V,NA,NA,NA
PRM_0366,SKVACFLGWF,TCTAAAGTTGCTTGTTTCTTGGGTTGGTTCTAA,GCT,TGT,4,5,TRUE,A,C,R,V,NA,NA,NA
PRM_0366,SKVASFLGWF,TCTAAAGTTGCTTCGTTCTTGGGTTGGTTCTAA,GCT,TCG,4,5,TRUE,A,S,R,V,NA,NA,NA
PRM_0366,SKVASFLGWF,TCTAAAGTTGCTTCTTTCTTGGGTTGGTTCTAA,GCT,TCT,4,5,TRUE,A,S,R,V,NA,NA,NA
PRM_0366,SKVAEFLGWF,TCTAAAGTTGCTGAGTTCTTGGGTTGGTTCTAA,GCT,GAG,4,5,TRUE,A,E,R,V,NA,NA,NA
PRM_0366,SKVADFLGWF,TCTAAAGTTGCTGATTTCTTGGGTTGGTTCTAA,GCT,GAT,4,5,TRUE,A,D,R,V,NA,NA,NA
PRM_0366,SKVAVFLGWF,TCTAAAGTTGCTGTGTTCTTGGGTTGGTTCTAA,GCT,GTG,4,5,FALSE,A,V,R,V,NA,NA,NA
PRM_0366,SKVAVFLGWF,TCTAAAGTTGCTGTTTTCTTGGGTTGGTTCTAA,GCT,GTT,4,5,FALSE,A,V,R,V,NA,NA,NA
PRM_0366,SKVAGFLGWF,TCTAAAGTTGCTGGGTTCTTGGGTTGGTTCTAA,GCT,GGG,4,5,TRUE,A,G,R,V,NA,NA,NA
PRM_0366,SKVAGFLGWF,TCTAAAGTTGCTGGTTTCTTGGGTTGGTTCTAA,GCT,GGT,4,5,TRUE,A,G,R,V,NA,NA,NA
PRM_0366,SKVAAFLGWF,TCTAAAGTTGCTGCGTTCTTGGGTTGGTTCTAA,GCT,GCG,4,5,TRUE,A,A,R,V,NA,NA,NA
PRM_0366,SKVAAFLGWF,TCTAAAGTTGCTGCTTTCTTGGGTTGGTTCTAA,GCT,GCT,4,5,TRUE,A,A,R,V,NA,NA,NA
PRM_0366,SKVAQFLGWF,TCTAAAGTTGCTCAGTTCTTGGGTTGGTTCTAA,GCT,CAG,4,5,TRUE,A,Q,R,V,NA,NA,NA
PRM_0366,SKVAHFLGWF,TCTAAAGTTGCTCATTTCTTGGGTTGGTTCTAA,GCT,CAT,4,5,TRUE,A,H,R,V,NA,NA,NA
PRM_0366,SKVALFLGWF,TCTAAAGTTGCTCTGTTCTTGGGTTGGTTCTAA,GCT,CTG,4,5,TRUE,A,L,R,V,NA,NA,NA
PRM_0366,SKVALFLGWF,TCTAAAGTTGCTCTTTTCTTGGGTTGGTTCTAA,GCT,CTT,4,5,TRUE,A,L,R,V,NA,NA,NA
PRM_0366,SKVARFLGWF,TCTAAAGTTGCTCGGTTCTTGGGTTGGTTCTAA,GCT,CGG,4,5,TRUE,A,R,R,V,NA,NA,NA
PRM_0366,SKVARFLGWF,TCTAAAGTTGCTCGTTTCTTGGGTTGGTTCTAA,GCT,CGT,4,5,TRUE,A,R,R,V,NA,NA,NA
PRM_0366,SKVAPFLGWF,TCTAAAGTTGCTCCGTTCTTGGGTTGGTTCTAA,GCT,CCG,4,5,TRUE,A,P,R,V,NA,NA,NA
PRM_0366,SKVAPFLGWF,TCTAAAGTTGCTCCTTTCTTGGGTTGGTTCTAA,GCT,CCT,4,5,TRUE,A,P,R,V,NA,NA,NA
PRM_0366,SKVQKFLGWF,TCTAAAGTTCAGAAGTTCTTGGGTTGGTTCTAA,CAG,AAG,4,5,TRUE,Q,K,R,V,NA,NA,NA
PRM_0366,SKVQNFLGWF,TCTAAAGTTCAGAATTTCTTGGGTTGGTTCTAA,CAG,AAT,4,5,TRUE,Q,N,R,V,NA,NA,NA
PRM_0366,SKVQMFLGWF,TCTAAAGTTCAGATGTTCTTGGGTTGGTTCTAA,CAG,ATG,4,5,TRUE,Q,M,R,V,NA,NA,NA
PRM_0366,SKVQIFLGWF,TCTAAAGTTCAGATTTTCTTGGGTTGGTTCTAA,CAG,ATT,4,5,TRUE,Q,I,R,V,NA,NA,NA
PRM_0366,SKVQRFLGWF,TCTAAAGTTCAGAGGTTCTTGGGTTGGTTCTAA,CAG,AGG,4,5,TRUE,Q,R,R,V,NA,NA,NA
PRM_0366,SKVQSFLGWF,TCTAAAGTTCAGAGTTTCTTGGGTTGGTTCTAA,CAG,AGT,4,5,TRUE,Q,S,R,V,NA,NA,NA
PRM_0366,SKVQTFLGWF,TCTAAAGTTCAGACGTTCTTGGGTTGGTTCTAA,CAG,ACG,4,5,TRUE,Q,T,R,V,NA,NA,NA
PRM_0366,SKVQTFLGWF,TCTAAAGTTCAGACTTTCTTGGGTTGGTTCTAA,CAG,ACT,4,5,TRUE,Q,T,R,V,NA,NA,NA
PRM_0366,SKVQ*FLGWF,TCTAAAGTTCAGTAGTTCTTGGGTTGGTTCTAA,CAG,TAG,4,5,TRUE,Q,*,R,V,NA,NA,NA
PRM_0366,SKVQYFLGWF,TCTAAAGTTCAGTATTTCTTGGGTTGGTTCTAA,CAG,TAT,4,5,TRUE,Q,Y,R,V,NA,NA,NA
PRM_0366,SKVQLFLGWF,TCTAAAGTTCAGTTGTTCTTGGGTTGGTTCTAA,CAG,TTG,4,5,TRUE,Q,L,R,V,NA,NA,NA
PRM_0366,SKVQFFLGWF,TCTAAAGTTCAGTTTTTCTTGGGTTGGTTCTAA,CAG,TTT,4,5,TRUE,Q,F,R,V,NA,NA,NA
PRM_0366,SKVQWFLGWF,TCTAAAGTTCAGTGGTTCTTGGGTTGGTTCTAA,CAG,TGG,4,5,TRUE,Q,W,R,V,NA,NA,NA
PRM_0366,SKVQCFLGWF,TCTAAAGTTCAGTGTTTCTTGGGTTGGTTCTAA,CAG,TGT,4,5,TRUE,Q,C,R,V,NA,NA,NA
PRM_0366,SKVQSFLGWF,TCTAAAGTTCAGTCGTTCTTGGGTTGGTTCTAA,CAG,TCG,4,5,TRUE,Q,S,R,V,NA,NA,NA
PRM_0366,SKVQSFLGWF,TCTAAAGTTCAGTCTTTCTTGGGTTGGTTCTAA,CAG,TCT,4,5,TRUE,Q,S,R,V,NA,NA,NA
PRM_0366,SKVQEFLGWF,TCTAAAGTTCAGGAGTTCTTGGGTTGGTTCTAA,CAG,GAG,4,5,TRUE,Q,E,R,V,NA,NA,NA
PRM_0366,SKVQDFLGWF,TCTAAAGTTCAGGATTTCTTGGGTTGGTTCTAA,CAG,GAT,4,5,TRUE,Q,D,R,V,NA,NA,NA
PRM_0366,SKVQVFLGWF,TCTAAAGTTCAGGTGTTCTTGGGTTGGTTCTAA,CAG,GTG,4,5,FALSE,Q,V,R,V,NA,NA,NA
PRM_0366,SKVQVFLGWF,TCTAAAGTTCAGGTTTTCTTGGGTTGGTTCTAA,CAG,GTT,4,5,FALSE,Q,V,R,V,NA,NA,NA
PRM_0366,SKVQGFLGWF,TCTAAAGTTCAGGGGTTCTTGGGTTGGTTCTAA,CAG,GGG,4,5,TRUE,Q,G,R,V,NA,NA,NA
PRM_0366,SKVQGFLGWF,TCTAAAGTTCAGGGTTTCTTGGGTTGGTTCTAA,CAG,GGT,4,5,TRUE,Q,G,R,V,NA,NA,NA
PRM_0366,SKVQAFLGWF,TCTAAAGTTCAGGCGTTCTTGGGTTGGTTCTAA,CAG,GCG,4,5,TRUE,Q,A,R,V,NA,NA,NA
PRM_0366,SKVQAFLGWF,TCTAAAGTTCAGGCTTTCTTGGGTTGGTTCTAA,CAG,GCT,4,5,TRUE,Q,A,R,V,NA,NA,NA
PRM_0366,SKVQQFLGWF,TCTAAAGTTCAGCAGTTCTTGGGTTGGTTCTAA,CAG,CAG,4,5,TRUE,Q,Q,R,V,NA,NA,NA
PRM_0366,SKVQHFLGWF,TCTAAAGTTCAGCATTTCTTGGGTTGGTTCTAA,CAG,CAT,4,5,TRUE,Q,H,R,V,NA,NA,NA
PRM_0366,SKVQLFLGWF,TCTAAAGTTCAGCTGTTCTTGGGTTGGTTCTAA,CAG,CTG,4,5,TRUE,Q,L,R,V,NA,NA,NA
PRM_0366,SKVQLFLGWF,TCTAAAGTTCAGCTTTTCTTGGGTTGGTTCTAA,CAG,CTT,4,5,TRUE,Q,L,R,V,NA,NA,NA
PRM_0366,SKVQRFLGWF,TCTAAAGTTCAGCGGTTCTTGGGTTGGTTCTAA,CAG,CGG,4,5,TRUE,Q,R,R,V,NA,NA,NA
PRM_0366,SKVQRFLGWF,TCTAAAGTTCAGCGTTTCTTGGGTTGGTTCTAA,CAG,CGT,4,5,TRUE,Q,R,R,V,NA,NA,NA
PRM_0366,SKVQPFLGWF,TCTAAAGTTCAGCCGTTCTTGGGTTGGTTCTAA,CAG,CCG,4,5,TRUE,Q,P,R,V,NA,NA,NA
PRM_0366,SKVQPFLGWF,TCTAAAGTTCAGCCTTTCTTGGGTTGGTTCTAA,CAG,CCT,4,5,TRUE,Q,P,R,V,NA,NA,NA
PRM_0366,SKVHKFLGWF,TCTAAAGTTCATAAGTTCTTGGGTTGGTTCTAA,CAT,AAG,4,5,TRUE,H,K,R,V,NA,NA,NA
PRM_0366,SKVHNFLGWF,TCTAAAGTTCATAATTTCTTGGGTTGGTTCTAA,CAT,AAT,4,5,TRUE,H,N,R,V,NA,NA,NA
PRM_0366,SKVHMFLGWF,TCTAAAGTTCATATGTTCTTGGGTTGGTTCTAA,CAT,ATG,4,5,TRUE,H,M,R,V,NA,NA,NA
PRM_0366,SKVHIFLGWF,TCTAAAGTTCATATTTTCTTGGGTTGGTTCTAA,CAT,ATT,4,5,TRUE,H,I,R,V,NA,NA,NA
PRM_0366,SKVHRFLGWF,TCTAAAGTTCATAGGTTCTTGGGTTGGTTCTAA,CAT,AGG,4,5,TRUE,H,R,R,V,NA,NA,NA
PRM_0366,SKVHSFLGWF,TCTAAAGTTCATAGTTTCTTGGGTTGGTTCTAA,CAT,AGT,4,5,TRUE,H,S,R,V,NA,NA,NA
PRM_0366,SKVHTFLGWF,TCTAAAGTTCATACGTTCTTGGGTTGGTTCTAA,CAT,ACG,4,5,TRUE,H,T,R,V,NA,NA,NA
PRM_0366,SKVHTFLGWF,TCTAAAGTTCATACTTTCTTGGGTTGGTTCTAA,CAT,ACT,4,5,TRUE,H,T,R,V,NA,NA,NA
PRM_0366,SKVH*FLGWF,TCTAAAGTTCATTAGTTCTTGGGTTGGTTCTAA,CAT,TAG,4,5,TRUE,H,*,R,V,NA,NA,NA
PRM_0366,SKVHYFLGWF,TCTAAAGTTCATTATTTCTTGGGTTGGTTCTAA,CAT,TAT,4,5,TRUE,H,Y,R,V,NA,NA,NA
PRM_0366,SKVHLFLGWF,TCTAAAGTTCATTTGTTCTTGGGTTGGTTCTAA,CAT,TTG,4,5,TRUE,H,L,R,V,NA,NA,NA
PRM_0366,SKVHFFLGWF,TCTAAAGTTCATTTTTTCTTGGGTTGGTTCTAA,CAT,TTT,4,5,TRUE,H,F,R,V,NA,NA,NA
PRM_0366,SKVHWFLGWF,TCTAAAGTTCATTGGTTCTTGGGTTGGTTCTAA,CAT,TGG,4,5,TRUE,H,W,R,V,NA,NA,NA
PRM_0366,SKVHCFLGWF,TCTAAAGTTCATTGTTTCTTGGGTTGGTTCTAA,CAT,TGT,4,5,TRUE,H,C,R,V,NA,NA,NA
PRM_0366,SKVHSFLGWF,TCTAAAGTTCATTCGTTCTTGGGTTGGTTCTAA,CAT,TCG,4,5,TRUE,H,S,R,V,NA,NA,NA
PRM_0366,SKVHSFLGWF,TCTAAAGTTCATTCTTTCTTGGGTTGGTTCTAA,CAT,TCT,4,5,TRUE,H,S,R,V,NA,NA,NA
PRM_0366,SKVHEFLGWF,TCTAAAGTTCATGAGTTCTTGGGTTGGTTCTAA,CAT,GAG,4,5,TRUE,H,E,R,V,NA,NA,NA
PRM_0366,SKVHDFLGWF,TCTAAAGTTCATGATTTCTTGGGTTGGTTCTAA,CAT,GAT,4,5,TRUE,H,D,R,V,NA,NA,NA
PRM_0366,SKVHVFLGWF,TCTAAAGTTCATGTGTTCTTGGGTTGGTTCTAA,CAT,GTG,4,5,FALSE,H,V,R,V,NA,NA,NA
PRM_0366,SKVHVFLGWF,TCTAAAGTTCATGTTTTCTTGGGTTGGTTCTAA,CAT,GTT,4,5,FALSE,H,V,R,V,NA,NA,NA
PRM_0366,SKVHGFLGWF,TCTAAAGTTCATGGGTTCTTGGGTTGGTTCTAA,CAT,GGG,4,5,TRUE,H,G,R,V,NA,NA,NA
PRM_0366,SKVHGFLGWF,TCTAAAGTTCATGGTTTCTTGGGTTGGTTCTAA,CAT,GGT,4,5,TRUE,H,G,R,V,NA,NA,NA
PRM_0366,SKVHAFLGWF,TCTAAAGTTCATGCGTTCTTGGGTTGGTTCTAA,CAT,GCG,4,5,TRUE,H,A,R,V,NA,NA,NA
PRM_0366,SKVHAFLGWF,TCTAAAGTTCATGCTTTCTTGGGTTGGTTCTAA,CAT,GCT,4,5,TRUE,H,A,R,V,NA,NA,NA
PRM_0366,SKVHQFLGWF,TCTAAAGTTCATCAGTTCTTGGGTTGGTTCTAA,CAT,CAG,4,5,TRUE,H,Q,R,V,NA,NA,NA
PRM_0366,SKVHHFLGWF,TCTAAAGTTCATCATTTCTTGGGTTGGTTCTAA,CAT,CAT,4,5,TRUE,H,H,R,V,NA,NA,NA
PRM_0366,SKVHLFLGWF,TCTAAAGTTCATCTGTTCTTGGGTTGGTTCTAA,CAT,CTG,4,5,TRUE,H,L,R,V,NA,NA,NA
PRM_0366,SKVHLFLGWF,TCTAAAGTTCATCTTTTCTTGGGTTGGTTCTAA,CAT,CTT,4,5,TRUE,H,L,R,V,NA,NA,NA
PRM_0366,SKVHRFLGWF,TCTAAAGTTCATCGGTTCTTGGGTTGGTTCTAA,CAT,CGG,4,5,TRUE,H,R,R,V,NA,NA,NA
PRM_0366,SKVHRFLGWF,TCTAAAGTTCATCGTTTCTTGGGTTGGTTCTAA,CAT,CGT,4,5,TRUE,H,R,R,V,NA,NA,NA
PRM_0366,SKVHPFLGWF,TCTAAAGTTCATCCGTTCTTGGGTTGGTTCTAA,CAT,CCG,4,5,TRUE,H,P,R,V,NA,NA,NA
PRM_0366,SKVHPFLGWF,TCTAAAGTTCATCCTTTCTTGGGTTGGTTCTAA,CAT,CCT,4,5,TRUE,H,P,R,V,NA,NA,NA
PRM_0366,SKVLKFLGWF,TCTAAAGTTCTGAAGTTCTTGGGTTGGTTCTAA,CTG,AAG,4,5,TRUE,L,K,R,V,NA,NA,NA
PRM_0366,SKVLNFLGWF,TCTAAAGTTCTGAATTTCTTGGGTTGGTTCTAA,CTG,AAT,4,5,TRUE,L,N,R,V,NA,NA,NA
PRM_0366,SKVLMFLGWF,TCTAAAGTTCTGATGTTCTTGGGTTGGTTCTAA,CTG,ATG,4,5,TRUE,L,M,R,V,NA,NA,NA
PRM_0366,SKVLIFLGWF,TCTAAAGTTCTGATTTTCTTGGGTTGGTTCTAA,CTG,ATT,4,5,TRUE,L,I,R,V,NA,NA,NA
PRM_0366,SKVLRFLGWF,TCTAAAGTTCTGAGGTTCTTGGGTTGGTTCTAA,CTG,AGG,4,5,TRUE,L,R,R,V,NA,NA,NA
PRM_0366,SKVLSFLGWF,TCTAAAGTTCTGAGTTTCTTGGGTTGGTTCTAA,CTG,AGT,4,5,TRUE,L,S,R,V,NA,NA,NA
PRM_0366,SKVLTFLGWF,TCTAAAGTTCTGACGTTCTTGGGTTGGTTCTAA,CTG,ACG,4,5,TRUE,L,T,R,V,NA,NA,NA
PRM_0366,SKVLTFLGWF,TCTAAAGTTCTGACTTTCTTGGGTTGGTTCTAA,CTG,ACT,4,5,TRUE,L,T,R,V,NA,NA,NA
PRM_0366,SKVL*FLGWF,TCTAAAGTTCTGTAGTTCTTGGGTTGGTTCTAA,CTG,TAG,4,5,TRUE,L,*,R,V,NA,NA,NA
PRM_0366,SKVLYFLGWF,TCTAAAGTTCTGTATTTCTTGGGTTGGTTCTAA,CTG,TAT,4,5,TRUE,L,Y,R,V,NA,NA,NA
PRM_0366,SKVLLFLGWF,TCTAAAGTTCTGTTGTTCTTGGGTTGGTTCTAA,CTG,TTG,4,5,TRUE,L,L,R,V,NA,NA,NA
PRM_0366,SKVLFFLGWF,TCTAAAGTTCTGTTTTTCTTGGGTTGGTTCTAA,CTG,TTT,4,5,TRUE,L,F,R,V,NA,NA,NA
PRM_0366,SKVLWFLGWF,TCTAAAGTTCTGTGGTTCTTGGGTTGGTTCTAA,CTG,TGG,4,5,TRUE,L,W,R,V,NA,NA,NA
PRM_0366,SKVLCFLGWF,TCTAAAGTTCTGTGTTTCTTGGGTTGGTTCTAA,CTG,TGT,4,5,TRUE,L,C,R,V,NA,NA,NA
PRM_0366,SKVLSFLGWF,TCTAAAGTTCTGTCGTTCTTGGGTTGGTTCTAA,CTG,TCG,4,5,TRUE,L,S,R,V,NA,NA,NA
PRM_0366,SKVLSFLGWF,TCTAAAGTTCTGTCTTTCTTGGGTTGGTTCTAA,CTG,TCT,4,5,TRUE,L,S,R,V,NA,NA,NA
PRM_0366,SKVLEFLGWF,TCTAAAGTTCTGGAGTTCTTGGGTTGGTTCTAA,CTG,GAG,4,5,TRUE,L,E,R,V,NA,NA,NA
PRM_0366,SKVLDFLGWF,TCTAAAGTTCTGGATTTCTTGGGTTGGTTCTAA,CTG,GAT,4,5,TRUE,L,D,R,V,NA,NA,NA
PRM_0366,SKVLVFLGWF,TCTAAAGTTCTGGTGTTCTTGGGTTGGTTCTAA,CTG,GTG,4,5,FALSE,L,V,R,V,NA,NA,NA
PRM_0366,SKVLVFLGWF,TCTAAAGTTCTGGTTTTCTTGGGTTGGTTCTAA,CTG,GTT,4,5,FALSE,L,V,R,V,NA,NA,NA
PRM_0366,SKVLGFLGWF,TCTAAAGTTCTGGGGTTCTTGGGTTGGTTCTAA,CTG,GGG,4,5,TRUE,L,G,R,V,NA,NA,NA
PRM_0366,SKVLGFLGWF,TCTAAAGTTCTGGGTTTCTTGGGTTGGTTCTAA,CTG,GGT,4,5,TRUE,L,G,R,V,NA,NA,NA
PRM_0366,SKVLAFLGWF,TCTAAAGTTCTGGCGTTCTTGGGTTGGTTCTAA,CTG,GCG,4,5,TRUE,L,A,R,V,NA,NA,NA
PRM_0366,SKVLAFLGWF,TCTAAAGTTCTGGCTTTCTTGGGTTGGTTCTAA,CTG,GCT,4,5,TRUE,L,A,R,V,NA,NA,NA
PRM_0366,SKVLQFLGWF,TCTAAAGTTCTGCAGTTCTTGGGTTGGTTCTAA,CTG,CAG,4,5,TRUE,L,Q,R,V,NA,NA,NA
PRM_0366,SKVLHFLGWF,TCTAAAGTTCTGCATTTCTTGGGTTGGTTCTAA,CTG,CAT,4,5,TRUE,L,H,R,V,NA,NA,NA
PRM_0366,SKVLLFLGWF,TCTAAAGTTCTGCTGTTCTTGGGTTGGTTCTAA,CTG,CTG,4,5,TRUE,L,L,R,V,NA,NA,NA
PRM_0366,SKVLLFLGWF,TCTAAAGTTCTGCTTTTCTTGGGTTGGTTCTAA,CTG,CTT,4,5,TRUE,L,L,R,V,NA,NA,NA
PRM_0366,SKVLRFLGWF,TCTAAAGTTCTGCGGTTCTTGGGTTGGTTCTAA,CTG,CGG,4,5,TRUE,L,R,R,V,NA,NA,NA
PRM_0366,SKVLRFLGWF,TCTAAAGTTCTGCGTTTCTTGGGTTGGTTCTAA,CTG,CGT,4,5,TRUE,L,R,R,V,NA,NA,NA
PRM_0366,SKVLPFLGWF,TCTAAAGTTCTGCCGTTCTTGGGTTGGTTCTAA,CTG,CCG,4,5,TRUE,L,P,R,V,NA,NA,NA
PRM_0366,SKVLPFLGWF,TCTAAAGTTCTGCCTTTCTTGGGTTGGTTCTAA,CTG,CCT,4,5,TRUE,L,P,R,V,NA,NA,NA
PRM_0366,SKVLKFLGWF,TCTAAAGTTCTTAAGTTCTTGGGTTGGTTCTAA,CTT,AAG,4,5,TRUE,L,K,R,V,NA,NA,NA
PRM_0366,SKVLNFLGWF,TCTAAAGTTCTTAATTTCTTGGGTTGGTTCTAA,CTT,AAT,4,5,TRUE,L,N,R,V,NA,NA,NA
PRM_0366,SKVLMFLGWF,TCTAAAGTTCTTATGTTCTTGGGTTGGTTCTAA,CTT,ATG,4,5,TRUE,L,M,R,V,NA,NA,NA
PRM_0366,SKVLIFLGWF,TCTAAAGTTCTTATTTTCTTGGGTTGGTTCTAA,CTT,ATT,4,5,TRUE,L,I,R,V,NA,NA,NA
PRM_0366,SKVLRFLGWF,TCTAAAGTTCTTAGGTTCTTGGGTTGGTTCTAA,CTT,AGG,4,5,TRUE,L,R,R,V,NA,NA,NA
PRM_0366,SKVLSFLGWF,TCTAAAGTTCTTAGTTTCTTGGGTTGGTTCTAA,CTT,AGT,4,5,TRUE,L,S,R,V,NA,NA,NA
PRM_0366,SKVLTFLGWF,TCTAAAGTTCTTACGTTCTTGGGTTGGTTCTAA,CTT,ACG,4,5,TRUE,L,T,R,V,NA,NA,NA
PRM_0366,SKVLTFLGWF,TCTAAAGTTCTTACTTTCTTGGGTTGGTTCTAA,CTT,ACT,4,5,TRUE,L,T,R,V,NA,NA,NA
PRM_0366,SKVL*FLGWF,TCTAAAGTTCTTTAGTTCTTGGGTTGGTTCTAA,CTT,TAG,4,5,TRUE,L,*,R,V,NA,NA,NA
PRM_0366,SKVLYFLGWF,TCTAAAGTTCTTTATTTCTTGGGTTGGTTCTAA,CTT,TAT,4,5,TRUE,L,Y,R,V,NA,NA,NA
PRM_0366,SKVLLFLGWF,TCTAAAGTTCTTTTGTTCTTGGGTTGGTTCTAA,CTT,TTG,4,5,TRUE,L,L,R,V,NA,NA,NA
PRM_0366,SKVLFFLGWF,TCTAAAGTTCTTTTTTTCTTGGGTTGGTTCTAA,CTT,TTT,4,5,TRUE,L,F,R,V,NA,NA,NA
PRM_0366,SKVLWFLGWF,TCTAAAGTTCTTTGGTTCTTGGGTTGGTTCTAA,CTT,TGG,4,5,TRUE,L,W,R,V,NA,NA,NA
PRM_0366,SKVLCFLGWF,TCTAAAGTTCTTTGTTTCTTGGGTTGGTTCTAA,CTT,TGT,4,5,TRUE,L,C,R,V,NA,NA,NA
PRM_0366,SKVLSFLGWF,TCTAAAGTTCTTTCGTTCTTGGGTTGGTTCTAA,CTT,TCG,4,5,TRUE,L,S,R,V,NA,NA,NA
PRM_0366,SKVLSFLGWF,TCTAAAGTTCTTTCTTTCTTGGGTTGGTTCTAA,CTT,TCT,4,5,TRUE,L,S,R,V,NA,NA,NA
PRM_0366,SKVLEFLGWF,TCTAAAGTTCTTGAGTTCTTGGGTTGGTTCTAA,CTT,GAG,4,5,TRUE,L,E,R,V,NA,NA,NA
PRM_0366,SKVLDFLGWF,TCTAAAGTTCTTGATTTCTTGGGTTGGTTCTAA,CTT,GAT,4,5,TRUE,L,D,R,V,NA,NA,NA
PRM_0366,SKVLVFLGWF,TCTAAAGTTCTTGTGTTCTTGGGTTGGTTCTAA,CTT,GTG,4,5,FALSE,L,V,R,V,NA,NA,NA
PRM_0366,SKVLVFLGWF,TCTAAAGTTCTTGTTTTCTTGGGTTGGTTCTAA,CTT,GTT,4,5,FALSE,L,V,R,V,NA,NA,NA
PRM_0366,SKVLGFLGWF,TCTAAAGTTCTTGGGTTCTTGGGTTGGTTCTAA,CTT,GGG,4,5,TRUE,L,G,R,V,NA,NA,NA
PRM_0366,SKVLGFLGWF,TCTAAAGTTCTTGGTTTCTTGGGTTGGTTCTAA,CTT,GGT,4,5,TRUE,L,G,R,V,NA,NA,NA
PRM_0366,SKVLAFLGWF,TCTAAAGTTCTTGCGTTCTTGGGTTGGTTCTAA,CTT,GCG,4,5,TRUE,L,A,R,V,NA,NA,NA
PRM_0366,SKVLAFLGWF,TCTAAAGTTCTTGCTTTCTTGGGTTGGTTCTAA,CTT,GCT,4,5,TRUE,L,A,R,V,NA,NA,NA
PRM_0366,SKVLQFLGWF,TCTAAAGTTCTTCAGTTCTTGGGTTGGTTCTAA,CTT,CAG,4,5,TRUE,L,Q,R,V,NA,NA,NA
PRM_0366,SKVLHFLGWF,TCTAAAGTTCTTCATTTCTTGGGTTGGTTCTAA,CTT,CAT,4,5,TRUE,L,H,R,V,NA,NA,NA
PRM_0366,SKVLLFLGWF,TCTAAAGTTCTTCTGTTCTTGGGTTGGTTCTAA,CTT,CTG,4,5,TRUE,L,L,R,V,NA,NA,NA
PRM_0366,SKVLLFLGWF,TCTAAAGTTCTTCTTTTCTTGGGTTGGTTCTAA,CTT,CTT,4,5,TRUE,L,L,R,V,NA,NA,NA
PRM_0366,SKVLRFLGWF,TCTAAAGTTCTTCGGTTCTTGGGTTGGTTCTAA,CTT,CGG,4,5,TRUE,L,R,R,V,NA,NA,NA
PRM_0366,SKVLRFLGWF,TCTAAAGTTCTTCGTTTCTTGGGTTGGTTCTAA,CTT,CGT,4,5,TRUE,L,R,R,V,NA,NA,NA
PRM_0366,SKVLPFLGWF,TCTAAAGTTCTTCCGTTCTTGGGTTGGTTCTAA,CTT,CCG,4,5,TRUE,L,P,R,V,NA,NA,NA
PRM_0366,SKVLPFLGWF,TCTAAAGTTCTTCCTTTCTTGGGTTGGTTCTAA,CTT,CCT,4,5,TRUE,L,P,R,V,NA,NA,NA
PRM_0366,SKVRKFLGWF,TCTAAAGTTCGGAAGTTCTTGGGTTGGTTCTAA,CGG,AAG,4,5,FALSE,R,K,R,V,NA,NA,NA
PRM_0366,SKVRNFLGWF,TCTAAAGTTCGGAATTTCTTGGGTTGGTTCTAA,CGG,AAT,4,5,FALSE,R,N,R,V,NA,NA,NA
PRM_0366,SKVRMFLGWF,TCTAAAGTTCGGATGTTCTTGGGTTGGTTCTAA,CGG,ATG,4,5,FALSE,R,M,R,V,NA,NA,NA
PRM_0366,SKVRIFLGWF,TCTAAAGTTCGGATTTTCTTGGGTTGGTTCTAA,CGG,ATT,4,5,FALSE,R,I,R,V,NA,NA,NA
PRM_0366,SKVRRFLGWF,TCTAAAGTTCGGAGGTTCTTGGGTTGGTTCTAA,CGG,AGG,4,5,FALSE,R,R,R,V,NA,NA,NA
PRM_0366,SKVRSFLGWF,TCTAAAGTTCGGAGTTTCTTGGGTTGGTTCTAA,CGG,AGT,4,5,FALSE,R,S,R,V,NA,NA,NA
PRM_0366,SKVRTFLGWF,TCTAAAGTTCGGACGTTCTTGGGTTGGTTCTAA,CGG,ACG,4,5,FALSE,R,T,R,V,NA,NA,NA
PRM_0366,SKVRTFLGWF,TCTAAAGTTCGGACTTTCTTGGGTTGGTTCTAA,CGG,ACT,4,5,FALSE,R,T,R,V,NA,NA,NA
PRM_0366,SKVR*FLGWF,TCTAAAGTTCGGTAGTTCTTGGGTTGGTTCTAA,CGG,TAG,4,5,FALSE,R,*,R,V,NA,NA,NA
PRM_0366,SKVRYFLGWF,TCTAAAGTTCGGTATTTCTTGGGTTGGTTCTAA,CGG,TAT,4,5,FALSE,R,Y,R,V,NA,NA,NA
PRM_0366,SKVRLFLGWF,TCTAAAGTTCGGTTGTTCTTGGGTTGGTTCTAA,CGG,TTG,4,5,FALSE,R,L,R,V,NA,NA,NA
PRM_0366,SKVRFFLGWF,TCTAAAGTTCGGTTTTTCTTGGGTTGGTTCTAA,CGG,TTT,4,5,FALSE,R,F,R,V,NA,NA,NA
PRM_0366,SKVRWFLGWF,TCTAAAGTTCGGTGGTTCTTGGGTTGGTTCTAA,CGG,TGG,4,5,FALSE,R,W,R,V,NA,NA,NA
PRM_0366,SKVRCFLGWF,TCTAAAGTTCGGTGTTTCTTGGGTTGGTTCTAA,CGG,TGT,4,5,FALSE,R,C,R,V,NA,NA,NA
PRM_0366,SKVRSFLGWF,TCTAAAGTTCGGTCGTTCTTGGGTTGGTTCTAA,CGG,TCG,4,5,FALSE,R,S,R,V,NA,NA,NA
PRM_0366,SKVRSFLGWF,TCTAAAGTTCGGTCTTTCTTGGGTTGGTTCTAA,CGG,TCT,4,5,FALSE,R,S,R,V,NA,NA,NA
PRM_0366,SKVREFLGWF,TCTAAAGTTCGGGAGTTCTTGGGTTGGTTCTAA,CGG,GAG,4,5,FALSE,R,E,R,V,NA,NA,NA
PRM_0366,SKVRDFLGWF,TCTAAAGTTCGGGATTTCTTGGGTTGGTTCTAA,CGG,GAT,4,5,FALSE,R,D,R,V,NA,NA,NA
PRM_0366,SKVRVFLGWF,TCTAAAGTTCGGGTGTTCTTGGGTTGGTTCTAA,CGG,GTG,4,5,FALSE,R,V,R,V,NA,NA,NA
PRM_0366,SKVRVFLGWF,TCTAAAGTTCGGGTTTTCTTGGGTTGGTTCTAA,CGG,GTT,4,5,FALSE,R,V,R,V,NA,NA,NA
PRM_0366,SKVRGFLGWF,TCTAAAGTTCGGGGGTTCTTGGGTTGGTTCTAA,CGG,GGG,4,5,FALSE,R,G,R,V,NA,NA,NA
PRM_0366,SKVRGFLGWF,TCTAAAGTTCGGGGTTTCTTGGGTTGGTTCTAA,CGG,GGT,4,5,FALSE,R,G,R,V,NA,NA,NA
PRM_0366,SKVRAFLGWF,TCTAAAGTTCGGGCGTTCTTGGGTTGGTTCTAA,CGG,GCG,4,5,FALSE,R,A,R,V,NA,NA,NA
PRM_0366,SKVRAFLGWF,TCTAAAGTTCGGGCTTTCTTGGGTTGGTTCTAA,CGG,GCT,4,5,FALSE,R,A,R,V,NA,NA,NA
PRM_0366,SKVRQFLGWF,TCTAAAGTTCGGCAGTTCTTGGGTTGGTTCTAA,CGG,CAG,4,5,FALSE,R,Q,R,V,NA,NA,NA
PRM_0366,SKVRHFLGWF,TCTAAAGTTCGGCATTTCTTGGGTTGGTTCTAA,CGG,CAT,4,5,FALSE,R,H,R,V,NA,NA,NA
PRM_0366,SKVRLFLGWF,TCTAAAGTTCGGCTGTTCTTGGGTTGGTTCTAA,CGG,CTG,4,5,FALSE,R,L,R,V,NA,NA,NA
PRM_0366,SKVRLFLGWF,TCTAAAGTTCGGCTTTTCTTGGGTTGGTTCTAA,CGG,CTT,4,5,FALSE,R,L,R,V,NA,NA,NA
PRM_0366,SKVRRFLGWF,TCTAAAGTTCGGCGGTTCTTGGGTTGGTTCTAA,CGG,CGG,4,5,FALSE,R,R,R,V,NA,NA,NA
PRM_0366,SKVRRFLGWF,TCTAAAGTTCGGCGTTTCTTGGGTTGGTTCTAA,CGG,CGT,4,5,FALSE,R,R,R,V,NA,NA,NA
PRM_0366,SKVRPFLGWF,TCTAAAGTTCGGCCGTTCTTGGGTTGGTTCTAA,CGG,CCG,4,5,FALSE,R,P,R,V,NA,NA,NA
PRM_0366,SKVRPFLGWF,TCTAAAGTTCGGCCTTTCTTGGGTTGGTTCTAA,CGG,CCT,4,5,FALSE,R,P,R,V,NA,NA,NA
PRM_0366,SKVRKFLGWF,TCTAAAGTTCGTAAGTTCTTGGGTTGGTTCTAA,CGT,AAG,4,5,FALSE,R,K,R,V,NA,NA,NA
PRM_0366,SKVRNFLGWF,TCTAAAGTTCGTAATTTCTTGGGTTGGTTCTAA,CGT,AAT,4,5,FALSE,R,N,R,V,NA,NA,NA
PRM_0366,SKVRMFLGWF,TCTAAAGTTCGTATGTTCTTGGGTTGGTTCTAA,CGT,ATG,4,5,FALSE,R,M,R,V,NA,NA,NA
PRM_0366,SKVRIFLGWF,TCTAAAGTTCGTATTTTCTTGGGTTGGTTCTAA,CGT,ATT,4,5,FALSE,R,I,R,V,NA,NA,NA
PRM_0366,SKVRRFLGWF,TCTAAAGTTCGTAGGTTCTTGGGTTGGTTCTAA,CGT,AGG,4,5,FALSE,R,R,R,V,NA,NA,NA
PRM_0366,SKVRSFLGWF,TCTAAAGTTCGTAGTTTCTTGGGTTGGTTCTAA,CGT,AGT,4,5,FALSE,R,S,R,V,NA,NA,NA
PRM_0366,SKVRTFLGWF,TCTAAAGTTCGTACGTTCTTGGGTTGGTTCTAA,CGT,ACG,4,5,FALSE,R,T,R,V,NA,NA,NA
PRM_0366,SKVRTFLGWF,TCTAAAGTTCGTACTTTCTTGGGTTGGTTCTAA,CGT,ACT,4,5,FALSE,R,T,R,V,NA,NA,NA
PRM_0366,SKVR*FLGWF,TCTAAAGTTCGTTAGTTCTTGGGTTGGTTCTAA,CGT,TAG,4,5,FALSE,R,*,R,V,NA,NA,NA
PRM_0366,SKVRYFLGWF,TCTAAAGTTCGTTATTTCTTGGGTTGGTTCTAA,CGT,TAT,4,5,FALSE,R,Y,R,V,NA,NA,NA
PRM_0366,SKVRLFLGWF,TCTAAAGTTCGTTTGTTCTTGGGTTGGTTCTAA,CGT,TTG,4,5,FALSE,R,L,R,V,NA,NA,NA
PRM_0366,SKVRFFLGWF,TCTAAAGTTCGTTTTTTCTTGGGTTGGTTCTAA,CGT,TTT,4,5,FALSE,R,F,R,V,NA,NA,NA
PRM_0366,SKVRWFLGWF,TCTAAAGTTCGTTGGTTCTTGGGTTGGTTCTAA,CGT,TGG,4,5,FALSE,R,W,R,V,NA,NA,NA
PRM_0366,SKVRCFLGWF,TCTAAAGTTCGTTGTTTCTTGGGTTGGTTCTAA,CGT,TGT,4,5,FALSE,R,C,R,V,NA,NA,NA
PRM_0366,SKVRSFLGWF,TCTAAAGTTCGTTCGTTCTTGGGTTGGTTCTAA,CGT,TCG,4,5,FALSE,R,S,R,V,NA,NA,NA
PRM_0366,SKVRSFLGWF,TCTAAAGTTCGTTCTTTCTTGGGTTGGTTCTAA,CGT,TCT,4,5,FALSE,R,S,R,V,NA,NA,NA
PRM_0366,SKVREFLGWF,TCTAAAGTTCGTGAGTTCTTGGGTTGGTTCTAA,CGT,GAG,4,5,FALSE,R,E,R,V,NA,NA,NA
PRM_0366,SKVRDFLGWF,TCTAAAGTTCGTGATTTCTTGGGTTGGTTCTAA,CGT,GAT,4,5,FALSE,R,D,R,V,NA,NA,NA
PRM_0366,SKVRVFLGWF,TCTAAAGTTCGTGTGTTCTTGGGTTGGTTCTAA,CGT,GTG,4,5,FALSE,R,V,R,V,NA,NA,NA
PRM_0366,SKVRVFLGWF,TCTAAAGTTCGTGTTTTCTTGGGTTGGTTCTAA,CGT,GTT,4,5,FALSE,R,V,R,V,NA,NA,NA
PRM_0366,SKVRGFLGWF,TCTAAAGTTCGTGGGTTCTTGGGTTGGTTCTAA,CGT,GGG,4,5,FALSE,R,G,R,V,NA,NA,NA
PRM_0366,SKVRGFLGWF,TCTAAAGTTCGTGGTTTCTTGGGTTGGTTCTAA,CGT,GGT,4,5,FALSE,R,G,R,V,NA,NA,NA
PRM_0366,SKVRAFLGWF,TCTAAAGTTCGTGCGTTCTTGGGTTGGTTCTAA,CGT,GCG,4,5,FALSE,R,A,R,V,NA,NA,NA
PRM_0366,SKVRAFLGWF,TCTAAAGTTCGTGCTTTCTTGGGTTGGTTCTAA,CGT,GCT,4,5,FALSE,R,A,R,V,NA,NA,NA
PRM_0366,SKVRQFLGWF,TCTAAAGTTCGTCAGTTCTTGGGTTGGTTCTAA,CGT,CAG,4,5,FALSE,R,Q,R,V,NA,NA,NA
PRM_0366,SKVRHFLGWF,TCTAAAGTTCGTCATTTCTTGGGTTGGTTCTAA,CGT,CAT,4,5,FALSE,R,H,R,V,NA,NA,NA
PRM_0366,SKVRLFLGWF,TCTAAAGTTCGTCTGTTCTTGGGTTGGTTCTAA,CGT,CTG,4,5,FALSE,R,L,R,V,NA,NA,NA
PRM_0366,SKVRLFLGWF,TCTAAAGTTCGTCTTTTCTTGGGTTGGTTCTAA,CGT,CTT,4,5,FALSE,R,L,R,V,NA,NA,NA
PRM_0366,SKVRRFLGWF,TCTAAAGTTCGTCGGTTCTTGGGTTGGTTCTAA,CGT,CGG,4,5,FALSE,R,R,R,V,NA,NA,NA
PRM_0366,SKVRRFLGWF,TCTAAAGTTCGTCGTTTCTTGGGTTGGTTCTAA,CGT,CGT,4,5,FALSE,R,R,R,V,NA,NA,NA
PRM_0366,SKVRPFLGWF,TCTAAAGTTCGTCCGTTCTTGGGTTGGTTCTAA,CGT,CCG,4,5,FALSE,R,P,R,V,NA,NA,NA
PRM_0366,SKVRPFLGWF,TCTAAAGTTCGTCCTTTCTTGGGTTGGTTCTAA,CGT,CCT,4,5,FALSE,R,P,R,V,NA,NA,NA
PRM_0366,SKVPKFLGWF,TCTAAAGTTCCGAAGTTCTTGGGTTGGTTCTAA,CCG,AAG,4,5,TRUE,P,K,R,V,NA,NA,NA
PRM_0366,SKVPNFLGWF,TCTAAAGTTCCGAATTTCTTGGGTTGGTTCTAA,CCG,AAT,4,5,TRUE,P,N,R,V,NA,NA,NA
PRM_0366,SKVPMFLGWF,TCTAAAGTTCCGATGTTCTTGGGTTGGTTCTAA,CCG,ATG,4,5,TRUE,P,M,R,V,NA,NA,NA
PRM_0366,SKVPIFLGWF,TCTAAAGTTCCGATTTTCTTGGGTTGGTTCTAA,CCG,ATT,4,5,TRUE,P,I,R,V,NA,NA,NA
PRM_0366,SKVPRFLGWF,TCTAAAGTTCCGAGGTTCTTGGGTTGGTTCTAA,CCG,AGG,4,5,TRUE,P,R,R,V,NA,NA,NA
PRM_0366,SKVPSFLGWF,TCTAAAGTTCCGAGTTTCTTGGGTTGGTTCTAA,CCG,AGT,4,5,TRUE,P,S,R,V,NA,NA,NA
PRM_0366,SKVPTFLGWF,TCTAAAGTTCCGACGTTCTTGGGTTGGTTCTAA,CCG,ACG,4,5,TRUE,P,T,R,V,NA,NA,NA
PRM_0366,SKVPTFLGWF,TCTAAAGTTCCGACTTTCTTGGGTTGGTTCTAA,CCG,ACT,4,5,TRUE,P,T,R,V,NA,NA,NA
PRM_0366,SKVP*FLGWF,TCTAAAGTTCCGTAGTTCTTGGGTTGGTTCTAA,CCG,TAG,4,5,TRUE,P,*,R,V,NA,NA,NA
PRM_0366,SKVPYFLGWF,TCTAAAGTTCCGTATTTCTTGGGTTGGTTCTAA,CCG,TAT,4,5,TRUE,P,Y,R,V,NA,NA,NA
PRM_0366,SKVPLFLGWF,TCTAAAGTTCCGTTGTTCTTGGGTTGGTTCTAA,CCG,TTG,4,5,TRUE,P,L,R,V,NA,NA,NA
PRM_0366,SKVPFFLGWF,TCTAAAGTTCCGTTTTTCTTGGGTTGGTTCTAA,CCG,TTT,4,5,TRUE,P,F,R,V,NA,NA,NA
PRM_0366,SKVPWFLGWF,TCTAAAGTTCCGTGGTTCTTGGGTTGGTTCTAA,CCG,TGG,4,5,TRUE,P,W,R,V,NA,NA,NA
PRM_0366,SKVPCFLGWF,TCTAAAGTTCCGTGTTTCTTGGGTTGGTTCTAA,CCG,TGT,4,5,TRUE,P,C,R,V,NA,NA,NA
PRM_0366,SKVPSFLGWF,TCTAAAGTTCCGTCGTTCTTGGGTTGGTTCTAA,CCG,TCG,4,5,TRUE,P,S,R,V,NA,NA,NA
PRM_0366,SKVPSFLGWF,TCTAAAGTTCCGTCTTTCTTGGGTTGGTTCTAA,CCG,TCT,4,5,TRUE,P,S,R,V,NA,NA,NA
PRM_0366,SKVPEFLGWF,TCTAAAGTTCCGGAGTTCTTGGGTTGGTTCTAA,CCG,GAG,4,5,TRUE,P,E,R,V,NA,NA,NA
PRM_0366,SKVPDFLGWF,TCTAAAGTTCCGGATTTCTTGGGTTGGTTCTAA,CCG,GAT,4,5,TRUE,P,D,R,V,NA,NA,NA
PRM_0366,SKVPVFLGWF,TCTAAAGTTCCGGTGTTCTTGGGTTGGTTCTAA,CCG,GTG,4,5,FALSE,P,V,R,V,NA,NA,NA
PRM_0366,SKVPVFLGWF,TCTAAAGTTCCGGTTTTCTTGGGTTGGTTCTAA,CCG,GTT,4,5,FALSE,P,V,R,V,NA,NA,NA
PRM_0366,SKVPGFLGWF,TCTAAAGTTCCGGGGTTCTTGGGTTGGTTCTAA,CCG,GGG,4,5,TRUE,P,G,R,V,NA,NA,NA
PRM_0366,SKVPGFLGWF,TCTAAAGTTCCGGGTTTCTTGGGTTGGTTCTAA,CCG,GGT,4,5,TRUE,P,G,R,V,NA,NA,NA
PRM_0366,SKVPAFLGWF,TCTAAAGTTCCGGCGTTCTTGGGTTGGTTCTAA,CCG,GCG,4,5,TRUE,P,A,R,V,NA,NA,NA
PRM_0366,SKVPAFLGWF,TCTAAAGTTCCGGCTTTCTTGGGTTGGTTCTAA,CCG,GCT,4,5,TRUE,P,A,R,V,NA,NA,NA
PRM_0366,SKVPQFLGWF,TCTAAAGTTCCGCAGTTCTTGGGTTGGTTCTAA,CCG,CAG,4,5,TRUE,P,Q,R,V,NA,NA,NA
PRM_0366,SKVPHFLGWF,TCTAAAGTTCCGCATTTCTTGGGTTGGTTCTAA,CCG,CAT,4,5,TRUE,P,H,R,V,NA,NA,NA
PRM_0366,SKVPLFLGWF,TCTAAAGTTCCGCTGTTCTTGGGTTGGTTCTAA,CCG,CTG,4,5,TRUE,P,L,R,V,NA,NA,NA
PRM_0366,SKVPLFLGWF,TCTAAAGTTCCGCTTTTCTTGGGTTGGTTCTAA,CCG,CTT,4,5,TRUE,P,L,R,V,NA,NA,NA
PRM_0366,SKVPRFLGWF,TCTAAAGTTCCGCGGTTCTTGGGTTGGTTCTAA,CCG,CGG,4,5,TRUE,P,R,R,V,NA,NA,NA
PRM_0366,SKVPRFLGWF,TCTAAAGTTCCGCGTTTCTTGGGTTGGTTCTAA,CCG,CGT,4,5,TRUE,P,R,R,V,NA,NA,NA
PRM_0366,SKVPPFLGWF,TCTAAAGTTCCGCCGTTCTTGGGTTGGTTCTAA,CCG,CCG,4,5,TRUE,P,P,R,V,NA,NA,NA
PRM_0366,SKVPPFLGWF,TCTAAAGTTCCGCCTTTCTTGGGTTGGTTCTAA,CCG,CCT,4,5,TRUE,P,P,R,V,NA,NA,NA
PRM_0366,SKVPKFLGWF,TCTAAAGTTCCTAAGTTCTTGGGTTGGTTCTAA,CCT,AAG,4,5,TRUE,P,K,R,V,NA,NA,NA
PRM_0366,SKVPNFLGWF,TCTAAAGTTCCTAATTTCTTGGGTTGGTTCTAA,CCT,AAT,4,5,TRUE,P,N,R,V,NA,NA,NA
PRM_0366,SKVPMFLGWF,TCTAAAGTTCCTATGTTCTTGGGTTGGTTCTAA,CCT,ATG,4,5,TRUE,P,M,R,V,NA,NA,NA
PRM_0366,SKVPIFLGWF,TCTAAAGTTCCTATTTTCTTGGGTTGGTTCTAA,CCT,ATT,4,5,TRUE,P,I,R,V,NA,NA,NA
PRM_0366,SKVPRFLGWF,TCTAAAGTTCCTAGGTTCTTGGGTTGGTTCTAA,CCT,AGG,4,5,TRUE,P,R,R,V,NA,NA,NA
PRM_0366,SKVPSFLGWF,TCTAAAGTTCCTAGTTTCTTGGGTTGGTTCTAA,CCT,AGT,4,5,TRUE,P,S,R,V,NA,NA,NA
PRM_0366,SKVPTFLGWF,TCTAAAGTTCCTACGTTCTTGGGTTGGTTCTAA,CCT,ACG,4,5,TRUE,P,T,R,V,NA,NA,NA
PRM_0366,SKVPTFLGWF,TCTAAAGTTCCTACTTTCTTGGGTTGGTTCTAA,CCT,ACT,4,5,TRUE,P,T,R,V,NA,NA,NA
PRM_0366,SKVP*FLGWF,TCTAAAGTTCCTTAGTTCTTGGGTTGGTTCTAA,CCT,TAG,4,5,TRUE,P,*,R,V,NA,NA,NA
PRM_0366,SKVPYFLGWF,TCTAAAGTTCCTTATTTCTTGGGTTGGTTCTAA,CCT,TAT,4,5,TRUE,P,Y,R,V,NA,NA,NA
PRM_0366,SKVPLFLGWF,TCTAAAGTTCCTTTGTTCTTGGGTTGGTTCTAA,CCT,TTG,4,5,TRUE,P,L,R,V,NA,NA,NA
PRM_0366,SKVPFFLGWF,TCTAAAGTTCCTTTTTTCTTGGGTTGGTTCTAA,CCT,TTT,4,5,TRUE,P,F,R,V,NA,NA,NA
PRM_0366,SKVPWFLGWF,TCTAAAGTTCCTTGGTTCTTGGGTTGGTTCTAA,CCT,TGG,4,5,TRUE,P,W,R,V,NA,NA,NA
PRM_0366,SKVPCFLGWF,TCTAAAGTTCCTTGTTTCTTGGGTTGGTTCTAA,CCT,TGT,4,5,TRUE,P,C,R,V,NA,NA,NA
PRM_0366,SKVPSFLGWF,TCTAAAGTTCCTTCGTTCTTGGGTTGGTTCTAA,CCT,TCG,4,5,TRUE,P,S,R,V,NA,NA,NA
PRM_0366,SKVPSFLGWF,TCTAAAGTTCCTTCTTTCTTGGGTTGGTTCTAA,CCT,TCT,4,5,TRUE,P,S,R,V,NA,NA,NA
PRM_0366,SKVPEFLGWF,TCTAAAGTTCCTGAGTTCTTGGGTTGGTTCTAA,CCT,GAG,4,5,TRUE,P,E,R,V,NA,NA,NA
PRM_0366,SKVPDFLGWF,TCTAAAGTTCCTGATTTCTTGGGTTGGTTCTAA,CCT,GAT,4,5,TRUE,P,D,R,V,NA,NA,NA
PRM_0366,SKVPVFLGWF,TCTAAAGTTCCTGTGTTCTTGGGTTGGTTCTAA,CCT,GTG,4,5,FALSE,P,V,R,V,NA,NA,NA
PRM_0366,SKVPVFLGWF,TCTAAAGTTCCTGTTTTCTTGGGTTGGTTCTAA,CCT,GTT,4,5,FALSE,P,V,R,V,NA,NA,NA
PRM_0366,SKVPGFLGWF,TCTAAAGTTCCTGGGTTCTTGGGTTGGTTCTAA,CCT,GGG,4,5,TRUE,P,G,R,V,NA,NA,NA
PRM_0366,SKVPGFLGWF,TCTAAAGTTCCTGGTTTCTTGGGTTGGTTCTAA,CCT,GGT,4,5,TRUE,P,G,R,V,NA,NA,NA
PRM_0366,SKVPAFLGWF,TCTAAAGTTCCTGCGTTCTTGGGTTGGTTCTAA,CCT,GCG,4,5,TRUE,P,A,R,V,NA,NA,NA
PRM_0366,SKVPAFLGWF,TCTAAAGTTCCTGCTTTCTTGGGTTGGTTCTAA,CCT,GCT,4,5,TRUE,P,A,R,V,NA,NA,NA
PRM_0366,SKVPQFLGWF,TCTAAAGTTCCTCAGTTCTTGGGTTGGTTCTAA,CCT,CAG,4,5,TRUE,P,Q,R,V,NA,NA,NA
PRM_0366,SKVPHFLGWF,TCTAAAGTTCCTCATTTCTTGGGTTGGTTCTAA,CCT,CAT,4,5,TRUE,P,H,R,V,NA,NA,NA
PRM_0366,SKVPLFLGWF,TCTAAAGTTCCTCTGTTCTTGGGTTGGTTCTAA,CCT,CTG,4,5,TRUE,P,L,R,V,NA,NA,NA
PRM_0366,SKVPLFLGWF,TCTAAAGTTCCTCTTTTCTTGGGTTGGTTCTAA,CCT,CTT,4,5,TRUE,P,L,R,V,NA,NA,NA
PRM_0366,SKVPRFLGWF,TCTAAAGTTCCTCGGTTCTTGGGTTGGTTCTAA,CCT,CGG,4,5,TRUE,P,R,R,V,NA,NA,NA
PRM_0366,SKVPRFLGWF,TCTAAAGTTCCTCGTTTCTTGGGTTGGTTCTAA,CCT,CGT,4,5,TRUE,P,R,R,V,NA,NA,NA
PRM_0366,SKVPPFLGWF,TCTAAAGTTCCTCCGTTCTTGGGTTGGTTCTAA,CCT,CCG,4,5,TRUE,P,P,R,V,NA,NA,NA
PRM_0366,SKVPPFLGWF,TCTAAAGTTCCTCCTTTCTTGGGTTGGTTCTAA,CCT,CCT,4,5,TRUE,P,P,R,V,NA,NA,NA
PRM_0385,RRKKHESPWL,AGAAGGAAGAAGCATGAATCTCCATGGTTGTAA,AAG,AAG,3,4,TRUE,K,K,R,L,NA,NA,NA
PRM_0385,RRKNHESPWL,AGAAGGAAGAATCATGAATCTCCATGGTTGTAA,AAG,AAT,3,4,TRUE,K,N,R,L,NA,NA,NA
PRM_0385,RRKMHESPWL,AGAAGGAAGATGCATGAATCTCCATGGTTGTAA,AAG,ATG,3,4,TRUE,K,M,R,L,NA,NA,NA
PRM_0385,RRKIHESPWL,AGAAGGAAGATTCATGAATCTCCATGGTTGTAA,AAG,ATT,3,4,TRUE,K,I,R,L,NA,NA,NA
PRM_0385,RRKRHESPWL,AGAAGGAAGAGGCATGAATCTCCATGGTTGTAA,AAG,AGG,3,4,TRUE,K,R,R,L,NA,NA,NA
PRM_0385,RRKSHESPWL,AGAAGGAAGAGTCATGAATCTCCATGGTTGTAA,AAG,AGT,3,4,TRUE,K,S,R,L,NA,NA,NA
PRM_0385,RRKTHESPWL,AGAAGGAAGACGCATGAATCTCCATGGTTGTAA,AAG,ACG,3,4,TRUE,K,T,R,L,NA,NA,NA
PRM_0385,RRKTHESPWL,AGAAGGAAGACTCATGAATCTCCATGGTTGTAA,AAG,ACT,3,4,TRUE,K,T,R,L,NA,NA,NA
PRM_0385,RRK*HESPWL,AGAAGGAAGTAGCATGAATCTCCATGGTTGTAA,AAG,TAG,3,4,TRUE,K,*,R,L,NA,NA,NA
PRM_0385,RRKYHESPWL,AGAAGGAAGTATCATGAATCTCCATGGTTGTAA,AAG,TAT,3,4,TRUE,K,Y,R,L,NA,NA,NA
PRM_0385,RRKLHESPWL,AGAAGGAAGTTGCATGAATCTCCATGGTTGTAA,AAG,TTG,3,4,FALSE,K,L,R,L,NA,NA,NA
PRM_0385,RRKFHESPWL,AGAAGGAAGTTTCATGAATCTCCATGGTTGTAA,AAG,TTT,3,4,TRUE,K,F,R,L,NA,NA,NA
PRM_0385,RRKWHESPWL,AGAAGGAAGTGGCATGAATCTCCATGGTTGTAA,AAG,TGG,3,4,TRUE,K,W,R,L,NA,NA,NA
PRM_0385,RRKCHESPWL,AGAAGGAAGTGTCATGAATCTCCATGGTTGTAA,AAG,TGT,3,4,TRUE,K,C,R,L,NA,NA,NA
PRM_0385,RRKSHESPWL,AGAAGGAAGTCGCATGAATCTCCATGGTTGTAA,AAG,TCG,3,4,TRUE,K,S,R,L,NA,NA,NA
PRM_0385,RRKSHESPWL,AGAAGGAAGTCTCATGAATCTCCATGGTTGTAA,AAG,TCT,3,4,TRUE,K,S,R,L,NA,NA,NA
PRM_0385,RRKEHESPWL,AGAAGGAAGGAGCATGAATCTCCATGGTTGTAA,AAG,GAG,3,4,TRUE,K,E,R,L,NA,NA,NA
PRM_0385,RRKDHESPWL,AGAAGGAAGGATCATGAATCTCCATGGTTGTAA,AAG,GAT,3,4,TRUE,K,D,R,L,NA,NA,NA
PRM_0385,RRKVHESPWL,AGAAGGAAGGTGCATGAATCTCCATGGTTGTAA,AAG,GTG,3,4,TRUE,K,V,R,L,NA,NA,NA
PRM_0385,RRKVHESPWL,AGAAGGAAGGTTCATGAATCTCCATGGTTGTAA,AAG,GTT,3,4,TRUE,K,V,R,L,NA,NA,NA
PRM_0385,RRKGHESPWL,AGAAGGAAGGGGCATGAATCTCCATGGTTGTAA,AAG,GGG,3,4,TRUE,K,G,R,L,NA,NA,NA
PRM_0385,RRKGHESPWL,AGAAGGAAGGGTCATGAATCTCCATGGTTGTAA,AAG,GGT,3,4,TRUE,K,G,R,L,NA,NA,NA
PRM_0385,RRKAHESPWL,AGAAGGAAGGCGCATGAATCTCCATGGTTGTAA,AAG,GCG,3,4,TRUE,K,A,R,L,NA,NA,NA
PRM_0385,RRKAHESPWL,AGAAGGAAGGCTCATGAATCTCCATGGTTGTAA,AAG,GCT,3,4,TRUE,K,A,R,L,NA,NA,NA
PRM_0385,RRKQHESPWL,AGAAGGAAGCAGCATGAATCTCCATGGTTGTAA,AAG,CAG,3,4,TRUE,K,Q,R,L,NA,NA,NA
PRM_0385,RRKHHESPWL,AGAAGGAAGCATCATGAATCTCCATGGTTGTAA,AAG,CAT,3,4,TRUE,K,H,R,L,NA,NA,NA
PRM_0385,RRKLHESPWL,AGAAGGAAGCTGCATGAATCTCCATGGTTGTAA,AAG,CTG,3,4,FALSE,K,L,R,L,NA,NA,NA
PRM_0385,RRKLHESPWL,AGAAGGAAGCTTCATGAATCTCCATGGTTGTAA,AAG,CTT,3,4,FALSE,K,L,R,L,NA,NA,NA
PRM_0385,RRKRHESPWL,AGAAGGAAGCGGCATGAATCTCCATGGTTGTAA,AAG,CGG,3,4,TRUE,K,R,R,L,NA,NA,NA
PRM_0385,RRKRHESPWL,AGAAGGAAGCGTCATGAATCTCCATGGTTGTAA,AAG,CGT,3,4,TRUE,K,R,R,L,NA,NA,NA
PRM_0385,RRKPHESPWL,AGAAGGAAGCCGCATGAATCTCCATGGTTGTAA,AAG,CCG,3,4,TRUE,K,P,R,L,NA,NA,NA
PRM_0385,RRKPHESPWL,AGAAGGAAGCCTCATGAATCTCCATGGTTGTAA,AAG,CCT,3,4,TRUE,K,P,R,L,NA,NA,NA
PRM_0385,RRNKHESPWL,AGAAGGAATAAGCATGAATCTCCATGGTTGTAA,AAT,AAG,3,4,TRUE,N,K,R,L,NA,NA,NA
PRM_0385,RRNNHESPWL,AGAAGGAATAATCATGAATCTCCATGGTTGTAA,AAT,AAT,3,4,TRUE,N,N,R,L,NA,NA,NA
PRM_0385,RRNMHESPWL,AGAAGGAATATGCATGAATCTCCATGGTTGTAA,AAT,ATG,3,4,TRUE,N,M,R,L,NA,NA,NA
PRM_0385,RRNIHESPWL,AGAAGGAATATTCATGAATCTCCATGGTTGTAA,AAT,ATT,3,4,TRUE,N,I,R,L,NA,NA,NA
PRM_0385,RRNRHESPWL,AGAAGGAATAGGCATGAATCTCCATGGTTGTAA,AAT,AGG,3,4,TRUE,N,R,R,L,NA,NA,NA
PRM_0385,RRNSHESPWL,AGAAGGAATAGTCATGAATCTCCATGGTTGTAA,AAT,AGT,3,4,TRUE,N,S,R,L,NA,NA,NA
PRM_0385,RRNTHESPWL,AGAAGGAATACGCATGAATCTCCATGGTTGTAA,AAT,ACG,3,4,TRUE,N,T,R,L,NA,NA,NA
PRM_0385,RRNTHESPWL,AGAAGGAATACTCATGAATCTCCATGGTTGTAA,AAT,ACT,3,4,TRUE,N,T,R,L,NA,NA,NA
PRM_0385,RRN*HESPWL,AGAAGGAATTAGCATGAATCTCCATGGTTGTAA,AAT,TAG,3,4,TRUE,N,*,R,L,NA,NA,NA
PRM_0385,RRNYHESPWL,AGAAGGAATTATCATGAATCTCCATGGTTGTAA,AAT,TAT,3,4,TRUE,N,Y,R,L,NA,NA,NA
PRM_0385,RRNLHESPWL,AGAAGGAATTTGCATGAATCTCCATGGTTGTAA,AAT,TTG,3,4,FALSE,N,L,R,L,NA,NA,NA
PRM_0385,RRNFHESPWL,AGAAGGAATTTTCATGAATCTCCATGGTTGTAA,AAT,TTT,3,4,TRUE,N,F,R,L,NA,NA,NA
PRM_0385,RRNWHESPWL,AGAAGGAATTGGCATGAATCTCCATGGTTGTAA,AAT,TGG,3,4,TRUE,N,W,R,L,NA,NA,NA
PRM_0385,RRNCHESPWL,AGAAGGAATTGTCATGAATCTCCATGGTTGTAA,AAT,TGT,3,4,TRUE,N,C,R,L,NA,NA,NA
PRM_0385,RRNSHESPWL,AGAAGGAATTCGCATGAATCTCCATGGTTGTAA,AAT,TCG,3,4,TRUE,N,S,R,L,NA,NA,NA
PRM_0385,RRNSHESPWL,AGAAGGAATTCTCATGAATCTCCATGGTTGTAA,AAT,TCT,3,4,TRUE,N,S,R,L,NA,NA,NA
PRM_0385,RRNEHESPWL,AGAAGGAATGAGCATGAATCTCCATGGTTGTAA,AAT,GAG,3,4,TRUE,N,E,R,L,NA,NA,NA
PRM_0385,RRNDHESPWL,AGAAGGAATGATCATGAATCTCCATGGTTGTAA,AAT,GAT,3,4,TRUE,N,D,R,L,NA,NA,NA
PRM_0385,RRNVHESPWL,AGAAGGAATGTGCATGAATCTCCATGGTTGTAA,AAT,GTG,3,4,TRUE,N,V,R,L,NA,NA,NA
PRM_0385,RRNVHESPWL,AGAAGGAATGTTCATGAATCTCCATGGTTGTAA,AAT,GTT,3,4,TRUE,N,V,R,L,NA,NA,NA
PRM_0385,RRNGHESPWL,AGAAGGAATGGGCATGAATCTCCATGGTTGTAA,AAT,GGG,3,4,TRUE,N,G,R,L,NA,NA,NA
PRM_0385,RRNGHESPWL,AGAAGGAATGGTCATGAATCTCCATGGTTGTAA,AAT,GGT,3,4,TRUE,N,G,R,L,NA,NA,NA
PRM_0385,RRNAHESPWL,AGAAGGAATGCGCATGAATCTCCATGGTTGTAA,AAT,GCG,3,4,TRUE,N,A,R,L,NA,NA,NA
PRM_0385,RRNAHESPWL,AGAAGGAATGCTCATGAATCTCCATGGTTGTAA,AAT,GCT,3,4,TRUE,N,A,R,L,NA,NA,NA
PRM_0385,RRNQHESPWL,AGAAGGAATCAGCATGAATCTCCATGGTTGTAA,AAT,CAG,3,4,TRUE,N,Q,R,L,NA,NA,NA
PRM_0385,RRNHHESPWL,AGAAGGAATCATCATGAATCTCCATGGTTGTAA,AAT,CAT,3,4,TRUE,N,H,R,L,NA,NA,NA
PRM_0385,RRNLHESPWL,AGAAGGAATCTGCATGAATCTCCATGGTTGTAA,AAT,CTG,3,4,FALSE,N,L,R,L,NA,NA,NA
PRM_0385,RRNLHESPWL,AGAAGGAATCTTCATGAATCTCCATGGTTGTAA,AAT,CTT,3,4,FALSE,N,L,R,L,NA,NA,NA
PRM_0385,RRNRHESPWL,AGAAGGAATCGGCATGAATCTCCATGGTTGTAA,AAT,CGG,3,4,TRUE,N,R,R,L,NA,NA,NA
PRM_0385,RRNRHESPWL,AGAAGGAATCGTCATGAATCTCCATGGTTGTAA,AAT,CGT,3,4,TRUE,N,R,R,L,NA,NA,NA
PRM_0385,RRNPHESPWL,AGAAGGAATCCGCATGAATCTCCATGGTTGTAA,AAT,CCG,3,4,TRUE,N,P,R,L,NA,NA,NA
PRM_0385,RRNPHESPWL,AGAAGGAATCCTCATGAATCTCCATGGTTGTAA,AAT,CCT,3,4,TRUE,N,P,R,L,NA,NA,NA
PRM_0385,RRMKHESPWL,AGAAGGATGAAGCATGAATCTCCATGGTTGTAA,ATG,AAG,3,4,TRUE,M,K,R,L,NA,NA,NA
PRM_0385,RRMNHESPWL,AGAAGGATGAATCATGAATCTCCATGGTTGTAA,ATG,AAT,3,4,TRUE,M,N,R,L,NA,NA,NA
PRM_0385,RRMMHESPWL,AGAAGGATGATGCATGAATCTCCATGGTTGTAA,ATG,ATG,3,4,TRUE,M,M,R,L,NA,NA,NA
PRM_0385,RRMIHESPWL,AGAAGGATGATTCATGAATCTCCATGGTTGTAA,ATG,ATT,3,4,TRUE,M,I,R,L,NA,NA,NA
PRM_0385,RRMRHESPWL,AGAAGGATGAGGCATGAATCTCCATGGTTGTAA,ATG,AGG,3,4,TRUE,M,R,R,L,NA,NA,NA
PRM_0385,RRMSHESPWL,AGAAGGATGAGTCATGAATCTCCATGGTTGTAA,ATG,AGT,3,4,TRUE,M,S,R,L,NA,NA,NA
PRM_0385,RRMTHESPWL,AGAAGGATGACGCATGAATCTCCATGGTTGTAA,ATG,ACG,3,4,TRUE,M,T,R,L,NA,NA,NA
PRM_0385,RRMTHESPWL,AGAAGGATGACTCATGAATCTCCATGGTTGTAA,ATG,ACT,3,4,TRUE,M,T,R,L,NA,NA,NA
PRM_0385,RRM*HESPWL,AGAAGGATGTAGCATGAATCTCCATGGTTGTAA,ATG,TAG,3,4,TRUE,M,*,R,L,NA,NA,NA
PRM_0385,RRMYHESPWL,AGAAGGATGTATCATGAATCTCCATGGTTGTAA,ATG,TAT,3,4,TRUE,M,Y,R,L,NA,NA,NA
PRM_0385,RRMLHESPWL,AGAAGGATGTTGCATGAATCTCCATGGTTGTAA,ATG,TTG,3,4,FALSE,M,L,R,L,NA,NA,NA
PRM_0385,RRMFHESPWL,AGAAGGATGTTTCATGAATCTCCATGGTTGTAA,ATG,TTT,3,4,TRUE,M,F,R,L,NA,NA,NA
PRM_0385,RRMWHESPWL,AGAAGGATGTGGCATGAATCTCCATGGTTGTAA,ATG,TGG,3,4,TRUE,M,W,R,L,NA,NA,NA
PRM_0385,RRMCHESPWL,AGAAGGATGTGTCATGAATCTCCATGGTTGTAA,ATG,TGT,3,4,TRUE,M,C,R,L,NA,NA,NA
PRM_0385,RRMSHESPWL,AGAAGGATGTCGCATGAATCTCCATGGTTGTAA,ATG,TCG,3,4,TRUE,M,S,R,L,NA,NA,NA
PRM_0385,RRMSHESPWL,AGAAGGATGTCTCATGAATCTCCATGGTTGTAA,ATG,TCT,3,4,TRUE,M,S,R,L,NA,NA,NA
PRM_0385,RRMEHESPWL,AGAAGGATGGAGCATGAATCTCCATGGTTGTAA,ATG,GAG,3,4,TRUE,M,E,R,L,NA,NA,NA
PRM_0385,RRMDHESPWL,AGAAGGATGGATCATGAATCTCCATGGTTGTAA,ATG,GAT,3,4,TRUE,M,D,R,L,NA,NA,NA
PRM_0385,RRMVHESPWL,AGAAGGATGGTGCATGAATCTCCATGGTTGTAA,ATG,GTG,3,4,TRUE,M,V,R,L,NA,NA,NA
PRM_0385,RRMVHESPWL,AGAAGGATGGTTCATGAATCTCCATGGTTGTAA,ATG,GTT,3,4,TRUE,M,V,R,L,NA,NA,NA
PRM_0385,RRMGHESPWL,AGAAGGATGGGGCATGAATCTCCATGGTTGTAA,ATG,GGG,3,4,TRUE,M,G,R,L,NA,NA,NA
PRM_0385,RRMGHESPWL,AGAAGGATGGGTCATGAATCTCCATGGTTGTAA,ATG,GGT,3,4,TRUE,M,G,R,L,NA,NA,NA
PRM_0385,RRMAHESPWL,AGAAGGATGGCGCATGAATCTCCATGGTTGTAA,ATG,GCG,3,4,TRUE,M,A,R,L,NA,NA,NA
PRM_0385,RRMAHESPWL,AGAAGGATGGCTCATGAATCTCCATGGTTGTAA,ATG,GCT,3,4,TRUE,M,A,R,L,NA,NA,NA
PRM_0385,RRMQHESPWL,AGAAGGATGCAGCATGAATCTCCATGGTTGTAA,ATG,CAG,3,4,TRUE,M,Q,R,L,NA,NA,NA
PRM_0385,RRMHHESPWL,AGAAGGATGCATCATGAATCTCCATGGTTGTAA,ATG,CAT,3,4,TRUE,M,H,R,L,NA,NA,NA
PRM_0385,RRMLHESPWL,AGAAGGATGCTGCATGAATCTCCATGGTTGTAA,ATG,CTG,3,4,FALSE,M,L,R,L,NA,NA,NA
PRM_0385,RRMLHESPWL,AGAAGGATGCTTCATGAATCTCCATGGTTGTAA,ATG,CTT,3,4,FALSE,M,L,R,L,NA,NA,NA
PRM_0385,RRMRHESPWL,AGAAGGATGCGGCATGAATCTCCATGGTTGTAA,ATG,CGG,3,4,TRUE,M,R,R,L,NA,NA,NA
PRM_0385,RRMRHESPWL,AGAAGGATGCGTCATGAATCTCCATGGTTGTAA,ATG,CGT,3,4,TRUE,M,R,R,L,NA,NA,NA
PRM_0385,RRMPHESPWL,AGAAGGATGCCGCATGAATCTCCATGGTTGTAA,ATG,CCG,3,4,TRUE,M,P,R,L,NA,NA,NA
PRM_0385,RRMPHESPWL,AGAAGGATGCCTCATGAATCTCCATGGTTGTAA,ATG,CCT,3,4,TRUE,M,P,R,L,NA,NA,NA
PRM_0385,RRIKHESPWL,AGAAGGATTAAGCATGAATCTCCATGGTTGTAA,ATT,AAG,3,4,TRUE,I,K,R,L,NA,NA,NA
PRM_0385,RRINHESPWL,AGAAGGATTAATCATGAATCTCCATGGTTGTAA,ATT,AAT,3,4,TRUE,I,N,R,L,NA,NA,NA
PRM_0385,RRIMHESPWL,AGAAGGATTATGCATGAATCTCCATGGTTGTAA,ATT,ATG,3,4,TRUE,I,M,R,L,NA,NA,NA
PRM_0385,RRIIHESPWL,AGAAGGATTATTCATGAATCTCCATGGTTGTAA,ATT,ATT,3,4,TRUE,I,I,R,L,NA,NA,NA
PRM_0385,RRIRHESPWL,AGAAGGATTAGGCATGAATCTCCATGGTTGTAA,ATT,AGG,3,4,TRUE,I,R,R,L,NA,NA,NA
PRM_0385,RRISHESPWL,AGAAGGATTAGTCATGAATCTCCATGGTTGTAA,ATT,AGT,3,4,TRUE,I,S,R,L,NA,NA,NA
PRM_0385,RRITHESPWL,AGAAGGATTACGCATGAATCTCCATGGTTGTAA,ATT,ACG,3,4,TRUE,I,T,R,L,NA,NA,NA
PRM_0385,RRITHESPWL,AGAAGGATTACTCATGAATCTCCATGGTTGTAA,ATT,ACT,3,4,TRUE,I,T,R,L,NA,NA,NA
PRM_0385,RRI*HESPWL,AGAAGGATTTAGCATGAATCTCCATGGTTGTAA,ATT,TAG,3,4,TRUE,I,*,R,L,NA,NA,NA
PRM_0385,RRIYHESPWL,AGAAGGATTTATCATGAATCTCCATGGTTGTAA,ATT,TAT,3,4,TRUE,I,Y,R,L,NA,NA,NA
PRM_0385,RRILHESPWL,AGAAGGATTTTGCATGAATCTCCATGGTTGTAA,ATT,TTG,3,4,FALSE,I,L,R,L,NA,NA,NA
PRM_0385,RRIFHESPWL,AGAAGGATTTTTCATGAATCTCCATGGTTGTAA,ATT,TTT,3,4,TRUE,I,F,R,L,NA,NA,NA
PRM_0385,RRIWHESPWL,AGAAGGATTTGGCATGAATCTCCATGGTTGTAA,ATT,TGG,3,4,TRUE,I,W,R,L,NA,NA,NA
PRM_0385,RRICHESPWL,AGAAGGATTTGTCATGAATCTCCATGGTTGTAA,ATT,TGT,3,4,TRUE,I,C,R,L,NA,NA,NA
PRM_0385,RRISHESPWL,AGAAGGATTTCGCATGAATCTCCATGGTTGTAA,ATT,TCG,3,4,TRUE,I,S,R,L,NA,NA,NA
PRM_0385,RRISHESPWL,AGAAGGATTTCTCATGAATCTCCATGGTTGTAA,ATT,TCT,3,4,TRUE,I,S,R,L,NA,NA,NA
PRM_0385,RRIEHESPWL,AGAAGGATTGAGCATGAATCTCCATGGTTGTAA,ATT,GAG,3,4,TRUE,I,E,R,L,NA,NA,NA
PRM_0385,RRIDHESPWL,AGAAGGATTGATCATGAATCTCCATGGTTGTAA,ATT,GAT,3,4,TRUE,I,D,R,L,NA,NA,NA
PRM_0385,RRIVHESPWL,AGAAGGATTGTGCATGAATCTCCATGGTTGTAA,ATT,GTG,3,4,TRUE,I,V,R,L,NA,NA,NA
PRM_0385,RRIVHESPWL,AGAAGGATTGTTCATGAATCTCCATGGTTGTAA,ATT,GTT,3,4,TRUE,I,V,R,L,NA,NA,NA
PRM_0385,RRIGHESPWL,AGAAGGATTGGGCATGAATCTCCATGGTTGTAA,ATT,GGG,3,4,TRUE,I,G,R,L,NA,NA,NA
PRM_0385,RRIGHESPWL,AGAAGGATTGGTCATGAATCTCCATGGTTGTAA,ATT,GGT,3,4,TRUE,I,G,R,L,NA,NA,NA
PRM_0385,RRIAHESPWL,AGAAGGATTGCGCATGAATCTCCATGGTTGTAA,ATT,GCG,3,4,TRUE,I,A,R,L,NA,NA,NA
PRM_0385,RRIAHESPWL,AGAAGGATTGCTCATGAATCTCCATGGTTGTAA,ATT,GCT,3,4,TRUE,I,A,R,L,NA,NA,NA
PRM_0385,RRIQHESPWL,AGAAGGATTCAGCATGAATCTCCATGGTTGTAA,ATT,CAG,3,4,TRUE,I,Q,R,L,NA,NA,NA
PRM_0385,RRIHHESPWL,AGAAGGATTCATCATGAATCTCCATGGTTGTAA,ATT,CAT,3,4,TRUE,I,H,R,L,NA,NA,NA
PRM_0385,RRILHESPWL,AGAAGGATTCTGCATGAATCTCCATGGTTGTAA,ATT,CTG,3,4,FALSE,I,L,R,L,NA,NA,NA
PRM_0385,RRILHESPWL,AGAAGGATTCTTCATGAATCTCCATGGTTGTAA,ATT,CTT,3,4,FALSE,I,L,R,L,NA,NA,NA
PRM_0385,RRIRHESPWL,AGAAGGATTCGGCATGAATCTCCATGGTTGTAA,ATT,CGG,3,4,TRUE,I,R,R,L,NA,NA,NA
PRM_0385,RRIRHESPWL,AGAAGGATTCGTCATGAATCTCCATGGTTGTAA,ATT,CGT,3,4,TRUE,I,R,R,L,NA,NA,NA
PRM_0385,RRIPHESPWL,AGAAGGATTCCGCATGAATCTCCATGGTTGTAA,ATT,CCG,3,4,TRUE,I,P,R,L,NA,NA,NA
PRM_0385,RRIPHESPWL,AGAAGGATTCCTCATGAATCTCCATGGTTGTAA,ATT,CCT,3,4,TRUE,I,P,R,L,NA,NA,NA
PRM_0385,RRRKHESPWL,AGAAGGAGGAAGCATGAATCTCCATGGTTGTAA,AGG,AAG,3,4,FALSE,R,K,R,L,NA,NA,NA
PRM_0385,RRRNHESPWL,AGAAGGAGGAATCATGAATCTCCATGGTTGTAA,AGG,AAT,3,4,FALSE,R,N,R,L,NA,NA,NA
PRM_0385,RRRMHESPWL,AGAAGGAGGATGCATGAATCTCCATGGTTGTAA,AGG,ATG,3,4,FALSE,R,M,R,L,NA,NA,NA
PRM_0385,RRRIHESPWL,AGAAGGAGGATTCATGAATCTCCATGGTTGTAA,AGG,ATT,3,4,FALSE,R,I,R,L,NA,NA,NA
PRM_0385,RRRRHESPWL,AGAAGGAGGAGGCATGAATCTCCATGGTTGTAA,AGG,AGG,3,4,FALSE,R,R,R,L,NA,NA,NA
PRM_0385,RRRSHESPWL,AGAAGGAGGAGTCATGAATCTCCATGGTTGTAA,AGG,AGT,3,4,FALSE,R,S,R,L,NA,NA,NA
PRM_0385,RRRTHESPWL,AGAAGGAGGACGCATGAATCTCCATGGTTGTAA,AGG,ACG,3,4,FALSE,R,T,R,L,NA,NA,NA
PRM_0385,RRRTHESPWL,AGAAGGAGGACTCATGAATCTCCATGGTTGTAA,AGG,ACT,3,4,FALSE,R,T,R,L,NA,NA,NA
PRM_0385,RRR*HESPWL,AGAAGGAGGTAGCATGAATCTCCATGGTTGTAA,AGG,TAG,3,4,FALSE,R,*,R,L,NA,NA,NA
PRM_0385,RRRYHESPWL,AGAAGGAGGTATCATGAATCTCCATGGTTGTAA,AGG,TAT,3,4,FALSE,R,Y,R,L,NA,NA,NA
PRM_0385,RRRLHESPWL,AGAAGGAGGTTGCATGAATCTCCATGGTTGTAA,AGG,TTG,3,4,FALSE,R,L,R,L,NA,NA,NA
PRM_0385,RRRFHESPWL,AGAAGGAGGTTTCATGAATCTCCATGGTTGTAA,AGG,TTT,3,4,FALSE,R,F,R,L,NA,NA,NA
PRM_0385,RRRWHESPWL,AGAAGGAGGTGGCATGAATCTCCATGGTTGTAA,AGG,TGG,3,4,FALSE,R,W,R,L,NA,NA,NA
PRM_0385,RRRCHESPWL,AGAAGGAGGTGTCATGAATCTCCATGGTTGTAA,AGG,TGT,3,4,FALSE,R,C,R,L,NA,NA,NA
PRM_0385,RRRSHESPWL,AGAAGGAGGTCGCATGAATCTCCATGGTTGTAA,AGG,TCG,3,4,FALSE,R,S,R,L,NA,NA,NA
PRM_0385,RRRSHESPWL,AGAAGGAGGTCTCATGAATCTCCATGGTTGTAA,AGG,TCT,3,4,FALSE,R,S,R,L,NA,NA,NA
PRM_0385,RRREHESPWL,AGAAGGAGGGAGCATGAATCTCCATGGTTGTAA,AGG,GAG,3,4,FALSE,R,E,R,L,NA,NA,NA
PRM_0385,RRRDHESPWL,AGAAGGAGGGATCATGAATCTCCATGGTTGTAA,AGG,GAT,3,4,FALSE,R,D,R,L,NA,NA,NA
PRM_0385,RRRVHESPWL,AGAAGGAGGGTGCATGAATCTCCATGGTTGTAA,AGG,GTG,3,4,FALSE,R,V,R,L,NA,NA,NA
PRM_0385,RRRVHESPWL,AGAAGGAGGGTTCATGAATCTCCATGGTTGTAA,AGG,GTT,3,4,FALSE,R,V,R,L,NA,NA,NA
PRM_0385,RRRGHESPWL,AGAAGGAGGGGGCATGAATCTCCATGGTTGTAA,AGG,GGG,3,4,FALSE,R,G,R,L,NA,NA,NA
PRM_0385,RRRGHESPWL,AGAAGGAGGGGTCATGAATCTCCATGGTTGTAA,AGG,GGT,3,4,FALSE,R,G,R,L,NA,NA,NA
PRM_0385,RRRAHESPWL,AGAAGGAGGGCGCATGAATCTCCATGGTTGTAA,AGG,GCG,3,4,FALSE,R,A,R,L,NA,NA,NA
PRM_0385,RRRAHESPWL,AGAAGGAGGGCTCATGAATCTCCATGGTTGTAA,AGG,GCT,3,4,FALSE,R,A,R,L,NA,NA,NA
PRM_0385,RRRQHESPWL,AGAAGGAGGCAGCATGAATCTCCATGGTTGTAA,AGG,CAG,3,4,FALSE,R,Q,R,L,NA,NA,NA
PRM_0385,RRRHHESPWL,AGAAGGAGGCATCATGAATCTCCATGGTTGTAA,AGG,CAT,3,4,FALSE,R,H,R,L,NA,NA,NA
PRM_0385,RRRLHESPWL,AGAAGGAGGCTGCATGAATCTCCATGGTTGTAA,AGG,CTG,3,4,FALSE,R,L,R,L,NA,NA,NA
PRM_0385,RRRLHESPWL,AGAAGGAGGCTTCATGAATCTCCATGGTTGTAA,AGG,CTT,3,4,FALSE,R,L,R,L,NA,NA,NA
PRM_0385,RRRRHESPWL,AGAAGGAGGCGGCATGAATCTCCATGGTTGTAA,AGG,CGG,3,4,FALSE,R,R,R,L,NA,NA,NA
PRM_0385,RRRRHESPWL,AGAAGGAGGCGTCATGAATCTCCATGGTTGTAA,AGG,CGT,3,4,FALSE,R,R,R,L,NA,NA,NA
PRM_0385,RRRPHESPWL,AGAAGGAGGCCGCATGAATCTCCATGGTTGTAA,AGG,CCG,3,4,FALSE,R,P,R,L,NA,NA,NA
PRM_0385,RRRPHESPWL,AGAAGGAGGCCTCATGAATCTCCATGGTTGTAA,AGG,CCT,3,4,FALSE,R,P,R,L,NA,NA,NA
PRM_0385,RRSKHESPWL,AGAAGGAGTAAGCATGAATCTCCATGGTTGTAA,AGT,AAG,3,4,TRUE,S,K,R,L,NA,NA,NA
PRM_0385,RRSNHESPWL,AGAAGGAGTAATCATGAATCTCCATGGTTGTAA,AGT,AAT,3,4,TRUE,S,N,R,L,NA,NA,NA
PRM_0385,RRSMHESPWL,AGAAGGAGTATGCATGAATCTCCATGGTTGTAA,AGT,ATG,3,4,TRUE,S,M,R,L,NA,NA,NA
PRM_0385,RRSIHESPWL,AGAAGGAGTATTCATGAATCTCCATGGTTGTAA,AGT,ATT,3,4,TRUE,S,I,R,L,NA,NA,NA
PRM_0385,RRSRHESPWL,AGAAGGAGTAGGCATGAATCTCCATGGTTGTAA,AGT,AGG,3,4,TRUE,S,R,R,L,NA,NA,NA
PRM_0385,RRSSHESPWL,AGAAGGAGTAGTCATGAATCTCCATGGTTGTAA,AGT,AGT,3,4,TRUE,S,S,R,L,NA,NA,NA
PRM_0385,RRSTHESPWL,AGAAGGAGTACGCATGAATCTCCATGGTTGTAA,AGT,ACG,3,4,TRUE,S,T,R,L,NA,NA,NA
PRM_0385,RRSTHESPWL,AGAAGGAGTACTCATGAATCTCCATGGTTGTAA,AGT,ACT,3,4,TRUE,S,T,R,L,NA,NA,NA
PRM_0385,RRS*HESPWL,AGAAGGAGTTAGCATGAATCTCCATGGTTGTAA,AGT,TAG,3,4,TRUE,S,*,R,L,NA,NA,NA
PRM_0385,RRSYHESPWL,AGAAGGAGTTATCATGAATCTCCATGGTTGTAA,AGT,TAT,3,4,TRUE,S,Y,R,L,NA,NA,NA
PRM_0385,RRSLHESPWL,AGAAGGAGTTTGCATGAATCTCCATGGTTGTAA,AGT,TTG,3,4,FALSE,S,L,R,L,NA,NA,NA
PRM_0385,RRSFHESPWL,AGAAGGAGTTTTCATGAATCTCCATGGTTGTAA,AGT,TTT,3,4,TRUE,S,F,R,L,NA,NA,NA
PRM_0385,RRSWHESPWL,AGAAGGAGTTGGCATGAATCTCCATGGTTGTAA,AGT,TGG,3,4,TRUE,S,W,R,L,NA,NA,NA
PRM_0385,RRSCHESPWL,AGAAGGAGTTGTCATGAATCTCCATGGTTGTAA,AGT,TGT,3,4,TRUE,S,C,R,L,NA,NA,NA
PRM_0385,RRSSHESPWL,AGAAGGAGTTCGCATGAATCTCCATGGTTGTAA,AGT,TCG,3,4,TRUE,S,S,R,L,NA,NA,NA
PRM_0385,RRSSHESPWL,AGAAGGAGTTCTCATGAATCTCCATGGTTGTAA,AGT,TCT,3,4,TRUE,S,S,R,L,NA,NA,NA
PRM_0385,RRSEHESPWL,AGAAGGAGTGAGCATGAATCTCCATGGTTGTAA,AGT,GAG,3,4,TRUE,S,E,R,L,NA,NA,NA
PRM_0385,RRSDHESPWL,AGAAGGAGTGATCATGAATCTCCATGGTTGTAA,AGT,GAT,3,4,TRUE,S,D,R,L,NA,NA,NA
PRM_0385,RRSVHESPWL,AGAAGGAGTGTGCATGAATCTCCATGGTTGTAA,AGT,GTG,3,4,TRUE,S,V,R,L,NA,NA,NA
PRM_0385,RRSVHESPWL,AGAAGGAGTGTTCATGAATCTCCATGGTTGTAA,AGT,GTT,3,4,TRUE,S,V,R,L,NA,NA,NA
PRM_0385,RRSGHESPWL,AGAAGGAGTGGGCATGAATCTCCATGGTTGTAA,AGT,GGG,3,4,TRUE,S,G,R,L,NA,NA,NA
PRM_0385,RRSGHESPWL,AGAAGGAGTGGTCATGAATCTCCATGGTTGTAA,AGT,GGT,3,4,TRUE,S,G,R,L,NA,NA,NA
PRM_0385,RRSAHESPWL,AGAAGGAGTGCGCATGAATCTCCATGGTTGTAA,AGT,GCG,3,4,TRUE,S,A,R,L,NA,NA,NA
PRM_0385,RRSAHESPWL,AGAAGGAGTGCTCATGAATCTCCATGGTTGTAA,AGT,GCT,3,4,TRUE,S,A,R,L,NA,NA,NA
PRM_0385,RRSQHESPWL,AGAAGGAGTCAGCATGAATCTCCATGGTTGTAA,AGT,CAG,3,4,TRUE,S,Q,R,L,NA,NA,NA
PRM_0385,RRSHHESPWL,AGAAGGAGTCATCATGAATCTCCATGGTTGTAA,AGT,CAT,3,4,TRUE,S,H,R,L,NA,NA,NA
PRM_0385,RRSLHESPWL,AGAAGGAGTCTGCATGAATCTCCATGGTTGTAA,AGT,CTG,3,4,FALSE,S,L,R,L,NA,NA,NA
PRM_0385,RRSLHESPWL,AGAAGGAGTCTTCATGAATCTCCATGGTTGTAA,AGT,CTT,3,4,FALSE,S,L,R,L,NA,NA,NA
PRM_0385,RRSRHESPWL,AGAAGGAGTCGGCATGAATCTCCATGGTTGTAA,AGT,CGG,3,4,TRUE,S,R,R,L,NA,NA,NA
PRM_0385,RRSRHESPWL,AGAAGGAGTCGTCATGAATCTCCATGGTTGTAA,AGT,CGT,3,4,TRUE,S,R,R,L,NA,NA,NA
PRM_0385,RRSPHESPWL,AGAAGGAGTCCGCATGAATCTCCATGGTTGTAA,AGT,CCG,3,4,TRUE,S,P,R,L,NA,NA,NA
PRM_0385,RRSPHESPWL,AGAAGGAGTCCTCATGAATCTCCATGGTTGTAA,AGT,CCT,3,4,TRUE,S,P,R,L,NA,NA,NA
PRM_0385,RRTKHESPWL,AGAAGGACGAAGCATGAATCTCCATGGTTGTAA,ACG,AAG,3,4,TRUE,T,K,R,L,NA,NA,NA
PRM_0385,RRTNHESPWL,AGAAGGACGAATCATGAATCTCCATGGTTGTAA,ACG,AAT,3,4,TRUE,T,N,R,L,NA,NA,NA
PRM_0385,RRTMHESPWL,AGAAGGACGATGCATGAATCTCCATGGTTGTAA,ACG,ATG,3,4,TRUE,T,M,R,L,NA,NA,NA
PRM_0385,RRTIHESPWL,AGAAGGACGATTCATGAATCTCCATGGTTGTAA,ACG,ATT,3,4,TRUE,T,I,R,L,NA,NA,NA
PRM_0385,RRTRHESPWL,AGAAGGACGAGGCATGAATCTCCATGGTTGTAA,ACG,AGG,3,4,TRUE,T,R,R,L,NA,NA,NA
PRM_0385,RRTSHESPWL,AGAAGGACGAGTCATGAATCTCCATGGTTGTAA,ACG,AGT,3,4,TRUE,T,S,R,L,NA,NA,NA
PRM_0385,RRTTHESPWL,AGAAGGACGACGCATGAATCTCCATGGTTGTAA,ACG,ACG,3,4,TRUE,T,T,R,L,NA,NA,NA
PRM_0385,RRTTHESPWL,AGAAGGACGACTCATGAATCTCCATGGTTGTAA,ACG,ACT,3,4,TRUE,T,T,R,L,NA,NA,NA
PRM_0385,RRT*HESPWL,AGAAGGACGTAGCATGAATCTCCATGGTTGTAA,ACG,TAG,3,4,TRUE,T,*,R,L,NA,NA,NA
PRM_0385,RRTYHESPWL,AGAAGGACGTATCATGAATCTCCATGGTTGTAA,ACG,TAT,3,4,TRUE,T,Y,R,L,NA,NA,NA
PRM_0385,RRTLHESPWL,AGAAGGACGTTGCATGAATCTCCATGGTTGTAA,ACG,TTG,3,4,FALSE,T,L,R,L,NA,NA,NA
PRM_0385,RRTFHESPWL,AGAAGGACGTTTCATGAATCTCCATGGTTGTAA,ACG,TTT,3,4,TRUE,T,F,R,L,NA,NA,NA
PRM_0385,RRTWHESPWL,AGAAGGACGTGGCATGAATCTCCATGGTTGTAA,ACG,TGG,3,4,TRUE,T,W,R,L,NA,NA,NA
PRM_0385,RRTCHESPWL,AGAAGGACGTGTCATGAATCTCCATGGTTGTAA,ACG,TGT,3,4,TRUE,T,C,R,L,NA,NA,NA
PRM_0385,RRTSHESPWL,AGAAGGACGTCGCATGAATCTCCATGGTTGTAA,ACG,TCG,3,4,TRUE,T,S,R,L,NA,NA,NA
PRM_0385,RRTSHESPWL,AGAAGGACGTCTCATGAATCTCCATGGTTGTAA,ACG,TCT,3,4,TRUE,T,S,R,L,NA,NA,NA
PRM_0385,RRTEHESPWL,AGAAGGACGGAGCATGAATCTCCATGGTTGTAA,ACG,GAG,3,4,TRUE,T,E,R,L,NA,NA,NA
PRM_0385,RRTDHESPWL,AGAAGGACGGATCATGAATCTCCATGGTTGTAA,ACG,GAT,3,4,TRUE,T,D,R,L,NA,NA,NA
PRM_0385,RRTVHESPWL,AGAAGGACGGTGCATGAATCTCCATGGTTGTAA,ACG,GTG,3,4,TRUE,T,V,R,L,NA,NA,NA
PRM_0385,RRTVHESPWL,AGAAGGACGGTTCATGAATCTCCATGGTTGTAA,ACG,GTT,3,4,TRUE,T,V,R,L,NA,NA,NA
PRM_0385,RRTGHESPWL,AGAAGGACGGGGCATGAATCTCCATGGTTGTAA,ACG,GGG,3,4,TRUE,T,G,R,L,NA,NA,NA
PRM_0385,RRTGHESPWL,AGAAGGACGGGTCATGAATCTCCATGGTTGTAA,ACG,GGT,3,4,TRUE,T,G,R,L,NA,NA,NA
PRM_0385,RRTAHESPWL,AGAAGGACGGCGCATGAATCTCCATGGTTGTAA,ACG,GCG,3,4,TRUE,T,A,R,L,NA,NA,NA
PRM_0385,RRTAHESPWL,AGAAGGACGGCTCATGAATCTCCATGGTTGTAA,ACG,GCT,3,4,TRUE,T,A,R,L,NA,NA,NA
PRM_0385,RRTQHESPWL,AGAAGGACGCAGCATGAATCTCCATGGTTGTAA,ACG,CAG,3,4,TRUE,T,Q,R,L,NA,NA,NA
PRM_0385,RRTHHESPWL,AGAAGGACGCATCATGAATCTCCATGGTTGTAA,ACG,CAT,3,4,TRUE,T,H,R,L,NA,NA,NA
PRM_0385,RRTLHESPWL,AGAAGGACGCTGCATGAATCTCCATGGTTGTAA,ACG,CTG,3,4,FALSE,T,L,R,L,NA,NA,NA
PRM_0385,RRTLHESPWL,AGAAGGACGCTTCATGAATCTCCATGGTTGTAA,ACG,CTT,3,4,FALSE,T,L,R,L,NA,NA,NA
PRM_0385,RRTRHESPWL,AGAAGGACGCGGCATGAATCTCCATGGTTGTAA,ACG,CGG,3,4,TRUE,T,R,R,L,NA,NA,NA
PRM_0385,RRTRHESPWL,AGAAGGACGCGTCATGAATCTCCATGGTTGTAA,ACG,CGT,3,4,TRUE,T,R,R,L,NA,NA,NA
PRM_0385,RRTPHESPWL,AGAAGGACGCCGCATGAATCTCCATGGTTGTAA,ACG,CCG,3,4,TRUE,T,P,R,L,NA,NA,NA
PRM_0385,RRTPHESPWL,AGAAGGACGCCTCATGAATCTCCATGGTTGTAA,ACG,CCT,3,4,TRUE,T,P,R,L,NA,NA,NA
PRM_0385,RRTKHESPWL,AGAAGGACTAAGCATGAATCTCCATGGTTGTAA,ACT,AAG,3,4,TRUE,T,K,R,L,NA,NA,NA
PRM_0385,RRTNHESPWL,AGAAGGACTAATCATGAATCTCCATGGTTGTAA,ACT,AAT,3,4,TRUE,T,N,R,L,NA,NA,NA
PRM_0385,RRTMHESPWL,AGAAGGACTATGCATGAATCTCCATGGTTGTAA,ACT,ATG,3,4,TRUE,T,M,R,L,NA,NA,NA
PRM_0385,RRTIHESPWL,AGAAGGACTATTCATGAATCTCCATGGTTGTAA,ACT,ATT,3,4,TRUE,T,I,R,L,NA,NA,NA
PRM_0385,RRTRHESPWL,AGAAGGACTAGGCATGAATCTCCATGGTTGTAA,ACT,AGG,3,4,TRUE,T,R,R,L,NA,NA,NA
PRM_0385,RRTSHESPWL,AGAAGGACTAGTCATGAATCTCCATGGTTGTAA,ACT,AGT,3,4,TRUE,T,S,R,L,NA,NA,NA
PRM_0385,RRTTHESPWL,AGAAGGACTACGCATGAATCTCCATGGTTGTAA,ACT,ACG,3,4,TRUE,T,T,R,L,NA,NA,NA
PRM_0385,RRTTHESPWL,AGAAGGACTACTCATGAATCTCCATGGTTGTAA,ACT,ACT,3,4,TRUE,T,T,R,L,NA,NA,NA
PRM_0385,RRT*HESPWL,AGAAGGACTTAGCATGAATCTCCATGGTTGTAA,ACT,TAG,3,4,TRUE,T,*,R,L,NA,NA,NA
PRM_0385,RRTYHESPWL,AGAAGGACTTATCATGAATCTCCATGGTTGTAA,ACT,TAT,3,4,TRUE,T,Y,R,L,NA,NA,NA
PRM_0385,RRTLHESPWL,AGAAGGACTTTGCATGAATCTCCATGGTTGTAA,ACT,TTG,3,4,FALSE,T,L,R,L,NA,NA,NA
PRM_0385,RRTFHESPWL,AGAAGGACTTTTCATGAATCTCCATGGTTGTAA,ACT,TTT,3,4,TRUE,T,F,R,L,NA,NA,NA
PRM_0385,RRTWHESPWL,AGAAGGACTTGGCATGAATCTCCATGGTTGTAA,ACT,TGG,3,4,TRUE,T,W,R,L,NA,NA,NA
PRM_0385,RRTCHESPWL,AGAAGGACTTGTCATGAATCTCCATGGTTGTAA,ACT,TGT,3,4,TRUE,T,C,R,L,NA,NA,NA
PRM_0385,RRTSHESPWL,AGAAGGACTTCGCATGAATCTCCATGGTTGTAA,ACT,TCG,3,4,TRUE,T,S,R,L,NA,NA,NA
PRM_0385,RRTSHESPWL,AGAAGGACTTCTCATGAATCTCCATGGTTGTAA,ACT,TCT,3,4,TRUE,T,S,R,L,NA,NA,NA
PRM_0385,RRTEHESPWL,AGAAGGACTGAGCATGAATCTCCATGGTTGTAA,ACT,GAG,3,4,TRUE,T,E,R,L,NA,NA,NA
PRM_0385,RRTDHESPWL,AGAAGGACTGATCATGAATCTCCATGGTTGTAA,ACT,GAT,3,4,TRUE,T,D,R,L,NA,NA,NA
PRM_0385,RRTVHESPWL,AGAAGGACTGTGCATGAATCTCCATGGTTGTAA,ACT,GTG,3,4,TRUE,T,V,R,L,NA,NA,NA
PRM_0385,RRTVHESPWL,AGAAGGACTGTTCATGAATCTCCATGGTTGTAA,ACT,GTT,3,4,TRUE,T,V,R,L,NA,NA,NA
PRM_0385,RRTGHESPWL,AGAAGGACTGGGCATGAATCTCCATGGTTGTAA,ACT,GGG,3,4,TRUE,T,G,R,L,NA,NA,NA
PRM_0385,RRTGHESPWL,AGAAGGACTGGTCATGAATCTCCATGGTTGTAA,ACT,GGT,3,4,TRUE,T,G,R,L,NA,NA,NA
PRM_0385,RRTAHESPWL,AGAAGGACTGCGCATGAATCTCCATGGTTGTAA,ACT,GCG,3,4,TRUE,T,A,R,L,NA,NA,NA
PRM_0385,RRTAHESPWL,AGAAGGACTGCTCATGAATCTCCATGGTTGTAA,ACT,GCT,3,4,TRUE,T,A,R,L,NA,NA,NA
PRM_0385,RRTQHESPWL,AGAAGGACTCAGCATGAATCTCCATGGTTGTAA,ACT,CAG,3,4,TRUE,T,Q,R,L,NA,NA,NA
PRM_0385,RRTHHESPWL,AGAAGGACTCATCATGAATCTCCATGGTTGTAA,ACT,CAT,3,4,TRUE,T,H,R,L,NA,NA,NA
PRM_0385,RRTLHESPWL,AGAAGGACTCTGCATGAATCTCCATGGTTGTAA,ACT,CTG,3,4,FALSE,T,L,R,L,NA,NA,NA
PRM_0385,RRTLHESPWL,AGAAGGACTCTTCATGAATCTCCATGGTTGTAA,ACT,CTT,3,4,FALSE,T,L,R,L,NA,NA,NA
PRM_0385,RRTRHESPWL,AGAAGGACTCGGCATGAATCTCCATGGTTGTAA,ACT,CGG,3,4,TRUE,T,R,R,L,NA,NA,NA
PRM_0385,RRTRHESPWL,AGAAGGACTCGTCATGAATCTCCATGGTTGTAA,ACT,CGT,3,4,TRUE,T,R,R,L,NA,NA,NA
PRM_0385,RRTPHESPWL,AGAAGGACTCCGCATGAATCTCCATGGTTGTAA,ACT,CCG,3,4,TRUE,T,P,R,L,NA,NA,NA
PRM_0385,RRTPHESPWL,AGAAGGACTCCTCATGAATCTCCATGGTTGTAA,ACT,CCT,3,4,TRUE,T,P,R,L,NA,NA,NA
PRM_0385,RR*KHESPWL,AGAAGGTAGAAGCATGAATCTCCATGGTTGTAA,TAG,AAG,3,4,TRUE,*,K,R,L,NA,NA,NA
PRM_0385,RR*NHESPWL,AGAAGGTAGAATCATGAATCTCCATGGTTGTAA,TAG,AAT,3,4,TRUE,*,N,R,L,NA,NA,NA
PRM_0385,RR*MHESPWL,AGAAGGTAGATGCATGAATCTCCATGGTTGTAA,TAG,ATG,3,4,TRUE,*,M,R,L,NA,NA,NA
PRM_0385,RR*IHESPWL,AGAAGGTAGATTCATGAATCTCCATGGTTGTAA,TAG,ATT,3,4,TRUE,*,I,R,L,NA,NA,NA
PRM_0385,RR*RHESPWL,AGAAGGTAGAGGCATGAATCTCCATGGTTGTAA,TAG,AGG,3,4,TRUE,*,R,R,L,NA,NA,NA
PRM_0385,RR*SHESPWL,AGAAGGTAGAGTCATGAATCTCCATGGTTGTAA,TAG,AGT,3,4,TRUE,*,S,R,L,NA,NA,NA
PRM_0385,RR*THESPWL,AGAAGGTAGACGCATGAATCTCCATGGTTGTAA,TAG,ACG,3,4,TRUE,*,T,R,L,NA,NA,NA
PRM_0385,RR*THESPWL,AGAAGGTAGACTCATGAATCTCCATGGTTGTAA,TAG,ACT,3,4,TRUE,*,T,R,L,NA,NA,NA
PRM_0385,RR**HESPWL,AGAAGGTAGTAGCATGAATCTCCATGGTTGTAA,TAG,TAG,3,4,TRUE,*,*,R,L,NA,NA,NA
PRM_0385,RR*YHESPWL,AGAAGGTAGTATCATGAATCTCCATGGTTGTAA,TAG,TAT,3,4,TRUE,*,Y,R,L,NA,NA,NA
PRM_0385,RR*LHESPWL,AGAAGGTAGTTGCATGAATCTCCATGGTTGTAA,TAG,TTG,3,4,FALSE,*,L,R,L,NA,NA,NA
PRM_0385,RR*FHESPWL,AGAAGGTAGTTTCATGAATCTCCATGGTTGTAA,TAG,TTT,3,4,TRUE,*,F,R,L,NA,NA,NA
PRM_0385,RR*WHESPWL,AGAAGGTAGTGGCATGAATCTCCATGGTTGTAA,TAG,TGG,3,4,TRUE,*,W,R,L,NA,NA,NA
PRM_0385,RR*CHESPWL,AGAAGGTAGTGTCATGAATCTCCATGGTTGTAA,TAG,TGT,3,4,TRUE,*,C,R,L,NA,NA,NA
PRM_0385,RR*SHESPWL,AGAAGGTAGTCGCATGAATCTCCATGGTTGTAA,TAG,TCG,3,4,TRUE,*,S,R,L,NA,NA,NA
PRM_0385,RR*SHESPWL,AGAAGGTAGTCTCATGAATCTCCATGGTTGTAA,TAG,TCT,3,4,TRUE,*,S,R,L,NA,NA,NA
PRM_0385,RR*EHESPWL,AGAAGGTAGGAGCATGAATCTCCATGGTTGTAA,TAG,GAG,3,4,TRUE,*,E,R,L,NA,NA,NA
PRM_0385,RR*DHESPWL,AGAAGGTAGGATCATGAATCTCCATGGTTGTAA,TAG,GAT,3,4,TRUE,*,D,R,L,NA,NA,NA
PRM_0385,RR*VHESPWL,AGAAGGTAGGTGCATGAATCTCCATGGTTGTAA,TAG,GTG,3,4,TRUE,*,V,R,L,NA,NA,NA
PRM_0385,RR*VHESPWL,AGAAGGTAGGTTCATGAATCTCCATGGTTGTAA,TAG,GTT,3,4,TRUE,*,V,R,L,NA,NA,NA
PRM_0385,RR*GHESPWL,AGAAGGTAGGGGCATGAATCTCCATGGTTGTAA,TAG,GGG,3,4,TRUE,*,G,R,L,NA,NA,NA
PRM_0385,RR*GHESPWL,AGAAGGTAGGGTCATGAATCTCCATGGTTGTAA,TAG,GGT,3,4,TRUE,*,G,R,L,NA,NA,NA
PRM_0385,RR*AHESPWL,AGAAGGTAGGCGCATGAATCTCCATGGTTGTAA,TAG,GCG,3,4,TRUE,*,A,R,L,NA,NA,NA
PRM_0385,RR*AHESPWL,AGAAGGTAGGCTCATGAATCTCCATGGTTGTAA,TAG,GCT,3,4,TRUE,*,A,R,L,NA,NA,NA
PRM_0385,RR*QHESPWL,AGAAGGTAGCAGCATGAATCTCCATGGTTGTAA,TAG,CAG,3,4,TRUE,*,Q,R,L,NA,NA,NA
PRM_0385,RR*HHESPWL,AGAAGGTAGCATCATGAATCTCCATGGTTGTAA,TAG,CAT,3,4,TRUE,*,H,R,L,NA,NA,NA
PRM_0385,RR*LHESPWL,AGAAGGTAGCTGCATGAATCTCCATGGTTGTAA,TAG,CTG,3,4,FALSE,*,L,R,L,NA,NA,NA
PRM_0385,RR*LHESPWL,AGAAGGTAGCTTCATGAATCTCCATGGTTGTAA,TAG,CTT,3,4,FALSE,*,L,R,L,NA,NA,NA
PRM_0385,RR*RHESPWL,AGAAGGTAGCGGCATGAATCTCCATGGTTGTAA,TAG,CGG,3,4,TRUE,*,R,R,L,NA,NA,NA
PRM_0385,RR*RHESPWL,AGAAGGTAGCGTCATGAATCTCCATGGTTGTAA,TAG,CGT,3,4,TRUE,*,R,R,L,NA,NA,NA
PRM_0385,RR*PHESPWL,AGAAGGTAGCCGCATGAATCTCCATGGTTGTAA,TAG,CCG,3,4,TRUE,*,P,R,L,NA,NA,NA
PRM_0385,RR*PHESPWL,AGAAGGTAGCCTCATGAATCTCCATGGTTGTAA,TAG,CCT,3,4,TRUE,*,P,R,L,NA,NA,NA
PRM_0385,RRYKHESPWL,AGAAGGTATAAGCATGAATCTCCATGGTTGTAA,TAT,AAG,3,4,TRUE,Y,K,R,L,NA,NA,NA
PRM_0385,RRYNHESPWL,AGAAGGTATAATCATGAATCTCCATGGTTGTAA,TAT,AAT,3,4,TRUE,Y,N,R,L,NA,NA,NA
PRM_0385,RRYMHESPWL,AGAAGGTATATGCATGAATCTCCATGGTTGTAA,TAT,ATG,3,4,TRUE,Y,M,R,L,NA,NA,NA
PRM_0385,RRYIHESPWL,AGAAGGTATATTCATGAATCTCCATGGTTGTAA,TAT,ATT,3,4,TRUE,Y,I,R,L,NA,NA,NA
PRM_0385,RRYRHESPWL,AGAAGGTATAGGCATGAATCTCCATGGTTGTAA,TAT,AGG,3,4,TRUE,Y,R,R,L,NA,NA,NA
PRM_0385,RRYSHESPWL,AGAAGGTATAGTCATGAATCTCCATGGTTGTAA,TAT,AGT,3,4,TRUE,Y,S,R,L,NA,NA,NA
PRM_0385,RRYTHESPWL,AGAAGGTATACGCATGAATCTCCATGGTTGTAA,TAT,ACG,3,4,TRUE,Y,T,R,L,NA,NA,NA
PRM_0385,RRYTHESPWL,AGAAGGTATACTCATGAATCTCCATGGTTGTAA,TAT,ACT,3,4,TRUE,Y,T,R,L,NA,NA,NA
PRM_0385,RRY*HESPWL,AGAAGGTATTAGCATGAATCTCCATGGTTGTAA,TAT,TAG,3,4,TRUE,Y,*,R,L,NA,NA,NA
PRM_0385,RRYYHESPWL,AGAAGGTATTATCATGAATCTCCATGGTTGTAA,TAT,TAT,3,4,TRUE,Y,Y,R,L,NA,NA,NA
PRM_0385,RRYLHESPWL,AGAAGGTATTTGCATGAATCTCCATGGTTGTAA,TAT,TTG,3,4,FALSE,Y,L,R,L,NA,NA,NA
PRM_0385,RRYFHESPWL,AGAAGGTATTTTCATGAATCTCCATGGTTGTAA,TAT,TTT,3,4,TRUE,Y,F,R,L,NA,NA,NA
PRM_0385,RRYWHESPWL,AGAAGGTATTGGCATGAATCTCCATGGTTGTAA,TAT,TGG,3,4,TRUE,Y,W,R,L,NA,NA,NA
PRM_0385,RRYCHESPWL,AGAAGGTATTGTCATGAATCTCCATGGTTGTAA,TAT,TGT,3,4,TRUE,Y,C,R,L,NA,NA,NA
PRM_0385,RRYSHESPWL,AGAAGGTATTCGCATGAATCTCCATGGTTGTAA,TAT,TCG,3,4,TRUE,Y,S,R,L,NA,NA,NA
PRM_0385,RRYSHESPWL,AGAAGGTATTCTCATGAATCTCCATGGTTGTAA,TAT,TCT,3,4,TRUE,Y,S,R,L,NA,NA,NA
PRM_0385,RRYEHESPWL,AGAAGGTATGAGCATGAATCTCCATGGTTGTAA,TAT,GAG,3,4,TRUE,Y,E,R,L,NA,NA,NA
PRM_0385,RRYDHESPWL,AGAAGGTATGATCATGAATCTCCATGGTTGTAA,TAT,GAT,3,4,TRUE,Y,D,R,L,NA,NA,NA
PRM_0385,RRYVHESPWL,AGAAGGTATGTGCATGAATCTCCATGGTTGTAA,TAT,GTG,3,4,TRUE,Y,V,R,L,NA,NA,NA
PRM_0385,RRYVHESPWL,AGAAGGTATGTTCATGAATCTCCATGGTTGTAA,TAT,GTT,3,4,TRUE,Y,V,R,L,NA,NA,NA
PRM_0385,RRYGHESPWL,AGAAGGTATGGGCATGAATCTCCATGGTTGTAA,TAT,GGG,3,4,TRUE,Y,G,R,L,NA,NA,NA
PRM_0385,RRYGHESPWL,AGAAGGTATGGTCATGAATCTCCATGGTTGTAA,TAT,GGT,3,4,TRUE,Y,G,R,L,NA,NA,NA
PRM_0385,RRYAHESPWL,AGAAGGTATGCGCATGAATCTCCATGGTTGTAA,TAT,GCG,3,4,TRUE,Y,A,R,L,NA,NA,NA
PRM_0385,RRYAHESPWL,AGAAGGTATGCTCATGAATCTCCATGGTTGTAA,TAT,GCT,3,4,TRUE,Y,A,R,L,NA,NA,NA
PRM_0385,RRYQHESPWL,AGAAGGTATCAGCATGAATCTCCATGGTTGTAA,TAT,CAG,3,4,TRUE,Y,Q,R,L,NA,NA,NA
PRM_0385,RRYHHESPWL,AGAAGGTATCATCATGAATCTCCATGGTTGTAA,TAT,CAT,3,4,TRUE,Y,H,R,L,NA,NA,NA
PRM_0385,RRYLHESPWL,AGAAGGTATCTGCATGAATCTCCATGGTTGTAA,TAT,CTG,3,4,FALSE,Y,L,R,L,NA,NA,NA
PRM_0385,RRYLHESPWL,AGAAGGTATCTTCATGAATCTCCATGGTTGTAA,TAT,CTT,3,4,FALSE,Y,L,R,L,NA,NA,NA
PRM_0385,RRYRHESPWL,AGAAGGTATCGGCATGAATCTCCATGGTTGTAA,TAT,CGG,3,4,TRUE,Y,R,R,L,NA,NA,NA
PRM_0385,RRYRHESPWL,AGAAGGTATCGTCATGAATCTCCATGGTTGTAA,TAT,CGT,3,4,TRUE,Y,R,R,L,NA,NA,NA
PRM_0385,RRYPHESPWL,AGAAGGTATCCGCATGAATCTCCATGGTTGTAA,TAT,CCG,3,4,TRUE,Y,P,R,L,NA,NA,NA
PRM_0385,RRYPHESPWL,AGAAGGTATCCTCATGAATCTCCATGGTTGTAA,TAT,CCT,3,4,TRUE,Y,P,R,L,NA,NA,NA
PRM_0385,RRLKHESPWL,AGAAGGTTGAAGCATGAATCTCCATGGTTGTAA,TTG,AAG,3,4,TRUE,L,K,R,L,NA,NA,NA
PRM_0385,RRLNHESPWL,AGAAGGTTGAATCATGAATCTCCATGGTTGTAA,TTG,AAT,3,4,TRUE,L,N,R,L,NA,NA,NA
PRM_0385,RRLMHESPWL,AGAAGGTTGATGCATGAATCTCCATGGTTGTAA,TTG,ATG,3,4,TRUE,L,M,R,L,NA,NA,NA
PRM_0385,RRLIHESPWL,AGAAGGTTGATTCATGAATCTCCATGGTTGTAA,TTG,ATT,3,4,TRUE,L,I,R,L,NA,NA,NA
PRM_0385,RRLRHESPWL,AGAAGGTTGAGGCATGAATCTCCATGGTTGTAA,TTG,AGG,3,4,TRUE,L,R,R,L,NA,NA,NA
PRM_0385,RRLSHESPWL,AGAAGGTTGAGTCATGAATCTCCATGGTTGTAA,TTG,AGT,3,4,TRUE,L,S,R,L,NA,NA,NA
PRM_0385,RRLTHESPWL,AGAAGGTTGACGCATGAATCTCCATGGTTGTAA,TTG,ACG,3,4,TRUE,L,T,R,L,NA,NA,NA
PRM_0385,RRLTHESPWL,AGAAGGTTGACTCATGAATCTCCATGGTTGTAA,TTG,ACT,3,4,TRUE,L,T,R,L,NA,NA,NA
PRM_0385,RRL*HESPWL,AGAAGGTTGTAGCATGAATCTCCATGGTTGTAA,TTG,TAG,3,4,TRUE,L,*,R,L,NA,NA,NA
PRM_0385,RRLYHESPWL,AGAAGGTTGTATCATGAATCTCCATGGTTGTAA,TTG,TAT,3,4,TRUE,L,Y,R,L,NA,NA,NA
PRM_0385,RRLLHESPWL,AGAAGGTTGTTGCATGAATCTCCATGGTTGTAA,TTG,TTG,3,4,FALSE,L,L,R,L,NA,NA,NA
PRM_0385,RRLFHESPWL,AGAAGGTTGTTTCATGAATCTCCATGGTTGTAA,TTG,TTT,3,4,TRUE,L,F,R,L,NA,NA,NA
PRM_0385,RRLWHESPWL,AGAAGGTTGTGGCATGAATCTCCATGGTTGTAA,TTG,TGG,3,4,TRUE,L,W,R,L,NA,NA,NA
PRM_0385,RRLCHESPWL,AGAAGGTTGTGTCATGAATCTCCATGGTTGTAA,TTG,TGT,3,4,TRUE,L,C,R,L,NA,NA,NA
PRM_0385,RRLSHESPWL,AGAAGGTTGTCGCATGAATCTCCATGGTTGTAA,TTG,TCG,3,4,TRUE,L,S,R,L,NA,NA,NA
PRM_0385,RRLSHESPWL,AGAAGGTTGTCTCATGAATCTCCATGGTTGTAA,TTG,TCT,3,4,TRUE,L,S,R,L,NA,NA,NA
PRM_0385,RRLEHESPWL,AGAAGGTTGGAGCATGAATCTCCATGGTTGTAA,TTG,GAG,3,4,TRUE,L,E,R,L,NA,NA,NA
PRM_0385,RRLDHESPWL,AGAAGGTTGGATCATGAATCTCCATGGTTGTAA,TTG,GAT,3,4,TRUE,L,D,R,L,NA,NA,NA
PRM_0385,RRLVHESPWL,AGAAGGTTGGTGCATGAATCTCCATGGTTGTAA,TTG,GTG,3,4,TRUE,L,V,R,L,NA,NA,NA
PRM_0385,RRLVHESPWL,AGAAGGTTGGTTCATGAATCTCCATGGTTGTAA,TTG,GTT,3,4,TRUE,L,V,R,L,NA,NA,NA
PRM_0385,RRLGHESPWL,AGAAGGTTGGGGCATGAATCTCCATGGTTGTAA,TTG,GGG,3,4,TRUE,L,G,R,L,NA,NA,NA
PRM_0385,RRLGHESPWL,AGAAGGTTGGGTCATGAATCTCCATGGTTGTAA,TTG,GGT,3,4,TRUE,L,G,R,L,NA,NA,NA
PRM_0385,RRLAHESPWL,AGAAGGTTGGCGCATGAATCTCCATGGTTGTAA,TTG,GCG,3,4,TRUE,L,A,R,L,NA,NA,NA
PRM_0385,RRLAHESPWL,AGAAGGTTGGCTCATGAATCTCCATGGTTGTAA,TTG,GCT,3,4,TRUE,L,A,R,L,NA,NA,NA
PRM_0385,RRLQHESPWL,AGAAGGTTGCAGCATGAATCTCCATGGTTGTAA,TTG,CAG,3,4,TRUE,L,Q,R,L,NA,NA,NA
PRM_0385,RRLHHESPWL,AGAAGGTTGCATCATGAATCTCCATGGTTGTAA,TTG,CAT,3,4,TRUE,L,H,R,L,NA,NA,NA
PRM_0385,RRLLHESPWL,AGAAGGTTGCTGCATGAATCTCCATGGTTGTAA,TTG,CTG,3,4,FALSE,L,L,R,L,NA,NA,NA
PRM_0385,RRLLHESPWL,AGAAGGTTGCTTCATGAATCTCCATGGTTGTAA,TTG,CTT,3,4,FALSE,L,L,R,L,NA,NA,NA
PRM_0385,RRLRHESPWL,AGAAGGTTGCGGCATGAATCTCCATGGTTGTAA,TTG,CGG,3,4,TRUE,L,R,R,L,NA,NA,NA
PRM_0385,RRLRHESPWL,AGAAGGTTGCGTCATGAATCTCCATGGTTGTAA,TTG,CGT,3,4,TRUE,L,R,R,L,NA,NA,NA
PRM_0385,RRLPHESPWL,AGAAGGTTGCCGCATGAATCTCCATGGTTGTAA,TTG,CCG,3,4,TRUE,L,P,R,L,NA,NA,NA
PRM_0385,RRLPHESPWL,AGAAGGTTGCCTCATGAATCTCCATGGTTGTAA,TTG,CCT,3,4,TRUE,L,P,R,L,NA,NA,NA
PRM_0385,RRFKHESPWL,AGAAGGTTTAAGCATGAATCTCCATGGTTGTAA,TTT,AAG,3,4,TRUE,F,K,R,L,NA,NA,NA
PRM_0385,RRFNHESPWL,AGAAGGTTTAATCATGAATCTCCATGGTTGTAA,TTT,AAT,3,4,TRUE,F,N,R,L,NA,NA,NA
PRM_0385,RRFMHESPWL,AGAAGGTTTATGCATGAATCTCCATGGTTGTAA,TTT,ATG,3,4,TRUE,F,M,R,L,NA,NA,NA
PRM_0385,RRFIHESPWL,AGAAGGTTTATTCATGAATCTCCATGGTTGTAA,TTT,ATT,3,4,TRUE,F,I,R,L,NA,NA,NA
PRM_0385,RRFRHESPWL,AGAAGGTTTAGGCATGAATCTCCATGGTTGTAA,TTT,AGG,3,4,TRUE,F,R,R,L,NA,NA,NA
PRM_0385,RRFSHESPWL,AGAAGGTTTAGTCATGAATCTCCATGGTTGTAA,TTT,AGT,3,4,TRUE,F,S,R,L,NA,NA,NA
PRM_0385,RRFTHESPWL,AGAAGGTTTACGCATGAATCTCCATGGTTGTAA,TTT,ACG,3,4,TRUE,F,T,R,L,NA,NA,NA
PRM_0385,RRFTHESPWL,AGAAGGTTTACTCATGAATCTCCATGGTTGTAA,TTT,ACT,3,4,TRUE,F,T,R,L,NA,NA,NA
PRM_0385,RRF*HESPWL,AGAAGGTTTTAGCATGAATCTCCATGGTTGTAA,TTT,TAG,3,4,TRUE,F,*,R,L,NA,NA,NA
PRM_0385,RRFYHESPWL,AGAAGGTTTTATCATGAATCTCCATGGTTGTAA,TTT,TAT,3,4,TRUE,F,Y,R,L,NA,NA,NA
PRM_0385,RRFLHESPWL,AGAAGGTTTTTGCATGAATCTCCATGGTTGTAA,TTT,TTG,3,4,FALSE,F,L,R,L,NA,NA,NA
PRM_0385,RRFFHESPWL,AGAAGGTTTTTTCATGAATCTCCATGGTTGTAA,TTT,TTT,3,4,TRUE,F,F,R,L,NA,NA,NA
PRM_0385,RRFWHESPWL,AGAAGGTTTTGGCATGAATCTCCATGGTTGTAA,TTT,TGG,3,4,TRUE,F,W,R,L,NA,NA,NA
PRM_0385,RRFCHESPWL,AGAAGGTTTTGTCATGAATCTCCATGGTTGTAA,TTT,TGT,3,4,TRUE,F,C,R,L,NA,NA,NA
PRM_0385,RRFSHESPWL,AGAAGGTTTTCGCATGAATCTCCATGGTTGTAA,TTT,TCG,3,4,TRUE,F,S,R,L,NA,NA,NA
PRM_0385,RRFSHESPWL,AGAAGGTTTTCTCATGAATCTCCATGGTTGTAA,TTT,TCT,3,4,TRUE,F,S,R,L,NA,NA,NA
PRM_0385,RRFEHESPWL,AGAAGGTTTGAGCATGAATCTCCATGGTTGTAA,TTT,GAG,3,4,TRUE,F,E,R,L,NA,NA,NA
PRM_0385,RRFDHESPWL,AGAAGGTTTGATCATGAATCTCCATGGTTGTAA,TTT,GAT,3,4,TRUE,F,D,R,L,NA,NA,NA
PRM_0385,RRFVHESPWL,AGAAGGTTTGTGCATGAATCTCCATGGTTGTAA,TTT,GTG,3,4,TRUE,F,V,R,L,NA,NA,NA
PRM_0385,RRFVHESPWL,AGAAGGTTTGTTCATGAATCTCCATGGTTGTAA,TTT,GTT,3,4,TRUE,F,V,R,L,NA,NA,NA
PRM_0385,RRFGHESPWL,AGAAGGTTTGGGCATGAATCTCCATGGTTGTAA,TTT,GGG,3,4,TRUE,F,G,R,L,NA,NA,NA
PRM_0385,RRFGHESPWL,AGAAGGTTTGGTCATGAATCTCCATGGTTGTAA,TTT,GGT,3,4,TRUE,F,G,R,L,NA,NA,NA
PRM_0385,RRFAHESPWL,AGAAGGTTTGCGCATGAATCTCCATGGTTGTAA,TTT,GCG,3,4,TRUE,F,A,R,L,NA,NA,NA
PRM_0385,RRFAHESPWL,AGAAGGTTTGCTCATGAATCTCCATGGTTGTAA,TTT,GCT,3,4,TRUE,F,A,R,L,NA,NA,NA
PRM_0385,RRFQHESPWL,AGAAGGTTTCAGCATGAATCTCCATGGTTGTAA,TTT,CAG,3,4,TRUE,F,Q,R,L,NA,NA,NA
PRM_0385,RRFHHESPWL,AGAAGGTTTCATCATGAATCTCCATGGTTGTAA,TTT,CAT,3,4,TRUE,F,H,R,L,NA,NA,NA
PRM_0385,RRFLHESPWL,AGAAGGTTTCTGCATGAATCTCCATGGTTGTAA,TTT,CTG,3,4,FALSE,F,L,R,L,NA,NA,NA
PRM_0385,RRFLHESPWL,AGAAGGTTTCTTCATGAATCTCCATGGTTGTAA,TTT,CTT,3,4,FALSE,F,L,R,L,NA,NA,NA
PRM_0385,RRFRHESPWL,AGAAGGTTTCGGCATGAATCTCCATGGTTGTAA,TTT,CGG,3,4,TRUE,F,R,R,L,NA,NA,NA
PRM_0385,RRFRHESPWL,AGAAGGTTTCGTCATGAATCTCCATGGTTGTAA,TTT,CGT,3,4,TRUE,F,R,R,L,NA,NA,NA
PRM_0385,RRFPHESPWL,AGAAGGTTTCCGCATGAATCTCCATGGTTGTAA,TTT,CCG,3,4,TRUE,F,P,R,L,NA,NA,NA
PRM_0385,RRFPHESPWL,AGAAGGTTTCCTCATGAATCTCCATGGTTGTAA,TTT,CCT,3,4,TRUE,F,P,R,L,NA,NA,NA
PRM_0385,RRWKHESPWL,AGAAGGTGGAAGCATGAATCTCCATGGTTGTAA,TGG,AAG,3,4,TRUE,W,K,R,L,NA,NA,NA
PRM_0385,RRWNHESPWL,AGAAGGTGGAATCATGAATCTCCATGGTTGTAA,TGG,AAT,3,4,TRUE,W,N,R,L,NA,NA,NA
PRM_0385,RRWMHESPWL,AGAAGGTGGATGCATGAATCTCCATGGTTGTAA,TGG,ATG,3,4,TRUE,W,M,R,L,NA,NA,NA
PRM_0385,RRWIHESPWL,AGAAGGTGGATTCATGAATCTCCATGGTTGTAA,TGG,ATT,3,4,TRUE,W,I,R,L,NA,NA,NA
PRM_0385,RRWRHESPWL,AGAAGGTGGAGGCATGAATCTCCATGGTTGTAA,TGG,AGG,3,4,TRUE,W,R,R,L,NA,NA,NA
PRM_0385,RRWSHESPWL,AGAAGGTGGAGTCATGAATCTCCATGGTTGTAA,TGG,AGT,3,4,TRUE,W,S,R,L,NA,NA,NA
PRM_0385,RRWTHESPWL,AGAAGGTGGACGCATGAATCTCCATGGTTGTAA,TGG,ACG,3,4,TRUE,W,T,R,L,NA,NA,NA
PRM_0385,RRWTHESPWL,AGAAGGTGGACTCATGAATCTCCATGGTTGTAA,TGG,ACT,3,4,TRUE,W,T,R,L,NA,NA,NA
PRM_0385,RRW*HESPWL,AGAAGGTGGTAGCATGAATCTCCATGGTTGTAA,TGG,TAG,3,4,TRUE,W,*,R,L,NA,NA,NA
PRM_0385,RRWYHESPWL,AGAAGGTGGTATCATGAATCTCCATGGTTGTAA,TGG,TAT,3,4,TRUE,W,Y,R,L,NA,NA,NA
PRM_0385,RRWLHESPWL,AGAAGGTGGTTGCATGAATCTCCATGGTTGTAA,TGG,TTG,3,4,FALSE,W,L,R,L,NA,NA,NA
PRM_0385,RRWFHESPWL,AGAAGGTGGTTTCATGAATCTCCATGGTTGTAA,TGG,TTT,3,4,TRUE,W,F,R,L,NA,NA,NA
PRM_0385,RRWWHESPWL,AGAAGGTGGTGGCATGAATCTCCATGGTTGTAA,TGG,TGG,3,4,TRUE,W,W,R,L,NA,NA,NA
PRM_0385,RRWCHESPWL,AGAAGGTGGTGTCATGAATCTCCATGGTTGTAA,TGG,TGT,3,4,TRUE,W,C,R,L,NA,NA,NA
PRM_0385,RRWSHESPWL,AGAAGGTGGTCGCATGAATCTCCATGGTTGTAA,TGG,TCG,3,4,TRUE,W,S,R,L,NA,NA,NA
PRM_0385,RRWSHESPWL,AGAAGGTGGTCTCATGAATCTCCATGGTTGTAA,TGG,TCT,3,4,TRUE,W,S,R,L,NA,NA,NA
PRM_0385,RRWEHESPWL,AGAAGGTGGGAGCATGAATCTCCATGGTTGTAA,TGG,GAG,3,4,TRUE,W,E,R,L,NA,NA,NA
PRM_0385,RRWDHESPWL,AGAAGGTGGGATCATGAATCTCCATGGTTGTAA,TGG,GAT,3,4,TRUE,W,D,R,L,NA,NA,NA
PRM_0385,RRWVHESPWL,AGAAGGTGGGTGCATGAATCTCCATGGTTGTAA,TGG,GTG,3,4,TRUE,W,V,R,L,NA,NA,NA
PRM_0385,RRWVHESPWL,AGAAGGTGGGTTCATGAATCTCCATGGTTGTAA,TGG,GTT,3,4,TRUE,W,V,R,L,NA,NA,NA
PRM_0385,RRWGHESPWL,AGAAGGTGGGGGCATGAATCTCCATGGTTGTAA,TGG,GGG,3,4,TRUE,W,G,R,L,NA,NA,NA
PRM_0385,RRWGHESPWL,AGAAGGTGGGGTCATGAATCTCCATGGTTGTAA,TGG,GGT,3,4,TRUE,W,G,R,L,NA,NA,NA
PRM_0385,RRWAHESPWL,AGAAGGTGGGCGCATGAATCTCCATGGTTGTAA,TGG,GCG,3,4,TRUE,W,A,R,L,NA,NA,NA
PRM_0385,RRWAHESPWL,AGAAGGTGGGCTCATGAATCTCCATGGTTGTAA,TGG,GCT,3,4,TRUE,W,A,R,L,NA,NA,NA
PRM_0385,RRWQHESPWL,AGAAGGTGGCAGCATGAATCTCCATGGTTGTAA,TGG,CAG,3,4,TRUE,W,Q,R,L,NA,NA,NA
PRM_0385,RRWHHESPWL,AGAAGGTGGCATCATGAATCTCCATGGTTGTAA,TGG,CAT,3,4,TRUE,W,H,R,L,NA,NA,NA
PRM_0385,RRWLHESPWL,AGAAGGTGGCTGCATGAATCTCCATGGTTGTAA,TGG,CTG,3,4,FALSE,W,L,R,L,NA,NA,NA
PRM_0385,RRWLHESPWL,AGAAGGTGGCTTCATGAATCTCCATGGTTGTAA,TGG,CTT,3,4,FALSE,W,L,R,L,NA,NA,NA
PRM_0385,RRWRHESPWL,AGAAGGTGGCGGCATGAATCTCCATGGTTGTAA,TGG,CGG,3,4,TRUE,W,R,R,L,NA,NA,NA
PRM_0385,RRWRHESPWL,AGAAGGTGGCGTCATGAATCTCCATGGTTGTAA,TGG,CGT,3,4,TRUE,W,R,R,L,NA,NA,NA
PRM_0385,RRWPHESPWL,AGAAGGTGGCCGCATGAATCTCCATGGTTGTAA,TGG,CCG,3,4,TRUE,W,P,R,L,NA,NA,NA
PRM_0385,RRWPHESPWL,AGAAGGTGGCCTCATGAATCTCCATGGTTGTAA,TGG,CCT,3,4,TRUE,W,P,R,L,NA,NA,NA
PRM_0385,RRCKHESPWL,AGAAGGTGTAAGCATGAATCTCCATGGTTGTAA,TGT,AAG,3,4,TRUE,C,K,R,L,NA,NA,NA
PRM_0385,RRCNHESPWL,AGAAGGTGTAATCATGAATCTCCATGGTTGTAA,TGT,AAT,3,4,TRUE,C,N,R,L,NA,NA,NA
PRM_0385,RRCMHESPWL,AGAAGGTGTATGCATGAATCTCCATGGTTGTAA,TGT,ATG,3,4,TRUE,C,M,R,L,NA,NA,NA
PRM_0385,RRCIHESPWL,AGAAGGTGTATTCATGAATCTCCATGGTTGTAA,TGT,ATT,3,4,TRUE,C,I,R,L,NA,NA,NA
PRM_0385,RRCRHESPWL,AGAAGGTGTAGGCATGAATCTCCATGGTTGTAA,TGT,AGG,3,4,TRUE,C,R,R,L,NA,NA,NA
PRM_0385,RRCSHESPWL,AGAAGGTGTAGTCATGAATCTCCATGGTTGTAA,TGT,AGT,3,4,TRUE,C,S,R,L,NA,NA,NA
PRM_0385,RRCTHESPWL,AGAAGGTGTACGCATGAATCTCCATGGTTGTAA,TGT,ACG,3,4,TRUE,C,T,R,L,NA,NA,NA
PRM_0385,RRCTHESPWL,AGAAGGTGTACTCATGAATCTCCATGGTTGTAA,TGT,ACT,3,4,TRUE,C,T,R,L,NA,NA,NA
PRM_0385,RRC*HESPWL,AGAAGGTGTTAGCATGAATCTCCATGGTTGTAA,TGT,TAG,3,4,TRUE,C,*,R,L,NA,NA,NA
PRM_0385,RRCYHESPWL,AGAAGGTGTTATCATGAATCTCCATGGTTGTAA,TGT,TAT,3,4,TRUE,C,Y,R,L,NA,NA,NA
PRM_0385,RRCLHESPWL,AGAAGGTGTTTGCATGAATCTCCATGGTTGTAA,TGT,TTG,3,4,FALSE,C,L,R,L,NA,NA,NA
PRM_0385,RRCFHESPWL,AGAAGGTGTTTTCATGAATCTCCATGGTTGTAA,TGT,TTT,3,4,TRUE,C,F,R,L,NA,NA,NA
PRM_0385,RRCWHESPWL,AGAAGGTGTTGGCATGAATCTCCATGGTTGTAA,TGT,TGG,3,4,TRUE,C,W,R,L,NA,NA,NA
PRM_0385,RRCCHESPWL,AGAAGGTGTTGTCATGAATCTCCATGGTTGTAA,TGT,TGT,3,4,TRUE,C,C,R,L,NA,NA,NA
PRM_0385,RRCSHESPWL,AGAAGGTGTTCGCATGAATCTCCATGGTTGTAA,TGT,TCG,3,4,TRUE,C,S,R,L,NA,NA,NA
PRM_0385,RRCSHESPWL,AGAAGGTGTTCTCATGAATCTCCATGGTTGTAA,TGT,TCT,3,4,TRUE,C,S,R,L,NA,NA,NA
PRM_0385,RRCEHESPWL,AGAAGGTGTGAGCATGAATCTCCATGGTTGTAA,TGT,GAG,3,4,TRUE,C,E,R,L,NA,NA,NA
PRM_0385,RRCDHESPWL,AGAAGGTGTGATCATGAATCTCCATGGTTGTAA,TGT,GAT,3,4,TRUE,C,D,R,L,NA,NA,NA
PRM_0385,RRCVHESPWL,AGAAGGTGTGTGCATGAATCTCCATGGTTGTAA,TGT,GTG,3,4,TRUE,C,V,R,L,NA,NA,NA
PRM_0385,RRCVHESPWL,AGAAGGTGTGTTCATGAATCTCCATGGTTGTAA,TGT,GTT,3,4,TRUE,C,V,R,L,NA,NA,NA
PRM_0385,RRCGHESPWL,AGAAGGTGTGGGCATGAATCTCCATGGTTGTAA,TGT,GGG,3,4,TRUE,C,G,R,L,NA,NA,NA
PRM_0385,RRCGHESPWL,AGAAGGTGTGGTCATGAATCTCCATGGTTGTAA,TGT,GGT,3,4,TRUE,C,G,R,L,NA,NA,NA
PRM_0385,RRCAHESPWL,AGAAGGTGTGCGCATGAATCTCCATGGTTGTAA,TGT,GCG,3,4,TRUE,C,A,R,L,NA,NA,NA
PRM_0385,RRCAHESPWL,AGAAGGTGTGCTCATGAATCTCCATGGTTGTAA,TGT,GCT,3,4,TRUE,C,A,R,L,NA,NA,NA
PRM_0385,RRCQHESPWL,AGAAGGTGTCAGCATGAATCTCCATGGTTGTAA,TGT,CAG,3,4,TRUE,C,Q,R,L,NA,NA,NA
PRM_0385,RRCHHESPWL,AGAAGGTGTCATCATGAATCTCCATGGTTGTAA,TGT,CAT,3,4,TRUE,C,H,R,L,NA,NA,NA
PRM_0385,RRCLHESPWL,AGAAGGTGTCTGCATGAATCTCCATGGTTGTAA,TGT,CTG,3,4,FALSE,C,L,R,L,NA,NA,NA
PRM_0385,RRCLHESPWL,AGAAGGTGTCTTCATGAATCTCCATGGTTGTAA,TGT,CTT,3,4,FALSE,C,L,R,L,NA,NA,NA
PRM_0385,RRCRHESPWL,AGAAGGTGTCGGCATGAATCTCCATGGTTGTAA,TGT,CGG,3,4,TRUE,C,R,R,L,NA,NA,NA
PRM_0385,RRCRHESPWL,AGAAGGTGTCGTCATGAATCTCCATGGTTGTAA,TGT,CGT,3,4,TRUE,C,R,R,L,NA,NA,NA
PRM_0385,RRCPHESPWL,AGAAGGTGTCCGCATGAATCTCCATGGTTGTAA,TGT,CCG,3,4,TRUE,C,P,R,L,NA,NA,NA
PRM_0385,RRCPHESPWL,AGAAGGTGTCCTCATGAATCTCCATGGTTGTAA,TGT,CCT,3,4,TRUE,C,P,R,L,NA,NA,NA
PRM_0385,RRSKHESPWL,AGAAGGTCGAAGCATGAATCTCCATGGTTGTAA,TCG,AAG,3,4,TRUE,S,K,R,L,NA,NA,NA
PRM_0385,RRSNHESPWL,AGAAGGTCGAATCATGAATCTCCATGGTTGTAA,TCG,AAT,3,4,TRUE,S,N,R,L,NA,NA,NA
PRM_0385,RRSMHESPWL,AGAAGGTCGATGCATGAATCTCCATGGTTGTAA,TCG,ATG,3,4,TRUE,S,M,R,L,NA,NA,NA
PRM_0385,RRSIHESPWL,AGAAGGTCGATTCATGAATCTCCATGGTTGTAA,TCG,ATT,3,4,TRUE,S,I,R,L,NA,NA,NA
PRM_0385,RRSRHESPWL,AGAAGGTCGAGGCATGAATCTCCATGGTTGTAA,TCG,AGG,3,4,TRUE,S,R,R,L,NA,NA,NA
PRM_0385,RRSSHESPWL,AGAAGGTCGAGTCATGAATCTCCATGGTTGTAA,TCG,AGT,3,4,TRUE,S,S,R,L,NA,NA,NA
PRM_0385,RRSTHESPWL,AGAAGGTCGACGCATGAATCTCCATGGTTGTAA,TCG,ACG,3,4,TRUE,S,T,R,L,NA,NA,NA
PRM_0385,RRSTHESPWL,AGAAGGTCGACTCATGAATCTCCATGGTTGTAA,TCG,ACT,3,4,TRUE,S,T,R,L,NA,NA,NA
PRM_0385,RRS*HESPWL,AGAAGGTCGTAGCATGAATCTCCATGGTTGTAA,TCG,TAG,3,4,TRUE,S,*,R,L,NA,NA,NA
PRM_0385,RRSYHESPWL,AGAAGGTCGTATCATGAATCTCCATGGTTGTAA,TCG,TAT,3,4,TRUE,S,Y,R,L,NA,NA,NA
PRM_0385,RRSLHESPWL,AGAAGGTCGTTGCATGAATCTCCATGGTTGTAA,TCG,TTG,3,4,FALSE,S,L,R,L,NA,NA,NA
PRM_0385,RRSFHESPWL,AGAAGGTCGTTTCATGAATCTCCATGGTTGTAA,TCG,TTT,3,4,TRUE,S,F,R,L,NA,NA,NA
PRM_0385,RRSWHESPWL,AGAAGGTCGTGGCATGAATCTCCATGGTTGTAA,TCG,TGG,3,4,TRUE,S,W,R,L,NA,NA,NA
PRM_0385,RRSCHESPWL,AGAAGGTCGTGTCATGAATCTCCATGGTTGTAA,TCG,TGT,3,4,TRUE,S,C,R,L,NA,NA,NA
PRM_0385,RRSSHESPWL,AGAAGGTCGTCGCATGAATCTCCATGGTTGTAA,TCG,TCG,3,4,TRUE,S,S,R,L,NA,NA,NA
PRM_0385,RRSSHESPWL,AGAAGGTCGTCTCATGAATCTCCATGGTTGTAA,TCG,TCT,3,4,TRUE,S,S,R,L,NA,NA,NA
PRM_0385,RRSEHESPWL,AGAAGGTCGGAGCATGAATCTCCATGGTTGTAA,TCG,GAG,3,4,TRUE,S,E,R,L,NA,NA,NA
PRM_0385,RRSDHESPWL,AGAAGGTCGGATCATGAATCTCCATGGTTGTAA,TCG,GAT,3,4,TRUE,S,D,R,L,NA,NA,NA
PRM_0385,RRSVHESPWL,AGAAGGTCGGTGCATGAATCTCCATGGTTGTAA,TCG,GTG,3,4,TRUE,S,V,R,L,NA,NA,NA
PRM_0385,RRSVHESPWL,AGAAGGTCGGTTCATGAATCTCCATGGTTGTAA,TCG,GTT,3,4,TRUE,S,V,R,L,NA,NA,NA
PRM_0385,RRSGHESPWL,AGAAGGTCGGGGCATGAATCTCCATGGTTGTAA,TCG,GGG,3,4,TRUE,S,G,R,L,NA,NA,NA
PRM_0385,RRSGHESPWL,AGAAGGTCGGGTCATGAATCTCCATGGTTGTAA,TCG,GGT,3,4,TRUE,S,G,R,L,NA,NA,NA
PRM_0385,RRSAHESPWL,AGAAGGTCGGCGCATGAATCTCCATGGTTGTAA,TCG,GCG,3,4,TRUE,S,A,R,L,NA,NA,NA
PRM_0385,RRSAHESPWL,AGAAGGTCGGCTCATGAATCTCCATGGTTGTAA,TCG,GCT,3,4,TRUE,S,A,R,L,NA,NA,NA
PRM_0385,RRSQHESPWL,AGAAGGTCGCAGCATGAATCTCCATGGTTGTAA,TCG,CAG,3,4,TRUE,S,Q,R,L,NA,NA,NA
PRM_0385,RRSHHESPWL,AGAAGGTCGCATCATGAATCTCCATGGTTGTAA,TCG,CAT,3,4,TRUE,S,H,R,L,NA,NA,NA
PRM_0385,RRSLHESPWL,AGAAGGTCGCTGCATGAATCTCCATGGTTGTAA,TCG,CTG,3,4,FALSE,S,L,R,L,NA,NA,NA
PRM_0385,RRSLHESPWL,AGAAGGTCGCTTCATGAATCTCCATGGTTGTAA,TCG,CTT,3,4,FALSE,S,L,R,L,NA,NA,NA
PRM_0385,RRSRHESPWL,AGAAGGTCGCGGCATGAATCTCCATGGTTGTAA,TCG,CGG,3,4,TRUE,S,R,R,L,NA,NA,NA
PRM_0385,RRSRHESPWL,AGAAGGTCGCGTCATGAATCTCCATGGTTGTAA,TCG,CGT,3,4,TRUE,S,R,R,L,NA,NA,NA
PRM_0385,RRSPHESPWL,AGAAGGTCGCCGCATGAATCTCCATGGTTGTAA,TCG,CCG,3,4,TRUE,S,P,R,L,NA,NA,NA
PRM_0385,RRSPHESPWL,AGAAGGTCGCCTCATGAATCTCCATGGTTGTAA,TCG,CCT,3,4,TRUE,S,P,R,L,NA,NA,NA
PRM_0385,RRSKHESPWL,AGAAGGTCTAAGCATGAATCTCCATGGTTGTAA,TCT,AAG,3,4,TRUE,S,K,R,L,NA,NA,NA
PRM_0385,RRSNHESPWL,AGAAGGTCTAATCATGAATCTCCATGGTTGTAA,TCT,AAT,3,4,TRUE,S,N,R,L,NA,NA,NA
PRM_0385,RRSMHESPWL,AGAAGGTCTATGCATGAATCTCCATGGTTGTAA,TCT,ATG,3,4,TRUE,S,M,R,L,NA,NA,NA
PRM_0385,RRSIHESPWL,AGAAGGTCTATTCATGAATCTCCATGGTTGTAA,TCT,ATT,3,4,TRUE,S,I,R,L,NA,NA,NA
PRM_0385,RRSRHESPWL,AGAAGGTCTAGGCATGAATCTCCATGGTTGTAA,TCT,AGG,3,4,TRUE,S,R,R,L,NA,NA,NA
PRM_0385,RRSSHESPWL,AGAAGGTCTAGTCATGAATCTCCATGGTTGTAA,TCT,AGT,3,4,TRUE,S,S,R,L,NA,NA,NA
PRM_0385,RRSTHESPWL,AGAAGGTCTACGCATGAATCTCCATGGTTGTAA,TCT,ACG,3,4,TRUE,S,T,R,L,NA,NA,NA
PRM_0385,RRSTHESPWL,AGAAGGTCTACTCATGAATCTCCATGGTTGTAA,TCT,ACT,3,4,TRUE,S,T,R,L,NA,NA,NA
PRM_0385,RRS*HESPWL,AGAAGGTCTTAGCATGAATCTCCATGGTTGTAA,TCT,TAG,3,4,TRUE,S,*,R,L,NA,NA,NA
PRM_0385,RRSYHESPWL,AGAAGGTCTTATCATGAATCTCCATGGTTGTAA,TCT,TAT,3,4,TRUE,S,Y,R,L,NA,NA,NA
PRM_0385,RRSLHESPWL,AGAAGGTCTTTGCATGAATCTCCATGGTTGTAA,TCT,TTG,3,4,FALSE,S,L,R,L,NA,NA,NA
PRM_0385,RRSFHESPWL,AGAAGGTCTTTTCATGAATCTCCATGGTTGTAA,TCT,TTT,3,4,TRUE,S,F,R,L,NA,NA,NA
PRM_0385,RRSWHESPWL,AGAAGGTCTTGGCATGAATCTCCATGGTTGTAA,TCT,TGG,3,4,TRUE,S,W,R,L,NA,NA,NA
PRM_0385,RRSCHESPWL,AGAAGGTCTTGTCATGAATCTCCATGGTTGTAA,TCT,TGT,3,4,TRUE,S,C,R,L,NA,NA,NA
PRM_0385,RRSSHESPWL,AGAAGGTCTTCGCATGAATCTCCATGGTTGTAA,TCT,TCG,3,4,TRUE,S,S,R,L,NA,NA,NA
PRM_0385,RRSSHESPWL,AGAAGGTCTTCTCATGAATCTCCATGGTTGTAA,TCT,TCT,3,4,TRUE,S,S,R,L,NA,NA,NA
PRM_0385,RRSEHESPWL,AGAAGGTCTGAGCATGAATCTCCATGGTTGTAA,TCT,GAG,3,4,TRUE,S,E,R,L,NA,NA,NA
PRM_0385,RRSDHESPWL,AGAAGGTCTGATCATGAATCTCCATGGTTGTAA,TCT,GAT,3,4,TRUE,S,D,R,L,NA,NA,NA
PRM_0385,RRSVHESPWL,AGAAGGTCTGTGCATGAATCTCCATGGTTGTAA,TCT,GTG,3,4,TRUE,S,V,R,L,NA,NA,NA
PRM_0385,RRSVHESPWL,AGAAGGTCTGTTCATGAATCTCCATGGTTGTAA,TCT,GTT,3,4,TRUE,S,V,R,L,NA,NA,NA
PRM_0385,RRSGHESPWL,AGAAGGTCTGGGCATGAATCTCCATGGTTGTAA,TCT,GGG,3,4,TRUE,S,G,R,L,NA,NA,NA
PRM_0385,RRSGHESPWL,AGAAGGTCTGGTCATGAATCTCCATGGTTGTAA,TCT,GGT,3,4,TRUE,S,G,R,L,NA,NA,NA
PRM_0385,RRSAHESPWL,AGAAGGTCTGCGCATGAATCTCCATGGTTGTAA,TCT,GCG,3,4,TRUE,S,A,R,L,NA,NA,NA
PRM_0385,RRSAHESPWL,AGAAGGTCTGCTCATGAATCTCCATGGTTGTAA,TCT,GCT,3,4,TRUE,S,A,R,L,NA,NA,NA
PRM_0385,RRSQHESPWL,AGAAGGTCTCAGCATGAATCTCCATGGTTGTAA,TCT,CAG,3,4,TRUE,S,Q,R,L,NA,NA,NA
PRM_0385,RRSHHESPWL,AGAAGGTCTCATCATGAATCTCCATGGTTGTAA,TCT,CAT,3,4,TRUE,S,H,R,L,NA,NA,NA
PRM_0385,RRSLHESPWL,AGAAGGTCTCTGCATGAATCTCCATGGTTGTAA,TCT,CTG,3,4,FALSE,S,L,R,L,NA,NA,NA
PRM_0385,RRSLHESPWL,AGAAGGTCTCTTCATGAATCTCCATGGTTGTAA,TCT,CTT,3,4,FALSE,S,L,R,L,NA,NA,NA
PRM_0385,RRSRHESPWL,AGAAGGTCTCGGCATGAATCTCCATGGTTGTAA,TCT,CGG,3,4,TRUE,S,R,R,L,NA,NA,NA
PRM_0385,RRSRHESPWL,AGAAGGTCTCGTCATGAATCTCCATGGTTGTAA,TCT,CGT,3,4,TRUE,S,R,R,L,NA,NA,NA
PRM_0385,RRSPHESPWL,AGAAGGTCTCCGCATGAATCTCCATGGTTGTAA,TCT,CCG,3,4,TRUE,S,P,R,L,NA,NA,NA
PRM_0385,RRSPHESPWL,AGAAGGTCTCCTCATGAATCTCCATGGTTGTAA,TCT,CCT,3,4,TRUE,S,P,R,L,NA,NA,NA
PRM_0385,RREKHESPWL,AGAAGGGAGAAGCATGAATCTCCATGGTTGTAA,GAG,AAG,3,4,TRUE,E,K,R,L,NA,NA,NA
PRM_0385,RRENHESPWL,AGAAGGGAGAATCATGAATCTCCATGGTTGTAA,GAG,AAT,3,4,TRUE,E,N,R,L,NA,NA,NA
PRM_0385,RREMHESPWL,AGAAGGGAGATGCATGAATCTCCATGGTTGTAA,GAG,ATG,3,4,TRUE,E,M,R,L,NA,NA,NA
PRM_0385,RREIHESPWL,AGAAGGGAGATTCATGAATCTCCATGGTTGTAA,GAG,ATT,3,4,TRUE,E,I,R,L,NA,NA,NA
PRM_0385,RRERHESPWL,AGAAGGGAGAGGCATGAATCTCCATGGTTGTAA,GAG,AGG,3,4,TRUE,E,R,R,L,NA,NA,NA
PRM_0385,RRESHESPWL,AGAAGGGAGAGTCATGAATCTCCATGGTTGTAA,GAG,AGT,3,4,TRUE,E,S,R,L,NA,NA,NA
PRM_0385,RRETHESPWL,AGAAGGGAGACGCATGAATCTCCATGGTTGTAA,GAG,ACG,3,4,TRUE,E,T,R,L,NA,NA,NA
PRM_0385,RRETHESPWL,AGAAGGGAGACTCATGAATCTCCATGGTTGTAA,GAG,ACT,3,4,TRUE,E,T,R,L,NA,NA,NA
PRM_0385,RRE*HESPWL,AGAAGGGAGTAGCATGAATCTCCATGGTTGTAA,GAG,TAG,3,4,TRUE,E,*,R,L,NA,NA,NA
PRM_0385,RREYHESPWL,AGAAGGGAGTATCATGAATCTCCATGGTTGTAA,GAG,TAT,3,4,TRUE,E,Y,R,L,NA,NA,NA
PRM_0385,RRELHESPWL,AGAAGGGAGTTGCATGAATCTCCATGGTTGTAA,GAG,TTG,3,4,FALSE,E,L,R,L,NA,NA,NA
PRM_0385,RREFHESPWL,AGAAGGGAGTTTCATGAATCTCCATGGTTGTAA,GAG,TTT,3,4,TRUE,E,F,R,L,NA,NA,NA
PRM_0385,RREWHESPWL,AGAAGGGAGTGGCATGAATCTCCATGGTTGTAA,GAG,TGG,3,4,TRUE,E,W,R,L,NA,NA,NA
PRM_0385,RRECHESPWL,AGAAGGGAGTGTCATGAATCTCCATGGTTGTAA,GAG,TGT,3,4,TRUE,E,C,R,L,NA,NA,NA
PRM_0385,RRESHESPWL,AGAAGGGAGTCGCATGAATCTCCATGGTTGTAA,GAG,TCG,3,4,TRUE,E,S,R,L,NA,NA,NA
PRM_0385,RRESHESPWL,AGAAGGGAGTCTCATGAATCTCCATGGTTGTAA,GAG,TCT,3,4,TRUE,E,S,R,L,NA,NA,NA
PRM_0385,RREEHESPWL,AGAAGGGAGGAGCATGAATCTCCATGGTTGTAA,GAG,GAG,3,4,TRUE,E,E,R,L,NA,NA,NA
PRM_0385,RREDHESPWL,AGAAGGGAGGATCATGAATCTCCATGGTTGTAA,GAG,GAT,3,4,TRUE,E,D,R,L,NA,NA,NA
PRM_0385,RREVHESPWL,AGAAGGGAGGTGCATGAATCTCCATGGTTGTAA,GAG,GTG,3,4,TRUE,E,V,R,L,NA,NA,NA
PRM_0385,RREVHESPWL,AGAAGGGAGGTTCATGAATCTCCATGGTTGTAA,GAG,GTT,3,4,TRUE,E,V,R,L,NA,NA,NA
PRM_0385,RREGHESPWL,AGAAGGGAGGGGCATGAATCTCCATGGTTGTAA,GAG,GGG,3,4,TRUE,E,G,R,L,NA,NA,NA
PRM_0385,RREGHESPWL,AGAAGGGAGGGTCATGAATCTCCATGGTTGTAA,GAG,GGT,3,4,TRUE,E,G,R,L,NA,NA,NA
PRM_0385,RREAHESPWL,AGAAGGGAGGCGCATGAATCTCCATGGTTGTAA,GAG,GCG,3,4,TRUE,E,A,R,L,NA,NA,NA
PRM_0385,RREAHESPWL,AGAAGGGAGGCTCATGAATCTCCATGGTTGTAA,GAG,GCT,3,4,TRUE,E,A,R,L,NA,NA,NA
PRM_0385,RREQHESPWL,AGAAGGGAGCAGCATGAATCTCCATGGTTGTAA,GAG,CAG,3,4,TRUE,E,Q,R,L,NA,NA,NA
PRM_0385,RREHHESPWL,AGAAGGGAGCATCATGAATCTCCATGGTTGTAA,GAG,CAT,3,4,TRUE,E,H,R,L,NA,NA,NA
PRM_0385,RRELHESPWL,AGAAGGGAGCTGCATGAATCTCCATGGTTGTAA,GAG,CTG,3,4,FALSE,E,L,R,L,NA,NA,NA
PRM_0385,RRELHESPWL,AGAAGGGAGCTTCATGAATCTCCATGGTTGTAA,GAG,CTT,3,4,FALSE,E,L,R,L,NA,NA,NA
PRM_0385,RRERHESPWL,AGAAGGGAGCGGCATGAATCTCCATGGTTGTAA,GAG,CGG,3,4,TRUE,E,R,R,L,NA,NA,NA
PRM_0385,RRERHESPWL,AGAAGGGAGCGTCATGAATCTCCATGGTTGTAA,GAG,CGT,3,4,TRUE,E,R,R,L,NA,NA,NA
PRM_0385,RREPHESPWL,AGAAGGGAGCCGCATGAATCTCCATGGTTGTAA,GAG,CCG,3,4,TRUE,E,P,R,L,NA,NA,NA
PRM_0385,RREPHESPWL,AGAAGGGAGCCTCATGAATCTCCATGGTTGTAA,GAG,CCT,3,4,TRUE,E,P,R,L,NA,NA,NA
PRM_0385,RRDKHESPWL,AGAAGGGATAAGCATGAATCTCCATGGTTGTAA,GAT,AAG,3,4,TRUE,D,K,R,L,NA,NA,NA
PRM_0385,RRDNHESPWL,AGAAGGGATAATCATGAATCTCCATGGTTGTAA,GAT,AAT,3,4,TRUE,D,N,R,L,NA,NA,NA
PRM_0385,RRDMHESPWL,AGAAGGGATATGCATGAATCTCCATGGTTGTAA,GAT,ATG,3,4,TRUE,D,M,R,L,NA,NA,NA
PRM_0385,RRDIHESPWL,AGAAGGGATATTCATGAATCTCCATGGTTGTAA,GAT,ATT,3,4,TRUE,D,I,R,L,NA,NA,NA
PRM_0385,RRDRHESPWL,AGAAGGGATAGGCATGAATCTCCATGGTTGTAA,GAT,AGG,3,4,TRUE,D,R,R,L,NA,NA,NA
PRM_0385,RRDSHESPWL,AGAAGGGATAGTCATGAATCTCCATGGTTGTAA,GAT,AGT,3,4,TRUE,D,S,R,L,NA,NA,NA
PRM_0385,RRDTHESPWL,AGAAGGGATACGCATGAATCTCCATGGTTGTAA,GAT,ACG,3,4,TRUE,D,T,R,L,NA,NA,NA
PRM_0385,RRDTHESPWL,AGAAGGGATACTCATGAATCTCCATGGTTGTAA,GAT,ACT,3,4,TRUE,D,T,R,L,NA,NA,NA
PRM_0385,RRD*HESPWL,AGAAGGGATTAGCATGAATCTCCATGGTTGTAA,GAT,TAG,3,4,TRUE,D,*,R,L,NA,NA,NA
PRM_0385,RRDYHESPWL,AGAAGGGATTATCATGAATCTCCATGGTTGTAA,GAT,TAT,3,4,TRUE,D,Y,R,L,NA,NA,NA
PRM_0385,RRDLHESPWL,AGAAGGGATTTGCATGAATCTCCATGGTTGTAA,GAT,TTG,3,4,FALSE,D,L,R,L,NA,NA,NA
PRM_0385,RRDFHESPWL,AGAAGGGATTTTCATGAATCTCCATGGTTGTAA,GAT,TTT,3,4,TRUE,D,F,R,L,NA,NA,NA
PRM_0385,RRDWHESPWL,AGAAGGGATTGGCATGAATCTCCATGGTTGTAA,GAT,TGG,3,4,TRUE,D,W,R,L,NA,NA,NA
PRM_0385,RRDCHESPWL,AGAAGGGATTGTCATGAATCTCCATGGTTGTAA,GAT,TGT,3,4,TRUE,D,C,R,L,NA,NA,NA
PRM_0385,RRDSHESPWL,AGAAGGGATTCGCATGAATCTCCATGGTTGTAA,GAT,TCG,3,4,TRUE,D,S,R,L,NA,NA,NA
PRM_0385,RRDSHESPWL,AGAAGGGATTCTCATGAATCTCCATGGTTGTAA,GAT,TCT,3,4,TRUE,D,S,R,L,NA,NA,NA
PRM_0385,RRDEHESPWL,AGAAGGGATGAGCATGAATCTCCATGGTTGTAA,GAT,GAG,3,4,TRUE,D,E,R,L,NA,NA,NA
PRM_0385,RRDDHESPWL,AGAAGGGATGATCATGAATCTCCATGGTTGTAA,GAT,GAT,3,4,TRUE,D,D,R,L,NA,NA,NA
PRM_0385,RRDVHESPWL,AGAAGGGATGTGCATGAATCTCCATGGTTGTAA,GAT,GTG,3,4,TRUE,D,V,R,L,NA,NA,NA
PRM_0385,RRDVHESPWL,AGAAGGGATGTTCATGAATCTCCATGGTTGTAA,GAT,GTT,3,4,TRUE,D,V,R,L,NA,NA,NA
PRM_0385,RRDGHESPWL,AGAAGGGATGGGCATGAATCTCCATGGTTGTAA,GAT,GGG,3,4,TRUE,D,G,R,L,NA,NA,NA
PRM_0385,RRDGHESPWL,AGAAGGGATGGTCATGAATCTCCATGGTTGTAA,GAT,GGT,3,4,TRUE,D,G,R,L,NA,NA,NA
PRM_0385,RRDAHESPWL,AGAAGGGATGCGCATGAATCTCCATGGTTGTAA,GAT,GCG,3,4,TRUE,D,A,R,L,NA,NA,NA
PRM_0385,RRDAHESPWL,AGAAGGGATGCTCATGAATCTCCATGGTTGTAA,GAT,GCT,3,4,TRUE,D,A,R,L,NA,NA,NA
PRM_0385,RRDQHESPWL,AGAAGGGATCAGCATGAATCTCCATGGTTGTAA,GAT,CAG,3,4,TRUE,D,Q,R,L,NA,NA,NA
PRM_0385,RRDHHESPWL,AGAAGGGATCATCATGAATCTCCATGGTTGTAA,GAT,CAT,3,4,TRUE,D,H,R,L,NA,NA,NA
PRM_0385,RRDLHESPWL,AGAAGGGATCTGCATGAATCTCCATGGTTGTAA,GAT,CTG,3,4,FALSE,D,L,R,L,NA,NA,NA
PRM_0385,RRDLHESPWL,AGAAGGGATCTTCATGAATCTCCATGGTTGTAA,GAT,CTT,3,4,FALSE,D,L,R,L,NA,NA,NA
PRM_0385,RRDRHESPWL,AGAAGGGATCGGCATGAATCTCCATGGTTGTAA,GAT,CGG,3,4,TRUE,D,R,R,L,NA,NA,NA
PRM_0385,RRDRHESPWL,AGAAGGGATCGTCATGAATCTCCATGGTTGTAA,GAT,CGT,3,4,TRUE,D,R,R,L,NA,NA,NA
PRM_0385,RRDPHESPWL,AGAAGGGATCCGCATGAATCTCCATGGTTGTAA,GAT,CCG,3,4,TRUE,D,P,R,L,NA,NA,NA
PRM_0385,RRDPHESPWL,AGAAGGGATCCTCATGAATCTCCATGGTTGTAA,GAT,CCT,3,4,TRUE,D,P,R,L,NA,NA,NA
PRM_0385,RRVKHESPWL,AGAAGGGTGAAGCATGAATCTCCATGGTTGTAA,GTG,AAG,3,4,TRUE,V,K,R,L,NA,NA,NA
PRM_0385,RRVNHESPWL,AGAAGGGTGAATCATGAATCTCCATGGTTGTAA,GTG,AAT,3,4,TRUE,V,N,R,L,NA,NA,NA
PRM_0385,RRVMHESPWL,AGAAGGGTGATGCATGAATCTCCATGGTTGTAA,GTG,ATG,3,4,TRUE,V,M,R,L,NA,NA,NA
PRM_0385,RRVIHESPWL,AGAAGGGTGATTCATGAATCTCCATGGTTGTAA,GTG,ATT,3,4,TRUE,V,I,R,L,NA,NA,NA
PRM_0385,RRVRHESPWL,AGAAGGGTGAGGCATGAATCTCCATGGTTGTAA,GTG,AGG,3,4,TRUE,V,R,R,L,NA,NA,NA
PRM_0385,RRVSHESPWL,AGAAGGGTGAGTCATGAATCTCCATGGTTGTAA,GTG,AGT,3,4,TRUE,V,S,R,L,NA,NA,NA
PRM_0385,RRVTHESPWL,AGAAGGGTGACGCATGAATCTCCATGGTTGTAA,GTG,ACG,3,4,TRUE,V,T,R,L,NA,NA,NA
PRM_0385,RRVTHESPWL,AGAAGGGTGACTCATGAATCTCCATGGTTGTAA,GTG,ACT,3,4,TRUE,V,T,R,L,NA,NA,NA
PRM_0385,RRV*HESPWL,AGAAGGGTGTAGCATGAATCTCCATGGTTGTAA,GTG,TAG,3,4,TRUE,V,*,R,L,NA,NA,NA
PRM_0385,RRVYHESPWL,AGAAGGGTGTATCATGAATCTCCATGGTTGTAA,GTG,TAT,3,4,TRUE,V,Y,R,L,NA,NA,NA
PRM_0385,RRVLHESPWL,AGAAGGGTGTTGCATGAATCTCCATGGTTGTAA,GTG,TTG,3,4,FALSE,V,L,R,L,NA,NA,NA
PRM_0385,RRVFHESPWL,AGAAGGGTGTTTCATGAATCTCCATGGTTGTAA,GTG,TTT,3,4,TRUE,V,F,R,L,NA,NA,NA
PRM_0385,RRVWHESPWL,AGAAGGGTGTGGCATGAATCTCCATGGTTGTAA,GTG,TGG,3,4,TRUE,V,W,R,L,NA,NA,NA
PRM_0385,RRVCHESPWL,AGAAGGGTGTGTCATGAATCTCCATGGTTGTAA,GTG,TGT,3,4,TRUE,V,C,R,L,NA,NA,NA
PRM_0385,RRVSHESPWL,AGAAGGGTGTCGCATGAATCTCCATGGTTGTAA,GTG,TCG,3,4,TRUE,V,S,R,L,NA,NA,NA
PRM_0385,RRVSHESPWL,AGAAGGGTGTCTCATGAATCTCCATGGTTGTAA,GTG,TCT,3,4,TRUE,V,S,R,L,NA,NA,NA
PRM_0385,RRVEHESPWL,AGAAGGGTGGAGCATGAATCTCCATGGTTGTAA,GTG,GAG,3,4,TRUE,V,E,R,L,NA,NA,NA
PRM_0385,RRVDHESPWL,AGAAGGGTGGATCATGAATCTCCATGGTTGTAA,GTG,GAT,3,4,TRUE,V,D,R,L,NA,NA,NA
PRM_0385,RRVVHESPWL,AGAAGGGTGGTGCATGAATCTCCATGGTTGTAA,GTG,GTG,3,4,TRUE,V,V,R,L,NA,NA,NA
PRM_0385,RRVVHESPWL,AGAAGGGTGGTTCATGAATCTCCATGGTTGTAA,GTG,GTT,3,4,TRUE,V,V,R,L,NA,NA,NA
PRM_0385,RRVGHESPWL,AGAAGGGTGGGGCATGAATCTCCATGGTTGTAA,GTG,GGG,3,4,TRUE,V,G,R,L,NA,NA,NA
PRM_0385,RRVGHESPWL,AGAAGGGTGGGTCATGAATCTCCATGGTTGTAA,GTG,GGT,3,4,TRUE,V,G,R,L,NA,NA,NA
PRM_0385,RRVAHESPWL,AGAAGGGTGGCGCATGAATCTCCATGGTTGTAA,GTG,GCG,3,4,TRUE,V,A,R,L,NA,NA,NA
PRM_0385,RRVAHESPWL,AGAAGGGTGGCTCATGAATCTCCATGGTTGTAA,GTG,GCT,3,4,TRUE,V,A,R,L,NA,NA,NA
PRM_0385,RRVQHESPWL,AGAAGGGTGCAGCATGAATCTCCATGGTTGTAA,GTG,CAG,3,4,TRUE,V,Q,R,L,NA,NA,NA
PRM_0385,RRVHHESPWL,AGAAGGGTGCATCATGAATCTCCATGGTTGTAA,GTG,CAT,3,4,TRUE,V,H,R,L,NA,NA,NA
PRM_0385,RRVLHESPWL,AGAAGGGTGCTGCATGAATCTCCATGGTTGTAA,GTG,CTG,3,4,FALSE,V,L,R,L,NA,NA,NA
PRM_0385,RRVLHESPWL,AGAAGGGTGCTTCATGAATCTCCATGGTTGTAA,GTG,CTT,3,4,FALSE,V,L,R,L,NA,NA,NA
PRM_0385,RRVRHESPWL,AGAAGGGTGCGGCATGAATCTCCATGGTTGTAA,GTG,CGG,3,4,TRUE,V,R,R,L,NA,NA,NA
PRM_0385,RRVRHESPWL,AGAAGGGTGCGTCATGAATCTCCATGGTTGTAA,GTG,CGT,3,4,TRUE,V,R,R,L,NA,NA,NA
PRM_0385,RRVPHESPWL,AGAAGGGTGCCGCATGAATCTCCATGGTTGTAA,GTG,CCG,3,4,TRUE,V,P,R,L,NA,NA,NA
PRM_0385,RRVPHESPWL,AGAAGGGTGCCTCATGAATCTCCATGGTTGTAA,GTG,CCT,3,4,TRUE,V,P,R,L,NA,NA,NA
PRM_0385,RRVKHESPWL,AGAAGGGTTAAGCATGAATCTCCATGGTTGTAA,GTT,AAG,3,4,TRUE,V,K,R,L,NA,NA,NA
PRM_0385,RRVNHESPWL,AGAAGGGTTAATCATGAATCTCCATGGTTGTAA,GTT,AAT,3,4,TRUE,V,N,R,L,NA,NA,NA
PRM_0385,RRVMHESPWL,AGAAGGGTTATGCATGAATCTCCATGGTTGTAA,GTT,ATG,3,4,TRUE,V,M,R,L,NA,NA,NA
PRM_0385,RRVIHESPWL,AGAAGGGTTATTCATGAATCTCCATGGTTGTAA,GTT,ATT,3,4,TRUE,V,I,R,L,NA,NA,NA
PRM_0385,RRVRHESPWL,AGAAGGGTTAGGCATGAATCTCCATGGTTGTAA,GTT,AGG,3,4,TRUE,V,R,R,L,NA,NA,NA
PRM_0385,RRVSHESPWL,AGAAGGGTTAGTCATGAATCTCCATGGTTGTAA,GTT,AGT,3,4,TRUE,V,S,R,L,NA,NA,NA
PRM_0385,RRVTHESPWL,AGAAGGGTTACGCATGAATCTCCATGGTTGTAA,GTT,ACG,3,4,TRUE,V,T,R,L,NA,NA,NA
PRM_0385,RRVTHESPWL,AGAAGGGTTACTCATGAATCTCCATGGTTGTAA,GTT,ACT,3,4,TRUE,V,T,R,L,NA,NA,NA
PRM_0385,RRV*HESPWL,AGAAGGGTTTAGCATGAATCTCCATGGTTGTAA,GTT,TAG,3,4,TRUE,V,*,R,L,NA,NA,NA
PRM_0385,RRVYHESPWL,AGAAGGGTTTATCATGAATCTCCATGGTTGTAA,GTT,TAT,3,4,TRUE,V,Y,R,L,NA,NA,NA
PRM_0385,RRVLHESPWL,AGAAGGGTTTTGCATGAATCTCCATGGTTGTAA,GTT,TTG,3,4,FALSE,V,L,R,L,NA,NA,NA
PRM_0385,RRVFHESPWL,AGAAGGGTTTTTCATGAATCTCCATGGTTGTAA,GTT,TTT,3,4,TRUE,V,F,R,L,NA,NA,NA
PRM_0385,RRVWHESPWL,AGAAGGGTTTGGCATGAATCTCCATGGTTGTAA,GTT,TGG,3,4,TRUE,V,W,R,L,NA,NA,NA
PRM_0385,RRVCHESPWL,AGAAGGGTTTGTCATGAATCTCCATGGTTGTAA,GTT,TGT,3,4,TRUE,V,C,R,L,NA,NA,NA
PRM_0385,RRVSHESPWL,AGAAGGGTTTCGCATGAATCTCCATGGTTGTAA,GTT,TCG,3,4,TRUE,V,S,R,L,NA,NA,NA
PRM_0385,RRVSHESPWL,AGAAGGGTTTCTCATGAATCTCCATGGTTGTAA,GTT,TCT,3,4,TRUE,V,S,R,L,NA,NA,NA
PRM_0385,RRVEHESPWL,AGAAGGGTTGAGCATGAATCTCCATGGTTGTAA,GTT,GAG,3,4,TRUE,V,E,R,L,NA,NA,NA
PRM_0385,RRVDHESPWL,AGAAGGGTTGATCATGAATCTCCATGGTTGTAA,GTT,GAT,3,4,TRUE,V,D,R,L,NA,NA,NA
PRM_0385,RRVVHESPWL,AGAAGGGTTGTGCATGAATCTCCATGGTTGTAA,GTT,GTG,3,4,TRUE,V,V,R,L,NA,NA,NA
PRM_0385,RRVVHESPWL,AGAAGGGTTGTTCATGAATCTCCATGGTTGTAA,GTT,GTT,3,4,TRUE,V,V,R,L,NA,NA,NA
PRM_0385,RRVGHESPWL,AGAAGGGTTGGGCATGAATCTCCATGGTTGTAA,GTT,GGG,3,4,TRUE,V,G,R,L,NA,NA,NA
PRM_0385,RRVGHESPWL,AGAAGGGTTGGTCATGAATCTCCATGGTTGTAA,GTT,GGT,3,4,TRUE,V,G,R,L,NA,NA,NA
PRM_0385,RRVAHESPWL,AGAAGGGTTGCGCATGAATCTCCATGGTTGTAA,GTT,GCG,3,4,TRUE,V,A,R,L,NA,NA,NA
PRM_0385,RRVAHESPWL,AGAAGGGTTGCTCATGAATCTCCATGGTTGTAA,GTT,GCT,3,4,TRUE,V,A,R,L,NA,NA,NA
PRM_0385,RRVQHESPWL,AGAAGGGTTCAGCATGAATCTCCATGGTTGTAA,GTT,CAG,3,4,TRUE,V,Q,R,L,NA,NA,NA
PRM_0385,RRVHHESPWL,AGAAGGGTTCATCATGAATCTCCATGGTTGTAA,GTT,CAT,3,4,TRUE,V,H,R,L,NA,NA,NA
PRM_0385,RRVLHESPWL,AGAAGGGTTCTGCATGAATCTCCATGGTTGTAA,GTT,CTG,3,4,FALSE,V,L,R,L,NA,NA,NA
PRM_0385,RRVLHESPWL,AGAAGGGTTCTTCATGAATCTCCATGGTTGTAA,GTT,CTT,3,4,FALSE,V,L,R,L,NA,NA,NA
PRM_0385,RRVRHESPWL,AGAAGGGTTCGGCATGAATCTCCATGGTTGTAA,GTT,CGG,3,4,TRUE,V,R,R,L,NA,NA,NA
PRM_0385,RRVRHESPWL,AGAAGGGTTCGTCATGAATCTCCATGGTTGTAA,GTT,CGT,3,4,TRUE,V,R,R,L,NA,NA,NA
PRM_0385,RRVPHESPWL,AGAAGGGTTCCGCATGAATCTCCATGGTTGTAA,GTT,CCG,3,4,TRUE,V,P,R,L,NA,NA,NA
PRM_0385,RRVPHESPWL,AGAAGGGTTCCTCATGAATCTCCATGGTTGTAA,GTT,CCT,3,4,TRUE,V,P,R,L,NA,NA,NA
PRM_0385,RRGKHESPWL,AGAAGGGGGAAGCATGAATCTCCATGGTTGTAA,GGG,AAG,3,4,TRUE,G,K,R,L,NA,NA,NA
PRM_0385,RRGNHESPWL,AGAAGGGGGAATCATGAATCTCCATGGTTGTAA,GGG,AAT,3,4,TRUE,G,N,R,L,NA,NA,NA
PRM_0385,RRGMHESPWL,AGAAGGGGGATGCATGAATCTCCATGGTTGTAA,GGG,ATG,3,4,TRUE,G,M,R,L,NA,NA,NA
PRM_0385,RRGIHESPWL,AGAAGGGGGATTCATGAATCTCCATGGTTGTAA,GGG,ATT,3,4,TRUE,G,I,R,L,NA,NA,NA
PRM_0385,RRGRHESPWL,AGAAGGGGGAGGCATGAATCTCCATGGTTGTAA,GGG,AGG,3,4,TRUE,G,R,R,L,NA,NA,NA
PRM_0385,RRGSHESPWL,AGAAGGGGGAGTCATGAATCTCCATGGTTGTAA,GGG,AGT,3,4,TRUE,G,S,R,L,NA,NA,NA
PRM_0385,RRGTHESPWL,AGAAGGGGGACGCATGAATCTCCATGGTTGTAA,GGG,ACG,3,4,TRUE,G,T,R,L,NA,NA,NA
PRM_0385,RRGTHESPWL,AGAAGGGGGACTCATGAATCTCCATGGTTGTAA,GGG,ACT,3,4,TRUE,G,T,R,L,NA,NA,NA
PRM_0385,RRG*HESPWL,AGAAGGGGGTAGCATGAATCTCCATGGTTGTAA,GGG,TAG,3,4,TRUE,G,*,R,L,NA,NA,NA
PRM_0385,RRGYHESPWL,AGAAGGGGGTATCATGAATCTCCATGGTTGTAA,GGG,TAT,3,4,TRUE,G,Y,R,L,NA,NA,NA
PRM_0385,RRGLHESPWL,AGAAGGGGGTTGCATGAATCTCCATGGTTGTAA,GGG,TTG,3,4,FALSE,G,L,R,L,NA,NA,NA
PRM_0385,RRGFHESPWL,AGAAGGGGGTTTCATGAATCTCCATGGTTGTAA,GGG,TTT,3,4,TRUE,G,F,R,L,NA,NA,NA
PRM_0385,RRGWHESPWL,AGAAGGGGGTGGCATGAATCTCCATGGTTGTAA,GGG,TGG,3,4,TRUE,G,W,R,L,NA,NA,NA
PRM_0385,RRGCHESPWL,AGAAGGGGGTGTCATGAATCTCCATGGTTGTAA,GGG,TGT,3,4,TRUE,G,C,R,L,NA,NA,NA
PRM_0385,RRGSHESPWL,AGAAGGGGGTCGCATGAATCTCCATGGTTGTAA,GGG,TCG,3,4,TRUE,G,S,R,L,NA,NA,NA
PRM_0385,RRGSHESPWL,AGAAGGGGGTCTCATGAATCTCCATGGTTGTAA,GGG,TCT,3,4,TRUE,G,S,R,L,NA,NA,NA
PRM_0385,RRGEHESPWL,AGAAGGGGGGAGCATGAATCTCCATGGTTGTAA,GGG,GAG,3,4,TRUE,G,E,R,L,NA,NA,NA
PRM_0385,RRGDHESPWL,AGAAGGGGGGATCATGAATCTCCATGGTTGTAA,GGG,GAT,3,4,TRUE,G,D,R,L,NA,NA,NA
PRM_0385,RRGVHESPWL,AGAAGGGGGGTGCATGAATCTCCATGGTTGTAA,GGG,GTG,3,4,TRUE,G,V,R,L,NA,NA,NA
PRM_0385,RRGVHESPWL,AGAAGGGGGGTTCATGAATCTCCATGGTTGTAA,GGG,GTT,3,4,TRUE,G,V,R,L,NA,NA,NA
PRM_0385,RRGGHESPWL,AGAAGGGGGGGGCATGAATCTCCATGGTTGTAA,GGG,GGG,3,4,TRUE,G,G,R,L,NA,NA,NA
PRM_0385,RRGGHESPWL,AGAAGGGGGGGTCATGAATCTCCATGGTTGTAA,GGG,GGT,3,4,TRUE,G,G,R,L,NA,NA,NA
PRM_0385,RRGAHESPWL,AGAAGGGGGGCGCATGAATCTCCATGGTTGTAA,GGG,GCG,3,4,TRUE,G,A,R,L,NA,NA,NA
PRM_0385,RRGAHESPWL,AGAAGGGGGGCTCATGAATCTCCATGGTTGTAA,GGG,GCT,3,4,TRUE,G,A,R,L,NA,NA,NA
PRM_0385,RRGQHESPWL,AGAAGGGGGCAGCATGAATCTCCATGGTTGTAA,GGG,CAG,3,4,TRUE,G,Q,R,L,NA,NA,NA
PRM_0385,RRGHHESPWL,AGAAGGGGGCATCATGAATCTCCATGGTTGTAA,GGG,CAT,3,4,TRUE,G,H,R,L,NA,NA,NA
PRM_0385,RRGLHESPWL,AGAAGGGGGCTGCATGAATCTCCATGGTTGTAA,GGG,CTG,3,4,FALSE,G,L,R,L,NA,NA,NA
PRM_0385,RRGLHESPWL,AGAAGGGGGCTTCATGAATCTCCATGGTTGTAA,GGG,CTT,3,4,FALSE,G,L,R,L,NA,NA,NA
PRM_0385,RRGRHESPWL,AGAAGGGGGCGGCATGAATCTCCATGGTTGTAA,GGG,CGG,3,4,TRUE,G,R,R,L,NA,NA,NA
PRM_0385,RRGRHESPWL,AGAAGGGGGCGTCATGAATCTCCATGGTTGTAA,GGG,CGT,3,4,TRUE,G,R,R,L,NA,NA,NA
PRM_0385,RRGPHESPWL,AGAAGGGGGCCGCATGAATCTCCATGGTTGTAA,GGG,CCG,3,4,TRUE,G,P,R,L,NA,NA,NA
PRM_0385,RRGPHESPWL,AGAAGGGGGCCTCATGAATCTCCATGGTTGTAA,GGG,CCT,3,4,TRUE,G,P,R,L,NA,NA,NA
PRM_0385,RRGKHESPWL,AGAAGGGGTAAGCATGAATCTCCATGGTTGTAA,GGT,AAG,3,4,TRUE,G,K,R,L,NA,NA,NA
PRM_0385,RRGNHESPWL,AGAAGGGGTAATCATGAATCTCCATGGTTGTAA,GGT,AAT,3,4,TRUE,G,N,R,L,NA,NA,NA
PRM_0385,RRGMHESPWL,AGAAGGGGTATGCATGAATCTCCATGGTTGTAA,GGT,ATG,3,4,TRUE,G,M,R,L,NA,NA,NA
PRM_0385,RRGIHESPWL,AGAAGGGGTATTCATGAATCTCCATGGTTGTAA,GGT,ATT,3,4,TRUE,G,I,R,L,NA,NA,NA
PRM_0385,RRGRHESPWL,AGAAGGGGTAGGCATGAATCTCCATGGTTGTAA,GGT,AGG,3,4,TRUE,G,R,R,L,NA,NA,NA
PRM_0385,RRGSHESPWL,AGAAGGGGTAGTCATGAATCTCCATGGTTGTAA,GGT,AGT,3,4,TRUE,G,S,R,L,NA,NA,NA
PRM_0385,RRGTHESPWL,AGAAGGGGTACGCATGAATCTCCATGGTTGTAA,GGT,ACG,3,4,TRUE,G,T,R,L,NA,NA,NA
PRM_0385,RRGTHESPWL,AGAAGGGGTACTCATGAATCTCCATGGTTGTAA,GGT,ACT,3,4,TRUE,G,T,R,L,NA,NA,NA
PRM_0385,RRG*HESPWL,AGAAGGGGTTAGCATGAATCTCCATGGTTGTAA,GGT,TAG,3,4,TRUE,G,*,R,L,NA,NA,NA
PRM_0385,RRGYHESPWL,AGAAGGGGTTATCATGAATCTCCATGGTTGTAA,GGT,TAT,3,4,TRUE,G,Y,R,L,NA,NA,NA
PRM_0385,RRGLHESPWL,AGAAGGGGTTTGCATGAATCTCCATGGTTGTAA,GGT,TTG,3,4,FALSE,G,L,R,L,NA,NA,NA
PRM_0385,RRGFHESPWL,AGAAGGGGTTTTCATGAATCTCCATGGTTGTAA,GGT,TTT,3,4,TRUE,G,F,R,L,NA,NA,NA
PRM_0385,RRGWHESPWL,AGAAGGGGTTGGCATGAATCTCCATGGTTGTAA,GGT,TGG,3,4,TRUE,G,W,R,L,NA,NA,NA
PRM_0385,RRGCHESPWL,AGAAGGGGTTGTCATGAATCTCCATGGTTGTAA,GGT,TGT,3,4,TRUE,G,C,R,L,NA,NA,NA
PRM_0385,RRGSHESPWL,AGAAGGGGTTCGCATGAATCTCCATGGTTGTAA,GGT,TCG,3,4,TRUE,G,S,R,L,NA,NA,NA
PRM_0385,RRGSHESPWL,AGAAGGGGTTCTCATGAATCTCCATGGTTGTAA,GGT,TCT,3,4,TRUE,G,S,R,L,NA,NA,NA
PRM_0385,RRGEHESPWL,AGAAGGGGTGAGCATGAATCTCCATGGTTGTAA,GGT,GAG,3,4,TRUE,G,E,R,L,NA,NA,NA
PRM_0385,RRGDHESPWL,AGAAGGGGTGATCATGAATCTCCATGGTTGTAA,GGT,GAT,3,4,TRUE,G,D,R,L,NA,NA,NA
PRM_0385,RRGVHESPWL,AGAAGGGGTGTGCATGAATCTCCATGGTTGTAA,GGT,GTG,3,4,TRUE,G,V,R,L,NA,NA,NA
PRM_0385,RRGVHESPWL,AGAAGGGGTGTTCATGAATCTCCATGGTTGTAA,GGT,GTT,3,4,TRUE,G,V,R,L,NA,NA,NA
PRM_0385,RRGGHESPWL,AGAAGGGGTGGGCATGAATCTCCATGGTTGTAA,GGT,GGG,3,4,TRUE,G,G,R,L,NA,NA,NA
PRM_0385,RRGGHESPWL,AGAAGGGGTGGTCATGAATCTCCATGGTTGTAA,GGT,GGT,3,4,TRUE,G,G,R,L,NA,NA,NA
PRM_0385,RRGAHESPWL,AGAAGGGGTGCGCATGAATCTCCATGGTTGTAA,GGT,GCG,3,4,TRUE,G,A,R,L,NA,NA,NA
PRM_0385,RRGAHESPWL,AGAAGGGGTGCTCATGAATCTCCATGGTTGTAA,GGT,GCT,3,4,TRUE,G,A,R,L,NA,NA,NA
PRM_0385,RRGQHESPWL,AGAAGGGGTCAGCATGAATCTCCATGGTTGTAA,GGT,CAG,3,4,TRUE,G,Q,R,L,NA,NA,NA
PRM_0385,RRGHHESPWL,AGAAGGGGTCATCATGAATCTCCATGGTTGTAA,GGT,CAT,3,4,TRUE,G,H,R,L,NA,NA,NA
PRM_0385,RRGLHESPWL,AGAAGGGGTCTGCATGAATCTCCATGGTTGTAA,GGT,CTG,3,4,FALSE,G,L,R,L,NA,NA,NA
PRM_0385,RRGLHESPWL,AGAAGGGGTCTTCATGAATCTCCATGGTTGTAA,GGT,CTT,3,4,FALSE,G,L,R,L,NA,NA,NA
PRM_0385,RRGRHESPWL,AGAAGGGGTCGGCATGAATCTCCATGGTTGTAA,GGT,CGG,3,4,TRUE,G,R,R,L,NA,NA,NA
PRM_0385,RRGRHESPWL,AGAAGGGGTCGTCATGAATCTCCATGGTTGTAA,GGT,CGT,3,4,TRUE,G,R,R,L,NA,NA,NA
PRM_0385,RRGPHESPWL,AGAAGGGGTCCGCATGAATCTCCATGGTTGTAA,GGT,CCG,3,4,TRUE,G,P,R,L,NA,NA,NA
PRM_0385,RRGPHESPWL,AGAAGGGGTCCTCATGAATCTCCATGGTTGTAA,GGT,CCT,3,4,TRUE,G,P,R,L,NA,NA,NA
PRM_0385,RRAKHESPWL,AGAAGGGCGAAGCATGAATCTCCATGGTTGTAA,GCG,AAG,3,4,TRUE,A,K,R,L,NA,NA,NA
PRM_0385,RRANHESPWL,AGAAGGGCGAATCATGAATCTCCATGGTTGTAA,GCG,AAT,3,4,TRUE,A,N,R,L,NA,NA,NA
PRM_0385,RRAMHESPWL,AGAAGGGCGATGCATGAATCTCCATGGTTGTAA,GCG,ATG,3,4,TRUE,A,M,R,L,NA,NA,NA
PRM_0385,RRAIHESPWL,AGAAGGGCGATTCATGAATCTCCATGGTTGTAA,GCG,ATT,3,4,TRUE,A,I,R,L,NA,NA,NA
PRM_0385,RRARHESPWL,AGAAGGGCGAGGCATGAATCTCCATGGTTGTAA,GCG,AGG,3,4,TRUE,A,R,R,L,NA,NA,NA
PRM_0385,RRASHESPWL,AGAAGGGCGAGTCATGAATCTCCATGGTTGTAA,GCG,AGT,3,4,TRUE,A,S,R,L,NA,NA,NA
PRM_0385,RRATHESPWL,AGAAGGGCGACGCATGAATCTCCATGGTTGTAA,GCG,ACG,3,4,TRUE,A,T,R,L,NA,NA,NA
PRM_0385,RRATHESPWL,AGAAGGGCGACTCATGAATCTCCATGGTTGTAA,GCG,ACT,3,4,TRUE,A,T,R,L,NA,NA,NA
PRM_0385,RRA*HESPWL,AGAAGGGCGTAGCATGAATCTCCATGGTTGTAA,GCG,TAG,3,4,TRUE,A,*,R,L,NA,NA,NA
PRM_0385,RRAYHESPWL,AGAAGGGCGTATCATGAATCTCCATGGTTGTAA,GCG,TAT,3,4,TRUE,A,Y,R,L,NA,NA,NA
PRM_0385,RRALHESPWL,AGAAGGGCGTTGCATGAATCTCCATGGTTGTAA,GCG,TTG,3,4,FALSE,A,L,R,L,NA,NA,NA
PRM_0385,RRAFHESPWL,AGAAGGGCGTTTCATGAATCTCCATGGTTGTAA,GCG,TTT,3,4,TRUE,A,F,R,L,NA,NA,NA
PRM_0385,RRAWHESPWL,AGAAGGGCGTGGCATGAATCTCCATGGTTGTAA,GCG,TGG,3,4,TRUE,A,W,R,L,NA,NA,NA
PRM_0385,RRACHESPWL,AGAAGGGCGTGTCATGAATCTCCATGGTTGTAA,GCG,TGT,3,4,TRUE,A,C,R,L,NA,NA,NA
PRM_0385,RRASHESPWL,AGAAGGGCGTCGCATGAATCTCCATGGTTGTAA,GCG,TCG,3,4,TRUE,A,S,R,L,NA,NA,NA
PRM_0385,RRASHESPWL,AGAAGGGCGTCTCATGAATCTCCATGGTTGTAA,GCG,TCT,3,4,TRUE,A,S,R,L,NA,NA,NA
PRM_0385,RRAEHESPWL,AGAAGGGCGGAGCATGAATCTCCATGGTTGTAA,GCG,GAG,3,4,TRUE,A,E,R,L,NA,NA,NA
PRM_0385,RRADHESPWL,AGAAGGGCGGATCATGAATCTCCATGGTTGTAA,GCG,GAT,3,4,TRUE,A,D,R,L,NA,NA,NA
PRM_0385,RRAVHESPWL,AGAAGGGCGGTGCATGAATCTCCATGGTTGTAA,GCG,GTG,3,4,TRUE,A,V,R,L,NA,NA,NA
PRM_0385,RRAVHESPWL,AGAAGGGCGGTTCATGAATCTCCATGGTTGTAA,GCG,GTT,3,4,TRUE,A,V,R,L,NA,NA,NA
PRM_0385,RRAGHESPWL,AGAAGGGCGGGGCATGAATCTCCATGGTTGTAA,GCG,GGG,3,4,TRUE,A,G,R,L,NA,NA,NA
PRM_0385,RRAGHESPWL,AGAAGGGCGGGTCATGAATCTCCATGGTTGTAA,GCG,GGT,3,4,TRUE,A,G,R,L,NA,NA,NA
PRM_0385,RRAAHESPWL,AGAAGGGCGGCGCATGAATCTCCATGGTTGTAA,GCG,GCG,3,4,TRUE,A,A,R,L,NA,NA,NA
PRM_0385,RRAAHESPWL,AGAAGGGCGGCTCATGAATCTCCATGGTTGTAA,GCG,GCT,3,4,TRUE,A,A,R,L,NA,NA,NA
PRM_0385,RRAQHESPWL,AGAAGGGCGCAGCATGAATCTCCATGGTTGTAA,GCG,CAG,3,4,TRUE,A,Q,R,L,NA,NA,NA
PRM_0385,RRAHHESPWL,AGAAGGGCGCATCATGAATCTCCATGGTTGTAA,GCG,CAT,3,4,TRUE,A,H,R,L,NA,NA,NA
PRM_0385,RRALHESPWL,AGAAGGGCGCTGCATGAATCTCCATGGTTGTAA,GCG,CTG,3,4,FALSE,A,L,R,L,NA,NA,NA
PRM_0385,RRALHESPWL,AGAAGGGCGCTTCATGAATCTCCATGGTTGTAA,GCG,CTT,3,4,FALSE,A,L,R,L,NA,NA,NA
PRM_0385,RRARHESPWL,AGAAGGGCGCGGCATGAATCTCCATGGTTGTAA,GCG,CGG,3,4,TRUE,A,R,R,L,NA,NA,NA
PRM_0385,RRARHESPWL,AGAAGGGCGCGTCATGAATCTCCATGGTTGTAA,GCG,CGT,3,4,TRUE,A,R,R,L,NA,NA,NA
PRM_0385,RRAPHESPWL,AGAAGGGCGCCGCATGAATCTCCATGGTTGTAA,GCG,CCG,3,4,TRUE,A,P,R,L,NA,NA,NA
PRM_0385,RRAPHESPWL,AGAAGGGCGCCTCATGAATCTCCATGGTTGTAA,GCG,CCT,3,4,TRUE,A,P,R,L,NA,NA,NA
PRM_0385,RRAKHESPWL,AGAAGGGCTAAGCATGAATCTCCATGGTTGTAA,GCT,AAG,3,4,TRUE,A,K,R,L,NA,NA,NA
PRM_0385,RRANHESPWL,AGAAGGGCTAATCATGAATCTCCATGGTTGTAA,GCT,AAT,3,4,TRUE,A,N,R,L,NA,NA,NA
PRM_0385,RRAMHESPWL,AGAAGGGCTATGCATGAATCTCCATGGTTGTAA,GCT,ATG,3,4,TRUE,A,M,R,L,NA,NA,NA
PRM_0385,RRAIHESPWL,AGAAGGGCTATTCATGAATCTCCATGGTTGTAA,GCT,ATT,3,4,TRUE,A,I,R,L,NA,NA,NA
PRM_0385,RRARHESPWL,AGAAGGGCTAGGCATGAATCTCCATGGTTGTAA,GCT,AGG,3,4,TRUE,A,R,R,L,NA,NA,NA
PRM_0385,RRASHESPWL,AGAAGGGCTAGTCATGAATCTCCATGGTTGTAA,GCT,AGT,3,4,TRUE,A,S,R,L,NA,NA,NA
PRM_0385,RRATHESPWL,AGAAGGGCTACGCATGAATCTCCATGGTTGTAA,GCT,ACG,3,4,TRUE,A,T,R,L,NA,NA,NA
PRM_0385,RRATHESPWL,AGAAGGGCTACTCATGAATCTCCATGGTTGTAA,GCT,ACT,3,4,TRUE,A,T,R,L,NA,NA,NA
PRM_0385,RRA*HESPWL,AGAAGGGCTTAGCATGAATCTCCATGGTTGTAA,GCT,TAG,3,4,TRUE,A,*,R,L,NA,NA,NA
PRM_0385,RRAYHESPWL,AGAAGGGCTTATCATGAATCTCCATGGTTGTAA,GCT,TAT,3,4,TRUE,A,Y,R,L,NA,NA,NA
PRM_0385,RRALHESPWL,AGAAGGGCTTTGCATGAATCTCCATGGTTGTAA,GCT,TTG,3,4,FALSE,A,L,R,L,NA,NA,NA
PRM_0385,RRAFHESPWL,AGAAGGGCTTTTCATGAATCTCCATGGTTGTAA,GCT,TTT,3,4,TRUE,A,F,R,L,NA,NA,NA
PRM_0385,RRAWHESPWL,AGAAGGGCTTGGCATGAATCTCCATGGTTGTAA,GCT,TGG,3,4,TRUE,A,W,R,L,NA,NA,NA
PRM_0385,RRACHESPWL,AGAAGGGCTTGTCATGAATCTCCATGGTTGTAA,GCT,TGT,3,4,TRUE,A,C,R,L,NA,NA,NA
PRM_0385,RRASHESPWL,AGAAGGGCTTCGCATGAATCTCCATGGTTGTAA,GCT,TCG,3,4,TRUE,A,S,R,L,NA,NA,NA
PRM_0385,RRASHESPWL,AGAAGGGCTTCTCATGAATCTCCATGGTTGTAA,GCT,TCT,3,4,TRUE,A,S,R,L,NA,NA,NA
PRM_0385,RRAEHESPWL,AGAAGGGCTGAGCATGAATCTCCATGGTTGTAA,GCT,GAG,3,4,TRUE,A,E,R,L,NA,NA,NA
PRM_0385,RRADHESPWL,AGAAGGGCTGATCATGAATCTCCATGGTTGTAA,GCT,GAT,3,4,TRUE,A,D,R,L,NA,NA,NA
PRM_0385,RRAVHESPWL,AGAAGGGCTGTGCATGAATCTCCATGGTTGTAA,GCT,GTG,3,4,TRUE,A,V,R,L,NA,NA,NA
PRM_0385,RRAVHESPWL,AGAAGGGCTGTTCATGAATCTCCATGGTTGTAA,GCT,GTT,3,4,TRUE,A,V,R,L,NA,NA,NA
PRM_0385,RRAGHESPWL,AGAAGGGCTGGGCATGAATCTCCATGGTTGTAA,GCT,GGG,3,4,TRUE,A,G,R,L,NA,NA,NA
PRM_0385,RRAGHESPWL,AGAAGGGCTGGTCATGAATCTCCATGGTTGTAA,GCT,GGT,3,4,TRUE,A,G,R,L,NA,NA,NA
PRM_0385,RRAAHESPWL,AGAAGGGCTGCGCATGAATCTCCATGGTTGTAA,GCT,GCG,3,4,TRUE,A,A,R,L,NA,NA,NA
PRM_0385,RRAAHESPWL,AGAAGGGCTGCTCATGAATCTCCATGGTTGTAA,GCT,GCT,3,4,TRUE,A,A,R,L,NA,NA,NA
PRM_0385,RRAQHESPWL,AGAAGGGCTCAGCATGAATCTCCATGGTTGTAA,GCT,CAG,3,4,TRUE,A,Q,R,L,NA,NA,NA
PRM_0385,RRAHHESPWL,AGAAGGGCTCATCATGAATCTCCATGGTTGTAA,GCT,CAT,3,4,TRUE,A,H,R,L,NA,NA,NA
PRM_0385,RRALHESPWL,AGAAGGGCTCTGCATGAATCTCCATGGTTGTAA,GCT,CTG,3,4,FALSE,A,L,R,L,NA,NA,NA
PRM_0385,RRALHESPWL,AGAAGGGCTCTTCATGAATCTCCATGGTTGTAA,GCT,CTT,3,4,FALSE,A,L,R,L,NA,NA,NA
PRM_0385,RRARHESPWL,AGAAGGGCTCGGCATGAATCTCCATGGTTGTAA,GCT,CGG,3,4,TRUE,A,R,R,L,NA,NA,NA
PRM_0385,RRARHESPWL,AGAAGGGCTCGTCATGAATCTCCATGGTTGTAA,GCT,CGT,3,4,TRUE,A,R,R,L,NA,NA,NA
PRM_0385,RRAPHESPWL,AGAAGGGCTCCGCATGAATCTCCATGGTTGTAA,GCT,CCG,3,4,TRUE,A,P,R,L,NA,NA,NA
PRM_0385,RRAPHESPWL,AGAAGGGCTCCTCATGAATCTCCATGGTTGTAA,GCT,CCT,3,4,TRUE,A,P,R,L,NA,NA,NA
PRM_0385,RRQKHESPWL,AGAAGGCAGAAGCATGAATCTCCATGGTTGTAA,CAG,AAG,3,4,TRUE,Q,K,R,L,NA,NA,NA
PRM_0385,RRQNHESPWL,AGAAGGCAGAATCATGAATCTCCATGGTTGTAA,CAG,AAT,3,4,TRUE,Q,N,R,L,NA,NA,NA
PRM_0385,RRQMHESPWL,AGAAGGCAGATGCATGAATCTCCATGGTTGTAA,CAG,ATG,3,4,TRUE,Q,M,R,L,NA,NA,NA
PRM_0385,RRQIHESPWL,AGAAGGCAGATTCATGAATCTCCATGGTTGTAA,CAG,ATT,3,4,TRUE,Q,I,R,L,NA,NA,NA
PRM_0385,RRQRHESPWL,AGAAGGCAGAGGCATGAATCTCCATGGTTGTAA,CAG,AGG,3,4,TRUE,Q,R,R,L,NA,NA,NA
PRM_0385,RRQSHESPWL,AGAAGGCAGAGTCATGAATCTCCATGGTTGTAA,CAG,AGT,3,4,TRUE,Q,S,R,L,NA,NA,NA
PRM_0385,RRQTHESPWL,AGAAGGCAGACGCATGAATCTCCATGGTTGTAA,CAG,ACG,3,4,TRUE,Q,T,R,L,NA,NA,NA
PRM_0385,RRQTHESPWL,AGAAGGCAGACTCATGAATCTCCATGGTTGTAA,CAG,ACT,3,4,TRUE,Q,T,R,L,NA,NA,NA
PRM_0385,RRQ*HESPWL,AGAAGGCAGTAGCATGAATCTCCATGGTTGTAA,CAG,TAG,3,4,TRUE,Q,*,R,L,NA,NA,NA
PRM_0385,RRQYHESPWL,AGAAGGCAGTATCATGAATCTCCATGGTTGTAA,CAG,TAT,3,4,TRUE,Q,Y,R,L,NA,NA,NA
PRM_0385,RRQLHESPWL,AGAAGGCAGTTGCATGAATCTCCATGGTTGTAA,CAG,TTG,3,4,FALSE,Q,L,R,L,NA,NA,NA
PRM_0385,RRQFHESPWL,AGAAGGCAGTTTCATGAATCTCCATGGTTGTAA,CAG,TTT,3,4,TRUE,Q,F,R,L,NA,NA,NA
PRM_0385,RRQWHESPWL,AGAAGGCAGTGGCATGAATCTCCATGGTTGTAA,CAG,TGG,3,4,TRUE,Q,W,R,L,NA,NA,NA
PRM_0385,RRQCHESPWL,AGAAGGCAGTGTCATGAATCTCCATGGTTGTAA,CAG,TGT,3,4,TRUE,Q,C,R,L,NA,NA,NA
PRM_0385,RRQSHESPWL,AGAAGGCAGTCGCATGAATCTCCATGGTTGTAA,CAG,TCG,3,4,TRUE,Q,S,R,L,NA,NA,NA
PRM_0385,RRQSHESPWL,AGAAGGCAGTCTCATGAATCTCCATGGTTGTAA,CAG,TCT,3,4,TRUE,Q,S,R,L,NA,NA,NA
PRM_0385,RRQEHESPWL,AGAAGGCAGGAGCATGAATCTCCATGGTTGTAA,CAG,GAG,3,4,TRUE,Q,E,R,L,NA,NA,NA
PRM_0385,RRQDHESPWL,AGAAGGCAGGATCATGAATCTCCATGGTTGTAA,CAG,GAT,3,4,TRUE,Q,D,R,L,NA,NA,NA
PRM_0385,RRQVHESPWL,AGAAGGCAGGTGCATGAATCTCCATGGTTGTAA,CAG,GTG,3,4,TRUE,Q,V,R,L,NA,NA,NA
PRM_0385,RRQVHESPWL,AGAAGGCAGGTTCATGAATCTCCATGGTTGTAA,CAG,GTT,3,4,TRUE,Q,V,R,L,NA,NA,NA
PRM_0385,RRQGHESPWL,AGAAGGCAGGGGCATGAATCTCCATGGTTGTAA,CAG,GGG,3,4,TRUE,Q,G,R,L,NA,NA,NA
PRM_0385,RRQGHESPWL,AGAAGGCAGGGTCATGAATCTCCATGGTTGTAA,CAG,GGT,3,4,TRUE,Q,G,R,L,NA,NA,NA
PRM_0385,RRQAHESPWL,AGAAGGCAGGCGCATGAATCTCCATGGTTGTAA,CAG,GCG,3,4,TRUE,Q,A,R,L,NA,NA,NA
PRM_0385,RRQAHESPWL,AGAAGGCAGGCTCATGAATCTCCATGGTTGTAA,CAG,GCT,3,4,TRUE,Q,A,R,L,NA,NA,NA
PRM_0385,RRQQHESPWL,AGAAGGCAGCAGCATGAATCTCCATGGTTGTAA,CAG,CAG,3,4,TRUE,Q,Q,R,L,NA,NA,NA
PRM_0385,RRQHHESPWL,AGAAGGCAGCATCATGAATCTCCATGGTTGTAA,CAG,CAT,3,4,TRUE,Q,H,R,L,NA,NA,NA
PRM_0385,RRQLHESPWL,AGAAGGCAGCTGCATGAATCTCCATGGTTGTAA,CAG,CTG,3,4,FALSE,Q,L,R,L,NA,NA,NA
PRM_0385,RRQLHESPWL,AGAAGGCAGCTTCATGAATCTCCATGGTTGTAA,CAG,CTT,3,4,FALSE,Q,L,R,L,NA,NA,NA
PRM_0385,RRQRHESPWL,AGAAGGCAGCGGCATGAATCTCCATGGTTGTAA,CAG,CGG,3,4,TRUE,Q,R,R,L,NA,NA,NA
PRM_0385,RRQRHESPWL,AGAAGGCAGCGTCATGAATCTCCATGGTTGTAA,CAG,CGT,3,4,TRUE,Q,R,R,L,NA,NA,NA
PRM_0385,RRQPHESPWL,AGAAGGCAGCCGCATGAATCTCCATGGTTGTAA,CAG,CCG,3,4,TRUE,Q,P,R,L,NA,NA,NA
PRM_0385,RRQPHESPWL,AGAAGGCAGCCTCATGAATCTCCATGGTTGTAA,CAG,CCT,3,4,TRUE,Q,P,R,L,NA,NA,NA
PRM_0385,RRHKHESPWL,AGAAGGCATAAGCATGAATCTCCATGGTTGTAA,CAT,AAG,3,4,TRUE,H,K,R,L,NA,NA,NA
PRM_0385,RRHNHESPWL,AGAAGGCATAATCATGAATCTCCATGGTTGTAA,CAT,AAT,3,4,TRUE,H,N,R,L,NA,NA,NA
PRM_0385,RRHMHESPWL,AGAAGGCATATGCATGAATCTCCATGGTTGTAA,CAT,ATG,3,4,TRUE,H,M,R,L,NA,NA,NA
PRM_0385,RRHIHESPWL,AGAAGGCATATTCATGAATCTCCATGGTTGTAA,CAT,ATT,3,4,TRUE,H,I,R,L,NA,NA,NA
PRM_0385,RRHRHESPWL,AGAAGGCATAGGCATGAATCTCCATGGTTGTAA,CAT,AGG,3,4,TRUE,H,R,R,L,NA,NA,NA
PRM_0385,RRHSHESPWL,AGAAGGCATAGTCATGAATCTCCATGGTTGTAA,CAT,AGT,3,4,TRUE,H,S,R,L,NA,NA,NA
PRM_0385,RRHTHESPWL,AGAAGGCATACGCATGAATCTCCATGGTTGTAA,CAT,ACG,3,4,TRUE,H,T,R,L,NA,NA,NA
PRM_0385,RRHTHESPWL,AGAAGGCATACTCATGAATCTCCATGGTTGTAA,CAT,ACT,3,4,TRUE,H,T,R,L,NA,NA,NA
PRM_0385,RRH*HESPWL,AGAAGGCATTAGCATGAATCTCCATGGTTGTAA,CAT,TAG,3,4,TRUE,H,*,R,L,NA,NA,NA
PRM_0385,RRHYHESPWL,AGAAGGCATTATCATGAATCTCCATGGTTGTAA,CAT,TAT,3,4,TRUE,H,Y,R,L,NA,NA,NA
PRM_0385,RRHLHESPWL,AGAAGGCATTTGCATGAATCTCCATGGTTGTAA,CAT,TTG,3,4,FALSE,H,L,R,L,NA,NA,NA
PRM_0385,RRHFHESPWL,AGAAGGCATTTTCATGAATCTCCATGGTTGTAA,CAT,TTT,3,4,TRUE,H,F,R,L,NA,NA,NA
PRM_0385,RRHWHESPWL,AGAAGGCATTGGCATGAATCTCCATGGTTGTAA,CAT,TGG,3,4,TRUE,H,W,R,L,NA,NA,NA
PRM_0385,RRHCHESPWL,AGAAGGCATTGTCATGAATCTCCATGGTTGTAA,CAT,TGT,3,4,TRUE,H,C,R,L,NA,NA,NA
PRM_0385,RRHSHESPWL,AGAAGGCATTCGCATGAATCTCCATGGTTGTAA,CAT,TCG,3,4,TRUE,H,S,R,L,NA,NA,NA
PRM_0385,RRHSHESPWL,AGAAGGCATTCTCATGAATCTCCATGGTTGTAA,CAT,TCT,3,4,TRUE,H,S,R,L,NA,NA,NA
PRM_0385,RRHEHESPWL,AGAAGGCATGAGCATGAATCTCCATGGTTGTAA,CAT,GAG,3,4,TRUE,H,E,R,L,NA,NA,NA
PRM_0385,RRHDHESPWL,AGAAGGCATGATCATGAATCTCCATGGTTGTAA,CAT,GAT,3,4,TRUE,H,D,R,L,NA,NA,NA
PRM_0385,RRHVHESPWL,AGAAGGCATGTGCATGAATCTCCATGGTTGTAA,CAT,GTG,3,4,TRUE,H,V,R,L,NA,NA,NA
PRM_0385,RRHVHESPWL,AGAAGGCATGTTCATGAATCTCCATGGTTGTAA,CAT,GTT,3,4,TRUE,H,V,R,L,NA,NA,NA
PRM_0385,RRHGHESPWL,AGAAGGCATGGGCATGAATCTCCATGGTTGTAA,CAT,GGG,3,4,TRUE,H,G,R,L,NA,NA,NA
PRM_0385,RRHGHESPWL,AGAAGGCATGGTCATGAATCTCCATGGTTGTAA,CAT,GGT,3,4,TRUE,H,G,R,L,NA,NA,NA
PRM_0385,RRHAHESPWL,AGAAGGCATGCGCATGAATCTCCATGGTTGTAA,CAT,GCG,3,4,TRUE,H,A,R,L,NA,NA,NA
PRM_0385,RRHAHESPWL,AGAAGGCATGCTCATGAATCTCCATGGTTGTAA,CAT,GCT,3,4,TRUE,H,A,R,L,NA,NA,NA
PRM_0385,RRHQHESPWL,AGAAGGCATCAGCATGAATCTCCATGGTTGTAA,CAT,CAG,3,4,TRUE,H,Q,R,L,NA,NA,NA
PRM_0385,RRHHHESPWL,AGAAGGCATCATCATGAATCTCCATGGTTGTAA,CAT,CAT,3,4,TRUE,H,H,R,L,NA,NA,NA
PRM_0385,RRHLHESPWL,AGAAGGCATCTGCATGAATCTCCATGGTTGTAA,CAT,CTG,3,4,FALSE,H,L,R,L,NA,NA,NA
PRM_0385,RRHLHESPWL,AGAAGGCATCTTCATGAATCTCCATGGTTGTAA,CAT,CTT,3,4,FALSE,H,L,R,L,NA,NA,NA
PRM_0385,RRHRHESPWL,AGAAGGCATCGGCATGAATCTCCATGGTTGTAA,CAT,CGG,3,4,TRUE,H,R,R,L,NA,NA,NA
PRM_0385,RRHRHESPWL,AGAAGGCATCGTCATGAATCTCCATGGTTGTAA,CAT,CGT,3,4,TRUE,H,R,R,L,NA,NA,NA
PRM_0385,RRHPHESPWL,AGAAGGCATCCGCATGAATCTCCATGGTTGTAA,CAT,CCG,3,4,TRUE,H,P,R,L,NA,NA,NA
PRM_0385,RRHPHESPWL,AGAAGGCATCCTCATGAATCTCCATGGTTGTAA,CAT,CCT,3,4,TRUE,H,P,R,L,NA,NA,NA
PRM_0385,RRLKHESPWL,AGAAGGCTGAAGCATGAATCTCCATGGTTGTAA,CTG,AAG,3,4,TRUE,L,K,R,L,NA,NA,NA
PRM_0385,RRLNHESPWL,AGAAGGCTGAATCATGAATCTCCATGGTTGTAA,CTG,AAT,3,4,TRUE,L,N,R,L,NA,NA,NA
PRM_0385,RRLMHESPWL,AGAAGGCTGATGCATGAATCTCCATGGTTGTAA,CTG,ATG,3,4,TRUE,L,M,R,L,NA,NA,NA
PRM_0385,RRLIHESPWL,AGAAGGCTGATTCATGAATCTCCATGGTTGTAA,CTG,ATT,3,4,TRUE,L,I,R,L,NA,NA,NA
PRM_0385,RRLRHESPWL,AGAAGGCTGAGGCATGAATCTCCATGGTTGTAA,CTG,AGG,3,4,TRUE,L,R,R,L,NA,NA,NA
PRM_0385,RRLSHESPWL,AGAAGGCTGAGTCATGAATCTCCATGGTTGTAA,CTG,AGT,3,4,TRUE,L,S,R,L,NA,NA,NA
PRM_0385,RRLTHESPWL,AGAAGGCTGACGCATGAATCTCCATGGTTGTAA,CTG,ACG,3,4,TRUE,L,T,R,L,NA,NA,NA
PRM_0385,RRLTHESPWL,AGAAGGCTGACTCATGAATCTCCATGGTTGTAA,CTG,ACT,3,4,TRUE,L,T,R,L,NA,NA,NA
PRM_0385,RRL*HESPWL,AGAAGGCTGTAGCATGAATCTCCATGGTTGTAA,CTG,TAG,3,4,TRUE,L,*,R,L,NA,NA,NA
PRM_0385,RRLYHESPWL,AGAAGGCTGTATCATGAATCTCCATGGTTGTAA,CTG,TAT,3,4,TRUE,L,Y,R,L,NA,NA,NA
PRM_0385,RRLLHESPWL,AGAAGGCTGTTGCATGAATCTCCATGGTTGTAA,CTG,TTG,3,4,FALSE,L,L,R,L,NA,NA,NA
PRM_0385,RRLFHESPWL,AGAAGGCTGTTTCATGAATCTCCATGGTTGTAA,CTG,TTT,3,4,TRUE,L,F,R,L,NA,NA,NA
PRM_0385,RRLWHESPWL,AGAAGGCTGTGGCATGAATCTCCATGGTTGTAA,CTG,TGG,3,4,TRUE,L,W,R,L,NA,NA,NA
PRM_0385,RRLCHESPWL,AGAAGGCTGTGTCATGAATCTCCATGGTTGTAA,CTG,TGT,3,4,TRUE,L,C,R,L,NA,NA,NA
PRM_0385,RRLSHESPWL,AGAAGGCTGTCGCATGAATCTCCATGGTTGTAA,CTG,TCG,3,4,TRUE,L,S,R,L,NA,NA,NA
PRM_0385,RRLSHESPWL,AGAAGGCTGTCTCATGAATCTCCATGGTTGTAA,CTG,TCT,3,4,TRUE,L,S,R,L,NA,NA,NA
PRM_0385,RRLEHESPWL,AGAAGGCTGGAGCATGAATCTCCATGGTTGTAA,CTG,GAG,3,4,TRUE,L,E,R,L,NA,NA,NA
PRM_0385,RRLDHESPWL,AGAAGGCTGGATCATGAATCTCCATGGTTGTAA,CTG,GAT,3,4,TRUE,L,D,R,L,NA,NA,NA
PRM_0385,RRLVHESPWL,AGAAGGCTGGTGCATGAATCTCCATGGTTGTAA,CTG,GTG,3,4,TRUE,L,V,R,L,NA,NA,NA
PRM_0385,RRLVHESPWL,AGAAGGCTGGTTCATGAATCTCCATGGTTGTAA,CTG,GTT,3,4,TRUE,L,V,R,L,NA,NA,NA
PRM_0385,RRLGHESPWL,AGAAGGCTGGGGCATGAATCTCCATGGTTGTAA,CTG,GGG,3,4,TRUE,L,G,R,L,NA,NA,NA
PRM_0385,RRLGHESPWL,AGAAGGCTGGGTCATGAATCTCCATGGTTGTAA,CTG,GGT,3,4,TRUE,L,G,R,L,NA,NA,NA
PRM_0385,RRLAHESPWL,AGAAGGCTGGCGCATGAATCTCCATGGTTGTAA,CTG,GCG,3,4,TRUE,L,A,R,L,NA,NA,NA
PRM_0385,RRLAHESPWL,AGAAGGCTGGCTCATGAATCTCCATGGTTGTAA,CTG,GCT,3,4,TRUE,L,A,R,L,NA,NA,NA
PRM_0385,RRLQHESPWL,AGAAGGCTGCAGCATGAATCTCCATGGTTGTAA,CTG,CAG,3,4,TRUE,L,Q,R,L,NA,NA,NA
PRM_0385,RRLHHESPWL,AGAAGGCTGCATCATGAATCTCCATGGTTGTAA,CTG,CAT,3,4,TRUE,L,H,R,L,NA,NA,NA
PRM_0385,RRLLHESPWL,AGAAGGCTGCTGCATGAATCTCCATGGTTGTAA,CTG,CTG,3,4,FALSE,L,L,R,L,NA,NA,NA
PRM_0385,RRLLHESPWL,AGAAGGCTGCTTCATGAATCTCCATGGTTGTAA,CTG,CTT,3,4,FALSE,L,L,R,L,NA,NA,NA
PRM_0385,RRLRHESPWL,AGAAGGCTGCGGCATGAATCTCCATGGTTGTAA,CTG,CGG,3,4,TRUE,L,R,R,L,NA,NA,NA
PRM_0385,RRLRHESPWL,AGAAGGCTGCGTCATGAATCTCCATGGTTGTAA,CTG,CGT,3,4,TRUE,L,R,R,L,NA,NA,NA
PRM_0385,RRLPHESPWL,AGAAGGCTGCCGCATGAATCTCCATGGTTGTAA,CTG,CCG,3,4,TRUE,L,P,R,L,NA,NA,NA
PRM_0385,RRLPHESPWL,AGAAGGCTGCCTCATGAATCTCCATGGTTGTAA,CTG,CCT,3,4,TRUE,L,P,R,L,NA,NA,NA
PRM_0385,RRLKHESPWL,AGAAGGCTTAAGCATGAATCTCCATGGTTGTAA,CTT,AAG,3,4,TRUE,L,K,R,L,NA,NA,NA
PRM_0385,RRLNHESPWL,AGAAGGCTTAATCATGAATCTCCATGGTTGTAA,CTT,AAT,3,4,TRUE,L,N,R,L,NA,NA,NA
PRM_0385,RRLMHESPWL,AGAAGGCTTATGCATGAATCTCCATGGTTGTAA,CTT,ATG,3,4,TRUE,L,M,R,L,NA,NA,NA
PRM_0385,RRLIHESPWL,AGAAGGCTTATTCATGAATCTCCATGGTTGTAA,CTT,ATT,3,4,TRUE,L,I,R,L,NA,NA,NA
PRM_0385,RRLRHESPWL,AGAAGGCTTAGGCATGAATCTCCATGGTTGTAA,CTT,AGG,3,4,TRUE,L,R,R,L,NA,NA,NA
PRM_0385,RRLSHESPWL,AGAAGGCTTAGTCATGAATCTCCATGGTTGTAA,CTT,AGT,3,4,TRUE,L,S,R,L,NA,NA,NA
PRM_0385,RRLTHESPWL,AGAAGGCTTACGCATGAATCTCCATGGTTGTAA,CTT,ACG,3,4,TRUE,L,T,R,L,NA,NA,NA
PRM_0385,RRLTHESPWL,AGAAGGCTTACTCATGAATCTCCATGGTTGTAA,CTT,ACT,3,4,TRUE,L,T,R,L,NA,NA,NA
PRM_0385,RRL*HESPWL,AGAAGGCTTTAGCATGAATCTCCATGGTTGTAA,CTT,TAG,3,4,TRUE,L,*,R,L,NA,NA,NA
PRM_0385,RRLYHESPWL,AGAAGGCTTTATCATGAATCTCCATGGTTGTAA,CTT,TAT,3,4,TRUE,L,Y,R,L,NA,NA,NA
PRM_0385,RRLLHESPWL,AGAAGGCTTTTGCATGAATCTCCATGGTTGTAA,CTT,TTG,3,4,FALSE,L,L,R,L,NA,NA,NA
PRM_0385,RRLFHESPWL,AGAAGGCTTTTTCATGAATCTCCATGGTTGTAA,CTT,TTT,3,4,TRUE,L,F,R,L,NA,NA,NA
PRM_0385,RRLWHESPWL,AGAAGGCTTTGGCATGAATCTCCATGGTTGTAA,CTT,TGG,3,4,TRUE,L,W,R,L,NA,NA,NA
PRM_0385,RRLCHESPWL,AGAAGGCTTTGTCATGAATCTCCATGGTTGTAA,CTT,TGT,3,4,TRUE,L,C,R,L,NA,NA,NA
PRM_0385,RRLSHESPWL,AGAAGGCTTTCGCATGAATCTCCATGGTTGTAA,CTT,TCG,3,4,TRUE,L,S,R,L,NA,NA,NA
PRM_0385,RRLSHESPWL,AGAAGGCTTTCTCATGAATCTCCATGGTTGTAA,CTT,TCT,3,4,TRUE,L,S,R,L,NA,NA,NA
PRM_0385,RRLEHESPWL,AGAAGGCTTGAGCATGAATCTCCATGGTTGTAA,CTT,GAG,3,4,TRUE,L,E,R,L,NA,NA,NA
PRM_0385,RRLDHESPWL,AGAAGGCTTGATCATGAATCTCCATGGTTGTAA,CTT,GAT,3,4,TRUE,L,D,R,L,NA,NA,NA
PRM_0385,RRLVHESPWL,AGAAGGCTTGTGCATGAATCTCCATGGTTGTAA,CTT,GTG,3,4,TRUE,L,V,R,L,NA,NA,NA
PRM_0385,RRLVHESPWL,AGAAGGCTTGTTCATGAATCTCCATGGTTGTAA,CTT,GTT,3,4,TRUE,L,V,R,L,NA,NA,NA
PRM_0385,RRLGHESPWL,AGAAGGCTTGGGCATGAATCTCCATGGTTGTAA,CTT,GGG,3,4,TRUE,L,G,R,L,NA,NA,NA
PRM_0385,RRLGHESPWL,AGAAGGCTTGGTCATGAATCTCCATGGTTGTAA,CTT,GGT,3,4,TRUE,L,G,R,L,NA,NA,NA
PRM_0385,RRLAHESPWL,AGAAGGCTTGCGCATGAATCTCCATGGTTGTAA,CTT,GCG,3,4,TRUE,L,A,R,L,NA,NA,NA
PRM_0385,RRLAHESPWL,AGAAGGCTTGCTCATGAATCTCCATGGTTGTAA,CTT,GCT,3,4,TRUE,L,A,R,L,NA,NA,NA
PRM_0385,RRLQHESPWL,AGAAGGCTTCAGCATGAATCTCCATGGTTGTAA,CTT,CAG,3,4,TRUE,L,Q,R,L,NA,NA,NA
PRM_0385,RRLHHESPWL,AGAAGGCTTCATCATGAATCTCCATGGTTGTAA,CTT,CAT,3,4,TRUE,L,H,R,L,NA,NA,NA
PRM_0385,RRLLHESPWL,AGAAGGCTTCTGCATGAATCTCCATGGTTGTAA,CTT,CTG,3,4,FALSE,L,L,R,L,NA,NA,NA
PRM_0385,RRLLHESPWL,AGAAGGCTTCTTCATGAATCTCCATGGTTGTAA,CTT,CTT,3,4,FALSE,L,L,R,L,NA,NA,NA
PRM_0385,RRLRHESPWL,AGAAGGCTTCGGCATGAATCTCCATGGTTGTAA,CTT,CGG,3,4,TRUE,L,R,R,L,NA,NA,NA
PRM_0385,RRLRHESPWL,AGAAGGCTTCGTCATGAATCTCCATGGTTGTAA,CTT,CGT,3,4,TRUE,L,R,R,L,NA,NA,NA
PRM_0385,RRLPHESPWL,AGAAGGCTTCCGCATGAATCTCCATGGTTGTAA,CTT,CCG,3,4,TRUE,L,P,R,L,NA,NA,NA
PRM_0385,RRLPHESPWL,AGAAGGCTTCCTCATGAATCTCCATGGTTGTAA,CTT,CCT,3,4,TRUE,L,P,R,L,NA,NA,NA
PRM_0385,RRRKHESPWL,AGAAGGCGGAAGCATGAATCTCCATGGTTGTAA,CGG,AAG,3,4,FALSE,R,K,R,L,NA,NA,NA
PRM_0385,RRRNHESPWL,AGAAGGCGGAATCATGAATCTCCATGGTTGTAA,CGG,AAT,3,4,FALSE,R,N,R,L,NA,NA,NA
PRM_0385,RRRMHESPWL,AGAAGGCGGATGCATGAATCTCCATGGTTGTAA,CGG,ATG,3,4,FALSE,R,M,R,L,NA,NA,NA
PRM_0385,RRRIHESPWL,AGAAGGCGGATTCATGAATCTCCATGGTTGTAA,CGG,ATT,3,4,FALSE,R,I,R,L,NA,NA,NA
PRM_0385,RRRRHESPWL,AGAAGGCGGAGGCATGAATCTCCATGGTTGTAA,CGG,AGG,3,4,FALSE,R,R,R,L,NA,NA,NA
PRM_0385,RRRSHESPWL,AGAAGGCGGAGTCATGAATCTCCATGGTTGTAA,CGG,AGT,3,4,FALSE,R,S,R,L,NA,NA,NA
PRM_0385,RRRTHESPWL,AGAAGGCGGACGCATGAATCTCCATGGTTGTAA,CGG,ACG,3,4,FALSE,R,T,R,L,NA,NA,NA
PRM_0385,RRRTHESPWL,AGAAGGCGGACTCATGAATCTCCATGGTTGTAA,CGG,ACT,3,4,FALSE,R,T,R,L,NA,NA,NA
PRM_0385,RRR*HESPWL,AGAAGGCGGTAGCATGAATCTCCATGGTTGTAA,CGG,TAG,3,4,FALSE,R,*,R,L,NA,NA,NA
PRM_0385,RRRYHESPWL,AGAAGGCGGTATCATGAATCTCCATGGTTGTAA,CGG,TAT,3,4,FALSE,R,Y,R,L,NA,NA,NA
PRM_0385,RRRLHESPWL,AGAAGGCGGTTGCATGAATCTCCATGGTTGTAA,CGG,TTG,3,4,FALSE,R,L,R,L,NA,NA,NA
PRM_0385,RRRFHESPWL,AGAAGGCGGTTTCATGAATCTCCATGGTTGTAA,CGG,TTT,3,4,FALSE,R,F,R,L,NA,NA,NA
PRM_0385,RRRWHESPWL,AGAAGGCGGTGGCATGAATCTCCATGGTTGTAA,CGG,TGG,3,4,FALSE,R,W,R,L,NA,NA,NA
PRM_0385,RRRCHESPWL,AGAAGGCGGTGTCATGAATCTCCATGGTTGTAA,CGG,TGT,3,4,FALSE,R,C,R,L,NA,NA,NA
PRM_0385,RRRSHESPWL,AGAAGGCGGTCGCATGAATCTCCATGGTTGTAA,CGG,TCG,3,4,FALSE,R,S,R,L,NA,NA,NA
PRM_0385,RRRSHESPWL,AGAAGGCGGTCTCATGAATCTCCATGGTTGTAA,CGG,TCT,3,4,FALSE,R,S,R,L,NA,NA,NA
PRM_0385,RRREHESPWL,AGAAGGCGGGAGCATGAATCTCCATGGTTGTAA,CGG,GAG,3,4,FALSE,R,E,R,L,NA,NA,NA
PRM_0385,RRRDHESPWL,AGAAGGCGGGATCATGAATCTCCATGGTTGTAA,CGG,GAT,3,4,FALSE,R,D,R,L,NA,NA,NA
PRM_0385,RRRVHESPWL,AGAAGGCGGGTGCATGAATCTCCATGGTTGTAA,CGG,GTG,3,4,FALSE,R,V,R,L,NA,NA,NA
PRM_0385,RRRVHESPWL,AGAAGGCGGGTTCATGAATCTCCATGGTTGTAA,CGG,GTT,3,4,FALSE,R,V,R,L,NA,NA,NA
PRM_0385,RRRGHESPWL,AGAAGGCGGGGGCATGAATCTCCATGGTTGTAA,CGG,GGG,3,4,FALSE,R,G,R,L,NA,NA,NA
PRM_0385,RRRGHESPWL,AGAAGGCGGGGTCATGAATCTCCATGGTTGTAA,CGG,GGT,3,4,FALSE,R,G,R,L,NA,NA,NA
PRM_0385,RRRAHESPWL,AGAAGGCGGGCGCATGAATCTCCATGGTTGTAA,CGG,GCG,3,4,FALSE,R,A,R,L,NA,NA,NA
PRM_0385,RRRAHESPWL,AGAAGGCGGGCTCATGAATCTCCATGGTTGTAA,CGG,GCT,3,4,FALSE,R,A,R,L,NA,NA,NA
PRM_0385,RRRQHESPWL,AGAAGGCGGCAGCATGAATCTCCATGGTTGTAA,CGG,CAG,3,4,FALSE,R,Q,R,L,NA,NA,NA
PRM_0385,RRRHHESPWL,AGAAGGCGGCATCATGAATCTCCATGGTTGTAA,CGG,CAT,3,4,FALSE,R,H,R,L,NA,NA,NA
PRM_0385,RRRLHESPWL,AGAAGGCGGCTGCATGAATCTCCATGGTTGTAA,CGG,CTG,3,4,FALSE,R,L,R,L,NA,NA,NA
PRM_0385,RRRLHESPWL,AGAAGGCGGCTTCATGAATCTCCATGGTTGTAA,CGG,CTT,3,4,FALSE,R,L,R,L,NA,NA,NA
PRM_0385,RRRRHESPWL,AGAAGGCGGCGGCATGAATCTCCATGGTTGTAA,CGG,CGG,3,4,FALSE,R,R,R,L,NA,NA,NA
PRM_0385,RRRRHESPWL,AGAAGGCGGCGTCATGAATCTCCATGGTTGTAA,CGG,CGT,3,4,FALSE,R,R,R,L,NA,NA,NA
PRM_0385,RRRPHESPWL,AGAAGGCGGCCGCATGAATCTCCATGGTTGTAA,CGG,CCG,3,4,FALSE,R,P,R,L,NA,NA,NA
PRM_0385,RRRPHESPWL,AGAAGGCGGCCTCATGAATCTCCATGGTTGTAA,CGG,CCT,3,4,FALSE,R,P,R,L,NA,NA,NA
PRM_0385,RRRKHESPWL,AGAAGGCGTAAGCATGAATCTCCATGGTTGTAA,CGT,AAG,3,4,FALSE,R,K,R,L,NA,NA,NA
PRM_0385,RRRNHESPWL,AGAAGGCGTAATCATGAATCTCCATGGTTGTAA,CGT,AAT,3,4,FALSE,R,N,R,L,NA,NA,NA
PRM_0385,RRRMHESPWL,AGAAGGCGTATGCATGAATCTCCATGGTTGTAA,CGT,ATG,3,4,FALSE,R,M,R,L,NA,NA,NA
PRM_0385,RRRIHESPWL,AGAAGGCGTATTCATGAATCTCCATGGTTGTAA,CGT,ATT,3,4,FALSE,R,I,R,L,NA,NA,NA
PRM_0385,RRRRHESPWL,AGAAGGCGTAGGCATGAATCTCCATGGTTGTAA,CGT,AGG,3,4,FALSE,R,R,R,L,NA,NA,NA
PRM_0385,RRRSHESPWL,AGAAGGCGTAGTCATGAATCTCCATGGTTGTAA,CGT,AGT,3,4,FALSE,R,S,R,L,NA,NA,NA
PRM_0385,RRRTHESPWL,AGAAGGCGTACGCATGAATCTCCATGGTTGTAA,CGT,ACG,3,4,FALSE,R,T,R,L,NA,NA,NA
PRM_0385,RRRTHESPWL,AGAAGGCGTACTCATGAATCTCCATGGTTGTAA,CGT,ACT,3,4,FALSE,R,T,R,L,NA,NA,NA
PRM_0385,RRR*HESPWL,AGAAGGCGTTAGCATGAATCTCCATGGTTGTAA,CGT,TAG,3,4,FALSE,R,*,R,L,NA,NA,NA
PRM_0385,RRRYHESPWL,AGAAGGCGTTATCATGAATCTCCATGGTTGTAA,CGT,TAT,3,4,FALSE,R,Y,R,L,NA,NA,NA
PRM_0385,RRRLHESPWL,AGAAGGCGTTTGCATGAATCTCCATGGTTGTAA,CGT,TTG,3,4,FALSE,R,L,R,L,NA,NA,NA
PRM_0385,RRRFHESPWL,AGAAGGCGTTTTCATGAATCTCCATGGTTGTAA,CGT,TTT,3,4,FALSE,R,F,R,L,NA,NA,NA
PRM_0385,RRRWHESPWL,AGAAGGCGTTGGCATGAATCTCCATGGTTGTAA,CGT,TGG,3,4,FALSE,R,W,R,L,NA,NA,NA
PRM_0385,RRRCHESPWL,AGAAGGCGTTGTCATGAATCTCCATGGTTGTAA,CGT,TGT,3,4,FALSE,R,C,R,L,NA,NA,NA
PRM_0385,RRRSHESPWL,AGAAGGCGTTCGCATGAATCTCCATGGTTGTAA,CGT,TCG,3,4,FALSE,R,S,R,L,NA,NA,NA
PRM_0385,RRRSHESPWL,AGAAGGCGTTCTCATGAATCTCCATGGTTGTAA,CGT,TCT,3,4,FALSE,R,S,R,L,NA,NA,NA
PRM_0385,RRREHESPWL,AGAAGGCGTGAGCATGAATCTCCATGGTTGTAA,CGT,GAG,3,4,FALSE,R,E,R,L,NA,NA,NA
PRM_0385,RRRDHESPWL,AGAAGGCGTGATCATGAATCTCCATGGTTGTAA,CGT,GAT,3,4,FALSE,R,D,R,L,NA,NA,NA
PRM_0385,RRRVHESPWL,AGAAGGCGTGTGCATGAATCTCCATGGTTGTAA,CGT,GTG,3,4,FALSE,R,V,R,L,NA,NA,NA
PRM_0385,RRRVHESPWL,AGAAGGCGTGTTCATGAATCTCCATGGTTGTAA,CGT,GTT,3,4,FALSE,R,V,R,L,NA,NA,NA
PRM_0385,RRRGHESPWL,AGAAGGCGTGGGCATGAATCTCCATGGTTGTAA,CGT,GGG,3,4,FALSE,R,G,R,L,NA,NA,NA
PRM_0385,RRRGHESPWL,AGAAGGCGTGGTCATGAATCTCCATGGTTGTAA,CGT,GGT,3,4,FALSE,R,G,R,L,NA,NA,NA
PRM_0385,RRRAHESPWL,AGAAGGCGTGCGCATGAATCTCCATGGTTGTAA,CGT,GCG,3,4,FALSE,R,A,R,L,NA,NA,NA
PRM_0385,RRRAHESPWL,AGAAGGCGTGCTCATGAATCTCCATGGTTGTAA,CGT,GCT,3,4,FALSE,R,A,R,L,NA,NA,NA
PRM_0385,RRRQHESPWL,AGAAGGCGTCAGCATGAATCTCCATGGTTGTAA,CGT,CAG,3,4,FALSE,R,Q,R,L,NA,NA,NA
PRM_0385,RRRHHESPWL,AGAAGGCGTCATCATGAATCTCCATGGTTGTAA,CGT,CAT,3,4,FALSE,R,H,R,L,NA,NA,NA
PRM_0385,RRRLHESPWL,AGAAGGCGTCTGCATGAATCTCCATGGTTGTAA,CGT,CTG,3,4,FALSE,R,L,R,L,NA,NA,NA
PRM_0385,RRRLHESPWL,AGAAGGCGTCTTCATGAATCTCCATGGTTGTAA,CGT,CTT,3,4,FALSE,R,L,R,L,NA,NA,NA
PRM_0385,RRRRHESPWL,AGAAGGCGTCGGCATGAATCTCCATGGTTGTAA,CGT,CGG,3,4,FALSE,R,R,R,L,NA,NA,NA
PRM_0385,RRRRHESPWL,AGAAGGCGTCGTCATGAATCTCCATGGTTGTAA,CGT,CGT,3,4,FALSE,R,R,R,L,NA,NA,NA
PRM_0385,RRRPHESPWL,AGAAGGCGTCCGCATGAATCTCCATGGTTGTAA,CGT,CCG,3,4,FALSE,R,P,R,L,NA,NA,NA
PRM_0385,RRRPHESPWL,AGAAGGCGTCCTCATGAATCTCCATGGTTGTAA,CGT,CCT,3,4,FALSE,R,P,R,L,NA,NA,NA
PRM_0385,RRPKHESPWL,AGAAGGCCGAAGCATGAATCTCCATGGTTGTAA,CCG,AAG,3,4,TRUE,P,K,R,L,NA,NA,NA
PRM_0385,RRPNHESPWL,AGAAGGCCGAATCATGAATCTCCATGGTTGTAA,CCG,AAT,3,4,TRUE,P,N,R,L,NA,NA,NA
PRM_0385,RRPMHESPWL,AGAAGGCCGATGCATGAATCTCCATGGTTGTAA,CCG,ATG,3,4,TRUE,P,M,R,L,NA,NA,NA
PRM_0385,RRPIHESPWL,AGAAGGCCGATTCATGAATCTCCATGGTTGTAA,CCG,ATT,3,4,TRUE,P,I,R,L,NA,NA,NA
PRM_0385,RRPRHESPWL,AGAAGGCCGAGGCATGAATCTCCATGGTTGTAA,CCG,AGG,3,4,TRUE,P,R,R,L,NA,NA,NA
PRM_0385,RRPSHESPWL,AGAAGGCCGAGTCATGAATCTCCATGGTTGTAA,CCG,AGT,3,4,TRUE,P,S,R,L,NA,NA,NA
PRM_0385,RRPTHESPWL,AGAAGGCCGACGCATGAATCTCCATGGTTGTAA,CCG,ACG,3,4,TRUE,P,T,R,L,NA,NA,NA
PRM_0385,RRPTHESPWL,AGAAGGCCGACTCATGAATCTCCATGGTTGTAA,CCG,ACT,3,4,TRUE,P,T,R,L,NA,NA,NA
PRM_0385,RRP*HESPWL,AGAAGGCCGTAGCATGAATCTCCATGGTTGTAA,CCG,TAG,3,4,TRUE,P,*,R,L,NA,NA,NA
PRM_0385,RRPYHESPWL,AGAAGGCCGTATCATGAATCTCCATGGTTGTAA,CCG,TAT,3,4,TRUE,P,Y,R,L,NA,NA,NA
PRM_0385,RRPLHESPWL,AGAAGGCCGTTGCATGAATCTCCATGGTTGTAA,CCG,TTG,3,4,FALSE,P,L,R,L,NA,NA,NA
PRM_0385,RRPFHESPWL,AGAAGGCCGTTTCATGAATCTCCATGGTTGTAA,CCG,TTT,3,4,TRUE,P,F,R,L,NA,NA,NA
PRM_0385,RRPWHESPWL,AGAAGGCCGTGGCATGAATCTCCATGGTTGTAA,CCG,TGG,3,4,TRUE,P,W,R,L,NA,NA,NA
PRM_0385,RRPCHESPWL,AGAAGGCCGTGTCATGAATCTCCATGGTTGTAA,CCG,TGT,3,4,TRUE,P,C,R,L,NA,NA,NA
PRM_0385,RRPSHESPWL,AGAAGGCCGTCGCATGAATCTCCATGGTTGTAA,CCG,TCG,3,4,TRUE,P,S,R,L,NA,NA,NA
PRM_0385,RRPSHESPWL,AGAAGGCCGTCTCATGAATCTCCATGGTTGTAA,CCG,TCT,3,4,TRUE,P,S,R,L,NA,NA,NA
PRM_0385,RRPEHESPWL,AGAAGGCCGGAGCATGAATCTCCATGGTTGTAA,CCG,GAG,3,4,TRUE,P,E,R,L,NA,NA,NA
PRM_0385,RRPDHESPWL,AGAAGGCCGGATCATGAATCTCCATGGTTGTAA,CCG,GAT,3,4,TRUE,P,D,R,L,NA,NA,NA
PRM_0385,RRPVHESPWL,AGAAGGCCGGTGCATGAATCTCCATGGTTGTAA,CCG,GTG,3,4,TRUE,P,V,R,L,NA,NA,NA
PRM_0385,RRPVHESPWL,AGAAGGCCGGTTCATGAATCTCCATGGTTGTAA,CCG,GTT,3,4,TRUE,P,V,R,L,NA,NA,NA
PRM_0385,RRPGHESPWL,AGAAGGCCGGGGCATGAATCTCCATGGTTGTAA,CCG,GGG,3,4,TRUE,P,G,R,L,NA,NA,NA
PRM_0385,RRPGHESPWL,AGAAGGCCGGGTCATGAATCTCCATGGTTGTAA,CCG,GGT,3,4,TRUE,P,G,R,L,NA,NA,NA
PRM_0385,RRPAHESPWL,AGAAGGCCGGCGCATGAATCTCCATGGTTGTAA,CCG,GCG,3,4,TRUE,P,A,R,L,NA,NA,NA
PRM_0385,RRPAHESPWL,AGAAGGCCGGCTCATGAATCTCCATGGTTGTAA,CCG,GCT,3,4,TRUE,P,A,R,L,NA,NA,NA
PRM_0385,RRPQHESPWL,AGAAGGCCGCAGCATGAATCTCCATGGTTGTAA,CCG,CAG,3,4,TRUE,P,Q,R,L,NA,NA,NA
PRM_0385,RRPHHESPWL,AGAAGGCCGCATCATGAATCTCCATGGTTGTAA,CCG,CAT,3,4,TRUE,P,H,R,L,NA,NA,NA
PRM_0385,RRPLHESPWL,AGAAGGCCGCTGCATGAATCTCCATGGTTGTAA,CCG,CTG,3,4,FALSE,P,L,R,L,NA,NA,NA
PRM_0385,RRPLHESPWL,AGAAGGCCGCTTCATGAATCTCCATGGTTGTAA,CCG,CTT,3,4,FALSE,P,L,R,L,NA,NA,NA
PRM_0385,RRPRHESPWL,AGAAGGCCGCGGCATGAATCTCCATGGTTGTAA,CCG,CGG,3,4,TRUE,P,R,R,L,NA,NA,NA
PRM_0385,RRPRHESPWL,AGAAGGCCGCGTCATGAATCTCCATGGTTGTAA,CCG,CGT,3,4,TRUE,P,R,R,L,NA,NA,NA
PRM_0385,RRPPHESPWL,AGAAGGCCGCCGCATGAATCTCCATGGTTGTAA,CCG,CCG,3,4,TRUE,P,P,R,L,NA,NA,NA
PRM_0385,RRPPHESPWL,AGAAGGCCGCCTCATGAATCTCCATGGTTGTAA,CCG,CCT,3,4,TRUE,P,P,R,L,NA,NA,NA
PRM_0385,RRPKHESPWL,AGAAGGCCTAAGCATGAATCTCCATGGTTGTAA,CCT,AAG,3,4,TRUE,P,K,R,L,NA,NA,NA
PRM_0385,RRPNHESPWL,AGAAGGCCTAATCATGAATCTCCATGGTTGTAA,CCT,AAT,3,4,TRUE,P,N,R,L,NA,NA,NA
PRM_0385,RRPMHESPWL,AGAAGGCCTATGCATGAATCTCCATGGTTGTAA,CCT,ATG,3,4,TRUE,P,M,R,L,NA,NA,NA
PRM_0385,RRPIHESPWL,AGAAGGCCTATTCATGAATCTCCATGGTTGTAA,CCT,ATT,3,4,TRUE,P,I,R,L,NA,NA,NA
PRM_0385,RRPRHESPWL,AGAAGGCCTAGGCATGAATCTCCATGGTTGTAA,CCT,AGG,3,4,TRUE,P,R,R,L,NA,NA,NA
PRM_0385,RRPSHESPWL,AGAAGGCCTAGTCATGAATCTCCATGGTTGTAA,CCT,AGT,3,4,TRUE,P,S,R,L,NA,NA,NA
PRM_0385,RRPTHESPWL,AGAAGGCCTACGCATGAATCTCCATGGTTGTAA,CCT,ACG,3,4,TRUE,P,T,R,L,NA,NA,NA
PRM_0385,RRPTHESPWL,AGAAGGCCTACTCATGAATCTCCATGGTTGTAA,CCT,ACT,3,4,TRUE,P,T,R,L,NA,NA,NA
PRM_0385,RRP*HESPWL,AGAAGGCCTTAGCATGAATCTCCATGGTTGTAA,CCT,TAG,3,4,TRUE,P,*,R,L,NA,NA,NA
PRM_0385,RRPYHESPWL,AGAAGGCCTTATCATGAATCTCCATGGTTGTAA,CCT,TAT,3,4,TRUE,P,Y,R,L,NA,NA,NA
PRM_0385,RRPLHESPWL,AGAAGGCCTTTGCATGAATCTCCATGGTTGTAA,CCT,TTG,3,4,FALSE,P,L,R,L,NA,NA,NA
PRM_0385,RRPFHESPWL,AGAAGGCCTTTTCATGAATCTCCATGGTTGTAA,CCT,TTT,3,4,TRUE,P,F,R,L,NA,NA,NA
PRM_0385,RRPWHESPWL,AGAAGGCCTTGGCATGAATCTCCATGGTTGTAA,CCT,TGG,3,4,TRUE,P,W,R,L,NA,NA,NA
PRM_0385,RRPCHESPWL,AGAAGGCCTTGTCATGAATCTCCATGGTTGTAA,CCT,TGT,3,4,TRUE,P,C,R,L,NA,NA,NA
PRM_0385,RRPSHESPWL,AGAAGGCCTTCGCATGAATCTCCATGGTTGTAA,CCT,TCG,3,4,TRUE,P,S,R,L,NA,NA,NA
PRM_0385,RRPSHESPWL,AGAAGGCCTTCTCATGAATCTCCATGGTTGTAA,CCT,TCT,3,4,TRUE,P,S,R,L,NA,NA,NA
PRM_0385,RRPEHESPWL,AGAAGGCCTGAGCATGAATCTCCATGGTTGTAA,CCT,GAG,3,4,TRUE,P,E,R,L,NA,NA,NA
PRM_0385,RRPDHESPWL,AGAAGGCCTGATCATGAATCTCCATGGTTGTAA,CCT,GAT,3,4,TRUE,P,D,R,L,NA,NA,NA
PRM_0385,RRPVHESPWL,AGAAGGCCTGTGCATGAATCTCCATGGTTGTAA,CCT,GTG,3,4,TRUE,P,V,R,L,NA,NA,NA
PRM_0385,RRPVHESPWL,AGAAGGCCTGTTCATGAATCTCCATGGTTGTAA,CCT,GTT,3,4,TRUE,P,V,R,L,NA,NA,NA
PRM_0385,RRPGHESPWL,AGAAGGCCTGGGCATGAATCTCCATGGTTGTAA,CCT,GGG,3,4,TRUE,P,G,R,L,NA,NA,NA
PRM_0385,RRPGHESPWL,AGAAGGCCTGGTCATGAATCTCCATGGTTGTAA,CCT,GGT,3,4,TRUE,P,G,R,L,NA,NA,NA
PRM_0385,RRPAHESPWL,AGAAGGCCTGCGCATGAATCTCCATGGTTGTAA,CCT,GCG,3,4,TRUE,P,A,R,L,NA,NA,NA
PRM_0385,RRPAHESPWL,AGAAGGCCTGCTCATGAATCTCCATGGTTGTAA,CCT,GCT,3,4,TRUE,P,A,R,L,NA,NA,NA
PRM_0385,RRPQHESPWL,AGAAGGCCTCAGCATGAATCTCCATGGTTGTAA,CCT,CAG,3,4,TRUE,P,Q,R,L,NA,NA,NA
PRM_0385,RRPHHESPWL,AGAAGGCCTCATCATGAATCTCCATGGTTGTAA,CCT,CAT,3,4,TRUE,P,H,R,L,NA,NA,NA
PRM_0385,RRPLHESPWL,AGAAGGCCTCTGCATGAATCTCCATGGTTGTAA,CCT,CTG,3,4,FALSE,P,L,R,L,NA,NA,NA
PRM_0385,RRPLHESPWL,AGAAGGCCTCTTCATGAATCTCCATGGTTGTAA,CCT,CTT,3,4,FALSE,P,L,R,L,NA,NA,NA
PRM_0385,RRPRHESPWL,AGAAGGCCTCGGCATGAATCTCCATGGTTGTAA,CCT,CGG,3,4,TRUE,P,R,R,L,NA,NA,NA
PRM_0385,RRPRHESPWL,AGAAGGCCTCGTCATGAATCTCCATGGTTGTAA,CCT,CGT,3,4,TRUE,P,R,R,L,NA,NA,NA
PRM_0385,RRPPHESPWL,AGAAGGCCTCCGCATGAATCTCCATGGTTGTAA,CCT,CCG,3,4,TRUE,P,P,R,L,NA,NA,NA
PRM_0385,RRPPHESPWL,AGAAGGCCTCCTCATGAATCTCCATGGTTGTAA,CCT,CCT,3,4,TRUE,P,P,R,L,NA,NA,NA
pdz.1,GVKESLV,GGTGTTAAAGAATCTCTAGTTTAA,pdz.1,pdz.1,NA,NA,NA,NA,NA,NA,NA,NA,NA,NA
pdz.2,GVKQSLL,GGTGTGAAGCAATCTCTGTTGTAA,pdz.2,pdz.2,NA,NA,NA,NA,NA,NA,NA,NA,NA,NA
sh3.1,PPPALPPKRRR,CCTCCTCCTGCCCTACCCCCAAAAAGGAGACGTTAA,sh3.1,sh3.1,NA,NA,NA,NA,NA,NA,NA,NA,NA,NA
sh3.2,PPPVPPRR,CCACCTCCCGTGCCGCCAAGAAGATAA,sh3.2,sh3.2,NA,NA,NA,NA,NA,NA,NA,NA,NA,NA
299_1,APPVPVRYLQRF,GCTCCACCTGTTCCAGTTAGATATTTGCAAAGATTCTAA,299_1,299_1,NA,NA,NA,NA,NA,NA,NA,NA,NA,NA
250_3,WFPAVDSLAPMP,TGGTTCCCAGCTGTTGATTCTTTGGCTCCAATGCCATAA,250_3,250_3,NA,NA,NA,NA,NA,NA,NA,NA,NA,NA
363_4,GPRYWWSGWL,GGTCCAAGATATTGGTGGTCTGGTTGGTTGTAA,363_4,363_4,NA,NA,NA,NA,NA,NA,NA,NA,NA,NA
152_2,DRILPPLP,GATAGAATTTTGCCACCTTTGCCATAA,152_2,152_2,NA,NA,NA,NA,NA,NA,NA,NA,NA,NA
304_1,GRHPRHSTANQI,GGTAGACATCCAAGACATTCTACTGCTAATCAAATTTAA,304_1,304_1,NA,NA,NA,NA,NA,NA,NA,NA,NA,NA
250_4,WFPLVDYLVHIS,TGGTTCCCATTGGTTGATTATTTGGTTCATATTTCTTAA,250_4,250_4,NA,NA,NA,NA,NA,NA,NA,NA,NA,NA
304_4,GTGLPRHSWVLL,GGTACTGGTTTGCCAAGACATTCTTGGGTTTTGTTATAA,304_4,304_4,NA,NA,NA,NA,NA,NA,NA,NA,NA,NA
366_3,QSRFLGWF,CAATCTAGATTCTTGGGTTGGTTCTAA,366_3,366_3,NA,NA,NA,NA,NA,NA,NA,NA,NA,NA
PRM_0363,KGRFWFSDWL,AAGGGTAGATTCTGGTTCTCTGATTGGTTGTAA,AAG,PRM_0363,NA,NA,FALSE,NA,NA,NA,NA,1,K,S
PRM_0363,NGRFWFSDWL,AATGGTAGATTCTGGTTCTCTGATTGGTTGTAA,AAT,PRM_0363,NA,NA,FALSE,NA,NA,NA,NA,1,N,S
PRM_0363,MGRFWFSDWL,ATGGGTAGATTCTGGTTCTCTGATTGGTTGTAA,ATG,PRM_0363,NA,NA,FALSE,NA,NA,NA,NA,1,M,S
PRM_0363,IGRFWFSDWL,ATTGGTAGATTCTGGTTCTCTGATTGGTTGTAA,ATT,PRM_0363,NA,NA,FALSE,NA,NA,NA,NA,1,I,S
PRM_0363,RGRFWFSDWL,AGGGGTAGATTCTGGTTCTCTGATTGGTTGTAA,AGG,PRM_0363,NA,NA,FALSE,NA,NA,NA,NA,1,R,S
PRM_0363,SGRFWFSDWL,AGTGGTAGATTCTGGTTCTCTGATTGGTTGTAA,AGT,PRM_0363,NA,NA,FALSE,NA,NA,NA,NA,1,S,S
PRM_0363,TGRFWFSDWL,ACGGGTAGATTCTGGTTCTCTGATTGGTTGTAA,ACG,PRM_0363,NA,NA,FALSE,NA,NA,NA,NA,1,T,S
PRM_0363,TGRFWFSDWL,ACTGGTAGATTCTGGTTCTCTGATTGGTTGTAA,ACT,PRM_0363,NA,NA,FALSE,NA,NA,NA,NA,1,T,S
PRM_0363,*GRFWFSDWL,TAGGGTAGATTCTGGTTCTCTGATTGGTTGTAA,TAG,PRM_0363,NA,NA,FALSE,NA,NA,NA,NA,1,*,S
PRM_0363,YGRFWFSDWL,TATGGTAGATTCTGGTTCTCTGATTGGTTGTAA,TAT,PRM_0363,NA,NA,FALSE,NA,NA,NA,NA,1,Y,S
PRM_0363,MGRFWFSDWL,TTGGGTAGATTCTGGTTCTCTGATTGGTTGTAA,TTG,PRM_0363,NA,NA,FALSE,NA,NA,NA,NA,1,L,S
PRM_0363,FGRFWFSDWL,TTTGGTAGATTCTGGTTCTCTGATTGGTTGTAA,TTT,PRM_0363,NA,NA,FALSE,NA,NA,NA,NA,1,F,S
PRM_0363,WGRFWFSDWL,TGGGGTAGATTCTGGTTCTCTGATTGGTTGTAA,TGG,PRM_0363,NA,NA,FALSE,NA,NA,NA,NA,1,W,S
PRM_0363,CGRFWFSDWL,TGTGGTAGATTCTGGTTCTCTGATTGGTTGTAA,TGT,PRM_0363,NA,NA,FALSE,NA,NA,NA,NA,1,C,S
PRM_0363,SGRFWFSDWL,TCGGGTAGATTCTGGTTCTCTGATTGGTTGTAA,TCG,PRM_0363,NA,NA,FALSE,NA,NA,NA,NA,1,S,S
PRM_0363,SGRFWFSDWL,TCTGGTAGATTCTGGTTCTCTGATTGGTTGTAA,TCT,PRM_0363,NA,NA,FALSE,NA,NA,NA,NA,1,S,S
PRM_0363,EGRFWFSDWL,GAGGGTAGATTCTGGTTCTCTGATTGGTTGTAA,GAG,PRM_0363,NA,NA,FALSE,NA,NA,NA,NA,1,E,S
PRM_0363,DGRFWFSDWL,GATGGTAGATTCTGGTTCTCTGATTGGTTGTAA,GAT,PRM_0363,NA,NA,FALSE,NA,NA,NA,NA,1,D,S
PRM_0363,VGRFWFSDWL,GTGGGTAGATTCTGGTTCTCTGATTGGTTGTAA,GTG,PRM_0363,NA,NA,FALSE,NA,NA,NA,NA,1,V,S
PRM_0363,VGRFWFSDWL,GTTGGTAGATTCTGGTTCTCTGATTGGTTGTAA,GTT,PRM_0363,NA,NA,FALSE,NA,NA,NA,NA,1,V,S
PRM_0363,GGRFWFSDWL,GGGGGTAGATTCTGGTTCTCTGATTGGTTGTAA,GGG,PRM_0363,NA,NA,FALSE,NA,NA,NA,NA,1,G,S
PRM_0363,GGRFWFSDWL,GGTGGTAGATTCTGGTTCTCTGATTGGTTGTAA,GGT,PRM_0363,NA,NA,FALSE,NA,NA,NA,NA,1,G,S
PRM_0363,AGRFWFSDWL,GCGGGTAGATTCTGGTTCTCTGATTGGTTGTAA,GCG,PRM_0363,NA,NA,FALSE,NA,NA,NA,NA,1,A,S
PRM_0363,AGRFWFSDWL,GCTGGTAGATTCTGGTTCTCTGATTGGTTGTAA,GCT,PRM_0363,NA,NA,FALSE,NA,NA,NA,NA,1,A,S
PRM_0363,QGRFWFSDWL,CAGGGTAGATTCTGGTTCTCTGATTGGTTGTAA,CAG,PRM_0363,NA,NA,FALSE,NA,NA,NA,NA,1,Q,S
PRM_0363,HGRFWFSDWL,CATGGTAGATTCTGGTTCTCTGATTGGTTGTAA,CAT,PRM_0363,NA,NA,FALSE,NA,NA,NA,NA,1,H,S
PRM_0363,MGRFWFSDWL,CTGGGTAGATTCTGGTTCTCTGATTGGTTGTAA,CTG,PRM_0363,NA,NA,FALSE,NA,NA,NA,NA,1,L,S
PRM_0363,LGRFWFSDWL,CTTGGTAGATTCTGGTTCTCTGATTGGTTGTAA,CTT,PRM_0363,NA,NA,FALSE,NA,NA,NA,NA,1,L,S
PRM_0363,RGRFWFSDWL,CGGGGTAGATTCTGGTTCTCTGATTGGTTGTAA,CGG,PRM_0363,NA,NA,FALSE,NA,NA,NA,NA,1,R,S
PRM_0363,RGRFWFSDWL,CGTGGTAGATTCTGGTTCTCTGATTGGTTGTAA,CGT,PRM_0363,NA,NA,FALSE,NA,NA,NA,NA,1,R,S
PRM_0363,PGRFWFSDWL,CCGGGTAGATTCTGGTTCTCTGATTGGTTGTAA,CCG,PRM_0363,NA,NA,FALSE,NA,NA,NA,NA,1,P,S
PRM_0363,PGRFWFSDWL,CCTGGTAGATTCTGGTTCTCTGATTGGTTGTAA,CCT,PRM_0363,NA,NA,FALSE,NA,NA,NA,NA,1,P,S
PRM_0363,SGRFWFSDWK,TCTGGTAGATTCTGGTTCTCTGATTGGAAGTAA,AAG,PRM_0363,NA,NA,FALSE,NA,NA,NA,NA,10,K,L
PRM_0363,SGRFWFSDWN,TCTGGTAGATTCTGGTTCTCTGATTGGAATTAA,AAT,PRM_0363,NA,NA,FALSE,NA,NA,NA,NA,10,N,L
PRM_0363,SGRFWFSDWM,TCTGGTAGATTCTGGTTCTCTGATTGGATGTAA,ATG,PRM_0363,NA,NA,FALSE,NA,NA,NA,NA,10,M,L
PRM_0363,SGRFWFSDWI,TCTGGTAGATTCTGGTTCTCTGATTGGATTTAA,ATT,PRM_0363,NA,NA,FALSE,NA,NA,NA,NA,10,I,L
PRM_0363,SGRFWFSDWR,TCTGGTAGATTCTGGTTCTCTGATTGGAGGTAA,AGG,PRM_0363,NA,NA,FALSE,NA,NA,NA,NA,10,R,L
PRM_0363,SGRFWFSDWS,TCTGGTAGATTCTGGTTCTCTGATTGGAGTTAA,AGT,PRM_0363,NA,NA,FALSE,NA,NA,NA,NA,10,S,L
PRM_0363,SGRFWFSDWT,TCTGGTAGATTCTGGTTCTCTGATTGGACGTAA,ACG,PRM_0363,NA,NA,FALSE,NA,NA,NA,NA,10,T,L
PRM_0363,SGRFWFSDWT,TCTGGTAGATTCTGGTTCTCTGATTGGACTTAA,ACT,PRM_0363,NA,NA,FALSE,NA,NA,NA,NA,10,T,L
PRM_0363,SGRFWFSDW*,TCTGGTAGATTCTGGTTCTCTGATTGGTAGTAA,TAG,PRM_0363,NA,NA,FALSE,NA,NA,NA,NA,10,*,L
PRM_0363,SGRFWFSDWY,TCTGGTAGATTCTGGTTCTCTGATTGGTATTAA,TAT,PRM_0363,NA,NA,FALSE,NA,NA,NA,NA,10,Y,L
PRM_0363,SGRFWFSDWL,TCTGGTAGATTCTGGTTCTCTGATTGGTTGTAA,TTG,PRM_0363,NA,NA,FALSE,NA,NA,NA,NA,10,L,L
PRM_0363,SGRFWFSDWF,TCTGGTAGATTCTGGTTCTCTGATTGGTTTTAA,TTT,PRM_0363,NA,NA,FALSE,NA,NA,NA,NA,10,F,L
PRM_0363,SGRFWFSDWW,TCTGGTAGATTCTGGTTCTCTGATTGGTGGTAA,TGG,PRM_0363,NA,NA,FALSE,NA,NA,NA,NA,10,W,L
PRM_0363,SGRFWFSDWC,TCTGGTAGATTCTGGTTCTCTGATTGGTGTTAA,TGT,PRM_0363,NA,NA,FALSE,NA,NA,NA,NA,10,C,L
PRM_0363,SGRFWFSDWS,TCTGGTAGATTCTGGTTCTCTGATTGGTCGTAA,TCG,PRM_0363,NA,NA,FALSE,NA,NA,NA,NA,10,S,L
PRM_0363,SGRFWFSDWS,TCTGGTAGATTCTGGTTCTCTGATTGGTCTTAA,TCT,PRM_0363,NA,NA,FALSE,NA,NA,NA,NA,10,S,L
PRM_0363,SGRFWFSDWE,TCTGGTAGATTCTGGTTCTCTGATTGGGAGTAA,GAG,PRM_0363,NA,NA,FALSE,NA,NA,NA,NA,10,E,L
PRM_0363,SGRFWFSDWD,TCTGGTAGATTCTGGTTCTCTGATTGGGATTAA,GAT,PRM_0363,NA,NA,FALSE,NA,NA,NA,NA,10,D,L
PRM_0363,SGRFWFSDWV,TCTGGTAGATTCTGGTTCTCTGATTGGGTGTAA,GTG,PRM_0363,NA,NA,FALSE,NA,NA,NA,NA,10,V,L
PRM_0363,SGRFWFSDWV,TCTGGTAGATTCTGGTTCTCTGATTGGGTTTAA,GTT,PRM_0363,NA,NA,FALSE,NA,NA,NA,NA,10,V,L
PRM_0363,SGRFWFSDWG,TCTGGTAGATTCTGGTTCTCTGATTGGGGGTAA,GGG,PRM_0363,NA,NA,FALSE,NA,NA,NA,NA,10,G,L
PRM_0363,SGRFWFSDWG,TCTGGTAGATTCTGGTTCTCTGATTGGGGTTAA,GGT,PRM_0363,NA,NA,FALSE,NA,NA,NA,NA,10,G,L
PRM_0363,SGRFWFSDWA,TCTGGTAGATTCTGGTTCTCTGATTGGGCGTAA,GCG,PRM_0363,NA,NA,FALSE,NA,NA,NA,NA,10,A,L
PRM_0363,SGRFWFSDWA,TCTGGTAGATTCTGGTTCTCTGATTGGGCTTAA,GCT,PRM_0363,NA,NA,FALSE,NA,NA,NA,NA,10,A,L
PRM_0363,SGRFWFSDWQ,TCTGGTAGATTCTGGTTCTCTGATTGGCAGTAA,CAG,PRM_0363,NA,NA,FALSE,NA,NA,NA,NA,10,Q,L
PRM_0363,SGRFWFSDWH,TCTGGTAGATTCTGGTTCTCTGATTGGCATTAA,CAT,PRM_0363,NA,NA,FALSE,NA,NA,NA,NA,10,H,L
PRM_0363,SGRFWFSDWL,TCTGGTAGATTCTGGTTCTCTGATTGGCTGTAA,CTG,PRM_0363,NA,NA,FALSE,NA,NA,NA,NA,10,L,L
PRM_0363,SGRFWFSDWL,TCTGGTAGATTCTGGTTCTCTGATTGGCTTTAA,CTT,PRM_0363,NA,NA,FALSE,NA,NA,NA,NA,10,L,L
PRM_0363,SGRFWFSDWR,TCTGGTAGATTCTGGTTCTCTGATTGGCGGTAA,CGG,PRM_0363,NA,NA,FALSE,NA,NA,NA,NA,10,R,L
PRM_0363,SGRFWFSDWR,TCTGGTAGATTCTGGTTCTCTGATTGGCGTTAA,CGT,PRM_0363,NA,NA,FALSE,NA,NA,NA,NA,10,R,L
PRM_0363,SGRFWFSDWP,TCTGGTAGATTCTGGTTCTCTGATTGGCCGTAA,CCG,PRM_0363,NA,NA,FALSE,NA,NA,NA,NA,10,P,L
PRM_0363,SGRFWFSDWP,TCTGGTAGATTCTGGTTCTCTGATTGGCCTTAA,CCT,PRM_0363,NA,NA,FALSE,NA,NA,NA,NA,10,P,L
PRM_0363,SKRFWFSDWL,TCTAAGAGATTCTGGTTCTCTGATTGGTTGTAA,AAG,PRM_0363,NA,NA,FALSE,NA,NA,NA,NA,2,K,G
PRM_0363,SNRFWFSDWL,TCTAATAGATTCTGGTTCTCTGATTGGTTGTAA,AAT,PRM_0363,NA,NA,FALSE,NA,NA,NA,NA,2,N,G
PRM_0363,SMRFWFSDWL,TCTATGAGATTCTGGTTCTCTGATTGGTTGTAA,ATG,PRM_0363,NA,NA,FALSE,NA,NA,NA,NA,2,M,G
PRM_0363,SIRFWFSDWL,TCTATTAGATTCTGGTTCTCTGATTGGTTGTAA,ATT,PRM_0363,NA,NA,FALSE,NA,NA,NA,NA,2,I,G
PRM_0363,SRRFWFSDWL,TCTAGGAGATTCTGGTTCTCTGATTGGTTGTAA,AGG,PRM_0363,NA,NA,FALSE,NA,NA,NA,NA,2,R,G
PRM_0363,SSRFWFSDWL,TCTAGTAGATTCTGGTTCTCTGATTGGTTGTAA,AGT,PRM_0363,NA,NA,FALSE,NA,NA,NA,NA,2,S,G
PRM_0363,STRFWFSDWL,TCTACGAGATTCTGGTTCTCTGATTGGTTGTAA,ACG,PRM_0363,NA,NA,FALSE,NA,NA,NA,NA,2,T,G
PRM_0363,STRFWFSDWL,TCTACTAGATTCTGGTTCTCTGATTGGTTGTAA,ACT,PRM_0363,NA,NA,FALSE,NA,NA,NA,NA,2,T,G
PRM_0363,S*RFWFSDWL,TCTTAGAGATTCTGGTTCTCTGATTGGTTGTAA,TAG,PRM_0363,NA,NA,FALSE,NA,NA,NA,NA,2,*,G
PRM_0363,SYRFWFSDWL,TCTTATAGATTCTGGTTCTCTGATTGGTTGTAA,TAT,PRM_0363,NA,NA,FALSE,NA,NA,NA,NA,2,Y,G
PRM_0363,SLRFWFSDWL,TCTTTGAGATTCTGGTTCTCTGATTGGTTGTAA,TTG,PRM_0363,NA,NA,FALSE,NA,NA,NA,NA,2,L,G
PRM_0363,SFRFWFSDWL,TCTTTTAGATTCTGGTTCTCTGATTGGTTGTAA,TTT,PRM_0363,NA,NA,FALSE,NA,NA,NA,NA,2,F,G
PRM_0363,SWRFWFSDWL,TCTTGGAGATTCTGGTTCTCTGATTGGTTGTAA,TGG,PRM_0363,NA,NA,FALSE,NA,NA,NA,NA,2,W,G
PRM_0363,SCRFWFSDWL,TCTTGTAGATTCTGGTTCTCTGATTGGTTGTAA,TGT,PRM_0363,NA,NA,FALSE,NA,NA,NA,NA,2,C,G
PRM_0363,SSRFWFSDWL,TCTTCGAGATTCTGGTTCTCTGATTGGTTGTAA,TCG,PRM_0363,NA,NA,FALSE,NA,NA,NA,NA,2,S,G
PRM_0363,SSRFWFSDWL,TCTTCTAGATTCTGGTTCTCTGATTGGTTGTAA,TCT,PRM_0363,NA,NA,FALSE,NA,NA,NA,NA,2,S,G
PRM_0363,SERFWFSDWL,TCTGAGAGATTCTGGTTCTCTGATTGGTTGTAA,GAG,PRM_0363,NA,NA,FALSE,NA,NA,NA,NA,2,E,G
PRM_0363,SDRFWFSDWL,TCTGATAGATTCTGGTTCTCTGATTGGTTGTAA,GAT,PRM_0363,NA,NA,FALSE,NA,NA,NA,NA,2,D,G
PRM_0363,SVRFWFSDWL,TCTGTGAGATTCTGGTTCTCTGATTGGTTGTAA,GTG,PRM_0363,NA,NA,FALSE,NA,NA,NA,NA,2,V,G
PRM_0363,SVRFWFSDWL,TCTGTTAGATTCTGGTTCTCTGATTGGTTGTAA,GTT,PRM_0363,NA,NA,FALSE,NA,NA,NA,NA,2,V,G
PRM_0363,SGRFWFSDWL,TCTGGGAGATTCTGGTTCTCTGATTGGTTGTAA,GGG,PRM_0363,NA,NA,FALSE,NA,NA,NA,NA,2,G,G
PRM_0363,SGRFWFSDWL,TCTGGTAGATTCTGGTTCTCTGATTGGTTGTAA,GGT,PRM_0363,NA,NA,FALSE,NA,NA,NA,NA,2,G,G
PRM_0363,SARFWFSDWL,TCTGCGAGATTCTGGTTCTCTGATTGGTTGTAA,GCG,PRM_0363,NA,NA,FALSE,NA,NA,NA,NA,2,A,G
PRM_0363,SARFWFSDWL,TCTGCTAGATTCTGGTTCTCTGATTGGTTGTAA,GCT,PRM_0363,NA,NA,FALSE,NA,NA,NA,NA,2,A,G
PRM_0363,SQRFWFSDWL,TCTCAGAGATTCTGGTTCTCTGATTGGTTGTAA,CAG,PRM_0363,NA,NA,FALSE,NA,NA,NA,NA,2,Q,G
PRM_0363,SHRFWFSDWL,TCTCATAGATTCTGGTTCTCTGATTGGTTGTAA,CAT,PRM_0363,NA,NA,FALSE,NA,NA,NA,NA,2,H,G
PRM_0363,SLRFWFSDWL,TCTCTGAGATTCTGGTTCTCTGATTGGTTGTAA,CTG,PRM_0363,NA,NA,FALSE,NA,NA,NA,NA,2,L,G
PRM_0363,SLRFWFSDWL,TCTCTTAGATTCTGGTTCTCTGATTGGTTGTAA,CTT,PRM_0363,NA,NA,FALSE,NA,NA,NA,NA,2,L,G
PRM_0363,SRRFWFSDWL,TCTCGGAGATTCTGGTTCTCTGATTGGTTGTAA,CGG,PRM_0363,NA,NA,FALSE,NA,NA,NA,NA,2,R,G
PRM_0363,SRRFWFSDWL,TCTCGTAGATTCTGGTTCTCTGATTGGTTGTAA,CGT,PRM_0363,NA,NA,FALSE,NA,NA,NA,NA,2,R,G
PRM_0363,SPRFWFSDWL,TCTCCGAGATTCTGGTTCTCTGATTGGTTGTAA,CCG,PRM_0363,NA,NA,FALSE,NA,NA,NA,NA,2,P,G
PRM_0363,SPRFWFSDWL,TCTCCTAGATTCTGGTTCTCTGATTGGTTGTAA,CCT,PRM_0363,NA,NA,FALSE,NA,NA,NA,NA,2,P,G
PRM_0363,SGKFWFSDWL,TCTGGTAAGTTCTGGTTCTCTGATTGGTTGTAA,AAG,PRM_0363,NA,NA,FALSE,NA,NA,NA,NA,3,K,R
PRM_0363,SGNFWFSDWL,TCTGGTAATTTCTGGTTCTCTGATTGGTTGTAA,AAT,PRM_0363,NA,NA,FALSE,NA,NA,NA,NA,3,N,R
PRM_0363,SGMFWFSDWL,TCTGGTATGTTCTGGTTCTCTGATTGGTTGTAA,ATG,PRM_0363,NA,NA,FALSE,NA,NA,NA,NA,3,M,R
PRM_0363,SGIFWFSDWL,TCTGGTATTTTCTGGTTCTCTGATTGGTTGTAA,ATT,PRM_0363,NA,NA,FALSE,NA,NA,NA,NA,3,I,R
PRM_0363,SGRFWFSDWL,TCTGGTAGGTTCTGGTTCTCTGATTGGTTGTAA,AGG,PRM_0363,NA,NA,FALSE,NA,NA,NA,NA,3,R,R
PRM_0363,SGSFWFSDWL,TCTGGTAGTTTCTGGTTCTCTGATTGGTTGTAA,AGT,PRM_0363,NA,NA,FALSE,NA,NA,NA,NA,3,S,R
PRM_0363,SGTFWFSDWL,TCTGGTACGTTCTGGTTCTCTGATTGGTTGTAA,ACG,PRM_0363,NA,NA,FALSE,NA,NA,NA,NA,3,T,R
PRM_0363,SGTFWFSDWL,TCTGGTACTTTCTGGTTCTCTGATTGGTTGTAA,ACT,PRM_0363,NA,NA,FALSE,NA,NA,NA,NA,3,T,R
PRM_0363,SG*FWFSDWL,TCTGGTTAGTTCTGGTTCTCTGATTGGTTGTAA,TAG,PRM_0363,NA,NA,FALSE,NA,NA,NA,NA,3,*,R
PRM_0363,SGYFWFSDWL,TCTGGTTATTTCTGGTTCTCTGATTGGTTGTAA,TAT,PRM_0363,NA,NA,FALSE,NA,NA,NA,NA,3,Y,R
PRM_0363,SGLFWFSDWL,TCTGGTTTGTTCTGGTTCTCTGATTGGTTGTAA,TTG,PRM_0363,NA,NA,FALSE,NA,NA,NA,NA,3,L,R
PRM_0363,SGFFWFSDWL,TCTGGTTTTTTCTGGTTCTCTGATTGGTTGTAA,TTT,PRM_0363,NA,NA,FALSE,NA,NA,NA,NA,3,F,R
PRM_0363,SGWFWFSDWL,TCTGGTTGGTTCTGGTTCTCTGATTGGTTGTAA,TGG,PRM_0363,NA,NA,FALSE,NA,NA,NA,NA,3,W,R
PRM_0363,SGCFWFSDWL,TCTGGTTGTTTCTGGTTCTCTGATTGGTTGTAA,TGT,PRM_0363,NA,NA,FALSE,NA,NA,NA,NA,3,C,R
PRM_0363,SGSFWFSDWL,TCTGGTTCGTTCTGGTTCTCTGATTGGTTGTAA,TCG,PRM_0363,NA,NA,FALSE,NA,NA,NA,NA,3,S,R
PRM_0363,SGSFWFSDWL,TCTGGTTCTTTCTGGTTCTCTGATTGGTTGTAA,TCT,PRM_0363,NA,NA,FALSE,NA,NA,NA,NA,3,S,R
PRM_0363,SGEFWFSDWL,TCTGGTGAGTTCTGGTTCTCTGATTGGTTGTAA,GAG,PRM_0363,NA,NA,FALSE,NA,NA,NA,NA,3,E,R
PRM_0363,SGDFWFSDWL,TCTGGTGATTTCTGGTTCTCTGATTGGTTGTAA,GAT,PRM_0363,NA,NA,FALSE,NA,NA,NA,NA,3,D,R
PRM_0363,SGVFWFSDWL,TCTGGTGTGTTCTGGTTCTCTGATTGGTTGTAA,GTG,PRM_0363,NA,NA,FALSE,NA,NA,NA,NA,3,V,R
PRM_0363,SGVFWFSDWL,TCTGGTGTTTTCTGGTTCTCTGATTGGTTGTAA,GTT,PRM_0363,NA,NA,FALSE,NA,NA,NA,NA,3,V,R
PRM_0363,SGGFWFSDWL,TCTGGTGGGTTCTGGTTCTCTGATTGGTTGTAA,GGG,PRM_0363,NA,NA,FALSE,NA,NA,NA,NA,3,G,R
PRM_0363,SGGFWFSDWL,TCTGGTGGTTTCTGGTTCTCTGATTGGTTGTAA,GGT,PRM_0363,NA,NA,FALSE,NA,NA,NA,NA,3,G,R
PRM_0363,SGAFWFSDWL,TCTGGTGCGTTCTGGTTCTCTGATTGGTTGTAA,GCG,PRM_0363,NA,NA,FALSE,NA,NA,NA,NA,3,A,R
PRM_0363,SGAFWFSDWL,TCTGGTGCTTTCTGGTTCTCTGATTGGTTGTAA,GCT,PRM_0363,NA,NA,FALSE,NA,NA,NA,NA,3,A,R
PRM_0363,SGQFWFSDWL,TCTGGTCAGTTCTGGTTCTCTGATTGGTTGTAA,CAG,PRM_0363,NA,NA,FALSE,NA,NA,NA,NA,3,Q,R
PRM_0363,SGHFWFSDWL,TCTGGTCATTTCTGGTTCTCTGATTGGTTGTAA,CAT,PRM_0363,NA,NA,FALSE,NA,NA,NA,NA,3,H,R
PRM_0363,SGLFWFSDWL,TCTGGTCTGTTCTGGTTCTCTGATTGGTTGTAA,CTG,PRM_0363,NA,NA,FALSE,NA,NA,NA,NA,3,L,R
PRM_0363,SGLFWFSDWL,TCTGGTCTTTTCTGGTTCTCTGATTGGTTGTAA,CTT,PRM_0363,NA,NA,FALSE,NA,NA,NA,NA,3,L,R
PRM_0363,SGRFWFSDWL,TCTGGTCGGTTCTGGTTCTCTGATTGGTTGTAA,CGG,PRM_0363,NA,NA,FALSE,NA,NA,NA,NA,3,R,R
PRM_0363,SGRFWFSDWL,TCTGGTCGTTTCTGGTTCTCTGATTGGTTGTAA,CGT,PRM_0363,NA,NA,FALSE,NA,NA,NA,NA,3,R,R
PRM_0363,SGPFWFSDWL,TCTGGTCCGTTCTGGTTCTCTGATTGGTTGTAA,CCG,PRM_0363,NA,NA,FALSE,NA,NA,NA,NA,3,P,R
PRM_0363,SGPFWFSDWL,TCTGGTCCTTTCTGGTTCTCTGATTGGTTGTAA,CCT,PRM_0363,NA,NA,FALSE,NA,NA,NA,NA,3,P,R
PRM_0363,SGRKWFSDWL,TCTGGTAGAAAGTGGTTCTCTGATTGGTTGTAA,AAG,PRM_0363,NA,NA,FALSE,NA,NA,NA,NA,4,K,F
PRM_0363,SGRNWFSDWL,TCTGGTAGAAATTGGTTCTCTGATTGGTTGTAA,AAT,PRM_0363,NA,NA,FALSE,NA,NA,NA,NA,4,N,F
PRM_0363,SGRMWFSDWL,TCTGGTAGAATGTGGTTCTCTGATTGGTTGTAA,ATG,PRM_0363,NA,NA,FALSE,NA,NA,NA,NA,4,M,F
PRM_0363,SGRIWFSDWL,TCTGGTAGAATTTGGTTCTCTGATTGGTTGTAA,ATT,PRM_0363,NA,NA,FALSE,NA,NA,NA,NA,4,I,F
PRM_0363,SGRRWFSDWL,TCTGGTAGAAGGTGGTTCTCTGATTGGTTGTAA,AGG,PRM_0363,NA,NA,FALSE,NA,NA,NA,NA,4,R,F
PRM_0363,SGRSWFSDWL,TCTGGTAGAAGTTGGTTCTCTGATTGGTTGTAA,AGT,PRM_0363,NA,NA,FALSE,NA,NA,NA,NA,4,S,F
PRM_0363,SGRTWFSDWL,TCTGGTAGAACGTGGTTCTCTGATTGGTTGTAA,ACG,PRM_0363,NA,NA,FALSE,NA,NA,NA,NA,4,T,F
PRM_0363,SGRTWFSDWL,TCTGGTAGAACTTGGTTCTCTGATTGGTTGTAA,ACT,PRM_0363,NA,NA,FALSE,NA,NA,NA,NA,4,T,F
PRM_0363,SGR*WFSDWL,TCTGGTAGATAGTGGTTCTCTGATTGGTTGTAA,TAG,PRM_0363,NA,NA,FALSE,NA,NA,NA,NA,4,*,F
PRM_0363,SGRYWFSDWL,TCTGGTAGATATTGGTTCTCTGATTGGTTGTAA,TAT,PRM_0363,NA,NA,FALSE,NA,NA,NA,NA,4,Y,F
PRM_0363,SGRLWFSDWL,TCTGGTAGATTGTGGTTCTCTGATTGGTTGTAA,TTG,PRM_0363,NA,NA,FALSE,NA,NA,NA,NA,4,L,F
PRM_0363,SGRFWFSDWL,TCTGGTAGATTTTGGTTCTCTGATTGGTTGTAA,TTT,PRM_0363,NA,NA,FALSE,NA,NA,NA,NA,4,F,F
PRM_0363,SGRWWFSDWL,TCTGGTAGATGGTGGTTCTCTGATTGGTTGTAA,TGG,PRM_0363,NA,NA,FALSE,NA,NA,NA,NA,4,W,F
PRM_0363,SGRCWFSDWL,TCTGGTAGATGTTGGTTCTCTGATTGGTTGTAA,TGT,PRM_0363,NA,NA,FALSE,NA,NA,NA,NA,4,C,F
PRM_0363,SGRSWFSDWL,TCTGGTAGATCGTGGTTCTCTGATTGGTTGTAA,TCG,PRM_0363,NA,NA,FALSE,NA,NA,NA,NA,4,S,F
PRM_0363,SGRSWFSDWL,TCTGGTAGATCTTGGTTCTCTGATTGGTTGTAA,TCT,PRM_0363,NA,NA,FALSE,NA,NA,NA,NA,4,S,F
PRM_0363,SGREWFSDWL,TCTGGTAGAGAGTGGTTCTCTGATTGGTTGTAA,GAG,PRM_0363,NA,NA,FALSE,NA,NA,NA,NA,4,E,F
PRM_0363,SGRDWFSDWL,TCTGGTAGAGATTGGTTCTCTGATTGGTTGTAA,GAT,PRM_0363,NA,NA,FALSE,NA,NA,NA,NA,4,D,F
PRM_0363,SGRVWFSDWL,TCTGGTAGAGTGTGGTTCTCTGATTGGTTGTAA,GTG,PRM_0363,NA,NA,FALSE,NA,NA,NA,NA,4,V,F
PRM_0363,SGRVWFSDWL,TCTGGTAGAGTTTGGTTCTCTGATTGGTTGTAA,GTT,PRM_0363,NA,NA,FALSE,NA,NA,NA,NA,4,V,F
PRM_0363,SGRGWFSDWL,TCTGGTAGAGGGTGGTTCTCTGATTGGTTGTAA,GGG,PRM_0363,NA,NA,FALSE,NA,NA,NA,NA,4,G,F
PRM_0363,SGRGWFSDWL,TCTGGTAGAGGTTGGTTCTCTGATTGGTTGTAA,GGT,PRM_0363,NA,NA,FALSE,NA,NA,NA,NA,4,G,F
PRM_0363,SGRAWFSDWL,TCTGGTAGAGCGTGGTTCTCTGATTGGTTGTAA,GCG,PRM_0363,NA,NA,FALSE,NA,NA,NA,NA,4,A,F
PRM_0363,SGRAWFSDWL,TCTGGTAGAGCTTGGTTCTCTGATTGGTTGTAA,GCT,PRM_0363,NA,NA,FALSE,NA,NA,NA,NA,4,A,F
PRM_0363,SGRQWFSDWL,TCTGGTAGACAGTGGTTCTCTGATTGGTTGTAA,CAG,PRM_0363,NA,NA,FALSE,NA,NA,NA,NA,4,Q,F
PRM_0363,SGRHWFSDWL,TCTGGTAGACATTGGTTCTCTGATTGGTTGTAA,CAT,PRM_0363,NA,NA,FALSE,NA,NA,NA,NA,4,H,F
PRM_0363,SGRLWFSDWL,TCTGGTAGACTGTGGTTCTCTGATTGGTTGTAA,CTG,PRM_0363,NA,NA,FALSE,NA,NA,NA,NA,4,L,F
PRM_0363,SGRLWFSDWL,TCTGGTAGACTTTGGTTCTCTGATTGGTTGTAA,CTT,PRM_0363,NA,NA,FALSE,NA,NA,NA,NA,4,L,F
PRM_0363,SGRRWFSDWL,TCTGGTAGACGGTGGTTCTCTGATTGGTTGTAA,CGG,PRM_0363,NA,NA,FALSE,NA,NA,NA,NA,4,R,F
PRM_0363,SGRRWFSDWL,TCTGGTAGACGTTGGTTCTCTGATTGGTTGTAA,CGT,PRM_0363,NA,NA,FALSE,NA,NA,NA,NA,4,R,F
PRM_0363,SGRPWFSDWL,TCTGGTAGACCGTGGTTCTCTGATTGGTTGTAA,CCG,PRM_0363,NA,NA,FALSE,NA,NA,NA,NA,4,P,F
PRM_0363,SGRPWFSDWL,TCTGGTAGACCTTGGTTCTCTGATTGGTTGTAA,CCT,PRM_0363,NA,NA,FALSE,NA,NA,NA,NA,4,P,F
PRM_0363,SGRFKFSDWL,TCTGGTAGATTCAAGTTCTCTGATTGGTTGTAA,AAG,PRM_0363,NA,NA,FALSE,NA,NA,NA,NA,5,K,W
PRM_0363,SGRFNFSDWL,TCTGGTAGATTCAATTTCTCTGATTGGTTGTAA,AAT,PRM_0363,NA,NA,FALSE,NA,NA,NA,NA,5,N,W
PRM_0363,SGRFMFSDWL,TCTGGTAGATTCATGTTCTCTGATTGGTTGTAA,ATG,PRM_0363,NA,NA,FALSE,NA,NA,NA,NA,5,M,W
PRM_0363,SGRFIFSDWL,TCTGGTAGATTCATTTTCTCTGATTGGTTGTAA,ATT,PRM_0363,NA,NA,FALSE,NA,NA,NA,NA,5,I,W
PRM_0363,SGRFRFSDWL,TCTGGTAGATTCAGGTTCTCTGATTGGTTGTAA,AGG,PRM_0363,NA,NA,FALSE,NA,NA,NA,NA,5,R,W
PRM_0363,SGRFSFSDWL,TCTGGTAGATTCAGTTTCTCTGATTGGTTGTAA,AGT,PRM_0363,NA,NA,FALSE,NA,NA,NA,NA,5,S,W
PRM_0363,SGRFTFSDWL,TCTGGTAGATTCACGTTCTCTGATTGGTTGTAA,ACG,PRM_0363,NA,NA,FALSE,NA,NA,NA,NA,5,T,W
PRM_0363,SGRFTFSDWL,TCTGGTAGATTCACTTTCTCTGATTGGTTGTAA,ACT,PRM_0363,NA,NA,FALSE,NA,NA,NA,NA,5,T,W
PRM_0363,SGRF*FSDWL,TCTGGTAGATTCTAGTTCTCTGATTGGTTGTAA,TAG,PRM_0363,NA,NA,FALSE,NA,NA,NA,NA,5,*,W
PRM_0363,SGRFYFSDWL,TCTGGTAGATTCTATTTCTCTGATTGGTTGTAA,TAT,PRM_0363,NA,NA,FALSE,NA,NA,NA,NA,5,Y,W
PRM_0363,SGRFLFSDWL,TCTGGTAGATTCTTGTTCTCTGATTGGTTGTAA,TTG,PRM_0363,NA,NA,FALSE,NA,NA,NA,NA,5,L,W
PRM_0363,SGRFFFSDWL,TCTGGTAGATTCTTTTTCTCTGATTGGTTGTAA,TTT,PRM_0363,NA,NA,FALSE,NA,NA,NA,NA,5,F,W
PRM_0363,SGRFWFSDWL,TCTGGTAGATTCTGGTTCTCTGATTGGTTGTAA,TGG,PRM_0363,NA,NA,FALSE,NA,NA,NA,NA,5,W,W
PRM_0363,SGRFCFSDWL,TCTGGTAGATTCTGTTTCTCTGATTGGTTGTAA,TGT,PRM_0363,NA,NA,FALSE,NA,NA,NA,NA,5,C,W
PRM_0363,SGRFSFSDWL,TCTGGTAGATTCTCGTTCTCTGATTGGTTGTAA,TCG,PRM_0363,NA,NA,FALSE,NA,NA,NA,NA,5,S,W
PRM_0363,SGRFSFSDWL,TCTGGTAGATTCTCTTTCTCTGATTGGTTGTAA,TCT,PRM_0363,NA,NA,FALSE,NA,NA,NA,NA,5,S,W
PRM_0363,SGRFEFSDWL,TCTGGTAGATTCGAGTTCTCTGATTGGTTGTAA,GAG,PRM_0363,NA,NA,FALSE,NA,NA,NA,NA,5,E,W
PRM_0363,SGRFDFSDWL,TCTGGTAGATTCGATTTCTCTGATTGGTTGTAA,GAT,PRM_0363,NA,NA,FALSE,NA,NA,NA,NA,5,D,W
PRM_0363,SGRFVFSDWL,TCTGGTAGATTCGTGTTCTCTGATTGGTTGTAA,GTG,PRM_0363,NA,NA,FALSE,NA,NA,NA,NA,5,V,W
PRM_0363,SGRFVFSDWL,TCTGGTAGATTCGTTTTCTCTGATTGGTTGTAA,GTT,PRM_0363,NA,NA,FALSE,NA,NA,NA,NA,5,V,W
PRM_0363,SGRFGFSDWL,TCTGGTAGATTCGGGTTCTCTGATTGGTTGTAA,GGG,PRM_0363,NA,NA,FALSE,NA,NA,NA,NA,5,G,W
PRM_0363,SGRFGFSDWL,TCTGGTAGATTCGGTTTCTCTGATTGGTTGTAA,GGT,PRM_0363,NA,NA,FALSE,NA,NA,NA,NA,5,G,W
PRM_0363,SGRFAFSDWL,TCTGGTAGATTCGCGTTCTCTGATTGGTTGTAA,GCG,PRM_0363,NA,NA,FALSE,NA,NA,NA,NA,5,A,W
PRM_0363,SGRFAFSDWL,TCTGGTAGATTCGCTTTCTCTGATTGGTTGTAA,GCT,PRM_0363,NA,NA,FALSE,NA,NA,NA,NA,5,A,W
PRM_0363,SGRFQFSDWL,TCTGGTAGATTCCAGTTCTCTGATTGGTTGTAA,CAG,PRM_0363,NA,NA,FALSE,NA,NA,NA,NA,5,Q,W
PRM_0363,SGRFHFSDWL,TCTGGTAGATTCCATTTCTCTGATTGGTTGTAA,CAT,PRM_0363,NA,NA,FALSE,NA,NA,NA,NA,5,H,W
PRM_0363,SGRFLFSDWL,TCTGGTAGATTCCTGTTCTCTGATTGGTTGTAA,CTG,PRM_0363,NA,NA,FALSE,NA,NA,NA,NA,5,L,W
PRM_0363,SGRFLFSDWL,TCTGGTAGATTCCTTTTCTCTGATTGGTTGTAA,CTT,PRM_0363,NA,NA,FALSE,NA,NA,NA,NA,5,L,W
PRM_0363,SGRFRFSDWL,TCTGGTAGATTCCGGTTCTCTGATTGGTTGTAA,CGG,PRM_0363,NA,NA,FALSE,NA,NA,NA,NA,5,R,W
PRM_0363,SGRFRFSDWL,TCTGGTAGATTCCGTTTCTCTGATTGGTTGTAA,CGT,PRM_0363,NA,NA,FALSE,NA,NA,NA,NA,5,R,W
PRM_0363,SGRFPFSDWL,TCTGGTAGATTCCCGTTCTCTGATTGGTTGTAA,CCG,PRM_0363,NA,NA,FALSE,NA,NA,NA,NA,5,P,W
PRM_0363,SGRFPFSDWL,TCTGGTAGATTCCCTTTCTCTGATTGGTTGTAA,CCT,PRM_0363,NA,NA,FALSE,NA,NA,NA,NA,5,P,W
PRM_0363,SGRFWKSDWL,TCTGGTAGATTCTGGAAGTCTGATTGGTTGTAA,AAG,PRM_0363,NA,NA,FALSE,NA,NA,NA,NA,6,K,F
PRM_0363,SGRFWNSDWL,TCTGGTAGATTCTGGAATTCTGATTGGTTGTAA,AAT,PRM_0363,NA,NA,FALSE,NA,NA,NA,NA,6,N,F
PRM_0363,SGRFWMSDWL,TCTGGTAGATTCTGGATGTCTGATTGGTTGTAA,ATG,PRM_0363,NA,NA,FALSE,NA,NA,NA,NA,6,M,F
PRM_0363,SGRFWISDWL,TCTGGTAGATTCTGGATTTCTGATTGGTTGTAA,ATT,PRM_0363,NA,NA,FALSE,NA,NA,NA,NA,6,I,F
PRM_0363,SGRFWRSDWL,TCTGGTAGATTCTGGAGGTCTGATTGGTTGTAA,AGG,PRM_0363,NA,NA,FALSE,NA,NA,NA,NA,6,R,F
PRM_0363,SGRFWSSDWL,TCTGGTAGATTCTGGAGTTCTGATTGGTTGTAA,AGT,PRM_0363,NA,NA,FALSE,NA,NA,NA,NA,6,S,F
PRM_0363,SGRFWTSDWL,TCTGGTAGATTCTGGACGTCTGATTGGTTGTAA,ACG,PRM_0363,NA,NA,FALSE,NA,NA,NA,NA,6,T,F
PRM_0363,SGRFWTSDWL,TCTGGTAGATTCTGGACTTCTGATTGGTTGTAA,ACT,PRM_0363,NA,NA,FALSE,NA,NA,NA,NA,6,T,F
PRM_0363,SGRFW*SDWL,TCTGGTAGATTCTGGTAGTCTGATTGGTTGTAA,TAG,PRM_0363,NA,NA,FALSE,NA,NA,NA,NA,6,*,F
PRM_0363,SGRFWYSDWL,TCTGGTAGATTCTGGTATTCTGATTGGTTGTAA,TAT,PRM_0363,NA,NA,FALSE,NA,NA,NA,NA,6,Y,F
PRM_0363,SGRFWLSDWL,TCTGGTAGATTCTGGTTGTCTGATTGGTTGTAA,TTG,PRM_0363,NA,NA,FALSE,NA,NA,NA,NA,6,L,F
PRM_0363,SGRFWFSDWL,TCTGGTAGATTCTGGTTTTCTGATTGGTTGTAA,TTT,PRM_0363,NA,NA,FALSE,NA,NA,NA,NA,6,F,F
PRM_0363,SGRFWWSDWL,TCTGGTAGATTCTGGTGGTCTGATTGGTTGTAA,TGG,PRM_0363,NA,NA,FALSE,NA,NA,NA,NA,6,W,F
PRM_0363,SGRFWCSDWL,TCTGGTAGATTCTGGTGTTCTGATTGGTTGTAA,TGT,PRM_0363,NA,NA,FALSE,NA,NA,NA,NA,6,C,F
PRM_0363,SGRFWSSDWL,TCTGGTAGATTCTGGTCGTCTGATTGGTTGTAA,TCG,PRM_0363,NA,NA,FALSE,NA,NA,NA,NA,6,S,F
PRM_0363,SGRFWSSDWL,TCTGGTAGATTCTGGTCTTCTGATTGGTTGTAA,TCT,PRM_0363,NA,NA,FALSE,NA,NA,NA,NA,6,S,F
PRM_0363,SGRFWESDWL,TCTGGTAGATTCTGGGAGTCTGATTGGTTGTAA,GAG,PRM_0363,NA,NA,FALSE,NA,NA,NA,NA,6,E,F
PRM_0363,SGRFWDSDWL,TCTGGTAGATTCTGGGATTCTGATTGGTTGTAA,GAT,PRM_0363,NA,NA,FALSE,NA,NA,NA,NA,6,D,F
PRM_0363,SGRFWVSDWL,TCTGGTAGATTCTGGGTGTCTGATTGGTTGTAA,GTG,PRM_0363,NA,NA,FALSE,NA,NA,NA,NA,6,V,F
PRM_0363,SGRFWVSDWL,TCTGGTAGATTCTGGGTTTCTGATTGGTTGTAA,GTT,PRM_0363,NA,NA,FALSE,NA,NA,NA,NA,6,V,F
PRM_0363,SGRFWGSDWL,TCTGGTAGATTCTGGGGGTCTGATTGGTTGTAA,GGG,PRM_0363,NA,NA,FALSE,NA,NA,NA,NA,6,G,F
PRM_0363,SGRFWGSDWL,TCTGGTAGATTCTGGGGTTCTGATTGGTTGTAA,GGT,PRM_0363,NA,NA,FALSE,NA,NA,NA,NA,6,G,F
PRM_0363,SGRFWASDWL,TCTGGTAGATTCTGGGCGTCTGATTGGTTGTAA,GCG,PRM_0363,NA,NA,FALSE,NA,NA,NA,NA,6,A,F
PRM_0363,SGRFWASDWL,TCTGGTAGATTCTGGGCTTCTGATTGGTTGTAA,GCT,PRM_0363,NA,NA,FALSE,NA,NA,NA,NA,6,A,F
PRM_0363,SGRFWQSDWL,TCTGGTAGATTCTGGCAGTCTGATTGGTTGTAA,CAG,PRM_0363,NA,NA,FALSE,NA,NA,NA,NA,6,Q,F
PRM_0363,SGRFWHSDWL,TCTGGTAGATTCTGGCATTCTGATTGGTTGTAA,CAT,PRM_0363,NA,NA,FALSE,NA,NA,NA,NA,6,H,F
PRM_0363,SGRFWLSDWL,TCTGGTAGATTCTGGCTGTCTGATTGGTTGTAA,CTG,PRM_0363,NA,NA,FALSE,NA,NA,NA,NA,6,L,F
PRM_0363,SGRFWLSDWL,TCTGGTAGATTCTGGCTTTCTGATTGGTTGTAA,CTT,PRM_0363,NA,NA,FALSE,NA,NA,NA,NA,6,L,F
PRM_0363,SGRFWRSDWL,TCTGGTAGATTCTGGCGGTCTGATTGGTTGTAA,CGG,PRM_0363,NA,NA,FALSE,NA,NA,NA,NA,6,R,F
PRM_0363,SGRFWRSDWL,TCTGGTAGATTCTGGCGTTCTGATTGGTTGTAA,CGT,PRM_0363,NA,NA,FALSE,NA,NA,NA,NA,6,R,F
PRM_0363,SGRFWPSDWL,TCTGGTAGATTCTGGCCGTCTGATTGGTTGTAA,CCG,PRM_0363,NA,NA,FALSE,NA,NA,NA,NA,6,P,F
PRM_0363,SGRFWPSDWL,TCTGGTAGATTCTGGCCTTCTGATTGGTTGTAA,CCT,PRM_0363,NA,NA,FALSE,NA,NA,NA,NA,6,P,F
PRM_0363,SGRFWFKDWL,TCTGGTAGATTCTGGTTCAAGGATTGGTTGTAA,AAG,PRM_0363,NA,NA,FALSE,NA,NA,NA,NA,7,K,S
PRM_0363,SGRFWFNDWL,TCTGGTAGATTCTGGTTCAATGATTGGTTGTAA,AAT,PRM_0363,NA,NA,FALSE,NA,NA,NA,NA,7,N,S
PRM_0363,SGRFWFMDWL,TCTGGTAGATTCTGGTTCATGGATTGGTTGTAA,ATG,PRM_0363,NA,NA,FALSE,NA,NA,NA,NA,7,M,S
PRM_0363,SGRFWFIDWL,TCTGGTAGATTCTGGTTCATTGATTGGTTGTAA,ATT,PRM_0363,NA,NA,FALSE,NA,NA,NA,NA,7,I,S
PRM_0363,SGRFWFRDWL,TCTGGTAGATTCTGGTTCAGGGATTGGTTGTAA,AGG,PRM_0363,NA,NA,FALSE,NA,NA,NA,NA,7,R,S
PRM_0363,SGRFWFSDWL,TCTGGTAGATTCTGGTTCAGTGATTGGTTGTAA,AGT,PRM_0363,NA,NA,FALSE,NA,NA,NA,NA,7,S,S
PRM_0363,SGRFWFTDWL,TCTGGTAGATTCTGGTTCACGGATTGGTTGTAA,ACG,PRM_0363,NA,NA,FALSE,NA,NA,NA,NA,7,T,S
PRM_0363,SGRFWFTDWL,TCTGGTAGATTCTGGTTCACTGATTGGTTGTAA,ACT,PRM_0363,NA,NA,FALSE,NA,NA,NA,NA,7,T,S
PRM_0363,SGRFWF*DWL,TCTGGTAGATTCTGGTTCTAGGATTGGTTGTAA,TAG,PRM_0363,NA,NA,FALSE,NA,NA,NA,NA,7,*,S
PRM_0363,SGRFWFYDWL,TCTGGTAGATTCTGGTTCTATGATTGGTTGTAA,TAT,PRM_0363,NA,NA,FALSE,NA,NA,NA,NA,7,Y,S
PRM_0363,SGRFWFLDWL,TCTGGTAGATTCTGGTTCTTGGATTGGTTGTAA,TTG,PRM_0363,NA,NA,FALSE,NA,NA,NA,NA,7,L,S
PRM_0363,SGRFWFFDWL,TCTGGTAGATTCTGGTTCTTTGATTGGTTGTAA,TTT,PRM_0363,NA,NA,FALSE,NA,NA,NA,NA,7,F,S
PRM_0363,SGRFWFWDWL,TCTGGTAGATTCTGGTTCTGGGATTGGTTGTAA,TGG,PRM_0363,NA,NA,FALSE,NA,NA,NA,NA,7,W,S
PRM_0363,SGRFWFCDWL,TCTGGTAGATTCTGGTTCTGTGATTGGTTGTAA,TGT,PRM_0363,NA,NA,FALSE,NA,NA,NA,NA,7,C,S
PRM_0363,SGRFWFSDWL,TCTGGTAGATTCTGGTTCTCGGATTGGTTGTAA,TCG,PRM_0363,NA,NA,FALSE,NA,NA,NA,NA,7,S,S
PRM_0363,SGRFWFSDWL,TCTGGTAGATTCTGGTTCTCTGATTGGTTGTAA,TCT,PRM_0363,NA,NA,FALSE,NA,NA,NA,NA,7,S,S
PRM_0363,SGRFWFEDWL,TCTGGTAGATTCTGGTTCGAGGATTGGTTGTAA,GAG,PRM_0363,NA,NA,FALSE,NA,NA,NA,NA,7,E,S
PRM_0363,SGRFWFDDWL,TCTGGTAGATTCTGGTTCGATGATTGGTTGTAA,GAT,PRM_0363,NA,NA,FALSE,NA,NA,NA,NA,7,D,S
PRM_0363,SGRFWFVDWL,TCTGGTAGATTCTGGTTCGTGGATTGGTTGTAA,GTG,PRM_0363,NA,NA,FALSE,NA,NA,NA,NA,7,V,S
PRM_0363,SGRFWFVDWL,TCTGGTAGATTCTGGTTCGTTGATTGGTTGTAA,GTT,PRM_0363,NA,NA,FALSE,NA,NA,NA,NA,7,V,S
PRM_0363,SGRFWFGDWL,TCTGGTAGATTCTGGTTCGGGGATTGGTTGTAA,GGG,PRM_0363,NA,NA,FALSE,NA,NA,NA,NA,7,G,S
PRM_0363,SGRFWFGDWL,TCTGGTAGATTCTGGTTCGGTGATTGGTTGTAA,GGT,PRM_0363,NA,NA,FALSE,NA,NA,NA,NA,7,G,S
PRM_0363,SGRFWFADWL,TCTGGTAGATTCTGGTTCGCGGATTGGTTGTAA,GCG,PRM_0363,NA,NA,FALSE,NA,NA,NA,NA,7,A,S
PRM_0363,SGRFWFADWL,TCTGGTAGATTCTGGTTCGCTGATTGGTTGTAA,GCT,PRM_0363,NA,NA,FALSE,NA,NA,NA,NA,7,A,S
PRM_0363,SGRFWFQDWL,TCTGGTAGATTCTGGTTCCAGGATTGGTTGTAA,CAG,PRM_0363,NA,NA,FALSE,NA,NA,NA,NA,7,Q,S
PRM_0363,SGRFWFHDWL,TCTGGTAGATTCTGGTTCCATGATTGGTTGTAA,CAT,PRM_0363,NA,NA,FALSE,NA,NA,NA,NA,7,H,S
PRM_0363,SGRFWFLDWL,TCTGGTAGATTCTGGTTCCTGGATTGGTTGTAA,CTG,PRM_0363,NA,NA,FALSE,NA,NA,NA,NA,7,L,S
PRM_0363,SGRFWFLDWL,TCTGGTAGATTCTGGTTCCTTGATTGGTTGTAA,CTT,PRM_0363,NA,NA,FALSE,NA,NA,NA,NA,7,L,S
PRM_0363,SGRFWFRDWL,TCTGGTAGATTCTGGTTCCGGGATTGGTTGTAA,CGG,PRM_0363,NA,NA,FALSE,NA,NA,NA,NA,7,R,S
PRM_0363,SGRFWFRDWL,TCTGGTAGATTCTGGTTCCGTGATTGGTTGTAA,CGT,PRM_0363,NA,NA,FALSE,NA,NA,NA,NA,7,R,S
PRM_0363,SGRFWFPDWL,TCTGGTAGATTCTGGTTCCCGGATTGGTTGTAA,CCG,PRM_0363,NA,NA,FALSE,NA,NA,NA,NA,7,P,S
PRM_0363,SGRFWFPDWL,TCTGGTAGATTCTGGTTCCCTGATTGGTTGTAA,CCT,PRM_0363,NA,NA,FALSE,NA,NA,NA,NA,7,P,S
PRM_0363,SGRFWFSKWL,TCTGGTAGATTCTGGTTCTCTAAGTGGTTGTAA,AAG,PRM_0363,NA,NA,FALSE,NA,NA,NA,NA,8,K,D
PRM_0363,SGRFWFSNWL,TCTGGTAGATTCTGGTTCTCTAATTGGTTGTAA,AAT,PRM_0363,NA,NA,FALSE,NA,NA,NA,NA,8,N,D
PRM_0363,SGRFWFSMWL,TCTGGTAGATTCTGGTTCTCTATGTGGTTGTAA,ATG,PRM_0363,NA,NA,FALSE,NA,NA,NA,NA,8,M,D
PRM_0363,SGRFWFSIWL,TCTGGTAGATTCTGGTTCTCTATTTGGTTGTAA,ATT,PRM_0363,NA,NA,FALSE,NA,NA,NA,NA,8,I,D
PRM_0363,SGRFWFSRWL,TCTGGTAGATTCTGGTTCTCTAGGTGGTTGTAA,AGG,PRM_0363,NA,NA,FALSE,NA,NA,NA,NA,8,R,D
PRM_0363,SGRFWFSSWL,TCTGGTAGATTCTGGTTCTCTAGTTGGTTGTAA,AGT,PRM_0363,NA,NA,FALSE,NA,NA,NA,NA,8,S,D
PRM_0363,SGRFWFSTWL,TCTGGTAGATTCTGGTTCTCTACGTGGTTGTAA,ACG,PRM_0363,NA,NA,FALSE,NA,NA,NA,NA,8,T,D
PRM_0363,SGRFWFSTWL,TCTGGTAGATTCTGGTTCTCTACTTGGTTGTAA,ACT,PRM_0363,NA,NA,FALSE,NA,NA,NA,NA,8,T,D
PRM_0363,SGRFWFS*WL,TCTGGTAGATTCTGGTTCTCTTAGTGGTTGTAA,TAG,PRM_0363,NA,NA,FALSE,NA,NA,NA,NA,8,*,D
PRM_0363,SGRFWFSYWL,TCTGGTAGATTCTGGTTCTCTTATTGGTTGTAA,TAT,PRM_0363,NA,NA,FALSE,NA,NA,NA,NA,8,Y,D
PRM_0363,SGRFWFSLWL,TCTGGTAGATTCTGGTTCTCTTTGTGGTTGTAA,TTG,PRM_0363,NA,NA,FALSE,NA,NA,NA,NA,8,L,D
PRM_0363,SGRFWFSFWL,TCTGGTAGATTCTGGTTCTCTTTTTGGTTGTAA,TTT,PRM_0363,NA,NA,FALSE,NA,NA,NA,NA,8,F,D
PRM_0363,SGRFWFSWWL,TCTGGTAGATTCTGGTTCTCTTGGTGGTTGTAA,TGG,PRM_0363,NA,NA,FALSE,NA,NA,NA,NA,8,W,D
PRM_0363,SGRFWFSCWL,TCTGGTAGATTCTGGTTCTCTTGTTGGTTGTAA,TGT,PRM_0363,NA,NA,FALSE,NA,NA,NA,NA,8,C,D
PRM_0363,SGRFWFSSWL,TCTGGTAGATTCTGGTTCTCTTCGTGGTTGTAA,TCG,PRM_0363,NA,NA,FALSE,NA,NA,NA,NA,8,S,D
PRM_0363,SGRFWFSSWL,TCTGGTAGATTCTGGTTCTCTTCTTGGTTGTAA,TCT,PRM_0363,NA,NA,FALSE,NA,NA,NA,NA,8,S,D
PRM_0363,SGRFWFSEWL,TCTGGTAGATTCTGGTTCTCTGAGTGGTTGTAA,GAG,PRM_0363,NA,NA,FALSE,NA,NA,NA,NA,8,E,D
PRM_0363,SGRFWFSDWL,TCTGGTAGATTCTGGTTCTCTGATTGGTTGTAA,GAT,PRM_0363,NA,NA,FALSE,NA,NA,NA,NA,8,D,D
PRM_0363,SGRFWFSVWL,TCTGGTAGATTCTGGTTCTCTGTGTGGTTGTAA,GTG,PRM_0363,NA,NA,FALSE,NA,NA,NA,NA,8,V,D
PRM_0363,SGRFWFSVWL,TCTGGTAGATTCTGGTTCTCTGTTTGGTTGTAA,GTT,PRM_0363,NA,NA,FALSE,NA,NA,NA,NA,8,V,D
PRM_0363,SGRFWFSGWL,TCTGGTAGATTCTGGTTCTCTGGGTGGTTGTAA,GGG,PRM_0363,NA,NA,FALSE,NA,NA,NA,NA,8,G,D
PRM_0363,SGRFWFSGWL,TCTGGTAGATTCTGGTTCTCTGGTTGGTTGTAA,GGT,PRM_0363,NA,NA,FALSE,NA,NA,NA,NA,8,G,D
PRM_0363,SGRFWFSAWL,TCTGGTAGATTCTGGTTCTCTGCGTGGTTGTAA,GCG,PRM_0363,NA,NA,FALSE,NA,NA,NA,NA,8,A,D
PRM_0363,SGRFWFSAWL,TCTGGTAGATTCTGGTTCTCTGCTTGGTTGTAA,GCT,PRM_0363,NA,NA,FALSE,NA,NA,NA,NA,8,A,D
PRM_0363,SGRFWFSQWL,TCTGGTAGATTCTGGTTCTCTCAGTGGTTGTAA,CAG,PRM_0363,NA,NA,FALSE,NA,NA,NA,NA,8,Q,D
PRM_0363,SGRFWFSHWL,TCTGGTAGATTCTGGTTCTCTCATTGGTTGTAA,CAT,PRM_0363,NA,NA,FALSE,NA,NA,NA,NA,8,H,D
PRM_0363,SGRFWFSLWL,TCTGGTAGATTCTGGTTCTCTCTGTGGTTGTAA,CTG,PRM_0363,NA,NA,FALSE,NA,NA,NA,NA,8,L,D
PRM_0363,SGRFWFSLWL,TCTGGTAGATTCTGGTTCTCTCTTTGGTTGTAA,CTT,PRM_0363,NA,NA,FALSE,NA,NA,NA,NA,8,L,D
PRM_0363,SGRFWFSRWL,TCTGGTAGATTCTGGTTCTCTCGGTGGTTGTAA,CGG,PRM_0363,NA,NA,FALSE,NA,NA,NA,NA,8,R,D
PRM_0363,SGRFWFSRWL,TCTGGTAGATTCTGGTTCTCTCGTTGGTTGTAA,CGT,PRM_0363,NA,NA,FALSE,NA,NA,NA,NA,8,R,D
PRM_0363,SGRFWFSPWL,TCTGGTAGATTCTGGTTCTCTCCGTGGTTGTAA,CCG,PRM_0363,NA,NA,FALSE,NA,NA,NA,NA,8,P,D
PRM_0363,SGRFWFSPWL,TCTGGTAGATTCTGGTTCTCTCCTTGGTTGTAA,CCT,PRM_0363,NA,NA,FALSE,NA,NA,NA,NA,8,P,D
PRM_0363,SGRFWFSDKL,TCTGGTAGATTCTGGTTCTCTGATAAGTTGTAA,AAG,PRM_0363,NA,NA,FALSE,NA,NA,NA,NA,9,K,W
PRM_0363,SGRFWFSDNL,TCTGGTAGATTCTGGTTCTCTGATAATTTGTAA,AAT,PRM_0363,NA,NA,FALSE,NA,NA,NA,NA,9,N,W
PRM_0363,SGRFWFSDML,TCTGGTAGATTCTGGTTCTCTGATATGTTGTAA,ATG,PRM_0363,NA,NA,FALSE,NA,NA,NA,NA,9,M,W
PRM_0363,SGRFWFSDIL,TCTGGTAGATTCTGGTTCTCTGATATTTTGTAA,ATT,PRM_0363,NA,NA,FALSE,NA,NA,NA,NA,9,I,W
PRM_0363,SGRFWFSDRL,TCTGGTAGATTCTGGTTCTCTGATAGGTTGTAA,AGG,PRM_0363,NA,NA,FALSE,NA,NA,NA,NA,9,R,W
PRM_0363,SGRFWFSDSL,TCTGGTAGATTCTGGTTCTCTGATAGTTTGTAA,AGT,PRM_0363,NA,NA,FALSE,NA,NA,NA,NA,9,S,W
PRM_0363,SGRFWFSDTL,TCTGGTAGATTCTGGTTCTCTGATACGTTGTAA,ACG,PRM_0363,NA,NA,FALSE,NA,NA,NA,NA,9,T,W
PRM_0363,SGRFWFSDTL,TCTGGTAGATTCTGGTTCTCTGATACTTTGTAA,ACT,PRM_0363,NA,NA,FALSE,NA,NA,NA,NA,9,T,W
PRM_0363,SGRFWFSD*L,TCTGGTAGATTCTGGTTCTCTGATTAGTTGTAA,TAG,PRM_0363,NA,NA,FALSE,NA,NA,NA,NA,9,*,W
PRM_0363,SGRFWFSDYL,TCTGGTAGATTCTGGTTCTCTGATTATTTGTAA,TAT,PRM_0363,NA,NA,FALSE,NA,NA,NA,NA,9,Y,W
PRM_0363,SGRFWFSDLL,TCTGGTAGATTCTGGTTCTCTGATTTGTTGTAA,TTG,PRM_0363,NA,NA,FALSE,NA,NA,NA,NA,9,L,W
PRM_0363,SGRFWFSDFL,TCTGGTAGATTCTGGTTCTCTGATTTTTTGTAA,TTT,PRM_0363,NA,NA,FALSE,NA,NA,NA,NA,9,F,W
PRM_0363,SGRFWFSDWL,TCTGGTAGATTCTGGTTCTCTGATTGGTTGTAA,TGG,PRM_0363,NA,NA,FALSE,NA,NA,NA,NA,9,W,W
PRM_0363,SGRFWFSDCL,TCTGGTAGATTCTGGTTCTCTGATTGTTTGTAA,TGT,PRM_0363,NA,NA,FALSE,NA,NA,NA,NA,9,C,W
PRM_0363,SGRFWFSDSL,TCTGGTAGATTCTGGTTCTCTGATTCGTTGTAA,TCG,PRM_0363,NA,NA,FALSE,NA,NA,NA,NA,9,S,W
PRM_0363,SGRFWFSDSL,TCTGGTAGATTCTGGTTCTCTGATTCTTTGTAA,TCT,PRM_0363,NA,NA,FALSE,NA,NA,NA,NA,9,S,W
PRM_0363,SGRFWFSDEL,TCTGGTAGATTCTGGTTCTCTGATGAGTTGTAA,GAG,PRM_0363,NA,NA,FALSE,NA,NA,NA,NA,9,E,W
PRM_0363,SGRFWFSDDL,TCTGGTAGATTCTGGTTCTCTGATGATTTGTAA,GAT,PRM_0363,NA,NA,FALSE,NA,NA,NA,NA,9,D,W
PRM_0363,SGRFWFSDVL,TCTGGTAGATTCTGGTTCTCTGATGTGTTGTAA,GTG,PRM_0363,NA,NA,FALSE,NA,NA,NA,NA,9,V,W
PRM_0363,SGRFWFSDVL,TCTGGTAGATTCTGGTTCTCTGATGTTTTGTAA,GTT,PRM_0363,NA,NA,FALSE,NA,NA,NA,NA,9,V,W
PRM_0363,SGRFWFSDGL,TCTGGTAGATTCTGGTTCTCTGATGGGTTGTAA,GGG,PRM_0363,NA,NA,FALSE,NA,NA,NA,NA,9,G,W
PRM_0363,SGRFWFSDGL,TCTGGTAGATTCTGGTTCTCTGATGGTTTGTAA,GGT,PRM_0363,NA,NA,FALSE,NA,NA,NA,NA,9,G,W
PRM_0363,SGRFWFSDAL,TCTGGTAGATTCTGGTTCTCTGATGCGTTGTAA,GCG,PRM_0363,NA,NA,FALSE,NA,NA,NA,NA,9,A,W
PRM_0363,SGRFWFSDAL,TCTGGTAGATTCTGGTTCTCTGATGCTTTGTAA,GCT,PRM_0363,NA,NA,FALSE,NA,NA,NA,NA,9,A,W
PRM_0363,SGRFWFSDQL,TCTGGTAGATTCTGGTTCTCTGATCAGTTGTAA,CAG,PRM_0363,NA,NA,FALSE,NA,NA,NA,NA,9,Q,W
PRM_0363,SGRFWFSDHL,TCTGGTAGATTCTGGTTCTCTGATCATTTGTAA,CAT,PRM_0363,NA,NA,FALSE,NA,NA,NA,NA,9,H,W
PRM_0363,SGRFWFSDLL,TCTGGTAGATTCTGGTTCTCTGATCTGTTGTAA,CTG,PRM_0363,NA,NA,FALSE,NA,NA,NA,NA,9,L,W
PRM_0363,SGRFWFSDLL,TCTGGTAGATTCTGGTTCTCTGATCTTTTGTAA,CTT,PRM_0363,NA,NA,FALSE,NA,NA,NA,NA,9,L,W
PRM_0363,SGRFWFSDRL,TCTGGTAGATTCTGGTTCTCTGATCGGTTGTAA,CGG,PRM_0363,NA,NA,FALSE,NA,NA,NA,NA,9,R,W
PRM_0363,SGRFWFSDRL,TCTGGTAGATTCTGGTTCTCTGATCGTTTGTAA,CGT,PRM_0363,NA,NA,FALSE,NA,NA,NA,NA,9,R,W
PRM_0363,SGRFWFSDPL,TCTGGTAGATTCTGGTTCTCTGATCCGTTGTAA,CCG,PRM_0363,NA,NA,FALSE,NA,NA,NA,NA,9,P,W
PRM_0363,SGRFWFSDPL,TCTGGTAGATTCTGGTTCTCTGATCCTTTGTAA,CCT,PRM_0363,NA,NA,FALSE,NA,NA,NA,NA,9,P,W
PRM_0366,KKVRVFLGWF,AAGAAAGTTAGAGTTTTCTTGGGTTGGTTCTAA,AAG,PRM_0366,NA,NA,FALSE,NA,NA,NA,NA,1,K,S
PRM_0366,NKVRVFLGWF,AATAAAGTTAGAGTTTTCTTGGGTTGGTTCTAA,AAT,PRM_0366,NA,NA,FALSE,NA,NA,NA,NA,1,N,S
PRM_0366,MKVRVFLGWF,ATGAAAGTTAGAGTTTTCTTGGGTTGGTTCTAA,ATG,PRM_0366,NA,NA,FALSE,NA,NA,NA,NA,1,M,S
PRM_0366,IKVRVFLGWF,ATTAAAGTTAGAGTTTTCTTGGGTTGGTTCTAA,ATT,PRM_0366,NA,NA,FALSE,NA,NA,NA,NA,1,I,S
PRM_0366,RKVRVFLGWF,AGGAAAGTTAGAGTTTTCTTGGGTTGGTTCTAA,AGG,PRM_0366,NA,NA,FALSE,NA,NA,NA,NA,1,R,S
PRM_0366,SKVRVFLGWF,AGTAAAGTTAGAGTTTTCTTGGGTTGGTTCTAA,AGT,PRM_0366,NA,NA,FALSE,NA,NA,NA,NA,1,S,S
PRM_0366,TKVRVFLGWF,ACGAAAGTTAGAGTTTTCTTGGGTTGGTTCTAA,ACG,PRM_0366,NA,NA,FALSE,NA,NA,NA,NA,1,T,S
PRM_0366,TKVRVFLGWF,ACTAAAGTTAGAGTTTTCTTGGGTTGGTTCTAA,ACT,PRM_0366,NA,NA,FALSE,NA,NA,NA,NA,1,T,S
PRM_0366,*KVRVFLGWF,TAGAAAGTTAGAGTTTTCTTGGGTTGGTTCTAA,TAG,PRM_0366,NA,NA,FALSE,NA,NA,NA,NA,1,*,S
PRM_0366,YKVRVFLGWF,TATAAAGTTAGAGTTTTCTTGGGTTGGTTCTAA,TAT,PRM_0366,NA,NA,FALSE,NA,NA,NA,NA,1,Y,S
PRM_0366,MKVRVFLGWF,TTGAAAGTTAGAGTTTTCTTGGGTTGGTTCTAA,TTG,PRM_0366,NA,NA,FALSE,NA,NA,NA,NA,1,L,S
PRM_0366,FKVRVFLGWF,TTTAAAGTTAGAGTTTTCTTGGGTTGGTTCTAA,TTT,PRM_0366,NA,NA,FALSE,NA,NA,NA,NA,1,F,S
PRM_0366,WKVRVFLGWF,TGGAAAGTTAGAGTTTTCTTGGGTTGGTTCTAA,TGG,PRM_0366,NA,NA,FALSE,NA,NA,NA,NA,1,W,S
PRM_0366,CKVRVFLGWF,TGTAAAGTTAGAGTTTTCTTGGGTTGGTTCTAA,TGT,PRM_0366,NA,NA,FALSE,NA,NA,NA,NA,1,C,S
PRM_0366,SKVRVFLGWF,TCGAAAGTTAGAGTTTTCTTGGGTTGGTTCTAA,TCG,PRM_0366,NA,NA,FALSE,NA,NA,NA,NA,1,S,S
PRM_0366,SKVRVFLGWF,TCTAAAGTTAGAGTTTTCTTGGGTTGGTTCTAA,TCT,PRM_0366,NA,NA,FALSE,NA,NA,NA,NA,1,S,S
PRM_0366,EKVRVFLGWF,GAGAAAGTTAGAGTTTTCTTGGGTTGGTTCTAA,GAG,PRM_0366,NA,NA,FALSE,NA,NA,NA,NA,1,E,S
PRM_0366,DKVRVFLGWF,GATAAAGTTAGAGTTTTCTTGGGTTGGTTCTAA,GAT,PRM_0366,NA,NA,FALSE,NA,NA,NA,NA,1,D,S
PRM_0366,VKVRVFLGWF,GTGAAAGTTAGAGTTTTCTTGGGTTGGTTCTAA,GTG,PRM_0366,NA,NA,FALSE,NA,NA,NA,NA,1,V,S
PRM_0366,VKVRVFLGWF,GTTAAAGTTAGAGTTTTCTTGGGTTGGTTCTAA,GTT,PRM_0366,NA,NA,FALSE,NA,NA,NA,NA,1,V,S
PRM_0366,GKVRVFLGWF,GGGAAAGTTAGAGTTTTCTTGGGTTGGTTCTAA,GGG,PRM_0366,NA,NA,FALSE,NA,NA,NA,NA,1,G,S
PRM_0366,GKVRVFLGWF,GGTAAAGTTAGAGTTTTCTTGGGTTGGTTCTAA,GGT,PRM_0366,NA,NA,FALSE,NA,NA,NA,NA,1,G,S
PRM_0366,AKVRVFLGWF,GCGAAAGTTAGAGTTTTCTTGGGTTGGTTCTAA,GCG,PRM_0366,NA,NA,FALSE,NA,NA,NA,NA,1,A,S
PRM_0366,AKVRVFLGWF,GCTAAAGTTAGAGTTTTCTTGGGTTGGTTCTAA,GCT,PRM_0366,NA,NA,FALSE,NA,NA,NA,NA,1,A,S
PRM_0366,QKVRVFLGWF,CAGAAAGTTAGAGTTTTCTTGGGTTGGTTCTAA,CAG,PRM_0366,NA,NA,FALSE,NA,NA,NA,NA,1,Q,S
PRM_0366,HKVRVFLGWF,CATAAAGTTAGAGTTTTCTTGGGTTGGTTCTAA,CAT,PRM_0366,NA,NA,FALSE,NA,NA,NA,NA,1,H,S
PRM_0366,MKVRVFLGWF,CTGAAAGTTAGAGTTTTCTTGGGTTGGTTCTAA,CTG,PRM_0366,NA,NA,FALSE,NA,NA,NA,NA,1,L,S
PRM_0366,LKVRVFLGWF,CTTAAAGTTAGAGTTTTCTTGGGTTGGTTCTAA,CTT,PRM_0366,NA,NA,FALSE,NA,NA,NA,NA,1,L,S
PRM_0366,RKVRVFLGWF,CGGAAAGTTAGAGTTTTCTTGGGTTGGTTCTAA,CGG,PRM_0366,NA,NA,FALSE,NA,NA,NA,NA,1,R,S
PRM_0366,RKVRVFLGWF,CGTAAAGTTAGAGTTTTCTTGGGTTGGTTCTAA,CGT,PRM_0366,NA,NA,FALSE,NA,NA,NA,NA,1,R,S
PRM_0366,PKVRVFLGWF,CCGAAAGTTAGAGTTTTCTTGGGTTGGTTCTAA,CCG,PRM_0366,NA,NA,FALSE,NA,NA,NA,NA,1,P,S
PRM_0366,PKVRVFLGWF,CCTAAAGTTAGAGTTTTCTTGGGTTGGTTCTAA,CCT,PRM_0366,NA,NA,FALSE,NA,NA,NA,NA,1,P,S
PRM_0366,SKVRVFLGWK,TCTAAAGTTAGAGTTTTCTTGGGTTGGAAGTAA,AAG,PRM_0366,NA,NA,FALSE,NA,NA,NA,NA,10,K,F
PRM_0366,SKVRVFLGWN,TCTAAAGTTAGAGTTTTCTTGGGTTGGAATTAA,AAT,PRM_0366,NA,NA,FALSE,NA,NA,NA,NA,10,N,F
PRM_0366,SKVRVFLGWM,TCTAAAGTTAGAGTTTTCTTGGGTTGGATGTAA,ATG,PRM_0366,NA,NA,FALSE,NA,NA,NA,NA,10,M,F
PRM_0366,SKVRVFLGWI,TCTAAAGTTAGAGTTTTCTTGGGTTGGATTTAA,ATT,PRM_0366,NA,NA,FALSE,NA,NA,NA,NA,10,I,F
PRM_0366,SKVRVFLGWR,TCTAAAGTTAGAGTTTTCTTGGGTTGGAGGTAA,AGG,PRM_0366,NA,NA,FALSE,NA,NA,NA,NA,10,R,F
PRM_0366,SKVRVFLGWS,TCTAAAGTTAGAGTTTTCTTGGGTTGGAGTTAA,AGT,PRM_0366,NA,NA,FALSE,NA,NA,NA,NA,10,S,F
PRM_0366,SKVRVFLGWT,TCTAAAGTTAGAGTTTTCTTGGGTTGGACGTAA,ACG,PRM_0366,NA,NA,FALSE,NA,NA,NA,NA,10,T,F
PRM_0366,SKVRVFLGWT,TCTAAAGTTAGAGTTTTCTTGGGTTGGACTTAA,ACT,PRM_0366,NA,NA,FALSE,NA,NA,NA,NA,10,T,F
PRM_0366,SKVRVFLGW*,TCTAAAGTTAGAGTTTTCTTGGGTTGGTAGTAA,TAG,PRM_0366,NA,NA,FALSE,NA,NA,NA,NA,10,*,F
PRM_0366,SKVRVFLGWY,TCTAAAGTTAGAGTTTTCTTGGGTTGGTATTAA,TAT,PRM_0366,NA,NA,FALSE,NA,NA,NA,NA,10,Y,F
PRM_0366,SKVRVFLGWL,TCTAAAGTTAGAGTTTTCTTGGGTTGGTTGTAA,TTG,PRM_0366,NA,NA,FALSE,NA,NA,NA,NA,10,L,F
PRM_0366,SKVRVFLGWF,TCTAAAGTTAGAGTTTTCTTGGGTTGGTTTTAA,TTT,PRM_0366,NA,NA,FALSE,NA,NA,NA,NA,10,F,F
PRM_0366,SKVRVFLGWW,TCTAAAGTTAGAGTTTTCTTGGGTTGGTGGTAA,TGG,PRM_0366,NA,NA,FALSE,NA,NA,NA,NA,10,W,F
PRM_0366,SKVRVFLGWC,TCTAAAGTTAGAGTTTTCTTGGGTTGGTGTTAA,TGT,PRM_0366,NA,NA,FALSE,NA,NA,NA,NA,10,C,F
PRM_0366,SKVRVFLGWS,TCTAAAGTTAGAGTTTTCTTGGGTTGGTCGTAA,TCG,PRM_0366,NA,NA,FALSE,NA,NA,NA,NA,10,S,F
PRM_0366,SKVRVFLGWS,TCTAAAGTTAGAGTTTTCTTGGGTTGGTCTTAA,TCT,PRM_0366,NA,NA,FALSE,NA,NA,NA,NA,10,S,F
PRM_0366,SKVRVFLGWE,TCTAAAGTTAGAGTTTTCTTGGGTTGGGAGTAA,GAG,PRM_0366,NA,NA,FALSE,NA,NA,NA,NA,10,E,F
PRM_0366,SKVRVFLGWD,TCTAAAGTTAGAGTTTTCTTGGGTTGGGATTAA,GAT,PRM_0366,NA,NA,FALSE,NA,NA,NA,NA,10,D,F
PRM_0366,SKVRVFLGWV,TCTAAAGTTAGAGTTTTCTTGGGTTGGGTGTAA,GTG,PRM_0366,NA,NA,FALSE,NA,NA,NA,NA,10,V,F
PRM_0366,SKVRVFLGWV,TCTAAAGTTAGAGTTTTCTTGGGTTGGGTTTAA,GTT,PRM_0366,NA,NA,FALSE,NA,NA,NA,NA,10,V,F
PRM_0366,SKVRVFLGWG,TCTAAAGTTAGAGTTTTCTTGGGTTGGGGGTAA,GGG,PRM_0366,NA,NA,FALSE,NA,NA,NA,NA,10,G,F
PRM_0366,SKVRVFLGWG,TCTAAAGTTAGAGTTTTCTTGGGTTGGGGTTAA,GGT,PRM_0366,NA,NA,FALSE,NA,NA,NA,NA,10,G,F
PRM_0366,SKVRVFLGWA,TCTAAAGTTAGAGTTTTCTTGGGTTGGGCGTAA,GCG,PRM_0366,NA,NA,FALSE,NA,NA,NA,NA,10,A,F
PRM_0366,SKVRVFLGWA,TCTAAAGTTAGAGTTTTCTTGGGTTGGGCTTAA,GCT,PRM_0366,NA,NA,FALSE,NA,NA,NA,NA,10,A,F
PRM_0366,SKVRVFLGWQ,TCTAAAGTTAGAGTTTTCTTGGGTTGGCAGTAA,CAG,PRM_0366,NA,NA,FALSE,NA,NA,NA,NA,10,Q,F
PRM_0366,SKVRVFLGWH,TCTAAAGTTAGAGTTTTCTTGGGTTGGCATTAA,CAT,PRM_0366,NA,NA,FALSE,NA,NA,NA,NA,10,H,F
PRM_0366,SKVRVFLGWL,TCTAAAGTTAGAGTTTTCTTGGGTTGGCTGTAA,CTG,PRM_0366,NA,NA,FALSE,NA,NA,NA,NA,10,L,F
PRM_0366,SKVRVFLGWL,TCTAAAGTTAGAGTTTTCTTGGGTTGGCTTTAA,CTT,PRM_0366,NA,NA,FALSE,NA,NA,NA,NA,10,L,F
PRM_0366,SKVRVFLGWR,TCTAAAGTTAGAGTTTTCTTGGGTTGGCGGTAA,CGG,PRM_0366,NA,NA,FALSE,NA,NA,NA,NA,10,R,F
PRM_0366,SKVRVFLGWR,TCTAAAGTTAGAGTTTTCTTGGGTTGGCGTTAA,CGT,PRM_0366,NA,NA,FALSE,NA,NA,NA,NA,10,R,F
PRM_0366,SKVRVFLGWP,TCTAAAGTTAGAGTTTTCTTGGGTTGGCCGTAA,CCG,PRM_0366,NA,NA,FALSE,NA,NA,NA,NA,10,P,F
PRM_0366,SKVRVFLGWP,TCTAAAGTTAGAGTTTTCTTGGGTTGGCCTTAA,CCT,PRM_0366,NA,NA,FALSE,NA,NA,NA,NA,10,P,F
PRM_0366,SKVRVFLGWF,TCTAAGGTTAGAGTTTTCTTGGGTTGGTTCTAA,AAG,PRM_0366,NA,NA,FALSE,NA,NA,NA,NA,2,K,K
PRM_0366,SNVRVFLGWF,TCTAATGTTAGAGTTTTCTTGGGTTGGTTCTAA,AAT,PRM_0366,NA,NA,FALSE,NA,NA,NA,NA,2,N,K
PRM_0366,SMVRVFLGWF,TCTATGGTTAGAGTTTTCTTGGGTTGGTTCTAA,ATG,PRM_0366,NA,NA,FALSE,NA,NA,NA,NA,2,M,K
PRM_0366,SIVRVFLGWF,TCTATTGTTAGAGTTTTCTTGGGTTGGTTCTAA,ATT,PRM_0366,NA,NA,FALSE,NA,NA,NA,NA,2,I,K
PRM_0366,SRVRVFLGWF,TCTAGGGTTAGAGTTTTCTTGGGTTGGTTCTAA,AGG,PRM_0366,NA,NA,FALSE,NA,NA,NA,NA,2,R,K
PRM_0366,SSVRVFLGWF,TCTAGTGTTAGAGTTTTCTTGGGTTGGTTCTAA,AGT,PRM_0366,NA,NA,FALSE,NA,NA,NA,NA,2,S,K
PRM_0366,STVRVFLGWF,TCTACGGTTAGAGTTTTCTTGGGTTGGTTCTAA,ACG,PRM_0366,NA,NA,FALSE,NA,NA,NA,NA,2,T,K
PRM_0366,STVRVFLGWF,TCTACTGTTAGAGTTTTCTTGGGTTGGTTCTAA,ACT,PRM_0366,NA,NA,FALSE,NA,NA,NA,NA,2,T,K
PRM_0366,S*VRVFLGWF,TCTTAGGTTAGAGTTTTCTTGGGTTGGTTCTAA,TAG,PRM_0366,NA,NA,FALSE,NA,NA,NA,NA,2,*,K
PRM_0366,SYVRVFLGWF,TCTTATGTTAGAGTTTTCTTGGGTTGGTTCTAA,TAT,PRM_0366,NA,NA,FALSE,NA,NA,NA,NA,2,Y,K
PRM_0366,SLVRVFLGWF,TCTTTGGTTAGAGTTTTCTTGGGTTGGTTCTAA,TTG,PRM_0366,NA,NA,FALSE,NA,NA,NA,NA,2,L,K
PRM_0366,SFVRVFLGWF,TCTTTTGTTAGAGTTTTCTTGGGTTGGTTCTAA,TTT,PRM_0366,NA,NA,FALSE,NA,NA,NA,NA,2,F,K
PRM_0366,SWVRVFLGWF,TCTTGGGTTAGAGTTTTCTTGGGTTGGTTCTAA,TGG,PRM_0366,NA,NA,FALSE,NA,NA,NA,NA,2,W,K
PRM_0366,SCVRVFLGWF,TCTTGTGTTAGAGTTTTCTTGGGTTGGTTCTAA,TGT,PRM_0366,NA,NA,FALSE,NA,NA,NA,NA,2,C,K
PRM_0366,SSVRVFLGWF,TCTTCGGTTAGAGTTTTCTTGGGTTGGTTCTAA,TCG,PRM_0366,NA,NA,FALSE,NA,NA,NA,NA,2,S,K
PRM_0366,SSVRVFLGWF,TCTTCTGTTAGAGTTTTCTTGGGTTGGTTCTAA,TCT,PRM_0366,NA,NA,FALSE,NA,NA,NA,NA,2,S,K
PRM_0366,SEVRVFLGWF,TCTGAGGTTAGAGTTTTCTTGGGTTGGTTCTAA,GAG,PRM_0366,NA,NA,FALSE,NA,NA,NA,NA,2,E,K
PRM_0366,SDVRVFLGWF,TCTGATGTTAGAGTTTTCTTGGGTTGGTTCTAA,GAT,PRM_0366,NA,NA,FALSE,NA,NA,NA,NA,2,D,K
PRM_0366,SVVRVFLGWF,TCTGTGGTTAGAGTTTTCTTGGGTTGGTTCTAA,GTG,PRM_0366,NA,NA,FALSE,NA,NA,NA,NA,2,V,K
PRM_0366,SVVRVFLGWF,TCTGTTGTTAGAGTTTTCTTGGGTTGGTTCTAA,GTT,PRM_0366,NA,NA,FALSE,NA,NA,NA,NA,2,V,K
PRM_0366,SGVRVFLGWF,TCTGGGGTTAGAGTTTTCTTGGGTTGGTTCTAA,GGG,PRM_0366,NA,NA,FALSE,NA,NA,NA,NA,2,G,K
PRM_0366,SGVRVFLGWF,TCTGGTGTTAGAGTTTTCTTGGGTTGGTTCTAA,GGT,PRM_0366,NA,NA,FALSE,NA,NA,NA,NA,2,G,K
PRM_0366,SAVRVFLGWF,TCTGCGGTTAGAGTTTTCTTGGGTTGGTTCTAA,GCG,PRM_0366,NA,NA,FALSE,NA,NA,NA,NA,2,A,K
PRM_0366,SAVRVFLGWF,TCTGCTGTTAGAGTTTTCTTGGGTTGGTTCTAA,GCT,PRM_0366,NA,NA,FALSE,NA,NA,NA,NA,2,A,K
PRM_0366,SQVRVFLGWF,TCTCAGGTTAGAGTTTTCTTGGGTTGGTTCTAA,CAG,PRM_0366,NA,NA,FALSE,NA,NA,NA,NA,2,Q,K
PRM_0366,SHVRVFLGWF,TCTCATGTTAGAGTTTTCTTGGGTTGGTTCTAA,CAT,PRM_0366,NA,NA,FALSE,NA,NA,NA,NA,2,H,K
PRM_0366,SLVRVFLGWF,TCTCTGGTTAGAGTTTTCTTGGGTTGGTTCTAA,CTG,PRM_0366,NA,NA,FALSE,NA,NA,NA,NA,2,L,K
PRM_0366,SLVRVFLGWF,TCTCTTGTTAGAGTTTTCTTGGGTTGGTTCTAA,CTT,PRM_0366,NA,NA,FALSE,NA,NA,NA,NA,2,L,K
PRM_0366,SRVRVFLGWF,TCTCGGGTTAGAGTTTTCTTGGGTTGGTTCTAA,CGG,PRM_0366,NA,NA,FALSE,NA,NA,NA,NA,2,R,K
PRM_0366,SRVRVFLGWF,TCTCGTGTTAGAGTTTTCTTGGGTTGGTTCTAA,CGT,PRM_0366,NA,NA,FALSE,NA,NA,NA,NA,2,R,K
PRM_0366,SPVRVFLGWF,TCTCCGGTTAGAGTTTTCTTGGGTTGGTTCTAA,CCG,PRM_0366,NA,NA,FALSE,NA,NA,NA,NA,2,P,K
PRM_0366,SPVRVFLGWF,TCTCCTGTTAGAGTTTTCTTGGGTTGGTTCTAA,CCT,PRM_0366,NA,NA,FALSE,NA,NA,NA,NA,2,P,K
PRM_0366,SKKRVFLGWF,TCTAAAAAGAGAGTTTTCTTGGGTTGGTTCTAA,AAG,PRM_0366,NA,NA,FALSE,NA,NA,NA,NA,3,K,V
PRM_0366,SKNRVFLGWF,TCTAAAAATAGAGTTTTCTTGGGTTGGTTCTAA,AAT,PRM_0366,NA,NA,FALSE,NA,NA,NA,NA,3,N,V
PRM_0366,SKMRVFLGWF,TCTAAAATGAGAGTTTTCTTGGGTTGGTTCTAA,ATG,PRM_0366,NA,NA,FALSE,NA,NA,NA,NA,3,M,V
PRM_0366,SKIRVFLGWF,TCTAAAATTAGAGTTTTCTTGGGTTGGTTCTAA,ATT,PRM_0366,NA,NA,FALSE,NA,NA,NA,NA,3,I,V
PRM_0366,SKRRVFLGWF,TCTAAAAGGAGAGTTTTCTTGGGTTGGTTCTAA,AGG,PRM_0366,NA,NA,FALSE,NA,NA,NA,NA,3,R,V
PRM_0366,SKSRVFLGWF,TCTAAAAGTAGAGTTTTCTTGGGTTGGTTCTAA,AGT,PRM_0366,NA,NA,FALSE,NA,NA,NA,NA,3,S,V
PRM_0366,SKTRVFLGWF,TCTAAAACGAGAGTTTTCTTGGGTTGGTTCTAA,ACG,PRM_0366,NA,NA,FALSE,NA,NA,NA,NA,3,T,V
PRM_0366,SKTRVFLGWF,TCTAAAACTAGAGTTTTCTTGGGTTGGTTCTAA,ACT,PRM_0366,NA,NA,FALSE,NA,NA,NA,NA,3,T,V
PRM_0366,SK*RVFLGWF,TCTAAATAGAGAGTTTTCTTGGGTTGGTTCTAA,TAG,PRM_0366,NA,NA,FALSE,NA,NA,NA,NA,3,*,V
PRM_0366,SKYRVFLGWF,TCTAAATATAGAGTTTTCTTGGGTTGGTTCTAA,TAT,PRM_0366,NA,NA,FALSE,NA,NA,NA,NA,3,Y,V
PRM_0366,SKLRVFLGWF,TCTAAATTGAGAGTTTTCTTGGGTTGGTTCTAA,TTG,PRM_0366,NA,NA,FALSE,NA,NA,NA,NA,3,L,V
PRM_0366,SKFRVFLGWF,TCTAAATTTAGAGTTTTCTTGGGTTGGTTCTAA,TTT,PRM_0366,NA,NA,FALSE,NA,NA,NA,NA,3,F,V
PRM_0366,SKWRVFLGWF,TCTAAATGGAGAGTTTTCTTGGGTTGGTTCTAA,TGG,PRM_0366,NA,NA,FALSE,NA,NA,NA,NA,3,W,V
PRM_0366,SKCRVFLGWF,TCTAAATGTAGAGTTTTCTTGGGTTGGTTCTAA,TGT,PRM_0366,NA,NA,FALSE,NA,NA,NA,NA,3,C,V
PRM_0366,SKSRVFLGWF,TCTAAATCGAGAGTTTTCTTGGGTTGGTTCTAA,TCG,PRM_0366,NA,NA,FALSE,NA,NA,NA,NA,3,S,V
PRM_0366,SKSRVFLGWF,TCTAAATCTAGAGTTTTCTTGGGTTGGTTCTAA,TCT,PRM_0366,NA,NA,FALSE,NA,NA,NA,NA,3,S,V
PRM_0366,SKERVFLGWF,TCTAAAGAGAGAGTTTTCTTGGGTTGGTTCTAA,GAG,PRM_0366,NA,NA,FALSE,NA,NA,NA,NA,3,E,V
PRM_0366,SKDRVFLGWF,TCTAAAGATAGAGTTTTCTTGGGTTGGTTCTAA,GAT,PRM_0366,NA,NA,FALSE,NA,NA,NA,NA,3,D,V
PRM_0366,SKVRVFLGWF,TCTAAAGTGAGAGTTTTCTTGGGTTGGTTCTAA,GTG,PRM_0366,NA,NA,FALSE,NA,NA,NA,NA,3,V,V
PRM_0366,SKVRVFLGWF,TCTAAAGTTAGAGTTTTCTTGGGTTGGTTCTAA,GTT,PRM_0366,NA,NA,FALSE,NA,NA,NA,NA,3,V,V
PRM_0366,SKGRVFLGWF,TCTAAAGGGAGAGTTTTCTTGGGTTGGTTCTAA,GGG,PRM_0366,NA,NA,FALSE,NA,NA,NA,NA,3,G,V
PRM_0366,SKGRVFLGWF,TCTAAAGGTAGAGTTTTCTTGGGTTGGTTCTAA,GGT,PRM_0366,NA,NA,FALSE,NA,NA,NA,NA,3,G,V
PRM_0366,SKARVFLGWF,TCTAAAGCGAGAGTTTTCTTGGGTTGGTTCTAA,GCG,PRM_0366,NA,NA,FALSE,NA,NA,NA,NA,3,A,V
PRM_0366,SKARVFLGWF,TCTAAAGCTAGAGTTTTCTTGGGTTGGTTCTAA,GCT,PRM_0366,NA,NA,FALSE,NA,NA,NA,NA,3,A,V
PRM_0366,SKQRVFLGWF,TCTAAACAGAGAGTTTTCTTGGGTTGGTTCTAA,CAG,PRM_0366,NA,NA,FALSE,NA,NA,NA,NA,3,Q,V
PRM_0366,SKHRVFLGWF,TCTAAACATAGAGTTTTCTTGGGTTGGTTCTAA,CAT,PRM_0366,NA,NA,FALSE,NA,NA,NA,NA,3,H,V
PRM_0366,SKLRVFLGWF,TCTAAACTGAGAGTTTTCTTGGGTTGGTTCTAA,CTG,PRM_0366,NA,NA,FALSE,NA,NA,NA,NA,3,L,V
PRM_0366,SKLRVFLGWF,TCTAAACTTAGAGTTTTCTTGGGTTGGTTCTAA,CTT,PRM_0366,NA,NA,FALSE,NA,NA,NA,NA,3,L,V
PRM_0366,SKRRVFLGWF,TCTAAACGGAGAGTTTTCTTGGGTTGGTTCTAA,CGG,PRM_0366,NA,NA,FALSE,NA,NA,NA,NA,3,R,V
PRM_0366,SKRRVFLGWF,TCTAAACGTAGAGTTTTCTTGGGTTGGTTCTAA,CGT,PRM_0366,NA,NA,FALSE,NA,NA,NA,NA,3,R,V
PRM_0366,SKPRVFLGWF,TCTAAACCGAGAGTTTTCTTGGGTTGGTTCTAA,CCG,PRM_0366,NA,NA,FALSE,NA,NA,NA,NA,3,P,V
PRM_0366,SKPRVFLGWF,TCTAAACCTAGAGTTTTCTTGGGTTGGTTCTAA,CCT,PRM_0366,NA,NA,FALSE,NA,NA,NA,NA,3,P,V
PRM_0366,SKVKVFLGWF,TCTAAAGTTAAGGTTTTCTTGGGTTGGTTCTAA,AAG,PRM_0366,NA,NA,FALSE,NA,NA,NA,NA,4,K,R
PRM_0366,SKVNVFLGWF,TCTAAAGTTAATGTTTTCTTGGGTTGGTTCTAA,AAT,PRM_0366,NA,NA,FALSE,NA,NA,NA,NA,4,N,R
PRM_0366,SKVMVFLGWF,TCTAAAGTTATGGTTTTCTTGGGTTGGTTCTAA,ATG,PRM_0366,NA,NA,FALSE,NA,NA,NA,NA,4,M,R
PRM_0366,SKVIVFLGWF,TCTAAAGTTATTGTTTTCTTGGGTTGGTTCTAA,ATT,PRM_0366,NA,NA,FALSE,NA,NA,NA,NA,4,I,R
PRM_0366,SKVRVFLGWF,TCTAAAGTTAGGGTTTTCTTGGGTTGGTTCTAA,AGG,PRM_0366,NA,NA,FALSE,NA,NA,NA,NA,4,R,R
PRM_0366,SKVSVFLGWF,TCTAAAGTTAGTGTTTTCTTGGGTTGGTTCTAA,AGT,PRM_0366,NA,NA,FALSE,NA,NA,NA,NA,4,S,R
PRM_0366,SKVTVFLGWF,TCTAAAGTTACGGTTTTCTTGGGTTGGTTCTAA,ACG,PRM_0366,NA,NA,FALSE,NA,NA,NA,NA,4,T,R
PRM_0366,SKVTVFLGWF,TCTAAAGTTACTGTTTTCTTGGGTTGGTTCTAA,ACT,PRM_0366,NA,NA,FALSE,NA,NA,NA,NA,4,T,R
PRM_0366,SKV*VFLGWF,TCTAAAGTTTAGGTTTTCTTGGGTTGGTTCTAA,TAG,PRM_0366,NA,NA,FALSE,NA,NA,NA,NA,4,*,R
PRM_0366,SKVYVFLGWF,TCTAAAGTTTATGTTTTCTTGGGTTGGTTCTAA,TAT,PRM_0366,NA,NA,FALSE,NA,NA,NA,NA,4,Y,R
PRM_0366,SKVLVFLGWF,TCTAAAGTTTTGGTTTTCTTGGGTTGGTTCTAA,TTG,PRM_0366,NA,NA,FALSE,NA,NA,NA,NA,4,L,R
PRM_0366,SKVFVFLGWF,TCTAAAGTTTTTGTTTTCTTGGGTTGGTTCTAA,TTT,PRM_0366,NA,NA,FALSE,NA,NA,NA,NA,4,F,R
PRM_0366,SKVWVFLGWF,TCTAAAGTTTGGGTTTTCTTGGGTTGGTTCTAA,TGG,PRM_0366,NA,NA,FALSE,NA,NA,NA,NA,4,W,R
PRM_0366,SKVCVFLGWF,TCTAAAGTTTGTGTTTTCTTGGGTTGGTTCTAA,TGT,PRM_0366,NA,NA,FALSE,NA,NA,NA,NA,4,C,R
PRM_0366,SKVSVFLGWF,TCTAAAGTTTCGGTTTTCTTGGGTTGGTTCTAA,TCG,PRM_0366,NA,NA,FALSE,NA,NA,NA,NA,4,S,R
PRM_0366,SKVSVFLGWF,TCTAAAGTTTCTGTTTTCTTGGGTTGGTTCTAA,TCT,PRM_0366,NA,NA,FALSE,NA,NA,NA,NA,4,S,R
PRM_0366,SKVEVFLGWF,TCTAAAGTTGAGGTTTTCTTGGGTTGGTTCTAA,GAG,PRM_0366,NA,NA,FALSE,NA,NA,NA,NA,4,E,R
PRM_0366,SKVDVFLGWF,TCTAAAGTTGATGTTTTCTTGGGTTGGTTCTAA,GAT,PRM_0366,NA,NA,FALSE,NA,NA,NA,NA,4,D,R
PRM_0366,SKVVVFLGWF,TCTAAAGTTGTGGTTTTCTTGGGTTGGTTCTAA,GTG,PRM_0366,NA,NA,FALSE,NA,NA,NA,NA,4,V,R
PRM_0366,SKVVVFLGWF,TCTAAAGTTGTTGTTTTCTTGGGTTGGTTCTAA,GTT,PRM_0366,NA,NA,FALSE,NA,NA,NA,NA,4,V,R
PRM_0366,SKVGVFLGWF,TCTAAAGTTGGGGTTTTCTTGGGTTGGTTCTAA,GGG,PRM_0366,NA,NA,FALSE,NA,NA,NA,NA,4,G,R
PRM_0366,SKVGVFLGWF,TCTAAAGTTGGTGTTTTCTTGGGTTGGTTCTAA,GGT,PRM_0366,NA,NA,FALSE,NA,NA,NA,NA,4,G,R
PRM_0366,SKVAVFLGWF,TCTAAAGTTGCGGTTTTCTTGGGTTGGTTCTAA,GCG,PRM_0366,NA,NA,FALSE,NA,NA,NA,NA,4,A,R
PRM_0366,SKVAVFLGWF,TCTAAAGTTGCTGTTTTCTTGGGTTGGTTCTAA,GCT,PRM_0366,NA,NA,FALSE,NA,NA,NA,NA,4,A,R
PRM_0366,SKVQVFLGWF,TCTAAAGTTCAGGTTTTCTTGGGTTGGTTCTAA,CAG,PRM_0366,NA,NA,FALSE,NA,NA,NA,NA,4,Q,R
PRM_0366,SKVHVFLGWF,TCTAAAGTTCATGTTTTCTTGGGTTGGTTCTAA,CAT,PRM_0366,NA,NA,FALSE,NA,NA,NA,NA,4,H,R
PRM_0366,SKVLVFLGWF,TCTAAAGTTCTGGTTTTCTTGGGTTGGTTCTAA,CTG,PRM_0366,NA,NA,FALSE,NA,NA,NA,NA,4,L,R
PRM_0366,SKVLVFLGWF,TCTAAAGTTCTTGTTTTCTTGGGTTGGTTCTAA,CTT,PRM_0366,NA,NA,FALSE,NA,NA,NA,NA,4,L,R
PRM_0366,SKVRVFLGWF,TCTAAAGTTCGGGTTTTCTTGGGTTGGTTCTAA,CGG,PRM_0366,NA,NA,FALSE,NA,NA,NA,NA,4,R,R
PRM_0366,SKVRVFLGWF,TCTAAAGTTCGTGTTTTCTTGGGTTGGTTCTAA,CGT,PRM_0366,NA,NA,FALSE,NA,NA,NA,NA,4,R,R
PRM_0366,SKVPVFLGWF,TCTAAAGTTCCGGTTTTCTTGGGTTGGTTCTAA,CCG,PRM_0366,NA,NA,FALSE,NA,NA,NA,NA,4,P,R
PRM_0366,SKVPVFLGWF,TCTAAAGTTCCTGTTTTCTTGGGTTGGTTCTAA,CCT,PRM_0366,NA,NA,FALSE,NA,NA,NA,NA,4,P,R
PRM_0366,SKVRKFLGWF,TCTAAAGTTAGAAAGTTCTTGGGTTGGTTCTAA,AAG,PRM_0366,NA,NA,FALSE,NA,NA,NA,NA,5,K,V
PRM_0366,SKVRNFLGWF,TCTAAAGTTAGAAATTTCTTGGGTTGGTTCTAA,AAT,PRM_0366,NA,NA,FALSE,NA,NA,NA,NA,5,N,V
PRM_0366,SKVRMFLGWF,TCTAAAGTTAGAATGTTCTTGGGTTGGTTCTAA,ATG,PRM_0366,NA,NA,FALSE,NA,NA,NA,NA,5,M,V
PRM_0366,SKVRIFLGWF,TCTAAAGTTAGAATTTTCTTGGGTTGGTTCTAA,ATT,PRM_0366,NA,NA,FALSE,NA,NA,NA,NA,5,I,V
PRM_0366,SKVRRFLGWF,TCTAAAGTTAGAAGGTTCTTGGGTTGGTTCTAA,AGG,PRM_0366,NA,NA,FALSE,NA,NA,NA,NA,5,R,V
PRM_0366,SKVRSFLGWF,TCTAAAGTTAGAAGTTTCTTGGGTTGGTTCTAA,AGT,PRM_0366,NA,NA,FALSE,NA,NA,NA,NA,5,S,V
PRM_0366,SKVRTFLGWF,TCTAAAGTTAGAACGTTCTTGGGTTGGTTCTAA,ACG,PRM_0366,NA,NA,FALSE,NA,NA,NA,NA,5,T,V
PRM_0366,SKVRTFLGWF,TCTAAAGTTAGAACTTTCTTGGGTTGGTTCTAA,ACT,PRM_0366,NA,NA,FALSE,NA,NA,NA,NA,5,T,V
PRM_0366,SKVR*FLGWF,TCTAAAGTTAGATAGTTCTTGGGTTGGTTCTAA,TAG,PRM_0366,NA,NA,FALSE,NA,NA,NA,NA,5,*,V
PRM_0366,SKVRYFLGWF,TCTAAAGTTAGATATTTCTTGGGTTGGTTCTAA,TAT,PRM_0366,NA,NA,FALSE,NA,NA,NA,NA,5,Y,V
PRM_0366,SKVRLFLGWF,TCTAAAGTTAGATTGTTCTTGGGTTGGTTCTAA,TTG,PRM_0366,NA,NA,FALSE,NA,NA,NA,NA,5,L,V
PRM_0366,SKVRFFLGWF,TCTAAAGTTAGATTTTTCTTGGGTTGGTTCTAA,TTT,PRM_0366,NA,NA,FALSE,NA,NA,NA,NA,5,F,V
PRM_0366,SKVRWFLGWF,TCTAAAGTTAGATGGTTCTTGGGTTGGTTCTAA,TGG,PRM_0366,NA,NA,FALSE,NA,NA,NA,NA,5,W,V
PRM_0366,SKVRCFLGWF,TCTAAAGTTAGATGTTTCTTGGGTTGGTTCTAA,TGT,PRM_0366,NA,NA,FALSE,NA,NA,NA,NA,5,C,V
PRM_0366,SKVRSFLGWF,TCTAAAGTTAGATCGTTCTTGGGTTGGTTCTAA,TCG,PRM_0366,NA,NA,FALSE,NA,NA,NA,NA,5,S,V
PRM_0366,SKVRSFLGWF,TCTAAAGTTAGATCTTTCTTGGGTTGGTTCTAA,TCT,PRM_0366,NA,NA,FALSE,NA,NA,NA,NA,5,S,V
PRM_0366,SKVREFLGWF,TCTAAAGTTAGAGAGTTCTTGGGTTGGTTCTAA,GAG,PRM_0366,NA,NA,FALSE,NA,NA,NA,NA,5,E,V
PRM_0366,SKVRDFLGWF,TCTAAAGTTAGAGATTTCTTGGGTTGGTTCTAA,GAT,PRM_0366,NA,NA,FALSE,NA,NA,NA,NA,5,D,V
PRM_0366,SKVRVFLGWF,TCTAAAGTTAGAGTGTTCTTGGGTTGGTTCTAA,GTG,PRM_0366,NA,NA,FALSE,NA,NA,NA,NA,5,V,V
PRM_0366,SKVRVFLGWF,TCTAAAGTTAGAGTTTTCTTGGGTTGGTTCTAA,GTT,PRM_0366,NA,NA,FALSE,NA,NA,NA,NA,5,V,V
PRM_0366,SKVRGFLGWF,TCTAAAGTTAGAGGGTTCTTGGGTTGGTTCTAA,GGG,PRM_0366,NA,NA,FALSE,NA,NA,NA,NA,5,G,V
PRM_0366,SKVRGFLGWF,TCTAAAGTTAGAGGTTTCTTGGGTTGGTTCTAA,GGT,PRM_0366,NA,NA,FALSE,NA,NA,NA,NA,5,G,V
PRM_0366,SKVRAFLGWF,TCTAAAGTTAGAGCGTTCTTGGGTTGGTTCTAA,GCG,PRM_0366,NA,NA,FALSE,NA,NA,NA,NA,5,A,V
PRM_0366,SKVRAFLGWF,TCTAAAGTTAGAGCTTTCTTGGGTTGGTTCTAA,GCT,PRM_0366,NA,NA,FALSE,NA,NA,NA,NA,5,A,V
PRM_0366,SKVRQFLGWF,TCTAAAGTTAGACAGTTCTTGGGTTGGTTCTAA,CAG,PRM_0366,NA,NA,FALSE,NA,NA,NA,NA,5,Q,V
PRM_0366,SKVRHFLGWF,TCTAAAGTTAGACATTTCTTGGGTTGGTTCTAA,CAT,PRM_0366,NA,NA,FALSE,NA,NA,NA,NA,5,H,V
PRM_0366,SKVRLFLGWF,TCTAAAGTTAGACTGTTCTTGGGTTGGTTCTAA,CTG,PRM_0366,NA,NA,FALSE,NA,NA,NA,NA,5,L,V
PRM_0366,SKVRLFLGWF,TCTAAAGTTAGACTTTTCTTGGGTTGGTTCTAA,CTT,PRM_0366,NA,NA,FALSE,NA,NA,NA,NA,5,L,V
PRM_0366,SKVRRFLGWF,TCTAAAGTTAGACGGTTCTTGGGTTGGTTCTAA,CGG,PRM_0366,NA,NA,FALSE,NA,NA,NA,NA,5,R,V
PRM_0366,SKVRRFLGWF,TCTAAAGTTAGACGTTTCTTGGGTTGGTTCTAA,CGT,PRM_0366,NA,NA,FALSE,NA,NA,NA,NA,5,R,V
PRM_0366,SKVRPFLGWF,TCTAAAGTTAGACCGTTCTTGGGTTGGTTCTAA,CCG,PRM_0366,NA,NA,FALSE,NA,NA,NA,NA,5,P,V
PRM_0366,SKVRPFLGWF,TCTAAAGTTAGACCTTTCTTGGGTTGGTTCTAA,CCT,PRM_0366,NA,NA,FALSE,NA,NA,NA,NA,5,P,V
PRM_0366,SKVRVKLGWF,TCTAAAGTTAGAGTTAAGTTGGGTTGGTTCTAA,AAG,PRM_0366,NA,NA,FALSE,NA,NA,NA,NA,6,K,F
PRM_0366,SKVRVNLGWF,TCTAAAGTTAGAGTTAATTTGGGTTGGTTCTAA,AAT,PRM_0366,NA,NA,FALSE,NA,NA,NA,NA,6,N,F
PRM_0366,SKVRVMLGWF,TCTAAAGTTAGAGTTATGTTGGGTTGGTTCTAA,ATG,PRM_0366,NA,NA,FALSE,NA,NA,NA,NA,6,M,F
PRM_0366,SKVRVILGWF,TCTAAAGTTAGAGTTATTTTGGGTTGGTTCTAA,ATT,PRM_0366,NA,NA,FALSE,NA,NA,NA,NA,6,I,F
PRM_0366,SKVRVRLGWF,TCTAAAGTTAGAGTTAGGTTGGGTTGGTTCTAA,AGG,PRM_0366,NA,NA,FALSE,NA,NA,NA,NA,6,R,F
PRM_0366,SKVRVSLGWF,TCTAAAGTTAGAGTTAGTTTGGGTTGGTTCTAA,AGT,PRM_0366,NA,NA,FALSE,NA,NA,NA,NA,6,S,F
PRM_0366,SKVRVTLGWF,TCTAAAGTTAGAGTTACGTTGGGTTGGTTCTAA,ACG,PRM_0366,NA,NA,FALSE,NA,NA,NA,NA,6,T,F
PRM_0366,SKVRVTLGWF,TCTAAAGTTAGAGTTACTTTGGGTTGGTTCTAA,ACT,PRM_0366,NA,NA,FALSE,NA,NA,NA,NA,6,T,F
PRM_0366,SKVRV*LGWF,TCTAAAGTTAGAGTTTAGTTGGGTTGGTTCTAA,TAG,PRM_0366,NA,NA,FALSE,NA,NA,NA,NA,6,*,F
PRM_0366,SKVRVYLGWF,TCTAAAGTTAGAGTTTATTTGGGTTGGTTCTAA,TAT,PRM_0366,NA,NA,FALSE,NA,NA,NA,NA,6,Y,F
PRM_0366,SKVRVLLGWF,TCTAAAGTTAGAGTTTTGTTGGGTTGGTTCTAA,TTG,PRM_0366,NA,NA,FALSE,NA,NA,NA,NA,6,L,F
PRM_0366,SKVRVFLGWF,TCTAAAGTTAGAGTTTTTTTGGGTTGGTTCTAA,TTT,PRM_0366,NA,NA,FALSE,NA,NA,NA,NA,6,F,F
PRM_0366,SKVRVWLGWF,TCTAAAGTTAGAGTTTGGTTGGGTTGGTTCTAA,TGG,PRM_0366,NA,NA,FALSE,NA,NA,NA,NA,6,W,F
PRM_0366,SKVRVCLGWF,TCTAAAGTTAGAGTTTGTTTGGGTTGGTTCTAA,TGT,PRM_0366,NA,NA,FALSE,NA,NA,NA,NA,6,C,F
PRM_0366,SKVRVSLGWF,TCTAAAGTTAGAGTTTCGTTGGGTTGGTTCTAA,TCG,PRM_0366,NA,NA,FALSE,NA,NA,NA,NA,6,S,F
PRM_0366,SKVRVSLGWF,TCTAAAGTTAGAGTTTCTTTGGGTTGGTTCTAA,TCT,PRM_0366,NA,NA,FALSE,NA,NA,NA,NA,6,S,F
PRM_0366,SKVRVELGWF,TCTAAAGTTAGAGTTGAGTTGGGTTGGTTCTAA,GAG,PRM_0366,NA,NA,FALSE,NA,NA,NA,NA,6,E,F
PRM_0366,SKVRVDLGWF,TCTAAAGTTAGAGTTGATTTGGGTTGGTTCTAA,GAT,PRM_0366,NA,NA,FALSE,NA,NA,NA,NA,6,D,F
PRM_0366,SKVRVVLGWF,TCTAAAGTTAGAGTTGTGTTGGGTTGGTTCTAA,GTG,PRM_0366,NA,NA,FALSE,NA,NA,NA,NA,6,V,F
PRM_0366,SKVRVVLGWF,TCTAAAGTTAGAGTTGTTTTGGGTTGGTTCTAA,GTT,PRM_0366,NA,NA,FALSE,NA,NA,NA,NA,6,V,F
PRM_0366,SKVRVGLGWF,TCTAAAGTTAGAGTTGGGTTGGGTTGGTTCTAA,GGG,PRM_0366,NA,NA,FALSE,NA,NA,NA,NA,6,G,F
PRM_0366,SKVRVGLGWF,TCTAAAGTTAGAGTTGGTTTGGGTTGGTTCTAA,GGT,PRM_0366,NA,NA,FALSE,NA,NA,NA,NA,6,G,F
PRM_0366,SKVRVALGWF,TCTAAAGTTAGAGTTGCGTTGGGTTGGTTCTAA,GCG,PRM_0366,NA,NA,FALSE,NA,NA,NA,NA,6,A,F
PRM_0366,SKVRVALGWF,TCTAAAGTTAGAGTTGCTTTGGGTTGGTTCTAA,GCT,PRM_0366,NA,NA,FALSE,NA,NA,NA,NA,6,A,F
PRM_0366,SKVRVQLGWF,TCTAAAGTTAGAGTTCAGTTGGGTTGGTTCTAA,CAG,PRM_0366,NA,NA,FALSE,NA,NA,NA,NA,6,Q,F
PRM_0366,SKVRVHLGWF,TCTAAAGTTAGAGTTCATTTGGGTTGGTTCTAA,CAT,PRM_0366,NA,NA,FALSE,NA,NA,NA,NA,6,H,F
PRM_0366,SKVRVLLGWF,TCTAAAGTTAGAGTTCTGTTGGGTTGGTTCTAA,CTG,PRM_0366,NA,NA,FALSE,NA,NA,NA,NA,6,L,F
PRM_0366,SKVRVLLGWF,TCTAAAGTTAGAGTTCTTTTGGGTTGGTTCTAA,CTT,PRM_0366,NA,NA,FALSE,NA,NA,NA,NA,6,L,F
PRM_0366,SKVRVRLGWF,TCTAAAGTTAGAGTTCGGTTGGGTTGGTTCTAA,CGG,PRM_0366,NA,NA,FALSE,NA,NA,NA,NA,6,R,F
PRM_0366,SKVRVRLGWF,TCTAAAGTTAGAGTTCGTTTGGGTTGGTTCTAA,CGT,PRM_0366,NA,NA,FALSE,NA,NA,NA,NA,6,R,F
PRM_0366,SKVRVPLGWF,TCTAAAGTTAGAGTTCCGTTGGGTTGGTTCTAA,CCG,PRM_0366,NA,NA,FALSE,NA,NA,NA,NA,6,P,F
PRM_0366,SKVRVPLGWF,TCTAAAGTTAGAGTTCCTTTGGGTTGGTTCTAA,CCT,PRM_0366,NA,NA,FALSE,NA,NA,NA,NA,6,P,F
PRM_0366,SKVRVFKGWF,TCTAAAGTTAGAGTTTTCAAGGGTTGGTTCTAA,AAG,PRM_0366,NA,NA,FALSE,NA,NA,NA,NA,7,K,L
PRM_0366,SKVRVFNGWF,TCTAAAGTTAGAGTTTTCAATGGTTGGTTCTAA,AAT,PRM_0366,NA,NA,FALSE,NA,NA,NA,NA,7,N,L
PRM_0366,SKVRVFMGWF,TCTAAAGTTAGAGTTTTCATGGGTTGGTTCTAA,ATG,PRM_0366,NA,NA,FALSE,NA,NA,NA,NA,7,M,L
PRM_0366,SKVRVFIGWF,TCTAAAGTTAGAGTTTTCATTGGTTGGTTCTAA,ATT,PRM_0366,NA,NA,FALSE,NA,NA,NA,NA,7,I,L
PRM_0366,SKVRVFRGWF,TCTAAAGTTAGAGTTTTCAGGGGTTGGTTCTAA,AGG,PRM_0366,NA,NA,FALSE,NA,NA,NA,NA,7,R,L
PRM_0366,SKVRVFSGWF,TCTAAAGTTAGAGTTTTCAGTGGTTGGTTCTAA,AGT,PRM_0366,NA,NA,FALSE,NA,NA,NA,NA,7,S,L
PRM_0366,SKVRVFTGWF,TCTAAAGTTAGAGTTTTCACGGGTTGGTTCTAA,ACG,PRM_0366,NA,NA,FALSE,NA,NA,NA,NA,7,T,L
PRM_0366,SKVRVFTGWF,TCTAAAGTTAGAGTTTTCACTGGTTGGTTCTAA,ACT,PRM_0366,NA,NA,FALSE,NA,NA,NA,NA,7,T,L
PRM_0366,SKVRVF*GWF,TCTAAAGTTAGAGTTTTCTAGGGTTGGTTCTAA,TAG,PRM_0366,NA,NA,FALSE,NA,NA,NA,NA,7,*,L
PRM_0366,SKVRVFYGWF,TCTAAAGTTAGAGTTTTCTATGGTTGGTTCTAA,TAT,PRM_0366,NA,NA,FALSE,NA,NA,NA,NA,7,Y,L
PRM_0366,SKVRVFLGWF,TCTAAAGTTAGAGTTTTCTTGGGTTGGTTCTAA,TTG,PRM_0366,NA,NA,FALSE,NA,NA,NA,NA,7,L,L
PRM_0366,SKVRVFFGWF,TCTAAAGTTAGAGTTTTCTTTGGTTGGTTCTAA,TTT,PRM_0366,NA,NA,FALSE,NA,NA,NA,NA,7,F,L
PRM_0366,SKVRVFWGWF,TCTAAAGTTAGAGTTTTCTGGGGTTGGTTCTAA,TGG,PRM_0366,NA,NA,FALSE,NA,NA,NA,NA,7,W,L
PRM_0366,SKVRVFCGWF,TCTAAAGTTAGAGTTTTCTGTGGTTGGTTCTAA,TGT,PRM_0366,NA,NA,FALSE,NA,NA,NA,NA,7,C,L
PRM_0366,SKVRVFSGWF,TCTAAAGTTAGAGTTTTCTCGGGTTGGTTCTAA,TCG,PRM_0366,NA,NA,FALSE,NA,NA,NA,NA,7,S,L
PRM_0366,SKVRVFSGWF,TCTAAAGTTAGAGTTTTCTCTGGTTGGTTCTAA,TCT,PRM_0366,NA,NA,FALSE,NA,NA,NA,NA,7,S,L
PRM_0366,SKVRVFEGWF,TCTAAAGTTAGAGTTTTCGAGGGTTGGTTCTAA,GAG,PRM_0366,NA,NA,FALSE,NA,NA,NA,NA,7,E,L
PRM_0366,SKVRVFDGWF,TCTAAAGTTAGAGTTTTCGATGGTTGGTTCTAA,GAT,PRM_0366,NA,NA,FALSE,NA,NA,NA,NA,7,D,L
PRM_0366,SKVRVFVGWF,TCTAAAGTTAGAGTTTTCGTGGGTTGGTTCTAA,GTG,PRM_0366,NA,NA,FALSE,NA,NA,NA,NA,7,V,L
PRM_0366,SKVRVFVGWF,TCTAAAGTTAGAGTTTTCGTTGGTTGGTTCTAA,GTT,PRM_0366,NA,NA,FALSE,NA,NA,NA,NA,7,V,L
PRM_0366,SKVRVFGGWF,TCTAAAGTTAGAGTTTTCGGGGGTTGGTTCTAA,GGG,PRM_0366,NA,NA,FALSE,NA,NA,NA,NA,7,G,L
PRM_0366,SKVRVFGGWF,TCTAAAGTTAGAGTTTTCGGTGGTTGGTTCTAA,GGT,PRM_0366,NA,NA,FALSE,NA,NA,NA,NA,7,G,L
PRM_0366,SKVRVFAGWF,TCTAAAGTTAGAGTTTTCGCGGGTTGGTTCTAA,GCG,PRM_0366,NA,NA,FALSE,NA,NA,NA,NA,7,A,L
PRM_0366,SKVRVFAGWF,TCTAAAGTTAGAGTTTTCGCTGGTTGGTTCTAA,GCT,PRM_0366,NA,NA,FALSE,NA,NA,NA,NA,7,A,L
PRM_0366,SKVRVFQGWF,TCTAAAGTTAGAGTTTTCCAGGGTTGGTTCTAA,CAG,PRM_0366,NA,NA,FALSE,NA,NA,NA,NA,7,Q,L
PRM_0366,SKVRVFHGWF,TCTAAAGTTAGAGTTTTCCATGGTTGGTTCTAA,CAT,PRM_0366,NA,NA,FALSE,NA,NA,NA,NA,7,H,L
PRM_0366,SKVRVFLGWF,TCTAAAGTTAGAGTTTTCCTGGGTTGGTTCTAA,CTG,PRM_0366,NA,NA,FALSE,NA,NA,NA,NA,7,L,L
PRM_0366,SKVRVFLGWF,TCTAAAGTTAGAGTTTTCCTTGGTTGGTTCTAA,CTT,PRM_0366,NA,NA,FALSE,NA,NA,NA,NA,7,L,L
PRM_0366,SKVRVFRGWF,TCTAAAGTTAGAGTTTTCCGGGGTTGGTTCTAA,CGG,PRM_0366,NA,NA,FALSE,NA,NA,NA,NA,7,R,L
PRM_0366,SKVRVFRGWF,TCTAAAGTTAGAGTTTTCCGTGGTTGGTTCTAA,CGT,PRM_0366,NA,NA,FALSE,NA,NA,NA,NA,7,R,L
PRM_0366,SKVRVFPGWF,TCTAAAGTTAGAGTTTTCCCGGGTTGGTTCTAA,CCG,PRM_0366,NA,NA,FALSE,NA,NA,NA,NA,7,P,L
PRM_0366,SKVRVFPGWF,TCTAAAGTTAGAGTTTTCCCTGGTTGGTTCTAA,CCT,PRM_0366,NA,NA,FALSE,NA,NA,NA,NA,7,P,L
PRM_0366,SKVRVFLKWF,TCTAAAGTTAGAGTTTTCTTGAAGTGGTTCTAA,AAG,PRM_0366,NA,NA,FALSE,NA,NA,NA,NA,8,K,G
PRM_0366,SKVRVFLNWF,TCTAAAGTTAGAGTTTTCTTGAATTGGTTCTAA,AAT,PRM_0366,NA,NA,FALSE,NA,NA,NA,NA,8,N,G
PRM_0366,SKVRVFLMWF,TCTAAAGTTAGAGTTTTCTTGATGTGGTTCTAA,ATG,PRM_0366,NA,NA,FALSE,NA,NA,NA,NA,8,M,G
PRM_0366,SKVRVFLIWF,TCTAAAGTTAGAGTTTTCTTGATTTGGTTCTAA,ATT,PRM_0366,NA,NA,FALSE,NA,NA,NA,NA,8,I,G
PRM_0366,SKVRVFLRWF,TCTAAAGTTAGAGTTTTCTTGAGGTGGTTCTAA,AGG,PRM_0366,NA,NA,FALSE,NA,NA,NA,NA,8,R,G
PRM_0366,SKVRVFLSWF,TCTAAAGTTAGAGTTTTCTTGAGTTGGTTCTAA,AGT,PRM_0366,NA,NA,FALSE,NA,NA,NA,NA,8,S,G
PRM_0366,SKVRVFLTWF,TCTAAAGTTAGAGTTTTCTTGACGTGGTTCTAA,ACG,PRM_0366,NA,NA,FALSE,NA,NA,NA,NA,8,T,G
PRM_0366,SKVRVFLTWF,TCTAAAGTTAGAGTTTTCTTGACTTGGTTCTAA,ACT,PRM_0366,NA,NA,FALSE,NA,NA,NA,NA,8,T,G
PRM_0366,SKVRVFL*WF,TCTAAAGTTAGAGTTTTCTTGTAGTGGTTCTAA,TAG,PRM_0366,NA,NA,FALSE,NA,NA,NA,NA,8,*,G
PRM_0366,SKVRVFLYWF,TCTAAAGTTAGAGTTTTCTTGTATTGGTTCTAA,TAT,PRM_0366,NA,NA,FALSE,NA,NA,NA,NA,8,Y,G
PRM_0366,SKVRVFLLWF,TCTAAAGTTAGAGTTTTCTTGTTGTGGTTCTAA,TTG,PRM_0366,NA,NA,FALSE,NA,NA,NA,NA,8,L,G
PRM_0366,SKVRVFLFWF,TCTAAAGTTAGAGTTTTCTTGTTTTGGTTCTAA,TTT,PRM_0366,NA,NA,FALSE,NA,NA,NA,NA,8,F,G
PRM_0366,SKVRVFLWWF,TCTAAAGTTAGAGTTTTCTTGTGGTGGTTCTAA,TGG,PRM_0366,NA,NA,FALSE,NA,NA,NA,NA,8,W,G
PRM_0366,SKVRVFLCWF,TCTAAAGTTAGAGTTTTCTTGTGTTGGTTCTAA,TGT,PRM_0366,NA,NA,FALSE,NA,NA,NA,NA,8,C,G
PRM_0366,SKVRVFLSWF,TCTAAAGTTAGAGTTTTCTTGTCGTGGTTCTAA,TCG,PRM_0366,NA,NA,FALSE,NA,NA,NA,NA,8,S,G
PRM_0366,SKVRVFLSWF,TCTAAAGTTAGAGTTTTCTTGTCTTGGTTCTAA,TCT,PRM_0366,NA,NA,FALSE,NA,NA,NA,NA,8,S,G
PRM_0366,SKVRVFLEWF,TCTAAAGTTAGAGTTTTCTTGGAGTGGTTCTAA,GAG,PRM_0366,NA,NA,FALSE,NA,NA,NA,NA,8,E,G
PRM_0366,SKVRVFLDWF,TCTAAAGTTAGAGTTTTCTTGGATTGGTTCTAA,GAT,PRM_0366,NA,NA,FALSE,NA,NA,NA,NA,8,D,G
PRM_0366,SKVRVFLVWF,TCTAAAGTTAGAGTTTTCTTGGTGTGGTTCTAA,GTG,PRM_0366,NA,NA,FALSE,NA,NA,NA,NA,8,V,G
PRM_0366,SKVRVFLVWF,TCTAAAGTTAGAGTTTTCTTGGTTTGGTTCTAA,GTT,PRM_0366,NA,NA,FALSE,NA,NA,NA,NA,8,V,G
PRM_0366,SKVRVFLGWF,TCTAAAGTTAGAGTTTTCTTGGGGTGGTTCTAA,GGG,PRM_0366,NA,NA,FALSE,NA,NA,NA,NA,8,G,G
PRM_0366,SKVRVFLGWF,TCTAAAGTTAGAGTTTTCTTGGGTTGGTTCTAA,GGT,PRM_0366,NA,NA,FALSE,NA,NA,NA,NA,8,G,G
PRM_0366,SKVRVFLAWF,TCTAAAGTTAGAGTTTTCTTGGCGTGGTTCTAA,GCG,PRM_0366,NA,NA,FALSE,NA,NA,NA,NA,8,A,G
PRM_0366,SKVRVFLAWF,TCTAAAGTTAGAGTTTTCTTGGCTTGGTTCTAA,GCT,PRM_0366,NA,NA,FALSE,NA,NA,NA,NA,8,A,G
PRM_0366,SKVRVFLQWF,TCTAAAGTTAGAGTTTTCTTGCAGTGGTTCTAA,CAG,PRM_0366,NA,NA,FALSE,NA,NA,NA,NA,8,Q,G
PRM_0366,SKVRVFLHWF,TCTAAAGTTAGAGTTTTCTTGCATTGGTTCTAA,CAT,PRM_0366,NA,NA,FALSE,NA,NA,NA,NA,8,H,G
PRM_0366,SKVRVFLLWF,TCTAAAGTTAGAGTTTTCTTGCTGTGGTTCTAA,CTG,PRM_0366,NA,NA,FALSE,NA,NA,NA,NA,8,L,G
PRM_0366,SKVRVFLLWF,TCTAAAGTTAGAGTTTTCTTGCTTTGGTTCTAA,CTT,PRM_0366,NA,NA,FALSE,NA,NA,NA,NA,8,L,G
PRM_0366,SKVRVFLRWF,TCTAAAGTTAGAGTTTTCTTGCGGTGGTTCTAA,CGG,PRM_0366,NA,NA,FALSE,NA,NA,NA,NA,8,R,G
PRM_0366,SKVRVFLRWF,TCTAAAGTTAGAGTTTTCTTGCGTTGGTTCTAA,CGT,PRM_0366,NA,NA,FALSE,NA,NA,NA,NA,8,R,G
PRM_0366,SKVRVFLPWF,TCTAAAGTTAGAGTTTTCTTGCCGTGGTTCTAA,CCG,PRM_0366,NA,NA,FALSE,NA,NA,NA,NA,8,P,G
PRM_0366,SKVRVFLPWF,TCTAAAGTTAGAGTTTTCTTGCCTTGGTTCTAA,CCT,PRM_0366,NA,NA,FALSE,NA,NA,NA,NA,8,P,G
PRM_0366,SKVRVFLGKF,TCTAAAGTTAGAGTTTTCTTGGGTAAGTTCTAA,AAG,PRM_0366,NA,NA,FALSE,NA,NA,NA,NA,9,K,W
PRM_0366,SKVRVFLGNF,TCTAAAGTTAGAGTTTTCTTGGGTAATTTCTAA,AAT,PRM_0366,NA,NA,FALSE,NA,NA,NA,NA,9,N,W
PRM_0366,SKVRVFLGMF,TCTAAAGTTAGAGTTTTCTTGGGTATGTTCTAA,ATG,PRM_0366,NA,NA,FALSE,NA,NA,NA,NA,9,M,W
PRM_0366,SKVRVFLGIF,TCTAAAGTTAGAGTTTTCTTGGGTATTTTCTAA,ATT,PRM_0366,NA,NA,FALSE,NA,NA,NA,NA,9,I,W
PRM_0366,SKVRVFLGRF,TCTAAAGTTAGAGTTTTCTTGGGTAGGTTCTAA,AGG,PRM_0366,NA,NA,FALSE,NA,NA,NA,NA,9,R,W
PRM_0366,SKVRVFLGSF,TCTAAAGTTAGAGTTTTCTTGGGTAGTTTCTAA,AGT,PRM_0366,NA,NA,FALSE,NA,NA,NA,NA,9,S,W
PRM_0366,SKVRVFLGTF,TCTAAAGTTAGAGTTTTCTTGGGTACGTTCTAA,ACG,PRM_0366,NA,NA,FALSE,NA,NA,NA,NA,9,T,W
PRM_0366,SKVRVFLGTF,TCTAAAGTTAGAGTTTTCTTGGGTACTTTCTAA,ACT,PRM_0366,NA,NA,FALSE,NA,NA,NA,NA,9,T,W
PRM_0366,SKVRVFLG*F,TCTAAAGTTAGAGTTTTCTTGGGTTAGTTCTAA,TAG,PRM_0366,NA,NA,FALSE,NA,NA,NA,NA,9,*,W
PRM_0366,SKVRVFLGYF,TCTAAAGTTAGAGTTTTCTTGGGTTATTTCTAA,TAT,PRM_0366,NA,NA,FALSE,NA,NA,NA,NA,9,Y,W
PRM_0366,SKVRVFLGLF,TCTAAAGTTAGAGTTTTCTTGGGTTTGTTCTAA,TTG,PRM_0366,NA,NA,FALSE,NA,NA,NA,NA,9,L,W
PRM_0366,SKVRVFLGFF,TCTAAAGTTAGAGTTTTCTTGGGTTTTTTCTAA,TTT,PRM_0366,NA,NA,FALSE,NA,NA,NA,NA,9,F,W
PRM_0366,SKVRVFLGWF,TCTAAAGTTAGAGTTTTCTTGGGTTGGTTCTAA,TGG,PRM_0366,NA,NA,FALSE,NA,NA,NA,NA,9,W,W
PRM_0366,SKVRVFLGCF,TCTAAAGTTAGAGTTTTCTTGGGTTGTTTCTAA,TGT,PRM_0366,NA,NA,FALSE,NA,NA,NA,NA,9,C,W
PRM_0366,SKVRVFLGSF,TCTAAAGTTAGAGTTTTCTTGGGTTCGTTCTAA,TCG,PRM_0366,NA,NA,FALSE,NA,NA,NA,NA,9,S,W
PRM_0366,SKVRVFLGSF,TCTAAAGTTAGAGTTTTCTTGGGTTCTTTCTAA,TCT,PRM_0366,NA,NA,FALSE,NA,NA,NA,NA,9,S,W
PRM_0366,SKVRVFLGEF,TCTAAAGTTAGAGTTTTCTTGGGTGAGTTCTAA,GAG,PRM_0366,NA,NA,FALSE,NA,NA,NA,NA,9,E,W
PRM_0366,SKVRVFLGDF,TCTAAAGTTAGAGTTTTCTTGGGTGATTTCTAA,GAT,PRM_0366,NA,NA,FALSE,NA,NA,NA,NA,9,D,W
PRM_0366,SKVRVFLGVF,TCTAAAGTTAGAGTTTTCTTGGGTGTGTTCTAA,GTG,PRM_0366,NA,NA,FALSE,NA,NA,NA,NA,9,V,W
PRM_0366,SKVRVFLGVF,TCTAAAGTTAGAGTTTTCTTGGGTGTTTTCTAA,GTT,PRM_0366,NA,NA,FALSE,NA,NA,NA,NA,9,V,W
PRM_0366,SKVRVFLGGF,TCTAAAGTTAGAGTTTTCTTGGGTGGGTTCTAA,GGG,PRM_0366,NA,NA,FALSE,NA,NA,NA,NA,9,G,W
PRM_0366,SKVRVFLGGF,TCTAAAGTTAGAGTTTTCTTGGGTGGTTTCTAA,GGT,PRM_0366,NA,NA,FALSE,NA,NA,NA,NA,9,G,W
PRM_0366,SKVRVFLGAF,TCTAAAGTTAGAGTTTTCTTGGGTGCGTTCTAA,GCG,PRM_0366,NA,NA,FALSE,NA,NA,NA,NA,9,A,W
PRM_0366,SKVRVFLGAF,TCTAAAGTTAGAGTTTTCTTGGGTGCTTTCTAA,GCT,PRM_0366,NA,NA,FALSE,NA,NA,NA,NA,9,A,W
PRM_0366,SKVRVFLGQF,TCTAAAGTTAGAGTTTTCTTGGGTCAGTTCTAA,CAG,PRM_0366,NA,NA,FALSE,NA,NA,NA,NA,9,Q,W
PRM_0366,SKVRVFLGHF,TCTAAAGTTAGAGTTTTCTTGGGTCATTTCTAA,CAT,PRM_0366,NA,NA,FALSE,NA,NA,NA,NA,9,H,W
PRM_0366,SKVRVFLGLF,TCTAAAGTTAGAGTTTTCTTGGGTCTGTTCTAA,CTG,PRM_0366,NA,NA,FALSE,NA,NA,NA,NA,9,L,W
PRM_0366,SKVRVFLGLF,TCTAAAGTTAGAGTTTTCTTGGGTCTTTTCTAA,CTT,PRM_0366,NA,NA,FALSE,NA,NA,NA,NA,9,L,W
PRM_0366,SKVRVFLGRF,TCTAAAGTTAGAGTTTTCTTGGGTCGGTTCTAA,CGG,PRM_0366,NA,NA,FALSE,NA,NA,NA,NA,9,R,W
PRM_0366,SKVRVFLGRF,TCTAAAGTTAGAGTTTTCTTGGGTCGTTTCTAA,CGT,PRM_0366,NA,NA,FALSE,NA,NA,NA,NA,9,R,W
PRM_0366,SKVRVFLGPF,TCTAAAGTTAGAGTTTTCTTGGGTCCGTTCTAA,CCG,PRM_0366,NA,NA,FALSE,NA,NA,NA,NA,9,P,W
PRM_0366,SKVRVFLGPF,TCTAAAGTTAGAGTTTTCTTGGGTCCTTTCTAA,CCT,PRM_0366,NA,NA,FALSE,NA,NA,NA,NA,9,P,W
PRM_0385,KRRLHESPWL,AAGAGGAGATTGCATGAATCTCCATGGTTGTAA,AAG,PRM_0385,NA,NA,FALSE,NA,NA,NA,NA,1,K,R
PRM_0385,NRRLHESPWL,AATAGGAGATTGCATGAATCTCCATGGTTGTAA,AAT,PRM_0385,NA,NA,FALSE,NA,NA,NA,NA,1,N,R
PRM_0385,MRRLHESPWL,ATGAGGAGATTGCATGAATCTCCATGGTTGTAA,ATG,PRM_0385,NA,NA,FALSE,NA,NA,NA,NA,1,M,R
PRM_0385,IRRLHESPWL,ATTAGGAGATTGCATGAATCTCCATGGTTGTAA,ATT,PRM_0385,NA,NA,FALSE,NA,NA,NA,NA,1,I,R
PRM_0385,RRRLHESPWL,AGGAGGAGATTGCATGAATCTCCATGGTTGTAA,AGG,PRM_0385,NA,NA,FALSE,NA,NA,NA,NA,1,R,R
PRM_0385,SRRLHESPWL,AGTAGGAGATTGCATGAATCTCCATGGTTGTAA,AGT,PRM_0385,NA,NA,FALSE,NA,NA,NA,NA,1,S,R
PRM_0385,TRRLHESPWL,ACGAGGAGATTGCATGAATCTCCATGGTTGTAA,ACG,PRM_0385,NA,NA,FALSE,NA,NA,NA,NA,1,T,R
PRM_0385,TRRLHESPWL,ACTAGGAGATTGCATGAATCTCCATGGTTGTAA,ACT,PRM_0385,NA,NA,FALSE,NA,NA,NA,NA,1,T,R
PRM_0385,*RRLHESPWL,TAGAGGAGATTGCATGAATCTCCATGGTTGTAA,TAG,PRM_0385,NA,NA,FALSE,NA,NA,NA,NA,1,*,R
PRM_0385,YRRLHESPWL,TATAGGAGATTGCATGAATCTCCATGGTTGTAA,TAT,PRM_0385,NA,NA,FALSE,NA,NA,NA,NA,1,Y,R
PRM_0385,MRRLHESPWL,TTGAGGAGATTGCATGAATCTCCATGGTTGTAA,TTG,PRM_0385,NA,NA,FALSE,NA,NA,NA,NA,1,L,R
PRM_0385,FRRLHESPWL,TTTAGGAGATTGCATGAATCTCCATGGTTGTAA,TTT,PRM_0385,NA,NA,FALSE,NA,NA,NA,NA,1,F,R
PRM_0385,WRRLHESPWL,TGGAGGAGATTGCATGAATCTCCATGGTTGTAA,TGG,PRM_0385,NA,NA,FALSE,NA,NA,NA,NA,1,W,R
PRM_0385,CRRLHESPWL,TGTAGGAGATTGCATGAATCTCCATGGTTGTAA,TGT,PRM_0385,NA,NA,FALSE,NA,NA,NA,NA,1,C,R
PRM_0385,SRRLHESPWL,TCGAGGAGATTGCATGAATCTCCATGGTTGTAA,TCG,PRM_0385,NA,NA,FALSE,NA,NA,NA,NA,1,S,R
PRM_0385,SRRLHESPWL,TCTAGGAGATTGCATGAATCTCCATGGTTGTAA,TCT,PRM_0385,NA,NA,FALSE,NA,NA,NA,NA,1,S,R
PRM_0385,ERRLHESPWL,GAGAGGAGATTGCATGAATCTCCATGGTTGTAA,GAG,PRM_0385,NA,NA,FALSE,NA,NA,NA,NA,1,E,R
PRM_0385,DRRLHESPWL,GATAGGAGATTGCATGAATCTCCATGGTTGTAA,GAT,PRM_0385,NA,NA,FALSE,NA,NA,NA,NA,1,D,R
PRM_0385,VRRLHESPWL,GTGAGGAGATTGCATGAATCTCCATGGTTGTAA,GTG,PRM_0385,NA,NA,FALSE,NA,NA,NA,NA,1,V,R
PRM_0385,VRRLHESPWL,GTTAGGAGATTGCATGAATCTCCATGGTTGTAA,GTT,PRM_0385,NA,NA,FALSE,NA,NA,NA,NA,1,V,R
PRM_0385,GRRLHESPWL,GGGAGGAGATTGCATGAATCTCCATGGTTGTAA,GGG,PRM_0385,NA,NA,FALSE,NA,NA,NA,NA,1,G,R
PRM_0385,GRRLHESPWL,GGTAGGAGATTGCATGAATCTCCATGGTTGTAA,GGT,PRM_0385,NA,NA,FALSE,NA,NA,NA,NA,1,G,R
PRM_0385,ARRLHESPWL,GCGAGGAGATTGCATGAATCTCCATGGTTGTAA,GCG,PRM_0385,NA,NA,FALSE,NA,NA,NA,NA,1,A,R
PRM_0385,ARRLHESPWL,GCTAGGAGATTGCATGAATCTCCATGGTTGTAA,GCT,PRM_0385,NA,NA,FALSE,NA,NA,NA,NA,1,A,R
PRM_0385,QRRLHESPWL,CAGAGGAGATTGCATGAATCTCCATGGTTGTAA,CAG,PRM_0385,NA,NA,FALSE,NA,NA,NA,NA,1,Q,R
PRM_0385,HRRLHESPWL,CATAGGAGATTGCATGAATCTCCATGGTTGTAA,CAT,PRM_0385,NA,NA,FALSE,NA,NA,NA,NA,1,H,R
PRM_0385,MRRLHESPWL,CTGAGGAGATTGCATGAATCTCCATGGTTGTAA,CTG,PRM_0385,NA,NA,FALSE,NA,NA,NA,NA,1,L,R
PRM_0385,LRRLHESPWL,CTTAGGAGATTGCATGAATCTCCATGGTTGTAA,CTT,PRM_0385,NA,NA,FALSE,NA,NA,NA,NA,1,L,R
PRM_0385,RRRLHESPWL,CGGAGGAGATTGCATGAATCTCCATGGTTGTAA,CGG,PRM_0385,NA,NA,FALSE,NA,NA,NA,NA,1,R,R
PRM_0385,RRRLHESPWL,CGTAGGAGATTGCATGAATCTCCATGGTTGTAA,CGT,PRM_0385,NA,NA,FALSE,NA,NA,NA,NA,1,R,R
PRM_0385,PRRLHESPWL,CCGAGGAGATTGCATGAATCTCCATGGTTGTAA,CCG,PRM_0385,NA,NA,FALSE,NA,NA,NA,NA,1,P,R
PRM_0385,PRRLHESPWL,CCTAGGAGATTGCATGAATCTCCATGGTTGTAA,CCT,PRM_0385,NA,NA,FALSE,NA,NA,NA,NA,1,P,R
PRM_0385,RRRLHESPWK,AGAAGGAGATTGCATGAATCTCCATGGAAGTAA,AAG,PRM_0385,NA,NA,FALSE,NA,NA,NA,NA,10,K,L
PRM_0385,RRRLHESPWN,AGAAGGAGATTGCATGAATCTCCATGGAATTAA,AAT,PRM_0385,NA,NA,FALSE,NA,NA,NA,NA,10,N,L
PRM_0385,RRRLHESPWM,AGAAGGAGATTGCATGAATCTCCATGGATGTAA,ATG,PRM_0385,NA,NA,FALSE,NA,NA,NA,NA,10,M,L
PRM_0385,RRRLHESPWI,AGAAGGAGATTGCATGAATCTCCATGGATTTAA,ATT,PRM_0385,NA,NA,FALSE,NA,NA,NA,NA,10,I,L
PRM_0385,RRRLHESPWR,AGAAGGAGATTGCATGAATCTCCATGGAGGTAA,AGG,PRM_0385,NA,NA,FALSE,NA,NA,NA,NA,10,R,L
PRM_0385,RRRLHESPWS,AGAAGGAGATTGCATGAATCTCCATGGAGTTAA,AGT,PRM_0385,NA,NA,FALSE,NA,NA,NA,NA,10,S,L
PRM_0385,RRRLHESPWT,AGAAGGAGATTGCATGAATCTCCATGGACGTAA,ACG,PRM_0385,NA,NA,FALSE,NA,NA,NA,NA,10,T,L
PRM_0385,RRRLHESPWT,AGAAGGAGATTGCATGAATCTCCATGGACTTAA,ACT,PRM_0385,NA,NA,FALSE,NA,NA,NA,NA,10,T,L
PRM_0385,RRRLHESPW*,AGAAGGAGATTGCATGAATCTCCATGGTAGTAA,TAG,PRM_0385,NA,NA,FALSE,NA,NA,NA,NA,10,*,L
PRM_0385,RRRLHESPWY,AGAAGGAGATTGCATGAATCTCCATGGTATTAA,TAT,PRM_0385,NA,NA,FALSE,NA,NA,NA,NA,10,Y,L
PRM_0385,RRRLHESPWL,AGAAGGAGATTGCATGAATCTCCATGGTTGTAA,TTG,PRM_0385,NA,NA,FALSE,NA,NA,NA,NA,10,L,L
PRM_0385,RRRLHESPWF,AGAAGGAGATTGCATGAATCTCCATGGTTTTAA,TTT,PRM_0385,NA,NA,FALSE,NA,NA,NA,NA,10,F,L
PRM_0385,RRRLHESPWW,AGAAGGAGATTGCATGAATCTCCATGGTGGTAA,TGG,PRM_0385,NA,NA,FALSE,NA,NA,NA,NA,10,W,L
PRM_0385,RRRLHESPWC,AGAAGGAGATTGCATGAATCTCCATGGTGTTAA,TGT,PRM_0385,NA,NA,FALSE,NA,NA,NA,NA,10,C,L
PRM_0385,RRRLHESPWS,AGAAGGAGATTGCATGAATCTCCATGGTCGTAA,TCG,PRM_0385,NA,NA,FALSE,NA,NA,NA,NA,10,S,L
PRM_0385,RRRLHESPWS,AGAAGGAGATTGCATGAATCTCCATGGTCTTAA,TCT,PRM_0385,NA,NA,FALSE,NA,NA,NA,NA,10,S,L
PRM_0385,RRRLHESPWE,AGAAGGAGATTGCATGAATCTCCATGGGAGTAA,GAG,PRM_0385,NA,NA,FALSE,NA,NA,NA,NA,10,E,L
PRM_0385,RRRLHESPWD,AGAAGGAGATTGCATGAATCTCCATGGGATTAA,GAT,PRM_0385,NA,NA,FALSE,NA,NA,NA,NA,10,D,L
PRM_0385,RRRLHESPWV,AGAAGGAGATTGCATGAATCTCCATGGGTGTAA,GTG,PRM_0385,NA,NA,FALSE,NA,NA,NA,NA,10,V,L
PRM_0385,RRRLHESPWV,AGAAGGAGATTGCATGAATCTCCATGGGTTTAA,GTT,PRM_0385,NA,NA,FALSE,NA,NA,NA,NA,10,V,L
PRM_0385,RRRLHESPWG,AGAAGGAGATTGCATGAATCTCCATGGGGGTAA,GGG,PRM_0385,NA,NA,FALSE,NA,NA,NA,NA,10,G,L
PRM_0385,RRRLHESPWG,AGAAGGAGATTGCATGAATCTCCATGGGGTTAA,GGT,PRM_0385,NA,NA,FALSE,NA,NA,NA,NA,10,G,L
PRM_0385,RRRLHESPWA,AGAAGGAGATTGCATGAATCTCCATGGGCGTAA,GCG,PRM_0385,NA,NA,FALSE,NA,NA,NA,NA,10,A,L
PRM_0385,RRRLHESPWA,AGAAGGAGATTGCATGAATCTCCATGGGCTTAA,GCT,PRM_0385,NA,NA,FALSE,NA,NA,NA,NA,10,A,L
PRM_0385,RRRLHESPWQ,AGAAGGAGATTGCATGAATCTCCATGGCAGTAA,CAG,PRM_0385,NA,NA,FALSE,NA,NA,NA,NA,10,Q,L
PRM_0385,RRRLHESPWH,AGAAGGAGATTGCATGAATCTCCATGGCATTAA,CAT,PRM_0385,NA,NA,FALSE,NA,NA,NA,NA,10,H,L
PRM_0385,RRRLHESPWL,AGAAGGAGATTGCATGAATCTCCATGGCTGTAA,CTG,PRM_0385,NA,NA,FALSE,NA,NA,NA,NA,10,L,L
PRM_0385,RRRLHESPWL,AGAAGGAGATTGCATGAATCTCCATGGCTTTAA,CTT,PRM_0385,NA,NA,FALSE,NA,NA,NA,NA,10,L,L
PRM_0385,RRRLHESPWR,AGAAGGAGATTGCATGAATCTCCATGGCGGTAA,CGG,PRM_0385,NA,NA,FALSE,NA,NA,NA,NA,10,R,L
PRM_0385,RRRLHESPWR,AGAAGGAGATTGCATGAATCTCCATGGCGTTAA,CGT,PRM_0385,NA,NA,FALSE,NA,NA,NA,NA,10,R,L
PRM_0385,RRRLHESPWP,AGAAGGAGATTGCATGAATCTCCATGGCCGTAA,CCG,PRM_0385,NA,NA,FALSE,NA,NA,NA,NA,10,P,L
PRM_0385,RRRLHESPWP,AGAAGGAGATTGCATGAATCTCCATGGCCTTAA,CCT,PRM_0385,NA,NA,FALSE,NA,NA,NA,NA,10,P,L
PRM_0385,RKRLHESPWL,AGAAAGAGATTGCATGAATCTCCATGGTTGTAA,AAG,PRM_0385,NA,NA,FALSE,NA,NA,NA,NA,2,K,R
PRM_0385,RNRLHESPWL,AGAAATAGATTGCATGAATCTCCATGGTTGTAA,AAT,PRM_0385,NA,NA,FALSE,NA,NA,NA,NA,2,N,R
PRM_0385,RMRLHESPWL,AGAATGAGATTGCATGAATCTCCATGGTTGTAA,ATG,PRM_0385,NA,NA,FALSE,NA,NA,NA,NA,2,M,R
PRM_0385,RIRLHESPWL,AGAATTAGATTGCATGAATCTCCATGGTTGTAA,ATT,PRM_0385,NA,NA,FALSE,NA,NA,NA,NA,2,I,R
PRM_0385,RRRLHESPWL,AGAAGGAGATTGCATGAATCTCCATGGTTGTAA,AGG,PRM_0385,NA,NA,FALSE,NA,NA,NA,NA,2,R,R
PRM_0385,RSRLHESPWL,AGAAGTAGATTGCATGAATCTCCATGGTTGTAA,AGT,PRM_0385,NA,NA,FALSE,NA,NA,NA,NA,2,S,R
PRM_0385,RTRLHESPWL,AGAACGAGATTGCATGAATCTCCATGGTTGTAA,ACG,PRM_0385,NA,NA,FALSE,NA,NA,NA,NA,2,T,R
PRM_0385,RTRLHESPWL,AGAACTAGATTGCATGAATCTCCATGGTTGTAA,ACT,PRM_0385,NA,NA,FALSE,NA,NA,NA,NA,2,T,R
PRM_0385,R*RLHESPWL,AGATAGAGATTGCATGAATCTCCATGGTTGTAA,TAG,PRM_0385,NA,NA,FALSE,NA,NA,NA,NA,2,*,R
PRM_0385,RYRLHESPWL,AGATATAGATTGCATGAATCTCCATGGTTGTAA,TAT,PRM_0385,NA,NA,FALSE,NA,NA,NA,NA,2,Y,R
PRM_0385,RLRLHESPWL,AGATTGAGATTGCATGAATCTCCATGGTTGTAA,TTG,PRM_0385,NA,NA,FALSE,NA,NA,NA,NA,2,L,R
PRM_0385,RFRLHESPWL,AGATTTAGATTGCATGAATCTCCATGGTTGTAA,TTT,PRM_0385,NA,NA,FALSE,NA,NA,NA,NA,2,F,R
PRM_0385,RWRLHESPWL,AGATGGAGATTGCATGAATCTCCATGGTTGTAA,TGG,PRM_0385,NA,NA,FALSE,NA,NA,NA,NA,2,W,R
PRM_0385,RCRLHESPWL,AGATGTAGATTGCATGAATCTCCATGGTTGTAA,TGT,PRM_0385,NA,NA,FALSE,NA,NA,NA,NA,2,C,R
PRM_0385,RSRLHESPWL,AGATCGAGATTGCATGAATCTCCATGGTTGTAA,TCG,PRM_0385,NA,NA,FALSE,NA,NA,NA,NA,2,S,R
PRM_0385,RSRLHESPWL,AGATCTAGATTGCATGAATCTCCATGGTTGTAA,TCT,PRM_0385,NA,NA,FALSE,NA,NA,NA,NA,2,S,R
PRM_0385,RERLHESPWL,AGAGAGAGATTGCATGAATCTCCATGGTTGTAA,GAG,PRM_0385,NA,NA,FALSE,NA,NA,NA,NA,2,E,R
PRM_0385,RDRLHESPWL,AGAGATAGATTGCATGAATCTCCATGGTTGTAA,GAT,PRM_0385,NA,NA,FALSE,NA,NA,NA,NA,2,D,R
PRM_0385,RVRLHESPWL,AGAGTGAGATTGCATGAATCTCCATGGTTGTAA,GTG,PRM_0385,NA,NA,FALSE,NA,NA,NA,NA,2,V,R
PRM_0385,RVRLHESPWL,AGAGTTAGATTGCATGAATCTCCATGGTTGTAA,GTT,PRM_0385,NA,NA,FALSE,NA,NA,NA,NA,2,V,R
PRM_0385,RGRLHESPWL,AGAGGGAGATTGCATGAATCTCCATGGTTGTAA,GGG,PRM_0385,NA,NA,FALSE,NA,NA,NA,NA,2,G,R
PRM_0385,RGRLHESPWL,AGAGGTAGATTGCATGAATCTCCATGGTTGTAA,GGT,PRM_0385,NA,NA,FALSE,NA,NA,NA,NA,2,G,R
PRM_0385,RARLHESPWL,AGAGCGAGATTGCATGAATCTCCATGGTTGTAA,GCG,PRM_0385,NA,NA,FALSE,NA,NA,NA,NA,2,A,R
PRM_0385,RARLHESPWL,AGAGCTAGATTGCATGAATCTCCATGGTTGTAA,GCT,PRM_0385,NA,NA,FALSE,NA,NA,NA,NA,2,A,R
PRM_0385,RQRLHESPWL,AGACAGAGATTGCATGAATCTCCATGGTTGTAA,CAG,PRM_0385,NA,NA,FALSE,NA,NA,NA,NA,2,Q,R
PRM_0385,RHRLHESPWL,AGACATAGATTGCATGAATCTCCATGGTTGTAA,CAT,PRM_0385,NA,NA,FALSE,NA,NA,NA,NA,2,H,R
PRM_0385,RLRLHESPWL,AGACTGAGATTGCATGAATCTCCATGGTTGTAA,CTG,PRM_0385,NA,NA,FALSE,NA,NA,NA,NA,2,L,R
PRM_0385,RLRLHESPWL,AGACTTAGATTGCATGAATCTCCATGGTTGTAA,CTT,PRM_0385,NA,NA,FALSE,NA,NA,NA,NA,2,L,R
PRM_0385,RRRLHESPWL,AGACGGAGATTGCATGAATCTCCATGGTTGTAA,CGG,PRM_0385,NA,NA,FALSE,NA,NA,NA,NA,2,R,R
PRM_0385,RRRLHESPWL,AGACGTAGATTGCATGAATCTCCATGGTTGTAA,CGT,PRM_0385,NA,NA,FALSE,NA,NA,NA,NA,2,R,R
PRM_0385,RPRLHESPWL,AGACCGAGATTGCATGAATCTCCATGGTTGTAA,CCG,PRM_0385,NA,NA,FALSE,NA,NA,NA,NA,2,P,R
PRM_0385,RPRLHESPWL,AGACCTAGATTGCATGAATCTCCATGGTTGTAA,CCT,PRM_0385,NA,NA,FALSE,NA,NA,NA,NA,2,P,R
PRM_0385,RRKLHESPWL,AGAAGGAAGTTGCATGAATCTCCATGGTTGTAA,AAG,PRM_0385,NA,NA,FALSE,NA,NA,NA,NA,3,K,R
PRM_0385,RRNLHESPWL,AGAAGGAATTTGCATGAATCTCCATGGTTGTAA,AAT,PRM_0385,NA,NA,FALSE,NA,NA,NA,NA,3,N,R
PRM_0385,RRMLHESPWL,AGAAGGATGTTGCATGAATCTCCATGGTTGTAA,ATG,PRM_0385,NA,NA,FALSE,NA,NA,NA,NA,3,M,R
PRM_0385,RRILHESPWL,AGAAGGATTTTGCATGAATCTCCATGGTTGTAA,ATT,PRM_0385,NA,NA,FALSE,NA,NA,NA,NA,3,I,R
PRM_0385,RRRLHESPWL,AGAAGGAGGTTGCATGAATCTCCATGGTTGTAA,AGG,PRM_0385,NA,NA,FALSE,NA,NA,NA,NA,3,R,R
PRM_0385,RRSLHESPWL,AGAAGGAGTTTGCATGAATCTCCATGGTTGTAA,AGT,PRM_0385,NA,NA,FALSE,NA,NA,NA,NA,3,S,R
PRM_0385,RRTLHESPWL,AGAAGGACGTTGCATGAATCTCCATGGTTGTAA,ACG,PRM_0385,NA,NA,FALSE,NA,NA,NA,NA,3,T,R
PRM_0385,RRTLHESPWL,AGAAGGACTTTGCATGAATCTCCATGGTTGTAA,ACT,PRM_0385,NA,NA,FALSE,NA,NA,NA,NA,3,T,R
PRM_0385,RR*LHESPWL,AGAAGGTAGTTGCATGAATCTCCATGGTTGTAA,TAG,PRM_0385,NA,NA,FALSE,NA,NA,NA,NA,3,*,R
PRM_0385,RRYLHESPWL,AGAAGGTATTTGCATGAATCTCCATGGTTGTAA,TAT,PRM_0385,NA,NA,FALSE,NA,NA,NA,NA,3,Y,R
PRM_0385,RRLLHESPWL,AGAAGGTTGTTGCATGAATCTCCATGGTTGTAA,TTG,PRM_0385,NA,NA,FALSE,NA,NA,NA,NA,3,L,R
PRM_0385,RRFLHESPWL,AGAAGGTTTTTGCATGAATCTCCATGGTTGTAA,TTT,PRM_0385,NA,NA,FALSE,NA,NA,NA,NA,3,F,R
PRM_0385,RRWLHESPWL,AGAAGGTGGTTGCATGAATCTCCATGGTTGTAA,TGG,PRM_0385,NA,NA,FALSE,NA,NA,NA,NA,3,W,R
PRM_0385,RRCLHESPWL,AGAAGGTGTTTGCATGAATCTCCATGGTTGTAA,TGT,PRM_0385,NA,NA,FALSE,NA,NA,NA,NA,3,C,R
PRM_0385,RRSLHESPWL,AGAAGGTCGTTGCATGAATCTCCATGGTTGTAA,TCG,PRM_0385,NA,NA,FALSE,NA,NA,NA,NA,3,S,R
PRM_0385,RRSLHESPWL,AGAAGGTCTTTGCATGAATCTCCATGGTTGTAA,TCT,PRM_0385,NA,NA,FALSE,NA,NA,NA,NA,3,S,R
PRM_0385,RRELHESPWL,AGAAGGGAGTTGCATGAATCTCCATGGTTGTAA,GAG,PRM_0385,NA,NA,FALSE,NA,NA,NA,NA,3,E,R
PRM_0385,RRDLHESPWL,AGAAGGGATTTGCATGAATCTCCATGGTTGTAA,GAT,PRM_0385,NA,NA,FALSE,NA,NA,NA,NA,3,D,R
PRM_0385,RRVLHESPWL,AGAAGGGTGTTGCATGAATCTCCATGGTTGTAA,GTG,PRM_0385,NA,NA,FALSE,NA,NA,NA,NA,3,V,R
PRM_0385,RRVLHESPWL,AGAAGGGTTTTGCATGAATCTCCATGGTTGTAA,GTT,PRM_0385,NA,NA,FALSE,NA,NA,NA,NA,3,V,R
PRM_0385,RRGLHESPWL,AGAAGGGGGTTGCATGAATCTCCATGGTTGTAA,GGG,PRM_0385,NA,NA,FALSE,NA,NA,NA,NA,3,G,R
PRM_0385,RRGLHESPWL,AGAAGGGGTTTGCATGAATCTCCATGGTTGTAA,GGT,PRM_0385,NA,NA,FALSE,NA,NA,NA,NA,3,G,R
PRM_0385,RRALHESPWL,AGAAGGGCGTTGCATGAATCTCCATGGTTGTAA,GCG,PRM_0385,NA,NA,FALSE,NA,NA,NA,NA,3,A,R
PRM_0385,RRALHESPWL,AGAAGGGCTTTGCATGAATCTCCATGGTTGTAA,GCT,PRM_0385,NA,NA,FALSE,NA,NA,NA,NA,3,A,R
PRM_0385,RRQLHESPWL,AGAAGGCAGTTGCATGAATCTCCATGGTTGTAA,CAG,PRM_0385,NA,NA,FALSE,NA,NA,NA,NA,3,Q,R
PRM_0385,RRHLHESPWL,AGAAGGCATTTGCATGAATCTCCATGGTTGTAA,CAT,PRM_0385,NA,NA,FALSE,NA,NA,NA,NA,3,H,R
PRM_0385,RRLLHESPWL,AGAAGGCTGTTGCATGAATCTCCATGGTTGTAA,CTG,PRM_0385,NA,NA,FALSE,NA,NA,NA,NA,3,L,R
PRM_0385,RRLLHESPWL,AGAAGGCTTTTGCATGAATCTCCATGGTTGTAA,CTT,PRM_0385,NA,NA,FALSE,NA,NA,NA,NA,3,L,R
PRM_0385,RRRLHESPWL,AGAAGGCGGTTGCATGAATCTCCATGGTTGTAA,CGG,PRM_0385,NA,NA,FALSE,NA,NA,NA,NA,3,R,R
PRM_0385,RRRLHESPWL,AGAAGGCGTTTGCATGAATCTCCATGGTTGTAA,CGT,PRM_0385,NA,NA,FALSE,NA,NA,NA,NA,3,R,R
PRM_0385,RRPLHESPWL,AGAAGGCCGTTGCATGAATCTCCATGGTTGTAA,CCG,PRM_0385,NA,NA,FALSE,NA,NA,NA,NA,3,P,R
PRM_0385,RRPLHESPWL,AGAAGGCCTTTGCATGAATCTCCATGGTTGTAA,CCT,PRM_0385,NA,NA,FALSE,NA,NA,NA,NA,3,P,R
PRM_0385,RRRKHESPWL,AGAAGGAGAAAGCATGAATCTCCATGGTTGTAA,AAG,PRM_0385,NA,NA,FALSE,NA,NA,NA,NA,4,K,L
PRM_0385,RRRNHESPWL,AGAAGGAGAAATCATGAATCTCCATGGTTGTAA,AAT,PRM_0385,NA,NA,FALSE,NA,NA,NA,NA,4,N,L
PRM_0385,RRRMHESPWL,AGAAGGAGAATGCATGAATCTCCATGGTTGTAA,ATG,PRM_0385,NA,NA,FALSE,NA,NA,NA,NA,4,M,L
PRM_0385,RRRIHESPWL,AGAAGGAGAATTCATGAATCTCCATGGTTGTAA,ATT,PRM_0385,NA,NA,FALSE,NA,NA,NA,NA,4,I,L
PRM_0385,RRRRHESPWL,AGAAGGAGAAGGCATGAATCTCCATGGTTGTAA,AGG,PRM_0385,NA,NA,FALSE,NA,NA,NA,NA,4,R,L
PRM_0385,RRRSHESPWL,AGAAGGAGAAGTCATGAATCTCCATGGTTGTAA,AGT,PRM_0385,NA,NA,FALSE,NA,NA,NA,NA,4,S,L
PRM_0385,RRRTHESPWL,AGAAGGAGAACGCATGAATCTCCATGGTTGTAA,ACG,PRM_0385,NA,NA,FALSE,NA,NA,NA,NA,4,T,L
PRM_0385,RRRTHESPWL,AGAAGGAGAACTCATGAATCTCCATGGTTGTAA,ACT,PRM_0385,NA,NA,FALSE,NA,NA,NA,NA,4,T,L
PRM_0385,RRR*HESPWL,AGAAGGAGATAGCATGAATCTCCATGGTTGTAA,TAG,PRM_0385,NA,NA,FALSE,NA,NA,NA,NA,4,*,L
PRM_0385,RRRYHESPWL,AGAAGGAGATATCATGAATCTCCATGGTTGTAA,TAT,PRM_0385,NA,NA,FALSE,NA,NA,NA,NA,4,Y,L
PRM_0385,RRRLHESPWL,AGAAGGAGATTGCATGAATCTCCATGGTTGTAA,TTG,PRM_0385,NA,NA,FALSE,NA,NA,NA,NA,4,L,L
PRM_0385,RRRFHESPWL,AGAAGGAGATTTCATGAATCTCCATGGTTGTAA,TTT,PRM_0385,NA,NA,FALSE,NA,NA,NA,NA,4,F,L
PRM_0385,RRRWHESPWL,AGAAGGAGATGGCATGAATCTCCATGGTTGTAA,TGG,PRM_0385,NA,NA,FALSE,NA,NA,NA,NA,4,W,L
PRM_0385,RRRCHESPWL,AGAAGGAGATGTCATGAATCTCCATGGTTGTAA,TGT,PRM_0385,NA,NA,FALSE,NA,NA,NA,NA,4,C,L
PRM_0385,RRRSHESPWL,AGAAGGAGATCGCATGAATCTCCATGGTTGTAA,TCG,PRM_0385,NA,NA,FALSE,NA,NA,NA,NA,4,S,L
PRM_0385,RRRSHESPWL,AGAAGGAGATCTCATGAATCTCCATGGTTGTAA,TCT,PRM_0385,NA,NA,FALSE,NA,NA,NA,NA,4,S,L
PRM_0385,RRREHESPWL,AGAAGGAGAGAGCATGAATCTCCATGGTTGTAA,GAG,PRM_0385,NA,NA,FALSE,NA,NA,NA,NA,4,E,L
PRM_0385,RRRDHESPWL,AGAAGGAGAGATCATGAATCTCCATGGTTGTAA,GAT,PRM_0385,NA,NA,FALSE,NA,NA,NA,NA,4,D,L
PRM_0385,RRRVHESPWL,AGAAGGAGAGTGCATGAATCTCCATGGTTGTAA,GTG,PRM_0385,NA,NA,FALSE,NA,NA,NA,NA,4,V,L
PRM_0385,RRRVHESPWL,AGAAGGAGAGTTCATGAATCTCCATGGTTGTAA,GTT,PRM_0385,NA,NA,FALSE,NA,NA,NA,NA,4,V,L
PRM_0385,RRRGHESPWL,AGAAGGAGAGGGCATGAATCTCCATGGTTGTAA,GGG,PRM_0385,NA,NA,FALSE,NA,NA,NA,NA,4,G,L
PRM_0385,RRRGHESPWL,AGAAGGAGAGGTCATGAATCTCCATGGTTGTAA,GGT,PRM_0385,NA,NA,FALSE,NA,NA,NA,NA,4,G,L
PRM_0385,RRRAHESPWL,AGAAGGAGAGCGCATGAATCTCCATGGTTGTAA,GCG,PRM_0385,NA,NA,FALSE,NA,NA,NA,NA,4,A,L
PRM_0385,RRRAHESPWL,AGAAGGAGAGCTCATGAATCTCCATGGTTGTAA,GCT,PRM_0385,NA,NA,FALSE,NA,NA,NA,NA,4,A,L
PRM_0385,RRRQHESPWL,AGAAGGAGACAGCATGAATCTCCATGGTTGTAA,CAG,PRM_0385,NA,NA,FALSE,NA,NA,NA,NA,4,Q,L
PRM_0385,RRRHHESPWL,AGAAGGAGACATCATGAATCTCCATGGTTGTAA,CAT,PRM_0385,NA,NA,FALSE,NA,NA,NA,NA,4,H,L
PRM_0385,RRRLHESPWL,AGAAGGAGACTGCATGAATCTCCATGGTTGTAA,CTG,PRM_0385,NA,NA,FALSE,NA,NA,NA,NA,4,L,L
PRM_0385,RRRLHESPWL,AGAAGGAGACTTCATGAATCTCCATGGTTGTAA,CTT,PRM_0385,NA,NA,FALSE,NA,NA,NA,NA,4,L,L
PRM_0385,RRRRHESPWL,AGAAGGAGACGGCATGAATCTCCATGGTTGTAA,CGG,PRM_0385,NA,NA,FALSE,NA,NA,NA,NA,4,R,L
PRM_0385,RRRRHESPWL,AGAAGGAGACGTCATGAATCTCCATGGTTGTAA,CGT,PRM_0385,NA,NA,FALSE,NA,NA,NA,NA,4,R,L
PRM_0385,RRRPHESPWL,AGAAGGAGACCGCATGAATCTCCATGGTTGTAA,CCG,PRM_0385,NA,NA,FALSE,NA,NA,NA,NA,4,P,L
PRM_0385,RRRPHESPWL,AGAAGGAGACCTCATGAATCTCCATGGTTGTAA,CCT,PRM_0385,NA,NA,FALSE,NA,NA,NA,NA,4,P,L
PRM_0385,RRRLKESPWL,AGAAGGAGATTGAAGGAATCTCCATGGTTGTAA,AAG,PRM_0385,NA,NA,FALSE,NA,NA,NA,NA,5,K,H
PRM_0385,RRRLNESPWL,AGAAGGAGATTGAATGAATCTCCATGGTTGTAA,AAT,PRM_0385,NA,NA,FALSE,NA,NA,NA,NA,5,N,H
PRM_0385,RRRLMESPWL,AGAAGGAGATTGATGGAATCTCCATGGTTGTAA,ATG,PRM_0385,NA,NA,FALSE,NA,NA,NA,NA,5,M,H
PRM_0385,RRRLIESPWL,AGAAGGAGATTGATTGAATCTCCATGGTTGTAA,ATT,PRM_0385,NA,NA,FALSE,NA,NA,NA,NA,5,I,H
PRM_0385,RRRLRESPWL,AGAAGGAGATTGAGGGAATCTCCATGGTTGTAA,AGG,PRM_0385,NA,NA,FALSE,NA,NA,NA,NA,5,R,H
PRM_0385,RRRLSESPWL,AGAAGGAGATTGAGTGAATCTCCATGGTTGTAA,AGT,PRM_0385,NA,NA,FALSE,NA,NA,NA,NA,5,S,H
PRM_0385,RRRLTESPWL,AGAAGGAGATTGACGGAATCTCCATGGTTGTAA,ACG,PRM_0385,NA,NA,FALSE,NA,NA,NA,NA,5,T,H
PRM_0385,RRRLTESPWL,AGAAGGAGATTGACTGAATCTCCATGGTTGTAA,ACT,PRM_0385,NA,NA,FALSE,NA,NA,NA,NA,5,T,H
PRM_0385,RRRL*ESPWL,AGAAGGAGATTGTAGGAATCTCCATGGTTGTAA,TAG,PRM_0385,NA,NA,FALSE,NA,NA,NA,NA,5,*,H
PRM_0385,RRRLYESPWL,AGAAGGAGATTGTATGAATCTCCATGGTTGTAA,TAT,PRM_0385,NA,NA,FALSE,NA,NA,NA,NA,5,Y,H
PRM_0385,RRRLLESPWL,AGAAGGAGATTGTTGGAATCTCCATGGTTGTAA,TTG,PRM_0385,NA,NA,FALSE,NA,NA,NA,NA,5,L,H
PRM_0385,RRRLFESPWL,AGAAGGAGATTGTTTGAATCTCCATGGTTGTAA,TTT,PRM_0385,NA,NA,FALSE,NA,NA,NA,NA,5,F,H
PRM_0385,RRRLWESPWL,AGAAGGAGATTGTGGGAATCTCCATGGTTGTAA,TGG,PRM_0385,NA,NA,FALSE,NA,NA,NA,NA,5,W,H
PRM_0385,RRRLCESPWL,AGAAGGAGATTGTGTGAATCTCCATGGTTGTAA,TGT,PRM_0385,NA,NA,FALSE,NA,NA,NA,NA,5,C,H
PRM_0385,RRRLSESPWL,AGAAGGAGATTGTCGGAATCTCCATGGTTGTAA,TCG,PRM_0385,NA,NA,FALSE,NA,NA,NA,NA,5,S,H
PRM_0385,RRRLSESPWL,AGAAGGAGATTGTCTGAATCTCCATGGTTGTAA,TCT,PRM_0385,NA,NA,FALSE,NA,NA,NA,NA,5,S,H
PRM_0385,RRRLEESPWL,AGAAGGAGATTGGAGGAATCTCCATGGTTGTAA,GAG,PRM_0385,NA,NA,FALSE,NA,NA,NA,NA,5,E,H
PRM_0385,RRRLDESPWL,AGAAGGAGATTGGATGAATCTCCATGGTTGTAA,GAT,PRM_0385,NA,NA,FALSE,NA,NA,NA,NA,5,D,H
PRM_0385,RRRLVESPWL,AGAAGGAGATTGGTGGAATCTCCATGGTTGTAA,GTG,PRM_0385,NA,NA,FALSE,NA,NA,NA,NA,5,V,H
PRM_0385,RRRLVESPWL,AGAAGGAGATTGGTTGAATCTCCATGGTTGTAA,GTT,PRM_0385,NA,NA,FALSE,NA,NA,NA,NA,5,V,H
PRM_0385,RRRLGESPWL,AGAAGGAGATTGGGGGAATCTCCATGGTTGTAA,GGG,PRM_0385,NA,NA,FALSE,NA,NA,NA,NA,5,G,H
PRM_0385,RRRLGESPWL,AGAAGGAGATTGGGTGAATCTCCATGGTTGTAA,GGT,PRM_0385,NA,NA,FALSE,NA,NA,NA,NA,5,G,H
PRM_0385,RRRLAESPWL,AGAAGGAGATTGGCGGAATCTCCATGGTTGTAA,GCG,PRM_0385,NA,NA,FALSE,NA,NA,NA,NA,5,A,H
PRM_0385,RRRLAESPWL,AGAAGGAGATTGGCTGAATCTCCATGGTTGTAA,GCT,PRM_0385,NA,NA,FALSE,NA,NA,NA,NA,5,A,H
PRM_0385,RRRLQESPWL,AGAAGGAGATTGCAGGAATCTCCATGGTTGTAA,CAG,PRM_0385,NA,NA,FALSE,NA,NA,NA,NA,5,Q,H
PRM_0385,RRRLHESPWL,AGAAGGAGATTGCATGAATCTCCATGGTTGTAA,CAT,PRM_0385,NA,NA,FALSE,NA,NA,NA,NA,5,H,H
PRM_0385,RRRLLESPWL,AGAAGGAGATTGCTGGAATCTCCATGGTTGTAA,CTG,PRM_0385,NA,NA,FALSE,NA,NA,NA,NA,5,L,H
PRM_0385,RRRLLESPWL,AGAAGGAGATTGCTTGAATCTCCATGGTTGTAA,CTT,PRM_0385,NA,NA,FALSE,NA,NA,NA,NA,5,L,H
PRM_0385,RRRLRESPWL,AGAAGGAGATTGCGGGAATCTCCATGGTTGTAA,CGG,PRM_0385,NA,NA,FALSE,NA,NA,NA,NA,5,R,H
PRM_0385,RRRLRESPWL,AGAAGGAGATTGCGTGAATCTCCATGGTTGTAA,CGT,PRM_0385,NA,NA,FALSE,NA,NA,NA,NA,5,R,H
PRM_0385,RRRLPESPWL,AGAAGGAGATTGCCGGAATCTCCATGGTTGTAA,CCG,PRM_0385,NA,NA,FALSE,NA,NA,NA,NA,5,P,H
PRM_0385,RRRLPESPWL,AGAAGGAGATTGCCTGAATCTCCATGGTTGTAA,CCT,PRM_0385,NA,NA,FALSE,NA,NA,NA,NA,5,P,H
PRM_0385,RRRLHKSPWL,AGAAGGAGATTGCATAAGTCTCCATGGTTGTAA,AAG,PRM_0385,NA,NA,FALSE,NA,NA,NA,NA,6,K,E
PRM_0385,RRRLHNSPWL,AGAAGGAGATTGCATAATTCTCCATGGTTGTAA,AAT,PRM_0385,NA,NA,FALSE,NA,NA,NA,NA,6,N,E
PRM_0385,RRRLHMSPWL,AGAAGGAGATTGCATATGTCTCCATGGTTGTAA,ATG,PRM_0385,NA,NA,FALSE,NA,NA,NA,NA,6,M,E
PRM_0385,RRRLHISPWL,AGAAGGAGATTGCATATTTCTCCATGGTTGTAA,ATT,PRM_0385,NA,NA,FALSE,NA,NA,NA,NA,6,I,E
PRM_0385,RRRLHRSPWL,AGAAGGAGATTGCATAGGTCTCCATGGTTGTAA,AGG,PRM_0385,NA,NA,FALSE,NA,NA,NA,NA,6,R,E
PRM_0385,RRRLHSSPWL,AGAAGGAGATTGCATAGTTCTCCATGGTTGTAA,AGT,PRM_0385,NA,NA,FALSE,NA,NA,NA,NA,6,S,E
PRM_0385,RRRLHTSPWL,AGAAGGAGATTGCATACGTCTCCATGGTTGTAA,ACG,PRM_0385,NA,NA,FALSE,NA,NA,NA,NA,6,T,E
PRM_0385,RRRLHTSPWL,AGAAGGAGATTGCATACTTCTCCATGGTTGTAA,ACT,PRM_0385,NA,NA,FALSE,NA,NA,NA,NA,6,T,E
PRM_0385,RRRLH*SPWL,AGAAGGAGATTGCATTAGTCTCCATGGTTGTAA,TAG,PRM_0385,NA,NA,FALSE,NA,NA,NA,NA,6,*,E
PRM_0385,RRRLHYSPWL,AGAAGGAGATTGCATTATTCTCCATGGTTGTAA,TAT,PRM_0385,NA,NA,FALSE,NA,NA,NA,NA,6,Y,E
PRM_0385,RRRLHLSPWL,AGAAGGAGATTGCATTTGTCTCCATGGTTGTAA,TTG,PRM_0385,NA,NA,FALSE,NA,NA,NA,NA,6,L,E
PRM_0385,RRRLHFSPWL,AGAAGGAGATTGCATTTTTCTCCATGGTTGTAA,TTT,PRM_0385,NA,NA,FALSE,NA,NA,NA,NA,6,F,E
PRM_0385,RRRLHWSPWL,AGAAGGAGATTGCATTGGTCTCCATGGTTGTAA,TGG,PRM_0385,NA,NA,FALSE,NA,NA,NA,NA,6,W,E
PRM_0385,RRRLHCSPWL,AGAAGGAGATTGCATTGTTCTCCATGGTTGTAA,TGT,PRM_0385,NA,NA,FALSE,NA,NA,NA,NA,6,C,E
PRM_0385,RRRLHSSPWL,AGAAGGAGATTGCATTCGTCTCCATGGTTGTAA,TCG,PRM_0385,NA,NA,FALSE,NA,NA,NA,NA,6,S,E
PRM_0385,RRRLHSSPWL,AGAAGGAGATTGCATTCTTCTCCATGGTTGTAA,TCT,PRM_0385,NA,NA,FALSE,NA,NA,NA,NA,6,S,E
PRM_0385,RRRLHESPWL,AGAAGGAGATTGCATGAGTCTCCATGGTTGTAA,GAG,PRM_0385,NA,NA,FALSE,NA,NA,NA,NA,6,E,E
PRM_0385,RRRLHDSPWL,AGAAGGAGATTGCATGATTCTCCATGGTTGTAA,GAT,PRM_0385,NA,NA,FALSE,NA,NA,NA,NA,6,D,E
PRM_0385,RRRLHVSPWL,AGAAGGAGATTGCATGTGTCTCCATGGTTGTAA,GTG,PRM_0385,NA,NA,FALSE,NA,NA,NA,NA,6,V,E
PRM_0385,RRRLHVSPWL,AGAAGGAGATTGCATGTTTCTCCATGGTTGTAA,GTT,PRM_0385,NA,NA,FALSE,NA,NA,NA,NA,6,V,E
PRM_0385,RRRLHGSPWL,AGAAGGAGATTGCATGGGTCTCCATGGTTGTAA,GGG,PRM_0385,NA,NA,FALSE,NA,NA,NA,NA,6,G,E
PRM_0385,RRRLHGSPWL,AGAAGGAGATTGCATGGTTCTCCATGGTTGTAA,GGT,PRM_0385,NA,NA,FALSE,NA,NA,NA,NA,6,G,E
PRM_0385,RRRLHASPWL,AGAAGGAGATTGCATGCGTCTCCATGGTTGTAA,GCG,PRM_0385,NA,NA,FALSE,NA,NA,NA,NA,6,A,E
PRM_0385,RRRLHASPWL,AGAAGGAGATTGCATGCTTCTCCATGGTTGTAA,GCT,PRM_0385,NA,NA,FALSE,NA,NA,NA,NA,6,A,E
PRM_0385,RRRLHQSPWL,AGAAGGAGATTGCATCAGTCTCCATGGTTGTAA,CAG,PRM_0385,NA,NA,FALSE,NA,NA,NA,NA,6,Q,E
PRM_0385,RRRLHHSPWL,AGAAGGAGATTGCATCATTCTCCATGGTTGTAA,CAT,PRM_0385,NA,NA,FALSE,NA,NA,NA,NA,6,H,E
PRM_0385,RRRLHLSPWL,AGAAGGAGATTGCATCTGTCTCCATGGTTGTAA,CTG,PRM_0385,NA,NA,FALSE,NA,NA,NA,NA,6,L,E
PRM_0385,RRRLHLSPWL,AGAAGGAGATTGCATCTTTCTCCATGGTTGTAA,CTT,PRM_0385,NA,NA,FALSE,NA,NA,NA,NA,6,L,E
PRM_0385,RRRLHRSPWL,AGAAGGAGATTGCATCGGTCTCCATGGTTGTAA,CGG,PRM_0385,NA,NA,FALSE,NA,NA,NA,NA,6,R,E
PRM_0385,RRRLHRSPWL,AGAAGGAGATTGCATCGTTCTCCATGGTTGTAA,CGT,PRM_0385,NA,NA,FALSE,NA,NA,NA,NA,6,R,E
PRM_0385,RRRLHPSPWL,AGAAGGAGATTGCATCCGTCTCCATGGTTGTAA,CCG,PRM_0385,NA,NA,FALSE,NA,NA,NA,NA,6,P,E
PRM_0385,RRRLHPSPWL,AGAAGGAGATTGCATCCTTCTCCATGGTTGTAA,CCT,PRM_0385,NA,NA,FALSE,NA,NA,NA,NA,6,P,E
PRM_0385,RRRLHEKPWL,AGAAGGAGATTGCATGAAAAGCCATGGTTGTAA,AAG,PRM_0385,NA,NA,FALSE,NA,NA,NA,NA,7,K,S
PRM_0385,RRRLHENPWL,AGAAGGAGATTGCATGAAAATCCATGGTTGTAA,AAT,PRM_0385,NA,NA,FALSE,NA,NA,NA,NA,7,N,S
PRM_0385,RRRLHEMPWL,AGAAGGAGATTGCATGAAATGCCATGGTTGTAA,ATG,PRM_0385,NA,NA,FALSE,NA,NA,NA,NA,7,M,S
PRM_0385,RRRLHEIPWL,AGAAGGAGATTGCATGAAATTCCATGGTTGTAA,ATT,PRM_0385,NA,NA,FALSE,NA,NA,NA,NA,7,I,S
PRM_0385,RRRLHERPWL,AGAAGGAGATTGCATGAAAGGCCATGGTTGTAA,AGG,PRM_0385,NA,NA,FALSE,NA,NA,NA,NA,7,R,S
PRM_0385,RRRLHESPWL,AGAAGGAGATTGCATGAAAGTCCATGGTTGTAA,AGT,PRM_0385,NA,NA,FALSE,NA,NA,NA,NA,7,S,S
PRM_0385,RRRLHETPWL,AGAAGGAGATTGCATGAAACGCCATGGTTGTAA,ACG,PRM_0385,NA,NA,FALSE,NA,NA,NA,NA,7,T,S
PRM_0385,RRRLHETPWL,AGAAGGAGATTGCATGAAACTCCATGGTTGTAA,ACT,PRM_0385,NA,NA,FALSE,NA,NA,NA,NA,7,T,S
PRM_0385,RRRLHE*PWL,AGAAGGAGATTGCATGAATAGCCATGGTTGTAA,TAG,PRM_0385,NA,NA,FALSE,NA,NA,NA,NA,7,*,S
PRM_0385,RRRLHEYPWL,AGAAGGAGATTGCATGAATATCCATGGTTGTAA,TAT,PRM_0385,NA,NA,FALSE,NA,NA,NA,NA,7,Y,S
PRM_0385,RRRLHELPWL,AGAAGGAGATTGCATGAATTGCCATGGTTGTAA,TTG,PRM_0385,NA,NA,FALSE,NA,NA,NA,NA,7,L,S
PRM_0385,RRRLHEFPWL,AGAAGGAGATTGCATGAATTTCCATGGTTGTAA,TTT,PRM_0385,NA,NA,FALSE,NA,NA,NA,NA,7,F,S
PRM_0385,RRRLHEWPWL,AGAAGGAGATTGCATGAATGGCCATGGTTGTAA,TGG,PRM_0385,NA,NA,FALSE,NA,NA,NA,NA,7,W,S
PRM_0385,RRRLHECPWL,AGAAGGAGATTGCATGAATGTCCATGGTTGTAA,TGT,PRM_0385,NA,NA,FALSE,NA,NA,NA,NA,7,C,S
PRM_0385,RRRLHESPWL,AGAAGGAGATTGCATGAATCGCCATGGTTGTAA,TCG,PRM_0385,NA,NA,FALSE,NA,NA,NA,NA,7,S,S
PRM_0385,RRRLHESPWL,AGAAGGAGATTGCATGAATCTCCATGGTTGTAA,TCT,PRM_0385,NA,NA,FALSE,NA,NA,NA,NA,7,S,S
PRM_0385,RRRLHEEPWL,AGAAGGAGATTGCATGAAGAGCCATGGTTGTAA,GAG,PRM_0385,NA,NA,FALSE,NA,NA,NA,NA,7,E,S
PRM_0385,RRRLHEDPWL,AGAAGGAGATTGCATGAAGATCCATGGTTGTAA,GAT,PRM_0385,NA,NA,FALSE,NA,NA,NA,NA,7,D,S
PRM_0385,RRRLHEVPWL,AGAAGGAGATTGCATGAAGTGCCATGGTTGTAA,GTG,PRM_0385,NA,NA,FALSE,NA,NA,NA,NA,7,V,S
PRM_0385,RRRLHEVPWL,AGAAGGAGATTGCATGAAGTTCCATGGTTGTAA,GTT,PRM_0385,NA,NA,FALSE,NA,NA,NA,NA,7,V,S
PRM_0385,RRRLHEGPWL,AGAAGGAGATTGCATGAAGGGCCATGGTTGTAA,GGG,PRM_0385,NA,NA,FALSE,NA,NA,NA,NA,7,G,S
PRM_0385,RRRLHEGPWL,AGAAGGAGATTGCATGAAGGTCCATGGTTGTAA,GGT,PRM_0385,NA,NA,FALSE,NA,NA,NA,NA,7,G,S
PRM_0385,RRRLHEAPWL,AGAAGGAGATTGCATGAAGCGCCATGGTTGTAA,GCG,PRM_0385,NA,NA,FALSE,NA,NA,NA,NA,7,A,S
PRM_0385,RRRLHEAPWL,AGAAGGAGATTGCATGAAGCTCCATGGTTGTAA,GCT,PRM_0385,NA,NA,FALSE,NA,NA,NA,NA,7,A,S
PRM_0385,RRRLHEQPWL,AGAAGGAGATTGCATGAACAGCCATGGTTGTAA,CAG,PRM_0385,NA,NA,FALSE,NA,NA,NA,NA,7,Q,S
PRM_0385,RRRLHEHPWL,AGAAGGAGATTGCATGAACATCCATGGTTGTAA,CAT,PRM_0385,NA,NA,FALSE,NA,NA,NA,NA,7,H,S
PRM_0385,RRRLHELPWL,AGAAGGAGATTGCATGAACTGCCATGGTTGTAA,CTG,PRM_0385,NA,NA,FALSE,NA,NA,NA,NA,7,L,S
PRM_0385,RRRLHELPWL,AGAAGGAGATTGCATGAACTTCCATGGTTGTAA,CTT,PRM_0385,NA,NA,FALSE,NA,NA,NA,NA,7,L,S
PRM_0385,RRRLHERPWL,AGAAGGAGATTGCATGAACGGCCATGGTTGTAA,CGG,PRM_0385,NA,NA,FALSE,NA,NA,NA,NA,7,R,S
PRM_0385,RRRLHERPWL,AGAAGGAGATTGCATGAACGTCCATGGTTGTAA,CGT,PRM_0385,NA,NA,FALSE,NA,NA,NA,NA,7,R,S
PRM_0385,RRRLHEPPWL,AGAAGGAGATTGCATGAACCGCCATGGTTGTAA,CCG,PRM_0385,NA,NA,FALSE,NA,NA,NA,NA,7,P,S
PRM_0385,RRRLHEPPWL,AGAAGGAGATTGCATGAACCTCCATGGTTGTAA,CCT,PRM_0385,NA,NA,FALSE,NA,NA,NA,NA,7,P,S
PRM_0385,RRRLHESKWL,AGAAGGAGATTGCATGAATCTAAGTGGTTGTAA,AAG,PRM_0385,NA,NA,FALSE,NA,NA,NA,NA,8,K,P
PRM_0385,RRRLHESNWL,AGAAGGAGATTGCATGAATCTAATTGGTTGTAA,AAT,PRM_0385,NA,NA,FALSE,NA,NA,NA,NA,8,N,P
PRM_0385,RRRLHESMWL,AGAAGGAGATTGCATGAATCTATGTGGTTGTAA,ATG,PRM_0385,NA,NA,FALSE,NA,NA,NA,NA,8,M,P
PRM_0385,RRRLHESIWL,AGAAGGAGATTGCATGAATCTATTTGGTTGTAA,ATT,PRM_0385,NA,NA,FALSE,NA,NA,NA,NA,8,I,P
PRM_0385,RRRLHESRWL,AGAAGGAGATTGCATGAATCTAGGTGGTTGTAA,AGG,PRM_0385,NA,NA,FALSE,NA,NA,NA,NA,8,R,P
PRM_0385,RRRLHESSWL,AGAAGGAGATTGCATGAATCTAGTTGGTTGTAA,AGT,PRM_0385,NA,NA,FALSE,NA,NA,NA,NA,8,S,P
PRM_0385,RRRLHESTWL,AGAAGGAGATTGCATGAATCTACGTGGTTGTAA,ACG,PRM_0385,NA,NA,FALSE,NA,NA,NA,NA,8,T,P
PRM_0385,RRRLHESTWL,AGAAGGAGATTGCATGAATCTACTTGGTTGTAA,ACT,PRM_0385,NA,NA,FALSE,NA,NA,NA,NA,8,T,P
PRM_0385,RRRLHES*WL,AGAAGGAGATTGCATGAATCTTAGTGGTTGTAA,TAG,PRM_0385,NA,NA,FALSE,NA,NA,NA,NA,8,*,P
PRM_0385,RRRLHESYWL,AGAAGGAGATTGCATGAATCTTATTGGTTGTAA,TAT,PRM_0385,NA,NA,FALSE,NA,NA,NA,NA,8,Y,P
PRM_0385,RRRLHESLWL,AGAAGGAGATTGCATGAATCTTTGTGGTTGTAA,TTG,PRM_0385,NA,NA,FALSE,NA,NA,NA,NA,8,L,P
PRM_0385,RRRLHESFWL,AGAAGGAGATTGCATGAATCTTTTTGGTTGTAA,TTT,PRM_0385,NA,NA,FALSE,NA,NA,NA,NA,8,F,P
PRM_0385,RRRLHESWWL,AGAAGGAGATTGCATGAATCTTGGTGGTTGTAA,TGG,PRM_0385,NA,NA,FALSE,NA,NA,NA,NA,8,W,P
PRM_0385,RRRLHESCWL,AGAAGGAGATTGCATGAATCTTGTTGGTTGTAA,TGT,PRM_0385,NA,NA,FALSE,NA,NA,NA,NA,8,C,P
PRM_0385,RRRLHESSWL,AGAAGGAGATTGCATGAATCTTCGTGGTTGTAA,TCG,PRM_0385,NA,NA,FALSE,NA,NA,NA,NA,8,S,P
PRM_0385,RRRLHESSWL,AGAAGGAGATTGCATGAATCTTCTTGGTTGTAA,TCT,PRM_0385,NA,NA,FALSE,NA,NA,NA,NA,8,S,P
PRM_0385,RRRLHESEWL,AGAAGGAGATTGCATGAATCTGAGTGGTTGTAA,GAG,PRM_0385,NA,NA,FALSE,NA,NA,NA,NA,8,E,P
PRM_0385,RRRLHESDWL,AGAAGGAGATTGCATGAATCTGATTGGTTGTAA,GAT,PRM_0385,NA,NA,FALSE,NA,NA,NA,NA,8,D,P
PRM_0385,RRRLHESVWL,AGAAGGAGATTGCATGAATCTGTGTGGTTGTAA,GTG,PRM_0385,NA,NA,FALSE,NA,NA,NA,NA,8,V,P
PRM_0385,RRRLHESVWL,AGAAGGAGATTGCATGAATCTGTTTGGTTGTAA,GTT,PRM_0385,NA,NA,FALSE,NA,NA,NA,NA,8,V,P
PRM_0385,RRRLHESGWL,AGAAGGAGATTGCATGAATCTGGGTGGTTGTAA,GGG,PRM_0385,NA,NA,FALSE,NA,NA,NA,NA,8,G,P
PRM_0385,RRRLHESGWL,AGAAGGAGATTGCATGAATCTGGTTGGTTGTAA,GGT,PRM_0385,NA,NA,FALSE,NA,NA,NA,NA,8,G,P
PRM_0385,RRRLHESAWL,AGAAGGAGATTGCATGAATCTGCGTGGTTGTAA,GCG,PRM_0385,NA,NA,FALSE,NA,NA,NA,NA,8,A,P
PRM_0385,RRRLHESAWL,AGAAGGAGATTGCATGAATCTGCTTGGTTGTAA,GCT,PRM_0385,NA,NA,FALSE,NA,NA,NA,NA,8,A,P
PRM_0385,RRRLHESQWL,AGAAGGAGATTGCATGAATCTCAGTGGTTGTAA,CAG,PRM_0385,NA,NA,FALSE,NA,NA,NA,NA,8,Q,P
PRM_0385,RRRLHESHWL,AGAAGGAGATTGCATGAATCTCATTGGTTGTAA,CAT,PRM_0385,NA,NA,FALSE,NA,NA,NA,NA,8,H,P
PRM_0385,RRRLHESLWL,AGAAGGAGATTGCATGAATCTCTGTGGTTGTAA,CTG,PRM_0385,NA,NA,FALSE,NA,NA,NA,NA,8,L,P
PRM_0385,RRRLHESLWL,AGAAGGAGATTGCATGAATCTCTTTGGTTGTAA,CTT,PRM_0385,NA,NA,FALSE,NA,NA,NA,NA,8,L,P
PRM_0385,RRRLHESRWL,AGAAGGAGATTGCATGAATCTCGGTGGTTGTAA,CGG,PRM_0385,NA,NA,FALSE,NA,NA,NA,NA,8,R,P
PRM_0385,RRRLHESRWL,AGAAGGAGATTGCATGAATCTCGTTGGTTGTAA,CGT,PRM_0385,NA,NA,FALSE,NA,NA,NA,NA,8,R,P
PRM_0385,RRRLHESPWL,AGAAGGAGATTGCATGAATCTCCGTGGTTGTAA,CCG,PRM_0385,NA,NA,FALSE,NA,NA,NA,NA,8,P,P
PRM_0385,RRRLHESPWL,AGAAGGAGATTGCATGAATCTCCTTGGTTGTAA,CCT,PRM_0385,NA,NA,FALSE,NA,NA,NA,NA,8,P,P
PRM_0385,RRRLHESPKL,AGAAGGAGATTGCATGAATCTCCAAAGTTGTAA,AAG,PRM_0385,NA,NA,FALSE,NA,NA,NA,NA,9,K,W
PRM_0385,RRRLHESPNL,AGAAGGAGATTGCATGAATCTCCAAATTTGTAA,AAT,PRM_0385,NA,NA,FALSE,NA,NA,NA,NA,9,N,W
PRM_0385,RRRLHESPML,AGAAGGAGATTGCATGAATCTCCAATGTTGTAA,ATG,PRM_0385,NA,NA,FALSE,NA,NA,NA,NA,9,M,W
PRM_0385,RRRLHESPIL,AGAAGGAGATTGCATGAATCTCCAATTTTGTAA,ATT,PRM_0385,NA,NA,FALSE,NA,NA,NA,NA,9,I,W
PRM_0385,RRRLHESPRL,AGAAGGAGATTGCATGAATCTCCAAGGTTGTAA,AGG,PRM_0385,NA,NA,FALSE,NA,NA,NA,NA,9,R,W
PRM_0385,RRRLHESPSL,AGAAGGAGATTGCATGAATCTCCAAGTTTGTAA,AGT,PRM_0385,NA,NA,FALSE,NA,NA,NA,NA,9,S,W
PRM_0385,RRRLHESPTL,AGAAGGAGATTGCATGAATCTCCAACGTTGTAA,ACG,PRM_0385,NA,NA,FALSE,NA,NA,NA,NA,9,T,W
PRM_0385,RRRLHESPTL,AGAAGGAGATTGCATGAATCTCCAACTTTGTAA,ACT,PRM_0385,NA,NA,FALSE,NA,NA,NA,NA,9,T,W
PRM_0385,RRRLHESP*L,AGAAGGAGATTGCATGAATCTCCATAGTTGTAA,TAG,PRM_0385,NA,NA,FALSE,NA,NA,NA,NA,9,*,W
PRM_0385,RRRLHESPYL,AGAAGGAGATTGCATGAATCTCCATATTTGTAA,TAT,PRM_0385,NA,NA,FALSE,NA,NA,NA,NA,9,Y,W
PRM_0385,RRRLHESPLL,AGAAGGAGATTGCATGAATCTCCATTGTTGTAA,TTG,PRM_0385,NA,NA,FALSE,NA,NA,NA,NA,9,L,W
PRM_0385,RRRLHESPFL,AGAAGGAGATTGCATGAATCTCCATTTTTGTAA,TTT,PRM_0385,NA,NA,FALSE,NA,NA,NA,NA,9,F,W
PRM_0385,RRRLHESPWL,AGAAGGAGATTGCATGAATCTCCATGGTTGTAA,TGG,PRM_0385,NA,NA,FALSE,NA,NA,NA,NA,9,W,W
PRM_0385,RRRLHESPCL,AGAAGGAGATTGCATGAATCTCCATGTTTGTAA,TGT,PRM_0385,NA,NA,FALSE,NA,NA,NA,NA,9,C,W
PRM_0385,RRRLHESPSL,AGAAGGAGATTGCATGAATCTCCATCGTTGTAA,TCG,PRM_0385,NA,NA,FALSE,NA,NA,NA,NA,9,S,W
PRM_0385,RRRLHESPSL,AGAAGGAGATTGCATGAATCTCCATCTTTGTAA,TCT,PRM_0385,NA,NA,FALSE,NA,NA,NA,NA,9,S,W
PRM_0385,RRRLHESPEL,AGAAGGAGATTGCATGAATCTCCAGAGTTGTAA,GAG,PRM_0385,NA,NA,FALSE,NA,NA,NA,NA,9,E,W
PRM_0385,RRRLHESPDL,AGAAGGAGATTGCATGAATCTCCAGATTTGTAA,GAT,PRM_0385,NA,NA,FALSE,NA,NA,NA,NA,9,D,W
PRM_0385,RRRLHESPVL,AGAAGGAGATTGCATGAATCTCCAGTGTTGTAA,GTG,PRM_0385,NA,NA,FALSE,NA,NA,NA,NA,9,V,W
PRM_0385,RRRLHESPVL,AGAAGGAGATTGCATGAATCTCCAGTTTTGTAA,GTT,PRM_0385,NA,NA,FALSE,NA,NA,NA,NA,9,V,W
PRM_0385,RRRLHESPGL,AGAAGGAGATTGCATGAATCTCCAGGGTTGTAA,GGG,PRM_0385,NA,NA,FALSE,NA,NA,NA,NA,9,G,W
PRM_0385,RRRLHESPGL,AGAAGGAGATTGCATGAATCTCCAGGTTTGTAA,GGT,PRM_0385,NA,NA,FALSE,NA,NA,NA,NA,9,G,W
PRM_0385,RRRLHESPAL,AGAAGGAGATTGCATGAATCTCCAGCGTTGTAA,GCG,PRM_0385,NA,NA,FALSE,NA,NA,NA,NA,9,A,W
PRM_0385,RRRLHESPAL,AGAAGGAGATTGCATGAATCTCCAGCTTTGTAA,GCT,PRM_0385,NA,NA,FALSE,NA,NA,NA,NA,9,A,W
PRM_0385,RRRLHESPQL,AGAAGGAGATTGCATGAATCTCCACAGTTGTAA,CAG,PRM_0385,NA,NA,FALSE,NA,NA,NA,NA,9,Q,W
PRM_0385,RRRLHESPHL,AGAAGGAGATTGCATGAATCTCCACATTTGTAA,CAT,PRM_0385,NA,NA,FALSE,NA,NA,NA,NA,9,H,W
PRM_0385,RRRLHESPLL,AGAAGGAGATTGCATGAATCTCCACTGTTGTAA,CTG,PRM_0385,NA,NA,FALSE,NA,NA,NA,NA,9,L,W
PRM_0385,RRRLHESPLL,AGAAGGAGATTGCATGAATCTCCACTTTTGTAA,CTT,PRM_0385,NA,NA,FALSE,NA,NA,NA,NA,9,L,W
PRM_0385,RRRLHESPRL,AGAAGGAGATTGCATGAATCTCCACGGTTGTAA,CGG,PRM_0385,NA,NA,FALSE,NA,NA,NA,NA,9,R,W
PRM_0385,RRRLHESPRL,AGAAGGAGATTGCATGAATCTCCACGTTTGTAA,CGT,PRM_0385,NA,NA,FALSE,NA,NA,NA,NA,9,R,W
PRM_0385,RRRLHESPPL,AGAAGGAGATTGCATGAATCTCCACCGTTGTAA,CCG,PRM_0385,NA,NA,FALSE,NA,NA,NA,NA,9,P,W
PRM_0385,RRRLHESPPL,AGAAGGAGATTGCATGAATCTCCACCTTTGTAA,CCT,PRM_0385,NA,NA,FALSE,NA,NA,NA,NA,9,P,W
