aa_seq,score,pool,med_norm,peptide_max,assay,condition,side,signif,family,PWM_score_max,rel_PWM_score
RRRAHESPWL,62.998964,P4,0.22284068560433623,FALSE,PPI,MTX,weaker,TRUE,385,100.260289,0.6283541033878328
RRLTHESPWL,59.949235,P4,0.22987455099465331,FALSE,PPI,MTX,weaker,TRUE,385,100.260289,0.5979359883951662
SGRVWFFDWL,80.85788699999999,P4,0.4874573843536546,FALSE,PPI,MTX,weaker,TRUE,363,100.260289,0.8064796920742966
RRRLHE*PWL,NA,P4,0.25250679785005725,FALSE,PPI,MTX,no significant difference,FALSE,385,100.260289,NA
RRSWHESPWL,61.473343,P4,0.29426546776807183,FALSE,PPI,MTX,no significant difference,FALSE,385,100.260289,0.6131375005312423
RRTCHESPWL,59.947722,P4,0.2725313768965787,FALSE,PPI,MTX,weaker,TRUE,385,100.260289,0.5979208976746516
SGRFPFSDWL,81.320559,P4,0.595082199395988,FALSE,PPI,MTX,weaker,TRUE,363,100.260289,0.8110944004958933
PKVRVFLGWF,32.324478,P4,0.0901805063343111,FALSE,PPI,MTX,no significant difference,FALSE,366,100.260289,0.32240559370420324
RRTMHESPWL,59.947722,P4,0.31023138104702497,FALSE,PPI,MTX,no significant difference,FALSE,385,100.260289,0.5979208976746516
RRGSHESPWL,61.474856,P4,0.29053181400425465,FALSE,PPI,MTX,weaker,TRUE,385,100.260289,0.6131525912517567
QGRFWFSDWL,96.70336,P4,0.8483809680268242,FALSE,PPI,MTX,no significant difference,FALSE,363,100.260289,0.9645230525916397
SGR*WFTDWL,NA,P4,0.2869308673989254,FALSE,PPI,MTX,weaker,TRUE,363,100.260289,NA
SGRPWFLDWL,79.32999699999999,P4,0.336878636193222,FALSE,PPI,MTX,weaker,TRUE,363,100.260289,0.7912404581239536
RRMPHESPWL,58.4221,P4,0.23307444489597037,FALSE,PPI,MTX,no significant difference,FALSE,385,100.260289,0.5827042848440224
RRLSHESPWL,59.949235,P4,0.23632094481648352,FALSE,PPI,MTX,weaker,TRUE,385,100.260289,0.5979359883951662
RRRLHESPWS,50.191402999999994,P4,0.20405433897017283,FALSE,PPI,MTX,weaker,TRUE,385,100.260289,0.5006109946481403
RRSLHESPWL,66.057013,P4,0.29111601331639625,FALSE,PPI,MTX,weaker,TRUE,385,100.260289,0.6588552023822711
RKVRVFLGWF,32.324478,P4,-0.01735490817928935,FALSE,PPI,MTX,weaker,TRUE,366,100.260289,0.32240559370420324
RRRRHESPWL,63.508261000000005,P4,0.1379597968327333,FALSE,PPI,MTX,weaker,TRUE,385,100.260289,0.6334338513626268
SGR*WF*DWL,NA,P4,0.2908932324995167,FALSE,PPI,MTX,weaker,TRUE,363,100.260289,NA
RRMVHESPWL,59.94999,P4,0.28645771918848895,FALSE,PPI,MTX,no significant difference,FALSE,385,100.260289,0.5979435187943654
RRWAHESPWL,59.43918099999999,P4,0.39093038808005254,FALSE,PPI,MTX,no significant difference,FALSE,385,100.260289,0.5928486900730956
SGREWFPDWL,79.32999699999999,P4,0.3182710237909636,FALSE,PPI,MTX,weaker,TRUE,363,100.260289,0.7912404581239536
RRRLHESPWH,50.191402999999994,P4,0.1478002981106072,FALSE,PPI,MTX,weaker,TRUE,385,100.260289,0.5006109946481403
RRVRHESPWL,58.931397000000004,P4,0.21427497155980632,FALSE,PPI,MTX,weaker,TRUE,385,100.260289,0.5877840328188163
RRIRHESPWL,58.931397000000004,P4,0.25545234144408896,FALSE,PPI,MTX,weaker,TRUE,385,100.260289,0.5877840328188163
RRYSHESPWL,59.949235,P4,0.3079887553242743,FALSE,PPI,MTX,no significant difference,FALSE,385,100.260289,0.5979359883951662
RR*KHESPWL,NA,P4,0.16004884293038732,FALSE,PPI,MTX,no significant difference,FALSE,385,100.260289,NA
SGRFWDSDWL,94.15112,P4,0.6345925861762979,FALSE,PPI,MTX,weaker,TRUE,363,100.260289,0.9390669121250987
RRCQHESPWL,58.4221,P4,0.28541091405681895,FALSE,PPI,MTX,no significant difference,FALSE,385,100.260289,0.5827042848440224
SGRCWFSDWL,93.130135,P4,0.8073760309245513,FALSE,PPI,MTX,no significant difference,FALSE,363,100.260289,0.9288835682490402
RRRLHESPWL,67.582634,P4,0.35978196026574494,TRUE,PPI,MTX,no significant difference,FALSE,385,100.260289,0.6740718052388618
RRESHESPWL,59.44069399999999,P4,0.306231196472287,FALSE,PPI,MTX,no significant difference,FALSE,385,100.260289,0.59286378079361
RRMAHESPWL,58.4221,P4,0.2633235604268815,FALSE,PPI,MTX,weaker,TRUE,385,100.260289,0.5827042848440224
RRTSHESPWL,60.96631599999999,P4,0.24779105365256984,FALSE,PPI,MTX,weaker,TRUE,385,100.260289,0.6080803936242393
SERFWFSDWL,97.210853,P4,0.8713753657038927,FALSE,PPI,MTX,no significant difference,FALSE,363,100.260289,0.9695848074006649
SGR*WFPDWL,NA,P4,0.3202010358631443,FALSE,PPI,MTX,weaker,TRUE,363,100.260289,NA
RPRLHESPWL,66.057915,P4,0.449831162029956,FALSE,PPI,MTX,stronger,TRUE,385,100.260289,0.6588641989651556
RRLCHESPWL,58.930640999999994,P4,0.25162762982200404,FALSE,PPI,MTX,weaker,TRUE,385,100.260289,0.5877764924455783
RRCEHESPWL,58.4221,P4,0.3045997554964931,FALSE,PPI,MTX,weaker,TRUE,385,100.260289,0.5827042848440224
RRLWHESPWL,58.930640999999994,P4,0.2796009214449818,FALSE,PPI,MTX,weaker,TRUE,385,100.260289,0.5877764924455783
RRCNHESPWL,58.4221,P4,0.30261752861196867,FALSE,PPI,MTX,no significant difference,FALSE,385,100.260289,0.5827042848440224
SGRLWF*DWL,NA,P4,0.29177115014282673,FALSE,PPI,MTX,weaker,TRUE,363,100.260289,NA
RRCGHESPWL,58.931397000000004,P4,0.29943187099281987,FALSE,PPI,MTX,no significant difference,FALSE,385,100.260289,0.5877840328188163
RRKVHESPWL,59.94999,P4,0.20768440569675511,FALSE,PPI,MTX,weaker,TRUE,385,100.260289,0.5979435187943654
SGREWFADWL,79.32999699999999,P4,0.4316891177241409,FALSE,PPI,MTX,weaker,TRUE,363,100.260289,0.7912404581239536
CRRLHESPWL,66.566369,P4,0.4066967287532595,FALSE,PPI,MTX,stronger,TRUE,385,100.260289,0.6639355388253468
SKVGMFLGWF,35.881406999999996,P4,-0.00264000714984216,FALSE,PPI,MTX,no significant difference,FALSE,366,100.260289,0.35788254111256346
RRYGHESPWL,59.439938,P4,0.3279430281838022,FALSE,PPI,MTX,no significant difference,FALSE,385,100.260289,0.5928562404203722
RRVCHESPWL,58.4221,P4,0.28498472365245664,FALSE,PPI,MTX,weaker,TRUE,385,100.260289,0.5827042848440224
SGRRWFSDWL,93.639432,P4,0.7843366093241458,FALSE,PPI,MTX,weaker,TRUE,363,100.260289,0.9339633162238341
SGRCWFPDWL,79.32999699999999,P4,0.2576653308321203,FALSE,PPI,MTX,weaker,TRUE,363,100.260289,0.7912404581239536
SKVAEFLGWF,35.37210999999999,P4,0.11637923107706548,FALSE,PPI,MTX,no significant difference,FALSE,366,100.260289,0.3528027931377696
SGRFWFSDWL,100.260289,P4,0.8238403867864128,TRUE,PPI,MTX,no significant difference,FALSE,363,100.260289,1
RRSYHESPWL,63.51053,P4,0.2540668669618669,FALSE,PPI,MTX,weaker,TRUE,385,100.260289,0.6334564824563791
SGRSWFVDWL,80.348591,P4,0.35237060008421883,FALSE,PPI,MTX,weaker,TRUE,363,100.260289,0.8013999540735415
RRLPHESPWL,58.930640999999994,P4,0.2024265049628407,FALSE,PPI,MTX,weaker,TRUE,385,100.260289,0.5877764924455783
SGRFWFSKWL,96.18937100000001,P4,0.640816755928929,FALSE,PPI,MTX,weaker,TRUE,363,100.260289,0.9593965064273853
RRYPHESPWL,58.930640999999994,P4,0.2356335581017756,FALSE,PPI,MTX,no significant difference,FALSE,385,100.260289,0.5877764924455783
RRRLHTSPWL,68.60082899999999,P4,0.38386430224765833,FALSE,PPI,MTX,stronger,TRUE,385,100.260289,0.6842273215470184
RRSHHESPWL,61.473343,P4,0.25772725929197177,FALSE,PPI,MTX,no significant difference,FALSE,385,100.260289,0.6131375005312423
RRRLHASPWL,67.582634,P4,0.39743041380788224,FALSE,PPI,MTX,stronger,TRUE,385,100.260289,0.6740718052388618
RRGTHESPWL,61.474856,P4,0.28515496936491125,FALSE,PPI,MTX,no significant difference,FALSE,385,100.260289,0.6131525912517567
RRHMHESPWL,60.456261999999995,P4,0.286181022134167,FALSE,PPI,MTX,no significant difference,FALSE,385,100.260289,0.6029930953021689
SGRRWFQDWL,79.839294,P4,0.25902268408667134,FALSE,PPI,MTX,weaker,TRUE,363,100.260289,0.7963202060987475
RRDSHESPWL,59.949235,P4,0.3478649926813744,FALSE,PPI,MTX,no significant difference,FALSE,385,100.260289,0.5979359883951662
RRLRHESPWL,59.439938,P4,0.17266725316335851,FALSE,PPI,MTX,weaker,TRUE,385,100.260289,0.5928562404203722
SGRNWFGDWL,79.32999699999999,P4,0.3638715761775554,FALSE,PPI,MTX,weaker,TRUE,363,100.260289,0.7912404581239536
SGRVWFNDWL,80.85788699999999,P4,0.34869039106544075,FALSE,PPI,MTX,weaker,TRUE,363,100.260289,0.8064796920742966
RRE*HESPWL,NA,P4,0.18375664939050948,FALSE,PPI,MTX,no significant difference,FALSE,385,100.260289,NA
SKVCWFLGWF,54.31184,P4,0.01273483892506657,FALSE,PPI,MTX,no significant difference,FALSE,366,100.260289,0.5417083926418763
RRSGHESPWL,61.98264,P4,0.29119600618838226,FALSE,PPI,MTX,weaker,TRUE,385,100.260289,0.6182172485060362
RRGVHESPWL,61.984151999999995,P4,0.2861338371427733,FALSE,PPI,MTX,weaker,TRUE,385,100.260289,0.6182323292525119
RRCTHESPWL,59.44069399999999,P4,0.27254380104388193,FALSE,PPI,MTX,weaker,TRUE,385,100.260289,0.59286378079361
SGRRWFKDWL,79.839294,P4,0.1699577130996503,FALSE,PPI,MTX,weaker,TRUE,363,100.260289,0.7963202060987475
MGRFWFSDWL,96.195227,P4,0.8157284545085833,FALSE,PPI,MTX,no significant difference,FALSE,363,100.260289,0.959454914397863
RRAYHESPWL,60.459287,P4,0.27364712472735825,FALSE,PPI,MTX,no significant difference,FALSE,385,100.260289,0.6030232667691593
SGRSWFCDWL,80.348591,P4,0.4308441590695687,FALSE,PPI,MTX,weaker,TRUE,363,100.260289,0.8013999540735415
RRSAHESPWL,61.473343,P4,0.280070416147869,FALSE,PPI,MTX,weaker,TRUE,385,100.260289,0.6131375005312423
SGRAWFLDWL,79.32999699999999,P4,0.3513457218999908,FALSE,PPI,MTX,weaker,TRUE,363,100.260289,0.7912404581239536
RRAAHESPWL,58.4221,P4,0.29437848952208723,FALSE,PPI,MTX,weaker,TRUE,385,100.260289,0.5827042848440224
SGRFWFSVWL,96.698235,P4,0.6106308727006209,FALSE,PPI,MTX,weaker,TRUE,363,100.260289,0.964471935643433
SGRTWFLDWL,80.348591,P4,0.3649695514936917,FALSE,PPI,MTX,weaker,TRUE,363,100.260289,0.8013999540735415
SGRPWFSDWL,93.130135,P4,0.7678124888183773,FALSE,PPI,MTX,weaker,TRUE,363,100.260289,0.9288835682490402
RRRMHESPWL,62.998964,P4,0.2248554395384423,FALSE,PPI,MTX,weaker,TRUE,385,100.260289,0.6283541033878328
SGRPWFGDWL,79.32999699999999,P4,0.394035961203439,FALSE,PPI,MTX,weaker,TRUE,363,100.260289,0.7912404581239536
RRVTHESPWL,59.44069399999999,P4,0.2766371026910027,FALSE,PPI,MTX,weaker,TRUE,385,100.260289,0.59286378079361
RR*FHESPWL,NA,P4,0.09896508839224524,FALSE,PPI,MTX,no significant difference,FALSE,385,100.260289,NA
GGRFWFSDWL,96.70336,P4,0.8649629119113162,FALSE,PPI,MTX,stronger,TRUE,363,100.260289,0.9645230525916397
RRHVHESPWL,61.984151999999995,P4,0.25000158904488196,FALSE,PPI,MTX,no significant difference,FALSE,385,100.260289,0.6182323292525119
RRRLHEPPWL,53.782495999999995,P4,0.2734701281671449,FALSE,PPI,MTX,weaker,TRUE,385,100.260289,0.5364286951137752
RRRDHESPWL,62.998964,P4,0.29799403264139424,FALSE,PPI,MTX,no significant difference,FALSE,385,100.260289,0.6283541033878328
RRNRHESPWL,59.948477999999994,P4,0.2462062071171267,FALSE,PPI,MTX,weaker,TRUE,385,100.260289,0.5979284380478894
RRRLAESPWL,67.582634,P4,0.45904356801591817,FALSE,PPI,MTX,stronger,TRUE,385,100.260289,0.6740718052388618
SKVLVFLGWF,39.95578,P4,-0.12396078797678764,FALSE,PPI,MTX,weaker,TRUE,366,100.260289,0.3985204949887986
SGRFWCSDWL,94.15112,P4,0.8820717386848729,FALSE,PPI,MTX,no significant difference,FALSE,363,100.260289,0.9390669121250987
RRPSHESPWL,59.949235,P4,0.2751889880602968,FALSE,PPI,MTX,weaker,TRUE,385,100.260289,0.5979359883951662
RRQNHESPWL,58.4221,P4,0.29943374928126076,FALSE,PPI,MTX,no significant difference,FALSE,385,100.260289,0.5827042848440224
SKV*RFLGWF,NA,P4,0.11863076181935224,FALSE,PPI,MTX,stronger,TRUE,366,100.260289,NA
RRKEHESPWL,58.4221,P4,0.2898276680843463,FALSE,PPI,MTX,no significant difference,FALSE,385,100.260289,0.5827042848440224
CKVRVFLGWF,31.308213,P4,0.01716360698853556,FALSE,PPI,MTX,no significant difference,FALSE,366,100.260289,0.31226932729068835
RRRCHESPWL,62.998964,P4,0.2019380002487632,FALSE,PPI,MTX,weaker,TRUE,385,100.260289,0.6283541033878328
SGRSWFTDWL,85.97087,P4,0.7861072244746004,FALSE,PPI,MTX,weaker,TRUE,363,100.260289,0.8574767822582279
RRRFHESPWL,70.12911799999999,P4,0.19412441386164908,FALSE,PPI,MTX,weaker,TRUE,385,100.260289,0.6994705351387925
SGRNWFEDWL,79.32999699999999,P4,0.3983107894364668,FALSE,PPI,MTX,weaker,TRUE,363,100.260289,0.7912404581239536
SGRIWFMDWL,80.348591,P4,0.32992587864389256,FALSE,PPI,MTX,no significant difference,FALSE,363,100.260289,0.8013999540735415
RRL*HESPWL,NA,P4,0.09632854468985448,FALSE,PPI,MTX,weaker,TRUE,385,100.260289,NA
SKRFWFSDWL,97.719092,P4,0.8063023827998177,FALSE,PPI,MTX,no significant difference,FALSE,363,100.260289,0.9746540028425412
RRCSHESPWL,59.44069399999999,P4,0.28488525209905313,FALSE,PPI,MTX,no significant difference,FALSE,385,100.260289,0.59286378079361
RRATHESPWL,59.44069399999999,P4,0.24542553452483232,FALSE,PPI,MTX,weaker,TRUE,385,100.260289,0.59286378079361
RRMRHESPWL,58.931397000000004,P4,0.2146722281615727,FALSE,PPI,MTX,weaker,TRUE,385,100.260289,0.5877840328188163
RRLVHESPWL,60.458530999999994,P4,0.2448369936067303,FALSE,PPI,MTX,weaker,TRUE,385,100.260289,0.6030157263959213
RRRLHMSPWL,68.60082899999999,P4,0.4403144911917603,FALSE,PPI,MTX,stronger,TRUE,385,100.260289,0.6842273215470184
SCRFWFSDWL,97.210853,P4,0.7900682487923476,FALSE,PPI,MTX,no significant difference,FALSE,363,100.260289,0.9695848074006649
EKVRVFLGWF,31.816345000000002,P4,0.09590149307708826,FALSE,PPI,MTX,no significant difference,FALSE,366,100.260289,0.31733745551042647
RREAHESPWL,58.4221,P4,0.3056809146880652,FALSE,PPI,MTX,no significant difference,FALSE,385,100.260289,0.5827042848440224
SGRGWFFDWL,79.839294,P4,0.4311962154840084,FALSE,PPI,MTX,weaker,TRUE,363,100.260289,0.7963202060987475
SGRHWFVDWL,79.32999699999999,P4,0.3732001065799343,FALSE,PPI,MTX,weaker,TRUE,363,100.260289,0.7912404581239536
RRR*HESPWL,NA,P4,0.09579496679402352,FALSE,PPI,MTX,weaker,TRUE,385,100.260289,NA
FGRFWFSDWL,96.195227,P4,0.7923240328153954,FALSE,PPI,MTX,no significant difference,FALSE,363,100.260289,0.959454914397863
RRKRHESPWL,58.931397000000004,P4,0.2037864903965906,FALSE,PPI,MTX,weaker,TRUE,385,100.260289,0.5877840328188163
RRYVHESPWL,60.458530999999994,P4,0.2877077790687404,FALSE,PPI,MTX,no significant difference,FALSE,385,100.260289,0.6030157263959213
SGRFWFSDLL,80.282453,P4,0.4524137013660764,FALSE,PPI,MTX,weaker,TRUE,363,100.260289,0.8007402911036892
RRRLHKSPWL,68.091731,P4,0.3557683745794569,FALSE,PPI,MTX,no significant difference,FALSE,385,100.260289,0.6791495584059207
RRRLHESPRL,47.604797999999995,P4,0.17480074314683994,FALSE,PPI,MTX,weaker,TRUE,385,100.260289,0.4748120963425509
SGRFSFSDWL,81.320559,P4,0.619512088925844,FALSE,PPI,MTX,weaker,TRUE,363,100.260289,0.8110944004958933
RRHEHESPWL,60.456261999999995,P4,0.3623317076386387,FALSE,PPI,MTX,no significant difference,FALSE,385,100.260289,0.6029930953021689
RRKPHESPWL,58.4221,P4,0.1959640087693968,FALSE,PPI,MTX,weaker,TRUE,385,100.260289,0.5827042848440224
RR*VHESPWL,NA,P4,0.14809005078409285,FALSE,PPI,MTX,weaker,TRUE,385,100.260289,NA
SGRVWFADWL,80.85788699999999,P4,0.34164662148892305,FALSE,PPI,MTX,weaker,TRUE,363,100.260289,0.8064796920742966
RRLAHESPWL,58.930640999999994,P4,0.268390706743997,FALSE,PPI,MTX,weaker,TRUE,385,100.260289,0.5877764924455783
FKVRVFLGWF,31.816345000000002,P4,-0.13304239590708525,FALSE,PPI,MTX,no significant difference,FALSE,366,100.260289,0.31733745551042647
RREKHESPWL,58.4221,P4,0.3364042905262297,FALSE,PPI,MTX,no significant difference,FALSE,385,100.260289,0.5827042848440224
SGRDWFWDWL,79.32999699999999,P4,0.4441155911986445,FALSE,PPI,MTX,weaker,TRUE,363,100.260289,0.7912404581239536
RRREHESPWL,62.998964,P4,0.2903548606230386,FALSE,PPI,MTX,no significant difference,FALSE,385,100.260289,0.6283541033878328
RRSSHESPWL,62.49193699999999,P4,0.24329528286761296,FALSE,PPI,MTX,weaker,TRUE,385,100.260289,0.6232969964808299
SGRFWFSDWA,82.869058,P4,0.48937714110878344,FALSE,PPI,MTX,weaker,TRUE,363,100.260289,0.8265391894092784
RRD*HESPWL,NA,P4,0.1478002981106072,FALSE,PPI,MTX,weaker,TRUE,385,100.260289,NA
RRGYHESPWL,62.493449,P4,0.3622143366345966,FALSE,PPI,MTX,no significant difference,FALSE,385,100.260289,0.6233120772273057
SGRAWFRDWL,79.32999699999999,P4,0.28483160278594577,FALSE,PPI,MTX,weaker,TRUE,363,100.260289,0.7912404581239536
SGRFWFSDWT,82.869058,P4,0.5604786675355837,FALSE,PPI,MTX,weaker,TRUE,363,100.260289,0.8265391894092784
SGRYWFPDWL,81.367184,P4,0.306346997475779,FALSE,PPI,MTX,weaker,TRUE,363,100.260289,0.8115594400490905
RRRLHENPWL,53.782495999999995,P4,0.2688881206042504,FALSE,PPI,MTX,no significant difference,FALSE,385,100.260289,0.5364286951137752
RRFRHESPWL,59.439938,P4,0.2351186795818036,FALSE,PPI,MTX,weaker,TRUE,385,100.260289,0.5928562404203722
RRRSHESPWL,64.017558,P4,0.20584033588377476,FALSE,PPI,MTX,weaker,TRUE,385,100.260289,0.6385135993374206
RRLGHESPWL,59.439938,P4,0.3135246165149642,FALSE,PPI,MTX,weaker,TRUE,385,100.260289,0.5928562404203722
RRGRHESPWL,60.965559,P4,0.2343936417016742,FALSE,PPI,MTX,weaker,TRUE,385,100.260289,0.6080728432769628
SGRIWFADWL,80.348591,P4,0.3260244166187758,FALSE,PPI,MTX,weaker,TRUE,363,100.260289,0.8013999540735415
SGRRWFVDWL,79.839294,P4,0.3327231780575638,FALSE,PPI,MTX,weaker,TRUE,363,100.260289,0.7963202060987475
SGRHWFEDWL,79.32999699999999,P4,0.3815900185726615,FALSE,PPI,MTX,weaker,TRUE,363,100.260289,0.7912404581239536
SGRTWFPDWL,80.348591,P4,0.26890298730924667,FALSE,PPI,MTX,weaker,TRUE,363,100.260289,0.8013999540735415
SGRKWFYDWL,79.84111399999999,P4,0.41811207328033223,FALSE,PPI,MTX,weaker,TRUE,363,100.260289,0.7963383588491351
SGRFWFSDWV,83.892071,P4,0.7875347686347336,FALSE,PPI,MTX,weaker,TRUE,363,100.260289,0.8367427606357688
RRRQHESPWL,62.998964,P4,0.1921548136514589,FALSE,PPI,MTX,weaker,TRUE,385,100.260289,0.6283541033878328
RRPPHESPWL,58.930640999999994,P4,0.2295668057516472,FALSE,PPI,MTX,weaker,TRUE,385,100.260289,0.5877764924455783
SGR*WFRDWL,NA,P4,0.32438081723078577,FALSE,PPI,MTX,weaker,TRUE,363,100.260289,NA
SKVISFLGWF,36.390704,P4,0.04995360135739243,FALSE,PPI,MTX,no significant difference,FALSE,366,100.260289,0.3629622890873574
RRLEHESPWL,58.930640999999994,P4,0.31439363092007944,FALSE,PPI,MTX,no significant difference,FALSE,385,100.260289,0.5877764924455783
RRVMHESPWL,58.4221,P4,0.2815879517487994,FALSE,PPI,MTX,weaker,TRUE,385,100.260289,0.5827042848440224
RRDGHESPWL,59.439938,P4,0.3325085370061073,FALSE,PPI,MTX,no significant difference,FALSE,385,100.260289,0.5928562404203722
SKVLFFLGWF,40.467665,P4,-0.1034567173571712,FALSE,PPI,MTX,weaker,TRUE,366,100.260289,0.403626055775682
RRRPHESPWL,62.998964,P4,0.1438420043068568,FALSE,PPI,MTX,weaker,TRUE,385,100.260289,0.6283541033878328
RRRWHESPWL,62.998964,P4,0.2258593832009334,FALSE,PPI,MTX,weaker,TRUE,385,100.260289,0.6283541033878328
SARFWFSDWL,98.227332,P4,0.836292057373162,FALSE,PPI,MTX,no significant difference,FALSE,363,100.260289,0.9797232082584562
SKVACFLGWF,35.37210999999999,P4,-0.11108197078383324,FALSE,PPI,MTX,no significant difference,FALSE,366,100.260289,0.3528027931377696
SGRPWFVDWL,79.32999699999999,P4,0.31694188499074094,FALSE,PPI,MTX,weaker,TRUE,363,100.260289,0.7912404581239536
RRRLHEFPWL,53.782495999999995,P4,0.1987812443666767,FALSE,PPI,MTX,no significant difference,FALSE,385,100.260289,0.5364286951137752
RRRLHESPLL,47.604797999999995,P4,0.1236054150786863,FALSE,PPI,MTX,weaker,TRUE,385,100.260289,0.4748120963425509
SGRLWFEDWL,83.91366699999999,P4,0.4173570695998794,FALSE,PPI,MTX,weaker,TRUE,363,100.260289,0.8369581599749826
SGRLWFRDWL,83.91366699999999,P4,0.2714242735130155,FALSE,PPI,MTX,weaker,TRUE,363,100.260289,0.8369581599749826
SGRGWFIDWL,79.839294,P4,0.36669816783032616,FALSE,PPI,MTX,weaker,TRUE,363,100.260289,0.7963202060987475
SGRYWFRDWL,81.367184,P4,0.2014272624865935,FALSE,PPI,MTX,weaker,TRUE,363,100.260289,0.8115594400490905
RRSQHESPWL,61.473343,P4,0.29732475536650427,FALSE,PPI,MTX,no significant difference,FALSE,385,100.260289,0.6131375005312423
RRPQHESPWL,58.930640999999994,P4,0.2858716086028932,FALSE,PPI,MTX,no significant difference,FALSE,385,100.260289,0.5877764924455783
*KVRVFLGWF,NA,P4,0.24110291626677371,FALSE,PPI,MTX,stronger,TRUE,366,100.260289,NA
SGRFWVSDWL,95.169315,P4,0.9295622948470992,FALSE,PPI,MTX,no significant difference,FALSE,363,100.260289,0.9492224284332553
RRASHESPWL,59.44069399999999,P4,0.2958485141819982,FALSE,PPI,MTX,weaker,TRUE,385,100.260289,0.59286378079361
SGRAWFTDWL,84.952276,P4,0.7785964243885262,FALSE,PPI,MTX,weaker,TRUE,363,100.260289,0.8473172863086401
SGRDWFPDWL,79.32999699999999,P4,0.3119494883064501,FALSE,PPI,MTX,weaker,TRUE,363,100.260289,0.7912404581239536
RRRLHVSPWL,68.60082899999999,P4,0.47501985413431336,FALSE,PPI,MTX,stronger,TRUE,385,100.260289,0.6842273215470184
RRACHESPWL,58.4221,P4,0.28210818290023065,FALSE,PPI,MTX,no significant difference,FALSE,385,100.260289,0.5827042848440224
SGRLWFMDWL,83.91366699999999,P4,0.3296437541539585,FALSE,PPI,MTX,weaker,TRUE,363,100.260289,0.8369581599749826
RRHGHESPWL,60.965559,P4,0.2669099387133776,FALSE,PPI,MTX,no significant difference,FALSE,385,100.260289,0.6080728432769628
SKVMAFLGWF,35.37210999999999,P4,0.02490967083542078,FALSE,PPI,MTX,no significant difference,FALSE,366,100.260289,0.3528027931377696
RRRLHESPWG,50.191402999999994,P4,0.19104120668833924,FALSE,PPI,MTX,weaker,TRUE,385,100.260289,0.5006109946481403
RRSVHESPWL,63.001233,P4,0.2676829996119098,FALSE,PPI,MTX,weaker,TRUE,385,100.260289,0.6283767344815853
RRKLHESPWL,63.00577,P4,0.2335799221083593,FALSE,PPI,MTX,weaker,TRUE,385,100.260289,0.6284219866950513
SGRIWFSDWL,94.148729,P4,0.8563737373922976,FALSE,PPI,MTX,stronger,TRUE,363,100.260289,0.939043064198628
RRPCHESPWL,58.930640999999994,P4,0.30015885344288373,FALSE,PPI,MTX,no significant difference,FALSE,385,100.260289,0.5877764924455783
RRRTHESPWL,64.017558,P4,0.20463149976340503,FALSE,PPI,MTX,weaker,TRUE,385,100.260289,0.6385135993374206
SGRGWFADWL,79.839294,P4,0.3711603115700233,FALSE,PPI,MTX,weaker,TRUE,363,100.260289,0.7963202060987475
RRADHESPWL,58.4221,P4,0.31608781604425157,FALSE,PPI,MTX,no significant difference,FALSE,385,100.260289,0.5827042848440224
SGRFIFSDWL,81.832444,P4,0.6447279283143237,FALSE,PPI,MTX,weaker,TRUE,363,100.260289,0.8161999612827766
SGRAWFPDWL,79.32999699999999,P4,0.3192742437038158,FALSE,PPI,MTX,weaker,TRUE,363,100.260289,0.7912404581239536
SGRFWFSDML,80.282453,P4,0.4886945796020772,FALSE,PPI,MTX,weaker,TRUE,363,100.260289,0.8007402911036892
SGRAWFGDWL,79.32999699999999,P4,0.4321494904284255,FALSE,PPI,MTX,weaker,TRUE,363,100.260289,0.7912404581239536
RRG*HESPWL,NA,P4,0.1560608195046883,FALSE,PPI,MTX,weaker,TRUE,385,100.260289,NA
RRILHESPWL,63.00577,P4,0.3197588158346264,FALSE,PPI,MTX,no significant difference,FALSE,385,100.260289,0.6284219866950513
SGRSWFHDWL,80.348591,P4,0.3319514883250995,FALSE,PPI,MTX,weaker,TRUE,363,100.260289,0.8013999540735415
SGRSWFGDWL,80.348591,P4,0.4053021787381875,FALSE,PPI,MTX,weaker,TRUE,363,100.260289,0.8013999540735415
RRIVHESPWL,59.94999,P4,0.25482976756296377,FALSE,PPI,MTX,weaker,TRUE,385,100.260289,0.5979435187943654
SGRKWFADWL,79.32999699999999,P4,0.39576700139704546,FALSE,PPI,MTX,weaker,TRUE,363,100.260289,0.7912404581239536
HRRLHESPWL,67.074501,P4,0.41819410191744943,FALSE,PPI,MTX,no significant difference,FALSE,385,100.260289,0.669003667045085
SGRFWFCDWL,86.46015100000001,P4,0.3664063842009095,FALSE,PPI,MTX,weaker,TRUE,363,100.260289,0.8623568898749135
RRLLHESPWL,63.51431099999999,P4,0.2908276141264305,FALSE,PPI,MTX,weaker,TRUE,385,100.260289,0.6334941942966072
RRTGHESPWL,60.457019,P4,0.2838801038881221,FALSE,PPI,MTX,no significant difference,FALSE,385,100.260289,0.6030006456494456
RRVHHESPWL,58.4221,P4,0.29867064436619006,FALSE,PPI,MTX,no significant difference,FALSE,385,100.260289,0.5827042848440224
SGRLWFCDWL,83.91366699999999,P4,0.42225431125012663,FALSE,PPI,MTX,weaker,TRUE,363,100.260289,0.8369581599749826
RRMLHESPWL,63.00577,P4,0.2784259200634755,FALSE,PPI,MTX,no significant difference,FALSE,385,100.260289,0.6284219866950513
RRSDHESPWL,61.473343,P4,0.3211959584054573,FALSE,PPI,MTX,no significant difference,FALSE,385,100.260289,0.6131375005312423
RRQHHESPWL,58.4221,P4,0.2812446693490917,FALSE,PPI,MTX,no significant difference,FALSE,385,100.260289,0.5827042848440224
SGRFWFTDWL,92.08243,P4,0.7510350937291923,FALSE,PPI,MTX,weaker,TRUE,363,100.260289,0.9184337180595998
DRRLHESPWL,67.074501,P4,0.4177427807433631,FALSE,PPI,MTX,stronger,TRUE,385,100.260289,0.669003667045085
SGRPWFNDWL,79.32999699999999,P4,0.35288930861531975,FALSE,PPI,MTX,weaker,TRUE,363,100.260289,0.7912404581239536
RRIKHESPWL,58.4221,P4,0.27495135558174677,FALSE,PPI,MTX,no significant difference,FALSE,385,100.260289,0.5827042848440224
SKVGRFLGWF,35.881406999999996,P4,0.02257078572579766,FALSE,PPI,MTX,no significant difference,FALSE,366,100.260289,0.35788254111256346
SGRVWFSDWL,94.658025,P4,0.8514787802474832,FALSE,PPI,MTX,stronger,TRUE,363,100.260289,0.9441228021993832
SGRAWFWDWL,79.32999699999999,P4,0.4299522859619225,FALSE,PPI,MTX,weaker,TRUE,363,100.260289,0.7912404581239536
SGRYWFEDWL,81.367184,P4,0.39352387050742127,FALSE,PPI,MTX,weaker,TRUE,363,100.260289,0.8115594400490905
SGRFWFVDWL,86.46015100000001,P4,0.3454446157045957,FALSE,PPI,MTX,weaker,TRUE,363,100.260289,0.8623568898749135
RRQKHESPWL,58.4221,P4,0.2390699678594181,FALSE,PPI,MTX,no significant difference,FALSE,385,100.260289,0.5827042848440224
SGRGWFEDWL,79.839294,P4,0.4088886026895346,FALSE,PPI,MTX,weaker,TRUE,363,100.260289,0.7963202060987475
RRVKHESPWL,58.4221,P4,0.25378118749803963,FALSE,PPI,MTX,no significant difference,FALSE,385,100.260289,0.5827042848440224
RRMNHESPWL,58.4221,P4,0.2002559101143621,FALSE,PPI,MTX,weaker,TRUE,385,100.260289,0.5827042848440224
SGRTWFMDWL,80.348591,P4,0.3759470257670016,FALSE,PPI,MTX,weaker,TRUE,363,100.260289,0.8013999540735415
SGRAWFYDWL,79.84111399999999,P4,0.3694705033446496,FALSE,PPI,MTX,weaker,TRUE,363,100.260289,0.7963383588491351
SGRRWFLDWL,79.839294,P4,0.3241782540662951,FALSE,PPI,MTX,weaker,TRUE,363,100.260289,0.7963202060987475
RRNTHESPWL,60.457775,P4,0.2580684386063469,FALSE,PPI,MTX,no significant difference,FALSE,385,100.260289,0.6030081860226834
SGRFWFSNWL,96.698235,P4,0.7320269840629249,FALSE,PPI,MTX,no significant difference,FALSE,363,100.260289,0.964471935643433
RREIHESPWL,59.44069399999999,P4,0.35923463481783713,FALSE,PPI,MTX,no significant difference,FALSE,385,100.260289,0.59286378079361
RRC*HESPWL,NA,P4,0.11791322032819464,FALSE,PPI,MTX,weaker,TRUE,385,100.260289,NA
SGR*WFADWL,NA,P4,0.31333962429116813,FALSE,PPI,MTX,weaker,TRUE,363,100.260289,NA
RRTWHESPWL,59.947722,P4,0.31138656999591985,FALSE,PPI,MTX,no significant difference,FALSE,385,100.260289,0.5979208976746516
RRHTHESPWL,61.474856,P4,0.18766819814051308,FALSE,PPI,MTX,no significant difference,FALSE,385,100.260289,0.6131525912517567
SGRNWFSDWL,93.130135,P4,0.7997671411863638,FALSE,PPI,MTX,no significant difference,FALSE,363,100.260289,0.9288835682490402
RRPVHESPWL,60.458530999999994,P4,0.2536622663144987,FALSE,PPI,MTX,weaker,TRUE,385,100.260289,0.6030157263959213
RRSPHESPWL,61.473343,P4,0.2144810593166195,FALSE,PPI,MTX,weaker,TRUE,385,100.260289,0.6131375005312423
RRKSHESPWL,59.44069399999999,P4,0.17592672354260455,FALSE,PPI,MTX,weaker,TRUE,385,100.260289,0.59286378079361
RRVAHESPWL,58.4221,P4,0.2914749095736823,FALSE,PPI,MTX,no significant difference,FALSE,385,100.260289,0.5827042848440224
RRKDHESPWL,58.4221,P4,0.30550920125511694,FALSE,PPI,MTX,no significant difference,FALSE,385,100.260289,0.5827042848440224
RRTLHESPWL,64.531392,P4,0.2419917272544781,FALSE,PPI,MTX,weaker,TRUE,385,100.260289,0.6436385995256806
RRWRHESPWL,59.948477999999994,P4,0.31251111644681995,FALSE,PPI,MTX,no significant difference,FALSE,385,100.260289,0.5979284380478894
SGRAWFADWL,79.32999699999999,P4,0.3736210876878634,FALSE,PPI,MTX,weaker,TRUE,363,100.260289,0.7912404581239536
SGRFWFSDSL,80.282453,P4,0.444315832530677,FALSE,PPI,MTX,weaker,TRUE,363,100.260289,0.8007402911036892
SGRLWFLDWL,83.91366699999999,P4,0.31491839546466965,FALSE,PPI,MTX,weaker,TRUE,363,100.260289,0.8369581599749826
SKVCHFLGWF,35.37210999999999,P4,8.833329063942687e-4,FALSE,PPI,MTX,no significant difference,FALSE,366,100.260289,0.3528027931377696
RRSRHESPWL,61.98264,P4,0.19966486699407088,FALSE,PPI,MTX,weaker,TRUE,385,100.260289,0.6182172485060362
SGRSWFIDWL,80.348591,P4,0.36163390174398014,FALSE,PPI,MTX,weaker,TRUE,363,100.260289,0.8013999540735415
RRRLHESLWL,64.02058099999999,P4,0.3517731425004639,FALSE,PPI,MTX,no significant difference,FALSE,385,100.260289,0.6385437508563335
SGREWFRDWL,79.32999699999999,P4,0.29649484345427835,FALSE,PPI,MTX,weaker,TRUE,363,100.260289,0.7912404581239536
RRFAHESPWL,58.930640999999994,P4,0.32234833672705976,FALSE,PPI,MTX,no significant difference,FALSE,385,100.260289,0.5877764924455783
SGRNWFLDWL,79.32999699999999,P4,0.28527508127331574,FALSE,PPI,MTX,weaker,TRUE,363,100.260289,0.7912404581239536
SGRGWFGDWL,79.839294,P4,0.4030406914773016,FALSE,PPI,MTX,weaker,TRUE,363,100.260289,0.7963202060987475
SGRFWFSDGL,80.282453,P4,0.46802863406532214,FALSE,PPI,MTX,weaker,TRUE,363,100.260289,0.8007402911036892
RRMCHESPWL,58.4221,P4,0.24406429600534013,FALSE,PPI,MTX,no significant difference,FALSE,385,100.260289,0.5827042848440224
SGRFWFSDTL,80.282453,P4,0.4061478747121425,FALSE,PPI,MTX,weaker,TRUE,363,100.260289,0.8007402911036892
RRWSHESPWL,60.457775,P4,0.3684854618111255,FALSE,PPI,MTX,no significant difference,FALSE,385,100.260289,0.6030081860226834
RRVLHESPWL,63.00577,P4,0.30976825544938824,FALSE,PPI,MTX,weaker,TRUE,385,100.260289,0.6284219866950513
RRGNHESPWL,60.456261999999995,P4,0.2860605520013082,FALSE,PPI,MTX,no significant difference,FALSE,385,100.260289,0.6029930953021689
SGRGWFHDWL,79.839294,P4,0.3105449516828759,FALSE,PPI,MTX,weaker,TRUE,363,100.260289,0.7963202060987475
RRPRHESPWL,59.439938,P4,0.2278126095831418,FALSE,PPI,MTX,weaker,TRUE,385,100.260289,0.5928562404203722
RR*LHESPWL,NA,P4,0.02196357210008745,FALSE,PPI,MTX,weaker,TRUE,385,100.260289,NA
RRMDHESPWL,58.4221,P4,0.3137153497424718,FALSE,PPI,MTX,no significant difference,FALSE,385,100.260289,0.5827042848440224
RRHDHESPWL,60.456261999999995,P4,0.3258458195247364,FALSE,PPI,MTX,no significant difference,FALSE,385,100.260289,0.6029930953021689
RRPMHESPWL,58.930640999999994,P4,0.2056369685111555,FALSE,PPI,MTX,weaker,TRUE,385,100.260289,0.5877764924455783
RRAMHESPWL,58.4221,P4,0.2806465758664889,FALSE,PPI,MTX,no significant difference,FALSE,385,100.260289,0.5827042848440224
RRAPHESPWL,58.4221,P4,0.2711666978181101,FALSE,PPI,MTX,weaker,TRUE,385,100.260289,0.5827042848440224
RRKYHESPWL,60.459287,P4,0.2818895587137176,FALSE,PPI,MTX,no significant difference,FALSE,385,100.260289,0.6030232667691593
RREPHESPWL,58.4221,P4,0.26641953342941144,FALSE,PPI,MTX,no significant difference,FALSE,385,100.260289,0.5827042848440224
RRALHESPWL,63.00577,P4,0.294975083150694,FALSE,PPI,MTX,weaker,TRUE,385,100.260289,0.6284219866950513
SHRFWFSDWL,97.719092,P4,0.8087955260630268,FALSE,PPI,MTX,no significant difference,FALSE,363,100.260289,0.9746540028425412
SGRAWFEDWL,79.32999699999999,P4,0.4554205705311906,FALSE,PPI,MTX,weaker,TRUE,363,100.260289,0.7912404581239536
RRMFHESPWL,65.552254,P4,0.2832365358758906,FALSE,PPI,MTX,weaker,TRUE,385,100.260289,0.6538207165949821
SGRFLFSDWL,81.320559,P4,0.56362451978927,FALSE,PPI,MTX,weaker,TRUE,363,100.260289,0.8110944004958933
MKVRVFLGWF,31.816345000000002,P4,-0.02973925235743527,FALSE,PPI,MTX,no significant difference,FALSE,366,100.260289,0.31733745551042647
RRWVHESPWL,60.967071000000004,P4,0.3972921587235244,FALSE,PPI,MTX,stronger,TRUE,385,100.260289,0.6080879240234387
RRQSHESPWL,59.44069399999999,P4,0.2633297085239025,FALSE,PPI,MTX,weaker,TRUE,385,100.260289,0.59286378079361
RVRLHESPWL,65.549676,P4,0.4303704075971809,FALSE,PPI,MTX,stronger,TRUE,385,100.260289,0.65379500352327935
RWRLHESPWL,65.549676,P4,0.4718892345775332,FALSE,PPI,MTX,stronger,TRUE,385,100.260289,0.65379500352327935
SGRVWFWDWL,80.85788699999999,P4,0.4827799053223838,FALSE,PPI,MTX,weaker,TRUE,363,100.260289,0.8064796920742966
SGRNWFQDWL,79.32999699999999,P4,0.2953806144549814,FALSE,PPI,MTX,weaker,TRUE,363,100.260289,0.7912404581239536
RRRLHISPWL,68.60082899999999,P4,0.4648553179331332,FALSE,PPI,MTX,no significant difference,FALSE,385,100.260289,0.6842273215470184
SGRRWFPDWL,79.839294,P4,0.29303601439943583,FALSE,PPI,MTX,weaker,TRUE,363,100.260289,0.7963202060987475
RRWKHESPWL,59.43918099999999,P4,0.3714344084532985,FALSE,PPI,MTX,stronger,TRUE,385,100.260289,0.5928486900730956
RRRLHESRWL,67.073769,P4,0.34975563617538985,FALSE,PPI,MTX,no significant difference,FALSE,385,100.260289,0.6689963660487753
RRPLHESPWL,63.51431099999999,P4,0.26013580487761273,FALSE,PPI,MTX,weaker,TRUE,385,100.260289,0.6334941942966072
RRWYHESPWL,61.476367999999994,P4,0.3268394991109563,FALSE,PPI,MTX,no significant difference,FALSE,385,100.260289,0.6131676719982324
RRKMHESPWL,58.4221,P4,0.22925036898313897,FALSE,PPI,MTX,no significant difference,FALSE,385,100.260289,0.5827042848440224
RRSNHESPWL,61.473343,P4,0.26380499741552305,FALSE,PPI,MTX,no significant difference,FALSE,385,100.260289,0.6131375005312423
RRRLWESPWL,86.522364,P4,0.7447091551210203,FALSE,PPI,MTX,stronger,TRUE,385,100.260289,0.8629774047429686
SGRPWFMDWL,79.32999699999999,P4,0.39630473679040673,FALSE,PPI,MTX,weaker,TRUE,363,100.260289,0.7912404581239536
RRAEHESPWL,58.4221,P4,0.33242376894402786,FALSE,PPI,MTX,no significant difference,FALSE,385,100.260289,0.5827042848440224
SGRNWFADWL,79.32999699999999,P4,0.3605442914157848,FALSE,PPI,MTX,weaker,TRUE,363,100.260289,0.7912404581239536
SGRFWLSDWL,97.20570400000001,P4,0.9256146353115318,FALSE,PPI,MTX,stronger,TRUE,363,100.260289,0.9695334510755301
SGRDWFMDWL,79.32999699999999,P4,0.3686186427413423,FALSE,PPI,MTX,weaker,TRUE,363,100.260289,0.7912404581239536
RRRLKESPWL,67.582634,P4,0.3692849424567383,FALSE,PPI,MTX,no significant difference,FALSE,385,100.260289,0.6740718052388618
RRVVHESPWL,59.94999,P4,0.27975001604870897,FALSE,PPI,MTX,weaker,TRUE,385,100.260289,0.5979435187943654
SGRPWFQDWL,79.32999699999999,P4,0.32355632917284516,FALSE,PPI,MTX,weaker,TRUE,363,100.260289,0.7912404581239536
RRSCHESPWL,61.473343,P4,0.20913748369761223,FALSE,PPI,MTX,weaker,TRUE,385,100.260289,0.6131375005312423
SGRMWFLDWL,79.32999699999999,P4,0.3111730163281499,FALSE,PPI,MTX,weaker,TRUE,363,100.260289,0.7912404581239536
SGRCWFLDWL,79.32999699999999,P4,0.25221192529387654,FALSE,PPI,MTX,weaker,TRUE,363,100.260289,0.7912404581239536
RRNAHESPWL,59.43918099999999,P4,0.2812939262276778,FALSE,PPI,MTX,weaker,TRUE,385,100.260289,0.5928486900730956
RRTRHESPWL,60.457019,P4,0.2372357132786609,FALSE,PPI,MTX,weaker,TRUE,385,100.260289,0.6030006456494456
RRVQHESPWL,58.4221,P4,0.25984542315931813,FALSE,PPI,MTX,weaker,TRUE,385,100.260289,0.5827042848440224
RRRVHESPWL,64.526854,P4,0.21290299252217315,FALSE,PPI,MTX,weaker,TRUE,385,100.260289,0.6435933373381758
RRRLHESTWL,64.02058099999999,P4,0.39593586242212775,FALSE,PPI,MTX,stronger,TRUE,385,100.260289,0.6385437508563335
RRANHESPWL,58.4221,P4,0.28312453566992246,FALSE,PPI,MTX,no significant difference,FALSE,385,100.260289,0.5827042848440224
SGRLWFSDWL,97.713805,P4,0.8425620048357763,FALSE,PPI,MTX,stronger,TRUE,363,100.260289,0.9746012701000691
RRTIHESPWL,60.96631599999999,P4,0.2578756130670863,FALSE,PPI,MTX,no significant difference,FALSE,385,100.260289,0.6080803936242393
SGRFWFSCWL,96.18937100000001,P4,0.7189347625163066,FALSE,PPI,MTX,no significant difference,FALSE,363,100.260289,0.9593965064273853
SGRDWFEDWL,79.32999699999999,P4,0.3669580371747165,FALSE,PPI,MTX,weaker,TRUE,363,100.260289,0.7912404581239536
RRRLHESFWL,64.529445,P4,0.34002267126687724,FALSE,PPI,MTX,no significant difference,FALSE,385,100.260289,0.6436191800723814
RRRLHEAPWL,53.782495999999995,P4,0.20504094154914404,FALSE,PPI,MTX,weaker,TRUE,385,100.260289,0.5364286951137752
RRDQHESPWL,58.930640999999994,P4,0.3732462219108541,FALSE,PPI,MTX,no significant difference,FALSE,385,100.260289,0.5877764924455783
RRRLHESPWR,50.191402999999994,P4,0.16812193309608262,FALSE,PPI,MTX,weaker,TRUE,385,100.260289,0.5006109946481403
SGRMWFPDWL,79.32999699999999,P4,0.2895428709843493,FALSE,PPI,MTX,weaker,TRUE,363,100.260289,0.7912404581239536
RRRLMESPWL,67.582634,P4,0.470887585871251,FALSE,PPI,MTX,no significant difference,FALSE,385,100.260289,0.6740718052388618
SGRLWFYDWL,84.424784,P4,0.378626977391631,FALSE,PPI,MTX,weaker,TRUE,363,100.260289,0.8420560607001641
SKVQ*FLGWF,NA,P4,0.1501343118977159,FALSE,PPI,MTX,no significant difference,FALSE,366,100.260289,NA
SKVGKFLGWF,35.881406999999996,P4,0.00744676390608003,FALSE,PPI,MTX,no significant difference,FALSE,366,100.260289,0.35788254111256346
SGRFWSSDWL,94.15112,P4,0.7913848575884996,FALSE,PPI,MTX,no significant difference,FALSE,363,100.260289,0.9390669121250987
SGRLWFPDWL,83.91366699999999,P4,0.3248863899390537,FALSE,PPI,MTX,weaker,TRUE,363,100.260289,0.8369581599749826
RRSKHESPWL,61.473343,P4,0.2337383323081762,FALSE,PPI,MTX,weaker,TRUE,385,100.260289,0.6131375005312423
SGRSWFRDWL,80.348591,P4,0.2896551609585176,FALSE,PPI,MTX,weaker,TRUE,363,100.260289,0.8013999540735415
RRRLHEKPWL,53.782495999999995,P4,0.11701661009459435,FALSE,PPI,MTX,no significant difference,FALSE,385,100.260289,0.5364286951137752
RRRLHELPWL,53.782495999999995,P4,0.2569518550010343,FALSE,PPI,MTX,weaker,TRUE,385,100.260289,0.5364286951137752
SGRAWFKDWL,79.32999699999999,P4,0.23754916305574647,FALSE,PPI,MTX,weaker,TRUE,363,100.260289,0.7912404581239536
SGRLWFKDWL,83.91366699999999,P4,0.3159206531778394,FALSE,PPI,MTX,weaker,TRUE,363,100.260289,0.8369581599749826
RRRLHESYWL,64.02058099999999,P4,0.36591631226551824,FALSE,PPI,MTX,no significant difference,FALSE,385,100.260289,0.6385437508563335
RRAVHESPWL,59.94999,P4,0.29743147817049675,FALSE,PPI,MTX,weaker,TRUE,385,100.260289,0.5979435187943654
SKVGLFLGWF,35.881406999999996,P4,-0.06111838245716362,FALSE,PPI,MTX,weaker,TRUE,366,100.260289,0.35788254111256346
SGRFEFSDWL,81.320559,P4,0.6510093430523349,FALSE,PPI,MTX,weaker,TRUE,363,100.260289,0.8110944004958933
RRFLHESPWL,63.51431099999999,P4,0.3305860213108413,FALSE,PPI,MTX,no significant difference,FALSE,385,100.260289,0.6334941942966072
RRYHHESPWL,58.930640999999994,P4,0.2342833316237884,FALSE,PPI,MTX,no significant difference,FALSE,385,100.260289,0.5877764924455783
SGRMWFRDWL,79.32999699999999,P4,0.2841048502746832,FALSE,PPI,MTX,weaker,TRUE,363,100.260289,0.7912404581239536
SGRFWFIDWL,86.46015100000001,P4,0.3506538313906285,FALSE,PPI,MTX,weaker,TRUE,363,100.260289,0.8623568898749135
RRRLHESPWD,50.191402999999994,P4,0.19958881807515153,FALSE,PPI,MTX,no significant difference,FALSE,385,100.260289,0.5006109946481403
LGRFWFSDWL,96.70336,P4,0.8051258985714219,FALSE,PPI,MTX,no significant difference,FALSE,363,100.260289,0.9645230525916397
RR*WHESPWL,NA,P4,0.1154344729646834,FALSE,PPI,MTX,no significant difference,FALSE,385,100.260289,NA
SKIRVFLGWF,35.881406999999996,P4,0.02484768365428927,FALSE,PPI,MTX,no significant difference,FALSE,366,100.260289,0.35788254111256346
SKVIAFLGWF,36.390704,P4,0.01869622600758477,FALSE,PPI,MTX,no significant difference,FALSE,366,100.260289,0.3629622890873574
SGRFWGSDWL,94.15112,P4,0.5772205008772404,FALSE,PPI,MTX,weaker,TRUE,363,100.260289,0.9390669121250987
SKVRAFLGWF,35.881406999999996,P4,0.07393876058848536,FALSE,PPI,MTX,no significant difference,FALSE,366,100.260289,0.35788254111256346
RRNHHESPWL,59.43918099999999,P4,0.11381415437084294,FALSE,PPI,MTX,no significant difference,FALSE,385,100.260289,0.5928486900730956
RR*YHESPWL,NA,P4,-0.02835398288844291,FALSE,PPI,MTX,no significant difference,FALSE,385,100.260289,NA
RRAWHESPWL,58.4221,P4,0.32277027840821887,FALSE,PPI,MTX,no significant difference,FALSE,385,100.260289,0.5827042848440224
SGRFGFSDWL,81.320559,P4,0.6246326258180224,FALSE,PPI,MTX,weaker,TRUE,363,100.260289,0.8110944004958933
RRRLHEVPWL,53.782495999999995,P4,0.2789649976349322,FALSE,PPI,MTX,no significant difference,FALSE,385,100.260289,0.5364286951137752
AGRFWFSDWL,96.195227,P4,0.8428441398536193,FALSE,PPI,MTX,no significant difference,FALSE,363,100.260289,0.959454914397863
RRHWHESPWL,60.456261999999995,P4,0.2643560227964397,FALSE,PPI,MTX,weaker,TRUE,385,100.260289,0.6029930953021689
RRQPHESPWL,58.4221,P4,0.13401912399584762,FALSE,PPI,MTX,no significant difference,FALSE,385,100.260289,0.5827042848440224
SGRMWFSDWL,93.130135,P4,0.8484420783785555,FALSE,PPI,MTX,stronger,TRUE,363,100.260289,0.9288835682490402
RRFSHESPWL,59.949235,P4,0.2891634309262939,FALSE,PPI,MTX,no significant difference,FALSE,385,100.260289,0.5979359883951662
RRRLHEWPWL,53.782495999999995,P4,0.3933867996135992,FALSE,PPI,MTX,stronger,TRUE,385,100.260289,0.5364286951137752
RRYLHESPWL,63.51431099999999,P4,0.3009942732079509,FALSE,PPI,MTX,no significant difference,FALSE,385,100.260289,0.6334941942966072
SGRMWFFDWL,79.32999699999999,P4,0.5284856544192051,FALSE,PPI,MTX,weaker,TRUE,363,100.260289,0.7912404581239536
RRRLHCSPWL,67.582634,P4,0.4027431530883279,FALSE,PPI,MTX,no significant difference,FALSE,385,100.260289,0.6740718052388618
SKVHLFLGWF,35.37210999999999,P4,-0.14922015954982157,FALSE,PPI,MTX,no significant difference,FALSE,366,100.260289,0.3528027931377696
RLRLHESPWL,66.566155,P4,0.42383498732039143,FALSE,PPI,MTX,stronger,TRUE,385,100.260289,0.6639334043810705
RRRHHESPWL,62.998964,P4,0.19169972518888231,FALSE,PPI,MTX,weaker,TRUE,385,100.260289,0.6283541033878328
RTRLHESPWL,68.090873,P4,0.44765598114458105,FALSE,PPI,MTX,stronger,TRUE,385,100.260289,0.6791410006807381
SGRFWFNDWL,86.46015100000001,P4,0.36796504041369055,FALSE,PPI,MTX,weaker,TRUE,363,100.260289,0.8623568898749135
RRKCHESPWL,58.4221,P4,0.2288156556063475,FALSE,PPI,MTX,no significant difference,FALSE,385,100.260289,0.5827042848440224
RKRLHESPWL,66.057915,P4,0.38672448013292166,FALSE,PPI,MTX,no significant difference,FALSE,385,100.260289,0.6588641989651556
RRNLHESPWL,64.022851,P4,0.23656227812313488,FALSE,PPI,MTX,weaker,TRUE,385,100.260289,0.6385663919241247
SGRSWFPDWL,80.348591,P4,0.3301902177017871,FALSE,PPI,MTX,weaker,TRUE,363,100.260289,0.8013999540735415
RRRLHGSPWL,67.582634,P4,0.28159717203348444,FALSE,PPI,MTX,no significant difference,FALSE,385,100.260289,0.6740718052388618
SKVIGFLGWF,36.390704,P4,0.00411919458441775,FALSE,PPI,MTX,no significant difference,FALSE,366,100.260289,0.3629622890873574
RRGGHESPWL,60.965559,P4,0.30807355729119096,FALSE,PPI,MTX,no significant difference,FALSE,385,100.260289,0.6080728432769628
ARRLHESPWL,67.074501,P4,0.49853074153634513,FALSE,PPI,MTX,stronger,TRUE,385,100.260289,0.669003667045085
SGRMWFVDWL,79.32999699999999,P4,0.36025835864908407,FALSE,PPI,MTX,weaker,TRUE,363,100.260289,0.7912404581239536
SGRFWFPDWL,86.46015100000001,P4,0.24499673606552408,FALSE,PPI,MTX,weaker,TRUE,363,100.260289,0.8623568898749135
RRCAHESPWL,58.4221,P4,0.29288597470056554,FALSE,PPI,MTX,weaker,TRUE,385,100.260289,0.5827042848440224
SGRQWFCDWL,79.32999699999999,P4,0.40395864254180064,FALSE,PPI,MTX,weaker,TRUE,363,100.260289,0.7912404581239536
SGRCWFVDWL,79.32999699999999,P4,0.327081449723436,FALSE,PPI,MTX,weaker,TRUE,363,100.260289,0.7912404581239536
RRRLVESPWL,67.582634,P4,0.4271016797278127,FALSE,PPI,MTX,stronger,TRUE,385,100.260289,0.6740718052388618
SKPRVFLGWF,36.389948,P4,0.1749049115950614,FALSE,PPI,MTX,stronger,TRUE,366,100.260289,0.3629547487141195
RRDLHESPWL,63.51431099999999,P4,0.3352792771297157,FALSE,PPI,MTX,no significant difference,FALSE,385,100.260289,0.6334941942966072
SGR*WFEDWL,NA,P4,0.3804563811617505,FALSE,PPI,MTX,weaker,TRUE,363,100.260289,NA
RRVGHESPWL,58.931397000000004,P4,0.3000418176781148,FALSE,PPI,MTX,no significant difference,FALSE,385,100.260289,0.5877840328188163
SKQRVFLGWF,35.881406999999996,P4,0.23097145864161975,FALSE,PPI,MTX,no significant difference,FALSE,366,100.260289,0.35788254111256346
SGRSWFFDWL,80.348591,P4,0.4476124568387364,FALSE,PPI,MTX,weaker,TRUE,363,100.260289,0.8013999540735415
SGRQWFSDWL,93.130135,P4,0.8398025859023062,FALSE,PPI,MTX,no significant difference,FALSE,363,100.260289,0.9288835682490402
SKVREFLGWF,35.881406999999996,P4,0.08353791663376674,FALSE,PPI,MTX,no significant difference,FALSE,366,100.260289,0.35788254111256346
MRRLHESPWL,67.074501,P4,0.4256822971518985,FALSE,PPI,MTX,stronger,TRUE,385,100.260289,0.669003667045085
RRMWHESPWL,58.4221,P4,0.33912441570628926,FALSE,PPI,MTX,no significant difference,FALSE,385,100.260289,0.5827042848440224
SGRFWFADWL,86.46015100000001,P4,0.337470593084687,FALSE,PPI,MTX,weaker,TRUE,363,100.260289,0.8623568898749135
SGRFWFRDWL,86.46015100000001,P4,0.2516446869632926,FALSE,PPI,MTX,weaker,TRUE,363,100.260289,0.8623568898749135
SGRDWFADWL,79.32999699999999,P4,0.3802775419597152,FALSE,PPI,MTX,weaker,TRUE,363,100.260289,0.7912404581239536
RRN*HESPWL,NA,P4,-0.04751834772931659,FALSE,PPI,MTX,no significant difference,FALSE,385,100.260289,NA
HKVRVFLGWF,31.816345000000002,P4,0.10680146637150618,FALSE,PPI,MTX,stronger,TRUE,366,100.260289,0.31733745551042647
SGGFWFSDWL,97.717587,P4,0.8511435069544544,FALSE,PPI,MTX,no significant difference,FALSE,363,100.260289,0.974638991914336
RRYRHESPWL,59.439938,P4,0.24449178316735729,FALSE,PPI,MTX,weaker,TRUE,385,100.260289,0.5928562404203722
RRRLHESDWL,68.091499,P4,0.6182738498088958,FALSE,PPI,MTX,stronger,TRUE,385,100.260289,0.6791472444289484
SGR*WFHDWL,NA,P4,0.28943321347738654,FALSE,PPI,MTX,weaker,TRUE,363,100.260289,NA
RRRLHLSPWL,70.63721799999999,P4,0.4418921016867558,FALSE,PPI,MTX,stronger,TRUE,385,100.260289,0.7045383441892931
SGRHWFSDWL,93.130135,P4,0.7704258404090293,FALSE,PPI,MTX,weaker,TRUE,363,100.260289,0.9288835682490402
SKVMLFLGWF,35.37210999999999,P4,-0.09876587037561274,FALSE,PPI,MTX,weaker,TRUE,366,100.260289,0.3528027931377696
RRLMHESPWL,58.930640999999994,P4,0.27250811168173283,FALSE,PPI,MTX,weaker,TRUE,385,100.260289,0.5877764924455783
SGIFWFSDWL,95.683425,P4,0.8598480059227998,FALSE,PPI,MTX,no significant difference,FALSE,363,100.260289,0.9543501814561894
SKSRVFLGWF,38.932649999999995,P4,0.17110070840403915,FALSE,PPI,MTX,stronger,TRUE,366,100.260289,0.38831575679978336
SGKFWFSDWL,95.683425,P4,0.8317151167222954,FALSE,PPI,MTX,no significant difference,FALSE,363,100.260289,0.9543501814561894
RRPTHESPWL,59.949235,P4,0.23802612202849657,FALSE,PPI,MTX,weaker,TRUE,385,100.260289,0.5979359883951662
SKVRFFLGWF,36.393291999999995,P4,-0.06309178987079556,FALSE,PPI,MTX,weaker,TRUE,366,100.260289,0.3629881018994469
RRQYHESPWL,60.459287,P4,0.15962954065073295,FALSE,PPI,MTX,no significant difference,FALSE,385,100.260289,0.6030232667691593
RRLHHESPWL,58.930640999999994,P4,0.23836995157582372,FALSE,PPI,MTX,weaker,TRUE,385,100.260289,0.5877764924455783
RRRNHESPWL,62.998964,P4,0.21767424131463103,FALSE,PPI,MTX,weaker,TRUE,385,100.260289,0.6283541033878328
RRRLHESVWL,64.529445,P4,0.4182723823250707,FALSE,PPI,MTX,stronger,TRUE,385,100.260289,0.6436191800723814
SGRRWFRDWL,79.839294,P4,0.3096787321894551,FALSE,PPI,MTX,weaker,TRUE,363,100.260289,0.7963202060987475
SKVFLFLGWF,42.502264,P4,-0.15975939258919714,FALSE,PPI,MTX,weaker,TRUE,366,100.260289,0.42391922488872935
SKVRGFLGWF,35.881406999999996,P4,0.04411984872516827,FALSE,PPI,MTX,no significant difference,FALSE,366,100.260289,0.35788254111256346
RRRLHESWWL,64.02058099999999,P4,0.3290498826015083,FALSE,PPI,MTX,no significant difference,FALSE,385,100.260289,0.6385437508563335
SGRFWFSDWS,82.869058,P4,0.4756947681657151,FALSE,PPI,MTX,weaker,TRUE,363,100.260289,0.8265391894092784
RRAGHESPWL,58.931397000000004,P4,0.30385676347632035,FALSE,PPI,MTX,no significant difference,FALSE,385,100.260289,0.5877840328188163
SGRCWFQDWL,79.32999699999999,P4,0.2723996811936065,FALSE,PPI,MTX,weaker,TRUE,363,100.260289,0.7912404581239536
SGRFWFSDAL,80.282453,P4,0.46111558001252806,FALSE,PPI,MTX,weaker,TRUE,363,100.260289,0.8007402911036892
SKTRVFLGWF,37.407028999999994,P4,0.15583069819142745,FALSE,PPI,MTX,no significant difference,FALSE,366,100.260289,0.37309915394319276
RRKAHESPWL,58.4221,P4,0.19595316950535652,FALSE,PPI,MTX,no significant difference,FALSE,385,100.260289,0.5827042848440224
RRGLHESPWL,65.039932,P4,0.2877420919362354,FALSE,PPI,MTX,weaker,TRUE,385,100.260289,0.6487107971531978
SKV**FLGWF,NA,P4,0.11742136747685636,FALSE,PPI,MTX,no significant difference,FALSE,366,100.260289,NA
SGRNWFHDWL,79.32999699999999,P4,0.31250857382759517,FALSE,PPI,MTX,weaker,TRUE,363,100.260289,0.7912404581239536
RRGDHESPWL,60.456261999999995,P4,0.3657464357729689,FALSE,PPI,MTX,no significant difference,FALSE,385,100.260289,0.6029930953021689
SGRPWFHDWL,79.32999699999999,P4,0.3624357051687863,FALSE,PPI,MTX,weaker,TRUE,363,100.260289,0.7912404581239536
FRRLHESPWL,67.074501,P4,0.3843799914291173,FALSE,PPI,MTX,no significant difference,FALSE,385,100.260289,0.669003667045085
SGRKWFVDWL,79.32999699999999,P4,0.37806801814269153,FALSE,PPI,MTX,weaker,TRUE,363,100.260289,0.7912404581239536
RRRGHESPWL,63.508261000000005,P4,0.2333079304704357,FALSE,PPI,MTX,weaker,TRUE,385,100.260289,0.6334338513626268
RRM*HESPWL,NA,P4,0.11593861730899568,FALSE,PPI,MTX,no significant difference,FALSE,385,100.260289,NA
SKV*AFLGWF,NA,P4,0.1025560838277096,FALSE,PPI,MTX,no significant difference,FALSE,366,100.260289,NA
SGRNWFKDWL,79.32999699999999,P4,0.37905238041824024,FALSE,PPI,MTX,weaker,TRUE,363,100.260289,0.7912404581239536
SGRIWFRDWL,80.348591,P4,0.2967286009297292,FALSE,PPI,MTX,weaker,TRUE,363,100.260289,0.8013999540735415
SGRVWFTDWL,86.480166,P4,0.8258096530613679,FALSE,PPI,MTX,no significant difference,FALSE,363,100.260289,0.8625565202589831
SGRGWFVDWL,79.839294,P4,0.3787324426852503,FALSE,PPI,MTX,weaker,TRUE,363,100.260289,0.7963202060987475
SGRCWFDDWL,79.32999699999999,P4,0.4529979926459212,FALSE,PPI,MTX,weaker,TRUE,363,100.260289,0.7912404581239536
SGRTWFVDWL,80.348591,P4,0.409990405047991,FALSE,PPI,MTX,weaker,TRUE,363,100.260289,0.8013999540735415
SGRSWFYDWL,80.859708,P4,0.3747851046748155,FALSE,PPI,MTX,weaker,TRUE,363,100.260289,0.8064978547987229
RRWEHESPWL,59.43918099999999,P4,0.46100492587101743,FALSE,PPI,MTX,stronger,TRUE,385,100.260289,0.5928486900730956
RRRLHSSPWL,67.582634,P4,0.3609997569723865,FALSE,PPI,MTX,no significant difference,FALSE,385,100.260289,0.6740718052388618
RSRLHESPWL,67.582634,P4,0.4263765988095822,FALSE,PPI,MTX,stronger,TRUE,385,100.260289,0.6740718052388618
GKVRVFLGWF,32.324478,P4,0.05093917802877526,FALSE,PPI,MTX,no significant difference,FALSE,366,100.260289,0.32240559370420324
SGRRWFNDWL,79.839294,P4,0.3653936540599112,FALSE,PPI,MTX,weaker,TRUE,363,100.260289,0.7963202060987475
SKVRCFLGWF,35.881406999999996,P4,-0.02023734943564795,FALSE,PPI,MTX,no significant difference,FALSE,366,100.260289,0.35788254111256346
SGRFWFSDVL,80.282453,P4,0.44435761476591806,FALSE,PPI,MTX,weaker,TRUE,363,100.260289,0.8007402911036892
SKVEHFLGWF,35.37210999999999,P4,0.1292764624759015,FALSE,PPI,MTX,no significant difference,FALSE,366,100.260289,0.3528027931377696
RRDVHESPWL,60.458530999999994,P4,0.3458371680267822,FALSE,PPI,MTX,no significant difference,FALSE,385,100.260289,0.6030157263959213
SGRRWFCDWL,79.839294,P4,0.3282497184217712,FALSE,PPI,MTX,weaker,TRUE,363,100.260289,0.7963202060987475
RRRLHFSPWL,73.691803,P4,0.37619870860238386,FALSE,PPI,MTX,no significant difference,FALSE,385,100.260289,0.735004893113763
RRGPHESPWL,60.456261999999995,P4,0.2759411858965103,FALSE,PPI,MTX,weaker,TRUE,385,100.260289,0.6029930953021689
RR*NHESPWL,NA,P4,0.0691558083990886,FALSE,PPI,MTX,no significant difference,FALSE,385,100.260289,NA
RRRLHESPWK,50.191402999999994,P4,0.16379001839845553,FALSE,PPI,MTX,no significant difference,FALSE,385,100.260289,0.5006109946481403
RRVEHESPWL,58.4221,P4,0.3516699535474441,FALSE,PPI,MTX,no significant difference,FALSE,385,100.260289,0.5827042848440224
GRRLHESPWL,67.582634,P4,0.4413068644145879,FALSE,PPI,MTX,stronger,TRUE,385,100.260289,0.6740718052388618
RRHLHESPWL,65.039932,P4,0.28621937582510887,FALSE,PPI,MTX,weaker,TRUE,385,100.260289,0.6487107971531978
RRRIHESPWL,64.017558,P4,0.2169512605027528,FALSE,PPI,MTX,weaker,TRUE,385,100.260289,0.6385135993374206
SGRDWFNDWL,79.32999699999999,P4,0.4069536100198912,FALSE,PPI,MTX,weaker,TRUE,363,100.260289,0.7912404581239536
SKVAVFLGWF,35.37210999999999,P4,-0.06701403639796927,FALSE,PPI,MTX,no significant difference,FALSE,366,100.260289,0.3528027931377696
SKVFSFLGWF,42.502264,P4,-0.10393905891579332,FALSE,PPI,MTX,weaker,TRUE,366,100.260289,0.42391922488872935
RRCCHESPWL,58.4221,P4,0.2615411755961414,FALSE,PPI,MTX,no significant difference,FALSE,385,100.260289,0.5827042848440224
SGRCWFWDWL,79.32999699999999,P4,0.3769447160360694,FALSE,PPI,MTX,weaker,TRUE,363,100.260289,0.7912404581239536
RRQDHESPWL,58.4221,P4,0.27367188625508376,FALSE,PPI,MTX,no significant difference,FALSE,385,100.260289,0.5827042848440224
SGRAWFNDWL,79.32999699999999,P4,0.39650410753350207,FALSE,PPI,MTX,weaker,TRUE,363,100.260289,0.7912404581239536
SKVPTFLGWF,35.37210999999999,P4,0.09938923298322132,FALSE,PPI,MTX,no significant difference,FALSE,366,100.260289,0.3528027931377696
SKV*IFLGWF,NA,P4,0.12109007417641916,FALSE,PPI,MTX,no significant difference,FALSE,366,100.260289,NA
SGRHWFADWL,79.32999699999999,P4,0.2848923911686604,FALSE,PPI,MTX,weaker,TRUE,363,100.260289,0.7912404581239536
SGRRWFDDWL,79.839294,P4,0.4432952242455455,FALSE,PPI,MTX,weaker,TRUE,363,100.260289,0.7963202060987475
RRERHESPWL,58.931397000000004,P4,0.25351975339290156,FALSE,PPI,MTX,no significant difference,FALSE,385,100.260289,0.5877840328188163
SGRNWF*DWL,NA,P4,0.14562740101181676,FALSE,PPI,MTX,weaker,TRUE,363,100.260289,NA
SGRFWFSDWN,82.869058,P4,0.3963232890700787,FALSE,PPI,MTX,weaker,TRUE,363,100.260289,0.8265391894092784
SGRVWF*DWL,NA,P4,0.2493262707502329,FALSE,PPI,MTX,weaker,TRUE,363,100.260289,NA
SKVLKFLGWF,39.95578,P4,0.05556086581221161,FALSE,PPI,MTX,no significant difference,FALSE,366,100.260289,0.3985204949887986
SKV*LFLGWF,NA,P4,0.11784106392268916,FALSE,PPI,MTX,stronger,TRUE,366,100.260289,NA
SGRDWFRDWL,79.32999699999999,P4,0.3058728968451346,FALSE,PPI,MTX,weaker,TRUE,363,100.260289,0.7912404581239536
SGRVWFRDWL,80.85788699999999,P4,0.2712247209109403,FALSE,PPI,MTX,weaker,TRUE,363,100.260289,0.8064796920742966
RRHQHESPWL,60.456261999999995,P4,0.324613951575324,FALSE,PPI,MTX,no significant difference,FALSE,385,100.260289,0.6029930953021689
RRHPHESPWL,60.456261999999995,P4,0.21916662355531932,FALSE,PPI,MTX,no significant difference,FALSE,385,100.260289,0.6029930953021689
SKVRLFLGWF,35.881406999999996,P4,-0.07745787865673684,FALSE,PPI,MTX,weaker,TRUE,366,100.260289,0.35788254111256346
SKVLLFLGWF,39.95578,P4,-0.13918071576989885,FALSE,PPI,MTX,weaker,TRUE,366,100.260289,0.3985204949887986
SGRDWFSDWL,93.130135,P4,0.7938643171261326,FALSE,PPI,MTX,weaker,TRUE,363,100.260289,0.9288835682490402
RRHRHESPWL,60.965559,P4,0.21721296207993768,FALSE,PPI,MTX,weaker,TRUE,385,100.260289,0.6080728432769628
RR*DHESPWL,NA,P4,0.11468357973016316,FALSE,PPI,MTX,weaker,TRUE,385,100.260289,NA
RRRLLESPWL,67.582634,P4,0.37628823925135313,FALSE,PPI,MTX,stronger,TRUE,385,100.260289,0.6740718052388618
RRCHHESPWL,58.4221,P4,0.27471509301229674,FALSE,PPI,MTX,no significant difference,FALSE,385,100.260289,0.5827042848440224
SGRDWFDDWL,79.32999699999999,P4,0.5178440729193363,FALSE,PPI,MTX,weaker,TRUE,363,100.260289,0.7912404581239536
RRFMHESPWL,58.930640999999994,P4,0.31109847512428795,FALSE,PPI,MTX,no significant difference,FALSE,385,100.260289,0.5877764924455783
IKVRVFLGWF,31.308213,P4,-0.08926009464554707,FALSE,PPI,MTX,no significant difference,FALSE,366,100.260289,0.31226932729068835
RRRLHESPIL,47.604797999999995,P4,0.16145780117383918,FALSE,PPI,MTX,weaker,TRUE,385,100.260289,0.4748120963425509
RRMMHESPWL,58.4221,P4,0.2672491884761666,FALSE,PPI,MTX,no significant difference,FALSE,385,100.260289,0.5827042848440224
SGRTWFEDWL,80.348591,P4,0.4062158803586825,FALSE,PPI,MTX,weaker,TRUE,363,100.260289,0.8013999540735415
SKV*PFLGWF,NA,P4,0.15987887507184634,FALSE,PPI,MTX,stronger,TRUE,366,100.260289,NA
SGRVWFCDWL,80.85788699999999,P4,0.408532280781031,FALSE,PPI,MTX,weaker,TRUE,363,100.260289,0.8064796920742966
RREVHESPWL,59.94999,P4,0.29929510966759154,FALSE,PPI,MTX,no significant difference,FALSE,385,100.260289,0.5979435187943654
RRRLNESPWL,67.582634,P4,0.4347436031469803,FALSE,PPI,MTX,no significant difference,FALSE,385,100.260289,0.6740718052388618
RRHSHESPWL,61.474856,P4,0.2957257596390585,FALSE,PPI,MTX,no significant difference,FALSE,385,100.260289,0.6131525912517567
SGRMWFQDWL,79.32999699999999,P4,0.38280490103214454,FALSE,PPI,MTX,weaker,TRUE,363,100.260289,0.7912404581239536
SGR*WFLDWL,NA,P4,0.28231013851534525,FALSE,PPI,MTX,weaker,TRUE,363,100.260289,NA
SGRFWFSDRL,80.282453,P4,0.4342919071273201,FALSE,PPI,MTX,weaker,TRUE,363,100.260289,0.8007402911036892
RREWHESPWL,58.4221,P4,0.33652519437976436,FALSE,PPI,MTX,no significant difference,FALSE,385,100.260289,0.5827042848440224
RRLIHESPWL,59.949235,P4,0.28994293940947424,FALSE,PPI,MTX,weaker,TRUE,385,100.260289,0.5979359883951662
SGRGWFTDWL,85.461573,P4,0.7492372066878188,FALSE,PPI,MTX,weaker,TRUE,363,100.260289,0.852397034283434
RRMQHESPWL,58.4221,P4,0.2204470569312665,FALSE,PPI,MTX,no significant difference,FALSE,385,100.260289,0.5827042848440224
SGRVWFEDWL,80.85788699999999,P4,0.42616102192224103,FALSE,PPI,MTX,weaker,TRUE,363,100.260289,0.8064796920742966
SGRKWFGDWL,79.32999699999999,P4,0.3915737632935892,FALSE,PPI,MTX,weaker,TRUE,363,100.260289,0.7912404581239536
SGRDWFVDWL,79.32999699999999,P4,0.3450501297052796,FALSE,PPI,MTX,weaker,TRUE,363,100.260289,0.7912404581239536
RRPGHESPWL,59.439938,P4,0.27281098462582476,FALSE,PPI,MTX,weaker,TRUE,385,100.260289,0.5928562404203722
SGRNWFWDWL,79.32999699999999,P4,0.4092631735732494,FALSE,PPI,MTX,weaker,TRUE,363,100.260289,0.7912404581239536
SGRTWFGDWL,80.348591,P4,0.4180016756123696,FALSE,PPI,MTX,weaker,TRUE,363,100.260289,0.8013999540735415
LKVRVFLGWF,32.324478,P4,-0.078265074562631,FALSE,PPI,MTX,no significant difference,FALSE,366,100.260289,0.32240559370420324
SGRFWFSQWL,96.18937100000001,P4,0.7935987454676033,FALSE,PPI,MTX,no significant difference,FALSE,363,100.260289,0.9593965064273853
RRELHESPWL,63.00577,P4,0.3812300463441513,FALSE,PPI,MTX,no significant difference,FALSE,385,100.260289,0.6284219866950513
SGRWWFHDWL,79.32999699999999,P4,0.3605189974888016,FALSE,PPI,MTX,weaker,TRUE,363,100.260289,0.7912404581239536
SKVGCFLGWF,35.881406999999996,P4,-0.02621575071447251,FALSE,PPI,MTX,no significant difference,FALSE,366,100.260289,0.35788254111256346
RRPWHESPWL,58.930640999999994,P4,0.2606305297258433,FALSE,PPI,MTX,no significant difference,FALSE,385,100.260289,0.5877764924455783
RRWDHESPWL,59.43918099999999,P4,0.4343680442659154,FALSE,PPI,MTX,no significant difference,FALSE,385,100.260289,0.5928486900730956
SGRPWF*DWL,NA,P4,0.25378499249993736,FALSE,PPI,MTX,weaker,TRUE,363,100.260289,NA
SKVRRFLGWF,35.881406999999996,P4,-0.03009655247219108,FALSE,PPI,MTX,weaker,TRUE,366,100.260289,0.35788254111256346
RRRLHESPPL,47.604797999999995,P4,0.15440868503895816,FALSE,PPI,MTX,weaker,TRUE,385,100.260289,0.4748120963425509
RRS*HESPWL,NA,P4,0.1345905676745842,FALSE,PPI,MTX,weaker,TRUE,385,100.260289,NA
SGRRWFHDWL,79.839294,P4,0.3603980856160177,FALSE,PPI,MTX,weaker,TRUE,363,100.260289,0.7963202060987475
RRMSHESPWL,59.44069399999999,P4,0.2557113362313495,FALSE,PPI,MTX,weaker,TRUE,385,100.260289,0.59286378079361
SKVNLFLGWF,35.37210999999999,P4,0.00103783836298623,FALSE,PPI,MTX,no significant difference,FALSE,366,100.260289,0.3528027931377696
SGRMWFTDWL,84.952276,P4,0.8439158352976608,FALSE,PPI,MTX,no significant difference,FALSE,363,100.260289,0.8473172863086401
SGRFWFSDHL,80.282453,P4,0.45730790018657086,FALSE,PPI,MTX,weaker,TRUE,363,100.260289,0.8007402911036892
RRENHESPWL,58.4221,P4,0.316448908399007,FALSE,PPI,MTX,no significant difference,FALSE,385,100.260289,0.5827042848440224
SGRPWFADWL,79.32999699999999,P4,0.3421105624015506,FALSE,PPI,MTX,weaker,TRUE,363,100.260289,0.7912404581239536
SGRDWFLDWL,79.32999699999999,P4,0.3778870214740402,FALSE,PPI,MTX,weaker,TRUE,363,100.260289,0.7912404581239536
RARLHESPWL,66.566155,P4,0.3868988787043417,FALSE,PPI,MTX,no significant difference,FALSE,385,100.260289,0.6639334043810705
RRQAHESPWL,58.4221,P4,0.2012795119466788,FALSE,PPI,MTX,weaker,TRUE,385,100.260289,0.5827042848440224
SGRQWFADWL,79.32999699999999,P4,0.33826504542601726,FALSE,PPI,MTX,weaker,TRUE,363,100.260289,0.7912404581239536
SGRNWFNDWL,79.32999699999999,P4,0.2939576615450879,FALSE,PPI,MTX,weaker,TRUE,363,100.260289,0.7912404581239536
RRRLSESPWL,67.582634,P4,0.45367697391528256,FALSE,PPI,MTX,stronger,TRUE,385,100.260289,0.6740718052388618
RRFFHESPWL,66.060795,P4,0.20385845625122656,FALSE,PPI,MTX,no significant difference,FALSE,385,100.260289,0.6588929241965381
RRTNHESPWL,59.947722,P4,0.2535998539079226,FALSE,PPI,MTX,weaker,TRUE,385,100.260289,0.5979208976746516
SGRRWFWDWL,79.839294,P4,0.40452098915547574,FALSE,PPI,MTX,weaker,TRUE,363,100.260289,0.7963202060987475
RRMTHESPWL,59.44069399999999,P4,0.2515552512784184,FALSE,PPI,MTX,weaker,TRUE,385,100.260289,0.59286378079361
RRICHESPWL,58.4221,P4,0.21209496147689105,FALSE,PPI,MTX,no significant difference,FALSE,385,100.260289,0.5827042848440224
SGREWFEDWL,79.32999699999999,P4,0.4944567689095891,FALSE,PPI,MTX,weaker,TRUE,363,100.260289,0.7912404581239536
SGRMWFHDWL,79.32999699999999,P4,0.42120085758425246,FALSE,PPI,MTX,weaker,TRUE,363,100.260289,0.7912404581239536
SGRPWFCDWL,79.32999699999999,P4,0.3317902319326226,FALSE,PPI,MTX,weaker,TRUE,363,100.260289,0.7912404581239536
SKV*HFLGWF,NA,P4,0.06745142032018779,FALSE,PPI,MTX,no significant difference,FALSE,366,100.260289,NA
RRRLHESPSL,47.604797999999995,P4,0.23169473442225763,FALSE,PPI,MTX,weaker,TRUE,385,100.260289,0.4748120963425509
SGRGWFKDWL,79.839294,P4,0.29782463977642654,FALSE,PPI,MTX,weaker,TRUE,363,100.260289,0.7963202060987475
RRRLHECPWL,53.782495999999995,P4,0.2458310397753934,FALSE,PPI,MTX,no significant difference,FALSE,385,100.260289,0.5364286951137752
SKVLRFLGWF,39.95578,P4,0.04174066507079417,FALSE,PPI,MTX,no significant difference,FALSE,366,100.260289,0.3985204949887986
SGRFWFSDWD,82.869058,P4,0.48311894663850874,FALSE,PPI,MTX,weaker,TRUE,363,100.260289,0.8265391894092784
SGRPWFDDWL,79.32999699999999,P4,0.4958962789314313,FALSE,PPI,MTX,weaker,TRUE,363,100.260289,0.7912404581239536
RRTQHESPWL,59.947722,P4,0.2556114595346639,FALSE,PPI,MTX,no significant difference,FALSE,385,100.260289,0.5979208976746516
SGRVWFIDWL,80.85788699999999,P4,0.34647611043463705,FALSE,PPI,MTX,weaker,TRUE,363,100.260289,0.8064796920742966
RR*RHESPWL,NA,P4,0.10713686132945008,FALSE,PPI,MTX,weaker,TRUE,385,100.260289,NA
RRRLHESPTL,47.604797999999995,P4,0.2043168446558279,FALSE,PPI,MTX,weaker,TRUE,385,100.260289,0.4748120963425509
SGRSWF*DWL,NA,P4,0.2093848348415637,FALSE,PPI,MTX,weaker,TRUE,363,100.260289,NA
RRITHESPWL,59.44069399999999,P4,0.2686662489187873,FALSE,PPI,MTX,weaker,TRUE,385,100.260289,0.59286378079361
SKVNAFLGWF,35.37210999999999,P4,0.11763044632795702,FALSE,PPI,MTX,stronger,TRUE,366,100.260289,0.3528027931377696
SKVAAFLGWF,35.37210999999999,P4,0.08038378898839435,FALSE,PPI,MTX,no significant difference,FALSE,366,100.260289,0.3528027931377696
RRKNHESPWL,58.4221,P4,0.22054282932094935,FALSE,PPI,MTX,no significant difference,FALSE,385,100.260289,0.5827042848440224
RRQTHESPWL,59.44069399999999,P4,0.19264835370518107,FALSE,PPI,MTX,no significant difference,FALSE,385,100.260289,0.59286378079361
RRIGHESPWL,58.931397000000004,P4,0.30667075561330187,FALSE,PPI,MTX,no significant difference,FALSE,385,100.260289,0.5877840328188163
SGREWFIDWL,79.32999699999999,P4,0.38052230874759646,FALSE,PPI,MTX,weaker,TRUE,363,100.260289,0.7912404581239536
SKVGHFLGWF,35.881406999999996,P4,0.10004112647694242,FALSE,PPI,MTX,no significant difference,FALSE,366,100.260289,0.35788254111256346
SKVRSFLGWF,35.881406999999996,P4,-0.01913586134441193,FALSE,PPI,MTX,weaker,TRUE,366,100.260289,0.35788254111256346
RRYCHESPWL,58.930640999999994,P4,0.2629755248443993,FALSE,PPI,MTX,no significant difference,FALSE,385,100.260289,0.5877764924455783
RRIHHESPWL,58.4221,P4,0.30606517739078254,FALSE,PPI,MTX,no significant difference,FALSE,385,100.260289,0.5827042848440224
SGRYWFWDWL,81.367184,P4,0.45524696711559415,FALSE,PPI,MTX,weaker,TRUE,363,100.260289,0.8115594400490905
SKVQWFLGWF,54.31184,P4,-0.02260101228615615,FALSE,PPI,MTX,no significant difference,FALSE,366,100.260289,0.5417083926418763
SKVGIFLGWF,36.393291999999995,P4,-0.03064816645091699,FALSE,PPI,MTX,no significant difference,FALSE,366,100.260289,0.3629881018994469
RRH*HESPWL,NA,P4,0.05853672725770066,FALSE,PPI,MTX,no significant difference,FALSE,385,100.260289,NA
SGRAWFIDWL,79.32999699999999,P4,0.3808648801535806,FALSE,PPI,MTX,weaker,TRUE,363,100.260289,0.7912404581239536
RRYEHESPWL,58.930640999999994,P4,0.433683116023735,FALSE,PPI,MTX,no significant difference,FALSE,385,100.260289,0.5877764924455783
SGREWFLDWL,79.32999699999999,P4,0.3619813572688001,FALSE,PPI,MTX,weaker,TRUE,363,100.260289,0.7912404581239536
PGRFWFSDWL,96.70336,P4,0.8516942282709016,FALSE,PPI,MTX,no significant difference,FALSE,363,100.260289,0.9645230525916397
RRRLHEIPWL,53.782495999999995,P4,0.1365620431498215,FALSE,PPI,MTX,weaker,TRUE,385,100.260289,0.5364286951137752
RR*THESPWL,NA,P4,0.10187665709053888,FALSE,PPI,MTX,weaker,TRUE,385,100.260289,NA
RRDRHESPWL,59.439938,P4,0.2619424332986291,FALSE,PPI,MTX,no significant difference,FALSE,385,100.260289,0.5928562404203722
SKVR*FLGWF,NA,P4,0.1226792866773208,FALSE,PPI,MTX,no significant difference,FALSE,366,100.260289,NA
SKGRVFLGWF,37.915569,P4,0.22420719020005145,FALSE,PPI,MTX,stronger,TRUE,366,100.260289,0.3781713515707101
RRTKHESPWL,59.947722,P4,0.2179257686837393,FALSE,PPI,MTX,weaker,TRUE,385,100.260289,0.5979208976746516
SGRDWFGDWL,79.32999699999999,P4,0.4122351828686234,FALSE,PPI,MTX,weaker,TRUE,363,100.260289,0.7912404581239536
RREYHESPWL,60.459287,P4,0.30486964287339774,FALSE,PPI,MTX,no significant difference,FALSE,385,100.260289,0.6030232667691593
SKVAFFLGWF,35.883995,P4,-0.15399995061398458,FALSE,PPI,MTX,weaker,TRUE,366,100.260289,0.35790835392465303
SKVRV*LGWF,NA,P4,0.2344436233228629,FALSE,PPI,MTX,no significant difference,FALSE,366,100.260289,NA
PRRLHESPWL,67.582634,P4,0.4121054159871445,FALSE,PPI,MTX,stronger,TRUE,385,100.260289,0.6740718052388618
*GRFWFSDWL,NA,P4,0.4793408853610181,FALSE,PPI,MTX,weaker,TRUE,363,100.260289,NA
RRRLHESPWE,50.191402999999994,P4,0.11296620806616688,FALSE,PPI,MTX,no significant difference,FALSE,385,100.260289,0.5006109946481403
SGRQWFNDWL,79.32999699999999,P4,0.33193792250529264,FALSE,PPI,MTX,weaker,TRUE,363,100.260289,0.7912404581239536
SKVAGFLGWF,35.37210999999999,P4,0.03050866087415154,FALSE,PPI,MTX,no significant difference,FALSE,366,100.260289,0.3528027931377696
SKVL*FLGWF,NA,P4,-0.0211102327568787,FALSE,PPI,MTX,no significant difference,FALSE,366,100.260289,NA
SGRPWFIDWL,79.32999699999999,P4,0.3663833059160817,FALSE,PPI,MTX,weaker,TRUE,363,100.260289,0.7912404581239536
RRRLHEMPWL,53.782495999999995,P4,0.2909205276638401,FALSE,PPI,MTX,no significant difference,FALSE,385,100.260289,0.5364286951137752
SGPFWFSDWL,96.191966,P4,0.8566525305824292,FALSE,PPI,MTX,no significant difference,FALSE,363,100.260289,0.9594223890577455
SKVLSFLGWF,39.95578,P4,0.00443920965301187,FALSE,PPI,MTX,no significant difference,FALSE,366,100.260289,0.3985204949887986
RRDTHESPWL,59.949235,P4,0.32336493890874457,FALSE,PPI,MTX,no significant difference,FALSE,385,100.260289,0.5979359883951662
RRSTHESPWL,62.49193699999999,P4,0.25961616898870066,FALSE,PPI,MTX,weaker,TRUE,385,100.260289,0.6232969964808299
RRIQHESPWL,58.4221,P4,0.3017106739020762,FALSE,PPI,MTX,no significant difference,FALSE,385,100.260289,0.5827042848440224
SGRRWFMDWL,79.839294,P4,0.2488371025497741,FALSE,PPI,MTX,weaker,TRUE,363,100.260289,0.7963202060987475
SKVRVDLGWF,29.772237999999998,P4,0.6931989714128073,FALSE,PPI,MTX,stronger,TRUE,366,100.260289,0.2969494532376622
SGRSWFDDWL,80.348591,P4,0.46761782158807214,FALSE,PPI,MTX,weaker,TRUE,363,100.260289,0.8013999540735415
SGQFWFSDWL,95.683425,P4,0.8599822942241654,FALSE,PPI,MTX,no significant difference,FALSE,363,100.260289,0.9543501814561894
SKV*SFLGWF,NA,P4,0.11001288325826732,FALSE,PPI,MTX,no significant difference,FALSE,366,100.260289,NA
SGRCWFTDWL,84.952276,P4,0.7771166753706928,FALSE,PPI,MTX,weaker,TRUE,363,100.260289,0.8473172863086401
RRDHHESPWL,58.930640999999994,P4,0.3045379403120809,FALSE,PPI,MTX,no significant difference,FALSE,385,100.260289,0.5877764924455783
SGREWFSDWL,93.130135,P4,0.8382112099670848,FALSE,PPI,MTX,no significant difference,FALSE,363,100.260289,0.9288835682490402
RRRLHERPWL,53.782495999999995,P4,0.1929355446068076,FALSE,PPI,MTX,weaker,TRUE,385,100.260289,0.5364286951137752
SKVRDFLGWF,35.881406999999996,P4,0.11265337241687304,FALSE,PPI,MTX,no significant difference,FALSE,366,100.260289,0.35788254111256346
SGRAWFMDWL,79.32999699999999,P4,0.3420633559931444,FALSE,PPI,MTX,weaker,TRUE,363,100.260289,0.7912404581239536
SGRSWFEDWL,80.348591,P4,0.3959029294072301,FALSE,PPI,MTX,weaker,TRUE,363,100.260289,0.8013999540735415
SGREWFTDWL,84.952276,P4,0.8079347975789966,FALSE,PPI,MTX,no significant difference,FALSE,363,100.260289,0.8473172863086401
SGR*WFDDWL,NA,P4,0.26609419253719724,FALSE,PPI,MTX,weaker,TRUE,363,100.260289,NA
RDRLHESPWL,67.074394,P4,0.4694212870910283,FALSE,PPI,MTX,stronger,TRUE,385,100.260289,0.6690025998229469
RRISHESPWL,59.44069399999999,P4,0.29655646809566705,FALSE,PPI,MTX,no significant difference,FALSE,385,100.260289,0.59286378079361
SKVALFLGWF,35.37210999999999,P4,-0.02206690430036156,FALSE,PPI,MTX,no significant difference,FALSE,366,100.260289,0.3528027931377696
SGRFWNSDWL,94.15112,P4,0.7355927887040314,FALSE,PPI,MTX,no significant difference,FALSE,363,100.260289,0.9390669121250987
SGRCWFYDWL,79.84111399999999,P4,0.36716343473294744,FALSE,PPI,MTX,weaker,TRUE,363,100.260289,0.7963383588491351
RERLHESPWL,65.549676,P4,0.454630305085965,FALSE,PPI,MTX,no significant difference,FALSE,385,100.260289,0.65379500352327935
SGRKWFQDWL,79.32999699999999,P4,0.10437451467091464,FALSE,PPI,MTX,no significant difference,FALSE,363,100.260289,0.7912404581239536
SGR*WFFDWL,NA,P4,0.3197483543005282,FALSE,PPI,MTX,weaker,TRUE,363,100.260289,NA
SGREWFVDWL,79.32999699999999,P4,0.37823003109566133,FALSE,PPI,MTX,weaker,TRUE,363,100.260289,0.7912404581239536
SGRDWF*DWL,NA,P4,0.34410452496976734,FALSE,PPI,MTX,weaker,TRUE,363,100.260289,NA
RFRLHESPWL,65.549676,P4,0.39314557628944535,FALSE,PPI,MTX,stronger,TRUE,385,100.260289,0.65379500352327935
RRIFHESPWL,65.552254,P4,0.2804898882630563,FALSE,PPI,MTX,no significant difference,FALSE,385,100.260289,0.6538207165949821
SKVDGFLGWF,35.37210999999999,P4,0.04852095296614293,FALSE,PPI,MTX,no significant difference,FALSE,366,100.260289,0.3528027931377696
RRQGHESPWL,58.931397000000004,P4,0.30082044237504635,FALSE,PPI,MTX,no significant difference,FALSE,385,100.260289,0.5877840328188163
RGRFWFSDWL,96.70336,P4,0.8343869752830585,FALSE,PPI,MTX,no significant difference,FALSE,363,100.260289,0.9645230525916397
SKRRVFLGWF,40.458270999999996,P4,0.12479132817082404,FALSE,PPI,MTX,no significant difference,FALSE,366,100.260289,0.40353235965637396
SGRFWRSDWL,94.660217,P4,0.8610529087544164,FALSE,PPI,MTX,no significant difference,FALSE,363,100.260289,0.9441446652921577
SKVAMFLGWF,35.37210999999999,P4,-0.0353191070138183,FALSE,PPI,MTX,no significant difference,FALSE,366,100.260289,0.3528027931377696
SGREWFYDWL,79.84111399999999,P4,0.3800705738451391,FALSE,PPI,MTX,weaker,TRUE,363,100.260289,0.7963383588491351
RRRLHEGPWL,53.782495999999995,P4,0.2916487034710341,FALSE,PPI,MTX,no significant difference,FALSE,385,100.260289,0.5364286951137752
SGRLWFWDWL,83.91366699999999,P4,0.4930443654717528,FALSE,PPI,MTX,weaker,TRUE,363,100.260289,0.8369581599749826
NRRLHESPWL,66.566369,P4,0.49325665990365875,FALSE,PPI,MTX,stronger,TRUE,385,100.260289,0.6639355388253468
SGR*WFIDWL,NA,P4,0.4104348243415129,FALSE,PPI,MTX,weaker,TRUE,363,100.260289,NA
RRIWHESPWL,58.4221,P4,0.3312696971098197,FALSE,PPI,MTX,no significant difference,FALSE,385,100.260289,0.5827042848440224
SGRVWFLDWL,80.85788699999999,P4,0.31178449939548003,FALSE,PPI,MTX,weaker,TRUE,363,100.260289,0.8064796920742966
SGRLWFDDWL,83.91366699999999,P4,0.5068059325143102,FALSE,PPI,MTX,weaker,TRUE,363,100.260289,0.8369581599749826
SGRPWFPDWL,79.32999699999999,P4,0.3438931537380679,FALSE,PPI,MTX,weaker,TRUE,363,100.260289,0.7912404581239536
RRRLHNSPWL,67.582634,P4,0.26517786348031014,FALSE,PPI,MTX,no significant difference,FALSE,385,100.260289,0.6740718052388618
SKVRVFKGWF,35.881406999999996,P4,0.0174094820515884,FALSE,PPI,MTX,no significant difference,FALSE,366,100.260289,0.35788254111256346
RRYTHESPWL,59.949235,P4,0.34175394943552406,FALSE,PPI,MTX,no significant difference,FALSE,385,100.260289,0.5979359883951662
RRV*HESPWL,NA,P4,0.15606142281051436,FALSE,PPI,MTX,weaker,TRUE,385,100.260289,NA
SGRIWFPDWL,80.348591,P4,0.24252004528328056,FALSE,PPI,MTX,weaker,TRUE,363,100.260289,0.8013999540735415
SKVRTFLGWF,35.881406999999996,P4,0.09609410462306466,FALSE,PPI,MTX,no significant difference,FALSE,366,100.260289,0.35788254111256346
RRRLHQSPWL,67.582634,P4,0.3801136364736643,FALSE,PPI,MTX,no significant difference,FALSE,385,100.260289,0.6740718052388618
SGRTWFTDWL,85.97087,P4,0.8805077550400127,FALSE,PPI,MTX,stronger,TRUE,363,100.260289,0.8574767822582279
SGRFWTSDWL,95.169315,P4,0.9137513885795644,FALSE,PPI,MTX,no significant difference,FALSE,363,100.260289,0.9492224284332553
RRLYHESPWL,60.967828,P4,0.27105505562551063,FALSE,PPI,MTX,weaker,TRUE,385,100.260289,0.6080954743707152
RRTAHESPWL,59.947722,P4,0.2531495789291988,FALSE,PPI,MTX,weaker,TRUE,385,100.260289,0.5979208976746516
SKVRVFLAWF,32.319354,P4,-0.07977674762098443,FALSE,PPI,MTX,no significant difference,FALSE,366,100.260289,0.32235448673003525
SGRIWFQDWL,80.348591,P4,0.25492530618813125,FALSE,PPI,MTX,weaker,TRUE,363,100.260289,0.8013999540735415
SGRDWFHDWL,79.32999699999999,P4,0.35301732855768436,FALSE,PPI,MTX,weaker,TRUE,363,100.260289,0.7912404581239536
SKVARFLGWF,35.37210999999999,P4,0.0162386060728173,FALSE,PPI,MTX,no significant difference,FALSE,366,100.260289,0.3528027931377696
RRLKHESPWL,58.930640999999994,P4,0.25802869151070007,FALSE,PPI,MTX,weaker,TRUE,385,100.260289,0.5877764924455783
SGR*WFNDWL,NA,P4,0.396393758142013,FALSE,PPI,MTX,weaker,TRUE,363,100.260289,NA
RRHFHESPWL,67.586416,P4,0.2324307771579587,FALSE,PPI,MTX,no significant difference,FALSE,385,100.260289,0.6741095270531287
SGRPWFRDWL,79.32999699999999,P4,0.3347918425566579,FALSE,PPI,MTX,weaker,TRUE,363,100.260289,0.7912404581239536
SKVASFLGWF,35.37210999999999,P4,-0.01359721779175044,FALSE,PPI,MTX,no significant difference,FALSE,366,100.260289,0.3528027931377696
SKVRHFLGWF,35.881406999999996,P4,0.07444053190018739,FALSE,PPI,MTX,no significant difference,FALSE,366,100.260289,0.35788254111256346
SKVRVFLEWF,32.82821799999999,P4,0.08846314744750518,FALSE,PPI,MTX,no significant difference,FALSE,366,100.260289,0.327429915946083
SGRDWFKDWL,79.32999699999999,P4,0.3573793932752811,FALSE,PPI,MTX,weaker,TRUE,363,100.260289,0.7912404581239536
RRIPHESPWL,58.4221,P4,0.2631852162264554,FALSE,PPI,MTX,weaker,TRUE,385,100.260289,0.5827042848440224
SKV*CFLGWF,NA,P4,0.05277494736215975,FALSE,PPI,MTX,no significant difference,FALSE,366,100.260289,NA
RRVDHESPWL,58.4221,P4,0.3349834902988174,FALSE,PPI,MTX,no significant difference,FALSE,385,100.260289,0.5827042848440224
RRRLHESMWL,64.529445,P4,0.4552190331749589,FALSE,PPI,MTX,stronger,TRUE,385,100.260289,0.6436191800723814
SKVATFLGWF,35.37210999999999,P4,0.06598381153477133,FALSE,PPI,MTX,no significant difference,FALSE,366,100.260289,0.3528027931377696
RRP*HESPWL,NA,P4,0.16193459664562537,FALSE,PPI,MTX,weaker,TRUE,385,100.260289,NA
SKVRVELGWF,29.772237999999998,P4,0.4542919325143459,FALSE,PPI,MTX,stronger,TRUE,366,100.260289,0.2969494532376622
R*RLHESPWL,NA,P4,0.33495967322468295,FALSE,PPI,MTX,no significant difference,FALSE,385,100.260289,NA
SGRLWFGDWL,83.91366699999999,P4,0.3897974178255257,FALSE,PPI,MTX,weaker,TRUE,363,100.260289,0.8369581599749826
RRHIHESPWL,61.474856,P4,0.23132335822146727,FALSE,PPI,MTX,no significant difference,FALSE,385,100.260289,0.6131525912517567
SGRNWFMDWL,79.32999699999999,P4,0.24210750347135876,FALSE,PPI,MTX,weaker,TRUE,363,100.260289,0.7912404581239536
RRARHESPWL,58.931397000000004,P4,0.2218747062458756,FALSE,PPI,MTX,weaker,TRUE,385,100.260289,0.5877840328188163
RRHKHESPWL,60.456261999999995,P4,0.2682657062235229,FALSE,PPI,MTX,no significant difference,FALSE,385,100.260289,0.6029930953021689
RRPAHESPWL,58.930640999999994,P4,0.25465680815502456,FALSE,PPI,MTX,weaker,TRUE,385,100.260289,0.5877764924455783
RNRLHESPWL,66.057915,P4,0.4394701405180549,FALSE,PPI,MTX,no significant difference,FALSE,385,100.260289,0.6588641989651556
SGRGWF*DWL,NA,P4,0.28196749200286164,FALSE,PPI,MTX,weaker,TRUE,363,100.260289,NA
SGRSWFLDWL,80.348591,P4,0.29955417162055925,FALSE,PPI,MTX,weaker,TRUE,363,100.260289,0.8013999540735415
SKVRKFLGWF,35.881406999999996,P4,0.05240095283305644,FALSE,PPI,MTX,no significant difference,FALSE,366,100.260289,0.35788254111256346
RREQHESPWL,58.4221,P4,0.3341993743356919,FALSE,PPI,MTX,no significant difference,FALSE,385,100.260289,0.5827042848440224
RRRLHESPAL,47.604797999999995,P4,0.2364034369834631,FALSE,PPI,MTX,weaker,TRUE,385,100.260289,0.4748120963425509
RRMGHESPWL,58.931397000000004,P4,0.3069406639806893,FALSE,PPI,MTX,no significant difference,FALSE,385,100.260289,0.5877840328188163
RRRLHWSPWL,70.63721799999999,P4,0.3493763002278088,FALSE,PPI,MTX,no significant difference,FALSE,385,100.260289,0.7045383441892931
SGRFMFSDWL,81.320559,P4,0.613737220639344,FALSE,PPI,MTX,weaker,TRUE,363,100.260289,0.8110944004958933
SKVRVFLGEF,15.903571,P4,0.15259308920714632,FALSE,PPI,MTX,no significant difference,FALSE,366,100.260289,0.15862283221625265
RRRLHYSPWL,70.128121,P4,0.3681762515465042,FALSE,PPI,MTX,no significant difference,FALSE,385,100.260289,0.699460591022234
RRRLHESPEL,47.604797999999995,P4,0.2320768562013465,FALSE,PPI,MTX,no significant difference,FALSE,385,100.260289,0.4748120963425509
SGRLWFHDWL,83.91366699999999,P4,0.35698871049934144,FALSE,PPI,MTX,weaker,TRUE,363,100.260289,0.8369581599749826
RRMKHESPWL,58.4221,P4,0.15630480326360333,FALSE,PPI,MTX,no significant difference,FALSE,385,100.260289,0.5827042848440224
RRRLIESPWL,68.09451899999999,P4,0.4347779955106084,FALSE,PPI,MTX,stronger,TRUE,385,100.260289,0.6791773660257452
SGRHWFCDWL,79.32999699999999,P4,0.39503296654689146,FALSE,PPI,MTX,weaker,TRUE,363,100.260289,0.7912404581239536
SKVC*FLGWF,NA,P4,0.1152296804532078,FALSE,PPI,MTX,no significant difference,FALSE,366,100.260289,NA
SGRFQFSDWL,81.320559,P4,0.5540759210609663,FALSE,PPI,MTX,weaker,TRUE,363,100.260289,0.8110944004958933
RR*AHESPWL,NA,P4,0.1286671946626338,FALSE,PPI,MTX,weaker,TRUE,385,100.260289,NA
SGRWWF*DWL,NA,P4,0.256504316151383,FALSE,PPI,MTX,weaker,TRUE,363,100.260289,NA
RRCVHESPWL,59.94999,P4,0.2753576378326179,FALSE,PPI,MTX,weaker,TRUE,385,100.260289,0.5979435187943654
SGRFRFSDWL,81.320559,P4,0.5687692713777357,FALSE,PPI,MTX,weaker,TRUE,363,100.260289,0.8110944004958933
RRPEHESPWL,58.930640999999994,P4,0.36785945266289394,FALSE,PPI,MTX,no significant difference,FALSE,385,100.260289,0.5877764924455783
SGRNWFDDWL,79.32999699999999,P4,0.5010947807851874,FALSE,PPI,MTX,weaker,TRUE,363,100.260289,0.7912404581239536
SKVCAFLGWF,35.37210999999999,P4,-0.01777888129030049,FALSE,PPI,MTX,no significant difference,FALSE,366,100.260289,0.3528027931377696
RRCWHESPWL,58.4221,P4,0.3025597042473181,FALSE,PPI,MTX,no significant difference,FALSE,385,100.260289,0.5827042848440224
RGRLHESPWL,68.599112,P4,0.44527463865817063,FALSE,PPI,MTX,stronger,TRUE,385,100.260289,0.6842101961226145
SAVRVFLGWF,36.389647,P4,0.07101915508404882,FALSE,PPI,MTX,no significant difference,FALSE,366,100.260289,0.36295174652847845
RRETHESPWL,59.44069399999999,P4,0.334913821214935,FALSE,PPI,MTX,no significant difference,FALSE,385,100.260289,0.59286378079361
SKVCCFLGWF,35.37210999999999,P4,-0.09577657740823292,FALSE,PPI,MTX,no significant difference,FALSE,366,100.260289,0.3528027931377696
RRWPHESPWL,59.43918099999999,P4,0.30287433674054254,FALSE,PPI,MTX,no significant difference,FALSE,385,100.260289,0.5928486900730956
RRRLCESPWL,67.582634,P4,0.3920995716954618,FALSE,PPI,MTX,no significant difference,FALSE,385,100.260289,0.6740718052388618
RRPFHESPWL,66.060795,P4,0.24287075539930672,FALSE,PPI,MTX,weaker,TRUE,385,100.260289,0.6588929241965381
SGRPWFTDWL,84.952276,P4,0.7376079927271892,FALSE,PPI,MTX,weaker,TRUE,363,100.260289,0.8473172863086401
RRVIHESPWL,59.44069399999999,P4,0.3364808773469701,FALSE,PPI,MTX,no significant difference,FALSE,385,100.260289,0.59286378079361
SGRSWFMDWL,80.348591,P4,0.308752670431421,FALSE,PPI,MTX,weaker,TRUE,363,100.260289,0.8013999540735415
SGRNWFTDWL,84.952276,P4,0.7554052642279583,FALSE,PPI,MTX,weaker,TRUE,363,100.260289,0.8473172863086401
SGRKWFEDWL,79.32999699999999,P4,0.4310261896999398,FALSE,PPI,MTX,weaker,TRUE,363,100.260289,0.7912404581239536
RR*GHESPWL,NA,P4,0.15865081774180742,FALSE,PPI,MTX,weaker,TRUE,385,100.260289,NA
SGRAWF*DWL,NA,P4,0.3006889856276613,FALSE,PPI,MTX,weaker,TRUE,363,100.260289,NA
KKVRVFLGWF,31.308213,P4,0.2659268217302541,FALSE,PPI,MTX,stronger,TRUE,366,100.260289,0.31226932729068835
RRRLFESPWL,68.09451899999999,P4,0.37160554731148865,FALSE,PPI,MTX,no significant difference,FALSE,385,100.260289,0.6791773660257452
SCVRVFLGWF,35.37316799999999,P4,-0.02516939901611817,FALSE,PPI,MTX,weaker,TRUE,366,100.260289,0.3528133456706872
SKVRVFLGLF,15.903571,P4,0.02041865337267953,FALSE,PPI,MTX,no significant difference,FALSE,366,100.260289,0.15862283221625265
RRQLHESPWL,63.00577,P4,0.290126558106063,FALSE,PPI,MTX,no significant difference,FALSE,385,100.260289,0.6284219866950513
RRRYHESPWL,65.036151,P4,0.2113762991657443,FALSE,PPI,MTX,weaker,TRUE,385,100.260289,0.6486730853129697
SGRWWFGDWL,79.32999699999999,P4,0.4013891939219112,FALSE,PPI,MTX,weaker,TRUE,363,100.260289,0.7912404581239536
SKVRVFLGNF,15.903571,P4,0.0590905781516618,FALSE,PPI,MTX,no significant difference,FALSE,366,100.260289,0.15862283221625265
SKVRNFLGWF,35.881406999999996,P4,0.0068376821045787,FALSE,PPI,MTX,no significant difference,FALSE,366,100.260289,0.35788254111256346
RRAQHESPWL,58.4221,P4,0.26340560110198796,FALSE,PPI,MTX,no significant difference,FALSE,385,100.260289,0.5827042848440224
SGRFTFSDWL,81.320559,P4,0.6291705536431129,FALSE,PPI,MTX,weaker,TRUE,363,100.260289,0.8110944004958933
RRRLGESPWL,67.582634,P4,0.434428142285521,FALSE,PPI,MTX,stronger,TRUE,385,100.260289,0.6740718052388618
SKVCGFLGWF,35.37210999999999,P4,-0.05562546005848514,FALSE,PPI,MTX,weaker,TRUE,366,100.260289,0.3528027931377696
RR*IHESPWL,NA,P4,0.09022456947389916,FALSE,PPI,MTX,weaker,TRUE,385,100.260289,NA
SKVRVFLGPF,15.903571,P4,-0.01718129148023786,FALSE,PPI,MTX,no significant difference,FALSE,366,100.260289,0.15862283221625265
SGRDWFYDWL,79.84111399999999,P4,0.34973501435484483,FALSE,PPI,MTX,weaker,TRUE,363,100.260289,0.7963383588491351
SGRPWFWDWL,79.32999699999999,P4,0.3541076177333654,FALSE,PPI,MTX,weaker,TRUE,363,100.260289,0.7912404581239536
SGRFVFSDWL,81.320559,P4,0.645146812862794,FALSE,PPI,MTX,weaker,TRUE,363,100.260289,0.8110944004958933
SGREWF*DWL,NA,P4,0.2313180709099373,FALSE,PPI,MTX,weaker,TRUE,363,100.260289,NA
SGRPWFYDWL,79.84111399999999,P4,0.34192021158856234,FALSE,PPI,MTX,weaker,TRUE,363,100.260289,0.7963383588491351
RRFCHESPWL,58.930640999999994,P4,0.2826494714102299,FALSE,PPI,MTX,no significant difference,FALSE,385,100.260289,0.5877764924455783
SGRAWFCDWL,79.32999699999999,P4,0.439411814965776,FALSE,PPI,MTX,weaker,TRUE,363,100.260289,0.7912404581239536
RRKTHESPWL,59.44069399999999,P4,0.23612913748619516,FALSE,PPI,MTX,no significant difference,FALSE,385,100.260289,0.59286378079361
SGRAWFDDWL,79.32999699999999,P4,0.5276839638165371,FALSE,PPI,MTX,weaker,TRUE,363,100.260289,0.7912404581239536
SGRFW*SDWL,NA,P4,0.47985204368554446,FALSE,PPI,MTX,weaker,TRUE,363,100.260289,NA
RRKHHESPWL,58.4221,P4,0.2047811668949351,FALSE,PPI,MTX,no significant difference,FALSE,385,100.260289,0.5827042848440224
SKVCLFLGWF,35.37210999999999,P4,-0.07918433290724333,FALSE,PPI,MTX,no significant difference,FALSE,366,100.260289,0.3528027931377696
RRI*HESPWL,NA,P4,0.11817788259013912,FALSE,PPI,MTX,weaker,TRUE,385,100.260289,NA
SKVEIFLGWF,35.883995,P4,0.02477478734012324,FALSE,PPI,MTX,no significant difference,FALSE,366,100.260289,0.35790835392465303
RRRLHESP*L,NA,P4,0.17274879500107196,FALSE,PPI,MTX,no significant difference,FALSE,385,100.260289,NA
SKVRVFLGRF,15.903571,P4,0.02873197665890757,FALSE,PPI,MTX,no significant difference,FALSE,366,100.260289,0.15862283221625265
SGRWWFLDWL,79.32999699999999,P4,0.2249360203818329,FALSE,PPI,MTX,weaker,TRUE,363,100.260289,0.7912404581239536
SGREWFDDWL,79.32999699999999,P4,0.5410473433105515,FALSE,PPI,MTX,weaker,TRUE,363,100.260289,0.7912404581239536
RRDIHESPWL,59.949235,P4,0.27361123172941687,FALSE,PPI,MTX,no significant difference,FALSE,385,100.260289,0.5979359883951662
SKVGFFLGWF,36.393291999999995,P4,0.00472585369338155,FALSE,PPI,MTX,no significant difference,FALSE,366,100.260289,0.3629881018994469
SGRFWFSSWL,97.20710000000001,P4,0.6788932286352652,FALSE,PPI,MTX,weaker,TRUE,363,100.260289,0.9695473748335197
RRRLTESPWL,67.582634,P4,0.43606842637927656,FALSE,PPI,MTX,stronger,TRUE,385,100.260289,0.6740718052388618
SKVRVFLGSF,15.903571,P4,0.12011831236288588,FALSE,PPI,MTX,no significant difference,FALSE,366,100.260289,0.15862283221625265
RR*PHESPWL,NA,P4,0.08180854297393053,FALSE,PPI,MTX,weaker,TRUE,385,100.260289,NA
RRTPHESPWL,59.947722,P4,0.2722219423676907,FALSE,PPI,MTX,weaker,TRUE,385,100.260289,0.5979208976746516
SGREWFFDWL,79.32999699999999,P4,0.5093244813903579,FALSE,PPI,MTX,weaker,TRUE,363,100.260289,0.7912404581239536
SGREWFGDWL,79.32999699999999,P4,0.44687362390468965,FALSE,PPI,MTX,weaker,TRUE,363,100.260289,0.7912404581239536
SGRFWF*DWL,NA,P4,0.33054952065697896,FALSE,PPI,MTX,weaker,TRUE,363,100.260289,NA
SGFFWFSDWL,96.191966,P4,0.8323041816656747,FALSE,PPI,MTX,no significant difference,FALSE,363,100.260289,0.9594223890577455
SGRQWFEDWL,79.32999699999999,P4,0.4166102713595642,FALSE,PPI,MTX,weaker,TRUE,363,100.260289,0.7912404581239536
SKVA*FLGWF,NA,P4,0.15476852996868157,FALSE,PPI,MTX,no significant difference,FALSE,366,100.260289,NA
RRGQHESPWL,60.456261999999995,P4,0.35680735322570223,FALSE,PPI,MTX,no significant difference,FALSE,385,100.260289,0.6029930953021689
SGRQWFFDWL,79.32999699999999,P4,0.4798696072267036,FALSE,PPI,MTX,weaker,TRUE,363,100.260289,0.7912404581239536
SKVCQFLGWF,35.37210999999999,P4,0.00667902581121798,FALSE,PPI,MTX,no significant difference,FALSE,366,100.260289,0.3528027931377696
NGRFWFSDWL,95.687095,P4,0.869825619114619,FALSE,PPI,MTX,no significant difference,FALSE,363,100.260289,0.9543867861781248
RRDMHESPWL,58.930640999999994,P4,0.3206762570391355,FALSE,PPI,MTX,no significant difference,FALSE,385,100.260289,0.5877764924455783
SGRFWFSWWL,96.18937100000001,P4,0.5125238840081253,FALSE,PPI,MTX,weaker,TRUE,363,100.260289,0.9593965064273853
SKVCRFLGWF,35.37210999999999,P4,-0.05491162558390361,FALSE,PPI,MTX,no significant difference,FALSE,366,100.260289,0.3528027931377696
SGRGWFLDWL,79.839294,P4,0.32205967095441934,FALSE,PPI,MTX,weaker,TRUE,363,100.260289,0.7963202060987475
SGREWFKDWL,79.32999699999999,P4,0.3424740842897032,FALSE,PPI,MTX,weaker,TRUE,363,100.260289,0.7912404581239536
SGRFWFDDWL,86.46015100000001,P4,0.4955176856845307,FALSE,PPI,MTX,weaker,TRUE,363,100.260289,0.8623568898749135
SGRPWFFDWL,79.32999699999999,P4,0.40722100969965064,FALSE,PPI,MTX,weaker,TRUE,363,100.260289,0.7912404581239536
SGRWWFADWL,79.32999699999999,P4,0.32624100069264705,FALSE,PPI,MTX,weaker,TRUE,363,100.260289,0.7912404581239536
SGRAWFHDWL,79.32999699999999,P4,0.35722769568830615,FALSE,PPI,MTX,weaker,TRUE,363,100.260289,0.7912404581239536
SKVADFLGWF,35.37210999999999,P4,0.14441130708242098,FALSE,PPI,MTX,no significant difference,FALSE,366,100.260289,0.3528027931377696
SGRQWFIDWL,79.32999699999999,P4,0.38337905010812495,FALSE,PPI,MTX,weaker,TRUE,363,100.260289,0.7912404581239536
SKVCSFLGWF,35.37210999999999,P4,-0.0415115232628924,FALSE,PPI,MTX,no significant difference,FALSE,366,100.260289,0.3528027931377696
RRRLHESPW*,NA,P4,0.19456200191966436,FALSE,PPI,MTX,no significant difference,FALSE,385,100.260289,NA
RRPNHESPWL,58.930640999999994,P4,0.23650887734725184,FALSE,PPI,MTX,no significant difference,FALSE,385,100.260289,0.5877764924455783
SKERVFLGWF,35.881406999999996,P4,0.28609108777322173,FALSE,PPI,MTX,stronger,TRUE,366,100.260289,0.35788254111256346
SGRQWFKDWL,79.32999699999999,P4,0.35697156718855066,FALSE,PPI,MTX,weaker,TRUE,363,100.260289,0.7912404581239536
RRFPHESPWL,58.930640999999994,P4,0.16416339953785825,FALSE,PPI,MTX,no significant difference,FALSE,385,100.260289,0.5877764924455783
SGREWFMDWL,79.32999699999999,P4,0.3695226791971521,FALSE,PPI,MTX,weaker,TRUE,363,100.260289,0.7912404581239536
SKVRVFLGWC,35.881406999999996,P4,0.31212805621833584,FALSE,PPI,MTX,stronger,TRUE,366,100.260289,0.35788254111256346
RRRLHESPWA,50.191402999999994,P4,0.22990393677965704,FALSE,PPI,MTX,weaker,TRUE,385,100.260289,0.5006109946481403
SGRQWFLDWL,79.32999699999999,P4,0.3748257437993211,FALSE,PPI,MTX,weaker,TRUE,363,100.260289,0.7912404581239536
SKVRVFLGWD,35.881406999999996,P4,0.091219375184471,FALSE,PPI,MTX,no significant difference,FALSE,366,100.260289,0.35788254111256346
SGRGWFNDWL,79.839294,P4,0.39929541295891624,FALSE,PPI,MTX,weaker,TRUE,363,100.260289,0.7963202060987475
RRSEHESPWL,61.473343,P4,0.3465499610980833,FALSE,PPI,MTX,no significant difference,FALSE,385,100.260289,0.6131375005312423
SGREWFNDWL,79.32999699999999,P4,0.44855091151349447,FALSE,PPI,MTX,weaker,TRUE,363,100.260289,0.7912404581239536
RRRLHETPWL,59.404775,P4,0.4389716164607501,FALSE,PPI,MTX,stronger,TRUE,385,100.260289,0.5925055232984616
SKVCVFLGWF,35.37210999999999,P4,-0.11133657561028006,FALSE,PPI,MTX,no significant difference,FALSE,366,100.260289,0.3528027931377696
SKVRVALGWF,29.772237999999998,P4,0.19781610815880063,FALSE,PPI,MTX,stronger,TRUE,366,100.260289,0.2969494532376622
RRSFHESPWL,68.603497,P4,0.26459995235591205,FALSE,PPI,MTX,weaker,TRUE,385,100.260289,0.684253932282202
SGRVWFMDWL,80.85788699999999,P4,0.3341592166197742,FALSE,PPI,MTX,weaker,TRUE,363,100.260289,0.8064796920742966
SKVNIFLGWF,35.883995,P4,-0.05025244466344068,FALSE,PPI,MTX,no significant difference,FALSE,366,100.260289,0.35790835392465303
RRLDHESPWL,58.930640999999994,P4,0.29998353705532993,FALSE,PPI,MTX,no significant difference,FALSE,385,100.260289,0.5877764924455783
SGRFWFLDWL,86.46015100000001,P4,0.2471939332132809,FALSE,PPI,MTX,weaker,TRUE,363,100.260289,0.8623568898749135
SGRGWFPDWL,79.839294,P4,0.3407563267249172,FALSE,PPI,MTX,weaker,TRUE,363,100.260289,0.7963202060987475
SKVRVFLGWF,35.881406999999996,P4,0.06120871007731555,TRUE,PPI,MTX,no significant difference,FALSE,366,100.260289,0.35788254111256346
SGRWWFWDWL,79.32999699999999,P4,0.42863670201924614,FALSE,PPI,MTX,weaker,TRUE,363,100.260289,0.7912404581239536
SKVLAFLGWF,39.95578,P4,0.0195509162964276,FALSE,PPI,MTX,no significant difference,FALSE,366,100.260289,0.3985204949887986
SGRGWFQDWL,79.839294,P4,0.3545452688771955,FALSE,PPI,MTX,weaker,TRUE,363,100.260289,0.7963202060987475
SGRFWFMDWL,86.46015100000001,P4,0.25383762608830746,FALSE,PPI,MTX,weaker,TRUE,363,100.260289,0.8623568898749135
SGRQWFQDWL,79.32999699999999,P4,0.32477351335851057,FALSE,PPI,MTX,weaker,TRUE,363,100.260289,0.7912404581239536
SGRQWFRDWL,79.32999699999999,P4,0.2956043822425245,FALSE,PPI,MTX,weaker,TRUE,363,100.260289,0.7912404581239536
SGRIWFEDWL,80.348591,P4,0.3898517863583424,FALSE,PPI,MTX,weaker,TRUE,363,100.260289,0.8013999540735415
RRLFHESPWL,66.060795,P4,0.2321344206623716,FALSE,PPI,MTX,weaker,TRUE,385,100.260289,0.6588929241965381
SKVDAFLGWF,35.37210999999999,P4,0.15404669322417106,FALSE,PPI,MTX,no significant difference,FALSE,366,100.260289,0.3528027931377696
RRFTHESPWL,59.949235,P4,0.3261665270215274,FALSE,PPI,MTX,no significant difference,FALSE,385,100.260289,0.5979359883951662
RRDWHESPWL,58.930640999999994,P4,0.36148986487644574,FALSE,PPI,MTX,no significant difference,FALSE,385,100.260289,0.5877764924455783
SKVDCFLGWF,35.37210999999999,P4,0.07944054416689501,FALSE,PPI,MTX,no significant difference,FALSE,366,100.260289,0.3528027931377696
SGRMWFWDWL,79.32999699999999,P4,0.5110102656948838,FALSE,PPI,MTX,weaker,TRUE,363,100.260289,0.7912404581239536
RRRLHHSPWL,67.582634,P4,0.30598791760014216,FALSE,PPI,MTX,no significant difference,FALSE,385,100.260289,0.6740718052388618
SGRFWFQDWL,86.46015100000001,P4,0.3537793772381076,FALSE,PPI,MTX,weaker,TRUE,363,100.260289,0.8623568898749135
SGRGWFRDWL,79.839294,P4,0.31255298245789737,FALSE,PPI,MTX,weaker,TRUE,363,100.260289,0.7963202060987475
SKVRVFDGWF,35.881406999999996,P4,0.19376314254136817,FALSE,PPI,MTX,stronger,TRUE,366,100.260289,0.35788254111256346
SKVDEFLGWF,35.37210999999999,P4,0.03706265440549727,FALSE,PPI,MTX,no significant difference,FALSE,366,100.260289,0.3528027931377696
RRFWHESPWL,58.930640999999994,P4,0.29220367480063125,FALSE,PPI,MTX,no significant difference,FALSE,385,100.260289,0.5877764924455783
SGRQWFTDWL,84.952276,P4,0.8053165358125444,FALSE,PPI,MTX,no significant difference,FALSE,363,100.260289,0.8473172863086401
RRNQHESPWL,59.43918099999999,P4,0.31724583996758426,FALSE,PPI,MTX,weaker,TRUE,385,100.260289,0.5928486900730956
SGRFWPSDWL,94.15112,P4,0.576340226836676,FALSE,PPI,MTX,weaker,TRUE,363,100.260289,0.9390669121250987
RRCFHESPWL,65.552254,P4,0.21768035631773147,FALSE,PPI,MTX,weaker,TRUE,385,100.260289,0.6538207165949821
SGRFWFSDWP,82.869058,P4,0.44643251259585504,FALSE,PPI,MTX,weaker,TRUE,363,100.260289,0.8265391894092784
SGR*WFGDWL,NA,P4,0.3153014673224082,FALSE,PPI,MTX,weaker,TRUE,363,100.260289,NA
SGRYWFGDWL,81.367184,P4,0.4133689335568148,FALSE,PPI,MTX,weaker,TRUE,363,100.260289,0.8115594400490905
RRSIHESPWL,62.49193699999999,P4,0.2643479059549139,FALSE,PPI,MTX,weaker,TRUE,385,100.260289,0.6232969964808299
RREDHESPWL,58.4221,P4,0.3675938032347667,FALSE,PPI,MTX,no significant difference,FALSE,385,100.260289,0.5827042848440224
SGRFWFS*WL,NA,P4,0.37156315315367183,FALSE,PPI,MTX,weaker,TRUE,363,100.260289,NA
SGRGWFSDWL,93.639432,P4,0.7935516656978444,FALSE,PPI,MTX,weaker,TRUE,363,100.260289,0.9339633162238341
SGRFWFSAWL,96.18937100000001,P4,0.7502815109394669,FALSE,PPI,MTX,weaker,TRUE,363,100.260289,0.9593965064273853
SGRQWFVDWL,79.32999699999999,P4,0.31637667717355866,FALSE,PPI,MTX,weaker,TRUE,363,100.260289,0.7912404581239536
SGRF*FSDWL,NA,P4,0.4937803674512629,FALSE,PPI,MTX,weaker,TRUE,363,100.260289,NA
RRVWHESPWL,58.4221,P4,0.31878038238815976,FALSE,PPI,MTX,no significant difference,FALSE,385,100.260289,0.5827042848440224
SKVINFLGWF,36.390704,P4,0.00203312244145395,FALSE,PPI,MTX,no significant difference,FALSE,366,100.260289,0.3629622890873574
SKVDKFLGWF,35.37210999999999,P4,0.02452491839418602,FALSE,PPI,MTX,no significant difference,FALSE,366,100.260289,0.3528027931377696
RRGAHESPWL,60.456261999999995,P4,0.283135900425355,FALSE,PPI,MTX,weaker,TRUE,385,100.260289,0.6029930953021689
SKVRVFLGWG,35.881406999999996,P4,-0.00740363113325214,FALSE,PPI,MTX,no significant difference,FALSE,366,100.260289,0.35788254111256346
SGRNWFFDWL,79.32999699999999,P4,0.43706225483735817,FALSE,PPI,MTX,weaker,TRUE,363,100.260289,0.7912404581239536
SGRQWFYDWL,79.84111399999999,P4,0.4497640185220224,FALSE,PPI,MTX,weaker,TRUE,363,100.260289,0.7963383588491351
SGRDWFFDWL,79.32999699999999,P4,0.45680649368694354,FALSE,PPI,MTX,weaker,TRUE,363,100.260289,0.7912404581239536
SKVDLFLGWF,35.37210999999999,P4,0.07972707570545248,FALSE,PPI,MTX,no significant difference,FALSE,366,100.260289,0.3528027931377696
RRVYHESPWL,60.459287,P4,0.2711489139627972,FALSE,PPI,MTX,no significant difference,FALSE,385,100.260289,0.6030232667691593
SGRFCFSDWL,81.320559,P4,0.6013069917775425,FALSE,PPI,MTX,weaker,TRUE,363,100.260289,0.8110944004958933
RREHHESPWL,58.4221,P4,0.37309097229997146,FALSE,PPI,MTX,no significant difference,FALSE,385,100.260289,0.5827042848440224
SGRFDFSDWL,81.320559,P4,0.6609370492725952,FALSE,PPI,MTX,weaker,TRUE,363,100.260289,0.8110944004958933
SKVRVFLGWI,37.415926999999996,P4,0.16308186460290833,FALSE,PPI,MTX,no significant difference,FALSE,366,100.260289,0.37318790293931825
SGRFWFSDCL,80.282453,P4,0.4400097621329517,FALSE,PPI,MTX,weaker,TRUE,363,100.260289,0.8007402911036892
SKVDMFLGWF,35.37210999999999,P4,0.10235445823180332,FALSE,PPI,MTX,no significant difference,FALSE,366,100.260289,0.3528027931377696
SGRFWFSDDL,80.282453,P4,0.4402309911106781,FALSE,PPI,MTX,weaker,TRUE,363,100.260289,0.8007402911036892
SKVDNFLGWF,35.37210999999999,P4,0.04002136256473945,FALSE,PPI,MTX,no significant difference,FALSE,366,100.260289,0.3528027931377696
SGRFFFSDWL,81.832444,P4,0.5613018414467762,FALSE,PPI,MTX,weaker,TRUE,363,100.260289,0.8161999612827766
SGRRWFADWL,79.839294,P4,0.28790590906942437,FALSE,PPI,MTX,weaker,TRUE,363,100.260289,0.7963202060987475
SGRFWFSDEL,80.282453,P4,0.4629401036983638,FALSE,PPI,MTX,weaker,TRUE,363,100.260289,0.8007402911036892
SKVRVFLGWL,53.272638,P4,0.1208477053391354,FALSE,PPI,MTX,no significant difference,FALSE,366,100.260289,0.5313433517032851
RRGEHESPWL,60.456261999999995,P4,0.3699991426988764,FALSE,PPI,MTX,no significant difference,FALSE,385,100.260289,0.6029930953021689
SKVDPFLGWF,35.37210999999999,P4,0.1007874518432584,FALSE,PPI,MTX,no significant difference,FALSE,366,100.260289,0.3528027931377696
RRKFHESPWL,65.552254,P4,0.24635702809326968,FALSE,PPI,MTX,no significant difference,FALSE,385,100.260289,0.6538207165949821
SGRAWFSDWL,93.130135,P4,0.8202714654335749,FALSE,PPI,MTX,no significant difference,FALSE,363,100.260289,0.9288835682490402
SGRFWFSDFL,80.282453,P4,0.5065651234709374,FALSE,PPI,MTX,weaker,TRUE,363,100.260289,0.8007402911036892
SKVRIFLGWF,36.393291999999995,P4,-0.02640356782305245,FALSE,PPI,MTX,weaker,TRUE,366,100.260289,0.3629881018994469
RRAIHESPWL,59.44069399999999,P4,0.2971588866099759,FALSE,PPI,MTX,no significant difference,FALSE,385,100.260289,0.59286378079361
SKVRVFLGWM,35.881406999999996,P4,-0.0677127801961536,FALSE,PPI,MTX,no significant difference,FALSE,366,100.260289,0.35788254111256346
SGRYWFQDWL,81.367184,P4,0.33193792250529264,FALSE,PPI,MTX,weaker,TRUE,363,100.260289,0.8115594400490905
RRPYHESPWL,60.967828,P4,0.12154074555128108,FALSE,PPI,MTX,no significant difference,FALSE,385,100.260289,0.6080954743707152
SGRYWF*DWL,NA,P4,0.31739474869134754,FALSE,PPI,MTX,weaker,TRUE,363,100.260289,NA
SKVRVFLGAF,15.903571,P4,0.12944202685323372,FALSE,PPI,MTX,no significant difference,FALSE,366,100.260289,0.15862283221625265
SKVDRFLGWF,35.37210999999999,P4,0.02130490394924432,FALSE,PPI,MTX,no significant difference,FALSE,366,100.260289,0.3528027931377696
SKVRVFLGWP,35.881406999999996,P4,-0.06162971983816488,FALSE,PPI,MTX,weaker,TRUE,366,100.260289,0.35788254111256346
RRVSHESPWL,59.44069399999999,P4,0.29131372707007697,FALSE,PPI,MTX,weaker,TRUE,385,100.260289,0.59286378079361
SGRLWFTDWL,89.535946,P4,0.8264712375929812,FALSE,PPI,MTX,no significant difference,FALSE,363,100.260289,0.8930349881596691
SGRGWFWDWL,79.839294,P4,0.4097261697868914,FALSE,PPI,MTX,weaker,TRUE,363,100.260289,0.7963202060987475
SGRFWFSDIL,80.282453,P4,0.4237139456260622,FALSE,PPI,MTX,weaker,TRUE,363,100.260289,0.8007402911036892
SKVDSFLGWF,35.37210999999999,P4,0.06648483731908393,FALSE,PPI,MTX,no significant difference,FALSE,366,100.260289,0.3528027931377696
SKVRVFLGWQ,35.881406999999996,P4,-0.04818261061971524,FALSE,PPI,MTX,no significant difference,FALSE,366,100.260289,0.35788254111256346
SGRTWF*DWL,NA,P4,0.2249552505679046,FALSE,PPI,MTX,weaker,TRUE,363,100.260289,NA
SGRVWFVDWL,80.85788699999999,P4,0.36089277728135505,FALSE,PPI,MTX,weaker,TRUE,363,100.260289,0.8064796920742966
RRVFHESPWL,65.552254,P4,0.2836124347428987,FALSE,PPI,MTX,no significant difference,FALSE,385,100.260289,0.6538207165949821
SKVAWFLGWF,54.31184,P4,-2.6311039344760305e-4,FALSE,PPI,MTX,no significant difference,FALSE,366,100.260289,0.5417083926418763
RRSMHESPWL,61.473343,P4,0.25274685113045037,FALSE,PPI,MTX,no significant difference,FALSE,385,100.260289,0.6131375005312423
SKVRVFLGWR,35.881406999999996,P4,-0.08964779809017022,FALSE,PPI,MTX,no significant difference,FALSE,366,100.260289,0.35788254111256346
SGRTWFADWL,80.348591,P4,0.3721417535082817,FALSE,PPI,MTX,weaker,TRUE,363,100.260289,0.8013999540735415
SGRIWFYDWL,80.859708,P4,0.3761311791203657,FALSE,PPI,MTX,weaker,TRUE,363,100.260289,0.8064978547987229
SGRNWFRDWL,79.32999699999999,P4,0.2903009516145535,FALSE,PPI,MTX,weaker,TRUE,363,100.260289,0.7912404581239536
SGRLWFVDWL,83.91366699999999,P4,0.37822491912011935,FALSE,PPI,MTX,weaker,TRUE,363,100.260289,0.8369581599749826
SKVDTFLGWF,35.37210999999999,P4,0.08612386252694411,FALSE,PPI,MTX,no significant difference,FALSE,366,100.260289,0.3528027931377696
SKVRVFLGWS,35.881406999999996,P4,0.02743270808166974,FALSE,PPI,MTX,no significant difference,FALSE,366,100.260289,0.35788254111256346
SKVAYFLGWF,35.37210999999999,P4,0.04767981558465604,FALSE,PPI,MTX,no significant difference,FALSE,366,100.260289,0.3528027931377696
RRECHESPWL,58.4221,P4,0.30107616259133196,FALSE,PPI,MTX,no significant difference,FALSE,385,100.260289,0.5827042848440224
SKVDVFLGWF,35.37210999999999,P4,-0.00673452076107791,FALSE,PPI,MTX,no significant difference,FALSE,366,100.260289,0.3528027931377696
SGR*WFVDWL,NA,P4,0.3477523653081804,FALSE,PPI,MTX,weaker,TRUE,363,100.260289,NA
SGRAWFVDWL,79.32999699999999,P4,0.3490504730109658,FALSE,PPI,MTX,weaker,TRUE,363,100.260289,0.7912404581239536
SGRHWFDDWL,79.32999699999999,P4,0.48918303701060617,FALSE,PPI,MTX,weaker,TRUE,363,100.260289,0.7912404581239536
SGRRWFEDWL,79.839294,P4,0.3526347808467458,FALSE,PPI,MTX,weaker,TRUE,363,100.260289,0.7963202060987475
RRGIHESPWL,61.474856,P4,0.30533502110377275,FALSE,PPI,MTX,no significant difference,FALSE,385,100.260289,0.6131525912517567
SGRFWFSDPL,80.282453,P4,0.473259659881952,FALSE,PPI,MTX,weaker,TRUE,363,100.260289,0.8007402911036892
SGRRWFFDWL,79.839294,P4,0.40487859448384467,FALSE,PPI,MTX,weaker,TRUE,363,100.260289,0.7963202060987475
SKVDWFLGWF,54.31184,P4,0.13461046426577344,FALSE,PPI,MTX,no significant difference,FALSE,366,100.260289,0.5417083926418763
SGRHWFFDWL,79.32999699999999,P4,0.37861780807089257,FALSE,PPI,MTX,weaker,TRUE,363,100.260289,0.7912404581239536
SKVKDFLGWF,35.37210999999999,P4,0.08280284995804431,FALSE,PPI,MTX,no significant difference,FALSE,366,100.260289,0.3528027931377696
RRKQHESPWL,58.4221,P4,0.2893780244477727,FALSE,PPI,MTX,no significant difference,FALSE,385,100.260289,0.5827042848440224
SKVE*FLGWF,NA,P4,0.1828129859631082,FALSE,PPI,MTX,stronger,TRUE,366,100.260289,NA
RRLNHESPWL,58.930640999999994,P4,0.2442151814598135,FALSE,PPI,MTX,weaker,TRUE,385,100.260289,0.5877764924455783
SGRWWFDDWL,79.32999699999999,P4,0.43430477595429384,FALSE,PPI,MTX,weaker,TRUE,363,100.260289,0.7912404581239536
SKVRVFLGWV,36.90442,P4,0.3582846194857433,FALSE,PPI,MTX,stronger,TRUE,366,100.260289,0.3680861123390538
RRRLEESPWL,67.582634,P4,0.512000658250546,FALSE,PPI,MTX,stronger,TRUE,385,100.260289,0.6740718052388618
SKVRMFLGWF,35.881406999999996,P4,-0.12540070498288217,FALSE,PPI,MTX,no significant difference,FALSE,366,100.260289,0.35788254111256346
SKVCFFLGWF,35.883995,P4,-0.01277218265591663,FALSE,PPI,MTX,no significant difference,FALSE,366,100.260289,0.35790835392465303
SGRSWFNDWL,80.348591,P4,0.364016664449805,FALSE,PPI,MTX,weaker,TRUE,363,100.260289,0.8013999540735415
SKVKHFLGWF,35.37210999999999,P4,0.09721310353930694,FALSE,PPI,MTX,no significant difference,FALSE,366,100.260289,0.3528027931377696
SGRCWF*DWL,NA,P4,0.24238875398792784,FALSE,PPI,MTX,weaker,TRUE,363,100.260289,NA
SGRMWFADWL,79.32999699999999,P4,0.3823932704677134,FALSE,PPI,MTX,weaker,TRUE,363,100.260289,0.7912404581239536
SGRFWFSPWL,99.751424,P4,0.7994474446378449,FALSE,PPI,MTX,no significant difference,FALSE,363,100.260289,0.9949245608099135
RRRLHESPWT,50.191402999999994,P4,0.2388752923130716,FALSE,PPI,MTX,no significant difference,FALSE,385,100.260289,0.5006109946481403
SGRCWFADWL,79.32999699999999,P4,0.3458760102076638,FALSE,PPI,MTX,weaker,TRUE,363,100.260289,0.7912404581239536
SGRRWFGDWL,79.839294,P4,0.37800994957763656,FALSE,PPI,MTX,weaker,TRUE,363,100.260289,0.7963202060987475
SKVRVFLHWF,33.33708299999999,P4,0.00542579048009527,FALSE,PPI,MTX,no significant difference,FALSE,366,100.260289,0.3325053551361695
RRRLHESPNL,47.604797999999995,P4,0.20037239137657273,FALSE,PPI,MTX,no significant difference,FALSE,385,100.260289,0.4748120963425509
SGRCWFCDWL,79.32999699999999,P4,0.36517715264952344,FALSE,PPI,MTX,weaker,TRUE,363,100.260289,0.7912404581239536
SGRMWFCDWL,79.32999699999999,P4,0.4383245572890379,FALSE,PPI,MTX,weaker,TRUE,363,100.260289,0.7912404581239536
LRRLHESPWL,67.582634,P4,0.374888309256,FALSE,PPI,MTX,no significant difference,FALSE,385,100.260289,0.6740718052388618
RRGMHESPWL,60.456261999999995,P4,0.31750249046802187,FALSE,PPI,MTX,no significant difference,FALSE,385,100.260289,0.6029930953021689
SKVRVFLGQF,15.903571,P4,0.15963155457782077,FALSE,PPI,MTX,no significant difference,FALSE,366,100.260289,0.15862283221625265
RRRLHESPWV,51.214416,P4,0.4837111604408245,FALSE,PPI,MTX,stronger,TRUE,385,100.260289,0.5108145658746306
SGRMWFEDWL,79.32999699999999,P4,0.45039520382634973,FALSE,PPI,MTX,weaker,TRUE,363,100.260289,0.7912404581239536
RRRLHESPWW,50.191402999999994,P4,0.14195970922891504,FALSE,PPI,MTX,no significant difference,FALSE,385,100.260289,0.5006109946481403
SKVEGFLGWF,35.37210999999999,P4,-4.957172525084548e-4,FALSE,PPI,MTX,no significant difference,FALSE,366,100.260289,0.3528027931377696
SGRHWFNDWL,79.32999699999999,P4,0.2407173522302827,FALSE,PPI,MTX,weaker,TRUE,363,100.260289,0.7912404581239536
SGRTWFHDWL,80.348591,P4,0.3941999635337688,FALSE,PPI,MTX,weaker,TRUE,363,100.260289,0.8013999540735415
SKVKMFLGWF,35.37210999999999,P4,-0.06845104688038589,FALSE,PPI,MTX,no significant difference,FALSE,366,100.260289,0.3528027931377696
SKVRVFLLWF,32.319354,P4,-0.08183613982574106,FALSE,PPI,MTX,weaker,TRUE,366,100.260289,0.32235448673003525
RR*MHESPWL,NA,P4,0.07799306574886937,FALSE,PPI,MTX,weaker,TRUE,385,100.260289,NA
RRQRHESPWL,58.931397000000004,P4,0.17922811385626988,FALSE,PPI,MTX,weaker,TRUE,385,100.260289,0.5877840328188163
SGRFWFSDW*,NA,P4,0.47869686356036967,FALSE,PPI,MTX,weaker,TRUE,363,100.260289,NA
SKVCMFLGWF,35.37210999999999,P4,-0.03150108154041744,FALSE,PPI,MTX,no significant difference,FALSE,366,100.260289,0.3528027931377696
SGRRWFIDWL,79.839294,P4,0.3024308187837145,FALSE,PPI,MTX,weaker,TRUE,363,100.260289,0.7963202060987475
RRFGHESPWL,59.439938,P4,0.3327335128280918,FALSE,PPI,MTX,no significant difference,FALSE,385,100.260289,0.5928562404203722
SKVRVFLMWF,32.82821799999999,P4,-0.0473868466534925,FALSE,PPI,MTX,no significant difference,FALSE,366,100.260289,0.327429915946083
SKVKQFLGWF,35.37210999999999,P4,0.104294134592608,FALSE,PPI,MTX,no significant difference,FALSE,366,100.260289,0.3528027931377696
RRIDHESPWL,58.4221,P4,0.3219774328600187,FALSE,PPI,MTX,no significant difference,FALSE,385,100.260289,0.5827042848440224
SGRQWFDDWL,79.32999699999999,P4,0.5323439800472506,FALSE,PPI,MTX,weaker,TRUE,363,100.260289,0.7912404581239536
SGRWWFNDWL,79.32999699999999,P4,0.37886962344569663,FALSE,PPI,MTX,weaker,TRUE,363,100.260289,0.7912404581239536
SKV*WFLGWF,NA,P4,0.1290602573961374,FALSE,PPI,MTX,no significant difference,FALSE,366,100.260289,NA
SGRMWFKDWL,79.32999699999999,P4,0.23258686943636092,FALSE,PPI,MTX,weaker,TRUE,363,100.260289,0.7912404581239536
SKVRVFLPWF,35.881406999999996,P4,0.03236784134250949,FALSE,PPI,MTX,no significant difference,FALSE,366,100.260289,0.35788254111256346
SKVCPFLGWF,35.37210999999999,P4,0.13224639449217923,FALSE,PPI,MTX,no significant difference,FALSE,366,100.260289,0.3528027931377696
SKVPVFLGWF,35.37210999999999,P4,-0.04120161009055662,FALSE,PPI,MTX,no significant difference,FALSE,366,100.260289,0.3528027931377696
SGRLWFNDWL,83.91366699999999,P4,0.3562478424982826,FALSE,PPI,MTX,weaker,TRUE,363,100.260289,0.8369581599749826
SGRFWFSDWF,82.869058,P4,0.6038091546762668,FALSE,PPI,MTX,weaker,TRUE,363,100.260289,0.8265391894092784
SKVRVFLRWF,35.372541999999996,P4,-0.09854497092840094,FALSE,PPI,MTX,weaker,TRUE,366,100.260289,0.35280710192247694
SKVEQFLGWF,35.37210999999999,P4,0.08518892904500117,FALSE,PPI,MTX,no significant difference,FALSE,366,100.260289,0.3528027931377696
RR*SHESPWL,NA,P4,0.09450275353930536,FALSE,PPI,MTX,weaker,TRUE,385,100.260289,NA
SGRFWFSDWG,82.869058,P4,0.461909624371288,FALSE,PPI,MTX,weaker,TRUE,363,100.260289,0.8265391894092784
SGRQWFHDWL,79.32999699999999,P4,0.42552879478077255,FALSE,PPI,MTX,weaker,TRUE,363,100.260289,0.7912404581239536
SKVERFLGWF,35.37210999999999,P4,0.0360029750443537,FALSE,PPI,MTX,no significant difference,FALSE,366,100.260289,0.3528027931377696
SGRFWFSDWH,82.869058,P4,0.5100036634374674,FALSE,PPI,MTX,weaker,TRUE,363,100.260289,0.8265391894092784
RRQWHESPWL,58.4221,P4,0.27949099417001616,FALSE,PPI,MTX,no significant difference,FALSE,385,100.260289,0.5827042848440224
SKVESFLGWF,35.37210999999999,P4,-0.0380712542183249,FALSE,PPI,MTX,no significant difference,FALSE,366,100.260289,0.3528027931377696
SKVRVFLSWF,33.33708299999999,P4,-0.03809456297313812,FALSE,PPI,MTX,no significant difference,FALSE,366,100.260289,0.3325053551361695
SKFRVFLGWF,36.389948,P4,-0.00667473827977646,FALSE,PPI,MTX,no significant difference,FALSE,366,100.260289,0.3629547487141195
SGRFWFSDWK,82.869058,P4,0.4454949964060821,FALSE,PPI,MTX,weaker,TRUE,363,100.260289,0.8265391894092784
SKVETFLGWF,35.37210999999999,P4,0.03192614377977149,FALSE,PPI,MTX,no significant difference,FALSE,366,100.260289,0.3528027931377696
SKVRVFLTWF,32.319354,P4,-0.05810176562254898,FALSE,PPI,MTX,no significant difference,FALSE,366,100.260289,0.32235448673003525
SGRCWFRDWL,79.32999699999999,P4,0.2964752014082304,FALSE,PPI,MTX,weaker,TRUE,363,100.260289,0.7912404581239536
SKVEVFLGWF,35.37210999999999,P4,-0.05024878223950141,FALSE,PPI,MTX,no significant difference,FALSE,366,100.260289,0.3528027931377696
SKVRVFLVWF,32.82821799999999,P4,-0.10996114910088842,FALSE,PPI,MTX,no significant difference,FALSE,366,100.260289,0.327429915946083
SGRLWFQDWL,83.91366699999999,P4,0.3123513268221019,FALSE,PPI,MTX,weaker,TRUE,363,100.260289,0.8369581599749826
SGRIWF*DWL,NA,P4,0.13154579009036826,FALSE,PPI,MTX,no significant difference,FALSE,363,100.260289,NA
SKKRVFLGWF,35.881406999999996,P4,0.2086437905229847,FALSE,PPI,MTX,stronger,TRUE,366,100.260289,0.35788254111256346
SKVRVFLWWF,32.319354,P4,0.02855427888791387,FALSE,PPI,MTX,no significant difference,FALSE,366,100.260289,0.32235448673003525
SKLRVFLGWF,36.389948,P4,0.08642402500262386,FALSE,PPI,MTX,stronger,TRUE,366,100.260289,0.3629547487141195
SKVRVFLYWF,32.319354,P4,0.03560767578542088,FALSE,PPI,MTX,no significant difference,FALSE,366,100.260289,0.32235448673003525
SKVF*FLGWF,NA,P4,-0.09547548910273727,FALSE,PPI,MTX,no significant difference,FALSE,366,100.260289,NA
SKVRVFMGWF,35.881406999999996,P4,0.092237945312963407,FALSE,PPI,MTX,no significant difference,FALSE,366,100.260289,0.35788254111256346
SKVFAFLGWF,42.502264,P4,-0.03380029339785855,FALSE,PPI,MTX,no significant difference,FALSE,366,100.260289,0.42391922488872935
AKVRVFLGWF,31.816345000000002,P4,-0.02161070343896692,FALSE,PPI,MTX,no significant difference,FALSE,366,100.260289,0.31733745551042647
RRRLHEYPWL,54.29361299999999,P4,0.2308537980964506,FALSE,PPI,MTX,no significant difference,FALSE,385,100.260289,0.5415265958389567
SKVRVFNGWF,35.881406999999996,P4,0.13238709950386526,FALSE,PPI,MTX,no significant difference,FALSE,366,100.260289,0.35788254111256346
SKVAIFLGWF,35.883995,P4,-0.01650335790571051,FALSE,PPI,MTX,no significant difference,FALSE,366,100.260289,0.35790835392465303
SKMRVFLGWF,35.881406999999996,P4,0.09877867981240776,FALSE,PPI,MTX,no significant difference,FALSE,366,100.260289,0.35788254111256346
SKVRVFPGWF,35.881406999999996,P4,0.01723584253592627,FALSE,PPI,MTX,no significant difference,FALSE,366,100.260289,0.35788254111256346
SKNRVFLGWF,36.898488,P4,0.2280193317092427,FALSE,PPI,MTX,no significant difference,FALSE,366,100.260289,0.3680269463416368
RRYNHESPWL,58.930640999999994,P4,0.31391784760601654,FALSE,PPI,MTX,no significant difference,FALSE,385,100.260289,0.5877764924455783
SGRIWFFDWL,80.348591,P4,0.5063889167408546,FALSE,PPI,MTX,weaker,TRUE,363,100.260289,0.8013999540735415
SKVFDFLGWF,42.502264,P4,0.11669889766183948,FALSE,PPI,MTX,no significant difference,FALSE,366,100.260289,0.42391922488872935
SGRFWMSDWL,95.169315,P4,0.9514253452346748,FALSE,PPI,MTX,stronger,TRUE,363,100.260289,0.9492224284332553
SKVRVFRGWF,35.881406999999996,P4,0.02972854856737383,FALSE,PPI,MTX,no significant difference,FALSE,366,100.260289,0.35788254111256346
SGRMWFYDWL,79.84111399999999,P4,0.4147076765264437,FALSE,PPI,MTX,weaker,TRUE,363,100.260289,0.7963383588491351
CGRFWFSDWL,95.687095,P4,0.827364383072044,FALSE,PPI,MTX,no significant difference,FALSE,363,100.260289,0.9543867861781248
SGRFWFSDWM,82.869058,P4,0.6474295304739471,FALSE,PPI,MTX,weaker,TRUE,363,100.260289,0.8265391894092784
SKVFFFLGWF,43.014148999999996,P4,-0.342804480441973,FALSE,PPI,MTX,no significant difference,FALSE,366,100.260289,0.42902478567561275
SKVFGFLGWF,42.502264,P4,-0.1621737150363241,FALSE,PPI,MTX,weaker,TRUE,366,100.260289,0.42391922488872935
SGRLWFADWL,83.91366699999999,P4,0.3794704077843478,FALSE,PPI,MTX,weaker,TRUE,363,100.260289,0.8369581599749826
SKVRVFFGWF,35.881406999999996,P4,0.00431849354592737,FALSE,PPI,MTX,no significant difference,FALSE,366,100.260289,0.35788254111256346
SKVRVFSGWF,49.68154499999999,P4,0.20653422788714793,FALSE,PPI,MTX,stronger,TRUE,366,100.260289,0.49552565123764997
SGRNWFCDWL,79.32999699999999,P4,0.3015242724248029,FALSE,PPI,MTX,weaker,TRUE,363,100.260289,0.7912404581239536
DKVRVFLGWF,31.816345000000002,P4,0.07995565048555711,FALSE,PPI,MTX,no significant difference,FALSE,366,100.260289,0.31733745551042647
SGRFWFSDWR,82.869058,P4,0.4486353671080922,FALSE,PPI,MTX,weaker,TRUE,363,100.260289,0.8265391894092784
SKVRVFTGWF,41.503685999999995,P4,0.23582381442317135,FALSE,PPI,MTX,stronger,TRUE,366,100.260289,0.4139593692972498
EGRFWFSDWL,96.195227,P4,0.8760022001593952,FALSE,PPI,MTX,no significant difference,FALSE,363,100.260289,0.959454914397863
SGRFAFSDWL,81.320559,P4,0.6485731974563376,FALSE,PPI,MTX,weaker,TRUE,363,100.260289,0.8110944004958933
RRHAHESPWL,60.456261999999995,P4,0.2282594906573134,FALSE,PPI,MTX,weaker,TRUE,385,100.260289,0.6029930953021689
SGRFWFSD*L,NA,P4,0.45593846178479014,FALSE,PPI,MTX,weaker,TRUE,363,100.260289,NA
RRRLHPSPWL,67.582634,P4,0.4162661678011664,FALSE,PPI,MTX,stronger,TRUE,385,100.260289,0.6740718052388618
SKVRVFVGWF,35.881406999999996,P4,-0.0122621983850728,FALSE,PPI,MTX,no significant difference,FALSE,366,100.260289,0.35788254111256346
RRT*HESPWL,NA,P4,0.050267940849315,FALSE,PPI,MTX,weaker,TRUE,385,100.260289,NA
ERRLHESPWL,67.074501,P4,0.4349439211056272,FALSE,PPI,MTX,stronger,TRUE,385,100.260289,0.669003667045085
RRHCHESPWL,60.456261999999995,P4,0.24571984786951195,FALSE,PPI,MTX,no significant difference,FALSE,385,100.260289,0.6029930953021689
SKVRVFYGWF,36.392523999999995,P4,0.04049454179916947,FALSE,PPI,MTX,no significant difference,FALSE,366,100.260289,0.3629804418377449
SKVFNFLGWF,42.502264,P4,-0.02412159433605075,FALSE,PPI,MTX,no significant difference,FALSE,366,100.260289,0.42391922488872935
RRCLHESPWL,63.00577,P4,0.2974121900841229,FALSE,PPI,MTX,weaker,TRUE,385,100.260289,0.6284219866950513
SKVRVFLGWK,35.881406999999996,P4,-0.04754824715533427,FALSE,PPI,MTX,no significant difference,FALSE,366,100.260289,0.35788254111256346
RRRLHRSPWL,68.091731,P4,0.29681517642755506,FALSE,PPI,MTX,no significant difference,FALSE,385,100.260289,0.6791495584059207
SGRNWFIDWL,79.32999699999999,P4,0.3678959456748382,FALSE,PPI,MTX,weaker,TRUE,363,100.260289,0.7912404581239536
SKVRVGLGWF,29.772237999999998,P4,0.21537226720934433,FALSE,PPI,MTX,stronger,TRUE,366,100.260289,0.2969494532376622
SGRDWFIDWL,79.32999699999999,P4,0.33336828210889136,FALSE,PPI,MTX,weaker,TRUE,363,100.260289,0.7912404581239536
SKVFPFLGWF,42.502264,P4,-0.03357482316915258,FALSE,PPI,MTX,no significant difference,FALSE,366,100.260289,0.42391922488872935
SKVFQFLGWF,42.502264,P4,8.075354299112185e-4,FALSE,PPI,MTX,no significant difference,FALSE,366,100.260289,0.42391922488872935
RRKGHESPWL,58.931397000000004,P4,0.2722944451609753,FALSE,PPI,MTX,no significant difference,FALSE,385,100.260289,0.5877840328188163
SKVRVHLGWF,29.772237999999998,P4,0.2545260138349269,FALSE,PPI,MTX,stronger,TRUE,366,100.260289,0.2969494532376622
SKVFRFLGWF,42.502264,P4,-0.08121397952895576,FALSE,PPI,MTX,weaker,TRUE,366,100.260289,0.42391922488872935
SKVRVILGWF,30.790433,P4,0.2996235877309316,FALSE,PPI,MTX,no significant difference,FALSE,366,100.260289,0.3071049695458189
SKV*DFLGWF,NA,P4,0.04425627178526208,FALSE,PPI,MTX,no significant difference,FALSE,366,100.260289,NA
RRHHHESPWL,60.456261999999995,P4,0.2832703133028621,FALSE,PPI,MTX,no significant difference,FALSE,385,100.260289,0.6029930953021689
RRAKHESPWL,58.4221,P4,0.2194548298492612,FALSE,PPI,MTX,weaker,TRUE,385,100.260289,0.5827042848440224
SGRFWFSDWW,82.869058,P4,0.4810473026894801,FALSE,PPI,MTX,weaker,TRUE,363,100.260289,0.8265391894092784
RRTDHESPWL,59.947722,P4,0.3156345997763198,FALSE,PPI,MTX,no significant difference,FALSE,385,100.260289,0.5979208976746516
SKV*FFLGWF,NA,P4,0.05223572495510552,FALSE,PPI,MTX,no significant difference,FALSE,366,100.260289,NA
RRMEHESPWL,58.4221,P4,0.3437087378003341,FALSE,PPI,MTX,no significant difference,FALSE,385,100.260289,0.5827042848440224
SKV*GFLGWF,NA,P4,0.11087858267136598,FALSE,PPI,MTX,no significant difference,FALSE,366,100.260289,NA
SGRFWFSDKL,80.282453,P4,0.36757740265708544,FALSE,PPI,MTX,weaker,TRUE,363,100.260289,0.8007402911036892
RRCRHESPWL,58.931397000000004,P4,0.19675690865641743,FALSE,PPI,MTX,weaker,TRUE,385,100.260289,0.5877840328188163
SKVRVLLGWF,32.82682199999999,P4,0.2539147897502692,FALSE,PPI,MTX,stronger,TRUE,366,100.260289,0.3274159921880935
RRTEHESPWL,59.947722,P4,0.34254446802980687,FALSE,PPI,MTX,no significant difference,FALSE,385,100.260289,0.5979208976746516
SGRNWFPDWL,79.32999699999999,P4,0.266682486510307,FALSE,PPI,MTX,weaker,TRUE,363,100.260289,0.7912404581239536
SGRFWFSEWL,96.698235,P4,0.8055542849196518,FALSE,PPI,MTX,no significant difference,FALSE,363,100.260289,0.964471935643433
RRTFHESPWL,67.077876,P4,0.25877706361973385,FALSE,PPI,MTX,weaker,TRUE,385,100.260289,0.6690373294256114
SKVRVMLGWF,30.790433,P4,0.3074793020593605,FALSE,PPI,MTX,stronger,TRUE,366,100.260289,0.3071049695458189
SKVLIFLGWF,40.467665,P4,-0.10004609666088518,FALSE,PPI,MTX,no significant difference,FALSE,366,100.260289,0.403626055775682
RRWIHESPWL,60.457775,P4,0.35012029768729336,FALSE,PPI,MTX,no significant difference,FALSE,385,100.260289,0.6030081860226834
SKVFTFLGWF,42.502264,P4,-0.08886899887840732,FALSE,PPI,MTX,no significant difference,FALSE,366,100.260289,0.42391922488872935
SKVRVNLGWF,29.772237999999998,P4,0.3815445752298841,FALSE,PPI,MTX,stronger,TRUE,366,100.260289,0.2969494532376622
SGRFWFSGWL,99.751424,P4,0.7811412938437026,FALSE,PPI,MTX,no significant difference,FALSE,363,100.260289,0.9949245608099135
SKV*KFLGWF,NA,P4,0.07158002976868247,FALSE,PPI,MTX,no significant difference,FALSE,366,100.260289,NA
SKVRVPLGWF,29.772237999999998,P4,0.3479882792432914,FALSE,PPI,MTX,stronger,TRUE,366,100.260289,0.2969494532376622
SKVFVFLGWF,42.502264,P4,-0.05282208773132163,FALSE,PPI,MTX,weaker,TRUE,366,100.260289,0.42391922488872935
SGRFWFSHWL,97.20710000000001,P4,0.7145077590758314,FALSE,PPI,MTX,weaker,TRUE,363,100.260289,0.9695473748335197
SKVRVFLGGF,15.903571,P4,0.07129397467252728,FALSE,PPI,MTX,no significant difference,FALSE,366,100.260289,0.15862283221625265
SKVRVQLGWF,29.772237999999998,P4,0.2126803434385619,FALSE,PPI,MTX,stronger,TRUE,366,100.260289,0.2969494532376622
SKVFWFLGWF,61.441994,P4,-0.14463849223053796,FALSE,PPI,MTX,no significant difference,FALSE,366,100.260289,0.6128248243928361
SKVRVRLGWF,30.281335000000002,P4,0.1137727511919689,FALSE,PPI,MTX,stronger,TRUE,366,100.260289,0.30202720640472125
SGRRWFTDWL,85.461573,P4,0.7712170207965737,FALSE,PPI,MTX,weaker,TRUE,363,100.260289,0.852397034283434
RRTHHESPWL,59.947722,P4,0.2785921893987922,FALSE,PPI,MTX,no significant difference,FALSE,385,100.260289,0.5979208976746516
SKV*MFLGWF,NA,P4,0.08092416929046385,FALSE,PPI,MTX,no significant difference,FALSE,366,100.260289,NA
SKV*NFLGWF,NA,P4,0.08375381564721673,FALSE,PPI,MTX,no significant difference,FALSE,366,100.260289,NA
SGRFWFSLWL,96.18937100000001,P4,0.5260115284230339,FALSE,PPI,MTX,weaker,TRUE,363,100.260289,0.9593965064273853
SKVG*FLGWF,NA,P4,0.05167607856591282,FALSE,PPI,MTX,no significant difference,FALSE,366,100.260289,NA
RRCYHESPWL,60.459287,P4,0.2293515135748418,FALSE,PPI,MTX,no significant difference,FALSE,385,100.260289,0.6030232667691593
IRRLHESPWL,66.566369,P4,0.3711329630422135,FALSE,PPI,MTX,no significant difference,FALSE,385,100.260289,0.6639355388253468
SGRDWFTDWL,84.952276,P4,0.7442211752467812,FALSE,PPI,MTX,weaker,TRUE,363,100.260289,0.8473172863086401
SKVRVSLGWF,29.772237999999998,P4,0.2643574216486774,FALSE,PPI,MTX,stronger,TRUE,366,100.260289,0.2969494532376622
SGRNWFVDWL,79.32999699999999,P4,0.3357306624404075,FALSE,PPI,MTX,weaker,TRUE,363,100.260289,0.7912404581239536
SKVRVFLGWW,35.881406999999996,P4,0.01523285413060932,FALSE,PPI,MTX,no significant difference,FALSE,366,100.260289,0.35788254111256346
RRDAHESPWL,58.930640999999994,P4,0.3228010866050331,FALSE,PPI,MTX,no significant difference,FALSE,385,100.260289,0.5877764924455783
SKVRVFLGMF,15.903571,P4,0.08013146755904914,FALSE,PPI,MTX,no significant difference,FALSE,366,100.260289,0.15862283221625265
RRRLPESPWL,67.582634,P4,0.4492389424582825,FALSE,PPI,MTX,stronger,TRUE,385,100.260289,0.6740718052388618
SKVRVTLGWF,30.790433,P4,0.19230795794209243,FALSE,PPI,MTX,stronger,TRUE,366,100.260289,0.3071049695458189
SKVGAFLGWF,35.881406999999996,P4,0.08760730237839975,FALSE,PPI,MTX,no significant difference,FALSE,366,100.260289,0.35788254111256346
RRRLQESPWL,67.582634,P4,0.39942425567762174,FALSE,PPI,MTX,no significant difference,FALSE,385,100.260289,0.6740718052388618
SGRNWFYDWL,79.84111399999999,P4,0.31104249949349755,FALSE,PPI,MTX,weaker,TRUE,363,100.260289,0.7963383588491351
RRRLRESPWL,67.582634,P4,0.3246094070690426,FALSE,PPI,MTX,no significant difference,FALSE,385,100.260289,0.6740718052388618
SGRKWFHDWL,79.32999699999999,P4,0.3662913017951435,FALSE,PPI,MTX,weaker,TRUE,363,100.260289,0.7912404581239536
SKVRVVLGWF,30.790433,P4,0.23096183214026544,FALSE,PPI,MTX,stronger,TRUE,366,100.260289,0.3071049695458189
SKVRQFLGWF,35.881406999999996,P4,0.00897811962689329,FALSE,PPI,MTX,no significant difference,FALSE,366,100.260289,0.35788254111256346
RRRLH*SPWL,NA,P4,0.2116846726588993,FALSE,PPI,MTX,no significant difference,FALSE,385,100.260289,NA
SGRFWFSRWL,99.242559,P4,0.6908891678819709,FALSE,PPI,MTX,weaker,TRUE,363,100.260289,0.989849121619827
SKVGDFLGWF,35.881406999999996,P4,0.12667593213277548,FALSE,PPI,MTX,no significant difference,FALSE,366,100.260289,0.35788254111256346
RRHYHESPWL,62.493449,P4,0.34834529381981766,FALSE,PPI,MTX,no significant difference,FALSE,385,100.260289,0.6233120772273057
SKVRVWLGWF,32.82682199999999,P4,0.00945516430077058,FALSE,PPI,MTX,no significant difference,FALSE,366,100.260289,0.3274159921880935
SFVRVFLGWF,35.37316799999999,P4,-0.05223830046151333,FALSE,PPI,MTX,no significant difference,FALSE,366,100.260289,0.3528133456706872
SGRKWFLDWL,79.32999699999999,P4,0.3383197756352814,FALSE,PPI,MTX,weaker,TRUE,363,100.260289,0.7912404581239536
SKVRVYLGWF,32.317724999999996,P4,0.06082189316224622,FALSE,PPI,MTX,no significant difference,FALSE,366,100.260289,0.3223382390210345
SKV*TFLGWF,NA,P4,0.15989571203481504,FALSE,PPI,MTX,no significant difference,FALSE,366,100.260289,NA
RRIAHESPWL,58.4221,P4,0.27554939042696847,FALSE,PPI,MTX,weaker,TRUE,385,100.260289,0.5827042848440224
SKVGEFLGWF,35.881406999999996,P4,0.10568939044937828,FALSE,PPI,MTX,no significant difference,FALSE,366,100.260289,0.35788254111256346
SGREWFCDWL,79.32999699999999,P4,0.501859409964593,FALSE,PPI,MTX,weaker,TRUE,363,100.260289,0.7912404581239536
SGAFWFSDWL,95.683425,P4,0.8522089494748941,FALSE,PPI,MTX,stronger,TRUE,363,100.260289,0.9543501814561894
SGRKWFMDWL,79.32999699999999,P4,0.2905573385838461,FALSE,PPI,MTX,weaker,TRUE,363,100.260289,0.7912404581239536
SKVRWFLGWF,54.821137,P4,-0.03251198577105562,FALSE,PPI,MTX,no significant difference,FALSE,366,100.260289,0.5467881406166702
RRDKHESPWL,58.930640999999994,P4,0.3580265041917757,FALSE,PPI,MTX,no significant difference,FALSE,385,100.260289,0.5877764924455783
SKV*VFLGWF,NA,P4,0.0836394723832368,FALSE,PPI,MTX,no significant difference,FALSE,366,100.260289,NA
SKVELFLGWF,35.37210999999999,P4,0.03252653916715494,FALSE,PPI,MTX,no significant difference,FALSE,366,100.260289,0.3528027931377696
SGRFWFSDWC,82.869058,P4,0.6941263621142876,FALSE,PPI,MTX,weaker,TRUE,363,100.260289,0.8265391894092784
SGRRWFYDWL,80.350411,P4,0.3521579846157519,FALSE,PPI,MTX,weaker,TRUE,363,100.260289,0.801418106823929
SKVGGFLGWF,35.881406999999996,P4,0.05846510091604597,FALSE,PPI,MTX,no significant difference,FALSE,366,100.260289,0.35788254111256346
SGRFWFSTWL,96.18937100000001,P4,0.6674143050988347,FALSE,PPI,MTX,weaker,TRUE,363,100.260289,0.9593965064273853
SGRHWFRDWL,79.32999699999999,P4,0.1852473113393179,FALSE,PPI,MTX,weaker,TRUE,363,100.260289,0.7912404581239536
RRIEHESPWL,58.4221,P4,0.37531350207930014,FALSE,PPI,MTX,no significant difference,FALSE,385,100.260289,0.5827042848440224
SKVQSFLGWF,35.37210999999999,P4,0.06078259911076479,FALSE,PPI,MTX,no significant difference,FALSE,366,100.260289,0.3528027931377696
SKVRYFLGWF,35.881406999999996,P4,-0.00184862905903039,FALSE,PPI,MTX,no significant difference,FALSE,366,100.260289,0.35788254111256346
SKVRVFLGTF,15.903571,P4,0.13117976427900385,FALSE,PPI,MTX,no significant difference,FALSE,366,100.260289,0.15862283221625265
SGREWFHDWL,79.32999699999999,P4,0.4251882941881434,FALSE,PPI,MTX,weaker,TRUE,363,100.260289,0.7912404581239536
SKVS*FLGWF,NA,P4,0.02932697578288761,FALSE,PPI,MTX,no significant difference,FALSE,366,100.260289,NA
RRMYHESPWL,60.459287,P4,0.2705276466948681,FALSE,PPI,MTX,no significant difference,FALSE,385,100.260289,0.6030232667691593
RRRLYESPWL,67.582634,P4,0.35060929061240337,FALSE,PPI,MTX,no significant difference,FALSE,385,100.260289,0.6740718052388618
SGRFWFSYWL,96.18937100000001,P4,0.5471398767691825,FALSE,PPI,MTX,weaker,TRUE,363,100.260289,0.9593965064273853
NKVRVFLGWF,31.308213,P4,0.07212251399261448,FALSE,PPI,MTX,no significant difference,FALSE,366,100.260289,0.31226932729068835
RRIIHESPWL,59.44069399999999,P4,0.3126345200853713,FALSE,PPI,MTX,no significant difference,FALSE,385,100.260289,0.59286378079361
SGRSWFADWL,80.348591,P4,0.33375299940417236,FALSE,PPI,MTX,weaker,TRUE,363,100.260289,0.8013999540735415
SKVSAFLGWF,36.390704,P4,0.07416103834406798,FALSE,PPI,MTX,no significant difference,FALSE,366,100.260289,0.3629622890873574
RRNCHESPWL,59.43918099999999,P4,0.2379430242642008,FALSE,PPI,MTX,no significant difference,FALSE,385,100.260289,0.5928486900730956
SGLFWFSDWL,96.191966,P4,0.8691473129499302,FALSE,PPI,MTX,stronger,TRUE,363,100.260289,0.9594223890577455
SKVSCFLGWF,36.390704,P4,-0.1318174246932502,FALSE,PPI,MTX,weaker,TRUE,366,100.260289,0.3629622890873574
SGRFWFWDWL,86.46015100000001,P4,0.44799309037678214,FALSE,PPI,MTX,weaker,TRUE,363,100.260289,0.8623568898749135
RRNFHESPWL,66.569335,P4,0.1184062738388136,FALSE,PPI,MTX,no significant difference,FALSE,385,100.260289,0.6639651218240553
RRIMHESPWL,58.4221,P4,0.35428658533292173,FALSE,PPI,MTX,no significant difference,FALSE,385,100.260289,0.5827042848440224
RRNGHESPWL,59.948477999999994,P4,0.3101503942665855,FALSE,PPI,MTX,no significant difference,FALSE,385,100.260289,0.5979284380478894
SGRFWFYDWL,86.971268,P4,0.4049950073763712,FALSE,PPI,MTX,weaker,TRUE,363,100.260289,0.8674547906000949
SKVSDFLGWF,36.390704,P4,0.07405524258774399,FALSE,PPI,MTX,no significant difference,FALSE,366,100.260289,0.3629622890873574
RRINHESPWL,58.4221,P4,0.2365895062216316,FALSE,PPI,MTX,no significant difference,FALSE,385,100.260289,0.5827042848440224
SGREWFQDWL,79.32999699999999,P4,0.3461158473076758,FALSE,PPI,MTX,weaker,TRUE,363,100.260289,0.7912404581239536
SGRFWHSDWL,94.15112,P4,0.7967413633568607,FALSE,PPI,MTX,no significant difference,FALSE,363,100.260289,0.9390669121250987
RRNIHESPWL,60.457775,P4,0.14689103022184907,FALSE,PPI,MTX,no significant difference,FALSE,385,100.260289,0.6030081860226834
SKVRVCLGWF,29.772237999999998,P4,0.28785287312229524,FALSE,PPI,MTX,no significant difference,FALSE,366,100.260289,0.2969494532376622
QKVRVFLGWF,32.324478,P4,0.11872514782793246,FALSE,PPI,MTX,no significant difference,FALSE,366,100.260289,0.32240559370420324
SGRFWISDWL,95.169315,P4,0.9519939008462566,FALSE,PPI,MTX,no significant difference,FALSE,363,100.260289,0.9492224284332553
RRNKHESPWL,59.43918099999999,P4,0.25108835626807186,FALSE,PPI,MTX,no significant difference,FALSE,385,100.260289,0.5928486900730956
SGRVWFPDWL,80.85788699999999,P4,0.3284373199729257,FALSE,PPI,MTX,weaker,TRUE,363,100.260289,0.8064796920742966
SGRPWFKDWL,79.32999699999999,P4,0.2445459884852161,FALSE,PPI,MTX,weaker,TRUE,363,100.260289,0.7912404581239536
SGRFWKSDWL,94.660217,P4,0.8477300123927315,FALSE,PPI,MTX,no significant difference,FALSE,363,100.260289,0.9441446652921577
SKVSEFLGWF,36.390704,P4,0.09670346338002192,FALSE,PPI,MTX,no significant difference,FALSE,366,100.260289,0.3629622890873574
SKVAHFLGWF,35.37210999999999,P4,0.16806140905194314,FALSE,PPI,MTX,no significant difference,FALSE,366,100.260289,0.3528027931377696
RRTTHESPWL,60.96631599999999,P4,0.3323385286839724,FALSE,PPI,MTX,no significant difference,FALSE,385,100.260289,0.6080803936242393
SKVRVF*GWF,NA,P4,0.11707747779144108,FALSE,PPI,MTX,no significant difference,FALSE,366,100.260289,NA
SKVRVFAGWF,35.881406999999996,P4,0.07561420043641201,FALSE,PPI,MTX,no significant difference,FALSE,366,100.260289,0.35788254111256346
SKVSFFLGWF,36.90258899999999,P4,-0.09635918549224132,FALSE,PPI,MTX,weaker,TRUE,366,100.260289,0.36806784987424074
RRNMHESPWL,59.43918099999999,P4,0.3302931503899977,FALSE,PPI,MTX,no significant difference,FALSE,385,100.260289,0.5928486900730956
SGR*WFCDWL,NA,P4,0.30042520098264247,FALSE,PPI,MTX,weaker,TRUE,363,100.260289,NA
SKVGNFLGWF,35.881406999999996,P4,0.05608007528484222,FALSE,PPI,MTX,no significant difference,FALSE,366,100.260289,0.35788254111256346
SKVGPFLGWF,35.881406999999996,P4,0.13618593714885943,FALSE,PPI,MTX,stronger,TRUE,366,100.260289,0.35788254111256346
SKVRVFCGWF,35.881406999999996,P4,0.00910860181452583,FALSE,PPI,MTX,no significant difference,FALSE,366,100.260289,0.35788254111256346
RRNNHESPWL,59.43918099999999,P4,0.34066394354409474,FALSE,PPI,MTX,no significant difference,FALSE,385,100.260289,0.5928486900730956
RRNPHESPWL,59.43918099999999,P4,0.21152745875104137,FALSE,PPI,MTX,no significant difference,FALSE,385,100.260289,0.5928486900730956
SKVSGFLGWF,36.390704,P4,0.00349312608655901,FALSE,PPI,MTX,no significant difference,FALSE,366,100.260289,0.3629622890873574
RRTVHESPWL,61.475612,P4,0.2656372345160556,FALSE,PPI,MTX,weaker,TRUE,385,100.260289,0.6131601316249946
SKVRVFEGWF,35.881406999999996,P4,0.16886574199223017,FALSE,PPI,MTX,no significant difference,FALSE,366,100.260289,0.35788254111256346
RRGWHESPWL,60.456261999999995,P4,0.3630249963258706,FALSE,PPI,MTX,no significant difference,FALSE,385,100.260289,0.6029930953021689
DGRFWFSDWL,96.195227,P4,0.8890550164761954,FALSE,PPI,MTX,no significant difference,FALSE,363,100.260289,0.959454914397863
SGRFWQSDWL,94.15112,P4,0.8809404121229064,FALSE,PPI,MTX,no significant difference,FALSE,363,100.260289,0.9390669121250987
SKVRVFGGWF,35.881406999999996,P4,0.12089494508333552,FALSE,PPI,MTX,no significant difference,FALSE,366,100.260289,0.35788254111256346
SGREWFWDWL,79.32999699999999,P4,0.47319827697710865,FALSE,PPI,MTX,weaker,TRUE,363,100.260289,0.7912404581239536
SKVSHFLGWF,36.390704,P4,0.01748367083607939,FALSE,PPI,MTX,no significant difference,FALSE,366,100.260289,0.3629622890873574
SKVFIFLGWF,43.014148999999996,P4,-0.06473831887018154,FALSE,PPI,MTX,no significant difference,FALSE,366,100.260289,0.42902478567561275
SKVFKFLGWF,42.502264,P4,-0.10328033371623506,FALSE,PPI,MTX,no significant difference,FALSE,366,100.260289,0.42391922488872935
SGRDWFCDWL,79.32999699999999,P4,0.4210003398507701,FALSE,PPI,MTX,weaker,TRUE,363,100.260289,0.7912404581239536
SKVRVFHGWF,35.881406999999996,P4,0.09356507781771084,FALSE,PPI,MTX,no significant difference,FALSE,366,100.260289,0.35788254111256346
SKVANFLGWF,35.37210999999999,P4,0.08463536466877164,FALSE,PPI,MTX,no significant difference,FALSE,366,100.260289,0.3528027931377696
RRTYHESPWL,61.984909,P4,0.2644045450421515,FALSE,PPI,MTX,no significant difference,FALSE,385,100.260289,0.6182398795997885
SKVRVFIGWF,35.881406999999996,P4,-0.00226200270168255,FALSE,PPI,MTX,no significant difference,FALSE,366,100.260289,0.35788254111256346
RRIYHESPWL,60.459287,P4,0.2634334716897931,FALSE,PPI,MTX,no significant difference,FALSE,385,100.260289,0.6030232667691593
RRNSHESPWL,60.457775,P4,0.28749547410811477,FALSE,PPI,MTX,no significant difference,FALSE,385,100.260289,0.6030081860226834
RHRLHESPWL,66.057915,P4,0.4235367690550638,FALSE,PPI,MTX,stronger,TRUE,385,100.260289,0.6588641989651556
RRK*HESPWL,NA,P4,0.06596818136116575,FALSE,PPI,MTX,no significant difference,FALSE,385,100.260289,NA
SKVSIFLGWF,36.90258899999999,P4,-0.11163598302254649,FALSE,PPI,MTX,weaker,TRUE,366,100.260289,0.36806784987424074
SKVRVFL*WF,NA,P4,0.06568593990918394,FALSE,PPI,MTX,no significant difference,FALSE,366,100.260289,NA
RIRLHESPWL,65.549676,P4,0.3980584742933436,FALSE,PPI,MTX,no significant difference,FALSE,385,100.260289,0.65379500352327935
SKVGSFLGWF,35.881406999999996,P4,0.04204332116744504,FALSE,PPI,MTX,no significant difference,FALSE,366,100.260289,0.35788254111256346
SKVSKFLGWF,36.390704,P4,0.03893805367548645,FALSE,PPI,MTX,no significant difference,FALSE,366,100.260289,0.3629622890873574
SKVRVFLCWF,32.319354,P4,-0.0200447539510829,FALSE,PPI,MTX,no significant difference,FALSE,366,100.260289,0.32235448673003525
RRNVHESPWL,60.967071000000004,P4,0.2681897541885964,FALSE,PPI,MTX,no significant difference,FALSE,385,100.260289,0.6080879240234387
SKVRVFLDWF,36.390271999999996,P4,0.12652005694253785,FALSE,PPI,MTX,no significant difference,FALSE,366,100.260289,0.36295798030265
SKVSLFLGWF,36.390704,P4,-0.02990586385218188,FALSE,PPI,MTX,weaker,TRUE,366,100.260289,0.3629622890873574
SGRLWFFDWL,83.91366699999999,P4,0.4953528121625084,FALSE,PPI,MTX,weaker,TRUE,363,100.260289,0.8369581599749826
RRNWHESPWL,59.43918099999999,P4,0.3436019031227767,FALSE,PPI,MTX,no significant difference,FALSE,385,100.260289,0.5928486900730956
SGRFHFSDWL,81.320559,P4,0.5979843455265796,FALSE,PPI,MTX,weaker,TRUE,363,100.260289,0.8110944004958933
RRNYHESPWL,61.476367999999994,P4,0.2742194133939585,FALSE,PPI,MTX,no significant difference,FALSE,385,100.260289,0.6131676719982324
SKVRVFLG*F,NA,P4,0.0800089963495663,FALSE,PPI,MTX,no significant difference,FALSE,366,100.260289,NA
SKVRVKLGWF,30.281335000000002,P4,0.12572463639725084,FALSE,PPI,MTX,no significant difference,FALSE,366,100.260289,0.30202720640472125
SKVGTFLGWF,35.881406999999996,P4,0.09434891100173272,FALSE,PPI,MTX,no significant difference,FALSE,366,100.260289,0.35788254111256346
SGRSWFKDWL,80.348591,P4,0.2844574127608758,FALSE,PPI,MTX,weaker,TRUE,363,100.260289,0.8013999540735415
SGRFKFSDWL,81.320559,P4,0.5951563684815624,FALSE,PPI,MTX,weaker,TRUE,363,100.260289,0.8110944004958933
RRKIHESPWL,59.44069399999999,P4,0.13448682404357404,FALSE,PPI,MTX,no significant difference,FALSE,385,100.260289,0.59286378079361
SKVRVFLGCF,15.903571,P4,0.07094856106156075,FALSE,PPI,MTX,no significant difference,FALSE,366,100.260289,0.15862283221625265
SKVRVFLGDF,15.903571,P4,0.19843565482976297,FALSE,PPI,MTX,no significant difference,FALSE,366,100.260289,0.15862283221625265
SKVMHFLGWF,35.37210999999999,P4,0.0086892134377722,FALSE,PPI,MTX,no significant difference,FALSE,366,100.260289,0.3528027931377696
RQRLHESPWL,65.549676,P4,0.4613426889945392,FALSE,PPI,MTX,no significant difference,FALSE,385,100.260289,0.65379500352327935
SKVSMFLGWF,36.390704,P4,-0.03926947960598354,FALSE,PPI,MTX,weaker,TRUE,366,100.260289,0.3629622890873574
SKVRVFLGFF,15.903571,P4,0.03732718870693363,FALSE,PPI,MTX,no significant difference,FALSE,366,100.260289,0.15862283221625265
SGRFNFSDWL,81.320559,P4,0.559658939984725,FALSE,PPI,MTX,weaker,TRUE,363,100.260289,0.8110944004958933
RRMHHESPWL,58.4221,P4,0.16340083055154497,FALSE,PPI,MTX,no significant difference,FALSE,385,100.260289,0.5827042848440224
SKVGVFLGWF,35.881406999999996,P4,-0.06552943034488695,FALSE,PPI,MTX,weaker,TRUE,366,100.260289,0.35788254111256346
RRPDHESPWL,58.930640999999994,P4,0.2978281294820642,FALSE,PPI,MTX,no significant difference,FALSE,385,100.260289,0.5877764924455783
HGRFWFSDWL,96.195227,P4,0.8634823547085188,FALSE,PPI,MTX,no significant difference,FALSE,363,100.260289,0.959454914397863
SGRGWFCDWL,79.839294,P4,0.4005429356522103,FALSE,PPI,MTX,weaker,TRUE,363,100.260289,0.7963202060987475
SKVGWFLGWF,54.821137,P4,-0.04309146800447051,FALSE,PPI,MTX,no significant difference,FALSE,366,100.260289,0.5467881406166702
SKVSNFLGWF,36.390704,P4,-0.03090979288024801,FALSE,PPI,MTX,no significant difference,FALSE,366,100.260289,0.3629622890873574
SKVRVFLGHF,15.903571,P4,0.06885727556120629,FALSE,PPI,MTX,no significant difference,FALSE,366,100.260289,0.15862283221625265
SGRGWFDDWL,79.839294,P4,0.4198740598023286,FALSE,PPI,MTX,weaker,TRUE,363,100.260289,0.7963202060987475
SKVRVFLGIF,15.903571,P4,0.0956107739981078,FALSE,PPI,MTX,no significant difference,FALSE,366,100.260289,0.15862283221625265
RR*CHESPWL,NA,P4,0.13780862938680546,FALSE,PPI,MTX,weaker,TRUE,385,100.260289,NA
SKVGYFLGWF,35.881406999999996,P4,0.02672097496485617,FALSE,PPI,MTX,no significant difference,FALSE,366,100.260289,0.35788254111256346
SKVRVFLGKF,15.903571,P4,-0.01693684975898351,FALSE,PPI,MTX,no significant difference,FALSE,366,100.260289,0.15862283221625265
RR*EHESPWL,NA,P4,0.03321757300836651,FALSE,PPI,MTX,no significant difference,FALSE,385,100.260289,NA
SKVSQFLGWF,36.390704,P4,0.06062338422862107,FALSE,PPI,MTX,no significant difference,FALSE,366,100.260289,0.3629622890873574
SKVCDFLGWF,35.37210999999999,P4,0.10138660641222096,FALSE,PPI,MTX,no significant difference,FALSE,366,100.260289,0.3528027931377696
SKVSRFLGWF,36.390704,P4,-0.07782654634629024,FALSE,PPI,MTX,weaker,TRUE,366,100.260289,0.3629622890873574
RRRLHESPKL,47.604797999999995,P4,0.06985582426243565,FALSE,PPI,MTX,no significant difference,FALSE,385,100.260289,0.4748120963425509
SKVHCFLGWF,35.37210999999999,P4,-0.1744018973527415,FALSE,PPI,MTX,no significant difference,FALSE,366,100.260289,0.3528027931377696
KGRFWFSDWL,95.687095,P4,0.8386043865651852,FALSE,PPI,MTX,no significant difference,FALSE,363,100.260289,0.9543867861781248
SKVCEFLGWF,35.37210999999999,P4,0.1444401753953445,FALSE,PPI,MTX,no significant difference,FALSE,366,100.260289,0.3528027931377696
SKV*QFLGWF,NA,P4,0.06890996450196644,FALSE,PPI,MTX,no significant difference,FALSE,366,100.260289,NA
SKVHDFLGWF,35.37210999999999,P4,0.1052045233040005,FALSE,PPI,MTX,no significant difference,FALSE,366,100.260289,0.3528027931377696
SKVHEFLGWF,35.37210999999999,P4,0.2023107409131597,FALSE,PPI,MTX,no significant difference,FALSE,366,100.260289,0.3528027931377696
RR*HHESPWL,NA,P4,0.24167374698316132,FALSE,PPI,MTX,no significant difference,FALSE,385,100.260289,NA
SKVHFFLGWF,35.883995,P4,-0.2284600824181227,FALSE,PPI,MTX,no significant difference,FALSE,366,100.260289,0.35790835392465303
RRRLHESPML,47.604797999999995,P4,0.17840438550666518,FALSE,PPI,MTX,weaker,TRUE,385,100.260289,0.4748120963425509
SKVHGFLGWF,35.37210999999999,P4,0.05428569831945615,FALSE,PPI,MTX,no significant difference,FALSE,366,100.260289,0.3528027931377696
SKVCIFLGWF,35.883995,P4,-0.23453987468034787,FALSE,PPI,MTX,no significant difference,FALSE,366,100.260289,0.35790835392465303
SKVHIFLGWF,35.883995,P4,0.04309954219689189,FALSE,PPI,MTX,no significant difference,FALSE,366,100.260289,0.35790835392465303
SKVCKFLGWF,35.37210999999999,P4,0.02360132325573331,FALSE,PPI,MTX,no significant difference,FALSE,366,100.260289,0.3528027931377696
RRPIHESPWL,59.949235,P4,0.28684898138076603,FALSE,PPI,MTX,no significant difference,FALSE,385,100.260289,0.5979359883951662
SKVHKFLGWF,35.37210999999999,P4,-0.017894054348948,FALSE,PPI,MTX,no significant difference,FALSE,366,100.260289,0.3528027931377696
SGRFWASDWL,94.15112,P4,0.8188437397990845,FALSE,PPI,MTX,no significant difference,FALSE,363,100.260289,0.9390669121250987
RRRLHESPQL,47.604797999999995,P4,0.19235595127933347,FALSE,PPI,MTX,weaker,TRUE,385,100.260289,0.4748120963425509
SGRQWF*DWL,NA,P4,0.16826701925971232,FALSE,PPI,MTX,no significant difference,FALSE,363,100.260289,NA
SKVSSFLGWF,36.390704,P4,0.02839611338788817,FALSE,PPI,MTX,no significant difference,FALSE,366,100.260289,0.3629622890873574
RRKWHESPWL,58.4221,P4,0.17996818729918304,FALSE,PPI,MTX,no significant difference,FALSE,385,100.260289,0.5827042848440224
RRVNHESPWL,58.4221,P4,0.2805434624047424,FALSE,PPI,MTX,no significant difference,FALSE,385,100.260289,0.5827042848440224
SGRAWFFDWL,79.32999699999999,P4,0.4358804180406623,FALSE,PPI,MTX,weaker,TRUE,363,100.260289,0.7912404581239536
SKVHMFLGWF,35.37210999999999,P4,-0.12498588390154489,FALSE,PPI,MTX,no significant difference,FALSE,366,100.260289,0.3528027931377696
SKVCNFLGWF,35.37210999999999,P4,0.03210253955617685,FALSE,PPI,MTX,no significant difference,FALSE,366,100.260289,0.3528027931377696
RRVPHESPWL,58.4221,P4,0.24976763574299993,FALSE,PPI,MTX,weaker,TRUE,385,100.260289,0.5827042848440224
SGRFWESDWL,94.15112,P4,0.8757854684956086,FALSE,PPI,MTX,no significant difference,FALSE,363,100.260289,0.9390669121250987
RR*QHESPWL,NA,P4,0.10441371761481666,FALSE,PPI,MTX,weaker,TRUE,385,100.260289,NA
SGRWWFPDWL,79.32999699999999,P4,0.2625428413341816,FALSE,PPI,MTX,weaker,TRUE,363,100.260289,0.7912404581239536
SKVHRFLGWF,35.37210999999999,P4,-0.01932146551438485,FALSE,PPI,MTX,no significant difference,FALSE,366,100.260289,0.3528027931377696
SGRPWFEDWL,79.32999699999999,P4,0.41841464929622657,FALSE,PPI,MTX,weaker,TRUE,363,100.260289,0.7912404581239536
SKVRVFLGVF,15.903571,P4,0.08872476866626233,FALSE,PPI,MTX,no significant difference,FALSE,366,100.260289,0.15862283221625265
SKVHSFLGWF,35.37210999999999,P4,0.01745282306027343,FALSE,PPI,MTX,no significant difference,FALSE,366,100.260289,0.3528027931377696
SGRQWFGDWL,79.32999699999999,P4,0.4469523401969808,FALSE,PPI,MTX,weaker,TRUE,363,100.260289,0.7912404581239536
SKVRVFLGW*,NA,P4,0.05549312221740951,FALSE,PPI,MTX,no significant difference,FALSE,366,100.260289,NA
SKVHTFLGWF,35.37210999999999,P4,0.05049479742848567,FALSE,PPI,MTX,no significant difference,FALSE,366,100.260289,0.3528027931377696
SKVSTFLGWF,36.390704,P4,0.02414275207531667,FALSE,PPI,MTX,no significant difference,FALSE,366,100.260289,0.3629622890873574
SGRFWFEDWL,86.46015100000001,P4,0.35663631140369073,FALSE,PPI,MTX,weaker,TRUE,363,100.260289,0.8623568898749135
SKVHVFLGWF,35.37210999999999,P4,-0.03260116311558109,FALSE,PPI,MTX,no significant difference,FALSE,366,100.260289,0.3528027931377696
SKVRVFLGWA,35.881406999999996,P4,0.1260947707519546,FALSE,PPI,MTX,stronger,TRUE,366,100.260289,0.35788254111256346
SGRFWFFDWL,86.46015100000001,P4,0.4302354602485327,FALSE,PPI,MTX,weaker,TRUE,363,100.260289,0.8623568898749135
SKVSVFLGWF,36.390704,P4,-0.03977026188322402,FALSE,PPI,MTX,weaker,TRUE,366,100.260289,0.3629622890873574
RRFNHESPWL,58.930640999999994,P4,0.2978747233893446,FALSE,PPI,MTX,no significant difference,FALSE,385,100.260289,0.5877764924455783
SGRFWFGDWL,86.46015100000001,P4,0.39272117461153966,FALSE,PPI,MTX,weaker,TRUE,363,100.260289,0.8623568898749135
SGRWWFSDWL,93.130135,P4,0.8142805429071909,FALSE,PPI,MTX,no significant difference,FALSE,363,100.260289,0.9288835682490402
SKVHWFLGWF,54.31184,P4,-0.02765317020515797,FALSE,PPI,MTX,no significant difference,FALSE,366,100.260289,0.5417083926418763
SKVCTFLGWF,35.37210999999999,P4,0.03933780560142325,FALSE,PPI,MTX,no significant difference,FALSE,366,100.260289,0.3528027931377696
SGRWWFTDWL,84.952276,P4,0.8043057821263766,FALSE,PPI,MTX,no significant difference,FALSE,363,100.260289,0.8473172863086401
SKVRVFLGWE,35.881406999999996,P4,0.09556094071740834,FALSE,PPI,MTX,no significant difference,FALSE,366,100.260289,0.35788254111256346
SGRQWFMDWL,79.32999699999999,P4,0.3805588125765497,FALSE,PPI,MTX,weaker,TRUE,363,100.260289,0.7912404581239536
SGRSWFSDWL,94.148729,P4,0.8023881632456953,FALSE,PPI,MTX,no significant difference,FALSE,363,100.260289,0.939043064198628
SGRFWFKDWL,86.46015100000001,P4,0.2070397121495281,FALSE,PPI,MTX,weaker,TRUE,363,100.260289,0.8623568898749135
SGRQWFPDWL,79.32999699999999,P4,0.35526750675227725,FALSE,PPI,MTX,weaker,TRUE,363,100.260289,0.7912404581239536
RRA*HESPWL,NA,P4,0.19187034662797164,FALSE,PPI,MTX,weaker,TRUE,385,100.260289,NA
SKVICFLGWF,36.390704,P4,-0.2037014611866022,FALSE,PPI,MTX,no significant difference,FALSE,366,100.260289,0.3629622890873574
SKVSWFLGWF,55.330434,P4,0.00426176752348108,FALSE,PPI,MTX,no significant difference,FALSE,366,100.260289,0.5518678885914642
SKVCYFLGWF,35.37210999999999,P4,-0.04565808278466717,FALSE,PPI,MTX,no significant difference,FALSE,366,100.260289,0.3528027931377696
SKVD*FLGWF,NA,P4,0.11182220424826216,FALSE,PPI,MTX,no significant difference,FALSE,366,100.260289,NA
SKVSYFLGWF,36.390704,P4,-0.15606044622784565,FALSE,PPI,MTX,weaker,TRUE,366,100.260289,0.3629622890873574
SGRYWFADWL,81.367184,P4,0.2808901236641057,FALSE,PPI,MTX,weaker,TRUE,363,100.260289,0.8115594400490905
SKVAKFLGWF,35.37210999999999,P4,0.05893093421943217,FALSE,PPI,MTX,no significant difference,FALSE,366,100.260289,0.3528027931377696
SKVDDFLGWF,35.37210999999999,P4,0.15427486789193107,FALSE,PPI,MTX,no significant difference,FALSE,366,100.260289,0.3528027931377696
SKVT*FLGWF,NA,P4,0.0703482089130282,FALSE,PPI,MTX,no significant difference,FALSE,366,100.260289,NA
SKVIIFLGWF,36.90258899999999,P4,-0.10451393022324262,FALSE,PPI,MTX,no significant difference,FALSE,366,100.260289,0.36806784987424074
SKVDFFLGWF,35.883995,P4,0.04168808063861295,FALSE,PPI,MTX,no significant difference,FALSE,366,100.260289,0.35790835392465303
SKVTCFLGWF,36.390704,P4,-0.11166456201334451,FALSE,PPI,MTX,weaker,TRUE,366,100.260289,0.3629622890873574
SKVILFLGWF,36.390704,P4,-0.11819521111100184,FALSE,PPI,MTX,no significant difference,FALSE,366,100.260289,0.3629622890873574
SKVTDFLGWF,36.390704,P4,0.1675283123439621,FALSE,PPI,MTX,stronger,TRUE,366,100.260289,0.3629622890873574
SGRAWFQDWL,79.32999699999999,P4,0.26290470732737403,FALSE,PPI,MTX,weaker,TRUE,363,100.260289,0.7912404581239536
RRAFHESPWL,65.552254,P4,0.2684912510302062,FALSE,PPI,MTX,no significant difference,FALSE,385,100.260289,0.6538207165949821
SKVDIFLGWF,35.883995,P4,0.04106530870901753,FALSE,PPI,MTX,no significant difference,FALSE,366,100.260289,0.35790835392465303
SKVNTFLGWF,35.37210999999999,P4,-0.01127953568516974,FALSE,PPI,MTX,no significant difference,FALSE,366,100.260289,0.3528027931377696
SKVTEFLGWF,36.390704,P4,0.06021272194463297,FALSE,PPI,MTX,no significant difference,FALSE,366,100.260289,0.3629622890873574
SKVTFFLGWF,36.90258899999999,P4,-0.1310190607524481,FALSE,PPI,MTX,weaker,TRUE,366,100.260289,0.36806784987424074
SKVIPFLGWF,36.390704,P4,0.09753699231352546,FALSE,PPI,MTX,no significant difference,FALSE,366,100.260289,0.3629622890873574
SGRRWF*DWL,NA,P4,0.2862599973361269,FALSE,PPI,MTX,weaker,TRUE,363,100.260289,NA
SKVRVFLGWH,35.881406999999996,P4,-0.11522751831959248,FALSE,PPI,MTX,no significant difference,FALSE,366,100.260289,0.35788254111256346
SKVIRFLGWF,36.390704,P4,-0.05596544489445484,FALSE,PPI,MTX,weaker,TRUE,366,100.260289,0.3629622890873574
RRGCHESPWL,60.456261999999995,P4,0.29784842988741145,FALSE,PPI,MTX,no significant difference,FALSE,385,100.260289,0.6029930953021689
SKVTGFLGWF,36.390704,P4,0.08532244231812011,FALSE,PPI,MTX,no significant difference,FALSE,366,100.260289,0.3629622890873574
RRAHHESPWL,58.4221,P4,0.2825873089015211,FALSE,PPI,MTX,no significant difference,FALSE,385,100.260289,0.5827042848440224
SGRSWFWDWL,80.348591,P4,0.4294817593309382,FALSE,PPI,MTX,weaker,TRUE,363,100.260289,0.8013999540735415
RRWCHESPWL,59.43918099999999,P4,0.3369779710873535,FALSE,PPI,MTX,no significant difference,FALSE,385,100.260289,0.5928486900730956
SKVTHFLGWF,36.390704,P4,-0.03664174037614393,FALSE,PPI,MTX,no significant difference,FALSE,366,100.260289,0.3629622890873574
SKVTIFLGWF,36.90258899999999,P4,-0.05836926345777376,FALSE,PPI,MTX,no significant difference,FALSE,366,100.260289,0.36806784987424074
SGRFYFSDWL,81.320559,P4,0.5467191044576993,FALSE,PPI,MTX,weaker,TRUE,363,100.260289,0.8110944004958933
SKVTKFLGWF,36.390704,P4,0.01611676210622669,FALSE,PPI,MTX,no significant difference,FALSE,366,100.260289,0.3629622890873574
RRQ*HESPWL,NA,P4,-0.1000679939042447,FALSE,PPI,MTX,no significant difference,FALSE,385,100.260289,NA
RRWGHESPWL,59.948477999999994,P4,0.4049579419912599,FALSE,PPI,MTX,stronger,TRUE,385,100.260289,0.5979284380478894
SKVITFLGWF,36.390704,P4,0.12486370425589924,FALSE,PPI,MTX,no significant difference,FALSE,366,100.260289,0.3629622890873574
SKVTLFLGWF,36.390704,P4,0.07157746775080798,FALSE,PPI,MTX,no significant difference,FALSE,366,100.260289,0.3629622890873574
SKVIVFLGWF,36.390704,P4,-0.21825223485575343,FALSE,PPI,MTX,no significant difference,FALSE,366,100.260289,0.3629622890873574
RRWHHESPWL,59.43918099999999,P4,0.3678568897005532,FALSE,PPI,MTX,no significant difference,FALSE,385,100.260289,0.5928486900730956
SGRYWFSDWL,95.167322,P4,0.7769809100517199,FALSE,PPI,MTX,weaker,TRUE,363,100.260289,0.9492025501741771
SGRHWF*DWL,NA,P4,0.2856859978603756,FALSE,PPI,MTX,weaker,TRUE,363,100.260289,NA
SKVIYFLGWF,36.390704,P4,-0.07519054299052709,FALSE,PPI,MTX,no significant difference,FALSE,366,100.260289,0.3629622890873574
RRRLHESPWM,50.191402999999994,P4,0.2314806805386065,FALSE,PPI,MTX,no significant difference,FALSE,385,100.260289,0.5006109946481403
SKVTMFLGWF,36.390704,P4,-0.01862236743371757,FALSE,PPI,MTX,no significant difference,FALSE,366,100.260289,0.3629622890873574
RRWLHESPWL,64.022851,P4,0.3772820164058556,FALSE,PPI,MTX,stronger,TRUE,385,100.260289,0.6385663919241247
RRQEHESPWL,58.4221,P4,0.29301331390131624,FALSE,PPI,MTX,no significant difference,FALSE,385,100.260289,0.5827042848440224
SKVK*FLGWF,NA,P4,0.07598789556042268,FALSE,PPI,MTX,no significant difference,FALSE,366,100.260289,NA
RRQFHESPWL,65.552254,P4,0.1923962146224173,FALSE,PPI,MTX,no significant difference,FALSE,385,100.260289,0.6538207165949821
SKVTNFLGWF,36.390704,P4,0.1773249358076721,FALSE,PPI,MTX,no significant difference,FALSE,366,100.260289,0.3629622890873574
SKVKAFLGWF,35.37210999999999,P4,0.02081657709995511,FALSE,PPI,MTX,no significant difference,FALSE,366,100.260289,0.3528027931377696
SGRYWFVDWL,81.367184,P4,0.32011740499387037,FALSE,PPI,MTX,weaker,TRUE,363,100.260289,0.8115594400490905
SGRTWFCDWL,80.348591,P4,0.5076832549821659,FALSE,PPI,MTX,weaker,TRUE,363,100.260289,0.8013999540735415
SKVTQFLGWF,36.390704,P4,0.2704838653074002,FALSE,PPI,MTX,no significant difference,FALSE,366,100.260289,0.3629622890873574
RRGKHESPWL,60.456261999999995,P4,0.25898101304400323,FALSE,PPI,MTX,no significant difference,FALSE,385,100.260289,0.6029930953021689
RRWMHESPWL,59.43918099999999,P4,0.41140902191328177,FALSE,PPI,MTX,no significant difference,FALSE,385,100.260289,0.5928486900730956
SKVKCFLGWF,35.37210999999999,P4,-0.05467355504212643,FALSE,PPI,MTX,no significant difference,FALSE,366,100.260289,0.3528027931377696
RRWNHESPWL,59.43918099999999,P4,0.2817899775147218,FALSE,PPI,MTX,no significant difference,FALSE,385,100.260289,0.5928486900730956
SGRTWFDDWL,80.348591,P4,0.4483702771473814,FALSE,PPI,MTX,weaker,TRUE,363,100.260289,0.8013999540735415
SKVRVFLGWT,35.881406999999996,P4,0.11016463132278112,FALSE,PPI,MTX,no significant difference,FALSE,366,100.260289,0.35788254111256346
SKVDYFLGWF,35.37210999999999,P4,0.06875094466185475,FALSE,PPI,MTX,no significant difference,FALSE,366,100.260289,0.3528027931377696
SKVSPFLGWF,36.390704,P4,0.16827638834487335,FALSE,PPI,MTX,stronger,TRUE,366,100.260289,0.3629622890873574
RRQIHESPWL,59.44069399999999,P4,0.12812131305105523,FALSE,PPI,MTX,weaker,TRUE,385,100.260289,0.59286378079361
SKVTRFLGWF,36.390704,P4,-1.9183353301906848e-4,FALSE,PPI,MTX,no significant difference,FALSE,366,100.260289,0.3629622890873574
SGRHWFGDWL,79.32999699999999,P4,0.3888427131861906,FALSE,PPI,MTX,weaker,TRUE,363,100.260289,0.7912404581239536
SKVKEFLGWF,35.37210999999999,P4,0.14459436433056488,FALSE,PPI,MTX,no significant difference,FALSE,366,100.260289,0.3528027931377696
SKVKFFLGWF,35.883995,P4,0.01583716486400073,FALSE,PPI,MTX,no significant difference,FALSE,366,100.260289,0.35790835392465303
RRWQHESPWL,59.43918099999999,P4,0.4099169980317726,FALSE,PPI,MTX,stronger,TRUE,385,100.260289,0.5928486900730956
SKVEAFLGWF,35.37210999999999,P4,0.06617117526801868,FALSE,PPI,MTX,no significant difference,FALSE,366,100.260289,0.3528027931377696
SKVTSFLGWF,36.390704,P4,-0.00245883806928669,FALSE,PPI,MTX,no significant difference,FALSE,366,100.260289,0.3629622890873574
SGRHWFHDWL,79.32999699999999,P4,0.1697938959477308,FALSE,PPI,MTX,no significant difference,FALSE,363,100.260289,0.7912404581239536
SKVECFLGWF,35.37210999999999,P4,0.0915706451630582,FALSE,PPI,MTX,no significant difference,FALSE,366,100.260289,0.3528027931377696
SGRTWFFDWL,80.348591,P4,0.5478817863163064,FALSE,PPI,MTX,weaker,TRUE,363,100.260289,0.8013999540735415
SKVRVFLGWY,35.881406999999996,P4,0.03379965216286362,FALSE,PPI,MTX,no significant difference,FALSE,366,100.260289,0.35788254111256346
SGRHWFIDWL,79.32999699999999,P4,0.2967969315519213,FALSE,PPI,MTX,weaker,TRUE,363,100.260289,0.7912404581239536
SKVEDFLGWF,35.37210999999999,P4,0.13473230829063176,FALSE,PPI,MTX,no significant difference,FALSE,366,100.260289,0.3528027931377696
SKVRVFLGYF,15.903571,P4,0.0596621606196946,FALSE,PPI,MTX,no significant difference,FALSE,366,100.260289,0.15862283221625265
SGTFWFSDWL,97.209047,P4,0.8769212230013974,FALSE,PPI,MTX,stronger,TRUE,363,100.260289,0.9695667942868188
SGRHWFKDWL,79.32999699999999,P4,0.2623040123269973,FALSE,PPI,MTX,weaker,TRUE,363,100.260289,0.7912404581239536
SKVKIFLGWF,35.883995,P4,0.01549882087574639,FALSE,PPI,MTX,no significant difference,FALSE,366,100.260289,0.35790835392465303
SKVEEFLGWF,35.37210999999999,P4,0.13483418086903395,FALSE,PPI,MTX,no significant difference,FALSE,366,100.260289,0.3528027931377696
SGRHWFLDWL,79.32999699999999,P4,0.3249982373820876,FALSE,PPI,MTX,weaker,TRUE,363,100.260289,0.7912404581239536
SKVEFFLGWF,35.883995,P4,0.00629340728089409,FALSE,PPI,MTX,no significant difference,FALSE,366,100.260289,0.35790835392465303
RRLQHESPWL,58.930640999999994,P4,0.2707325001479907,FALSE,PPI,MTX,no significant difference,FALSE,385,100.260289,0.5877764924455783
SKVRVFLIWF,33.33708299999999,P4,-0.01725082517472832,FALSE,PPI,MTX,weaker,TRUE,366,100.260289,0.3325053551361695
SGRMWFDDWL,79.32999699999999,P4,0.4947502525782406,FALSE,PPI,MTX,weaker,TRUE,363,100.260289,0.7912404581239536
SKVKLFLGWF,35.37210999999999,P4,-0.01678124151846643,FALSE,PPI,MTX,weaker,TRUE,366,100.260289,0.3528027931377696
SKVTVFLGWF,36.390704,P4,-0.11430007323310323,FALSE,PPI,MTX,weaker,TRUE,366,100.260289,0.3629622890873574
SGRCWFEDWL,79.32999699999999,P4,0.41176589035411026,FALSE,PPI,MTX,weaker,TRUE,363,100.260289,0.7912404581239536
RRQQHESPWL,58.4221,P4,0.2084937779481884,FALSE,PPI,MTX,no significant difference,FALSE,385,100.260289,0.5827042848440224
RRWTHESPWL,60.457775,P4,0.37715800373693903,FALSE,PPI,MTX,no significant difference,FALSE,385,100.260289,0.6030081860226834
SGWFWFSDWL,96.700506,P4,0.946836606431112,FALSE,PPI,MTX,stronger,TRUE,363,100.260289,0.9644945866852629
SKVTWFLGWF,55.330434,P4,0.04035165199688675,FALSE,PPI,MTX,no significant difference,FALSE,366,100.260289,0.5518678885914642
SGRCWFGDWL,79.32999699999999,P4,0.41943433208773695,FALSE,PPI,MTX,weaker,TRUE,363,100.260289,0.7912404581239536
SKVKNFLGWF,35.37210999999999,P4,0.07071606159697812,FALSE,PPI,MTX,no significant difference,FALSE,366,100.260289,0.3528027931377696
RRRLHESPYL,47.604797999999995,P4,0.16241889005272062,FALSE,PPI,MTX,no significant difference,FALSE,385,100.260289,0.4748120963425509
SGRMWFGDWL,79.32999699999999,P4,0.46449183196440824,FALSE,PPI,MTX,weaker,TRUE,363,100.260289,0.7912404581239536
SGRHWFPDWL,79.32999699999999,P4,0.26939594021207924,FALSE,PPI,MTX,weaker,TRUE,363,100.260289,0.7912404581239536
SKVEKFLGWF,35.37210999999999,P4,0.05525337469092078,FALSE,PPI,MTX,no significant difference,FALSE,366,100.260289,0.3528027931377696
SGRHWFQDWL,79.32999699999999,P4,0.13971811406068804,FALSE,PPI,MTX,no significant difference,FALSE,363,100.260289,0.7912404581239536
SGRTWFIDWL,80.348591,P4,0.4464935356924724,FALSE,PPI,MTX,weaker,TRUE,363,100.260289,0.8013999540735415
SKVTYFLGWF,36.390704,P4,-0.05295388310356756,FALSE,PPI,MTX,no significant difference,FALSE,366,100.260289,0.3629622890873574
SGRTWFKDWL,80.348591,P4,0.286211704225838,FALSE,PPI,MTX,weaker,TRUE,363,100.260289,0.8013999540735415
SKVKRFLGWF,35.37210999999999,P4,-0.03671232201996755,FALSE,PPI,MTX,weaker,TRUE,366,100.260289,0.3528027931377696
SKVRVFLNWF,32.82821799999999,P4,0.00269343535787235,FALSE,PPI,MTX,no significant difference,FALSE,366,100.260289,0.327429915946083
RRWWHESPWL,59.43918099999999,P4,0.26858555981386467,FALSE,PPI,MTX,no significant difference,FALSE,385,100.260289,0.5928486900730956
SGRCWFIDWL,79.32999699999999,P4,0.35202120799371367,FALSE,PPI,MTX,weaker,TRUE,363,100.260289,0.7912404581239536
SKVV*FLGWF,NA,P4,0.10772958842592846,FALSE,PPI,MTX,stronger,TRUE,366,100.260289,NA
RRY*HESPWL,NA,P4,0.11603966971786848,FALSE,PPI,MTX,weaker,TRUE,385,100.260289,NA
SKVN*FLGWF,NA,P4,0.10794856921001623,FALSE,PPI,MTX,no significant difference,FALSE,366,100.260289,NA
SKVEMFLGWF,35.37210999999999,P4,0.01092371719815846,FALSE,PPI,MTX,no significant difference,FALSE,366,100.260289,0.3528027931377696
SKVKSFLGWF,35.37210999999999,P4,-0.01111600097390091,FALSE,PPI,MTX,no significant difference,FALSE,366,100.260289,0.3528027931377696
SKVRVFLQWF,32.319354,P4,-0.0497360642772733,FALSE,PPI,MTX,no significant difference,FALSE,366,100.260289,0.32235448673003525
RRYAHESPWL,58.930640999999994,P4,0.3211227536780924,FALSE,PPI,MTX,no significant difference,FALSE,385,100.260289,0.5877764924455783
SKVVAFLGWF,36.89999999999999,P4,0.01791035779407155,FALSE,PPI,MTX,no significant difference,FALSE,366,100.260289,0.3680420270881125
RRQVHESPWL,59.94999,P4,0.29099406135533873,FALSE,PPI,MTX,no significant difference,FALSE,385,100.260289,0.5979435187943654
SKVKTFLGWF,35.37210999999999,P4,0.16194050809406638,FALSE,PPI,MTX,no significant difference,FALSE,366,100.260289,0.3528027931377696
SGRCWFNDWL,79.32999699999999,P4,0.35334959771666125,FALSE,PPI,MTX,weaker,TRUE,363,100.260289,0.7912404581239536
SGRHWFTDWL,84.952276,P4,0.7412713815224443,FALSE,PPI,MTX,weaker,TRUE,363,100.260289,0.8473172863086401
SKVQYFLGWF,35.37210999999999,P4,0.1406427234168554,FALSE,PPI,MTX,no significant difference,FALSE,366,100.260289,0.3528027931377696
SKVVCFLGWF,36.89999999999999,P4,-0.01546611408720393,FALSE,PPI,MTX,no significant difference,FALSE,366,100.260289,0.3680420270881125
SGRFWFSDWI,84.403578,P4,0.801886005982048,FALSE,PPI,MTX,no significant difference,FALSE,363,100.260289,0.8418445512360332
RRYFHESPWL,66.060795,P4,0.29659219848754015,FALSE,PPI,MTX,no significant difference,FALSE,385,100.260289,0.6588929241965381
SKVKVFLGWF,35.37210999999999,P4,-0.00519269322179326,FALSE,PPI,MTX,no significant difference,FALSE,366,100.260289,0.3528027931377696
SKVVDFLGWF,36.89999999999999,P4,0.15392012880531836,FALSE,PPI,MTX,stronger,TRUE,366,100.260289,0.3680420270881125
SGRTWFNDWL,80.348591,P4,0.3701570609086738,FALSE,PPI,MTX,weaker,TRUE,363,100.260289,0.8013999540735415
SKVKWFLGWF,54.31184,P4,-0.06300063388746084,FALSE,PPI,MTX,weaker,TRUE,366,100.260289,0.5417083926418763
SGRHWFWDWL,79.32999699999999,P4,0.40839748393066594,FALSE,PPI,MTX,weaker,TRUE,363,100.260289,0.7912404581239536
SGRFWFHDWL,86.46015100000001,P4,0.2930776476766435,FALSE,PPI,MTX,weaker,TRUE,363,100.260289,0.8623568898749135
SKVKYFLGWF,35.37210999999999,P4,-0.04215735713966744,FALSE,PPI,MTX,no significant difference,FALSE,366,100.260289,0.3528027931377696
SGRHWFYDWL,79.84111399999999,P4,0.2782681312178812,FALSE,PPI,MTX,weaker,TRUE,363,100.260289,0.7963383588491351
SKHRVFLGWF,37.915569,P4,0.1844556723514451,FALSE,PPI,MTX,stronger,TRUE,366,100.260289,0.3781713515707101
RRYIHESPWL,59.949235,P4,0.27005805109317144,FALSE,PPI,MTX,weaker,TRUE,385,100.260289,0.5979359883951662
SKVVEFLGWF,36.89999999999999,P4,0.16779151930252273,FALSE,PPI,MTX,stronger,TRUE,366,100.260289,0.3680420270881125
RRYKHESPWL,58.930640999999994,P4,0.28194156928671227,FALSE,PPI,MTX,no significant difference,FALSE,385,100.260289,0.5877764924455783
*RRLHESPWL,NA,P4,0.3135897807076175,FALSE,PPI,MTX,no significant difference,FALSE,385,100.260289,NA
SKVEWFLGWF,54.31184,P4,0.07377892051768864,FALSE,PPI,MTX,no significant difference,FALSE,366,100.260289,0.5417083926418763
SKVVFFLGWF,37.411885,P4,-0.12949023131218895,FALSE,PPI,MTX,weaker,TRUE,366,100.260289,0.373147587874996
SKVEYFLGWF,35.37210999999999,P4,0.050902169941033,FALSE,PPI,MTX,no significant difference,FALSE,366,100.260289,0.3528027931377696
SGRIWFCDWL,80.348591,P4,0.41027352623076857,FALSE,PPI,MTX,weaker,TRUE,363,100.260289,0.8013999540735415
SGRTWFQDWL,80.348591,P4,0.30780323698970036,FALSE,PPI,MTX,weaker,TRUE,363,100.260289,0.8013999540735415
SKVVGFLGWF,36.89999999999999,P4,0.03157441403589307,FALSE,PPI,MTX,no significant difference,FALSE,366,100.260289,0.3680420270881125
SGRIWFDDWL,80.348591,P4,0.4425156814563604,FALSE,PPI,MTX,weaker,TRUE,363,100.260289,0.8013999540735415
RRRLHESPWI,51.725922999999995,P4,0.4293918782029214,FALSE,PPI,MTX,no significant difference,FALSE,385,100.260289,0.515916356474895
SKVFCFLGWF,42.502264,P4,-0.23559615347978505,FALSE,PPI,MTX,no significant difference,FALSE,366,100.260289,0.42391922488872935
SGRTWFRDWL,80.348591,P4,0.33159428204182456,FALSE,PPI,MTX,weaker,TRUE,363,100.260289,0.8013999540735415
SKVLCFLGWF,39.95578,P4,0.00554771643854986,FALSE,PPI,MTX,no significant difference,FALSE,366,100.260289,0.3985204949887986
SGRIWFGDWL,80.348591,P4,0.43071206543196905,FALSE,PPI,MTX,weaker,TRUE,363,100.260289,0.8013999540735415
SKVRVFQGWF,35.881406999999996,P4,0.08611654820978046,FALSE,PPI,MTX,no significant difference,FALSE,366,100.260289,0.35788254111256346
SKVVHFLGWF,36.89999999999999,P4,0.05296120314208435,FALSE,PPI,MTX,no significant difference,FALSE,366,100.260289,0.3680420270881125
SKVFEFLGWF,42.502264,P4,0.04980908360963359,FALSE,PPI,MTX,no significant difference,FALSE,366,100.260289,0.42391922488872935
RRCDHESPWL,58.4221,P4,0.3196430970313833,FALSE,PPI,MTX,no significant difference,FALSE,385,100.260289,0.5827042848440224
SKVVIFLGWF,37.411885,P4,-0.1300752162008422,FALSE,PPI,MTX,no significant difference,FALSE,366,100.260289,0.373147587874996
RRYQHESPWL,58.930640999999994,P4,0.38104762098774336,FALSE,PPI,MTX,no significant difference,FALSE,385,100.260289,0.5877764924455783
SGRIWFHDWL,80.348591,P4,0.3075738913001593,FALSE,PPI,MTX,weaker,TRUE,363,100.260289,0.8013999540735415
SGRIWFIDWL,80.348591,P4,0.33282254291899516,FALSE,PPI,MTX,weaker,TRUE,363,100.260289,0.8013999540735415
SKVLDFLGWF,39.95578,P4,0.1932683891569841,FALSE,PPI,MTX,stronger,TRUE,366,100.260289,0.3985204949887986
SGRIWFKDWL,80.348591,P4,0.23642675933303112,FALSE,PPI,MTX,weaker,TRUE,363,100.260289,0.8013999540735415
SKVFHFLGWF,42.502264,P4,0.03883630154123574,FALSE,PPI,MTX,no significant difference,FALSE,366,100.260289,0.42391922488872935
SKVVKFLGWF,36.89999999999999,P4,-0.03273776820119041,FALSE,PPI,MTX,no significant difference,FALSE,366,100.260289,0.3680420270881125
SGRIWFLDWL,80.348591,P4,0.330690790546657,FALSE,PPI,MTX,weaker,TRUE,363,100.260289,0.8013999540735415
SKVLEFLGWF,39.95578,P4,0.1921279116014661,FALSE,PPI,MTX,stronger,TRUE,366,100.260289,0.3985204949887986
SKVVLFLGWF,36.89999999999999,P4,-0.0909099001488374,FALSE,PPI,MTX,weaker,TRUE,366,100.260289,0.3680420270881125
SGRFWFSDWQ,82.869058,P4,0.423271293564394,FALSE,PPI,MTX,weaker,TRUE,363,100.260289,0.8265391894092784
SGRTWFSDWL,94.148729,P4,0.8730146385369595,FALSE,PPI,MTX,stronger,TRUE,363,100.260289,0.939043064198628
RRCIHESPWL,59.44069399999999,P4,0.37683568262240935,FALSE,PPI,MTX,no significant difference,FALSE,385,100.260289,0.59286378079361
SGRIWFNDWL,80.348591,P4,0.36697071124106057,FALSE,PPI,MTX,weaker,TRUE,363,100.260289,0.8013999540735415
RRCKHESPWL,58.4221,P4,0.27796014689788767,FALSE,PPI,MTX,no significant difference,FALSE,385,100.260289,0.5827042848440224
SKVFMFLGWF,42.502264,P4,-0.2036609363800942,FALSE,PPI,MTX,no significant difference,FALSE,366,100.260289,0.42391922488872935
SKVRVFWGWF,35.881406999999996,P4,-0.02182088966424304,FALSE,PPI,MTX,no significant difference,FALSE,366,100.260289,0.35788254111256346
SKVVMFLGWF,36.89999999999999,P4,-0.07581529493328956,FALSE,PPI,MTX,no significant difference,FALSE,366,100.260289,0.3680420270881125
SKVLGFLGWF,39.95578,P4,0.00403566721718015,FALSE,PPI,MTX,no significant difference,FALSE,366,100.260289,0.3985204949887986
RRYWHESPWL,58.930640999999994,P4,0.29279263135483335,FALSE,PPI,MTX,no significant difference,FALSE,385,100.260289,0.5877764924455783
RRCMHESPWL,58.4221,P4,0.2588914818333642,FALSE,PPI,MTX,no significant difference,FALSE,385,100.260289,0.5827042848440224
SKVVNFLGWF,36.89999999999999,P4,0.10412428388771296,FALSE,PPI,MTX,no significant difference,FALSE,366,100.260289,0.3680420270881125
RRYYHESPWL,60.967828,P4,0.305209551696388,FALSE,PPI,MTX,no significant difference,FALSE,385,100.260289,0.6080954743707152
RRCPHESPWL,58.4221,P4,0.2894836527934983,FALSE,PPI,MTX,no significant difference,FALSE,385,100.260289,0.5827042848440224
SKVVPFLGWF,36.89999999999999,P4,0.10682750710267812,FALSE,PPI,MTX,no significant difference,FALSE,366,100.260289,0.3680420270881125
SKVLHFLGWF,39.95578,P4,0.05527831492001111,FALSE,PPI,MTX,no significant difference,FALSE,366,100.260289,0.3985204949887986
SKV*EFLGWF,NA,P4,0.11607803730356536,FALSE,PPI,MTX,stronger,TRUE,366,100.260289,NA
SKVVQFLGWF,36.89999999999999,P4,0.0968004088090999,FALSE,PPI,MTX,no significant difference,FALSE,366,100.260289,0.3680420270881125
SGRFWFSDWY,82.869058,P4,0.4585294267360988,FALSE,PPI,MTX,weaker,TRUE,363,100.260289,0.8265391894092784
SGRIWFTDWL,85.97087,P4,0.8220381055114248,FALSE,PPI,MTX,no significant difference,FALSE,363,100.260289,0.8574767822582279
SGRFWFSDYL,80.282453,P4,0.5200969045751425,FALSE,PPI,MTX,weaker,TRUE,363,100.260289,0.8007402911036892
SGRTWFWDWL,80.348591,P4,0.5289640530631741,FALSE,PPI,MTX,weaker,TRUE,363,100.260289,0.8013999540735415
SGRTWFYDWL,80.859708,P4,0.41239762625348375,FALSE,PPI,MTX,weaker,TRUE,363,100.260289,0.8064978547987229
SGRIWFVDWL,80.348591,P4,0.3485139257847133,FALSE,PPI,MTX,weaker,TRUE,363,100.260289,0.8013999540735415
SKVVRFLGWF,36.89999999999999,P4,-0.03082915601529403,FALSE,PPI,MTX,weaker,TRUE,366,100.260289,0.3680420270881125
SGRFWFSFWL,96.698235,P4,0.4737580074762752,FALSE,PPI,MTX,weaker,TRUE,363,100.260289,0.964471935643433
RRRKHESPWL,62.998964,P4,0.16446138364073895,FALSE,PPI,MTX,weaker,TRUE,385,100.260289,0.6283541033878328
RYRLHESPWL,65.549676,P4,0.4322118703038954,FALSE,PPI,MTX,no significant difference,FALSE,385,100.260289,0.65379500352327935
SGRDWFQDWL,79.32999699999999,P4,0.33638297693916525,FALSE,PPI,MTX,weaker,TRUE,363,100.260289,0.7912404581239536
SGRIWFWDWL,80.348591,P4,0.4754646815529859,FALSE,PPI,MTX,weaker,TRUE,363,100.260289,0.8013999540735415
RRMIHESPWL,59.44069399999999,P4,0.15164314405150375,FALSE,PPI,MTX,no significant difference,FALSE,385,100.260289,0.59286378079361
RRHNHESPWL,60.456261999999995,P4,0.24027212579663287,FALSE,PPI,MTX,no significant difference,FALSE,385,100.260289,0.6029930953021689
S*RFWFSDWL,NA,P4,0.478268818813831,FALSE,PPI,MTX,weaker,TRUE,363,100.260289,NA
SGRFWFSIWL,97.20710000000001,P4,0.5632011426179306,FALSE,PPI,MTX,weaker,TRUE,363,100.260289,0.9695473748335197
S*VRVFLGWF,NA,P4,0.27322324006385246,FALSE,PPI,MTX,no significant difference,FALSE,366,100.260289,NA
RRRL*ESPWL,NA,P4,0.25617725494568616,FALSE,PPI,MTX,no significant difference,FALSE,385,100.260289,NA
SKVVSFLGWF,36.89999999999999,P4,0.01375779873122316,FALSE,PPI,MTX,no significant difference,FALSE,366,100.260289,0.3680420270881125
SKVFYFLGWF,42.502264,P4,-0.2632975793326016,FALSE,PPI,MTX,no significant difference,FALSE,366,100.260289,0.42391922488872935
IGRFWFSDWL,95.687095,P4,0.7976574761598555,FALSE,PPI,MTX,no significant difference,FALSE,363,100.260289,0.9543867861781248
SGRKWFCDWL,79.32999699999999,P4,0.3942447993694961,FALSE,PPI,MTX,weaker,TRUE,363,100.260289,0.7912404581239536
SGRKWFDDWL,79.32999699999999,P4,0.4883898521827055,FALSE,PPI,MTX,weaker,TRUE,363,100.260289,0.7912404581239536
RRRLDESPWL,67.582634,P4,0.5076678830449557,FALSE,PPI,MTX,stronger,TRUE,385,100.260289,0.6740718052388618
SGRFWFSMWL,96.698235,P4,0.622827828166789,FALSE,PPI,MTX,weaker,TRUE,363,100.260289,0.964471935643433
SGRVWFDDWL,80.85788699999999,P4,0.510967998429815,FALSE,PPI,MTX,weaker,TRUE,363,100.260289,0.8064796920742966
SGRKWFFDWL,79.32999699999999,P4,0.4054234897677094,FALSE,PPI,MTX,weaker,TRUE,363,100.260289,0.7912404581239536
KRRLHESPWL,66.566369,P4,0.4218603930468916,FALSE,PPI,MTX,no significant difference,FALSE,385,100.260289,0.6639355388253468
SDRFWFSDWL,98.735571,P4,0.8526746930725584,FALSE,PPI,MTX,no significant difference,FALSE,363,100.260289,0.9847924037003324
SKVVTFLGWF,36.89999999999999,P4,0.01749335250711042,FALSE,PPI,MTX,no significant difference,FALSE,366,100.260289,0.3680420270881125
SKVLMFLGWF,39.95578,P4,-0.10037468131387324,FALSE,PPI,MTX,weaker,TRUE,366,100.260289,0.3985204949887986
SDVRVFLGWF,36.897886,P4,0.1430771882994766,FALSE,PPI,MTX,no significant difference,FALSE,366,100.260289,0.3680209419703548
RRDCHESPWL,58.930640999999994,P4,0.32444490481140614,FALSE,PPI,MTX,no significant difference,FALSE,385,100.260289,0.5877764924455783
RRDDHESPWL,58.930640999999994,P4,0.35067880646505206,FALSE,PPI,MTX,no significant difference,FALSE,385,100.260289,0.5877764924455783
SEVRVFLGWF,35.37316799999999,P4,0.1131686867323015,FALSE,PPI,MTX,stronger,TRUE,366,100.260289,0.3528133456706872
RRDEHESPWL,58.930640999999994,P4,0.37746813806278184,FALSE,PPI,MTX,no significant difference,FALSE,385,100.260289,0.5877764924455783
RRDFHESPWL,66.060795,P4,0.27524524820687,FALSE,PPI,MTX,no significant difference,FALSE,385,100.260289,0.6588929241965381
SGRKWFIDWL,79.32999699999999,P4,0.36536161874290946,FALSE,PPI,MTX,weaker,TRUE,363,100.260289,0.7912404581239536
SKVVVFLGWF,36.89999999999999,P4,-0.08186205429273312,FALSE,PPI,MTX,weaker,TRUE,366,100.260289,0.3680420270881125
SFRFWFSDWL,97.210853,P4,0.6926398267161408,FALSE,PPI,MTX,weaker,TRUE,363,100.260289,0.9695848074006649
SKVLNFLGWF,39.95578,P4,0.03848648924452713,FALSE,PPI,MTX,no significant difference,FALSE,366,100.260289,0.3985204949887986
SGRKWFKDWL,79.32999699999999,P4,0.3338378859820212,FALSE,PPI,MTX,weaker,TRUE,363,100.260289,0.7912404581239536
SGRVWFGDWL,80.85788699999999,P4,0.46009113111892863,FALSE,PPI,MTX,weaker,TRUE,363,100.260289,0.8064796920742966
SG*FWFSDWL,NA,P4,0.5039580649007909,FALSE,PPI,MTX,weaker,TRUE,363,100.260289,NA
SKVLPFLGWF,39.95578,P4,0.18336473921039023,FALSE,PPI,MTX,stronger,TRUE,366,100.260289,0.3985204949887986
RRRLHDSPWL,67.582634,P4,0.40190063429879386,FALSE,PPI,MTX,no significant difference,FALSE,385,100.260289,0.6740718052388618
SKVLQFLGWF,39.95578,P4,0.08070931823028553,FALSE,PPI,MTX,no significant difference,FALSE,366,100.260289,0.3985204949887986
SKVVWFLGWF,55.839729999999996,P4,-0.16864793884559415,FALSE,PPI,MTX,weaker,TRUE,366,100.260289,0.5569476265922193
SGRVWFHDWL,80.85788699999999,P4,0.38369048309826354,FALSE,PPI,MTX,weaker,TRUE,363,100.260289,0.8064796920742966
SGCFWFSDWL,95.683425,P4,0.8278792190711655,FALSE,PPI,MTX,no significant difference,FALSE,363,100.260289,0.9543501814561894
SGRKWFNDWL,79.32999699999999,P4,0.3476778457580152,FALSE,PPI,MTX,weaker,TRUE,363,100.260289,0.7912404581239536
SGRKWFPDWL,79.32999699999999,P4,0.32508425179639405,FALSE,PPI,MTX,weaker,TRUE,363,100.260289,0.7912404581239536
SGDFWFSDWL,96.191966,P4,0.8627484105155655,FALSE,PPI,MTX,no significant difference,FALSE,363,100.260289,0.9594223890577455
SGEFWFSDWL,95.683425,P4,0.8778407872355011,FALSE,PPI,MTX,no significant difference,FALSE,363,100.260289,0.9543501814561894
SKVVYFLGWF,36.89999999999999,P4,-0.08866839966426977,FALSE,PPI,MTX,no significant difference,FALSE,366,100.260289,0.3680420270881125
SKV*YFLGWF,NA,P4,0.11036776135962316,FALSE,PPI,MTX,no significant difference,FALSE,366,100.260289,NA
RRRLHEDPWL,53.782495999999995,P4,0.31897292793077897,FALSE,PPI,MTX,no significant difference,FALSE,385,100.260289,0.5364286951137752
SKVW*FLGWF,NA,P4,0.0666196089034394,FALSE,PPI,MTX,no significant difference,FALSE,366,100.260289,NA
SGRVWFKDWL,80.85788699999999,P4,0.34610207825556794,FALSE,PPI,MTX,weaker,TRUE,363,100.260289,0.8064796920742966
RRRLHEEPWL,53.782495999999995,P4,0.39229688917853767,FALSE,PPI,MTX,no significant difference,FALSE,385,100.260289,0.5364286951137752
SKVWAFLGWF,35.37210999999999,P4,-0.06434191273385227,FALSE,PPI,MTX,no significant difference,FALSE,366,100.260289,0.3528027931377696
SGRKWFRDWL,79.32999699999999,P4,0.2708002316891122,FALSE,PPI,MTX,weaker,TRUE,363,100.260289,0.7912404581239536
RRDNHESPWL,58.930640999999994,P4,0.351960084639819,FALSE,PPI,MTX,no significant difference,FALSE,385,100.260289,0.5877764924455783
SGHFWFSDWL,97.717587,P4,0.8928408255909116,FALSE,PPI,MTX,no significant difference,FALSE,363,100.260289,0.974638991914336
SKVWCFLGWF,35.37210999999999,P4,0.00951837406290453,FALSE,PPI,MTX,no significant difference,FALSE,366,100.260289,0.3528027931377696
RRDPHESPWL,58.930640999999994,P4,0.3111010561691094,FALSE,PPI,MTX,no significant difference,FALSE,385,100.260289,0.5877764924455783
RRRLHEHPWL,53.782495999999995,P4,0.2074417185007862,FALSE,PPI,MTX,no significant difference,FALSE,385,100.260289,0.5364286951137752
SKVWDFLGWF,35.37210999999999,P4,0.11149357486263524,FALSE,PPI,MTX,no significant difference,FALSE,366,100.260289,0.3528027931377696
SGRKWFSDWL,93.130135,P4,0.7987435891805614,FALSE,PPI,MTX,no significant difference,FALSE,363,100.260289,0.9288835682490402
SKVWEFLGWF,35.37210999999999,P4,0.13564031598280124,FALSE,PPI,MTX,no significant difference,FALSE,366,100.260289,0.3528027931377696
SKVWFFLGWF,35.883995,P4,-0.12926276665451308,FALSE,PPI,MTX,no significant difference,FALSE,366,100.260289,0.35790835392465303
RRNDHESPWL,59.43918099999999,P4,0.3112511872979911,FALSE,PPI,MTX,no significant difference,FALSE,385,100.260289,0.5928486900730956
RRNEHESPWL,59.43918099999999,P4,0.28719120376641516,FALSE,PPI,MTX,no significant difference,FALSE,385,100.260289,0.5928486900730956
SKVWGFLGWF,35.37210999999999,P4,-0.08713720525098548,FALSE,PPI,MTX,no significant difference,FALSE,366,100.260289,0.3528027931377696
SGRKWFTDWL,84.952276,P4,0.785884042649255,FALSE,PPI,MTX,no significant difference,FALSE,363,100.260289,0.8473172863086401
SGMFWFSDWL,95.683425,P4,0.8630635817055021,FALSE,PPI,MTX,no significant difference,FALSE,363,100.260289,0.9543501814561894
SKVWHFLGWF,35.37210999999999,P4,-0.16651196686118977,FALSE,PPI,MTX,no significant difference,FALSE,366,100.260289,0.3528027931377696
SKVWIFLGWF,35.883995,P4,-0.14125816651044007,FALSE,PPI,MTX,no significant difference,FALSE,366,100.260289,0.35790835392465303
SGNFWFSDWL,96.700506,P4,0.8349218314819729,FALSE,PPI,MTX,no significant difference,FALSE,363,100.260289,0.9644945866852629
SGRKWFWDWL,79.32999699999999,P4,0.394990255162042,FALSE,PPI,MTX,weaker,TRUE,363,100.260289,0.7912404581239536
SKVWKFLGWF,35.37210999999999,P4,-0.02703669727238213,FALSE,PPI,MTX,no significant difference,FALSE,366,100.260289,0.3528027931377696
SKVWLFLGWF,35.37210999999999,P4,-0.17102564003984164,FALSE,PPI,MTX,weaker,TRUE,366,100.260289,0.3528027931377696
SKVLTFLGWF,39.95578,P4,0.12628463754175617,FALSE,PPI,MTX,stronger,TRUE,366,100.260289,0.3985204949887986
QRRLHESPWL,67.582634,P4,0.4478851778108228,FALSE,PPI,MTX,no significant difference,FALSE,385,100.260289,0.6740718052388618
RRRLHEQPWL,53.782495999999995,P4,0.2816018189826461,FALSE,PPI,MTX,no significant difference,FALSE,385,100.260289,0.5364286951137752
RRYMHESPWL,58.930640999999994,P4,0.30739182693113387,FALSE,PPI,MTX,no significant difference,FALSE,385,100.260289,0.5877764924455783
SGRVWFQDWL,80.85788699999999,P4,0.3479718893690883,FALSE,PPI,MTX,weaker,TRUE,363,100.260289,0.8064796920742966
SKVWNFLGWF,35.37210999999999,P4,-0.03419465075744747,FALSE,PPI,MTX,no significant difference,FALSE,366,100.260289,0.3528027931377696
SKVWPFLGWF,35.37210999999999,P4,0.0934821992997449,FALSE,PPI,MTX,no significant difference,FALSE,366,100.260289,0.3528027931377696
RCRLHESPWL,65.549676,P4,0.39647022552894295,FALSE,PPI,MTX,no significant difference,FALSE,385,100.260289,0.65379500352327935
RRDYHESPWL,60.967828,P4,0.32000997551928534,FALSE,PPI,MTX,no significant difference,FALSE,385,100.260289,0.6080954743707152
RRRLHES*WL,NA,P4,0.2552190625135653,FALSE,PPI,MTX,no significant difference,FALSE,385,100.260289,NA
SKVWQFLGWF,35.37210999999999,P4,0.1101862773754429,FALSE,PPI,MTX,no significant difference,FALSE,366,100.260289,0.3528027931377696
SKVWRFLGWF,35.37210999999999,P4,0.0415928727658063,FALSE,PPI,MTX,no significant difference,FALSE,366,100.260289,0.3528027931377696
RRRLHESAWL,64.02058099999999,P4,0.4664677353521305,FALSE,PPI,MTX,stronger,TRUE,385,100.260289,0.6385437508563335
SKVGQFLGWF,35.881406999999996,P4,0.133022757342938,FALSE,PPI,MTX,no significant difference,FALSE,366,100.260289,0.35788254111256346
RRRLHESCWL,64.02058099999999,P4,0.44899321861207064,FALSE,PPI,MTX,no significant difference,FALSE,385,100.260289,0.6385437508563335
SKVWSFLGWF,35.37210999999999,P4,-0.00355883094278752,FALSE,PPI,MTX,no significant difference,FALSE,366,100.260289,0.3528027931377696
RRRLHESEWL,64.529445,P4,0.5435284807604179,FALSE,PPI,MTX,stronger,TRUE,385,100.260289,0.6436191800723814
SKVLWFLGWF,58.895509999999994,P4,-0.04353063807219258,FALSE,PPI,MTX,weaker,TRUE,366,100.260289,0.5874260944929053
RREEHESPWL,58.4221,P4,0.41879127173525527,FALSE,PPI,MTX,no significant difference,FALSE,385,100.260289,0.5827042848440224
RREFHESPWL,65.552254,P4,0.2915304055732533,FALSE,PPI,MTX,no significant difference,FALSE,385,100.260289,0.6538207165949821
SGR*WFKDWL,NA,P4,0.22023657822039744,FALSE,PPI,MTX,weaker,TRUE,363,100.260289,NA
RRRLHESGWL,67.582634,P4,0.5313624809941258,FALSE,PPI,MTX,stronger,TRUE,385,100.260289,0.6740718052388618
RREGHESPWL,58.931397000000004,P4,0.3552965712895773,FALSE,PPI,MTX,no significant difference,FALSE,385,100.260289,0.5877840328188163
SKVWTFLGWF,35.37210999999999,P4,0.08096646477153908,FALSE,PPI,MTX,no significant difference,FALSE,366,100.260289,0.3528027931377696
SKVLYFLGWF,39.95578,P4,-0.0878025087879882,FALSE,PPI,MTX,weaker,TRUE,366,100.260289,0.3985204949887986
SKVWVFLGWF,35.37210999999999,P4,-0.05942609479245839,FALSE,PPI,MTX,no significant difference,FALSE,366,100.260289,0.3528027931377696
RRRLHESHWL,65.03831,P4,0.3959472327860773,FALSE,PPI,MTX,no significant difference,FALSE,385,100.260289,0.6486946192624679
RRRLHESIWL,65.03831,P4,0.4232521639614101,FALSE,PPI,MTX,no significant difference,FALSE,385,100.260289,0.6486946192624679
SGR*WFMDWL,NA,P4,0.24873909367015337,FALSE,PPI,MTX,weaker,TRUE,363,100.260289,NA
SKVWWFLGWF,54.31184,P4,-0.09776191593969144,FALSE,PPI,MTX,no significant difference,FALSE,366,100.260289,0.5417083926418763
RRRLHESKWL,64.02058099999999,P4,0.40603549311445863,FALSE,PPI,MTX,stronger,TRUE,385,100.260289,0.6385437508563335
SKVM*FLGWF,NA,P4,0.03637403023902484,FALSE,PPI,MTX,no significant difference,FALSE,366,100.260289,NA
SKVWYFLGWF,35.37210999999999,P4,-0.11193773182503544,FALSE,PPI,MTX,no significant difference,FALSE,366,100.260289,0.3528027931377696
SKVY*FLGWF,NA,P4,0.02230985977687776,FALSE,PPI,MTX,no significant difference,FALSE,366,100.260289,NA
SKVYAFLGWF,37.409296999999995,P4,-0.0453203959173816,FALSE,PPI,MTX,no significant difference,FALSE,366,100.260289,0.37312177506290645
SKVRVFLFWF,32.82821799999999,P4,-0.11956572495840316,FALSE,PPI,MTX,no significant difference,FALSE,366,100.260289,0.327429915946083
SGRFWWSDWL,97.20570400000001,P4,0.7617439641066414,FALSE,PPI,MTX,no significant difference,FALSE,363,100.260289,0.9695334510755301
SKVMCFLGWF,35.37210999999999,P4,-0.09674523551063384,FALSE,PPI,MTX,no significant difference,FALSE,366,100.260289,0.3528027931377696
SGR*WFQDWL,NA,P4,0.35525433985222704,FALSE,PPI,MTX,weaker,TRUE,363,100.260289,NA
RREMHESPWL,58.4221,P4,0.3013374203937872,FALSE,PPI,MTX,no significant difference,FALSE,385,100.260289,0.5827042848440224
SGRFWYSDWL,96.696607,P4,0.8644671248269549,FALSE,PPI,MTX,no significant difference,FALSE,363,100.260289,0.964455697908471
SKVMDFLGWF,35.37210999999999,P4,0.199557815321864,FALSE,PPI,MTX,no significant difference,FALSE,366,100.260289,0.3528027931377696
RRRLHESNWL,64.529445,P4,0.4149137834135343,FALSE,PPI,MTX,no significant difference,FALSE,385,100.260289,0.6436191800723814
SKVMEFLGWF,35.37210999999999,P4,0.14143478866080772,FALSE,PPI,MTX,no significant difference,FALSE,366,100.260289,0.3528027931377696
SKVYCFLGWF,37.409296999999995,P4,-0.06614447093766744,FALSE,PPI,MTX,no significant difference,FALSE,366,100.260289,0.37312177506290645
RMRLHESPWL,66.057915,P4,0.3980177762206152,FALSE,PPI,MTX,no significant difference,FALSE,385,100.260289,0.6588641989651556
SKVYDFLGWF,37.409296999999995,P4,-4.665539808401542e-4,FALSE,PPI,MTX,no significant difference,FALSE,366,100.260289,0.37312177506290645
SKVYEFLGWF,37.409296999999995,P4,0.04824353878658325,FALSE,PPI,MTX,no significant difference,FALSE,366,100.260289,0.37312177506290645
SKVMFFLGWF,35.883995,P4,-0.06793961619552165,FALSE,PPI,MTX,no significant difference,FALSE,366,100.260289,0.35790835392465303
RRKKHESPWL,58.4221,P4,0.14933007205695395,FALSE,PPI,MTX,no significant difference,FALSE,385,100.260289,0.5827042848440224
SKVMGFLGWF,35.37210999999999,P4,0.00772812847888365,FALSE,PPI,MTX,no significant difference,FALSE,366,100.260289,0.3528027931377696
SGR*WFSDWL,NA,P4,0.3437413649962387,FALSE,PPI,MTX,weaker,TRUE,363,100.260289,NA
SKVYFFLGWF,37.921181999999995,P4,-0.17066128776969336,FALSE,PPI,MTX,no significant difference,FALSE,366,100.260289,0.3782273358497899
SKVYGFLGWF,37.409296999999995,P4,-0.06783926653295227,FALSE,PPI,MTX,no significant difference,FALSE,366,100.260289,0.37312177506290645
RRRLHESPCL,47.604797999999995,P4,0.1739510558822821,FALSE,PPI,MTX,weaker,TRUE,385,100.260289,0.4748120963425509
RRRLHESPDL,47.604797999999995,P4,0.190969667747561,FALSE,PPI,MTX,no significant difference,FALSE,385,100.260289,0.4748120963425509
SKVMIFLGWF,35.883995,P4,-0.2457683295675382,FALSE,PPI,MTX,no significant difference,FALSE,366,100.260289,0.35790835392465303
RR**HESPWL,NA,P4,0.14175953085196155,FALSE,PPI,MTX,no significant difference,FALSE,385,100.260289,NA
SKVYHFLGWF,37.409296999999995,P4,0.05429669851267225,FALSE,PPI,MTX,no significant difference,FALSE,366,100.260289,0.37312177506290645
SGRVWFYDWL,81.36900399999999,P4,0.3867558270778694,FALSE,PPI,MTX,weaker,TRUE,363,100.260289,0.811577592799478
SKVMKFLGWF,35.37210999999999,P4,0.10235687829559574,FALSE,PPI,MTX,no significant difference,FALSE,366,100.260289,0.3528027931377696
SKVYIFLGWF,37.921181999999995,P4,-0.17966089646086983,FALSE,PPI,MTX,no significant difference,FALSE,366,100.260289,0.3782273358497899
SGRKWF*DWL,NA,P4,0.2362848551177948,FALSE,PPI,MTX,weaker,TRUE,363,100.260289,NA
RRRLHESPFL,47.604797999999995,P4,0.15265453648543392,FALSE,PPI,MTX,weaker,TRUE,385,100.260289,0.4748120963425509
SKVYKFLGWF,37.409296999999995,P4,0.041906436746364,FALSE,PPI,MTX,no significant difference,FALSE,366,100.260289,0.37312177506290645
RRRLHESPGL,47.604797999999995,P4,0.20391033541438425,FALSE,PPI,MTX,weaker,TRUE,385,100.260289,0.4748120963425509
SKVYLFLGWF,37.409296999999995,P4,-0.1543494632297291,FALSE,PPI,MTX,weaker,TRUE,366,100.260289,0.37312177506290645
SGR*WFWDWL,NA,P4,0.29139568562466744,FALSE,PPI,MTX,weaker,TRUE,363,100.260289,NA
SGRLWFIDWL,83.91366699999999,P4,0.33980783673301906,FALSE,PPI,MTX,weaker,TRUE,363,100.260289,0.8369581599749826
SGR*WFYDWL,NA,P4,0.34916907135815384,FALSE,PPI,MTX,weaker,TRUE,363,100.260289,NA
SKVMMFLGWF,35.37210999999999,P4,-0.00707540364221879,FALSE,PPI,MTX,no significant difference,FALSE,366,100.260289,0.3528027931377696
RRRLHESPHL,47.604797999999995,P4,0.1720899206721,FALSE,PPI,MTX,weaker,TRUE,385,100.260289,0.4748120963425509
SGRWWFCDWL,79.32999699999999,P4,0.4245346486292561,FALSE,PPI,MTX,weaker,TRUE,363,100.260289,0.7912404581239536
SKVMNFLGWF,35.37210999999999,P4,-0.03536011690905327,FALSE,PPI,MTX,no significant difference,FALSE,366,100.260289,0.3528027931377696
SKVH*FLGWF,NA,P4,0.20737792926480828,FALSE,PPI,MTX,no significant difference,FALSE,366,100.260289,NA
SKVYMFLGWF,37.409296999999995,P4,-0.12815287154415975,FALSE,PPI,MTX,no significant difference,FALSE,366,100.260289,0.37312177506290645
SKVMPFLGWF,35.37210999999999,P4,0.16715503592803935,FALSE,PPI,MTX,no significant difference,FALSE,366,100.260289,0.3528027931377696
SKVYNFLGWF,37.409296999999995,P4,-0.0041285399790188,FALSE,PPI,MTX,no significant difference,FALSE,366,100.260289,0.37312177506290645
SGRWWFEDWL,79.32999699999999,P4,0.3653896919750101,FALSE,PPI,MTX,weaker,TRUE,363,100.260289,0.7912404581239536
SKVYPFLGWF,37.409296999999995,P4,0.14176246427263553,FALSE,PPI,MTX,stronger,TRUE,366,100.260289,0.37312177506290645
SKVMQFLGWF,35.37210999999999,P4,0.06636072134821891,FALSE,PPI,MTX,no significant difference,FALSE,366,100.260289,0.3528027931377696
SKVMRFLGWF,35.37210999999999,P4,0.04987636480419021,FALSE,PPI,MTX,no significant difference,FALSE,366,100.260289,0.3528027931377696
SGRWWFFDWL,79.32999699999999,P4,0.42931923478812595,FALSE,PPI,MTX,weaker,TRUE,363,100.260289,0.7912404581239536
SKVYQFLGWF,37.409296999999995,P4,0.1035506196323229,FALSE,PPI,MTX,no significant difference,FALSE,366,100.260289,0.37312177506290645
SKVYRFLGWF,37.409296999999995,P4,-0.1008319839057414,FALSE,PPI,MTX,weaker,TRUE,366,100.260289,0.37312177506290645
RRF*HESPWL,NA,P4,0.07810330408999386,FALSE,PPI,MTX,weaker,TRUE,385,100.260289,NA
RRPHHESPWL,58.930640999999994,P4,0.1884714009858074,FALSE,PPI,MTX,weaker,TRUE,385,100.260289,0.5877764924455783
SKVMSFLGWF,35.37210999999999,P4,0.05357675244916985,FALSE,PPI,MTX,no significant difference,FALSE,366,100.260289,0.3528027931377696
SGRWWFIDWL,79.32999699999999,P4,0.4140082532068224,FALSE,PPI,MTX,weaker,TRUE,363,100.260289,0.7912404581239536
SKVYSFLGWF,37.409296999999995,P4,-0.0527543858111771,FALSE,PPI,MTX,no significant difference,FALSE,366,100.260289,0.37312177506290645
SGRWWFKDWL,79.32999699999999,P4,0.33262350983159594,FALSE,PPI,MTX,weaker,TRUE,363,100.260289,0.7912404581239536
RRFDHESPWL,58.930640999999994,P4,0.35440267892240984,FALSE,PPI,MTX,stronger,TRUE,385,100.260289,0.5877764924455783
RRFEHESPWL,58.930640999999994,P4,0.382652448839233,FALSE,PPI,MTX,no significant difference,FALSE,385,100.260289,0.5877764924455783
SKVMTFLGWF,35.37210999999999,P4,0.05211635649946614,FALSE,PPI,MTX,no significant difference,FALSE,366,100.260289,0.3528027931377696
RRPKHESPWL,58.930640999999994,P4,0.28156648348297303,FALSE,PPI,MTX,no significant difference,FALSE,385,100.260289,0.5877764924455783
SKVYTFLGWF,37.409296999999995,P4,0.00324054140427824,FALSE,PPI,MTX,no significant difference,FALSE,366,100.260289,0.37312177506290645
SKVMVFLGWF,35.37210999999999,P4,-0.0997794441300664,FALSE,PPI,MTX,weaker,TRUE,366,100.260289,0.3528027931377696
SGRWWFMDWL,79.32999699999999,P4,0.38694683548199266,FALSE,PPI,MTX,weaker,TRUE,363,100.260289,0.7912404581239536
SGRSWFQDWL,80.348591,P4,0.30432122110909143,FALSE,PPI,MTX,weaker,TRUE,363,100.260289,0.8013999540735415
SKVYVFLGWF,37.409296999999995,P4,-0.21998739449375976,FALSE,PPI,MTX,no significant difference,FALSE,366,100.260289,0.37312177506290645
SKVMWFLGWF,54.31184,P4,-0.00484919817220083,FALSE,PPI,MTX,no significant difference,FALSE,366,100.260289,0.5417083926418763
SKVHNFLGWF,35.37210999999999,P4,0.05433716810483607,FALSE,PPI,MTX,no significant difference,FALSE,366,100.260289,0.3528027931377696
RRFHHESPWL,58.930640999999994,P4,0.31589669198403403,FALSE,PPI,MTX,no significant difference,FALSE,385,100.260289,0.5877764924455783
SKVMYFLGWF,35.37210999999999,P4,-0.05921461274987844,FALSE,PPI,MTX,no significant difference,FALSE,366,100.260289,0.3528027931377696
RRFIHESPWL,59.949235,P4,0.30320849040054537,FALSE,PPI,MTX,no significant difference,FALSE,385,100.260289,0.5979359883951662
SKVYWFLGWF,56.349027,P4,0.01083490168540739,FALSE,PPI,MTX,no significant difference,FALSE,366,100.260289,0.5620273745670132
RRFKHESPWL,58.930640999999994,P4,0.2733480303912526,FALSE,PPI,MTX,no significant difference,FALSE,385,100.260289,0.5877764924455783
SKVYYFLGWF,37.409296999999995,P4,-0.22675501572286547,FALSE,PPI,MTX,no significant difference,FALSE,366,100.260289,0.37312177506290645
SGRWWFQDWL,79.32999699999999,P4,0.3895496694095799,FALSE,PPI,MTX,weaker,TRUE,363,100.260289,0.7912404581239536
SKWRVFLGWF,36.898488,P4,-0.1627186078276933,FALSE,PPI,MTX,no significant difference,FALSE,366,100.260289,0.3680269463416368
SGRWWFRDWL,79.32999699999999,P4,0.32264549897359973,FALSE,PPI,MTX,weaker,TRUE,363,100.260289,0.7912404581239536
SKYRVFLGWF,36.389948,P4,0.03948471427661522,FALSE,PPI,MTX,no significant difference,FALSE,366,100.260289,0.3629547487141195
RRRLHESPVL,47.604797999999995,P4,0.1554774472587724,FALSE,PPI,MTX,weaker,TRUE,385,100.260289,0.4748120963425509
SKVNCFLGWF,35.37210999999999,P4,-0.02895586650333147,FALSE,PPI,MTX,no significant difference,FALSE,366,100.260289,0.3528027931377696
SKVNDFLGWF,35.37210999999999,P4,0.01386506045397059,FALSE,PPI,MTX,no significant difference,FALSE,366,100.260289,0.3528027931377696
SLRFWFSDWL,98.227332,P4,0.7310720693703392,FALSE,PPI,MTX,weaker,TRUE,363,100.260289,0.9797232082584562
SGRGWFMDWL,79.839294,P4,0.3424787205961942,FALSE,PPI,MTX,weaker,TRUE,363,100.260289,0.7963202060987475
SKVNEFLGWF,35.37210999999999,P4,0.0790948166347053,FALSE,PPI,MTX,no significant difference,FALSE,366,100.260289,0.3528027931377696
SLVRVFLGWF,36.389647,P4,-0.05936025732917723,FALSE,PPI,MTX,weaker,TRUE,366,100.260289,0.36295174652847845
SKVNFFLGWF,35.883995,P4,-0.1272602264506736,FALSE,PPI,MTX,no significant difference,FALSE,366,100.260289,0.35790835392465303
SKVNGFLGWF,35.37210999999999,P4,-0.05658308836621972,FALSE,PPI,MTX,no significant difference,FALSE,366,100.260289,0.3528027931377696
SKVHYFLGWF,35.37210999999999,P4,0.19011217718882217,FALSE,PPI,MTX,no significant difference,FALSE,366,100.260289,0.3528027931377696
SKVI*FLGWF,NA,P4,0.10999334494325932,FALSE,PPI,MTX,no significant difference,FALSE,366,100.260289,NA
RRRLHESPWC,50.191402999999994,P4,0.3939671174714614,FALSE,PPI,MTX,no significant difference,FALSE,385,100.260289,0.5006109946481403
RRFQHESPWL,58.930640999999994,P4,0.242584107194378,FALSE,PPI,MTX,no significant difference,FALSE,385,100.260289,0.5877764924455783
SMRFWFSDWL,97.719092,P4,0.7789713774545634,FALSE,PPI,MTX,no significant difference,FALSE,363,100.260289,0.9746540028425412
SKVNHFLGWF,35.37210999999999,P4,-0.02192110761696253,FALSE,PPI,MTX,no significant difference,FALSE,366,100.260289,0.3528027931377696
SGRWWFVDWL,79.32999699999999,P4,0.3582996836037853,FALSE,PPI,MTX,weaker,TRUE,363,100.260289,0.7912404581239536
SMVRVFLGWF,35.881406999999996,P4,-0.06173188386101532,FALSE,PPI,MTX,no significant difference,FALSE,366,100.260289,0.35788254111256346
RRRLHESPWF,50.191402999999994,P4,0.25527710400598175,FALSE,PPI,MTX,no significant difference,FALSE,385,100.260289,0.5006109946481403
SNRFWFSDWL,97.719092,P4,0.8430332931294703,FALSE,PPI,MTX,no significant difference,FALSE,363,100.260289,0.9746540028425412
SKVNKFLGWF,35.37210999999999,P4,0.02050400296985514,FALSE,PPI,MTX,no significant difference,FALSE,366,100.260289,0.3528027931377696
SKVIDFLGWF,36.390704,P4,0.19827357987719432,FALSE,PPI,MTX,no significant difference,FALSE,366,100.260289,0.3629622890873574
SNVRVFLGWF,35.881406999999996,P4,-0.00771351398328219,FALSE,PPI,MTX,no significant difference,FALSE,366,100.260289,0.35788254111256346
SKVIEFLGWF,36.390704,P4,0.09704442290075288,FALSE,PPI,MTX,no significant difference,FALSE,366,100.260289,0.3629622890873574
SGRWWFYDWL,79.84111399999999,P4,0.4009252314177992,FALSE,PPI,MTX,weaker,TRUE,363,100.260289,0.7963383588491351
SPRFWFSDWL,97.719092,P4,0.8074643276728304,FALSE,PPI,MTX,no significant difference,FALSE,363,100.260289,0.9746540028425412
SKVIFFLGWF,36.90258899999999,P4,-0.06111292949531201,FALSE,PPI,MTX,weaker,TRUE,366,100.260289,0.36806784987424074
SKVWMFLGWF,35.37210999999999,P4,-0.02509105590801205,FALSE,PPI,MTX,no significant difference,FALSE,366,100.260289,0.3528027931377696
SKVNMFLGWF,35.37210999999999,P4,0.05638246205392443,FALSE,PPI,MTX,no significant difference,FALSE,366,100.260289,0.3528027931377696
SPVRVFLGWF,35.881406999999996,P4,0.03546663843427691,FALSE,PPI,MTX,no significant difference,FALSE,366,100.260289,0.35788254111256346
SKVNNFLGWF,35.37210999999999,P4,0.02721901482151667,FALSE,PPI,MTX,no significant difference,FALSE,366,100.260289,0.3528027931377696
SGRYWFCDWL,81.367184,P4,0.37505787061906537,FALSE,PPI,MTX,weaker,TRUE,363,100.260289,0.8115594400490905
SKVIHFLGWF,36.390704,P4,0.14329090123445007,FALSE,PPI,MTX,no significant difference,FALSE,366,100.260289,0.3629622890873574
SKVNQFLGWF,35.37210999999999,P4,0.158923656544557,FALSE,PPI,MTX,no significant difference,FALSE,366,100.260289,0.3528027931377696
SQRFWFSDWL,97.210853,P4,0.8485582685320169,FALSE,PPI,MTX,no significant difference,FALSE,363,100.260289,0.9695848074006649
RRFVHESPWL,60.458530999999994,P4,0.29558013777449366,FALSE,PPI,MTX,no significant difference,FALSE,385,100.260289,0.6030157263959213
SKVNRFLGWF,35.37210999999999,P4,-0.01295404519501924,FALSE,PPI,MTX,no significant difference,FALSE,366,100.260289,0.3528027931377696
SGRYWFDDWL,81.367184,P4,0.4690882303020559,FALSE,PPI,MTX,weaker,TRUE,363,100.260289,0.8115594400490905
SQVRVFLGWF,35.37316799999999,P4,0.18114989819276836,FALSE,PPI,MTX,no significant difference,FALSE,366,100.260289,0.3528133456706872
SGRYWFFDWL,81.367184,P4,0.4557463134545477,FALSE,PPI,MTX,weaker,TRUE,363,100.260289,0.8115594400490905
SKVIKFLGWF,36.390704,P4,0.03584211309676163,FALSE,PPI,MTX,no significant difference,FALSE,366,100.260289,0.3629622890873574
SRRFWFSDWL,99.243811,P4,0.7917529128416005,FALSE,PPI,MTX,no significant difference,FALSE,363,100.260289,0.9898616091162473
RRFYHESPWL,60.967828,P4,0.3035433979944848,FALSE,PPI,MTX,no significant difference,FALSE,385,100.260289,0.6080954743707152
SKVNSFLGWF,35.37210999999999,P4,-0.03585246720981761,FALSE,PPI,MTX,no significant difference,FALSE,366,100.260289,0.3528027931377696
SKVDHFLGWF,35.37210999999999,P4,0.02639225748468314,FALSE,PPI,MTX,no significant difference,FALSE,366,100.260289,0.3528027931377696
SRRLHESPWL,71.139563,P4,0.4322611622801484,FALSE,PPI,MTX,stronger,TRUE,385,100.260289,0.7095487526472221
SKVIMFLGWF,36.390704,P4,-0.0536726553572765,FALSE,PPI,MTX,no significant difference,FALSE,366,100.260289,0.3629622890873574
SGRYWFHDWL,81.367184,P4,0.30955635334021575,FALSE,PPI,MTX,weaker,TRUE,363,100.260289,0.8115594400490905
SGRYWFIDWL,81.367184,P4,0.29887752150981356,FALSE,PPI,MTX,weaker,TRUE,363,100.260289,0.8115594400490905
SGRQWFWDWL,79.32999699999999,P4,0.45271534908252226,FALSE,PPI,MTX,weaker,TRUE,363,100.260289,0.7912404581239536
SGRYWFKDWL,81.367184,P4,0.29897748985032385,FALSE,PPI,MTX,weaker,TRUE,363,100.260289,0.8115594400490905
SRVRVFLGWF,37.406126,P4,0.03933780560142325,FALSE,PPI,MTX,no significant difference,FALSE,366,100.260289,0.3730901473862698
SKVNVFLGWF,35.37210999999999,P4,-0.06965865495620191,FALSE,PPI,MTX,no significant difference,FALSE,366,100.260289,0.3528027931377696
SGRYWFLDWL,81.367184,P4,0.24660894022742735,FALSE,PPI,MTX,weaker,TRUE,363,100.260289,0.8115594400490905
SKVIQFLGWF,36.390704,P4,0.06540589297971336,FALSE,PPI,MTX,no significant difference,FALSE,366,100.260289,0.3629622890873574
SKVNWFLGWF,54.31184,P4,9.76617426520765e-6,FALSE,PPI,MTX,no significant difference,FALSE,366,100.260289,0.5417083926418763
RRW*HESPWL,NA,P4,0.05685284505289374,FALSE,PPI,MTX,weaker,TRUE,385,100.260289,NA
SGRYWFMDWL,81.367184,P4,0.3153422353340645,FALSE,PPI,MTX,weaker,TRUE,363,100.260289,0.8115594400490905
SKVNYFLGWF,35.37210999999999,P4,0.08618752909276149,FALSE,PPI,MTX,no significant difference,FALSE,366,100.260289,0.3528027931377696
SGRYWFNDWL,81.367184,P4,0.306290194104696,FALSE,PPI,MTX,weaker,TRUE,363,100.260289,0.8115594400490905
SSRFWFSDWL,99.243811,P4,0.8422197254890911,FALSE,PPI,MTX,no significant difference,FALSE,363,100.260289,0.9898616091162473
SKVP*FLGWF,NA,P4,0.1764264439412709,FALSE,PPI,MTX,no significant difference,FALSE,366,100.260289,NA
SSVRVFLGWF,37.406126,P4,0.03558443472122347,FALSE,PPI,MTX,no significant difference,FALSE,366,100.260289,0.3730901473862698
SKVPCFLGWF,35.37210999999999,P4,0.08298008428107333,FALSE,PPI,MTX,no significant difference,FALSE,366,100.260289,0.3528027931377696
SKVDQFLGWF,35.37210999999999,P4,-0.03961438603718693,FALSE,PPI,MTX,no significant difference,FALSE,366,100.260289,0.3528027931377696
SKVPEFLGWF,35.37210999999999,P4,0.10727971047771394,FALSE,PPI,MTX,no significant difference,FALSE,366,100.260289,0.3528027931377696
RRGFHESPWL,67.586416,P4,0.28360126742739944,FALSE,PPI,MTX,no significant difference,FALSE,385,100.260289,0.6741095270531287
RRWFHESPWL,66.569335,P4,0.30506503868876744,FALSE,PPI,MTX,no significant difference,FALSE,385,100.260289,0.6639651218240553
SKVRVFLGWN,35.881406999999996,P4,0.1582905026514124,FALSE,PPI,MTX,no significant difference,FALSE,366,100.260289,0.35788254111256346
STRFWFSDWL,99.75205,P4,0.8311468954683833,FALSE,PPI,MTX,no significant difference,FALSE,363,100.260289,0.9949308045581237
SKVPFFLGWF,35.883995,P4,-0.1391488404153929,FALSE,PPI,MTX,no significant difference,FALSE,366,100.260289,0.35790835392465303
STVRVFLGWF,37.914365,P4,0.01379744435953199,FALSE,PPI,MTX,no significant difference,FALSE,366,100.260289,0.378159342828146
SKVPGFLGWF,35.37210999999999,P4,0.03272397088937742,FALSE,PPI,MTX,no significant difference,FALSE,366,100.260289,0.3528027931377696
SKVPLFLGWF,35.37210999999999,P4,0.04874632926160945,FALSE,PPI,MTX,no significant difference,FALSE,366,100.260289,0.3528027931377696
SGRGWFYDWL,80.350411,P4,0.38019540893308784,FALSE,PPI,MTX,weaker,TRUE,363,100.260289,0.801418106823929
SKVPNFLGWF,35.37210999999999,P4,0.1436361590467147,FALSE,PPI,MTX,no significant difference,FALSE,366,100.260289,0.3528027931377696
SKVIWFLGWF,55.330434,P4,-0.20913153288859457,FALSE,PPI,MTX,no significant difference,FALSE,366,100.260289,0.5518678885914642
RRQCHESPWL,58.4221,P4,0.19018951141703072,FALSE,PPI,MTX,no significant difference,FALSE,385,100.260289,0.5827042848440224
SVRFWFSDWL,97.210853,P4,0.7930174110903079,FALSE,PPI,MTX,no significant difference,FALSE,363,100.260289,0.9695848074006649
RRGHHESPWL,60.456261999999995,P4,0.266726446729536,FALSE,PPI,MTX,weaker,TRUE,385,100.260289,0.6029930953021689
SGRYWFTDWL,86.989463,P4,0.7691942036848647,FALSE,PPI,MTX,weaker,TRUE,363,100.260289,0.867636268233777
RRRLHESPWN,50.191402999999994,P4,0.1964649710085936,FALSE,PPI,MTX,no significant difference,FALSE,385,100.260289,0.5006109946481403
RRRLHESPWP,50.191402999999994,P4,0.18913919332361429,FALSE,PPI,MTX,weaker,TRUE,385,100.260289,0.5006109946481403
SVVRVFLGWF,35.37316799999999,P4,-0.06064975591807418,FALSE,PPI,MTX,weaker,TRUE,366,100.260289,0.3528133456706872
SGRFWFSDNL,80.282453,P4,0.4612203487761621,FALSE,PPI,MTX,weaker,TRUE,363,100.260289,0.8007402911036892
SWRFWFSDWL,97.210853,P4,0.6644107122503952,FALSE,PPI,MTX,weaker,TRUE,363,100.260289,0.9695848074006649
RRRLHESPWQ,50.191402999999994,P4,0.14207137289141025,FALSE,PPI,MTX,weaker,TRUE,385,100.260289,0.5006109946481403
SWVRVFLGWF,35.37316799999999,P4,-0.0585511680207316,FALSE,PPI,MTX,weaker,TRUE,366,100.260289,0.3528133456706872
SKVPWFLGWF,54.31184,P4,-0.05562343582032609,FALSE,PPI,MTX,no significant difference,FALSE,366,100.260289,0.5417083926418763
SGRFWFSDQL,80.282453,P4,0.4722682485350646,FALSE,PPI,MTX,weaker,TRUE,363,100.260289,0.8007402911036892
SYRFWFSDWL,97.210853,P4,0.7166202406942761,FALSE,PPI,MTX,weaker,TRUE,363,100.260289,0.9695848074006649
SGRYWFYDWL,81.87830100000001,P4,0.3422556247604293,FALSE,PPI,MTX,weaker,TRUE,363,100.260289,0.8166573407742721
SKVPYFLGWF,35.37210999999999,P4,0.01548844586681736,FALSE,PPI,MTX,no significant difference,FALSE,366,100.260289,0.3528027931377696
SYVRVFLGWF,35.37316799999999,P4,-0.0503727108306059,FALSE,PPI,MTX,no significant difference,FALSE,366,100.260289,0.3528133456706872
SGSFWFSDWL,98.734668,P4,0.8492966252438913,FALSE,PPI,MTX,stronger,TRUE,363,100.260289,0.9847833971434093
TGRFWFSDWL,96.70336,P4,0.8452682078148088,FALSE,PPI,MTX,no significant difference,FALSE,363,100.260289,0.9645230525916397
SKVQCFLGWF,35.37210999999999,P4,0.13935588543990896,FALSE,PPI,MTX,no significant difference,FALSE,366,100.260289,0.3528027931377696
SKVKGFLGWF,35.37210999999999,P4,0.02534943995515206,FALSE,PPI,MTX,no significant difference,FALSE,366,100.260289,0.3528027931377696
TKVRVFLGWF,32.324478,P4,0.06875501818120552,FALSE,PPI,MTX,no significant difference,FALSE,366,100.260289,0.32240559370420324
SGRMWF*DWL,NA,P4,0.24385755174282947,FALSE,PPI,MTX,weaker,TRUE,363,100.260289,NA
SKVQDFLGWF,35.37210999999999,P4,0.13757567018848893,FALSE,PPI,MTX,no significant difference,FALSE,366,100.260289,0.3528027931377696
SKVQEFLGWF,35.37210999999999,P4,0.05327523575508608,FALSE,PPI,MTX,no significant difference,FALSE,366,100.260289,0.3528027931377696
RRQMHESPWL,58.4221,P4,0.2059199193401449,FALSE,PPI,MTX,no significant difference,FALSE,385,100.260289,0.5827042848440224
SKVQFFLGWF,35.883995,P4,-0.04706004044065386,FALSE,PPI,MTX,no significant difference,FALSE,366,100.260289,0.35790835392465303
TRRLHESPWL,67.582634,P4,0.4651770257036238,FALSE,PPI,MTX,stronger,TRUE,385,100.260289,0.6740718052388618
SKVQGFLGWF,35.37210999999999,P4,0.07778711308085616,FALSE,PPI,MTX,no significant difference,FALSE,366,100.260289,0.3528027931377696
SKVKKFLGWF,35.37210999999999,P4,0.00193376953526523,FALSE,PPI,MTX,no significant difference,FALSE,366,100.260289,0.3528027931377696
SGVFWFSDWL,95.683425,P4,0.8430958314721588,FALSE,PPI,MTX,no significant difference,FALSE,363,100.260289,0.9543501814561894
SKVRVFLKWF,32.319354,P4,-0.13516020928692837,FALSE,PPI,MTX,no significant difference,FALSE,366,100.260289,0.32235448673003525
VGRFWFSDWL,96.70336,P4,0.8285304697916833,FALSE,PPI,MTX,no significant difference,FALSE,363,100.260289,0.9645230525916397
SGVRVFLGWF,38.42260399999999,P4,0.08886382180997682,FALSE,PPI,MTX,no significant difference,FALSE,366,100.260289,0.3832285382700223
SKVQIFLGWF,35.883995,P4,-0.1013011007760936,FALSE,PPI,MTX,no significant difference,FALSE,366,100.260289,0.35790835392465303
SGRHWFMDWL,79.32999699999999,P4,0.33182165420668214,FALSE,PPI,MTX,weaker,TRUE,363,100.260289,0.7912404581239536
SKVQKFLGWF,35.37210999999999,P4,0.14024967373531091,FALSE,PPI,MTX,no significant difference,FALSE,366,100.260289,0.3528027931377696
VKVRVFLGWF,32.324478,P4,-0.06300390406152725,FALSE,PPI,MTX,no significant difference,FALSE,366,100.260289,0.32240559370420324
SGRCWFFDWL,79.32999699999999,P4,0.4267462542809541,FALSE,PPI,MTX,weaker,TRUE,363,100.260289,0.7912404581239536
RRRLHESPWY,50.191402999999994,P4,0.21880467331966816,FALSE,PPI,MTX,weaker,TRUE,385,100.260289,0.5006109946481403
SKVQLFLGWF,35.37210999999999,P4,6.266326307829656e-4,FALSE,PPI,MTX,weaker,TRUE,366,100.260289,0.3528027931377696
SGYFWFSDWL,96.191966,P4,0.905107610132304,FALSE,PPI,MTX,no significant difference,FALSE,363,100.260289,0.9594223890577455
SKVQMFLGWF,35.37210999999999,P4,-0.05975482195712755,FALSE,PPI,MTX,no significant difference,FALSE,366,100.260289,0.3528027931377696
SKVKPFLGWF,35.37210999999999,P4,0.09962312644394115,FALSE,PPI,MTX,no significant difference,FALSE,366,100.260289,0.3528027931377696
VRRLHESPWL,67.582634,P4,0.42600137023440166,FALSE,PPI,MTX,stronger,TRUE,385,100.260289,0.6740718052388618
RRRLHESQWL,64.02058099999999,P4,0.5061738506200029,FALSE,PPI,MTX,stronger,TRUE,385,100.260289,0.6385437508563335
SHVRVFLGWF,35.881406999999996,P4,0.06574660620515396,FALSE,PPI,MTX,no significant difference,FALSE,366,100.260289,0.35788254111256346
SKVQNFLGWF,35.37210999999999,P4,0.195940050711158,FALSE,PPI,MTX,no significant difference,FALSE,366,100.260289,0.3528027931377696
SGRCWFHDWL,79.32999699999999,P4,0.3155526863235027,FALSE,PPI,MTX,weaker,TRUE,363,100.260289,0.7912404581239536
SKVQRFLGWF,35.37210999999999,P4,0.03403998047835599,FALSE,PPI,MTX,no significant difference,FALSE,366,100.260289,0.3528027931377696
SGRMWFIDWL,79.32999699999999,P4,0.39789637621182306,FALSE,PPI,MTX,weaker,TRUE,363,100.260289,0.7912404581239536
SIRFWFSDWL,97.210853,P4,0.7368705250053332,FALSE,PPI,MTX,no significant difference,FALSE,363,100.260289,0.9695848074006649
SIVRVFLGWF,35.37316799999999,P4,-0.12111408246095633,FALSE,PPI,MTX,no significant difference,FALSE,366,100.260289,0.3528133456706872
WGRFWFSDWL,95.687095,P4,0.7780410639331019,FALSE,PPI,MTX,no significant difference,FALSE,363,100.260289,0.9543867861781248
SGRCWFKDWL,79.32999699999999,P4,0.23687316317331608,FALSE,PPI,MTX,weaker,TRUE,363,100.260289,0.7912404581239536
SGRFWFSDWE,82.869058,P4,0.4496312242013628,FALSE,PPI,MTX,weaker,TRUE,363,100.260289,0.8265391894092784
SK*RVFLGWF,NA,P4,0.26794521717166797,FALSE,PPI,MTX,stronger,TRUE,366,100.260289,NA
SKVQTFLGWF,35.37210999999999,P4,-0.00649704346129208,FALSE,PPI,MTX,no significant difference,FALSE,366,100.260289,0.3528027931377696
WKVRVFLGWF,31.308213,P4,-0.1895291799020616,FALSE,PPI,MTX,no significant difference,FALSE,366,100.260289,0.31226932729068835
WRRLHESPWL,66.566369,P4,0.4311159855163381,FALSE,PPI,MTX,stronger,TRUE,385,100.260289,0.6639355388253468
SKVENFLGWF,35.37210999999999,P4,0.12168534501296396,FALSE,PPI,MTX,no significant difference,FALSE,366,100.260289,0.3528027931377696
YGRFWFSDWL,95.687095,P4,0.82682205528392,FALSE,PPI,MTX,no significant difference,FALSE,363,100.260289,0.9543867861781248
RRRLHESSWL,65.03831,P4,0.41530118465689314,FALSE,PPI,MTX,stronger,TRUE,385,100.260289,0.6486946192624679
SKVQVFLGWF,35.37210999999999,P4,-0.01407458967537432,FALSE,PPI,MTX,no significant difference,FALSE,366,100.260289,0.3528027931377696
SKARVFLGWF,35.881406999999996,P4,0.17453435235483436,FALSE,PPI,MTX,stronger,TRUE,366,100.260289,0.35788254111256346
SGRMWFMDWL,79.32999699999999,P4,0.24714936961331369,FALSE,PPI,MTX,weaker,TRUE,363,100.260289,0.7912404581239536
SKCRVFLGWF,35.881406999999996,P4,0.11315006151809226,FALSE,PPI,MTX,no significant difference,FALSE,366,100.260289,0.35788254111256346
YKVRVFLGWF,31.308213,P4,-0.18647453574068057,FALSE,PPI,MTX,no significant difference,FALSE,366,100.260289,0.31226932729068835
SGRCWFMDWL,79.32999699999999,P4,0.3203706658082535,FALSE,PPI,MTX,weaker,TRUE,363,100.260289,0.7912404581239536
RRYDHESPWL,58.930640999999994,P4,0.3789659881022172,FALSE,PPI,MTX,no significant difference,FALSE,385,100.260289,0.5877764924455783
SGRMWFNDWL,79.32999699999999,P4,0.3754998295758039,FALSE,PPI,MTX,weaker,TRUE,363,100.260289,0.7912404581239536
YRRLHESPWL,66.566369,P4,0.509252531241816,FALSE,PPI,MTX,stronger,TRUE,385,100.260289,0.6639355388253468
SKDRVFLGWF,36.389948,P4,0.28020109562147216,FALSE,PPI,MTX,stronger,TRUE,366,100.260289,0.3629547487141195
SKVEPFLGWF,35.37210999999999,P4,0.0201855089100165,FALSE,PPI,MTX,no significant difference,FALSE,366,100.260289,0.3528027931377696
SKVTAFLGWF,36.390704,P4,0.1077264305721219,FALSE,PPI,MTX,no significant difference,FALSE,366,100.260289,0.3629622890873574
SKVHAFLGWF,35.37210999999999,P4,0.13763464399294378,FALSE,PPI,MTX,no significant difference,FALSE,366,100.260289,0.3528027931377696
SKVHQFLGWF,35.37210999999999,P4,NA,FALSE,PPI,MTX,no significant difference,FALSE,366,100.260289,0.3528027931377696
SKVPAFLGWF,35.37210999999999,P4,-0.12484566532019976,FALSE,PPI,MTX,no significant difference,FALSE,366,100.260289,0.3528027931377696
SKVPDFLGWF,35.37210999999999,P4,-0.0142753112638245,FALSE,PPI,MTX,no significant difference,FALSE,366,100.260289,0.3528027931377696
SKVPHFLGWF,35.37210999999999,P4,0.27749949127409224,FALSE,PPI,MTX,no significant difference,FALSE,366,100.260289,0.3528027931377696
SKVPMFLGWF,35.37210999999999,P4,7.469797756105498e-4,FALSE,PPI,MTX,no significant difference,FALSE,366,100.260289,0.3528027931377696
SKVPPFLGWF,35.37210999999999,P4,-0.00162799431446178,FALSE,PPI,MTX,no significant difference,FALSE,366,100.260289,0.3528027931377696
SKVPRFLGWF,35.37210999999999,P4,0.02653338138176648,FALSE,PPI,MTX,no significant difference,FALSE,366,100.260289,0.3528027931377696
SKVPSFLGWF,35.37210999999999,P4,0.11807110090136622,FALSE,PPI,MTX,no significant difference,FALSE,366,100.260289,0.3528027931377696
SKVTTFLGWF,36.390704,P4,0.08568984438256733,FALSE,PPI,MTX,no significant difference,FALSE,366,100.260289,0.3629622890873574
SKVAPFLGWF,35.37210999999999,P4,NA,FALSE,PPI,MTX,no significant difference,FALSE,366,100.260289,0.3528027931377696
SKVQPFLGWF,35.37210999999999,P4,0.16889648445117872,FALSE,PPI,MTX,no significant difference,FALSE,366,100.260289,0.3528027931377696
SKVAQFLGWF,35.37210999999999,P4,0.01706451547584151,FALSE,PPI,MTX,no significant difference,FALSE,366,100.260289,0.3528027931377696
SKVTPFLGWF,36.390704,P4,0.3519478702335263,FALSE,PPI,MTX,no significant difference,FALSE,366,100.260289,0.3629622890873574
SKVHPFLGWF,35.37210999999999,P4,0.18454804347648668,FALSE,PPI,MTX,no significant difference,FALSE,366,100.260289,0.3528027931377696
SKVRPFLGWF,35.881406999999996,P4,0.0911678924596367,FALSE,PPI,MTX,no significant difference,FALSE,366,100.260289,0.35788254111256346
SKVPQFLGWF,35.37210999999999,P4,0.20125111656519465,FALSE,PPI,MTX,no significant difference,FALSE,366,100.260289,0.3528027931377696
SKVNPFLGWF,35.37210999999999,P4,-0.02127847888578309,FALSE,PPI,MTX,no significant difference,FALSE,366,100.260289,0.3528027931377696
SKVHHFLGWF,35.37210999999999,P4,-0.04543576076879672,FALSE,PPI,MTX,no significant difference,FALSE,366,100.260289,0.3528027931377696
SKVQQFLGWF,35.37210999999999,P4,0.12456031589210873,FALSE,PPI,MTX,no significant difference,FALSE,366,100.260289,0.3528027931377696
SKVPKFLGWF,35.37210999999999,P4,0.12090400436763908,FALSE,PPI,MTX,no significant difference,FALSE,366,100.260289,0.3528027931377696
SKVQAFLGWF,35.37210999999999,P4,-0.03308831753693236,FALSE,PPI,MTX,no significant difference,FALSE,366,100.260289,0.3528027931377696
SKVPIFLGWF,35.883995,P4,0.07247548375747949,FALSE,PPI,MTX,no significant difference,FALSE,366,100.260289,0.35790835392465303
SKVQHFLGWF,35.37210999999999,P4,-0.03056122409991791,FALSE,PPI,MTX,no significant difference,FALSE,366,100.260289,0.3528027931377696
RRRAHESPWL,27.385589,P5,0.17673210012484336,FALSE,PPI,MTX,no significant difference,FALSE,385,116.71804,0.2346303022223471
RRLTHESPWL,28.664433,P5,0.19341169434942115,FALSE,PPI,MTX,no significant difference,FALSE,385,116.71804,0.24558699751983495
SGRVWFFDWL,47.974787,P5,0.19421772011415064,FALSE,PPI,MTX,no significant difference,FALSE,363,116.71804,0.4110314652302249
RRRLHE*PWL,NA,P5,0.1773038726703729,FALSE,PPI,MTX,weaker,TRUE,385,116.71804,NA
RRSWHESPWL,26.110684999999997,P5,0.20481404589049543,FALSE,PPI,MTX,no significant difference,FALSE,385,116.71804,0.22370736348896877
RRTCHESPWL,28.024026,P5,0.21770459314388357,FALSE,PPI,MTX,no significant difference,FALSE,385,116.71804,0.24010021073006366
SGRFPFSDWL,46.696559,P5,0.40484696957217337,FALSE,PPI,MTX,stronger,TRUE,363,116.71804,0.4000800476087501
PKVRVFLGWF,113.53071399999999,P5,0.5690447121575786,FALSE,PPI,MTX,no significant difference,FALSE,366,116.71804,0.972692087701267
RRTMHESPWL,28.024026,P5,0.22610581001212304,FALSE,PPI,MTX,no significant difference,FALSE,385,116.71804,0.24010021073006366
RRGSHESPWL,26.110684999999997,P5,0.21434055884604425,FALSE,PPI,MTX,no significant difference,FALSE,385,116.71804,0.22370736348896877
QGRFWFSDWL,44.148039,P5,-0.02499031429282184,FALSE,PPI,MTX,no significant difference,FALSE,363,116.71804,0.378245205282748
SGR*WFTDWL,NA,P5,0.17463116312129057,FALSE,PPI,MTX,no significant difference,FALSE,363,116.71804,NA
SGRPWFLDWL,62.105653000000004,P5,0.15515306844503296,FALSE,PPI,MTX,no significant difference,FALSE,363,116.71804,0.5320998621978231
RRMPHESPWL,24.831840999999997,P5,0.19887333129308457,FALSE,PPI,MTX,no significant difference,FALSE,385,116.71804,0.21275066819148092
RRLSHESPWL,28.664433,P5,0.1972649289803933,FALSE,PPI,MTX,no significant difference,FALSE,385,116.71804,0.24558699751983495
RRRLHESPWS,28.664433,P5,0.27273327244437706,FALSE,PPI,MTX,no significant difference,FALSE,385,116.71804,0.24558699751983495
RRSLHESPWL,26.110684999999997,P5,0.23737179408573864,FALSE,PPI,MTX,no significant difference,FALSE,385,116.71804,0.22370736348896877
RKVRVFLGWF,114.16817900000001,P5,0.6038637104883849,FALSE,PPI,MTX,no significant difference,FALSE,366,116.71804,0.9781536684474825
RRRRHESPWL,34.419232,P5,0.19260328103894228,FALSE,PPI,MTX,no significant difference,FALSE,385,116.71804,0.2948921349261862
SGR*WF*DWL,NA,P5,0.13266411820335225,FALSE,PPI,MTX,no significant difference,FALSE,363,116.71804,NA
RRMVHESPWL,26.110684999999997,P5,0.14765310613108892,FALSE,PPI,MTX,no significant difference,FALSE,385,116.71804,0.22370736348896877
RRWAHESPWL,24.831840999999997,P5,0.1766488297164827,FALSE,PPI,MTX,no significant difference,FALSE,385,116.71804,0.21275066819148092
SGREWFPDWL,46.695943,P5,0.0967689784882308,FALSE,PPI,MTX,no significant difference,FALSE,363,116.71804,0.40007476993273705
RRRLHESPWH,28.664433,P5,0.20732585149885047,FALSE,PPI,MTX,no significant difference,FALSE,385,116.71804,0.24558699751983495
RRVRHESPWL,35.696106,P5,0.21200981076167824,FALSE,PPI,MTX,no significant difference,FALSE,385,116.71804,0.30583195194161933
RRIRHESPWL,33.142358,P5,0.2198866938063517,FALSE,PPI,MTX,no significant difference,FALSE,385,116.71804,0.28395231791075315
RRYSHESPWL,26.110684999999997,P5,0.24111888224781952,FALSE,PPI,MTX,no significant difference,FALSE,385,116.71804,0.22370736348896877
RR*KHESPWL,NA,P5,0.22006003461810128,FALSE,PPI,MTX,no significant difference,FALSE,385,116.71804,NA
SGRFWDSDWL,28.023246999999998,P5,0.6181158050414248,FALSE,PPI,MTX,no significant difference,FALSE,363,116.71804,0.2400935365261445
RRCQHESPWL,24.831840999999997,P5,0.13953650227291506,FALSE,PPI,MTX,no significant difference,FALSE,385,116.71804,0.21275066819148092
SGRCWFSDWL,46.695943,P5,0.15125491384685333,FALSE,PPI,MTX,no significant difference,FALSE,363,116.71804,0.40007476993273705
RRRLHESPWL,28.664433,P5,0.24289741974673515,TRUE,PPI,MTX,no significant difference,FALSE,385,116.71804,0.24558699751983495
RRESHESPWL,26.110684999999997,P5,0.19218166030479664,FALSE,PPI,MTX,no significant difference,FALSE,385,116.71804,0.22370736348896877
RRMAHESPWL,24.831840999999997,P5,0.11414397432285787,FALSE,PPI,MTX,no significant difference,FALSE,385,116.71804,0.21275066819148092
RRTSHESPWL,29.30287,P5,0.2468834171488447,FALSE,PPI,MTX,no significant difference,FALSE,385,116.71804,0.2510569060275515
SERFWFSDWL,46.697458999999995,P5,0.3525504986759139,FALSE,PPI,MTX,no significant difference,FALSE,363,116.71804,0.4000877584990289
SGR*WFPDWL,NA,P5,0.165013835975116,FALSE,PPI,MTX,no significant difference,FALSE,363,116.71804,NA
RPRLHESPWL,26.750714,P5,0.2908997826378641,FALSE,PPI,MTX,no significant difference,FALSE,385,116.71804,0.229190911704823
RRLCHESPWL,27.385589,P5,0.1967114260695378,FALSE,PPI,MTX,no significant difference,FALSE,385,116.71804,0.2346303022223471
RRCEHESPWL,24.831840999999997,P5,0.207323333000066,FALSE,PPI,MTX,no significant difference,FALSE,385,116.71804,0.21275066819148092
RRLWHESPWL,28.664433,P5,0.23890077083278555,FALSE,PPI,MTX,no significant difference,FALSE,385,116.71804,0.24558699751983495
RRCNHESPWL,24.831840999999997,P5,0.21663528681518937,FALSE,PPI,MTX,no significant difference,FALSE,385,116.71804,0.21275066819148092
SGRLWF*DWL,NA,P5,0.092533220110152,FALSE,PPI,MTX,no significant difference,FALSE,363,116.71804,NA
RRCGHESPWL,24.831840999999997,P5,0.21070720585526473,FALSE,PPI,MTX,no significant difference,FALSE,385,116.71804,0.21275066819148092
RRKVHESPWL,26.749122,P5,0.1940048785765897,FALSE,PPI,MTX,no significant difference,FALSE,385,116.71804,0.22917727199668533
SGREWFADWL,46.695943,P5,0.11616026905251987,FALSE,PPI,MTX,no significant difference,FALSE,363,116.71804,0.40007476993273705
CRRLHESPWL,28.026967999999997,P5,0.23351506296228225,FALSE,PPI,MTX,no significant difference,FALSE,385,116.71804,0.24012541677361954
SKVGMFLGWF,104.57394399999998,P5,0.7437956107125897,FALSE,PPI,MTX,no significant difference,FALSE,366,116.71804,0.8959535646760345
RRYGHESPWL,24.831840999999997,P5,0.16940049242440067,FALSE,PPI,MTX,no significant difference,FALSE,385,116.71804,0.21275066819148092
RRVCHESPWL,28.662463,P5,0.18998733061651815,FALSE,PPI,MTX,no significant difference,FALSE,385,116.71804,0.2455701192377802
SGRRWFSDWL,53.729586,P5,0.16950086371566006,FALSE,PPI,MTX,no significant difference,FALSE,363,116.71804,0.4603366026365761
SGRCWFPDWL,46.695943,P5,0.1573308628630578,FALSE,PPI,MTX,no significant difference,FALSE,363,116.71804,0.40007476993273705
SKVAEFLGWF,104.57394399999998,P5,0.8133380847312429,FALSE,PPI,MTX,no significant difference,FALSE,366,116.71804,0.8959535646760345
SGRFWFSDWL,47.335364999999996,P5,0.14918512861488312,TRUE,PPI,MTX,no significant difference,FALSE,363,116.71804,0.40555311758148094
RRSYHESPWL,26.750107,P5,0.24530806771988364,FALSE,PPI,MTX,no significant difference,FALSE,385,116.71804,0.22918571113771272
SGRSWFVDWL,47.974787,P5,0.1939489352761451,FALSE,PPI,MTX,no significant difference,FALSE,363,116.71804,0.4110314652302249
RRLPHESPWL,27.385589,P5,0.21783230712161464,FALSE,PPI,MTX,no significant difference,FALSE,385,116.71804,0.2346303022223471
SGRFWFSKWL,47.335364999999996,P5,0.2163564209118403,FALSE,PPI,MTX,no significant difference,FALSE,363,116.71804,0.40555311758148094
RRYPHESPWL,24.831840999999997,P5,0.3029257799155405,FALSE,PPI,MTX,no significant difference,FALSE,385,116.71804,0.21275066819148092
RRRLHTSPWL,28.664433,P5,0.32430394191793877,FALSE,PPI,MTX,no significant difference,FALSE,385,116.71804,0.24558699751983495
RRSHHESPWL,24.831840999999997,P5,0.28355016600345256,FALSE,PPI,MTX,no significant difference,FALSE,385,116.71804,0.21275066819148092
RRRLHASPWL,28.664433,P5,0.25427308142677973,FALSE,PPI,MTX,no significant difference,FALSE,385,116.71804,0.24558699751983495
RRGTHESPWL,26.110684999999997,P5,0.24092381630863235,FALSE,PPI,MTX,no significant difference,FALSE,385,116.71804,0.22370736348896877
RRHMHESPWL,25.470277999999997,P5,0.31237064277928756,FALSE,PPI,MTX,no significant difference,FALSE,385,116.71804,0.21822057669919745
SGRRWFQDWL,53.729586,P5,0.14232061863535406,FALSE,PPI,MTX,no significant difference,FALSE,363,116.71804,0.4603366026365761
RRDSHESPWL,26.110684999999997,P5,0.2517943082144715,FALSE,PPI,MTX,no significant difference,FALSE,385,116.71804,0.22370736348896877
RRLRHESPWL,34.419232,P5,0.23313881867037428,FALSE,PPI,MTX,no significant difference,FALSE,385,116.71804,0.2948921349261862
SGRNWFGDWL,46.695943,P5,0.2032038507587523,FALSE,PPI,MTX,no significant difference,FALSE,363,116.71804,0.40007476993273705
SGRVWFNDWL,47.974787,P5,0.1325437545133197,FALSE,PPI,MTX,no significant difference,FALSE,363,116.71804,0.4110314652302249
RRE*HESPWL,NA,P5,0.16672173114670374,FALSE,PPI,MTX,no significant difference,FALSE,385,116.71804,NA
SKVCWFLGWF,105.21275,P5,0.6755173778621322,FALSE,PPI,MTX,no significant difference,FALSE,366,116.71804,0.9014266346487655
RRSGHESPWL,24.831840999999997,P5,0.1850796231556166,FALSE,PPI,MTX,no significant difference,FALSE,385,116.71804,0.21275066819148092
RRGVHESPWL,26.110684999999997,P5,0.20040925030602963,FALSE,PPI,MTX,no significant difference,FALSE,385,116.71804,0.22370736348896877
RRCTHESPWL,26.110684999999997,P5,0.31448875345420435,FALSE,PPI,MTX,no significant difference,FALSE,385,116.71804,0.22370736348896877
SGRRWFKDWL,53.729586,P5,0.18366032272926427,FALSE,PPI,MTX,no significant difference,FALSE,363,116.71804,0.4603366026365761
MGRFWFSDWL,44.148039,P5,0.1211359906953385,FALSE,PPI,MTX,no significant difference,FALSE,363,116.71804,0.378245205282748
RRAYHESPWL,26.750107,P5,0.16706733502423102,FALSE,PPI,MTX,no significant difference,FALSE,385,116.71804,0.22918571113771272
SGRSWFCDWL,47.974787,P5,0.16215018439364273,FALSE,PPI,MTX,no significant difference,FALSE,363,116.71804,0.4110314652302249
RRSAHESPWL,24.831840999999997,P5,0.1965921844760815,FALSE,PPI,MTX,no significant difference,FALSE,385,116.71804,0.21275066819148092
SGRAWFLDWL,62.105653000000004,P5,0.1617689439996477,FALSE,PPI,MTX,no significant difference,FALSE,363,116.71804,0.5320998621978231
RRAAHESPWL,24.831840999999997,P5,0.20730849282485744,FALSE,PPI,MTX,no significant difference,FALSE,385,116.71804,0.21275066819148092
SGRFWFSVWL,47.335364999999996,P5,0.19050101689451915,FALSE,PPI,MTX,no significant difference,FALSE,363,116.71804,0.40555311758148094
SGRTWFLDWL,63.384496999999996,P5,0.1428049479453003,FALSE,PPI,MTX,no significant difference,FALSE,363,116.71804,0.5430565574953109
SGRPWFSDWL,46.695943,P5,0.16664979022594484,FALSE,PPI,MTX,no significant difference,FALSE,363,116.71804,0.40007476993273705
RRRMHESPWL,27.385589,P5,0.19524389224292477,FALSE,PPI,MTX,no significant difference,FALSE,385,116.71804,0.2346303022223471
SGRPWFGDWL,46.695943,P5,0.23623127393415344,FALSE,PPI,MTX,no significant difference,FALSE,363,116.71804,0.40007476993273705
RRVTHESPWL,29.941307,P5,0.20955625678181164,FALSE,PPI,MTX,no significant difference,FALSE,385,116.71804,0.25652681453526804
RR*FHESPWL,NA,P5,0.14417150442644538,FALSE,PPI,MTX,no significant difference,FALSE,385,116.71804,NA
GGRFWFSDWL,45.422968999999995,P5,0.12674636878768816,FALSE,PPI,MTX,no significant difference,FALSE,363,116.71804,0.38916836677517885
RRHVHESPWL,26.749122,P5,0.22680414337858484,FALSE,PPI,MTX,no significant difference,FALSE,385,116.71804,0.22917727199668533
RRRLHEPPWL,28.664433,P5,0.22314085599584563,FALSE,PPI,MTX,no significant difference,FALSE,385,116.71804,0.24558699751983495
RRRDHESPWL,27.385589,P5,0.2254174323862928,FALSE,PPI,MTX,no significant difference,FALSE,385,116.71804,0.2346303022223471
RRNRHESPWL,33.142358,P5,0.20578844199681967,FALSE,PPI,MTX,no significant difference,FALSE,385,116.71804,0.28395231791075315
RRRLAESPWL,28.025627,P5,0.717236220062474,FALSE,PPI,MTX,no significant difference,FALSE,385,116.71804,0.24011392754710412
SKVLVFLGWF,110.96324099999998,P5,0.6812038035745294,FALSE,PPI,MTX,no significant difference,FALSE,366,116.71804,0.9506948625936485
SGRFWCSDWL,28.023246999999998,P5,0.28039318101296007,FALSE,PPI,MTX,no significant difference,FALSE,363,116.71804,0.2400935365261445
RRPSHESPWL,26.110684999999997,P5,0.2224190391248772,FALSE,PPI,MTX,no significant difference,FALSE,385,116.71804,0.22370736348896877
RRQNHESPWL,25.470277999999997,P5,0.3244017402434367,FALSE,PPI,MTX,no significant difference,FALSE,385,116.71804,0.21822057669919745
SKV*RFLGWF,NA,P5,0.3694573975092168,FALSE,PPI,MTX,weaker,TRUE,366,116.71804,NA
RRKEHESPWL,25.470277999999997,P5,0.21191626645220435,FALSE,PPI,MTX,no significant difference,FALSE,385,116.71804,0.21822057669919745
CKVRVFLGWF,113.53071399999999,P5,0.5227309135273186,FALSE,PPI,MTX,no significant difference,FALSE,366,116.71804,0.972692087701267
RRRCHESPWL,27.385589,P5,0.14825485171057173,FALSE,PPI,MTX,no significant difference,FALSE,385,116.71804,0.2346303022223471
SGRSWFTDWL,47.974787,P5,0.1725278673941135,FALSE,PPI,MTX,no significant difference,FALSE,363,116.71804,0.4110314652302249
RRRFHESPWL,28.025011,P5,0.20080634972337627,FALSE,PPI,MTX,no significant difference,FALSE,385,116.71804,0.24010864987109104
SGRNWFEDWL,46.695943,P5,0.12202767221742912,FALSE,PPI,MTX,no significant difference,FALSE,363,116.71804,0.40007476993273705
SGRIWFMDWL,52.458687999999995,P5,0.1840210825854019,FALSE,PPI,MTX,no significant difference,FALSE,363,116.71804,0.44944798593259444
RRL*HESPWL,NA,P5,0.164752886994304,FALSE,PPI,MTX,no significant difference,FALSE,385,116.71804,NA
SKRFWFSDWL,49.88699,P5,0.33751118647028755,FALSE,PPI,MTX,no significant difference,FALSE,363,116.71804,0.42741456247894494
RRCSHESPWL,26.110684999999997,P5,0.2117693961839394,FALSE,PPI,MTX,no significant difference,FALSE,385,116.71804,0.22370736348896877
RRATHESPWL,26.110684999999997,P5,0.2420130413185585,FALSE,PPI,MTX,no significant difference,FALSE,385,116.71804,0.22370736348896877
RRMRHESPWL,31.865484,P5,0.20156071462417385,FALSE,PPI,MTX,no significant difference,FALSE,385,116.71804,0.27301250089532003
RRLVHESPWL,28.664433,P5,0.2154779913846377,FALSE,PPI,MTX,no significant difference,FALSE,385,116.71804,0.24558699751983495
RRRLHMSPWL,28.664433,P5,0.3815121792498496,FALSE,PPI,MTX,no significant difference,FALSE,385,116.71804,0.24558699751983495
SCRFWFSDWL,46.697458999999995,P5,0.2960942592308646,FALSE,PPI,MTX,no significant difference,FALSE,363,116.71804,0.4000877584990289
EKVRVFLGWF,113.53071399999999,P5,0.5763523311513963,FALSE,PPI,MTX,no significant difference,FALSE,366,116.71804,0.972692087701267
RREAHESPWL,24.831840999999997,P5,0.20170098080741825,FALSE,PPI,MTX,no significant difference,FALSE,385,116.71804,0.21275066819148092
SGRGWFFDWL,46.695943,P5,0.16416499359513903,FALSE,PPI,MTX,no significant difference,FALSE,363,116.71804,0.40007476993273705
SGRHWFVDWL,46.695943,P5,0.15575201861320692,FALSE,PPI,MTX,no significant difference,FALSE,363,116.71804,0.40007476993273705
RRR*HESPWL,NA,P5,0.23487568173408843,FALSE,PPI,MTX,no significant difference,FALSE,385,116.71804,NA
FGRFWFSDWL,44.148039,P5,0.1237050836116154,FALSE,PPI,MTX,no significant difference,FALSE,363,116.71804,0.378245205282748
RRKRHESPWL,32.503921,P5,0.2365733679056909,FALSE,PPI,MTX,no significant difference,FALSE,385,116.71804,0.2784824094030366
RRYVHESPWL,26.110684999999997,P5,0.1983018729399329,FALSE,PPI,MTX,no significant difference,FALSE,385,116.71804,0.22370736348896877
SGRFWFSDLL,28.023246999999998,P5,-0.17431292297184697,FALSE,PPI,MTX,weaker,TRUE,363,116.71804,0.2400935365261445
RRRLHKSPWL,28.664433,P5,0.3463043148876491,FALSE,PPI,MTX,no significant difference,FALSE,385,116.71804,0.24558699751983495
RRRLHESPRL,9.352315,P5,0.21119281409645055,FALSE,PPI,MTX,no significant difference,FALSE,385,116.71804,0.08012741646449856
SGRFSFSDWL,48.612978999999996,P5,0.41313752024115374,FALSE,PPI,MTX,stronger,TRUE,363,116.71804,0.4164992746622544
RRHEHESPWL,25.470277999999997,P5,0.19366798667760216,FALSE,PPI,MTX,no significant difference,FALSE,385,116.71804,0.21822057669919745
RRKPHESPWL,25.470277999999997,P5,0.2068092463534948,FALSE,PPI,MTX,no significant difference,FALSE,385,116.71804,0.21822057669919745
RR*VHESPWL,NA,P5,0.2765133581805811,FALSE,PPI,MTX,no significant difference,FALSE,385,116.71804,NA
SGRVWFADWL,47.974787,P5,0.2253787585672855,FALSE,PPI,MTX,no significant difference,FALSE,363,116.71804,0.4110314652302249
RRLAHESPWL,27.385589,P5,0.18513163776515237,FALSE,PPI,MTX,weaker,TRUE,385,116.71804,0.2346303022223471
FKVRVFLGWF,113.53071399999999,P5,0.3816623332089689,FALSE,PPI,MTX,no significant difference,FALSE,366,116.71804,0.972692087701267
RREKHESPWL,24.831840999999997,P5,0.06487336435330343,FALSE,PPI,MTX,no significant difference,FALSE,385,116.71804,0.21275066819148092
SGRDWFWDWL,47.338014,P5,0.22432413304937585,FALSE,PPI,MTX,no significant difference,FALSE,363,116.71804,0.4055758133018683
RRREHESPWL,27.385589,P5,0.17294567622803814,FALSE,PPI,MTX,no significant difference,FALSE,385,116.71804,0.2346303022223471
RRSSHESPWL,26.110684999999997,P5,0.20527240372166408,FALSE,PPI,MTX,no significant difference,FALSE,385,116.71804,0.22370736348896877
SGRFWFSDWA,47.335364999999996,P5,-0.0363032912226205,FALSE,PPI,MTX,no significant difference,FALSE,363,116.71804,0.40555311758148094
RRD*HESPWL,NA,P5,0.3704986665618939,FALSE,PPI,MTX,no significant difference,FALSE,385,116.71804,NA
RRGYHESPWL,26.750107,P5,0.23792674885123255,FALSE,PPI,MTX,no significant difference,FALSE,385,116.71804,0.22918571113771272
SGRAWFRDWL,47.980085,P5,0.19047839805846975,FALSE,PPI,MTX,no significant difference,FALSE,363,116.71804,0.41107685667099964
SGRFWFSDWT,47.335364999999996,P5,-0.01189526577237809,FALSE,PPI,MTX,no significant difference,FALSE,363,116.71804,0.40555311758148094
SGRYWFPDWL,48.614209,P5,0.09533917946117336,FALSE,PPI,MTX,no significant difference,FALSE,363,116.71804,0.4165098128789689
RRRLHENPWL,28.664433,P5,0.2584913109772105,FALSE,PPI,MTX,no significant difference,FALSE,385,116.71804,0.24558699751983495
RRFRHESPWL,31.865484,P5,0.15862774523180223,FALSE,PPI,MTX,no significant difference,FALSE,385,116.71804,0.27301250089532003
RRRSHESPWL,28.664433,P5,0.2167987248937105,FALSE,PPI,MTX,no significant difference,FALSE,385,116.71804,0.24558699751983495
RRLGHESPWL,27.385589,P5,0.2488877107410991,FALSE,PPI,MTX,no significant difference,FALSE,385,116.71804,0.2346303022223471
RRGRHESPWL,31.865484,P5,0.1921982359223292,FALSE,PPI,MTX,no significant difference,FALSE,385,116.71804,0.27301250089532003
SGRIWFADWL,50.532475,P5,0.13597897839431872,FALSE,PPI,MTX,no significant difference,FALSE,363,116.71804,0.4329448558252006
SGRRWFVDWL,53.729586,P5,0.2248196489322386,FALSE,PPI,MTX,no significant difference,FALSE,363,116.71804,0.4603366026365761
SGRHWFEDWL,46.695943,P5,0.1939489352761451,FALSE,PPI,MTX,no significant difference,FALSE,363,116.71804,0.40007476993273705
SGRTWFPDWL,47.974787,P5,0.14326192750072472,FALSE,PPI,MTX,no significant difference,FALSE,363,116.71804,0.4110314652302249
SGRKWFYDWL,46.695943,P5,0.15526261001397254,FALSE,PPI,MTX,no significant difference,FALSE,363,116.71804,0.40007476993273705
SGRFWFSDWV,47.335364999999996,P5,0.07050335797328183,FALSE,PPI,MTX,no significant difference,FALSE,363,116.71804,0.40555311758148094
RRRQHESPWL,27.385589,P5,0.2674944282514812,FALSE,PPI,MTX,no significant difference,FALSE,385,116.71804,0.2346303022223471
RRPPHESPWL,24.831840999999997,P5,0.23364862383384977,FALSE,PPI,MTX,no significant difference,FALSE,385,116.71804,0.21275066819148092
SGR*WFRDWL,NA,P5,0.2770235842367013,FALSE,PPI,MTX,no significant difference,FALSE,363,116.71804,NA
SKVISFLGWF,110.326896,P5,0.8262208880471583,FALSE,PPI,MTX,stronger,TRUE,366,116.71804,0.9452428776220025
RRLEHESPWL,27.385589,P5,0.14489061533769623,FALSE,PPI,MTX,no significant difference,FALSE,385,116.71804,0.2346303022223471
RRVMHESPWL,28.662463,P5,0.2092502170327216,FALSE,PPI,MTX,no significant difference,FALSE,385,116.71804,0.2455701192377802
RRDGHESPWL,24.831840999999997,P5,0.25476686967707757,FALSE,PPI,MTX,no significant difference,FALSE,385,116.71804,0.21275066819148092
SKVLFFLGWF,106.49159399999999,P5,0.4750468679690816,FALSE,PPI,MTX,weaker,TRUE,366,116.71804,0.9123833299462533
RRRPHESPWL,27.385589,P5,0.16612306873229657,FALSE,PPI,MTX,no significant difference,FALSE,385,116.71804,0.2346303022223471
RRRWHESPWL,28.664433,P5,0.1688952807404195,FALSE,PPI,MTX,no significant difference,FALSE,385,116.71804,0.24558699751983495
SARFWFSDWL,47.973271,P5,0.3080512229352995,FALSE,PPI,MTX,no significant difference,FALSE,363,116.71804,0.411018476663933
SKVACFLGWF,105.21275,P5,0.7056254688640002,FALSE,PPI,MTX,no significant difference,FALSE,366,116.71804,0.9014266346487655
SGRPWFVDWL,46.695943,P5,0.09715707815914323,FALSE,PPI,MTX,no significant difference,FALSE,363,116.71804,0.40007476993273705
RRRLHEFPWL,28.664433,P5,0.18379335724624224,FALSE,PPI,MTX,no significant difference,FALSE,385,116.71804,0.24558699751983495
RRRLHESPLL,9.352315,P5,0.16269316105549236,FALSE,PPI,MTX,no significant difference,FALSE,385,116.71804,0.08012741646449856
SGRLWFEDWL,47.974787,P5,0.2087029754131822,FALSE,PPI,MTX,no significant difference,FALSE,363,116.71804,0.4110314652302249
SGRLWFRDWL,49.258928999999995,P5,0.17648827564076813,FALSE,PPI,MTX,no significant difference,FALSE,363,116.71804,0.4220335519684874
SGRGWFIDWL,47.338014,P5,0.16225496916881135,FALSE,PPI,MTX,no significant difference,FALSE,363,116.71804,0.4055758133018683
SGRYWFRDWL,49.898351000000005,P5,0.155803362943438,FALSE,PPI,MTX,no significant difference,FALSE,363,116.71804,0.42751189961723146
RRSQHESPWL,24.831840999999997,P5,0.1910257319664343,FALSE,PPI,MTX,no significant difference,FALSE,385,116.71804,0.21275066819148092
RRPQHESPWL,24.831840999999997,P5,0.3827000355055136,FALSE,PPI,MTX,no significant difference,FALSE,385,116.71804,0.21275066819148092
*KVRVFLGWF,NA,P5,0.21838145417030205,FALSE,PPI,MTX,no significant difference,FALSE,366,116.71804,NA
SGRFWVSDWL,28.023246999999998,P5,0.6074332857470004,FALSE,PPI,MTX,no significant difference,FALSE,363,116.71804,0.2400935365261445
RRASHESPWL,26.110684999999997,P5,0.1922878922071478,FALSE,PPI,MTX,no significant difference,FALSE,385,116.71804,0.22370736348896877
SGRAWFTDWL,46.695943,P5,0.10552121024808504,FALSE,PPI,MTX,no significant difference,FALSE,363,116.71804,0.40007476993273705
SGRDWFPDWL,46.695943,P5,0.21904728295860595,FALSE,PPI,MTX,no significant difference,FALSE,363,116.71804,0.40007476993273705
RRRLHVSPWL,28.664433,P5,0.32388667980190955,FALSE,PPI,MTX,no significant difference,FALSE,385,116.71804,0.24558699751983495
RRACHESPWL,24.831840999999997,P5,0.29369593288088586,FALSE,PPI,MTX,no significant difference,FALSE,385,116.71804,0.21275066819148092
SGRLWFMDWL,49.900999999999996,P5,0.1780576688706251,FALSE,PPI,MTX,no significant difference,FALSE,363,116.71804,0.42753459533761873
RRHGHESPWL,25.470277999999997,P5,0.235679368499078,FALSE,PPI,MTX,no significant difference,FALSE,385,116.71804,0.21822057669919745
SKVMAFLGWF,104.57394399999998,P5,0.6900094010645491,FALSE,PPI,MTX,no significant difference,FALSE,366,116.71804,0.8959535646760345
RRRLHESPWG,28.664433,P5,0.24953498048139977,FALSE,PPI,MTX,no significant difference,FALSE,385,116.71804,0.24558699751983495
RRSVHESPWL,26.110684999999997,P5,0.2003883661121355,FALSE,PPI,MTX,no significant difference,FALSE,385,116.71804,0.22370736348896877
RRKLHESPWL,26.749122,P5,0.2451934498579273,FALSE,PPI,MTX,no significant difference,FALSE,385,116.71804,0.22917727199668533
SGRIWFSDWL,50.532475,P5,0.13626592591911668,FALSE,PPI,MTX,no significant difference,FALSE,363,116.71804,0.4329448558252006
RRPCHESPWL,24.831840999999997,P5,0.1457014788766252,FALSE,PPI,MTX,no significant difference,FALSE,385,116.71804,0.21275066819148092
RRRTHESPWL,28.664433,P5,0.20048264233959995,FALSE,PPI,MTX,no significant difference,FALSE,385,116.71804,0.24558699751983495
SGRGWFADWL,46.695943,P5,0.1806891275774774,FALSE,PPI,MTX,no significant difference,FALSE,363,116.71804,0.40007476993273705
RRADHESPWL,24.831840999999997,P5,0.2555769982281526,FALSE,PPI,MTX,no significant difference,FALSE,385,116.71804,0.21275066819148092
SGRFIFSDWL,49.251785,P5,0.420761113724733,FALSE,PPI,MTX,no significant difference,FALSE,363,116.71804,0.4219723446349853
SGRAWFPDWL,46.695943,P5,0.11146174952764548,FALSE,PPI,MTX,no significant difference,FALSE,363,116.71804,0.40007476993273705
SGRFWFSDML,28.023246999999998,P5,-0.1792193415634869,FALSE,PPI,MTX,no significant difference,FALSE,363,116.71804,0.2400935365261445
SGRAWFGDWL,46.695943,P5,0.18488448103845992,FALSE,PPI,MTX,no significant difference,FALSE,363,116.71804,0.40007476993273705
RRG*HESPWL,NA,P5,0.2218611159399076,FALSE,PPI,MTX,no significant difference,FALSE,385,116.71804,NA
RRILHESPWL,27.387559,P5,0.25107509614664997,FALSE,PPI,MTX,no significant difference,FALSE,385,116.71804,0.2346471805044019
SGRSWFHDWL,47.974787,P5,0.20245750495021053,FALSE,PPI,MTX,no significant difference,FALSE,363,116.71804,0.4110314652302249
SGRSWFGDWL,47.974787,P5,0.18416620623579016,FALSE,PPI,MTX,no significant difference,FALSE,363,116.71804,0.4110314652302249
RRIVHESPWL,27.387559,P5,0.1715905404730544,FALSE,PPI,MTX,no significant difference,FALSE,385,116.71804,0.2346471805044019
SGRKWFADWL,46.695943,P5,0.2492613616634744,FALSE,PPI,MTX,no significant difference,FALSE,363,116.71804,0.40007476993273705
HRRLHESPWL,28.026967999999997,P5,0.464306403940554,FALSE,PPI,MTX,no significant difference,FALSE,385,116.71804,0.24012541677361954
SGRFWFCDWL,47.335364999999996,P5,0.09164380791060105,FALSE,PPI,MTX,no significant difference,FALSE,363,116.71804,0.40555311758148094
RRLLHESPWL,28.664433,P5,0.1589183635930334,FALSE,PPI,MTX,no significant difference,FALSE,385,116.71804,0.24558699751983495
RRTGHESPWL,28.024026,P5,0.24149738066377047,FALSE,PPI,MTX,no significant difference,FALSE,385,116.71804,0.24010021073006366
RRVHHESPWL,28.662463,P5,0.254464755140044,FALSE,PPI,MTX,no significant difference,FALSE,385,116.71804,0.2455701192377802
SGRLWFCDWL,47.974787,P5,0.13247199959792633,FALSE,PPI,MTX,no significant difference,FALSE,363,116.71804,0.4110314652302249
RRMLHESPWL,26.110684999999997,P5,0.2602191569300869,FALSE,PPI,MTX,no significant difference,FALSE,385,116.71804,0.22370736348896877
RRSDHESPWL,24.831840999999997,P5,0.26044151160656276,FALSE,PPI,MTX,no significant difference,FALSE,385,116.71804,0.21275066819148092
RRQHHESPWL,25.470277999999997,P5,0.29626854258456375,FALSE,PPI,MTX,no significant difference,FALSE,385,116.71804,0.21822057669919745
SGRFWFTDWL,47.335364999999996,P5,0.17621555355660984,FALSE,PPI,MTX,no significant difference,FALSE,363,116.71804,0.40555311758148094
DRRLHESPWL,28.026967999999997,P5,0.2536882062617799,FALSE,PPI,MTX,no significant difference,FALSE,385,116.71804,0.24012541677361954
SGRPWFNDWL,46.695943,P5,0.15238849598558882,FALSE,PPI,MTX,no significant difference,FALSE,363,116.71804,0.40007476993273705
RRIKHESPWL,26.108714999999997,P5,0.10289562730582236,FALSE,PPI,MTX,no significant difference,FALSE,385,116.71804,0.223690485206914
SKVGRFLGWF,105.85155699999999,P5,0.7356588061146163,FALSE,PPI,MTX,no significant difference,FALSE,366,116.71804,0.9068997131891521
SGRVWFSDWL,47.974787,P5,0.16157846967997982,FALSE,PPI,MTX,no significant difference,FALSE,363,116.71804,0.4110314652302249
SGRAWFWDWL,47.338014,P5,0.2595817113084915,FALSE,PPI,MTX,no significant difference,FALSE,363,116.71804,0.4055758133018683
SGRYWFEDWL,48.614209,P5,0.2274867512445765,FALSE,PPI,MTX,no significant difference,FALSE,363,116.71804,0.4165098128789689
SGRFWFVDWL,47.335364999999996,P5,0.183079087164515,FALSE,PPI,MTX,no significant difference,FALSE,363,116.71804,0.40555311758148094
RRQKHESPWL,25.470277999999997,P5,0.19085207344357252,FALSE,PPI,MTX,no significant difference,FALSE,385,116.71804,0.21822057669919745
SGRGWFEDWL,46.695943,P5,0.185092557078086,FALSE,PPI,MTX,no significant difference,FALSE,363,116.71804,0.40007476993273705
RRVKHESPWL,28.662463,P5,0.18001371189243098,FALSE,PPI,MTX,no significant difference,FALSE,385,116.71804,0.2455701192377802
RRMNHESPWL,24.831840999999997,P5,0.20657735736600308,FALSE,PPI,MTX,no significant difference,FALSE,385,116.71804,0.21275066819148092
SGRTWFMDWL,49.900999999999996,P5,0.11250017607761705,FALSE,PPI,MTX,no significant difference,FALSE,363,116.71804,0.42753459533761873
SGRAWFYDWL,46.695943,P5,0.14982511481979588,FALSE,PPI,MTX,no significant difference,FALSE,363,116.71804,0.40007476993273705
SGRRWFLDWL,69.139296,P5,0.11915576756938188,FALSE,PPI,MTX,no significant difference,FALSE,363,116.71804,0.5923616949016621
RRNTHESPWL,27.387559,P5,0.2474425828674792,FALSE,PPI,MTX,no significant difference,FALSE,385,116.71804,0.2346471805044019
SGRFWFSNWL,47.335364999999996,P5,0.24379716683827649,FALSE,PPI,MTX,no significant difference,FALSE,363,116.71804,0.40555311758148094
RREIHESPWL,28.668373,P5,0.2568057440971759,FALSE,PPI,MTX,no significant difference,FALSE,385,116.71804,0.24562075408394451
RRC*HESPWL,NA,P5,0.2834417215931748,FALSE,PPI,MTX,no significant difference,FALSE,385,116.71804,NA
SGR*WFADWL,NA,P5,0.21916867200166051,FALSE,PPI,MTX,no significant difference,FALSE,363,116.71804,NA
RRTWHESPWL,29.30287,P5,0.1719212313015024,FALSE,PPI,MTX,no significant difference,FALSE,385,116.71804,0.2510569060275515
RRHTHESPWL,26.749122,P5,0.26142738430613655,FALSE,PPI,MTX,no significant difference,FALSE,385,116.71804,0.22917727199668533
SGRNWFSDWL,46.695943,P5,0.29156208435455755,FALSE,PPI,MTX,no significant difference,FALSE,363,116.71804,0.40007476993273705
RRPVHESPWL,26.110684999999997,P5,0.24281253971872951,FALSE,PPI,MTX,no significant difference,FALSE,385,116.71804,0.22370736348896877
RRSPHESPWL,24.831840999999997,P5,0.17852184648546654,FALSE,PPI,MTX,no significant difference,FALSE,385,116.71804,0.21275066819148092
RRKSHESPWL,26.749122,P5,0.2372296229678068,FALSE,PPI,MTX,no significant difference,FALSE,385,116.71804,0.22917727199668533
RRVAHESPWL,28.662463,P5,0.20837006852450163,FALSE,PPI,MTX,no significant difference,FALSE,385,116.71804,0.2455701192377802
RRKDHESPWL,25.470277999999997,P5,0.2525587479481541,FALSE,PPI,MTX,no significant difference,FALSE,385,116.71804,0.21822057669919745
RRTLHESPWL,29.30287,P5,0.3017401867222383,FALSE,PPI,MTX,no significant difference,FALSE,385,116.71804,0.2510569060275515
RRWRHESPWL,31.865484,P5,0.17495225118128924,FALSE,PPI,MTX,no significant difference,FALSE,385,116.71804,0.27301250089532003
SGRAWFADWL,46.695943,P5,0.13015295673601934,FALSE,PPI,MTX,no significant difference,FALSE,363,116.71804,0.40007476993273705
SGRFWFSDSL,28.023246999999998,P5,-0.17023701388705767,FALSE,PPI,MTX,no significant difference,FALSE,363,116.71804,0.2400935365261445
SGRLWFLDWL,63.384496999999996,P5,0.17065702128353494,FALSE,PPI,MTX,no significant difference,FALSE,363,116.71804,0.5430565574953109
SKVCHFLGWF,105.21275,P5,0.8070989499554597,FALSE,PPI,MTX,no significant difference,FALSE,366,116.71804,0.9014266346487655
RRSRHESPWL,31.865484,P5,0.19493431599079905,FALSE,PPI,MTX,no significant difference,FALSE,385,116.71804,0.27301250089532003
SGRSWFIDWL,48.616858,P5,0.15878443787643365,FALSE,PPI,MTX,no significant difference,FALSE,363,116.71804,0.4165325085993562
RRRLHESLWL,28.664433,P5,0.0426796071410577,FALSE,PPI,MTX,weaker,TRUE,385,116.71804,0.24558699751983495
SGREWFRDWL,47.980085,P5,0.20607563000065385,FALSE,PPI,MTX,no significant difference,FALSE,363,116.71804,0.41107685667099964
RRFAHESPWL,24.831840999999997,P5,0.20864640099115572,FALSE,PPI,MTX,no significant difference,FALSE,385,116.71804,0.21275066819148092
SGRNWFLDWL,62.105653000000004,P5,0.14506855633112295,FALSE,PPI,MTX,no significant difference,FALSE,363,116.71804,0.5320998621978231
SGRGWFGDWL,46.695943,P5,0.21685695731512028,FALSE,PPI,MTX,no significant difference,FALSE,363,116.71804,0.40007476993273705
SGRFWFSDGL,28.666985,P5,-0.20734274538010783,FALSE,PPI,MTX,weaker,TRUE,363,116.71804,0.2456088621776034
RRMCHESPWL,24.831840999999997,P5,0.31583723564241023,FALSE,PPI,MTX,no significant difference,FALSE,385,116.71804,0.21275066819148092
SGRFWFSDTL,28.023246999999998,P5,-0.17967595487235044,FALSE,PPI,MTX,weaker,TRUE,363,116.71804,0.2400935365261445
RRWSHESPWL,26.110684999999997,P5,0.1939489352761451,FALSE,PPI,MTX,no significant difference,FALSE,385,116.71804,0.22370736348896877
RRVLHESPWL,29.941307,P5,0.208297320225423,FALSE,PPI,MTX,no significant difference,FALSE,385,116.71804,0.25652681453526804
RRGNHESPWL,24.831840999999997,P5,0.2045220317532376,FALSE,PPI,MTX,no significant difference,FALSE,385,116.71804,0.21275066819148092
SGRGWFHDWL,46.695943,P5,0.1319946966491815,FALSE,PPI,MTX,no significant difference,FALSE,363,116.71804,0.40007476993273705
RRPRHESPWL,31.865484,P5,0.16906129690044797,FALSE,PPI,MTX,no significant difference,FALSE,385,116.71804,0.27301250089532003
RR*LHESPWL,NA,P5,0.2063275049056725,FALSE,PPI,MTX,no significant difference,FALSE,385,116.71804,NA
RRMDHESPWL,24.831840999999997,P5,0.16102535811205743,FALSE,PPI,MTX,no significant difference,FALSE,385,116.71804,0.21275066819148092
RRHDHESPWL,25.470277999999997,P5,0.21857179607125848,FALSE,PPI,MTX,no significant difference,FALSE,385,116.71804,0.21822057669919745
RRPMHESPWL,24.831840999999997,P5,0.14875214734504175,FALSE,PPI,MTX,no significant difference,FALSE,385,116.71804,0.21275066819148092
RRAMHESPWL,24.831840999999997,P5,0.2144123085051168,FALSE,PPI,MTX,no significant difference,FALSE,385,116.71804,0.21275066819148092
RRAPHESPWL,24.831840999999997,P5,0.14056322170431762,FALSE,PPI,MTX,no significant difference,FALSE,385,116.71804,0.21275066819148092
RRKYHESPWL,27.388543999999996,P5,0.22407500160575788,FALSE,PPI,MTX,no significant difference,FALSE,385,116.71804,0.23465561964542925
RREPHESPWL,24.831840999999997,P5,0.23184614673484705,FALSE,PPI,MTX,no significant difference,FALSE,385,116.71804,0.21275066819148092
RRALHESPWL,26.110684999999997,P5,0.18741736060996964,FALSE,PPI,MTX,no significant difference,FALSE,385,116.71804,0.22370736348896877
SHRFWFSDWL,46.697458999999995,P5,0.3187822148714791,FALSE,PPI,MTX,no significant difference,FALSE,363,116.71804,0.4000877584990289
SGRAWFEDWL,46.695943,P5,0.17071358940606396,FALSE,PPI,MTX,no significant difference,FALSE,363,116.71804,0.40007476993273705
RRMFHESPWL,25.471262999999997,P5,0.18545304967414825,FALSE,PPI,MTX,no significant difference,FALSE,385,116.71804,0.21822901584022483
SGRFLFSDWL,47.974171999999996,P5,0.3869663747392754,FALSE,PPI,MTX,stronger,TRUE,363,116.71804,0.41102619612186764
MKVRVFLGWF,113.53071399999999,P5,0.49223247013534976,FALSE,PPI,MTX,no significant difference,FALSE,366,116.71804,0.972692087701267
RRWVHESPWL,26.110684999999997,P5,0.1823336992226059,FALSE,PPI,MTX,no significant difference,FALSE,385,116.71804,0.22370736348896877
RRQSHESPWL,26.749122,P5,0.2229790940227014,FALSE,PPI,MTX,no significant difference,FALSE,385,116.71804,0.22917727199668533
RVRLHESPWL,25.474902,P5,0.5255506509350514,FALSE,PPI,MTX,no significant difference,FALSE,385,116.71804,0.21826019353991893
RWRLHESPWL,25.474902,P5,0.3629047977839103,FALSE,PPI,MTX,no significant difference,FALSE,385,116.71804,0.21826019353991893
SGRVWFWDWL,48.616858,P5,0.2259725892092379,FALSE,PPI,MTX,no significant difference,FALSE,363,116.71804,0.4165325085993562
SGRNWFQDWL,46.695943,P5,0.1612888015169127,FALSE,PPI,MTX,no significant difference,FALSE,363,116.71804,0.40007476993273705
RRRLHISPWL,28.664433,P5,0.26460297240452424,FALSE,PPI,MTX,no significant difference,FALSE,385,116.71804,0.24558699751983495
SGRRWFPDWL,53.729586,P5,0.15075730593583123,FALSE,PPI,MTX,no significant difference,FALSE,363,116.71804,0.4603366026365761
RRWKHESPWL,24.831840999999997,P5,0.13744932920322483,FALSE,PPI,MTX,no significant difference,FALSE,385,116.71804,0.21275066819148092
RRRLHESRWL,28.664433,P5,-0.06866298032547045,FALSE,PPI,MTX,weaker,TRUE,385,116.71804,0.24558699751983495
RRPLHESPWL,26.110684999999997,P5,0.17333366300846414,FALSE,PPI,MTX,no significant difference,FALSE,385,116.71804,0.22370736348896877
RRWYHESPWL,26.750107,P5,0.17765381963885796,FALSE,PPI,MTX,no significant difference,FALSE,385,116.71804,0.22918571113771272
RRKMHESPWL,25.470277999999997,P5,0.17102285736965084,FALSE,PPI,MTX,no significant difference,FALSE,385,116.71804,0.21822057669919745
RRSNHESPWL,24.831840999999997,P5,0.20746468090241535,FALSE,PPI,MTX,no significant difference,FALSE,385,116.71804,0.21275066819148092
RRRLWESPWL,28.664433,P5,0.7186275252755863,FALSE,PPI,MTX,no significant difference,FALSE,385,116.71804,0.24558699751983495
SGRPWFMDWL,48.622156000000004,P5,0.24947965236133657,FALSE,PPI,MTX,no significant difference,FALSE,363,116.71804,0.4165779000401309
RRAEHESPWL,24.831840999999997,P5,0.23474821606437285,FALSE,PPI,MTX,no significant difference,FALSE,385,116.71804,0.21275066819148092
SGRNWFADWL,46.695943,P5,0.14657724732287242,FALSE,PPI,MTX,no significant difference,FALSE,363,116.71804,0.40007476993273705
SGRFWLSDWL,28.023246999999998,P5,0.4024577372682932,FALSE,PPI,MTX,no significant difference,FALSE,363,116.71804,0.2400935365261445
SGRDWFMDWL,48.622156000000004,P5,0.16632756176270963,FALSE,PPI,MTX,no significant difference,FALSE,363,116.71804,0.4165779000401309
RRRLKESPWL,28.664433,P5,0.6926881132833584,FALSE,PPI,MTX,no significant difference,FALSE,385,116.71804,0.24558699751983495
RRVVHESPWL,29.941307,P5,0.20915974506635948,FALSE,PPI,MTX,no significant difference,FALSE,385,116.71804,0.25652681453526804
SGRPWFQDWL,46.695943,P5,0.10574946625601864,FALSE,PPI,MTX,no significant difference,FALSE,363,116.71804,0.40007476993273705
RRSCHESPWL,24.831840999999997,P5,0.1999869814176841,FALSE,PPI,MTX,no significant difference,FALSE,385,116.71804,0.21275066819148092
SGRMWFLDWL,62.105653000000004,P5,0.08345251721742653,FALSE,PPI,MTX,no significant difference,FALSE,363,116.71804,0.5320998621978231
SGRCWFLDWL,62.105653000000004,P5,0.15526261001397254,FALSE,PPI,MTX,no significant difference,FALSE,363,116.71804,0.5320998621978231
RRNAHESPWL,26.108714999999997,P5,0.13626592591911668,FALSE,PPI,MTX,no significant difference,FALSE,385,116.71804,0.223690485206914
RRTRHESPWL,35.057669,P5,0.24252639850839805,FALSE,PPI,MTX,no significant difference,FALSE,385,116.71804,0.3003620434339027
RRVQHESPWL,28.662463,P5,0.23008674856632155,FALSE,PPI,MTX,no significant difference,FALSE,385,116.71804,0.2455701192377802
RRRVHESPWL,28.664433,P5,0.19196319654716204,FALSE,PPI,MTX,no significant difference,FALSE,385,116.71804,0.24558699751983495
RRRLHESTWL,28.664433,P5,0.01977624658338175,FALSE,PPI,MTX,weaker,TRUE,385,116.71804,0.24558699751983495
RRANHESPWL,24.831840999999997,P5,0.21171935227818123,FALSE,PPI,MTX,no significant difference,FALSE,385,116.71804,0.21275066819148092
SGRLWFSDWL,47.974787,P5,0.1260999017518139,FALSE,PPI,MTX,no significant difference,FALSE,363,116.71804,0.4110314652302249
RRTIHESPWL,31.860557999999997,P5,0.20036900095510185,FALSE,PPI,MTX,no significant difference,FALSE,385,116.71804,0.2729702966225272
SGRFWFSCWL,47.335364999999996,P5,0.19092795567242035,FALSE,PPI,MTX,no significant difference,FALSE,363,116.71804,0.40555311758148094
SGRDWFEDWL,46.695943,P5,0.3115896023736057,FALSE,PPI,MTX,no significant difference,FALSE,363,116.71804,0.40007476993273705
RRRLHESFWL,28.664433,P5,-0.01384086307381079,FALSE,PPI,MTX,no significant difference,FALSE,385,116.71804,0.24558699751983495
RRRLHEAPWL,28.664433,P5,0.16965359558324655,FALSE,PPI,MTX,no significant difference,FALSE,385,116.71804,0.24558699751983495
RRDQHESPWL,24.831840999999997,P5,0.37539199762320447,FALSE,PPI,MTX,no significant difference,FALSE,385,116.71804,0.21275066819148092
RRRLHESPWR,28.664433,P5,0.27483792412005376,FALSE,PPI,MTX,no significant difference,FALSE,385,116.71804,0.24558699751983495
SGRMWFPDWL,46.695943,P5,0.12671386925216654,FALSE,PPI,MTX,no significant difference,FALSE,363,116.71804,0.40007476993273705
RRRLMESPWL,28.025627,P5,0.5494863538294537,FALSE,PPI,MTX,no significant difference,FALSE,385,116.71804,0.24011392754710412
SGRLWFYDWL,47.974787,P5,0.2395404867170349,FALSE,PPI,MTX,no significant difference,FALSE,363,116.71804,0.4110314652302249
SKVQ*FLGWF,NA,P5,0.284093024537446,FALSE,PPI,MTX,no significant difference,FALSE,366,116.71804,NA
SKVGKFLGWF,105.21275,P5,0.7639079744113814,FALSE,PPI,MTX,no significant difference,FALSE,366,116.71804,0.9014266346487655
SGRFWSSDWL,28.023246999999998,P5,0.2404737366437036,FALSE,PPI,MTX,no significant difference,FALSE,363,116.71804,0.2400935365261445
SGRLWFPDWL,47.974787,P5,0.1004050772932688,FALSE,PPI,MTX,no significant difference,FALSE,363,116.71804,0.4110314652302249
RRSKHESPWL,24.831840999999997,P5,0.1939489352761451,FALSE,PPI,MTX,no significant difference,FALSE,385,116.71804,0.21275066819148092
SGRSWFRDWL,49.258928999999995,P5,0.15511654951630702,FALSE,PPI,MTX,no significant difference,FALSE,363,116.71804,0.4220335519684874
RRRLHEKPWL,28.664433,P5,0.19243227098706997,FALSE,PPI,MTX,no significant difference,FALSE,385,116.71804,0.24558699751983495
RRRLHELPWL,44.074143,P5,0.1465300614934266,FALSE,PPI,MTX,weaker,TRUE,385,116.71804,0.377612089784921
SGRAWFKDWL,46.695943,P5,0.22249711210456108,FALSE,PPI,MTX,no significant difference,FALSE,363,116.71804,0.40007476993273705
SGRLWFKDWL,47.974787,P5,0.14238432915900434,FALSE,PPI,MTX,no significant difference,FALSE,363,116.71804,0.4110314652302249
RRRLHESYWL,28.664433,P5,0.03796166496376196,FALSE,PPI,MTX,weaker,TRUE,385,116.71804,0.24558699751983495
RRAVHESPWL,26.110684999999997,P5,0.20720189677735995,FALSE,PPI,MTX,no significant difference,FALSE,385,116.71804,0.22370736348896877
SKVGLFLGWF,105.85155699999999,P5,0.6651463255858472,FALSE,PPI,MTX,no significant difference,FALSE,366,116.71804,0.9068997131891521
SGRFEFSDWL,46.696559,P5,0.39540122035797953,FALSE,PPI,MTX,stronger,TRUE,363,116.71804,0.4000800476087501
RRFLHESPWL,26.110684999999997,P5,0.18953671901136884,FALSE,PPI,MTX,no significant difference,FALSE,385,116.71804,0.22370736348896877
RRYHHESPWL,24.831840999999997,P5,0.25351626099795826,FALSE,PPI,MTX,no significant difference,FALSE,385,116.71804,0.21275066819148092
SGRMWFRDWL,47.980085,P5,0.12416828827621484,FALSE,PPI,MTX,no significant difference,FALSE,363,116.71804,0.41107685667099964
SGRFWFIDWL,47.977436,P5,0.23086798556696927,FALSE,PPI,MTX,no significant difference,FALSE,363,116.71804,0.41105416095061226
RRRLHESPWD,28.664433,P5,0.2949397308667831,FALSE,PPI,MTX,no significant difference,FALSE,385,116.71804,0.24558699751983495
LGRFWFSDWL,44.148039,P5,0.1199894739493797,FALSE,PPI,MTX,no significant difference,FALSE,363,116.71804,0.378245205282748
RR*WHESPWL,NA,P5,0.1748016277625629,FALSE,PPI,MTX,no significant difference,FALSE,385,116.71804,NA
SKIRVFLGWF,114.16429199999999,P5,0.579585328124026,FALSE,PPI,MTX,no significant difference,FALSE,366,116.71804,0.9781203659691337
SKVIAFLGWF,108.41047599999999,P5,0.7809851076759617,FALSE,PPI,MTX,no significant difference,FALSE,366,116.71804,0.9288236505684981
SGRFWGSDWL,28.023246999999998,P5,0.597891369478324,FALSE,PPI,MTX,no significant difference,FALSE,363,116.71804,0.2400935365261445
SKVRAFLGWF,111.607587,P5,0.6790159713196724,FALSE,PPI,MTX,no significant difference,FALSE,366,116.71804,0.9562153973798737
RRNHHESPWL,26.108714999999997,P5,0.1806461843521341,FALSE,PPI,MTX,weaker,TRUE,385,116.71804,0.223690485206914
RR*YHESPWL,NA,P5,0.2031304309072665,FALSE,PPI,MTX,no significant difference,FALSE,385,116.71804,NA
RRAWHESPWL,26.110684999999997,P5,0.20977039454441804,FALSE,PPI,MTX,no significant difference,FALSE,385,116.71804,0.22370736348896877
SGRFGFSDWL,46.696559,P5,0.41029329640732787,FALSE,PPI,MTX,stronger,TRUE,363,116.71804,0.4000800476087501
RRRLHEVPWL,28.664433,P5,0.15278178339608303,FALSE,PPI,MTX,weaker,TRUE,385,116.71804,0.24558699751983495
AGRFWFSDWL,44.785504,P5,0.11111994673068068,FALSE,PPI,MTX,no significant difference,FALSE,363,116.71804,0.3837067860289635
RRHWHESPWL,26.749122,P5,0.21506136799549888,FALSE,PPI,MTX,no significant difference,FALSE,385,116.71804,0.22917727199668533
RRQPHESPWL,25.470277999999997,P5,0.2060286776377191,FALSE,PPI,MTX,no significant difference,FALSE,385,116.71804,0.21822057669919745
SGRMWFSDWL,46.695943,P5,0.253160653124813,FALSE,PPI,MTX,no significant difference,FALSE,363,116.71804,0.40007476993273705
RRFSHESPWL,26.110684999999997,P5,0.22383583845399868,FALSE,PPI,MTX,no significant difference,FALSE,385,116.71804,0.22370736348896877
RRRLHEWPWL,29.306503999999997,P5,0.21280928605371777,FALSE,PPI,MTX,no significant difference,FALSE,385,116.71804,0.25108804088896625
RRYLHESPWL,26.110684999999997,P5,0.21535652431597624,FALSE,PPI,MTX,no significant difference,FALSE,385,116.71804,0.22370736348896877
SGRMWFFDWL,46.695943,P5,0.04725062337123318,FALSE,PPI,MTX,no significant difference,FALSE,363,116.71804,0.40007476993273705
RRRLHCSPWL,28.664433,P5,0.3490683044490593,FALSE,PPI,MTX,no significant difference,FALSE,385,116.71804,0.24558699751983495
SKVHLFLGWF,105.85155699999999,P5,0.680421414945839,FALSE,PPI,MTX,no significant difference,FALSE,366,116.71804,0.9068997131891521
RLRLHESPWL,25.474902,P5,0.5386525173881608,FALSE,PPI,MTX,no significant difference,FALSE,385,116.71804,0.21826019353991893
RRRHHESPWL,27.385589,P5,0.18093527291301692,FALSE,PPI,MTX,no significant difference,FALSE,385,116.71804,0.2346303022223471
RTRLHESPWL,27.388621,P5,0.4151999330863297,FALSE,PPI,MTX,no significant difference,FALSE,385,116.71804,0.2346562793549309
SGRFWFNDWL,47.335364999999996,P5,0.21175512032584623,FALSE,PPI,MTX,no significant difference,FALSE,363,116.71804,0.40555311758148094
RRKCHESPWL,25.470277999999997,P5,0.2009584222185596,FALSE,PPI,MTX,no significant difference,FALSE,385,116.71804,0.21822057669919745
RKRLHESPWL,28.664433,P5,0.2942192865029168,FALSE,PPI,MTX,no significant difference,FALSE,385,116.71804,0.24558699751983495
RRNLHESPWL,27.387559,P5,0.22351509157412433,FALSE,PPI,MTX,no significant difference,FALSE,385,116.71804,0.2346471805044019
SGRSWFPDWL,47.974787,P5,0.08937252989184773,FALSE,PPI,MTX,no significant difference,FALSE,363,116.71804,0.4110314652302249
RRRLHGSPWL,28.664433,P5,0.2940215708776997,FALSE,PPI,MTX,no significant difference,FALSE,385,116.71804,0.24558699751983495
SKVIGFLGWF,108.41047599999999,P5,0.7113309885886544,FALSE,PPI,MTX,no significant difference,FALSE,366,116.71804,0.9288236505684981
RRGGHESPWL,24.831840999999997,P5,0.23032548988142187,FALSE,PPI,MTX,no significant difference,FALSE,385,116.71804,0.21275066819148092
ARRLHESPWL,28.664433,P5,0.4841607671326714,FALSE,PPI,MTX,no significant difference,FALSE,385,116.71804,0.24558699751983495
SGRMWFVDWL,46.695943,P5,0.2617499555298635,FALSE,PPI,MTX,no significant difference,FALSE,363,116.71804,0.40007476993273705
SGRFWFPDWL,47.335364999999996,P5,0.18928875660797695,FALSE,PPI,MTX,no significant difference,FALSE,363,116.71804,0.40555311758148094
RRCAHESPWL,24.831840999999997,P5,0.25969878539245117,FALSE,PPI,MTX,no significant difference,FALSE,385,116.71804,0.21275066819148092
SGRQWFCDWL,46.695943,P5,0.1902936689971544,FALSE,PPI,MTX,no significant difference,FALSE,363,116.71804,0.40007476993273705
SGRCWFVDWL,46.695943,P5,0.09522631172632973,FALSE,PPI,MTX,no significant difference,FALSE,363,116.71804,0.40007476993273705
RRRLVESPWL,33.13608,P5,0.5734188273751221,FALSE,PPI,MTX,no significant difference,FALSE,385,116.71804,0.2838985301672304
SKPRVFLGWF,112.887418,P5,0.5498870576613453,FALSE,PPI,MTX,no significant difference,FALSE,366,116.71804,0.9671805489537006
RRDLHESPWL,26.110684999999997,P5,0.19002761812340327,FALSE,PPI,MTX,no significant difference,FALSE,385,116.71804,0.22370736348896877
SGR*WFEDWL,NA,P5,0.2502705581131799,FALSE,PPI,MTX,no significant difference,FALSE,363,116.71804,NA
RRVGHESPWL,28.662463,P5,0.23642771209361652,FALSE,PPI,MTX,no significant difference,FALSE,385,116.71804,0.2455701192377802
SKQRVFLGWF,113.525855,P5,0.7395069242440302,FALSE,PPI,MTX,no significant difference,FALSE,366,116.71804,0.9726504574614173
SGRSWFFDWL,47.974787,P5,0.16786904152821824,FALSE,PPI,MTX,no significant difference,FALSE,363,116.71804,0.4110314652302249
SGRQWFSDWL,46.695943,P5,0.16281035404969663,FALSE,PPI,MTX,no significant difference,FALSE,363,116.71804,0.40007476993273705
SKVREFLGWF,111.607587,P5,0.8387676203882581,FALSE,PPI,MTX,stronger,TRUE,366,116.71804,0.9562153973798737
MRRLHESPWL,28.026967999999997,P5,0.2844599947889821,FALSE,PPI,MTX,no significant difference,FALSE,385,116.71804,0.24012541677361954
RRMWHESPWL,26.110684999999997,P5,0.3032456378679079,FALSE,PPI,MTX,no significant difference,FALSE,385,116.71804,0.22370736348896877
SGRFWFADWL,47.335364999999996,P5,0.18582484660680543,FALSE,PPI,MTX,no significant difference,FALSE,363,116.71804,0.40555311758148094
SGRFWFRDWL,48.619507,P5,0.14747904892923636,FALSE,PPI,MTX,no significant difference,FALSE,363,116.71804,0.4165552043197435
SGRDWFADWL,46.695943,P5,0.15970345611342224,FALSE,PPI,MTX,no significant difference,FALSE,363,116.71804,0.40007476993273705
RRN*HESPWL,NA,P5,0.2673878552036472,FALSE,PPI,MTX,no significant difference,FALSE,385,116.71804,NA
HKVRVFLGWF,113.53071399999999,P5,0.5448792209566545,FALSE,PPI,MTX,no significant difference,FALSE,366,116.71804,0.972692087701267
SGGFWFSDWL,44.781617,P5,0.2637760388972241,FALSE,PPI,MTX,no significant difference,FALSE,363,116.71804,0.38367348355061476
RRYRHESPWL,31.865484,P5,0.15712229408613268,FALSE,PPI,MTX,no significant difference,FALSE,385,116.71804,0.27301250089532003
RRRLHESDWL,28.664433,P5,0.04201764033052966,FALSE,PPI,MTX,no significant difference,FALSE,385,116.71804,0.24558699751983495
SGR*WFHDWL,NA,P5,0.1581959882822041,FALSE,PPI,MTX,no significant difference,FALSE,363,116.71804,NA
RRRLHLSPWL,28.664433,P5,0.25967985812555955,FALSE,PPI,MTX,no significant difference,FALSE,385,116.71804,0.24558699751983495
SGRHWFSDWL,46.695943,P5,0.09912488207071724,FALSE,PPI,MTX,no significant difference,FALSE,363,116.71804,0.40007476993273705
SKVMLFLGWF,105.85155699999999,P5,0.6967470001718469,FALSE,PPI,MTX,no significant difference,FALSE,366,116.71804,0.9068997131891521
RRLMHESPWL,27.385589,P5,0.2712512269970879,FALSE,PPI,MTX,no significant difference,FALSE,385,116.71804,0.2346303022223471
SGIFWFSDWL,46.058491,P5,0.2104802856075294,FALSE,PPI,MTX,no significant difference,FALSE,363,116.71804,0.3946133005660479
SKSRVFLGWF,112.887418,P5,0.6194887516098245,FALSE,PPI,MTX,no significant difference,FALSE,366,116.71804,0.9671805489537006
SGKFWFSDWL,45.42005399999999,P5,0.18242996829634425,FALSE,PPI,MTX,no significant difference,FALSE,363,116.71804,0.38914339205833126
RRPTHESPWL,26.110684999999997,P5,0.18723955545508783,FALSE,PPI,MTX,no significant difference,FALSE,385,116.71804,0.22370736348896877
SKVRFFLGWF,112.24639299999998,P5,0.6211410490917099,FALSE,PPI,MTX,no significant difference,FALSE,366,116.71804,0.9616884673526045
RRQYHESPWL,27.388543999999996,P5,0.05892912365140501,FALSE,PPI,MTX,no significant difference,FALSE,385,116.71804,0.23465561964542925
RRLHHESPWL,27.385589,P5,0.273275986106373,FALSE,PPI,MTX,no significant difference,FALSE,385,116.71804,0.2346303022223471
RRRNHESPWL,27.385589,P5,0.20688107344377407,FALSE,PPI,MTX,no significant difference,FALSE,385,116.71804,0.2346303022223471
RRRLHESVWL,28.664433,P5,0.05828563411569733,FALSE,PPI,MTX,weaker,TRUE,385,116.71804,0.24558699751983495
SGRRWFRDWL,55.013728,P5,0.1577806192113701,FALSE,PPI,MTX,no significant difference,FALSE,363,116.71804,0.4713386893748387
SKVFLFLGWF,106.49097899999998,P5,0.5769031122875816,FALSE,PPI,MTX,weaker,TRUE,366,116.71804,0.912378060837896
SKVRGFLGWF,111.607587,P5,0.588866842429538,FALSE,PPI,MTX,weaker,TRUE,366,116.71804,0.9562153973798737
RRRLHESWWL,28.664433,P5,-0.021854741543112,FALSE,PPI,MTX,no significant difference,FALSE,385,116.71804,0.24558699751983495
SGRFWFSDWS,47.335364999999996,P5,0.04262091395951217,FALSE,PPI,MTX,no significant difference,FALSE,363,116.71804,0.40555311758148094
RRAGHESPWL,24.831840999999997,P5,0.1862322221274876,FALSE,PPI,MTX,no significant difference,FALSE,385,116.71804,0.21275066819148092
SGRCWFQDWL,46.695943,P5,0.15125491384685333,FALSE,PPI,MTX,no significant difference,FALSE,363,116.71804,0.40007476993273705
SGRFWFSDAL,28.023246999999998,P5,-0.24845098219456735,FALSE,PPI,MTX,weaker,TRUE,363,116.71804,0.2400935365261445
SKTRVFLGWF,116.07960299999999,P5,0.6788935528202078,FALSE,PPI,MTX,no significant difference,FALSE,366,116.71804,0.9945300914922833
RRKAHESPWL,25.470277999999997,P5,0.1756628199472402,FALSE,PPI,MTX,no significant difference,FALSE,385,116.71804,0.21822057669919745
RRGLHESPWL,26.110684999999997,P5,0.2136330263086154,FALSE,PPI,MTX,no significant difference,FALSE,385,116.71804,0.22370736348896877
SKV**FLGWF,NA,P5,0.4014570594529696,FALSE,PPI,MTX,no significant difference,FALSE,366,116.71804,NA
SGRNWFHDWL,46.695943,P5,0.15342692253556037,FALSE,PPI,MTX,no significant difference,FALSE,363,116.71804,0.40007476993273705
RRGDHESPWL,24.831840999999997,P5,0.23117652780343112,FALSE,PPI,MTX,no significant difference,FALSE,385,116.71804,0.21275066819148092
SGRPWFHDWL,46.695943,P5,0.17957031231967086,FALSE,PPI,MTX,no significant difference,FALSE,363,116.71804,0.40007476993273705
FRRLHESPWL,28.026967999999997,P5,0.4388185802983413,FALSE,PPI,MTX,no significant difference,FALSE,385,116.71804,0.24012541677361954
SGRKWFVDWL,46.695943,P5,0.15491175147102523,FALSE,PPI,MTX,no significant difference,FALSE,363,116.71804,0.40007476993273705
RRRGHESPWL,27.385589,P5,0.21719891853299775,FALSE,PPI,MTX,no significant difference,FALSE,385,116.71804,0.2346303022223471
RRM*HESPWL,NA,P5,0.23483107248100085,FALSE,PPI,MTX,no significant difference,FALSE,385,116.71804,NA
SKV*AFLGWF,NA,P5,0.3284701837396056,FALSE,PPI,MTX,weaker,TRUE,366,116.71804,NA
SGRNWFKDWL,46.695943,P5,0.1293248514837659,FALSE,PPI,MTX,no significant difference,FALSE,363,116.71804,0.40007476993273705
SGRIWFRDWL,51.81661700000001,P5,0.17530835601227526,FALSE,PPI,MTX,no significant difference,FALSE,363,116.71804,0.44394694256346323
SGRVWFTDWL,47.974787,P5,0.18433964863427968,FALSE,PPI,MTX,no significant difference,FALSE,363,116.71804,0.4110314652302249
SGRGWFVDWL,46.695943,P5,0.18048779174295115,FALSE,PPI,MTX,no significant difference,FALSE,363,116.71804,0.40007476993273705
SGRCWFDDWL,46.695943,P5,0.14395773458051658,FALSE,PPI,MTX,no significant difference,FALSE,363,116.71804,0.40007476993273705
SGRTWFVDWL,47.974787,P5,0.1090856808388107,FALSE,PPI,MTX,no significant difference,FALSE,363,116.71804,0.4110314652302249
SGRSWFYDWL,47.974787,P5,0.09562371771441323,FALSE,PPI,MTX,no significant difference,FALSE,363,116.71804,0.4110314652302249
RRWEHESPWL,24.831840999999997,P5,0.17576705385147687,FALSE,PPI,MTX,no significant difference,FALSE,385,116.71804,0.21275066819148092
RRRLHSSPWL,28.664433,P5,0.3350127090153361,FALSE,PPI,MTX,no significant difference,FALSE,385,116.71804,0.24558699751983495
RSRLHESPWL,26.112808,P5,0.524165188862635,FALSE,PPI,MTX,no significant difference,FALSE,385,116.71804,0.22372555262237098
GKVRVFLGWF,114.805644,P5,0.5765618786353783,FALSE,PPI,MTX,no significant difference,FALSE,366,116.71804,0.9836152491936979
SGRRWFNDWL,53.729586,P5,0.11032816738891006,FALSE,PPI,MTX,no significant difference,FALSE,363,116.71804,0.4603366026365761
SKVRCFLGWF,112.24639299999998,P5,0.748266509822823,FALSE,PPI,MTX,no significant difference,FALSE,366,116.71804,0.9616884673526045
SGRFWFSDVL,28.023246999999998,P5,-0.22159365127357888,FALSE,PPI,MTX,weaker,TRUE,363,116.71804,0.2400935365261445
SKVEHFLGWF,105.21275,P5,0.8318056120991623,FALSE,PPI,MTX,no significant difference,FALSE,366,116.71804,0.9014266346487655
RRDVHESPWL,26.110684999999997,P5,0.20156616391967988,FALSE,PPI,MTX,no significant difference,FALSE,385,116.71804,0.22370736348896877
SGRRWFCDWL,53.729586,P5,0.10341643567734002,FALSE,PPI,MTX,no significant difference,FALSE,363,116.71804,0.4603366026365761
RRRLHFSPWL,47.976551,P5,0.3532138058324839,FALSE,PPI,MTX,no significant difference,FALSE,385,116.71804,0.4110465785751714
RRGPHESPWL,24.831840999999997,P5,0.18297453834873317,FALSE,PPI,MTX,no significant difference,FALSE,385,116.71804,0.21275066819148092
RR*NHESPWL,NA,P5,0.2714377551510685,FALSE,PPI,MTX,no significant difference,FALSE,385,116.71804,NA
RRRLHESPWK,28.664433,P5,0.28274350262738246,FALSE,PPI,MTX,no significant difference,FALSE,385,116.71804,0.24558699751983495
RRVEHESPWL,28.662463,P5,0.2477565000870716,FALSE,PPI,MTX,no significant difference,FALSE,385,116.71804,0.2455701192377802
GRRLHESPWL,29.301898,P5,0.46458852852207344,FALSE,PPI,MTX,no significant difference,FALSE,385,116.71804,0.25104857826605037
RRHLHESPWL,26.749122,P5,0.15374228169227502,FALSE,PPI,MTX,no significant difference,FALSE,385,116.71804,0.22917727199668533
RRRIHESPWL,31.222121,P5,0.205320311173619,FALSE,PPI,MTX,no significant difference,FALSE,385,116.71804,0.2675003881148107
SGRDWFNDWL,46.695943,P5,0.12877662804735396,FALSE,PPI,MTX,no significant difference,FALSE,363,116.71804,0.40007476993273705
SKVAVFLGWF,109.68439699999999,P5,0.7528038529798577,FALSE,PPI,MTX,no significant difference,FALSE,366,116.71804,0.9397381672961608
SKVFSFLGWF,107.129786,P5,0.6353120495749702,FALSE,PPI,MTX,no significant difference,FALSE,366,116.71804,0.9178511393782829
RRCCHESPWL,24.831840999999997,P5,0.15125491384685338,FALSE,PPI,MTX,no significant difference,FALSE,385,116.71804,0.21275066819148092
SGRCWFWDWL,47.338014,P5,0.20356819336166215,FALSE,PPI,MTX,no significant difference,FALSE,363,116.71804,0.4055758133018683
RRQDHESPWL,25.470277999999997,P5,0.1845583392804652,FALSE,PPI,MTX,no significant difference,FALSE,385,116.71804,0.21822057669919745
SGRAWFNDWL,46.695943,P5,0.17138518008044468,FALSE,PPI,MTX,no significant difference,FALSE,363,116.71804,0.40007476993273705
SKVPTFLGWF,108.40678399999999,P5,0.6705415619194944,FALSE,PPI,MTX,no significant difference,FALSE,366,116.71804,0.9287920187830432
SKV*IFLGWF,NA,P5,0.4184500114593189,FALSE,PPI,MTX,no significant difference,FALSE,366,116.71804,NA
SGRHWFADWL,46.695943,P5,0.1994126433824608,FALSE,PPI,MTX,no significant difference,FALSE,363,116.71804,0.40007476993273705
SGRRWFDDWL,53.729586,P5,0.139961297469689,FALSE,PPI,MTX,no significant difference,FALSE,363,116.71804,0.4603366026365761
RRERHESPWL,31.865484,P5,0.2104821990027941,FALSE,PPI,MTX,no significant difference,FALSE,385,116.71804,0.27301250089532003
SGRNWF*DWL,NA,P5,0.20970647349356367,FALSE,PPI,MTX,no significant difference,FALSE,363,116.71804,NA
SGRFWFSDWN,47.335364999999996,P5,-0.07312029557566412,FALSE,PPI,MTX,no significant difference,FALSE,363,116.71804,0.40555311758148094
SGRVWF*DWL,NA,P5,0.24088511334848664,FALSE,PPI,MTX,no significant difference,FALSE,363,116.71804,NA
SKVLKFLGWF,106.49159399999999,P5,0.7907403277095568,FALSE,PPI,MTX,no significant difference,FALSE,366,116.71804,0.9123833299462533
SKV*LFLGWF,NA,P5,0.37875893598079946,FALSE,PPI,MTX,weaker,TRUE,366,116.71804,NA
SGRDWFRDWL,47.980085,P5,0.1864732832029054,FALSE,PPI,MTX,no significant difference,FALSE,363,116.71804,0.41107685667099964
SGRVWFRDWL,49.258928999999995,P5,0.19014637988241603,FALSE,PPI,MTX,no significant difference,FALSE,363,116.71804,0.4220335519684874
RRHQHESPWL,25.470277999999997,P5,0.11901780039241108,FALSE,PPI,MTX,no significant difference,FALSE,385,116.71804,0.21822057669919745
RRHPHESPWL,25.470277999999997,P5,0.26202715157806866,FALSE,PPI,MTX,no significant difference,FALSE,385,116.71804,0.21822057669919745
SKVRLFLGWF,112.8852,P5,0.6995959476499471,FALSE,PPI,MTX,no significant difference,FALSE,366,116.71804,0.9671615458929913
SKVLLFLGWF,107.130401,P5,0.5992791168978873,FALSE,PPI,MTX,weaker,TRUE,366,116.71804,0.9178564084866402
SGRDWFSDWL,46.695943,P5,0.18796340027103164,FALSE,PPI,MTX,no significant difference,FALSE,363,116.71804,0.40007476993273705
RRHRHESPWL,32.503921,P5,0.17823558448692428,FALSE,PPI,MTX,no significant difference,FALSE,385,116.71804,0.2784824094030366
RR*DHESPWL,NA,P5,0.21007150534261723,FALSE,PPI,MTX,no significant difference,FALSE,385,116.71804,NA
RRRLLESPWL,29.30324,P5,0.6489372564143768,FALSE,PPI,MTX,stronger,TRUE,385,116.71804,0.2510600760602217
RRCHHESPWL,24.831840999999997,P5,0.1568346017622104,FALSE,PPI,MTX,no significant difference,FALSE,385,116.71804,0.21275066819148092
SGRDWFDDWL,46.695943,P5,0.1803897463754658,FALSE,PPI,MTX,no significant difference,FALSE,363,116.71804,0.40007476993273705
RRFMHESPWL,24.831840999999997,P5,0.2680537476536218,FALSE,PPI,MTX,no significant difference,FALSE,385,116.71804,0.21275066819148092
IKVRVFLGWF,114.805644,P5,0.434925843964251,FALSE,PPI,MTX,no significant difference,FALSE,366,116.71804,0.9836152491936979
RRRLHESPIL,9.352315,P5,0.1659807018811929,FALSE,PPI,MTX,no significant difference,FALSE,385,116.71804,0.08012741646449856
RRMMHESPWL,24.831840999999997,P5,0.24990344983119453,FALSE,PPI,MTX,no significant difference,FALSE,385,116.71804,0.21275066819148092
SGRTWFEDWL,47.974787,P5,0.1659447313510744,FALSE,PPI,MTX,no significant difference,FALSE,363,116.71804,0.4110314652302249
SKV*PFLGWF,NA,P5,0.3148286412346457,FALSE,PPI,MTX,weaker,TRUE,366,116.71804,NA
SGRVWFCDWL,47.974787,P5,0.2049554923143192,FALSE,PPI,MTX,no significant difference,FALSE,363,116.71804,0.4110314652302249
RREVHESPWL,26.110684999999997,P5,0.24975911563165631,FALSE,PPI,MTX,no significant difference,FALSE,385,116.71804,0.22370736348896877
RRRLNESPWL,28.025627,P5,0.5644239536864204,FALSE,PPI,MTX,no significant difference,FALSE,385,116.71804,0.24011392754710412
RRHSHESPWL,26.749122,P5,0.2097723174180506,FALSE,PPI,MTX,no significant difference,FALSE,385,116.71804,0.22917727199668533
SGRMWFQDWL,46.695943,P5,0.20164074393754505,FALSE,PPI,MTX,no significant difference,FALSE,363,116.71804,0.40007476993273705
SGR*WFLDWL,NA,P5,0.17201887291305767,FALSE,PPI,MTX,no significant difference,FALSE,363,116.71804,NA
SGRFWFSDRL,28.023246999999998,P5,-0.23729444065596217,FALSE,PPI,MTX,weaker,TRUE,363,116.71804,0.2400935365261445
RREWHESPWL,26.110684999999997,P5,0.1526361266933648,FALSE,PPI,MTX,no significant difference,FALSE,385,116.71804,0.22370736348896877
RRLIHESPWL,31.222121,P5,0.1735050037702382,FALSE,PPI,MTX,no significant difference,FALSE,385,116.71804,0.2675003881148107
SGRGWFTDWL,46.695943,P5,0.19592590314066335,FALSE,PPI,MTX,no significant difference,FALSE,363,116.71804,0.40007476993273705
RRMQHESPWL,24.831840999999997,P5,0.34044727716374634,FALSE,PPI,MTX,no significant difference,FALSE,385,116.71804,0.21275066819148092
SGRVWFEDWL,47.974787,P5,0.15136259020547635,FALSE,PPI,MTX,no significant difference,FALSE,363,116.71804,0.4110314652302249
SGRKWFGDWL,46.695943,P5,0.1885604444309368,FALSE,PPI,MTX,no significant difference,FALSE,363,116.71804,0.40007476993273705
SGRDWFVDWL,46.695943,P5,0.19719264394854136,FALSE,PPI,MTX,no significant difference,FALSE,363,116.71804,0.40007476993273705
RRPGHESPWL,24.831840999999997,P5,0.19316262037770993,FALSE,PPI,MTX,no significant difference,FALSE,385,116.71804,0.21275066819148092
SGRNWFWDWL,47.338014,P5,0.12351735918715064,FALSE,PPI,MTX,no significant difference,FALSE,363,116.71804,0.4055758133018683
SGRTWFGDWL,47.974787,P5,0.15355151597257885,FALSE,PPI,MTX,no significant difference,FALSE,363,116.71804,0.4110314652302249
LKVRVFLGWF,113.53071399999999,P5,0.449479207113778,FALSE,PPI,MTX,no significant difference,FALSE,366,116.71804,0.972692087701267
SGRFWFSQWL,47.335364999999996,P5,0.2255849552277539,FALSE,PPI,MTX,no significant difference,FALSE,363,116.71804,0.40555311758148094
RRELHESPWL,26.110684999999997,P5,0.2396238517938045,FALSE,PPI,MTX,no significant difference,FALSE,385,116.71804,0.22370736348896877
SGRWWFHDWL,47.974787,P5,0.2254823100071262,FALSE,PPI,MTX,no significant difference,FALSE,363,116.71804,0.4110314652302249
SKVGCFLGWF,105.21275,P5,0.6958778504779526,FALSE,PPI,MTX,no significant difference,FALSE,366,116.71804,0.9014266346487655
RRPWHESPWL,26.110684999999997,P5,0.21258368552043783,FALSE,PPI,MTX,no significant difference,FALSE,385,116.71804,0.22370736348896877
RRWDHESPWL,24.831840999999997,P5,0.19017086135067263,FALSE,PPI,MTX,no significant difference,FALSE,385,116.71804,0.21275066819148092
SGRPWF*DWL,NA,P5,0.1298332448545423,FALSE,PPI,MTX,no significant difference,FALSE,363,116.71804,NA
SKVRRFLGWF,112.8852,P5,0.7490356054958294,FALSE,PPI,MTX,stronger,TRUE,366,116.71804,0.9671615458929913
RRRLHESPPL,9.352315,P5,0.17350104873102412,FALSE,PPI,MTX,no significant difference,FALSE,385,116.71804,0.08012741646449856
RRS*HESPWL,NA,P5,0.27580242819203177,FALSE,PPI,MTX,no significant difference,FALSE,385,116.71804,NA
SGRRWFHDWL,53.729586,P5,0.23214391856938277,FALSE,PPI,MTX,no significant difference,FALSE,363,116.71804,0.4603366026365761
RRMSHESPWL,26.110684999999997,P5,0.23843550793631552,FALSE,PPI,MTX,no significant difference,FALSE,385,116.71804,0.22370736348896877
SKVNLFLGWF,105.85155699999999,P5,0.7029466274478005,FALSE,PPI,MTX,no significant difference,FALSE,366,116.71804,0.9068997131891521
SGRMWFTDWL,46.695943,P5,0.18552850117721495,FALSE,PPI,MTX,no significant difference,FALSE,363,116.71804,0.40007476993273705
SGRFWFSDHL,28.023246999999998,P5,-0.20907778313438097,FALSE,PPI,MTX,no significant difference,FALSE,363,116.71804,0.2400935365261445
RRENHESPWL,24.831840999999997,P5,0.3244958026160311,FALSE,PPI,MTX,no significant difference,FALSE,385,116.71804,0.21275066819148092
SGRPWFADWL,46.695943,P5,0.1769368808809273,FALSE,PPI,MTX,no significant difference,FALSE,363,116.71804,0.40007476993273705
SGRDWFLDWL,62.105653000000004,P5,0.16920210011275466,FALSE,PPI,MTX,no significant difference,FALSE,363,116.71804,0.5320998621978231
RARLHESPWL,26.750714,P5,0.5020924574483157,FALSE,PPI,MTX,no significant difference,FALSE,385,116.71804,0.229190911704823
RRQAHESPWL,25.470277999999997,P5,0.17956455887544764,FALSE,PPI,MTX,no significant difference,FALSE,385,116.71804,0.21822057669919745
SGRQWFADWL,46.695943,P5,0.15572465624881482,FALSE,PPI,MTX,no significant difference,FALSE,363,116.71804,0.40007476993273705
SGRNWFNDWL,46.695943,P5,0.1997564275727604,FALSE,PPI,MTX,no significant difference,FALSE,363,116.71804,0.40007476993273705
RRRLSESPWL,29.942047,P5,0.6021495275453033,FALSE,PPI,MTX,stronger,TRUE,385,116.71804,0.25653315460060844
RRFFHESPWL,25.471262999999997,P5,0.20275156568815145,FALSE,PPI,MTX,no significant difference,FALSE,385,116.71804,0.21822901584022483
RRTNHESPWL,28.024026,P5,0.20252780527886632,FALSE,PPI,MTX,no significant difference,FALSE,385,116.71804,0.24010021073006366
SGRRWFWDWL,54.371657,P5,0.16015750854371802,FALSE,PPI,MTX,no significant difference,FALSE,363,116.71804,0.46583764600570743
RRMTHESPWL,26.110684999999997,P5,0.203591938627152,FALSE,PPI,MTX,no significant difference,FALSE,385,116.71804,0.22370736348896877
RRICHESPWL,26.108714999999997,P5,0.1260999017518139,FALSE,PPI,MTX,no significant difference,FALSE,385,116.71804,0.223690485206914
SGREWFEDWL,46.695943,P5,0.19912273474014744,FALSE,PPI,MTX,no significant difference,FALSE,363,116.71804,0.40007476993273705
SGRMWFHDWL,46.695943,P5,0.08839810502582253,FALSE,PPI,MTX,no significant difference,FALSE,363,116.71804,0.40007476993273705
SGRPWFCDWL,46.695943,P5,0.11034134761508484,FALSE,PPI,MTX,no significant difference,FALSE,363,116.71804,0.40007476993273705
SKV*HFLGWF,NA,P5,0.4534376278702489,FALSE,PPI,MTX,no significant difference,FALSE,366,116.71804,NA
RRRLHESPSL,9.352315,P5,0.16189975992550143,FALSE,PPI,MTX,no significant difference,FALSE,385,116.71804,0.08012741646449856
SGRGWFKDWL,46.695943,P5,0.14613095730070863,FALSE,PPI,MTX,no significant difference,FALSE,363,116.71804,0.40007476993273705
RRRLHECPWL,28.664433,P5,0.21663528681518937,FALSE,PPI,MTX,no significant difference,FALSE,385,116.71804,0.24558699751983495
SKVLRFLGWF,107.130401,P5,0.7260011813943147,FALSE,PPI,MTX,no significant difference,FALSE,366,116.71804,0.9178564084866402
SGRFWFSDWD,47.335364999999996,P5,0.02455213972812919,FALSE,PPI,MTX,no significant difference,FALSE,363,116.71804,0.40555311758148094
SGRPWFDDWL,46.695943,P5,0.2659047790682885,FALSE,PPI,MTX,no significant difference,FALSE,363,116.71804,0.40007476993273705
RRTQHESPWL,28.024026,P5,0.25420576905830916,FALSE,PPI,MTX,no significant difference,FALSE,385,116.71804,0.24010021073006366
SGRVWFIDWL,48.616858,P5,0.23069541178353464,FALSE,PPI,MTX,no significant difference,FALSE,363,116.71804,0.4165325085993562
RR*RHESPWL,NA,P5,0.208467706933069,FALSE,PPI,MTX,no significant difference,FALSE,385,116.71804,NA
RRRLHESPTL,9.352315,P5,0.21395548962177255,FALSE,PPI,MTX,no significant difference,FALSE,385,116.71804,0.08012741646449856
SGRSWF*DWL,NA,P5,0.23108175541289808,FALSE,PPI,MTX,no significant difference,FALSE,363,116.71804,NA
RRITHESPWL,27.387559,P5,0.28274350262738246,FALSE,PPI,MTX,no significant difference,FALSE,385,116.71804,0.2346471805044019
SKVNAFLGWF,104.57394399999998,P5,0.6257508900159713,FALSE,PPI,MTX,no significant difference,FALSE,366,116.71804,0.8959535646760345
SKVAAFLGWF,104.57394399999998,P5,0.6790955751890182,FALSE,PPI,MTX,no significant difference,FALSE,366,116.71804,0.8959535646760345
RRKNHESPWL,25.470277999999997,P5,0.20771226200005297,FALSE,PPI,MTX,no significant difference,FALSE,385,116.71804,0.21822057669919745
RRQTHESPWL,26.749122,P5,0.25727527106163356,FALSE,PPI,MTX,no significant difference,FALSE,385,116.71804,0.22917727199668533
RRIGHESPWL,26.108714999999997,P5,0.22594850969484187,FALSE,PPI,MTX,no significant difference,FALSE,385,116.71804,0.223690485206914
SGREWFIDWL,47.338014,P5,0.17127382292375673,FALSE,PPI,MTX,no significant difference,FALSE,363,116.71804,0.4055758133018683
SKVGHFLGWF,105.21275,P5,0.7044353520273847,FALSE,PPI,MTX,no significant difference,FALSE,366,116.71804,0.9014266346487655
SKVRSFLGWF,113.52400699999998,P5,0.6917173596901725,FALSE,PPI,MTX,no significant difference,FALSE,366,116.71804,0.9726346244333779
RRYCHESPWL,24.831840999999997,P5,0.2977587878402422,FALSE,PPI,MTX,no significant difference,FALSE,385,116.71804,0.21275066819148092
RRIHHESPWL,26.108714999999997,P5,0.3877553865791598,FALSE,PPI,MTX,no significant difference,FALSE,385,116.71804,0.223690485206914
SGRYWFWDWL,49.256280000000004,P5,0.13626592591911668,FALSE,PPI,MTX,no significant difference,FALSE,363,116.71804,0.42201085624810014
SKVQWFLGWF,105.21275,P5,0.5718259761830087,FALSE,PPI,MTX,no significant difference,FALSE,366,116.71804,0.9014266346487655
SKVGIFLGWF,107.12916999999999,P5,0.7447432621493417,FALSE,PPI,MTX,no significant difference,FALSE,366,116.71804,0.9178458617022697
RRH*HESPWL,NA,P5,0.1468088080702318,FALSE,PPI,MTX,no significant difference,FALSE,385,116.71804,NA
SGRAWFIDWL,47.338014,P5,0.12460931077514192,FALSE,PPI,MTX,no significant difference,FALSE,363,116.71804,0.4055758133018683
RRYEHESPWL,24.831840999999997,P5,0.30288287403590725,FALSE,PPI,MTX,no significant difference,FALSE,385,116.71804,0.21275066819148092
SGREWFLDWL,62.105653000000004,P5,0.16632756176270963,FALSE,PPI,MTX,no significant difference,FALSE,363,116.71804,0.5320998621978231
PGRFWFSDWL,44.148039,P5,0.20893792320388185,FALSE,PPI,MTX,no significant difference,FALSE,363,116.71804,0.378245205282748
RRRLHEIPWL,29.306503999999997,P5,0.1561489917330858,FALSE,PPI,MTX,no significant difference,FALSE,385,116.71804,0.25108804088896625
RR*THESPWL,NA,P5,0.17668148646318077,FALSE,PPI,MTX,no significant difference,FALSE,385,116.71804,NA
RRDRHESPWL,31.865484,P5,0.23988633541453455,FALSE,PPI,MTX,no significant difference,FALSE,385,116.71804,0.27301250089532003
SKVR*FLGWF,NA,P5,0.3545792225829992,FALSE,PPI,MTX,weaker,TRUE,366,116.71804,NA
SKGRVFLGWF,112.887418,P5,0.5850137462490044,FALSE,PPI,MTX,no significant difference,FALSE,366,116.71804,0.9671805489537006
RRTKHESPWL,28.024026,P5,0.20511961112417665,FALSE,PPI,MTX,no significant difference,FALSE,385,116.71804,0.24010021073006366
SGRDWFGDWL,46.695943,P5,0.23209216736378271,FALSE,PPI,MTX,no significant difference,FALSE,363,116.71804,0.40007476993273705
RREYHESPWL,26.750107,P5,0.20257362469472467,FALSE,PPI,MTX,no significant difference,FALSE,385,116.71804,0.22918571113771272
SKVAFFLGWF,105.21275,P5,0.587846609919221,FALSE,PPI,MTX,no significant difference,FALSE,366,116.71804,0.9014266346487655
SKVRV*LGWF,NA,P5,0.23227232116039664,FALSE,PPI,MTX,no significant difference,FALSE,366,116.71804,NA
PRRLHESPWL,28.026967999999997,P5,0.4736053578205316,FALSE,PPI,MTX,no significant difference,FALSE,385,116.71804,0.24012541677361954
*GRFWFSDWL,NA,P5,0.31122339502152235,FALSE,PPI,MTX,no significant difference,FALSE,363,116.71804,NA
RRRLHESPWE,28.664433,P5,0.29670591972319577,FALSE,PPI,MTX,no significant difference,FALSE,385,116.71804,0.24558699751983495
SGRQWFNDWL,46.695943,P5,0.09857577453280332,FALSE,PPI,MTX,no significant difference,FALSE,363,116.71804,0.40007476993273705
SKVAGFLGWF,104.57394399999998,P5,0.6051476085195963,FALSE,PPI,MTX,weaker,TRUE,366,116.71804,0.8959535646760345
SKVL*FLGWF,NA,P5,0.33639156250739455,FALSE,PPI,MTX,weaker,TRUE,366,116.71804,NA
SGRPWFIDWL,47.338014,P5,0.1202876370157997,FALSE,PPI,MTX,no significant difference,FALSE,363,116.71804,0.4055758133018683
RRRLHEMPWL,30.590646,P5,0.1507816683226615,FALSE,PPI,MTX,no significant difference,FALSE,385,116.71804,0.26209012762722883
SGPFWFSDWL,44.781617,P5,0.19529741746435095,FALSE,PPI,MTX,no significant difference,FALSE,363,116.71804,0.38367348355061476
SKVLSFLGWF,107.76920799999999,P5,0.6528319664584259,FALSE,PPI,MTX,no significant difference,FALSE,366,116.71804,0.9233294870270268
RRDTHESPWL,26.110684999999997,P5,0.22283064461325355,FALSE,PPI,MTX,no significant difference,FALSE,385,116.71804,0.22370736348896877
RRSTHESPWL,26.110684999999997,P5,0.22588520910991816,FALSE,PPI,MTX,no significant difference,FALSE,385,116.71804,0.22370736348896877
RRIQHESPWL,26.108714999999997,P5,0.1304584336225014,FALSE,PPI,MTX,no significant difference,FALSE,385,116.71804,0.223690485206914
SGRRWFMDWL,55.655799,P5,0.12649556199018525,FALSE,PPI,MTX,no significant difference,FALSE,363,116.71804,0.47683973274397
SKVRVDLGWF,97.405922,P5,0.5982974863969224,FALSE,PPI,MTX,no significant difference,FALSE,366,116.71804,0.8345404189446636
SGRSWFDDWL,47.974787,P5,0.1612975361168095,FALSE,PPI,MTX,no significant difference,FALSE,363,116.71804,0.4110314652302249
SGQFWFSDWL,45.42005399999999,P5,0.3137985539199595,FALSE,PPI,MTX,no significant difference,FALSE,363,116.71804,0.38914339205833126
SKV*SFLGWF,NA,P5,0.33882855979347715,FALSE,PPI,MTX,weaker,TRUE,366,116.71804,NA
SGRCWFTDWL,46.695943,P5,0.0913816401012233,FALSE,PPI,MTX,no significant difference,FALSE,363,116.71804,0.40007476993273705
RRDHHESPWL,24.831840999999997,P5,0.2877834380883016,FALSE,PPI,MTX,no significant difference,FALSE,385,116.71804,0.21275066819148092
SGREWFSDWL,46.695943,P5,0.19750255855492344,FALSE,PPI,MTX,no significant difference,FALSE,363,116.71804,0.40007476993273705
RRRLHERPWL,29.948574999999998,P5,0.16640716830329882,FALSE,PPI,MTX,no significant difference,FALSE,385,116.71804,0.2565890842580975
SKVRDFLGWF,111.607587,P5,0.7320207221257998,FALSE,PPI,MTX,no significant difference,FALSE,366,116.71804,0.9562153973798737
SGRAWFMDWL,48.622156000000004,P5,0.20893792320388185,FALSE,PPI,MTX,no significant difference,FALSE,363,116.71804,0.4165779000401309
SGRSWFEDWL,47.974787,P5,0.16592120374542102,FALSE,PPI,MTX,no significant difference,FALSE,363,116.71804,0.4110314652302249
SGREWFTDWL,46.695943,P5,0.17194446777086664,FALSE,PPI,MTX,no significant difference,FALSE,363,116.71804,0.40007476993273705
SGR*WFDDWL,NA,P5,0.2624970552475239,FALSE,PPI,MTX,no significant difference,FALSE,363,116.71804,NA
RDRLHESPWL,25.474902,P5,0.3641148881015155,FALSE,PPI,MTX,no significant difference,FALSE,385,116.71804,0.21826019353991893
RRISHESPWL,27.387559,P5,0.19203932531973944,FALSE,PPI,MTX,no significant difference,FALSE,385,116.71804,0.2346471805044019
SKVALFLGWF,105.85155699999999,P5,0.7114561752057103,FALSE,PPI,MTX,no significant difference,FALSE,366,116.71804,0.9068997131891521
SGRFWNSDWL,28.023246999999998,P5,0.5909924145004816,FALSE,PPI,MTX,no significant difference,FALSE,363,116.71804,0.2400935365261445
SGRCWFYDWL,46.695943,P5,0.2151280319640978,FALSE,PPI,MTX,no significant difference,FALSE,363,116.71804,0.40007476993273705
RERLHESPWL,25.474902,P5,0.5375344192237443,FALSE,PPI,MTX,no significant difference,FALSE,385,116.71804,0.21826019353991893
SGRKWFQDWL,46.695943,P5,0.12764123650053702,FALSE,PPI,MTX,no significant difference,FALSE,363,116.71804,0.40007476993273705
SGR*WFFDWL,NA,P5,0.2111099318925888,FALSE,PPI,MTX,no significant difference,FALSE,363,116.71804,NA
SGREWFVDWL,46.695943,P5,0.22087122234253304,FALSE,PPI,MTX,no significant difference,FALSE,363,116.71804,0.40007476993273705
SGRDWF*DWL,NA,P5,0.3589606920671088,FALSE,PPI,MTX,no significant difference,FALSE,363,116.71804,NA
RFRLHESPWL,26.112808,P5,0.52180375460508,FALSE,PPI,MTX,no significant difference,FALSE,385,116.71804,0.22372555262237098
RRIFHESPWL,26.748137,P5,0.26867575003034283,FALSE,PPI,MTX,no significant difference,FALSE,385,116.71804,0.22916883285565795
SKVDGFLGWF,104.57394399999998,P5,0.5797410771178884,FALSE,PPI,MTX,no significant difference,FALSE,366,116.71804,0.8959535646760345
RRQGHESPWL,25.470277999999997,P5,0.2163362779695592,FALSE,PPI,MTX,no significant difference,FALSE,385,116.71804,0.21822057669919745
RGRFWFSDWL,44.785504,P5,0.1199894739493797,FALSE,PPI,MTX,no significant difference,FALSE,363,116.71804,0.3837067860289635
SKRRVFLGWF,115.44116600000001,P5,0.69399999068263,FALSE,PPI,MTX,no significant difference,FALSE,366,116.71804,0.989060182984567
SGRFWRSDWL,28.023246999999998,P5,0.40732347739748775,FALSE,PPI,MTX,no significant difference,FALSE,363,116.71804,0.2400935365261445
SKVAMFLGWF,104.57394399999998,P5,0.7463659749051132,FALSE,PPI,MTX,no significant difference,FALSE,366,116.71804,0.8959535646760345
SGREWFYDWL,46.695943,P5,0.28037930589603377,FALSE,PPI,MTX,no significant difference,FALSE,363,116.71804,0.40007476993273705
RRRLHEGPWL,28.664433,P5,0.19186443038270504,FALSE,PPI,MTX,weaker,TRUE,385,116.71804,0.24558699751983495
SGRLWFWDWL,48.616858,P5,0.13182230120857744,FALSE,PPI,MTX,no significant difference,FALSE,363,116.71804,0.4165325085993562
NRRLHESPWL,28.026967999999997,P5,0.24337367623660425,FALSE,PPI,MTX,no significant difference,FALSE,385,116.71804,0.24012541677361954
SGR*WFIDWL,NA,P5,0.317362867482588,FALSE,PPI,MTX,no significant difference,FALSE,363,116.71804,NA
RRIWHESPWL,27.387559,P5,0.18371611802295104,FALSE,PPI,MTX,no significant difference,FALSE,385,116.71804,0.2346471805044019
SGRVWFLDWL,63.384496999999996,P5,0.1589543538681725,FALSE,PPI,MTX,no significant difference,FALSE,363,116.71804,0.5430565574953109
SGRLWFDDWL,47.974787,P5,0.14009691226607748,FALSE,PPI,MTX,no significant difference,FALSE,363,116.71804,0.4110314652302249
SGRPWFPDWL,46.695943,P5,0.21751735171779524,FALSE,PPI,MTX,no significant difference,FALSE,363,116.71804,0.40007476993273705
RRRLHNSPWL,28.664433,P5,0.3655274588797112,FALSE,PPI,MTX,no significant difference,FALSE,385,116.71804,0.24558699751983495
SKVRVFKGWF,101.30833,P5,0.546035507032404,FALSE,PPI,MTX,no significant difference,FALSE,366,116.71804,0.8679749077349139
RRYTHESPWL,26.110684999999997,P5,0.1744122801272957,FALSE,PPI,MTX,no significant difference,FALSE,385,116.71804,0.22370736348896877
RRV*HESPWL,NA,P5,0.22632015618970305,FALSE,PPI,MTX,no significant difference,FALSE,385,116.71804,NA
SGRIWFPDWL,50.532475,P5,0.17625415256211935,FALSE,PPI,MTX,no significant difference,FALSE,363,116.71804,0.4329448558252006
SKVRTFLGWF,115.440427,P5,0.7947949597013971,FALSE,PPI,MTX,stronger,TRUE,366,116.71804,0.9890538514868824
RRRLHQSPWL,28.664433,P5,0.37638666786638875,FALSE,PPI,MTX,no significant difference,FALSE,385,116.71804,0.24558699751983495
SGRTWFTDWL,47.974787,P5,0.10683903348337163,FALSE,PPI,MTX,no significant difference,FALSE,363,116.71804,0.4110314652302249
SGRFWTSDWL,28.023246999999998,P5,0.17513176224930913,FALSE,PPI,MTX,no significant difference,FALSE,363,116.71804,0.2400935365261445
RRLYHESPWL,29.303855,P5,0.229791034920593,FALSE,PPI,MTX,no significant difference,FALSE,385,116.71804,0.25106534516857887
RRTAHESPWL,28.024026,P5,0.24412376682000456,FALSE,PPI,MTX,no significant difference,FALSE,385,116.71804,0.24010021073006366
SKVRVFLAWF,96.75156,P5,0.15111285446679312,FALSE,PPI,MTX,weaker,TRUE,366,116.71804,0.8289340705172911
SGRIWFQDWL,50.532475,P5,0.15810708302654936,FALSE,PPI,MTX,no significant difference,FALSE,363,116.71804,0.4329448558252006
SGRDWFHDWL,46.695943,P5,0.15938648732735888,FALSE,PPI,MTX,no significant difference,FALSE,363,116.71804,0.40007476993273705
SKVARFLGWF,105.85155699999999,P5,0.772277334770292,FALSE,PPI,MTX,stronger,TRUE,366,116.71804,0.9068997131891521
RRLKHESPWL,27.385589,P5,0.20951348924130545,FALSE,PPI,MTX,no significant difference,FALSE,385,116.71804,0.2346303022223471
SGR*WFNDWL,NA,P5,0.2575852737500408,FALSE,PPI,MTX,no significant difference,FALSE,363,116.71804,NA
RRHFHESPWL,26.109699999999997,P5,0.18762505836285517,FALSE,PPI,MTX,no significant difference,FALSE,385,116.71804,0.2236989243479414
SGRPWFRDWL,47.980085,P5,0.17638175856261645,FALSE,PPI,MTX,no significant difference,FALSE,363,116.71804,0.41107685667099964
SKVASFLGWF,106.490364,P5,0.702990274186832,FALSE,PPI,MTX,no significant difference,FALSE,366,116.71804,0.912372791729539
SKVRHFLGWF,112.24639299999998,P5,0.7277360408147606,FALSE,PPI,MTX,no significant difference,FALSE,366,116.71804,0.9616884673526045
SKVRVFLEWF,96.75156,P5,0.14125815062241712,FALSE,PPI,MTX,no significant difference,FALSE,366,116.71804,0.8289340705172911
SGRDWFKDWL,46.695943,P5,0.23487568173408843,FALSE,PPI,MTX,no significant difference,FALSE,363,116.71804,0.40007476993273705
RRIPHESPWL,26.108714999999997,P5,0.22697843149853192,FALSE,PPI,MTX,no significant difference,FALSE,385,116.71804,0.223690485206914
SKV*CFLGWF,NA,P5,0.3643913714535103,FALSE,PPI,MTX,no significant difference,FALSE,366,116.71804,NA
RRVDHESPWL,28.662463,P5,0.16626206363043206,FALSE,PPI,MTX,no significant difference,FALSE,385,116.71804,0.2455701192377802
RRRLHESMWL,28.664433,P5,0.00791436945260782,FALSE,PPI,MTX,weaker,TRUE,385,116.71804,0.24558699751983495
SKVATFLGWF,108.40678399999999,P5,0.8460030019790808,FALSE,PPI,MTX,no significant difference,FALSE,366,116.71804,0.9287920187830432
RRP*HESPWL,NA,P5,0.21672278228826,FALSE,PPI,MTX,no significant difference,FALSE,385,116.71804,NA
SKVRVELGWF,97.405922,P5,0.5086982154016663,FALSE,PPI,MTX,no significant difference,FALSE,366,116.71804,0.8345404189446636
R*RLHESPWL,NA,P5,0.5099711014831564,FALSE,PPI,MTX,no significant difference,FALSE,385,116.71804,NA
SGRLWFGDWL,47.974787,P5,0.16137065511822976,FALSE,PPI,MTX,no significant difference,FALSE,363,116.71804,0.4110314652302249
RRHIHESPWL,29.30681,P5,0.12985265169248772,FALSE,PPI,MTX,no significant difference,FALSE,385,116.71804,0.2510906625916611
SGRNWFMDWL,48.622156000000004,P5,0.18069068794074852,FALSE,PPI,MTX,no significant difference,FALSE,363,116.71804,0.4165779000401309
RRARHESPWL,31.865484,P5,0.22882098901785097,FALSE,PPI,MTX,no significant difference,FALSE,385,116.71804,0.27301250089532003
RRHKHESPWL,25.470277999999997,P5,0.23003070863862235,FALSE,PPI,MTX,no significant difference,FALSE,385,116.71804,0.21822057669919745
RRPAHESPWL,24.831840999999997,P5,0.209794202233468,FALSE,PPI,MTX,no significant difference,FALSE,385,116.71804,0.21275066819148092
RNRLHESPWL,25.474902,P5,0.3402950151115747,FALSE,PPI,MTX,no significant difference,FALSE,385,116.71804,0.21826019353991893
SGRGWF*DWL,NA,P5,0.16168990765693808,FALSE,PPI,MTX,no significant difference,FALSE,363,116.71804,NA
SGRSWFLDWL,63.384496999999996,P5,0.15302218881820176,FALSE,PPI,MTX,no significant difference,FALSE,363,116.71804,0.5430565574953109
SKVRKFLGWF,112.24639299999998,P5,0.84366290877076755,FALSE,PPI,MTX,stronger,TRUE,366,116.71804,0.9616884673526045
RREQHESPWL,24.831840999999997,P5,0.3703768403669425,FALSE,PPI,MTX,no significant difference,FALSE,385,116.71804,0.21275066819148092
RRRLHESPAL,9.352315,P5,0.19231407240927145,FALSE,PPI,MTX,no significant difference,FALSE,385,116.71804,0.08012741646449856
RRMGHESPWL,24.831840999999997,P5,0.20970891715362772,FALSE,PPI,MTX,no significant difference,FALSE,385,116.71804,0.21275066819148092
RRRLHWSPWL,29.308170999999998,P5,0.23945468224778865,FALSE,PPI,MTX,no significant difference,FALSE,385,116.71804,0.25110232317129383
SGRFMFSDWL,46.696559,P5,0.4013014662746738,FALSE,PPI,MTX,no significant difference,FALSE,363,116.71804,0.4000800476087501
SKVRVFLGEF,97.405922,P5,0.3659000949733366,FALSE,PPI,MTX,no significant difference,FALSE,366,116.71804,0.8345404189446636
RRRLHYSPWL,28.664433,P5,0.33491451625979823,FALSE,PPI,MTX,no significant difference,FALSE,385,116.71804,0.24558699751983495
RRRLHESPEL,9.352315,P5,0.12642210315590346,FALSE,PPI,MTX,no significant difference,FALSE,385,116.71804,0.08012741646449856
SGRLWFHDWL,47.974787,P5,0.17923735752977332,FALSE,PPI,MTX,no significant difference,FALSE,363,116.71804,0.4110314652302249
RRMKHESPWL,24.831840999999997,P5,0.24093037445032583,FALSE,PPI,MTX,no significant difference,FALSE,385,116.71804,0.21275066819148092
RRRLIESPWL,30.580852999999998,P5,0.7474080520881898,FALSE,PPI,MTX,no significant difference,FALSE,385,116.71804,0.2620062245733393
SGRHWFCDWL,46.695943,P5,0.18822014390371933,FALSE,PPI,MTX,no significant difference,FALSE,363,116.71804,0.40007476993273705
SKVC*FLGWF,NA,P5,0.37332370275445825,FALSE,PPI,MTX,no significant difference,FALSE,366,116.71804,NA
SGRFQFSDWL,47.335364999999996,P5,0.4042635130483997,FALSE,PPI,MTX,no significant difference,FALSE,363,116.71804,0.40555311758148094
RR*AHESPWL,NA,P5,0.25343207525853917,FALSE,PPI,MTX,no significant difference,FALSE,385,116.71804,NA
SGRWWF*DWL,NA,P5,0.1939489352761451,FALSE,PPI,MTX,no significant difference,FALSE,363,116.71804,NA
RRCVHESPWL,26.110684999999997,P5,0.22817494537911912,FALSE,PPI,MTX,no significant difference,FALSE,385,116.71804,0.22370736348896877
SGRFRFSDWL,47.974171999999996,P5,0.4090319247780401,FALSE,PPI,MTX,stronger,TRUE,363,116.71804,0.41102619612186764
RRPEHESPWL,24.831840999999997,P5,0.2058524112326796,FALSE,PPI,MTX,no significant difference,FALSE,385,116.71804,0.21275066819148092
SGRNWFDDWL,46.695943,P5,0.26179796880047634,FALSE,PPI,MTX,no significant difference,FALSE,363,116.71804,0.40007476993273705
SKVCAFLGWF,104.57394399999998,P5,0.7421632873519045,FALSE,PPI,MTX,no significant difference,FALSE,366,116.71804,0.8959535646760345
RRCWHESPWL,26.110684999999997,P5,0.11066251256206731,FALSE,PPI,MTX,no significant difference,FALSE,385,116.71804,0.22370736348896877
RGRLHESPWL,26.112808,P5,0.383104344997015,FALSE,PPI,MTX,no significant difference,FALSE,385,116.71804,0.22372555262237098
SAVRVFLGWF,114.80432099999999,P5,0.5604819145106792,FALSE,PPI,MTX,no significant difference,FALSE,366,116.71804,0.9836039141849879
RRETHESPWL,26.110684999999997,P5,0.22153291069871667,FALSE,PPI,MTX,no significant difference,FALSE,385,116.71804,0.22370736348896877
SKVCCFLGWF,105.21275,P5,0.8082718819888122,FALSE,PPI,MTX,no significant difference,FALSE,366,116.71804,0.9014266346487655
RRWPHESPWL,24.831840999999997,P5,0.18834370213249296,FALSE,PPI,MTX,no significant difference,FALSE,385,116.71804,0.21275066819148092
RRRLCESPWL,28.664433,P5,0.7183746965239522,FALSE,PPI,MTX,no significant difference,FALSE,385,116.71804,0.24558699751983495
RRPFHESPWL,25.471262999999997,P5,0.21399141092933116,FALSE,PPI,MTX,no significant difference,FALSE,385,116.71804,0.21822901584022483
SGRPWFTDWL,46.695943,P5,0.05277712074445989,FALSE,PPI,MTX,no significant difference,FALSE,363,116.71804,0.40007476993273705
RRVIHESPWL,32.498995,P5,0.1525989536055284,FALSE,PPI,MTX,no significant difference,FALSE,385,116.71804,0.2784402051302438
SGRSWFMDWL,49.900999999999996,P5,0.13060367832649553,FALSE,PPI,MTX,no significant difference,FALSE,363,116.71804,0.42753459533761873
SGRNWFTDWL,46.695943,P5,0.15626452866673168,FALSE,PPI,MTX,no significant difference,FALSE,363,116.71804,0.40007476993273705
SGRKWFEDWL,46.695943,P5,0.13626592591911668,FALSE,PPI,MTX,no significant difference,FALSE,363,116.71804,0.40007476993273705
RR*GHESPWL,NA,P5,0.20066180578496295,FALSE,PPI,MTX,no significant difference,FALSE,385,116.71804,NA
SGRAWF*DWL,NA,P5,0.15188405409199968,FALSE,PPI,MTX,no significant difference,FALSE,363,116.71804,NA
KKVRVFLGWF,114.16817900000001,P5,0.5830463516511699,FALSE,PPI,MTX,no significant difference,FALSE,366,116.71804,0.9781536684474825
RRRLFESPWL,28.664433,P5,0.7142269857887071,FALSE,PPI,MTX,no significant difference,FALSE,385,116.71804,0.24558699751983495
SCVRVFLGWF,113.52850899999999,P5,0.54389358302636,FALSE,PPI,MTX,no significant difference,FALSE,366,116.71804,0.9726731960200838
SKVRVFLGLF,97.405922,P5,0.246596503102354,FALSE,PPI,MTX,weaker,TRUE,366,116.71804,0.8345404189446636
RRQLHESPWL,26.749122,P5,0.15873013434209438,FALSE,PPI,MTX,no significant difference,FALSE,385,116.71804,0.22917727199668533
RRRYHESPWL,29.303855,P5,0.20127702993408697,FALSE,PPI,MTX,no significant difference,FALSE,385,116.71804,0.25106534516857887
SGRWWFGDWL,47.974787,P5,0.21427184949747297,FALSE,PPI,MTX,no significant difference,FALSE,363,116.71804,0.4110314652302249
SKVRVFLGNF,97.405922,P5,0.34222583312719945,FALSE,PPI,MTX,no significant difference,FALSE,366,116.71804,0.8345404189446636
SKVRNFLGWF,111.607587,P5,0.7756003487234302,FALSE,PPI,MTX,no significant difference,FALSE,366,116.71804,0.9562153973798737
RRAQHESPWL,24.831840999999997,P5,0.2099504812556099,FALSE,PPI,MTX,no significant difference,FALSE,385,116.71804,0.21275066819148092
SGRFTFSDWL,50.529399,P5,0.4241506278712567,FALSE,PPI,MTX,stronger,TRUE,363,116.71804,0.43291850171575874
RRRLGESPWL,28.025627,P5,0.6490887583810293,FALSE,PPI,MTX,no significant difference,FALSE,385,116.71804,0.24011392754710412
SKVCGFLGWF,104.57394399999998,P5,0.6389699289818012,FALSE,PPI,MTX,no significant difference,FALSE,366,116.71804,0.8959535646760345
RR*IHESPWL,NA,P5,0.22142618500732392,FALSE,PPI,MTX,no significant difference,FALSE,385,116.71804,NA
SKVRVFLGPF,97.405922,P5,0.2600229336947894,FALSE,PPI,MTX,weaker,TRUE,366,116.71804,0.8345404189446636
SGRDWFYDWL,46.695943,P5,0.187784093735128,FALSE,PPI,MTX,no significant difference,FALSE,363,116.71804,0.40007476993273705
SGRPWFWDWL,47.338014,P5,0.21943464734767207,FALSE,PPI,MTX,no significant difference,FALSE,363,116.71804,0.4055758133018683
SGRFVFSDWL,51.807012,P5,0.4269114021816384,FALSE,PPI,MTX,stronger,TRUE,363,116.71804,0.44386465022887633
SGREWF*DWL,NA,P5,0.17556678261503195,FALSE,PPI,MTX,no significant difference,FALSE,363,116.71804,NA
SGRPWFYDWL,46.695943,P5,0.1861076075552276,FALSE,PPI,MTX,no significant difference,FALSE,363,116.71804,0.40007476993273705
RRFCHESPWL,24.831840999999997,P5,0.17284230799708655,FALSE,PPI,MTX,no significant difference,FALSE,385,116.71804,0.21275066819148092
SGRAWFCDWL,46.695943,P5,0.17434862381899124,FALSE,PPI,MTX,no significant difference,FALSE,363,116.71804,0.40007476993273705
RRKTHESPWL,26.749122,P5,0.25795017138831733,FALSE,PPI,MTX,no significant difference,FALSE,385,116.71804,0.22917727199668533
SGRAWFDDWL,46.695943,P5,0.1939489352761451,FALSE,PPI,MTX,no significant difference,FALSE,363,116.71804,0.40007476993273705
SGRFW*SDWL,NA,P5,0.604391032549072,FALSE,PPI,MTX,no significant difference,FALSE,363,116.71804,NA
RRKHHESPWL,25.470277999999997,P5,0.29088848228672204,FALSE,PPI,MTX,no significant difference,FALSE,385,116.71804,0.21822057669919745
SKVCLFLGWF,105.85155699999999,P5,0.7790337694866794,FALSE,PPI,MTX,no significant difference,FALSE,366,116.71804,0.9068997131891521
RRI*HESPWL,NA,P5,0.1870078608407944,FALSE,PPI,MTX,no significant difference,FALSE,385,116.71804,NA
SKVEIFLGWF,107.12916999999999,P5,0.8017497320873757,FALSE,PPI,MTX,no significant difference,FALSE,366,116.71804,0.9178458617022697
RRRLHESP*L,NA,P5,0.24983629707977173,FALSE,PPI,MTX,no significant difference,FALSE,385,116.71804,NA
SKVRVFLGRF,97.405922,P5,0.25697154406294476,FALSE,PPI,MTX,weaker,TRUE,366,116.71804,0.8345404189446636
SGRWWFLDWL,63.384496999999996,P5,0.1143358635560292,FALSE,PPI,MTX,no significant difference,FALSE,363,116.71804,0.5430565574953109
SGREWFDDWL,46.695943,P5,0.2773404302600942,FALSE,PPI,MTX,no significant difference,FALSE,363,116.71804,0.40007476993273705
RRDIHESPWL,28.668373,P5,0.238773564074298,FALSE,PPI,MTX,no significant difference,FALSE,385,116.71804,0.24562075408394451
SKVGFFLGWF,105.21275,P5,0.5920553787319169,FALSE,PPI,MTX,no significant difference,FALSE,366,116.71804,0.9014266346487655
SGRFWFSSWL,47.335364999999996,P5,0.19048541071642844,FALSE,PPI,MTX,no significant difference,FALSE,363,116.71804,0.40555311758148094
RRRLTESPWL,31.858466999999997,P5,0.725539711517966,FALSE,PPI,MTX,no significant difference,FALSE,385,116.71804,0.27295238165411273
SKVRVFLGSF,97.405922,P5,0.28543405721598114,FALSE,PPI,MTX,weaker,TRUE,366,116.71804,0.8345404189446636
RR*PHESPWL,NA,P5,0.2745748110673205,FALSE,PPI,MTX,no significant difference,FALSE,385,116.71804,NA
RRTPHESPWL,28.024026,P5,0.2289489248452892,FALSE,PPI,MTX,no significant difference,FALSE,385,116.71804,0.24010021073006366
SGREWFFDWL,46.695943,P5,0.1882576241257971,FALSE,PPI,MTX,no significant difference,FALSE,363,116.71804,0.40007476993273705
SGREWFGDWL,46.695943,P5,0.18880276976994148,FALSE,PPI,MTX,no significant difference,FALSE,363,116.71804,0.40007476993273705
SGRFWF*DWL,NA,P5,0.08887152910896903,FALSE,PPI,MTX,no significant difference,FALSE,363,116.71804,NA
SGFFWFSDWL,44.781617,P5,0.2494131215926448,FALSE,PPI,MTX,no significant difference,FALSE,363,116.71804,0.38367348355061476
SGRQWFEDWL,46.695943,P5,0.20623542696401637,FALSE,PPI,MTX,no significant difference,FALSE,363,116.71804,0.40007476993273705
SKVA*FLGWF,NA,P5,0.34479448641511234,FALSE,PPI,MTX,no significant difference,FALSE,366,116.71804,NA
RRGQHESPWL,24.831840999999997,P5,0.2499997433955548,FALSE,PPI,MTX,no significant difference,FALSE,385,116.71804,0.21275066819148092
SGRQWFFDWL,46.695943,P5,0.00818232249381752,FALSE,PPI,MTX,no significant difference,FALSE,363,116.71804,0.40007476993273705
SKVCQFLGWF,105.21275,P5,0.8265084725662335,FALSE,PPI,MTX,no significant difference,FALSE,366,116.71804,0.9014266346487655
NGRFWFSDWL,44.148039,P5,0.19454794165877864,FALSE,PPI,MTX,no significant difference,FALSE,363,116.71804,0.378245205282748
RRDMHESPWL,24.831840999999997,P5,0.22825756726875993,FALSE,PPI,MTX,no significant difference,FALSE,385,116.71804,0.21275066819148092
SGRFWFSWWL,47.335364999999996,P5,0.19744376652660592,FALSE,PPI,MTX,no significant difference,FALSE,363,116.71804,0.40555311758148094
SKVCRFLGWF,105.85155699999999,P5,0.7898008122296181,FALSE,PPI,MTX,no significant difference,FALSE,366,116.71804,0.9068997131891521
SGRGWFLDWL,62.105653000000004,P5,0.1301044022871774,FALSE,PPI,MTX,no significant difference,FALSE,363,116.71804,0.5320998621978231
SGREWFKDWL,46.695943,P5,0.4436711605834708,FALSE,PPI,MTX,no significant difference,FALSE,363,116.71804,0.40007476993273705
SGRFWFDDWL,47.335364999999996,P5,0.18366032272926427,FALSE,PPI,MTX,no significant difference,FALSE,363,116.71804,0.40555311758148094
SGRPWFFDWL,46.695943,P5,0.1342620778355571,FALSE,PPI,MTX,no significant difference,FALSE,363,116.71804,0.40007476993273705
SGRWWFADWL,47.974787,P5,0.218228860206524,FALSE,PPI,MTX,no significant difference,FALSE,363,116.71804,0.4110314652302249
SGRAWFHDWL,46.695943,P5,0.1734452729690541,FALSE,PPI,MTX,no significant difference,FALSE,363,116.71804,0.40007476993273705
SKVADFLGWF,104.57394399999998,P5,0.6933105425760717,FALSE,PPI,MTX,no significant difference,FALSE,366,116.71804,0.8959535646760345
SGRQWFIDWL,47.338014,P5,0.08764737079977339,FALSE,PPI,MTX,no significant difference,FALSE,363,116.71804,0.4055758133018683
SKVCSFLGWF,106.490364,P5,0.7589398389935678,FALSE,PPI,MTX,no significant difference,FALSE,366,116.71804,0.912372791729539
RRRLHESPW*,NA,P5,0.2637468185325266,FALSE,PPI,MTX,no significant difference,FALSE,385,116.71804,NA
RRPNHESPWL,24.831840999999997,P5,0.2856648614197608,FALSE,PPI,MTX,no significant difference,FALSE,385,116.71804,0.21275066819148092
SKERVFLGWF,112.887418,P5,0.6697793509828263,FALSE,PPI,MTX,no significant difference,FALSE,366,116.71804,0.9671805489537006
SGRQWFKDWL,46.695943,P5,0.1878942425599077,FALSE,PPI,MTX,no significant difference,FALSE,363,116.71804,0.40007476993273705
RRFPHESPWL,24.831840999999997,P5,0.1812141082890028,FALSE,PPI,MTX,no significant difference,FALSE,385,116.71804,0.21275066819148092
SGREWFMDWL,48.622156000000004,P5,0.13955838553166733,FALSE,PPI,MTX,no significant difference,FALSE,363,116.71804,0.4165779000401309
SKVRVFLGWC,97.405922,P5,0.3278180064341477,FALSE,PPI,MTX,no significant difference,FALSE,366,116.71804,0.8345404189446636
RRRLHESPWA,28.664433,P5,0.25002427675870226,FALSE,PPI,MTX,no significant difference,FALSE,385,116.71804,0.24558699751983495
SGRQWFLDWL,62.105653000000004,P5,0.18750269643307813,FALSE,PPI,MTX,no significant difference,FALSE,363,116.71804,0.5320998621978231
SKVRVFLGWD,97.405922,P5,0.2819130938619322,FALSE,PPI,MTX,no significant difference,FALSE,366,116.71804,0.8345404189446636
SGRGWFNDWL,46.695943,P5,0.1581996859807303,FALSE,PPI,MTX,no significant difference,FALSE,363,116.71804,0.40007476993273705
RRSEHESPWL,24.831840999999997,P5,0.28103972411131606,FALSE,PPI,MTX,no significant difference,FALSE,385,116.71804,0.21275066819148092
SGREWFNDWL,46.695943,P5,0.12172914285816835,FALSE,PPI,MTX,no significant difference,FALSE,363,116.71804,0.40007476993273705
RRRLHETPWL,28.664433,P5,0.1508870566945632,FALSE,PPI,MTX,no significant difference,FALSE,385,116.71804,0.24558699751983495
SKVCVFLGWF,109.68439699999999,P5,0.8223692746646184,FALSE,PPI,MTX,no significant difference,FALSE,366,116.71804,0.9397381672961608
SKVRVALGWF,97.405922,P5,0.37016429155551794,FALSE,PPI,MTX,weaker,TRUE,366,116.71804,0.8345404189446636
RRSFHESPWL,25.471262999999997,P5,0.14782633137640974,FALSE,PPI,MTX,no significant difference,FALSE,385,116.71804,0.21822901584022483
SGRVWFMDWL,49.900999999999996,P5,0.16736577592171842,FALSE,PPI,MTX,no significant difference,FALSE,363,116.71804,0.42753459533761873
SKVNIFLGWF,107.12916999999999,P5,0.7744449832900763,FALSE,PPI,MTX,no significant difference,FALSE,366,116.71804,0.9178458617022697
RRLDHESPWL,27.385589,P5,0.2478036285688635,FALSE,PPI,MTX,no significant difference,FALSE,385,116.71804,0.2346303022223471
SGRFWFLDWL,62.745075,P5,0.20599217032296296,FALSE,PPI,MTX,no significant difference,FALSE,363,116.71804,0.537578209846567
SGRGWFPDWL,46.695943,P5,0.11617292097647516,FALSE,PPI,MTX,no significant difference,FALSE,363,116.71804,0.40007476993273705
SKVRVFLGWF,116.71804,P5,0.6984636818954266,TRUE,PPI,MTX,no significant difference,FALSE,366,116.71804,1
SGRWWFWDWL,48.616858,P5,0.2936255358060162,FALSE,PPI,MTX,no significant difference,FALSE,363,116.71804,0.4165325085993562
SKVLAFLGWF,105.852788,P5,0.6524228311542607,FALSE,PPI,MTX,no significant difference,FALSE,366,116.71804,0.9069102599735225
SGRGWFQDWL,46.695943,P5,0.1851006639601508,FALSE,PPI,MTX,no significant difference,FALSE,363,116.71804,0.40007476993273705
SGRFWFMDWL,49.261578,P5,0.20509272140702464,FALSE,PPI,MTX,no significant difference,FALSE,363,116.71804,0.42205624768887484
SGRQWFQDWL,46.695943,P5,0.17499153518912525,FALSE,PPI,MTX,no significant difference,FALSE,363,116.71804,0.40007476993273705
SGRQWFRDWL,47.980085,P5,0.1465274763784417,FALSE,PPI,MTX,no significant difference,FALSE,363,116.71804,0.41107685667099964
SGRIWFEDWL,50.532475,P5,0.2965267316648423,FALSE,PPI,MTX,no significant difference,FALSE,363,116.71804,0.4329448558252006
RRLFHESPWL,28.025011,P5,0.18413374681241065,FALSE,PPI,MTX,no significant difference,FALSE,385,116.71804,0.24010864987109104
SKVDAFLGWF,104.57394399999998,P5,0.5560665234425383,FALSE,PPI,MTX,no significant difference,FALSE,366,116.71804,0.8959535646760345
RRFTHESPWL,26.110684999999997,P5,0.22433279958297328,FALSE,PPI,MTX,no significant difference,FALSE,385,116.71804,0.22370736348896877
RRDWHESPWL,26.110684999999997,P5,0.2162492532676505,FALSE,PPI,MTX,no significant difference,FALSE,385,116.71804,0.22370736348896877
SKVDCFLGWF,105.21275,P5,0.6230016025516336,FALSE,PPI,MTX,no significant difference,FALSE,366,116.71804,0.9014266346487655
SGRMWFWDWL,47.338014,P5,0.2061346048005956,FALSE,PPI,MTX,no significant difference,FALSE,363,116.71804,0.4055758133018683
RRRLHHSPWL,28.664433,P5,0.33874708339373216,FALSE,PPI,MTX,no significant difference,FALSE,385,116.71804,0.24558699751983495
SGRFWFQDWL,47.335364999999996,P5,0.17586322200825075,FALSE,PPI,MTX,no significant difference,FALSE,363,116.71804,0.40555311758148094
SGRGWFRDWL,47.980085,P5,0.17933564225897564,FALSE,PPI,MTX,no significant difference,FALSE,363,116.71804,0.41107685667099964
SKVRVFDGWF,101.30833,P5,0.564006927076576,FALSE,PPI,MTX,no significant difference,FALSE,366,116.71804,0.8679749077349139
SKVDEFLGWF,104.57394399999998,P5,0.6857719399859452,FALSE,PPI,MTX,no significant difference,FALSE,366,116.71804,0.8959535646760345
RRFWHESPWL,26.110684999999997,P5,0.21159713718279513,FALSE,PPI,MTX,no significant difference,FALSE,385,116.71804,0.22370736348896877
SGRQWFTDWL,46.695943,P5,0.1815703656466178,FALSE,PPI,MTX,no significant difference,FALSE,363,116.71804,0.40007476993273705
RRNQHESPWL,26.108714999999997,P5,0.2025571720823899,FALSE,PPI,MTX,no significant difference,FALSE,385,116.71804,0.223690485206914
SGRFWPSDWL,28.023246999999998,P5,0.5878624267782472,FALSE,PPI,MTX,no significant difference,FALSE,363,116.71804,0.2400935365261445
RRCFHESPWL,25.471262999999997,P5,0.2202235180201321,FALSE,PPI,MTX,no significant difference,FALSE,385,116.71804,0.21822901584022483
SGRFWFSDWP,47.335364999999996,P5,-0.11863659506785532,FALSE,PPI,MTX,no significant difference,FALSE,363,116.71804,0.40555311758148094
SGR*WFGDWL,NA,P5,0.2157544596975596,FALSE,PPI,MTX,no significant difference,FALSE,363,116.71804,NA
SGRYWFGDWL,48.614209,P5,0.1827619440829207,FALSE,PPI,MTX,no significant difference,FALSE,363,116.71804,0.4165098128789689
RRSIHESPWL,28.668373,P5,0.21637382876663072,FALSE,PPI,MTX,no significant difference,FALSE,385,116.71804,0.24562075408394451
RREDHESPWL,24.831840999999997,P5,0.22649836805444315,FALSE,PPI,MTX,no significant difference,FALSE,385,116.71804,0.21275066819148092
SGRFWFS*WL,NA,P5,0.19706420317352172,FALSE,PPI,MTX,no significant difference,FALSE,363,116.71804,NA
SGRGWFSDWL,46.695943,P5,0.15638489565892175,FALSE,PPI,MTX,no significant difference,FALSE,363,116.71804,0.40007476993273705
SGRFWFSAWL,47.335364999999996,P5,0.20783981493107165,FALSE,PPI,MTX,no significant difference,FALSE,363,116.71804,0.40555311758148094
SGRQWFVDWL,46.695943,P5,0.13289821054174528,FALSE,PPI,MTX,no significant difference,FALSE,363,116.71804,0.40007476993273705
SGRF*FSDWL,NA,P5,0.3722211803233756,FALSE,PPI,MTX,no significant difference,FALSE,363,116.71804,NA
RRVWHESPWL,29.941307,P5,0.16456329046520007,FALSE,PPI,MTX,no significant difference,FALSE,385,116.71804,0.25652681453526804
SKVINFLGWF,108.41047599999999,P5,0.9084154927262426,FALSE,PPI,MTX,no significant difference,FALSE,366,116.71804,0.9288236505684981
SKVDKFLGWF,105.21275,P5,0.6758948894017641,FALSE,PPI,MTX,no significant difference,FALSE,366,116.71804,0.9014266346487655
RRGAHESPWL,24.831840999999997,P5,0.23442323479355665,FALSE,PPI,MTX,no significant difference,FALSE,385,116.71804,0.21275066819148092
SKVRVFLGWG,97.405922,P5,0.2965322079416677,FALSE,PPI,MTX,weaker,TRUE,366,116.71804,0.8345404189446636
SGRNWFFDWL,46.695943,P5,0.21376088696431575,FALSE,PPI,MTX,no significant difference,FALSE,363,116.71804,0.40007476993273705
SGRQWFYDWL,46.695943,P5,0.16363348347638068,FALSE,PPI,MTX,no significant difference,FALSE,363,116.71804,0.40007476993273705
SGRDWFFDWL,46.695943,P5,0.3092293872262194,FALSE,PPI,MTX,no significant difference,FALSE,363,116.71804,0.40007476993273705
SKVDLFLGWF,105.85155699999999,P5,0.6693165488187145,FALSE,PPI,MTX,no significant difference,FALSE,366,116.71804,0.9068997131891521
RRVYHESPWL,30.580728999999998,P5,0.1563689202988219,FALSE,PPI,MTX,no significant difference,FALSE,385,116.71804,0.262005162184012
SGRFCFSDWL,47.335364999999996,P5,0.4121083777190818,FALSE,PPI,MTX,no significant difference,FALSE,363,116.71804,0.40555311758148094
RREHHESPWL,24.831840999999997,P5,0.16414836657467788,FALSE,PPI,MTX,no significant difference,FALSE,385,116.71804,0.21275066819148092
SGRFDFSDWL,46.696559,P5,0.42736723178853486,FALSE,PPI,MTX,no significant difference,FALSE,363,116.71804,0.4000800476087501
SKVRVFLGWI,97.405922,P5,0.3071829028079325,FALSE,PPI,MTX,weaker,TRUE,366,116.71804,0.8345404189446636
SGRFWFSDCL,28.023246999999998,P5,-0.160455387512924,FALSE,PPI,MTX,weaker,TRUE,363,116.71804,0.2400935365261445
SKVDMFLGWF,104.57394399999998,P5,0.7194359055943021,FALSE,PPI,MTX,no significant difference,FALSE,366,116.71804,0.8959535646760345
SGRFWFSDDL,28.023246999999998,P5,-0.1650019053329731,FALSE,PPI,MTX,weaker,TRUE,363,116.71804,0.2400935365261445
SKVDNFLGWF,104.57394399999998,P5,0.6386330017222236,FALSE,PPI,MTX,no significant difference,FALSE,366,116.71804,0.8959535646760345
SGRFFFSDWL,47.335364999999996,P5,0.3361724149425982,FALSE,PPI,MTX,no significant difference,FALSE,363,116.71804,0.40555311758148094
SGRRWFADWL,53.729586,P5,0.171045673382978,FALSE,PPI,MTX,no significant difference,FALSE,363,116.71804,0.4603366026365761
SGRFWFSDEL,28.023246999999998,P5,-0.09742675718196644,FALSE,PPI,MTX,no significant difference,FALSE,363,116.71804,0.2400935365261445
SKVRVFLGWL,97.405922,P5,0.2878314821121546,FALSE,PPI,MTX,weaker,TRUE,366,116.71804,0.8345404189446636
RRGEHESPWL,24.831840999999997,P5,0.18862414393719348,FALSE,PPI,MTX,no significant difference,FALSE,385,116.71804,0.21275066819148092
SKVDPFLGWF,104.57394399999998,P5,0.4431609723697461,FALSE,PPI,MTX,no significant difference,FALSE,366,116.71804,0.8959535646760345
RRKFHESPWL,26.109699999999997,P5,0.3034366730790301,FALSE,PPI,MTX,no significant difference,FALSE,385,116.71804,0.2236989243479414
SGRAWFSDWL,46.695943,P5,0.11052811610410491,FALSE,PPI,MTX,no significant difference,FALSE,363,116.71804,0.40007476993273705
SGRFWFSDFL,28.023246999999998,P5,-0.1949840928714013,FALSE,PPI,MTX,no significant difference,FALSE,363,116.71804,0.2400935365261445
SKVRIFLGWF,114.162813,P5,0.7883065149836008,FALSE,PPI,MTX,no significant difference,FALSE,366,116.71804,0.9781076944061089
RRAIHESPWL,28.668373,P5,0.2924080175962576,FALSE,PPI,MTX,no significant difference,FALSE,385,116.71804,0.24562075408394451
SKVRVFLGWM,97.405922,P5,0.29862864541466816,FALSE,PPI,MTX,no significant difference,FALSE,366,116.71804,0.8345404189446636
SGRYWFQDWL,48.614209,P5,0.17173267387329258,FALSE,PPI,MTX,no significant difference,FALSE,363,116.71804,0.4165098128789689
RRPYHESPWL,26.750107,P5,0.2587256886406548,FALSE,PPI,MTX,no significant difference,FALSE,385,116.71804,0.22918571113771272
SGRYWF*DWL,NA,P5,0.2193405748796728,FALSE,PPI,MTX,no significant difference,FALSE,363,116.71804,NA
SKVRVFLGAF,97.405922,P5,0.30583350064286374,FALSE,PPI,MTX,weaker,TRUE,366,116.71804,0.8345404189446636
SKVDRFLGWF,105.85155699999999,P5,0.6623474400625885,FALSE,PPI,MTX,no significant difference,FALSE,366,116.71804,0.9068997131891521
SKVRVFLGWP,97.405922,P5,0.28214653203767304,FALSE,PPI,MTX,weaker,TRUE,366,116.71804,0.8345404189446636
RRVSHESPWL,29.941307,P5,0.19388966048705852,FALSE,PPI,MTX,no significant difference,FALSE,385,116.71804,0.25652681453526804
SGRLWFTDWL,47.974787,P5,0.16271922107902173,FALSE,PPI,MTX,no significant difference,FALSE,363,116.71804,0.4110314652302249
SGRGWFWDWL,47.338014,P5,0.1819865744795986,FALSE,PPI,MTX,no significant difference,FALSE,363,116.71804,0.4055758133018683
SGRFWFSDIL,28.023246999999998,P5,-0.22719815870664004,FALSE,PPI,MTX,no significant difference,FALSE,363,116.71804,0.2400935365261445
SKVDSFLGWF,106.490364,P5,0.5909336967668863,FALSE,PPI,MTX,no significant difference,FALSE,366,116.71804,0.912372791729539
SKVRVFLGWQ,97.405922,P5,0.27405445419086294,FALSE,PPI,MTX,weaker,TRUE,366,116.71804,0.8345404189446636
SGRTWF*DWL,NA,P5,0.18634628553415683,FALSE,PPI,MTX,no significant difference,FALSE,363,116.71804,NA
SGRVWFVDWL,47.974787,P5,0.25424236293138297,FALSE,PPI,MTX,no significant difference,FALSE,363,116.71804,0.4110314652302249
RRVFHESPWL,29.301885,P5,0.1853192520674659,FALSE,PPI,MTX,no significant difference,FALSE,385,116.71804,0.2510484668865241
SKVAWFLGWF,105.21275,P5,0.6786043858643684,FALSE,PPI,MTX,no significant difference,FALSE,366,116.71804,0.9014266346487655
RRSMHESPWL,24.831840999999997,P5,0.23644054493430808,FALSE,PPI,MTX,no significant difference,FALSE,385,116.71804,0.21275066819148092
SKVRVFLGWR,97.405922,P5,0.2999287295308354,FALSE,PPI,MTX,weaker,TRUE,366,116.71804,0.8345404189446636
SGRTWFADWL,47.974787,P5,0.18874997927726128,FALSE,PPI,MTX,no significant difference,FALSE,363,116.71804,0.4110314652302249
SGRIWFYDWL,50.532475,P5,0.11888346578097989,FALSE,PPI,MTX,no significant difference,FALSE,363,116.71804,0.4329448558252006
SGRNWFRDWL,47.980085,P5,0.09253068218010864,FALSE,PPI,MTX,no significant difference,FALSE,363,116.71804,0.41107685667099964
SGRLWFVDWL,47.974787,P5,0.2012771575825427,FALSE,PPI,MTX,no significant difference,FALSE,363,116.71804,0.4110314652302249
SKVDTFLGWF,108.40678399999999,P5,0.7405514948801253,FALSE,PPI,MTX,no significant difference,FALSE,366,116.71804,0.9287920187830432
SKVRVFLGWS,97.405922,P5,0.26655484129880747,FALSE,PPI,MTX,weaker,TRUE,366,116.71804,0.8345404189446636
SKVAYFLGWF,104.57394399999998,P5,0.6782945887593482,FALSE,PPI,MTX,no significant difference,FALSE,366,116.71804,0.8959535646760345
RRECHESPWL,24.831840999999997,P5,0.1896194780699879,FALSE,PPI,MTX,no significant difference,FALSE,385,116.71804,0.21275066819148092
SKVDVFLGWF,109.68439699999999,P5,0.723945928473555,FALSE,PPI,MTX,no significant difference,FALSE,366,116.71804,0.9397381672961608
SGR*WFVDWL,NA,P5,0.28279031533249344,FALSE,PPI,MTX,no significant difference,FALSE,363,116.71804,NA
SGRAWFVDWL,46.695943,P5,0.20731586763847065,FALSE,PPI,MTX,no significant difference,FALSE,363,116.71804,0.40007476993273705
SGRHWFDDWL,46.695943,P5,0.20012585829004945,FALSE,PPI,MTX,no significant difference,FALSE,363,116.71804,0.40007476993273705
SGRRWFEDWL,53.729586,P5,0.15526261001397254,FALSE,PPI,MTX,no significant difference,FALSE,363,116.71804,0.4603366026365761
RRGIHESPWL,28.668373,P5,0.25949004648206153,FALSE,PPI,MTX,no significant difference,FALSE,385,116.71804,0.24562075408394451
SGRFWFSDPL,28.023246999999998,P5,-0.22187788049241375,FALSE,PPI,MTX,weaker,TRUE,363,116.71804,0.2400935365261445
SGRRWFFDWL,53.729586,P5,0.1020888859804934,FALSE,PPI,MTX,no significant difference,FALSE,363,116.71804,0.4603366026365761
SKVDWFLGWF,105.21275,P5,0.5295476544298796,FALSE,PPI,MTX,no significant difference,FALSE,366,116.71804,0.9014266346487655
SGRHWFFDWL,46.695943,P5,0.05402637087839301,FALSE,PPI,MTX,no significant difference,FALSE,363,116.71804,0.40007476993273705
SKVKDFLGWF,104.57394399999998,P5,0.6425734604787217,FALSE,PPI,MTX,no significant difference,FALSE,366,116.71804,0.8959535646760345
RRKQHESPWL,25.470277999999997,P5,0.0932622986969052,FALSE,PPI,MTX,no significant difference,FALSE,385,116.71804,0.21822057669919745
SKVE*FLGWF,NA,P5,0.4171120836314313,FALSE,PPI,MTX,no significant difference,FALSE,366,116.71804,NA
RRLNHESPWL,27.385589,P5,0.2394617359123076,FALSE,PPI,MTX,no significant difference,FALSE,385,116.71804,0.2346303022223471
SGRWWFDDWL,47.974787,P5,0.26119293014892564,FALSE,PPI,MTX,no significant difference,FALSE,363,116.71804,0.4110314652302249
SKVRVFLGWV,97.405922,P5,0.3641679292203054,FALSE,PPI,MTX,weaker,TRUE,366,116.71804,0.8345404189446636
RRRLEESPWL,28.025627,P5,0.6375048112075419,FALSE,PPI,MTX,no significant difference,FALSE,385,116.71804,0.24011392754710412
SKVRMFLGWF,111.607587,P5,0.7744633503891909,FALSE,PPI,MTX,no significant difference,FALSE,366,116.71804,0.9562153973798737
SKVCFFLGWF,105.21275,P5,0.7289561411195725,FALSE,PPI,MTX,no significant difference,FALSE,366,116.71804,0.9014266346487655
SGRSWFNDWL,47.974787,P5,0.17275192471687906,FALSE,PPI,MTX,no significant difference,FALSE,363,116.71804,0.4110314652302249
SKVKHFLGWF,105.21275,P5,0.7545511621726688,FALSE,PPI,MTX,no significant difference,FALSE,366,116.71804,0.9014266346487655
SGRCWF*DWL,NA,P5,0.14812811093196934,FALSE,PPI,MTX,no significant difference,FALSE,363,116.71804,NA
SGRMWFADWL,46.695943,P5,0.20205508681973172,FALSE,PPI,MTX,no significant difference,FALSE,363,116.71804,0.40007476993273705
SGRFWFSPWL,47.335364999999996,P5,0.20127954119751357,FALSE,PPI,MTX,no significant difference,FALSE,363,116.71804,0.40555311758148094
RRRLHESPWT,28.664433,P5,0.273854583396697,FALSE,PPI,MTX,no significant difference,FALSE,385,116.71804,0.24558699751983495
SGRCWFADWL,46.695943,P5,0.16270756425246877,FALSE,PPI,MTX,no significant difference,FALSE,363,116.71804,0.40007476993273705
SGRRWFGDWL,53.729586,P5,0.18248418492925145,FALSE,PPI,MTX,no significant difference,FALSE,363,116.71804,0.4603366026365761
SKVRVFLHWF,96.75156,P5,0.12163304282236596,FALSE,PPI,MTX,no significant difference,FALSE,366,116.71804,0.8289340705172911
RRRLHESPNL,9.352315,P5,0.1502259181127824,FALSE,PPI,MTX,no significant difference,FALSE,385,116.71804,0.08012741646449856
SGRCWFCDWL,46.695943,P5,0.19203932531973944,FALSE,PPI,MTX,no significant difference,FALSE,363,116.71804,0.40007476993273705
SGRMWFCDWL,46.695943,P5,0.11146174952764548,FALSE,PPI,MTX,no significant difference,FALSE,363,116.71804,0.40007476993273705
LRRLHESPWL,28.026967999999997,P5,0.46929642537075655,FALSE,PPI,MTX,no significant difference,FALSE,385,116.71804,0.24012541677361954
RRGMHESPWL,24.831840999999997,P5,0.17833032141374464,FALSE,PPI,MTX,no significant difference,FALSE,385,116.71804,0.21275066819148092
SKVRVFLGQF,97.405922,P5,0.2895282201067694,FALSE,PPI,MTX,no significant difference,FALSE,366,116.71804,0.8345404189446636
RRRLHESPWV,28.664433,P5,0.23057286149546005,FALSE,PPI,MTX,no significant difference,FALSE,385,116.71804,0.24558699751983495
SGRMWFEDWL,46.695943,P5,0.1870078608407944,FALSE,PPI,MTX,no significant difference,FALSE,363,116.71804,0.40007476993273705
RRRLHESPWW,29.308171,P5,0.2392922077610042,FALSE,PPI,MTX,no significant difference,FALSE,385,116.71804,0.25110232317129383
SKVEGFLGWF,104.57394399999998,P5,0.6784874112719154,FALSE,PPI,MTX,no significant difference,FALSE,366,116.71804,0.8959535646760345
SGRHWFNDWL,46.695943,P5,0.17873067444512242,FALSE,PPI,MTX,no significant difference,FALSE,363,116.71804,0.40007476993273705
SGRTWFHDWL,47.974787,P5,0.1460430049336493,FALSE,PPI,MTX,no significant difference,FALSE,363,116.71804,0.4110314652302249
SKVKMFLGWF,104.57394399999998,P5,0.7482578307021971,FALSE,PPI,MTX,no significant difference,FALSE,366,116.71804,0.8959535646760345
SKVRVFLLWF,96.75156,P5,0.1304819097473578,FALSE,PPI,MTX,weaker,TRUE,366,116.71804,0.8289340705172911
RR*MHESPWL,NA,P5,0.2346630098266046,FALSE,PPI,MTX,no significant difference,FALSE,385,116.71804,NA
RRQRHESPWL,32.503921,P5,0.1754470823086874,FALSE,PPI,MTX,no significant difference,FALSE,385,116.71804,0.2784824094030366
SGRFWFSDW*,NA,P5,0.0279352622769172,FALSE,PPI,MTX,no significant difference,FALSE,363,116.71804,NA
SKVCMFLGWF,104.57394399999998,P5,0.8317806293880715,FALSE,PPI,MTX,no significant difference,FALSE,366,116.71804,0.8959535646760345
SGRRWFIDWL,54.371657,P5,0.11765840005086552,FALSE,PPI,MTX,no significant difference,FALSE,363,116.71804,0.46583764600570743
RRFGHESPWL,24.831840999999997,P5,0.16744446413033032,FALSE,PPI,MTX,no significant difference,FALSE,385,116.71804,0.21275066819148092
SKVRVFLMWF,96.75156,P5,0.14373945578800362,FALSE,PPI,MTX,weaker,TRUE,366,116.71804,0.8289340705172911
SKVKQFLGWF,105.21275,P5,0.7364863309891276,FALSE,PPI,MTX,no significant difference,FALSE,366,116.71804,0.9014266346487655
RRIDHESPWL,26.108714999999997,P5,0.1806651887903178,FALSE,PPI,MTX,no significant difference,FALSE,385,116.71804,0.223690485206914
SGRQWFDDWL,46.695943,P5,0.17029965192145935,FALSE,PPI,MTX,no significant difference,FALSE,363,116.71804,0.40007476993273705
SGRWWFNDWL,47.974787,P5,0.1388640906157967,FALSE,PPI,MTX,no significant difference,FALSE,363,116.71804,0.4110314652302249
SKV*WFLGWF,NA,P5,0.4172537197231976,FALSE,PPI,MTX,no significant difference,FALSE,366,116.71804,NA
SGRMWFKDWL,46.695943,P5,0.09127924119469662,FALSE,PPI,MTX,no significant difference,FALSE,363,116.71804,0.40007476993273705
SKVRVFLPWF,96.75156,P5,0.15700860790236865,FALSE,PPI,MTX,weaker,TRUE,366,116.71804,0.8289340705172911
SKVCPFLGWF,104.57394399999998,P5,0.40814894589544687,FALSE,PPI,MTX,no significant difference,FALSE,366,116.71804,0.8959535646760345
SKVPVFLGWF,109.68439699999999,P5,0.6919571262839781,FALSE,PPI,MTX,no significant difference,FALSE,366,116.71804,0.9397381672961608
SGRLWFNDWL,47.974787,P5,0.14002847472099242,FALSE,PPI,MTX,no significant difference,FALSE,363,116.71804,0.4110314652302249
SGRFWFSDWF,66.647483,P5,-0.01189526577237809,FALSE,PPI,MTX,no significant difference,FALSE,363,116.71804,0.5710126986368174
SKVRVFLRWF,96.75156,P5,0.15609117266880787,FALSE,PPI,MTX,weaker,TRUE,366,116.71804,0.8289340705172911
SKVEQFLGWF,105.21275,P5,0.8301373024967984,FALSE,PPI,MTX,no significant difference,FALSE,366,116.71804,0.9014266346487655
RR*SHESPWL,NA,P5,0.1716748248476789,FALSE,PPI,MTX,no significant difference,FALSE,385,116.71804,NA
SGRFWFSDWG,47.335364999999996,P5,-0.06516512757586009,FALSE,PPI,MTX,no significant difference,FALSE,363,116.71804,0.40555311758148094
SGRQWFHDWL,46.695943,P5,0.10051297892517563,FALSE,PPI,MTX,no significant difference,FALSE,363,116.71804,0.40007476993273705
SKVERFLGWF,105.85155699999999,P5,0.8517682780604929,FALSE,PPI,MTX,stronger,TRUE,366,116.71804,0.9068997131891521
SGRFWFSDWH,47.335364999999996,P5,-0.09621170157736982,FALSE,PPI,MTX,no significant difference,FALSE,363,116.71804,0.40555311758148094
RRQWHESPWL,26.749122,P5,0.24316523835764503,FALSE,PPI,MTX,no significant difference,FALSE,385,116.71804,0.22917727199668533
SKVESFLGWF,106.490364,P5,0.827404550895187,FALSE,PPI,MTX,no significant difference,FALSE,366,116.71804,0.912372791729539
SKVRVFLSWF,96.75156,P5,0.11975425767497869,FALSE,PPI,MTX,weaker,TRUE,366,116.71804,0.8289340705172911
SKFRVFLGWF,112.887418,P5,0.507596840289978,FALSE,PPI,MTX,no significant difference,FALSE,366,116.71804,0.9671805489537006
SGRFWFSDWK,47.335364999999996,P5,0.1258614953021128,FALSE,PPI,MTX,no significant difference,FALSE,363,116.71804,0.40555311758148094
SKVETFLGWF,108.40678399999999,P5,0.8678717561660785,FALSE,PPI,MTX,no significant difference,FALSE,366,116.71804,0.9287920187830432
SKVRVFLTWF,96.75156,P5,0.15864288678687627,FALSE,PPI,MTX,weaker,TRUE,366,116.71804,0.8289340705172911
SGRCWFRDWL,47.980085,P5,0.17495225118128924,FALSE,PPI,MTX,no significant difference,FALSE,363,116.71804,0.41107685667099964
SKVEVFLGWF,109.68439699999999,P5,0.882746887743161,FALSE,PPI,MTX,stronger,TRUE,366,116.71804,0.9397381672961608
SKVRVFLVWF,96.75156,P5,0.1572695293869119,FALSE,PPI,MTX,weaker,TRUE,366,116.71804,0.8289340705172911
SGRLWFQDWL,47.974787,P5,0.10637937369160803,FALSE,PPI,MTX,no significant difference,FALSE,363,116.71804,0.4110314652302249
SGRIWF*DWL,NA,P5,0.13975460776716248,FALSE,PPI,MTX,no significant difference,FALSE,363,116.71804,NA
SKKRVFLGWF,113.525855,P5,0.7687122098882734,FALSE,PPI,MTX,no significant difference,FALSE,366,116.71804,0.9726504574614173
SKVRVFLWWF,96.75156,P5,0.0947485425857929,FALSE,PPI,MTX,no significant difference,FALSE,366,116.71804,0.8289340705172911
SKLRVFLGWF,115.44116600000001,P5,0.5978074198859183,FALSE,PPI,MTX,no significant difference,FALSE,366,116.71804,0.989060182984567
SKVRVFLYWF,96.75156,P5,0.0979702891717816,FALSE,PPI,MTX,weaker,TRUE,366,116.71804,0.8289340705172911
SKVF*FLGWF,NA,P5,0.33119696237353935,FALSE,PPI,MTX,no significant difference,FALSE,366,116.71804,NA
SKVRVFMGWF,103.23454299999999,P5,0.6732063842962357,FALSE,PPI,MTX,no significant difference,FALSE,366,116.71804,0.8844780378423077
SKVFAFLGWF,105.213366,P5,0.7013182728312078,FALSE,PPI,MTX,no significant difference,FALSE,366,116.71804,0.9014319123247785
AKVRVFLGWF,114.16817900000001,P5,0.5241631039321885,FALSE,PPI,MTX,no significant difference,FALSE,366,116.71804,0.9781536684474825
RRRLHEYPWL,28.664433,P5,0.2105066863894087,FALSE,PPI,MTX,no significant difference,FALSE,385,116.71804,0.24558699751983495
SKVRVFNGWF,101.30833,P5,0.5892864240317994,FALSE,PPI,MTX,no significant difference,FALSE,366,116.71804,0.8679749077349139
SKVAIFLGWF,107.12916999999999,P5,0.7522608857980236,FALSE,PPI,MTX,no significant difference,FALSE,366,116.71804,0.9178458617022697
SKMRVFLGWF,112.887418,P5,0.6142986475569387,FALSE,PPI,MTX,no significant difference,FALSE,366,116.71804,0.9671805489537006
SKVRVFPGWF,101.30833,P5,0.5760042118933791,FALSE,PPI,MTX,no significant difference,FALSE,366,116.71804,0.8679749077349139
SKNRVFLGWF,114.16429199999999,P5,0.7046294495864512,FALSE,PPI,MTX,no significant difference,FALSE,366,116.71804,0.9781203659691337
RRYNHESPWL,24.831840999999997,P5,0.2324014662281856,FALSE,PPI,MTX,no significant difference,FALSE,385,116.71804,0.21275066819148092
SGRIWFFDWL,50.532475,P5,0.1902535637255728,FALSE,PPI,MTX,no significant difference,FALSE,363,116.71804,0.4329448558252006
SKVFDFLGWF,105.213366,P5,0.7169934720708463,FALSE,PPI,MTX,no significant difference,FALSE,366,116.71804,0.9014319123247785
SGRFWMSDWL,28.023246999999998,P5,0.23685143611905865,FALSE,PPI,MTX,no significant difference,FALSE,363,116.71804,0.2400935365261445
SKVRVFRGWF,102.592472,P5,0.5529989008233147,FALSE,PPI,MTX,no significant difference,FALSE,366,116.71804,0.8789769944731766
SGRMWFYDWL,46.695943,P5,0.14940730598587126,FALSE,PPI,MTX,no significant difference,FALSE,363,116.71804,0.40007476993273705
CGRFWFSDWL,44.148039,P5,0.12248770109264728,FALSE,PPI,MTX,no significant difference,FALSE,363,116.71804,0.378245205282748
SGRFWFSDWM,47.335364999999996,P5,-0.03513784025231087,FALSE,PPI,MTX,no significant difference,FALSE,363,116.71804,0.40555311758148094
SKVFFFLGWF,105.852172,P5,0.34340214814986075,FALSE,PPI,MTX,no significant difference,FALSE,366,116.71804,0.9069049822975094
SKVFGFLGWF,105.213366,P5,0.5907163284828378,FALSE,PPI,MTX,no significant difference,FALSE,366,116.71804,0.9014319123247785
SGRLWFADWL,47.974787,P5,0.14891993378705132,FALSE,PPI,MTX,no significant difference,FALSE,363,116.71804,0.4110314652302249
SKVRVFFGWF,101.30833,P5,0.5504690155667976,FALSE,PPI,MTX,no significant difference,FALSE,366,116.71804,0.8679749077349139
SKVRVFSGWF,101.30833,P5,0.5700154201015448,FALSE,PPI,MTX,weaker,TRUE,366,116.71804,0.8679749077349139
SGRNWFCDWL,46.695943,P5,0.1187442199780196,FALSE,PPI,MTX,no significant difference,FALSE,363,116.71804,0.40007476993273705
DKVRVFLGWF,113.53071399999999,P5,0.5089262908295146,FALSE,PPI,MTX,no significant difference,FALSE,366,116.71804,0.972692087701267
SGRFWFSDWR,47.335364999999996,P5,-0.0926988365376488,FALSE,PPI,MTX,no significant difference,FALSE,363,116.71804,0.40555311758148094
SKVRVFTGWF,101.30833,P5,0.5899165175848952,FALSE,PPI,MTX,no significant difference,FALSE,366,116.71804,0.8679749077349139
EGRFWFSDWL,44.148039,P5,0.14463679938152482,FALSE,PPI,MTX,no significant difference,FALSE,363,116.71804,0.378245205282748
SGRFAFSDWL,46.696559,P5,0.3934623829784693,FALSE,PPI,MTX,stronger,TRUE,363,116.71804,0.4000800476087501
RRHAHESPWL,25.470277999999997,P5,0.2193405748796728,FALSE,PPI,MTX,no significant difference,FALSE,385,116.71804,0.21822057669919745
SGRFWFSD*L,NA,P5,-0.24950197431550425,FALSE,PPI,MTX,no significant difference,FALSE,363,116.71804,NA
RRRLHPSPWL,28.664433,P5,0.3326153198170497,FALSE,PPI,MTX,no significant difference,FALSE,385,116.71804,0.24558699751983495
SKVRVFVGWF,101.30833,P5,0.657399068170545,FALSE,PPI,MTX,no significant difference,FALSE,366,116.71804,0.8679749077349139
RRT*HESPWL,NA,P5,0.17644863273701827,FALSE,PPI,MTX,no significant difference,FALSE,385,116.71804,NA
ERRLHESPWL,28.026967999999997,P5,0.4451531131865618,FALSE,PPI,MTX,no significant difference,FALSE,385,116.71804,0.24012541677361954
RRHCHESPWL,25.470277999999997,P5,0.05640604849323823,FALSE,PPI,MTX,no significant difference,FALSE,385,116.71804,0.21822057669919745
SKVRVFYGWF,101.30833,P5,0.617138071247463,FALSE,PPI,MTX,no significant difference,FALSE,366,116.71804,0.8679749077349139
SKVFNFLGWF,105.213366,P5,0.7170334731411779,FALSE,PPI,MTX,no significant difference,FALSE,366,116.71804,0.9014319123247785
RRCLHESPWL,26.110684999999997,P5,0.17490985196350556,FALSE,PPI,MTX,no significant difference,FALSE,385,116.71804,0.22370736348896877
SKVRVFLGWK,97.405922,P5,0.2527525584910698,FALSE,PPI,MTX,weaker,TRUE,366,116.71804,0.8345404189446636
RRRLHRSPWL,28.664433,P5,0.3558715000595221,FALSE,PPI,MTX,no significant difference,FALSE,385,116.71804,0.24558699751983495
SGRNWFIDWL,47.338014,P5,0.2172274798274384,FALSE,PPI,MTX,no significant difference,FALSE,363,116.71804,0.4055758133018683
SKVRVGLGWF,97.405922,P5,0.30690756436761457,FALSE,PPI,MTX,weaker,TRUE,366,116.71804,0.8345404189446636
SGRDWFIDWL,47.338014,P5,0.11807986399297404,FALSE,PPI,MTX,no significant difference,FALSE,363,116.71804,0.4055758133018683
SKVFPFLGWF,105.213366,P5,0.3202984392224614,FALSE,PPI,MTX,no significant difference,FALSE,366,116.71804,0.9014319123247785
SKVFQFLGWF,105.852172,P5,0.7975075960367197,FALSE,PPI,MTX,no significant difference,FALSE,366,116.71804,0.9069049822975094
RRKGHESPWL,25.470277999999997,P5,0.17920607329428567,FALSE,PPI,MTX,no significant difference,FALSE,385,116.71804,0.21822057669919745
SKVRVHLGWF,97.405922,P5,0.4213888167161364,FALSE,PPI,MTX,no significant difference,FALSE,366,116.71804,0.8345404189446636
SKVFRFLGWF,106.49097899999998,P5,0.7450944538879518,FALSE,PPI,MTX,no significant difference,FALSE,366,116.71804,0.912378060837896
SKVRVILGWF,97.405922,P5,0.2871211958969403,FALSE,PPI,MTX,no significant difference,FALSE,366,116.71804,0.8345404189446636
SKV*DFLGWF,NA,P5,0.41382249966476825,FALSE,PPI,MTX,no significant difference,FALSE,366,116.71804,NA
RRHHHESPWL,25.470277999999997,P5,0.09597860376071736,FALSE,PPI,MTX,no significant difference,FALSE,385,116.71804,0.21822057669919745
RRAKHESPWL,24.831840999999997,P5,0.20448119455972563,FALSE,PPI,MTX,no significant difference,FALSE,385,116.71804,0.21275066819148092
SGRFWFSDWW,47.979102999999995,P5,0.08482226134275125,FALSE,PPI,MTX,no significant difference,FALSE,363,116.71804,0.4110684432329398
RRTDHESPWL,28.024026,P5,0.17190047055564683,FALSE,PPI,MTX,no significant difference,FALSE,385,116.71804,0.24010021073006366
SKV*FFLGWF,NA,P5,0.4072270925474469,FALSE,PPI,MTX,no significant difference,FALSE,366,116.71804,NA
RRMEHESPWL,24.831840999999997,P5,0.17995871359679422,FALSE,PPI,MTX,no significant difference,FALSE,385,116.71804,0.21275066819148092
SKV*GFLGWF,NA,P5,0.393729887704718,FALSE,PPI,MTX,weaker,TRUE,366,116.71804,NA
SGRFWFSDKL,28.023246999999998,P5,-0.09973874749870144,FALSE,PPI,MTX,no significant difference,FALSE,363,116.71804,0.2400935365261445
RRCRHESPWL,31.865484,P5,0.22569418610296693,FALSE,PPI,MTX,no significant difference,FALSE,385,116.71804,0.27301250089532003
SKVRVLLGWF,97.405922,P5,0.3750458768396164,FALSE,PPI,MTX,weaker,TRUE,366,116.71804,0.8345404189446636
RRTEHESPWL,28.024026,P5,0.25001669406886967,FALSE,PPI,MTX,no significant difference,FALSE,385,116.71804,0.24010021073006366
SGRNWFPDWL,46.695943,P5,0.2472542513636158,FALSE,PPI,MTX,no significant difference,FALSE,363,116.71804,0.40007476993273705
SGRFWFSEWL,47.335364999999996,P5,0.2654195124316064,FALSE,PPI,MTX,no significant difference,FALSE,363,116.71804,0.40555311758148094
RRTFHESPWL,28.663448,P5,0.18644430116513744,FALSE,PPI,MTX,no significant difference,FALSE,385,116.71804,0.24557855837880757
SKVRVMLGWF,97.405922,P5,0.46020691302625744,FALSE,PPI,MTX,no significant difference,FALSE,366,116.71804,0.8345404189446636
SKVLIFLGWF,108.40801399999998,P5,0.6411269806584298,FALSE,PPI,MTX,no significant difference,FALSE,366,116.71804,0.9288025569997576
RRWIHESPWL,28.668373,P5,0.2135407591308832,FALSE,PPI,MTX,no significant difference,FALSE,385,116.71804,0.24562075408394451
SKVFTFLGWF,109.04620599999998,P5,0.7868982718144161,FALSE,PPI,MTX,no significant difference,FALSE,366,116.71804,0.9342703664317871
SKVRVNLGWF,97.405922,P5,0.4908744856187086,FALSE,PPI,MTX,no significant difference,FALSE,366,116.71804,0.8345404189446636
SGRFWFSGWL,67.301845,P5,0.1885616473465586,FALSE,PPI,MTX,no significant difference,FALSE,363,116.71804,0.5766190470641899
SKV*KFLGWF,NA,P5,0.4072645517495848,FALSE,PPI,MTX,no significant difference,FALSE,366,116.71804,NA
SKVRVPLGWF,97.405922,P5,0.34476478495152246,FALSE,PPI,MTX,weaker,TRUE,366,116.71804,0.8345404189446636
SKVFVFLGWF,110.32381899999999,P5,0.698356256926547,FALSE,PPI,MTX,no significant difference,FALSE,366,116.71804,0.9452165149449047
SGRFWFSHWL,47.335364999999996,P5,0.2434611553967813,FALSE,PPI,MTX,no significant difference,FALSE,363,116.71804,0.40555311758148094
SKVRVFLGGF,98.04966,P5,0.27352557318886145,FALSE,PPI,MTX,weaker,TRUE,366,116.71804,0.8400557445961224
SKVRVQLGWF,97.405922,P5,0.4314910998631381,FALSE,PPI,MTX,no significant difference,FALSE,366,116.71804,0.8345404189446636
SKVFWFLGWF,105.852172,P5,0.495659579104352,FALSE,PPI,MTX,no significant difference,FALSE,366,116.71804,0.9069049822975094
SKVRVRLGWF,97.405922,P5,0.2970047968677384,FALSE,PPI,MTX,weaker,TRUE,366,116.71804,0.8345404189446636
SGRRWFTDWL,53.729586,P5,0.1057083203455429,FALSE,PPI,MTX,no significant difference,FALSE,363,116.71804,0.4603366026365761
RRTHHESPWL,28.024026,P5,0.17212221234584058,FALSE,PPI,MTX,no significant difference,FALSE,385,116.71804,0.24010021073006366
SKV*MFLGWF,NA,P5,0.3773973982407194,FALSE,PPI,MTX,no significant difference,FALSE,366,116.71804,NA
SKV*NFLGWF,NA,P5,0.38261783393057697,FALSE,PPI,MTX,no significant difference,FALSE,366,116.71804,NA
SGRFWFSLWL,47.335364999999996,P5,0.18624179953308595,FALSE,PPI,MTX,no significant difference,FALSE,363,116.71804,0.40555311758148094
SKVG*FLGWF,NA,P5,0.3817230859310452,FALSE,PPI,MTX,weaker,TRUE,366,116.71804,NA
RRCYHESPWL,26.750107,P5,0.19269648867819952,FALSE,PPI,MTX,no significant difference,FALSE,385,116.71804,0.22918571113771272
IRRLHESPWL,29.301898,P5,0.43829744650218594,FALSE,PPI,MTX,no significant difference,FALSE,385,116.71804,0.25104857826605037
SGRDWFTDWL,46.695943,P5,0.06274736650097804,FALSE,PPI,MTX,no significant difference,FALSE,363,116.71804,0.40007476993273705
SKVRVSLGWF,97.405922,P5,0.3766178685878544,FALSE,PPI,MTX,weaker,TRUE,366,116.71804,0.8345404189446636
SGRNWFVDWL,46.695943,P5,0.10452067509229478,FALSE,PPI,MTX,no significant difference,FALSE,363,116.71804,0.40007476993273705
SKVRVFLGWW,98.04966,P5,0.4869108285993957,FALSE,PPI,MTX,weaker,TRUE,366,116.71804,0.8400557445961224
RRDAHESPWL,24.831840999999997,P5,0.22285563062211225,FALSE,PPI,MTX,no significant difference,FALSE,385,116.71804,0.21275066819148092
SKVRVFLGMF,97.405922,P5,0.3055819719104085,FALSE,PPI,MTX,weaker,TRUE,366,116.71804,0.8345404189446636
RRRLPESPWL,28.025627,P5,0.5820805769332944,FALSE,PPI,MTX,no significant difference,FALSE,385,116.71804,0.24011392754710412
SKVRVTLGWF,97.405922,P5,0.321829115390596,FALSE,PPI,MTX,weaker,TRUE,366,116.71804,0.8345404189446636
SKVGAFLGWF,104.57394399999998,P5,0.7043867470869334,FALSE,PPI,MTX,no significant difference,FALSE,366,116.71804,0.8959535646760345
RRRLQESPWL,28.664433,P5,0.7310966326566317,FALSE,PPI,MTX,no significant difference,FALSE,385,116.71804,0.24558699751983495
SGRNWFYDWL,46.695943,P5,0.19230424868437476,FALSE,PPI,MTX,no significant difference,FALSE,363,116.71804,0.40007476993273705
RRRLRESPWL,29.30324,P5,0.623802954083994,FALSE,PPI,MTX,stronger,TRUE,385,116.71804,0.2510600760602217
SGRKWFHDWL,46.695943,P5,0.07374578890012184,FALSE,PPI,MTX,no significant difference,FALSE,363,116.71804,0.40007476993273705
SKVRVVLGWF,97.405922,P5,0.4326897945049205,FALSE,PPI,MTX,weaker,TRUE,366,116.71804,0.8345404189446636
SKVRQFLGWF,112.24639299999998,P5,0.74329234261885,FALSE,PPI,MTX,no significant difference,FALSE,366,116.71804,0.9616884673526045
RRRLH*SPWL,NA,P5,0.3256778406269363,FALSE,PPI,MTX,no significant difference,FALSE,385,116.71804,NA
SGRFWFSRWL,47.335364999999996,P5,0.1941295461341257,FALSE,PPI,MTX,no significant difference,FALSE,363,116.71804,0.40555311758148094
SKVGDFLGWF,104.57394399999998,P5,0.6633805135424611,FALSE,PPI,MTX,no significant difference,FALSE,366,116.71804,0.8959535646760345
RRHYHESPWL,27.388543999999996,P5,0.3554703683739896,FALSE,PPI,MTX,no significant difference,FALSE,385,116.71804,0.23465561964542925
SKVRVWLGWF,98.04966,P5,0.4618715371820016,FALSE,PPI,MTX,no significant difference,FALSE,366,116.71804,0.8400557445961224
SFVRVFLGWF,114.166415,P5,0.3580021858213292,FALSE,PPI,MTX,no significant difference,FALSE,366,116.71804,0.978138555102536
SGRKWFLDWL,62.105653000000004,P5,0.23925337500364627,FALSE,PPI,MTX,no significant difference,FALSE,363,116.71804,0.5320998621978231
SKVRVYLGWF,97.405922,P5,0.4867681233003405,FALSE,PPI,MTX,no significant difference,FALSE,366,116.71804,0.8345404189446636
SKV*TFLGWF,NA,P5,0.342301830805403,FALSE,PPI,MTX,weaker,TRUE,366,116.71804,NA
RRIAHESPWL,26.108714999999997,P5,0.14428489711881445,FALSE,PPI,MTX,no significant difference,FALSE,385,116.71804,0.223690485206914
SKVGEFLGWF,104.57394399999998,P5,0.7877177323304337,FALSE,PPI,MTX,no significant difference,FALSE,366,116.71804,0.8959535646760345
SGREWFCDWL,46.695943,P5,0.2013990041925517,FALSE,PPI,MTX,no significant difference,FALSE,363,116.71804,0.40007476993273705
SGAFWFSDWL,44.781617,P5,0.1790523564492201,FALSE,PPI,MTX,no significant difference,FALSE,363,116.71804,0.38367348355061476
SGRKWFMDWL,48.622156000000004,P5,0.17247972995941413,FALSE,PPI,MTX,no significant difference,FALSE,363,116.71804,0.4165779000401309
SKVRWFLGWF,112.24639299999998,P5,0.6042165362791365,FALSE,PPI,MTX,weaker,TRUE,366,116.71804,0.9616884673526045
RRDKHESPWL,24.831840999999997,P5,0.32545620622828964,FALSE,PPI,MTX,no significant difference,FALSE,385,116.71804,0.21275066819148092
SKV*VFLGWF,NA,P5,0.3868415538710187,FALSE,PPI,MTX,weaker,TRUE,366,116.71804,NA
SKVELFLGWF,105.85155699999999,P5,0.7863376539136592,FALSE,PPI,MTX,no significant difference,FALSE,366,116.71804,0.9068997131891521
SGRFWFSDWC,47.335364999999996,P5,-0.04270763584202031,FALSE,PPI,MTX,no significant difference,FALSE,363,116.71804,0.40555311758148094
SGRRWFYDWL,53.729586,P5,0.1451603098368495,FALSE,PPI,MTX,no significant difference,FALSE,363,116.71804,0.4603366026365761
SKVGGFLGWF,104.57394399999998,P5,0.587930612168537,FALSE,PPI,MTX,weaker,TRUE,366,116.71804,0.8959535646760345
SGRFWFSTWL,47.335364999999996,P5,0.21434878227165183,FALSE,PPI,MTX,no significant difference,FALSE,363,116.71804,0.40555311758148094
SGRHWFRDWL,47.980085,P5,0.18856939112938037,FALSE,PPI,MTX,no significant difference,FALSE,363,116.71804,0.41107685667099964
RRIEHESPWL,26.108714999999997,P5,0.15027526251607137,FALSE,PPI,MTX,no significant difference,FALSE,385,116.71804,0.223690485206914
SKVQSFLGWF,106.490364,P5,0.731567696572022,FALSE,PPI,MTX,no significant difference,FALSE,366,116.71804,0.912372791729539
SKVRYFLGWF,111.607587,P5,0.7052774851243986,FALSE,PPI,MTX,no significant difference,FALSE,366,116.71804,0.9562153973798737
SKVRVFLGTF,97.405922,P5,0.29986598758087557,FALSE,PPI,MTX,weaker,TRUE,366,116.71804,0.8345404189446636
SGREWFHDWL,46.695943,P5,0.12883609650699224,FALSE,PPI,MTX,no significant difference,FALSE,363,116.71804,0.40007476993273705
SKVS*FLGWF,NA,P5,0.3108384976077388,FALSE,PPI,MTX,weaker,TRUE,366,116.71804,NA
RRMYHESPWL,26.750107,P5,0.18488448103845992,FALSE,PPI,MTX,no significant difference,FALSE,385,116.71804,0.22918571113771272
RRRLYESPWL,28.025627,P5,0.7171121339198927,FALSE,PPI,MTX,no significant difference,FALSE,385,116.71804,0.24011392754710412
SGRFWFSYWL,47.335364999999996,P5,0.2262963498596582,FALSE,PPI,MTX,no significant difference,FALSE,363,116.71804,0.40555311758148094
NKVRVFLGWF,113.53071399999999,P5,0.5230913910281381,FALSE,PPI,MTX,no significant difference,FALSE,366,116.71804,0.972692087701267
RRIIHESPWL,29.945247,P5,0.0887377077944124,FALSE,PPI,MTX,weaker,TRUE,385,116.71804,0.2565605710993776
SGRSWFADWL,47.974787,P5,0.18601681923901653,FALSE,PPI,MTX,no significant difference,FALSE,363,116.71804,0.4110314652302249
SKVSAFLGWF,105.852788,P5,0.6869695507438032,FALSE,PPI,MTX,no significant difference,FALSE,366,116.71804,0.9069102599735225
RRNCHESPWL,26.108714999999997,P5,0.121582523734106,FALSE,PPI,MTX,no significant difference,FALSE,385,116.71804,0.223690485206914
SGLFWFSDWL,47.335364999999996,P5,0.18646556140573337,FALSE,PPI,MTX,no significant difference,FALSE,363,116.71804,0.40555311758148094
SKVSCFLGWF,106.49159399999999,P5,0.7043316753353026,FALSE,PPI,MTX,no significant difference,FALSE,366,116.71804,0.9123833299462533
SGRFWFWDWL,47.977436,P5,0.226354344158556,FALSE,PPI,MTX,no significant difference,FALSE,363,116.71804,0.41105416095061226
RRNFHESPWL,26.748137,P5,0.32545019481642357,FALSE,PPI,MTX,no significant difference,FALSE,385,116.71804,0.22916883285565795
RRIMHESPWL,26.108714999999997,P5,0.23556054627981285,FALSE,PPI,MTX,no significant difference,FALSE,385,116.71804,0.223690485206914
RRNGHESPWL,26.108714999999997,P5,0.2162875274345492,FALSE,PPI,MTX,no significant difference,FALSE,385,116.71804,0.223690485206914
SGRFWFYDWL,47.335364999999996,P5,0.18449966397870635,FALSE,PPI,MTX,no significant difference,FALSE,363,116.71804,0.40555311758148094
SKVSDFLGWF,105.852788,P5,0.6390269956935314,FALSE,PPI,MTX,no significant difference,FALSE,366,116.71804,0.9069102599735225
RRINHESPWL,26.108714999999997,P5,0.17962814000163468,FALSE,PPI,MTX,no significant difference,FALSE,385,116.71804,0.223690485206914
SGREWFQDWL,46.695943,P5,0.13266411820335225,FALSE,PPI,MTX,no significant difference,FALSE,363,116.71804,0.40007476993273705
SGRFWHSDWL,28.023246999999998,P5,0.28298199300292964,FALSE,PPI,MTX,no significant difference,FALSE,363,116.71804,0.2400935365261445
RRNIHESPWL,29.945247,P5,0.2011839018709019,FALSE,PPI,MTX,no significant difference,FALSE,385,116.71804,0.2565605710993776
SKVRVCLGWF,97.405922,P5,0.44795234274885687,FALSE,PPI,MTX,no significant difference,FALSE,366,116.71804,0.8345404189446636
QKVRVFLGWF,113.53071399999999,P5,0.5704075226910695,FALSE,PPI,MTX,no significant difference,FALSE,366,116.71804,0.972692087701267
SGRFWISDWL,28.023246999999998,P5,0.2273633498514011,FALSE,PPI,MTX,no significant difference,FALSE,363,116.71804,0.2400935365261445
RRNKHESPWL,26.108714999999997,P5,0.48993946956627416,FALSE,PPI,MTX,no significant difference,FALSE,385,116.71804,0.223690485206914
SGRVWFPDWL,47.974787,P5,0.20711972492453223,FALSE,PPI,MTX,no significant difference,FALSE,363,116.71804,0.4110314652302249
SGRPWFKDWL,46.695943,P5,0.28145759669994874,FALSE,PPI,MTX,no significant difference,FALSE,363,116.71804,0.40007476993273705
SGRFWKSDWL,28.023246999999998,P5,0.6150399504012755,FALSE,PPI,MTX,no significant difference,FALSE,363,116.71804,0.2400935365261445
SKVSEFLGWF,105.852788,P5,0.8124088578763597,FALSE,PPI,MTX,stronger,TRUE,366,116.71804,0.9069102599735225
SKVAHFLGWF,105.21275,P5,0.7679350648099643,FALSE,PPI,MTX,no significant difference,FALSE,366,116.71804,0.9014266346487655
RRTTHESPWL,29.30287,P5,0.25411158395791106,FALSE,PPI,MTX,no significant difference,FALSE,385,116.71804,0.2510569060275515
SKVRVF*GWF,NA,P5,0.5256371926754789,FALSE,PPI,MTX,no significant difference,FALSE,366,116.71804,NA
SKVRVFAGWF,101.30833,P5,0.5697455432572325,FALSE,PPI,MTX,no significant difference,FALSE,366,116.71804,0.8679749077349139
SKVSFFLGWF,106.49159399999999,P5,0.6104715230259192,FALSE,PPI,MTX,no significant difference,FALSE,366,116.71804,0.9123833299462533
RRNMHESPWL,26.108714999999997,P5,0.18033747783803983,FALSE,PPI,MTX,no significant difference,FALSE,385,116.71804,0.223690485206914
SGR*WFCDWL,NA,P5,0.195828378577401,FALSE,PPI,MTX,no significant difference,FALSE,363,116.71804,NA
SKVGNFLGWF,104.57394399999998,P5,0.7302793023102954,FALSE,PPI,MTX,no significant difference,FALSE,366,116.71804,0.8959535646760345
SKVGPFLGWF,104.57394399999998,P5,0.3639216815772678,FALSE,PPI,MTX,weaker,TRUE,366,116.71804,0.8959535646760345
SKVRVFCGWF,101.30833,P5,0.5558170303729401,FALSE,PPI,MTX,no significant difference,FALSE,366,116.71804,0.8679749077349139
RRNNHESPWL,26.108714999999997,P5,0.30046143875805054,FALSE,PPI,MTX,no significant difference,FALSE,385,116.71804,0.223690485206914
RRNPHESPWL,26.108714999999997,P5,0.32692847584659657,FALSE,PPI,MTX,no significant difference,FALSE,385,116.71804,0.223690485206914
SKVSGFLGWF,105.852788,P5,0.5555097523447263,FALSE,PPI,MTX,weaker,TRUE,366,116.71804,0.9069102599735225
RRTVHESPWL,29.30287,P5,0.2334234600762884,FALSE,PPI,MTX,no significant difference,FALSE,385,116.71804,0.2510569060275515
SKVRVFEGWF,101.30833,P5,0.7026318907119982,FALSE,PPI,MTX,no significant difference,FALSE,366,116.71804,0.8679749077349139
RRGWHESPWL,26.110684999999997,P5,0.22044705947059567,FALSE,PPI,MTX,no significant difference,FALSE,385,116.71804,0.22370736348896877
DGRFWFSDWL,44.148039,P5,0.22830261971709132,FALSE,PPI,MTX,no significant difference,FALSE,363,116.71804,0.378245205282748
SGRFWQSDWL,28.023246999999998,P5,0.2561977558055894,FALSE,PPI,MTX,no significant difference,FALSE,363,116.71804,0.2400935365261445
SKVRVFGGWF,101.30833,P5,0.5602832811654475,FALSE,PPI,MTX,no significant difference,FALSE,366,116.71804,0.8679749077349139
SGREWFWDWL,47.338014,P5,0.09096148619161544,FALSE,PPI,MTX,no significant difference,FALSE,363,116.71804,0.4055758133018683
SKVSHFLGWF,106.49159399999999,P5,0.7293203740588852,FALSE,PPI,MTX,no significant difference,FALSE,366,116.71804,0.9123833299462533
SKVFIFLGWF,107.76859199999998,P5,0.6229136979810159,FALSE,PPI,MTX,no significant difference,FALSE,366,116.71804,0.9233242093510137
SKVFKFLGWF,105.852172,P5,0.7890886745332912,FALSE,PPI,MTX,no significant difference,FALSE,366,116.71804,0.9069049822975094
SGRDWFCDWL,46.695943,P5,0.20970484584661864,FALSE,PPI,MTX,no significant difference,FALSE,363,116.71804,0.40007476993273705
SKVRVFHGWF,101.30833,P5,0.6694201323543162,FALSE,PPI,MTX,no significant difference,FALSE,366,116.71804,0.8679749077349139
SKVANFLGWF,104.57394399999998,P5,0.6974516327756628,FALSE,PPI,MTX,no significant difference,FALSE,366,116.71804,0.8959535646760345
RRTYHESPWL,29.942292,P5,0.2575856848483016,FALSE,PPI,MTX,no significant difference,FALSE,385,116.71804,0.2565352536762954
SKVRVFIGWF,101.950401,P5,0.6941753341467376,FALSE,PPI,MTX,no significant difference,FALSE,366,116.71804,0.8734759511040453
RRIYHESPWL,28.026981,P5,0.2038082490648128,FALSE,PPI,MTX,no significant difference,FALSE,385,116.71804,0.2401255281531458
RRNSHESPWL,27.387559,P5,0.24295229028295257,FALSE,PPI,MTX,no significant difference,FALSE,385,116.71804,0.2346471805044019
RHRLHESPWL,25.474902,P5,0.5311414004088928,FALSE,PPI,MTX,no significant difference,FALSE,385,116.71804,0.21826019353991893
RRK*HESPWL,NA,P5,0.28532123410587623,FALSE,PPI,MTX,no significant difference,FALSE,385,116.71804,NA
SKVSIFLGWF,108.40801399999998,P5,0.7406719299469298,FALSE,PPI,MTX,no significant difference,FALSE,366,116.71804,0.9288025569997576
SKVRVFL*WF,NA,P5,0.11950626102717696,FALSE,PPI,MTX,no significant difference,FALSE,366,116.71804,NA
RIRLHESPWL,26.112808,P5,0.5257695823063369,FALSE,PPI,MTX,no significant difference,FALSE,385,116.71804,0.22372555262237098
SKVGSFLGWF,106.490364,P5,0.6889169382001445,FALSE,PPI,MTX,no significant difference,FALSE,366,116.71804,0.912372791729539
SKVSKFLGWF,106.49159399999999,P5,0.72693514337473,FALSE,PPI,MTX,no significant difference,FALSE,366,116.71804,0.9123833299462533
SKVRVFLCWF,96.75156,P5,0.12524225991839288,FALSE,PPI,MTX,weaker,TRUE,366,116.71804,0.8289340705172911
RRNVHESPWL,27.387559,P5,0.23796693949402184,FALSE,PPI,MTX,no significant difference,FALSE,385,116.71804,0.2346471805044019
SKVRVFLDWF,96.75156,P5,0.16851536087328725,FALSE,PPI,MTX,no significant difference,FALSE,366,116.71804,0.8289340705172911
SKVSLFLGWF,107.130401,P5,0.674702640989721,FALSE,PPI,MTX,no significant difference,FALSE,366,116.71804,0.9178564084866402
SGRLWFFDWL,47.974787,P5,0.16661897374709492,FALSE,PPI,MTX,no significant difference,FALSE,363,116.71804,0.4110314652302249
RRNWHESPWL,27.387559,P5,0.2154459263589939,FALSE,PPI,MTX,no significant difference,FALSE,385,116.71804,0.2346471805044019
SGRFHFSDWL,47.335364999999996,P5,0.4139739318893218,FALSE,PPI,MTX,stronger,TRUE,363,116.71804,0.40555311758148094
RRNYHESPWL,28.026981,P5,0.5031841387565665,FALSE,PPI,MTX,no significant difference,FALSE,385,116.71804,0.2401255281531458
SKVRVFLG*F,NA,P5,0.2559246360291394,FALSE,PPI,MTX,weaker,TRUE,366,116.71804,NA
SKVRVKLGWF,97.405922,P5,0.3204420825710716,FALSE,PPI,MTX,no significant difference,FALSE,366,116.71804,0.8345404189446636
SKVGTFLGWF,108.40678399999999,P5,0.7618891977798994,FALSE,PPI,MTX,no significant difference,FALSE,366,116.71804,0.9287920187830432
SGRSWFKDWL,47.974787,P5,0.1833237430096799,FALSE,PPI,MTX,no significant difference,FALSE,363,116.71804,0.4110314652302249
SGRFKFSDWL,47.335364999999996,P5,0.405635806128566,FALSE,PPI,MTX,no significant difference,FALSE,363,116.71804,0.40555311758148094
RRKIHESPWL,29.30681,P5,0.21879899225513105,FALSE,PPI,MTX,no significant difference,FALSE,385,116.71804,0.2510906625916611
SKVRVFLGCF,97.405922,P5,0.27776643078661045,FALSE,PPI,MTX,no significant difference,FALSE,366,116.71804,0.8345404189446636
SKVRVFLGDF,97.405922,P5,0.3682878793655042,FALSE,PPI,MTX,no significant difference,FALSE,366,116.71804,0.8345404189446636
SKVMHFLGWF,105.21275,P5,0.7781567875522475,FALSE,PPI,MTX,no significant difference,FALSE,366,116.71804,0.9014266346487655
RQRLHESPWL,25.474902,P5,0.36507448695733574,FALSE,PPI,MTX,no significant difference,FALSE,385,116.71804,0.21826019353991893
SKVSMFLGWF,105.852788,P5,0.7423843085312227,FALSE,PPI,MTX,no significant difference,FALSE,366,116.71804,0.9069102599735225
SKVRVFLGFF,97.405922,P5,0.2899631055277803,FALSE,PPI,MTX,no significant difference,FALSE,366,116.71804,0.8345404189446636
SGRFNFSDWL,46.696559,P5,0.449073440782234,FALSE,PPI,MTX,stronger,TRUE,363,116.71804,0.4000800476087501
RRMHHESPWL,24.831840999999997,P5,0.1659712755117745,FALSE,PPI,MTX,no significant difference,FALSE,385,116.71804,0.21275066819148092
SKVGVFLGWF,109.68439699999999,P5,0.743943592498723,FALSE,PPI,MTX,no significant difference,FALSE,366,116.71804,0.9397381672961608
RRPDHESPWL,24.831840999999997,P5,0.1969001453036297,FALSE,PPI,MTX,no significant difference,FALSE,385,116.71804,0.21275066819148092
HGRFWFSDWL,44.148039,P5,0.18062088177268967,FALSE,PPI,MTX,no significant difference,FALSE,363,116.71804,0.378245205282748
SGRGWFCDWL,46.695943,P5,0.15534062456747022,FALSE,PPI,MTX,no significant difference,FALSE,363,116.71804,0.40007476993273705
SKVGWFLGWF,105.21275,P5,0.5563926920772146,FALSE,PPI,MTX,weaker,TRUE,366,116.71804,0.9014266346487655
SKVSNFLGWF,105.852788,P5,0.6816501984290001,FALSE,PPI,MTX,no significant difference,FALSE,366,116.71804,0.9069102599735225
SKVRVFLGHF,97.405922,P5,0.36309232014520465,FALSE,PPI,MTX,no significant difference,FALSE,366,116.71804,0.8345404189446636
SGRGWFDDWL,46.695943,P5,0.1893593822418972,FALSE,PPI,MTX,no significant difference,FALSE,363,116.71804,0.40007476993273705
SKVRVFLGIF,97.405922,P5,0.2402017880292749,FALSE,PPI,MTX,weaker,TRUE,366,116.71804,0.8345404189446636
RR*CHESPWL,NA,P5,0.3225949203439635,FALSE,PPI,MTX,no significant difference,FALSE,385,116.71804,NA
SKVGYFLGWF,104.57394399999998,P5,0.6584166061397558,FALSE,PPI,MTX,no significant difference,FALSE,366,116.71804,0.8959535646760345
SKVRVFLGKF,97.405922,P5,0.2765253198266022,FALSE,PPI,MTX,weaker,TRUE,366,116.71804,0.8345404189446636
RR*EHESPWL,NA,P5,0.24464638721868373,FALSE,PPI,MTX,no significant difference,FALSE,385,116.71804,NA
SKVSQFLGWF,106.49159399999999,P5,0.7429944853229316,FALSE,PPI,MTX,no significant difference,FALSE,366,116.71804,0.9123833299462533
SKVCDFLGWF,104.57394399999998,P5,0.7261900714685138,FALSE,PPI,MTX,no significant difference,FALSE,366,116.71804,0.8959535646760345
SKVSRFLGWF,107.130401,P5,0.6983642039095459,FALSE,PPI,MTX,no significant difference,FALSE,366,116.71804,0.9178564084866402
RRRLHESPKL,9.352315,P5,0.17428892236353127,FALSE,PPI,MTX,no significant difference,FALSE,385,116.71804,0.08012741646449856
SKVHCFLGWF,105.21275,P5,0.7050038801429728,FALSE,PPI,MTX,no significant difference,FALSE,366,116.71804,0.9014266346487655
KGRFWFSDWL,44.785504,P5,0.12469338567349812,FALSE,PPI,MTX,no significant difference,FALSE,363,116.71804,0.3837067860289635
SKVCEFLGWF,104.57394399999998,P5,0.9047226536179026,FALSE,PPI,MTX,no significant difference,FALSE,366,116.71804,0.8959535646760345
SKV*QFLGWF,NA,P5,0.4783167743873463,FALSE,PPI,MTX,no significant difference,FALSE,366,116.71804,NA
SKVHDFLGWF,104.57394399999998,P5,0.7173991076053385,FALSE,PPI,MTX,no significant difference,FALSE,366,116.71804,0.8959535646760345
SKVHEFLGWF,104.57394399999998,P5,0.8072256359881083,FALSE,PPI,MTX,no significant difference,FALSE,366,116.71804,0.8959535646760345
RR*HHESPWL,NA,P5,0.20394463066147384,FALSE,PPI,MTX,no significant difference,FALSE,385,116.71804,NA
SKVHFFLGWF,105.21275,P5,0.7016631422155372,FALSE,PPI,MTX,no significant difference,FALSE,366,116.71804,0.9014266346487655
RRRLHESPML,9.352315,P5,0.15021865460302414,FALSE,PPI,MTX,no significant difference,FALSE,385,116.71804,0.08012741646449856
SKVHGFLGWF,104.57394399999998,P5,0.5350826424485615,FALSE,PPI,MTX,no significant difference,FALSE,366,116.71804,0.8959535646760345
SKVCIFLGWF,107.12916999999999,P5,0.7883794600950644,FALSE,PPI,MTX,no significant difference,FALSE,366,116.71804,0.9178458617022697
SKVHIFLGWF,107.12916999999999,P5,0.7430270192469897,FALSE,PPI,MTX,no significant difference,FALSE,366,116.71804,0.9178458617022697
SKVCKFLGWF,105.21275,P5,0.9206432992193304,FALSE,PPI,MTX,no significant difference,FALSE,366,116.71804,0.9014266346487655
RRPIHESPWL,28.668373,P5,0.3093340274107825,FALSE,PPI,MTX,no significant difference,FALSE,385,116.71804,0.24562075408394451
SKVHKFLGWF,105.21275,P5,0.8118346263355363,FALSE,PPI,MTX,no significant difference,FALSE,366,116.71804,0.9014266346487655
SGRFWASDWL,28.023246999999998,P5,0.2325953478833312,FALSE,PPI,MTX,no significant difference,FALSE,363,116.71804,0.2400935365261445
RRRLHESPQL,9.352315,P5,0.13044231592891717,FALSE,PPI,MTX,no significant difference,FALSE,385,116.71804,0.08012741646449856
SGRQWF*DWL,NA,P5,0.19904085163895743,FALSE,PPI,MTX,no significant difference,FALSE,363,116.71804,NA
SKVSSFLGWF,107.76920799999999,P5,0.6440273950171985,FALSE,PPI,MTX,no significant difference,FALSE,366,116.71804,0.9233294870270268
RRKWHESPWL,26.749122,P5,0.20495825655230945,FALSE,PPI,MTX,no significant difference,FALSE,385,116.71804,0.22917727199668533
RRVNHESPWL,28.662463,P5,0.15842563122288772,FALSE,PPI,MTX,no significant difference,FALSE,385,116.71804,0.2455701192377802
SGRAWFFDWL,46.695943,P5,0.177088350885866,FALSE,PPI,MTX,no significant difference,FALSE,363,116.71804,0.40007476993273705
SKVHMFLGWF,104.57394399999998,P5,0.7369113786003799,FALSE,PPI,MTX,no significant difference,FALSE,366,116.71804,0.8959535646760345
SKVCNFLGWF,104.57394399999998,P5,0.7700410116628609,FALSE,PPI,MTX,no significant difference,FALSE,366,116.71804,0.8959535646760345
RRVPHESPWL,28.662463,P5,0.23907338004389225,FALSE,PPI,MTX,no significant difference,FALSE,385,116.71804,0.2455701192377802
SGRFWESDWL,28.023246999999998,P5,0.5883640563093252,FALSE,PPI,MTX,no significant difference,FALSE,363,116.71804,0.2400935365261445
RR*QHESPWL,NA,P5,0.29033346175757113,FALSE,PPI,MTX,no significant difference,FALSE,385,116.71804,NA
SGRWWFPDWL,47.974787,P5,0.10666305468814626,FALSE,PPI,MTX,no significant difference,FALSE,363,116.71804,0.4110314652302249
SKVHRFLGWF,105.85155699999999,P5,0.722040859278791,FALSE,PPI,MTX,no significant difference,FALSE,366,116.71804,0.9068997131891521
SGRPWFEDWL,46.695943,P5,0.09610130752988044,FALSE,PPI,MTX,no significant difference,FALSE,363,116.71804,0.40007476993273705
SKVRVFLGVF,97.405922,P5,0.28412172955269105,FALSE,PPI,MTX,weaker,TRUE,366,116.71804,0.8345404189446636
SKVHSFLGWF,106.490364,P5,0.6887901366751947,FALSE,PPI,MTX,no significant difference,FALSE,366,116.71804,0.912372791729539
SGRQWFGDWL,46.695943,P5,0.16814486604295742,FALSE,PPI,MTX,no significant difference,FALSE,363,116.71804,0.40007476993273705
SKVRVFLGW*,NA,P5,0.3012297806436616,FALSE,PPI,MTX,no significant difference,FALSE,366,116.71804,NA
SKVHTFLGWF,108.40678399999999,P5,0.8698879403774553,FALSE,PPI,MTX,no significant difference,FALSE,366,116.71804,0.9287920187830432
SKVSTFLGWF,109.68562800000001,P5,0.7900890005262675,FALSE,PPI,MTX,stronger,TRUE,366,116.71804,0.9397487140805312
SGRFWFEDWL,47.335364999999996,P5,0.19784681761635464,FALSE,PPI,MTX,no significant difference,FALSE,363,116.71804,0.40555311758148094
SKVHVFLGWF,109.68439699999999,P5,0.7460571638025281,FALSE,PPI,MTX,no significant difference,FALSE,366,116.71804,0.9397381672961608
SKVRVFLGWA,97.405922,P5,0.30775550380763406,FALSE,PPI,MTX,weaker,TRUE,366,116.71804,0.8345404189446636
SGRFWFFDWL,47.335364999999996,P5,0.20893792320388185,FALSE,PPI,MTX,no significant difference,FALSE,363,116.71804,0.40555311758148094
SKVSVFLGWF,110.96324099999998,P5,0.784810065855276,FALSE,PPI,MTX,stronger,TRUE,366,116.71804,0.9506948625936485
RRFNHESPWL,24.831840999999997,P5,0.21443720491160476,FALSE,PPI,MTX,no significant difference,FALSE,385,116.71804,0.21275066819148092
SGRFWFGDWL,47.335364999999996,P5,0.22255472907027032,FALSE,PPI,MTX,no significant difference,FALSE,363,116.71804,0.40555311758148094
SGRWWFSDWL,47.974787,P5,0.18295568400467316,FALSE,PPI,MTX,no significant difference,FALSE,363,116.71804,0.4110314652302249
SKVHWFLGWF,105.21275,P5,0.5960350891802522,FALSE,PPI,MTX,no significant difference,FALSE,366,116.71804,0.9014266346487655
SKVCTFLGWF,108.40678399999999,P5,0.851188763216457,FALSE,PPI,MTX,no significant difference,FALSE,366,116.71804,0.9287920187830432
SGRWWFTDWL,47.974787,P5,0.24725425136361576,FALSE,PPI,MTX,no significant difference,FALSE,363,116.71804,0.4110314652302249
SKVRVFLGWE,97.405922,P5,0.3022856711528288,FALSE,PPI,MTX,no significant difference,FALSE,366,116.71804,0.8345404189446636
SGRQWFMDWL,48.622156000000004,P5,0.15460878381407697,FALSE,PPI,MTX,no significant difference,FALSE,363,116.71804,0.4165779000401309
SGRSWFSDWL,47.974787,P5,0.1628560631989458,FALSE,PPI,MTX,no significant difference,FALSE,363,116.71804,0.4110314652302249
SGRFWFKDWL,47.335364999999996,P5,0.19258754875615144,FALSE,PPI,MTX,no significant difference,FALSE,363,116.71804,0.40555311758148094
SGRQWFPDWL,46.695943,P5,0.15978451304930538,FALSE,PPI,MTX,no significant difference,FALSE,363,116.71804,0.40007476993273705
RRA*HESPWL,NA,P5,0.19224083089767505,FALSE,PPI,MTX,no significant difference,FALSE,385,116.71804,NA
SKVICFLGWF,109.049282,P5,0.8665708800688916,FALSE,PPI,MTX,no significant difference,FALSE,366,116.71804,0.9342967205412291
SKVSWFLGWF,106.49159399999999,P5,0.5867950222905358,FALSE,PPI,MTX,no significant difference,FALSE,366,116.71804,0.9123833299462533
SKVCYFLGWF,104.57394399999998,P5,0.7780926212339665,FALSE,PPI,MTX,no significant difference,FALSE,366,116.71804,0.8959535646760345
SKVD*FLGWF,NA,P5,0.46437757392445567,FALSE,PPI,MTX,no significant difference,FALSE,366,116.71804,NA
SKVSYFLGWF,105.852788,P5,0.686178831703518,FALSE,PPI,MTX,no significant difference,FALSE,366,116.71804,0.9069102599735225
SGRYWFADWL,48.614209,P5,0.14500881538089616,FALSE,PPI,MTX,no significant difference,FALSE,363,116.71804,0.4165098128789689
SKVAKFLGWF,105.21275,P5,0.7637593973201853,FALSE,PPI,MTX,no significant difference,FALSE,366,116.71804,0.9014266346487655
SKVDDFLGWF,104.57394399999998,P5,0.5792371707488596,FALSE,PPI,MTX,no significant difference,FALSE,366,116.71804,0.8959535646760345
SKVT*FLGWF,NA,P5,0.3278402520977457,FALSE,PPI,MTX,weaker,TRUE,366,116.71804,NA
SKVIIFLGWF,110.965702,P5,0.7896411153701548,FALSE,PPI,MTX,no significant difference,FALSE,366,116.71804,0.9507159475947333
SKVDFFLGWF,105.21275,P5,0.6007235676320314,FALSE,PPI,MTX,no significant difference,FALSE,366,116.71804,0.9014266346487655
SKVTCFLGWF,106.49159399999999,P5,0.7589861426491251,FALSE,PPI,MTX,no significant difference,FALSE,366,116.71804,0.9123833299462533
SKVILFLGWF,109.68808899999999,P5,0.7661139542416746,FALSE,PPI,MTX,no significant difference,FALSE,366,116.71804,0.9397697990816157
SKVTDFLGWF,105.852788,P5,0.7237916759740843,FALSE,PPI,MTX,no significant difference,FALSE,366,116.71804,0.9069102599735225
SGRAWFQDWL,46.695943,P5,0.09566454643089652,FALSE,PPI,MTX,no significant difference,FALSE,363,116.71804,0.40007476993273705
RRAFHESPWL,25.471262999999997,P5,0.1941431726513459,FALSE,PPI,MTX,no significant difference,FALSE,385,116.71804,0.21822901584022483
SKVDIFLGWF,107.12916999999999,P5,0.7292519709611901,FALSE,PPI,MTX,no significant difference,FALSE,366,116.71804,0.9178458617022697
SKVNTFLGWF,108.40678399999999,P5,0.7851467633946805,FALSE,PPI,MTX,no significant difference,FALSE,366,116.71804,0.9287920187830432
SKVTEFLGWF,105.852788,P5,0.8745485266907158,FALSE,PPI,MTX,no significant difference,FALSE,366,116.71804,0.9069102599735225
SKVTFFLGWF,106.49159399999999,P5,0.6840029752325356,FALSE,PPI,MTX,no significant difference,FALSE,366,116.71804,0.9123833299462533
SKVIPFLGWF,108.41047599999999,P5,0.4205103323840523,FALSE,PPI,MTX,no significant difference,FALSE,366,116.71804,0.9288236505684981
SGRRWF*DWL,NA,P5,0.02915928948772105,FALSE,PPI,MTX,no significant difference,FALSE,363,116.71804,NA
SKVRVFLGWH,97.405922,P5,0.31729049351594707,FALSE,PPI,MTX,no significant difference,FALSE,366,116.71804,0.8345404189446636
SKVIRFLGWF,109.68808899999999,P5,0.8379511311458957,FALSE,PPI,MTX,stronger,TRUE,366,116.71804,0.9397697990816157
RRGCHESPWL,24.831840999999997,P5,0.22780900516602295,FALSE,PPI,MTX,no significant difference,FALSE,385,116.71804,0.21275066819148092
SKVTGFLGWF,105.852788,P5,0.6229921482409921,FALSE,PPI,MTX,no significant difference,FALSE,366,116.71804,0.9069102599735225
RRAHHESPWL,24.831840999999997,P5,0.2961222123575533,FALSE,PPI,MTX,no significant difference,FALSE,385,116.71804,0.21275066819148092
SGRSWFWDWL,48.616858,P5,0.2067294517672301,FALSE,PPI,MTX,no significant difference,FALSE,363,116.71804,0.4165325085993562
RRWCHESPWL,24.831840999999997,P5,0.2261059484908488,FALSE,PPI,MTX,no significant difference,FALSE,385,116.71804,0.21275066819148092
SKVTHFLGWF,106.49159399999999,P5,0.8564145045989355,FALSE,PPI,MTX,no significant difference,FALSE,366,116.71804,0.9123833299462533
SKVTIFLGWF,108.40801399999998,P5,0.801548402079058,FALSE,PPI,MTX,no significant difference,FALSE,366,116.71804,0.9288025569997576
SGRFYFSDWL,46.696559,P5,0.4025613944615437,FALSE,PPI,MTX,stronger,TRUE,363,116.71804,0.4000800476087501
SKVTKFLGWF,106.49159399999999,P5,0.8352231086990447,FALSE,PPI,MTX,no significant difference,FALSE,366,116.71804,0.9123833299462533
RRQ*HESPWL,NA,P5,0.27534044184493944,FALSE,PPI,MTX,no significant difference,FALSE,385,116.71804,NA
RRWGHESPWL,24.831840999999997,P5,0.1907401697807139,FALSE,PPI,MTX,no significant difference,FALSE,385,116.71804,0.21275066819148092
SKVITFLGWF,112.243316,P5,0.8977329257452049,FALSE,PPI,MTX,no significant difference,FALSE,366,116.71804,0.9616621046755068
SKVTLFLGWF,107.130401,P5,0.7993454070098004,FALSE,PPI,MTX,stronger,TRUE,366,116.71804,0.9178564084866402
SKVIVFLGWF,113.520929,P5,0.8290241366804667,FALSE,PPI,MTX,stronger,TRUE,366,116.71804,0.9726082531886244
RRWHHESPWL,24.831840999999997,P5,0.20495825655230945,FALSE,PPI,MTX,no significant difference,FALSE,385,116.71804,0.21275066819148092
SGRYWFSDWL,48.614209,P5,0.10051297892517563,FALSE,PPI,MTX,no significant difference,FALSE,363,116.71804,0.4165098128789689
SGRHWF*DWL,NA,P5,0.191872054511877,FALSE,PPI,MTX,no significant difference,FALSE,363,116.71804,NA
SKVIYFLGWF,108.41047599999999,P5,0.7924757547193629,FALSE,PPI,MTX,no significant difference,FALSE,366,116.71804,0.9288236505684981
RRRLHESPWM,28.664433,P5,0.2597845696773946,FALSE,PPI,MTX,no significant difference,FALSE,385,116.71804,0.24558699751983495
SKVTMFLGWF,105.852788,P5,0.8157791485268259,FALSE,PPI,MTX,no significant difference,FALSE,366,116.71804,0.9069102599735225
RRWLHESPWL,26.110684999999997,P5,0.18674892946912952,FALSE,PPI,MTX,no significant difference,FALSE,385,116.71804,0.22370736348896877
RRQEHESPWL,25.470277999999997,P5,0.13068623800375961,FALSE,PPI,MTX,no significant difference,FALSE,385,116.71804,0.21822057669919745
SKVK*FLGWF,NA,P5,0.362839643761385,FALSE,PPI,MTX,no significant difference,FALSE,366,116.71804,NA
RRQFHESPWL,26.109699999999997,P5,0.17873067444512242,FALSE,PPI,MTX,no significant difference,FALSE,385,116.71804,0.2236989243479414
SKVTNFLGWF,105.852788,P5,0.8029593001873333,FALSE,PPI,MTX,no significant difference,FALSE,366,116.71804,0.9069102599735225
SKVKAFLGWF,104.57394399999998,P5,0.6516848476739499,FALSE,PPI,MTX,no significant difference,FALSE,366,116.71804,0.8959535646760345
SGRYWFVDWL,48.614209,P5,0.18861379406473736,FALSE,PPI,MTX,no significant difference,FALSE,363,116.71804,0.4165098128789689
SGRTWFCDWL,47.974787,P5,0.27220062047626725,FALSE,PPI,MTX,no significant difference,FALSE,363,116.71804,0.4110314652302249
SKVTQFLGWF,106.49159399999999,P5,0.8465899176475246,FALSE,PPI,MTX,no significant difference,FALSE,366,116.71804,0.9123833299462533
RRGKHESPWL,24.831840999999997,P5,0.21730578901503,FALSE,PPI,MTX,no significant difference,FALSE,385,116.71804,0.21275066819148092
RRWMHESPWL,24.831840999999997,P5,0.25628159811755125,FALSE,PPI,MTX,no significant difference,FALSE,385,116.71804,0.21275066819148092
SKVKCFLGWF,105.21275,P5,0.7505381243741115,FALSE,PPI,MTX,no significant difference,FALSE,366,116.71804,0.9014266346487655
RRWNHESPWL,24.831840999999997,P5,0.21603667521045572,FALSE,PPI,MTX,no significant difference,FALSE,385,116.71804,0.21275066819148092
SGRTWFDDWL,47.974787,P5,0.2279539490593465,FALSE,PPI,MTX,no significant difference,FALSE,363,116.71804,0.4110314652302249
SKVRVFLGWT,97.405922,P5,0.28858165840416483,FALSE,PPI,MTX,weaker,TRUE,366,116.71804,0.8345404189446636
SKVDYFLGWF,104.57394399999998,P5,0.5959549196196984,FALSE,PPI,MTX,no significant difference,FALSE,366,116.71804,0.8959535646760345
SKVSPFLGWF,105.852788,P5,0.3998344153406765,FALSE,PPI,MTX,weaker,TRUE,366,116.71804,0.9069102599735225
RRQIHESPWL,29.30681,P5,0.19511152261555165,FALSE,PPI,MTX,no significant difference,FALSE,385,116.71804,0.2510906625916611
SKVTRFLGWF,107.130401,P5,0.8291504446573436,FALSE,PPI,MTX,stronger,TRUE,366,116.71804,0.9178564084866402
SGRHWFGDWL,46.695943,P5,0.1696112707045403,FALSE,PPI,MTX,no significant difference,FALSE,363,116.71804,0.40007476993273705
SKVKEFLGWF,104.57394399999998,P5,0.8210582249322278,FALSE,PPI,MTX,no significant difference,FALSE,366,116.71804,0.8959535646760345
SKVKFFLGWF,105.21275,P5,0.6845396747714366,FALSE,PPI,MTX,no significant difference,FALSE,366,116.71804,0.9014266346487655
RRWQHESPWL,24.831840999999997,P5,0.1299420490058267,FALSE,PPI,MTX,no significant difference,FALSE,385,116.71804,0.21275066819148092
SKVEAFLGWF,104.57394399999998,P5,0.725501401632511,FALSE,PPI,MTX,no significant difference,FALSE,366,116.71804,0.8959535646760345
SKVTSFLGWF,107.76920799999999,P5,0.7691507501550755,FALSE,PPI,MTX,stronger,TRUE,366,116.71804,0.9233294870270268
SGRHWFHDWL,46.695943,P5,0.10726142086695914,FALSE,PPI,MTX,no significant difference,FALSE,363,116.71804,0.40007476993273705
SKVECFLGWF,105.21275,P5,0.7912519065620446,FALSE,PPI,MTX,no significant difference,FALSE,366,116.71804,0.9014266346487655
SGRTWFFDWL,47.974787,P5,0.16460589388111138,FALSE,PPI,MTX,no significant difference,FALSE,363,116.71804,0.4110314652302249
SKVRVFLGWY,97.405922,P5,0.4501967146042974,FALSE,PPI,MTX,no significant difference,FALSE,366,116.71804,0.8345404189446636
SGRHWFIDWL,47.338014,P5,0.21512428071961223,FALSE,PPI,MTX,no significant difference,FALSE,363,116.71804,0.4055758133018683
SKVEDFLGWF,104.57394399999998,P5,0.8056530266835418,FALSE,PPI,MTX,no significant difference,FALSE,366,116.71804,0.8959535646760345
SKVRVFLGYF,97.405922,P5,0.3196758273266721,FALSE,PPI,MTX,no significant difference,FALSE,366,116.71804,0.8345404189446636
SGTFWFSDWL,47.973802,P5,0.1500888105499702,FALSE,PPI,MTX,no significant difference,FALSE,363,116.71804,0.4110230260891975
SGRHWFKDWL,46.695943,P5,0.2724532406130187,FALSE,PPI,MTX,no significant difference,FALSE,363,116.71804,0.40007476993273705
SKVKIFLGWF,107.12916999999999,P5,0.7807194545286608,FALSE,PPI,MTX,no significant difference,FALSE,366,116.71804,0.9178458617022697
SKVEEFLGWF,104.57394399999998,P5,0.8735762226263862,FALSE,PPI,MTX,no significant difference,FALSE,366,116.71804,0.8959535646760345
SGRHWFLDWL,62.105653000000004,P5,0.115151131149344,FALSE,PPI,MTX,no significant difference,FALSE,363,116.71804,0.5320998621978231
SKVEFFLGWF,105.21275,P5,0.8029058397678956,FALSE,PPI,MTX,no significant difference,FALSE,366,116.71804,0.9014266346487655
RRLQHESPWL,27.385589,P5,0.28758555548058856,FALSE,PPI,MTX,no significant difference,FALSE,385,116.71804,0.2346303022223471
SKVRVFLIWF,96.75156,P5,0.07679341113429987,FALSE,PPI,MTX,weaker,TRUE,366,116.71804,0.8289340705172911
SGRMWFDDWL,46.695943,P5,0.17532980866784773,FALSE,PPI,MTX,no significant difference,FALSE,363,116.71804,0.40007476993273705
SKVKLFLGWF,105.85155699999999,P5,0.7499603003259114,FALSE,PPI,MTX,no significant difference,FALSE,366,116.71804,0.9068997131891521
SKVTVFLGWF,110.96324099999998,P5,0.7871650540560144,FALSE,PPI,MTX,stronger,TRUE,366,116.71804,0.9506948625936485
SGRCWFEDWL,46.695943,P5,0.2580703195853986,FALSE,PPI,MTX,no significant difference,FALSE,363,116.71804,0.40007476993273705
RRQQHESPWL,25.470277999999997,P5,0.2546309964500562,FALSE,PPI,MTX,no significant difference,FALSE,385,116.71804,0.21822057669919745
RRWTHESPWL,26.110684999999997,P5,0.18922212819777512,FALSE,PPI,MTX,no significant difference,FALSE,385,116.71804,0.22370736348896877
SGWFWFSDWL,44.781617,P5,0.08362570597382842,FALSE,PPI,MTX,no significant difference,FALSE,363,116.71804,0.38367348355061476
SKVTWFLGWF,106.49159399999999,P5,0.6910328507353357,FALSE,PPI,MTX,no significant difference,FALSE,366,116.71804,0.9123833299462533
SGRCWFGDWL,46.695943,P5,0.16628455077673748,FALSE,PPI,MTX,no significant difference,FALSE,363,116.71804,0.40007476993273705
SKVKNFLGWF,104.57394399999998,P5,0.7013581811130791,FALSE,PPI,MTX,no significant difference,FALSE,366,116.71804,0.8959535646760345
RRRLHESPYL,9.352315,P5,0.18308235693443217,FALSE,PPI,MTX,no significant difference,FALSE,385,116.71804,0.08012741646449856
SGRMWFGDWL,46.695943,P5,0.16052417512046346,FALSE,PPI,MTX,no significant difference,FALSE,363,116.71804,0.40007476993273705
SGRHWFPDWL,46.695943,P5,0.23799664654618752,FALSE,PPI,MTX,no significant difference,FALSE,363,116.71804,0.40007476993273705
SKVEKFLGWF,105.21275,P5,0.8250133560255022,FALSE,PPI,MTX,no significant difference,FALSE,366,116.71804,0.9014266346487655
SGRHWFQDWL,46.695943,P5,0.24256749039548833,FALSE,PPI,MTX,no significant difference,FALSE,363,116.71804,0.40007476993273705
SGRTWFIDWL,48.616858,P5,0.1327006858073118,FALSE,PPI,MTX,no significant difference,FALSE,363,116.71804,0.4165325085993562
SKVTYFLGWF,105.852788,P5,0.7445472256776393,FALSE,PPI,MTX,no significant difference,FALSE,366,116.71804,0.9069102599735225
SGRTWFKDWL,47.974787,P5,0.2800082183291419,FALSE,PPI,MTX,no significant difference,FALSE,363,116.71804,0.4110314652302249
SKVKRFLGWF,105.85155699999999,P5,0.7952993366607923,FALSE,PPI,MTX,no significant difference,FALSE,366,116.71804,0.9068997131891521
SKVRVFLNWF,96.75156,P5,0.13466448373872153,FALSE,PPI,MTX,weaker,TRUE,366,116.71804,0.8289340705172911
RRWWHESPWL,26.110684999999997,P5,0.18109507259068316,FALSE,PPI,MTX,no significant difference,FALSE,385,116.71804,0.22370736348896877
SGRCWFIDWL,47.338014,P5,0.21529714077210377,FALSE,PPI,MTX,no significant difference,FALSE,363,116.71804,0.4055758133018683
SKVV*FLGWF,NA,P5,0.37722387734494867,FALSE,PPI,MTX,weaker,TRUE,366,116.71804,NA
RRY*HESPWL,NA,P5,0.2664121154699793,FALSE,PPI,MTX,no significant difference,FALSE,385,116.71804,NA
SKVN*FLGWF,NA,P5,0.44304396396650186,FALSE,PPI,MTX,no significant difference,FALSE,366,116.71804,NA
SKVEMFLGWF,104.57394399999998,P5,0.8611746387076787,FALSE,PPI,MTX,no significant difference,FALSE,366,116.71804,0.8959535646760345
SKVKSFLGWF,106.490364,P5,0.7240132725152766,FALSE,PPI,MTX,no significant difference,FALSE,366,116.71804,0.912372791729539
SKVRVFLQWF,96.75156,P5,0.17622816830508195,FALSE,PPI,MTX,no significant difference,FALSE,366,116.71804,0.8289340705172911
RRYAHESPWL,24.831840999999997,P5,0.14890472615642542,FALSE,PPI,MTX,no significant difference,FALSE,385,116.71804,0.21275066819148092
SKVVAFLGWF,105.852788,P5,0.8188636317192319,FALSE,PPI,MTX,stronger,TRUE,366,116.71804,0.9069102599735225
RRQVHESPWL,26.749122,P5,0.20491396645768883,FALSE,PPI,MTX,no significant difference,FALSE,385,116.71804,0.22917727199668533
SKVKTFLGWF,108.40678399999999,P5,0.8029832556692844,FALSE,PPI,MTX,no significant difference,FALSE,366,116.71804,0.9287920187830432
SGRCWFNDWL,46.695943,P5,0.11146174952764548,FALSE,PPI,MTX,no significant difference,FALSE,363,116.71804,0.40007476993273705
SGRHWFTDWL,46.695943,P5,0.10173083113461628,FALSE,PPI,MTX,no significant difference,FALSE,363,116.71804,0.40007476993273705
SKVQYFLGWF,104.57394399999998,P5,0.6964373508047768,FALSE,PPI,MTX,no significant difference,FALSE,366,116.71804,0.8959535646760345
SKVVCFLGWF,106.49159399999999,P5,0.859192818067347,FALSE,PPI,MTX,stronger,TRUE,366,116.71804,0.9123833299462533
SGRFWFSDWI,47.335364999999996,P5,-0.10539319720849125,FALSE,PPI,MTX,no significant difference,FALSE,363,116.71804,0.40555311758148094
RRYFHESPWL,25.471262999999997,P5,0.21822127502644711,FALSE,PPI,MTX,no significant difference,FALSE,385,116.71804,0.21822901584022483
SKVKVFLGWF,109.68439699999999,P5,0.7698950742928912,FALSE,PPI,MTX,no significant difference,FALSE,366,116.71804,0.9397381672961608
SKVVDFLGWF,105.852788,P5,0.8587510392044058,FALSE,PPI,MTX,stronger,TRUE,366,116.71804,0.9069102599735225
SGRTWFNDWL,47.974787,P5,0.16049712370446018,FALSE,PPI,MTX,no significant difference,FALSE,363,116.71804,0.4110314652302249
SKVKWFLGWF,105.21275,P5,0.6457721389511202,FALSE,PPI,MTX,no significant difference,FALSE,366,116.71804,0.9014266346487655
SGRHWFWDWL,47.338014,P5,0.21055457475650388,FALSE,PPI,MTX,no significant difference,FALSE,363,116.71804,0.4055758133018683
SGRFWFHDWL,47.335364999999996,P5,0.11314536451087444,FALSE,PPI,MTX,no significant difference,FALSE,363,116.71804,0.40555311758148094
SKVKYFLGWF,104.57394399999998,P5,0.7645339053068518,FALSE,PPI,MTX,no significant difference,FALSE,366,116.71804,0.8959535646760345
SGRHWFYDWL,46.695943,P5,0.16540075844772917,FALSE,PPI,MTX,no significant difference,FALSE,363,116.71804,0.40007476993273705
SKHRVFLGWF,113.525855,P5,0.6399417329662116,FALSE,PPI,MTX,no significant difference,FALSE,366,116.71804,0.9726504574614173
RRYIHESPWL,28.668373,P5,0.18488448103845992,FALSE,PPI,MTX,no significant difference,FALSE,385,116.71804,0.24562075408394451
SKVVEFLGWF,105.852788,P5,0.9427367840663058,FALSE,PPI,MTX,stronger,TRUE,366,116.71804,0.9069102599735225
RRYKHESPWL,24.831840999999997,P5,0.1870078608407944,FALSE,PPI,MTX,no significant difference,FALSE,385,116.71804,0.21275066819148092
*RRLHESPWL,NA,P5,0.25430939796203744,FALSE,PPI,MTX,no significant difference,FALSE,385,116.71804,NA
SKVEWFLGWF,105.21275,P5,0.765175329680503,FALSE,PPI,MTX,no significant difference,FALSE,366,116.71804,0.9014266346487655
SKVVFFLGWF,106.49159399999999,P5,0.7247715443154866,FALSE,PPI,MTX,no significant difference,FALSE,366,116.71804,0.9123833299462533
SKVEYFLGWF,104.57394399999998,P5,0.8377279721892389,FALSE,PPI,MTX,no significant difference,FALSE,366,116.71804,0.8959535646760345
SGRIWFCDWL,50.532475,P5,0.260813440264295,FALSE,PPI,MTX,no significant difference,FALSE,363,116.71804,0.4329448558252006
SGRTWFQDWL,47.974787,P5,0.13830163599776607,FALSE,PPI,MTX,no significant difference,FALSE,363,116.71804,0.4110314652302249
SKVVGFLGWF,105.852788,P5,0.7195931947439302,FALSE,PPI,MTX,no significant difference,FALSE,366,116.71804,0.9069102599735225
SGRIWFDDWL,50.532475,P5,0.30467356499046994,FALSE,PPI,MTX,no significant difference,FALSE,363,116.71804,0.4329448558252006
RRRLHESPWI,28.664433,P5,0.23814217486107417,FALSE,PPI,MTX,no significant difference,FALSE,385,116.71804,0.24558699751983495
SKVFCFLGWF,105.852172,P5,0.6633192589992508,FALSE,PPI,MTX,no significant difference,FALSE,366,116.71804,0.9069049822975094
SGRTWFRDWL,49.258928999999995,P5,0.17719267237705996,FALSE,PPI,MTX,no significant difference,FALSE,363,116.71804,0.4220335519684874
SKVLCFLGWF,106.49159399999999,P5,0.6470869535000918,FALSE,PPI,MTX,no significant difference,FALSE,366,116.71804,0.9123833299462533
SGRIWFGDWL,50.532475,P5,0.14984689114933394,FALSE,PPI,MTX,no significant difference,FALSE,363,116.71804,0.4329448558252006
SKVRVFQGWF,101.30833,P5,0.5498559156940316,FALSE,PPI,MTX,no significant difference,FALSE,366,116.71804,0.8679749077349139
SKVVHFLGWF,106.49159399999999,P5,0.9094357345312688,FALSE,PPI,MTX,stronger,TRUE,366,116.71804,0.9123833299462533
SKVFEFLGWF,105.213366,P5,0.8460690903396381,FALSE,PPI,MTX,no significant difference,FALSE,366,116.71804,0.9014319123247785
RRCDHESPWL,24.831840999999997,P5,0.13606345778008783,FALSE,PPI,MTX,no significant difference,FALSE,385,116.71804,0.21275066819148092
SKVVIFLGWF,108.40801399999998,P5,0.824752130397852,FALSE,PPI,MTX,stronger,TRUE,366,116.71804,0.9288025569997576
RRYQHESPWL,24.831840999999997,P5,0.2958443532579006,FALSE,PPI,MTX,no significant difference,FALSE,385,116.71804,0.21275066819148092
SGRIWFHDWL,50.532475,P5,0.1513145861530667,FALSE,PPI,MTX,no significant difference,FALSE,363,116.71804,0.4329448558252006
SGRIWFIDWL,51.174546,P5,0.19336080958316937,FALSE,PPI,MTX,no significant difference,FALSE,363,116.71804,0.4384458991943319
SKVLDFLGWF,105.852788,P5,0.669024929770107,FALSE,PPI,MTX,no significant difference,FALSE,366,116.71804,0.9069102599735225
SGRIWFKDWL,50.532475,P5,0.20893792320388185,FALSE,PPI,MTX,no significant difference,FALSE,363,116.71804,0.4329448558252006
SKVFHFLGWF,105.852172,P5,0.753799499148426,FALSE,PPI,MTX,no significant difference,FALSE,366,116.71804,0.9069049822975094
SKVVKFLGWF,106.49159399999999,P5,0.9130570391881389,FALSE,PPI,MTX,stronger,TRUE,366,116.71804,0.9123833299462533
SGRIWFLDWL,65.942185,P5,0.2174338088058787,FALSE,PPI,MTX,no significant difference,FALSE,363,116.71804,0.5649699480902866
SKVLEFLGWF,105.852788,P5,0.8147731725668366,FALSE,PPI,MTX,no significant difference,FALSE,366,116.71804,0.9069102599735225
SKVVLFLGWF,107.130401,P5,0.8056719952818354,FALSE,PPI,MTX,stronger,TRUE,366,116.71804,0.9178564084866402
SGRFWFSDWQ,47.335364999999996,P5,0.02089990720505975,FALSE,PPI,MTX,no significant difference,FALSE,363,116.71804,0.40555311758148094
SGRTWFSDWL,47.974787,P5,0.15328992454851367,FALSE,PPI,MTX,no significant difference,FALSE,363,116.71804,0.4110314652302249
RRCIHESPWL,28.668373,P5,0.1867486831759137,FALSE,PPI,MTX,no significant difference,FALSE,385,116.71804,0.24562075408394451
SGRIWFNDWL,50.532475,P5,0.18366032272926427,FALSE,PPI,MTX,no significant difference,FALSE,363,116.71804,0.4329448558252006
RRCKHESPWL,24.831840999999997,P5,0.15545235093726603,FALSE,PPI,MTX,no significant difference,FALSE,385,116.71804,0.21275066819148092
SKVFMFLGWF,105.213366,P5,0.7361402266285696,FALSE,PPI,MTX,no significant difference,FALSE,366,116.71804,0.9014319123247785
SKVRVFWGWF,101.950401,P5,0.596032962194313,FALSE,PPI,MTX,no significant difference,FALSE,366,116.71804,0.8734759511040453
SKVVMFLGWF,105.852788,P5,0.8755856791981707,FALSE,PPI,MTX,stronger,TRUE,366,116.71804,0.9069102599735225
SKVLGFLGWF,105.852788,P5,0.5867031865695811,FALSE,PPI,MTX,weaker,TRUE,366,116.71804,0.9069102599735225
RRYWHESPWL,26.110684999999997,P5,0.22940749854376316,FALSE,PPI,MTX,no significant difference,FALSE,385,116.71804,0.22370736348896877
RRCMHESPWL,24.831840999999997,P5,0.25367894118229184,FALSE,PPI,MTX,no significant difference,FALSE,385,116.71804,0.21275066819148092
SKVVNFLGWF,105.852788,P5,0.8890245308601735,FALSE,PPI,MTX,stronger,TRUE,366,116.71804,0.9069102599735225
RRYYHESPWL,26.750107,P5,0.2121349972022877,FALSE,PPI,MTX,no significant difference,FALSE,385,116.71804,0.22918571113771272
RRCPHESPWL,24.831840999999997,P5,0.2012634602156983,FALSE,PPI,MTX,no significant difference,FALSE,385,116.71804,0.21275066819148092
SKVVPFLGWF,105.852788,P5,0.30417304512206156,FALSE,PPI,MTX,weaker,TRUE,366,116.71804,0.9069102599735225
SKVLHFLGWF,106.49159399999999,P5,0.6934087943955771,FALSE,PPI,MTX,no significant difference,FALSE,366,116.71804,0.9123833299462533
SKV*EFLGWF,NA,P5,0.4219928931869089,FALSE,PPI,MTX,no significant difference,FALSE,366,116.71804,NA
SKVVQFLGWF,106.49159399999999,P5,0.8771457855446751,FALSE,PPI,MTX,stronger,TRUE,366,116.71804,0.9123833299462533
SGRFWFSDWY,47.335364999999996,P5,-0.02815841273338917,FALSE,PPI,MTX,no significant difference,FALSE,363,116.71804,0.40555311758148094
SGRIWFTDWL,50.532475,P5,0.14432721095235274,FALSE,PPI,MTX,no significant difference,FALSE,363,116.71804,0.4329448558252006
SGRFWFSDYL,28.023246999999998,P5,-0.26605816103359425,FALSE,PPI,MTX,no significant difference,FALSE,363,116.71804,0.2400935365261445
SGRTWFWDWL,48.616858,P5,0.1802584543367366,FALSE,PPI,MTX,no significant difference,FALSE,363,116.71804,0.4165325085993562
SGRTWFYDWL,47.974787,P5,0.2798031736514818,FALSE,PPI,MTX,no significant difference,FALSE,363,116.71804,0.4110314652302249
SGRIWFVDWL,50.532475,P5,0.1690075719899359,FALSE,PPI,MTX,no significant difference,FALSE,363,116.71804,0.4329448558252006
SKVVRFLGWF,107.130401,P5,0.9102032996094952,FALSE,PPI,MTX,stronger,TRUE,366,116.71804,0.9178564084866402
SGRFWFSFWL,47.335364999999996,P5,0.17683751004609743,FALSE,PPI,MTX,no significant difference,FALSE,363,116.71804,0.40555311758148094
RRRKHESPWL,27.385589,P5,0.17822712736971896,FALSE,PPI,MTX,no significant difference,FALSE,385,116.71804,0.2346303022223471
RYRLHESPWL,26.112808,P5,0.2991956512655959,FALSE,PPI,MTX,no significant difference,FALSE,385,116.71804,0.22372555262237098
SGRDWFQDWL,46.695943,P5,0.13431147821378442,FALSE,PPI,MTX,no significant difference,FALSE,363,116.71804,0.40007476993273705
SGRIWFWDWL,51.174546,P5,0.14290809694693815,FALSE,PPI,MTX,no significant difference,FALSE,363,116.71804,0.4384458991943319
RRMIHESPWL,28.668373,P5,0.23518717777928613,FALSE,PPI,MTX,no significant difference,FALSE,385,116.71804,0.24562075408394451
RRHNHESPWL,25.470277999999997,P5,0.15188645257643563,FALSE,PPI,MTX,no significant difference,FALSE,385,116.71804,0.21822057669919745
S*RFWFSDWL,NA,P5,0.31177831452302696,FALSE,PPI,MTX,no significant difference,FALSE,363,116.71804,NA
SGRFWFSIWL,47.335364999999996,P5,0.1855365995150716,FALSE,PPI,MTX,no significant difference,FALSE,363,116.71804,0.40555311758148094
S*VRVFLGWF,NA,P5,0.2384473456197374,FALSE,PPI,MTX,no significant difference,FALSE,366,116.71804,NA
RRRL*ESPWL,NA,P5,0.6819323015398204,FALSE,PPI,MTX,no significant difference,FALSE,385,116.71804,NA
SKVVSFLGWF,107.76920799999999,P5,0.8571153602358801,FALSE,PPI,MTX,stronger,TRUE,366,116.71804,0.9233294870270268
SKVFYFLGWF,105.213366,P5,0.5649610490504647,FALSE,PPI,MTX,no significant difference,FALSE,366,116.71804,0.9014319123247785
IGRFWFSDWL,45.422968999999995,P5,0.12232686014199586,FALSE,PPI,MTX,no significant difference,FALSE,363,116.71804,0.38916836677517885
SGRKWFCDWL,46.695943,P5,0.08533909843391665,FALSE,PPI,MTX,no significant difference,FALSE,363,116.71804,0.40007476993273705
SGRKWFDDWL,46.695943,P5,0.06325650430096989,FALSE,PPI,MTX,no significant difference,FALSE,363,116.71804,0.40007476993273705
RRRLDESPWL,28.025627,P5,0.6125973724232053,FALSE,PPI,MTX,no significant difference,FALSE,385,116.71804,0.24011392754710412
SGRFWFSMWL,47.335364999999996,P5,0.24635673829391216,FALSE,PPI,MTX,no significant difference,FALSE,363,116.71804,0.40555311758148094
SGRVWFDDWL,47.974787,P5,0.1946208459920652,FALSE,PPI,MTX,no significant difference,FALSE,363,116.71804,0.4110314652302249
SGRKWFFDWL,46.695943,P5,0.15938648732735888,FALSE,PPI,MTX,no significant difference,FALSE,363,116.71804,0.40007476993273705
KRRLHESPWL,28.664433,P5,0.31004210761794354,FALSE,PPI,MTX,no significant difference,FALSE,385,116.71804,0.24558699751983495
SDRFWFSDWL,46.697458999999995,P5,0.3308856058815844,FALSE,PPI,MTX,no significant difference,FALSE,363,116.71804,0.4000877584990289
SKVVTFLGWF,109.68562800000001,P5,0.9044003972056948,FALSE,PPI,MTX,stronger,TRUE,366,116.71804,0.9397487140805312
SKVLMFLGWF,105.852788,P5,0.6723276461818576,FALSE,PPI,MTX,no significant difference,FALSE,366,116.71804,0.9069102599735225
SDVRVFLGWF,113.52850899999999,P5,0.5177794531109375,FALSE,PPI,MTX,no significant difference,FALSE,366,116.71804,0.9726731960200838
RRDCHESPWL,24.831840999999997,P5,0.21324927755608103,FALSE,PPI,MTX,no significant difference,FALSE,385,116.71804,0.21275066819148092
RRDDHESPWL,24.831840999999997,P5,0.33830840130949413,FALSE,PPI,MTX,no significant difference,FALSE,385,116.71804,0.21275066819148092
SEVRVFLGWF,113.52850899999999,P5,0.5236749320676096,FALSE,PPI,MTX,no significant difference,FALSE,366,116.71804,0.9726731960200838
RRDEHESPWL,24.831840999999997,P5,0.2526818667837895,FALSE,PPI,MTX,no significant difference,FALSE,385,116.71804,0.21275066819148092
RRDFHESPWL,25.471262999999997,P5,0.19959456110597712,FALSE,PPI,MTX,no significant difference,FALSE,385,116.71804,0.21822901584022483
SGRKWFIDWL,47.338014,P5,0.2471277634781417,FALSE,PPI,MTX,no significant difference,FALSE,363,116.71804,0.4055758133018683
SKVVVFLGWF,110.96324099999998,P5,0.852346709804267,FALSE,PPI,MTX,stronger,TRUE,366,116.71804,0.9506948625936485
SFRFWFSDWL,47.335364999999996,P5,0.2840568521166736,FALSE,PPI,MTX,no significant difference,FALSE,363,116.71804,0.40555311758148094
SKVLNFLGWF,105.852788,P5,0.6726356624365961,FALSE,PPI,MTX,no significant difference,FALSE,366,116.71804,0.9069102599735225
SGRKWFKDWL,46.695943,P5,0.25351626099795826,FALSE,PPI,MTX,no significant difference,FALSE,363,116.71804,0.40007476993273705
SGRVWFGDWL,47.974787,P5,0.22735810923126828,FALSE,PPI,MTX,no significant difference,FALSE,363,116.71804,0.4110314652302249
SG*FWFSDWL,NA,P5,0.25433152859127306,FALSE,PPI,MTX,no significant difference,FALSE,363,116.71804,NA
SKVLPFLGWF,105.852788,P5,0.3384120711743574,FALSE,PPI,MTX,weaker,TRUE,366,116.71804,0.9069102599735225
RRRLHDSPWL,28.664433,P5,0.3701439499185391,FALSE,PPI,MTX,no significant difference,FALSE,385,116.71804,0.24558699751983495
SKVLQFLGWF,106.49159399999999,P5,0.7551585052048903,FALSE,PPI,MTX,no significant difference,FALSE,366,116.71804,0.9123833299462533
SKVVWFLGWF,106.49159399999999,P5,0.7551604602225436,FALSE,PPI,MTX,no significant difference,FALSE,366,116.71804,0.9123833299462533
SGRVWFHDWL,47.974787,P5,0.15167211095393773,FALSE,PPI,MTX,no significant difference,FALSE,363,116.71804,0.4110314652302249
SGCFWFSDWL,44.781617,P5,0.2603805119993762,FALSE,PPI,MTX,no significant difference,FALSE,363,116.71804,0.38367348355061476
SGRKWFNDWL,46.695943,P5,0.1138698691643174,FALSE,PPI,MTX,no significant difference,FALSE,363,116.71804,0.40007476993273705
SGRKWFPDWL,46.695943,P5,0.21442626364352052,FALSE,PPI,MTX,no significant difference,FALSE,363,116.71804,0.40007476993273705
SGDFWFSDWL,44.781617,P5,0.25010643941233496,FALSE,PPI,MTX,no significant difference,FALSE,363,116.71804,0.38367348355061476
SGEFWFSDWL,44.781617,P5,0.16846209251392089,FALSE,PPI,MTX,no significant difference,FALSE,363,116.71804,0.38367348355061476
SKVVYFLGWF,105.852788,P5,0.7676583483347137,FALSE,PPI,MTX,no significant difference,FALSE,366,116.71804,0.9069102599735225
SKV*YFLGWF,NA,P5,0.3930160547670708,FALSE,PPI,MTX,no significant difference,FALSE,366,116.71804,NA
RRRLHEDPWL,28.664433,P5,0.1612695552678154,FALSE,PPI,MTX,no significant difference,FALSE,385,116.71804,0.24558699751983495
SKVW*FLGWF,NA,P5,0.4172972918393661,FALSE,PPI,MTX,no significant difference,FALSE,366,116.71804,NA
SGRVWFKDWL,47.974787,P5,0.16638606380113613,FALSE,PPI,MTX,no significant difference,FALSE,363,116.71804,0.4110314652302249
RRRLHEEPWL,28.664433,P5,0.18741464441747083,FALSE,PPI,MTX,no significant difference,FALSE,385,116.71804,0.24558699751983495
SKVWAFLGWF,105.852788,P5,0.7209382671646203,FALSE,PPI,MTX,no significant difference,FALSE,366,116.71804,0.9069102599735225
SGRKWFRDWL,47.980085,P5,0.16190995284329496,FALSE,PPI,MTX,no significant difference,FALSE,363,116.71804,0.41107685667099964
RRDNHESPWL,24.831840999999997,P5,0.2229136974848052,FALSE,PPI,MTX,no significant difference,FALSE,385,116.71804,0.21275066819148092
SGHFWFSDWL,45.42005399999999,P5,0.09846598237605732,FALSE,PPI,MTX,no significant difference,FALSE,363,116.71804,0.38914339205833126
SKVWCFLGWF,106.49159399999999,P5,0.7556438684177041,FALSE,PPI,MTX,no significant difference,FALSE,366,116.71804,0.9123833299462533
RRDPHESPWL,24.831840999999997,P5,0.1717625953524637,FALSE,PPI,MTX,no significant difference,FALSE,385,116.71804,0.21275066819148092
RRRLHEHPWL,28.664433,P5,0.1826880261297197,FALSE,PPI,MTX,no significant difference,FALSE,385,116.71804,0.24558699751983495
SKVWDFLGWF,105.852788,P5,0.79410904074892,FALSE,PPI,MTX,no significant difference,FALSE,366,116.71804,0.9069102599735225
SGRKWFSDWL,46.695943,P5,0.17267598172888496,FALSE,PPI,MTX,no significant difference,FALSE,363,116.71804,0.40007476993273705
SKVWEFLGWF,105.852788,P5,0.855911168668205,FALSE,PPI,MTX,no significant difference,FALSE,366,116.71804,0.9069102599735225
SKVWFFLGWF,106.49159399999999,P5,0.6524275046065997,FALSE,PPI,MTX,no significant difference,FALSE,366,116.71804,0.9123833299462533
RRNDHESPWL,26.108714999999997,P5,0.2107181904921539,FALSE,PPI,MTX,no significant difference,FALSE,385,116.71804,0.223690485206914
RRNEHESPWL,26.108714999999997,P5,0.20826427068124337,FALSE,PPI,MTX,no significant difference,FALSE,385,116.71804,0.223690485206914
SKVWGFLGWF,105.852788,P5,0.6637179435241326,FALSE,PPI,MTX,no significant difference,FALSE,366,116.71804,0.9069102599735225
SGRKWFTDWL,46.695943,P5,0.09282117026377566,FALSE,PPI,MTX,no significant difference,FALSE,363,116.71804,0.40007476993273705
SGMFWFSDWL,44.781617,P5,0.28223701596060696,FALSE,PPI,MTX,no significant difference,FALSE,363,116.71804,0.38367348355061476
SKVWHFLGWF,106.49159399999999,P5,0.7854427176221457,FALSE,PPI,MTX,no significant difference,FALSE,366,116.71804,0.9123833299462533
SKVWIFLGWF,108.40801399999998,P5,0.7819724860945827,FALSE,PPI,MTX,no significant difference,FALSE,366,116.71804,0.9288025569997576
SGNFWFSDWL,46.058491,P5,0.18417591111745396,FALSE,PPI,MTX,no significant difference,FALSE,363,116.71804,0.3946133005660479
SGRKWFWDWL,47.338014,P5,0.29203408173247486,FALSE,PPI,MTX,no significant difference,FALSE,363,116.71804,0.4055758133018683
SKVWKFLGWF,106.49159399999999,P5,0.8670236560831487,FALSE,PPI,MTX,no significant difference,FALSE,366,116.71804,0.9123833299462533
SKVWLFLGWF,107.130401,P5,0.7165760138941021,FALSE,PPI,MTX,no significant difference,FALSE,366,116.71804,0.9178564084866402
SKVLTFLGWF,109.68562800000001,P5,0.7825742249337657,FALSE,PPI,MTX,stronger,TRUE,366,116.71804,0.9397487140805312
QRRLHESPWL,28.026967999999997,P5,0.2815642382500279,FALSE,PPI,MTX,no significant difference,FALSE,385,116.71804,0.24012541677361954
RRRLHEQPWL,28.664433,P5,0.12098379986007346,FALSE,PPI,MTX,no significant difference,FALSE,385,116.71804,0.24558699751983495
RRYMHESPWL,24.831840999999997,P5,0.25776887343639937,FALSE,PPI,MTX,no significant difference,FALSE,385,116.71804,0.21275066819148092
SGRVWFQDWL,47.974787,P5,0.2225406101499019,FALSE,PPI,MTX,no significant difference,FALSE,363,116.71804,0.4110314652302249
SKVWNFLGWF,105.852788,P5,0.7975274742431064,FALSE,PPI,MTX,no significant difference,FALSE,366,116.71804,0.9069102599735225
SKVWPFLGWF,105.852788,P5,0.28319875702033714,FALSE,PPI,MTX,no significant difference,FALSE,366,116.71804,0.9069102599735225
RCRLHESPWL,25.474902,P5,0.5230723034115731,FALSE,PPI,MTX,no significant difference,FALSE,385,116.71804,0.21826019353991893
RRDYHESPWL,26.750107,P5,0.2717023229241009,FALSE,PPI,MTX,no significant difference,FALSE,385,116.71804,0.22918571113771272
RRRLHES*WL,NA,P5,0.0915597999979667,FALSE,PPI,MTX,no significant difference,FALSE,385,116.71804,NA
SKVWQFLGWF,106.49159399999999,P5,0.7818231559393601,FALSE,PPI,MTX,no significant difference,FALSE,366,116.71804,0.9123833299462533
SKVWRFLGWF,107.130401,P5,0.8047507110100027,FALSE,PPI,MTX,no significant difference,FALSE,366,116.71804,0.9178564084866402
RRRLHESAWL,28.664433,P5,-0.02741066346532125,FALSE,PPI,MTX,weaker,TRUE,385,116.71804,0.24558699751983495
SKVGQFLGWF,105.21275,P5,0.7807078349912917,FALSE,PPI,MTX,no significant difference,FALSE,366,116.71804,0.9014266346487655
RRRLHESCWL,28.664433,P5,-0.01943985599109964,FALSE,PPI,MTX,no significant difference,FALSE,385,116.71804,0.24558699751983495
SKVWSFLGWF,107.76920799999999,P5,0.7524952775645054,FALSE,PPI,MTX,no significant difference,FALSE,366,116.71804,0.9233294870270268
RRRLHESEWL,28.664433,P5,0.02266718217640812,FALSE,PPI,MTX,weaker,TRUE,385,116.71804,0.24558699751983495
SKVLWFLGWF,106.49159399999999,P5,0.5297698711309073,FALSE,PPI,MTX,weaker,TRUE,366,116.71804,0.9123833299462533
RREEHESPWL,24.831840999999997,P5,0.21041063351679495,FALSE,PPI,MTX,no significant difference,FALSE,385,116.71804,0.21275066819148092
RREFHESPWL,25.471262999999997,P5,0.1433805986746021,FALSE,PPI,MTX,no significant difference,FALSE,385,116.71804,0.21822901584022483
SGR*WFKDWL,NA,P5,0.27211346466301745,FALSE,PPI,MTX,no significant difference,FALSE,363,116.71804,NA
RRRLHESGWL,48.630913,P5,-0.00332464059643703,FALSE,PPI,MTX,weaker,TRUE,385,116.71804,0.4166529270025439
RREGHESPWL,24.831840999999997,P5,0.22878608893898011,FALSE,PPI,MTX,no significant difference,FALSE,385,116.71804,0.21275066819148092
SKVWTFLGWF,109.68562800000001,P5,0.8430878749380499,FALSE,PPI,MTX,no significant difference,FALSE,366,116.71804,0.9397487140805312
SKVLYFLGWF,105.852788,P5,0.5718979775329931,FALSE,PPI,MTX,no significant difference,FALSE,366,116.71804,0.9069102599735225
SKVWVFLGWF,110.96324099999998,P5,0.8060318629954508,FALSE,PPI,MTX,no significant difference,FALSE,366,116.71804,0.9506948625936485
RRRLHESHWL,28.664433,P5,-0.07219733638155461,FALSE,PPI,MTX,no significant difference,FALSE,385,116.71804,0.24558699751983495
RRRLHESIWL,28.664433,P5,0.06556663869378529,FALSE,PPI,MTX,no significant difference,FALSE,385,116.71804,0.24558699751983495
SGR*WFMDWL,NA,P5,0.2663840842159423,FALSE,PPI,MTX,no significant difference,FALSE,363,116.71804,NA
SKVWWFLGWF,106.49159399999999,P5,0.6087864924251716,FALSE,PPI,MTX,no significant difference,FALSE,366,116.71804,0.9123833299462533
RRRLHESKWL,28.664433,P5,0.03595964156861446,FALSE,PPI,MTX,weaker,TRUE,385,116.71804,0.24558699751983495
SKVM*FLGWF,NA,P5,0.41436752763308343,FALSE,PPI,MTX,no significant difference,FALSE,366,116.71804,NA
SKVWYFLGWF,105.852788,P5,0.7473048999295345,FALSE,PPI,MTX,no significant difference,FALSE,366,116.71804,0.9069102599735225
SKVY*FLGWF,NA,P5,0.4298290226985495,FALSE,PPI,MTX,no significant difference,FALSE,366,116.71804,NA
SKVYAFLGWF,106.49221,P5,0.685545796850247,FALSE,PPI,MTX,no significant difference,FALSE,366,116.71804,0.9123886076222665
SKVRVFLFWF,96.75156,P5,0.05281446152017169,FALSE,PPI,MTX,weaker,TRUE,366,116.71804,0.8289340705172911
SGRFWWSDWL,28.666984999999997,P5,0.5894262691406958,FALSE,PPI,MTX,no significant difference,FALSE,363,116.71804,0.24560886217760336
SKVMCFLGWF,105.21275,P5,0.7645892414955372,FALSE,PPI,MTX,no significant difference,FALSE,366,116.71804,0.9014266346487655
SGR*WFQDWL,NA,P5,0.23101002596900289,FALSE,PPI,MTX,no significant difference,FALSE,363,116.71804,NA
RREMHESPWL,24.831840999999997,P5,0.16528407867286402,FALSE,PPI,MTX,no significant difference,FALSE,385,116.71804,0.21275066819148092
SGRFWYSDWL,28.023246999999998,P5,0.6220913398228364,FALSE,PPI,MTX,no significant difference,FALSE,363,116.71804,0.2400935365261445
SKVMDFLGWF,104.57394399999998,P5,0.7863759862563939,FALSE,PPI,MTX,no significant difference,FALSE,366,116.71804,0.8959535646760345
RRRLHESNWL,28.664433,P5,0.05198682140219824,FALSE,PPI,MTX,weaker,TRUE,385,116.71804,0.24558699751983495
SKVMEFLGWF,104.57394399999998,P5,0.8321637679271077,FALSE,PPI,MTX,no significant difference,FALSE,366,116.71804,0.8959535646760345
SKVYCFLGWF,107.13101599999999,P5,0.8178717609791117,FALSE,PPI,MTX,no significant difference,FALSE,366,116.71804,0.9178616775949971
RMRLHESPWL,26.112808,P5,0.5593514717284004,FALSE,PPI,MTX,no significant difference,FALSE,385,116.71804,0.22372555262237098
SKVYDFLGWF,106.49221,P5,0.7637021042365407,FALSE,PPI,MTX,no significant difference,FALSE,366,116.71804,0.9123886076222665
SKVYEFLGWF,106.49221,P5,0.9146688805730188,FALSE,PPI,MTX,no significant difference,FALSE,366,116.71804,0.9123886076222665
SKVMFFLGWF,105.21275,P5,0.6554627033883865,FALSE,PPI,MTX,no significant difference,FALSE,366,116.71804,0.9014266346487655
RRKKHESPWL,25.470277999999997,P5,0.3712037175321096,FALSE,PPI,MTX,no significant difference,FALSE,385,116.71804,0.21822057669919745
SKVMGFLGWF,104.57394399999998,P5,0.6351096528355783,FALSE,PPI,MTX,no significant difference,FALSE,366,116.71804,0.8959535646760345
SGR*WFSDWL,NA,P5,0.27580242819203177,FALSE,PPI,MTX,no significant difference,FALSE,363,116.71804,NA
SKVYFFLGWF,107.13101599999999,P5,0.6646812123367695,FALSE,PPI,MTX,no significant difference,FALSE,366,116.71804,0.9178616775949971
SKVYGFLGWF,106.49221,P5,0.6381836179194922,FALSE,PPI,MTX,no significant difference,FALSE,366,116.71804,0.9123886076222665
RRRLHESPCL,9.352315,P5,0.18833595240663,FALSE,PPI,MTX,no significant difference,FALSE,385,116.71804,0.08012741646449856
RRRLHESPDL,9.352315,P5,0.1618436442913554,FALSE,PPI,MTX,no significant difference,FALSE,385,116.71804,0.08012741646449856
SKVMIFLGWF,107.12916999999999,P5,0.7385812023146642,FALSE,PPI,MTX,no significant difference,FALSE,366,116.71804,0.9178458617022697
RR**HESPWL,NA,P5,0.12388735628958927,FALSE,PPI,MTX,no significant difference,FALSE,385,116.71804,NA
SKVYHFLGWF,107.13101599999999,P5,0.7967387643995332,FALSE,PPI,MTX,no significant difference,FALSE,366,116.71804,0.9178616775949971
SGRVWFYDWL,47.974787,P5,0.17056087917742196,FALSE,PPI,MTX,no significant difference,FALSE,363,116.71804,0.4110314652302249
SKVMKFLGWF,105.21275,P5,0.8088899161503261,FALSE,PPI,MTX,no significant difference,FALSE,366,116.71804,0.9014266346487655
SKVYIFLGWF,109.047436,P5,0.722150644404476,FALSE,PPI,MTX,no significant difference,FALSE,366,116.71804,0.9342809046485017
SGRKWF*DWL,NA,P5,0.20529845791772872,FALSE,PPI,MTX,no significant difference,FALSE,363,116.71804,NA
RRRLHESPFL,9.352315,P5,0.14428799969707676,FALSE,PPI,MTX,no significant difference,FALSE,385,116.71804,0.08012741646449856
SKVYKFLGWF,107.13101599999999,P5,0.8557198422983032,FALSE,PPI,MTX,no significant difference,FALSE,366,116.71804,0.9178616775949971
RRRLHESPGL,9.996053,P5,0.18621617735621304,FALSE,PPI,MTX,no significant difference,FALSE,385,116.71804,0.08564274211595739
SKVYLFLGWF,107.769823,P5,0.7430003718786103,FALSE,PPI,MTX,no significant difference,FALSE,366,116.71804,0.9233347561353841
SGR*WFWDWL,NA,P5,0.21131854306491216,FALSE,PPI,MTX,no significant difference,FALSE,363,116.71804,NA
SGRLWFIDWL,48.616858,P5,0.1601668860884935,FALSE,PPI,MTX,no significant difference,FALSE,363,116.71804,0.4165325085993562
SGR*WFYDWL,NA,P5,0.2683523592756251,FALSE,PPI,MTX,no significant difference,FALSE,363,116.71804,NA
SKVMMFLGWF,104.57394399999998,P5,0.7996746912622209,FALSE,PPI,MTX,no significant difference,FALSE,366,116.71804,0.8959535646760345
RRRLHESPHL,9.352315,P5,0.16000790359230016,FALSE,PPI,MTX,no significant difference,FALSE,385,116.71804,0.08012741646449856
SGRWWFCDWL,47.974787,P5,0.17033385609157894,FALSE,PPI,MTX,no significant difference,FALSE,363,116.71804,0.4110314652302249
SKVMNFLGWF,104.57394399999998,P5,0.7774451269642088,FALSE,PPI,MTX,no significant difference,FALSE,366,116.71804,0.8959535646760345
SKVH*FLGWF,NA,P5,0.37991066998884454,FALSE,PPI,MTX,no significant difference,FALSE,366,116.71804,NA
SKVYMFLGWF,106.49221,P5,0.8244191932376754,FALSE,PPI,MTX,no significant difference,FALSE,366,116.71804,0.9123886076222665
SKVMPFLGWF,104.57394399999998,P5,0.24617342956008031,FALSE,PPI,MTX,no significant difference,FALSE,366,116.71804,0.8959535646760345
SKVYNFLGWF,106.49221,P5,0.8152627639101512,FALSE,PPI,MTX,no significant difference,FALSE,366,116.71804,0.9123886076222665
SGRWWFEDWL,47.974787,P5,0.26268712048046744,FALSE,PPI,MTX,no significant difference,FALSE,363,116.71804,0.4110314652302249
SKVYPFLGWF,106.49221,P5,0.33593161601716703,FALSE,PPI,MTX,no significant difference,FALSE,366,116.71804,0.9123886076222665
SKVMQFLGWF,105.21275,P5,0.7960448046180824,FALSE,PPI,MTX,no significant difference,FALSE,366,116.71804,0.9014266346487655
SKVMRFLGWF,105.85155699999999,P5,0.7963148299064766,FALSE,PPI,MTX,no significant difference,FALSE,366,116.71804,0.9068997131891521
SGRWWFFDWL,47.974787,P5,0.11490910716147912,FALSE,PPI,MTX,no significant difference,FALSE,363,116.71804,0.4110314652302249
SKVYQFLGWF,107.13101599999999,P5,0.7990313936207374,FALSE,PPI,MTX,no significant difference,FALSE,366,116.71804,0.9178616775949971
SKVYRFLGWF,107.769823,P5,0.8072724457390328,FALSE,PPI,MTX,stronger,TRUE,366,116.71804,0.9233347561353841
RRF*HESPWL,NA,P5,0.23487568173408843,FALSE,PPI,MTX,no significant difference,FALSE,385,116.71804,NA
RRPHHESPWL,24.831840999999997,P5,0.26353983494610406,FALSE,PPI,MTX,no significant difference,FALSE,385,116.71804,0.21275066819148092
SKVMSFLGWF,106.490364,P5,0.7485664373252814,FALSE,PPI,MTX,no significant difference,FALSE,366,116.71804,0.912372791729539
SGRWWFIDWL,48.616858,P5,0.12487874570714434,FALSE,PPI,MTX,no significant difference,FALSE,363,116.71804,0.4165325085993562
SKVYSFLGWF,108.40862999999999,P5,0.7240915753550855,FALSE,PPI,MTX,no significant difference,FALSE,366,116.71804,0.9288078346757707
SGRWWFKDWL,47.974787,P5,0.33895180785375156,FALSE,PPI,MTX,no significant difference,FALSE,363,116.71804,0.4110314652302249
RRFDHESPWL,24.831840999999997,P5,0.29310105037538614,FALSE,PPI,MTX,no significant difference,FALSE,385,116.71804,0.21275066819148092
RRFEHESPWL,24.831840999999997,P5,0.13021123320287917,FALSE,PPI,MTX,no significant difference,FALSE,385,116.71804,0.21275066819148092
SKVMTFLGWF,108.40678399999999,P5,0.8235072621298499,FALSE,PPI,MTX,no significant difference,FALSE,366,116.71804,0.9287920187830432
RRPKHESPWL,24.831840999999997,P5,0.18707999211442303,FALSE,PPI,MTX,no significant difference,FALSE,385,116.71804,0.21275066819148092
SKVYTFLGWF,110.32505,P5,0.8222507220973624,FALSE,PPI,MTX,no significant difference,FALSE,366,116.71804,0.9452270617292751
SKVMVFLGWF,109.68439699999999,P5,0.7592478168988923,FALSE,PPI,MTX,no significant difference,FALSE,366,116.71804,0.9397381672961608
SGRWWFMDWL,49.900999999999996,P5,0.16951264240653877,FALSE,PPI,MTX,no significant difference,FALSE,363,116.71804,0.42753459533761873
SGRSWFQDWL,47.974787,P5,0.19625921850503092,FALSE,PPI,MTX,no significant difference,FALSE,363,116.71804,0.4110314652302249
SKVYVFLGWF,111.602663,P5,0.7883959498703059,FALSE,PPI,MTX,no significant difference,FALSE,366,116.71804,0.9561732102423928
SKVMWFLGWF,105.21275,P5,0.6334084951445734,FALSE,PPI,MTX,no significant difference,FALSE,366,116.71804,0.9014266346487655
SKVHNFLGWF,104.57394399999998,P5,0.7452869300221676,FALSE,PPI,MTX,no significant difference,FALSE,366,116.71804,0.8959535646760345
RRFHHESPWL,24.831840999999997,P5,0.0662043469325608,FALSE,PPI,MTX,no significant difference,FALSE,385,116.71804,0.21275066819148092
SKVMYFLGWF,104.57394399999998,P5,0.7582566210244568,FALSE,PPI,MTX,no significant difference,FALSE,366,116.71804,0.8959535646760345
RRFIHESPWL,28.668373,P5,0.21485013064610245,FALSE,PPI,MTX,no significant difference,FALSE,385,116.71804,0.24562075408394451
SKVYWFLGWF,107.13101599999999,P5,0.6712134650282771,FALSE,PPI,MTX,no significant difference,FALSE,366,116.71804,0.9178616775949971
RRFKHESPWL,24.831840999999997,P5,0.1885324267839546,FALSE,PPI,MTX,no significant difference,FALSE,385,116.71804,0.21275066819148092
SKVYYFLGWF,106.49221,P5,0.7412666186901169,FALSE,PPI,MTX,no significant difference,FALSE,366,116.71804,0.9123886076222665
SGRWWFQDWL,47.974787,P5,0.16505138809229714,FALSE,PPI,MTX,no significant difference,FALSE,363,116.71804,0.4110314652302249
SKWRVFLGWF,112.887418,P5,0.3848661234820754,FALSE,PPI,MTX,no significant difference,FALSE,366,116.71804,0.9671805489537006
SGRWWFRDWL,49.258928999999995,P5,0.2569928053771357,FALSE,PPI,MTX,no significant difference,FALSE,363,116.71804,0.4220335519684874
SKYRVFLGWF,112.887418,P5,0.512736587311824,FALSE,PPI,MTX,no significant difference,FALSE,366,116.71804,0.9671805489537006
RRRLHESPVL,9.352315,P5,0.18640935464824993,FALSE,PPI,MTX,no significant difference,FALSE,385,116.71804,0.08012741646449856
SKVNCFLGWF,105.21275,P5,0.7244696222669033,FALSE,PPI,MTX,no significant difference,FALSE,366,116.71804,0.9014266346487655
SKVNDFLGWF,104.57394399999998,P5,0.5778581486135334,FALSE,PPI,MTX,no significant difference,FALSE,366,116.71804,0.8959535646760345
SLRFWFSDWL,46.697458999999995,P5,0.2952227662453135,FALSE,PPI,MTX,no significant difference,FALSE,363,116.71804,0.4000877584990289
SGRGWFMDWL,48.622156000000004,P5,0.20776553115969515,FALSE,PPI,MTX,no significant difference,FALSE,363,116.71804,0.4165779000401309
SKVNEFLGWF,104.57394399999998,P5,0.7976473738848852,FALSE,PPI,MTX,no significant difference,FALSE,366,116.71804,0.8959535646760345
SLVRVFLGWF,113.52850899999999,P5,0.4280874971969128,FALSE,PPI,MTX,weaker,TRUE,366,116.71804,0.9726731960200838
SKVNFFLGWF,105.21275,P5,0.6274233803465005,FALSE,PPI,MTX,no significant difference,FALSE,366,116.71804,0.9014266346487655
SKVNGFLGWF,104.57394399999998,P5,0.5925244688949436,FALSE,PPI,MTX,no significant difference,FALSE,366,116.71804,0.8959535646760345
SKVHYFLGWF,104.57394399999998,P5,0.692622523702412,FALSE,PPI,MTX,no significant difference,FALSE,366,116.71804,0.8959535646760345
SKVI*FLGWF,NA,P5,0.4162253121840601,FALSE,PPI,MTX,no significant difference,FALSE,366,116.71804,NA
RRRLHESPWC,28.664433,P5,0.33428243574390415,FALSE,PPI,MTX,no significant difference,FALSE,385,116.71804,0.24558699751983495
RRFQHESPWL,24.831840999999997,P5,0.07177578246113288,FALSE,PPI,MTX,no significant difference,FALSE,385,116.71804,0.21275066819148092
SMRFWFSDWL,47.335364999999996,P5,0.2988966132313155,FALSE,PPI,MTX,no significant difference,FALSE,363,116.71804,0.40555311758148094
SKVNHFLGWF,105.21275,P5,0.6971911425395478,FALSE,PPI,MTX,no significant difference,FALSE,366,116.71804,0.9014266346487655
SGRWWFVDWL,47.974787,P5,0.19897700894705556,FALSE,PPI,MTX,no significant difference,FALSE,363,116.71804,0.4110314652302249
SMVRVFLGWF,114.166415,P5,0.47926712913479497,FALSE,PPI,MTX,no significant difference,FALSE,366,116.71804,0.978138555102536
RRRLHESPWF,47.976551,P5,0.2385393298358288,FALSE,PPI,MTX,no significant difference,FALSE,385,116.71804,0.4110465785751714
SNRFWFSDWL,46.697458999999995,P5,0.29363734426730526,FALSE,PPI,MTX,no significant difference,FALSE,363,116.71804,0.4000877584990289
SKVNKFLGWF,105.21275,P5,0.7253193539336024,FALSE,PPI,MTX,no significant difference,FALSE,366,116.71804,0.9014266346487655
SKVIDFLGWF,108.41047599999999,P5,0.8441975293576077,FALSE,PPI,MTX,no significant difference,FALSE,366,116.71804,0.9288236505684981
SNVRVFLGWF,113.52850899999999,P5,0.5535529478372899,FALSE,PPI,MTX,no significant difference,FALSE,366,116.71804,0.9726731960200838
SKVIEFLGWF,108.41047599999999,P5,0.9605414336124636,FALSE,PPI,MTX,no significant difference,FALSE,366,116.71804,0.9288236505684981
SGRWWFYDWL,47.974787,P5,0.26556320422599666,FALSE,PPI,MTX,no significant difference,FALSE,363,116.71804,0.4110314652302249
SPRFWFSDWL,47.973271,P5,0.3370021521473182,FALSE,PPI,MTX,no significant difference,FALSE,363,116.71804,0.411018476663933
SKVIFFLGWF,109.049282,P5,0.7121188140999519,FALSE,PPI,MTX,no significant difference,FALSE,366,116.71804,0.9342967205412291
SKVWMFLGWF,105.852788,P5,0.7958756586505579,FALSE,PPI,MTX,no significant difference,FALSE,366,116.71804,0.9069102599735225
SKVNMFLGWF,104.57394399999998,P5,0.7454022527731299,FALSE,PPI,MTX,no significant difference,FALSE,366,116.71804,0.8959535646760345
SPVRVFLGWF,114.80432099999999,P5,0.5700775788395736,FALSE,PPI,MTX,no significant difference,FALSE,366,116.71804,0.9836039141849879
SKVNNFLGWF,104.57394399999998,P5,0.6729326785030523,FALSE,PPI,MTX,no significant difference,FALSE,366,116.71804,0.8959535646760345
SGRYWFCDWL,48.614209,P5,0.2381974920442444,FALSE,PPI,MTX,no significant difference,FALSE,363,116.71804,0.4165098128789689
SKVIHFLGWF,109.049282,P5,0.8416898911187525,FALSE,PPI,MTX,no significant difference,FALSE,366,116.71804,0.9342967205412291
SKVNQFLGWF,105.21275,P5,0.6809793233595259,FALSE,PPI,MTX,no significant difference,FALSE,366,116.71804,0.9014266346487655
SQRFWFSDWL,46.697458999999995,P5,0.299838064522191,FALSE,PPI,MTX,no significant difference,FALSE,363,116.71804,0.4000877584990289
RRFVHESPWL,26.110684999999997,P5,0.1823157222922865,FALSE,PPI,MTX,no significant difference,FALSE,385,116.71804,0.22370736348896877
SKVNRFLGWF,105.85155699999999,P5,0.7345930861236251,FALSE,PPI,MTX,no significant difference,FALSE,366,116.71804,0.9068997131891521
SGRYWFDDWL,48.614209,P5,0.17201887291305767,FALSE,PPI,MTX,no significant difference,FALSE,363,116.71804,0.4165098128789689
SQVRVFLGWF,113.52850899999999,P5,0.5689535393090613,FALSE,PPI,MTX,no significant difference,FALSE,366,116.71804,0.9726731960200838
SGRYWFFDWL,48.614209,P5,0.09146917534753436,FALSE,PPI,MTX,no significant difference,FALSE,363,116.71804,0.4165098128789689
SKVIKFLGWF,109.049282,P5,0.9202169445991184,FALSE,PPI,MTX,no significant difference,FALSE,366,116.71804,0.9342967205412291
SRRFWFSDWL,49.88699,P5,0.2903915071695107,FALSE,PPI,MTX,stronger,TRUE,363,116.71804,0.42741456247894494
RRFYHESPWL,26.750107,P5,0.2300714864338886,FALSE,PPI,MTX,no significant difference,FALSE,385,116.71804,0.22918571113771272
SKVNSFLGWF,106.490364,P5,0.6541800100933943,FALSE,PPI,MTX,no significant difference,FALSE,366,116.71804,0.912372791729539
SKVDHFLGWF,105.21275,P5,0.646714966638599,FALSE,PPI,MTX,no significant difference,FALSE,366,116.71804,0.9014266346487655
SRRLHESPWL,31.214294,P5,0.2570049092636993,FALSE,PPI,MTX,no significant difference,FALSE,385,116.71804,0.26743332907235245
SKVIMFLGWF,108.41047599999999,P5,0.8584235807222551,FALSE,PPI,MTX,no significant difference,FALSE,366,116.71804,0.9288236505684981
SGRYWFHDWL,48.614209,P5,0.10643028504870045,FALSE,PPI,MTX,no significant difference,FALSE,363,116.71804,0.4165098128789689
SGRYWFIDWL,49.256280000000004,P5,0.16555122256085336,FALSE,PPI,MTX,no significant difference,FALSE,363,116.71804,0.42201085624810014
SGRQWFWDWL,47.338014,P5,0.09661509658496607,FALSE,PPI,MTX,no significant difference,FALSE,363,116.71804,0.4055758133018683
SGRYWFKDWL,48.614209,P5,0.11569725007602293,FALSE,PPI,MTX,no significant difference,FALSE,363,116.71804,0.4165098128789689
SRVRVFLGWF,116.71804,P5,0.5571527971968718,FALSE,PPI,MTX,no significant difference,FALSE,366,116.71804,1
SKVNVFLGWF,109.68439699999999,P5,0.7801981512810019,FALSE,PPI,MTX,no significant difference,FALSE,366,116.71804,0.9397381672961608
SGRYWFLDWL,64.023919,P5,0.05954662798848583,FALSE,PPI,MTX,no significant difference,FALSE,363,116.71804,0.5485349051440549
SKVIQFLGWF,109.049282,P5,0.8861067773742226,FALSE,PPI,MTX,no significant difference,FALSE,366,116.71804,0.9342967205412291
SKVNWFLGWF,105.21275,P5,0.5782225803372487,FALSE,PPI,MTX,no significant difference,FALSE,366,116.71804,0.9014266346487655
RRW*HESPWL,NA,P5,0.15440900548427217,FALSE,PPI,MTX,no significant difference,FALSE,385,116.71804,NA
SGRYWFMDWL,50.54042200000001,P5,0.06734221851669903,FALSE,PPI,MTX,no significant difference,FALSE,363,116.71804,0.4330129429863627
SKVNYFLGWF,104.57394399999998,P5,0.673277356513072,FALSE,PPI,MTX,no significant difference,FALSE,366,116.71804,0.8959535646760345
SGRYWFNDWL,48.614209,P5,0.23708136631493928,FALSE,PPI,MTX,no significant difference,FALSE,363,116.71804,0.4165098128789689
SSRFWFSDWL,47.335364999999996,P5,0.27157578028193863,FALSE,PPI,MTX,no significant difference,FALSE,363,116.71804,0.40555311758148094
SKVP*FLGWF,NA,P5,0.2654260972976136,FALSE,PPI,MTX,no significant difference,FALSE,366,116.71804,NA
SSVRVFLGWF,114.166415,P5,0.5101177391152706,FALSE,PPI,MTX,no significant difference,FALSE,366,116.71804,0.978138555102536
SKVPCFLGWF,105.21275,P5,0.5589103371111047,FALSE,PPI,MTX,no significant difference,FALSE,366,116.71804,0.9014266346487655
SKVDQFLGWF,105.21275,P5,0.6554034596660905,FALSE,PPI,MTX,no significant difference,FALSE,366,116.71804,0.9014266346487655
SKVPEFLGWF,104.57394399999998,P5,0.7039270582829364,FALSE,PPI,MTX,no significant difference,FALSE,366,116.71804,0.8959535646760345
RRGFHESPWL,25.471262999999997,P5,0.24426281899912136,FALSE,PPI,MTX,no significant difference,FALSE,385,116.71804,0.21822901584022483
RRWFHESPWL,25.471262999999997,P5,0.12056739135494504,FALSE,PPI,MTX,no significant difference,FALSE,385,116.71804,0.21822901584022483
SKVRVFLGWN,97.405922,P5,0.30316363421703396,FALSE,PPI,MTX,no significant difference,FALSE,366,116.71804,0.8345404189446636
STRFWFSDWL,48.611177999999995,P5,0.3339992826436323,FALSE,PPI,MTX,no significant difference,FALSE,363,116.71804,0.41648384431404084
SKVPFFLGWF,105.21275,P5,0.473399552611473,FALSE,PPI,MTX,no significant difference,FALSE,366,116.71804,0.9014266346487655
STVRVFLGWF,115.442228,P5,0.5575553209579104,FALSE,PPI,MTX,no significant difference,FALSE,366,116.71804,0.9890692818350959
SKVPGFLGWF,104.57394399999998,P5,0.457528265849177,FALSE,PPI,MTX,weaker,TRUE,366,116.71804,0.8959535646760345
SKVPLFLGWF,105.85155699999999,P5,0.5710378779429759,FALSE,PPI,MTX,no significant difference,FALSE,366,116.71804,0.9068997131891521
SGRGWFYDWL,46.695943,P5,0.2218281402733862,FALSE,PPI,MTX,no significant difference,FALSE,363,116.71804,0.40007476993273705
SKVPNFLGWF,104.57394399999998,P5,0.5408918508210164,FALSE,PPI,MTX,no significant difference,FALSE,366,116.71804,0.8959535646760345
SKVIWFLGWF,109.049282,P5,0.7370829124647649,FALSE,PPI,MTX,no significant difference,FALSE,366,116.71804,0.9342967205412291
RRQCHESPWL,25.470277999999997,P5,0.18721334002229628,FALSE,PPI,MTX,no significant difference,FALSE,385,116.71804,0.21822057669919745
SVRFWFSDWL,46.697458999999995,P5,0.3198568154320915,FALSE,PPI,MTX,no significant difference,FALSE,363,116.71804,0.4000877584990289
RRGHHESPWL,24.831840999999997,P5,0.18131119609509655,FALSE,PPI,MTX,no significant difference,FALSE,385,116.71804,0.21275066819148092
SGRYWFTDWL,48.614209,P5,0.22613804264106244,FALSE,PPI,MTX,no significant difference,FALSE,363,116.71804,0.4165098128789689
RRRLHESPWN,28.664433,P5,0.2549382592045514,FALSE,PPI,MTX,no significant difference,FALSE,385,116.71804,0.24558699751983495
RRRLHESPWP,28.664433,P5,0.2656971286304192,FALSE,PPI,MTX,no significant difference,FALSE,385,116.71804,0.24558699751983495
SVVRVFLGWF,113.52850899999999,P5,0.5425988349649506,FALSE,PPI,MTX,no significant difference,FALSE,366,116.71804,0.9726731960200838
SGRFWFSDNL,28.023246999999998,P5,-0.20817486890272496,FALSE,PPI,MTX,weaker,TRUE,363,116.71804,0.2400935365261445
SWRFWFSDWL,46.697458999999995,P5,0.3069106815146765,FALSE,PPI,MTX,no significant difference,FALSE,363,116.71804,0.4000877584990289
RRRLHESPWQ,28.664433,P5,0.2697477354757943,FALSE,PPI,MTX,no significant difference,FALSE,385,116.71804,0.24558699751983495
SWVRVFLGWF,113.52850899999999,P5,0.3139443065375119,FALSE,PPI,MTX,no significant difference,FALSE,366,116.71804,0.9726731960200838
SKVPWFLGWF,105.21275,P5,0.45549133178262513,FALSE,PPI,MTX,no significant difference,FALSE,366,116.71804,0.9014266346487655
SGRFWFSDQL,28.023246999999998,P5,-0.20916586948225036,FALSE,PPI,MTX,no significant difference,FALSE,363,116.71804,0.2400935365261445
SYRFWFSDWL,47.335364999999996,P5,0.28681123381797674,FALSE,PPI,MTX,no significant difference,FALSE,363,116.71804,0.40555311758148094
SGRYWFYDWL,48.614209,P5,0.23144747233845872,FALSE,PPI,MTX,no significant difference,FALSE,363,116.71804,0.4165098128789689
SKVPYFLGWF,104.57394399999998,P5,0.6372352109605686,FALSE,PPI,MTX,no significant difference,FALSE,366,116.71804,0.8959535646760345
SYVRVFLGWF,114.166415,P5,0.4786388257518462,FALSE,PPI,MTX,no significant difference,FALSE,366,116.71804,0.978138555102536
SGSFWFSDWL,44.781617,P5,0.16608564963228234,FALSE,PPI,MTX,no significant difference,FALSE,363,116.71804,0.38367348355061476
TGRFWFSDWL,44.148039,P5,0.07310250287804959,FALSE,PPI,MTX,no significant difference,FALSE,363,116.71804,0.378245205282748
SKVQCFLGWF,105.21275,P5,0.7196343830459397,FALSE,PPI,MTX,no significant difference,FALSE,366,116.71804,0.9014266346487655
SKVKGFLGWF,104.57394399999998,P5,0.5852471037831846,FALSE,PPI,MTX,no significant difference,FALSE,366,116.71804,0.8959535646760345
TKVRVFLGWF,113.53071399999999,P5,0.5718019655676395,FALSE,PPI,MTX,no significant difference,FALSE,366,116.71804,0.972692087701267
SGRMWF*DWL,NA,P5,0.18552850117721495,FALSE,PPI,MTX,no significant difference,FALSE,363,116.71804,NA
SKVQDFLGWF,104.57394399999998,P5,0.643835022693303,FALSE,PPI,MTX,no significant difference,FALSE,366,116.71804,0.8959535646760345
SKVQEFLGWF,104.57394399999998,P5,0.7867479662430172,FALSE,PPI,MTX,no significant difference,FALSE,366,116.71804,0.8959535646760345
RRQMHESPWL,25.470277999999997,P5,0.27220062047626725,FALSE,PPI,MTX,no significant difference,FALSE,385,116.71804,0.21822057669919745
SKVQFFLGWF,105.21275,P5,0.6230543765644949,FALSE,PPI,MTX,no significant difference,FALSE,366,116.71804,0.9014266346487655
TRRLHESPWL,28.026967999999997,P5,0.47494579846931706,FALSE,PPI,MTX,no significant difference,FALSE,385,116.71804,0.24012541677361954
SKVQGFLGWF,104.57394399999998,P5,0.556982864858022,FALSE,PPI,MTX,no significant difference,FALSE,366,116.71804,0.8959535646760345
SKVKKFLGWF,105.21275,P5,0.7997628597905525,FALSE,PPI,MTX,no significant difference,FALSE,366,116.71804,0.9014266346487655
SGVFWFSDWL,48.612239,P5,0.15284447011214514,FALSE,PPI,MTX,no significant difference,FALSE,363,116.71804,0.41649293459691406
SKVRVFLKWF,96.75156,P5,0.12759656661645902,FALSE,PPI,MTX,weaker,TRUE,366,116.71804,0.8289340705172911
VGRFWFSDWL,44.148039,P5,0.1180103282227814,FALSE,PPI,MTX,no significant difference,FALSE,363,116.71804,0.378245205282748
SGVRVFLGWF,114.166415,P5,0.5474994976530467,FALSE,PPI,MTX,no significant difference,FALSE,366,116.71804,0.978138555102536
SKVQIFLGWF,107.12916999999999,P5,0.7042219484796096,FALSE,PPI,MTX,no significant difference,FALSE,366,116.71804,0.9178458617022697
SGRHWFMDWL,48.622156000000004,P5,0.15055395397502175,FALSE,PPI,MTX,no significant difference,FALSE,363,116.71804,0.4165779000401309
SKVQKFLGWF,105.21275,P5,0.7434386124444263,FALSE,PPI,MTX,no significant difference,FALSE,366,116.71804,0.9014266346487655
VKVRVFLGWF,113.53071399999999,P5,0.48973246818556027,FALSE,PPI,MTX,no significant difference,FALSE,366,116.71804,0.972692087701267
SGRCWFFDWL,46.695943,P5,0.2047529205982957,FALSE,PPI,MTX,no significant difference,FALSE,363,116.71804,0.40007476993273705
RRRLHESPWY,28.664433,P5,0.29365034874418344,FALSE,PPI,MTX,no significant difference,FALSE,385,116.71804,0.24558699751983495
SKVQLFLGWF,105.85155699999999,P5,0.6643557898410088,FALSE,PPI,MTX,no significant difference,FALSE,366,116.71804,0.9068997131891521
SGYFWFSDWL,44.781617,P5,0.1468088080702318,FALSE,PPI,MTX,no significant difference,FALSE,363,116.71804,0.38367348355061476
SKVQMFLGWF,104.57394399999998,P5,0.7071840635652584,FALSE,PPI,MTX,no significant difference,FALSE,366,116.71804,0.8959535646760345
SKVKPFLGWF,104.57394399999998,P5,0.42315488455694983,FALSE,PPI,MTX,weaker,TRUE,366,116.71804,0.8959535646760345
VRRLHESPWL,28.026967999999997,P5,0.316052185245006,FALSE,PPI,MTX,no significant difference,FALSE,385,116.71804,0.24012541677361954
RRRLHESQWL,28.664433,P5,0.01806843967847369,FALSE,PPI,MTX,weaker,TRUE,385,116.71804,0.24558699751983495
SHVRVFLGWF,113.52850899999999,P5,0.5233961427780361,FALSE,PPI,MTX,no significant difference,FALSE,366,116.71804,0.9726731960200838
SKVQNFLGWF,104.57394399999998,P5,0.7299656087119044,FALSE,PPI,MTX,no significant difference,FALSE,366,116.71804,0.8959535646760345
SGRCWFHDWL,46.695943,P5,0.21746368139174072,FALSE,PPI,MTX,no significant difference,FALSE,363,116.71804,0.40007476993273705
SKVQRFLGWF,105.85155699999999,P5,0.7071871838446013,FALSE,PPI,MTX,no significant difference,FALSE,366,116.71804,0.9068997131891521
SGRMWFIDWL,47.338014,P5,0.14027362208623578,FALSE,PPI,MTX,no significant difference,FALSE,363,116.71804,0.4055758133018683
SIRFWFSDWL,47.335364999999996,P5,0.3227365136256456,FALSE,PPI,MTX,no significant difference,FALSE,363,116.71804,0.40555311758148094
SIVRVFLGWF,114.166415,P5,0.5196773076743494,FALSE,PPI,MTX,no significant difference,FALSE,366,116.71804,0.978138555102536
WGRFWFSDWL,44.148039,P5,0.17115880473102107,FALSE,PPI,MTX,no significant difference,FALSE,363,116.71804,0.378245205282748
SGRCWFKDWL,46.695943,P5,0.22985526878438775,FALSE,PPI,MTX,stronger,TRUE,363,116.71804,0.40007476993273705
SGRFWFSDWE,47.335364999999996,P5,-0.05577978624682463,FALSE,PPI,MTX,no significant difference,FALSE,363,116.71804,0.40555311758148094
SK*RVFLGWF,NA,P5,0.2748756248770513,FALSE,PPI,MTX,no significant difference,FALSE,366,116.71804,NA
SKVQTFLGWF,108.40678399999999,P5,0.797425122666245,FALSE,PPI,MTX,no significant difference,FALSE,366,116.71804,0.9287920187830432
WKVRVFLGWF,113.53071399999999,P5,0.3389876228080906,FALSE,PPI,MTX,no significant difference,FALSE,366,116.71804,0.972692087701267
WRRLHESPWL,28.026967999999997,P5,0.22929583560117703,FALSE,PPI,MTX,weaker,TRUE,385,116.71804,0.24012541677361954
SKVENFLGWF,104.57394399999998,P5,0.8175896299662767,FALSE,PPI,MTX,no significant difference,FALSE,366,116.71804,0.8959535646760345
YGRFWFSDWL,44.785504,P5,0.09611446097495444,FALSE,PPI,MTX,no significant difference,FALSE,363,116.71804,0.3837067860289635
RRRLHESSWL,28.664433,P5,-0.00158702964220895,FALSE,PPI,MTX,weaker,TRUE,385,116.71804,0.24558699751983495
SKVQVFLGWF,109.68439699999999,P5,0.7944880391914804,FALSE,PPI,MTX,no significant difference,FALSE,366,116.71804,0.9397381672961608
SKARVFLGWF,112.887418,P5,0.6407355387663491,FALSE,PPI,MTX,no significant difference,FALSE,366,116.71804,0.9671805489537006
SGRMWFMDWL,48.622156000000004,P5,0.0952312967019071,FALSE,PPI,MTX,no significant difference,FALSE,363,116.71804,0.4165779000401309
SKCRVFLGWF,112.887418,P5,0.5861734907847734,FALSE,PPI,MTX,no significant difference,FALSE,366,116.71804,0.9671805489537006
YKVRVFLGWF,114.16817900000001,P5,0.4649944606596586,FALSE,PPI,MTX,no significant difference,FALSE,366,116.71804,0.9781536684474825
SGRCWFMDWL,48.622156000000004,P5,0.2251941370619554,FALSE,PPI,MTX,no significant difference,FALSE,363,116.71804,0.4165779000401309
RRYDHESPWL,24.831840999999997,P5,0.24183176766439068,FALSE,PPI,MTX,no significant difference,FALSE,385,116.71804,0.21275066819148092
SGRMWFNDWL,46.695943,P5,0.07391811157914166,FALSE,PPI,MTX,no significant difference,FALSE,363,116.71804,0.40007476993273705
YRRLHESPWL,28.664433,P5,0.4221101306955733,FALSE,PPI,MTX,no significant difference,FALSE,385,116.71804,0.24558699751983495
SKDRVFLGWF,112.887418,P5,0.6379393944125551,FALSE,PPI,MTX,no significant difference,FALSE,366,116.71804,0.9671805489537006
SKVEPFLGWF,104.57394399999998,P5,0.3920044349489547,FALSE,PPI,MTX,no significant difference,FALSE,366,116.71804,0.8959535646760345
SKVTAFLGWF,105.852788,P5,0.7097304180986616,FALSE,PPI,MTX,no significant difference,FALSE,366,116.71804,0.9069102599735225
SKVHAFLGWF,104.57394399999998,P5,0.7507642034952426,FALSE,PPI,MTX,no significant difference,FALSE,366,116.71804,0.8959535646760345
SKVHQFLGWF,105.21275,P5,0.7937237693461104,FALSE,PPI,MTX,no significant difference,FALSE,366,116.71804,0.9014266346487655
SKVPAFLGWF,104.57394399999998,P5,0.5773194139274604,FALSE,PPI,MTX,no significant difference,FALSE,366,116.71804,0.8959535646760345
SKVPDFLGWF,104.57394399999998,P5,0.6018960412190179,FALSE,PPI,MTX,no significant difference,FALSE,366,116.71804,0.8959535646760345
SKVPHFLGWF,105.21275,P5,0.6743268801479937,FALSE,PPI,MTX,no significant difference,FALSE,366,116.71804,0.9014266346487655
SKVPMFLGWF,104.57394399999998,P5,0.671592971953009,FALSE,PPI,MTX,no significant difference,FALSE,366,116.71804,0.8959535646760345
SKVPRFLGWF,105.85155699999999,P5,0.6239787315874068,FALSE,PPI,MTX,no significant difference,FALSE,366,116.71804,0.9068997131891521
SKVPSFLGWF,106.490364,P5,0.49608374086794016,FALSE,PPI,MTX,no significant difference,FALSE,366,116.71804,0.912372791729539
SKVTTFLGWF,109.68562800000001,P5,0.894317629643348,FALSE,PPI,MTX,stronger,TRUE,366,116.71804,0.9397487140805312
SKVAPFLGWF,104.57394399999998,P5,0.24820938086172925,FALSE,PPI,MTX,no significant difference,FALSE,366,116.71804,0.8959535646760345
SKVQPFLGWF,104.57394399999998,P5,0.40341683312130744,FALSE,PPI,MTX,no significant difference,FALSE,366,116.71804,0.8959535646760345
SKVAQFLGWF,105.21275,P5,0.8066965275851099,FALSE,PPI,MTX,no significant difference,FALSE,366,116.71804,0.9014266346487655
SKVTPFLGWF,105.852788,P5,0.3843838497144995,FALSE,PPI,MTX,weaker,TRUE,366,116.71804,0.9069102599735225
SKVRPFLGWF,111.607587,P5,0.41250009439983254,FALSE,PPI,MTX,weaker,TRUE,366,116.71804,0.9562153973798737
SKVPQFLGWF,105.21275,P5,0.6440422166475297,FALSE,PPI,MTX,no significant difference,FALSE,366,116.71804,0.9014266346487655
SKVNPFLGWF,104.57394399999998,P5,0.3959941472077233,FALSE,PPI,MTX,no significant difference,FALSE,366,116.71804,0.8959535646760345
SKVHHFLGWF,105.21275,P5,0.745676172205252,FALSE,PPI,MTX,no significant difference,FALSE,366,116.71804,0.9014266346487655
SKVQQFLGWF,105.21275,P5,0.7990231044458811,FALSE,PPI,MTX,no significant difference,FALSE,366,116.71804,0.9014266346487655
SKVPKFLGWF,105.21275,P5,0.6597572342189382,FALSE,PPI,MTX,no significant difference,FALSE,366,116.71804,0.9014266346487655
SKVQAFLGWF,104.57394399999998,P5,0.6520299956064988,FALSE,PPI,MTX,no significant difference,FALSE,366,116.71804,0.8959535646760345
SKVQHFLGWF,105.21275,P5,0.7235658716158371,FALSE,PPI,MTX,no significant difference,FALSE,366,116.71804,0.9014266346487655
RRRAHESPWL,105.749809,P6,0.8772134422830014,FALSE,PPI,MTX,no significant difference,FALSE,385,110.716641,0.955139245960325
RRLTHESPWL,103.839936,P6,0.8904457164068145,FALSE,PPI,MTX,no significant difference,FALSE,385,110.716641,0.9378891471246856
SGRVWFFDWL,50.457673,P6,0.13206832495073334,FALSE,PPI,MTX,weaker,TRUE,363,110.716641,0.4557370287272353
RRRLHE*PWL,NA,P6,0.3176315606248918,FALSE,PPI,MTX,weaker,TRUE,385,110.716641,NA
RRSWHESPWL,105.36796799999999,P6,0.916120395787578,FALSE,PPI,MTX,no significant difference,FALSE,385,110.716641,0.951690432877204
RRTCHESPWL,103.076031,P6,0.8964136960754416,FALSE,PPI,MTX,no significant difference,FALSE,385,110.716641,0.9309895068077436
SGRFPFSDWL,72.34159,P6,0.4882963394792095,FALSE,PPI,MTX,stronger,TRUE,363,110.716641,0.6533940096683388
PKVRVFLGWF,26.649314999999998,P6,-0.06507215662327466,FALSE,PPI,MTX,no significant difference,FALSE,366,110.716641,0.2406983698141637
RRTMHESPWL,103.076031,P6,0.9594589456580508,FALSE,PPI,MTX,no significant difference,FALSE,385,110.716641,0.9309895068077436
RRGSHESPWL,104.986128,P6,0.8861417357899763,FALSE,PPI,MTX,no significant difference,FALSE,385,110.716641,0.948241628826149
QGRFWFSDWL,68.522148,P6,0.4100689236174446,FALSE,PPI,MTX,no significant difference,FALSE,363,110.716641,0.6188965577451
SGR*WFTDWL,NA,P6,0.24597947588243543,FALSE,PPI,MTX,weaker,TRUE,363,110.716641,NA
SGRPWFLDWL,50.839737,P6,0.1371617312630572,FALSE,PPI,MTX,weaker,TRUE,363,110.716641,0.4591878559610565
RRMPHESPWL,103.458021,P6,0.9230361776652044,FALSE,PPI,MTX,no significant difference,FALSE,385,110.716641,0.9344396656686866
RRLSHESPWL,104.986128,P6,0.8866262587890864,FALSE,PPI,MTX,no significant difference,FALSE,385,110.716641,0.948241628826149
RRRLHESPWS,91.505876,P6,0.39407371152595866,FALSE,PPI,MTX,weaker,TRUE,385,110.716641,0.8264871041382117
RRSLHESPWL,109.570672,P6,0.9545470797560108,FALSE,PPI,MTX,stronger,TRUE,385,110.716641,0.9896495324492368
RKVRVFLGWF,27.795112,P6,-0.13377709541945793,FALSE,PPI,MTX,no significant difference,FALSE,366,110.716641,0.25104728384958863
RRRRHESPWL,107.278065,P6,0.8095534553424167,FALSE,PPI,MTX,weaker,TRUE,385,110.716641,0.9689425548956097
SGR*WF*DWL,NA,P6,0.18712972124789992,FALSE,PPI,MTX,weaker,TRUE,363,110.716641,NA
RRMVHESPWL,103.075957,P6,0.9106673358068068,FALSE,PPI,MTX,no significant difference,FALSE,385,110.716641,0.9309888384348655
RRWAHESPWL,102.311903,P6,0.87919417500728,FALSE,PPI,MTX,no significant difference,FALSE,385,110.716641,0.9240878523401013
SGREWFPDWL,50.459804,P6,0.29200640586694604,FALSE,PPI,MTX,weaker,TRUE,363,110.716641,0.45575627605971175
RRRLHESPWH,91.505876,P6,0.4281361446436404,FALSE,PPI,MTX,weaker,TRUE,385,110.716641,0.8264871041382117
RRVRHESPWL,103.840159,P6,0.8819932686228371,FALSE,PPI,MTX,no significant difference,FALSE,385,110.716641,0.937891161275386
RRIRHESPWL,104.60413799999999,P6,0.917881089364189,FALSE,PPI,MTX,no significant difference,FALSE,385,110.716641,0.944791469965206
RRYSHESPWL,103.840159,P6,0.9023047912935066,FALSE,PPI,MTX,no significant difference,FALSE,385,110.716641,0.937891161275386
RR*KHESPWL,NA,P6,0.5706299907577385,FALSE,PPI,MTX,no significant difference,FALSE,385,110.716641,NA
SGRFWDSDWL,71.195673,P6,0.4871817746010895,FALSE,PPI,MTX,no significant difference,FALSE,363,110.716641,0.6430440117850035
RRCQHESPWL,102.311903,P6,0.906766362256777,FALSE,PPI,MTX,no significant difference,FALSE,385,110.716641,0.9240878523401013
SGRCWFSDWL,70.049481,P6,0.38736490033006976,FALSE,PPI,MTX,no significant difference,FALSE,363,110.716641,0.6326915300835401
RRRLHESPWL,110.716641,P6,0.8958426166581321,TRUE,PPI,MTX,no significant difference,FALSE,385,110.716641,1
RRESHESPWL,103.840159,P6,0.887478453999674,FALSE,PPI,MTX,no significant difference,FALSE,385,110.716641,0.937891161275386
RRMAHESPWL,102.693893,P6,0.9251820205113934,FALSE,PPI,MTX,no significant difference,FALSE,385,110.716641,0.9275380112010444
RRTSHESPWL,103.840159,P6,0.8835842630363097,FALSE,PPI,MTX,no significant difference,FALSE,385,110.716641,0.937891161275386
SERFWFSDWL,70.813828,P6,0.39157008697542767,FALSE,PPI,MTX,no significant difference,FALSE,363,110.716641,0.6395951625736189
SGR*WFPDWL,NA,P6,0.22705784026131967,FALSE,PPI,MTX,weaker,TRUE,363,110.716641,NA
RPRLHESPWL,109.57110499999999,P6,0.869520873144323,FALSE,PPI,MTX,no significant difference,FALSE,385,110.716641,0.9896534433337802
RRLCHESPWL,104.222,P6,0.911967268803533,FALSE,PPI,MTX,no significant difference,FALSE,385,110.716641,0.9413399743585068
RRCEHESPWL,102.311903,P6,0.9116211936239748,FALSE,PPI,MTX,no significant difference,FALSE,385,110.716641,0.9240878523401013
RRLWHESPWL,104.222,P6,0.9167593478900607,FALSE,PPI,MTX,no significant difference,FALSE,385,110.716641,0.9413399743585068
RRCNHESPWL,102.311903,P6,0.8820939715804602,FALSE,PPI,MTX,no significant difference,FALSE,385,110.716641,0.9240878523401013
SGRLWF*DWL,NA,P6,0.08909120300566126,FALSE,PPI,MTX,weaker,TRUE,363,110.716641,NA
RRCGHESPWL,102.693967,P6,0.910790282885919,FALSE,PPI,MTX,no significant difference,FALSE,385,110.716641,0.9275386795739224
RRKVHESPWL,102.693967,P6,0.9228664942269632,FALSE,PPI,MTX,no significant difference,FALSE,385,110.716641,0.9275386795739224
SGREWFADWL,50.075609,P6,0.3179414668860034,FALSE,PPI,MTX,no significant difference,FALSE,363,110.716641,0.4522862014934142
CRRLHESPWL,108.043116,P6,0.8148708704797408,FALSE,PPI,MTX,no significant difference,FALSE,385,110.716641,0.9758525459600965
SKVGMFLGWF,25.884975,P6,0.02343697707030809,FALSE,PPI,MTX,no significant difference,FALSE,366,110.716641,0.2337948005485463
RRYGHESPWL,102.693967,P6,0.9084811128024204,FALSE,PPI,MTX,no significant difference,FALSE,385,110.716641,0.9275386795739224
RRVCHESPWL,103.076031,P6,0.9381621493843336,FALSE,PPI,MTX,no significant difference,FALSE,385,110.716641,0.9309895068077436
SGRRWFSDWL,70.813609,P6,0.33274648924228856,FALSE,PPI,MTX,no significant difference,FALSE,363,110.716641,0.6395931845511823
SGRCWFPDWL,51.223932,P6,0.11723979205701245,FALSE,PPI,MTX,weaker,TRUE,363,110.716641,0.46265793052735404
SKVAEFLGWF,25.884883,P6,0.01156145990659588,FALSE,PPI,MTX,no significant difference,FALSE,366,110.716641,0.2337939695984816
SGRFWFSDWL,71.195673,P6,0.3481917045675901,TRUE,PPI,MTX,no significant difference,FALSE,363,110.716641,0.6430440117850035
RRSYHESPWL,104.60383999999999,P6,0.8862624024091668,FALSE,PPI,MTX,no significant difference,FALSE,385,110.716641,0.9447887784095617
SGRSWFVDWL,51.603865,P6,0.16978813791885605,FALSE,PPI,MTX,weaker,TRUE,363,110.716641,0.4660895104286988
RRLPHESPWL,104.222,P6,0.9097021653391244,FALSE,PPI,MTX,no significant difference,FALSE,385,110.716641,0.9413399743585068
SGRFWFSKWL,67.742415,P6,0.12150604722455569,FALSE,PPI,MTX,no significant difference,FALSE,363,110.716641,0.6118539578887694
RRYPHESPWL,103.076031,P6,0.8975894214858569,FALSE,PPI,MTX,no significant difference,FALSE,385,110.716641,0.9309895068077436
RRRLHTSPWL,90.729776,P6,0.5008737016169211,FALSE,PPI,MTX,weaker,TRUE,385,110.716641,0.8194773177773701
RRSHHESPWL,104.98590399999999,P6,0.8643859236598799,FALSE,PPI,MTX,no significant difference,FALSE,385,110.716641,0.9482396056433828
RRRLHASPWL,90.729776,P6,0.5146008131745017,FALSE,PPI,MTX,weaker,TRUE,385,110.716641,0.8194773177773701
RRGTHESPWL,103.839936,P6,0.8887013108741966,FALSE,PPI,MTX,no significant difference,FALSE,385,110.716641,0.9378891471246856
RRHMHESPWL,103.076031,P6,0.9507469201349784,FALSE,PPI,MTX,no significant difference,FALSE,385,110.716641,0.9309895068077436
SGRRWFQDWL,51.603865,P6,0.150331378594783,FALSE,PPI,MTX,weaker,TRUE,363,110.716641,0.4660895104286988
RRDSHESPWL,104.60413799999999,P6,0.893865440767454,FALSE,PPI,MTX,no significant difference,FALSE,385,110.716641,0.944791469965206
RRLRHESPWL,104.986128,P6,0.8629316761765756,FALSE,PPI,MTX,weaker,TRUE,385,110.716641,0.948241628826149
SGRNWFGDWL,50.075609,P6,0.3509840985444368,FALSE,PPI,MTX,no significant difference,FALSE,363,110.716641,0.4522862014934142
SGRVWFNDWL,50.457673,P6,0.28625409702992366,FALSE,PPI,MTX,weaker,TRUE,363,110.716641,0.4557370287272353
RRE*HESPWL,NA,P6,0.48835434310781933,FALSE,PPI,MTX,weaker,TRUE,385,110.716641,NA
SKVCWFLGWF,26.267039,P6,-0.01588653818375892,FALSE,PPI,MTX,no significant difference,FALSE,366,110.716641,0.23724562778236744
RRSGHESPWL,104.98590399999999,P6,0.8912227407363654,FALSE,PPI,MTX,no significant difference,FALSE,385,110.716641,0.9482396056433828
RRGVHESPWL,103.839936,P6,0.9289319630147788,FALSE,PPI,MTX,no significant difference,FALSE,385,110.716641,0.9378891471246856
RRCTHESPWL,102.693967,P6,0.9073363853129645,FALSE,PPI,MTX,no significant difference,FALSE,385,110.716641,0.9275386795739224
SGRRWFKDWL,51.603865,P6,0.09008490614885604,FALSE,PPI,MTX,weaker,TRUE,363,110.716641,0.4660895104286988
MGRFWFSDWL,68.90408,P6,0.3642276189147486,FALSE,PPI,MTX,no significant difference,FALSE,363,110.716641,0.6223461927462196
RRAYHESPWL,102.693893,P6,0.9438938980551964,FALSE,PPI,MTX,no significant difference,FALSE,385,110.716641,0.9275380112010444
SGRSWFCDWL,51.603865,P6,0.22154369245001887,FALSE,PPI,MTX,weaker,TRUE,363,110.716641,0.4660895104286988
RRSAHESPWL,104.60383999999999,P6,0.8923096604179153,FALSE,PPI,MTX,no significant difference,FALSE,385,110.716641,0.9447887784095617
SGRAWFLDWL,50.075609,P6,0.15890260290554548,FALSE,PPI,MTX,weaker,TRUE,363,110.716641,0.4522862014934142
RRAAHESPWL,102.693893,P6,0.91803591509603,FALSE,PPI,MTX,no significant difference,FALSE,385,110.716641,0.9275380112010444
SGRFWFSVWL,67.742415,P6,0.15530969391333432,FALSE,PPI,MTX,weaker,TRUE,363,110.716641,0.6118539578887694
SGRTWFLDWL,50.457673,P6,0.15086242687665907,FALSE,PPI,MTX,weaker,TRUE,363,110.716641,0.4557370287272353
SGRPWFSDWL,70.049481,P6,0.4020875570068214,FALSE,PPI,MTX,stronger,TRUE,363,110.716641,0.6326915300835401
RRRMHESPWL,106.513937,P6,0.9200000246273944,FALSE,PPI,MTX,no significant difference,FALSE,385,110.716641,0.9620409004279673
SGRPWFGDWL,50.839737,P6,0.38560918247858367,FALSE,PPI,MTX,no significant difference,FALSE,363,110.716641,0.4591878559610565
RRVTHESPWL,102.693967,P6,0.9138633144474522,FALSE,PPI,MTX,no significant difference,FALSE,385,110.716641,0.9275386795739224
RR*FHESPWL,NA,P6,0.46035307054984337,FALSE,PPI,MTX,weaker,TRUE,385,110.716641,NA
GGRFWFSDWL,69.286012,P6,0.4217413877802444,FALSE,PPI,MTX,no significant difference,FALSE,363,110.716641,0.6257958277473393
RRHVHESPWL,102.693967,P6,0.9110400720261792,FALSE,PPI,MTX,no significant difference,FALSE,385,110.716641,0.9275386795739224
RRRLHEPPWL,91.891092,P6,0.3978691749350234,FALSE,PPI,MTX,weaker,TRUE,385,110.716641,0.8299664004438141
RRRDHESPWL,106.131873,P6,0.8914525430972425,FALSE,PPI,MTX,no significant difference,FALSE,385,110.716641,0.9585900731941461
RRNRHESPWL,105.750107,P6,0.8759975214051953,FALSE,PPI,MTX,no significant difference,FALSE,385,110.716641,0.9551419375159693
RRRLAESPWL,109.188751,P6,0.8155191654294038,FALSE,PPI,MTX,no significant difference,FALSE,385,110.716641,0.9861999968008422
SKVLVFLGWF,31.233687999999997,P6,-0.0298185306682665,FALSE,PPI,MTX,no significant difference,FALSE,366,110.716641,0.282104728953979
SGRFWCSDWL,71.195673,P6,0.3884135591338217,FALSE,PPI,MTX,no significant difference,FALSE,363,110.716641,0.6430440117850035
RRPSHESPWL,104.60413799999999,P6,0.8990369166444777,FALSE,PPI,MTX,no significant difference,FALSE,385,110.716641,0.944791469965206
RRQNHESPWL,102.311903,P6,0.904033937676904,FALSE,PPI,MTX,no significant difference,FALSE,385,110.716641,0.9240878523401013
SKV*RFLGWF,NA,P6,0.13111111533412978,FALSE,PPI,MTX,stronger,TRUE,366,110.716641,NA
RRKEHESPWL,102.311903,P6,0.9460850427610992,FALSE,PPI,MTX,no significant difference,FALSE,385,110.716641,0.9240878523401013
CKVRVFLGWF,25.121587,P6,-0.13655976476453657,FALSE,PPI,MTX,no significant difference,FALSE,366,110.716641,0.2268998298096851
RRRCHESPWL,106.513937,P6,0.8944503280744276,FALSE,PPI,MTX,no significant difference,FALSE,385,110.716641,0.9620409004279673
SGRSWFTDWL,51.98806,P6,0.2890995952658101,FALSE,PPI,MTX,weaker,TRUE,363,110.716641,0.46955958499499634
RRRFHESPWL,107.660129,P6,0.8927574347377281,FALSE,PPI,MTX,no significant difference,FALSE,385,110.716641,0.9723933821294307
SGRNWFEDWL,50.075609,P6,0.3366356994936739,FALSE,PPI,MTX,no significant difference,FALSE,363,110.716641,0.4522862014934142
SGRIWFMDWL,50.457673,P6,0.0485542502092027,FALSE,PPI,MTX,no significant difference,FALSE,363,110.716641,0.4557370287272353
RRL*HESPWL,NA,P6,0.43433314369919257,FALSE,PPI,MTX,weaker,TRUE,385,110.716641,NA
SKRFWFSDWL,72.34120899999999,P6,0.30842261245260105,FALSE,PPI,MTX,no significant difference,FALSE,363,110.716641,0.6533905684512231
RRCSHESPWL,103.840159,P6,0.9067862666034352,FALSE,PPI,MTX,no significant difference,FALSE,385,110.716641,0.937891161275386
RRATHESPWL,103.075957,P6,0.9224506173928368,FALSE,PPI,MTX,no significant difference,FALSE,385,110.716641,0.9309888384348655
RRMRHESPWL,104.222149,P6,0.8498134501705503,FALSE,PPI,MTX,no significant difference,FALSE,385,110.716641,0.941341320136329
RRLVHESPWL,103.839936,P6,0.9123797395511268,FALSE,PPI,MTX,no significant difference,FALSE,385,110.716641,0.9378891471246856
RRRLHMSPWL,90.729776,P6,0.6555081299891156,FALSE,PPI,MTX,weaker,TRUE,385,110.716641,0.8194773177773701
SCRFWFSDWL,70.813828,P6,0.2402232925994702,FALSE,PPI,MTX,no significant difference,FALSE,363,110.716641,0.6395951625736189
EKVRVFLGWF,25.121587,P6,-0.04057479877315349,FALSE,PPI,MTX,no significant difference,FALSE,366,110.716641,0.2268998298096851
RREAHESPWL,102.311903,P6,0.876666782785053,FALSE,PPI,MTX,no significant difference,FALSE,385,110.716641,0.9240878523401013
SGRGWFFDWL,50.457673,P6,0.1719919295149421,FALSE,PPI,MTX,weaker,TRUE,363,110.716641,0.4557370287272353
SGRHWFVDWL,50.457673,P6,0.19816590944031723,FALSE,PPI,MTX,weaker,TRUE,363,110.716641,0.4557370287272353
RRR*HESPWL,NA,P6,0.4533171043940448,FALSE,PPI,MTX,weaker,TRUE,385,110.716641,NA
FGRFWFSDWL,68.522148,P6,0.35556891427072546,FALSE,PPI,MTX,no significant difference,FALSE,363,110.716641,0.6188965577451
RRKRHESPWL,103.840159,P6,0.8750282064329393,FALSE,PPI,MTX,no significant difference,FALSE,385,110.716641,0.937891161275386
RRYVHESPWL,102.693967,P6,0.9256594715499848,FALSE,PPI,MTX,no significant difference,FALSE,385,110.716641,0.9275386795739224
SGRFWFSDLL,51.597463,P6,0.29209807710470115,FALSE,PPI,MTX,no significant difference,FALSE,363,110.716641,0.46603168714267623
RRRLHKSPWL,90.729776,P6,0.44892346633082825,FALSE,PPI,MTX,weaker,TRUE,385,110.716641,0.8194773177773701
RRRLHESPRL,91.118431,P6,0.507811406751379,FALSE,PPI,MTX,weaker,TRUE,385,110.716641,0.8229876753576728
SGRFSFSDWL,72.34159,P6,0.463107493379034,FALSE,PPI,MTX,stronger,TRUE,363,110.716641,0.6533940096683388
RRHEHESPWL,102.311903,P6,0.9061628723411372,FALSE,PPI,MTX,no significant difference,FALSE,385,110.716641,0.9240878523401013
RRKPHESPWL,103.076031,P6,0.8802637088844036,FALSE,PPI,MTX,no significant difference,FALSE,385,110.716641,0.9309895068077436
RR*VHESPWL,NA,P6,0.45376101856716133,FALSE,PPI,MTX,weaker,TRUE,385,110.716641,NA
SGRVWFADWL,50.457673,P6,0.18960247568768815,FALSE,PPI,MTX,weaker,TRUE,363,110.716641,0.4557370287272353
RRLAHESPWL,103.457872,P6,0.8990541653951839,FALSE,PPI,MTX,no significant difference,FALSE,385,110.716641,0.9344383198908645
FKVRVFLGWF,25.121587,P6,-0.1991556915016137,FALSE,PPI,MTX,no significant difference,FALSE,366,110.716641,0.2268998298096851
RREKHESPWL,102.311903,P6,0.9203276049359992,FALSE,PPI,MTX,no significant difference,FALSE,385,110.716641,0.9240878523401013
SGRDWFWDWL,50.457673,P6,0.25536470112696785,FALSE,PPI,MTX,weaker,TRUE,363,110.716641,0.4557370287272353
RRREHESPWL,105.749809,P6,0.9320356053560152,FALSE,PPI,MTX,no significant difference,FALSE,385,110.716641,0.955139245960325
RRSSHESPWL,106.13209599999999,P6,0.8776490778231764,FALSE,PPI,MTX,no significant difference,FALSE,385,110.716641,0.9585920873448464
SGRFWFSDWA,51.984908000000004,P6,0.0524854216387243,FALSE,PPI,MTX,weaker,TRUE,363,110.716641,0.4695311159232152
RRD*HESPWL,NA,P6,0.45906950246111433,FALSE,PPI,MTX,weaker,TRUE,385,110.716641,NA
RRGYHESPWL,103.457872,P6,0.9507766361908244,FALSE,PPI,MTX,no significant difference,FALSE,385,110.716641,0.9344383198908645
SGRAWFRDWL,50.075609,P6,0.16777502253619886,FALSE,PPI,MTX,weaker,TRUE,363,110.716641,0.4522862014934142
SGRFWFSDWT,51.984908000000004,P6,0.04143380972731675,FALSE,PPI,MTX,weaker,TRUE,363,110.716641,0.4695311159232152
SGRYWFPDWL,50.459804,P6,0.11343125775758424,FALSE,PPI,MTX,weaker,TRUE,363,110.716641,0.45575627605971175
RRRLHENPWL,91.506897,P6,0.3934722026078766,FALSE,PPI,MTX,weaker,TRUE,385,110.716641,0.8264963258775164
RRFRHESPWL,104.222149,P6,0.8945678542853459,FALSE,PPI,MTX,no significant difference,FALSE,385,110.716641,0.941341320136329
RRRSHESPWL,107.278065,P6,0.8886640203750754,FALSE,PPI,MTX,no significant difference,FALSE,385,110.716641,0.9689425548956097
RRLGHESPWL,103.839936,P6,0.9016395807551344,FALSE,PPI,MTX,no significant difference,FALSE,385,110.716641,0.9378891471246856
RRGRHESPWL,104.986128,P6,0.8603189570875418,FALSE,PPI,MTX,weaker,TRUE,385,110.716641,0.948241628826149
SGRIWFADWL,50.457673,P6,0.1748821475901117,FALSE,PPI,MTX,weaker,TRUE,363,110.716641,0.4557370287272353
SGRRWFVDWL,51.603865,P6,0.11116148663441797,FALSE,PPI,MTX,weaker,TRUE,363,110.716641,0.4660895104286988
SGRHWFEDWL,50.457673,P6,0.2561883552645412,FALSE,PPI,MTX,no significant difference,FALSE,363,110.716641,0.4557370287272353
SGRTWFPDWL,50.841868,P6,0.2024648562638569,FALSE,PPI,MTX,weaker,TRUE,363,110.716641,0.4592071032935329
SGRKWFYDWL,50.075609,P6,0.13433287787456843,FALSE,PPI,MTX,weaker,TRUE,363,110.716641,0.4522862014934142
SGRFWFSDWV,51.984908000000004,P6,0.1340934753399206,FALSE,PPI,MTX,weaker,TRUE,363,110.716641,0.4695311159232152
RRRQHESPWL,105.749809,P6,0.8590124709641404,FALSE,PPI,MTX,no significant difference,FALSE,385,110.716641,0.955139245960325
RRPPHESPWL,103.84000999999999,P6,0.9365082189835466,FALSE,PPI,MTX,no significant difference,FALSE,385,110.716641,0.9378898154975637
SGR*WFRDWL,NA,P6,0.17933991535976948,FALSE,PPI,MTX,weaker,TRUE,363,110.716641,NA
SKVISFLGWF,27.030892,P6,0.03973663329418922,FALSE,PPI,MTX,no significant difference,FALSE,366,110.716641,0.24414479843188164
RRLEHESPWL,103.457872,P6,0.9359961637973102,FALSE,PPI,MTX,no significant difference,FALSE,385,110.716641,0.9344383198908645
RRVMHESPWL,103.076031,P6,0.9324083595570024,FALSE,PPI,MTX,no significant difference,FALSE,385,110.716641,0.9309895068077436
RRDGHESPWL,103.45794599999999,P6,0.9016336104275592,FALSE,PPI,MTX,no significant difference,FALSE,385,110.716641,0.9344389882637425
SKVLFFLGWF,32.379605,P6,-0.06432075854295194,FALSE,PPI,MTX,no significant difference,FALSE,366,110.716641,0.2924547268373144
RRRPHESPWL,106.513937,P6,0.8982666026976631,FALSE,PPI,MTX,no significant difference,FALSE,385,110.716641,0.9620409004279673
RRRWHESPWL,106.513937,P6,0.9083438533320348,FALSE,PPI,MTX,no significant difference,FALSE,385,110.716641,0.9620409004279673
SARFWFSDWL,70.813828,P6,0.33153969175585674,FALSE,PPI,MTX,no significant difference,FALSE,363,110.716641,0.6395951625736189
SKVACFLGWF,25.502911,P6,0.00167831713574483,FALSE,PPI,MTX,no significant difference,FALSE,366,110.716641,0.23034397331472511
SGRPWFVDWL,50.839737,P6,0.174042662504788,FALSE,PPI,MTX,weaker,TRUE,363,110.716641,0.4591878559610565
RRRLHEFPWL,91.506897,P6,0.35708999471444086,FALSE,PPI,MTX,weaker,TRUE,385,110.716641,0.8264963258775164
RRRLHESPLL,91.118431,P6,0.7371341695887678,FALSE,PPI,MTX,weaker,TRUE,385,110.716641,0.8229876753576728
SGRLWFEDWL,55.042441,P6,0.3222952113072397,FALSE,PPI,MTX,no significant difference,FALSE,363,110.716641,0.4971469555330892
SGRLWFRDWL,55.042441,P6,0.07247060742203129,FALSE,PPI,MTX,weaker,TRUE,363,110.716641,0.4971469555330892
SGRGWFIDWL,50.457673,P6,0.22220218756022067,FALSE,PPI,MTX,weaker,TRUE,363,110.716641,0.4557370287272353
SGRYWFRDWL,50.075609,P6,0.09819699217005429,FALSE,PPI,MTX,weaker,TRUE,363,110.716641,0.4522862014934142
RRSQHESPWL,104.60383999999999,P6,0.8917239194533437,FALSE,PPI,MTX,no significant difference,FALSE,385,110.716641,0.9447887784095617
RRPQHESPWL,103.07588199999999,P6,0.9545251072958548,FALSE,PPI,MTX,no significant difference,FALSE,385,110.716641,0.9309881610299214
*KVRVFLGWF,NA,P6,0.1326676241767794,FALSE,PPI,MTX,no significant difference,FALSE,366,110.716641,NA
SGRFWVSDWL,71.195673,P6,0.4316269091889503,FALSE,PPI,MTX,stronger,TRUE,363,110.716641,0.6430440117850035
RRASHESPWL,104.222149,P6,0.9009881692876294,FALSE,PPI,MTX,no significant difference,FALSE,385,110.716641,0.941341320136329
SGRAWFTDWL,50.459804,P6,0.33304426238733653,FALSE,PPI,MTX,no significant difference,FALSE,363,110.716641,0.45575627605971175
SGRDWFPDWL,50.841868,P6,0.21304626486492487,FALSE,PPI,MTX,weaker,TRUE,363,110.716641,0.4592071032935329
RRRLHVSPWL,90.729776,P6,0.5518481883924452,FALSE,PPI,MTX,weaker,TRUE,385,110.716641,0.8194773177773701
RRACHESPWL,103.458021,P6,0.9482824564889584,FALSE,PPI,MTX,no significant difference,FALSE,385,110.716641,0.9344396656686866
SGRLWFMDWL,55.042441,P6,0.11835572439401562,FALSE,PPI,MTX,weaker,TRUE,363,110.716641,0.4971469555330892
RRHGHESPWL,102.693967,P6,0.9099244967722586,FALSE,PPI,MTX,no significant difference,FALSE,385,110.716641,0.9275386795739224
SKVMAFLGWF,27.412956,P6,-0.1040842247207964,FALSE,PPI,MTX,no significant difference,FALSE,366,110.716641,0.24759562566570278
RRRLHESPWG,91.505876,P6,0.43478947943701907,FALSE,PPI,MTX,weaker,TRUE,385,110.716641,0.8264871041382117
RRSVHESPWL,104.98590399999999,P6,0.901347279727046,FALSE,PPI,MTX,no significant difference,FALSE,385,110.716641,0.9482396056433828
RRKLHESPWL,107.278735,P6,0.9593885146521058,FALSE,PPI,MTX,no significant difference,FALSE,385,110.716641,0.9689486063797763
SGRIWFSDWL,69.667417,P6,0.3564338024425747,FALSE,PPI,MTX,no significant difference,FALSE,363,110.716641,0.6292407028497189
RRPCHESPWL,103.84000999999999,P6,0.9233676126340218,FALSE,PPI,MTX,no significant difference,FALSE,385,110.716641,0.9378898154975637
RRRTHESPWL,106.131873,P6,0.8636788484569428,FALSE,PPI,MTX,no significant difference,FALSE,385,110.716641,0.9585900731941461
SGRGWFADWL,50.457673,P6,0.27894418524380227,FALSE,PPI,MTX,weaker,TRUE,363,110.716641,0.4557370287272353
RRADHESPWL,103.075957,P6,0.8971964113006645,FALSE,PPI,MTX,no significant difference,FALSE,385,110.716641,0.9309888384348655
SGRFIFSDWL,71.959618,P6,0.4745229352854975,FALSE,PPI,MTX,no significant difference,FALSE,363,110.716641,0.6499440133845824
SGRAWFPDWL,50.459804,P6,0.16474689021803135,FALSE,PPI,MTX,weaker,TRUE,363,110.716641,0.45575627605971175
SGRFWFSDML,51.597463,P6,0.30923429910841593,FALSE,PPI,MTX,no significant difference,FALSE,363,110.716641,0.46603168714267623
SGRAWFGDWL,50.075609,P6,0.4187649988554176,FALSE,PPI,MTX,stronger,TRUE,363,110.716641,0.4522862014934142
RRG*HESPWL,NA,P6,0.45452181185065726,FALSE,PPI,MTX,weaker,TRUE,385,110.716641,NA
RRILHESPWL,108.04271399999999,P6,0.9568752564457544,FALSE,PPI,MTX,no significant difference,FALSE,385,110.716641,0.9758489150695964
SGRSWFHDWL,51.603865,P6,0.25359789214249756,FALSE,PPI,MTX,weaker,TRUE,363,110.716641,0.4660895104286988
SGRSWFGDWL,51.603865,P6,0.37248313018080215,FALSE,PPI,MTX,no significant difference,FALSE,363,110.716641,0.4660895104286988
RRIVHESPWL,103.45794599999999,P6,0.9209917066833908,FALSE,PPI,MTX,no significant difference,FALSE,385,110.716641,0.9344389882637425
SGRKWFADWL,50.075609,P6,0.1762700157535395,FALSE,PPI,MTX,no significant difference,FALSE,363,110.716641,0.4522862014934142
HRRLHESPWL,108.043116,P6,0.8635784448927211,FALSE,PPI,MTX,no significant difference,FALSE,385,110.716641,0.9758525459600965
SGRFWFCDWL,51.985929,P6,0.05970204135542167,FALSE,PPI,MTX,weaker,TRUE,363,110.716641,0.46954033766251996
RRLLHESPWL,108.42470399999999,P6,0.9401699847430952,FALSE,PPI,MTX,stronger,TRUE,385,110.716641,0.9792990739305395
RRTGHESPWL,102.693967,P6,0.9117874238345124,FALSE,PPI,MTX,no significant difference,FALSE,385,110.716641,0.9275386795739224
RRVHHESPWL,102.693967,P6,0.914467847334884,FALSE,PPI,MTX,no significant difference,FALSE,385,110.716641,0.9275386795739224
SGRLWFCDWL,55.042441,P6,0.1732155029272081,FALSE,PPI,MTX,weaker,TRUE,363,110.716641,0.4971469555330892
RRMLHESPWL,107.660725,P6,0.9614301429899812,FALSE,PPI,MTX,stronger,TRUE,385,110.716641,0.9723987652407193
RRSDHESPWL,104.98590399999999,P6,0.8866738269087266,FALSE,PPI,MTX,no significant difference,FALSE,385,110.716641,0.9482396056433828
RRQHHESPWL,102.693967,P6,0.8668131938414796,FALSE,PPI,MTX,no significant difference,FALSE,385,110.716641,0.9275386795739224
SGRFWFTDWL,52.370124,P6,0.19606644706595455,FALSE,PPI,MTX,weaker,TRUE,363,110.716641,0.4730104122288175
DRRLHESPWL,108.043116,P6,0.7692811809641568,FALSE,PPI,MTX,no significant difference,FALSE,385,110.716641,0.9758525459600965
SGRPWFNDWL,50.839737,P6,0.2993296771414845,FALSE,PPI,MTX,weaker,TRUE,363,110.716641,0.4591878559610565
RRIKHESPWL,103.07588199999999,P6,0.8866957768127651,FALSE,PPI,MTX,no significant difference,FALSE,385,110.716641,0.9309881610299214
SKVGRFLGWF,28.17681,P6,-0.00705385797705185,FALSE,PPI,MTX,no significant difference,FALSE,366,110.716641,0.2544948053472829
SGRVWFSDWL,69.667417,P6,0.3900774716481365,FALSE,PPI,MTX,stronger,TRUE,363,110.716641,0.6292407028497189
SGRAWFWDWL,50.075609,P6,0.19674634899020677,FALSE,PPI,MTX,weaker,TRUE,363,110.716641,0.4522862014934142
SGRYWFEDWL,50.075609,P6,0.2743990035741527,FALSE,PPI,MTX,no significant difference,FALSE,363,110.716641,0.4522862014934142
SGRFWFVDWL,51.985929,P6,0.00869580630299037,FALSE,PPI,MTX,weaker,TRUE,363,110.716641,0.46954033766251996
RRQKHESPWL,102.311903,P6,0.8902030064582876,FALSE,PPI,MTX,no significant difference,FALSE,385,110.716641,0.9240878523401013
SGRGWFEDWL,50.457673,P6,0.3536595885562361,FALSE,PPI,MTX,no significant difference,FALSE,363,110.716641,0.4557370287272353
RRVKHESPWL,102.311903,P6,0.8965564253495615,FALSE,PPI,MTX,no significant difference,FALSE,385,110.716641,0.9240878523401013
RRMNHESPWL,102.693893,P6,0.8922418830311372,FALSE,PPI,MTX,no significant difference,FALSE,385,110.716641,0.9275380112010444
SGRTWFMDWL,50.457673,P6,0.16396356094405454,FALSE,PPI,MTX,weaker,TRUE,363,110.716641,0.4557370287272353
SGRAWFYDWL,50.075609,P6,0.265248083105438,FALSE,PPI,MTX,weaker,TRUE,363,110.716641,0.4522862014934142
SGRRWFLDWL,51.603865,P6,0.06116936550486342,FALSE,PPI,MTX,weaker,TRUE,363,110.716641,0.4660895104286988
RRNTHESPWL,104.603915,P6,0.8818336229697208,FALSE,PPI,MTX,no significant difference,FALSE,385,110.716641,0.9447894558145058
SGRFWFSNWL,67.742415,P6,0.2056150524959457,FALSE,PPI,MTX,no significant difference,FALSE,363,110.716641,0.6118539578887694
RREIHESPWL,102.693967,P6,0.9248607813953394,FALSE,PPI,MTX,no significant difference,FALSE,385,110.716641,0.9275386795739224
RRC*HESPWL,NA,P6,0.4729791638406744,FALSE,PPI,MTX,weaker,TRUE,385,110.716641,NA
SGR*WFADWL,NA,P6,0.18114142283892584,FALSE,PPI,MTX,weaker,TRUE,363,110.716641,NA
RRTWHESPWL,103.076031,P6,0.9294653218117808,FALSE,PPI,MTX,no significant difference,FALSE,385,110.716641,0.9309895068077436
RRHTHESPWL,102.693967,P6,0.9485469587007812,FALSE,PPI,MTX,no significant difference,FALSE,385,110.716641,0.9275386795739224
SGRNWFSDWL,69.285353,P6,0.3768120506785191,FALSE,PPI,MTX,no significant difference,FALSE,363,110.716641,0.6257898756158977
RRPVHESPWL,103.45794599999999,P6,0.95200335693982,FALSE,PPI,MTX,no significant difference,FALSE,385,110.716641,0.9344389882637425
RRSPHESPWL,105.36796799999999,P6,0.9140513043675812,FALSE,PPI,MTX,no significant difference,FALSE,385,110.716641,0.951690432877204
RRKSHESPWL,103.840159,P6,0.8879145361665599,FALSE,PPI,MTX,no significant difference,FALSE,385,110.716641,0.937891161275386
RRVAHESPWL,102.311903,P6,0.9117684624435454,FALSE,PPI,MTX,no significant difference,FALSE,385,110.716641,0.9240878523401013
RRKDHESPWL,102.693967,P6,0.9071290334907058,FALSE,PPI,MTX,no significant difference,FALSE,385,110.716641,0.9275386795739224
RRTLHESPWL,107.278735,P6,0.9778684660854762,FALSE,PPI,MTX,stronger,TRUE,385,110.716641,0.9689486063797763
RRWRHESPWL,103.840159,P6,0.8747534775702354,FALSE,PPI,MTX,no significant difference,FALSE,385,110.716641,0.937891161275386
SGRAWFADWL,50.075609,P6,0.2980928463508651,FALSE,PPI,MTX,weaker,TRUE,363,110.716641,0.4522862014934142
SGRFWFSDSL,51.597463,P6,0.34075350800890736,FALSE,PPI,MTX,no significant difference,FALSE,363,110.716641,0.46603168714267623
SGRLWFLDWL,55.042441,P6,0.09899418954388273,FALSE,PPI,MTX,weaker,TRUE,363,110.716641,0.4971469555330892
SKVCHFLGWF,28.940845999999997,P6,0.00154581695044214,FALSE,PPI,MTX,no significant difference,FALSE,366,110.716641,0.2613956288648605
RRSRHESPWL,106.13209599999999,P6,0.8523871665930726,FALSE,PPI,MTX,weaker,TRUE,385,110.716641,0.9585920873448464
SGRSWFIDWL,51.603865,P6,0.17121185965282623,FALSE,PPI,MTX,weaker,TRUE,363,110.716641,0.4660895104286988
RRRLHESLWL,95.368826,P6,0.7326170915403957,FALSE,PPI,MTX,weaker,TRUE,385,110.716641,0.8613775231855164
SGREWFRDWL,50.075609,P6,0.28355533906435637,FALSE,PPI,MTX,weaker,TRUE,363,110.716641,0.4522862014934142
RRFAHESPWL,102.693893,P6,0.933396820142274,FALSE,PPI,MTX,no significant difference,FALSE,385,110.716641,0.9275380112010444
SGRNWFLDWL,50.075609,P6,0.1942525416845939,FALSE,PPI,MTX,weaker,TRUE,363,110.716641,0.4522862014934142
SGRGWFGDWL,50.457673,P6,0.3797977505154939,FALSE,PPI,MTX,no significant difference,FALSE,363,110.716641,0.4557370287272353
SGRFWFSDGL,51.981741,P6,0.3131800079218038,FALSE,PPI,MTX,no significant difference,FALSE,363,110.716641,0.46950251137044524
RRMCHESPWL,103.458021,P6,0.8869795906462642,FALSE,PPI,MTX,no significant difference,FALSE,385,110.716641,0.9344396656686866
SGRFWFSDTL,51.597463,P6,0.3366151523411945,FALSE,PPI,MTX,no significant difference,FALSE,363,110.716641,0.46603168714267623
RRWSHESPWL,103.840159,P6,0.8889458032399343,FALSE,PPI,MTX,no significant difference,FALSE,385,110.716641,0.937891161275386
RRVLHESPWL,107.278735,P6,0.9607226822973692,FALSE,PPI,MTX,stronger,TRUE,385,110.716641,0.9689486063797763
RRGNHESPWL,103.457872,P6,0.9105533961139374,FALSE,PPI,MTX,no significant difference,FALSE,385,110.716641,0.9344383198908645
SGRGWFHDWL,50.457673,P6,0.2731585107078061,FALSE,PPI,MTX,weaker,TRUE,363,110.716641,0.4557370287272353
RRPRHESPWL,104.60413799999999,P6,0.8577778109641727,FALSE,PPI,MTX,no significant difference,FALSE,385,110.716641,0.944791469965206
RR*LHESPWL,NA,P6,0.5020200090981367,FALSE,PPI,MTX,weaker,TRUE,385,110.716641,NA
RRMDHESPWL,103.075957,P6,0.9153227797660004,FALSE,PPI,MTX,no significant difference,FALSE,385,110.716641,0.9309888384348655
RRHDHESPWL,102.693967,P6,0.8530273117165823,FALSE,PPI,MTX,no significant difference,FALSE,385,110.716641,0.9275386795739224
RRPMHESPWL,103.84000999999999,P6,0.9387271382646938,FALSE,PPI,MTX,no significant difference,FALSE,385,110.716641,0.9378898154975637
RRAMHESPWL,103.458021,P6,0.9628475590729254,FALSE,PPI,MTX,no significant difference,FALSE,385,110.716641,0.9344396656686866
RRAPHESPWL,103.458021,P6,0.9349367566069626,FALSE,PPI,MTX,no significant difference,FALSE,385,110.716641,0.9344396656686866
RRKYHESPWL,102.311903,P6,0.937829294249122,FALSE,PPI,MTX,no significant difference,FALSE,385,110.716641,0.9240878523401013
RREPHESPWL,103.076031,P6,0.9306367021964518,FALSE,PPI,MTX,no significant difference,FALSE,385,110.716641,0.9309895068077436
RRALHESPWL,107.660725,P6,0.9613025783717022,FALSE,PPI,MTX,stronger,TRUE,385,110.716641,0.9723987652407193
SHRFWFSDWL,71.195673,P6,0.34630930773753005,FALSE,PPI,MTX,no significant difference,FALSE,363,110.716641,0.6430440117850035
SGRAWFEDWL,50.075609,P6,0.33761615143299417,FALSE,PPI,MTX,no significant difference,FALSE,363,110.716641,0.4522862014934142
RRMFHESPWL,104.604213,P6,0.9164662105397432,FALSE,PPI,MTX,no significant difference,FALSE,385,110.716641,0.9447921473701502
SGRFLFSDWL,73.105535,P6,0.4116805257098276,FALSE,PPI,MTX,no significant difference,FALSE,363,110.716641,0.6602940112679178
MKVRVFLGWF,25.503519,P6,-0.16555156279456684,FALSE,PPI,MTX,no significant difference,FALSE,366,110.716641,0.23034946481080473
RRWVHESPWL,102.693967,P6,0.918638545737331,FALSE,PPI,MTX,no significant difference,FALSE,385,110.716641,0.9275386795739224
RRQSHESPWL,103.840159,P6,0.8636777386778317,FALSE,PPI,MTX,no significant difference,FALSE,385,110.716641,0.937891161275386
RVRLHESPWL,108.807414,P6,0.856964789156536,FALSE,PPI,MTX,no significant difference,FALSE,385,110.716641,0.9827557358789453
RWRLHESPWL,109.18925899999999,P6,0.8346477022992949,FALSE,PPI,MTX,no significant difference,FALSE,385,110.716641,0.9862045850903298
SGRVWFWDWL,50.457673,P6,0.16733557040360547,FALSE,PPI,MTX,weaker,TRUE,363,110.716641,0.4557370287272353
SGRNWFQDWL,50.075609,P6,0.21946784929354168,FALSE,PPI,MTX,weaker,TRUE,363,110.716641,0.4522862014934142
RRRLHISPWL,90.729776,P6,0.5247591746047209,FALSE,PPI,MTX,weaker,TRUE,385,110.716641,0.8194773177773701
SGRRWFPDWL,51.98806,P6,0.11918529687078006,FALSE,PPI,MTX,weaker,TRUE,363,110.716641,0.46955958499499634
RRWKHESPWL,102.311903,P6,0.9440379259435576,FALSE,PPI,MTX,no significant difference,FALSE,385,110.716641,0.9240878523401013
RRRLHESRWL,95.368826,P6,0.716494493805082,FALSE,PPI,MTX,weaker,TRUE,385,110.716641,0.8613775231855164
RRPLHESPWL,108.04271399999999,P6,0.9317032314776597,FALSE,PPI,MTX,stronger,TRUE,385,110.716641,0.9758489150695964
RRWYHESPWL,102.311903,P6,0.9043528251480548,FALSE,PPI,MTX,no significant difference,FALSE,385,110.716641,0.9240878523401013
RRKMHESPWL,103.076031,P6,0.955683560792154,FALSE,PPI,MTX,no significant difference,FALSE,385,110.716641,0.9309895068077436
RRSNHESPWL,104.60383999999999,P6,0.8573329064018359,FALSE,PPI,MTX,no significant difference,FALSE,385,110.716641,0.9447887784095617
RRRLWESPWL,108.042834,P6,0.7777485805287899,FALSE,PPI,MTX,no significant difference,FALSE,385,110.716641,0.9758499989175069
SGRPWFMDWL,50.839737,P6,0.22145703821579557,FALSE,PPI,MTX,weaker,TRUE,363,110.716641,0.4591878559610565
RRAEHESPWL,102.693893,P6,0.9191022573267656,FALSE,PPI,MTX,no significant difference,FALSE,385,110.716641,0.9275380112010444
SGRNWFADWL,50.075609,P6,0.2626124838949866,FALSE,PPI,MTX,weaker,TRUE,363,110.716641,0.4522862014934142
SGRFWLSDWL,71.195673,P6,0.4003289511785762,FALSE,PPI,MTX,no significant difference,FALSE,363,110.716641,0.6430440117850035
SGRDWFMDWL,50.457673,P6,0.31673999794737734,FALSE,PPI,MTX,no significant difference,FALSE,363,110.716641,0.4557370287272353
RRRLKESPWL,108.80677899999999,P6,0.8151788092391626,FALSE,PPI,MTX,no significant difference,FALSE,385,110.716641,0.9827500005170857
RRVVHESPWL,102.693967,P6,0.9246933749215768,FALSE,PPI,MTX,no significant difference,FALSE,385,110.716641,0.9275386795739224
SGRPWFQDWL,50.839737,P6,0.2159116894586959,FALSE,PPI,MTX,weaker,TRUE,363,110.716641,0.4591878559610565
RRSCHESPWL,105.36796799999999,P6,0.9051359669115838,FALSE,PPI,MTX,no significant difference,FALSE,385,110.716641,0.951690432877204
SGRMWFLDWL,50.839737,P6,0.1487164722987029,FALSE,PPI,MTX,weaker,TRUE,363,110.716641,0.4591878559610565
SGRCWFLDWL,50.839737,P6,0.15230810932278768,FALSE,PPI,MTX,weaker,TRUE,363,110.716641,0.4591878559610565
RRNAHESPWL,104.221851,P6,0.9087247982144212,FALSE,PPI,MTX,no significant difference,FALSE,385,110.716641,0.9413386285806847
RRTRHESPWL,103.840159,P6,0.8754284832914637,FALSE,PPI,MTX,no significant difference,FALSE,385,110.716641,0.937891161275386
RRVQHESPWL,102.311903,P6,0.9356365702761342,FALSE,PPI,MTX,no significant difference,FALSE,385,110.716641,0.9240878523401013
RRRVHESPWL,106.131873,P6,0.9126829781934984,FALSE,PPI,MTX,no significant difference,FALSE,385,110.716641,0.9585900731941461
RRRLHESTWL,95.368826,P6,0.7964195195179729,FALSE,PPI,MTX,weaker,TRUE,385,110.716641,0.8613775231855164
RRANHESPWL,102.693893,P6,0.9440366607079006,FALSE,PPI,MTX,no significant difference,FALSE,385,110.716641,0.9275380112010444
SGRLWFSDWL,74.252185,P6,0.4111533325256013,FALSE,PPI,MTX,stronger,TRUE,363,110.716641,0.6706506296555728
RRTIHESPWL,102.693967,P6,0.9071271468813008,FALSE,PPI,MTX,no significant difference,FALSE,385,110.716641,0.9275386795739224
SGRFWFSCWL,67.742415,P6,0.19996897962124072,FALSE,PPI,MTX,no significant difference,FALSE,363,110.716641,0.6118539578887694
SGRDWFEDWL,50.457673,P6,0.4566084739013317,FALSE,PPI,MTX,stronger,TRUE,363,110.716641,0.4557370287272353
RRRLHESFWL,95.368826,P6,0.6430645055911961,FALSE,PPI,MTX,no significant difference,FALSE,385,110.716641,0.8613775231855164
RRRLHEAPWL,91.506897,P6,0.41479020193849847,FALSE,PPI,MTX,weaker,TRUE,385,110.716641,0.8264963258775164
RRDQHESPWL,103.07588199999999,P6,0.95302402266106,FALSE,PPI,MTX,no significant difference,FALSE,385,110.716641,0.9309881610299214
RRRLHESPWR,91.505876,P6,0.42042579771349525,FALSE,PPI,MTX,weaker,TRUE,385,110.716641,0.8264871041382117
SGRMWFPDWL,51.223932,P6,0.1506808681179702,FALSE,PPI,MTX,weaker,TRUE,363,110.716641,0.46265793052735404
RRRLMESPWL,108.042834,P6,0.8431208696584187,FALSE,PPI,MTX,no significant difference,FALSE,385,110.716641,0.9758499989175069
SGRLWFYDWL,55.042441,P6,0.1331734169971822,FALSE,PPI,MTX,weaker,TRUE,363,110.716641,0.4971469555330892
SKVQ*FLGWF,NA,P6,0.18652298782819077,FALSE,PPI,MTX,no significant difference,FALSE,366,110.716641,NA
SKVGKFLGWF,26.64892,P6,-0.03707614931182512,FALSE,PPI,MTX,no significant difference,FALSE,366,110.716641,0.24069480214812516
SGRFWSSDWL,71.195673,P6,0.3545072900222055,FALSE,PPI,MTX,no significant difference,FALSE,363,110.716641,0.6430440117850035
SGRLWFPDWL,55.426636,P6,0.17600070709877544,FALSE,PPI,MTX,weaker,TRUE,363,110.716641,0.5006170300993869
RRSKHESPWL,104.60383999999999,P6,0.8414471275435075,FALSE,PPI,MTX,no significant difference,FALSE,385,110.716641,0.9447887784095617
SGRSWFRDWL,51.603865,P6,0.14691051818751383,FALSE,PPI,MTX,weaker,TRUE,363,110.716641,0.4660895104286988
RRRLHEKPWL,91.506897,P6,0.3804759804752604,FALSE,PPI,MTX,weaker,TRUE,385,110.716641,0.8264963258775164
RRRLHELPWL,91.506897,P6,0.3587428121060388,FALSE,PPI,MTX,weaker,TRUE,385,110.716641,0.8264963258775164
SGRAWFKDWL,50.075609,P6,0.2020886308473075,FALSE,PPI,MTX,weaker,TRUE,363,110.716641,0.4522862014934142
SGRLWFKDWL,55.042441,P6,0.14860816563475324,FALSE,PPI,MTX,weaker,TRUE,363,110.716641,0.4971469555330892
RRRLHESYWL,95.368826,P6,0.6918524879972014,FALSE,PPI,MTX,no significant difference,FALSE,385,110.716641,0.8613775231855164
RRAVHESPWL,103.075957,P6,0.9414380604026265,FALSE,PPI,MTX,no significant difference,FALSE,385,110.716641,0.9309888384348655
SKVGLFLGWF,27.794837,P6,0.02176036321526159,FALSE,PPI,MTX,no significant difference,FALSE,366,110.716641,0.2510448000314605
SGRFEFSDWL,71.57764499999999,P6,0.5295893892259257,FALSE,PPI,MTX,no significant difference,FALSE,363,110.716641,0.6464940080687599
RRFLHESPWL,107.660725,P6,0.9256766583605084,FALSE,PPI,MTX,no significant difference,FALSE,385,110.716641,0.9723987652407193
RRYHHESPWL,102.693967,P6,0.8808434618487481,FALSE,PPI,MTX,no significant difference,FALSE,385,110.716641,0.9275386795739224
SGRMWFRDWL,50.839737,P6,0.1122535794835525,FALSE,PPI,MTX,weaker,TRUE,363,110.716641,0.4591878559610565
SGRFWFIDWL,51.985929,P6,0.00484329760021656,FALSE,PPI,MTX,weaker,TRUE,363,110.716641,0.46954033766251996
RRRLHESPWD,91.505876,P6,0.4126574944281795,FALSE,PPI,MTX,no significant difference,FALSE,385,110.716641,0.8264871041382117
LGRFWFSDWL,69.667944,P6,0.30550625297490164,FALSE,PPI,MTX,no significant difference,FALSE,363,110.716641,0.629245462748459
RR*WHESPWL,NA,P6,0.4869821328668293,FALSE,PPI,MTX,weaker,TRUE,385,110.716641,NA
SKIRVFLGWF,28.559091,P6,-0.0219872155326861,FALSE,PPI,MTX,no significant difference,FALSE,366,110.716641,0.2579475925394088
SKVIAFLGWF,27.030892,P6,0.07910142419839143,FALSE,PPI,MTX,no significant difference,FALSE,366,110.716641,0.24414479843188164
SGRFWGSDWL,71.195673,P6,0.3746112958774704,FALSE,PPI,MTX,no significant difference,FALSE,363,110.716641,0.6430440117850035
SKVRAFLGWF,28.177083999999997,P6,0.04643606010831912,FALSE,PPI,MTX,no significant difference,FALSE,366,110.716641,0.25449728013334505
RRNHHESPWL,104.603915,P6,0.9133428744415008,FALSE,PPI,MTX,no significant difference,FALSE,385,110.716641,0.9447894558145058
RR*YHESPWL,NA,P6,0.4419913489664902,FALSE,PPI,MTX,weaker,TRUE,385,110.716641,NA
RRAWHESPWL,103.458021,P6,0.9341938743201046,FALSE,PPI,MTX,no significant difference,FALSE,385,110.716641,0.9344396656686866
SGRFGFSDWL,72.34159,P6,0.4890736806485602,FALSE,PPI,MTX,stronger,TRUE,363,110.716641,0.6533940096683388
RRRLHEVPWL,91.506897,P6,0.39618876609808146,FALSE,PPI,MTX,weaker,TRUE,385,110.716641,0.8264963258775164
AGRFWFSDWL,68.90408,P6,0.46702512169932775,FALSE,PPI,MTX,stronger,TRUE,363,110.716641,0.6223461927462196
RRHWHESPWL,103.076031,P6,0.8879302373257275,FALSE,PPI,MTX,no significant difference,FALSE,385,110.716641,0.9309895068077436
RRQPHESPWL,103.076031,P6,0.9112328331156472,FALSE,PPI,MTX,no significant difference,FALSE,385,110.716641,0.9309895068077436
SGRMWFSDWL,70.049481,P6,0.40318420493594825,FALSE,PPI,MTX,stronger,TRUE,363,110.716641,0.6326915300835401
RRFSHESPWL,104.222149,P6,0.91911921471524,FALSE,PPI,MTX,no significant difference,FALSE,385,110.716641,0.941341320136329
RRRLHEWPWL,91.506897,P6,0.42138317967474026,FALSE,PPI,MTX,weaker,TRUE,385,110.716641,0.8264963258775164
RRYLHESPWL,107.278735,P6,0.9552654684031716,FALSE,PPI,MTX,no significant difference,FALSE,385,110.716641,0.9689486063797763
SGRMWFFDWL,50.839737,P6,0.15704754972104568,FALSE,PPI,MTX,no significant difference,FALSE,363,110.716641,0.4591878559610565
RRRLHCSPWL,90.729776,P6,0.501484243028849,FALSE,PPI,MTX,weaker,TRUE,385,110.716641,0.8194773177773701
SKVHLFLGWF,27.794837,P6,0.00764260701808936,FALSE,PPI,MTX,no significant difference,FALSE,366,110.716641,0.2510448000314605
RLRLHESPWL,109.18925899999999,P6,0.8691289851316935,FALSE,PPI,MTX,no significant difference,FALSE,385,110.716641,0.9862045850903298
RRRHHESPWL,106.131873,P6,0.8778447231859112,FALSE,PPI,MTX,no significant difference,FALSE,385,110.716641,0.9585900731941461
RTRLHESPWL,108.425569,P6,0.8878860620676385,FALSE,PPI,MTX,no significant difference,FALSE,385,110.716641,0.9793068866675607
SGRFWFNDWL,51.985929,P6,0.22451544400492068,FALSE,PPI,MTX,weaker,TRUE,363,110.716641,0.46954033766251996
RRKCHESPWL,103.076031,P6,0.9468496652508808,FALSE,PPI,MTX,no significant difference,FALSE,385,110.716641,0.9309895068077436
RKRLHESPWL,109.95295,P6,0.8750762247022855,FALSE,PPI,MTX,no significant difference,FALSE,385,110.716641,0.9931022925451649
RRNLHESPWL,109.188683,P6,0.940363489483142,FALSE,PPI,MTX,no significant difference,FALSE,385,110.716641,0.9861993826203597
SGRSWFPDWL,51.98806,P6,0.15816820326939943,FALSE,PPI,MTX,weaker,TRUE,363,110.716641,0.46955958499499634
RRRLHGSPWL,90.729776,P6,0.4160816483079686,FALSE,PPI,MTX,weaker,TRUE,385,110.716641,0.8194773177773701
SKVIGFLGWF,27.030892,P6,0.00753521177630946,FALSE,PPI,MTX,no significant difference,FALSE,366,110.716641,0.24414479843188164
RRGGHESPWL,103.839936,P6,0.8835346797963951,FALSE,PPI,MTX,no significant difference,FALSE,385,110.716641,0.9378891471246856
ARRLHESPWL,108.42504799999999,P6,0.7917372581718706,FALSE,PPI,MTX,no significant difference,FALSE,385,110.716641,0.979302180961216
SGRMWFVDWL,50.839737,P6,0.1110309074050323,FALSE,PPI,MTX,weaker,TRUE,363,110.716641,0.4591878559610565
SGRFWFPDWL,52.370124,P6,0.15082993177534515,FALSE,PPI,MTX,weaker,TRUE,363,110.716641,0.4730104122288175
RRCAHESPWL,102.311903,P6,0.9253925689388188,FALSE,PPI,MTX,no significant difference,FALSE,385,110.716641,0.9240878523401013
SGRQWFCDWL,50.075609,P6,0.1848878148227454,FALSE,PPI,MTX,no significant difference,FALSE,363,110.716641,0.4522862014934142
SGRCWFVDWL,50.839737,P6,0.14821706267261475,FALSE,PPI,MTX,weaker,TRUE,363,110.716641,0.4591878559610565
RRRLVESPWL,108.80677899999999,P6,0.9095343659632028,FALSE,PPI,MTX,no significant difference,FALSE,385,110.716641,0.9827500005170857
SKPRVFLGWF,28.559091,P6,-0.02759812433277763,FALSE,PPI,MTX,no significant difference,FALSE,366,110.716641,0.2579475925394088
RRDLHESPWL,108.04271399999999,P6,0.9617053962582726,FALSE,PPI,MTX,stronger,TRUE,385,110.716641,0.9758489150695964
SGR*WFEDWL,NA,P6,0.22006708542952125,FALSE,PPI,MTX,weaker,TRUE,363,110.716641,NA
RRVGHESPWL,102.693967,P6,0.9075160009930104,FALSE,PPI,MTX,no significant difference,FALSE,385,110.716641,0.9275386795739224
SKQRVFLGWF,27.795112,P6,0.0977224831642046,FALSE,PPI,MTX,no significant difference,FALSE,366,110.716641,0.25104728384958863
SGRSWFFDWL,51.603865,P6,0.1407192476196857,FALSE,PPI,MTX,weaker,TRUE,363,110.716641,0.4660895104286988
SGRQWFSDWL,69.285353,P6,0.4483688342722597,FALSE,PPI,MTX,stronger,TRUE,363,110.716641,0.6257898756158977
SKVREFLGWF,27.413138999999997,P6,-0.05723688828401125,FALSE,PPI,MTX,no significant difference,FALSE,366,110.716641,0.2475972785337662
MRRLHESPWL,108.42504799999999,P6,0.8676754516210746,FALSE,PPI,MTX,no significant difference,FALSE,385,110.716641,0.979302180961216
RRMWHESPWL,103.458021,P6,0.9229476801011824,FALSE,PPI,MTX,no significant difference,FALSE,385,110.716641,0.9344396656686866
SGRFWFADWL,51.985929,P6,0.16631285794990483,FALSE,PPI,MTX,weaker,TRUE,363,110.716641,0.46954033766251996
SGRFWFRDWL,51.985929,P6,0.0550715872449232,FALSE,PPI,MTX,weaker,TRUE,363,110.716641,0.46954033766251996
SGRDWFADWL,50.457673,P6,0.4173088441708171,FALSE,PPI,MTX,no significant difference,FALSE,363,110.716641,0.4557370287272353
RRN*HESPWL,NA,P6,0.544073197238542,FALSE,PPI,MTX,weaker,TRUE,385,110.716641,NA
HKVRVFLGWF,25.121587,P6,-0.07910617216855065,FALSE,PPI,MTX,no significant difference,FALSE,366,110.716641,0.2268998298096851
SGGFWFSDWL,68.903736,P6,0.43868131016553047,FALSE,PPI,MTX,no significant difference,FALSE,363,110.716641,0.622343085715543
RRYRHESPWL,103.840159,P6,0.9103637211017364,FALSE,PPI,MTX,no significant difference,FALSE,385,110.716641,0.937891161275386
RRRLHESDWL,98.82208399999999,P6,0.8921865346545435,FALSE,PPI,MTX,no significant difference,FALSE,385,110.716641,0.8925675770817505
SGR*WFHDWL,NA,P6,0.1693464298299827,FALSE,PPI,MTX,weaker,TRUE,363,110.716641,NA
RRRLHLSPWL,90.729776,P6,0.55087545337433,FALSE,PPI,MTX,weaker,TRUE,385,110.716641,0.8194773177773701
SGRHWFSDWL,69.667417,P6,0.3533892109462504,FALSE,PPI,MTX,no significant difference,FALSE,363,110.716641,0.6292407028497189
SKVMLFLGWF,28.176900999999997,P6,0.05458538211330368,FALSE,PPI,MTX,no significant difference,FALSE,366,110.716641,0.25449562726528163
RRLMHESPWL,104.222,P6,0.9575847983228524,FALSE,PPI,MTX,no significant difference,FALSE,385,110.716641,0.9413399743585068
SGIFWFSDWL,68.52174600000001,P6,0.36729216088157673,FALSE,PPI,MTX,no significant difference,FALSE,363,110.716641,0.6188929268546001
SKSRVFLGWF,30.087048999999997,P6,-0.00996528933028666,FALSE,PPI,MTX,no significant difference,FALSE,366,110.716641,0.2717482099190491
SGKFWFSDWL,67.757767,P6,0.4691259711561738,FALSE,PPI,MTX,no significant difference,FALSE,363,110.716641,0.6119926181647798
RRPTHESPWL,103.45794599999999,P6,0.905808126044104,FALSE,PPI,MTX,no significant difference,FALSE,385,110.716641,0.9344389882637425
SKVRFFLGWF,28.941028999999997,P6,-0.15919651428359738,FALSE,PPI,MTX,no significant difference,FALSE,366,110.716641,0.2613972817329239
RRQYHESPWL,102.311903,P6,0.9584579202175209,FALSE,PPI,MTX,no significant difference,FALSE,385,110.716641,0.9240878523401013
RRLHHESPWL,103.839936,P6,0.8916342538255764,FALSE,PPI,MTX,no significant difference,FALSE,385,110.716641,0.9378891471246856
RRRNHESPWL,105.749809,P6,0.8768812333258175,FALSE,PPI,MTX,no significant difference,FALSE,385,110.716641,0.955139245960325
RRRLHESVWL,95.368826,P6,0.8207487792019986,FALSE,PPI,MTX,weaker,TRUE,385,110.716641,0.8613775231855164
SGRRWFRDWL,51.603865,P6,0.10065850972173436,FALSE,PPI,MTX,weaker,TRUE,363,110.716641,0.4660895104286988
SKVFLFLGWF,29.323092999999997,P6,-0.0980326775527547,FALSE,PPI,MTX,no significant difference,FALSE,366,110.716641,0.2648481089667451
SKVRGFLGWF,28.177083999999997,P6,0.0972943802398023,FALSE,PPI,MTX,no significant difference,FALSE,366,110.716641,0.25449728013334505
RRRLHESWWL,95.368826,P6,0.6830674345561941,FALSE,PPI,MTX,weaker,TRUE,385,110.716641,0.8613775231855164
SGRFWFSDWS,51.984908000000004,P6,0.03305003875039523,FALSE,PPI,MTX,weaker,TRUE,363,110.716641,0.4695311159232152
RRAGHESPWL,103.075957,P6,0.9275247899219397,FALSE,PPI,MTX,no significant difference,FALSE,385,110.716641,0.9309888384348655
SGRCWFQDWL,50.839737,P6,0.1404007478880109,FALSE,PPI,MTX,no significant difference,FALSE,363,110.716641,0.4591878559610565
SGRFWFSDAL,51.597463,P6,0.3416865269349366,FALSE,PPI,MTX,no significant difference,FALSE,363,110.716641,0.46603168714267623
SKTRVFLGWF,27.795112,P6,0.01145961912551428,FALSE,PPI,MTX,no significant difference,FALSE,366,110.716641,0.25104728384958863
RRKAHESPWL,102.311903,P6,0.8912124792385436,FALSE,PPI,MTX,no significant difference,FALSE,385,110.716641,0.9240878523401013
RRGLHESPWL,108.42470399999999,P6,0.968961388077038,FALSE,PPI,MTX,stronger,TRUE,385,110.716641,0.9792990739305395
SKV**FLGWF,NA,P6,0.198941431951754,FALSE,PPI,MTX,no significant difference,FALSE,366,110.716641,NA
SGRNWFHDWL,50.075609,P6,0.27544913325133336,FALSE,PPI,MTX,no significant difference,FALSE,363,110.716641,0.4522862014934142
RRGDHESPWL,103.839936,P6,0.9193860918065468,FALSE,PPI,MTX,no significant difference,FALSE,385,110.716641,0.9378891471246856
SGRPWFHDWL,50.839737,P6,0.1500816405560604,FALSE,PPI,MTX,weaker,TRUE,363,110.716641,0.4591878559610565
FRRLHESPWL,108.043116,P6,0.8458052591487895,FALSE,PPI,MTX,no significant difference,FALSE,385,110.716641,0.9758525459600965
SGRKWFVDWL,50.075609,P6,0.11012916961124396,FALSE,PPI,MTX,weaker,TRUE,363,110.716641,0.4522862014934142
RRRGHESPWL,106.131873,P6,0.8856633448565137,FALSE,PPI,MTX,no significant difference,FALSE,385,110.716641,0.9585900731941461
RRM*HESPWL,NA,P6,0.4901368386919094,FALSE,PPI,MTX,weaker,TRUE,385,110.716641,NA
SKV*AFLGWF,NA,P6,0.15368825837157063,FALSE,PPI,MTX,stronger,TRUE,366,110.716641,NA
SGRNWFKDWL,50.075609,P6,0.26383973730702126,FALSE,PPI,MTX,no significant difference,FALSE,363,110.716641,0.4522862014934142
SGRIWFRDWL,50.457673,P6,0.08228852994554471,FALSE,PPI,MTX,weaker,TRUE,363,110.716641,0.4557370287272353
SGRVWFTDWL,50.841868,P6,0.26851018157970197,FALSE,PPI,MTX,weaker,TRUE,363,110.716641,0.4592071032935329
SGRGWFVDWL,50.457673,P6,0.20883729565006537,FALSE,PPI,MTX,weaker,TRUE,363,110.716641,0.4557370287272353
SGRCWFDDWL,50.839737,P6,0.32642498744151277,FALSE,PPI,MTX,no significant difference,FALSE,363,110.716641,0.4591878559610565
SGRTWFVDWL,50.457673,P6,0.1689279662849122,FALSE,PPI,MTX,weaker,TRUE,363,110.716641,0.4557370287272353
SGRSWFYDWL,51.603865,P6,0.2135065910453585,FALSE,PPI,MTX,weaker,TRUE,363,110.716641,0.4660895104286988
RRWEHESPWL,102.311903,P6,0.9424482206671848,FALSE,PPI,MTX,no significant difference,FALSE,385,110.716641,0.9240878523401013
RRRLHSSPWL,90.729776,P6,0.5405299902636105,FALSE,PPI,MTX,weaker,TRUE,385,110.716641,0.8194773177773701
RSRLHESPWL,110.334795,P6,0.8554939060496912,FALSE,PPI,MTX,no significant difference,FALSE,385,110.716641,0.9965511417565496
GKVRVFLGWF,25.885451,P6,-0.0857784687866462,FALSE,PPI,MTX,no significant difference,FALSE,366,110.716641,0.2337990998119244
SGRRWFNDWL,51.603865,P6,0.2529236367394133,FALSE,PPI,MTX,weaker,TRUE,363,110.716641,0.4660895104286988
SKVRCFLGWF,27.031167,P6,-0.01225193589809579,FALSE,PPI,MTX,no significant difference,FALSE,366,110.716641,0.24414728225000976
SGRFWFSDVL,51.597463,P6,0.29997010284510395,FALSE,PPI,MTX,no significant difference,FALSE,363,110.716641,0.46603168714267623
SKVEHFLGWF,28.176717999999997,P6,0.12146587661287855,FALSE,PPI,MTX,no significant difference,FALSE,366,110.716641,0.2544939743972182
RRDVHESPWL,103.45794599999999,P6,0.9330649963361952,FALSE,PPI,MTX,no significant difference,FALSE,385,110.716641,0.9344389882637425
SGRRWFCDWL,51.603865,P6,0.18051105634417616,FALSE,PPI,MTX,weaker,TRUE,363,110.716641,0.4660895104286988
RRRLHFSPWL,90.729776,P6,0.4573053626116963,FALSE,PPI,MTX,weaker,TRUE,385,110.716641,0.8194773177773701
RRGPHESPWL,104.222,P6,0.8890173600106565,FALSE,PPI,MTX,no significant difference,FALSE,385,110.716641,0.9413399743585068
RR*NHESPWL,NA,P6,0.4532130365549262,FALSE,PPI,MTX,no significant difference,FALSE,385,110.716641,NA
RRRLHESPWK,91.505876,P6,0.3601634378676305,FALSE,PPI,MTX,no significant difference,FALSE,385,110.716641,0.8264871041382117
RRVEHESPWL,102.311903,P6,0.91004928240141,FALSE,PPI,MTX,no significant difference,FALSE,385,110.716641,0.9240878523401013
GRRLHESPWL,108.80698,P6,0.8287323892348665,FALSE,PPI,MTX,no significant difference,FALSE,385,110.716641,0.9827518159623357
RRHLHESPWL,107.278735,P6,0.9833644927467872,FALSE,PPI,MTX,stronger,TRUE,385,110.716641,0.9689486063797763
RRRIHESPWL,106.131873,P6,0.9154250822228086,FALSE,PPI,MTX,no significant difference,FALSE,385,110.716641,0.9585900731941461
SGRDWFNDWL,50.457673,P6,0.3483830179520574,FALSE,PPI,MTX,no significant difference,FALSE,363,110.716641,0.4557370287272353
SKVAVFLGWF,26.266856,P6,0.05032846582880612,FALSE,PPI,MTX,no significant difference,FALSE,366,110.716641,0.237243974914304
SKVFSFLGWF,28.559147999999997,P6,-0.03007510591669999,FALSE,PPI,MTX,no significant difference,FALSE,366,110.716641,0.2579481073671662
RRCCHESPWL,103.076031,P6,0.939383651340548,FALSE,PPI,MTX,no significant difference,FALSE,385,110.716641,0.9309895068077436
SGRCWFWDWL,50.839737,P6,0.14326891004415376,FALSE,PPI,MTX,no significant difference,FALSE,363,110.716641,0.4591878559610565
RRQDHESPWL,102.693967,P6,0.8721096907482474,FALSE,PPI,MTX,no significant difference,FALSE,385,110.716641,0.9275386795739224
SGRAWFNDWL,50.075609,P6,0.34172332794330573,FALSE,PPI,MTX,no significant difference,FALSE,363,110.716641,0.4522862014934142
SKVPTFLGWF,27.030984,P6,NA,FALSE,PPI,MTX,no significant difference,FALSE,366,110.716641,0.2441456293819463
SKV*IFLGWF,NA,P6,0.1574011745302674,FALSE,PPI,MTX,no significant difference,FALSE,366,110.716641,NA
SGRHWFADWL,50.457673,P6,0.24119645034812492,FALSE,PPI,MTX,weaker,TRUE,363,110.716641,0.4557370287272353
SGRRWFDDWL,51.603865,P6,0.2975995303698516,FALSE,PPI,MTX,weaker,TRUE,363,110.716641,0.4660895104286988
RRERHESPWL,103.840159,P6,0.9001780235183762,FALSE,PPI,MTX,no significant difference,FALSE,385,110.716641,0.937891161275386
SGRNWF*DWL,NA,P6,0.09792938359743192,FALSE,PPI,MTX,weaker,TRUE,363,110.716641,NA
SGRFWFSDWN,51.984908000000004,P6,0.11028990322746232,FALSE,PPI,MTX,no significant difference,FALSE,363,110.716641,0.4695311159232152
SGRVWF*DWL,NA,P6,0.10238620259802124,FALSE,PPI,MTX,weaker,TRUE,363,110.716641,NA
SKVLKFLGWF,31.233687999999997,P6,0.03984082229699325,FALSE,PPI,MTX,no significant difference,FALSE,366,110.716641,0.282104728953979
SKV*LFLGWF,NA,P6,0.17058823389185374,FALSE,PPI,MTX,stronger,TRUE,366,110.716641,NA
SGRDWFRDWL,50.457673,P6,0.2354577243116371,FALSE,PPI,MTX,weaker,TRUE,363,110.716641,0.4557370287272353
SGRVWFRDWL,50.457673,P6,0.15550937517091046,FALSE,PPI,MTX,weaker,TRUE,363,110.716641,0.4557370287272353
RRHQHESPWL,102.311903,P6,0.9343858443282764,FALSE,PPI,MTX,no significant difference,FALSE,385,110.716641,0.9240878523401013
RRHPHESPWL,103.076031,P6,0.9525213399638957,FALSE,PPI,MTX,no significant difference,FALSE,385,110.716641,0.9309895068077436
SKVRLFLGWF,28.941028999999997,P6,0.05166724756465164,FALSE,PPI,MTX,no significant difference,FALSE,366,110.716641,0.2613972817329239
SKVLLFLGWF,32.379605,P6,-0.00532278358146144,FALSE,PPI,MTX,no significant difference,FALSE,366,110.716641,0.2924547268373144
SGRDWFSDWL,69.667417,P6,0.43781480188544786,FALSE,PPI,MTX,stronger,TRUE,363,110.716641,0.6292407028497189
RRHRHESPWL,103.840159,P6,0.8645511028161605,FALSE,PPI,MTX,no significant difference,FALSE,385,110.716641,0.937891161275386
RR*DHESPWL,NA,P6,0.4748566163604568,FALSE,PPI,MTX,weaker,TRUE,385,110.716641,NA
RRRLLESPWL,109.95269599999999,P6,0.8038981433661462,FALSE,PPI,MTX,no significant difference,FALSE,385,110.716641,0.9930999984004211
RRCHHESPWL,102.693967,P6,0.8892207294253376,FALSE,PPI,MTX,no significant difference,FALSE,385,110.716641,0.9275386795739224
SGRDWFDDWL,50.457673,P6,0.4253794195161814,FALSE,PPI,MTX,stronger,TRUE,363,110.716641,0.4557370287272353
RRFMHESPWL,103.458021,P6,0.9200022387194003,FALSE,PPI,MTX,no significant difference,FALSE,385,110.716641,0.9344396656686866
IKVRVFLGWF,26.267383,P6,-0.23410500388010677,FALSE,PPI,MTX,no significant difference,FALSE,366,110.716641,0.23724873481304404
RRRLHESPIL,91.118431,P6,0.6441194930048116,FALSE,PPI,MTX,no significant difference,FALSE,385,110.716641,0.8229876753576728
RRMMHESPWL,103.458021,P6,0.929949196368267,FALSE,PPI,MTX,no significant difference,FALSE,385,110.716641,0.9344396656686866
SGRTWFEDWL,50.457673,P6,0.33632280245535845,FALSE,PPI,MTX,no significant difference,FALSE,363,110.716641,0.4557370287272353
SKV*PFLGWF,NA,P6,0.1699001097574553,FALSE,PPI,MTX,no significant difference,FALSE,366,110.716641,NA
SGRVWFCDWL,50.457673,P6,0.20875390326434437,FALSE,PPI,MTX,weaker,TRUE,363,110.716641,0.4557370287272353
RREVHESPWL,102.693967,P6,0.9221883000742334,FALSE,PPI,MTX,no significant difference,FALSE,385,110.716641,0.9275386795739224
RRRLNESPWL,108.42480599999999,P6,0.7600535593566206,FALSE,PPI,MTX,no significant difference,FALSE,385,110.716641,0.9792999952012633
RRHSHESPWL,103.840159,P6,0.8971325279054113,FALSE,PPI,MTX,no significant difference,FALSE,385,110.716641,0.937891161275386
SGRMWFQDWL,50.839737,P6,0.230331613382784,FALSE,PPI,MTX,no significant difference,FALSE,363,110.716641,0.4591878559610565
SGR*WFLDWL,NA,P6,0.13891229833153643,FALSE,PPI,MTX,weaker,TRUE,363,110.716641,NA
SGRFWFSDRL,51.597463,P6,0.32176679227356453,FALSE,PPI,MTX,no significant difference,FALSE,363,110.716641,0.46603168714267623
RREWHESPWL,103.076031,P6,0.9498610680410232,FALSE,PPI,MTX,no significant difference,FALSE,385,110.716641,0.9309895068077436
RRLIHESPWL,103.839936,P6,0.8894909044483593,FALSE,PPI,MTX,no significant difference,FALSE,385,110.716641,0.9378891471246856
SGRGWFTDWL,50.841868,P6,0.30834937978010374,FALSE,PPI,MTX,weaker,TRUE,363,110.716641,0.4592071032935329
RRMQHESPWL,102.693893,P6,0.947030908175165,FALSE,PPI,MTX,no significant difference,FALSE,385,110.716641,0.9275380112010444
SGRVWFEDWL,50.457673,P6,0.3481472625941019,FALSE,PPI,MTX,no significant difference,FALSE,363,110.716641,0.4557370287272353
SGRKWFGDWL,50.075609,P6,0.31977459669643993,FALSE,PPI,MTX,no significant difference,FALSE,363,110.716641,0.4522862014934142
SGRDWFVDWL,50.457673,P6,0.3004795734629222,FALSE,PPI,MTX,no significant difference,FALSE,363,110.716641,0.4557370287272353
RRPGHESPWL,103.45794599999999,P6,0.9120542606445724,FALSE,PPI,MTX,no significant difference,FALSE,385,110.716641,0.9344389882637425
SGRNWFWDWL,50.075609,P6,0.11365729267921622,FALSE,PPI,MTX,weaker,TRUE,363,110.716641,0.4522862014934142
SGRTWFGDWL,50.457673,P6,0.3330671835993243,FALSE,PPI,MTX,no significant difference,FALSE,363,110.716641,0.4557370287272353
LKVRVFLGWF,26.267383,P6,-0.10327751166949534,FALSE,PPI,MTX,no significant difference,FALSE,366,110.716641,0.23724873481304404
SGRFWFSQWL,67.742415,P6,0.35218519170897117,FALSE,PPI,MTX,no significant difference,FALSE,363,110.716641,0.6118539578887694
RRELHESPWL,107.278735,P6,0.9227782292179156,FALSE,PPI,MTX,no significant difference,FALSE,385,110.716641,0.9689486063797763
SGRWWFHDWL,50.839737,P6,0.08141430632428902,FALSE,PPI,MTX,no significant difference,FALSE,363,110.716641,0.4591878559610565
SKVGCFLGWF,25.884975,P6,0.07606331930649152,FALSE,PPI,MTX,no significant difference,FALSE,366,110.716641,0.2337948005485463
RRPWHESPWL,103.84000999999999,P6,0.9098739866700976,FALSE,PPI,MTX,no significant difference,FALSE,385,110.716641,0.9378898154975637
RRWDHESPWL,102.693967,P6,0.9037982141044456,FALSE,PPI,MTX,no significant difference,FALSE,385,110.716641,0.9275386795739224
SGRPWF*DWL,NA,P6,0.12765079505794075,FALSE,PPI,MTX,weaker,TRUE,363,110.716641,NA
SKVRRFLGWF,29.323002,P6,0.00488603797523804,FALSE,PPI,MTX,no significant difference,FALSE,366,110.716641,0.2648472870487464
RRRLHESPPL,91.118431,P6,0.6885562172076607,FALSE,PPI,MTX,weaker,TRUE,385,110.716641,0.8229876753576728
RRS*HESPWL,NA,P6,0.4672678594583037,FALSE,PPI,MTX,weaker,TRUE,385,110.716641,NA
SGRRWFHDWL,51.603865,P6,0.18642605082962543,FALSE,PPI,MTX,weaker,TRUE,363,110.716641,0.4660895104286988
RRMSHESPWL,104.222149,P6,0.8916123281664668,FALSE,PPI,MTX,no significant difference,FALSE,385,110.716641,0.941341320136329
SKVNLFLGWF,27.412772999999998,P6,0.07532698596177999,FALSE,PPI,MTX,no significant difference,FALSE,366,110.716641,0.24759397279763934
SGRMWFTDWL,51.223932,P6,0.3231258653437947,FALSE,PPI,MTX,no significant difference,FALSE,363,110.716641,0.46265793052735404
SGRFWFSDHL,51.597463,P6,0.30738626791235296,FALSE,PPI,MTX,no significant difference,FALSE,363,110.716641,0.46603168714267623
RRENHESPWL,102.311903,P6,0.9104784195773548,FALSE,PPI,MTX,no significant difference,FALSE,385,110.716641,0.9240878523401013
SGRPWFADWL,50.839737,P6,0.24638610522165205,FALSE,PPI,MTX,weaker,TRUE,363,110.716641,0.4591878559610565
SGRDWFLDWL,50.457673,P6,0.25720868851301887,FALSE,PPI,MTX,weaker,TRUE,363,110.716641,0.4557370287272353
RARLHESPWL,108.425569,P6,0.899335189956457,FALSE,PPI,MTX,no significant difference,FALSE,385,110.716641,0.9793068866675607
RRQAHESPWL,102.311903,P6,0.8971587025734253,FALSE,PPI,MTX,no significant difference,FALSE,385,110.716641,0.9240878523401013
SGRQWFADWL,50.075609,P6,0.2870717390612717,FALSE,PPI,MTX,weaker,TRUE,363,110.716641,0.4522862014934142
SGRNWFNDWL,50.075609,P6,0.3635018632004141,FALSE,PPI,MTX,no significant difference,FALSE,363,110.716641,0.4522862014934142
RRRLSESPWL,109.188751,P6,0.8061600989022037,FALSE,PPI,MTX,no significant difference,FALSE,385,110.716641,0.9861999968008422
RRFFHESPWL,104.604213,P6,0.9164497329886876,FALSE,PPI,MTX,no significant difference,FALSE,385,110.716641,0.9447921473701502
RRTNHESPWL,102.311903,P6,0.8678719401426351,FALSE,PPI,MTX,no significant difference,FALSE,385,110.716641,0.9240878523401013
SGRRWFWDWL,51.603865,P6,0.07976270761108398,FALSE,PPI,MTX,weaker,TRUE,363,110.716641,0.4660895104286988
RRMTHESPWL,103.075957,P6,0.9033996277030132,FALSE,PPI,MTX,no significant difference,FALSE,385,110.716641,0.9309888384348655
RRICHESPWL,103.84000999999999,P6,0.9200671722373724,FALSE,PPI,MTX,no significant difference,FALSE,385,110.716641,0.9378898154975637
SGREWFEDWL,50.075609,P6,0.4444155743445329,FALSE,PPI,MTX,no significant difference,FALSE,363,110.716641,0.4522862014934142
SGRMWFHDWL,50.839737,P6,0.14478448773662894,FALSE,PPI,MTX,weaker,TRUE,363,110.716641,0.4591878559610565
SGRPWFCDWL,50.839737,P6,0.17902159350075003,FALSE,PPI,MTX,weaker,TRUE,363,110.716641,0.4591878559610565
SKV*HFLGWF,NA,P6,0.07862909133104677,FALSE,PPI,MTX,no significant difference,FALSE,366,110.716641,NA
RRRLHESPSL,91.118431,P6,0.6556574486663568,FALSE,PPI,MTX,weaker,TRUE,385,110.716641,0.8229876753576728
SGRGWFKDWL,50.457673,P6,0.2011205062925433,FALSE,PPI,MTX,weaker,TRUE,363,110.716641,0.4557370287272353
RRRLHECPWL,91.506897,P6,0.6467033922874114,FALSE,PPI,MTX,weaker,TRUE,385,110.716641,0.8264963258775164
SKVLRFLGWF,32.761578,P6,0.03194284402267702,FALSE,PPI,MTX,no significant difference,FALSE,366,110.716641,0.2959047321531368
SGRFWFSDWD,51.984908000000004,P6,0.10887283396643604,FALSE,PPI,MTX,weaker,TRUE,363,110.716641,0.4695311159232152
SGRPWFDDWL,50.839737,P6,0.4079171644967228,FALSE,PPI,MTX,no significant difference,FALSE,363,110.716641,0.4591878559610565
RRTQHESPWL,102.311903,P6,0.9360811154166369,FALSE,PPI,MTX,no significant difference,FALSE,385,110.716641,0.9240878523401013
SGRVWFIDWL,50.457673,P6,0.09275658793146618,FALSE,PPI,MTX,weaker,TRUE,363,110.716641,0.4557370287272353
RR*RHESPWL,NA,P6,0.4672269296584045,FALSE,PPI,MTX,weaker,TRUE,385,110.716641,NA
RRRLHESPTL,91.118431,P6,0.71154860887637,FALSE,PPI,MTX,weaker,TRUE,385,110.716641,0.8229876753576728
SGRSWF*DWL,NA,P6,0.02797479333056149,FALSE,PPI,MTX,weaker,TRUE,363,110.716641,NA
RRITHESPWL,103.45794599999999,P6,0.9228007243268684,FALSE,PPI,MTX,no significant difference,FALSE,385,110.716641,0.9344389882637425
SKVNAFLGWF,26.648827999999998,P6,0.00539932546797966,FALSE,PPI,MTX,no significant difference,FALSE,366,110.716641,0.24069397119806046
SKVAAFLGWF,26.648827999999998,P6,NA,FALSE,PPI,MTX,no significant difference,FALSE,366,110.716641,0.24069397119806046
RRKNHESPWL,102.311903,P6,0.8968644271418463,FALSE,PPI,MTX,no significant difference,FALSE,385,110.716641,0.9240878523401013
RRQTHESPWL,102.693967,P6,0.8865327229455371,FALSE,PPI,MTX,no significant difference,FALSE,385,110.716641,0.9275386795739224
RRIGHESPWL,103.45794599999999,P6,0.9254021462263868,FALSE,PPI,MTX,no significant difference,FALSE,385,110.716641,0.9344389882637425
SGREWFIDWL,50.075609,P6,0.29311925301576736,FALSE,PPI,MTX,no significant difference,FALSE,363,110.716641,0.4522862014934142
SKVGHFLGWF,28.558781999999997,P6,-0.08945861552258791,FALSE,PPI,MTX,no significant difference,FALSE,366,110.716641,0.25794480163103933
SKVRSFLGWF,28.177083999999997,P6,0.01170108311363398,FALSE,PPI,MTX,no significant difference,FALSE,366,110.716641,0.25449728013334505
RRYCHESPWL,103.076031,P6,0.9143357025573364,FALSE,PPI,MTX,no significant difference,FALSE,385,110.716641,0.9309895068077436
RRIHHESPWL,103.45794599999999,P6,0.879441960081548,FALSE,PPI,MTX,no significant difference,FALSE,385,110.716641,0.9344389882637425
SGRYWFWDWL,50.075609,P6,0.09648634471289244,FALSE,PPI,MTX,weaker,TRUE,363,110.716641,0.4522862014934142
SKVQWFLGWF,25.502911,P6,-0.16315842897969016,FALSE,PPI,MTX,no significant difference,FALSE,366,110.716641,0.23034397331472511
SKVGIFLGWF,26.64892,P6,0.01660784608325455,FALSE,PPI,MTX,no significant difference,FALSE,366,110.716641,0.24069480214812516
RRH*HESPWL,NA,P6,0.44917191439831894,FALSE,PPI,MTX,no significant difference,FALSE,385,110.716641,NA
SGRAWFIDWL,50.075609,P6,0.1603445883824429,FALSE,PPI,MTX,weaker,TRUE,363,110.716641,0.4522862014934142
RRYEHESPWL,102.311903,P6,0.9300955841078288,FALSE,PPI,MTX,no significant difference,FALSE,385,110.716641,0.9240878523401013
SGREWFLDWL,50.075609,P6,0.23072866793793712,FALSE,PPI,MTX,weaker,TRUE,363,110.716641,0.4522862014934142
PGRFWFSDWL,70.049876,P6,0.4765589160257444,FALSE,PPI,MTX,stronger,TRUE,363,110.716641,0.63269509774957855
RRRLHEIPWL,91.506897,P6,0.41799016063959704,FALSE,PPI,MTX,weaker,TRUE,385,110.716641,0.8264963258775164
RR*THESPWL,NA,P6,0.4611085373865231,FALSE,PPI,MTX,weaker,TRUE,385,110.716641,NA
RRDRHESPWL,104.60413799999999,P6,0.8975338660761837,FALSE,PPI,MTX,no significant difference,FALSE,385,110.716641,0.944791469965206
SKVR*FLGWF,NA,P6,0.08590748156754696,FALSE,PPI,MTX,no significant difference,FALSE,366,110.716641,NA
SKGRVFLGWF,28.941081,P6,0.03272494291230347,FALSE,PPI,MTX,no significant difference,FALSE,366,110.716641,0.2613977514003518
RRTKHESPWL,102.311903,P6,0.8977874466964612,FALSE,PPI,MTX,no significant difference,FALSE,385,110.716641,0.9240878523401013
SGRDWFGDWL,50.457673,P6,0.4389036558097807,FALSE,PPI,MTX,stronger,TRUE,363,110.716641,0.4557370287272353
RREYHESPWL,102.311903,P6,0.9241124755479592,FALSE,PPI,MTX,no significant difference,FALSE,385,110.716641,0.9240878523401013
SKVAFFLGWF,27.412772999999998,P6,0.00773968833705278,FALSE,PPI,MTX,no significant difference,FALSE,366,110.716641,0.24759397279763934
SKVRV*LGWF,NA,P6,0.30428237349947573,FALSE,PPI,MTX,no significant difference,FALSE,366,110.716641,NA
PRRLHESPWL,109.570844,P6,0.8249040182030971,FALSE,PPI,MTX,no significant difference,FALSE,385,110.716641,0.9896510859645751
*GRFWFSDWL,NA,P6,0.25896886119698664,FALSE,PPI,MTX,no significant difference,FALSE,363,110.716641,NA
RRRLHESPWE,91.505876,P6,0.46763907621555806,FALSE,PPI,MTX,weaker,TRUE,385,110.716641,0.8264871041382117
SGRQWFNDWL,50.075609,P6,0.3128468601971716,FALSE,PPI,MTX,no significant difference,FALSE,363,110.716641,0.4522862014934142
SKVAGFLGWF,26.648827999999998,P6,0.10004291184361128,FALSE,PPI,MTX,no significant difference,FALSE,366,110.716641,0.24069397119806046
SKVL*FLGWF,NA,P6,0.09855985202596798,FALSE,PPI,MTX,no significant difference,FALSE,366,110.716641,NA
SGRPWFIDWL,50.839737,P6,0.1144373648583903,FALSE,PPI,MTX,weaker,TRUE,363,110.716641,0.4591878559610565
RRRLHEMPWL,91.506897,P6,0.3751613724976443,FALSE,PPI,MTX,weaker,TRUE,385,110.716641,0.8264963258775164
SGPFWFSDWL,68.52174600000001,P6,0.4721456545396522,FALSE,PPI,MTX,no significant difference,FALSE,363,110.716641,0.6188929268546001
SKVLSFLGWF,31.61566,P6,-8.272827228479112e-4,FALSE,PPI,MTX,no significant difference,FALSE,366,110.716641,0.2855547252377355
RRDTHESPWL,103.45794599999999,P6,0.9291765929487794,FALSE,PPI,MTX,no significant difference,FALSE,385,110.716641,0.9344389882637425
RRSTHESPWL,104.98590399999999,P6,0.9001218547386048,FALSE,PPI,MTX,no significant difference,FALSE,385,110.716641,0.9482396056433828
RRIQHESPWL,103.07588199999999,P6,0.8942608432284788,FALSE,PPI,MTX,no significant difference,FALSE,385,110.716641,0.9309881610299214
SGRRWFMDWL,51.603865,P6,0.12449350749590894,FALSE,PPI,MTX,weaker,TRUE,363,110.716641,0.4660895104286988
SKVRVDLGWF,27.795112,P6,0.35310674255216246,FALSE,PPI,MTX,no significant difference,FALSE,366,110.716641,0.25104728384958863
SGRSWFDDWL,51.603865,P6,0.3749803196928008,FALSE,PPI,MTX,no significant difference,FALSE,363,110.716641,0.4660895104286988
SGQFWFSDWL,67.757767,P6,0.43667485252504806,FALSE,PPI,MTX,no significant difference,FALSE,363,110.716641,0.6119926181647798
SKV*SFLGWF,NA,P6,0.12768727660425827,FALSE,PPI,MTX,no significant difference,FALSE,366,110.716641,NA
SGRCWFTDWL,51.223932,P6,0.2596304494012446,FALSE,PPI,MTX,weaker,TRUE,363,110.716641,0.46265793052735404
RRDHHESPWL,103.45794599999999,P6,0.8975138222768688,FALSE,PPI,MTX,no significant difference,FALSE,385,110.716641,0.9344389882637425
SGREWFSDWL,69.285353,P6,0.4744341873663626,FALSE,PPI,MTX,stronger,TRUE,363,110.716641,0.6257898756158977
RRRLHERPWL,91.506897,P6,0.33792399958424685,FALSE,PPI,MTX,weaker,TRUE,385,110.716641,0.8264963258775164
SKVRDFLGWF,27.413138999999997,P6,-0.02783911919173589,FALSE,PPI,MTX,no significant difference,FALSE,366,110.716641,0.2475972785337662
SGRAWFMDWL,50.075609,P6,0.23912163410189569,FALSE,PPI,MTX,no significant difference,FALSE,363,110.716641,0.4522862014934142
SGRSWFEDWL,51.603865,P6,0.3290475649722899,FALSE,PPI,MTX,weaker,TRUE,363,110.716641,0.4660895104286988
SGREWFTDWL,50.459804,P6,0.37729105991386686,FALSE,PPI,MTX,no significant difference,FALSE,363,110.716641,0.45575627605971175
SGR*WFDDWL,NA,P6,0.1019153440911169,FALSE,PPI,MTX,weaker,TRUE,363,110.716641,NA
RDRLHESPWL,108.807414,P6,0.9082723759945636,FALSE,PPI,MTX,no significant difference,FALSE,385,110.716641,0.9827557358789453
RRISHESPWL,104.60413799999999,P6,0.9121880481852288,FALSE,PPI,MTX,no significant difference,FALSE,385,110.716641,0.944791469965206
SKVALFLGWF,27.412772999999998,P6,0.00670466919939229,FALSE,PPI,MTX,no significant difference,FALSE,366,110.716641,0.24759397279763934
SGRFWNSDWL,71.195673,P6,0.3494760470236175,FALSE,PPI,MTX,no significant difference,FALSE,363,110.716641,0.6430440117850035
SGRCWFYDWL,50.839737,P6,0.25315419911951637,FALSE,PPI,MTX,no significant difference,FALSE,363,110.716641,0.4591878559610565
RERLHESPWL,108.425569,P6,0.8863953084759559,FALSE,PPI,MTX,no significant difference,FALSE,385,110.716641,0.9793068866675607
SGRKWFQDWL,50.075609,P6,0.24086813109374036,FALSE,PPI,MTX,no significant difference,FALSE,363,110.716641,0.4522862014934142
SGR*WFFDWL,NA,P6,0.09800706348618746,FALSE,PPI,MTX,weaker,TRUE,363,110.716641,NA
SGREWFVDWL,50.075609,P6,0.29131301530342163,FALSE,PPI,MTX,weaker,TRUE,363,110.716641,0.4522862014934142
SGRDWF*DWL,NA,P6,0.14235434207836797,FALSE,PPI,MTX,no significant difference,FALSE,363,110.716641,NA
RFRLHESPWL,108.807414,P6,0.836953061630161,FALSE,PPI,MTX,no significant difference,FALSE,385,110.716641,0.9827557358789453
RRIFHESPWL,104.98620199999999,P6,0.9178109692705806,FALSE,PPI,MTX,no significant difference,FALSE,385,110.716641,0.9482422971990272
SKVDGFLGWF,27.030892,P6,0.02679378632995384,FALSE,PPI,MTX,no significant difference,FALSE,366,110.716641,0.24414479843188164
RRQGHESPWL,102.693967,P6,0.9013478665283414,FALSE,PPI,MTX,no significant difference,FALSE,385,110.716641,0.9275386795739224
RGRFWFSDWL,71.195673,P6,0.32385086664567014,FALSE,PPI,MTX,no significant difference,FALSE,363,110.716641,0.6430440117850035
SKRRVFLGWF,31.233017999999998,P6,0.02314644076035183,FALSE,PPI,MTX,no significant difference,FALSE,366,110.716641,0.2820986774698123
SGRFWRSDWL,71.195673,P6,0.2635714501897392,FALSE,PPI,MTX,no significant difference,FALSE,363,110.716641,0.6430440117850035
SKVAMFLGWF,25.502911,P6,0.04846048563342733,FALSE,PPI,MTX,no significant difference,FALSE,366,110.716641,0.23034397331472511
SGREWFYDWL,50.075609,P6,0.2803210278294062,FALSE,PPI,MTX,no significant difference,FALSE,363,110.716641,0.4522862014934142
RRRLHEGPWL,91.506897,P6,0.7906984404142903,FALSE,PPI,MTX,weaker,TRUE,385,110.716641,0.8264963258775164
SGRLWFWDWL,55.042441,P6,0.08912632822063955,FALSE,PPI,MTX,weaker,TRUE,363,110.716641,0.4971469555330892
NRRLHESPWL,108.42504799999999,P6,0.8869187796218592,FALSE,PPI,MTX,no significant difference,FALSE,385,110.716641,0.979302180961216
SGR*WFIDWL,NA,P6,0.1663602668984523,FALSE,PPI,MTX,no significant difference,FALSE,363,110.716641,NA
RRIWHESPWL,103.84000999999999,P6,0.9216406231812349,FALSE,PPI,MTX,no significant difference,FALSE,385,110.716641,0.9378898154975637
SGRVWFLDWL,50.457673,P6,0.09474688321009717,FALSE,PPI,MTX,weaker,TRUE,363,110.716641,0.4557370287272353
SGRLWFDDWL,55.042441,P6,0.3501134972726123,FALSE,PPI,MTX,no significant difference,FALSE,363,110.716641,0.4971469555330892
SGRPWFPDWL,51.223932,P6,0.23585511291769945,FALSE,PPI,MTX,weaker,TRUE,363,110.716641,0.46265793052735404
RRRLHNSPWL,90.729776,P6,0.5224761578081779,FALSE,PPI,MTX,weaker,TRUE,385,110.716641,0.8194773177773701
SKVRVFKGWF,27.795112,P6,0.03895239418688272,FALSE,PPI,MTX,no significant difference,FALSE,366,110.716641,0.25104728384958863
RRYTHESPWL,102.693967,P6,0.916304548138304,FALSE,PPI,MTX,no significant difference,FALSE,385,110.716641,0.9275386795739224
RRV*HESPWL,NA,P6,0.4461545172424255,FALSE,PPI,MTX,weaker,TRUE,385,110.716641,NA
SGRIWFPDWL,50.841868,P6,0.14418259312104229,FALSE,PPI,MTX,weaker,TRUE,363,110.716641,0.4592071032935329
SKVRTFLGWF,27.795112,P6,0.08653829248976716,FALSE,PPI,MTX,no significant difference,FALSE,366,110.716641,0.25104728384958863
RRRLHQSPWL,90.729776,P6,0.7397895315443055,FALSE,PPI,MTX,no significant difference,FALSE,385,110.716641,0.8194773177773701
SGRTWFTDWL,50.841868,P6,0.30188838671745155,FALSE,PPI,MTX,no significant difference,FALSE,363,110.716641,0.4592071032935329
SGRFWTSDWL,71.195673,P6,0.39860224723020093,FALSE,PPI,MTX,no significant difference,FALSE,363,110.716641,0.6430440117850035
RRLYHESPWL,103.457872,P6,0.9150534077735788,FALSE,PPI,MTX,no significant difference,FALSE,385,110.716641,0.9344383198908645
RRTAHESPWL,102.311903,P6,0.927150376308194,FALSE,PPI,MTX,no significant difference,FALSE,385,110.716641,0.9240878523401013
SKVRVFLAWF,27.795112,P6,-0.2022882811051093,FALSE,PPI,MTX,no significant difference,FALSE,366,110.716641,0.25104728384958863
SGRIWFQDWL,50.457673,P6,0.1466901150707231,FALSE,PPI,MTX,weaker,TRUE,363,110.716641,0.4557370287272353
SGRDWFHDWL,50.457673,P6,0.30004605269352924,FALSE,PPI,MTX,no significant difference,FALSE,363,110.716641,0.4557370287272353
SKVARFLGWF,27.794746,P6,-0.04218850640383714,FALSE,PPI,MTX,no significant difference,FALSE,366,110.716641,0.25104397811346174
RRLKHESPWL,103.457872,P6,0.9044487689236412,FALSE,PPI,MTX,no significant difference,FALSE,385,110.716641,0.9344383198908645
SGR*WFNDWL,NA,P6,0.10043889859520884,FALSE,PPI,MTX,no significant difference,FALSE,363,110.716641,NA
RRHFHESPWL,104.222223,P6,0.9061773356347184,FALSE,PPI,MTX,no significant difference,FALSE,385,110.716641,0.941341988509207
SGRPWFRDWL,50.839737,P6,0.1830835310203144,FALSE,PPI,MTX,weaker,TRUE,363,110.716641,0.4591878559610565
SKVASFLGWF,26.648827999999998,P6,0.01691661200162563,FALSE,PPI,MTX,no significant difference,FALSE,366,110.716641,0.24069397119806046
SKVRHFLGWF,29.704973999999996,P6,0.06344206845802537,FALSE,PPI,MTX,no significant difference,FALSE,366,110.716641,0.2682972833325028
SKVRVFLEWF,27.795112,P6,-0.22156282728681825,FALSE,PPI,MTX,no significant difference,FALSE,366,110.716641,0.25104728384958863
SGRDWFKDWL,50.457673,P6,0.1920793097245296,FALSE,PPI,MTX,weaker,TRUE,363,110.716641,0.4557370287272353
RRIPHESPWL,103.84000999999999,P6,0.933745881644921,FALSE,PPI,MTX,no significant difference,FALSE,385,110.716641,0.9378898154975637
SKV*CFLGWF,NA,P6,0.15074922564137658,FALSE,PPI,MTX,no significant difference,FALSE,366,110.716641,NA
RRVDHESPWL,102.693967,P6,0.8913722676971215,FALSE,PPI,MTX,no significant difference,FALSE,385,110.716641,0.9275386795739224
RRRLHESMWL,95.368826,P6,0.7939099209620349,FALSE,PPI,MTX,no significant difference,FALSE,385,110.716641,0.8613775231855164
SKVATFLGWF,26.266856,P6,-0.00277744160726706,FALSE,PPI,MTX,no significant difference,FALSE,366,110.716641,0.237243974914304
RRP*HESPWL,NA,P6,0.44799935084027587,FALSE,PPI,MTX,weaker,TRUE,385,110.716641,NA
SKVRVELGWF,47.781977,P6,0.34302667300005685,FALSE,PPI,MTX,stronger,TRUE,366,110.716641,0.43156996607221854
R*RLHESPWL,NA,P6,0.3848079629745985,FALSE,PPI,MTX,weaker,TRUE,385,110.716641,NA
SGRLWFGDWL,55.042441,P6,0.3531304349283305,FALSE,PPI,MTX,no significant difference,FALSE,363,110.716641,0.4971469555330892
RRHIHESPWL,102.693967,P6,0.9099530224404774,FALSE,PPI,MTX,no significant difference,FALSE,385,110.716641,0.9275386795739224
SGRNWFMDWL,50.075609,P6,0.2138589194744223,FALSE,PPI,MTX,no significant difference,FALSE,363,110.716641,0.4522862014934142
RRARHESPWL,104.222149,P6,0.8724399328964261,FALSE,PPI,MTX,no significant difference,FALSE,385,110.716641,0.941341320136329
RRHKHESPWL,102.311903,P6,0.8845718017989272,FALSE,PPI,MTX,no significant difference,FALSE,385,110.716641,0.9240878523401013
RRPAHESPWL,103.07588199999999,P6,0.9040763146510666,FALSE,PPI,MTX,no significant difference,FALSE,385,110.716641,0.9309881610299214
RNRLHESPWL,109.18925899999999,P6,0.8400046713165498,FALSE,PPI,MTX,no significant difference,FALSE,385,110.716641,0.9862045850903298
SGRGWF*DWL,NA,P6,0.1148183172085164,FALSE,PPI,MTX,weaker,TRUE,363,110.716641,NA
SGRSWFLDWL,51.603865,P6,0.17466887565485448,FALSE,PPI,MTX,weaker,TRUE,363,110.716641,0.4660895104286988
SKVRKFLGWF,27.795112,P6,0.01674781169147409,FALSE,PPI,MTX,no significant difference,FALSE,366,110.716641,0.25104728384958863
RREQHESPWL,102.311903,P6,0.945209039999428,FALSE,PPI,MTX,no significant difference,FALSE,385,110.716641,0.9240878523401013
RRRLHESPAL,91.118431,P6,0.6182805035123933,FALSE,PPI,MTX,weaker,TRUE,385,110.716641,0.8229876753576728
RRMGHESPWL,103.075957,P6,0.9159260977132044,FALSE,PPI,MTX,no significant difference,FALSE,385,110.716641,0.9309888384348655
RRRLHWSPWL,90.729776,P6,0.4035883376336332,FALSE,PPI,MTX,weaker,TRUE,385,110.716641,0.8194773177773701
SGRFMFSDWL,71.195673,P6,0.47893308782986793,FALSE,PPI,MTX,no significant difference,FALSE,363,110.716641,0.6430440117850035
SKVRVFLGEF,8.196902,P6,0.08528737702842631,FALSE,PPI,MTX,no significant difference,FALSE,366,110.716641,0.07403495920726136
RRRLHYSPWL,90.729776,P6,0.4495371408161049,FALSE,PPI,MTX,weaker,TRUE,385,110.716641,0.8194773177773701
RRRLHESPEL,91.118431,P6,0.7256892935627315,FALSE,PPI,MTX,no significant difference,FALSE,385,110.716641,0.8229876753576728
SGRLWFHDWL,55.042441,P6,0.195060677408006,FALSE,PPI,MTX,weaker,TRUE,363,110.716641,0.4971469555330892
RRMKHESPWL,102.693893,P6,0.917387071821116,FALSE,PPI,MTX,no significant difference,FALSE,385,110.716641,0.9275380112010444
RRRLIESPWL,108.80677899999999,P6,0.8557616294258656,FALSE,PPI,MTX,no significant difference,FALSE,385,110.716641,0.9827500005170857
SGRHWFCDWL,50.457673,P6,0.2226473850038037,FALSE,PPI,MTX,weaker,TRUE,363,110.716641,0.4557370287272353
SKVC*FLGWF,NA,P6,0.16044423035996497,FALSE,PPI,MTX,no significant difference,FALSE,366,110.716641,NA
SGRFQFSDWL,71.195673,P6,0.435077322234263,FALSE,PPI,MTX,no significant difference,FALSE,363,110.716641,0.6430440117850035
RR*AHESPWL,NA,P6,0.4325248663600621,FALSE,PPI,MTX,weaker,TRUE,385,110.716641,NA
SGRWWF*DWL,NA,P6,0.00940176873387128,FALSE,PPI,MTX,no significant difference,FALSE,363,110.716641,NA
RRCVHESPWL,102.693967,P6,0.9186719146430362,FALSE,PPI,MTX,no significant difference,FALSE,385,110.716641,0.9275386795739224
SGRFRFSDWL,73.48750799999999,P6,0.4385044613965038,FALSE,PPI,MTX,stronger,TRUE,363,110.716641,0.66374401658374
RRPEHESPWL,103.07588199999999,P6,0.9218921506732406,FALSE,PPI,MTX,no significant difference,FALSE,385,110.716641,0.9309881610299214
SGRNWFDDWL,50.075609,P6,0.3588866887493305,FALSE,PPI,MTX,no significant difference,FALSE,363,110.716641,0.4522862014934142
SKVCAFLGWF,27.412956,P6,0.03279973923114914,FALSE,PPI,MTX,no significant difference,FALSE,366,110.716641,0.24759562566570278
RRCWHESPWL,103.076031,P6,0.8892363818267066,FALSE,PPI,MTX,no significant difference,FALSE,385,110.716641,0.9309895068077436
RGRLHESPWL,108.807414,P6,0.8524911427956395,FALSE,PPI,MTX,no significant difference,FALSE,385,110.716641,0.9827557358789453
SAVRVFLGWF,26.267731,P6,-0.06493879520712174,FALSE,PPI,MTX,no significant difference,FALSE,366,110.716641,0.23725187797198438
RRETHESPWL,102.693967,P6,0.9013772915151748,FALSE,PPI,MTX,no significant difference,FALSE,385,110.716641,0.9275386795739224
SKVCCFLGWF,26.267039,P6,-0.1302018335052661,FALSE,PPI,MTX,no significant difference,FALSE,366,110.716641,0.23724562778236744
RRWPHESPWL,103.076031,P6,0.8976716749400817,FALSE,PPI,MTX,no significant difference,FALSE,385,110.716641,0.9309895068077436
RRRLCESPWL,108.042834,P6,0.8015621394107776,FALSE,PPI,MTX,no significant difference,FALSE,385,110.716641,0.9758499989175069
RRPFHESPWL,104.98620199999999,P6,0.9121852716728394,FALSE,PPI,MTX,no significant difference,FALSE,385,110.716641,0.9482422971990272
SGRPWFTDWL,51.223932,P6,0.2835806409928273,FALSE,PPI,MTX,weaker,TRUE,363,110.716641,0.46265793052735404
RRVIHESPWL,102.693967,P6,0.9201441792771964,FALSE,PPI,MTX,no significant difference,FALSE,385,110.716641,0.9275386795739224
SGRSWFMDWL,51.603865,P6,0.19010447534054067,FALSE,PPI,MTX,weaker,TRUE,363,110.716641,0.4660895104286988
SGRNWFTDWL,50.459804,P6,0.29491557439639154,FALSE,PPI,MTX,no significant difference,FALSE,363,110.716641,0.45575627605971175
SGRKWFEDWL,50.075609,P6,0.3133740492973984,FALSE,PPI,MTX,no significant difference,FALSE,363,110.716641,0.4522862014934142
RR*GHESPWL,NA,P6,0.4764276485685029,FALSE,PPI,MTX,weaker,TRUE,385,110.716641,NA
SGRAWF*DWL,NA,P6,0.15221330847888337,FALSE,PPI,MTX,weaker,TRUE,363,110.716641,NA
KKVRVFLGWF,25.885451,P6,-0.00449815333155975,FALSE,PPI,MTX,no significant difference,FALSE,366,110.716641,0.2337990998119244
RRRLFESPWL,109.95269599999999,P6,0.8152502127522006,FALSE,PPI,MTX,no significant difference,FALSE,385,110.716641,0.9930999984004211
SCVRVFLGWF,26.267731,P6,0.01759964219242464,FALSE,PPI,MTX,no significant difference,FALSE,366,110.716641,0.23725187797198438
SKVRVFLGLF,8.196902,P6,0.03909465524684891,FALSE,PPI,MTX,no significant difference,FALSE,366,110.716641,0.07403495920726136
RRQLHESPWL,107.278735,P6,0.9309648602180854,FALSE,PPI,MTX,no significant difference,FALSE,385,110.716641,0.9689486063797763
RRRYHESPWL,105.749809,P6,0.9105308398948366,FALSE,PPI,MTX,no significant difference,FALSE,385,110.716641,0.955139245960325
SGRWWFGDWL,50.839737,P6,0.24896643058265405,FALSE,PPI,MTX,weaker,TRUE,363,110.716641,0.4591878559610565
SKVRVFLGNF,8.196902,P6,-0.02538662964002892,FALSE,PPI,MTX,no significant difference,FALSE,366,110.716641,0.07403495920726136
SKVRNFLGWF,27.413138999999997,P6,0.04827874460571271,FALSE,PPI,MTX,no significant difference,FALSE,366,110.716641,0.2475972785337662
RRAQHESPWL,102.693893,P6,0.9433206175746408,FALSE,PPI,MTX,no significant difference,FALSE,385,110.716641,0.9275380112010444
SGRFTFSDWL,71.959618,P6,0.47912864292473056,FALSE,PPI,MTX,stronger,TRUE,363,110.716641,0.6499440133845824
RRRLGESPWL,109.188751,P6,0.7347304182279761,FALSE,PPI,MTX,weaker,TRUE,385,110.716641,0.9861999968008422
SKVCGFLGWF,27.412956,P6,0.00535437554960892,FALSE,PPI,MTX,no significant difference,FALSE,366,110.716641,0.24759562566570278
RR*IHESPWL,NA,P6,0.4644237304770069,FALSE,PPI,MTX,no significant difference,FALSE,385,110.716641,NA
SKVRVFLGPF,8.196902,P6,0.02676687082393809,FALSE,PPI,MTX,no significant difference,FALSE,366,110.716641,0.07403495920726136
SGRDWFYDWL,50.457673,P6,0.27747224840535045,FALSE,PPI,MTX,no significant difference,FALSE,363,110.716641,0.4557370287272353
SGRPWFWDWL,50.839737,P6,0.18051420075980593,FALSE,PPI,MTX,weaker,TRUE,363,110.716641,0.4591878559610565
SGRFVFSDWL,71.959618,P6,0.4825843456423389,FALSE,PPI,MTX,stronger,TRUE,363,110.716641,0.6499440133845824
SGREWF*DWL,NA,P6,0.17105421745222602,FALSE,PPI,MTX,weaker,TRUE,363,110.716641,NA
SGRPWFYDWL,50.839737,P6,0.13422446105238767,FALSE,PPI,MTX,weaker,TRUE,363,110.716641,0.4591878559610565
RRFCHESPWL,103.458021,P6,0.9494038958625234,FALSE,PPI,MTX,no significant difference,FALSE,385,110.716641,0.9344396656686866
SGRAWFCDWL,50.075609,P6,0.2688904762365204,FALSE,PPI,MTX,weaker,TRUE,363,110.716641,0.4522862014934142
RRKTHESPWL,102.693967,P6,0.8667417200549102,FALSE,PPI,MTX,no significant difference,FALSE,385,110.716641,0.9275386795739224
SGRAWFDDWL,50.075609,P6,0.3976634785706964,FALSE,PPI,MTX,no significant difference,FALSE,363,110.716641,0.4522862014934142
SGRFW*SDWL,NA,P6,0.1109048241817307,FALSE,PPI,MTX,no significant difference,FALSE,363,110.716641,NA
RRKHHESPWL,102.693967,P6,0.8991431239899678,FALSE,PPI,MTX,no significant difference,FALSE,385,110.716641,0.9275386795739224
SKVCLFLGWF,28.176900999999997,P6,0.00852562218787076,FALSE,PPI,MTX,no significant difference,FALSE,366,110.716641,0.25449562726528163
RRI*HESPWL,NA,P6,0.40839784691545294,FALSE,PPI,MTX,weaker,TRUE,385,110.716641,NA
SKVEIFLGWF,26.266856,P6,0.04179576610897339,FALSE,PPI,MTX,no significant difference,FALSE,366,110.716641,0.237243974914304
RRRLHESP*L,NA,P6,0.296384172301205,FALSE,PPI,MTX,no significant difference,FALSE,385,110.716641,NA
SKVRVFLGRF,8.196902,P6,0.1013184924191135,FALSE,PPI,MTX,no significant difference,FALSE,366,110.716641,0.07403495920726136
SGRWWFLDWL,50.839737,P6,0.10269722327161727,FALSE,PPI,MTX,weaker,TRUE,363,110.716641,0.4591878559610565
SGREWFDDWL,50.075609,P6,0.38334566020606,FALSE,PPI,MTX,no significant difference,FALSE,363,110.716641,0.4522862014934142
RRDIHESPWL,103.45794599999999,P6,0.9371906938916876,FALSE,PPI,MTX,no significant difference,FALSE,385,110.716641,0.9344389882637425
SKVGFFLGWF,27.794837,P6,-0.08733082338104396,FALSE,PPI,MTX,no significant difference,FALSE,366,110.716641,0.2510448000314605
SGRFWFSSWL,67.742415,P6,0.22788894723621567,FALSE,PPI,MTX,weaker,TRUE,363,110.716641,0.6118539578887694
RRRLTESPWL,108.80677899999999,P6,0.8529625251158354,FALSE,PPI,MTX,no significant difference,FALSE,385,110.716641,0.9827500005170857
SKVRVFLGSF,8.196902,P6,0.04683814633119934,FALSE,PPI,MTX,no significant difference,FALSE,366,110.716641,0.07403495920726136
RR*PHESPWL,NA,P6,0.4258716811983996,FALSE,PPI,MTX,weaker,TRUE,385,110.716641,NA
RRTPHESPWL,103.076031,P6,0.9066172093597996,FALSE,PPI,MTX,no significant difference,FALSE,385,110.716641,0.9309895068077436
SGREWFFDWL,50.075609,P6,0.31024032237189514,FALSE,PPI,MTX,no significant difference,FALSE,363,110.716641,0.4522862014934142
SGREWFGDWL,50.075609,P6,0.4555571274889223,FALSE,PPI,MTX,stronger,TRUE,363,110.716641,0.4522862014934142
SGRFWF*DWL,NA,P6,0.03533648663294281,FALSE,PPI,MTX,weaker,TRUE,363,110.716641,NA
SGFFWFSDWL,68.139757,P6,0.27318695475908666,FALSE,PPI,MTX,no significant difference,FALSE,363,110.716641,0.6154427770257228
SGRQWFEDWL,50.075609,P6,0.333464814080181,FALSE,PPI,MTX,no significant difference,FALSE,363,110.716641,0.4522862014934142
SKVA*FLGWF,NA,P6,0.20661317133013488,FALSE,PPI,MTX,stronger,TRUE,366,110.716641,NA
RRGQHESPWL,103.457872,P6,0.935212033566888,FALSE,PPI,MTX,no significant difference,FALSE,385,110.716641,0.9344383198908645
SGRQWFFDWL,50.075609,P6,0.13469214096995802,FALSE,PPI,MTX,no significant difference,FALSE,363,110.716641,0.4522862014934142
SKVCQFLGWF,26.267039,P6,0.10679418264829364,FALSE,PPI,MTX,no significant difference,FALSE,366,110.716641,0.23724562778236744
NGRFWFSDWL,68.90408,P6,0.416730956898368,FALSE,PPI,MTX,no significant difference,FALSE,363,110.716641,0.6223461927462196
RRDMHESPWL,103.84000999999999,P6,0.938621304510708,FALSE,PPI,MTX,no significant difference,FALSE,385,110.716641,0.9378898154975637
SGRFWFSWWL,67.742415,P6,0.17040659014846515,FALSE,PPI,MTX,no significant difference,FALSE,363,110.716641,0.6118539578887694
SKVCRFLGWF,28.558874,P6,-0.01578619354164714,FALSE,PPI,MTX,no significant difference,FALSE,366,110.716641,0.25794563258110403
SGRGWFLDWL,50.457673,P6,0.1727056356016312,FALSE,PPI,MTX,weaker,TRUE,363,110.716641,0.4557370287272353
SGREWFKDWL,50.075609,P6,0.27326968934837076,FALSE,PPI,MTX,no significant difference,FALSE,363,110.716641,0.4522862014934142
SGRFWFDDWL,51.985929,P6,0.3392169507938445,FALSE,PPI,MTX,no significant difference,FALSE,363,110.716641,0.46954033766251996
SGRPWFFDWL,50.839737,P6,0.10939403296580257,FALSE,PPI,MTX,weaker,TRUE,363,110.716641,0.4591878559610565
SGRWWFADWL,50.839737,P6,0.19155972235421304,FALSE,PPI,MTX,weaker,TRUE,363,110.716641,0.4591878559610565
SGRAWFHDWL,50.075609,P6,0.239553814640305,FALSE,PPI,MTX,no significant difference,FALSE,363,110.716641,0.4522862014934142
SKVADFLGWF,25.884883,P6,0.09696100106853388,FALSE,PPI,MTX,no significant difference,FALSE,366,110.716641,0.2337939695984816
SGRQWFIDWL,50.075609,P6,0.23024607458131455,FALSE,PPI,MTX,no significant difference,FALSE,363,110.716641,0.4522862014934142
SKVCSFLGWF,27.412956,P6,-0.04712672788957361,FALSE,PPI,MTX,no significant difference,FALSE,366,110.716641,0.24759562566570278
RRRLHESPW*,NA,P6,0.4161416174089574,FALSE,PPI,MTX,weaker,TRUE,385,110.716641,NA
RRPNHESPWL,103.07588199999999,P6,0.8826155832584817,FALSE,PPI,MTX,no significant difference,FALSE,385,110.716641,0.9309881610299214
SKERVFLGWF,27.795112,P6,0.03630785809283807,FALSE,PPI,MTX,no significant difference,FALSE,366,110.716641,0.25104728384958863
SGRQWFKDWL,50.075609,P6,0.17167893722908606,FALSE,PPI,MTX,no significant difference,FALSE,363,110.716641,0.4522862014934142
RRFPHESPWL,103.458021,P6,0.9274951712629208,FALSE,PPI,MTX,no significant difference,FALSE,385,110.716641,0.9344396656686866
SGREWFMDWL,50.075609,P6,0.2705335363987456,FALSE,PPI,MTX,no significant difference,FALSE,363,110.716641,0.4522862014934142
SKVRVFLGWC,27.795112,P6,-0.06866953723673107,FALSE,PPI,MTX,no significant difference,FALSE,366,110.716641,0.25104728384958863
RRRLHESPWA,91.505876,P6,0.3974101719599658,FALSE,PPI,MTX,weaker,TRUE,385,110.716641,0.8264871041382117
SGRQWFLDWL,50.075609,P6,0.1809052255770873,FALSE,PPI,MTX,weaker,TRUE,363,110.716641,0.4522862014934142
SKVRVFLGWD,27.795112,P6,-0.00249631416330623,FALSE,PPI,MTX,no significant difference,FALSE,366,110.716641,0.25104728384958863
SGRGWFNDWL,50.457673,P6,0.3427425934558147,FALSE,PPI,MTX,no significant difference,FALSE,363,110.716641,0.4557370287272353
RRSEHESPWL,104.60383999999999,P6,0.9009401006749448,FALSE,PPI,MTX,no significant difference,FALSE,385,110.716641,0.9447887784095617
SGREWFNDWL,50.075609,P6,0.44135543031725755,FALSE,PPI,MTX,no significant difference,FALSE,363,110.716641,0.4522862014934142
RRRLHETPWL,91.891092,P6,0.8087179885357387,FALSE,PPI,MTX,weaker,TRUE,385,110.716641,0.8299664004438141
SKVCVFLGWF,27.030984,P6,-0.01140922369372209,FALSE,PPI,MTX,no significant difference,FALSE,366,110.716641,0.2441456293819463
SKVRVALGWF,27.795112,P6,0.257501723374694,FALSE,PPI,MTX,no significant difference,FALSE,366,110.716641,0.25104728384958863
RRSFHESPWL,106.51415999999999,P6,0.9307891622095056,FALSE,PPI,MTX,no significant difference,FALSE,385,110.716641,0.9620429145786675
SGRVWFMDWL,50.457673,P6,0.20462382175708949,FALSE,PPI,MTX,weaker,TRUE,363,110.716641,0.4557370287272353
SKVNIFLGWF,26.266856,P6,-0.07986054036987292,FALSE,PPI,MTX,no significant difference,FALSE,366,110.716641,0.237243974914304
RRLDHESPWL,103.839936,P6,0.926249812339012,FALSE,PPI,MTX,no significant difference,FALSE,385,110.716641,0.9378891471246856
SGRFWFLDWL,51.985929,P6,0.00709097686830498,FALSE,PPI,MTX,weaker,TRUE,363,110.716641,0.46954033766251996
SGRGWFPDWL,50.841868,P6,0.1696199093664031,FALSE,PPI,MTX,weaker,TRUE,363,110.716641,0.4592071032935329
SKVRVFLGWF,27.795112,P6,-0.01443425725055595,TRUE,PPI,MTX,no significant difference,FALSE,366,110.716641,0.25104728384958863
SGRWWFWDWL,50.839737,P6,0.07740236635168793,FALSE,PPI,MTX,weaker,TRUE,363,110.716641,0.4591878559610565
SKVLAFLGWF,31.61566,P6,0.08394306127654012,FALSE,PPI,MTX,no significant difference,FALSE,366,110.716641,0.2855547252377355
SGRGWFQDWL,50.457673,P6,0.209743320748204,FALSE,PPI,MTX,weaker,TRUE,363,110.716641,0.4557370287272353
SGRFWFMDWL,51.985929,P6,0.0981836683043613,FALSE,PPI,MTX,no significant difference,FALSE,363,110.716641,0.46954033766251996
SGRQWFQDWL,50.075609,P6,0.2764803762676056,FALSE,PPI,MTX,no significant difference,FALSE,363,110.716641,0.4522862014934142
SGRQWFRDWL,50.075609,P6,0.14927517514700758,FALSE,PPI,MTX,weaker,TRUE,363,110.716641,0.4522862014934142
SGRIWFEDWL,50.457673,P6,0.29496010004044254,FALSE,PPI,MTX,no significant difference,FALSE,363,110.716641,0.4557370287272353
RRLFHESPWL,105.368192,P6,0.8972772959266991,FALSE,PPI,MTX,no significant difference,FALSE,385,110.716641,0.9516924560599702
SKVDAFLGWF,27.030892,P6,-0.01992991803301565,FALSE,PPI,MTX,no significant difference,FALSE,366,110.716641,0.24414479843188164
RRFTHESPWL,103.075957,P6,0.9204177566111464,FALSE,PPI,MTX,no significant difference,FALSE,385,110.716641,0.9309888384348655
RRDWHESPWL,103.84000999999999,P6,0.926701672404932,FALSE,PPI,MTX,no significant difference,FALSE,385,110.716641,0.9378898154975637
SKVDCFLGWF,25.884975,P6,0.04437452062132359,FALSE,PPI,MTX,no significant difference,FALSE,366,110.716641,0.2337948005485463
SGRMWFWDWL,50.839737,P6,0.10723427983571895,FALSE,PPI,MTX,no significant difference,FALSE,363,110.716641,0.4591878559610565
RRRLHHSPWL,90.729776,P6,0.6316142249969752,FALSE,PPI,MTX,weaker,TRUE,385,110.716641,0.8194773177773701
SGRFWFQDWL,51.985929,P6,0.15157760605868764,FALSE,PPI,MTX,weaker,TRUE,363,110.716641,0.46954033766251996
SGRGWFRDWL,50.457673,P6,0.16585741508300678,FALSE,PPI,MTX,weaker,TRUE,363,110.716641,0.4557370287272353
SKVRVFDGWF,27.795112,P6,0.05399831783823917,FALSE,PPI,MTX,no significant difference,FALSE,366,110.716641,0.25104728384958863
SKVDEFLGWF,26.266947,P6,0.07653736595530926,FALSE,PPI,MTX,no significant difference,FALSE,366,110.716641,0.23724479683230273
RRFWHESPWL,103.458021,P6,0.9669986057571774,FALSE,PPI,MTX,no significant difference,FALSE,385,110.716641,0.9344396656686866
SGRQWFTDWL,50.459804,P6,0.3270770258306896,FALSE,PPI,MTX,no significant difference,FALSE,363,110.716641,0.45575627605971175
RRNQHESPWL,104.221851,P6,0.9140404461878944,FALSE,PPI,MTX,no significant difference,FALSE,385,110.716641,0.9413386285806847
SGRFWPSDWL,71.195673,P6,0.371078704226363,FALSE,PPI,MTX,no significant difference,FALSE,363,110.716641,0.6430440117850035
RRCFHESPWL,104.222223,P6,0.8979894091793742,FALSE,PPI,MTX,no significant difference,FALSE,385,110.716641,0.941341988509207
SGRFWFSDWP,51.984908000000004,P6,0.08276190374842303,FALSE,PPI,MTX,weaker,TRUE,363,110.716641,0.4695311159232152
SGR*WFGDWL,NA,P6,0.24051560668072505,FALSE,PPI,MTX,weaker,TRUE,363,110.716641,NA
SGRYWFGDWL,50.075609,P6,0.3492347372207637,FALSE,PPI,MTX,no significant difference,FALSE,363,110.716641,0.4522862014934142
RRSIHESPWL,104.98590399999999,P6,0.886286939419009,FALSE,PPI,MTX,no significant difference,FALSE,385,110.716641,0.9482396056433828
RREDHESPWL,102.693967,P6,0.8750256515351486,FALSE,PPI,MTX,no significant difference,FALSE,385,110.716641,0.9275386795739224
SGRFWFS*WL,NA,P6,0.20409195637575953,FALSE,PPI,MTX,no significant difference,FALSE,363,110.716641,NA
SGRGWFSDWL,69.667417,P6,0.3988978714742499,FALSE,PPI,MTX,stronger,TRUE,363,110.716641,0.6292407028497189
SGRFWFSAWL,68.12611,P6,0.2417198447548312,FALSE,PPI,MTX,weaker,TRUE,363,110.716641,0.6153195164221068
SGRQWFVDWL,50.075609,P6,0.1780146095391287,FALSE,PPI,MTX,weaker,TRUE,363,110.716641,0.4522862014934142
SGRF*FSDWL,NA,P6,0.27890966918917987,FALSE,PPI,MTX,no significant difference,FALSE,363,110.716641,NA
RRVWHESPWL,103.076031,P6,0.9394272194078488,FALSE,PPI,MTX,no significant difference,FALSE,385,110.716641,0.9309895068077436
SKVINFLGWF,26.266947,P6,0.12349254282222122,FALSE,PPI,MTX,no significant difference,FALSE,366,110.716641,0.23724479683230273
SKVDKFLGWF,26.64892,P6,-0.0026275984479883,FALSE,PPI,MTX,no significant difference,FALSE,366,110.716641,0.24069480214812516
RRGAHESPWL,103.457872,P6,0.8693178762169436,FALSE,PPI,MTX,no significant difference,FALSE,385,110.716641,0.9344383198908645
SKVRVFLGWG,27.795112,P6,-0.00316289742944322,FALSE,PPI,MTX,no significant difference,FALSE,366,110.716641,0.25104728384958863
SGRNWFFDWL,50.075609,P6,0.1608867817334518,FALSE,PPI,MTX,weaker,TRUE,363,110.716641,0.4522862014934142
SGRQWFYDWL,50.075609,P6,0.2151007762741427,FALSE,PPI,MTX,no significant difference,FALSE,363,110.716641,0.4522862014934142
SGRDWFFDWL,50.457673,P6,0.25976454643227626,FALSE,PPI,MTX,no significant difference,FALSE,363,110.716641,0.4557370287272353
SKVDLFLGWF,27.794837,P6,-0.06727272216837406,FALSE,PPI,MTX,no significant difference,FALSE,366,110.716641,0.2510448000314605
RRVYHESPWL,102.311903,P6,0.9352474353161716,FALSE,PPI,MTX,no significant difference,FALSE,385,110.716641,0.9240878523401013
SGRFCFSDWL,71.195673,P6,0.4504291773403295,FALSE,PPI,MTX,no significant difference,FALSE,363,110.716641,0.6430440117850035
RREHHESPWL,102.693967,P6,0.8678956018712053,FALSE,PPI,MTX,no significant difference,FALSE,385,110.716641,0.9275386795739224
SGRFDFSDWL,71.57764499999999,P6,0.4578507936872849,FALSE,PPI,MTX,no significant difference,FALSE,363,110.716641,0.6464940080687599
SKVRVFLGWI,27.795112,P6,0.01787949007314952,FALSE,PPI,MTX,no significant difference,FALSE,366,110.716641,0.25104728384958863
SGRFWFSDCL,51.597463,P6,0.29328801088342127,FALSE,PPI,MTX,no significant difference,FALSE,363,110.716641,0.46603168714267623
SKVDMFLGWF,25.884975,P6,0.11745337545629268,FALSE,PPI,MTX,no significant difference,FALSE,366,110.716641,0.2337948005485463
SGRFWFSDDL,51.597463,P6,0.43959483178572045,FALSE,PPI,MTX,no significant difference,FALSE,363,110.716641,0.46603168714267623
SKVDNFLGWF,26.266947,P6,0.07276273106840062,FALSE,PPI,MTX,no significant difference,FALSE,366,110.716641,0.23724479683230273
SGRFFFSDWL,73.105535,P6,0.39532117103140313,FALSE,PPI,MTX,no significant difference,FALSE,363,110.716641,0.6602940112679178
SGRRWFADWL,51.603865,P6,0.18271551305578104,FALSE,PPI,MTX,weaker,TRUE,363,110.716641,0.4660895104286988
SGRFWFSDEL,51.597463,P6,0.3677832661300573,FALSE,PPI,MTX,no significant difference,FALSE,363,110.716641,0.46603168714267623
SKVRVFLGWL,47.005877,P6,-0.04868882796027907,FALSE,PPI,MTX,no significant difference,FALSE,366,110.716641,0.4245601797113769
RRGEHESPWL,103.457872,P6,0.90094877913538,FALSE,PPI,MTX,no significant difference,FALSE,385,110.716641,0.9344383198908645
SKVDPFLGWF,27.030892,P6,0.06740872943213978,FALSE,PPI,MTX,no significant difference,FALSE,366,110.716641,0.24414479843188164
RRKFHESPWL,104.222223,P6,0.8861426340762562,FALSE,PPI,MTX,no significant difference,FALSE,385,110.716641,0.941341988509207
SGRAWFSDWL,69.285353,P6,0.4175161590120958,FALSE,PPI,MTX,stronger,TRUE,363,110.716641,0.6257898756158977
SGRFWFSDFL,51.597463,P6,0.2620962322811329,FALSE,PPI,MTX,no significant difference,FALSE,363,110.716641,0.46603168714267623
SKVRIFLGWF,27.795112,P6,-0.03187432068756297,FALSE,PPI,MTX,no significant difference,FALSE,366,110.716641,0.25104728384958863
RRAIHESPWL,103.075957,P6,0.8899209816604707,FALSE,PPI,MTX,no significant difference,FALSE,385,110.716641,0.9309888384348655
SKVRVFLGWM,28.563543,P6,-0.01665492851729846,FALSE,PPI,MTX,no significant difference,FALSE,366,110.716641,0.25798780329688653
SGRYWFQDWL,50.075609,P6,0.1976694724278772,FALSE,PPI,MTX,weaker,TRUE,363,110.716641,0.4522862014934142
RRPYHESPWL,103.07588199999999,P6,0.9356770074964228,FALSE,PPI,MTX,no significant difference,FALSE,385,110.716641,0.9309881610299214
SGRYWF*DWL,NA,P6,0.0208097761491942,FALSE,PPI,MTX,weaker,TRUE,363,110.716641,NA
SKVRVFLGAF,8.196902,P6,0.04000700893974793,FALSE,PPI,MTX,no significant difference,FALSE,366,110.716641,0.07403495920726136
SKVDRFLGWF,28.17681,P6,-0.07370369222565477,FALSE,PPI,MTX,no significant difference,FALSE,366,110.716641,0.2544948053472829
SKVRVFLGWP,27.795112,P6,-0.14246347435672851,FALSE,PPI,MTX,no significant difference,FALSE,366,110.716641,0.25104728384958863
RRVSHESPWL,103.840159,P6,0.9105874735159666,FALSE,PPI,MTX,no significant difference,FALSE,385,110.716641,0.937891161275386
SGRLWFTDWL,55.426636,P6,0.2750371325019847,FALSE,PPI,MTX,weaker,TRUE,363,110.716641,0.5006170300993869
SGRGWFWDWL,50.457673,P6,0.1501464881141854,FALSE,PPI,MTX,weaker,TRUE,363,110.716641,0.4557370287272353
SGRFWFSDIL,51.597463,P6,0.25724189899122135,FALSE,PPI,MTX,no significant difference,FALSE,363,110.716641,0.46603168714267623
SKVDSFLGWF,27.030892,P6,0.00858969159866727,FALSE,PPI,MTX,no significant difference,FALSE,366,110.716641,0.24414479843188164
SKVRVFLGWQ,27.795112,P6,-0.18927562172431436,FALSE,PPI,MTX,no significant difference,FALSE,366,110.716641,0.25104728384958863
SGRTWF*DWL,NA,P6,0.18634467770534607,FALSE,PPI,MTX,weaker,TRUE,363,110.716641,NA
SGRVWFVDWL,50.457673,P6,0.10599899302881736,FALSE,PPI,MTX,weaker,TRUE,363,110.716641,0.4557370287272353
RRVFHESPWL,104.222223,P6,0.9168804287014998,FALSE,PPI,MTX,no significant difference,FALSE,385,110.716641,0.941341988509207
SKVAWFLGWF,25.502911,P6,-0.04837934071683904,FALSE,PPI,MTX,no significant difference,FALSE,366,110.716641,0.23034397331472511
RRSMHESPWL,105.36796799999999,P6,0.9455928621519748,FALSE,PPI,MTX,no significant difference,FALSE,385,110.716641,0.951690432877204
SKVRVFLGWR,27.795112,P6,-0.14789559918427725,FALSE,PPI,MTX,no significant difference,FALSE,366,110.716641,0.25104728384958863
SGRTWFADWL,50.457673,P6,0.24301150275527955,FALSE,PPI,MTX,weaker,TRUE,363,110.716641,0.4557370287272353
SGRIWFYDWL,50.457673,P6,0.12061634246994224,FALSE,PPI,MTX,weaker,TRUE,363,110.716641,0.4557370287272353
SGRNWFRDWL,50.075609,P6,0.17466887565485448,FALSE,PPI,MTX,weaker,TRUE,363,110.716641,0.4522862014934142
SGRLWFVDWL,55.042441,P6,0.13859838190694423,FALSE,PPI,MTX,weaker,TRUE,363,110.716641,0.4971469555330892
SKVDTFLGWF,26.64892,P6,0.09955140056689582,FALSE,PPI,MTX,no significant difference,FALSE,366,110.716641,0.24069480214812516
SKVRVFLGWS,27.795112,P6,-0.06964545826749377,FALSE,PPI,MTX,no significant difference,FALSE,366,110.716641,0.25104728384958863
SKVAYFLGWF,27.030801,P6,-0.05896342216193327,FALSE,PPI,MTX,no significant difference,FALSE,366,110.716641,0.24414397651388287
RRECHESPWL,103.076031,P6,0.9832531161308,FALSE,PPI,MTX,no significant difference,FALSE,385,110.716641,0.9309895068077436
SKVDVFLGWF,26.64892,P6,-0.00513064328507084,FALSE,PPI,MTX,no significant difference,FALSE,366,110.716641,0.24069480214812516
SGR*WFVDWL,NA,P6,0.19790807093024176,FALSE,PPI,MTX,weaker,TRUE,363,110.716641,NA
SGRAWFVDWL,50.075609,P6,0.2161756407978108,FALSE,PPI,MTX,weaker,TRUE,363,110.716641,0.4522862014934142
SGRHWFDDWL,50.457673,P6,0.29878969167761343,FALSE,PPI,MTX,no significant difference,FALSE,363,110.716641,0.4557370287272353
SGRRWFEDWL,51.603865,P6,0.2641246568579251,FALSE,PPI,MTX,weaker,TRUE,363,110.716641,0.4660895104286988
RRGIHESPWL,103.839936,P6,0.9297789305163386,FALSE,PPI,MTX,no significant difference,FALSE,385,110.716641,0.9378891471246856
SGRFWFSDPL,51.597463,P6,0.3342762054813643,FALSE,PPI,MTX,no significant difference,FALSE,363,110.716641,0.46603168714267623
SGRRWFFDWL,51.603865,P6,0.0094605864202437,FALSE,PPI,MTX,weaker,TRUE,363,110.716641,0.4660895104286988
SKVDWFLGWF,25.884975,P6,-0.01170198206147471,FALSE,PPI,MTX,no significant difference,FALSE,366,110.716641,0.2337948005485463
SGRHWFFDWL,50.457673,P6,0.18017018968596787,FALSE,PPI,MTX,no significant difference,FALSE,363,110.716641,0.4557370287272353
SKVKDFLGWF,25.884883,P6,0.06165154471670361,FALSE,PPI,MTX,no significant difference,FALSE,366,110.716641,0.2337939695984816
RRKQHESPWL,102.311903,P6,0.8831790021828452,FALSE,PPI,MTX,no significant difference,FALSE,385,110.716641,0.9240878523401013
SKVE*FLGWF,NA,P6,0.1881655301108174,FALSE,PPI,MTX,no significant difference,FALSE,366,110.716641,NA
RRLNHESPWL,103.457872,P6,0.9288671452904592,FALSE,PPI,MTX,no significant difference,FALSE,385,110.716641,0.9344383198908645
SGRWWFDDWL,50.839737,P6,0.29966533819905966,FALSE,PPI,MTX,no significant difference,FALSE,363,110.716641,0.4591878559610565
SKVRVFLGWV,27.795112,P6,-0.2046903322705639,FALSE,PPI,MTX,no significant difference,FALSE,366,110.716641,0.25104728384958863
RRRLEESPWL,108.42480599999999,P6,0.822130792982142,FALSE,PPI,MTX,no significant difference,FALSE,385,110.716641,0.9792999952012633
SKVRMFLGWF,27.031167,P6,0.01881464574913346,FALSE,PPI,MTX,no significant difference,FALSE,366,110.716641,0.24414728225000976
SKVCFFLGWF,28.176900999999997,P6,0.03951047533218813,FALSE,PPI,MTX,no significant difference,FALSE,366,110.716641,0.25449562726528163
SGRSWFNDWL,51.603865,P6,0.2716623775028499,FALSE,PPI,MTX,weaker,TRUE,363,110.716641,0.4660895104286988
SKVKHFLGWF,28.176717999999997,P6,-0.01359717067146391,FALSE,PPI,MTX,no significant difference,FALSE,366,110.716641,0.2544939743972182
SGRCWF*DWL,NA,P6,-0.01472828795617813,FALSE,PPI,MTX,weaker,TRUE,363,110.716641,NA
SGRMWFADWL,50.839737,P6,0.2452611493104876,FALSE,PPI,MTX,weaker,TRUE,363,110.716641,0.4591878559610565
SGRFWFSPWL,83.09022999999999,P6,0.3117324120553841,FALSE,PPI,MTX,no significant difference,FALSE,363,110.716641,0.7504764347032529
RRRLHESPWT,91.505876,P6,0.409696983086267,FALSE,PPI,MTX,weaker,TRUE,385,110.716641,0.8264871041382117
SGRCWFADWL,50.839737,P6,0.23466631688940073,FALSE,PPI,MTX,weaker,TRUE,363,110.716641,0.4591878559610565
SGRRWFGDWL,51.603865,P6,0.28822409891060446,FALSE,PPI,MTX,weaker,TRUE,363,110.716641,0.4660895104286988
SKVRVFLHWF,27.411417,P6,-0.10412554148801872,FALSE,PPI,MTX,no significant difference,FALSE,366,110.716641,0.24758172531625125
RRRLHESPNL,91.118431,P6,0.689500246966532,FALSE,PPI,MTX,no significant difference,FALSE,385,110.716641,0.8229876753576728
SGRCWFCDWL,50.839737,P6,0.2398077435044368,FALSE,PPI,MTX,no significant difference,FALSE,363,110.716641,0.4591878559610565
SGRMWFCDWL,50.839737,P6,0.1395418893760831,FALSE,PPI,MTX,no significant difference,FALSE,363,110.716641,0.4591878559610565
LRRLHESPWL,109.18891199999999,P6,0.8771448888971876,FALSE,PPI,MTX,no significant difference,FALSE,385,110.716641,0.9862014509634554
RRGMHESPWL,104.222,P6,0.9429008967614052,FALSE,PPI,MTX,no significant difference,FALSE,385,110.716641,0.9413399743585068
SKVRVFLGQF,8.196902,P6,0.04057005593982226,FALSE,PPI,MTX,no significant difference,FALSE,366,110.716641,0.07403495920726136
RRRLHESPWV,91.505876,P6,0.6782996666801052,FALSE,PPI,MTX,weaker,TRUE,385,110.716641,0.8264871041382117
SGRMWFEDWL,50.839737,P6,0.26361932690101286,FALSE,PPI,MTX,no significant difference,FALSE,363,110.716641,0.4591878559610565
RRRLHESPWW,91.505876,P6,0.4461718107652281,FALSE,PPI,MTX,weaker,TRUE,385,110.716641,0.8264871041382117
SKVEGFLGWF,26.648827999999998,P6,0.06172640653305738,FALSE,PPI,MTX,no significant difference,FALSE,366,110.716641,0.24069397119806046
SGRHWFNDWL,50.457673,P6,0.1903324197897618,FALSE,PPI,MTX,no significant difference,FALSE,363,110.716641,0.4557370287272353
SGRTWFHDWL,50.457673,P6,0.23832525314223313,FALSE,PPI,MTX,no significant difference,FALSE,363,110.716641,0.4557370287272353
SKVKMFLGWF,25.502911,P6,0.03546919442532609,FALSE,PPI,MTX,no significant difference,FALSE,366,110.716641,0.23034397331472511
SKVRVFLLWF,27.411417,P6,-0.04516262196692119,FALSE,PPI,MTX,no significant difference,FALSE,366,110.716641,0.24758172531625125
RR*MHESPWL,NA,P6,0.4125568604916544,FALSE,PPI,MTX,weaker,TRUE,385,110.716641,NA
RRQRHESPWL,103.840159,P6,0.8328503773294293,FALSE,PPI,MTX,no significant difference,FALSE,385,110.716641,0.937891161275386
SGRFWFSDW*,NA,P6,0.05377265502522538,FALSE,PPI,MTX,no significant difference,FALSE,363,110.716641,NA
SKVCMFLGWF,26.267039,P6,0.02811783964597104,FALSE,PPI,MTX,no significant difference,FALSE,366,110.716641,0.23724562778236744
SGRRWFIDWL,51.603865,P6,0.08150312143241427,FALSE,PPI,MTX,weaker,TRUE,363,110.716641,0.4660895104286988
RRFGHESPWL,103.075957,P6,0.8943816252427079,FALSE,PPI,MTX,no significant difference,FALSE,385,110.716641,0.9309888384348655
SKVRVFLMWF,27.411417,P6,-0.04906974265564176,FALSE,PPI,MTX,no significant difference,FALSE,366,110.716641,0.24758172531625125
SKVKQFLGWF,25.502911,P6,-0.0677262547660253,FALSE,PPI,MTX,no significant difference,FALSE,366,110.716641,0.23034397331472511
RRIDHESPWL,103.45794599999999,P6,0.9446772203494416,FALSE,PPI,MTX,no significant difference,FALSE,385,110.716641,0.9344389882637425
SGRQWFDDWL,50.075609,P6,0.3799661752823316,FALSE,PPI,MTX,no significant difference,FALSE,363,110.716641,0.4522862014934142
SGRWWFNDWL,50.839737,P6,0.21987934704691123,FALSE,PPI,MTX,no significant difference,FALSE,363,110.716641,0.4591878559610565
SKV*WFLGWF,NA,P6,0.16080751546025843,FALSE,PPI,MTX,no significant difference,FALSE,366,110.716641,NA
SGRMWFKDWL,50.839737,P6,0.1361479310470231,FALSE,PPI,MTX,weaker,TRUE,363,110.716641,0.4591878559610565
SKVRVFLPWF,42.759232000000004,P6,-0.07653932216639948,FALSE,PPI,MTX,no significant difference,FALSE,366,110.716641,0.38620420213073486
SKVCPFLGWF,27.412956,P6,-0.01375147711457291,FALSE,PPI,MTX,no significant difference,FALSE,366,110.716641,0.24759562566570278
SKVPVFLGWF,27.030984,P6,0.11833261344324976,FALSE,PPI,MTX,no significant difference,FALSE,366,110.716641,0.2441456293819463
SGRLWFNDWL,55.042441,P6,0.27306764756710394,FALSE,PPI,MTX,weaker,TRUE,363,110.716641,0.4971469555330892
SGRFWFSDWF,51.984908000000004,P6,0.08023411897180421,FALSE,PPI,MTX,no significant difference,FALSE,363,110.716641,0.4695311159232152
SKVRVFLRWF,27.411417,P6,-0.04021967298942786,FALSE,PPI,MTX,no significant difference,FALSE,366,110.716641,0.24758172531625125
SKVEQFLGWF,25.502911,P6,0.01605916297097844,FALSE,PPI,MTX,no significant difference,FALSE,366,110.716641,0.23034397331472511
RR*SHESPWL,NA,P6,0.4711395459637353,FALSE,PPI,MTX,weaker,TRUE,385,110.716641,NA
SGRFWFSDWG,51.984908000000004,P6,0.00307263405275095,FALSE,PPI,MTX,weaker,TRUE,363,110.716641,0.4695311159232152
SGRQWFHDWL,50.075609,P6,0.16717566449004498,FALSE,PPI,MTX,no significant difference,FALSE,363,110.716641,0.4522862014934142
SKVERFLGWF,27.794746,P6,0.06746112006615107,FALSE,PPI,MTX,no significant difference,FALSE,366,110.716641,0.25104397811346174
SGRFWFSDWH,51.984908000000004,P6,0.07150606745941525,FALSE,PPI,MTX,weaker,TRUE,363,110.716641,0.4695311159232152
RRQWHESPWL,103.076031,P6,0.9468694983706106,FALSE,PPI,MTX,no significant difference,FALSE,385,110.716641,0.9309895068077436
SKVESFLGWF,26.648827999999998,P6,0.05807499624627056,FALSE,PPI,MTX,no significant difference,FALSE,366,110.716641,0.24069397119806046
SKVRVFLSWF,27.411417,P6,-0.12398553862669992,FALSE,PPI,MTX,no significant difference,FALSE,366,110.716641,0.24758172531625125
SKFRVFLGWF,28.177101999999998,P6,-0.05429215991641442,FALSE,PPI,MTX,no significant difference,FALSE,366,110.716641,0.25449744271053165
SGRFWFSDWK,51.984908000000004,P6,0.04048315596214456,FALSE,PPI,MTX,no significant difference,FALSE,363,110.716641,0.4695311159232152
SKVETFLGWF,26.266856,P6,0.01705593404527475,FALSE,PPI,MTX,no significant difference,FALSE,366,110.716641,0.237243974914304
SKVRVFLTWF,27.411417,P6,-0.08396975699230001,FALSE,PPI,MTX,no significant difference,FALSE,366,110.716641,0.24758172531625125
SGRCWFRDWL,50.839737,P6,0.16552238320464055,FALSE,PPI,MTX,weaker,TRUE,363,110.716641,0.4591878559610565
SKVEVFLGWF,26.266856,P6,0.10361791348940988,FALSE,PPI,MTX,no significant difference,FALSE,366,110.716641,0.237243974914304
SKVRVFLVWF,27.411417,P6,-0.02012521864194306,FALSE,PPI,MTX,no significant difference,FALSE,366,110.716641,0.24758172531625125
SGRLWFQDWL,55.042441,P6,0.17777195921352595,FALSE,PPI,MTX,weaker,TRUE,363,110.716641,0.4971469555330892
SGRIWF*DWL,NA,P6,0.20661317133013488,FALSE,PPI,MTX,no significant difference,FALSE,363,110.716641,NA
SKKRVFLGWF,27.795112,P6,-0.04164375067566148,FALSE,PPI,MTX,no significant difference,FALSE,366,110.716641,0.25104728384958863
SKVRVFLWWF,27.411417,P6,-0.12392482715284024,FALSE,PPI,MTX,no significant difference,FALSE,366,110.716641,0.24758172531625125
SKLRVFLGWF,28.941081,P6,0.04618488305897082,FALSE,PPI,MTX,no significant difference,FALSE,366,110.716641,0.2613977514003518
SKVRVFLYWF,27.411417,P6,-0.14960496205166154,FALSE,PPI,MTX,no significant difference,FALSE,366,110.716641,0.24758172531625125
SKVF*FLGWF,NA,P6,0.05591979194394899,FALSE,PPI,MTX,no significant difference,FALSE,366,110.716641,NA
SKVRVFMGWF,27.795112,P6,0.08510659218262939,FALSE,PPI,MTX,no significant difference,FALSE,366,110.716641,0.25104728384958863
SKVFAFLGWF,28.559147999999997,P6,0.06189574208683448,FALSE,PPI,MTX,no significant difference,FALSE,366,110.716641,0.2579481073671662
AKVRVFLGWF,25.503519,P6,-0.0595958976036863,FALSE,PPI,MTX,no significant difference,FALSE,366,110.716641,0.23034946481080473
RRRLHEYPWL,91.506897,P6,0.4534797258429889,FALSE,PPI,MTX,weaker,TRUE,385,110.716641,0.8264963258775164
SKVRVFNGWF,27.795112,P6,0.0639772504146648,FALSE,PPI,MTX,no significant difference,FALSE,366,110.716641,0.25104728384958863
SKVAIFLGWF,26.266856,P6,-0.05524221119569864,FALSE,PPI,MTX,no significant difference,FALSE,366,110.716641,0.237243974914304
SKMRVFLGWF,28.177101999999998,P6,0.00860765173176173,FALSE,PPI,MTX,no significant difference,FALSE,366,110.716641,0.25449744271053165
SKVRVFPGWF,28.179306999999998,P6,0.1107172149615966,FALSE,PPI,MTX,no significant difference,FALSE,366,110.716641,0.2545173584158862
SKNRVFLGWF,29.70506,P6,0.06086429673949645,FALSE,PPI,MTX,no significant difference,FALSE,366,110.716641,0.268298060090172
RRYNHESPWL,102.311903,P6,0.8588932036477076,FALSE,PPI,MTX,no significant difference,FALSE,385,110.716641,0.9240878523401013
SGRIWFFDWL,50.457673,P6,0.07296810594713132,FALSE,PPI,MTX,no significant difference,FALSE,363,110.716641,0.4557370287272353
SKVFDFLGWF,27.795203,P6,0.01659898180864742,FALSE,PPI,MTX,no significant difference,FALSE,366,110.716641,0.2510481057675874
SGRFWMSDWL,71.195673,P6,0.4622682789000328,FALSE,PPI,MTX,no significant difference,FALSE,363,110.716641,0.6430440117850035
SKVRVFRGWF,27.795112,P6,0.06020073188274123,FALSE,PPI,MTX,no significant difference,FALSE,366,110.716641,0.25104728384958863
SGRMWFYDWL,50.839737,P6,0.1395418893760831,FALSE,PPI,MTX,no significant difference,FALSE,363,110.716641,0.4591878559610565
CGRFWFSDWL,68.522148,P6,0.44579664976570615,FALSE,PPI,MTX,no significant difference,FALSE,363,110.716641,0.6188965577451
SGRFWFSDWM,52.753339000000004,P6,0.08332815853299753,FALSE,PPI,MTX,no significant difference,FALSE,363,110.716641,0.4764716353705131
SKVFFFLGWF,29.323092999999997,P6,-0.13283301517726764,FALSE,PPI,MTX,no significant difference,FALSE,366,110.716641,0.2648481089667451
SKVFGFLGWF,28.559147999999997,P6,-0.09049440485993154,FALSE,PPI,MTX,no significant difference,FALSE,366,110.716641,0.2579481073671662
SGRLWFADWL,55.042441,P6,0.18613012847532745,FALSE,PPI,MTX,weaker,TRUE,363,110.716641,0.4971469555330892
SKVRVFFGWF,27.795112,P6,-0.05961704639703724,FALSE,PPI,MTX,no significant difference,FALSE,366,110.716641,0.25104728384958863
SKVRVFSGWF,47.004856000000004,P6,0.08933515559862008,FALSE,PPI,MTX,no significant difference,FALSE,366,110.716641,0.4245509579720722
SGRNWFCDWL,50.075609,P6,0.29100572076254894,FALSE,PPI,MTX,no significant difference,FALSE,363,110.716641,0.4522862014934142
DKVRVFLGWF,25.121587,P6,0.00202545298435464,FALSE,PPI,MTX,no significant difference,FALSE,366,110.716641,0.2268998298096851
SGRFWFSDWR,51.984908000000004,P6,-0.00874572735857808,FALSE,PPI,MTX,weaker,TRUE,363,110.716641,0.4695311159232152
SKVRVFTGWF,28.179306999999998,P6,0.09055490009851638,FALSE,PPI,MTX,no significant difference,FALSE,366,110.716641,0.2545173584158862
EGRFWFSDWL,68.522148,P6,0.47423541523758206,FALSE,PPI,MTX,no significant difference,FALSE,363,110.716641,0.6188965577451
SGRFAFSDWL,72.34159,P6,0.4528846739136091,FALSE,PPI,MTX,stronger,TRUE,363,110.716641,0.6533940096683388
RRHAHESPWL,102.311903,P6,0.9312797003508092,FALSE,PPI,MTX,no significant difference,FALSE,385,110.716641,0.9240878523401013
SGRFWFSD*L,NA,P6,0.3387896304050618,FALSE,PPI,MTX,no significant difference,FALSE,363,110.716641,NA
RRRLHPSPWL,90.729776,P6,0.530004160297956,FALSE,PPI,MTX,weaker,TRUE,385,110.716641,0.8194773177773701
SKVRVFVGWF,27.795112,P6,0.03801053835546613,FALSE,PPI,MTX,no significant difference,FALSE,366,110.716641,0.25104728384958863
RRT*HESPWL,NA,P6,0.5036592969967743,FALSE,PPI,MTX,weaker,TRUE,385,110.716641,NA
ERRLHESPWL,108.043116,P6,0.8721558061288743,FALSE,PPI,MTX,no significant difference,FALSE,385,110.716641,0.9758525459600965
RRHCHESPWL,103.076031,P6,0.8840534006142233,FALSE,PPI,MTX,no significant difference,FALSE,385,110.716641,0.9309895068077436
SKVRVFYGWF,27.795112,P6,0.01055456490780706,FALSE,PPI,MTX,no significant difference,FALSE,366,110.716641,0.25104728384958863
SKVFNFLGWF,27.795203,P6,0.02378429019903507,FALSE,PPI,MTX,no significant difference,FALSE,366,110.716641,0.2510481057675874
RRCLHESPWL,107.278735,P6,0.9446307265401884,FALSE,PPI,MTX,stronger,TRUE,385,110.716641,0.9689486063797763
SKVRVFLGWK,27.795112,P6,-0.06220086773506744,FALSE,PPI,MTX,no significant difference,FALSE,366,110.716641,0.25104728384958863
RRRLHRSPWL,90.729776,P6,0.4061189881256896,FALSE,PPI,MTX,weaker,TRUE,385,110.716641,0.8194773177773701
SGRNWFIDWL,50.075609,P6,0.20053115777942732,FALSE,PPI,MTX,no significant difference,FALSE,363,110.716641,0.4522862014934142
SKVRVGLGWF,27.795112,P6,0.2828633897946979,FALSE,PPI,MTX,no significant difference,FALSE,366,110.716641,0.25104728384958863
SGRDWFIDWL,50.457673,P6,0.248776971866566,FALSE,PPI,MTX,no significant difference,FALSE,363,110.716641,0.4557370287272353
SKVFPFLGWF,28.559147999999997,P6,-0.08071832933161996,FALSE,PPI,MTX,no significant difference,FALSE,366,110.716641,0.2579481073671662
SKVFQFLGWF,27.413231,P6,0.03796671900415818,FALSE,PPI,MTX,no significant difference,FALSE,366,110.716641,0.2475981094838309
RRKGHESPWL,102.693967,P6,0.8892252991476457,FALSE,PPI,MTX,no significant difference,FALSE,385,110.716641,0.9275386795739224
SKVRVHLGWF,27.795112,P6,0.2907854542240126,FALSE,PPI,MTX,no significant difference,FALSE,366,110.716641,0.25104728384958863
SKVFRFLGWF,29.705066,P6,-0.04622329508736324,FALSE,PPI,MTX,no significant difference,FALSE,366,110.716641,0.2682981142825675
SKVRVILGWF,27.795112,P6,0.2023188437110859,FALSE,PPI,MTX,no significant difference,FALSE,366,110.716641,0.25104728384958863
SKV*DFLGWF,NA,P6,0.2061339928743352,FALSE,PPI,MTX,no significant difference,FALSE,366,110.716641,NA
RRHHHESPWL,102.693967,P6,0.8758901443977912,FALSE,PPI,MTX,no significant difference,FALSE,385,110.716641,0.9275386795739224
RRAKHESPWL,102.693893,P6,0.9067694110374198,FALSE,PPI,MTX,no significant difference,FALSE,385,110.716641,0.9275380112010444
SGRFWFSDWW,51.984908000000004,P6,0.03127188782380868,FALSE,PPI,MTX,no significant difference,FALSE,363,110.716641,0.4695311159232152
RRTDHESPWL,102.693967,P6,0.9037888214544896,FALSE,PPI,MTX,no significant difference,FALSE,385,110.716641,0.9275386795739224
SKV*FFLGWF,NA,P6,0.13953960086931763,FALSE,PPI,MTX,no significant difference,FALSE,366,110.716641,NA
RRMEHESPWL,102.693893,P6,0.9134989895475932,FALSE,PPI,MTX,no significant difference,FALSE,385,110.716641,0.9275380112010444
SKV*GFLGWF,NA,P6,0.168213063544062,FALSE,PPI,MTX,no significant difference,FALSE,366,110.716641,NA
SGRFWFSDKL,51.597463,P6,0.29963759390673883,FALSE,PPI,MTX,no significant difference,FALSE,363,110.716641,0.46603168714267623
RRCRHESPWL,103.840159,P6,0.8655510701003433,FALSE,PPI,MTX,no significant difference,FALSE,385,110.716641,0.937891161275386
SKVRVLLGWF,27.795112,P6,0.21630486243944155,FALSE,PPI,MTX,no significant difference,FALSE,366,110.716641,0.25104728384958863
RRTEHESPWL,102.311903,P6,0.9356878187221912,FALSE,PPI,MTX,no significant difference,FALSE,385,110.716641,0.9240878523401013
SGRNWFPDWL,50.459804,P6,0.20461795129630436,FALSE,PPI,MTX,weaker,TRUE,363,110.716641,0.45575627605971175
SGRFWFSEWL,68.12611,P6,0.4617373308027955,FALSE,PPI,MTX,no significant difference,FALSE,363,110.716641,0.6153195164221068
RRTFHESPWL,104.222223,P6,0.9568423782485478,FALSE,PPI,MTX,no significant difference,FALSE,385,110.716641,0.941341988509207
SKVRVMLGWF,27.795112,P6,0.2675094552189434,FALSE,PPI,MTX,no significant difference,FALSE,366,110.716641,0.25104728384958863
SKVLIFLGWF,31.233687999999997,P6,-0.01222766459720457,FALSE,PPI,MTX,no significant difference,FALSE,366,110.716641,0.282104728953979
RRWIHESPWL,102.693967,P6,0.9211091083408618,FALSE,PPI,MTX,no significant difference,FALSE,385,110.716641,0.9275386795739224
SKVFTFLGWF,28.177176,P6,-0.04735824386145799,FALSE,PPI,MTX,no significant difference,FALSE,366,110.716641,0.25449811108340975
SKVRVNLGWF,27.795112,P6,0.2262444976468293,FALSE,PPI,MTX,no significant difference,FALSE,366,110.716641,0.25104728384958863
SGRFWFSGWL,68.12611,P6,0.2864686199030568,FALSE,PPI,MTX,weaker,TRUE,363,110.716641,0.6153195164221068
SKV*KFLGWF,NA,P6,0.13977052038285412,FALSE,PPI,MTX,no significant difference,FALSE,366,110.716641,NA
SKVRVPLGWF,27.795112,P6,0.2610692644934631,FALSE,PPI,MTX,no significant difference,FALSE,366,110.716641,0.25104728384958863
SKVFVFLGWF,28.177176,P6,-0.25100342535663184,FALSE,PPI,MTX,no significant difference,FALSE,366,110.716641,0.25449811108340975
SGRFWFSHWL,67.742415,P6,0.18398831365244997,FALSE,PPI,MTX,no significant difference,FALSE,363,110.716641,0.6118539578887694
SKVRVFLGGF,8.58118,P6,0.0098317412738753,FALSE,PPI,MTX,no significant difference,FALSE,366,110.716641,0.07750578343503033
SKVRVQLGWF,27.795112,P6,0.26464423135048265,FALSE,PPI,MTX,no significant difference,FALSE,366,110.716641,0.25104728384958863
SKVFWFLGWF,27.413231,P6,-0.11616929751806974,FALSE,PPI,MTX,no significant difference,FALSE,366,110.716641,0.2475981094838309
SKVRVRLGWF,27.795112,P6,0.29325663800584034,FALSE,PPI,MTX,stronger,TRUE,366,110.716641,0.25104728384958863
SGRRWFTDWL,51.98806,P6,0.2703085287449224,FALSE,PPI,MTX,weaker,TRUE,363,110.716641,0.46955958499499634
RRTHHESPWL,102.693967,P6,0.8499078534459956,FALSE,PPI,MTX,no significant difference,FALSE,385,110.716641,0.9275386795739224
SKV*MFLGWF,NA,P6,0.21106886118655055,FALSE,PPI,MTX,no significant difference,FALSE,366,110.716641,NA
SKV*NFLGWF,NA,P6,0.15509372636686442,FALSE,PPI,MTX,no significant difference,FALSE,366,110.716641,NA
SGRFWFSLWL,67.742415,P6,0.12001930669164829,FALSE,PPI,MTX,weaker,TRUE,363,110.716641,0.6118539578887694
SKVG*FLGWF,NA,P6,0.17336429941463027,FALSE,PPI,MTX,stronger,TRUE,366,110.716641,NA
RRCYHESPWL,102.311903,P6,0.8873556479492538,FALSE,PPI,MTX,no significant difference,FALSE,385,110.716641,0.9240878523401013
IRRLHESPWL,109.18891199999999,P6,0.85101036131551,FALSE,PPI,MTX,no significant difference,FALSE,385,110.716641,0.9862014509634554
SGRDWFTDWL,50.841868,P6,0.3961102609158172,FALSE,PPI,MTX,no significant difference,FALSE,363,110.716641,0.4592071032935329
SKVRVSLGWF,27.795112,P6,0.27368284619758426,FALSE,PPI,MTX,no significant difference,FALSE,366,110.716641,0.25104728384958863
SGRNWFVDWL,50.075609,P6,0.17584853510810317,FALSE,PPI,MTX,weaker,TRUE,363,110.716641,0.4522862014934142
SKVRVFLGWW,27.795112,P6,-0.06268991745186828,FALSE,PPI,MTX,no significant difference,FALSE,366,110.716641,0.25104728384958863
RRDAHESPWL,103.07588199999999,P6,0.9322262515937396,FALSE,PPI,MTX,no significant difference,FALSE,385,110.716641,0.9309881610299214
SKVRVFLGMF,8.196902,P6,0.07199733151438893,FALSE,PPI,MTX,no significant difference,FALSE,366,110.716641,0.07403495920726136
RRRLPESPWL,109.188751,P6,0.8637744792035089,FALSE,PPI,MTX,no significant difference,FALSE,385,110.716641,0.9861999968008422
SKVRVTLGWF,27.795112,P6,0.29006513083684005,FALSE,PPI,MTX,no significant difference,FALSE,366,110.716641,0.25104728384958863
SKVGAFLGWF,27.030892,P6,0.07998773460901874,FALSE,PPI,MTX,no significant difference,FALSE,366,110.716641,0.24414479843188164
RRRLQESPWL,108.042834,P6,0.8474566902694654,FALSE,PPI,MTX,no significant difference,FALSE,385,110.716641,0.9758499989175069
SGRNWFYDWL,50.075609,P6,0.13632978583009256,FALSE,PPI,MTX,weaker,TRUE,363,110.716641,0.4522862014934142
RRRLRESPWL,110.33466899999999,P6,0.8356408607987265,FALSE,PPI,MTX,no significant difference,FALSE,385,110.716641,0.9965500037162435
SGRKWFHDWL,50.075609,P6,0.1781652719407356,FALSE,PPI,MTX,weaker,TRUE,363,110.716641,0.4522862014934142
SKVRVVLGWF,27.795112,P6,0.29248251122371544,FALSE,PPI,MTX,no significant difference,FALSE,366,110.716641,0.25104728384958863
SKVRQFLGWF,27.031167,P6,0.02190984701626173,FALSE,PPI,MTX,no significant difference,FALSE,366,110.716641,0.24414728225000976
RRRLH*SPWL,NA,P6,0.3816820183042851,FALSE,PPI,MTX,weaker,TRUE,385,110.716641,NA
SGRFWFSRWL,67.742415,P6,0.217325384068852,FALSE,PPI,MTX,weaker,TRUE,363,110.716641,0.6118539578887694
SKVGDFLGWF,26.266947,P6,0.03819028497959081,FALSE,PPI,MTX,no significant difference,FALSE,366,110.716641,0.23724479683230273
RRHYHESPWL,102.311903,P6,0.9136512603155112,FALSE,PPI,MTX,no significant difference,FALSE,385,110.716641,0.9240878523401013
SKVRVWLGWF,27.795112,P6,0.2481441524361103,FALSE,PPI,MTX,no significant difference,FALSE,366,110.716641,0.25104728384958863
SFVRVFLGWF,26.649576,P6,-0.1934553938721671,FALSE,PPI,MTX,no significant difference,FALSE,366,110.716641,0.24070072718336893
SGRKWFLDWL,50.075609,P6,0.13218876171818458,FALSE,PPI,MTX,weaker,TRUE,363,110.716641,0.4522862014934142
SKVRVYLGWF,27.795112,P6,-0.05188860578970232,FALSE,PPI,MTX,no significant difference,FALSE,366,110.716641,0.25104728384958863
SKV*TFLGWF,NA,P6,0.12209424039643998,FALSE,PPI,MTX,no significant difference,FALSE,366,110.716641,NA
RRIAHESPWL,103.07588199999999,P6,0.916850345661019,FALSE,PPI,MTX,no significant difference,FALSE,385,110.716641,0.9309881610299214
SKVGEFLGWF,26.266947,P6,0.05622918373832597,FALSE,PPI,MTX,no significant difference,FALSE,366,110.716641,0.23724479683230273
SGREWFCDWL,50.075609,P6,0.3062996268454323,FALSE,PPI,MTX,no significant difference,FALSE,363,110.716641,0.4522862014934142
SGAFWFSDWL,68.139757,P6,0.47394539122326074,FALSE,PPI,MTX,no significant difference,FALSE,363,110.716641,0.6154427770257228
SGRKWFMDWL,50.075609,P6,0.2320083870405262,FALSE,PPI,MTX,no significant difference,FALSE,363,110.716641,0.4522862014934142
SKVRWFLGWF,27.031167,P6,-0.03841776173173975,FALSE,PPI,MTX,no significant difference,FALSE,366,110.716641,0.24414728225000976
RRDKHESPWL,103.07588199999999,P6,0.897075380161805,FALSE,PPI,MTX,no significant difference,FALSE,385,110.716641,0.9309881610299214
SKV*VFLGWF,NA,P6,0.15325430591885142,FALSE,PPI,MTX,stronger,TRUE,366,110.716641,NA
SKVELFLGWF,27.412772999999998,P6,0.03415556208615107,FALSE,PPI,MTX,no significant difference,FALSE,366,110.716641,0.24759397279763934
SGRFWFSDWC,51.984908000000004,P6,0.10850967655403508,FALSE,PPI,MTX,weaker,TRUE,363,110.716641,0.4695311159232152
SGRRWFYDWL,51.603865,P6,0.17555730199965752,FALSE,PPI,MTX,weaker,TRUE,363,110.716641,0.4660895104286988
SKVGGFLGWF,27.030892,P6,0.05308464841548127,FALSE,PPI,MTX,no significant difference,FALSE,366,110.716641,0.24414479843188164
SGRFWFSTWL,67.742415,P6,0.26251067610637224,FALSE,PPI,MTX,weaker,TRUE,363,110.716641,0.6118539578887694
SGRHWFRDWL,50.457673,P6,0.09599559713258882,FALSE,PPI,MTX,weaker,TRUE,363,110.716641,0.4557370287272353
RRIEHESPWL,103.07588199999999,P6,0.9403839648121,FALSE,PPI,MTX,no significant difference,FALSE,385,110.716641,0.9309881610299214
SKVQSFLGWF,26.648827999999998,P6,0.1199387823665414,FALSE,PPI,MTX,no significant difference,FALSE,366,110.716641,0.24069397119806046
SKVRYFLGWF,28.559057,P6,0.03788939714883698,FALSE,PPI,MTX,no significant difference,FALSE,366,110.716641,0.2579472854491675
SKVRVFLGTF,8.196902,P6,0.02908216007070789,FALSE,PPI,MTX,no significant difference,FALSE,366,110.716641,0.07403495920726136
SGREWFHDWL,50.075609,P6,0.31954682563908526,FALSE,PPI,MTX,no significant difference,FALSE,363,110.716641,0.4522862014934142
SKVS*FLGWF,NA,P6,0.09404598669958936,FALSE,PPI,MTX,no significant difference,FALSE,366,110.716641,NA
RRMYHESPWL,102.693893,P6,0.8959975791313165,FALSE,PPI,MTX,no significant difference,FALSE,385,110.716641,0.9275380112010444
RRRLYESPWL,109.570724,P6,0.8146645118579747,FALSE,PPI,MTX,no significant difference,FALSE,385,110.716641,0.9896500021166647
SGRFWFSYWL,67.742415,P6,0.22158582964070592,FALSE,PPI,MTX,no significant difference,FALSE,363,110.716641,0.6118539578887694
NKVRVFLGWF,25.503519,P6,-0.07722187672185526,FALSE,PPI,MTX,no significant difference,FALSE,366,110.716641,0.23034946481080473
RRIIHESPWL,103.45794599999999,P6,0.9127933657205456,FALSE,PPI,MTX,no significant difference,FALSE,385,110.716641,0.9344389882637425
SGRSWFADWL,51.603865,P6,0.21997202195741927,FALSE,PPI,MTX,weaker,TRUE,363,110.716641,0.4660895104286988
SKVSAFLGWF,28.177083999999997,P6,-0.02945775451842054,FALSE,PPI,MTX,no significant difference,FALSE,366,110.716641,0.25449728013334505
RRNCHESPWL,104.985979,P6,0.9086512033230014,FALSE,PPI,MTX,no significant difference,FALSE,385,110.716641,0.948240283048327
SGLFWFSDWL,68.903736,P6,0.3595383193668697,FALSE,PPI,MTX,no significant difference,FALSE,363,110.716641,0.622343085715543
SKVSCFLGWF,27.031167,P6,-0.00489688658404383,FALSE,PPI,MTX,no significant difference,FALSE,366,110.716641,0.24414728225000976
SGRFWFWDWL,51.985929,P6,0.08366907657122045,FALSE,PPI,MTX,no significant difference,FALSE,363,110.716641,0.46954033766251996
RRNFHESPWL,106.132171,P6,0.926328683817651,FALSE,PPI,MTX,no significant difference,FALSE,385,110.716641,0.9585927647497905
RRIMHESPWL,103.84000999999999,P6,0.9450863580572492,FALSE,PPI,MTX,stronger,TRUE,385,110.716641,0.9378898154975637
RRNGHESPWL,104.603915,P6,0.9043107711298848,FALSE,PPI,MTX,no significant difference,FALSE,385,110.716641,0.9447894558145058
SGRFWFYDWL,51.985929,P6,0.09861523107786994,FALSE,PPI,MTX,no significant difference,FALSE,363,110.716641,0.46954033766251996
SKVSDFLGWF,27.413138999999997,P6,0.06280331800551664,FALSE,PPI,MTX,no significant difference,FALSE,366,110.716641,0.2475972785337662
RRINHESPWL,103.07588199999999,P6,0.9357970514001008,FALSE,PPI,MTX,no significant difference,FALSE,385,110.716641,0.9309881610299214
SGREWFQDWL,50.075609,P6,0.38921648805348663,FALSE,PPI,MTX,no significant difference,FALSE,363,110.716641,0.4522862014934142
SGRFWHSDWL,71.195673,P6,0.4500442029956932,FALSE,PPI,MTX,no significant difference,FALSE,363,110.716641,0.6430440117850035
RRNIHESPWL,104.603915,P6,0.9404780839024102,FALSE,PPI,MTX,stronger,TRUE,385,110.716641,0.9447894558145058
SKVRVCLGWF,27.795112,P6,0.2288644933845705,FALSE,PPI,MTX,no significant difference,FALSE,366,110.716641,0.25104728384958863
QKVRVFLGWF,25.121587,P6,-0.03488833707398169,FALSE,PPI,MTX,no significant difference,FALSE,366,110.716641,0.2268998298096851
SGRFWISDWL,71.195673,P6,0.3894804659832936,FALSE,PPI,MTX,no significant difference,FALSE,363,110.716641,0.6430440117850035
RRNKHESPWL,104.221851,P6,0.881671601500772,FALSE,PPI,MTX,no significant difference,FALSE,385,110.716641,0.9413386285806847
SGRVWFPDWL,50.841868,P6,0.22016839974761404,FALSE,PPI,MTX,weaker,TRUE,363,110.716641,0.4592071032935329
SGRPWFKDWL,50.839737,P6,0.18766944574760697,FALSE,PPI,MTX,weaker,TRUE,363,110.716641,0.4591878559610565
SGRFWKSDWL,71.195673,P6,0.2905429579109129,FALSE,PPI,MTX,no significant difference,FALSE,363,110.716641,0.6430440117850035
SKVSEFLGWF,27.413138999999997,P6,0.05861373205595253,FALSE,PPI,MTX,no significant difference,FALSE,366,110.716641,0.2475972785337662
SKVAHFLGWF,28.176717999999997,P6,0.05851742533821585,FALSE,PPI,MTX,no significant difference,FALSE,366,110.716641,0.2544939743972182
RRTTHESPWL,102.693967,P6,0.8947182052349916,FALSE,PPI,MTX,no significant difference,FALSE,385,110.716641,0.9275386795739224
SKVRVF*GWF,NA,P6,-0.02998625611045958,FALSE,PPI,MTX,no significant difference,FALSE,366,110.716641,NA
SKVRVFAGWF,27.795112,P6,0.0379606497735122,FALSE,PPI,MTX,no significant difference,FALSE,366,110.716641,0.25104728384958863
SKVSFFLGWF,28.941028999999997,P6,-0.02485954641911388,FALSE,PPI,MTX,no significant difference,FALSE,366,110.716641,0.2613972817329239
RRNMHESPWL,104.985979,P6,0.9288270339115768,FALSE,PPI,MTX,no significant difference,FALSE,385,110.716641,0.948240283048327
SGR*WFCDWL,NA,P6,0.18154406983623836,FALSE,PPI,MTX,no significant difference,FALSE,363,110.716641,NA
SKVGNFLGWF,26.266947,P6,-3.513041063085464e-4,FALSE,PPI,MTX,no significant difference,FALSE,366,110.716641,0.23724479683230273
SKVGPFLGWF,27.030892,P6,0.1082378307493706,FALSE,PPI,MTX,no significant difference,FALSE,366,110.716641,0.24414479843188164
SKVRVFCGWF,27.795112,P6,0.18799991239065847,FALSE,PPI,MTX,no significant difference,FALSE,366,110.716641,0.25104728384958863
RRNNHESPWL,104.221851,P6,0.8776490778231764,FALSE,PPI,MTX,no significant difference,FALSE,385,110.716641,0.9413386285806847
RRNPHESPWL,104.985979,P6,0.9005047515399884,FALSE,PPI,MTX,no significant difference,FALSE,385,110.716641,0.948240283048327
SKVSGFLGWF,28.177083999999997,P6,0.03010657442194202,FALSE,PPI,MTX,no significant difference,FALSE,366,110.716641,0.25449728013334505
RRTVHESPWL,102.693967,P6,0.9411590303957637,FALSE,PPI,MTX,no significant difference,FALSE,385,110.716641,0.9275386795739224
SKVRVFEGWF,27.795112,P6,0.03267652137908743,FALSE,PPI,MTX,no significant difference,FALSE,366,110.716641,0.25104728384958863
RRGWHESPWL,104.222,P6,0.946400989005936,FALSE,PPI,MTX,no significant difference,FALSE,385,110.716641,0.9413399743585068
DGRFWFSDWL,68.522148,P6,0.4741357248094722,FALSE,PPI,MTX,no significant difference,FALSE,363,110.716641,0.6188965577451
SGRFWQSDWL,71.195673,P6,0.5630895741145461,FALSE,PPI,MTX,no significant difference,FALSE,363,110.716641,0.6430440117850035
SKVRVFGGWF,27.795112,P6,0.11664910291263084,FALSE,PPI,MTX,no significant difference,FALSE,366,110.716641,0.25104728384958863
SGREWFWDWL,50.075609,P6,0.2592310718713641,FALSE,PPI,MTX,no significant difference,FALSE,363,110.716641,0.4522862014934142
SKVSHFLGWF,29.704973999999996,P6,-0.01773489348923142,FALSE,PPI,MTX,no significant difference,FALSE,366,110.716641,0.2682972833325028
SKVFIFLGWF,28.177176,P6,-0.10572883007132192,FALSE,PPI,MTX,no significant difference,FALSE,366,110.716641,0.25449811108340975
SKVFKFLGWF,28.177176,P6,-0.01464115768378329,FALSE,PPI,MTX,no significant difference,FALSE,366,110.716641,0.25449811108340975
SGRDWFCDWL,50.457673,P6,0.327760102375632,FALSE,PPI,MTX,no significant difference,FALSE,363,110.716641,0.4557370287272353
SKVRVFHGWF,27.795112,P6,0.0065921343337639,FALSE,PPI,MTX,no significant difference,FALSE,366,110.716641,0.25104728384958863
SKVANFLGWF,25.884883,P6,0.1215072899333727,FALSE,PPI,MTX,no significant difference,FALSE,366,110.716641,0.2337939695984816
RRTYHESPWL,102.311903,P6,0.888078868563267,FALSE,PPI,MTX,no significant difference,FALSE,385,110.716641,0.9240878523401013
SKVRVFIGWF,27.795112,P6,0.01559492733318241,FALSE,PPI,MTX,no significant difference,FALSE,366,110.716641,0.25104728384958863
RRIYHESPWL,103.07588199999999,P6,0.9147278620996948,FALSE,PPI,MTX,no significant difference,FALSE,385,110.716641,0.9309881610299214
RRNSHESPWL,105.750107,P6,0.8844685581640914,FALSE,PPI,MTX,no significant difference,FALSE,385,110.716641,0.9551419375159693
RHRLHESPWL,108.807414,P6,0.8811422436156706,FALSE,PPI,MTX,no significant difference,FALSE,385,110.716641,0.9827557358789453
RRK*HESPWL,NA,P6,0.495778033389268,FALSE,PPI,MTX,weaker,TRUE,385,110.716641,NA
SKVSIFLGWF,27.795112,P6,0.06512838760578468,FALSE,PPI,MTX,no significant difference,FALSE,366,110.716641,0.25104728384958863
SKVRVFL*WF,NA,P6,-0.0181186537435466,FALSE,PPI,MTX,no significant difference,FALSE,366,110.716641,NA
RIRLHESPWL,109.18925899999999,P6,0.8684402268618744,FALSE,PPI,MTX,no significant difference,FALSE,385,110.716641,0.9862045850903298
SKVGSFLGWF,27.030892,P6,0.05746767468102898,FALSE,PPI,MTX,no significant difference,FALSE,366,110.716641,0.24414479843188164
SKVSKFLGWF,27.795112,P6,0.07800007314994728,FALSE,PPI,MTX,no significant difference,FALSE,366,110.716641,0.25104728384958863
SKVRVFLCWF,27.411417,P6,-0.14391245207266254,FALSE,PPI,MTX,no significant difference,FALSE,366,110.716641,0.24758172531625125
RRNVHESPWL,104.603915,P6,0.931740716946169,FALSE,PPI,MTX,no significant difference,FALSE,385,110.716641,0.9447894558145058
SKVRVFLDWF,30.864675000000002,P6,-0.23679673637697565,FALSE,PPI,MTX,no significant difference,FALSE,366,110.716641,0.27877177921248536
SKVSLFLGWF,28.941028999999997,P6,0.00164014107430284,FALSE,PPI,MTX,no significant difference,FALSE,366,110.716641,0.2613972817329239
SGRLWFFDWL,55.042441,P6,0.0992256088534216,FALSE,PPI,MTX,weaker,TRUE,363,110.716641,0.4971469555330892
RRNWHESPWL,104.985979,P6,0.9259469494907592,FALSE,PPI,MTX,no significant difference,FALSE,385,110.716641,0.948240283048327
SGRFHFSDWL,73.86948,P6,0.46924600355058704,FALSE,PPI,MTX,no significant difference,FALSE,363,110.716641,0.6671940128674966
RRNYHESPWL,104.221851,P6,0.9040080374717532,FALSE,PPI,MTX,no significant difference,FALSE,385,110.716641,0.9413386285806847
SKVRVFLG*F,NA,P6,0.08998749638810641,FALSE,PPI,MTX,no significant difference,FALSE,366,110.716641,NA
SKVRVKLGWF,27.795112,P6,0.2683637176685707,FALSE,PPI,MTX,stronger,TRUE,366,110.716641,0.25104728384958863
SKVGTFLGWF,26.64892,P6,0.07600010689746237,FALSE,PPI,MTX,no significant difference,FALSE,366,110.716641,0.24069480214812516
SGRSWFKDWL,51.603865,P6,0.23512649803729,FALSE,PPI,MTX,weaker,TRUE,363,110.716641,0.4660895104286988
SGRFKFSDWL,71.959618,P6,0.4642690070705229,FALSE,PPI,MTX,no significant difference,FALSE,363,110.716641,0.6499440133845824
RRKIHESPWL,102.693967,P6,0.8689141563548635,FALSE,PPI,MTX,no significant difference,FALSE,385,110.716641,0.9275386795739224
SKVRVFLGCF,8.196902,P6,0.01794113600229004,FALSE,PPI,MTX,no significant difference,FALSE,366,110.716641,0.07403495920726136
SKVRVFLGDF,8.196902,P6,0.0527208972517648,FALSE,PPI,MTX,no significant difference,FALSE,366,110.716641,0.07403495920726136
SKVMHFLGWF,28.940845999999997,P6,-0.11413424694142824,FALSE,PPI,MTX,no significant difference,FALSE,366,110.716641,0.2613956288648605
RQRLHESPWL,108.425569,P6,0.8981473662719397,FALSE,PPI,MTX,no significant difference,FALSE,385,110.716641,0.9793068866675607
SKVSMFLGWF,27.031167,P6,-0.01447040200922284,FALSE,PPI,MTX,no significant difference,FALSE,366,110.716641,0.24414728225000976
SKVRVFLGFF,8.196902,P6,-0.06731230061931295,FALSE,PPI,MTX,no significant difference,FALSE,366,110.716641,0.07403495920726136
SGRFNFSDWL,71.57764499999999,P6,0.3878290487417249,FALSE,PPI,MTX,no significant difference,FALSE,363,110.716641,0.6464940080687599
RRMHHESPWL,103.075957,P6,0.945957136640702,FALSE,PPI,MTX,no significant difference,FALSE,385,110.716641,0.9309888384348655
SKVGVFLGWF,26.64892,P6,-0.08458874327314828,FALSE,PPI,MTX,no significant difference,FALSE,366,110.716641,0.24069480214812516
RRPDHESPWL,103.45794599999999,P6,0.906726066377134,FALSE,PPI,MTX,no significant difference,FALSE,385,110.716641,0.9344389882637425
HGRFWFSDWL,68.522148,P6,0.38923052974399286,FALSE,PPI,MTX,no significant difference,FALSE,363,110.716641,0.6188965577451
SGRGWFCDWL,50.457673,P6,0.2247966212928092,FALSE,PPI,MTX,weaker,TRUE,363,110.716641,0.4557370287272353
SKVGWFLGWF,25.884975,P6,-0.13229355888100347,FALSE,PPI,MTX,no significant difference,FALSE,366,110.716641,0.2337948005485463
SKVSNFLGWF,27.413138999999997,P6,0.04459182811942695,FALSE,PPI,MTX,no significant difference,FALSE,366,110.716641,0.2475972785337662
SKVRVFLGHF,8.196902,P6,0.1405120864969191,FALSE,PPI,MTX,no significant difference,FALSE,366,110.716641,0.07403495920726136
SGRGWFDDWL,50.457673,P6,0.3724782216197129,FALSE,PPI,MTX,no significant difference,FALSE,363,110.716641,0.4557370287272353
SKVRVFLGIF,8.196902,P6,-0.04218850640383714,FALSE,PPI,MTX,no significant difference,FALSE,366,110.716641,0.07403495920726136
RR*CHESPWL,NA,P6,0.47043851400214926,FALSE,PPI,MTX,weaker,TRUE,385,110.716641,NA
SKVGYFLGWF,27.412865,P6,-0.03298037419849915,FALSE,PPI,MTX,no significant difference,FALSE,366,110.716641,0.247594803747704
SKVRVFLGKF,8.196902,P6,0.0777891595689063,FALSE,PPI,MTX,no significant difference,FALSE,366,110.716641,0.07403495920726136
RR*EHESPWL,NA,P6,0.4817270341796677,FALSE,PPI,MTX,weaker,TRUE,385,110.716641,NA
SKVSQFLGWF,27.031167,P6,0.07415246765752613,FALSE,PPI,MTX,no significant difference,FALSE,366,110.716641,0.24414728225000976
SKVCDFLGWF,26.649010999999998,P6,0.02789552931165448,FALSE,PPI,MTX,no significant difference,FALSE,366,110.716641,0.24069562406612388
SKVSRFLGWF,29.323002,P6,-0.0153476694807006,FALSE,PPI,MTX,no significant difference,FALSE,366,110.716641,0.2648472870487464
RRRLHESPKL,91.118431,P6,0.5524843398841558,FALSE,PPI,MTX,no significant difference,FALSE,385,110.716641,0.8229876753576728
SKVHCFLGWF,25.884975,P6,0.1513125199638619,FALSE,PPI,MTX,no significant difference,FALSE,366,110.716641,0.2337948005485463
KGRFWFSDWL,69.286012,P6,0.3754588662745698,FALSE,PPI,MTX,no significant difference,FALSE,363,110.716641,0.6257958277473393
SKVCEFLGWF,26.649010999999998,P6,-0.02583269024371702,FALSE,PPI,MTX,no significant difference,FALSE,366,110.716641,0.24069562406612388
SKV*QFLGWF,NA,P6,0.16297471240735528,FALSE,PPI,MTX,no significant difference,FALSE,366,110.716641,NA
SKVHDFLGWF,26.266947,P6,0.06810493756374164,FALSE,PPI,MTX,no significant difference,FALSE,366,110.716641,0.23724479683230273
SKVHEFLGWF,26.266947,P6,-0.02783911919173589,FALSE,PPI,MTX,no significant difference,FALSE,366,110.716641,0.23724479683230273
RR*HHESPWL,NA,P6,0.43823388005970193,FALSE,PPI,MTX,weaker,TRUE,385,110.716641,NA
SKVHFFLGWF,27.794837,P6,0.03788939714883698,FALSE,PPI,MTX,no significant difference,FALSE,366,110.716641,0.2510448000314605
RRRLHESPML,91.118431,P6,0.7310852209635602,FALSE,PPI,MTX,no significant difference,FALSE,385,110.716641,0.8229876753576728
SKVHGFLGWF,27.030892,P6,0.04415120468307261,FALSE,PPI,MTX,no significant difference,FALSE,366,110.716641,0.24414479843188164
SKVCIFLGWF,27.030984,P6,0.00283809580056401,FALSE,PPI,MTX,no significant difference,FALSE,366,110.716641,0.2441456293819463
SKVHIFLGWF,26.64892,P6,-0.05137704851906041,FALSE,PPI,MTX,no significant difference,FALSE,366,110.716641,0.24069480214812516
SKVCKFLGWF,27.030984,P6,0.02923382669573638,FALSE,PPI,MTX,no significant difference,FALSE,366,110.716641,0.2441456293819463
RRPIHESPWL,103.45794599999999,P6,0.9483543164115292,FALSE,PPI,MTX,no significant difference,FALSE,385,110.716641,0.9344389882637425
SKVHKFLGWF,26.64892,P6,0.0333139163962385,FALSE,PPI,MTX,no significant difference,FALSE,366,110.716641,0.24069480214812516
SGRFWASDWL,71.195673,P6,0.3471491255294844,FALSE,PPI,MTX,no significant difference,FALSE,363,110.716641,0.6430440117850035
RRRLHESPQL,91.118431,P6,0.540134185449722,FALSE,PPI,MTX,no significant difference,FALSE,385,110.716641,0.8229876753576728
SGRQWF*DWL,NA,P6,0.05883545448926706,FALSE,PPI,MTX,no significant difference,FALSE,363,110.716641,NA
SKVSSFLGWF,28.177083999999997,P6,0.01151811847007459,FALSE,PPI,MTX,no significant difference,FALSE,366,110.716641,0.25449728013334505
RRKWHESPWL,103.076031,P6,0.9162989412125192,FALSE,PPI,MTX,no significant difference,FALSE,385,110.716641,0.9309895068077436
RRVNHESPWL,102.311903,P6,0.8898302033018237,FALSE,PPI,MTX,no significant difference,FALSE,385,110.716641,0.9240878523401013
SGRAWFFDWL,50.075609,P6,0.184151975484401,FALSE,PPI,MTX,weaker,TRUE,363,110.716641,0.4522862014934142
SKVHMFLGWF,25.884975,P6,-0.01921825099436873,FALSE,PPI,MTX,no significant difference,FALSE,366,110.716641,0.2337948005485463
SKVCNFLGWF,26.649010999999998,P6,0.11752126998700035,FALSE,PPI,MTX,no significant difference,FALSE,366,110.716641,0.24069562406612388
RRVPHESPWL,103.076031,P6,0.91207482675339,FALSE,PPI,MTX,no significant difference,FALSE,385,110.716641,0.9309895068077436
SGRFWESDWL,91.182538,P6,0.74439348692177,FALSE,PPI,MTX,stronger,TRUE,363,110.716641,0.8235666940076334
RR*QHESPWL,NA,P6,0.4392732931464545,FALSE,PPI,MTX,no significant difference,FALSE,385,110.716641,NA
SGRWWFPDWL,51.223932,P6,0.03897940313354858,FALSE,PPI,MTX,weaker,TRUE,363,110.716641,0.46265793052735404
SKVHRFLGWF,28.17681,P6,0.01134744016322646,FALSE,PPI,MTX,no significant difference,FALSE,366,110.716641,0.2544948053472829
SGRPWFEDWL,50.839737,P6,0.3683255176721349,FALSE,PPI,MTX,no significant difference,FALSE,363,110.716641,0.4591878559610565
SKVRVFLGVF,8.196902,P6,0.1296519297311603,FALSE,PPI,MTX,no significant difference,FALSE,366,110.716641,0.07403495920726136
SKVHSFLGWF,27.030892,P6,-0.00138806933082484,FALSE,PPI,MTX,no significant difference,FALSE,366,110.716641,0.24414479843188164
SGRQWFGDWL,50.075609,P6,0.3807316265933234,FALSE,PPI,MTX,no significant difference,FALSE,363,110.716641,0.4522862014934142
SKVRVFLGW*,NA,P6,-0.0927076522558342,FALSE,PPI,MTX,no significant difference,FALSE,366,110.716641,NA
SKVHTFLGWF,26.64892,P6,0.04148211648373447,FALSE,PPI,MTX,no significant difference,FALSE,366,110.716641,0.24069480214812516
SKVSTFLGWF,27.795112,P6,0.04111570118634845,FALSE,PPI,MTX,no significant difference,FALSE,366,110.716641,0.25104728384958863
SGRFWFEDWL,51.985929,P6,0.2938014067942574,FALSE,PPI,MTX,no significant difference,FALSE,363,110.716641,0.46954033766251996
SKVHVFLGWF,26.64892,P6,-0.05500136097204852,FALSE,PPI,MTX,no significant difference,FALSE,366,110.716641,0.24069480214812516
SKVRVFLGWA,27.795112,P6,-0.00509289019886227,FALSE,PPI,MTX,no significant difference,FALSE,366,110.716641,0.25104728384958863
SGRFWFFDWL,51.985929,P6,0.05886693459318335,FALSE,PPI,MTX,weaker,TRUE,363,110.716641,0.46954033766251996
SKVSVFLGWF,27.795112,P6,0.01930105047094617,FALSE,PPI,MTX,no significant difference,FALSE,366,110.716641,0.25104728384958863
RRFNHESPWL,102.693893,P6,0.8668182568353251,FALSE,PPI,MTX,no significant difference,FALSE,385,110.716641,0.9275380112010444
SGRFWFGDWL,51.985929,P6,0.2437545183541844,FALSE,PPI,MTX,weaker,TRUE,363,110.716641,0.46954033766251996
SGRWWFSDWL,70.049481,P6,0.3214460064368731,FALSE,PPI,MTX,no significant difference,FALSE,363,110.716641,0.6326915300835401
SKVHWFLGWF,25.884975,P6,-0.01555362344035809,FALSE,PPI,MTX,no significant difference,FALSE,366,110.716641,0.2337948005485463
SKVCTFLGWF,27.030984,P6,0.10827295287106496,FALSE,PPI,MTX,no significant difference,FALSE,366,110.716641,0.2441456293819463
SGRWWFTDWL,51.223932,P6,0.22456792229635847,FALSE,PPI,MTX,weaker,TRUE,363,110.716641,0.46265793052735404
SKVRVFLGWE,27.795112,P6,-0.12653282466603596,FALSE,PPI,MTX,no significant difference,FALSE,366,110.716641,0.25104728384958863
SGRQWFMDWL,50.075609,P6,0.24805038675485427,FALSE,PPI,MTX,no significant difference,FALSE,363,110.716641,0.4522862014934142
SGRSWFSDWL,70.813609,P6,0.4003792837926597,FALSE,PPI,MTX,stronger,TRUE,363,110.716641,0.6395931845511823
SGRFWFKDWL,51.985929,P6,0.05698278898199473,FALSE,PPI,MTX,weaker,TRUE,363,110.716641,0.46954033766251996
SGRQWFPDWL,50.459804,P6,0.16642546758106172,FALSE,PPI,MTX,weaker,TRUE,363,110.716641,0.45575627605971175
RRA*HESPWL,NA,P6,0.4669974561839835,FALSE,PPI,MTX,weaker,TRUE,385,110.716641,NA
SKVICFLGWF,25.884975,P6,-0.10285222361085064,FALSE,PPI,MTX,no significant difference,FALSE,366,110.716641,0.2337948005485463
SKVSWFLGWF,27.031167,P6,-0.08673552879249258,FALSE,PPI,MTX,no significant difference,FALSE,366,110.716641,0.24414728225000976
SKVCYFLGWF,27.794929,P6,-0.10400645714869794,FALSE,PPI,MTX,no significant difference,FALSE,366,110.716641,0.25104563098152516
SKVD*FLGWF,NA,P6,0.16688723225927543,FALSE,PPI,MTX,no significant difference,FALSE,366,110.716641,NA
SKVSYFLGWF,28.559057,P6,-0.03489029353920449,FALSE,PPI,MTX,no significant difference,FALSE,366,110.716641,0.2579472854491675
SGRYWFADWL,50.075609,P6,0.14789129728241593,FALSE,PPI,MTX,weaker,TRUE,363,110.716641,0.4522862014934142
SKVAKFLGWF,26.266856,P6,0.09935792105588176,FALSE,PPI,MTX,no significant difference,FALSE,366,110.716641,0.237243974914304
SKVDDFLGWF,26.266947,P6,0.10293520479645636,FALSE,PPI,MTX,no significant difference,FALSE,366,110.716641,0.23724479683230273
SKVT*FLGWF,NA,P6,0.1237758571949813,FALSE,PPI,MTX,no significant difference,FALSE,366,110.716641,NA
SKVIIFLGWF,26.64892,P6,0.03679036604137218,FALSE,PPI,MTX,no significant difference,FALSE,366,110.716641,0.24069480214812516
SKVDFFLGWF,27.794837,P6,-0.01671594941524975,FALSE,PPI,MTX,no significant difference,FALSE,366,110.716641,0.2510448000314605
SKVTCFLGWF,25.884975,P6,-0.14030319394220286,FALSE,PPI,MTX,no significant difference,FALSE,366,110.716641,0.2337948005485463
SKVILFLGWF,27.794837,P6,-0.04891513440179956,FALSE,PPI,MTX,no significant difference,FALSE,366,110.716641,0.2510448000314605
SKVTDFLGWF,26.266947,P6,0.11231477658135278,FALSE,PPI,MTX,no significant difference,FALSE,366,110.716641,0.23724479683230273
SGRAWFQDWL,50.075609,P6,0.27566772367967673,FALSE,PPI,MTX,weaker,TRUE,363,110.716641,0.4522862014934142
RRAFHESPWL,104.604213,P6,0.9394060652443424,FALSE,PPI,MTX,no significant difference,FALSE,385,110.716641,0.9447921473701502
SKVDIFLGWF,26.64892,P6,-0.12427744308695332,FALSE,PPI,MTX,no significant difference,FALSE,366,110.716641,0.24069480214812516
SKVNTFLGWF,26.266856,P6,-0.15166225516655843,FALSE,PPI,MTX,no significant difference,FALSE,366,110.716641,0.237243974914304
SKVTEFLGWF,26.266947,P6,0.01672301930187392,FALSE,PPI,MTX,no significant difference,FALSE,366,110.716641,0.23724479683230273
SKVTFFLGWF,27.794837,P6,0.02637899139587031,FALSE,PPI,MTX,no significant difference,FALSE,366,110.716641,0.2510448000314605
SKVIPFLGWF,27.030892,P6,0.03100083194032269,FALSE,PPI,MTX,no significant difference,FALSE,366,110.716641,0.24414479843188164
SGRRWF*DWL,NA,P6,0.02587601557477259,FALSE,PPI,MTX,weaker,TRUE,363,110.716641,NA
SKVRVFLGWH,27.795112,P6,-0.0397195331826859,FALSE,PPI,MTX,no significant difference,FALSE,366,110.716641,0.25104728384958863
SKVIRFLGWF,28.17681,P6,-0.05652674001492372,FALSE,PPI,MTX,no significant difference,FALSE,366,110.716641,0.2544948053472829
RRGCHESPWL,104.222,P6,0.9271726901151822,FALSE,PPI,MTX,no significant difference,FALSE,385,110.716641,0.9413399743585068
SKVTGFLGWF,27.030892,P6,0.0633860396469561,FALSE,PPI,MTX,no significant difference,FALSE,366,110.716641,0.24414479843188164
RRAHHESPWL,103.075957,P6,0.8911390862902824,FALSE,PPI,MTX,no significant difference,FALSE,385,110.716641,0.9309888384348655
SGRSWFWDWL,51.603865,P6,0.1611159075206113,FALSE,PPI,MTX,weaker,TRUE,363,110.716641,0.4660895104286988
RRWCHESPWL,103.076031,P6,0.8975223893512724,FALSE,PPI,MTX,no significant difference,FALSE,385,110.716641,0.9309895068077436
SKVTHFLGWF,28.558781999999997,P6,0.1232013332641452,FALSE,PPI,MTX,no significant difference,FALSE,366,110.716641,0.25794480163103933
SKVTIFLGWF,26.64892,P6,-0.10455224219037756,FALSE,PPI,MTX,no significant difference,FALSE,366,110.716641,0.24069480214812516
SGRFYFSDWL,72.723563,P6,0.3935817340089542,FALSE,PPI,MTX,no significant difference,FALSE,363,110.716641,0.6568440149841612
SKVTKFLGWF,26.64892,P6,-0.0260169274830439,FALSE,PPI,MTX,no significant difference,FALSE,366,110.716641,0.24069480214812516
RRQ*HESPWL,NA,P6,0.43908231586731294,FALSE,PPI,MTX,weaker,TRUE,385,110.716641,NA
RRWGHESPWL,102.693967,P6,0.9155784896424298,FALSE,PPI,MTX,no significant difference,FALSE,385,110.716641,0.9275386795739224
SKVITFLGWF,26.64892,P6,0.03721355436511391,FALSE,PPI,MTX,no significant difference,FALSE,366,110.716641,0.24069480214812516
SKVTLFLGWF,27.794837,P6,-0.00831179662408731,FALSE,PPI,MTX,no significant difference,FALSE,366,110.716641,0.2510448000314605
SKVIVFLGWF,26.64892,P6,-0.05896907895418717,FALSE,PPI,MTX,no significant difference,FALSE,366,110.716641,0.24069480214812516
RRWHHESPWL,102.693967,P6,0.888618566466729,FALSE,PPI,MTX,no significant difference,FALSE,385,110.716641,0.9275386795739224
SGRYWFSDWL,69.285353,P6,0.3742205426896155,FALSE,PPI,MTX,no significant difference,FALSE,363,110.716641,0.6257898756158977
SGRHWF*DWL,NA,P6,0.08289529721457965,FALSE,PPI,MTX,weaker,TRUE,363,110.716641,NA
SKVIYFLGWF,27.412865,P6,-0.07762345631360279,FALSE,PPI,MTX,no significant difference,FALSE,366,110.716641,0.247594803747704
RRRLHESPWM,92.274307,P6,0.8285328020792582,FALSE,PPI,MTX,weaker,TRUE,385,110.716641,0.8334276235855096
SKVTMFLGWF,25.884975,P6,-0.0378100390348606,FALSE,PPI,MTX,no significant difference,FALSE,366,110.716641,0.2337948005485463
RRWLHESPWL,107.278735,P6,0.9625380063730128,FALSE,PPI,MTX,no significant difference,FALSE,385,110.716641,0.9689486063797763
RRQEHESPWL,102.311903,P6,0.9126386729397185,FALSE,PPI,MTX,no significant difference,FALSE,385,110.716641,0.9240878523401013
SKVK*FLGWF,NA,P6,0.17417221383018405,FALSE,PPI,MTX,no significant difference,FALSE,366,110.716641,NA
RRQFHESPWL,104.222223,P6,0.9134194198642328,FALSE,PPI,MTX,no significant difference,FALSE,385,110.716641,0.941341988509207
SKVTNFLGWF,26.266947,P6,0.01598074368533929,FALSE,PPI,MTX,no significant difference,FALSE,366,110.716641,0.23724479683230273
SKVKAFLGWF,26.648827999999998,P6,0.04584980629361484,FALSE,PPI,MTX,no significant difference,FALSE,366,110.716641,0.24069397119806046
SGRYWFVDWL,50.075609,P6,0.0670868075012931,FALSE,PPI,MTX,weaker,TRUE,363,110.716641,0.4522862014934142
SGRTWFCDWL,50.457673,P6,0.24590562559506307,FALSE,PPI,MTX,weaker,TRUE,363,110.716641,0.4557370287272353
SKVTQFLGWF,25.884975,P6,-6.165424018117405e-4,FALSE,PPI,MTX,no significant difference,FALSE,366,110.716641,0.2337948005485463
RRGKHESPWL,103.457872,P6,0.8744473552746012,FALSE,PPI,MTX,no significant difference,FALSE,385,110.716641,0.9344383198908645
RRWMHESPWL,103.076031,P6,0.952902393071428,FALSE,PPI,MTX,no significant difference,FALSE,385,110.716641,0.9309895068077436
SKVKCFLGWF,25.502911,P6,0.08122285014435442,FALSE,PPI,MTX,no significant difference,FALSE,366,110.716641,0.23034397331472511
RRWNHESPWL,102.311903,P6,0.9018490453755054,FALSE,PPI,MTX,no significant difference,FALSE,385,110.716641,0.9240878523401013
SGRTWFDDWL,50.457673,P6,0.3962247647597012,FALSE,PPI,MTX,no significant difference,FALSE,363,110.716641,0.4557370287272353
SKVRVFLGWT,27.795112,P6,-0.17433570361478434,FALSE,PPI,MTX,no significant difference,FALSE,366,110.716641,0.25104728384958863
SKVDYFLGWF,27.412865,P6,0.09955205294657776,FALSE,PPI,MTX,no significant difference,FALSE,366,110.716641,0.247594803747704
SKVSPFLGWF,28.177083999999997,P6,0.05631965015905404,FALSE,PPI,MTX,no significant difference,FALSE,366,110.716641,0.25449728013334505
RRQIHESPWL,102.693967,P6,0.8904356293835727,FALSE,PPI,MTX,no significant difference,FALSE,385,110.716641,0.9275386795739224
SKVTRFLGWF,28.17681,P6,0.07010515294650359,FALSE,PPI,MTX,no significant difference,FALSE,366,110.716641,0.2544948053472829
SGRHWFGDWL,50.457673,P6,0.33586726284941404,FALSE,PPI,MTX,no significant difference,FALSE,363,110.716641,0.4557370287272353
SKVKEFLGWF,25.884883,P6,0.04245607849824618,FALSE,PPI,MTX,no significant difference,FALSE,366,110.716641,0.2337939695984816
SKVKFFLGWF,27.412772999999998,P6,0.02648021481104042,FALSE,PPI,MTX,no significant difference,FALSE,366,110.716641,0.24759397279763934
RRWQHESPWL,102.311903,P6,0.9226722360749278,FALSE,PPI,MTX,no significant difference,FALSE,385,110.716641,0.9240878523401013
SKVEAFLGWF,26.648827999999998,P6,0.05504206742883125,FALSE,PPI,MTX,no significant difference,FALSE,366,110.716641,0.24069397119806046
SKVTSFLGWF,27.030892,P6,0.07041941470645022,FALSE,PPI,MTX,no significant difference,FALSE,366,110.716641,0.24414479843188164
SGRHWFHDWL,50.457673,P6,0.2238380168870024,FALSE,PPI,MTX,no significant difference,FALSE,363,110.716641,0.4557370287272353
SKVECFLGWF,25.502911,P6,0.1013184924191135,FALSE,PPI,MTX,no significant difference,FALSE,366,110.716641,0.23034397331472511
SGRTWFFDWL,50.457673,P6,0.15912477200353148,FALSE,PPI,MTX,weaker,TRUE,363,110.716641,0.4557370287272353
SKVRVFLGWY,27.795112,P6,-0.06520849514779088,FALSE,PPI,MTX,weaker,TRUE,366,110.716641,0.25104728384958863
SGRHWFIDWL,50.457673,P6,0.18530187795486172,FALSE,PPI,MTX,weaker,TRUE,363,110.716641,0.4557370287272353
SKVEDFLGWF,25.884883,P6,-0.04858238449001188,FALSE,PPI,MTX,no significant difference,FALSE,366,110.716641,0.2337939695984816
SKVRVFLGYF,8.196902,P6,-0.06757505495063831,FALSE,PPI,MTX,no significant difference,FALSE,366,110.716641,0.07403495920726136
SGTFWFSDWL,67.757767,P6,0.40817245482575304,FALSE,PPI,MTX,no significant difference,FALSE,363,110.716641,0.6119926181647798
SGRHWFKDWL,50.457673,P6,0.24284348857617152,FALSE,PPI,MTX,no significant difference,FALSE,363,110.716641,0.4557370287272353
SKVKIFLGWF,26.266856,P6,0.01160515127478566,FALSE,PPI,MTX,no significant difference,FALSE,366,110.716641,0.237243974914304
SKVEEFLGWF,25.884883,P6,0.12136845868085304,FALSE,PPI,MTX,no significant difference,FALSE,366,110.716641,0.2337939695984816
SGRHWFLDWL,50.457673,P6,0.07955807076409707,FALSE,PPI,MTX,weaker,TRUE,363,110.716641,0.4557370287272353
SKVEFFLGWF,27.412772999999998,P6,-0.00533283356620927,FALSE,PPI,MTX,no significant difference,FALSE,366,110.716641,0.24759397279763934
RRLQHESPWL,103.457872,P6,0.9134508749065008,FALSE,PPI,MTX,no significant difference,FALSE,385,110.716641,0.9344383198908645
SKVRVFLIWF,27.411417,P6,-0.10110224356361856,FALSE,PPI,MTX,no significant difference,FALSE,366,110.716641,0.24758172531625125
SGRMWFDDWL,50.839737,P6,0.3845113153723704,FALSE,PPI,MTX,no significant difference,FALSE,363,110.716641,0.4591878559610565
SKVKLFLGWF,27.412772999999998,P6,-0.07415045730446984,FALSE,PPI,MTX,no significant difference,FALSE,366,110.716641,0.24759397279763934
SKVTVFLGWF,26.64892,P6,0.05199450409863875,FALSE,PPI,MTX,no significant difference,FALSE,366,110.716641,0.24069480214812516
SGRCWFEDWL,50.839737,P6,0.33973485737479725,FALSE,PPI,MTX,no significant difference,FALSE,363,110.716641,0.4591878559610565
RRQQHESPWL,102.311903,P6,0.8964412230044445,FALSE,PPI,MTX,no significant difference,FALSE,385,110.716641,0.9240878523401013
RRWTHESPWL,102.693967,P6,0.9029622793051288,FALSE,PPI,MTX,no significant difference,FALSE,385,110.716641,0.9275386795739224
SGWFWFSDWL,67.757767,P6,0.3750101984018581,FALSE,PPI,MTX,no significant difference,FALSE,363,110.716641,0.6119926181647798
SKVTWFLGWF,25.884975,P6,-0.03660376543548788,FALSE,PPI,MTX,no significant difference,FALSE,366,110.716641,0.2337948005485463
SGRCWFGDWL,50.839737,P6,0.36485245568037666,FALSE,PPI,MTX,no significant difference,FALSE,363,110.716641,0.4591878559610565
SKVKNFLGWF,25.884883,P6,0.06623281005363409,FALSE,PPI,MTX,no significant difference,FALSE,366,110.716641,0.2337939695984816
RRRLHESPYL,91.118431,P6,0.6570818734485748,FALSE,PPI,MTX,no significant difference,FALSE,385,110.716641,0.8229876753576728
SGRMWFGDWL,50.839737,P6,0.39110459848563506,FALSE,PPI,MTX,no significant difference,FALSE,363,110.716641,0.4591878559610565
SGRHWFPDWL,50.841868,P6,0.11896293894112858,FALSE,PPI,MTX,weaker,TRUE,363,110.716641,0.4592071032935329
SKVEKFLGWF,26.266856,P6,0.07532698596177999,FALSE,PPI,MTX,no significant difference,FALSE,366,110.716641,0.237243974914304
SGRHWFQDWL,50.457673,P6,0.19203863146663144,FALSE,PPI,MTX,no significant difference,FALSE,363,110.716641,0.4557370287272353
SGRTWFIDWL,50.457673,P6,0.1616662852507504,FALSE,PPI,MTX,weaker,TRUE,363,110.716641,0.4557370287272353
SKVTYFLGWF,27.412865,P6,-0.01536323668360639,FALSE,PPI,MTX,no significant difference,FALSE,366,110.716641,0.247594803747704
SGRTWFKDWL,50.457673,P6,0.18013980538692623,FALSE,PPI,MTX,weaker,TRUE,363,110.716641,0.4557370287272353
SKVKRFLGWF,27.794746,P6,0.00580178238190129,FALSE,PPI,MTX,no significant difference,FALSE,366,110.716641,0.25104397811346174
SKVRVFLNWF,27.411417,P6,-0.11080980661392228,FALSE,PPI,MTX,no significant difference,FALSE,366,110.716641,0.24758172531625125
RRWWHESPWL,103.076031,P6,0.8982235005979838,FALSE,PPI,MTX,no significant difference,FALSE,385,110.716641,0.9309895068077436
SGRCWFIDWL,50.839737,P6,0.10782098516572051,FALSE,PPI,MTX,weaker,TRUE,363,110.716641,0.4591878559610565
SKVV*FLGWF,NA,P6,0.09062985228237874,FALSE,PPI,MTX,no significant difference,FALSE,366,110.716641,NA
RRY*HESPWL,NA,P6,0.46196755557334696,FALSE,PPI,MTX,weaker,TRUE,385,110.716641,NA
SKVN*FLGWF,NA,P6,0.16571843538484127,FALSE,PPI,MTX,no significant difference,FALSE,366,110.716641,NA
SKVEMFLGWF,25.502911,P6,0.08697701120795895,FALSE,PPI,MTX,no significant difference,FALSE,366,110.716641,0.23034397331472511
SKVKSFLGWF,26.648827999999998,P6,-0.04745136719878907,FALSE,PPI,MTX,no significant difference,FALSE,366,110.716641,0.24069397119806046
SKVRVFLQWF,27.411417,P6,-0.3465592929707283,FALSE,PPI,MTX,no significant difference,FALSE,366,110.716641,0.24758172531625125
RRYAHESPWL,102.311903,P6,0.9375725788764544,FALSE,PPI,MTX,no significant difference,FALSE,385,110.716641,0.9240878523401013
SKVVAFLGWF,27.030892,P6,0.01173524982747016,FALSE,PPI,MTX,no significant difference,FALSE,366,110.716641,0.24414479843188164
RRQVHESPWL,102.693967,P6,0.9086410374563156,FALSE,PPI,MTX,no significant difference,FALSE,385,110.716641,0.9275386795739224
SKVKTFLGWF,26.266856,P6,0.19955569385459715,FALSE,PPI,MTX,no significant difference,FALSE,366,110.716641,0.237243974914304
SGRCWFNDWL,50.839737,P6,0.29165837378478643,FALSE,PPI,MTX,weaker,TRUE,363,110.716641,0.4591878559610565
SGRHWFTDWL,50.841868,P6,0.32045241208046144,FALSE,PPI,MTX,no significant difference,FALSE,363,110.716641,0.4592071032935329
SKVQYFLGWF,27.030801,P6,0.10876458281861176,FALSE,PPI,MTX,no significant difference,FALSE,366,110.716641,0.24414397651388287
SKVVCFLGWF,25.884975,P6,0.00369377251692477,FALSE,PPI,MTX,no significant difference,FALSE,366,110.716641,0.2337948005485463
SGRFWFSDWI,51.984908000000004,P6,0.04594603485016941,FALSE,PPI,MTX,no significant difference,FALSE,363,110.716641,0.4695311159232152
RRYFHESPWL,104.222223,P6,0.902947472332678,FALSE,PPI,MTX,no significant difference,FALSE,385,110.716641,0.941341988509207
SKVKVFLGWF,26.266856,P6,-0.00265967306477212,FALSE,PPI,MTX,no significant difference,FALSE,366,110.716641,0.237243974914304
SKVVDFLGWF,26.266947,P6,-4.271123302541993e-4,FALSE,PPI,MTX,no significant difference,FALSE,366,110.716641,0.23724479683230273
SGRTWFNDWL,50.457673,P6,0.3114344483194724,FALSE,PPI,MTX,no significant difference,FALSE,363,110.716641,0.4557370287272353
SKVKWFLGWF,25.502911,P6,0.10145701109919486,FALSE,PPI,MTX,no significant difference,FALSE,366,110.716641,0.23034397331472511
SGRHWFWDWL,50.457673,P6,0.16279669921310233,FALSE,PPI,MTX,no significant difference,FALSE,363,110.716641,0.4557370287272353
SGRFWFHDWL,51.985929,P6,0.08538450493272663,FALSE,PPI,MTX,no significant difference,FALSE,363,110.716641,0.46954033766251996
SKVKYFLGWF,27.030801,P6,-0.09182212552385542,FALSE,PPI,MTX,no significant difference,FALSE,366,110.716641,0.24414397651388287
SGRHWFYDWL,50.457673,P6,0.06054571190809661,FALSE,PPI,MTX,weaker,TRUE,363,110.716641,0.4557370287272353
SKHRVFLGWF,27.795112,P6,0.04318913563792831,FALSE,PPI,MTX,no significant difference,FALSE,366,110.716641,0.25104728384958863
RRYIHESPWL,102.693967,P6,0.8663000158274151,FALSE,PPI,MTX,no significant difference,FALSE,385,110.716641,0.9275386795739224
SKVVEFLGWF,26.266947,P6,0.03754898432635341,FALSE,PPI,MTX,no significant difference,FALSE,366,110.716641,0.23724479683230273
RRYKHESPWL,102.311903,P6,0.8715271386865833,FALSE,PPI,MTX,no significant difference,FALSE,385,110.716641,0.9240878523401013
*RRLHESPWL,NA,P6,0.4190295096506081,FALSE,PPI,MTX,no significant difference,FALSE,385,110.716641,NA
SKVEWFLGWF,25.502911,P6,0.0720070040739501,FALSE,PPI,MTX,no significant difference,FALSE,366,110.716641,0.23034397331472511
SKVVFFLGWF,27.794837,P6,-0.04495568127406706,FALSE,PPI,MTX,no significant difference,FALSE,366,110.716641,0.2510448000314605
SKVEYFLGWF,27.030801,P6,0.04961457575377647,FALSE,PPI,MTX,no significant difference,FALSE,366,110.716641,0.24414397651388287
SGRIWFCDWL,50.457673,P6,0.2354543834467438,FALSE,PPI,MTX,no significant difference,FALSE,363,110.716641,0.4557370287272353
SGRTWFQDWL,50.457673,P6,0.22988749763889227,FALSE,PPI,MTX,weaker,TRUE,363,110.716641,0.4557370287272353
SKVVGFLGWF,27.030892,P6,0.0303501675922654,FALSE,PPI,MTX,no significant difference,FALSE,366,110.716641,0.24414479843188164
SGRIWFDDWL,50.457673,P6,0.34659062514809236,FALSE,PPI,MTX,no significant difference,FALSE,363,110.716641,0.4557370287272353
RRRLHESPWI,91.505876,P6,0.6919016888667031,FALSE,PPI,MTX,weaker,TRUE,385,110.716641,0.8264871041382117
SKVFCFLGWF,27.413231,P6,-0.01826616920571965,FALSE,PPI,MTX,no significant difference,FALSE,366,110.716641,0.2475981094838309
SGRTWFRDWL,50.457673,P6,0.15964258198622544,FALSE,PPI,MTX,weaker,TRUE,363,110.716641,0.4557370287272353
SKVLCFLGWF,30.469742999999998,P6,0.01570688716949002,FALSE,PPI,MTX,no significant difference,FALSE,366,110.716641,0.2752047273544001
SGRIWFGDWL,50.457673,P6,0.3780604914497173,FALSE,PPI,MTX,no significant difference,FALSE,363,110.716641,0.4557370287272353
SKVRVFQGWF,27.795112,P6,-0.00248601268360729,FALSE,PPI,MTX,no significant difference,FALSE,366,110.716641,0.25104728384958863
SKVVHFLGWF,28.558781999999997,P6,0.02312046990605863,FALSE,PPI,MTX,no significant difference,FALSE,366,110.716641,0.25794480163103933
SKVFEFLGWF,27.795203,P6,0.06376647614569407,FALSE,PPI,MTX,no significant difference,FALSE,366,110.716641,0.2510481057675874
RRCDHESPWL,102.693967,P6,0.9359983748115374,FALSE,PPI,MTX,no significant difference,FALSE,385,110.716641,0.9275386795739224
SKVVIFLGWF,26.64892,P6,-0.11659606165246912,FALSE,PPI,MTX,no significant difference,FALSE,366,110.716641,0.24069480214812516
RRYQHESPWL,102.311903,P6,0.934214090660903,FALSE,PPI,MTX,no significant difference,FALSE,385,110.716641,0.9240878523401013
SGRIWFHDWL,50.457673,P6,0.2729476229571596,FALSE,PPI,MTX,no significant difference,FALSE,363,110.716641,0.4557370287272353
SGRIWFIDWL,50.457673,P6,-0.04218850640383714,FALSE,PPI,MTX,weaker,TRUE,363,110.716641,0.4557370287272353
SKVLDFLGWF,30.851714999999995,P6,0.03749559546087089,FALSE,PPI,MTX,no significant difference,FALSE,366,110.716641,0.2786547236381566
SGRIWFKDWL,50.457673,P6,0.18690922992781436,FALSE,PPI,MTX,no significant difference,FALSE,363,110.716641,0.4557370287272353
SKVFHFLGWF,30.087037999999996,P6,-0.01637492303807581,FALSE,PPI,MTX,no significant difference,FALSE,366,110.716641,0.271748110566324
SKVVKFLGWF,26.64892,P6,0.01497719747257489,FALSE,PPI,MTX,no significant difference,FALSE,366,110.716641,0.24069480214812516
SGRIWFLDWL,50.457673,P6,0.07356827425792135,FALSE,PPI,MTX,weaker,TRUE,363,110.716641,0.4557370287272353
SKVLEFLGWF,30.851714999999995,P6,0.11981014279383838,FALSE,PPI,MTX,no significant difference,FALSE,366,110.716641,0.2786547236381566
SKVVLFLGWF,27.794837,P6,-0.05054352108594325,FALSE,PPI,MTX,no significant difference,FALSE,366,110.716641,0.2510448000314605
SGRFWFSDWQ,51.984908000000004,P6,0.12648766668296368,FALSE,PPI,MTX,no significant difference,FALSE,363,110.716641,0.4695311159232152
SGRTWFSDWL,69.667417,P6,0.4069635048524996,FALSE,PPI,MTX,stronger,TRUE,363,110.716641,0.6292407028497189
RRCIHESPWL,102.693967,P6,0.901214286526657,FALSE,PPI,MTX,no significant difference,FALSE,385,110.716641,0.9275386795739224
SGRIWFNDWL,50.457673,P6,0.23185260213536643,FALSE,PPI,MTX,no significant difference,FALSE,363,110.716641,0.4557370287272353
RRCKHESPWL,102.311903,P6,0.9242798107766602,FALSE,PPI,MTX,no significant difference,FALSE,385,110.716641,0.9240878523401013
SKVFMFLGWF,27.413231,P6,-0.05179226611756773,FALSE,PPI,MTX,no significant difference,FALSE,366,110.716641,0.2475981094838309
SKVRVFWGWF,27.795112,P6,-0.00372655034222198,FALSE,PPI,MTX,no significant difference,FALSE,366,110.716641,0.25104728384958863
SKVVMFLGWF,25.884975,P6,-0.09343875363912474,FALSE,PPI,MTX,no significant difference,FALSE,366,110.716641,0.2337948005485463
SKVLGFLGWF,31.61566,P6,0.04552023939792002,FALSE,PPI,MTX,no significant difference,FALSE,366,110.716641,0.2855547252377355
RRYWHESPWL,103.076031,P6,0.9401846519762692,FALSE,PPI,MTX,no significant difference,FALSE,385,110.716641,0.9309895068077436
RRCMHESPWL,103.076031,P6,0.943571174750712,FALSE,PPI,MTX,no significant difference,FALSE,385,110.716641,0.9309895068077436
SKVVNFLGWF,26.266947,P6,0.05053456963910801,FALSE,PPI,MTX,no significant difference,FALSE,366,110.716641,0.23724479683230273
RRYYHESPWL,102.311903,P6,0.905990969143199,FALSE,PPI,MTX,no significant difference,FALSE,385,110.716641,0.9240878523401013
RRCPHESPWL,103.076031,P6,0.883145749232789,FALSE,PPI,MTX,no significant difference,FALSE,385,110.716641,0.9309895068077436
SKVVPFLGWF,27.030892,P6,0.1293048374190169,FALSE,PPI,MTX,stronger,TRUE,366,110.716641,0.24414479843188164
SKVLHFLGWF,33.143550000000005,P6,0.02981672424362036,FALSE,PPI,MTX,no significant difference,FALSE,366,110.716641,0.2993547284368933
SKV*EFLGWF,NA,P6,0.1852193168606947,FALSE,PPI,MTX,no significant difference,FALSE,366,110.716641,NA
SKVVQFLGWF,25.884975,P6,0.04841286587708301,FALSE,PPI,MTX,no significant difference,FALSE,366,110.716641,0.2337948005485463
SGRFWFSDWY,51.984908000000004,P6,0.00873160201955286,FALSE,PPI,MTX,no significant difference,FALSE,363,110.716641,0.4695311159232152
SGRIWFTDWL,50.841868,P6,0.25519027343989986,FALSE,PPI,MTX,weaker,TRUE,363,110.716641,0.4592071032935329
SGRFWFSDYL,51.597463,P6,0.31805352391066627,FALSE,PPI,MTX,no significant difference,FALSE,363,110.716641,0.46603168714267623
SGRTWFWDWL,50.457673,P6,0.1681790926981844,FALSE,PPI,MTX,weaker,TRUE,363,110.716641,0.4557370287272353
SGRTWFYDWL,50.457673,P6,0.2433272651589199,FALSE,PPI,MTX,weaker,TRUE,363,110.716641,0.4557370287272353
SGRIWFVDWL,50.457673,P6,0.06244243450636516,FALSE,PPI,MTX,weaker,TRUE,363,110.716641,0.4557370287272353
SKVVRFLGWF,28.17681,P6,0.0429338904608792,FALSE,PPI,MTX,no significant difference,FALSE,366,110.716641,0.2544948053472829
SGRFWFSFWL,67.742415,P6,0.14099932730548173,FALSE,PPI,MTX,no significant difference,FALSE,363,110.716641,0.6118539578887694
RRRKHESPWL,105.749809,P6,0.8553422861480592,FALSE,PPI,MTX,no significant difference,FALSE,385,110.716641,0.955139245960325
RYRLHESPWL,109.18925899999999,P6,0.8553469833250904,FALSE,PPI,MTX,no significant difference,FALSE,385,110.716641,0.9862045850903298
SGRDWFQDWL,50.457673,P6,0.3343384957879899,FALSE,PPI,MTX,no significant difference,FALSE,363,110.716641,0.4557370287272353
SGRIWFWDWL,50.457673,P6,0.18284147362360392,FALSE,PPI,MTX,no significant difference,FALSE,363,110.716641,0.4557370287272353
RRMIHESPWL,103.075957,P6,0.877628216717794,FALSE,PPI,MTX,no significant difference,FALSE,385,110.716641,0.9309888384348655
RRHNHESPWL,102.311903,P6,0.8695160445762398,FALSE,PPI,MTX,no significant difference,FALSE,385,110.716641,0.9240878523401013
S*RFWFSDWL,NA,P6,0.2028620324758915,FALSE,PPI,MTX,no significant difference,FALSE,363,110.716641,NA
SGRFWFSIWL,67.742415,P6,0.24055052937267565,FALSE,PPI,MTX,no significant difference,FALSE,363,110.716641,0.6118539578887694
S*VRVFLGWF,NA,P6,0.1396034115905701,FALSE,PPI,MTX,no significant difference,FALSE,366,110.716641,NA
RRRL*ESPWL,NA,P6,0.3202155909098746,FALSE,PPI,MTX,weaker,TRUE,385,110.716641,NA
SKVVSFLGWF,27.030892,P6,-0.03053011304946911,FALSE,PPI,MTX,no significant difference,FALSE,366,110.716641,0.24414479843188164
SKVFYFLGWF,28.941121,P6,0.02116118540857247,FALSE,PPI,MTX,no significant difference,FALSE,366,110.716641,0.2613981126829886
IGRFWFSDWL,69.667944,P6,0.33572023757509745,FALSE,PPI,MTX,no significant difference,FALSE,363,110.716641,0.629245462748459
SGRKWFCDWL,50.075609,P6,0.2443277511818424,FALSE,PPI,MTX,no significant difference,FALSE,363,110.716641,0.4522862014934142
SGRKWFDDWL,50.075609,P6,0.3646042927445633,FALSE,PPI,MTX,no significant difference,FALSE,363,110.716641,0.4522862014934142
RRRLDESPWL,108.42480599999999,P6,0.7983872298110533,FALSE,PPI,MTX,no significant difference,FALSE,385,110.716641,0.9792999952012633
SGRFWFSMWL,67.742415,P6,0.2812391055983718,FALSE,PPI,MTX,no significant difference,FALSE,363,110.716641,0.6118539578887694
SGRVWFDDWL,50.457673,P6,0.3906974538036584,FALSE,PPI,MTX,no significant difference,FALSE,363,110.716641,0.4557370287272353
SGRKWFFDWL,50.075609,P6,0.16747234574998615,FALSE,PPI,MTX,weaker,TRUE,363,110.716641,0.4522862014934142
KRRLHESPWL,108.80698,P6,0.8759263645720304,FALSE,PPI,MTX,no significant difference,FALSE,385,110.716641,0.9827518159623357
SDRFWFSDWL,71.195673,P6,0.362091698605763,FALSE,PPI,MTX,no significant difference,FALSE,363,110.716641,0.6430440117850035
SKVVTFLGWF,26.64892,P6,-0.04086620581074837,FALSE,PPI,MTX,no significant difference,FALSE,366,110.716641,0.24069480214812516
SKVLMFLGWF,30.469742999999998,P6,0.00726645778571718,FALSE,PPI,MTX,no significant difference,FALSE,366,110.716641,0.2752047273544001
SDVRVFLGWF,26.649576,P6,-0.1096618038471795,FALSE,PPI,MTX,no significant difference,FALSE,366,110.716641,0.24070072718336893
RRDCHESPWL,103.84000999999999,P6,0.9362296950268328,FALSE,PPI,MTX,no significant difference,FALSE,385,110.716641,0.9378898154975637
RRDDHESPWL,103.45794599999999,P6,0.9254792922759096,FALSE,PPI,MTX,no significant difference,FALSE,385,110.716641,0.9344389882637425
SEVRVFLGWF,26.267731,P6,0.0166793452708942,FALSE,PPI,MTX,no significant difference,FALSE,366,110.716641,0.23725187797198438
RRDEHESPWL,103.07588199999999,P6,0.8789955579861309,FALSE,PPI,MTX,no significant difference,FALSE,385,110.716641,0.9309881610299214
RRDFHESPWL,104.98620199999999,P6,0.9066839355547592,FALSE,PPI,MTX,no significant difference,FALSE,385,110.716641,0.9482422971990272
SGRKWFIDWL,50.075609,P6,0.1560431701907359,FALSE,PPI,MTX,weaker,TRUE,363,110.716641,0.4522862014934142
SKVVVFLGWF,26.64892,P6,-0.0679885251085133,FALSE,PPI,MTX,no significant difference,FALSE,366,110.716641,0.24069480214812516
SFRFWFSDWL,71.195673,P6,0.1436705825085486,FALSE,PPI,MTX,no significant difference,FALSE,363,110.716641,0.6430440117850035
SKVLNFLGWF,30.851714999999995,P6,0.00353788195363004,FALSE,PPI,MTX,no significant difference,FALSE,366,110.716641,0.2786547236381566
SGRKWFKDWL,50.075609,P6,0.14658446181375193,FALSE,PPI,MTX,no significant difference,FALSE,363,110.716641,0.4522862014934142
SGRVWFGDWL,50.457673,P6,0.37843493693767105,FALSE,PPI,MTX,no significant difference,FALSE,363,110.716641,0.4557370287272353
SG*FWFSDWL,NA,P6,0.27108756894745656,FALSE,PPI,MTX,no significant difference,FALSE,363,110.716641,NA
SKVLPFLGWF,31.61566,P6,0.12655264117217022,FALSE,PPI,MTX,no significant difference,FALSE,366,110.716641,0.2855547252377355
RRRLHDSPWL,90.729776,P6,0.5995386524756959,FALSE,PPI,MTX,weaker,TRUE,385,110.716641,0.8194773177773701
SKVLQFLGWF,30.469742999999998,P6,-0.03942307940891898,FALSE,PPI,MTX,no significant difference,FALSE,366,110.716641,0.2752047273544001
SKVVWFLGWF,25.884975,P6,-0.05519892632561776,FALSE,PPI,MTX,no significant difference,FALSE,366,110.716641,0.2337948005485463
SGRVWFHDWL,50.457673,P6,0.26159680640235905,FALSE,PPI,MTX,weaker,TRUE,363,110.716641,0.4557370287272353
SGCFWFSDWL,67.757767,P6,0.34138831013879245,FALSE,PPI,MTX,no significant difference,FALSE,363,110.716641,0.6119926181647798
SGRKWFNDWL,50.075609,P6,0.28324663637609265,FALSE,PPI,MTX,weaker,TRUE,363,110.716641,0.4522862014934142
SGRKWFPDWL,50.459804,P6,0.08491259237982969,FALSE,PPI,MTX,weaker,TRUE,363,110.716641,0.45575627605971175
SGDFWFSDWL,68.52174600000001,P6,0.5270368153946744,FALSE,PPI,MTX,no significant difference,FALSE,363,110.716641,0.6188929268546001
SGEFWFSDWL,67.757767,P6,0.4983029860018404,FALSE,PPI,MTX,no significant difference,FALSE,363,110.716641,0.6119926181647798
SKVVYFLGWF,27.412865,P6,-0.04768752747489491,FALSE,PPI,MTX,no significant difference,FALSE,366,110.716641,0.247594803747704
SKV*YFLGWF,NA,P6,0.19688816250423993,FALSE,PPI,MTX,no significant difference,FALSE,366,110.716641,NA
RRRLHEDPWL,91.506897,P6,0.4628642055907348,FALSE,PPI,MTX,weaker,TRUE,385,110.716641,0.8264963258775164
SKVW*FLGWF,NA,P6,0.11093481066562876,FALSE,PPI,MTX,no significant difference,FALSE,366,110.716641,NA
SGRVWFKDWL,50.457673,P6,0.18154252891770412,FALSE,PPI,MTX,weaker,TRUE,363,110.716641,0.4557370287272353
RRRLHEEPWL,91.506897,P6,0.45729347506850554,FALSE,PPI,MTX,weaker,TRUE,385,110.716641,0.8264963258775164
SKVWAFLGWF,27.412956,P6,-0.00865598844965961,FALSE,PPI,MTX,no significant difference,FALSE,366,110.716641,0.24759562566570278
SGRKWFRDWL,50.075609,P6,0.08388327954544018,FALSE,PPI,MTX,weaker,TRUE,363,110.716641,0.4522862014934142
RRDNHESPWL,103.07588199999999,P6,0.9336481710705834,FALSE,PPI,MTX,no significant difference,FALSE,385,110.716641,0.9309881610299214
SGHFWFSDWL,67.757767,P6,0.33976461103344646,FALSE,PPI,MTX,no significant difference,FALSE,363,110.716641,0.6119926181647798
SKVWCFLGWF,26.267039,P6,0.04905812156366399,FALSE,PPI,MTX,no significant difference,FALSE,366,110.716641,0.23724562778236744
RRDPHESPWL,103.84000999999999,P6,0.9352262659846996,FALSE,PPI,MTX,no significant difference,FALSE,385,110.716641,0.9378898154975637
RRRLHEHPWL,91.506897,P6,0.3858640349013619,FALSE,PPI,MTX,weaker,TRUE,385,110.716641,0.8264963258775164
SKVWDFLGWF,26.649010999999998,P6,0.06024893998379228,FALSE,PPI,MTX,no significant difference,FALSE,366,110.716641,0.24069562406612388
SGRKWFSDWL,69.285353,P6,0.35584516298361396,FALSE,PPI,MTX,no significant difference,FALSE,363,110.716641,0.6257898756158977
SKVWEFLGWF,26.649010999999998,P6,0.10384062711346008,FALSE,PPI,MTX,no significant difference,FALSE,366,110.716641,0.24069562406612388
SKVWFFLGWF,28.176900999999997,P6,-0.12093822109207128,FALSE,PPI,MTX,no significant difference,FALSE,366,110.716641,0.25449562726528163
RRNDHESPWL,104.603915,P6,0.9005952604061036,FALSE,PPI,MTX,no significant difference,FALSE,385,110.716641,0.9447894558145058
RRNEHESPWL,104.221851,P6,0.9374366237731092,FALSE,PPI,MTX,no significant difference,FALSE,385,110.716641,0.9413386285806847
SKVWGFLGWF,27.412956,P6,-0.04842127614858908,FALSE,PPI,MTX,no significant difference,FALSE,366,110.716641,0.24759562566570278
SGRKWFTDWL,50.459804,P6,0.2965198087299157,FALSE,PPI,MTX,weaker,TRUE,363,110.716641,0.45575627605971175
SGMFWFSDWL,68.139757,P6,0.42842660895439705,FALSE,PPI,MTX,no significant difference,FALSE,363,110.716641,0.6154427770257228
SKVWHFLGWF,28.940845999999997,P6,0.16210800349445162,FALSE,PPI,MTX,no significant difference,FALSE,366,110.716641,0.2613956288648605
SKVWIFLGWF,27.030984,P6,-0.1851578396915382,FALSE,PPI,MTX,no significant difference,FALSE,366,110.716641,0.2441456293819463
SGNFWFSDWL,69.667715,P6,0.4558417348104624,FALSE,PPI,MTX,no significant difference,FALSE,363,110.716641,0.6292433944053631
SGRKWFWDWL,50.075609,P6,0.05912992590071848,FALSE,PPI,MTX,weaker,TRUE,363,110.716641,0.4522862014934142
SKVWKFLGWF,27.030984,P6,0.0147892153913555,FALSE,PPI,MTX,no significant difference,FALSE,366,110.716641,0.2441456293819463
SKVWLFLGWF,28.176900999999997,P6,-0.11350693112765378,FALSE,PPI,MTX,no significant difference,FALSE,366,110.716641,0.25449562726528163
SKVLTFLGWF,31.233687999999997,P6,-0.0094303585714635,FALSE,PPI,MTX,no significant difference,FALSE,366,110.716641,0.282104728953979
QRRLHESPWL,108.043116,P6,0.8772833659171251,FALSE,PPI,MTX,no significant difference,FALSE,385,110.716641,0.9758525459600965
RRRLHEQPWL,91.506897,P6,0.439801420992276,FALSE,PPI,MTX,weaker,TRUE,385,110.716641,0.8264963258775164
RRYMHESPWL,103.076031,P6,0.937425060518768,FALSE,PPI,MTX,no significant difference,FALSE,385,110.716641,0.9309895068077436
SGRVWFQDWL,50.457673,P6,0.16954969392246036,FALSE,PPI,MTX,weaker,TRUE,363,110.716641,0.4557370287272353
SKVWNFLGWF,26.649010999999998,P6,0.03632353604254942,FALSE,PPI,MTX,no significant difference,FALSE,366,110.716641,0.24069562406612388
SKVWPFLGWF,27.412956,P6,0.25808617696054265,FALSE,PPI,MTX,no significant difference,FALSE,366,110.716641,0.24759562566570278
RCRLHESPWL,108.425569,P6,0.8654850114924811,FALSE,PPI,MTX,no significant difference,FALSE,385,110.716641,0.9793068866675607
RRDYHESPWL,103.07588199999999,P6,0.9333158025516554,FALSE,PPI,MTX,no significant difference,FALSE,385,110.716641,0.9309881610299214
RRRLHES*WL,NA,P6,0.3859971712453164,FALSE,PPI,MTX,weaker,TRUE,385,110.716641,NA
SKVWQFLGWF,26.267039,P6,0.12139569908195535,FALSE,PPI,MTX,no significant difference,FALSE,366,110.716641,0.23724562778236744
SKVWRFLGWF,28.558874,P6,0.03150038338843537,FALSE,PPI,MTX,no significant difference,FALSE,366,110.716641,0.25794563258110403
RRRLHESAWL,95.752521,P6,0.8441249144568646,FALSE,PPI,MTX,no significant difference,FALSE,385,110.716641,0.8648430817188538
SKVGQFLGWF,25.884975,P6,0.02592638160264351,FALSE,PPI,MTX,no significant difference,FALSE,366,110.716641,0.2337948005485463
RRRLHESCWL,95.368826,P6,0.8358492235897648,FALSE,PPI,MTX,no significant difference,FALSE,385,110.716641,0.8613775231855164
SKVWSFLGWF,27.412956,P6,-0.0478292198509676,FALSE,PPI,MTX,no significant difference,FALSE,366,110.716641,0.24759562566570278
RRRLHESEWL,95.752521,P6,0.8895126299145476,FALSE,PPI,MTX,no significant difference,FALSE,385,110.716641,0.8648430817188538
SKVLWFLGWF,30.469742999999998,P6,0.00389234272428878,FALSE,PPI,MTX,no significant difference,FALSE,366,110.716641,0.2752047273544001
RREEHESPWL,102.311903,P6,0.9255864630829684,FALSE,PPI,MTX,no significant difference,FALSE,385,110.716641,0.9240878523401013
RREFHESPWL,104.222223,P6,0.8836798018955121,FALSE,PPI,MTX,no significant difference,FALSE,385,110.716641,0.941341988509207
SGR*WFKDWL,NA,P6,0.1315683875946615,FALSE,PPI,MTX,no significant difference,FALSE,363,110.716641,NA
RRRLHESGWL,95.752521,P6,0.8300483929124132,FALSE,PPI,MTX,weaker,TRUE,385,110.716641,0.8648430817188538
RREGHESPWL,102.693967,P6,0.9168341658478888,FALSE,PPI,MTX,no significant difference,FALSE,385,110.716641,0.9275386795739224
SKVWTFLGWF,27.030984,P6,-0.0689785829166914,FALSE,PPI,MTX,no significant difference,FALSE,366,110.716641,0.2441456293819463
SKVLYFLGWF,31.997632999999997,P6,-0.07411154455473103,FALSE,PPI,MTX,no significant difference,FALSE,366,110.716641,0.28900473055355785
SKVWVFLGWF,27.030984,P6,0.03477769463221743,FALSE,PPI,MTX,no significant difference,FALSE,366,110.716641,0.2441456293819463
RRRLHESHWL,95.368826,P6,0.7452390037843238,FALSE,PPI,MTX,weaker,TRUE,385,110.716641,0.8613775231855164
RRRLHESIWL,95.368826,P6,0.8110750572184363,FALSE,PPI,MTX,no significant difference,FALSE,385,110.716641,0.8613775231855164
SGR*WFMDWL,NA,P6,0.1834515367797845,FALSE,PPI,MTX,no significant difference,FALSE,363,110.716641,NA
SKVWWFLGWF,26.267039,P6,0.07141274128756823,FALSE,PPI,MTX,no significant difference,FALSE,366,110.716641,0.23724562778236744
RRRLHESKWL,95.368826,P6,0.781925474195952,FALSE,PPI,MTX,no significant difference,FALSE,385,110.716641,0.8613775231855164
SKVM*FLGWF,NA,P6,0.16527807608576098,FALSE,PPI,MTX,no significant difference,FALSE,366,110.716641,NA
SKVWYFLGWF,27.794929,P6,0.01680618614341226,FALSE,PPI,MTX,no significant difference,FALSE,366,110.716641,0.25104563098152516
SKVY*FLGWF,NA,P6,0.1568706614129051,FALSE,PPI,MTX,no significant difference,FALSE,366,110.716641,NA
SKVYAFLGWF,26.648827999999998,P6,-0.05419569951936376,FALSE,PPI,MTX,no significant difference,FALSE,366,110.716641,0.24069397119806046
SKVRVFLFWF,27.411417,P6,-0.13016815254136907,FALSE,PPI,MTX,no significant difference,FALSE,366,110.716641,0.24758172531625125
SGRFWWSDWL,71.195673,P6,0.2260119574547948,FALSE,PPI,MTX,no significant difference,FALSE,363,110.716641,0.6430440117850035
SKVMCFLGWF,26.267039,P6,-0.2829542812960337,FALSE,PPI,MTX,no significant difference,FALSE,366,110.716641,0.23724562778236744
SGR*WFQDWL,NA,P6,0.24306210187149835,FALSE,PPI,MTX,weaker,TRUE,363,110.716641,NA
RREMHESPWL,103.076031,P6,0.9418359251430856,FALSE,PPI,MTX,no significant difference,FALSE,385,110.716641,0.9309895068077436
SGRFWYSDWL,71.195673,P6,0.4059059947147,FALSE,PPI,MTX,no significant difference,FALSE,363,110.716641,0.6430440117850035
SKVMDFLGWF,26.649010999999998,P6,0.0317714458999778,FALSE,PPI,MTX,no significant difference,FALSE,366,110.716641,0.24069562406612388
RRRLHESNWL,95.368826,P6,0.8311652961137229,FALSE,PPI,MTX,no significant difference,FALSE,385,110.716641,0.8613775231855164
SKVMEFLGWF,26.649010999999998,P6,0.00689983832364029,FALSE,PPI,MTX,no significant difference,FALSE,366,110.716641,0.24069562406612388
SKVYCFLGWF,25.502911,P6,-0.13054155934212391,FALSE,PPI,MTX,no significant difference,FALSE,366,110.716641,0.23034397331472511
RMRLHESPWL,109.18925899999999,P6,0.850684121088043,FALSE,PPI,MTX,no significant difference,FALSE,385,110.716641,0.9862045850903298
SKVYDFLGWF,25.884883,P6,-0.11204620448365224,FALSE,PPI,MTX,no significant difference,FALSE,366,110.716641,0.2337939695984816
SKVYEFLGWF,25.884883,P6,0.01506827258620328,FALSE,PPI,MTX,no significant difference,FALSE,366,110.716641,0.2337939695984816
SKVMFFLGWF,28.176900999999997,P6,0.00422867731982355,FALSE,PPI,MTX,no significant difference,FALSE,366,110.716641,0.25449562726528163
RRKKHESPWL,102.311903,P6,0.8805011852860396,FALSE,PPI,MTX,no significant difference,FALSE,385,110.716641,0.9240878523401013
SKVMGFLGWF,27.412956,P6,0.0774853334928554,FALSE,PPI,MTX,no significant difference,FALSE,366,110.716641,0.24759562566570278
SGR*WFSDWL,NA,P6,0.1693464298299827,FALSE,PPI,MTX,weaker,TRUE,363,110.716641,NA
SKVYFFLGWF,27.412772999999998,P6,-0.23155810549622308,FALSE,PPI,MTX,no significant difference,FALSE,366,110.716641,0.24759397279763934
SKVYGFLGWF,26.648827999999998,P6,-0.04892157238996265,FALSE,PPI,MTX,no significant difference,FALSE,366,110.716641,0.24069397119806046
RRRLHESPCL,91.118431,P6,0.6415511447075083,FALSE,PPI,MTX,no significant difference,FALSE,385,110.716641,0.8229876753576728
RRRLHESPDL,91.118431,P6,0.7583198973434193,FALSE,PPI,MTX,no significant difference,FALSE,385,110.716641,0.8229876753576728
SKVMIFLGWF,27.030984,P6,0.11826876203086796,FALSE,PPI,MTX,no significant difference,FALSE,366,110.716641,0.2441456293819463
RR**HESPWL,NA,P6,0.4005774219923805,FALSE,PPI,MTX,weaker,TRUE,385,110.716641,NA
SKVYHFLGWF,28.176717999999997,P6,-0.07582637639847409,FALSE,PPI,MTX,no significant difference,FALSE,366,110.716641,0.2544939743972182
SGRVWFYDWL,50.457673,P6,0.18683583557025185,FALSE,PPI,MTX,weaker,TRUE,363,110.716641,0.4557370287272353
SKVMKFLGWF,27.030984,P6,-4.288625311130368e-6,FALSE,PPI,MTX,no significant difference,FALSE,366,110.716641,0.2441456293819463
SKVYIFLGWF,26.266856,P6,-0.10056183017719592,FALSE,PPI,MTX,no significant difference,FALSE,366,110.716641,0.237243974914304
SGRKWF*DWL,NA,P6,-0.01972446874749614,FALSE,PPI,MTX,weaker,TRUE,363,110.716641,NA
RRRLHESPFL,91.118431,P6,0.6161979065318871,FALSE,PPI,MTX,no significant difference,FALSE,385,110.716641,0.8229876753576728
SKVYKFLGWF,26.266856,P6,0.00382960384907939,FALSE,PPI,MTX,no significant difference,FALSE,366,110.716641,0.237243974914304
RRRLHESPGL,91.502709,P6,0.5620836166737473,FALSE,PPI,MTX,weaker,TRUE,385,110.716641,0.8264584995854417
SKVYLFLGWF,27.412772999999998,P6,-0.07797866709046163,FALSE,PPI,MTX,no significant difference,FALSE,366,110.716641,0.24759397279763934
SGR*WFWDWL,NA,P6,0.18112636508639415,FALSE,PPI,MTX,no significant difference,FALSE,363,110.716641,NA
SGRLWFIDWL,55.042441,P6,0.07232323198829944,FALSE,PPI,MTX,weaker,TRUE,363,110.716641,0.4971469555330892
SGR*WFYDWL,NA,P6,0.18205834372143168,FALSE,PPI,MTX,weaker,TRUE,363,110.716641,NA
SKVMMFLGWF,26.267039,P6,0.02584800136360296,FALSE,PPI,MTX,no significant difference,FALSE,366,110.716641,0.23724562778236744
RRRLHESPHL,91.118431,P6,0.4781364584850478,FALSE,PPI,MTX,no significant difference,FALSE,385,110.716641,0.8229876753576728
SGRWWFCDWL,50.839737,P6,0.0901657359256461,FALSE,PPI,MTX,weaker,TRUE,363,110.716641,0.4591878559610565
SKVMNFLGWF,26.649010999999998,P6,-0.11812540436263248,FALSE,PPI,MTX,no significant difference,FALSE,366,110.716641,0.24069562406612388
SKVH*FLGWF,NA,P6,0.1317063801302472,FALSE,PPI,MTX,no significant difference,FALSE,366,110.716641,NA
SKVYMFLGWF,25.502911,P6,0.04505905304421562,FALSE,PPI,MTX,no significant difference,FALSE,366,110.716641,0.23034397331472511
SKVMPFLGWF,27.412956,P6,0.13347376892696186,FALSE,PPI,MTX,no significant difference,FALSE,366,110.716641,0.24759562566570278
SKVYNFLGWF,25.884883,P6,-0.02114774830727566,FALSE,PPI,MTX,no significant difference,FALSE,366,110.716641,0.2337939695984816
SGRWWFEDWL,50.839737,P6,0.255806682102637,FALSE,PPI,MTX,weaker,TRUE,363,110.716641,0.4591878559610565
SKVYPFLGWF,26.648827999999998,P6,0.04918416692271644,FALSE,PPI,MTX,no significant difference,FALSE,366,110.716641,0.24069397119806046
SKVMQFLGWF,26.267039,P6,-0.04777914042047148,FALSE,PPI,MTX,no significant difference,FALSE,366,110.716641,0.23724562778236744
SKVMRFLGWF,28.558874,P6,0.05750855904844267,FALSE,PPI,MTX,no significant difference,FALSE,366,110.716641,0.25794563258110403
SGRWWFFDWL,50.839737,P6,0.07757106797913906,FALSE,PPI,MTX,no significant difference,FALSE,363,110.716641,0.4591878559610565
SKVYQFLGWF,25.502911,P6,0.00500231034613629,FALSE,PPI,MTX,no significant difference,FALSE,366,110.716641,0.23034397331472511
SKVYRFLGWF,27.794746,P6,-0.07498853196958391,FALSE,PPI,MTX,no significant difference,FALSE,366,110.716641,0.25104397811346174
RRF*HESPWL,NA,P6,0.4231018605095186,FALSE,PPI,MTX,weaker,TRUE,385,110.716641,NA
RRPHHESPWL,103.45794599999999,P6,0.8749060557924011,FALSE,PPI,MTX,no significant difference,FALSE,385,110.716641,0.9344389882637425
SKVMSFLGWF,27.412956,P6,0.05384139150116555,FALSE,PPI,MTX,no significant difference,FALSE,366,110.716641,0.24759562566570278
SGRWWFIDWL,50.839737,P6,0.10938259749746648,FALSE,PPI,MTX,no significant difference,FALSE,363,110.716641,0.4591878559610565
SKVYSFLGWF,26.648827999999998,P6,-0.04162595093683376,FALSE,PPI,MTX,no significant difference,FALSE,366,110.716641,0.24069397119806046
SGRWWFKDWL,50.839737,P6,0.06575498488624477,FALSE,PPI,MTX,weaker,TRUE,363,110.716641,0.4591878559610565
RRFDHESPWL,103.075957,P6,0.9130036875987324,FALSE,PPI,MTX,no significant difference,FALSE,385,110.716641,0.9309888384348655
RRFEHESPWL,102.693893,P6,0.9146176114421152,FALSE,PPI,MTX,no significant difference,FALSE,385,110.716641,0.9275380112010444
SKVMTFLGWF,27.030984,P6,-0.00451126042327285,FALSE,PPI,MTX,no significant difference,FALSE,366,110.716641,0.2441456293819463
RRPKHESPWL,103.07588199999999,P6,0.8418623654736261,FALSE,PPI,MTX,no significant difference,FALSE,385,110.716641,0.9309881610299214
SKVYTFLGWF,26.266856,P6,-0.05401687391227688,FALSE,PPI,MTX,no significant difference,FALSE,366,110.716641,0.237243974914304
SKVMVFLGWF,27.030984,P6,-0.10245737056055494,FALSE,PPI,MTX,no significant difference,FALSE,366,110.716641,0.2441456293819463
SGRWWFMDWL,50.839737,P6,0.14262535568272014,FALSE,PPI,MTX,no significant difference,FALSE,363,110.716641,0.4591878559610565
SGRSWFQDWL,51.603865,P6,0.32127228515600337,FALSE,PPI,MTX,weaker,TRUE,363,110.716641,0.4660895104286988
SKVYVFLGWF,26.266856,P6,-0.04405128987181137,FALSE,PPI,MTX,no significant difference,FALSE,366,110.716641,0.237243974914304
SKVMWFLGWF,26.267039,P6,0.03367343583366836,FALSE,PPI,MTX,no significant difference,FALSE,366,110.716641,0.23724562778236744
SKVHNFLGWF,26.266947,P6,-0.02042223774909834,FALSE,PPI,MTX,no significant difference,FALSE,366,110.716641,0.23724479683230273
RRFHHESPWL,103.075957,P6,0.9427734906761884,FALSE,PPI,MTX,no significant difference,FALSE,385,110.716641,0.9309888384348655
SKVMYFLGWF,27.794929,P6,-0.07186000969334706,FALSE,PPI,MTX,no significant difference,FALSE,366,110.716641,0.25104563098152516
RRFIHESPWL,103.075957,P6,0.9241337656209424,FALSE,PPI,MTX,no significant difference,FALSE,385,110.716641,0.9309888384348655
SKVYWFLGWF,25.502911,P6,-0.04706081427709158,FALSE,PPI,MTX,no significant difference,FALSE,366,110.716641,0.23034397331472511
RRFKHESPWL,102.693893,P6,0.9099607565967772,FALSE,PPI,MTX,no significant difference,FALSE,385,110.716641,0.9275380112010444
SKVYYFLGWF,27.030801,P6,-0.10474546109927808,FALSE,PPI,MTX,no significant difference,FALSE,366,110.716641,0.24414397651388287
SGRWWFQDWL,50.839737,P6,0.12635110859410187,FALSE,PPI,MTX,weaker,TRUE,363,110.716641,0.4591878559610565
SKWRVFLGWF,27.795112,P6,0.0275541344805822,FALSE,PPI,MTX,no significant difference,FALSE,366,110.716641,0.25104728384958863
SGRWWFRDWL,50.839737,P6,0.04948793924449887,FALSE,PPI,MTX,weaker,TRUE,363,110.716641,0.4591878559610565
SKYRVFLGWF,27.795112,P6,0.04645829607777481,FALSE,PPI,MTX,no significant difference,FALSE,366,110.716641,0.25104728384958863
RRRLHESPVL,91.118431,P6,0.6575300666442347,FALSE,PPI,MTX,weaker,TRUE,385,110.716641,0.8229876753576728
SKVNCFLGWF,25.502911,P6,0.04509842836570756,FALSE,PPI,MTX,no significant difference,FALSE,366,110.716641,0.23034397331472511
SKVNDFLGWF,25.884883,P6,0.11243723771186367,FALSE,PPI,MTX,no significant difference,FALSE,366,110.716641,0.2337939695984816
SLRFWFSDWL,71.577518,P6,0.23577519117917753,FALSE,PPI,MTX,weaker,TRUE,363,110.716641,0.646492860996388
SGRGWFMDWL,50.457673,P6,0.2437811372995004,FALSE,PPI,MTX,weaker,TRUE,363,110.716641,0.4557370287272353
SKVNEFLGWF,25.884883,P6,-0.13381376673608197,FALSE,PPI,MTX,no significant difference,FALSE,366,110.716641,0.2337939695984816
SLVRVFLGWF,27.031420999999998,P6,-0.10190457766687776,FALSE,PPI,MTX,no significant difference,FALSE,366,110.716641,0.24414957639475351
SKVNFFLGWF,27.412772999999998,P6,0.07255079989447016,FALSE,PPI,MTX,no significant difference,FALSE,366,110.716641,0.24759397279763934
SKVNGFLGWF,26.648827999999998,P6,0.04305435483066393,FALSE,PPI,MTX,no significant difference,FALSE,366,110.716641,0.24069397119806046
SKVHYFLGWF,27.412865,P6,0.09335057501810272,FALSE,PPI,MTX,no significant difference,FALSE,366,110.716641,0.247594803747704
SKVI*FLGWF,NA,P6,0.1335571008230177,FALSE,PPI,MTX,no significant difference,FALSE,366,110.716641,NA
RRRLHESPWC,91.505876,P6,0.5853448993590143,FALSE,PPI,MTX,weaker,TRUE,385,110.716641,0.8264871041382117
RRFQHESPWL,102.693893,P6,0.90386486569419,FALSE,PPI,MTX,no significant difference,FALSE,385,110.716641,0.9275380112010444
SMRFWFSDWL,71.577518,P6,0.24749660932286863,FALSE,PPI,MTX,no significant difference,FALSE,363,110.716641,0.646492860996388
SKVNHFLGWF,28.176717999999997,P6,-0.07447424369915097,FALSE,PPI,MTX,no significant difference,FALSE,366,110.716641,0.2544939743972182
SGRWWFVDWL,50.839737,P6,0.1012093257402538,FALSE,PPI,MTX,weaker,TRUE,363,110.716641,0.4591878559610565
SMVRVFLGWF,27.031420999999998,P6,-0.11991300508331164,FALSE,PPI,MTX,no significant difference,FALSE,366,110.716641,0.24414957639475351
RRRLHESPWF,91.505876,P6,0.6416538755442239,FALSE,PPI,MTX,weaker,TRUE,385,110.716641,0.8264871041382117
SNRFWFSDWL,71.577518,P6,0.3283451951853858,FALSE,PPI,MTX,no significant difference,FALSE,363,110.716641,0.646492860996388
SKVNKFLGWF,26.266856,P6,-0.05303179523473105,FALSE,PPI,MTX,no significant difference,FALSE,366,110.716641,0.237243974914304
SKVIDFLGWF,26.266947,P6,0.07153945229550572,FALSE,PPI,MTX,no significant difference,FALSE,366,110.716641,0.23724479683230273
SNVRVFLGWF,27.031420999999998,P6,0.02124849486738614,FALSE,PPI,MTX,no significant difference,FALSE,366,110.716641,0.24414957639475351
SKVIEFLGWF,26.266947,P6,0.04106166218345193,FALSE,PPI,MTX,no significant difference,FALSE,366,110.716641,0.23724479683230273
SGRWWFYDWL,50.839737,P6,0.1326758793833701,FALSE,PPI,MTX,weaker,TRUE,363,110.716641,0.4591878559610565
SPRFWFSDWL,71.959364,P6,0.3019639067320792,FALSE,PPI,MTX,weaker,TRUE,363,110.716641,0.6499417192398386
SKVIFFLGWF,27.794837,P6,-0.21643897923387612,FALSE,PPI,MTX,no significant difference,FALSE,366,110.716641,0.2510448000314605
SKVWMFLGWF,26.267039,P6,0.06562872896904495,FALSE,PPI,MTX,no significant difference,FALSE,366,110.716641,0.23724562778236744
SKVNMFLGWF,25.502911,P6,-0.03643010027266828,FALSE,PPI,MTX,no significant difference,FALSE,366,110.716641,0.23034397331472511
SPVRVFLGWF,27.413267,P6,-0.1361498872581133,FALSE,PPI,MTX,no significant difference,FALSE,366,110.716641,0.24759843463820405
SKVNNFLGWF,25.884883,P6,-0.0068952982228517,FALSE,PPI,MTX,no significant difference,FALSE,366,110.716641,0.2337939695984816
SGRYWFCDWL,50.075609,P6,0.09947435863259256,FALSE,PPI,MTX,weaker,TRUE,363,110.716641,0.4522862014934142
SKVIHFLGWF,28.558781999999997,P6,0.02562582675682603,FALSE,PPI,MTX,no significant difference,FALSE,366,110.716641,0.25794480163103933
SKVNQFLGWF,25.502911,P6,-0.00138806933082484,FALSE,PPI,MTX,no significant difference,FALSE,366,110.716641,0.23034397331472511
SQRFWFSDWL,70.813828,P6,0.3262476417041721,FALSE,PPI,MTX,no significant difference,FALSE,363,110.716641,0.6395951625736189
RRFVHESPWL,103.075957,P6,0.9532531395604944,FALSE,PPI,MTX,no significant difference,FALSE,385,110.716641,0.9309888384348655
SKVNRFLGWF,27.794746,P6,0.1557486987792845,FALSE,PPI,MTX,no significant difference,FALSE,366,110.716641,0.25104397811346174
SGRYWFDDWL,50.075609,P6,0.3764010690800244,FALSE,PPI,MTX,no significant difference,FALSE,363,110.716641,0.4522862014934142
SQVRVFLGWF,26.267731,P6,-0.11743225459665836,FALSE,PPI,MTX,no significant difference,FALSE,366,110.716641,0.23725187797198438
SGRYWFFDWL,50.075609,P6,0.06154373123291914,FALSE,PPI,MTX,weaker,TRUE,363,110.716641,0.4522862014934142
SKVIKFLGWF,26.64892,P6,-0.03349630632360038,FALSE,PPI,MTX,no significant difference,FALSE,366,110.716641,0.24069480214812516
SRRFWFSDWL,73.1049,P6,0.3165810165311556,FALSE,PPI,MTX,no significant difference,FALSE,363,110.716641,0.6602882759060583
RRFYHESPWL,102.693893,P6,0.9303233073471378,FALSE,PPI,MTX,no significant difference,FALSE,385,110.716641,0.9275380112010444
SKVNSFLGWF,26.648827999999998,P6,-0.06304363503645949,FALSE,PPI,MTX,no significant difference,FALSE,366,110.716641,0.24069397119806046
SKVDHFLGWF,28.558781999999997,P6,0.122113349382883,FALSE,PPI,MTX,no significant difference,FALSE,366,110.716641,0.25794480163103933
SRRLHESPWL,110.716641,P6,0.8675130987511415,FALSE,PPI,MTX,no significant difference,FALSE,385,110.716641,1
SKVIMFLGWF,25.884975,P6,-0.08558851162096465,FALSE,PPI,MTX,no significant difference,FALSE,366,110.716641,0.2337948005485463
SGRYWFHDWL,50.075609,P6,0.17980854150459716,FALSE,PPI,MTX,weaker,TRUE,363,110.716641,0.4522862014934142
SGRYWFIDWL,50.075609,P6,-0.01111228716142566,FALSE,PPI,MTX,weaker,TRUE,363,110.716641,0.4522862014934142
SGRQWFWDWL,50.075609,P6,0.1647012275454331,FALSE,PPI,MTX,weaker,TRUE,363,110.716641,0.4522862014934142
SGRYWFKDWL,50.075609,P6,0.1702038083794268,FALSE,PPI,MTX,weaker,TRUE,363,110.716641,0.4522862014934142
SRVRVFLGWF,28.558803,P6,-0.11064725653195157,FALSE,PPI,MTX,no significant difference,FALSE,366,110.716641,0.2579449913044237
SKVNVFLGWF,26.266856,P6,0.04583136696749086,FALSE,PPI,MTX,no significant difference,FALSE,366,110.716641,0.237243974914304
SGRYWFLDWL,50.075609,P6,0.09008490614885604,FALSE,PPI,MTX,weaker,TRUE,363,110.716641,0.4522862014934142
SKVIQFLGWF,25.884975,P6,-0.03694697219129462,FALSE,PPI,MTX,no significant difference,FALSE,366,110.716641,0.2337948005485463
SKVNWFLGWF,25.502911,P6,-0.1507816374277648,FALSE,PPI,MTX,no significant difference,FALSE,366,110.716641,0.23034397331472511
RRW*HESPWL,NA,P6,0.4516974311629738,FALSE,PPI,MTX,weaker,TRUE,385,110.716641,NA
SGRYWFMDWL,50.075609,P6,0.1871473581868461,FALSE,PPI,MTX,no significant difference,FALSE,363,110.716641,0.4522862014934142
SKVNYFLGWF,27.030801,P6,-0.16501912030006496,FALSE,PPI,MTX,no significant difference,FALSE,366,110.716641,0.24414397651388287
SGRYWFNDWL,50.075609,P6,0.23722238223138747,FALSE,PPI,MTX,no significant difference,FALSE,363,110.716641,0.4522862014934142
SSRFWFSDWL,72.72305399999999,P6,0.34270027360712185,FALSE,PPI,MTX,no significant difference,FALSE,363,110.716641,0.6568394176626077
SKVP*FLGWF,NA,P6,0.16543361739278595,FALSE,PPI,MTX,no significant difference,FALSE,366,110.716641,NA
SSVRVFLGWF,28.176956999999998,P6,-0.09145866415488751,FALSE,PPI,MTX,no significant difference,FALSE,366,110.716641,0.2544961330609732
SKVPCFLGWF,26.267039,P6,NA,FALSE,PPI,MTX,no significant difference,FALSE,366,110.716641,0.23724562778236744
SKVDQFLGWF,25.884975,P6,0.3064039440212954,FALSE,PPI,MTX,no significant difference,FALSE,366,110.716641,0.2337948005485463
SKVPEFLGWF,26.649010999999998,P6,-0.00580820424610704,FALSE,PPI,MTX,no significant difference,FALSE,366,110.716641,0.24069562406612388
RRGFHESPWL,105.368192,P6,0.929532504003521,FALSE,PPI,MTX,no significant difference,FALSE,385,110.716641,0.9516924560599702
RRWFHESPWL,104.222223,P6,0.8959931988764498,FALSE,PPI,MTX,no significant difference,FALSE,385,110.716641,0.941341988509207
SKVRVFLGWN,27.795112,P6,-0.07447424369915097,FALSE,PPI,MTX,no significant difference,FALSE,366,110.716641,0.25104728384958863
STRFWFSDWL,70.813828,P6,0.36354085953477266,FALSE,PPI,MTX,no significant difference,FALSE,363,110.716641,0.6395951625736189
SKVPFFLGWF,28.176900999999997,P6,0.09679729523258296,FALSE,PPI,MTX,no significant difference,FALSE,366,110.716641,0.25449562726528163
STVRVFLGWF,26.267731,P6,-0.1174917798803952,FALSE,PPI,MTX,no significant difference,FALSE,366,110.716641,0.23725187797198438
SKVPGFLGWF,27.412956,P6,0.04563298041268089,FALSE,PPI,MTX,no significant difference,FALSE,366,110.716641,0.24759562566570278
SKVPLFLGWF,28.176900999999997,P6,-0.15218764630311538,FALSE,PPI,MTX,no significant difference,FALSE,366,110.716641,0.25449562726528163
SGRGWFYDWL,50.457673,P6,0.2072185889889328,FALSE,PPI,MTX,weaker,TRUE,363,110.716641,0.4557370287272353
SKVPNFLGWF,26.649010999999998,P6,NA,FALSE,PPI,MTX,no significant difference,FALSE,366,110.716641,0.24069562406612388
SKVIWFLGWF,25.884975,P6,0.00752183557053705,FALSE,PPI,MTX,no significant difference,FALSE,366,110.716641,0.2337948005485463
RRQCHESPWL,103.076031,P6,0.8995277941634078,FALSE,PPI,MTX,no significant difference,FALSE,385,110.716641,0.9309895068077436
SVRFWFSDWL,71.195673,P6,0.2973807773887668,FALSE,PPI,MTX,weaker,TRUE,363,110.716641,0.6430440117850035
RRGHHESPWL,103.839936,P6,0.9183516268042886,FALSE,PPI,MTX,no significant difference,FALSE,385,110.716641,0.9378891471246856
SGRYWFTDWL,50.459804,P6,0.19062432165579324,FALSE,PPI,MTX,weaker,TRUE,363,110.716641,0.45575627605971175
RRRLHESPWN,91.505876,P6,0.4283802560955139,FALSE,PPI,MTX,weaker,TRUE,385,110.716641,0.8264871041382117
RRRLHESPWP,91.505876,P6,0.39349735441000067,FALSE,PPI,MTX,weaker,TRUE,385,110.716641,0.8264871041382117
SVVRVFLGWF,26.649576,P6,-0.06299288251541028,FALSE,PPI,MTX,no significant difference,FALSE,366,110.716641,0.24070072718336893
SGRFWFSDNL,51.597463,P6,0.30636120041763415,FALSE,PPI,MTX,no significant difference,FALSE,363,110.716641,0.46603168714267623
SWRFWFSDWL,71.577518,P6,0.18584606284983285,FALSE,PPI,MTX,weaker,TRUE,363,110.716641,0.646492860996388
RRRLHESPWQ,91.505876,P6,0.42448466011876257,FALSE,PPI,MTX,weaker,TRUE,385,110.716641,0.8264871041382117
SWVRVFLGWF,27.031420999999998,P6,-0.08970119919152149,FALSE,PPI,MTX,no significant difference,FALSE,366,110.716641,0.24414957639475351
SKVPWFLGWF,26.267039,P6,0.07010515294650359,FALSE,PPI,MTX,no significant difference,FALSE,366,110.716641,0.23724562778236744
SGRFWFSDQL,51.597463,P6,0.27415109274989424,FALSE,PPI,MTX,no significant difference,FALSE,363,110.716641,0.46603168714267623
SYRFWFSDWL,71.577518,P6,0.1894241422873223,FALSE,PPI,MTX,no significant difference,FALSE,363,110.716641,0.646492860996388
SGRYWFYDWL,50.075609,P6,0.01873269417617668,FALSE,PPI,MTX,weaker,TRUE,363,110.716641,0.4522862014934142
SKVPYFLGWF,27.794929,P6,NA,FALSE,PPI,MTX,no significant difference,FALSE,366,110.716641,0.25104563098152516
SYVRVFLGWF,27.031420999999998,P6,-0.08401266929954361,FALSE,PPI,MTX,no significant difference,FALSE,366,110.716641,0.24414957639475351
SGSFWFSDWL,70.04970399999999,P6,0.43593139898187194,FALSE,PPI,MTX,stronger,TRUE,363,110.716641,0.6326935442342402
TGRFWFSDWL,68.522148,P6,0.40004078122781894,FALSE,PPI,MTX,no significant difference,FALSE,363,110.716641,0.6188965577451
SKVQCFLGWF,25.502911,P6,0.2434048670965258,FALSE,PPI,MTX,no significant difference,FALSE,366,110.716641,0.23034397331472511
SKVKGFLGWF,26.648827999999998,P6,0.03157084955597966,FALSE,PPI,MTX,no significant difference,FALSE,366,110.716641,0.24069397119806046
TKVRVFLGWF,25.121587,P6,-0.118536033541965,FALSE,PPI,MTX,no significant difference,FALSE,366,110.716641,0.2268998298096851
SGRMWF*DWL,NA,P6,-0.01486367860743726,FALSE,PPI,MTX,no significant difference,FALSE,363,110.716641,NA
SKVQDFLGWF,25.884883,P6,-0.02894300296936476,FALSE,PPI,MTX,no significant difference,FALSE,366,110.716641,0.2337939695984816
SKVQEFLGWF,25.884883,P6,0.13860895998362094,FALSE,PPI,MTX,no significant difference,FALSE,366,110.716641,0.2337939695984816
RRQMHESPWL,103.076031,P6,0.9470057340343176,FALSE,PPI,MTX,no significant difference,FALSE,385,110.716641,0.9309895068077436
SKVQFFLGWF,27.412772999999998,P6,0.107941008816386,FALSE,PPI,MTX,no significant difference,FALSE,366,110.716641,0.24759397279763934
TRRLHESPWL,108.043116,P6,0.8978489445423161,FALSE,PPI,MTX,no significant difference,FALSE,385,110.716641,0.9758525459600965
SKVQGFLGWF,26.648827999999998,P6,0.059504371978192,FALSE,PPI,MTX,no significant difference,FALSE,366,110.716641,0.24069397119806046
SKVKKFLGWF,26.266856,P6,0.10901762408987868,FALSE,PPI,MTX,no significant difference,FALSE,366,110.716641,0.237243974914304
SGVFWFSDWL,67.757767,P6,0.32546400862851427,FALSE,PPI,MTX,no significant difference,FALSE,363,110.716641,0.6119926181647798
SKVRVFLKWF,27.411417,P6,-0.1770102412653412,FALSE,PPI,MTX,no significant difference,FALSE,366,110.716641,0.24758172531625125
VGRFWFSDWL,68.90408,P6,0.4080115978147427,FALSE,PPI,MTX,no significant difference,FALSE,363,110.716641,0.6223461927462196
SGVRVFLGWF,26.649576,P6,-0.19562708440509988,FALSE,PPI,MTX,no significant difference,FALSE,366,110.716641,0.24070072718336893
SKVQIFLGWF,26.266856,P6,-0.06647540286492189,FALSE,PPI,MTX,no significant difference,FALSE,366,110.716641,0.237243974914304
SGRHWFMDWL,50.457673,P6,0.20661317133013488,FALSE,PPI,MTX,no significant difference,FALSE,363,110.716641,0.4557370287272353
SKVQKFLGWF,26.266856,P6,0.05698278898199473,FALSE,PPI,MTX,no significant difference,FALSE,366,110.716641,0.237243974914304
VKVRVFLGWF,25.503519,P6,-0.05141635541291516,FALSE,PPI,MTX,no significant difference,FALSE,366,110.716641,0.23034946481080473
SGRCWFFDWL,50.839737,P6,0.1424697204085495,FALSE,PPI,MTX,weaker,TRUE,363,110.716641,0.4591878559610565
RRRLHESPWY,91.505876,P6,0.536516625214363,FALSE,PPI,MTX,weaker,TRUE,385,110.716641,0.8264871041382117
SKVQLFLGWF,27.412772999999998,P6,0.086094904266139,FALSE,PPI,MTX,stronger,TRUE,366,110.716641,0.24759397279763934
SGYFWFSDWL,67.757767,P6,0.3769308949866464,FALSE,PPI,MTX,no significant difference,FALSE,363,110.716641,0.6119926181647798
SKVQMFLGWF,25.502911,P6,0.0721439678585601,FALSE,PPI,MTX,no significant difference,FALSE,366,110.716641,0.23034397331472511
SKVKPFLGWF,26.648827999999998,P6,0.25713458555916285,FALSE,PPI,MTX,no significant difference,FALSE,366,110.716641,0.24069397119806046
VRRLHESPWL,108.42504799999999,P6,0.8277450020660535,FALSE,PPI,MTX,no significant difference,FALSE,385,110.716641,0.979302180961216
RRRLHESQWL,95.368826,P6,0.8383120664237791,FALSE,PPI,MTX,no significant difference,FALSE,385,110.716641,0.8613775231855164
SHVRVFLGWF,26.649576,P6,0.06506093905379583,FALSE,PPI,MTX,no significant difference,FALSE,366,110.716641,0.24070072718336893
SKVQNFLGWF,25.884883,P6,0.09745608836204224,FALSE,PPI,MTX,no significant difference,FALSE,366,110.716641,0.2337939695984816
SGRCWFHDWL,50.839737,P6,0.1994318753854092,FALSE,PPI,MTX,no significant difference,FALSE,363,110.716641,0.4591878559610565
SKVQRFLGWF,27.794746,P6,0.01359281273385713,FALSE,PPI,MTX,no significant difference,FALSE,366,110.716641,0.25104397811346174
SGRMWFIDWL,50.839737,P6,0.15280285477492675,FALSE,PPI,MTX,weaker,TRUE,363,110.716641,0.4591878559610565
SIRFWFSDWL,71.577518,P6,0.2463467243674656,FALSE,PPI,MTX,no significant difference,FALSE,363,110.716641,0.646492860996388
SIVRVFLGWF,27.031420999999998,P6,-0.25612932381381365,FALSE,PPI,MTX,no significant difference,FALSE,366,110.716641,0.24414957639475351
WGRFWFSDWL,68.522148,P6,0.28971695576096507,FALSE,PPI,MTX,no significant difference,FALSE,363,110.716641,0.6188965577451
SGRCWFKDWL,50.839737,P6,0.20895956719487352,FALSE,PPI,MTX,no significant difference,FALSE,363,110.716641,0.4591878559610565
SGRFWFSDWE,51.984908000000004,P6,0.09847124416020792,FALSE,PPI,MTX,no significant difference,FALSE,363,110.716641,0.4695311159232152
SK*RVFLGWF,NA,P6,0.1834515367797845,FALSE,PPI,MTX,no significant difference,FALSE,366,110.716641,NA
SKVQTFLGWF,26.266856,P6,0.0675563941433707,FALSE,PPI,MTX,no significant difference,FALSE,366,110.716641,0.237243974914304
WKVRVFLGWF,25.121587,P6,-0.07056787473901456,FALSE,PPI,MTX,no significant difference,FALSE,366,110.716641,0.2268998298096851
WRRLHESPWL,108.043116,P6,0.854700348241533,FALSE,PPI,MTX,no significant difference,FALSE,385,110.716641,0.9758525459600965
SKVENFLGWF,25.884883,P6,0.04524168921930646,FALSE,PPI,MTX,no significant difference,FALSE,366,110.716641,0.2337939695984816
YGRFWFSDWL,68.90408,P6,0.37365518131300823,FALSE,PPI,MTX,no significant difference,FALSE,363,110.716641,0.6223461927462196
RRRLHESSWL,95.368826,P6,0.7877350881781738,FALSE,PPI,MTX,weaker,TRUE,385,110.716641,0.8613775231855164
SKVQVFLGWF,26.266856,P6,0.05987639543240498,FALSE,PPI,MTX,no significant difference,FALSE,366,110.716641,0.237243974914304
SKARVFLGWF,28.177101999999998,P6,-0.06605421504240457,FALSE,PPI,MTX,no significant difference,FALSE,366,110.716641,0.25449744271053165
SGRMWFMDWL,50.839737,P6,0.2088948369514691,FALSE,PPI,MTX,no significant difference,FALSE,363,110.716641,0.4591878559610565
SKCRVFLGWF,27.795112,P6,0.14416612082352617,FALSE,PPI,MTX,no significant difference,FALSE,366,110.716641,0.25104728384958863
YKVRVFLGWF,25.503519,P6,-0.07199928772547923,FALSE,PPI,MTX,no significant difference,FALSE,366,110.716641,0.23034946481080473
SGRCWFMDWL,50.839737,P6,0.1425771696717684,FALSE,PPI,MTX,weaker,TRUE,363,110.716641,0.4591878559610565
RRYDHESPWL,102.693967,P6,0.9122611098375184,FALSE,PPI,MTX,no significant difference,FALSE,385,110.716641,0.9275386795739224
SGRMWFNDWL,50.839737,P6,0.2676049637281688,FALSE,PPI,MTX,weaker,TRUE,363,110.716641,0.4591878559610565
YRRLHESPWL,108.42504799999999,P6,0.862763631274509,FALSE,PPI,MTX,no significant difference,FALSE,385,110.716641,0.979302180961216
SKDRVFLGWF,28.559091,P6,0.08514081844209619,FALSE,PPI,MTX,no significant difference,FALSE,366,110.716641,0.2579475925394088
